ISO-10303-21;
HEADER;
/* Generated by software containing ST-Developer
 * from STEP Tools, Inc. (www.steptools.com) 
 */

FILE_DESCRIPTION(
/* description */ (''),
/* implementation_level */ '2;1');

FILE_NAME(
/* name */ 'magnet carousel position sensor trigger.step',
/* time_stamp */ '2026-10-04T13:11:17-05:00',
/* author */ (''),
/* organization */ (''),
/* preprocessor_version */ 'ST-DEVELOPER v20.1',
/* originating_system */ 'Autodesk Translation Framework v15.8.0.0',
/* authorisation */ '');

FILE_SCHEMA (('AUTOMOTIVE_DESIGN { 1 0 10303 214 3 1 1 }'));
ENDSEC;

DATA;
#10=MECHANICAL_DESIGN_GEOMETRIC_PRESENTATION_REPRESENTATION('',(#13),#2578);
#11=SHAPE_REPRESENTATION_RELATIONSHIP('SRR','None',#2585,#12);
#12=ADVANCED_BREP_SHAPE_REPRESENTATION('',(#14),#2577);
#13=STYLED_ITEM('',(#2594),#14);
#14=MANIFOLD_SOLID_BREP('Body1',#1457);
#15=CONICAL_SURFACE('',#1549,1.715,0.78539816339745);
#16=B_SPLINE_CURVE_WITH_KNOTS('',3,(#2295,#2296,#2297,#2298,#2299,#2300,
#2301,#2302,#2303,#2304),.UNSPECIFIED.,.F.,.F.,(4,2,2,2,4),(0.319539842343928,
0.390917769407359,0.463402142132142,0.535886514856926,0.607264441920357),
 .UNSPECIFIED.);
#17=B_SPLINE_CURVE_WITH_KNOTS('',3,(#2361,#2362,#2363,#2364,#2365,#2366,
#2367,#2368,#2369,#2370),.UNSPECIFIED.,.F.,.F.,(4,2,2,2,4),(0.319539842343928,
0.390917769407359,0.463402142132142,0.535886514856925,0.607264441920357),
 .UNSPECIFIED.);
#18=ELLIPSE('',#1505,3.16227766016838,1.);
#19=ELLIPSE('',#1506,3.16227766016838,1.);
#20=ELLIPSE('',#1513,3.16227766016838,1.);
#21=ELLIPSE('',#1514,3.16227766016838,1.);
#22=ELLIPSE('',#1523,3.16227766016838,1.);
#23=ELLIPSE('',#1524,3.16227766016838,1.);
#24=ELLIPSE('',#1533,3.16227766016838,1.);
#25=ELLIPSE('',#1534,3.16227766016838,1.);
#26=ELLIPSE('',#1540,1.63299316185549,1.);
#27=ELLIPSE('',#1541,1.63299316185542,1.);
#28=ELLIPSE('',#1545,1.63299316185641,1.);
#29=ELLIPSE('',#1546,1.63299316185459,1.);
#30=B_SPLINE_SURFACE_WITH_KNOTS('',3,3,((#2166,#2167,#2168,#2169,#2170,
#2171),(#2172,#2173,#2174,#2175,#2176,#2177),(#2178,#2179,#2180,#2181,#2182,
#2183),(#2184,#2185,#2186,#2187,#2188,#2189),(#2190,#2191,#2192,#2193,#2194,
#2195)),.UNSPECIFIED.,.F.,.F.,.F.,(4,1,4),(4,1,1,4),(0.,0.571428571428571,
1.),(1.38777878078145E-16,0.448798950512828,0.897597901025655,1.5707963267949),
 .UNSPECIFIED.);
#31=B_SPLINE_SURFACE_WITH_KNOTS('',3,3,((#2207,#2208,#2209,#2210,#2211,
#2212),(#2213,#2214,#2215,#2216,#2217,#2218),(#2219,#2220,#2221,#2222,#2223,
#2224),(#2225,#2226,#2227,#2228,#2229,#2230),(#2231,#2232,#2233,#2234,#2235,
#2236)),.UNSPECIFIED.,.F.,.F.,.F.,(4,1,4),(4,1,1,4),(0.,0.571428571428571,
1.),(-1.5707963267949,-0.897597901025655,-0.448798950512828,-1.11022302462516E-16),
 .UNSPECIFIED.);
#32=B_SPLINE_SURFACE_WITH_KNOTS('',3,3,((#2260,#2261,#2262,#2263,#2264,
#2265),(#2266,#2267,#2268,#2269,#2270,#2271),(#2272,#2273,#2274,#2275,#2276,
#2277),(#2278,#2279,#2280,#2281,#2282,#2283),(#2284,#2285,#2286,#2287,#2288,
#2289)),.UNSPECIFIED.,.F.,.F.,.F.,(4,1,4),(4,1,1,4),(0.,0.571428571428571,
1.),(1.29526019539602E-16,0.448798950512828,0.897597901025655,1.5707963267949),
 .UNSPECIFIED.);
#33=B_SPLINE_SURFACE_WITH_KNOTS('',3,3,((#2323,#2324,#2325,#2326,#2327,
#2328),(#2329,#2330,#2331,#2332,#2333,#2334),(#2335,#2336,#2337,#2338,#2339,
#2340),(#2341,#2342,#2343,#2344,#2345,#2346),(#2347,#2348,#2349,#2350,#2351,
#2352)),.UNSPECIFIED.,.F.,.F.,.F.,(4,1,4),(4,1,1,4),(0.,0.571428571428571,
1.),(1.29526019539602E-16,0.448798950512828,0.897597901025655,1.5707963267949),
 .UNSPECIFIED.);
#34=TOROIDAL_SURFACE('',#1498,3.,2.);
#35=TOROIDAL_SURFACE('',#1507,3.,2.);
#36=TOROIDAL_SURFACE('',#1516,3.,2.);
#37=TOROIDAL_SURFACE('',#1526,3.,2.);
#38=FACE_BOUND('',#188,.T.);
#39=FACE_BOUND('',#189,.T.);
#40=FACE_BOUND('',#190,.T.);
#41=FACE_BOUND('',#194,.T.);
#42=FACE_BOUND('',#195,.T.);
#43=FACE_BOUND('',#258,.T.);
#44=FACE_BOUND('',#263,.T.);
#45=FACE_BOUND('',#268,.T.);
#46=PLANE('',#1474);
#47=PLANE('',#1475);
#48=PLANE('',#1486);
#49=PLANE('',#1487);
#50=PLANE('',#1493);
#51=PLANE('',#1496);
#52=PLANE('',#1538);
#53=PLANE('',#1543);
#54=PLANE('',#1547);
#55=PLANE('',#1554);
#56=PLANE('',#1555);
#57=PLANE('',#1556);
#58=PLANE('',#1557);
#59=PLANE('',#1558);
#60=PLANE('',#1559);
#61=PLANE('',#1560);
#62=PLANE('',#1561);
#63=PLANE('',#1562);
#64=PLANE('',#1563);
#65=PLANE('',#1564);
#66=PLANE('',#1565);
#67=PLANE('',#1566);
#68=PLANE('',#1567);
#69=PLANE('',#1568);
#70=PLANE('',#1569);
#71=PLANE('',#1570);
#72=PLANE('',#1571);
#73=PLANE('',#1572);
#74=PLANE('',#1573);
#75=PLANE('',#1574);
#76=PLANE('',#1575);
#77=PLANE('',#1576);
#78=PLANE('',#1577);
#79=PLANE('',#1578);
#80=PLANE('',#1579);
#81=PLANE('',#1580);
#82=PLANE('',#1581);
#83=PLANE('',#1582);
#84=PLANE('',#1583);
#85=PLANE('',#1584);
#86=PLANE('',#1585);
#87=PLANE('',#1587);
#88=PLANE('',#1588);
#89=PLANE('',#1589);
#90=PLANE('',#1590);
#91=PLANE('',#1592);
#92=PLANE('',#1593);
#93=PLANE('',#1594);
#94=PLANE('',#1595);
#95=PLANE('',#1599);
#96=PLANE('',#1600);
#97=PLANE('',#1601);
#98=PLANE('',#1602);
#99=PLANE('',#1603);
#100=FACE_OUTER_BOUND('',#185,.T.);
#101=FACE_OUTER_BOUND('',#186,.T.);
#102=FACE_OUTER_BOUND('',#187,.T.);
#103=FACE_OUTER_BOUND('',#191,.T.);
#104=FACE_OUTER_BOUND('',#192,.T.);
#105=FACE_OUTER_BOUND('',#193,.T.);
#106=FACE_OUTER_BOUND('',#196,.T.);
#107=FACE_OUTER_BOUND('',#197,.T.);
#108=FACE_OUTER_BOUND('',#198,.T.);
#109=FACE_OUTER_BOUND('',#199,.T.);
#110=FACE_OUTER_BOUND('',#200,.T.);
#111=FACE_OUTER_BOUND('',#201,.T.);
#112=FACE_OUTER_BOUND('',#202,.T.);
#113=FACE_OUTER_BOUND('',#203,.T.);
#114=FACE_OUTER_BOUND('',#204,.T.);
#115=FACE_OUTER_BOUND('',#205,.T.);
#116=FACE_OUTER_BOUND('',#206,.T.);
#117=FACE_OUTER_BOUND('',#207,.T.);
#118=FACE_OUTER_BOUND('',#208,.T.);
#119=FACE_OUTER_BOUND('',#209,.T.);
#120=FACE_OUTER_BOUND('',#210,.T.);
#121=FACE_OUTER_BOUND('',#211,.T.);
#122=FACE_OUTER_BOUND('',#212,.T.);
#123=FACE_OUTER_BOUND('',#213,.T.);
#124=FACE_OUTER_BOUND('',#214,.T.);
#125=FACE_OUTER_BOUND('',#215,.T.);
#126=FACE_OUTER_BOUND('',#216,.T.);
#127=FACE_OUTER_BOUND('',#217,.T.);
#128=FACE_OUTER_BOUND('',#218,.T.);
#129=FACE_OUTER_BOUND('',#219,.T.);
#130=FACE_OUTER_BOUND('',#220,.T.);
#131=FACE_OUTER_BOUND('',#221,.T.);
#132=FACE_OUTER_BOUND('',#222,.T.);
#133=FACE_OUTER_BOUND('',#223,.T.);
#134=FACE_OUTER_BOUND('',#224,.T.);
#135=FACE_OUTER_BOUND('',#225,.T.);
#136=FACE_OUTER_BOUND('',#226,.T.);
#137=FACE_OUTER_BOUND('',#227,.T.);
#138=FACE_OUTER_BOUND('',#228,.T.);
#139=FACE_OUTER_BOUND('',#229,.T.);
#140=FACE_OUTER_BOUND('',#230,.T.);
#141=FACE_OUTER_BOUND('',#231,.T.);
#142=FACE_OUTER_BOUND('',#232,.T.);
#143=FACE_OUTER_BOUND('',#233,.T.);
#144=FACE_OUTER_BOUND('',#234,.T.);
#145=FACE_OUTER_BOUND('',#235,.T.);
#146=FACE_OUTER_BOUND('',#236,.T.);
#147=FACE_OUTER_BOUND('',#237,.T.);
#148=FACE_OUTER_BOUND('',#238,.T.);
#149=FACE_OUTER_BOUND('',#239,.T.);
#150=FACE_OUTER_BOUND('',#240,.T.);
#151=FACE_OUTER_BOUND('',#241,.T.);
#152=FACE_OUTER_BOUND('',#242,.T.);
#153=FACE_OUTER_BOUND('',#243,.T.);
#154=FACE_OUTER_BOUND('',#244,.T.);
#155=FACE_OUTER_BOUND('',#245,.T.);
#156=FACE_OUTER_BOUND('',#246,.T.);
#157=FACE_OUTER_BOUND('',#247,.T.);
#158=FACE_OUTER_BOUND('',#248,.T.);
#159=FACE_OUTER_BOUND('',#249,.T.);
#160=FACE_OUTER_BOUND('',#250,.T.);
#161=FACE_OUTER_BOUND('',#251,.T.);
#162=FACE_OUTER_BOUND('',#252,.T.);
#163=FACE_OUTER_BOUND('',#253,.T.);
#164=FACE_OUTER_BOUND('',#254,.T.);
#165=FACE_OUTER_BOUND('',#255,.T.);
#166=FACE_OUTER_BOUND('',#256,.T.);
#167=FACE_OUTER_BOUND('',#257,.T.);
#168=FACE_OUTER_BOUND('',#259,.T.);
#169=FACE_OUTER_BOUND('',#260,.T.);
#170=FACE_OUTER_BOUND('',#261,.T.);
#171=FACE_OUTER_BOUND('',#262,.T.);
#172=FACE_OUTER_BOUND('',#264,.T.);
#173=FACE_OUTER_BOUND('',#265,.T.);
#174=FACE_OUTER_BOUND('',#266,.T.);
#175=FACE_OUTER_BOUND('',#267,.T.);
#176=FACE_OUTER_BOUND('',#269,.T.);
#177=FACE_OUTER_BOUND('',#270,.T.);
#178=FACE_OUTER_BOUND('',#271,.T.);
#179=FACE_OUTER_BOUND('',#272,.T.);
#180=FACE_OUTER_BOUND('',#273,.T.);
#181=FACE_OUTER_BOUND('',#274,.T.);
#182=FACE_OUTER_BOUND('',#275,.T.);
#183=FACE_OUTER_BOUND('',#276,.T.);
#184=FACE_OUTER_BOUND('',#277,.T.);
#185=EDGE_LOOP('',(#942,#943,#944,#945));
#186=EDGE_LOOP('',(#946,#947,#948,#949));
#187=EDGE_LOOP('',(#950,#951,#952,#953,#954,#955,#956,#957,#958,#959,#960,
#961));
#188=EDGE_LOOP('',(#962));
#189=EDGE_LOOP('',(#963));
#190=EDGE_LOOP('',(#964));
#191=EDGE_LOOP('',(#965,#966,#967,#968));
#192=EDGE_LOOP('',(#969,#970,#971,#972));
#193=EDGE_LOOP('',(#973,#974,#975,#976,#977,#978,#979,#980,#981,#982,#983,
#984));
#194=EDGE_LOOP('',(#985,#986,#987,#988,#989,#990,#991,#992,#993,#994,#995,
#996,#997,#998,#999,#1000));
#195=EDGE_LOOP('',(#1001,#1002,#1003,#1004,#1005,#1006));
#196=EDGE_LOOP('',(#1007,#1008,#1009,#1010));
#197=EDGE_LOOP('',(#1011,#1012,#1013,#1014));
#198=EDGE_LOOP('',(#1015,#1016,#1017,#1018));
#199=EDGE_LOOP('',(#1019,#1020,#1021,#1022));
#200=EDGE_LOOP('',(#1023,#1024,#1025,#1026));
#201=EDGE_LOOP('',(#1027,#1028,#1029,#1030));
#202=EDGE_LOOP('',(#1031,#1032,#1033,#1034));
#203=EDGE_LOOP('',(#1035,#1036,#1037,#1038));
#204=EDGE_LOOP('',(#1039,#1040,#1041));
#205=EDGE_LOOP('',(#1042,#1043,#1044,#1045));
#206=EDGE_LOOP('',(#1046,#1047,#1048));
#207=EDGE_LOOP('',(#1049,#1050,#1051,#1052));
#208=EDGE_LOOP('',(#1053,#1054,#1055,#1056));
#209=EDGE_LOOP('',(#1057,#1058,#1059,#1060));
#210=EDGE_LOOP('',(#1061,#1062,#1063));
#211=EDGE_LOOP('',(#1064,#1065,#1066,#1067,#1068,#1069));
#212=EDGE_LOOP('',(#1070,#1071,#1072,#1073));
#213=EDGE_LOOP('',(#1074,#1075,#1076,#1077));
#214=EDGE_LOOP('',(#1078,#1079,#1080));
#215=EDGE_LOOP('',(#1081,#1082,#1083,#1084));
#216=EDGE_LOOP('',(#1085,#1086,#1087,#1088,#1089,#1090));
#217=EDGE_LOOP('',(#1091,#1092,#1093,#1094));
#218=EDGE_LOOP('',(#1095,#1096,#1097,#1098,#1099,#1100));
#219=EDGE_LOOP('',(#1101,#1102,#1103,#1104,#1105,#1106,#1107,#1108));
#220=EDGE_LOOP('',(#1109,#1110,#1111,#1112));
#221=EDGE_LOOP('',(#1113,#1114,#1115,#1116));
#222=EDGE_LOOP('',(#1117,#1118,#1119,#1120,#1121,#1122,#1123,#1124));
#223=EDGE_LOOP('',(#1125,#1126,#1127,#1128));
#224=EDGE_LOOP('',(#1129,#1130,#1131,#1132,#1133,#1134,#1135,#1136));
#225=EDGE_LOOP('',(#1137,#1138,#1139,#1140));
#226=EDGE_LOOP('',(#1141,#1142,#1143,#1144,#1145,#1146));
#227=EDGE_LOOP('',(#1147,#1148,#1149,#1150));
#228=EDGE_LOOP('',(#1151,#1152,#1153,#1154));
#229=EDGE_LOOP('',(#1155,#1156,#1157,#1158));
#230=EDGE_LOOP('',(#1159,#1160,#1161,#1162));
#231=EDGE_LOOP('',(#1163,#1164,#1165,#1166));
#232=EDGE_LOOP('',(#1167,#1168,#1169,#1170));
#233=EDGE_LOOP('',(#1171,#1172,#1173,#1174));
#234=EDGE_LOOP('',(#1175,#1176,#1177,#1178));
#235=EDGE_LOOP('',(#1179,#1180,#1181,#1182));
#236=EDGE_LOOP('',(#1183,#1184,#1185,#1186));
#237=EDGE_LOOP('',(#1187,#1188,#1189,#1190,#1191));
#238=EDGE_LOOP('',(#1192,#1193,#1194,#1195));
#239=EDGE_LOOP('',(#1196,#1197,#1198,#1199));
#240=EDGE_LOOP('',(#1200,#1201,#1202,#1203,#1204));
#241=EDGE_LOOP('',(#1205,#1206,#1207,#1208));
#242=EDGE_LOOP('',(#1209,#1210,#1211,#1212));
#243=EDGE_LOOP('',(#1213,#1214,#1215,#1216));
#244=EDGE_LOOP('',(#1217,#1218,#1219,#1220));
#245=EDGE_LOOP('',(#1221,#1222,#1223,#1224));
#246=EDGE_LOOP('',(#1225,#1226,#1227,#1228));
#247=EDGE_LOOP('',(#1229,#1230,#1231,#1232,#1233));
#248=EDGE_LOOP('',(#1234,#1235,#1236,#1237));
#249=EDGE_LOOP('',(#1238,#1239,#1240,#1241,#1242));
#250=EDGE_LOOP('',(#1243,#1244,#1245,#1246));
#251=EDGE_LOOP('',(#1247,#1248,#1249,#1250));
#252=EDGE_LOOP('',(#1251,#1252,#1253,#1254));
#253=EDGE_LOOP('',(#1255,#1256,#1257,#1258));
#254=EDGE_LOOP('',(#1259,#1260,#1261,#1262));
#255=EDGE_LOOP('',(#1263,#1264,#1265,#1266));
#256=EDGE_LOOP('',(#1267,#1268,#1269,#1270));
#257=EDGE_LOOP('',(#1271,#1272,#1273,#1274,#1275,#1276));
#258=EDGE_LOOP('',(#1277));
#259=EDGE_LOOP('',(#1278,#1279,#1280,#1281));
#260=EDGE_LOOP('',(#1282,#1283,#1284,#1285));
#261=EDGE_LOOP('',(#1286,#1287,#1288,#1289));
#262=EDGE_LOOP('',(#1290,#1291,#1292,#1293,#1294,#1295));
#263=EDGE_LOOP('',(#1296));
#264=EDGE_LOOP('',(#1297,#1298,#1299,#1300));
#265=EDGE_LOOP('',(#1301,#1302,#1303,#1304));
#266=EDGE_LOOP('',(#1305,#1306,#1307,#1308));
#267=EDGE_LOOP('',(#1309,#1310,#1311,#1312,#1313,#1314));
#268=EDGE_LOOP('',(#1315));
#269=EDGE_LOOP('',(#1316,#1317,#1318,#1319));
#270=EDGE_LOOP('',(#1320,#1321,#1322,#1323,#1324));
#271=EDGE_LOOP('',(#1325));
#272=EDGE_LOOP('',(#1326,#1327,#1328,#1329));
#273=EDGE_LOOP('',(#1330,#1331,#1332,#1333));
#274=EDGE_LOOP('',(#1334,#1335,#1336,#1337));
#275=EDGE_LOOP('',(#1338,#1339,#1340,#1341));
#276=EDGE_LOOP('',(#1342,#1343,#1344,#1345));
#277=EDGE_LOOP('',(#1346,#1347,#1348,#1349));
#278=LINE('',#2034,#425);
#279=LINE('',#2037,#426);
#280=LINE('',#2040,#427);
#281=LINE('',#2042,#428);
#282=LINE('',#2043,#429);
#283=LINE('',#2046,#430);
#284=LINE('',#2050,#431);
#285=LINE('',#2054,#432);
#286=LINE('',#2058,#433);
#287=LINE('',#2062,#434);
#288=LINE('',#2074,#435);
#289=LINE('',#2075,#436);
#290=LINE('',#2078,#437);
#291=LINE('',#2079,#438);
#292=LINE('',#2084,#439);
#293=LINE('',#2088,#440);
#294=LINE('',#2092,#441);
#295=LINE('',#2094,#442);
#296=LINE('',#2097,#443);
#297=LINE('',#2099,#444);
#298=LINE('',#2101,#445);
#299=LINE('',#2103,#446);
#300=LINE('',#2105,#447);
#301=LINE('',#2107,#448);
#302=LINE('',#2109,#449);
#303=LINE('',#2111,#450);
#304=LINE('',#2113,#451);
#305=LINE('',#2115,#452);
#306=LINE('',#2117,#453);
#307=LINE('',#2119,#454);
#308=LINE('',#2121,#455);
#309=LINE('',#2123,#456);
#310=LINE('',#2125,#457);
#311=LINE('',#2126,#458);
#312=LINE('',#2129,#459);
#313=LINE('',#2131,#460);
#314=LINE('',#2133,#461);
#315=LINE('',#2135,#462);
#316=LINE('',#2137,#463);
#317=LINE('',#2138,#464);
#318=LINE('',#2140,#465);
#319=LINE('',#2142,#466);
#320=LINE('',#2144,#467);
#321=LINE('',#2146,#468);
#322=LINE('',#2148,#469);
#323=LINE('',#2150,#470);
#324=LINE('',#2164,#471);
#325=LINE('',#2165,#472);
#326=LINE('',#2243,#473);
#327=LINE('',#2244,#474);
#328=LINE('',#2258,#475);
#329=LINE('',#2259,#476);
#330=LINE('',#2305,#477);
#331=LINE('',#2306,#478);
#332=LINE('',#2307,#479);
#333=LINE('',#2321,#480);
#334=LINE('',#2322,#481);
#335=LINE('',#2356,#482);
#336=LINE('',#2357,#483);
#337=LINE('',#2371,#484);
#338=LINE('',#2372,#485);
#339=LINE('',#2373,#486);
#340=LINE('',#2375,#487);
#341=LINE('',#2376,#488);
#342=LINE('',#2378,#489);
#343=LINE('',#2383,#490);
#344=LINE('',#2385,#491);
#345=LINE('',#2388,#492);
#346=LINE('',#2393,#493);
#347=LINE('',#2401,#494);
#348=LINE('',#2405,#495);
#349=LINE('',#2409,#496);
#350=LINE('',#2411,#497);
#351=LINE('',#2412,#498);
#352=LINE('',#2415,#499);
#353=LINE('',#2416,#500);
#354=LINE('',#2419,#501);
#355=LINE('',#2420,#502);
#356=LINE('',#2424,#503);
#357=LINE('',#2425,#504);
#358=LINE('',#2426,#505);
#359=LINE('',#2428,#506);
#360=LINE('',#2430,#507);
#361=LINE('',#2433,#508);
#362=LINE('',#2435,#509);
#363=LINE('',#2436,#510);
#364=LINE('',#2439,#511);
#365=LINE('',#2440,#512);
#366=LINE('',#2443,#513);
#367=LINE('',#2444,#514);
#368=LINE('',#2447,#515);
#369=LINE('',#2449,#516);
#370=LINE('',#2450,#517);
#371=LINE('',#2453,#518);
#372=LINE('',#2454,#519);
#373=LINE('',#2457,#520);
#374=LINE('',#2458,#521);
#375=LINE('',#2461,#522);
#376=LINE('',#2462,#523);
#377=LINE('',#2465,#524);
#378=LINE('',#2466,#525);
#379=LINE('',#2468,#526);
#380=LINE('',#2471,#527);
#381=LINE('',#2473,#528);
#382=LINE('',#2474,#529);
#383=LINE('',#2477,#530);
#384=LINE('',#2478,#531);
#385=LINE('',#2481,#532);
#386=LINE('',#2482,#533);
#387=LINE('',#2485,#534);
#388=LINE('',#2487,#535);
#389=LINE('',#2488,#536);
#390=LINE('',#2491,#537);
#391=LINE('',#2492,#538);
#392=LINE('',#2495,#539);
#393=LINE('',#2496,#540);
#394=LINE('',#2499,#541);
#395=LINE('',#2500,#542);
#396=LINE('',#2503,#543);
#397=LINE('',#2504,#544);
#398=LINE('',#2506,#545);
#399=LINE('',#2509,#546);
#400=LINE('',#2511,#547);
#401=LINE('',#2512,#548);
#402=LINE('',#2515,#549);
#403=LINE('',#2516,#550);
#404=LINE('',#2519,#551);
#405=LINE('',#2520,#552);
#406=LINE('',#2523,#553);
#407=LINE('',#2524,#554);
#408=LINE('',#2527,#555);
#409=LINE('',#2528,#556);
#410=LINE('',#2530,#557);
#411=LINE('',#2536,#558);
#412=LINE('',#2537,#559);
#413=LINE('',#2540,#560);
#414=LINE('',#2541,#561);
#415=LINE('',#2543,#562);
#416=LINE('',#2549,#563);
#417=LINE('',#2550,#564);
#418=LINE('',#2553,#565);
#419=LINE('',#2554,#566);
#420=LINE('',#2556,#567);
#421=LINE('',#2562,#568);
#422=LINE('',#2570,#569);
#423=LINE('',#2572,#570);
#424=LINE('',#2574,#571);
#425=VECTOR('',#1613,10.);
#426=VECTOR('',#1616,10.);
#427=VECTOR('',#1619,10.);
#428=VECTOR('',#1620,10.);
#429=VECTOR('',#1621,10.);
#430=VECTOR('',#1624,10.);
#431=VECTOR('',#1627,10.);
#432=VECTOR('',#1630,10.);
#433=VECTOR('',#1633,10.);
#434=VECTOR('',#1636,10.);
#435=VECTOR('',#1649,10.);
#436=VECTOR('',#1650,10.);
#437=VECTOR('',#1653,10.);
#438=VECTOR('',#1654,10.);
#439=VECTOR('',#1659,10.);
#440=VECTOR('',#1662,10.);
#441=VECTOR('',#1665,10.);
#442=VECTOR('',#1668,10.);
#443=VECTOR('',#1669,10.);
#444=VECTOR('',#1670,10.);
#445=VECTOR('',#1671,10.);
#446=VECTOR('',#1672,10.);
#447=VECTOR('',#1673,10.);
#448=VECTOR('',#1674,10.);
#449=VECTOR('',#1675,10.);
#450=VECTOR('',#1676,10.);
#451=VECTOR('',#1677,10.);
#452=VECTOR('',#1678,10.);
#453=VECTOR('',#1679,10.);
#454=VECTOR('',#1680,10.);
#455=VECTOR('',#1681,10.);
#456=VECTOR('',#1682,10.);
#457=VECTOR('',#1683,10.);
#458=VECTOR('',#1684,10.);
#459=VECTOR('',#1685,10.);
#460=VECTOR('',#1686,10.);
#461=VECTOR('',#1687,10.);
#462=VECTOR('',#1688,10.);
#463=VECTOR('',#1689,10.);
#464=VECTOR('',#1690,10.);
#465=VECTOR('',#1693,10.);
#466=VECTOR('',#1696,10.);
#467=VECTOR('',#1699,10.);
#468=VECTOR('',#1702,10.);
#469=VECTOR('',#1705,10.);
#470=VECTOR('',#1708,10.);
#471=VECTOR('',#1723,10.);
#472=VECTOR('',#1724,10.);
#473=VECTOR('',#1747,10.);
#474=VECTOR('',#1748,10.);
#475=VECTOR('',#1763,10.);
#476=VECTOR('',#1764,10.);
#477=VECTOR('',#1771,10.);
#478=VECTOR('',#1772,10.);
#479=VECTOR('',#1773,10.);
#480=VECTOR('',#1788,10.);
#481=VECTOR('',#1789,10.);
#482=VECTOR('',#1796,10.);
#483=VECTOR('',#1797,10.);
#484=VECTOR('',#1800,10.);
#485=VECTOR('',#1801,10.);
#486=VECTOR('',#1802,10.);
#487=VECTOR('',#1805,10.);
#488=VECTOR('',#1806,10.);
#489=VECTOR('',#1809,10.);
#490=VECTOR('',#1814,10.);
#491=VECTOR('',#1817,10.);
#492=VECTOR('',#1822,10.);
#493=VECTOR('',#1827,10.);
#494=VECTOR('',#1838,1.715);
#495=VECTOR('',#1845,10.);
#496=VECTOR('',#1850,10.);
#497=VECTOR('',#1851,10.);
#498=VECTOR('',#1852,10.);
#499=VECTOR('',#1855,10.);
#500=VECTOR('',#1856,10.);
#501=VECTOR('',#1859,10.);
#502=VECTOR('',#1860,10.);
#503=VECTOR('',#1863,10.);
#504=VECTOR('',#1864,10.);
#505=VECTOR('',#1865,10.);
#506=VECTOR('',#1868,10.);
#507=VECTOR('',#1871,10.);
#508=VECTOR('',#1874,10.);
#509=VECTOR('',#1875,10.);
#510=VECTOR('',#1876,10.);
#511=VECTOR('',#1879,10.);
#512=VECTOR('',#1880,10.);
#513=VECTOR('',#1883,10.);
#514=VECTOR('',#1884,10.);
#515=VECTOR('',#1887,10.);
#516=VECTOR('',#1888,10.);
#517=VECTOR('',#1889,10.);
#518=VECTOR('',#1892,10.);
#519=VECTOR('',#1893,10.);
#520=VECTOR('',#1896,10.);
#521=VECTOR('',#1897,10.);
#522=VECTOR('',#1900,10.);
#523=VECTOR('',#1901,10.);
#524=VECTOR('',#1904,10.);
#525=VECTOR('',#1905,10.);
#526=VECTOR('',#1908,10.);
#527=VECTOR('',#1911,10.);
#528=VECTOR('',#1912,10.);
#529=VECTOR('',#1913,10.);
#530=VECTOR('',#1916,10.);
#531=VECTOR('',#1917,10.);
#532=VECTOR('',#1920,10.);
#533=VECTOR('',#1921,10.);
#534=VECTOR('',#1924,10.);
#535=VECTOR('',#1925,10.);
#536=VECTOR('',#1926,10.);
#537=VECTOR('',#1929,10.);
#538=VECTOR('',#1930,10.);
#539=VECTOR('',#1933,10.);
#540=VECTOR('',#1934,10.);
#541=VECTOR('',#1937,10.);
#542=VECTOR('',#1938,10.);
#543=VECTOR('',#1941,10.);
#544=VECTOR('',#1942,10.);
#545=VECTOR('',#1945,10.);
#546=VECTOR('',#1948,10.);
#547=VECTOR('',#1949,10.);
#548=VECTOR('',#1950,10.);
#549=VECTOR('',#1953,10.);
#550=VECTOR('',#1954,10.);
#551=VECTOR('',#1957,10.);
#552=VECTOR('',#1958,10.);
#553=VECTOR('',#1961,10.);
#554=VECTOR('',#1962,10.);
#555=VECTOR('',#1965,10.);
#556=VECTOR('',#1966,10.);
#557=VECTOR('',#1969,10.);
#558=VECTOR('',#1976,10.);
#559=VECTOR('',#1977,10.);
#560=VECTOR('',#1980,10.);
#561=VECTOR('',#1981,10.);
#562=VECTOR('',#1984,10.);
#563=VECTOR('',#1991,10.);
#564=VECTOR('',#1992,10.);
#565=VECTOR('',#1995,10.);
#566=VECTOR('',#1996,10.);
#567=VECTOR('',#1999,10.);
#568=VECTOR('',#2006,1.59);
#569=VECTOR('',#2021,1.375);
#570=VECTOR('',#2024,1.375);
#571=VECTOR('',#2027,1.375);
#572=CIRCLE('',#1472,2.);
#573=CIRCLE('',#1473,2.);
#574=CIRCLE('',#1476,2.);
#575=CIRCLE('',#1477,2.);
#576=CIRCLE('',#1478,2.);
#577=CIRCLE('',#1479,2.);
#578=CIRCLE('',#1480,2.);
#579=CIRCLE('',#1481,1.375);
#580=CIRCLE('',#1482,1.375);
#581=CIRCLE('',#1483,1.375);
#582=CIRCLE('',#1485,2.);
#583=CIRCLE('',#1488,2.);
#584=CIRCLE('',#1489,2.);
#585=CIRCLE('',#1490,2.);
#586=CIRCLE('',#1491,2.);
#587=CIRCLE('',#1499,3.);
#588=CIRCLE('',#1500,2.);
#589=CIRCLE('',#1501,5.);
#590=CIRCLE('',#1502,2.);
#591=CIRCLE('',#1504,2.);
#592=CIRCLE('',#1508,5.);
#593=CIRCLE('',#1509,2.);
#594=CIRCLE('',#1510,3.);
#595=CIRCLE('',#1511,2.);
#596=CIRCLE('',#1512,2.);
#597=CIRCLE('',#1517,5.);
#598=CIRCLE('',#1518,2.);
#599=CIRCLE('',#1519,3.);
#600=CIRCLE('',#1520,2.);
#601=CIRCLE('',#1522,2.);
#602=CIRCLE('',#1527,3.);
#603=CIRCLE('',#1528,2.);
#604=CIRCLE('',#1529,5.);
#605=CIRCLE('',#1530,2.);
#606=CIRCLE('',#1532,2.);
#607=CIRCLE('',#1548,1.84);
#608=CIRCLE('',#1550,1.84);
#609=CIRCLE('',#1551,1.59);
#610=CIRCLE('',#1552,1.84);
#611=CIRCLE('',#1586,1.375);
#612=CIRCLE('',#1591,1.375);
#613=CIRCLE('',#1596,1.375);
#614=CIRCLE('',#1598,1.59);
#615=VERTEX_POINT('',#2030);
#616=VERTEX_POINT('',#2031);
#617=VERTEX_POINT('',#2033);
#618=VERTEX_POINT('',#2035);
#619=VERTEX_POINT('',#2039);
#620=VERTEX_POINT('',#2041);
#621=VERTEX_POINT('',#2045);
#622=VERTEX_POINT('',#2047);
#623=VERTEX_POINT('',#2049);
#624=VERTEX_POINT('',#2051);
#625=VERTEX_POINT('',#2053);
#626=VERTEX_POINT('',#2055);
#627=VERTEX_POINT('',#2057);
#628=VERTEX_POINT('',#2059);
#629=VERTEX_POINT('',#2061);
#630=VERTEX_POINT('',#2064);
#631=VERTEX_POINT('',#2066);
#632=VERTEX_POINT('',#2068);
#633=VERTEX_POINT('',#2071);
#634=VERTEX_POINT('',#2072);
#635=VERTEX_POINT('',#2077);
#636=VERTEX_POINT('',#2081);
#637=VERTEX_POINT('',#2083);
#638=VERTEX_POINT('',#2085);
#639=VERTEX_POINT('',#2087);
#640=VERTEX_POINT('',#2089);
#641=VERTEX_POINT('',#2091);
#642=VERTEX_POINT('',#2095);
#643=VERTEX_POINT('',#2096);
#644=VERTEX_POINT('',#2098);
#645=VERTEX_POINT('',#2100);
#646=VERTEX_POINT('',#2102);
#647=VERTEX_POINT('',#2104);
#648=VERTEX_POINT('',#2106);
#649=VERTEX_POINT('',#2108);
#650=VERTEX_POINT('',#2110);
#651=VERTEX_POINT('',#2112);
#652=VERTEX_POINT('',#2114);
#653=VERTEX_POINT('',#2116);
#654=VERTEX_POINT('',#2118);
#655=VERTEX_POINT('',#2120);
#656=VERTEX_POINT('',#2122);
#657=VERTEX_POINT('',#2124);
#658=VERTEX_POINT('',#2127);
#659=VERTEX_POINT('',#2128);
#660=VERTEX_POINT('',#2130);
#661=VERTEX_POINT('',#2132);
#662=VERTEX_POINT('',#2134);
#663=VERTEX_POINT('',#2136);
#664=VERTEX_POINT('',#2152);
#665=VERTEX_POINT('',#2153);
#666=VERTEX_POINT('',#2155);
#667=VERTEX_POINT('',#2157);
#668=VERTEX_POINT('',#2161);
#669=VERTEX_POINT('',#2162);
#670=VERTEX_POINT('',#2199);
#671=VERTEX_POINT('',#2200);
#672=VERTEX_POINT('',#2202);
#673=VERTEX_POINT('',#2204);
#674=VERTEX_POINT('',#2237);
#675=VERTEX_POINT('',#2238);
#676=VERTEX_POINT('',#2246);
#677=VERTEX_POINT('',#2247);
#678=VERTEX_POINT('',#2249);
#679=VERTEX_POINT('',#2251);
#680=VERTEX_POINT('',#2255);
#681=VERTEX_POINT('',#2256);
#682=VERTEX_POINT('',#2293);
#683=VERTEX_POINT('',#2294);
#684=VERTEX_POINT('',#2309);
#685=VERTEX_POINT('',#2310);
#686=VERTEX_POINT('',#2312);
#687=VERTEX_POINT('',#2314);
#688=VERTEX_POINT('',#2318);
#689=VERTEX_POINT('',#2319);
#690=VERTEX_POINT('',#2359);
#691=VERTEX_POINT('',#2360);
#692=VERTEX_POINT('',#2380);
#693=VERTEX_POINT('',#2382);
#694=VERTEX_POINT('',#2390);
#695=VERTEX_POINT('',#2392);
#696=VERTEX_POINT('',#2398);
#697=VERTEX_POINT('',#2400);
#698=VERTEX_POINT('',#2408);
#699=VERTEX_POINT('',#2410);
#700=VERTEX_POINT('',#2414);
#701=VERTEX_POINT('',#2418);
#702=VERTEX_POINT('',#2422);
#703=VERTEX_POINT('',#2423);
#704=VERTEX_POINT('',#2432);
#705=VERTEX_POINT('',#2434);
#706=VERTEX_POINT('',#2438);
#707=VERTEX_POINT('',#2442);
#708=VERTEX_POINT('',#2446);
#709=VERTEX_POINT('',#2448);
#710=VERTEX_POINT('',#2452);
#711=VERTEX_POINT('',#2456);
#712=VERTEX_POINT('',#2460);
#713=VERTEX_POINT('',#2464);
#714=VERTEX_POINT('',#2470);
#715=VERTEX_POINT('',#2472);
#716=VERTEX_POINT('',#2476);
#717=VERTEX_POINT('',#2480);
#718=VERTEX_POINT('',#2484);
#719=VERTEX_POINT('',#2486);
#720=VERTEX_POINT('',#2490);
#721=VERTEX_POINT('',#2494);
#722=VERTEX_POINT('',#2498);
#723=VERTEX_POINT('',#2502);
#724=VERTEX_POINT('',#2508);
#725=VERTEX_POINT('',#2510);
#726=VERTEX_POINT('',#2514);
#727=VERTEX_POINT('',#2518);
#728=VERTEX_POINT('',#2522);
#729=VERTEX_POINT('',#2526);
#730=VERTEX_POINT('',#2532);
#731=VERTEX_POINT('',#2535);
#732=VERTEX_POINT('',#2539);
#733=VERTEX_POINT('',#2545);
#734=VERTEX_POINT('',#2548);
#735=VERTEX_POINT('',#2552);
#736=VERTEX_POINT('',#2558);
#737=VERTEX_POINT('',#2561);
#738=EDGE_CURVE('',#615,#616,#572,.T.);
#739=EDGE_CURVE('',#616,#617,#278,.T.);
#740=EDGE_CURVE('',#617,#618,#573,.T.);
#741=EDGE_CURVE('',#618,#615,#279,.T.);
#742=EDGE_CURVE('',#619,#616,#280,.T.);
#743=EDGE_CURVE('',#620,#619,#281,.T.);
#744=EDGE_CURVE('',#617,#620,#282,.T.);
#745=EDGE_CURVE('',#615,#621,#283,.T.);
#746=EDGE_CURVE('',#622,#621,#574,.T.);
#747=EDGE_CURVE('',#622,#623,#284,.T.);
#748=EDGE_CURVE('',#624,#623,#575,.T.);
#749=EDGE_CURVE('',#624,#625,#285,.T.);
#750=EDGE_CURVE('',#626,#625,#576,.T.);
#751=EDGE_CURVE('',#626,#627,#286,.T.);
#752=EDGE_CURVE('',#628,#627,#577,.T.);
#753=EDGE_CURVE('',#628,#629,#287,.T.);
#754=EDGE_CURVE('',#619,#629,#578,.T.);
#755=EDGE_CURVE('',#630,#630,#579,.T.);
#756=EDGE_CURVE('',#631,#631,#580,.T.);
#757=EDGE_CURVE('',#632,#632,#581,.T.);
#758=EDGE_CURVE('',#633,#634,#582,.T.);
#759=EDGE_CURVE('',#634,#622,#288,.T.);
#760=EDGE_CURVE('',#621,#633,#289,.T.);
#761=EDGE_CURVE('',#634,#635,#290,.T.);
#762=EDGE_CURVE('',#623,#635,#291,.T.);
#763=EDGE_CURVE('',#636,#620,#583,.T.);
#764=EDGE_CURVE('',#636,#637,#292,.T.);
#765=EDGE_CURVE('',#638,#637,#584,.T.);
#766=EDGE_CURVE('',#639,#638,#293,.T.);
#767=EDGE_CURVE('',#640,#639,#585,.T.);
#768=EDGE_CURVE('',#641,#640,#294,.T.);
#769=EDGE_CURVE('',#635,#641,#586,.T.);
#770=EDGE_CURVE('',#633,#618,#295,.T.);
#771=EDGE_CURVE('',#642,#643,#296,.T.);
#772=EDGE_CURVE('',#644,#642,#297,.T.);
#773=EDGE_CURVE('',#645,#644,#298,.T.);
#774=EDGE_CURVE('',#646,#645,#299,.T.);
#775=EDGE_CURVE('',#647,#646,#300,.T.);
#776=EDGE_CURVE('',#648,#647,#301,.T.);
#777=EDGE_CURVE('',#649,#648,#302,.T.);
#778=EDGE_CURVE('',#650,#649,#303,.T.);
#779=EDGE_CURVE('',#651,#650,#304,.T.);
#780=EDGE_CURVE('',#652,#651,#305,.T.);
#781=EDGE_CURVE('',#653,#652,#306,.T.);
#782=EDGE_CURVE('',#654,#653,#307,.T.);
#783=EDGE_CURVE('',#655,#654,#308,.T.);
#784=EDGE_CURVE('',#656,#655,#309,.T.);
#785=EDGE_CURVE('',#657,#656,#310,.T.);
#786=EDGE_CURVE('',#643,#657,#311,.T.);
#787=EDGE_CURVE('',#658,#659,#312,.T.);
#788=EDGE_CURVE('',#660,#658,#313,.T.);
#789=EDGE_CURVE('',#661,#660,#314,.T.);
#790=EDGE_CURVE('',#662,#661,#315,.T.);
#791=EDGE_CURVE('',#663,#662,#316,.T.);
#792=EDGE_CURVE('',#659,#663,#317,.T.);
#793=EDGE_CURVE('',#641,#624,#318,.T.);
#794=EDGE_CURVE('',#625,#640,#319,.T.);
#795=EDGE_CURVE('',#639,#626,#320,.T.);
#796=EDGE_CURVE('',#629,#636,#321,.T.);
#797=EDGE_CURVE('',#637,#628,#322,.T.);
#798=EDGE_CURVE('',#627,#638,#323,.T.);
#799=EDGE_CURVE('',#664,#665,#587,.T.);
#800=EDGE_CURVE('',#666,#665,#588,.T.);
#801=EDGE_CURVE('',#667,#666,#589,.F.);
#802=EDGE_CURVE('',#664,#667,#590,.T.);
#803=EDGE_CURVE('',#668,#669,#591,.T.);
#804=EDGE_CURVE('',#669,#666,#324,.T.);
#805=EDGE_CURVE('',#665,#668,#325,.T.);
#806=EDGE_CURVE('',#668,#651,#18,.T.);
#807=EDGE_CURVE('',#651,#669,#19,.T.);
#808=EDGE_CURVE('',#670,#671,#592,.F.);
#809=EDGE_CURVE('',#672,#670,#593,.T.);
#810=EDGE_CURVE('',#672,#673,#594,.T.);
#811=EDGE_CURVE('',#671,#673,#595,.T.);
#812=EDGE_CURVE('',#674,#675,#596,.T.);
#813=EDGE_CURVE('',#675,#644,#20,.T.);
#814=EDGE_CURVE('',#644,#674,#21,.T.);
#815=EDGE_CURVE('',#674,#672,#326,.T.);
#816=EDGE_CURVE('',#670,#675,#327,.T.);
#817=EDGE_CURVE('',#676,#677,#597,.F.);
#818=EDGE_CURVE('',#678,#676,#598,.T.);
#819=EDGE_CURVE('',#678,#679,#599,.T.);
#820=EDGE_CURVE('',#677,#679,#600,.T.);
#821=EDGE_CURVE('',#680,#681,#601,.T.);
#822=EDGE_CURVE('',#681,#678,#328,.T.);
#823=EDGE_CURVE('',#676,#680,#329,.T.);
#824=EDGE_CURVE('',#680,#652,#22,.T.);
#825=EDGE_CURVE('',#652,#681,#23,.T.);
#826=EDGE_CURVE('',#682,#683,#16,.T.);
#827=EDGE_CURVE('',#682,#677,#330,.T.);
#828=EDGE_CURVE('',#679,#664,#331,.T.);
#829=EDGE_CURVE('',#667,#683,#332,.T.);
#830=EDGE_CURVE('',#684,#685,#602,.T.);
#831=EDGE_CURVE('',#686,#685,#603,.T.);
#832=EDGE_CURVE('',#687,#686,#604,.F.);
#833=EDGE_CURVE('',#684,#687,#605,.T.);
#834=EDGE_CURVE('',#688,#689,#606,.T.);
#835=EDGE_CURVE('',#689,#686,#333,.T.);
#836=EDGE_CURVE('',#685,#688,#334,.T.);
#837=EDGE_CURVE('',#688,#642,#24,.T.);
#838=EDGE_CURVE('',#642,#689,#25,.T.);
#839=EDGE_CURVE('',#677,#687,#335,.T.);
#840=EDGE_CURVE('',#686,#676,#336,.T.);
#841=EDGE_CURVE('',#690,#691,#17,.T.);
#842=EDGE_CURVE('',#690,#671,#337,.T.);
#843=EDGE_CURVE('',#673,#684,#338,.T.);
#844=EDGE_CURVE('',#687,#691,#339,.T.);
#845=EDGE_CURVE('',#671,#667,#340,.T.);
#846=EDGE_CURVE('',#666,#670,#341,.T.);
#847=EDGE_CURVE('',#668,#681,#342,.T.);
#848=EDGE_CURVE('',#692,#650,#26,.F.);
#849=EDGE_CURVE('',#693,#692,#343,.F.);
#850=EDGE_CURVE('',#645,#693,#27,.F.);
#851=EDGE_CURVE('',#675,#669,#344,.T.);
#852=EDGE_CURVE('',#680,#689,#345,.T.);
#853=EDGE_CURVE('',#694,#643,#28,.F.);
#854=EDGE_CURVE('',#695,#694,#346,.F.);
#855=EDGE_CURVE('',#653,#695,#29,.F.);
#856=EDGE_CURVE('',#683,#690,#607,.T.);
#857=EDGE_CURVE('',#691,#696,#608,.T.);
#858=EDGE_CURVE('',#696,#697,#347,.T.);
#859=EDGE_CURVE('',#697,#697,#609,.T.);
#860=EDGE_CURVE('',#696,#682,#610,.T.);
#861=EDGE_CURVE('',#688,#674,#348,.T.);
#862=EDGE_CURVE('',#662,#698,#349,.T.);
#863=EDGE_CURVE('',#698,#699,#350,.T.);
#864=EDGE_CURVE('',#663,#699,#351,.T.);
#865=EDGE_CURVE('',#661,#700,#352,.T.);
#866=EDGE_CURVE('',#700,#698,#353,.T.);
#867=EDGE_CURVE('',#660,#701,#354,.T.);
#868=EDGE_CURVE('',#701,#700,#355,.T.);
#869=EDGE_CURVE('',#702,#703,#356,.T.);
#870=EDGE_CURVE('',#703,#658,#357,.T.);
#871=EDGE_CURVE('',#659,#702,#358,.T.);
#872=EDGE_CURVE('',#703,#701,#359,.T.);
#873=EDGE_CURVE('',#699,#702,#360,.T.);
#874=EDGE_CURVE('',#701,#704,#361,.T.);
#875=EDGE_CURVE('',#704,#705,#362,.T.);
#876=EDGE_CURVE('',#700,#705,#363,.T.);
#877=EDGE_CURVE('',#703,#706,#364,.T.);
#878=EDGE_CURVE('',#706,#704,#365,.T.);
#879=EDGE_CURVE('',#702,#707,#366,.T.);
#880=EDGE_CURVE('',#707,#706,#367,.T.);
#881=EDGE_CURVE('',#646,#708,#368,.T.);
#882=EDGE_CURVE('',#708,#709,#369,.T.);
#883=EDGE_CURVE('',#647,#709,#370,.T.);
#884=EDGE_CURVE('',#693,#710,#371,.T.);
#885=EDGE_CURVE('',#710,#708,#372,.T.);
#886=EDGE_CURVE('',#709,#711,#373,.T.);
#887=EDGE_CURVE('',#711,#648,#374,.T.);
#888=EDGE_CURVE('',#692,#712,#375,.T.);
#889=EDGE_CURVE('',#712,#710,#376,.T.);
#890=EDGE_CURVE('',#649,#713,#377,.T.);
#891=EDGE_CURVE('',#713,#712,#378,.T.);
#892=EDGE_CURVE('',#711,#713,#379,.T.);
#893=EDGE_CURVE('',#711,#714,#380,.T.);
#894=EDGE_CURVE('',#714,#715,#381,.T.);
#895=EDGE_CURVE('',#713,#715,#382,.T.);
#896=EDGE_CURVE('',#709,#716,#383,.T.);
#897=EDGE_CURVE('',#716,#714,#384,.T.);
#898=EDGE_CURVE('',#708,#717,#385,.T.);
#899=EDGE_CURVE('',#717,#716,#386,.T.);
#900=EDGE_CURVE('',#656,#718,#387,.T.);
#901=EDGE_CURVE('',#718,#719,#388,.T.);
#902=EDGE_CURVE('',#657,#719,#389,.T.);
#903=EDGE_CURVE('',#655,#720,#390,.T.);
#904=EDGE_CURVE('',#720,#718,#391,.T.);
#905=EDGE_CURVE('',#719,#721,#392,.T.);
#906=EDGE_CURVE('',#694,#721,#393,.T.);
#907=EDGE_CURVE('',#654,#722,#394,.T.);
#908=EDGE_CURVE('',#722,#720,#395,.T.);
#909=EDGE_CURVE('',#695,#723,#396,.T.);
#910=EDGE_CURVE('',#723,#722,#397,.T.);
#911=EDGE_CURVE('',#721,#723,#398,.T.);
#912=EDGE_CURVE('',#721,#724,#399,.T.);
#913=EDGE_CURVE('',#724,#725,#400,.T.);
#914=EDGE_CURVE('',#723,#725,#401,.T.);
#915=EDGE_CURVE('',#719,#726,#402,.T.);
#916=EDGE_CURVE('',#726,#724,#403,.T.);
#917=EDGE_CURVE('',#718,#727,#404,.T.);
#918=EDGE_CURVE('',#727,#726,#405,.T.);
#919=EDGE_CURVE('',#720,#728,#406,.T.);
#920=EDGE_CURVE('',#728,#727,#407,.T.);
#921=EDGE_CURVE('',#722,#729,#408,.T.);
#922=EDGE_CURVE('',#729,#728,#409,.T.);
#923=EDGE_CURVE('',#725,#729,#410,.T.);
#924=EDGE_CURVE('',#730,#730,#611,.T.);
#925=EDGE_CURVE('',#710,#731,#411,.T.);
#926=EDGE_CURVE('',#731,#717,#412,.T.);
#927=EDGE_CURVE('',#712,#732,#413,.T.);
#928=EDGE_CURVE('',#732,#731,#414,.T.);
#929=EDGE_CURVE('',#715,#732,#415,.T.);
#930=EDGE_CURVE('',#733,#733,#612,.T.);
#931=EDGE_CURVE('',#699,#734,#416,.T.);
#932=EDGE_CURVE('',#734,#707,#417,.T.);
#933=EDGE_CURVE('',#698,#735,#418,.T.);
#934=EDGE_CURVE('',#735,#734,#419,.T.);
#935=EDGE_CURVE('',#705,#735,#420,.T.);
#936=EDGE_CURVE('',#736,#736,#613,.T.);
#937=EDGE_CURVE('',#697,#737,#421,.T.);
#938=EDGE_CURVE('',#737,#737,#614,.T.);
#939=EDGE_CURVE('',#632,#736,#422,.T.);
#940=EDGE_CURVE('',#631,#733,#423,.T.);
#941=EDGE_CURVE('',#630,#730,#424,.T.);
#942=ORIENTED_EDGE('',*,*,#738,.T.);
#943=ORIENTED_EDGE('',*,*,#739,.T.);
#944=ORIENTED_EDGE('',*,*,#740,.T.);
#945=ORIENTED_EDGE('',*,*,#741,.T.);
#946=ORIENTED_EDGE('',*,*,#739,.F.);
#947=ORIENTED_EDGE('',*,*,#742,.F.);
#948=ORIENTED_EDGE('',*,*,#743,.F.);
#949=ORIENTED_EDGE('',*,*,#744,.F.);
#950=ORIENTED_EDGE('',*,*,#738,.F.);
#951=ORIENTED_EDGE('',*,*,#745,.T.);
#952=ORIENTED_EDGE('',*,*,#746,.F.);
#953=ORIENTED_EDGE('',*,*,#747,.T.);
#954=ORIENTED_EDGE('',*,*,#748,.F.);
#955=ORIENTED_EDGE('',*,*,#749,.T.);
#956=ORIENTED_EDGE('',*,*,#750,.F.);
#957=ORIENTED_EDGE('',*,*,#751,.T.);
#958=ORIENTED_EDGE('',*,*,#752,.F.);
#959=ORIENTED_EDGE('',*,*,#753,.T.);
#960=ORIENTED_EDGE('',*,*,#754,.F.);
#961=ORIENTED_EDGE('',*,*,#742,.T.);
#962=ORIENTED_EDGE('',*,*,#755,.T.);
#963=ORIENTED_EDGE('',*,*,#756,.T.);
#964=ORIENTED_EDGE('',*,*,#757,.T.);
#965=ORIENTED_EDGE('',*,*,#758,.T.);
#966=ORIENTED_EDGE('',*,*,#759,.T.);
#967=ORIENTED_EDGE('',*,*,#746,.T.);
#968=ORIENTED_EDGE('',*,*,#760,.T.);
#969=ORIENTED_EDGE('',*,*,#759,.F.);
#970=ORIENTED_EDGE('',*,*,#761,.T.);
#971=ORIENTED_EDGE('',*,*,#762,.F.);
#972=ORIENTED_EDGE('',*,*,#747,.F.);
#973=ORIENTED_EDGE('',*,*,#740,.F.);
#974=ORIENTED_EDGE('',*,*,#744,.T.);
#975=ORIENTED_EDGE('',*,*,#763,.F.);
#976=ORIENTED_EDGE('',*,*,#764,.T.);
#977=ORIENTED_EDGE('',*,*,#765,.F.);
#978=ORIENTED_EDGE('',*,*,#766,.F.);
#979=ORIENTED_EDGE('',*,*,#767,.F.);
#980=ORIENTED_EDGE('',*,*,#768,.F.);
#981=ORIENTED_EDGE('',*,*,#769,.F.);
#982=ORIENTED_EDGE('',*,*,#761,.F.);
#983=ORIENTED_EDGE('',*,*,#758,.F.);
#984=ORIENTED_EDGE('',*,*,#770,.T.);
#985=ORIENTED_EDGE('',*,*,#771,.F.);
#986=ORIENTED_EDGE('',*,*,#772,.F.);
#987=ORIENTED_EDGE('',*,*,#773,.F.);
#988=ORIENTED_EDGE('',*,*,#774,.F.);
#989=ORIENTED_EDGE('',*,*,#775,.F.);
#990=ORIENTED_EDGE('',*,*,#776,.F.);
#991=ORIENTED_EDGE('',*,*,#777,.F.);
#992=ORIENTED_EDGE('',*,*,#778,.F.);
#993=ORIENTED_EDGE('',*,*,#779,.F.);
#994=ORIENTED_EDGE('',*,*,#780,.F.);
#995=ORIENTED_EDGE('',*,*,#781,.F.);
#996=ORIENTED_EDGE('',*,*,#782,.F.);
#997=ORIENTED_EDGE('',*,*,#783,.F.);
#998=ORIENTED_EDGE('',*,*,#784,.F.);
#999=ORIENTED_EDGE('',*,*,#785,.F.);
#1000=ORIENTED_EDGE('',*,*,#786,.F.);
#1001=ORIENTED_EDGE('',*,*,#787,.F.);
#1002=ORIENTED_EDGE('',*,*,#788,.F.);
#1003=ORIENTED_EDGE('',*,*,#789,.F.);
#1004=ORIENTED_EDGE('',*,*,#790,.F.);
#1005=ORIENTED_EDGE('',*,*,#791,.F.);
#1006=ORIENTED_EDGE('',*,*,#792,.F.);
#1007=ORIENTED_EDGE('',*,*,#748,.T.);
#1008=ORIENTED_EDGE('',*,*,#762,.T.);
#1009=ORIENTED_EDGE('',*,*,#769,.T.);
#1010=ORIENTED_EDGE('',*,*,#793,.T.);
#1011=ORIENTED_EDGE('',*,*,#793,.F.);
#1012=ORIENTED_EDGE('',*,*,#768,.T.);
#1013=ORIENTED_EDGE('',*,*,#794,.F.);
#1014=ORIENTED_EDGE('',*,*,#749,.F.);
#1015=ORIENTED_EDGE('',*,*,#750,.T.);
#1016=ORIENTED_EDGE('',*,*,#794,.T.);
#1017=ORIENTED_EDGE('',*,*,#767,.T.);
#1018=ORIENTED_EDGE('',*,*,#795,.T.);
#1019=ORIENTED_EDGE('',*,*,#763,.T.);
#1020=ORIENTED_EDGE('',*,*,#743,.T.);
#1021=ORIENTED_EDGE('',*,*,#754,.T.);
#1022=ORIENTED_EDGE('',*,*,#796,.T.);
#1023=ORIENTED_EDGE('',*,*,#796,.F.);
#1024=ORIENTED_EDGE('',*,*,#753,.F.);
#1025=ORIENTED_EDGE('',*,*,#797,.F.);
#1026=ORIENTED_EDGE('',*,*,#764,.F.);
#1027=ORIENTED_EDGE('',*,*,#752,.T.);
#1028=ORIENTED_EDGE('',*,*,#798,.T.);
#1029=ORIENTED_EDGE('',*,*,#765,.T.);
#1030=ORIENTED_EDGE('',*,*,#797,.T.);
#1031=ORIENTED_EDGE('',*,*,#799,.T.);
#1032=ORIENTED_EDGE('',*,*,#800,.F.);
#1033=ORIENTED_EDGE('',*,*,#801,.F.);
#1034=ORIENTED_EDGE('',*,*,#802,.F.);
#1035=ORIENTED_EDGE('',*,*,#803,.T.);
#1036=ORIENTED_EDGE('',*,*,#804,.T.);
#1037=ORIENTED_EDGE('',*,*,#800,.T.);
#1038=ORIENTED_EDGE('',*,*,#805,.T.);
#1039=ORIENTED_EDGE('',*,*,#803,.F.);
#1040=ORIENTED_EDGE('',*,*,#806,.T.);
#1041=ORIENTED_EDGE('',*,*,#807,.T.);
#1042=ORIENTED_EDGE('',*,*,#808,.F.);
#1043=ORIENTED_EDGE('',*,*,#809,.F.);
#1044=ORIENTED_EDGE('',*,*,#810,.T.);
#1045=ORIENTED_EDGE('',*,*,#811,.F.);
#1046=ORIENTED_EDGE('',*,*,#812,.T.);
#1047=ORIENTED_EDGE('',*,*,#813,.T.);
#1048=ORIENTED_EDGE('',*,*,#814,.T.);
#1049=ORIENTED_EDGE('',*,*,#812,.F.);
#1050=ORIENTED_EDGE('',*,*,#815,.T.);
#1051=ORIENTED_EDGE('',*,*,#809,.T.);
#1052=ORIENTED_EDGE('',*,*,#816,.T.);
#1053=ORIENTED_EDGE('',*,*,#817,.F.);
#1054=ORIENTED_EDGE('',*,*,#818,.F.);
#1055=ORIENTED_EDGE('',*,*,#819,.T.);
#1056=ORIENTED_EDGE('',*,*,#820,.F.);
#1057=ORIENTED_EDGE('',*,*,#821,.T.);
#1058=ORIENTED_EDGE('',*,*,#822,.T.);
#1059=ORIENTED_EDGE('',*,*,#818,.T.);
#1060=ORIENTED_EDGE('',*,*,#823,.T.);
#1061=ORIENTED_EDGE('',*,*,#821,.F.);
#1062=ORIENTED_EDGE('',*,*,#824,.T.);
#1063=ORIENTED_EDGE('',*,*,#825,.T.);
#1064=ORIENTED_EDGE('',*,*,#826,.F.);
#1065=ORIENTED_EDGE('',*,*,#827,.T.);
#1066=ORIENTED_EDGE('',*,*,#820,.T.);
#1067=ORIENTED_EDGE('',*,*,#828,.T.);
#1068=ORIENTED_EDGE('',*,*,#802,.T.);
#1069=ORIENTED_EDGE('',*,*,#829,.T.);
#1070=ORIENTED_EDGE('',*,*,#830,.T.);
#1071=ORIENTED_EDGE('',*,*,#831,.F.);
#1072=ORIENTED_EDGE('',*,*,#832,.F.);
#1073=ORIENTED_EDGE('',*,*,#833,.F.);
#1074=ORIENTED_EDGE('',*,*,#834,.T.);
#1075=ORIENTED_EDGE('',*,*,#835,.T.);
#1076=ORIENTED_EDGE('',*,*,#831,.T.);
#1077=ORIENTED_EDGE('',*,*,#836,.T.);
#1078=ORIENTED_EDGE('',*,*,#834,.F.);
#1079=ORIENTED_EDGE('',*,*,#837,.T.);
#1080=ORIENTED_EDGE('',*,*,#838,.T.);
#1081=ORIENTED_EDGE('',*,*,#817,.T.);
#1082=ORIENTED_EDGE('',*,*,#839,.T.);
#1083=ORIENTED_EDGE('',*,*,#832,.T.);
#1084=ORIENTED_EDGE('',*,*,#840,.T.);
#1085=ORIENTED_EDGE('',*,*,#841,.F.);
#1086=ORIENTED_EDGE('',*,*,#842,.T.);
#1087=ORIENTED_EDGE('',*,*,#811,.T.);
#1088=ORIENTED_EDGE('',*,*,#843,.T.);
#1089=ORIENTED_EDGE('',*,*,#833,.T.);
#1090=ORIENTED_EDGE('',*,*,#844,.T.);
#1091=ORIENTED_EDGE('',*,*,#808,.T.);
#1092=ORIENTED_EDGE('',*,*,#845,.T.);
#1093=ORIENTED_EDGE('',*,*,#801,.T.);
#1094=ORIENTED_EDGE('',*,*,#846,.T.);
#1095=ORIENTED_EDGE('',*,*,#805,.F.);
#1096=ORIENTED_EDGE('',*,*,#799,.F.);
#1097=ORIENTED_EDGE('',*,*,#828,.F.);
#1098=ORIENTED_EDGE('',*,*,#819,.F.);
#1099=ORIENTED_EDGE('',*,*,#822,.F.);
#1100=ORIENTED_EDGE('',*,*,#847,.F.);
#1101=ORIENTED_EDGE('',*,*,#807,.F.);
#1102=ORIENTED_EDGE('',*,*,#779,.T.);
#1103=ORIENTED_EDGE('',*,*,#848,.F.);
#1104=ORIENTED_EDGE('',*,*,#849,.F.);
#1105=ORIENTED_EDGE('',*,*,#850,.F.);
#1106=ORIENTED_EDGE('',*,*,#773,.T.);
#1107=ORIENTED_EDGE('',*,*,#813,.F.);
#1108=ORIENTED_EDGE('',*,*,#851,.T.);
#1109=ORIENTED_EDGE('',*,*,#806,.F.);
#1110=ORIENTED_EDGE('',*,*,#847,.T.);
#1111=ORIENTED_EDGE('',*,*,#825,.F.);
#1112=ORIENTED_EDGE('',*,*,#780,.T.);
#1113=ORIENTED_EDGE('',*,*,#823,.F.);
#1114=ORIENTED_EDGE('',*,*,#840,.F.);
#1115=ORIENTED_EDGE('',*,*,#835,.F.);
#1116=ORIENTED_EDGE('',*,*,#852,.F.);
#1117=ORIENTED_EDGE('',*,*,#824,.F.);
#1118=ORIENTED_EDGE('',*,*,#852,.T.);
#1119=ORIENTED_EDGE('',*,*,#838,.F.);
#1120=ORIENTED_EDGE('',*,*,#771,.T.);
#1121=ORIENTED_EDGE('',*,*,#853,.F.);
#1122=ORIENTED_EDGE('',*,*,#854,.F.);
#1123=ORIENTED_EDGE('',*,*,#855,.F.);
#1124=ORIENTED_EDGE('',*,*,#781,.T.);
#1125=ORIENTED_EDGE('',*,*,#829,.F.);
#1126=ORIENTED_EDGE('',*,*,#845,.F.);
#1127=ORIENTED_EDGE('',*,*,#842,.F.);
#1128=ORIENTED_EDGE('',*,*,#856,.F.);
#1129=ORIENTED_EDGE('',*,*,#826,.T.);
#1130=ORIENTED_EDGE('',*,*,#856,.T.);
#1131=ORIENTED_EDGE('',*,*,#841,.T.);
#1132=ORIENTED_EDGE('',*,*,#857,.T.);
#1133=ORIENTED_EDGE('',*,*,#858,.T.);
#1134=ORIENTED_EDGE('',*,*,#859,.T.);
#1135=ORIENTED_EDGE('',*,*,#858,.F.);
#1136=ORIENTED_EDGE('',*,*,#860,.T.);
#1137=ORIENTED_EDGE('',*,*,#814,.F.);
#1138=ORIENTED_EDGE('',*,*,#772,.T.);
#1139=ORIENTED_EDGE('',*,*,#837,.F.);
#1140=ORIENTED_EDGE('',*,*,#861,.T.);
#1141=ORIENTED_EDGE('',*,*,#815,.F.);
#1142=ORIENTED_EDGE('',*,*,#861,.F.);
#1143=ORIENTED_EDGE('',*,*,#836,.F.);
#1144=ORIENTED_EDGE('',*,*,#830,.F.);
#1145=ORIENTED_EDGE('',*,*,#843,.F.);
#1146=ORIENTED_EDGE('',*,*,#810,.F.);
#1147=ORIENTED_EDGE('',*,*,#791,.T.);
#1148=ORIENTED_EDGE('',*,*,#862,.T.);
#1149=ORIENTED_EDGE('',*,*,#863,.T.);
#1150=ORIENTED_EDGE('',*,*,#864,.F.);
#1151=ORIENTED_EDGE('',*,*,#790,.T.);
#1152=ORIENTED_EDGE('',*,*,#865,.T.);
#1153=ORIENTED_EDGE('',*,*,#866,.T.);
#1154=ORIENTED_EDGE('',*,*,#862,.F.);
#1155=ORIENTED_EDGE('',*,*,#789,.T.);
#1156=ORIENTED_EDGE('',*,*,#867,.T.);
#1157=ORIENTED_EDGE('',*,*,#868,.T.);
#1158=ORIENTED_EDGE('',*,*,#865,.F.);
#1159=ORIENTED_EDGE('',*,*,#869,.T.);
#1160=ORIENTED_EDGE('',*,*,#870,.T.);
#1161=ORIENTED_EDGE('',*,*,#787,.T.);
#1162=ORIENTED_EDGE('',*,*,#871,.T.);
#1163=ORIENTED_EDGE('',*,*,#788,.T.);
#1164=ORIENTED_EDGE('',*,*,#870,.F.);
#1165=ORIENTED_EDGE('',*,*,#872,.T.);
#1166=ORIENTED_EDGE('',*,*,#867,.F.);
#1167=ORIENTED_EDGE('',*,*,#873,.T.);
#1168=ORIENTED_EDGE('',*,*,#871,.F.);
#1169=ORIENTED_EDGE('',*,*,#792,.T.);
#1170=ORIENTED_EDGE('',*,*,#864,.T.);
#1171=ORIENTED_EDGE('',*,*,#868,.F.);
#1172=ORIENTED_EDGE('',*,*,#874,.T.);
#1173=ORIENTED_EDGE('',*,*,#875,.T.);
#1174=ORIENTED_EDGE('',*,*,#876,.F.);
#1175=ORIENTED_EDGE('',*,*,#872,.F.);
#1176=ORIENTED_EDGE('',*,*,#877,.T.);
#1177=ORIENTED_EDGE('',*,*,#878,.T.);
#1178=ORIENTED_EDGE('',*,*,#874,.F.);
#1179=ORIENTED_EDGE('',*,*,#869,.F.);
#1180=ORIENTED_EDGE('',*,*,#879,.T.);
#1181=ORIENTED_EDGE('',*,*,#880,.T.);
#1182=ORIENTED_EDGE('',*,*,#877,.F.);
#1183=ORIENTED_EDGE('',*,*,#775,.T.);
#1184=ORIENTED_EDGE('',*,*,#881,.T.);
#1185=ORIENTED_EDGE('',*,*,#882,.T.);
#1186=ORIENTED_EDGE('',*,*,#883,.F.);
#1187=ORIENTED_EDGE('',*,*,#774,.T.);
#1188=ORIENTED_EDGE('',*,*,#850,.T.);
#1189=ORIENTED_EDGE('',*,*,#884,.T.);
#1190=ORIENTED_EDGE('',*,*,#885,.T.);
#1191=ORIENTED_EDGE('',*,*,#881,.F.);
#1192=ORIENTED_EDGE('',*,*,#886,.T.);
#1193=ORIENTED_EDGE('',*,*,#887,.T.);
#1194=ORIENTED_EDGE('',*,*,#776,.T.);
#1195=ORIENTED_EDGE('',*,*,#883,.T.);
#1196=ORIENTED_EDGE('',*,*,#888,.T.);
#1197=ORIENTED_EDGE('',*,*,#889,.T.);
#1198=ORIENTED_EDGE('',*,*,#884,.F.);
#1199=ORIENTED_EDGE('',*,*,#849,.T.);
#1200=ORIENTED_EDGE('',*,*,#778,.T.);
#1201=ORIENTED_EDGE('',*,*,#890,.T.);
#1202=ORIENTED_EDGE('',*,*,#891,.T.);
#1203=ORIENTED_EDGE('',*,*,#888,.F.);
#1204=ORIENTED_EDGE('',*,*,#848,.T.);
#1205=ORIENTED_EDGE('',*,*,#892,.T.);
#1206=ORIENTED_EDGE('',*,*,#890,.F.);
#1207=ORIENTED_EDGE('',*,*,#777,.T.);
#1208=ORIENTED_EDGE('',*,*,#887,.F.);
#1209=ORIENTED_EDGE('',*,*,#892,.F.);
#1210=ORIENTED_EDGE('',*,*,#893,.T.);
#1211=ORIENTED_EDGE('',*,*,#894,.T.);
#1212=ORIENTED_EDGE('',*,*,#895,.F.);
#1213=ORIENTED_EDGE('',*,*,#886,.F.);
#1214=ORIENTED_EDGE('',*,*,#896,.T.);
#1215=ORIENTED_EDGE('',*,*,#897,.T.);
#1216=ORIENTED_EDGE('',*,*,#893,.F.);
#1217=ORIENTED_EDGE('',*,*,#882,.F.);
#1218=ORIENTED_EDGE('',*,*,#898,.T.);
#1219=ORIENTED_EDGE('',*,*,#899,.T.);
#1220=ORIENTED_EDGE('',*,*,#896,.F.);
#1221=ORIENTED_EDGE('',*,*,#785,.T.);
#1222=ORIENTED_EDGE('',*,*,#900,.T.);
#1223=ORIENTED_EDGE('',*,*,#901,.T.);
#1224=ORIENTED_EDGE('',*,*,#902,.F.);
#1225=ORIENTED_EDGE('',*,*,#784,.T.);
#1226=ORIENTED_EDGE('',*,*,#903,.T.);
#1227=ORIENTED_EDGE('',*,*,#904,.T.);
#1228=ORIENTED_EDGE('',*,*,#900,.F.);
#1229=ORIENTED_EDGE('',*,*,#905,.T.);
#1230=ORIENTED_EDGE('',*,*,#906,.F.);
#1231=ORIENTED_EDGE('',*,*,#853,.T.);
#1232=ORIENTED_EDGE('',*,*,#786,.T.);
#1233=ORIENTED_EDGE('',*,*,#902,.T.);
#1234=ORIENTED_EDGE('',*,*,#783,.T.);
#1235=ORIENTED_EDGE('',*,*,#907,.T.);
#1236=ORIENTED_EDGE('',*,*,#908,.T.);
#1237=ORIENTED_EDGE('',*,*,#903,.F.);
#1238=ORIENTED_EDGE('',*,*,#782,.T.);
#1239=ORIENTED_EDGE('',*,*,#855,.T.);
#1240=ORIENTED_EDGE('',*,*,#909,.T.);
#1241=ORIENTED_EDGE('',*,*,#910,.T.);
#1242=ORIENTED_EDGE('',*,*,#907,.F.);
#1243=ORIENTED_EDGE('',*,*,#911,.T.);
#1244=ORIENTED_EDGE('',*,*,#909,.F.);
#1245=ORIENTED_EDGE('',*,*,#854,.T.);
#1246=ORIENTED_EDGE('',*,*,#906,.T.);
#1247=ORIENTED_EDGE('',*,*,#911,.F.);
#1248=ORIENTED_EDGE('',*,*,#912,.T.);
#1249=ORIENTED_EDGE('',*,*,#913,.T.);
#1250=ORIENTED_EDGE('',*,*,#914,.F.);
#1251=ORIENTED_EDGE('',*,*,#905,.F.);
#1252=ORIENTED_EDGE('',*,*,#915,.T.);
#1253=ORIENTED_EDGE('',*,*,#916,.T.);
#1254=ORIENTED_EDGE('',*,*,#912,.F.);
#1255=ORIENTED_EDGE('',*,*,#901,.F.);
#1256=ORIENTED_EDGE('',*,*,#917,.T.);
#1257=ORIENTED_EDGE('',*,*,#918,.T.);
#1258=ORIENTED_EDGE('',*,*,#915,.F.);
#1259=ORIENTED_EDGE('',*,*,#904,.F.);
#1260=ORIENTED_EDGE('',*,*,#919,.T.);
#1261=ORIENTED_EDGE('',*,*,#920,.T.);
#1262=ORIENTED_EDGE('',*,*,#917,.F.);
#1263=ORIENTED_EDGE('',*,*,#908,.F.);
#1264=ORIENTED_EDGE('',*,*,#921,.T.);
#1265=ORIENTED_EDGE('',*,*,#922,.T.);
#1266=ORIENTED_EDGE('',*,*,#919,.F.);
#1267=ORIENTED_EDGE('',*,*,#910,.F.);
#1268=ORIENTED_EDGE('',*,*,#914,.T.);
#1269=ORIENTED_EDGE('',*,*,#923,.T.);
#1270=ORIENTED_EDGE('',*,*,#921,.F.);
#1271=ORIENTED_EDGE('',*,*,#913,.F.);
#1272=ORIENTED_EDGE('',*,*,#916,.F.);
#1273=ORIENTED_EDGE('',*,*,#918,.F.);
#1274=ORIENTED_EDGE('',*,*,#920,.F.);
#1275=ORIENTED_EDGE('',*,*,#922,.F.);
#1276=ORIENTED_EDGE('',*,*,#923,.F.);
#1277=ORIENTED_EDGE('',*,*,#924,.F.);
#1278=ORIENTED_EDGE('',*,*,#885,.F.);
#1279=ORIENTED_EDGE('',*,*,#925,.T.);
#1280=ORIENTED_EDGE('',*,*,#926,.T.);
#1281=ORIENTED_EDGE('',*,*,#898,.F.);
#1282=ORIENTED_EDGE('',*,*,#889,.F.);
#1283=ORIENTED_EDGE('',*,*,#927,.T.);
#1284=ORIENTED_EDGE('',*,*,#928,.T.);
#1285=ORIENTED_EDGE('',*,*,#925,.F.);
#1286=ORIENTED_EDGE('',*,*,#891,.F.);
#1287=ORIENTED_EDGE('',*,*,#895,.T.);
#1288=ORIENTED_EDGE('',*,*,#929,.T.);
#1289=ORIENTED_EDGE('',*,*,#927,.F.);
#1290=ORIENTED_EDGE('',*,*,#894,.F.);
#1291=ORIENTED_EDGE('',*,*,#897,.F.);
#1292=ORIENTED_EDGE('',*,*,#899,.F.);
#1293=ORIENTED_EDGE('',*,*,#926,.F.);
#1294=ORIENTED_EDGE('',*,*,#928,.F.);
#1295=ORIENTED_EDGE('',*,*,#929,.F.);
#1296=ORIENTED_EDGE('',*,*,#930,.F.);
#1297=ORIENTED_EDGE('',*,*,#873,.F.);
#1298=ORIENTED_EDGE('',*,*,#931,.T.);
#1299=ORIENTED_EDGE('',*,*,#932,.T.);
#1300=ORIENTED_EDGE('',*,*,#879,.F.);
#1301=ORIENTED_EDGE('',*,*,#863,.F.);
#1302=ORIENTED_EDGE('',*,*,#933,.T.);
#1303=ORIENTED_EDGE('',*,*,#934,.T.);
#1304=ORIENTED_EDGE('',*,*,#931,.F.);
#1305=ORIENTED_EDGE('',*,*,#866,.F.);
#1306=ORIENTED_EDGE('',*,*,#876,.T.);
#1307=ORIENTED_EDGE('',*,*,#935,.T.);
#1308=ORIENTED_EDGE('',*,*,#933,.F.);
#1309=ORIENTED_EDGE('',*,*,#878,.F.);
#1310=ORIENTED_EDGE('',*,*,#880,.F.);
#1311=ORIENTED_EDGE('',*,*,#932,.F.);
#1312=ORIENTED_EDGE('',*,*,#934,.F.);
#1313=ORIENTED_EDGE('',*,*,#935,.F.);
#1314=ORIENTED_EDGE('',*,*,#875,.F.);
#1315=ORIENTED_EDGE('',*,*,#936,.F.);
#1316=ORIENTED_EDGE('',*,*,#859,.F.);
#1317=ORIENTED_EDGE('',*,*,#937,.T.);
#1318=ORIENTED_EDGE('',*,*,#938,.T.);
#1319=ORIENTED_EDGE('',*,*,#937,.F.);
#1320=ORIENTED_EDGE('',*,*,#827,.F.);
#1321=ORIENTED_EDGE('',*,*,#860,.F.);
#1322=ORIENTED_EDGE('',*,*,#857,.F.);
#1323=ORIENTED_EDGE('',*,*,#844,.F.);
#1324=ORIENTED_EDGE('',*,*,#839,.F.);
#1325=ORIENTED_EDGE('',*,*,#938,.F.);
#1326=ORIENTED_EDGE('',*,*,#804,.F.);
#1327=ORIENTED_EDGE('',*,*,#851,.F.);
#1328=ORIENTED_EDGE('',*,*,#816,.F.);
#1329=ORIENTED_EDGE('',*,*,#846,.F.);
#1330=ORIENTED_EDGE('',*,*,#741,.F.);
#1331=ORIENTED_EDGE('',*,*,#770,.F.);
#1332=ORIENTED_EDGE('',*,*,#760,.F.);
#1333=ORIENTED_EDGE('',*,*,#745,.F.);
#1334=ORIENTED_EDGE('',*,*,#795,.F.);
#1335=ORIENTED_EDGE('',*,*,#766,.T.);
#1336=ORIENTED_EDGE('',*,*,#798,.F.);
#1337=ORIENTED_EDGE('',*,*,#751,.F.);
#1338=ORIENTED_EDGE('',*,*,#757,.F.);
#1339=ORIENTED_EDGE('',*,*,#939,.T.);
#1340=ORIENTED_EDGE('',*,*,#936,.T.);
#1341=ORIENTED_EDGE('',*,*,#939,.F.);
#1342=ORIENTED_EDGE('',*,*,#756,.F.);
#1343=ORIENTED_EDGE('',*,*,#940,.T.);
#1344=ORIENTED_EDGE('',*,*,#930,.T.);
#1345=ORIENTED_EDGE('',*,*,#940,.F.);
#1346=ORIENTED_EDGE('',*,*,#755,.F.);
#1347=ORIENTED_EDGE('',*,*,#941,.T.);
#1348=ORIENTED_EDGE('',*,*,#924,.T.);
#1349=ORIENTED_EDGE('',*,*,#941,.F.);
#1350=CYLINDRICAL_SURFACE('',#1471,2.);
#1351=CYLINDRICAL_SURFACE('',#1484,2.);
#1352=CYLINDRICAL_SURFACE('',#1492,2.);
#1353=CYLINDRICAL_SURFACE('',#1494,2.);
#1354=CYLINDRICAL_SURFACE('',#1495,2.);
#1355=CYLINDRICAL_SURFACE('',#1497,2.);
#1356=CYLINDRICAL_SURFACE('',#1503,2.);
#1357=CYLINDRICAL_SURFACE('',#1515,2.);
#1358=CYLINDRICAL_SURFACE('',#1521,2.);
#1359=CYLINDRICAL_SURFACE('',#1525,2.);
#1360=CYLINDRICAL_SURFACE('',#1531,2.);
#1361=CYLINDRICAL_SURFACE('',#1535,5.);
#1362=CYLINDRICAL_SURFACE('',#1536,2.);
#1363=CYLINDRICAL_SURFACE('',#1537,5.);
#1364=CYLINDRICAL_SURFACE('',#1539,1.);
#1365=CYLINDRICAL_SURFACE('',#1542,1.);
#1366=CYLINDRICAL_SURFACE('',#1544,1.);
#1367=CYLINDRICAL_SURFACE('',#1553,1.);
#1368=CYLINDRICAL_SURFACE('',#1597,1.59);
#1369=CYLINDRICAL_SURFACE('',#1604,1.375);
#1370=CYLINDRICAL_SURFACE('',#1605,1.375);
#1371=CYLINDRICAL_SURFACE('',#1606,1.375);
#1372=ADVANCED_FACE('',(#100),#1350,.T.);
#1373=ADVANCED_FACE('',(#101),#46,.T.);
#1374=ADVANCED_FACE('',(#102,#38,#39,#40),#47,.T.);
#1375=ADVANCED_FACE('',(#103),#1351,.T.);
#1376=ADVANCED_FACE('',(#104),#48,.T.);
#1377=ADVANCED_FACE('',(#105,#41,#42),#49,.F.);
#1378=ADVANCED_FACE('',(#106),#1352,.T.);
#1379=ADVANCED_FACE('',(#107),#50,.T.);
#1380=ADVANCED_FACE('',(#108),#1353,.T.);
#1381=ADVANCED_FACE('',(#109),#1354,.T.);
#1382=ADVANCED_FACE('',(#110),#51,.F.);
#1383=ADVANCED_FACE('',(#111),#1355,.T.);
#1384=ADVANCED_FACE('',(#112),#34,.T.);
#1385=ADVANCED_FACE('',(#113),#1356,.T.);
#1386=ADVANCED_FACE('',(#114),#30,.F.);
#1387=ADVANCED_FACE('',(#115),#35,.T.);
#1388=ADVANCED_FACE('',(#116),#31,.F.);
#1389=ADVANCED_FACE('',(#117),#1357,.T.);
#1390=ADVANCED_FACE('',(#118),#36,.T.);
#1391=ADVANCED_FACE('',(#119),#1358,.T.);
#1392=ADVANCED_FACE('',(#120),#32,.F.);
#1393=ADVANCED_FACE('',(#121),#1359,.T.);
#1394=ADVANCED_FACE('',(#122),#37,.T.);
#1395=ADVANCED_FACE('',(#123),#1360,.T.);
#1396=ADVANCED_FACE('',(#124),#33,.F.);
#1397=ADVANCED_FACE('',(#125),#1361,.T.);
#1398=ADVANCED_FACE('',(#126),#1362,.T.);
#1399=ADVANCED_FACE('',(#127),#1363,.T.);
#1400=ADVANCED_FACE('',(#128),#52,.T.);
#1401=ADVANCED_FACE('',(#129),#1364,.F.);
#1402=ADVANCED_FACE('',(#130),#1365,.F.);
#1403=ADVANCED_FACE('',(#131),#53,.T.);
#1404=ADVANCED_FACE('',(#132),#1366,.F.);
#1405=ADVANCED_FACE('',(#133),#54,.T.);
#1406=ADVANCED_FACE('',(#134),#15,.F.);
#1407=ADVANCED_FACE('',(#135),#1367,.F.);
#1408=ADVANCED_FACE('',(#136),#55,.T.);
#1409=ADVANCED_FACE('',(#137),#56,.T.);
#1410=ADVANCED_FACE('',(#138),#57,.T.);
#1411=ADVANCED_FACE('',(#139),#58,.T.);
#1412=ADVANCED_FACE('',(#140),#59,.T.);
#1413=ADVANCED_FACE('',(#141),#60,.T.);
#1414=ADVANCED_FACE('',(#142),#61,.T.);
#1415=ADVANCED_FACE('',(#143),#62,.F.);
#1416=ADVANCED_FACE('',(#144),#63,.F.);
#1417=ADVANCED_FACE('',(#145),#64,.F.);
#1418=ADVANCED_FACE('',(#146),#65,.T.);
#1419=ADVANCED_FACE('',(#147),#66,.T.);
#1420=ADVANCED_FACE('',(#148),#67,.T.);
#1421=ADVANCED_FACE('',(#149),#68,.T.);
#1422=ADVANCED_FACE('',(#150),#69,.T.);
#1423=ADVANCED_FACE('',(#151),#70,.T.);
#1424=ADVANCED_FACE('',(#152),#71,.F.);
#1425=ADVANCED_FACE('',(#153),#72,.F.);
#1426=ADVANCED_FACE('',(#154),#73,.F.);
#1427=ADVANCED_FACE('',(#155),#74,.T.);
#1428=ADVANCED_FACE('',(#156),#75,.T.);
#1429=ADVANCED_FACE('',(#157),#76,.T.);
#1430=ADVANCED_FACE('',(#158),#77,.T.);
#1431=ADVANCED_FACE('',(#159),#78,.T.);
#1432=ADVANCED_FACE('',(#160),#79,.T.);
#1433=ADVANCED_FACE('',(#161),#80,.F.);
#1434=ADVANCED_FACE('',(#162),#81,.F.);
#1435=ADVANCED_FACE('',(#163),#82,.F.);
#1436=ADVANCED_FACE('',(#164),#83,.F.);
#1437=ADVANCED_FACE('',(#165),#84,.F.);
#1438=ADVANCED_FACE('',(#166),#85,.F.);
#1439=ADVANCED_FACE('',(#167,#43),#86,.F.);
#1440=ADVANCED_FACE('',(#168),#87,.F.);
#1441=ADVANCED_FACE('',(#169),#88,.F.);
#1442=ADVANCED_FACE('',(#170),#89,.F.);
#1443=ADVANCED_FACE('',(#171,#44),#90,.F.);
#1444=ADVANCED_FACE('',(#172),#91,.F.);
#1445=ADVANCED_FACE('',(#173),#92,.F.);
#1446=ADVANCED_FACE('',(#174),#93,.F.);
#1447=ADVANCED_FACE('',(#175,#45),#94,.F.);
#1448=ADVANCED_FACE('',(#176),#1368,.F.);
#1449=ADVANCED_FACE('',(#177),#95,.T.);
#1450=ADVANCED_FACE('',(#178),#96,.T.);
#1451=ADVANCED_FACE('',(#179),#97,.T.);
#1452=ADVANCED_FACE('',(#180),#98,.F.);
#1453=ADVANCED_FACE('',(#181),#99,.T.);
#1454=ADVANCED_FACE('',(#182),#1369,.F.);
#1455=ADVANCED_FACE('',(#183),#1370,.F.);
#1456=ADVANCED_FACE('',(#184),#1371,.F.);
#1457=CLOSED_SHELL('',(#1372,#1373,#1374,#1375,#1376,#1377,#1378,#1379,
#1380,#1381,#1382,#1383,#1384,#1385,#1386,#1387,#1388,#1389,#1390,#1391,
#1392,#1393,#1394,#1395,#1396,#1397,#1398,#1399,#1400,#1401,#1402,#1403,
#1404,#1405,#1406,#1407,#1408,#1409,#1410,#1411,#1412,#1413,#1414,#1415,
#1416,#1417,#1418,#1419,#1420,#1421,#1422,#1423,#1424,#1425,#1426,#1427,
#1428,#1429,#1430,#1431,#1432,#1433,#1434,#1435,#1436,#1437,#1438,#1439,
#1440,#1441,#1442,#1443,#1444,#1445,#1446,#1447,#1448,#1449,#1450,#1451,
#1452,#1453,#1454,#1455,#1456));
#1458=DERIVED_UNIT_ELEMENT(#1460,1.);
#1459=DERIVED_UNIT_ELEMENT(#2580,-3.);
#1460=(
MASS_UNIT()
NAMED_UNIT(*)
SI_UNIT(.KILO.,.GRAM.)
);
#1461=DERIVED_UNIT((#1458,#1459));
#1462=MEASURE_REPRESENTATION_ITEM('density measure',
POSITIVE_RATIO_MEASURE(2700.),#1461);
#1463=PROPERTY_DEFINITION_REPRESENTATION(#1468,#1465);
#1464=PROPERTY_DEFINITION_REPRESENTATION(#1469,#1466);
#1465=REPRESENTATION('material name',(#1467),#2577);
#1466=REPRESENTATION('density',(#1462),#2577);
#1467=DESCRIPTIVE_REPRESENTATION_ITEM('Aluminum 6061','Aluminum 6061');
#1468=PROPERTY_DEFINITION('material property','material name',#2587);
#1469=PROPERTY_DEFINITION('material property','density of part',#2587);
#1470=AXIS2_PLACEMENT_3D('',#2028,#1607,#1608);
#1471=AXIS2_PLACEMENT_3D('',#2029,#1609,#1610);
#1472=AXIS2_PLACEMENT_3D('',#2032,#1611,#1612);
#1473=AXIS2_PLACEMENT_3D('',#2036,#1614,#1615);
#1474=AXIS2_PLACEMENT_3D('',#2038,#1617,#1618);
#1475=AXIS2_PLACEMENT_3D('',#2044,#1622,#1623);
#1476=AXIS2_PLACEMENT_3D('',#2048,#1625,#1626);
#1477=AXIS2_PLACEMENT_3D('',#2052,#1628,#1629);
#1478=AXIS2_PLACEMENT_3D('',#2056,#1631,#1632);
#1479=AXIS2_PLACEMENT_3D('',#2060,#1634,#1635);
#1480=AXIS2_PLACEMENT_3D('',#2063,#1637,#1638);
#1481=AXIS2_PLACEMENT_3D('',#2065,#1639,#1640);
#1482=AXIS2_PLACEMENT_3D('',#2067,#1641,#1642);
#1483=AXIS2_PLACEMENT_3D('',#2069,#1643,#1644);
#1484=AXIS2_PLACEMENT_3D('',#2070,#1645,#1646);
#1485=AXIS2_PLACEMENT_3D('',#2073,#1647,#1648);
#1486=AXIS2_PLACEMENT_3D('',#2076,#1651,#1652);
#1487=AXIS2_PLACEMENT_3D('',#2080,#1655,#1656);
#1488=AXIS2_PLACEMENT_3D('',#2082,#1657,#1658);
#1489=AXIS2_PLACEMENT_3D('',#2086,#1660,#1661);
#1490=AXIS2_PLACEMENT_3D('',#2090,#1663,#1664);
#1491=AXIS2_PLACEMENT_3D('',#2093,#1666,#1667);
#1492=AXIS2_PLACEMENT_3D('',#2139,#1691,#1692);
#1493=AXIS2_PLACEMENT_3D('',#2141,#1694,#1695);
#1494=AXIS2_PLACEMENT_3D('',#2143,#1697,#1698);
#1495=AXIS2_PLACEMENT_3D('',#2145,#1700,#1701);
#1496=AXIS2_PLACEMENT_3D('',#2147,#1703,#1704);
#1497=AXIS2_PLACEMENT_3D('',#2149,#1706,#1707);
#1498=AXIS2_PLACEMENT_3D('',#2151,#1709,#1710);
#1499=AXIS2_PLACEMENT_3D('',#2154,#1711,#1712);
#1500=AXIS2_PLACEMENT_3D('',#2156,#1713,#1714);
#1501=AXIS2_PLACEMENT_3D('',#2158,#1715,#1716);
#1502=AXIS2_PLACEMENT_3D('',#2159,#1717,#1718);
#1503=AXIS2_PLACEMENT_3D('',#2160,#1719,#1720);
#1504=AXIS2_PLACEMENT_3D('',#2163,#1721,#1722);
#1505=AXIS2_PLACEMENT_3D('',#2196,#1725,#1726);
#1506=AXIS2_PLACEMENT_3D('',#2197,#1727,#1728);
#1507=AXIS2_PLACEMENT_3D('',#2198,#1729,#1730);
#1508=AXIS2_PLACEMENT_3D('',#2201,#1731,#1732);
#1509=AXIS2_PLACEMENT_3D('',#2203,#1733,#1734);
#1510=AXIS2_PLACEMENT_3D('',#2205,#1735,#1736);
#1511=AXIS2_PLACEMENT_3D('',#2206,#1737,#1738);
#1512=AXIS2_PLACEMENT_3D('',#2239,#1739,#1740);
#1513=AXIS2_PLACEMENT_3D('',#2240,#1741,#1742);
#1514=AXIS2_PLACEMENT_3D('',#2241,#1743,#1744);
#1515=AXIS2_PLACEMENT_3D('',#2242,#1745,#1746);
#1516=AXIS2_PLACEMENT_3D('',#2245,#1749,#1750);
#1517=AXIS2_PLACEMENT_3D('',#2248,#1751,#1752);
#1518=AXIS2_PLACEMENT_3D('',#2250,#1753,#1754);
#1519=AXIS2_PLACEMENT_3D('',#2252,#1755,#1756);
#1520=AXIS2_PLACEMENT_3D('',#2253,#1757,#1758);
#1521=AXIS2_PLACEMENT_3D('',#2254,#1759,#1760);
#1522=AXIS2_PLACEMENT_3D('',#2257,#1761,#1762);
#1523=AXIS2_PLACEMENT_3D('',#2290,#1765,#1766);
#1524=AXIS2_PLACEMENT_3D('',#2291,#1767,#1768);
#1525=AXIS2_PLACEMENT_3D('',#2292,#1769,#1770);
#1526=AXIS2_PLACEMENT_3D('',#2308,#1774,#1775);
#1527=AXIS2_PLACEMENT_3D('',#2311,#1776,#1777);
#1528=AXIS2_PLACEMENT_3D('',#2313,#1778,#1779);
#1529=AXIS2_PLACEMENT_3D('',#2315,#1780,#1781);
#1530=AXIS2_PLACEMENT_3D('',#2316,#1782,#1783);
#1531=AXIS2_PLACEMENT_3D('',#2317,#1784,#1785);
#1532=AXIS2_PLACEMENT_3D('',#2320,#1786,#1787);
#1533=AXIS2_PLACEMENT_3D('',#2353,#1790,#1791);
#1534=AXIS2_PLACEMENT_3D('',#2354,#1792,#1793);
#1535=AXIS2_PLACEMENT_3D('',#2355,#1794,#1795);
#1536=AXIS2_PLACEMENT_3D('',#2358,#1798,#1799);
#1537=AXIS2_PLACEMENT_3D('',#2374,#1803,#1804);
#1538=AXIS2_PLACEMENT_3D('',#2377,#1807,#1808);
#1539=AXIS2_PLACEMENT_3D('',#2379,#1810,#1811);
#1540=AXIS2_PLACEMENT_3D('',#2381,#1812,#1813);
#1541=AXIS2_PLACEMENT_3D('',#2384,#1815,#1816);
#1542=AXIS2_PLACEMENT_3D('',#2386,#1818,#1819);
#1543=AXIS2_PLACEMENT_3D('',#2387,#1820,#1821);
#1544=AXIS2_PLACEMENT_3D('',#2389,#1823,#1824);
#1545=AXIS2_PLACEMENT_3D('',#2391,#1825,#1826);
#1546=AXIS2_PLACEMENT_3D('',#2394,#1828,#1829);
#1547=AXIS2_PLACEMENT_3D('',#2395,#1830,#1831);
#1548=AXIS2_PLACEMENT_3D('',#2396,#1832,#1833);
#1549=AXIS2_PLACEMENT_3D('',#2397,#1834,#1835);
#1550=AXIS2_PLACEMENT_3D('',#2399,#1836,#1837);
#1551=AXIS2_PLACEMENT_3D('',#2402,#1839,#1840);
#1552=AXIS2_PLACEMENT_3D('',#2403,#1841,#1842);
#1553=AXIS2_PLACEMENT_3D('',#2404,#1843,#1844);
#1554=AXIS2_PLACEMENT_3D('',#2406,#1846,#1847);
#1555=AXIS2_PLACEMENT_3D('',#2407,#1848,#1849);
#1556=AXIS2_PLACEMENT_3D('',#2413,#1853,#1854);
#1557=AXIS2_PLACEMENT_3D('',#2417,#1857,#1858);
#1558=AXIS2_PLACEMENT_3D('',#2421,#1861,#1862);
#1559=AXIS2_PLACEMENT_3D('',#2427,#1866,#1867);
#1560=AXIS2_PLACEMENT_3D('',#2429,#1869,#1870);
#1561=AXIS2_PLACEMENT_3D('',#2431,#1872,#1873);
#1562=AXIS2_PLACEMENT_3D('',#2437,#1877,#1878);
#1563=AXIS2_PLACEMENT_3D('',#2441,#1881,#1882);
#1564=AXIS2_PLACEMENT_3D('',#2445,#1885,#1886);
#1565=AXIS2_PLACEMENT_3D('',#2451,#1890,#1891);
#1566=AXIS2_PLACEMENT_3D('',#2455,#1894,#1895);
#1567=AXIS2_PLACEMENT_3D('',#2459,#1898,#1899);
#1568=AXIS2_PLACEMENT_3D('',#2463,#1902,#1903);
#1569=AXIS2_PLACEMENT_3D('',#2467,#1906,#1907);
#1570=AXIS2_PLACEMENT_3D('',#2469,#1909,#1910);
#1571=AXIS2_PLACEMENT_3D('',#2475,#1914,#1915);
#1572=AXIS2_PLACEMENT_3D('',#2479,#1918,#1919);
#1573=AXIS2_PLACEMENT_3D('',#2483,#1922,#1923);
#1574=AXIS2_PLACEMENT_3D('',#2489,#1927,#1928);
#1575=AXIS2_PLACEMENT_3D('',#2493,#1931,#1932);
#1576=AXIS2_PLACEMENT_3D('',#2497,#1935,#1936);
#1577=AXIS2_PLACEMENT_3D('',#2501,#1939,#1940);
#1578=AXIS2_PLACEMENT_3D('',#2505,#1943,#1944);
#1579=AXIS2_PLACEMENT_3D('',#2507,#1946,#1947);
#1580=AXIS2_PLACEMENT_3D('',#2513,#1951,#1952);
#1581=AXIS2_PLACEMENT_3D('',#2517,#1955,#1956);
#1582=AXIS2_PLACEMENT_3D('',#2521,#1959,#1960);
#1583=AXIS2_PLACEMENT_3D('',#2525,#1963,#1964);
#1584=AXIS2_PLACEMENT_3D('',#2529,#1967,#1968);
#1585=AXIS2_PLACEMENT_3D('',#2531,#1970,#1971);
#1586=AXIS2_PLACEMENT_3D('',#2533,#1972,#1973);
#1587=AXIS2_PLACEMENT_3D('',#2534,#1974,#1975);
#1588=AXIS2_PLACEMENT_3D('',#2538,#1978,#1979);
#1589=AXIS2_PLACEMENT_3D('',#2542,#1982,#1983);
#1590=AXIS2_PLACEMENT_3D('',#2544,#1985,#1986);
#1591=AXIS2_PLACEMENT_3D('',#2546,#1987,#1988);
#1592=AXIS2_PLACEMENT_3D('',#2547,#1989,#1990);
#1593=AXIS2_PLACEMENT_3D('',#2551,#1993,#1994);
#1594=AXIS2_PLACEMENT_3D('',#2555,#1997,#1998);
#1595=AXIS2_PLACEMENT_3D('',#2557,#2000,#2001);
#1596=AXIS2_PLACEMENT_3D('',#2559,#2002,#2003);
#1597=AXIS2_PLACEMENT_3D('',#2560,#2004,#2005);
#1598=AXIS2_PLACEMENT_3D('',#2563,#2007,#2008);
#1599=AXIS2_PLACEMENT_3D('',#2564,#2009,#2010);
#1600=AXIS2_PLACEMENT_3D('',#2565,#2011,#2012);
#1601=AXIS2_PLACEMENT_3D('',#2566,#2013,#2014);
#1602=AXIS2_PLACEMENT_3D('',#2567,#2015,#2016);
#1603=AXIS2_PLACEMENT_3D('',#2568,#2017,#2018);
#1604=AXIS2_PLACEMENT_3D('',#2569,#2019,#2020);
#1605=AXIS2_PLACEMENT_3D('',#2571,#2022,#2023);
#1606=AXIS2_PLACEMENT_3D('',#2573,#2025,#2026);
#1607=DIRECTION('axis',(0.,0.,1.));
#1608=DIRECTION('refdir',(1.,0.,0.));
#1609=DIRECTION('center_axis',(0.,0.,1.));
#1610=DIRECTION('ref_axis',(-0.707106781186548,0.707106781186547,0.));
#1611=DIRECTION('center_axis',(0.,0.,-1.));
#1612=DIRECTION('ref_axis',(-0.707106781186548,0.707106781186547,0.));
#1613=DIRECTION('',(0.,0.,-1.));
#1614=DIRECTION('center_axis',(0.,0.,1.));
#1615=DIRECTION('ref_axis',(-0.707106781186548,0.707106781186547,0.));
#1616=DIRECTION('',(0.,0.,1.));
#1617=DIRECTION('center_axis',(0.,1.,0.));
#1618=DIRECTION('ref_axis',(-1.,0.,0.));
#1619=DIRECTION('',(-1.,0.,0.));
#1620=DIRECTION('',(0.,0.,1.));
#1621=DIRECTION('',(1.,0.,0.));
#1622=DIRECTION('center_axis',(0.,0.,1.));
#1623=DIRECTION('ref_axis',(1.,0.,0.));
#1624=DIRECTION('',(0.,-1.,0.));
#1625=DIRECTION('center_axis',(0.,0.,-1.));
#1626=DIRECTION('ref_axis',(-0.866025403784439,-0.499999999999999,0.));
#1627=DIRECTION('',(0.866025403784438,-0.500000000000002,0.));
#1628=DIRECTION('center_axis',(0.,0.,-1.));
#1629=DIRECTION('ref_axis',(-0.258819045102522,-0.965925826289068,0.));
#1630=DIRECTION('',(1.,0.,0.));
#1631=DIRECTION('center_axis',(0.,0.,-1.));
#1632=DIRECTION('ref_axis',(0.258819045102521,-0.965925826289068,0.));
#1633=DIRECTION('',(0.866025403784439,0.5,0.));
#1634=DIRECTION('center_axis',(0.,0.,-1.));
#1635=DIRECTION('ref_axis',(0.866025403784439,-0.5,0.));
#1636=DIRECTION('',(0.,1.,0.));
#1637=DIRECTION('center_axis',(0.,0.,-1.));
#1638=DIRECTION('ref_axis',(0.707106781186548,0.707106781186547,0.));
#1639=DIRECTION('center_axis',(0.,0.,-1.));
#1640=DIRECTION('ref_axis',(1.,0.,0.));
#1641=DIRECTION('center_axis',(0.,0.,-1.));
#1642=DIRECTION('ref_axis',(1.,0.,0.));
#1643=DIRECTION('center_axis',(0.,0.,-1.));
#1644=DIRECTION('ref_axis',(1.,0.,0.));
#1645=DIRECTION('center_axis',(0.,0.,-1.));
#1646=DIRECTION('ref_axis',(-0.866025403784439,-0.499999999999999,0.));
#1647=DIRECTION('center_axis',(0.,0.,1.));
#1648=DIRECTION('ref_axis',(-0.866025403784439,-0.499999999999999,0.));
#1649=DIRECTION('',(0.,0.,1.));
#1650=DIRECTION('',(0.,0.,-1.));
#1651=DIRECTION('center_axis',(-0.500000000000002,-0.866025403784438,0.));
#1652=DIRECTION('ref_axis',(0.866025403784438,-0.500000000000002,0.));
#1653=DIRECTION('',(0.866025403784438,-0.500000000000002,0.));
#1654=DIRECTION('',(0.,0.,-1.));
#1655=DIRECTION('center_axis',(0.,0.,1.));
#1656=DIRECTION('ref_axis',(1.,0.,0.));
#1657=DIRECTION('center_axis',(0.,0.,1.));
#1658=DIRECTION('ref_axis',(0.707106781186548,0.707106781186547,0.));
#1659=DIRECTION('',(0.,-1.,0.));
#1660=DIRECTION('center_axis',(0.,0.,1.));
#1661=DIRECTION('ref_axis',(0.866025403784439,-0.5,0.));
#1662=DIRECTION('',(0.866025403784439,0.5,0.));
#1663=DIRECTION('center_axis',(0.,0.,1.));
#1664=DIRECTION('ref_axis',(0.258819045102521,-0.965925826289068,0.));
#1665=DIRECTION('',(1.,0.,0.));
#1666=DIRECTION('center_axis',(0.,0.,1.));
#1667=DIRECTION('ref_axis',(-0.258819045102522,-0.965925826289068,0.));
#1668=DIRECTION('',(0.,1.,0.));
#1669=DIRECTION('',(0.,1.,0.));
#1670=DIRECTION('',(-1.,0.,0.));
#1671=DIRECTION('',(0.,-1.,0.));
#1672=DIRECTION('',(-0.866025403784458,0.499999999999967,0.));
#1673=DIRECTION('',(-0.86602540378442,-0.500000000000032,0.));
#1674=DIRECTION('',(3.69800516612234E-14,-1.,0.));
#1675=DIRECTION('',(0.866025403784458,-0.499999999999967,0.));
#1676=DIRECTION('',(0.86602540378442,0.500000000000032,0.));
#1677=DIRECTION('',(0.,-1.,0.));
#1678=DIRECTION('',(1.,0.,0.));
#1679=DIRECTION('',(0.,1.,0.));
#1680=DIRECTION('',(0.866025403784896,-0.499999999999207,0.));
#1681=DIRECTION('',(0.866025403783984,0.500000000000787,0.));
#1682=DIRECTION('',(-9.08969669833054E-13,1.,0.));
#1683=DIRECTION('',(-0.866025403784919,0.499999999999167,0.));
#1684=DIRECTION('',(-0.86602540378393,-0.500000000000881,0.));
#1685=DIRECTION('',(-3.1433043912039E-15,-1.,0.));
#1686=DIRECTION('',(0.866025403784437,-0.500000000000003,0.));
#1687=DIRECTION('',(0.86602540378444,0.499999999999998,0.));
#1688=DIRECTION('',(2.95840413289779E-15,1.,0.));
#1689=DIRECTION('',(-0.866025403784437,0.500000000000002,0.));
#1690=DIRECTION('',(-0.86602540378444,-0.499999999999997,0.));
#1691=DIRECTION('center_axis',(0.,0.,1.));
#1692=DIRECTION('ref_axis',(-0.258819045102522,-0.965925826289068,0.));
#1693=DIRECTION('',(0.,0.,1.));
#1694=DIRECTION('center_axis',(0.,-1.,0.));
#1695=DIRECTION('ref_axis',(1.,0.,0.));
#1696=DIRECTION('',(0.,0.,-1.));
#1697=DIRECTION('center_axis',(0.,0.,1.));
#1698=DIRECTION('ref_axis',(0.258819045102521,-0.965925826289068,0.));
#1699=DIRECTION('',(0.,0.,1.));
#1700=DIRECTION('center_axis',(0.,0.,-1.));
#1701=DIRECTION('ref_axis',(0.707106781186548,0.707106781186547,0.));
#1702=DIRECTION('',(0.,0.,-1.));
#1703=DIRECTION('center_axis',(-1.,0.,0.));
#1704=DIRECTION('ref_axis',(0.,-1.,0.));
#1705=DIRECTION('',(0.,0.,1.));
#1706=DIRECTION('center_axis',(0.,0.,1.));
#1707=DIRECTION('ref_axis',(0.866025403784439,-0.5,0.));
#1708=DIRECTION('',(0.,0.,-1.));
#1709=DIRECTION('center_axis',(0.,-1.,0.));
#1710=DIRECTION('ref_axis',(0.,0.,-1.));
#1711=DIRECTION('center_axis',(0.,-1.,0.));
#1712=DIRECTION('ref_axis',(0.707106781186547,0.,-0.707106781186548));
#1713=DIRECTION('center_axis',(0.,0.,1.));
#1714=DIRECTION('ref_axis',(1.,0.,0.));
#1715=DIRECTION('center_axis',(0.,1.,0.));
#1716=DIRECTION('ref_axis',(0.,0.,-1.));
#1717=DIRECTION('center_axis',(-1.,0.,0.));
#1718=DIRECTION('ref_axis',(0.,1.,0.));
#1719=DIRECTION('center_axis',(0.,0.,-1.));
#1720=DIRECTION('ref_axis',(0.707106781186548,0.707106781186547,0.));
#1721=DIRECTION('center_axis',(0.,0.,-1.));
#1722=DIRECTION('ref_axis',(0.,1.,0.));
#1723=DIRECTION('',(0.,0.,-1.));
#1724=DIRECTION('',(0.,0.,1.));
#1725=DIRECTION('center_axis',(-0.316227766016838,0.948683298050514,-5.26625020286505E-16));
#1726=DIRECTION('ref_axis',(-0.948683298050514,-0.316227766016838,-4.38854183572088E-17));
#1727=DIRECTION('center_axis',(0.948683298050514,-0.316227766016838,0.));
#1728=DIRECTION('ref_axis',(-0.316227766016838,-0.948683298050514,-4.38854183572088E-17));
#1729=DIRECTION('center_axis',(0.,-1.,0.));
#1730=DIRECTION('ref_axis',(0.,0.,-1.));
#1731=DIRECTION('center_axis',(0.,-1.,0.));
#1732=DIRECTION('ref_axis',(1.,0.,0.));
#1733=DIRECTION('center_axis',(0.,0.,1.));
#1734=DIRECTION('ref_axis',(0.,-1.,0.));
#1735=DIRECTION('center_axis',(0.,1.,0.));
#1736=DIRECTION('ref_axis',(0.707106781186548,0.,-0.707106781186548));
#1737=DIRECTION('center_axis',(-1.,0.,0.));
#1738=DIRECTION('ref_axis',(0.,0.,-1.));
#1739=DIRECTION('center_axis',(6.93889390390723E-17,-6.93889390390723E-17,
1.));
#1740=DIRECTION('ref_axis',(-5.55111512312578E-16,-1.,-6.93889390390723E-17));
#1741=DIRECTION('center_axis',(0.948683298050514,0.316227766016838,0.));
#1742=DIRECTION('ref_axis',(-0.316227766016838,0.948683298050514,-4.38854183572088E-17));
#1743=DIRECTION('center_axis',(-0.316227766016838,-0.948683298050514,0.));
#1744=DIRECTION('ref_axis',(-0.948683298050514,0.316227766016838,-4.38854183572088E-17));
#1745=DIRECTION('center_axis',(0.,0.,-1.));
#1746=DIRECTION('ref_axis',(0.707106781186548,-0.707106781186547,0.));
#1747=DIRECTION('',(0.,0.,-1.));
#1748=DIRECTION('',(0.,0.,1.));
#1749=DIRECTION('center_axis',(0.,1.,0.));
#1750=DIRECTION('ref_axis',(0.,0.,1.));
#1751=DIRECTION('center_axis',(0.,1.,0.));
#1752=DIRECTION('ref_axis',(-1.,0.,0.));
#1753=DIRECTION('center_axis',(0.,0.,1.));
#1754=DIRECTION('ref_axis',(0.,1.,0.));
#1755=DIRECTION('center_axis',(0.,-1.,0.));
#1756=DIRECTION('ref_axis',(-0.707106781186548,0.,-0.707106781186548));
#1757=DIRECTION('center_axis',(1.,0.,0.));
#1758=DIRECTION('ref_axis',(0.,0.,-1.));
#1759=DIRECTION('center_axis',(0.,0.,-1.));
#1760=DIRECTION('ref_axis',(-0.707106781186548,0.707106781186547,0.));
#1761=DIRECTION('center_axis',(0.,0.,-1.));
#1762=DIRECTION('ref_axis',(-1.,0.,0.));
#1763=DIRECTION('',(0.,0.,-1.));
#1764=DIRECTION('',(0.,0.,1.));
#1765=DIRECTION('center_axis',(-0.948683298050514,-0.316227766016838,0.));
#1766=DIRECTION('ref_axis',(0.316227766016838,-0.948683298050514,-4.38854183572088E-17));
#1767=DIRECTION('center_axis',(0.316227766016838,0.948683298050514,0.));
#1768=DIRECTION('ref_axis',(0.948683298050514,-0.316227766016838,-4.38854183572088E-17));
#1769=DIRECTION('center_axis',(1.,0.,0.));
#1770=DIRECTION('ref_axis',(0.,0.707106781186548,-0.707106781186547));
#1771=DIRECTION('',(-1.,0.,0.));
#1772=DIRECTION('',(1.,0.,0.));
#1773=DIRECTION('',(-1.,0.,0.));
#1774=DIRECTION('center_axis',(0.,1.,0.));
#1775=DIRECTION('ref_axis',(0.,0.,1.));
#1776=DIRECTION('center_axis',(0.,1.,0.));
#1777=DIRECTION('ref_axis',(-0.707106781186547,0.,-0.707106781186548));
#1778=DIRECTION('center_axis',(0.,0.,1.));
#1779=DIRECTION('ref_axis',(-1.,0.,0.));
#1780=DIRECTION('center_axis',(0.,-1.,0.));
#1781=DIRECTION('ref_axis',(0.,0.,-1.));
#1782=DIRECTION('center_axis',(1.,0.,0.));
#1783=DIRECTION('ref_axis',(0.,-1.,0.));
#1784=DIRECTION('center_axis',(0.,0.,-1.));
#1785=DIRECTION('ref_axis',(-0.707106781186548,-0.707106781186547,0.));
#1786=DIRECTION('center_axis',(0.,0.,-1.));
#1787=DIRECTION('ref_axis',(0.,-1.,0.));
#1788=DIRECTION('',(0.,0.,-1.));
#1789=DIRECTION('',(0.,0.,1.));
#1790=DIRECTION('center_axis',(0.316227766016838,-0.948683298050514,0.));
#1791=DIRECTION('ref_axis',(0.948683298050514,0.316227766016838,-4.38854183572088E-17));
#1792=DIRECTION('center_axis',(-0.948683298050514,0.316227766016838,0.));
#1793=DIRECTION('ref_axis',(0.316227766016838,0.948683298050514,-4.38854183572088E-17));
#1794=DIRECTION('center_axis',(0.,1.,0.));
#1795=DIRECTION('ref_axis',(-0.707106781186547,0.,-0.707106781186547));
#1796=DIRECTION('',(0.,-1.,0.));
#1797=DIRECTION('',(0.,1.,0.));
#1798=DIRECTION('center_axis',(-1.,0.,0.));
#1799=DIRECTION('ref_axis',(0.,-0.707106781186548,-0.707106781186547));
#1800=DIRECTION('',(1.,0.,0.));
#1801=DIRECTION('',(-1.,0.,0.));
#1802=DIRECTION('',(1.,0.,0.));
#1803=DIRECTION('center_axis',(0.,-1.,0.));
#1804=DIRECTION('ref_axis',(0.707106781186547,0.,-0.707106781186547));
#1805=DIRECTION('',(0.,1.,0.));
#1806=DIRECTION('',(0.,-1.,0.));
#1807=DIRECTION('center_axis',(0.,1.,0.));
#1808=DIRECTION('ref_axis',(1.,0.,0.));
#1809=DIRECTION('',(-1.,0.,0.));
#1810=DIRECTION('center_axis',(0.,1.,0.));
#1811=DIRECTION('ref_axis',(-0.707106781186548,0.,0.707106781186547));
#1812=DIRECTION('center_axis',(0.353553390593296,-0.61237243569578,-0.707106781186549));
#1813=DIRECTION('ref_axis',(-0.27386127875259,-0.790569415042106,0.547722557505147));
#1814=DIRECTION('',(0.,-1.,0.));
#1815=DIRECTION('center_axis',(0.353553390593251,0.612372435695808,-0.707106781186548));
#1816=DIRECTION('ref_axis',(-0.273861278752575,0.790569415042085,0.547722557505185));
#1817=DIRECTION('',(0.,1.,0.));
#1818=DIRECTION('center_axis',(-1.,0.,0.));
#1819=DIRECTION('ref_axis',(0.,-0.707106781186548,0.707106781186547));
#1820=DIRECTION('center_axis',(-1.,0.,0.));
#1821=DIRECTION('ref_axis',(0.,1.,0.));
#1822=DIRECTION('',(0.,-1.,0.));
#1823=DIRECTION('center_axis',(0.,-1.,0.));
#1824=DIRECTION('ref_axis',(0.707106781186548,0.,0.707106781186547));
#1825=DIRECTION('center_axis',(-0.353553390593898,0.612372435695437,-0.707106781186545));
#1826=DIRECTION('ref_axis',(0.27386127875281,0.790569415042372,0.547722557504652));
#1827=DIRECTION('',(0.,1.,0.));
#1828=DIRECTION('center_axis',(-0.353553390592712,-0.612372435696116,-0.70710678118655));
#1829=DIRECTION('ref_axis',(0.273861278752378,-0.790569415041846,0.547722557505628));
#1830=DIRECTION('center_axis',(0.,0.,-1.));
#1831=DIRECTION('ref_axis',(-1.,0.,0.));
#1832=DIRECTION('center_axis',(0.,0.,-1.));
#1833=DIRECTION('ref_axis',(1.,0.,0.));
#1834=DIRECTION('center_axis',(0.,0.,-1.));
#1835=DIRECTION('ref_axis',(1.,0.,0.));
#1836=DIRECTION('center_axis',(0.,0.,-1.));
#1837=DIRECTION('ref_axis',(1.,0.,0.));
#1838=DIRECTION('',(0.707106781186549,-8.65956056235495E-17,0.707106781186546));
#1839=DIRECTION('center_axis',(0.,0.,1.));
#1840=DIRECTION('ref_axis',(1.,0.,0.));
#1841=DIRECTION('center_axis',(0.,0.,-1.));
#1842=DIRECTION('ref_axis',(1.,0.,0.));
#1843=DIRECTION('center_axis',(1.,0.,0.));
#1844=DIRECTION('ref_axis',(0.,0.707106781186548,0.707106781186547));
#1845=DIRECTION('',(1.,0.,0.));
#1846=DIRECTION('center_axis',(0.,-1.,0.));
#1847=DIRECTION('ref_axis',(-1.,0.,0.));
#1848=DIRECTION('center_axis',(0.353553390593272,0.612372435695788,-0.707106781186554));
#1849=DIRECTION('ref_axis',(-0.894427190999918,0.,-0.447213595499953));
#1850=DIRECTION('',(0.654653670707976,0.377964473009235,0.654653670707974));
#1851=DIRECTION('',(0.866025403784437,-0.500000000000002,0.));
#1852=DIRECTION('',(1.2037816766842E-14,0.755928946018457,0.654653670707974));
#1853=DIRECTION('center_axis',(0.707106781186547,-2.09190762386233E-15,
-0.707106781186548));
#1854=DIRECTION('ref_axis',(-0.707106781186548,0.,-0.707106781186547));
#1855=DIRECTION('',(0.654653670707976,-0.37796447300923,0.654653670707977));
#1856=DIRECTION('',(-2.95840413289779E-15,-1.,0.));
#1857=DIRECTION('center_axis',(0.353553390593272,-0.612372435695795,-0.707106781186549));
#1858=DIRECTION('ref_axis',(-0.894427190999917,0.,-0.447213595499955));
#1859=DIRECTION('',(2.72554341890764E-15,-0.755928946018455,0.654653670707977));
#1860=DIRECTION('',(-0.86602540378444,-0.499999999999998,0.));
#1861=DIRECTION('center_axis',(-0.707106781186546,2.22265185035373E-15,
-0.707106781186549));
#1862=DIRECTION('ref_axis',(-0.707106781186549,0.,0.707106781186546));
#1863=DIRECTION('',(3.1433043912039E-15,1.,0.));
#1864=DIRECTION('',(0.65465367070798,0.37796447300922,-0.654653670707978));
#1865=DIRECTION('',(-0.654653670707977,0.37796447300923,0.654653670707976));
#1866=DIRECTION('center_axis',(-0.353553390593277,-0.612372435695795,-0.707106781186546));
#1867=DIRECTION('ref_axis',(-0.894427190999914,0.,0.447213595499962));
#1868=DIRECTION('',(-0.866025403784437,0.500000000000003,0.));
#1869=DIRECTION('center_axis',(-0.353553390593271,0.612372435695795,-0.707106781186549));
#1870=DIRECTION('ref_axis',(-0.894427190999918,0.,0.447213595499955));
#1871=DIRECTION('',(0.86602540378444,0.499999999999997,0.));
#1872=DIRECTION('center_axis',(-0.499999999999998,0.86602540378444,0.));
#1873=DIRECTION('ref_axis',(-0.86602540378444,-0.499999999999998,0.));
#1874=DIRECTION('',(0.,0.,1.));
#1875=DIRECTION('',(-0.86602540378444,-0.499999999999998,0.));
#1876=DIRECTION('',(0.,0.,1.));
#1877=DIRECTION('center_axis',(0.500000000000004,0.866025403784437,0.));
#1878=DIRECTION('ref_axis',(-0.866025403784437,0.500000000000003,0.));
#1879=DIRECTION('',(0.,0.,1.));
#1880=DIRECTION('',(-0.866025403784437,0.500000000000003,0.));
#1881=DIRECTION('center_axis',(1.,-3.1433043912039E-15,0.));
#1882=DIRECTION('ref_axis',(3.1433043912039E-15,1.,0.));
#1883=DIRECTION('',(0.,0.,1.));
#1884=DIRECTION('',(3.1433043912039E-15,1.,0.));
#1885=DIRECTION('center_axis',(-0.353553390593295,0.61237243569578,-0.70710678118655));
#1886=DIRECTION('ref_axis',(-0.894427190999905,0.,0.447213595499979));
#1887=DIRECTION('',(-3.63405789187685E-14,0.755928946018456,0.654653670707975));
#1888=DIRECTION('',(0.86602540378442,0.500000000000032,0.));
#1889=DIRECTION('',(-0.654653670707991,0.377964473009207,0.654653670707976));
#1890=DIRECTION('center_axis',(0.353553390593251,0.612372435695808,-0.707106781186548));
#1891=DIRECTION('ref_axis',(-0.894427190999928,0.,-0.447213595499935));
#1892=DIRECTION('',(0.654653670707962,0.377964473009253,0.654653670707977));
#1893=DIRECTION('',(0.866025403784458,-0.499999999999967,0.));
#1894=DIRECTION('center_axis',(-0.707106781186547,-2.61488452982799E-14,
-0.707106781186548));
#1895=DIRECTION('ref_axis',(-0.707106781186548,0.,0.707106781186547));
#1896=DIRECTION('',(-3.69800516612234E-14,1.,0.));
#1897=DIRECTION('',(0.654653670707959,0.377964473009253,-0.65465367070798));
#1898=DIRECTION('center_axis',(0.707106781186549,2.614884529828E-14,-0.707106781186546));
#1899=DIRECTION('ref_axis',(-0.707106781186546,0.,-0.707106781186549));
#1900=DIRECTION('',(0.654653670707989,-0.377964473009206,0.654653670707978));
#1901=DIRECTION('',(3.69800516612234E-14,-1.,0.));
#1902=DIRECTION('center_axis',(0.353553390593296,-0.61237243569578,-0.707106781186549));
#1903=DIRECTION('ref_axis',(-0.894427190999905,0.,-0.44721359549998));
#1904=DIRECTION('',(2.90724631350149E-14,-0.755928946018453,0.654653670707979));
#1905=DIRECTION('',(-0.86602540378442,-0.500000000000032,0.));
#1906=DIRECTION('center_axis',(-0.353553390593251,-0.612372435695809,-0.707106781186546));
#1907=DIRECTION('ref_axis',(-0.894427190999927,0.,0.447213595499935));
#1908=DIRECTION('',(-0.866025403784458,0.499999999999967,0.));
#1909=DIRECTION('center_axis',(0.499999999999967,0.866025403784458,0.));
#1910=DIRECTION('ref_axis',(-0.866025403784458,0.499999999999967,0.));
#1911=DIRECTION('',(0.,0.,1.));
#1912=DIRECTION('',(-0.866025403784458,0.499999999999967,0.));
#1913=DIRECTION('',(0.,0.,1.));
#1914=DIRECTION('center_axis',(1.,3.69800516612234E-14,0.));
#1915=DIRECTION('ref_axis',(-3.69800516612234E-14,1.,0.));
#1916=DIRECTION('',(0.,0.,1.));
#1917=DIRECTION('',(-3.69800516612234E-14,1.,0.));
#1918=DIRECTION('center_axis',(0.500000000000032,-0.86602540378442,0.));
#1919=DIRECTION('ref_axis',(0.86602540378442,0.500000000000032,0.));
#1920=DIRECTION('',(0.,0.,1.));
#1921=DIRECTION('',(0.86602540378442,0.500000000000032,0.));
#1922=DIRECTION('center_axis',(0.353553390592685,0.612372435696134,-0.707106781186548));
#1923=DIRECTION('ref_axis',(-0.894427191000214,0.,-0.447213595499362));
#1924=DIRECTION('',(0.654653670707629,0.377964473009842,0.65465367070797));
#1925=DIRECTION('',(0.866025403784919,-0.499999999999167,0.));
#1926=DIRECTION('',(-7.48615925726626E-13,0.755928946018459,0.654653670707972));
#1927=DIRECTION('center_axis',(0.707106781186547,6.4273861743185E-13,-0.707106781186548));
#1928=DIRECTION('ref_axis',(-0.707106781186548,0.,-0.707106781186547));
#1929=DIRECTION('',(0.654653670708318,-0.377964473008639,0.654653670707976));
#1930=DIRECTION('',(9.08969669833054E-13,-1.,0.));
#1931=DIRECTION('center_axis',(-0.353553390593898,0.612372435695437,-0.707106781186545));
#1932=DIRECTION('ref_axis',(-0.8944271909996,0.,0.44721359550059));
#1933=DIRECTION('',(0.86602540378393,0.500000000000881,0.));
#1934=DIRECTION('',(-0.654653670708272,0.377964473008652,0.654653670708015));
#1935=DIRECTION('center_axis',(0.353553390593828,-0.612372435695469,-0.707106781186552));
#1936=DIRECTION('ref_axis',(-0.894427190999637,0.,-0.447213595500516));
#1937=DIRECTION('',(6.90470999456601E-13,-0.755928946018456,0.654653670707975));
#1938=DIRECTION('',(-0.866025403783984,-0.500000000000787,0.));
#1939=DIRECTION('center_axis',(-0.353553390592712,-0.612372435696116,-0.70710678118655));
#1940=DIRECTION('ref_axis',(-0.894427191000201,0.,0.447213595499389));
#1941=DIRECTION('',(-0.654653670707696,-0.377964473009763,0.654653670707949));
#1942=DIRECTION('',(-0.866025403784896,0.499999999999207,0.));
#1943=DIRECTION('center_axis',(-0.707106781186547,-4.80092799676545E-13,
-0.707106781186548));
#1944=DIRECTION('ref_axis',(-0.707106781186548,0.,0.707106781186547));
#1945=DIRECTION('',(-6.78953748500239E-13,1.,0.));
#1946=DIRECTION('center_axis',(1.,6.78953748500239E-13,0.));
#1947=DIRECTION('ref_axis',(-6.78953748500239E-13,1.,0.));
#1948=DIRECTION('',(0.,0.,1.));
#1949=DIRECTION('',(-6.78953748500239E-13,1.,0.));
#1950=DIRECTION('',(0.,0.,1.));
#1951=DIRECTION('center_axis',(0.500000000000881,-0.86602540378393,0.));
#1952=DIRECTION('ref_axis',(0.86602540378393,0.500000000000881,0.));
#1953=DIRECTION('',(0.,0.,1.));
#1954=DIRECTION('',(0.86602540378393,0.500000000000881,0.));
#1955=DIRECTION('center_axis',(-0.499999999999167,-0.866025403784919,0.));
#1956=DIRECTION('ref_axis',(0.866025403784919,-0.499999999999167,0.));
#1957=DIRECTION('',(0.,0.,1.));
#1958=DIRECTION('',(0.866025403784919,-0.499999999999167,0.));
#1959=DIRECTION('center_axis',(-1.,-9.08969669833054E-13,0.));
#1960=DIRECTION('ref_axis',(9.08969669833054E-13,-1.,0.));
#1961=DIRECTION('',(0.,0.,1.));
#1962=DIRECTION('',(9.08969669833054E-13,-1.,0.));
#1963=DIRECTION('center_axis',(-0.500000000000787,0.866025403783984,0.));
#1964=DIRECTION('ref_axis',(-0.866025403783984,-0.500000000000787,0.));
#1965=DIRECTION('',(0.,0.,1.));
#1966=DIRECTION('',(-0.866025403783984,-0.500000000000787,0.));
#1967=DIRECTION('center_axis',(0.499999999999207,0.866025403784896,0.));
#1968=DIRECTION('ref_axis',(-0.866025403784896,0.499999999999207,0.));
#1969=DIRECTION('',(-0.866025403784896,0.499999999999207,0.));
#1970=DIRECTION('center_axis',(0.,0.,1.));
#1971=DIRECTION('ref_axis',(1.,0.,0.));
#1972=DIRECTION('center_axis',(0.,0.,-1.));
#1973=DIRECTION('ref_axis',(1.,0.,0.));
#1974=DIRECTION('center_axis',(-0.499999999999967,-0.866025403784457,0.));
#1975=DIRECTION('ref_axis',(0.866025403784458,-0.499999999999967,0.));
#1976=DIRECTION('',(0.,0.,1.));
#1977=DIRECTION('',(0.866025403784458,-0.499999999999967,0.));
#1978=DIRECTION('center_axis',(-1.,-3.69800516612234E-14,0.));
#1979=DIRECTION('ref_axis',(3.69800516612234E-14,-1.,0.));
#1980=DIRECTION('',(0.,0.,1.));
#1981=DIRECTION('',(3.69800516612234E-14,-1.,0.));
#1982=DIRECTION('center_axis',(-0.500000000000032,0.86602540378442,0.));
#1983=DIRECTION('ref_axis',(-0.86602540378442,-0.500000000000032,0.));
#1984=DIRECTION('',(-0.86602540378442,-0.500000000000032,0.));
#1985=DIRECTION('center_axis',(0.,0.,1.));
#1986=DIRECTION('ref_axis',(1.,0.,0.));
#1987=DIRECTION('center_axis',(0.,0.,-1.));
#1988=DIRECTION('ref_axis',(1.,0.,0.));
#1989=DIRECTION('center_axis',(0.499999999999997,-0.86602540378444,0.));
#1990=DIRECTION('ref_axis',(0.86602540378444,0.499999999999997,0.));
#1991=DIRECTION('',(0.,0.,1.));
#1992=DIRECTION('',(0.86602540378444,0.499999999999997,0.));
#1993=DIRECTION('center_axis',(-0.500000000000002,-0.866025403784437,0.));
#1994=DIRECTION('ref_axis',(0.866025403784437,-0.500000000000002,0.));
#1995=DIRECTION('',(0.,0.,1.));
#1996=DIRECTION('',(0.866025403784437,-0.500000000000002,0.));
#1997=DIRECTION('center_axis',(-1.,2.95840413289779E-15,0.));
#1998=DIRECTION('ref_axis',(-2.95840413289779E-15,-1.,0.));
#1999=DIRECTION('',(-2.95840413289779E-15,-1.,0.));
#2000=DIRECTION('center_axis',(0.,0.,1.));
#2001=DIRECTION('ref_axis',(1.,0.,0.));
#2002=DIRECTION('center_axis',(0.,0.,-1.));
#2003=DIRECTION('ref_axis',(1.,0.,0.));
#2004=DIRECTION('center_axis',(0.,0.,1.));
#2005=DIRECTION('ref_axis',(1.,0.,0.));
#2006=DIRECTION('',(0.,0.,1.));
#2007=DIRECTION('center_axis',(0.,0.,1.));
#2008=DIRECTION('ref_axis',(1.,0.,0.));
#2009=DIRECTION('center_axis',(0.,0.,-1.));
#2010=DIRECTION('ref_axis',(-1.,0.,0.));
#2011=DIRECTION('center_axis',(0.,0.,-1.));
#2012=DIRECTION('ref_axis',(1.,0.,0.));
#2013=DIRECTION('center_axis',(1.,0.,0.));
#2014=DIRECTION('ref_axis',(0.,-1.,0.));
#2015=DIRECTION('center_axis',(1.,0.,0.));
#2016=DIRECTION('ref_axis',(0.,1.,0.));
#2017=DIRECTION('center_axis',(0.5,-0.866025403784439,0.));
#2018=DIRECTION('ref_axis',(0.866025403784439,0.5,0.));
#2019=DIRECTION('center_axis',(0.,0.,1.));
#2020=DIRECTION('ref_axis',(1.,0.,0.));
#2021=DIRECTION('',(0.,0.,-1.));
#2022=DIRECTION('center_axis',(0.,0.,1.));
#2023=DIRECTION('ref_axis',(1.,0.,0.));
#2024=DIRECTION('',(0.,0.,-1.));
#2025=DIRECTION('center_axis',(0.,0.,1.));
#2026=DIRECTION('ref_axis',(1.,0.,0.));
#2027=DIRECTION('',(0.,0.,-1.));
#2028=CARTESIAN_POINT('',(0.,0.,0.));
#2029=CARTESIAN_POINT('Origin',(-14.875,3.,0.));
#2030=CARTESIAN_POINT('',(-16.875,3.,3.));
#2031=CARTESIAN_POINT('',(-14.875,5.,3.));
#2032=CARTESIAN_POINT('Origin',(-14.875,3.,3.));
#2033=CARTESIAN_POINT('',(-14.875,5.,0.));
#2034=CARTESIAN_POINT('',(-14.875,5.,0.));
#2035=CARTESIAN_POINT('',(-16.875,3.,0.));
#2036=CARTESIAN_POINT('Origin',(-14.875,3.,0.));
#2037=CARTESIAN_POINT('',(-16.875,3.,0.));
#2038=CARTESIAN_POINT('Origin',(17.,5.,0.));
#2039=CARTESIAN_POINT('',(14.875,5.,3.));
#2040=CARTESIAN_POINT('',(-17.,5.,3.));
#2041=CARTESIAN_POINT('',(14.875,5.,0.));
#2042=CARTESIAN_POINT('',(14.875,5.,0.));
#2043=CARTESIAN_POINT('',(-17.,5.,0.));
#2044=CARTESIAN_POINT('Origin',(0.,-3.75000000000002,3.));
#2045=CARTESIAN_POINT('',(-16.875,-3.91746824526945,3.));
#2046=CARTESIAN_POINT('',(-16.875,-4.87500000000001,3.));
#2047=CARTESIAN_POINT('',(-15.875,-5.64951905283833,3.));
#2048=CARTESIAN_POINT('Origin',(-14.875,-3.91746824526945,3.));
#2049=CARTESIAN_POINT('',(-4.47372055837118,-12.2320508075689,3.));
#2050=CARTESIAN_POINT('',(-17.,-5.,3.));
#2051=CARTESIAN_POINT('',(-3.47372055837118,-12.5,3.));
#2052=CARTESIAN_POINT('Origin',(-3.47372055837118,-10.5,3.));
#2053=CARTESIAN_POINT('',(3.47372055837112,-12.5,3.));
#2054=CARTESIAN_POINT('',(-4.00961894323343,-12.5,3.));
#2055=CARTESIAN_POINT('',(4.47372055837112,-12.2320508075689,3.));
#2056=CARTESIAN_POINT('Origin',(3.47372055837113,-10.5,3.));
#2057=CARTESIAN_POINT('',(15.875,-5.64951905283833,3.));
#2058=CARTESIAN_POINT('',(4.00961894323337,-12.5,3.));
#2059=CARTESIAN_POINT('',(16.875,-3.91746824526946,3.));
#2060=CARTESIAN_POINT('Origin',(14.875,-3.91746824526946,3.));
#2061=CARTESIAN_POINT('',(16.875,3.,3.));
#2062=CARTESIAN_POINT('',(16.875,0.624999999999992,3.));
#2063=CARTESIAN_POINT('Origin',(14.875,3.,3.));
#2064=CARTESIAN_POINT('',(-13.875,-1.543674887932E-14,3.));
#2065=CARTESIAN_POINT('Origin',(-12.5,-1.52683599444373E-14,3.));
#2066=CARTESIAN_POINT('',(11.125,-1.36602835700717E-14,3.));
#2067=CARTESIAN_POINT('Origin',(12.5,-1.34918946351889E-14,3.));
#2068=CARTESIAN_POINT('',(-1.375,-7.875,3.));
#2069=CARTESIAN_POINT('Origin',(0.,-7.875,3.));
#2070=CARTESIAN_POINT('Origin',(-14.875,-3.91746824526945,0.));
#2071=CARTESIAN_POINT('',(-16.875,-3.91746824526945,0.));
#2072=CARTESIAN_POINT('',(-15.875,-5.64951905283833,0.));
#2073=CARTESIAN_POINT('Origin',(-14.875,-3.91746824526945,0.));
#2074=CARTESIAN_POINT('',(-15.875,-5.64951905283833,0.));
#2075=CARTESIAN_POINT('',(-16.875,-3.91746824526945,0.));
#2076=CARTESIAN_POINT('Origin',(-17.,-5.,0.));
#2077=CARTESIAN_POINT('',(-4.47372055837118,-12.2320508075689,0.));
#2078=CARTESIAN_POINT('',(-17.,-5.,0.));
#2079=CARTESIAN_POINT('',(-4.47372055837118,-12.2320508075689,0.));
#2080=CARTESIAN_POINT('Origin',(0.,-3.75000000000002,0.));
#2081=CARTESIAN_POINT('',(16.875,3.,0.));
#2082=CARTESIAN_POINT('Origin',(14.875,3.,0.));
#2083=CARTESIAN_POINT('',(16.875,-3.91746824526946,0.));
#2084=CARTESIAN_POINT('',(16.875,0.624999999999992,0.));
#2085=CARTESIAN_POINT('',(15.875,-5.64951905283833,0.));
#2086=CARTESIAN_POINT('Origin',(14.875,-3.91746824526946,0.));
#2087=CARTESIAN_POINT('',(4.47372055837112,-12.2320508075689,0.));
#2088=CARTESIAN_POINT('',(4.00961894323337,-12.5,0.));
#2089=CARTESIAN_POINT('',(3.47372055837112,-12.5,0.));
#2090=CARTESIAN_POINT('Origin',(3.47372055837113,-10.5,0.));
#2091=CARTESIAN_POINT('',(-3.47372055837118,-12.5,0.));
#2092=CARTESIAN_POINT('',(-4.00961894323343,-12.5,0.));
#2093=CARTESIAN_POINT('Origin',(-3.47372055837118,-10.5,0.));
#2094=CARTESIAN_POINT('',(-16.875,-4.87500000000001,0.));
#2095=CARTESIAN_POINT('',(-10.,-4.25,0.));
#2096=CARTESIAN_POINT('',(-10.,-1.78978583448541,0.));
#2097=CARTESIAN_POINT('',(-10.,-3.50000000000001,0.));
#2098=CARTESIAN_POINT('',(10.,-4.25,0.));
#2099=CARTESIAN_POINT('',(4.5,-4.25,0.));
#2100=CARTESIAN_POINT('',(10.,-1.78978583448781,0.));
#2101=CARTESIAN_POINT('',(10.,-0.250000000000008,0.));
#2102=CARTESIAN_POINT('',(12.5000000000001,-3.23316150746182,0.));
#2103=CARTESIAN_POINT('',(6.57439881604781,0.187985931203116,0.));
#2104=CARTESIAN_POINT('',(15.3,-1.61658075373081,0.));
#2105=CARTESIAN_POINT('',(7.75060118395234,-5.97522819239614,0.));
#2106=CARTESIAN_POINT('',(15.2999999999999,1.61658075373101,0.));
#2107=CARTESIAN_POINT('',(15.3,-2.62555534994617,0.));
#2108=CARTESIAN_POINT('',(12.4999999999999,3.23316150746182,0.));
#2109=CARTESIAN_POINT('',(10.6743988160475,4.28717284244951,0.));
#2110=CARTESIAN_POINT('',(10.,1.7897858344877,0.));
#2111=CARTESIAN_POINT('',(6.25060118395217,-0.374930581256966,0.));
#2112=CARTESIAN_POINT('',(10.,4.25,0.));
#2113=CARTESIAN_POINT('',(10.,-0.250000000000008,0.));
#2114=CARTESIAN_POINT('',(-10.,4.25,0.));
#2115=CARTESIAN_POINT('',(-4.5,4.25,0.));
#2116=CARTESIAN_POINT('',(-10.,1.7897858344882,0.));
#2117=CARTESIAN_POINT('',(-10.,-3.50000000000001,0.));
#2118=CARTESIAN_POINT('',(-12.5000000000029,3.23316150746091,0.));
#2119=CARTESIAN_POINT('',(-4.95060118395043,-1.12548593119763,0.));
#2120=CARTESIAN_POINT('',(-15.3000000000007,1.61658075372785,0.));
#2121=CARTESIAN_POINT('',(-9.37439881605601,5.03772819239587,0.));
#2122=CARTESIAN_POINT('',(-15.2999999999978,-1.61658075373338,0.));
#2123=CARTESIAN_POINT('',(-15.2999999999982,-1.124444650062,0.));
#2124=CARTESIAN_POINT('',(-12.499999999997,-3.23316150746116,0.));
#2125=CARTESIAN_POINT('',(-9.05060118394533,-5.22467284244657,0.));
#2126=CARTESIAN_POINT('',(-7.87439881605189,-0.562569418740304,0.));
#2127=CARTESIAN_POINT('',(2.80000000000001,-6.25841924626906,0.));
#2128=CARTESIAN_POINT('',(2.8,-9.49158075373096,0.));
#2129=CARTESIAN_POINT('',(2.80000000000001,-6.56305534994653,0.));
#2130=CARTESIAN_POINT('',(7.35522753814166E-15,-4.64183849253809,0.));
#2131=CARTESIAN_POINT('',(1.15691130234731,-5.30978154437683,0.));
#2132=CARTESIAN_POINT('',(-2.8,-6.25841924626904,0.));
#2133=CARTESIAN_POINT('',(0.143088697652703,-4.55922619443032,0.));
#2134=CARTESIAN_POINT('',(-2.80000000000001,-9.49158075373095,0.));
#2135=CARTESIAN_POINT('',(-2.79999999999999,-5.06194465005349,0.));
#2136=CARTESIAN_POINT('',(-1.16573417585641E-14,-11.1081615074619,0.));
#2137=CARTESIAN_POINT('',(-2.94308869765271,-9.40896845562317,0.));
#2138=CARTESIAN_POINT('',(1.64308869765269,-10.1595238055697,0.));
#2139=CARTESIAN_POINT('Origin',(-3.47372055837118,-10.5,0.));
#2140=CARTESIAN_POINT('',(-3.47372055837118,-12.5,0.));
#2141=CARTESIAN_POINT('Origin',(-4.00961894323343,-12.5,0.));
#2142=CARTESIAN_POINT('',(3.47372055837113,-12.5,0.));
#2143=CARTESIAN_POINT('Origin',(3.47372055837113,-10.5,0.));
#2144=CARTESIAN_POINT('',(4.47372055837112,-12.2320508075689,0.));
#2145=CARTESIAN_POINT('Origin',(14.875,3.,0.));
#2146=CARTESIAN_POINT('',(16.875,3.,0.));
#2147=CARTESIAN_POINT('Origin',(16.875,5.,0.));
#2148=CARTESIAN_POINT('',(16.875,-3.91746824526946,0.));
#2149=CARTESIAN_POINT('Origin',(14.875,-3.91746824526946,0.));
#2150=CARTESIAN_POINT('',(15.875,-5.64951905283833,0.));
#2151=CARTESIAN_POINT('Origin',(4.,1.25,-7.));
#2152=CARTESIAN_POINT('',(4.,3.25,-10.));
#2153=CARTESIAN_POINT('',(7.,3.25,-7.));
#2154=CARTESIAN_POINT('Origin',(4.,3.25,-7.));
#2155=CARTESIAN_POINT('',(9.,1.25,-7.));
#2156=CARTESIAN_POINT('Origin',(7.,1.25,-7.));
#2157=CARTESIAN_POINT('',(4.,1.25,-12.));
#2158=CARTESIAN_POINT('Origin',(4.,1.25,-7.));
#2159=CARTESIAN_POINT('Origin',(4.,1.25,-10.));
#2160=CARTESIAN_POINT('Origin',(7.,1.25,0.));
#2161=CARTESIAN_POINT('',(7.,3.25,-1.));
#2162=CARTESIAN_POINT('',(9.,1.25,-1.));
#2163=CARTESIAN_POINT('Origin',(7.,1.25,-1.));
#2164=CARTESIAN_POINT('',(9.,1.25,0.));
#2165=CARTESIAN_POINT('',(7.,3.25,0.));
#2166=CARTESIAN_POINT('Ctrl Pts',(7.,3.25,-1.));
#2167=CARTESIAN_POINT('Ctrl Pts',(7.,3.25,-0.850400349829058));
#2168=CARTESIAN_POINT('Ctrl Pts',(7.20505846977106,3.31835282325702,-0.551645659948371));
#2169=CARTESIAN_POINT('Ctrl Pts',(8.20860462359841,3.65286820786614,-0.130860238714169));
#2170=CARTESIAN_POINT('Ctrl Pts',(9.32680157423076,4.02560052474359,1.55708415089671E-17));
#2171=CARTESIAN_POINT('Ctrl Pts',(10.,4.25,0.));
#2172=CARTESIAN_POINT('Ctrl Pts',(7.59839860068377,3.25,-1.));
#2173=CARTESIAN_POINT('Ctrl Pts',(7.59839860068377,3.25,-0.941293136316615));
#2174=CARTESIAN_POINT('Ctrl Pts',(7.69864317720804,3.21892633166568,-0.799063476440884));
#2175=CARTESIAN_POINT('Ctrl Pts',(8.43579216532002,3.42927904874042,-0.249723186976924));
#2176=CARTESIAN_POINT('Ctrl Pts',(9.41228708861415,3.94011501036019,3.92978380940599E-17));
#2177=CARTESIAN_POINT('Ctrl Pts',(10.,4.25,0.));
#2178=CARTESIAN_POINT('Ctrl Pts',(8.63525013046604,2.74890269618251,-1.));
#2179=CARTESIAN_POINT('Ctrl Pts',(8.63525013046604,2.74890269618251,-1.01939043754494));
#2180=CARTESIAN_POINT('Ctrl Pts',(8.55877055512213,2.69073046933561,-1.010262211044));
#2181=CARTESIAN_POINT('Ctrl Pts',(8.83677443987444,3.0288702528853,-0.337943687785667));
#2182=CARTESIAN_POINT('Ctrl Pts',(9.5618867387851,3.79051536018925,8.08200821179722E-17));
#2183=CARTESIAN_POINT('Ctrl Pts',(10.,4.25,0.));
#2184=CARTESIAN_POINT('Ctrl Pts',(9.,1.69879895051283,-1.));
#2185=CARTESIAN_POINT('Ctrl Pts',(9.,1.69879895051283,-0.917603282195098));
#2186=CARTESIAN_POINT('Ctrl Pts',(8.99386166084699,1.82532685102874,-0.736257616250168));
#2187=CARTESIAN_POINT('Ctrl Pts',(9.23610861979357,2.62986251738524,-0.220536450017754));
#2188=CARTESIAN_POINT('Ctrl Pts',(9.71148638895604,3.64091571001831,1.22342326141885E-16));
#2189=CARTESIAN_POINT('Ctrl Pts',(10.,4.25,0.));
#2190=CARTESIAN_POINT('Ctrl Pts',(9.,1.25,-1.));
#2191=CARTESIAN_POINT('Ctrl Pts',(9.,1.25,-0.850400349829057));
#2192=CARTESIAN_POINT('Ctrl Pts',(9.06835282325702,1.45505846977106,-0.55164565994837));
#2193=CARTESIAN_POINT('Ctrl Pts',(9.40286820786614,2.45860462359841,-0.130860238714168));
#2194=CARTESIAN_POINT('Ctrl Pts',(9.77560052474359,3.57680157423076,1.40137573580704E-16));
#2195=CARTESIAN_POINT('Ctrl Pts',(10.,4.25,0.));
#2196=CARTESIAN_POINT('Origin',(10.,4.25,-1.));
#2197=CARTESIAN_POINT('Origin',(10.,4.25,-1.));
#2198=CARTESIAN_POINT('Origin',(4.,-1.25,-7.));
#2199=CARTESIAN_POINT('',(9.,-1.25,-7.));
#2200=CARTESIAN_POINT('',(4.,-1.25,-12.));
#2201=CARTESIAN_POINT('Origin',(4.,-1.25,-7.));
#2202=CARTESIAN_POINT('',(7.,-3.25,-7.));
#2203=CARTESIAN_POINT('Origin',(7.,-1.25,-7.));
#2204=CARTESIAN_POINT('',(4.,-3.25,-10.));
#2205=CARTESIAN_POINT('Origin',(4.,-3.25,-7.));
#2206=CARTESIAN_POINT('Origin',(4.,-1.25,-10.));
#2207=CARTESIAN_POINT('Ctrl Pts',(10.,-4.25,0.));
#2208=CARTESIAN_POINT('Ctrl Pts',(9.32680157423076,-4.02560052474359,1.55708415089671E-17));
#2209=CARTESIAN_POINT('Ctrl Pts',(8.20860462359841,-3.65286820786614,-0.130860238714169));
#2210=CARTESIAN_POINT('Ctrl Pts',(7.20505846977106,-3.31835282325702,-0.551645659948371));
#2211=CARTESIAN_POINT('Ctrl Pts',(7.,-3.25,-0.850400349829058));
#2212=CARTESIAN_POINT('Ctrl Pts',(7.,-3.25,-1.));
#2213=CARTESIAN_POINT('Ctrl Pts',(10.,-4.25,0.));
#2214=CARTESIAN_POINT('Ctrl Pts',(9.41228708861415,-3.94011501036019,-8.1561550761257E-18));
#2215=CARTESIAN_POINT('Ctrl Pts',(8.43579216532001,-3.42927904874042,-0.249723186976925));
#2216=CARTESIAN_POINT('Ctrl Pts',(7.69864317720804,-3.21892633166568,-0.799063476440884));
#2217=CARTESIAN_POINT('Ctrl Pts',(7.59839860068377,-3.25,-0.941293136316614));
#2218=CARTESIAN_POINT('Ctrl Pts',(7.59839860068377,-3.25,-1.));
#2219=CARTESIAN_POINT('Ctrl Pts',(10.,-4.25,0.));
#2220=CARTESIAN_POINT('Ctrl Pts',(9.5618867387851,-3.79051536018925,-4.9678399100038E-17));
#2221=CARTESIAN_POINT('Ctrl Pts',(8.83677443987444,-3.0288702528853,-0.337943687785668));
#2222=CARTESIAN_POINT('Ctrl Pts',(8.55877055512214,-2.69073046933561,-1.01026221104401));
#2223=CARTESIAN_POINT('Ctrl Pts',(8.63525013046604,-2.74890269618251,-1.01939043754494));
#2224=CARTESIAN_POINT('Ctrl Pts',(8.63525013046604,-2.74890269618251,-1.));
#2225=CARTESIAN_POINT('Ctrl Pts',(10.,-4.25,0.));
#2226=CARTESIAN_POINT('Ctrl Pts',(9.71148638895604,-3.64091571001831,-9.12006431239504E-17));
#2227=CARTESIAN_POINT('Ctrl Pts',(9.23610861979357,-2.62986251738524,-0.220536450017755));
#2228=CARTESIAN_POINT('Ctrl Pts',(8.99386166084699,-1.82532685102874,-0.736257616250169));
#2229=CARTESIAN_POINT('Ctrl Pts',(9.,-1.69879895051283,-0.917603282195098));
#2230=CARTESIAN_POINT('Ctrl Pts',(9.,-1.69879895051283,-1.));
#2231=CARTESIAN_POINT('Ctrl Pts',(10.,-4.25,0.));
#2232=CARTESIAN_POINT('Ctrl Pts',(9.77560052474359,-3.57680157423076,-1.0899589056277E-16));
#2233=CARTESIAN_POINT('Ctrl Pts',(9.40286820786614,-2.45860462359841,-0.130860238714169));
#2234=CARTESIAN_POINT('Ctrl Pts',(9.06835282325702,-1.45505846977106,-0.551645659948371));
#2235=CARTESIAN_POINT('Ctrl Pts',(9.,-1.25,-0.850400349829058));
#2236=CARTESIAN_POINT('Ctrl Pts',(9.,-1.25,-1.));
#2237=CARTESIAN_POINT('',(7.,-3.25,-1.));
#2238=CARTESIAN_POINT('',(9.,-1.25,-1.));
#2239=CARTESIAN_POINT('Origin',(7.,-1.25,-1.));
#2240=CARTESIAN_POINT('Origin',(10.,-4.25,-1.));
#2241=CARTESIAN_POINT('Origin',(10.,-4.25,-1.));
#2242=CARTESIAN_POINT('Origin',(7.,-1.25,0.));
#2243=CARTESIAN_POINT('',(7.,-3.25,0.));
#2244=CARTESIAN_POINT('',(9.,-1.25,0.));
#2245=CARTESIAN_POINT('Origin',(-4.,1.25,-7.));
#2246=CARTESIAN_POINT('',(-9.,1.25,-7.));
#2247=CARTESIAN_POINT('',(-4.,1.25,-12.));
#2248=CARTESIAN_POINT('Origin',(-4.,1.25,-7.));
#2249=CARTESIAN_POINT('',(-7.,3.25,-7.));
#2250=CARTESIAN_POINT('Origin',(-7.,1.25,-7.));
#2251=CARTESIAN_POINT('',(-4.,3.25,-10.));
#2252=CARTESIAN_POINT('Origin',(-4.,3.25,-7.));
#2253=CARTESIAN_POINT('Origin',(-4.,1.25,-10.));
#2254=CARTESIAN_POINT('Origin',(-7.,1.25,0.));
#2255=CARTESIAN_POINT('',(-9.,1.25,-1.));
#2256=CARTESIAN_POINT('',(-7.,3.25,-1.));
#2257=CARTESIAN_POINT('Origin',(-7.,1.25,-1.));
#2258=CARTESIAN_POINT('',(-7.,3.25,0.));
#2259=CARTESIAN_POINT('',(-9.,1.25,0.));
#2260=CARTESIAN_POINT('Ctrl Pts',(-9.,1.25,-1.));
#2261=CARTESIAN_POINT('Ctrl Pts',(-9.,1.25,-0.850400349829058));
#2262=CARTESIAN_POINT('Ctrl Pts',(-9.06835282325702,1.45505846977106,-0.551645659948371));
#2263=CARTESIAN_POINT('Ctrl Pts',(-9.40286820786614,2.45860462359841,-0.130860238714169));
#2264=CARTESIAN_POINT('Ctrl Pts',(-9.77560052474359,3.57680157423076,1.55708415089671E-17));
#2265=CARTESIAN_POINT('Ctrl Pts',(-10.,4.25,0.));
#2266=CARTESIAN_POINT('Ctrl Pts',(-9.,1.84839860068377,-1.));
#2267=CARTESIAN_POINT('Ctrl Pts',(-9.,1.84839860068377,-0.941293136316614));
#2268=CARTESIAN_POINT('Ctrl Pts',(-8.96892633166568,1.94864317720804,-0.799063476440884));
#2269=CARTESIAN_POINT('Ctrl Pts',(-9.17927904874041,2.68579216532002,-0.249723186976924));
#2270=CARTESIAN_POINT('Ctrl Pts',(-9.69011501036019,3.66228708861416,3.92978380940599E-17));
#2271=CARTESIAN_POINT('Ctrl Pts',(-10.,4.25,0.));
#2272=CARTESIAN_POINT('Ctrl Pts',(-8.49890269618251,2.88525013046604,-1.));
#2273=CARTESIAN_POINT('Ctrl Pts',(-8.49890269618251,2.88525013046604,-1.01939043754494));
#2274=CARTESIAN_POINT('Ctrl Pts',(-8.44073046933562,2.80877055512214,-1.01026221104401));
#2275=CARTESIAN_POINT('Ctrl Pts',(-8.77887025288529,3.08677443987444,-0.337943687785668));
#2276=CARTESIAN_POINT('Ctrl Pts',(-9.54051536018925,3.8118867387851,8.08200821179722E-17));
#2277=CARTESIAN_POINT('Ctrl Pts',(-10.,4.25,0.));
#2278=CARTESIAN_POINT('Ctrl Pts',(-7.44879895051283,3.25,-1.));
#2279=CARTESIAN_POINT('Ctrl Pts',(-7.44879895051283,3.25,-0.917603282195098));
#2280=CARTESIAN_POINT('Ctrl Pts',(-7.57532685102875,3.243861660847,-0.736257616250169));
#2281=CARTESIAN_POINT('Ctrl Pts',(-8.37986251738523,3.48610861979357,-0.220536450017755));
#2282=CARTESIAN_POINT('Ctrl Pts',(-9.39091571001831,3.96148638895604,1.22342326141885E-16));
#2283=CARTESIAN_POINT('Ctrl Pts',(-10.,4.25,0.));
#2284=CARTESIAN_POINT('Ctrl Pts',(-7.,3.25,-1.));
#2285=CARTESIAN_POINT('Ctrl Pts',(-7.,3.25,-0.850400349829057));
#2286=CARTESIAN_POINT('Ctrl Pts',(-7.20505846977106,3.31835282325702,-0.551645659948371));
#2287=CARTESIAN_POINT('Ctrl Pts',(-8.20860462359841,3.65286820786614,-0.130860238714169));
#2288=CARTESIAN_POINT('Ctrl Pts',(-9.32680157423076,4.02560052474359,1.40137573580704E-16));
#2289=CARTESIAN_POINT('Ctrl Pts',(-10.,4.25,0.));
#2290=CARTESIAN_POINT('Origin',(-10.,4.25,-1.));
#2291=CARTESIAN_POINT('Origin',(-10.,4.25,-1.));
#2292=CARTESIAN_POINT('Origin',(-4.5,1.25,-10.));
#2293=CARTESIAN_POINT('',(-1.35022220393534,1.25,-12.));
#2294=CARTESIAN_POINT('',(1.35022220393534,1.25,-12.));
#2295=CARTESIAN_POINT('Ctrl Pts',(-1.35022220393534,1.25,-12.));
#2296=CARTESIAN_POINT('Ctrl Pts',(-1.1885063120007,1.42468191041549,-12.));
#2297=CARTESIAN_POINT('Ctrl Pts',(-0.973852892184773,1.55583201423612,-11.9784503661061));
#2298=CARTESIAN_POINT('Ctrl Pts',(-0.50099324847108,1.73036305996942,-11.9435260708468));
#2299=CARTESIAN_POINT('Ctrl Pts',(-0.241614575749278,1.77095880844342,-11.9309588084434));
#2300=CARTESIAN_POINT('Ctrl Pts',(0.241614575749278,1.77095880844342,-11.9309588084434));
#2301=CARTESIAN_POINT('Ctrl Pts',(0.50099324847108,1.73036305996942,-11.9435260708468));
#2302=CARTESIAN_POINT('Ctrl Pts',(0.973852892184773,1.55583201423612,-11.9784503661061));
#2303=CARTESIAN_POINT('Ctrl Pts',(1.1885063120007,1.42468191041549,-12.));
#2304=CARTESIAN_POINT('Ctrl Pts',(1.35022220393534,1.25,-12.));
#2305=CARTESIAN_POINT('',(-4.5,1.25,-12.));
#2306=CARTESIAN_POINT('',(-4.5,3.25,-10.));
#2307=CARTESIAN_POINT('',(-4.5,1.25,-12.));
#2308=CARTESIAN_POINT('Origin',(-4.,-1.25,-7.));
#2309=CARTESIAN_POINT('',(-4.,-3.25,-10.));
#2310=CARTESIAN_POINT('',(-7.,-3.25,-7.));
#2311=CARTESIAN_POINT('Origin',(-4.,-3.25,-7.));
#2312=CARTESIAN_POINT('',(-9.,-1.25,-7.));
#2313=CARTESIAN_POINT('Origin',(-7.,-1.25,-7.));
#2314=CARTESIAN_POINT('',(-4.,-1.25,-12.));
#2315=CARTESIAN_POINT('Origin',(-4.,-1.25,-7.));
#2316=CARTESIAN_POINT('Origin',(-4.,-1.25,-10.));
#2317=CARTESIAN_POINT('Origin',(-7.,-1.25,0.));
#2318=CARTESIAN_POINT('',(-7.,-3.25,-1.));
#2319=CARTESIAN_POINT('',(-9.,-1.25,-1.));
#2320=CARTESIAN_POINT('Origin',(-7.,-1.25,-1.));
#2321=CARTESIAN_POINT('',(-9.,-1.25,0.));
#2322=CARTESIAN_POINT('',(-7.,-3.25,0.));
#2323=CARTESIAN_POINT('Ctrl Pts',(-7.,-3.25,-1.));
#2324=CARTESIAN_POINT('Ctrl Pts',(-7.,-3.25,-0.850400349829058));
#2325=CARTESIAN_POINT('Ctrl Pts',(-7.20505846977106,-3.31835282325702,-0.551645659948371));
#2326=CARTESIAN_POINT('Ctrl Pts',(-8.20860462359841,-3.65286820786614,-0.130860238714169));
#2327=CARTESIAN_POINT('Ctrl Pts',(-9.32680157423076,-4.02560052474359,1.55708415089671E-17));
#2328=CARTESIAN_POINT('Ctrl Pts',(-10.,-4.25,0.));
#2329=CARTESIAN_POINT('Ctrl Pts',(-7.59839860068377,-3.25,-1.));
#2330=CARTESIAN_POINT('Ctrl Pts',(-7.59839860068377,-3.25,-0.941293136316614));
#2331=CARTESIAN_POINT('Ctrl Pts',(-7.69864317720804,-3.21892633166568,-0.799063476440884));
#2332=CARTESIAN_POINT('Ctrl Pts',(-8.43579216532002,-3.42927904874042,-0.249723186976925));
#2333=CARTESIAN_POINT('Ctrl Pts',(-9.41228708861415,-3.94011501036019,-2.00196533686721E-17));
#2334=CARTESIAN_POINT('Ctrl Pts',(-10.,-4.25,-1.46737519572361E-32));
#2335=CARTESIAN_POINT('Ctrl Pts',(-8.63525013046604,-2.74890269618251,-1.));
#2336=CARTESIAN_POINT('Ctrl Pts',(-8.63525013046604,-2.74890269618251,-1.01939043754494));
#2337=CARTESIAN_POINT('Ctrl Pts',(-8.55877055512214,-2.69073046933561,-1.01026221104401));
#2338=CARTESIAN_POINT('Ctrl Pts',(-8.83677443987444,-3.0288702528853,-0.337943687785668));
#2339=CARTESIAN_POINT('Ctrl Pts',(-9.5618867387851,-3.79051536018925,-5.85760228194477E-17));
#2340=CARTESIAN_POINT('Ctrl Pts',(-10.,-4.25,-4.85834646992217E-33));
#2341=CARTESIAN_POINT('Ctrl Pts',(-9.,-1.69879895051283,-1.));
#2342=CARTESIAN_POINT('Ctrl Pts',(-9.,-1.69879895051283,-0.917603282195098));
#2343=CARTESIAN_POINT('Ctrl Pts',(-8.993861660847,-1.82532685102874,-0.736257616250169));
#2344=CARTESIAN_POINT('Ctrl Pts',(-9.23610861979357,-2.62986251738523,-0.220536450017755));
#2345=CARTESIAN_POINT('Ctrl Pts',(-9.71148638895604,-3.6409157100183,-5.56101482463111E-17));
#2346=CARTESIAN_POINT('Ctrl Pts',(-10.,-4.25,-8.63968023324475E-48));
#2347=CARTESIAN_POINT('Ctrl Pts',(-9.,-1.25,-1.));
#2348=CARTESIAN_POINT('Ctrl Pts',(-9.,-1.25,-0.850400349829057));
#2349=CARTESIAN_POINT('Ctrl Pts',(-9.06835282325702,-1.45505846977106,-0.551645659948371));
#2350=CARTESIAN_POINT('Ctrl Pts',(-9.40286820786613,-2.45860462359841,-0.130860238714169));
#2351=CARTESIAN_POINT('Ctrl Pts',(-9.77560052474359,-3.57680157423076,-4.67125245269013E-17));
#2352=CARTESIAN_POINT('Ctrl Pts',(-10.,-4.25,0.));
#2353=CARTESIAN_POINT('Origin',(-10.,-4.25,-1.));
#2354=CARTESIAN_POINT('Origin',(-10.,-4.25,-1.));
#2355=CARTESIAN_POINT('Origin',(-4.,-1.625,-7.));
#2356=CARTESIAN_POINT('',(-4.,-1.625,-12.));
#2357=CARTESIAN_POINT('',(-9.,-1.625,-7.));
#2358=CARTESIAN_POINT('Origin',(4.5,-1.25,-10.));
#2359=CARTESIAN_POINT('',(1.35022220393534,-1.25,-12.));
#2360=CARTESIAN_POINT('',(-1.35022220393534,-1.25,-12.));
#2361=CARTESIAN_POINT('Ctrl Pts',(1.35022220393534,-1.25,-12.));
#2362=CARTESIAN_POINT('Ctrl Pts',(1.1885063120007,-1.42468191041549,-12.));
#2363=CARTESIAN_POINT('Ctrl Pts',(0.973852892184773,-1.55583201423612,-11.9784503661061));
#2364=CARTESIAN_POINT('Ctrl Pts',(0.500993248471079,-1.73036305996942,-11.9435260708468));
#2365=CARTESIAN_POINT('Ctrl Pts',(0.241614575749277,-1.77095880844342,-11.9309588084434));
#2366=CARTESIAN_POINT('Ctrl Pts',(-0.241614575749277,-1.77095880844342,
-11.9309588084434));
#2367=CARTESIAN_POINT('Ctrl Pts',(-0.500993248471078,-1.73036305996942,
-11.9435260708468));
#2368=CARTESIAN_POINT('Ctrl Pts',(-0.973852892184772,-1.55583201423612,
-11.9784503661061));
#2369=CARTESIAN_POINT('Ctrl Pts',(-1.1885063120007,-1.42468191041549,-12.));
#2370=CARTESIAN_POINT('Ctrl Pts',(-1.35022220393534,-1.25,-12.));
#2371=CARTESIAN_POINT('',(4.5,-1.25,-12.));
#2372=CARTESIAN_POINT('',(4.5,-3.25,-10.));
#2373=CARTESIAN_POINT('',(4.5,-1.25,-12.));
#2374=CARTESIAN_POINT('Origin',(4.,1.625,-7.));
#2375=CARTESIAN_POINT('',(4.,1.625,-12.));
#2376=CARTESIAN_POINT('',(9.,1.625,-7.));
#2377=CARTESIAN_POINT('Origin',(-9.,3.25,0.));
#2378=CARTESIAN_POINT('',(-4.5,3.25,-1.));
#2379=CARTESIAN_POINT('Origin',(10.,-0.250000000000008,-1.));
#2380=CARTESIAN_POINT('',(9.62838821814153,1.65792583526395,-0.0716117818584888));
#2381=CARTESIAN_POINT('Origin',(10.,2.94448637286698,-1.));
#2382=CARTESIAN_POINT('',(9.62838821814164,-1.65792583526411,-0.0716117818584417));
#2383=CARTESIAN_POINT('',(9.62838821814164,-0.250000000000008,-0.0716117818584417));
#2384=CARTESIAN_POINT('Origin',(10.,-2.94448637286704,-1.));
#2385=CARTESIAN_POINT('',(9.,-0.250000000000008,-1.));
#2386=CARTESIAN_POINT('Origin',(-4.5,4.25,-1.));
#2387=CARTESIAN_POINT('Origin',(-9.,-3.25,0.));
#2388=CARTESIAN_POINT('',(-9.,-3.50000000000001,-1.));
#2389=CARTESIAN_POINT('Origin',(-10.,-3.50000000000001,-1.));
#2390=CARTESIAN_POINT('',(-9.62838821814139,-1.65792583526121,-0.0716117818585432));
#2391=CARTESIAN_POINT('Origin',(-10.,-2.94448637286534,-1.));
#2392=CARTESIAN_POINT('',(-9.6283882181393,1.65792583526462,-0.0716117818593787));
#2393=CARTESIAN_POINT('',(-9.6283882181393,-3.50000000000001,-0.0716117818593787));
#2394=CARTESIAN_POINT('Origin',(-10.,2.94448637286685,-1.));
#2395=CARTESIAN_POINT('Origin',(0.,0.,-12.));
#2396=CARTESIAN_POINT('Origin',(0.,0.,-12.));
#2397=CARTESIAN_POINT('Origin',(0.,0.,-11.875));
#2398=CARTESIAN_POINT('',(-1.84,2.25335011043113E-16,-12.));
#2399=CARTESIAN_POINT('Origin',(0.,0.,-12.));
#2400=CARTESIAN_POINT('',(-1.59,-1.94718841064429E-16,-11.75));
#2401=CARTESIAN_POINT('',(-1.715,2.10026926053771E-16,-11.875));
#2402=CARTESIAN_POINT('Origin',(0.,0.,-11.75));
#2403=CARTESIAN_POINT('Origin',(0.,0.,-12.));
#2404=CARTESIAN_POINT('Origin',(4.5,-4.25,-1.));
#2405=CARTESIAN_POINT('',(4.5,-3.25,-1.));
#2406=CARTESIAN_POINT('Origin',(9.,-3.25,0.));
#2407=CARTESIAN_POINT('Origin',(-2.89308869765271,-9.32236591524472,0.1));
#2408=CARTESIAN_POINT('',(-2.60000000000001,-9.37611069989302,0.2));
#2409=CARTESIAN_POINT('',(-2.80000000000001,-9.49158075373095,0.));
#2410=CARTESIAN_POINT('',(-8.53483950180589E-15,-10.8772213997861,0.2));
#2411=CARTESIAN_POINT('',(-2.84308869765271,-9.23576337486628,0.2));
#2412=CARTESIAN_POINT('',(-1.22124532708767E-14,-11.1081615074619,0.));
#2413=CARTESIAN_POINT('Origin',(-2.69999999999999,-5.06194465005349,0.1));
#2414=CARTESIAN_POINT('',(-2.6,-6.37388930010697,0.2));
#2415=CARTESIAN_POINT('',(-2.8,-6.25841924626904,0.));
#2416=CARTESIAN_POINT('',(-2.59999999999999,-5.06194465005349,0.2));
#2417=CARTESIAN_POINT('Origin',(0.193088697652703,-4.64582873480876,0.1));
#2418=CARTESIAN_POINT('',(8.32667268468867E-15,-4.87277860021394,0.2));
#2419=CARTESIAN_POINT('',(7.49400541621981E-15,-4.64183849253809,0.));
#2420=CARTESIAN_POINT('',(0.243088697652703,-4.73243127518721,0.2));
#2421=CARTESIAN_POINT('Origin',(2.70000000000001,-6.56305534994653,0.1));
#2422=CARTESIAN_POINT('',(2.6,-9.37611069989304,0.2));
#2423=CARTESIAN_POINT('',(2.60000000000001,-6.37388930010698,0.2));
#2424=CARTESIAN_POINT('',(2.60000000000001,-6.56305534994653,0.2));
#2425=CARTESIAN_POINT('',(2.60000000000001,-6.37388930010698,0.2));
#2426=CARTESIAN_POINT('',(2.8,-9.49158075373096,0.));
#2427=CARTESIAN_POINT('Origin',(1.10691130234731,-5.39638408475528,0.1));
#2428=CARTESIAN_POINT('',(1.0569113023473,-5.48298662513372,0.2));
#2429=CARTESIAN_POINT('Origin',(1.59308869765269,-10.0729212651913,0.1));
#2430=CARTESIAN_POINT('',(1.54308869765269,-9.98631872481281,0.2));
#2431=CARTESIAN_POINT('Origin',(8.14352282881067E-15,-4.87277860021394,
0.));
#2432=CARTESIAN_POINT('',(8.32667268468867E-15,-4.87277860021394,2.25));
#2433=CARTESIAN_POINT('',(8.32667268468867E-15,-4.87277860021394,0.));
#2434=CARTESIAN_POINT('',(-2.6,-6.37388930010697,2.25));
#2435=CARTESIAN_POINT('',(8.14352282881067E-15,-4.87277860021394,2.25));
#2436=CARTESIAN_POINT('',(-2.6,-6.37388930010697,0.));
#2437=CARTESIAN_POINT('Origin',(2.60000000000001,-6.37388930010698,0.));
#2438=CARTESIAN_POINT('',(2.60000000000001,-6.37388930010698,2.25));
#2439=CARTESIAN_POINT('',(2.60000000000001,-6.37388930010698,0.));
#2440=CARTESIAN_POINT('',(2.60000000000001,-6.37388930010698,2.25));
#2441=CARTESIAN_POINT('Origin',(2.6,-9.37611069989304,0.));
#2442=CARTESIAN_POINT('',(2.6,-9.37611069989304,2.25));
#2443=CARTESIAN_POINT('',(2.6,-9.37611069989304,0.));
#2444=CARTESIAN_POINT('',(2.6,-9.37611069989304,2.25));
#2445=CARTESIAN_POINT('Origin',(7.70060118395234,-5.88862565201769,0.1));
#2446=CARTESIAN_POINT('',(12.5000000000001,-3.00222139978597,0.2));
#2447=CARTESIAN_POINT('',(12.5000000000001,-3.23316150746182,0.));
#2448=CARTESIAN_POINT('',(15.1,-1.50111069989289,0.2));
#2449=CARTESIAN_POINT('',(7.65060118395233,-5.80202311163925,0.2));
#2450=CARTESIAN_POINT('',(15.3,-1.61658075373081,0.));
#2451=CARTESIAN_POINT('Origin',(6.6243988160478,0.274588471581562,0.1));
#2452=CARTESIAN_POINT('',(9.90000000000013,-1.50111069989308,0.2));
#2453=CARTESIAN_POINT('',(9.70000000000013,-1.61658075373102,0.));
#2454=CARTESIAN_POINT('',(6.6743988160478,0.361191011960007,0.2));
#2455=CARTESIAN_POINT('Origin',(15.2,-2.62555534994617,0.1));
#2456=CARTESIAN_POINT('',(15.0999999999999,1.50111069989308,0.2));
#2457=CARTESIAN_POINT('',(15.1,-2.62555534994617,0.2));
#2458=CARTESIAN_POINT('',(15.0999999999999,1.50111069989308,0.2));
#2459=CARTESIAN_POINT('Origin',(9.80000000000012,-1.12444465005338,0.1));
#2460=CARTESIAN_POINT('',(9.90000000000002,1.50111069989289,0.2));
#2461=CARTESIAN_POINT('',(9.70000000000002,1.61658075373081,0.));
#2462=CARTESIAN_POINT('',(9.90000000000012,-1.12444465005338,0.2));
#2463=CARTESIAN_POINT('Origin',(6.30060118395217,-0.461533121635408,0.1));
#2464=CARTESIAN_POINT('',(12.4999999999999,3.00222139978597,0.2));
#2465=CARTESIAN_POINT('',(12.4999999999999,3.23316150746182,0.));
#2466=CARTESIAN_POINT('',(6.35060118395217,-0.548135662013851,0.2));
#2467=CARTESIAN_POINT('Origin',(10.6243988160475,4.20057030207106,0.1));
#2468=CARTESIAN_POINT('',(10.5743988160475,4.11396776169262,0.2));
#2469=CARTESIAN_POINT('Origin',(15.0999999999999,1.50111069989308,0.));
#2470=CARTESIAN_POINT('',(15.0999999999999,1.50111069989308,2.25));
#2471=CARTESIAN_POINT('',(15.0999999999999,1.50111069989308,0.));
#2472=CARTESIAN_POINT('',(12.4999999999999,3.00222139978597,2.25));
#2473=CARTESIAN_POINT('',(15.0999999999999,1.50111069989308,2.25));
#2474=CARTESIAN_POINT('',(12.4999999999999,3.00222139978597,0.));
#2475=CARTESIAN_POINT('Origin',(15.1,-1.50111069989289,0.));
#2476=CARTESIAN_POINT('',(15.1,-1.50111069989289,2.25));
#2477=CARTESIAN_POINT('',(15.1,-1.50111069989289,0.));
#2478=CARTESIAN_POINT('',(15.1,-1.50111069989289,2.25));
#2479=CARTESIAN_POINT('Origin',(12.5000000000001,-3.00222139978597,0.));
#2480=CARTESIAN_POINT('',(12.5000000000001,-3.00222139978597,2.25));
#2481=CARTESIAN_POINT('',(12.5000000000001,-3.00222139978597,0.));
#2482=CARTESIAN_POINT('',(12.5000000000001,-3.00222139978597,2.25));
#2483=CARTESIAN_POINT('Origin',(-9.00060118394542,-5.13807030206808,0.1));
#2484=CARTESIAN_POINT('',(-15.0999999999979,-1.50111069989526,0.2));
#2485=CARTESIAN_POINT('',(-15.2999999999978,-1.61658075373338,0.));
#2486=CARTESIAN_POINT('',(-12.4999999999973,-3.00222139978531,0.2));
#2487=CARTESIAN_POINT('',(-8.9506011839455,-5.05146776168959,0.2));
#2488=CARTESIAN_POINT('',(-12.499999999997,-3.23316150746116,0.));
#2489=CARTESIAN_POINT('Origin',(-15.1999999999982,-1.12444465006191,0.1));
#2490=CARTESIAN_POINT('',(-15.1000000000006,1.50111069989011,0.2));
#2491=CARTESIAN_POINT('',(-15.3000000000007,1.61658075372785,0.));
#2492=CARTESIAN_POINT('',(-15.0999999999982,-1.12444465006182,0.2));
#2493=CARTESIAN_POINT('Origin',(-7.92439881605198,-0.475966878361911,0.1));
#2494=CARTESIAN_POINT('',(-9.90000000000004,-1.50111069989036,0.2));
#2495=CARTESIAN_POINT('',(-7.97439881605206,-0.389364337983518,0.2));
#2496=CARTESIAN_POINT('',(-9.40008588342152,-1.78973624966809,-0.299914116578325));
#2497=CARTESIAN_POINT('Origin',(-9.32439881605594,4.95112565201747,0.1));
#2498=CARTESIAN_POINT('',(-12.5000000000027,3.00222139978506,0.2));
#2499=CARTESIAN_POINT('',(-12.5000000000029,3.23316150746091,0.));
#2500=CARTESIAN_POINT('',(-9.27439881605586,4.86452311163907,0.2));
#2501=CARTESIAN_POINT('Origin',(-5.00060118395035,-1.21208847157612,0.1));
#2502=CARTESIAN_POINT('',(-9.90000000000208,1.50111069989483,0.2));
#2503=CARTESIAN_POINT('',(-9.70000000000216,1.61658075373293,0.));
#2504=CARTESIAN_POINT('',(-5.05060118395027,-1.29869101195461,0.2));
#2505=CARTESIAN_POINT('Origin',(-9.79999999999928,-2.62555534994848,0.1));
#2506=CARTESIAN_POINT('',(-9.89999999999928,-2.62555534994855,0.2));
#2507=CARTESIAN_POINT('Origin',(-9.90000000000004,-1.50111069989036,0.));
#2508=CARTESIAN_POINT('',(-9.90000000000004,-1.50111069989036,2.25));
#2509=CARTESIAN_POINT('',(-9.90000000000004,-1.50111069989036,0.));
#2510=CARTESIAN_POINT('',(-9.90000000000208,1.50111069989483,2.25));
#2511=CARTESIAN_POINT('',(-9.90000000000004,-1.50111069989036,2.25));
#2512=CARTESIAN_POINT('',(-9.90000000000208,1.50111069989483,0.));
#2513=CARTESIAN_POINT('Origin',(-12.4999999999973,-3.00222139978531,0.));
#2514=CARTESIAN_POINT('',(-12.4999999999973,-3.00222139978531,2.25));
#2515=CARTESIAN_POINT('',(-12.4999999999973,-3.00222139978531,0.));
#2516=CARTESIAN_POINT('',(-12.4999999999973,-3.00222139978531,2.25));
#2517=CARTESIAN_POINT('Origin',(-15.0999999999979,-1.50111069989526,0.));
#2518=CARTESIAN_POINT('',(-15.0999999999979,-1.50111069989526,2.25));
#2519=CARTESIAN_POINT('',(-15.0999999999979,-1.50111069989526,0.));
#2520=CARTESIAN_POINT('',(-15.0999999999979,-1.50111069989526,2.25));
#2521=CARTESIAN_POINT('Origin',(-15.1000000000006,1.50111069989011,0.));
#2522=CARTESIAN_POINT('',(-15.1000000000006,1.50111069989011,2.25));
#2523=CARTESIAN_POINT('',(-15.1000000000006,1.50111069989011,0.));
#2524=CARTESIAN_POINT('',(-15.1000000000006,1.50111069989011,2.25));
#2525=CARTESIAN_POINT('Origin',(-12.5000000000027,3.00222139978506,0.));
#2526=CARTESIAN_POINT('',(-12.5000000000027,3.00222139978506,2.25));
#2527=CARTESIAN_POINT('',(-12.5000000000027,3.00222139978506,0.));
#2528=CARTESIAN_POINT('',(-12.5000000000027,3.00222139978506,2.25));
#2529=CARTESIAN_POINT('Origin',(-9.90000000000208,1.50111069989483,0.));
#2530=CARTESIAN_POINT('',(-9.90000000000208,1.50111069989483,2.25));
#2531=CARTESIAN_POINT('Origin',(-12.5000000000003,-1.24344978758018E-13,
2.25));
#2532=CARTESIAN_POINT('',(-13.875,-1.543674887932E-14,2.25));
#2533=CARTESIAN_POINT('Origin',(-12.5,-1.52683599444373E-14,2.25));
#2534=CARTESIAN_POINT('Origin',(9.90000000000013,-1.50111069989308,0.));
#2535=CARTESIAN_POINT('',(9.90000000000013,-1.50111069989308,2.25));
#2536=CARTESIAN_POINT('',(9.90000000000013,-1.50111069989308,0.));
#2537=CARTESIAN_POINT('',(9.90000000000013,-1.50111069989308,2.25));
#2538=CARTESIAN_POINT('Origin',(9.90000000000002,1.50111069989289,0.));
#2539=CARTESIAN_POINT('',(9.90000000000002,1.50111069989289,2.25));
#2540=CARTESIAN_POINT('',(9.90000000000002,1.50111069989289,0.));
#2541=CARTESIAN_POINT('',(9.90000000000002,1.50111069989289,2.25));
#2542=CARTESIAN_POINT('Origin',(12.4999999999999,3.00222139978597,0.));
#2543=CARTESIAN_POINT('',(12.4999999999999,3.00222139978597,2.25));
#2544=CARTESIAN_POINT('Origin',(12.5,-1.66533453693773E-15,2.25));
#2545=CARTESIAN_POINT('',(11.125,-1.36602835700717E-14,2.25));
#2546=CARTESIAN_POINT('Origin',(12.5,-1.34918946351889E-14,2.25));
#2547=CARTESIAN_POINT('Origin',(-8.53483950180589E-15,-10.8772213997861,
0.));
#2548=CARTESIAN_POINT('',(-8.60422844084496E-15,-10.8772213997861,2.25));
#2549=CARTESIAN_POINT('',(-8.53483950180589E-15,-10.8772213997861,0.));
#2550=CARTESIAN_POINT('',(-8.53483950180589E-15,-10.8772213997861,2.25));
#2551=CARTESIAN_POINT('Origin',(-2.60000000000001,-9.37611069989302,0.));
#2552=CARTESIAN_POINT('',(-2.60000000000001,-9.37611069989302,2.25));
#2553=CARTESIAN_POINT('',(-2.60000000000001,-9.37611069989302,0.));
#2554=CARTESIAN_POINT('',(-2.60000000000001,-9.37611069989302,2.25));
#2555=CARTESIAN_POINT('Origin',(-2.6,-6.37388930010697,0.));
#2556=CARTESIAN_POINT('',(-2.6,-6.37388930010697,2.25));
#2557=CARTESIAN_POINT('Origin',(0.,-7.875,2.25));
#2558=CARTESIAN_POINT('',(-1.375,-7.875,2.25));
#2559=CARTESIAN_POINT('Origin',(0.,-7.875,2.25));
#2560=CARTESIAN_POINT('Origin',(0.,0.,-12.));
#2561=CARTESIAN_POINT('',(-1.59,1.94718841064429E-16,-10.45));
#2562=CARTESIAN_POINT('',(-1.59,-1.94718841064429E-16,-12.));
#2563=CARTESIAN_POINT('Origin',(0.,0.,-10.45));
#2564=CARTESIAN_POINT('Origin',(0.,0.,-12.));
#2565=CARTESIAN_POINT('Origin',(0.,0.,-10.45));
#2566=CARTESIAN_POINT('Origin',(9.,3.25,0.));
#2567=CARTESIAN_POINT('Origin',(-16.875,-6.,0.));
#2568=CARTESIAN_POINT('Origin',(4.00961894323337,-12.5,0.));
#2569=CARTESIAN_POINT('Origin',(0.,-7.875,0.));
#2570=CARTESIAN_POINT('',(-1.375,-7.875,0.));
#2571=CARTESIAN_POINT('Origin',(12.5,-1.34918946351889E-14,0.));
#2572=CARTESIAN_POINT('',(11.125,-1.36602835700717E-14,0.));
#2573=CARTESIAN_POINT('Origin',(-12.5,-1.52683599444373E-14,0.));
#2574=CARTESIAN_POINT('',(-13.875,-1.543674887932E-14,0.));
#2575=UNCERTAINTY_MEASURE_WITH_UNIT(LENGTH_MEASURE(0.01),#2579,
'DISTANCE_ACCURACY_VALUE',
'Maximum model space distance between geometric entities at asserted c
onnectivities');
#2576=UNCERTAINTY_MEASURE_WITH_UNIT(LENGTH_MEASURE(0.01),#2579,
'DISTANCE_ACCURACY_VALUE',
'Maximum model space distance between geometric entities at asserted c
onnectivities');
#2577=(
GEOMETRIC_REPRESENTATION_CONTEXT(3)
GLOBAL_UNCERTAINTY_ASSIGNED_CONTEXT((#2575))
GLOBAL_UNIT_ASSIGNED_CONTEXT((#2579,#2581,#2582))
REPRESENTATION_CONTEXT('','3D')
);
#2578=(
GEOMETRIC_REPRESENTATION_CONTEXT(3)
GLOBAL_UNCERTAINTY_ASSIGNED_CONTEXT((#2576))
GLOBAL_UNIT_ASSIGNED_CONTEXT((#2579,#2581,#2582))
REPRESENTATION_CONTEXT('','3D')
);
#2579=(
LENGTH_UNIT()
NAMED_UNIT(*)
SI_UNIT(.MILLI.,.METRE.)
);
#2580=(
LENGTH_UNIT()
NAMED_UNIT(*)
SI_UNIT($,.METRE.)
);
#2581=(
NAMED_UNIT(*)
PLANE_ANGLE_UNIT()
SI_UNIT($,.RADIAN.)
);
#2582=(
NAMED_UNIT(*)
SI_UNIT($,.STERADIAN.)
SOLID_ANGLE_UNIT()
);
#2583=SHAPE_DEFINITION_REPRESENTATION(#2584,#2585);
#2584=PRODUCT_DEFINITION_SHAPE('',$,#2587);
#2585=SHAPE_REPRESENTATION('',(#1470),#2577);
#2586=PRODUCT_DEFINITION_CONTEXT('part definition',#2591,'design');
#2587=PRODUCT_DEFINITION('magnet carousel position sensor trigger',
'magnet carousel position sensor trigger',#2588,#2586);
#2588=PRODUCT_DEFINITION_FORMATION('',$,#2593);
#2589=PRODUCT_RELATED_PRODUCT_CATEGORY(
'magnet carousel position sensor trigger',
'magnet carousel position sensor trigger',(#2593));
#2590=APPLICATION_PROTOCOL_DEFINITION('international standard',
'automotive_design',2009,#2591);
#2591=APPLICATION_CONTEXT(
'Core Data for Automotive Mechanical Design Process');
#2592=PRODUCT_CONTEXT('part definition',#2591,'mechanical');
#2593=PRODUCT('magnet carousel position sensor trigger',
'magnet carousel position sensor trigger',$,(#2592));
#2594=PRESENTATION_STYLE_ASSIGNMENT((#2595));
#2595=SURFACE_STYLE_USAGE(.BOTH.,#2596);
#2596=SURFACE_SIDE_STYLE('',(#2597));
#2597=SURFACE_STYLE_FILL_AREA(#2598);
#2598=FILL_AREA_STYLE('Plastic - Matte (Black)',(#2599));
#2599=FILL_AREA_STYLE_COLOUR('Plastic - Matte (Black)',#2600);
#2600=COLOUR_RGB('Plastic - Matte (Black)',0.0980392156862745,0.0980392156862745,
0.0980392156862745);
ENDSEC;
END-ISO-10303-21;
