ISO-10303-21;
HEADER;
/* Generated by software containing ST-Developer
 * from STEP Tools, Inc. (www.steptools.com) 
 */

FILE_DESCRIPTION(
/* description */ (''),
/* implementation_level */ '2;1');

FILE_NAME(
/* name */ 
'optical carousel position sensor trigger 14.5 mm printed stripe long.
step',
/* time_stamp */ '2026-10-04T13:09:55-05:00',
/* author */ (''),
/* organization */ (''),
/* preprocessor_version */ 'ST-DEVELOPER v20.1',
/* originating_system */ 'Autodesk Translation Framework v15.8.0.0',
/* authorisation */ '');

FILE_SCHEMA (('AUTOMOTIVE_DESIGN { 1 0 10303 214 3 1 1 }'));
ENDSEC;

DATA;
#10=MECHANICAL_DESIGN_GEOMETRIC_PRESENTATION_REPRESENTATION('',(#155,#156,
#157),#6179);
#11=ITEM_DEFINED_TRANSFORMATION($,$,#2913,#3177);
#12=ITEM_DEFINED_TRANSFORMATION($,$,#2942,#3178);
#13=ITEM_DEFINED_TRANSFORMATION($,$,#2942,#3179);
#14=(
REPRESENTATION_RELATIONSHIP($,$,#6194,#6193)
REPRESENTATION_RELATIONSHIP_WITH_TRANSFORMATION(#11)
SHAPE_REPRESENTATION_RELATIONSHIP()
);
#15=(
REPRESENTATION_RELATIONSHIP($,$,#6195,#6193)
REPRESENTATION_RELATIONSHIP_WITH_TRANSFORMATION(#12)
SHAPE_REPRESENTATION_RELATIONSHIP()
);
#16=(
REPRESENTATION_RELATIONSHIP($,$,#6195,#6193)
REPRESENTATION_RELATIONSHIP_WITH_TRANSFORMATION(#13)
SHAPE_REPRESENTATION_RELATIONSHIP()
);
#17=CONTEXT_DEPENDENT_SHAPE_REPRESENTATION(#14,#6190);
#18=CONTEXT_DEPENDENT_SHAPE_REPRESENTATION(#15,#6191);
#19=CONTEXT_DEPENDENT_SHAPE_REPRESENTATION(#16,#6192);
#20=NEXT_ASSEMBLY_USAGE_OCCURRENCE('white stripe:1','white stripe:1',
'white stripe:1',#6197,#6198,'white stripe:1');
#21=NEXT_ASSEMBLY_USAGE_OCCURRENCE(
'90593A025_Black-Oxide Medium-Strength Steel Hex Nut:1',
'90593A025_Black-Oxide Medium-Strength Steel Hex Nut:1',
'90593A025_Black-Oxide Medium-Strength Steel Hex Nut:1',#6197,#6199,
'90593A025_Black-Oxide Medium-Strength Steel Hex Nut:1');
#22=NEXT_ASSEMBLY_USAGE_OCCURRENCE(
'90593A025_Black-Oxide Medium-Strength Steel Hex Nut:2',
'90593A025_Black-Oxide Medium-Strength Steel Hex Nut:2',
'90593A025_Black-Oxide Medium-Strength Steel Hex Nut:2',#6197,#6199,
'90593A025_Black-Oxide Medium-Strength Steel Hex Nut:2');
#23=TOROIDAL_SURFACE('',#3008,5.7,0.3);
#24=TOROIDAL_SURFACE('',#3018,5.7,0.3);
#25=TOROIDAL_SURFACE('',#3041,5.7,0.3);
#26=TOROIDAL_SURFACE('',#3054,5.7,0.3);
#27=TOROIDAL_SURFACE('',#3097,0.8,0.2);
#28=TOROIDAL_SURFACE('',#3114,0.8,0.2);
#29=TOROIDAL_SURFACE('',#3119,0.8,0.2);
#30=TOROIDAL_SURFACE('',#3123,0.8,0.2);
#31=TOROIDAL_SURFACE('',#3127,0.8,0.2);
#32=B_SPLINE_SURFACE_WITH_KNOTS('',3,3,((#5076,#5077,#5078,#5079,#5080,
#5081,#5082,#5083,#5084,#5085,#5086),(#5087,#5088,#5089,#5090,#5091,#5092,
#5093,#5094,#5095,#5096,#5097),(#5098,#5099,#5100,#5101,#5102,#5103,#5104,
#5105,#5106,#5107,#5108),(#5109,#5110,#5111,#5112,#5113,#5114,#5115,#5116,
#5117,#5118,#5119),(#5120,#5121,#5122,#5123,#5124,#5125,#5126,#5127,#5128,
#5129,#5130)),.UNSPECIFIED.,.F.,.F.,.F.,(4,1,4),(4,1,1,1,1,1,1,1,4),(0.,
0.5,1.),(-0.020205575164104,-0.00831662283199818,0.00357232950010768,0.0273502341643194,
0.0749060434927428,0.122461852821166,0.217573471478013,0.265129280806437,
0.31268509013486),.UNSPECIFIED.);
#33=B_SPLINE_SURFACE_WITH_KNOTS('',3,3,((#5204,#5205,#5206,#5207),(#5208,
#5209,#5210,#5211),(#5212,#5213,#5214,#5215),(#5216,#5217,#5218,#5219),
(#5220,#5221,#5222,#5223)),.UNSPECIFIED.,.F.,.F.,.F.,(4,1,4),(4,4),(0.,
0.5,1.),(0.,0.00729050747626502),.UNSPECIFIED.);
#34=B_SPLINE_SURFACE_WITH_KNOTS('',3,3,((#5265,#5266,#5267,#5268),(#5269,
#5270,#5271,#5272),(#5273,#5274,#5275,#5276),(#5277,#5278,#5279,#5280),
(#5281,#5282,#5283,#5284)),.UNSPECIFIED.,.F.,.F.,.F.,(4,1,4),(4,4),(0.,
0.5,1.),(0.,0.00729050747626499),.UNSPECIFIED.);
#35=B_SPLINE_SURFACE_WITH_KNOTS('',3,3,((#5296,#5297,#5298,#5299,#5300,
#5301,#5302,#5303,#5304,#5305),(#5306,#5307,#5308,#5309,#5310,#5311,#5312,
#5313,#5314,#5315),(#5316,#5317,#5318,#5319,#5320,#5321,#5322,#5323,#5324,
#5325),(#5326,#5327,#5328,#5329,#5330,#5331,#5332,#5333,#5334,#5335),(#5336,
#5337,#5338,#5339,#5340,#5341,#5342,#5343,#5344,#5345)),.UNSPECIFIED.,.F.,
 .F.,.F.,(4,1,4),(4,1,1,1,1,1,1,4),(0.,0.5,1.),(-0.0202068286433517,-0.00831815740383555,
0.00357051383568056,0.0273478563147128,0.0749025412727772,0.170011911188906,
0.241343938626003,0.312675966063099),.UNSPECIFIED.);
#36=B_SPLINE_SURFACE_WITH_KNOTS('',3,3,((#5547,#5548,#5549,#5550,#5551,
#5552,#5553,#5554,#5555,#5556),(#5557,#5558,#5559,#5560,#5561,#5562,#5563,
#5564,#5565,#5566),(#5567,#5568,#5569,#5570,#5571,#5572,#5573,#5574,#5575,
#5576),(#5577,#5578,#5579,#5580,#5581,#5582,#5583,#5584,#5585,#5586),(#5587,
#5588,#5589,#5590,#5591,#5592,#5593,#5594,#5595,#5596)),.UNSPECIFIED.,.F.,
 .F.,.F.,(4,1,4),(4,1,1,1,1,1,1,4),(0.,0.5,1.),(-0.0202055751532368,-0.00831662277684495,
0.00357232959954688,0.0273502343523305,0.0749060438578979,0.170017662869033,
0.241351377127384,0.312685091385735),.UNSPECIFIED.);
#37=B_SPLINE_SURFACE_WITH_KNOTS('',3,3,((#5632,#5633,#5634,#5635),(#5636,
#5637,#5638,#5639),(#5640,#5641,#5642,#5643),(#5644,#5645,#5646,#5647),
(#5648,#5649,#5650,#5651)),.UNSPECIFIED.,.F.,.F.,.F.,(4,1,4),(4,4),(0.,
0.5,1.),(0.,0.00729050747626503),.UNSPECIFIED.);
#38=B_SPLINE_SURFACE_WITH_KNOTS('',3,3,((#5685,#5686,#5687,#5688),(#5689,
#5690,#5691,#5692),(#5693,#5694,#5695,#5696),(#5697,#5698,#5699,#5700),
(#5701,#5702,#5703,#5704)),.UNSPECIFIED.,.F.,.F.,.F.,(4,1,4),(4,4),(0.,
0.5,1.),(0.,0.00729050747626503),.UNSPECIFIED.);
#39=B_SPLINE_SURFACE_WITH_KNOTS('',3,3,((#5716,#5717,#5718,#5719,#5720,
#5721,#5722,#5723,#5724,#5725,#5726),(#5727,#5728,#5729,#5730,#5731,#5732,
#5733,#5734,#5735,#5736,#5737),(#5738,#5739,#5740,#5741,#5742,#5743,#5744,
#5745,#5746,#5747,#5748),(#5749,#5750,#5751,#5752,#5753,#5754,#5755,#5756,
#5757,#5758,#5759),(#5760,#5761,#5762,#5763,#5764,#5765,#5766,#5767,#5768,
#5769,#5770)),.UNSPECIFIED.,.F.,.F.,.F.,(4,1,4),(4,1,1,1,1,1,1,1,4),(0.,
0.5,1.),(-0.020206828625415,-0.00831815797775434,0.00357051266990627,0.0273478539652275,
0.07490253655587,0.122457219146512,0.217566584327797,0.26512126691844,0.312675949509082),
 .UNSPECIFIED.);
#40=SPHERICAL_SURFACE('',#2996,0.3);
#41=SPHERICAL_SURFACE('',#3002,0.300000000000001);
#42=SPHERICAL_SURFACE('',#3035,0.299999999999999);
#43=SPHERICAL_SURFACE('',#3045,0.3);
#44=(
BOUNDED_SURFACE()
B_SPLINE_SURFACE(1,2,((#4757,#4758,#4759,#4760,#4761,#4762,#4763,#4764,
#4765,#4766,#4767,#4768,#4769,#4770,#4771,#4772,#4773,#4774,#4775,#4776,
#4777,#4778,#4779,#4780,#4781,#4782,#4783,#4784,#4785,#4786,#4787,#4788,
#4789,#4790,#4791,#4792,#4793,#4794,#4795,#4796,#4797,#4798,#4799,#4800,
#4801,#4802,#4803,#4804,#4805,#4806,#4807,#4808,#4809,#4810,#4811,#4812,
#4813,#4814,#4815,#4816,#4817,#4818,#4819,#4820,#4821,#4822,#4823,#4824,
#4825),(#4826,#4827,#4828,#4829,#4830,#4831,#4832,#4833,#4834,#4835,#4836,
#4837,#4838,#4839,#4840,#4841,#4842,#4843,#4844,#4845,#4846,#4847,#4848,
#4849,#4850,#4851,#4852,#4853,#4854,#4855,#4856,#4857,#4858,#4859,#4860,
#4861,#4862,#4863,#4864,#4865,#4866,#4867,#4868,#4869,#4870,#4871,#4872,
#4873,#4874,#4875,#4876,#4877,#4878,#4879,#4880,#4881,#4882,#4883,#4884,
#4885,#4886,#4887,#4888,#4889,#4890,#4891,#4892,#4893,#4894)),
 .UNSPECIFIED.,.F.,.F.,.F.)
B_SPLINE_SURFACE_WITH_KNOTS((2,2),(3,2,2,2,2,2,2,2,2,2,2,2,2,2,2,2,2,2,
2,2,2,2,2,2,2,2,2,2,2,2,2,2,2,2,3),(0.,1.),(0.,0.0277777777777778,0.0555555555555556,
0.0833333333333333,0.111111111111111,0.138888888888889,0.166666666666667,
0.194444444444444,0.222222222222222,0.25,0.277777777777778,0.305555555555556,
0.333333333333333,0.361111111111111,0.388888888888889,0.416666666666667,
0.444444444444444,0.472222222222222,0.5,0.527777777777778,0.555555555555556,
0.583333333333333,0.611111111111111,0.638888888888889,0.666666666666667,
0.694444444444444,0.722222222222222,0.75,0.777777777777778,0.805555555555556,
0.833333333333333,0.861111111111111,0.888888888888889,0.907311846569355,
0.916384965035048),.UNSPECIFIED.)
GEOMETRIC_REPRESENTATION_ITEM()
RATIONAL_B_SPLINE_SURFACE(((1.,0.866025403784439,1.,0.866025403784439,1.,
0.866025403784439,1.,0.866025403784439,1.,0.866025403784439,1.,0.866025403784439,
1.,0.866025403784439,1.,0.866025403784439,1.,0.866025403784439,1.,0.866025403784439,
1.,0.866025403784439,1.,0.866025403784439,1.,0.866025403784439,1.,0.866025403784439,
1.,0.866025403784439,1.,0.866025403784439,1.,0.866025403784439,1.,0.866025403784439,
1.,0.866025403784439,1.,0.866025403784439,1.,0.866025403784439,1.,0.866025403784439,
1.,0.866025403784439,1.,0.866025403784439,1.,0.866025403784439,1.,0.866025403784439,
1.,0.866025403784439,1.,0.866025403784439,1.,0.866025403784439,1.,0.866025403784439,
1.,0.866025403784439,1.,0.866025403784439,1.,0.911144500611875,0.940151640776845,
0.940151640776845,0.940151640776845),(1.,0.866025403784439,1.,0.866025403784439,
1.,0.866025403784439,1.,0.866025403784439,1.,0.866025403784439,1.,0.866025403784439,
1.,0.866025403784439,1.,0.866025403784439,1.,0.866025403784439,1.,0.866025403784439,
1.,0.866025403784439,1.,0.866025403784439,1.,0.866025403784439,1.,0.866025403784439,
1.,0.866025403784439,1.,0.866025403784439,1.,0.866025403784439,1.,0.866025403784439,
1.,0.866025403784439,1.,0.866025403784439,1.,0.866025403784439,1.,0.866025403784439,
1.,0.866025403784439,1.,0.866025403784439,1.,0.866025403784439,1.,0.866025403784439,
1.,0.866025403784439,1.,0.866025403784439,1.,0.866025403784439,1.,0.866025403784439,
1.,0.866025403784439,1.,0.866025403784439,1.,0.911144500611875,0.940151640776845,
0.940151640776845,0.940151640776845)))
REPRESENTATION_ITEM('')
SURFACE()
);
#45=(
BOUNDED_SURFACE()
B_SPLINE_SURFACE(1,2,((#4922,#4923,#4924,#4925,#4926,#4927,#4928,#4929,
#4930,#4931,#4932,#4933,#4934,#4935,#4936,#4937,#4938,#4939,#4940,#4941,
#4942,#4943,#4944,#4945,#4946,#4947,#4948,#4949,#4950,#4951,#4952,#4953,
#4954,#4955,#4956,#4957,#4958,#4959,#4960,#4961,#4962,#4963,#4964,#4965,
#4966,#4967,#4968,#4969,#4970,#4971,#4972,#4973,#4974,#4975,#4976,#4977,
#4978,#4979,#4980,#4981,#4982,#4983,#4984,#4985,#4986,#4987,#4988),(#4989,
#4990,#4991,#4992,#4993,#4994,#4995,#4996,#4997,#4998,#4999,#5000,#5001,
#5002,#5003,#5004,#5005,#5006,#5007,#5008,#5009,#5010,#5011,#5012,#5013,
#5014,#5015,#5016,#5017,#5018,#5019,#5020,#5021,#5022,#5023,#5024,#5025,
#5026,#5027,#5028,#5029,#5030,#5031,#5032,#5033,#5034,#5035,#5036,#5037,
#5038,#5039,#5040,#5041,#5042,#5043,#5044,#5045,#5046,#5047,#5048,#5049,
#5050,#5051,#5052,#5053,#5054,#5055)),.UNSPECIFIED.,.F.,.F.,.F.)
B_SPLINE_SURFACE_WITH_KNOTS((2,2),(3,2,2,2,2,2,2,2,2,2,2,2,2,2,2,2,2,2,
2,2,2,2,2,2,2,2,2,2,2,2,2,2,2,3),(0.,1.00003922758979),(0.,0.0277777777777778,
0.0555555555555556,0.0833333333333333,0.111111111111111,0.138888888888889,
0.166666666666667,0.194444444444444,0.222222222222222,0.25,0.277777777777778,
0.305555555555556,0.333333333333333,0.361111111111111,0.388888888888889,
0.416666666666667,0.444444444444444,0.472222222222222,0.5,0.527777777777778,
0.555555555555556,0.583333333333333,0.611111111111111,0.638888888888889,
0.666666666666667,0.694444444444444,0.722222222222222,0.75,0.777777777777778,
0.805555555555556,0.833333333333333,0.861111111111111,0.888888888888889,
0.907312203219828),.UNSPECIFIED.)
GEOMETRIC_REPRESENTATION_ITEM()
RATIONAL_B_SPLINE_SURFACE(((1.,0.866025403784439,1.,0.866025403784439,1.,
0.866025403784439,1.,0.866025403784439,1.,0.866025403784439,1.,0.866025403784439,
1.,0.866025403784439,1.,0.866025403784439,1.,0.866025403784439,1.,0.866025403784439,
1.,0.866025403784439,1.,0.866025403784439,1.,0.866025403784439,1.,0.866025403784439,
1.,0.866025403784439,1.,0.866025403784439,1.,0.866025403784439,1.,0.866025403784439,
1.,0.866025403784439,1.,0.866025403784439,1.,0.866025403784439,1.,0.866025403784439,
1.,0.866025403784439,1.,0.866025403784439,1.,0.866025403784439,1.,0.866025403784439,
1.,0.866025403784439,1.,0.866025403784439,1.,0.866025403784439,1.,0.866025403784439,
1.,0.866025403784439,1.,0.866025403784439,1.,0.911142780456163,0.94015276392084),
(1.,0.866025403784439,1.,0.866025403784439,1.,0.866025403784439,1.,0.866025403784439,
1.,0.866025403784439,1.,0.866025403784439,1.,0.866025403784439,1.,0.866025403784439,
1.,0.866025403784439,1.,0.866025403784439,1.,0.866025403784439,1.,0.866025403784439,
1.,0.866025403784439,1.,0.866025403784439,1.,0.866025403784439,1.,0.866025403784439,
1.,0.866025403784439,1.,0.866025403784439,1.,0.866025403784439,1.,0.866025403784439,
1.,0.866025403784439,1.,0.866025403784439,1.,0.866025403784439,1.,0.866025403784439,
1.,0.866025403784439,1.,0.866025403784439,1.,0.866025403784439,1.,0.866025403784439,
1.,0.866025403784439,1.,0.866025403784439,1.,0.866025403784439,1.,0.866025403784439,
1.,0.911142780456163,0.94015276392084)))
REPRESENTATION_ITEM('')
SURFACE()
);
#46=FACE_BOUND('',#447,.T.);
#47=FACE_BOUND('',#467,.T.);
#48=FACE_BOUND('',#485,.T.);
#49=FACE_BOUND('',#509,.T.);
#50=FACE_BOUND('',#511,.T.);
#51=FACE_BOUND('',#535,.T.);
#52=FACE_BOUND('',#536,.T.);
#53=FACE_BOUND('',#571,.T.);
#54=FACE_BOUND('',#576,.T.);
#55=CONICAL_SURFACE('',#2956,1.29871392896287,0.78539816339745);
#56=CONICAL_SURFACE('',#2957,1.29871392896287,0.78539816339745);
#57=CONICAL_SURFACE('',#2959,1.29871392896287,0.78539816339745);
#58=CONICAL_SURFACE('',#2976,2.5,1.0471975511966);
#59=CONICAL_SURFACE('',#2977,2.5,1.0471975511966);
#60=CONICAL_SURFACE('',#2978,2.5,1.0471975511966);
#61=CONICAL_SURFACE('',#2979,2.5,1.0471975511966);
#62=CONICAL_SURFACE('',#2980,2.5,1.0471975511966);
#63=CONICAL_SURFACE('',#2981,2.5,1.0471975511966);
#64=CONICAL_SURFACE('',#2982,2.5,1.0471975511966);
#65=CONICAL_SURFACE('',#2984,2.5,1.0471975511966);
#66=CONICAL_SURFACE('',#2986,2.5,1.0471975511966);
#67=CONICAL_SURFACE('',#2988,2.5,1.0471975511966);
#68=CONICAL_SURFACE('',#2990,2.5,1.0471975511966);
#69=CONICAL_SURFACE('',#2992,2.5,1.0471975511966);
#70=CONICAL_SURFACE('',#3077,0.9,0.78539816339745);
#71=CONICAL_SURFACE('',#3080,0.9,0.785398163397447);
#72=CONICAL_SURFACE('',#3083,0.9,0.785398163397448);
#73=CONICAL_SURFACE('',#3085,0.9,0.785398163397449);
#74=CONICAL_SURFACE('',#3088,0.9,0.785398163397449);
#75=B_SPLINE_CURVE_WITH_KNOTS('',3,(#4149,#4150,#4151,#4152,#4153,#4154,
#4155,#4156,#4157,#4158),.UNSPECIFIED.,.F.,.F.,(4,2,2,2,4),(3.17314065319419,
3.20143586370288,3.25128429663736,3.29660237514413,3.34100299249494),
 .UNSPECIFIED.);
#76=B_SPLINE_CURVE_WITH_KNOTS('',3,(#4163,#4164,#4165,#4166,#4167,#4168,
#4169,#4170,#4171,#4172,#4173,#4174,#4175,#4176,#4177,#4178),
 .UNSPECIFIED.,.F.,.F.,(4,2,2,2,2,2,2,4),(1.00000010117354E-6,0.0276980521327714,
0.0564013120197812,0.106186616245737,0.154425747834677,0.202898349690346,
0.252665493826957,0.265168180910501),.UNSPECIFIED.);
#77=B_SPLINE_CURVE_WITH_KNOTS('',3,(#4183,#4184,#4185,#4186,#4187,#4188,
#4189,#4190,#4191,#4192,#4193,#4194,#4195,#4196,#4197,#4198,#4199,#4200,
#4201,#4202,#4203,#4204,#4205,#4206,#4207,#4208,#4209,#4210,#4211,#4212,
#4213,#4214,#4215,#4216,#4217,#4218),.UNSPECIFIED.,.F.,.F.,(4,2,2,2,2,2,
2,2,2,2,2,2,2,2,2,2,2,4),(2.38292609833373,2.41900425873277,2.46854086896099,
2.51626157910831,2.56613145190427,2.61513800518057,2.66291819581547,2.71328735231664,
2.76173065735802,2.81049362207556,2.86023001349628,2.90810202027586,2.95794583251733,
3.00702518112109,3.05466612702453,3.10452427525085,3.15306098033024,3.17314065319419),
 .UNSPECIFIED.);
#78=B_SPLINE_CURVE_WITH_KNOTS('',3,(#4219,#4220,#4221,#4222,#4223,#4224,
#4225,#4226,#4227,#4228,#4229,#4230,#4231,#4232,#4233,#4234,#4235,#4236,
#4237,#4238,#4239,#4240,#4241,#4242,#4243,#4244,#4245,#4246,#4247,#4248,
#4249,#4250,#4251,#4252,#4253,#4254),.UNSPECIFIED.,.F.,.F.,(4,2,2,2,2,2,
2,2,2,2,2,2,2,2,2,2,2,4),(0.265168180910501,0.300209244723919,0.349223117906754,
0.398977922473518,0.446784103736351,0.496453446305821,0.545061549394589,
0.593436631529988,0.643736968863972,0.691404248572165,0.740341857898671,
0.790113144830766,0.837761334290417,0.887226844852463,0.936125950754224,
0.984318923754838,1.03441920982048,1.05386032646982),.UNSPECIFIED.);
#79=B_SPLINE_CURVE_WITH_KNOTS('',3,(#4259,#4260,#4261,#4262,#4263,#4264,
#4265,#4266,#4267,#4268,#4269,#4270,#4271,#4272,#4273,#4274,#4275,#4276,
#4277,#4278,#4279,#4280,#4281,#4282,#4283,#4284,#4285,#4286,#4287,#4288,
#4289,#4290,#4291,#4292,#4293,#4294),.UNSPECIFIED.,.F.,.F.,(4,2,2,2,2,2,
2,2,2,2,2,2,2,2,2,2,2,4),(1.59332893542267,1.63702107750891,1.68623725320432,
1.73381355013664,1.78364480114008,1.83232252570434,1.88038125568479,1.93039011476634,
1.97850642639051,2.02798051608435,2.07734242641297,2.12494941641072,2.17478562428377,
2.2236128907585,2.27149078084829,2.32166482351988,2.36993067396251,2.38292609833373),
 .UNSPECIFIED.);
#80=B_SPLINE_CURVE_WITH_KNOTS('',3,(#4295,#4296,#4297,#4298,#4299,#4300,
#4301,#4302,#4303,#4304,#4305,#4306,#4307,#4308,#4309,#4310,#4311,#4312,
#4313,#4314,#4315,#4316,#4317,#4318,#4319,#4320,#4321,#4322,#4323,#4324,
#4325,#4326,#4327,#4328,#4329,#4330),.UNSPECIFIED.,.F.,.F.,(4,2,2,2,2,2,
2,2,2,2,2,2,2,2,2,2,2,4),(1.05386032646982,1.08216717907494,1.13092057795566,
1.18065243058188,1.22817123810419,1.27745730135242,1.32673996656749,1.37477807029079,
1.42470744395428,1.47262049854895,1.52121862186697,1.57094015699284,1.618412412444,
1.66754711975922,1.71505822451763,1.76478346927894,1.813527220788,1.84175414377874),
 .UNSPECIFIED.);
#81=B_SPLINE_CURVE_WITH_KNOTS('',3,(#4335,#4336,#4337,#4338,#4339,#4340,
#4341,#4342,#4343,#4344,#4345,#4346,#4347,#4348,#4349,#4350,#4351,#4352,
#4353,#4354,#4355,#4356,#4357,#4358,#4359,#4360,#4361,#4362,#4363,#4364,
#4365,#4366,#4367,#4368,#4369,#4370,#4371,#4372),.UNSPECIFIED.,.F.,.F.,
(4,2,2,2,2,2,2,2,2,2,2,2,2,2,2,2,2,2,4),(0.803293585391099,0.804161671943729,
0.851984127380034,0.901667225081995,0.950504818090077,0.998900415050116,
1.0492170950126,1.09701652992288,1.145974772299,1.1958346959806,1.24351906458925,
1.29300869372155,1.34218220039451,1.39040742146471,1.44053654353422,1.48845645263386,
1.53724290575065,1.58707700711881,1.59332893542267),.UNSPECIFIED.);
#82=B_SPLINE_CURVE_WITH_KNOTS('',3,(#4373,#4374,#4375,#4376,#4377,#4378,
#4379,#4380,#4381,#4382,#4383,#4384,#4385,#4386,#4387,#4388,#4389,#4390,
#4391,#4392,#4393,#4394,#4395,#4396,#4397,#4398,#4399,#4400,#4401,#4402,
#4403,#4404,#4405,#4406,#4407,#4408),.UNSPECIFIED.,.F.,.F.,(4,2,2,2,2,2,
2,2,2,2,2,2,2,2,2,2,2,4),(1.84175414377874,1.86127205169305,1.91136218528698,
1.95954560875707,2.00844610536583,2.05790140853802,2.10554011225692,2.15530412925716,
2.20423148212601,2.25189375340423,2.30218332164165,2.35054827451769,2.39915567199512,
2.44881428647401,2.4966102865547,2.54635676387443,2.59535998139379,2.63032718263863),
 .UNSPECIFIED.);
#83=B_SPLINE_CURVE_WITH_KNOTS('',3,(#4415,#4416,#4417,#4418),
 .UNSPECIFIED.,.F.,.F.,(4,4),(9.99999993578816E-7,0.0141186190531328),
 .UNSPECIFIED.);
#84=B_SPLINE_CURVE_WITH_KNOTS('',3,(#4423,#4424,#4425,#4426,#4427,#4428),
 .UNSPECIFIED.,.F.,.F.,(4,2,4),(-0.0378504592282735,-0.034061398836413,
0.),.UNSPECIFIED.);
#85=B_SPLINE_CURVE_WITH_KNOTS('',3,(#4429,#4430,#4431,#4432,#4433,#4434,
#4435,#4436,#4437,#4438,#4439,#4440),.UNSPECIFIED.,.F.,.F.,(4,2,2,2,2,4),
(-0.0853574516086461,-0.0755975187511811,-0.0648571284362765,-0.0574110039963971,
-0.0369386747229012,-0.0361579285864267),.UNSPECIFIED.);
#86=B_SPLINE_CURVE_WITH_KNOTS('',3,(#4442,#4443,#4444,#4445,#4446,#4447),
 .UNSPECIFIED.,.F.,.F.,(4,2,4),(-0.0361579285864267,-0.0220850831556062,
-9.99966181997047E-7),.UNSPECIFIED.);
#87=B_SPLINE_CURVE_WITH_KNOTS('',3,(#4451,#4452,#4453,#4454,#4455,#4456,
#4457,#4458,#4459,#4460,#4461,#4462,#4463,#4464,#4465,#4466,#4467,#4468,
#4469,#4470,#4471,#4472,#4473,#4474,#4475,#4476,#4477,#4478,#4479,#4480,
#4481,#4482,#4483,#4484,#4485,#4486,#4487,#4488),.UNSPECIFIED.,.F.,.F.,
(4,2,2,2,2,2,2,2,2,2,2,2,2,2,2,2,2,2,4),(-2.12343717429364,-2.0112920427157,
-1.89430865319718,-1.6790975811401,-1.45055766146369,-1.25749517242177,
-1.09120645443539,-0.936376231327315,-0.858152091453711,-0.714411092036163,
-0.560959950854015,-0.45675086279764,-0.381881662306098,-0.301656803715559,
-0.262389337712756,-0.192915010489713,-0.118707413288852,-0.0682392692188627,
-0.0378504592282733),.UNSPECIFIED.);
#88=B_SPLINE_CURVE_WITH_KNOTS('',3,(#4491,#4492,#4493,#4494,#4495,#4496,
#4497,#4498,#4499,#4500,#4501,#4502,#4503,#4504,#4505,#4506,#4507,#4508),
 .UNSPECIFIED.,.F.,.F.,(4,2,2,2,2,2,2,2,4),(-0.275457142310195,-0.265300586614088,
-0.224780733473068,-0.175899422674482,-0.123848168462768,-0.0980207531996259,
-0.0534116013963798,-0.0266214980799207,-1.0000001834376E-6),
 .UNSPECIFIED.);
#89=B_SPLINE_CURVE_WITH_KNOTS('',3,(#4509,#4510,#4511,#4512,#4513,#4514,
#4515,#4516,#4517,#4518,#4519,#4520),.UNSPECIFIED.,.F.,.F.,(4,2,2,2,2,4),
(-0.113541713843523,-0.0980541272524525,-0.0774854090471829,-0.0505578097769525,
-0.0294150544986247,-9.99999999972787E-7),.UNSPECIFIED.);
#90=B_SPLINE_CURVE_WITH_KNOTS('',3,(#4523,#4524,#4525,#4526,#4527,#4528,
#4529,#4530,#4531,#4532,#4533,#4534,#4535,#4536,#4537,#4538,#4539,#4540,
#4541,#4542,#4543,#4544,#4545,#4546,#4547,#4548),.UNSPECIFIED.,.F.,.F.,
(4,2,2,2,2,2,2,2,2,2,2,2,4),(-0.853377094126315,-0.810906584080891,-0.765545549527974,
-0.697710886197591,-0.633477727398741,-0.60180160309133,-0.536755157078008,
-0.474018610201401,-0.421278880469837,-0.379079457930635,-0.333912666783156,
-0.296354743022484,-0.275457142310195),.UNSPECIFIED.);
#91=B_SPLINE_CURVE_WITH_KNOTS('',3,(#4553,#4554,#4555,#4556,#4557,#4558,
#4559,#4560,#4561,#4562,#4563,#4564,#4565,#4566,#4567,#4568,#4569,#4570,
#4571,#4572,#4573,#4574,#4575,#4576,#4577,#4578,#4579,#4580,#4581,#4582,
#4583,#4584,#4585,#4586,#4587,#4588),.UNSPECIFIED.,.F.,.F.,(4,2,2,2,2,2,
2,2,2,2,2,2,2,2,2,2,2,4),(0.0141186190531328,0.0343075630439151,0.0699601192085525,
0.119862632292075,0.16800571833244,0.216585839626301,0.266388836463817,
0.313945404020239,0.363065329972337,0.413226880027359,0.461143825674914,
0.510933247626733,0.559357473398593,0.607839813711221,0.65767717024782,
0.705315388731365,0.754340947492787,0.803293585391099),.UNSPECIFIED.);
#92=B_SPLINE_CURVE_WITH_KNOTS('',3,(#4589,#4590,#4591,#4592,#4593,#4594,
#4595,#4596,#4597,#4598,#4599,#4600,#4601,#4602,#4603,#4604,#4605,#4606,
#4607,#4608,#4609,#4610,#4611,#4612,#4613,#4614,#4615,#4616,#4617,#4618,
#4619,#4620,#4621,#4622),.UNSPECIFIED.,.F.,.F.,(4,2,2,2,2,2,2,2,2,2,2,2,
2,2,2,2,4),(2.63032718263863,2.6428970675273,2.69265620160995,2.74111828762198,
2.7893548454662,2.83912908531426,2.88702829641318,2.93690783395727,2.98602104368773,
3.03350650373408,3.08324239867734,3.13181796916652,3.17979825476904,3.22970140617499,
3.27771656956109,3.30525115865891,3.33379041932551),.UNSPECIFIED.);
#93=B_SPLINE_CURVE_WITH_KNOTS('',3,(#5133,#5134,#5135,#5136,#5137,#5138,
#5139,#5140,#5141,#5142,#5143,#5144,#5145,#5146,#5147,#5148,#5149,#5150,
#5151,#5152,#5153,#5154),.UNSPECIFIED.,.F.,.F.,(4,3,3,3,3,3,3,4),(0.,0.000657980463137849,
0.00325183315740435,0.00556005265485941,0.00603316917329337,0.0081092979998801,
0.010047039018682,0.0100885409691388),.UNSPECIFIED.);
#94=B_SPLINE_CURVE_WITH_KNOTS('',3,(#5156,#5157,#5158,#5159,#5160,#5161,
#5162,#5163,#5164,#5165,#5166),.UNSPECIFIED.,.F.,.F.,(4,1,1,1,1,1,1,1,4),
(-0.0101564756386363,-0.00831662283199818,0.00357232950010768,0.0273502341643194,
0.0749060434927428,0.122461852821166,0.217573471478013,0.265129280806437,
0.31268509013486),.UNSPECIFIED.);
#95=B_SPLINE_CURVE_WITH_KNOTS('',3,(#5170,#5171,#5172,#5173,#5174,#5175,
#5176,#5177,#5178,#5179),.UNSPECIFIED.,.F.,.F.,(4,1,1,1,1,1,1,4),(-0.31268509013486,
-0.265129280806437,-0.217573471478013,-0.122461852821166,-0.0749060434927428,
-0.0273502341643194,-0.00357232950010768,2.48138343161453E-5),
 .UNSPECIFIED.);
#96=B_SPLINE_CURVE_WITH_KNOTS('',3,(#5180,#5181,#5182,#5183,#5184,#5185,
#5186,#5187,#5188,#5189,#5190,#5191,#5192,#5193,#5194,#5195,#5196,#5197,
#5198,#5199,#5200,#5201,#5202,#5203),.UNSPECIFIED.,.F.,.F.,(4,2,2,2,2,2,
2,2,2,2,2,4),(0.,0.000681698367922215,0.00847153226235644,0.00891959329956713,
0.0090573101961784,0.00914014936700471,0.00921421468878035,0.00930781161049961,
0.00949551339779989,0.0102715265800434,0.0118746753584979,0.0177012261420994),
 .UNSPECIFIED.);
#97=B_SPLINE_CURVE_WITH_KNOTS('',3,(#5227,#5228,#5229,#5230),
 .UNSPECIFIED.,.F.,.F.,(4,4),(-0.00729050747626502,0.),.UNSPECIFIED.);
#98=B_SPLINE_CURVE_WITH_KNOTS('',3,(#5231,#5232,#5233,#5234),
 .UNSPECIFIED.,.F.,.F.,(4,4),(0.,0.00729050747626502),.UNSPECIFIED.);
#99=B_SPLINE_CURVE_WITH_KNOTS('',3,(#5286,#5287,#5288,#5289),
 .UNSPECIFIED.,.F.,.F.,(4,4),(-0.00729050747626499,0.),.UNSPECIFIED.);
#100=B_SPLINE_CURVE_WITH_KNOTS('',3,(#5292,#5293,#5294,#5295),
 .UNSPECIFIED.,.F.,.F.,(4,4),(0.,0.00729050747626499),.UNSPECIFIED.);
#101=B_SPLINE_CURVE_WITH_KNOTS('',3,(#5348,#5349,#5350,#5351,#5352,#5353,
#5354,#5355,#5356,#5357,#5358,#5359,#5360,#5361,#5362,#5363,#5364,#5365,
#5366,#5367,#5368,#5369,#5370,#5371),.UNSPECIFIED.,.F.,.F.,(4,2,2,2,2,2,
2,2,2,2,2,4),(0.,0.000681758109721125,0.0084723506893614,0.00891978381115296,
0.00905730734240915,0.0091400333295282,0.00921400018034802,0.00930747717060738,
0.00949495750357078,0.0102710747322547,0.0118750371104981,0.0177003388323744),
 .UNSPECIFIED.);
#102=B_SPLINE_CURVE_WITH_KNOTS('',3,(#5372,#5373,#5374,#5375,#5376,#5377,
#5378,#5379,#5380),.UNSPECIFIED.,.F.,.F.,(4,1,1,1,1,1,4),(-2.90082200261508E-5,
0.00357051383568056,0.0273478563147128,0.0749025412727772,0.170011911188906,
0.241343938626003,0.312675966063099),.UNSPECIFIED.);
#103=B_SPLINE_CURVE_WITH_KNOTS('',3,(#5382,#5383,#5384,#5385,#5386,#5387,
#5388,#5389,#5390,#5391),.UNSPECIFIED.,.F.,.F.,(4,1,1,1,1,1,1,4),(-0.312675966063099,
-0.241343938626003,-0.170011911188906,-0.0749025412727772,-0.0273478563147128,
-0.00357051383568056,0.00831815740383555,0.0101633483840045),
 .UNSPECIFIED.);
#104=B_SPLINE_CURVE_WITH_KNOTS('',3,(#5392,#5393,#5394,#5395,#5396,#5397,
#5398,#5399,#5400,#5401,#5402,#5403,#5404,#5405,#5406,#5407,#5408,#5409,
#5410,#5411,#5412,#5413,#5414,#5415,#5416),.UNSPECIFIED.,.F.,.F.,(4,3,3,
3,3,3,3,3,4),(-4.16030148279213E-5,3.32036915323686E-19,0.00204261389063724,
0.0041959574970212,0.00450354778374948,0.00450762444822866,0.00705799999405256,
0.00986200758829024,0.0100768249057311),.UNSPECIFIED.);
#105=B_SPLINE_CURVE_WITH_KNOTS('',3,(#5493,#5494,#5495,#5496,#5497,#5498,
#5499,#5500,#5501),.UNSPECIFIED.,.F.,.F.,(4,1,1,1,1,1,4),(-0.312685091385735,
-0.241351377127384,-0.170017662869033,-0.0749060438578979,-0.0273502343523305,
-0.00357232959954688,2.34048072727585E-5),.UNSPECIFIED.);
#106=B_SPLINE_CURVE_WITH_KNOTS('',3,(#5502,#5503,#5504,#5505),
 .UNSPECIFIED.,.F.,.F.,(4,4),(-0.00729050747626503,0.),.UNSPECIFIED.);
#107=B_SPLINE_CURVE_WITH_KNOTS('',3,(#5517,#5518,#5519,#5520,#5521,#5522,
#5523,#5524,#5525,#5526,#5527,#5528,#5529,#5530,#5531,#5532,#5533,#5534,
#5535,#5536,#5537,#5538,#5539,#5540),.UNSPECIFIED.,.F.,.F.,(4,2,2,2,2,2,
2,2,2,2,2,4),(0.,0.000681698365333188,0.00847153224768749,0.00891959330628679,
0.00905731020504224,0.00914014938296389,0.0092142147091426,0.00930781162477509,
0.00949551339783428,0.0102715265407948,0.0118746752169806,0.0177012257686014),
 .UNSPECIFIED.);
#108=B_SPLINE_CURVE_WITH_KNOTS('',3,(#5598,#5599,#5600,#5601,#5602,#5603,
#5604,#5605,#5606,#5607,#5608,#5609,#5610,#5611,#5612,#5613,#5614,#5615,
#5616,#5617,#5618,#5619),.UNSPECIFIED.,.F.,.F.,(4,3,3,3,3,3,3,4),(0.,0.000657980460600179,
0.00325207432271311,0.00556005265499226,0.00603316917159186,0.00810993521635966,
0.0100470389350015,0.0100885408872176),.UNSPECIFIED.);
#109=B_SPLINE_CURVE_WITH_KNOTS('',3,(#5621,#5622,#5623,#5624,#5625,#5626,
#5627,#5628,#5629,#5630),.UNSPECIFIED.,.F.,.F.,(4,1,1,1,1,1,1,4),(-0.0101569512264632,
-0.00831662277684495,0.00357232959954688,0.0273502343523305,0.0749060438578979,
0.170017662869033,0.241351377127384,0.312685091385735),.UNSPECIFIED.);
#110=B_SPLINE_CURVE_WITH_KNOTS('',3,(#5654,#5655,#5656,#5657),
 .UNSPECIFIED.,.F.,.F.,(4,4),(0.,0.00729050747626503),.UNSPECIFIED.);
#111=B_SPLINE_CURVE_WITH_KNOTS('',3,(#5706,#5707,#5708,#5709),
 .UNSPECIFIED.,.F.,.F.,(4,4),(-0.00729050747626503,0.),.UNSPECIFIED.);
#112=B_SPLINE_CURVE_WITH_KNOTS('',3,(#5712,#5713,#5714,#5715),
 .UNSPECIFIED.,.F.,.F.,(4,4),(0.,0.00729050747626503),.UNSPECIFIED.);
#113=B_SPLINE_CURVE_WITH_KNOTS('',3,(#5773,#5774,#5775,#5776,#5777,#5778,
#5779,#5780,#5781,#5782,#5783,#5784,#5785,#5786,#5787,#5788,#5789,#5790,
#5791,#5792,#5793,#5794,#5795,#5796),.UNSPECIFIED.,.F.,.F.,(4,2,2,2,2,2,
2,2,2,2,2,4),(0.,0.000681758140422315,0.0084723505626432,0.00891978379049939,
0.00905730734550687,0.00914003334286094,0.00921400019972626,0.00930747719463211,
0.00949495753091604,0.0102710747318395,0.0118750369081816,0.0177003388758472),
 .UNSPECIFIED.);
#114=B_SPLINE_CURVE_WITH_KNOTS('',3,(#5797,#5798,#5799,#5800,#5801,#5802,
#5803,#5804,#5805,#5806),.UNSPECIFIED.,.F.,.F.,(4,1,1,1,1,1,1,4),(-3.01968637799417E-5,
0.00357051266990627,0.0273478539652275,0.07490253655587,0.122457219146512,
0.217566584327797,0.26512126691844,0.312675949509082),.UNSPECIFIED.);
#115=B_SPLINE_CURVE_WITH_KNOTS('',3,(#5808,#5809,#5810,#5811,#5812,#5813,
#5814,#5815,#5816,#5817,#5818),.UNSPECIFIED.,.F.,.F.,(4,1,1,1,1,1,1,1,4),
(-0.312675949509082,-0.26512126691844,-0.217566584327797,-0.122457219146512,
-0.07490253655587,-0.0273478539652275,-0.00357051266990627,0.00831815797775434,
0.0101629860700181),.UNSPECIFIED.);
#116=B_SPLINE_CURVE_WITH_KNOTS('',3,(#5819,#5820,#5821,#5822,#5823,#5824,
#5825,#5826,#5827,#5828,#5829,#5830,#5831,#5832,#5833,#5834,#5835,#5836,
#5837,#5838,#5839,#5840,#5841,#5842,#5843),.UNSPECIFIED.,.F.,.F.,(4,3,3,
3,3,3,3,3,4),(-4.16030236233258E-5,-2.91379333855479E-19,0.00204210418335004,
0.00419494731884158,0.00450354800722899,0.00450762467244904,0.00705813573546653,
0.00986125572101378,0.0100768257007971),.UNSPECIFIED.);
#117=(
BOUNDED_CURVE()
B_SPLINE_CURVE(2,(#4073,#4074,#4075,#4076,#4077),.UNSPECIFIED.,.F.,.F.)
B_SPLINE_CURVE_WITH_KNOTS((3,2,3),(0.230948598361703,0.244923530684694,
0.275538972020281),.UNSPECIFIED.)
CURVE()
GEOMETRIC_REPRESENTATION_ITEM()
RATIONAL_B_SPLINE_CURVE((0.9335205031545,0.938845045720894,1.,0.866025403784439,
1.))
REPRESENTATION_ITEM('')
);
#118=(
BOUNDED_CURVE()
B_SPLINE_CURVE(2,(#4080,#4081,#4082,#4083,#4084,#4085,#4086),
 .UNSPECIFIED.,.F.,.F.)
B_SPLINE_CURVE_WITH_KNOTS((3,2,2,3),(0.20766876108207,0.214308199266368,
0.24492365630441,0.275539113342452),.UNSPECIFIED.)
CURVE()
GEOMETRIC_REPRESENTATION_ITEM()
RATIONAL_B_SPLINE_CURVE((0.954492878928725,0.970945524388736,1.,0.866025403784439,
1.,0.866025403784439,1.))
REPRESENTATION_ITEM('')
);
#119=(
BOUNDED_CURVE()
B_SPLINE_CURVE(2,(#4091,#4092,#4093,#4094,#4095,#4096,#4097,#4098,#4099,
#4100,#4101,#4102,#4103),.UNSPECIFIED.,.F.,.F.)
B_SPLINE_CURVE_WITH_KNOTS((3,2,2,2,2,2,3),(0.275538972020281,0.306154413355868,
0.336769854691454,0.367385296027041,0.398000737362628,0.428616178698215,
0.459231620033801),.UNSPECIFIED.)
CURVE()
GEOMETRIC_REPRESENTATION_ITEM()
RATIONAL_B_SPLINE_CURVE((1.,0.866025403784439,1.,0.866025403784439,1.,0.866025403784439,
1.,0.866025403784439,1.,0.866025403784439,1.,0.866025403784439,1.))
REPRESENTATION_ITEM('')
);
#120=(
BOUNDED_CURVE()
B_SPLINE_CURVE(2,(#4104,#4105,#4106,#4107,#4108,#4109,#4110,#4111,#4112,
#4113,#4114,#4115,#4116),.UNSPECIFIED.,.F.,.F.)
B_SPLINE_CURVE_WITH_KNOTS((3,2,2,2,2,2,3),(0.275539113342452,0.306154570380494,
0.336770027418536,0.367385484456578,0.39800094149462,0.428616398532662,
0.459231855570704),.UNSPECIFIED.)
CURVE()
GEOMETRIC_REPRESENTATION_ITEM()
RATIONAL_B_SPLINE_CURVE((1.,0.866025403784439,1.,0.866025403784439,1.,0.866025403784439,
1.,0.866025403784439,1.,0.866025403784439,1.,0.866025403784439,1.))
REPRESENTATION_ITEM('')
);
#121=(
BOUNDED_CURVE()
B_SPLINE_CURVE(2,(#4122,#4123,#4124,#4125,#4126,#4127,#4128,#4129,#4130),
 .UNSPECIFIED.,.F.,.F.)
B_SPLINE_CURVE_WITH_KNOTS((3,2,2,2,3),(0.642924597798955,0.673540054836997,
0.704155511875039,0.734770968913081,0.746350438326763),.UNSPECIFIED.)
CURVE()
GEOMETRIC_REPRESENTATION_ITEM()
RATIONAL_B_SPLINE_CURVE((1.,0.866025403784439,1.,0.866025403784439,1.,0.866025403784439,
1.,0.94932772889326,0.936986292611111))
REPRESENTATION_ITEM('')
);
#122=(
BOUNDED_CURVE()
B_SPLINE_CURVE(2,(#4133,#4134,#4135,#4136,#4137,#4138,#4139,#4140,#4141,
#4142,#4143),.UNSPECIFIED.,.F.,.F.)
B_SPLINE_CURVE_WITH_KNOTS((3,2,2,2,2,3),(0.642924268047322,0.673539709382909,
0.704155150718495,0.734770592054082,0.765386033389669,0.769417292441074),
 .UNSPECIFIED.)
CURVE()
GEOMETRIC_REPRESENTATION_ITEM()
RATIONAL_B_SPLINE_CURVE((1.,0.866025403784439,1.,0.866025403784439,1.,0.866025403784439,
1.,0.866025403784439,1.,0.982359022764616,0.96936376324901))
REPRESENTATION_ITEM('')
);
#123=(
BOUNDED_CURVE()
B_SPLINE_CURVE(2,(#4639,#4640,#4641),.UNSPECIFIED.,.F.,.F.)
B_SPLINE_CURVE_WITH_KNOTS((3,3),(0.491778180543398,0.787278617222224),
 .UNSPECIFIED.)
CURVE()
GEOMETRIC_REPRESENTATION_ITEM()
RATIONAL_B_SPLINE_CURVE((1.89282032302473,2.03923048454133,2.03923048454133))
REPRESENTATION_ITEM('')
);
#124=(
BOUNDED_CURVE()
B_SPLINE_CURVE(2,(#4644,#4645,#4646),.UNSPECIFIED.,.F.,.F.)
B_SPLINE_CURVE_WITH_KNOTS((3,3),(0.787278617222225,1.08277905390105),
 .UNSPECIFIED.)
CURVE()
GEOMETRIC_REPRESENTATION_ITEM()
RATIONAL_B_SPLINE_CURVE((2.03923048454134,2.03923048454134,1.89282032302473))
REPRESENTATION_ITEM('')
);
#125=(
BOUNDED_CURVE()
B_SPLINE_CURVE(2,(#4648,#4649,#4650),.UNSPECIFIED.,.F.,.F.)
B_SPLINE_CURVE_WITH_KNOTS((3,3),(0.491778180543399,0.787278617222225),
 .UNSPECIFIED.)
CURVE()
GEOMETRIC_REPRESENTATION_ITEM()
RATIONAL_B_SPLINE_CURVE((1.89282032302473,2.03923048454133,2.03923048454133))
REPRESENTATION_ITEM('')
);
#126=(
BOUNDED_CURVE()
B_SPLINE_CURVE(2,(#4653,#4654,#4655),.UNSPECIFIED.,.F.,.F.)
B_SPLINE_CURVE_WITH_KNOTS((3,3),(0.787278617222225,1.08277905390105),
 .UNSPECIFIED.)
CURVE()
GEOMETRIC_REPRESENTATION_ITEM()
RATIONAL_B_SPLINE_CURVE((2.03923048454133,2.03923048454133,1.89282032302473))
REPRESENTATION_ITEM('')
);
#127=(
BOUNDED_CURVE()
B_SPLINE_CURVE(2,(#4659,#4660,#4661),.UNSPECIFIED.,.F.,.F.)
B_SPLINE_CURVE_WITH_KNOTS((3,3),(0.491778180543398,0.787278617222223),
 .UNSPECIFIED.)
CURVE()
GEOMETRIC_REPRESENTATION_ITEM()
RATIONAL_B_SPLINE_CURVE((1.89282032302473,2.03923048454133,2.03923048454133))
REPRESENTATION_ITEM('')
);
#128=(
BOUNDED_CURVE()
B_SPLINE_CURVE(2,(#4664,#4665,#4666),.UNSPECIFIED.,.F.,.F.)
B_SPLINE_CURVE_WITH_KNOTS((3,3),(0.787278617222224,1.08277905390105),
 .UNSPECIFIED.)
CURVE()
GEOMETRIC_REPRESENTATION_ITEM()
RATIONAL_B_SPLINE_CURVE((2.03923048454133,2.03923048454133,1.89282032302472))
REPRESENTATION_ITEM('')
);
#129=(
BOUNDED_CURVE()
B_SPLINE_CURVE(2,(#4667,#4668,#4669),.UNSPECIFIED.,.F.,.F.)
B_SPLINE_CURVE_WITH_KNOTS((3,3),(0.4917781805434,0.787278617222224),
 .UNSPECIFIED.)
CURVE()
GEOMETRIC_REPRESENTATION_ITEM()
RATIONAL_B_SPLINE_CURVE((1.89282032302473,2.03923048454133,2.03923048454133))
REPRESENTATION_ITEM('')
);
#130=(
BOUNDED_CURVE()
B_SPLINE_CURVE(2,(#4670,#4671,#4672),.UNSPECIFIED.,.F.,.F.)
B_SPLINE_CURVE_WITH_KNOTS((3,3),(0.787278617222223,1.08277905390105),
 .UNSPECIFIED.)
CURVE()
GEOMETRIC_REPRESENTATION_ITEM()
RATIONAL_B_SPLINE_CURVE((2.03923048454133,2.03923048454133,1.89282032302473))
REPRESENTATION_ITEM('')
);
#131=(
BOUNDED_CURVE()
B_SPLINE_CURVE(2,(#4676,#4677,#4678),.UNSPECIFIED.,.F.,.F.)
B_SPLINE_CURVE_WITH_KNOTS((3,3),(0.4917781805434,0.787278617222223),
 .UNSPECIFIED.)
CURVE()
GEOMETRIC_REPRESENTATION_ITEM()
RATIONAL_B_SPLINE_CURVE((1.89282032302473,2.03923048454133,2.03923048454133))
REPRESENTATION_ITEM('')
);
#132=(
BOUNDED_CURVE()
B_SPLINE_CURVE(2,(#4681,#4682,#4683),.UNSPECIFIED.,.F.,.F.)
B_SPLINE_CURVE_WITH_KNOTS((3,3),(0.787278617222223,1.08277905390105),
 .UNSPECIFIED.)
CURVE()
GEOMETRIC_REPRESENTATION_ITEM()
RATIONAL_B_SPLINE_CURVE((2.03923048454133,2.03923048454133,1.89282032302473))
REPRESENTATION_ITEM('')
);
#133=(
BOUNDED_CURVE()
B_SPLINE_CURVE(2,(#4684,#4685,#4686),.UNSPECIFIED.,.F.,.F.)
B_SPLINE_CURVE_WITH_KNOTS((3,3),(0.491778180543399,0.787278617222223),
 .UNSPECIFIED.)
CURVE()
GEOMETRIC_REPRESENTATION_ITEM()
RATIONAL_B_SPLINE_CURVE((1.89282032302472,2.03923048454133,2.03923048454133))
REPRESENTATION_ITEM('')
);
#134=(
BOUNDED_CURVE()
B_SPLINE_CURVE(2,(#4687,#4688,#4689),.UNSPECIFIED.,.F.,.F.)
B_SPLINE_CURVE_WITH_KNOTS((3,3),(0.787278617222223,1.08277905390105),
 .UNSPECIFIED.)
CURVE()
GEOMETRIC_REPRESENTATION_ITEM()
RATIONAL_B_SPLINE_CURVE((2.03923048454133,2.03923048454133,1.89282032302472))
REPRESENTATION_ITEM('')
);
#135=(
BOUNDED_CURVE()
B_SPLINE_CURVE(2,(#4693,#4694,#4695),.UNSPECIFIED.,.F.,.F.)
B_SPLINE_CURVE_WITH_KNOTS((3,3),(0.4917781805434,0.787278617222225),
 .UNSPECIFIED.)
CURVE()
GEOMETRIC_REPRESENTATION_ITEM()
RATIONAL_B_SPLINE_CURVE((1.89282032302473,2.03923048454133,2.03923048454133))
REPRESENTATION_ITEM('')
);
#136=(
BOUNDED_CURVE()
B_SPLINE_CURVE(2,(#4698,#4699,#4700),.UNSPECIFIED.,.F.,.F.)
B_SPLINE_CURVE_WITH_KNOTS((3,3),(0.787278617222225,1.08277905390105),
 .UNSPECIFIED.)
CURVE()
GEOMETRIC_REPRESENTATION_ITEM()
RATIONAL_B_SPLINE_CURVE((2.03923048454133,2.03923048454133,1.89282032302473))
REPRESENTATION_ITEM('')
);
#137=(
BOUNDED_CURVE()
B_SPLINE_CURVE(2,(#4701,#4702,#4703),.UNSPECIFIED.,.F.,.F.)
B_SPLINE_CURVE_WITH_KNOTS((3,3),(0.491778180543399,0.787278617222225),
 .UNSPECIFIED.)
CURVE()
GEOMETRIC_REPRESENTATION_ITEM()
RATIONAL_B_SPLINE_CURVE((1.89282032302473,2.03923048454133,2.03923048454133))
REPRESENTATION_ITEM('')
);
#138=(
BOUNDED_CURVE()
B_SPLINE_CURVE(2,(#4704,#4705,#4706),.UNSPECIFIED.,.F.,.F.)
B_SPLINE_CURVE_WITH_KNOTS((3,3),(0.787278617222225,1.08277905390105),
 .UNSPECIFIED.)
CURVE()
GEOMETRIC_REPRESENTATION_ITEM()
RATIONAL_B_SPLINE_CURVE((2.03923048454133,2.03923048454133,1.89282032302473))
REPRESENTATION_ITEM('')
);
#139=(
BOUNDED_CURVE()
B_SPLINE_CURVE(2,(#4710,#4711,#4712),.UNSPECIFIED.,.F.,.F.)
B_SPLINE_CURVE_WITH_KNOTS((3,3),(0.491778180543401,0.787278617222225),
 .UNSPECIFIED.)
CURVE()
GEOMETRIC_REPRESENTATION_ITEM()
RATIONAL_B_SPLINE_CURVE((1.89282032302473,2.03923048454133,2.03923048454133))
REPRESENTATION_ITEM('')
);
#140=(
BOUNDED_CURVE()
B_SPLINE_CURVE(2,(#4715,#4716,#4717),.UNSPECIFIED.,.F.,.F.)
B_SPLINE_CURVE_WITH_KNOTS((3,3),(0.787278617222226,1.08277905390105),
 .UNSPECIFIED.)
CURVE()
GEOMETRIC_REPRESENTATION_ITEM()
RATIONAL_B_SPLINE_CURVE((2.03923048454133,2.03923048454133,1.89282032302473))
REPRESENTATION_ITEM('')
);
#141=(
BOUNDED_CURVE()
B_SPLINE_CURVE(2,(#4718,#4719,#4720),.UNSPECIFIED.,.F.,.F.)
B_SPLINE_CURVE_WITH_KNOTS((3,3),(0.4917781805434,0.787278617222226),
 .UNSPECIFIED.)
CURVE()
GEOMETRIC_REPRESENTATION_ITEM()
RATIONAL_B_SPLINE_CURVE((1.89282032302473,2.03923048454133,2.03923048454133))
REPRESENTATION_ITEM('')
);
#142=(
BOUNDED_CURVE()
B_SPLINE_CURVE(2,(#4721,#4722,#4723),.UNSPECIFIED.,.F.,.F.)
B_SPLINE_CURVE_WITH_KNOTS((3,3),(0.787278617222226,1.08277905390105),
 .UNSPECIFIED.)
CURVE()
GEOMETRIC_REPRESENTATION_ITEM()
RATIONAL_B_SPLINE_CURVE((2.03923048454133,2.03923048454133,1.89282032302473))
REPRESENTATION_ITEM('')
);
#143=(
BOUNDED_CURVE()
B_SPLINE_CURVE(2,(#4726,#4727,#4728),.UNSPECIFIED.,.F.,.F.)
B_SPLINE_CURVE_WITH_KNOTS((3,3),(0.4917781805434,0.787278617222226),
 .UNSPECIFIED.)
CURVE()
GEOMETRIC_REPRESENTATION_ITEM()
RATIONAL_B_SPLINE_CURVE((1.89282032302473,2.03923048454134,2.03923048454134))
REPRESENTATION_ITEM('')
);
#144=(
BOUNDED_CURVE()
B_SPLINE_CURVE(2,(#4729,#4730,#4731),.UNSPECIFIED.,.F.,.F.)
B_SPLINE_CURVE_WITH_KNOTS((3,3),(0.787278617222226,1.08277905390105),
 .UNSPECIFIED.)
CURVE()
GEOMETRIC_REPRESENTATION_ITEM()
RATIONAL_B_SPLINE_CURVE((2.03923048454134,2.03923048454133,1.89282032302473))
REPRESENTATION_ITEM('')
);
#145=(
BOUNDED_CURVE()
B_SPLINE_CURVE(2,(#4732,#4733,#4734),.UNSPECIFIED.,.F.,.F.)
B_SPLINE_CURVE_WITH_KNOTS((3,3),(0.4917781805434,0.787278617222226),
 .UNSPECIFIED.)
CURVE()
GEOMETRIC_REPRESENTATION_ITEM()
RATIONAL_B_SPLINE_CURVE((1.89282032302473,2.03923048454134,2.03923048454134))
REPRESENTATION_ITEM('')
);
#146=(
BOUNDED_CURVE()
B_SPLINE_CURVE(2,(#4735,#4736,#4737),.UNSPECIFIED.,.F.,.F.)
B_SPLINE_CURVE_WITH_KNOTS((3,3),(0.787278617222225,1.08277905390105),
 .UNSPECIFIED.)
CURVE()
GEOMETRIC_REPRESENTATION_ITEM()
RATIONAL_B_SPLINE_CURVE((2.03923048454134,2.03923048454134,1.89282032302473))
REPRESENTATION_ITEM('')
);
#147=(
BOUNDED_CURVE()
B_SPLINE_CURVE(2,(#4895,#4896,#4897,#4898,#4899,#4900,#4901,#4902,#4903,
#4904,#4905,#4906,#4907),.UNSPECIFIED.,.F.,.F.)
B_SPLINE_CURVE_WITH_KNOTS((3,2,2,2,2,2,3),(0.459231620033801,0.489847061369388,
0.520462502704975,0.551077944040562,0.581693385376148,0.612308826711735,
0.642924268047322),.UNSPECIFIED.)
CURVE()
GEOMETRIC_REPRESENTATION_ITEM()
RATIONAL_B_SPLINE_CURVE((1.,0.866025403784439,1.,0.866025403784439,1.,0.866025403784439,
1.,0.866025403784439,1.,0.866025403784439,1.,0.866025403784439,1.))
REPRESENTATION_ITEM('')
);
#148=(
BOUNDED_CURVE()
B_SPLINE_CURVE(2,(#4909,#4910,#4911,#4912,#4913,#4914,#4915,#4916,#4917,
#4918,#4919,#4920,#4921),.UNSPECIFIED.,.F.,.F.)
B_SPLINE_CURVE_WITH_KNOTS((3,2,2,2,2,2,3),(0.459231855570704,0.489847312608746,
0.520462769646788,0.55107822668483,0.581693683722871,0.612309140760913,
0.642924597798955),.UNSPECIFIED.)
CURVE()
GEOMETRIC_REPRESENTATION_ITEM()
RATIONAL_B_SPLINE_CURVE((1.,0.866025403784439,1.,0.866025403784439,1.,0.866025403784439,
1.,0.866025403784439,1.,0.866025403784439,1.,0.866025403784439,1.))
REPRESENTATION_ITEM('')
);
#149=SHAPE_REPRESENTATION_RELATIONSHIP('SRR','None',#6194,#152);
#150=SHAPE_REPRESENTATION_RELATIONSHIP('SRR','None',#6195,#153);
#151=SHAPE_REPRESENTATION_RELATIONSHIP('SRR','None',#6193,#154);
#152=ADVANCED_BREP_SHAPE_REPRESENTATION('',(#158),#6177);
#153=ADVANCED_BREP_SHAPE_REPRESENTATION('',(#159),#6178);
#154=ADVANCED_BREP_SHAPE_REPRESENTATION('',(#160),#6176);
#155=STYLED_ITEM('',(#6212),#158);
#156=STYLED_ITEM('',(#6212),#159);
#157=STYLED_ITEM('',(#6213),#160);
#158=MANIFOLD_SOLID_BREP('Body2',#2886);
#159=MANIFOLD_SOLID_BREP('Body1',#2887);
#160=MANIFOLD_SOLID_BREP('Body3',#2888);
#161=PLANE('',#2917);
#162=PLANE('',#2918);
#163=PLANE('',#2922);
#164=PLANE('',#2926);
#165=PLANE('',#2928);
#166=PLANE('',#2931);
#167=PLANE('',#2932);
#168=PLANE('',#2933);
#169=PLANE('',#2934);
#170=PLANE('',#2935);
#171=PLANE('',#2936);
#172=PLANE('',#2937);
#173=PLANE('',#2938);
#174=PLANE('',#2939);
#175=PLANE('',#2940);
#176=PLANE('',#2941);
#177=PLANE('',#2963);
#178=PLANE('',#2970);
#179=PLANE('',#2971);
#180=PLANE('',#2972);
#181=PLANE('',#2973);
#182=PLANE('',#2974);
#183=PLANE('',#2975);
#184=PLANE('',#2994);
#185=PLANE('',#3023);
#186=PLANE('',#3027);
#187=PLANE('',#3028);
#188=PLANE('',#3029);
#189=PLANE('',#3034);
#190=PLANE('',#3060);
#191=PLANE('',#3061);
#192=PLANE('',#3063);
#193=PLANE('',#3064);
#194=PLANE('',#3067);
#195=PLANE('',#3074);
#196=PLANE('',#3076);
#197=PLANE('',#3079);
#198=PLANE('',#3082);
#199=PLANE('',#3087);
#200=PLANE('',#3090);
#201=PLANE('',#3093);
#202=PLANE('',#3096);
#203=PLANE('',#3105);
#204=PLANE('',#3118);
#205=PLANE('',#3132);
#206=PLANE('',#3133);
#207=PLANE('',#3134);
#208=PLANE('',#3135);
#209=PLANE('',#3136);
#210=PLANE('',#3137);
#211=PLANE('',#3138);
#212=PLANE('',#3139);
#213=PLANE('',#3140);
#214=PLANE('',#3141);
#215=PLANE('',#3142);
#216=PLANE('',#3143);
#217=PLANE('',#3144);
#218=PLANE('',#3145);
#219=PLANE('',#3146);
#220=PLANE('',#3147);
#221=PLANE('',#3148);
#222=PLANE('',#3149);
#223=PLANE('',#3150);
#224=PLANE('',#3151);
#225=PLANE('',#3152);
#226=PLANE('',#3153);
#227=PLANE('',#3154);
#228=PLANE('',#3156);
#229=PLANE('',#3157);
#230=PLANE('',#3158);
#231=PLANE('',#3159);
#232=PLANE('',#3161);
#233=PLANE('',#3162);
#234=PLANE('',#3163);
#235=PLANE('',#3164);
#236=PLANE('',#3165);
#237=PLANE('',#3167);
#238=PLANE('',#3169);
#239=PLANE('',#3170);
#240=PLANE('',#3171);
#241=PLANE('',#3172);
#242=PLANE('',#3173);
#243=PLANE('',#3174);
#244=FACE_OUTER_BOUND('',#414,.T.);
#245=FACE_OUTER_BOUND('',#415,.T.);
#246=FACE_OUTER_BOUND('',#416,.T.);
#247=FACE_OUTER_BOUND('',#417,.T.);
#248=FACE_OUTER_BOUND('',#418,.T.);
#249=FACE_OUTER_BOUND('',#419,.T.);
#250=FACE_OUTER_BOUND('',#420,.T.);
#251=FACE_OUTER_BOUND('',#421,.T.);
#252=FACE_OUTER_BOUND('',#422,.T.);
#253=FACE_OUTER_BOUND('',#423,.T.);
#254=FACE_OUTER_BOUND('',#424,.T.);
#255=FACE_OUTER_BOUND('',#425,.T.);
#256=FACE_OUTER_BOUND('',#426,.T.);
#257=FACE_OUTER_BOUND('',#427,.T.);
#258=FACE_OUTER_BOUND('',#428,.T.);
#259=FACE_OUTER_BOUND('',#429,.T.);
#260=FACE_OUTER_BOUND('',#430,.T.);
#261=FACE_OUTER_BOUND('',#431,.T.);
#262=FACE_OUTER_BOUND('',#432,.T.);
#263=FACE_OUTER_BOUND('',#433,.T.);
#264=FACE_OUTER_BOUND('',#434,.T.);
#265=FACE_OUTER_BOUND('',#435,.T.);
#266=FACE_OUTER_BOUND('',#436,.T.);
#267=FACE_OUTER_BOUND('',#437,.T.);
#268=FACE_OUTER_BOUND('',#438,.T.);
#269=FACE_OUTER_BOUND('',#439,.T.);
#270=FACE_OUTER_BOUND('',#440,.T.);
#271=FACE_OUTER_BOUND('',#441,.T.);
#272=FACE_OUTER_BOUND('',#442,.T.);
#273=FACE_OUTER_BOUND('',#443,.T.);
#274=FACE_OUTER_BOUND('',#444,.T.);
#275=FACE_OUTER_BOUND('',#445,.T.);
#276=FACE_OUTER_BOUND('',#446,.T.);
#277=FACE_OUTER_BOUND('',#448,.T.);
#278=FACE_OUTER_BOUND('',#449,.T.);
#279=FACE_OUTER_BOUND('',#450,.T.);
#280=FACE_OUTER_BOUND('',#451,.T.);
#281=FACE_OUTER_BOUND('',#452,.T.);
#282=FACE_OUTER_BOUND('',#453,.T.);
#283=FACE_OUTER_BOUND('',#454,.T.);
#284=FACE_OUTER_BOUND('',#455,.T.);
#285=FACE_OUTER_BOUND('',#456,.T.);
#286=FACE_OUTER_BOUND('',#457,.T.);
#287=FACE_OUTER_BOUND('',#458,.T.);
#288=FACE_OUTER_BOUND('',#459,.T.);
#289=FACE_OUTER_BOUND('',#460,.T.);
#290=FACE_OUTER_BOUND('',#461,.T.);
#291=FACE_OUTER_BOUND('',#462,.T.);
#292=FACE_OUTER_BOUND('',#463,.T.);
#293=FACE_OUTER_BOUND('',#464,.T.);
#294=FACE_OUTER_BOUND('',#465,.T.);
#295=FACE_OUTER_BOUND('',#466,.T.);
#296=FACE_OUTER_BOUND('',#468,.T.);
#297=FACE_OUTER_BOUND('',#469,.T.);
#298=FACE_OUTER_BOUND('',#470,.T.);
#299=FACE_OUTER_BOUND('',#471,.T.);
#300=FACE_OUTER_BOUND('',#472,.T.);
#301=FACE_OUTER_BOUND('',#473,.T.);
#302=FACE_OUTER_BOUND('',#474,.T.);
#303=FACE_OUTER_BOUND('',#475,.T.);
#304=FACE_OUTER_BOUND('',#476,.T.);
#305=FACE_OUTER_BOUND('',#477,.T.);
#306=FACE_OUTER_BOUND('',#478,.T.);
#307=FACE_OUTER_BOUND('',#479,.T.);
#308=FACE_OUTER_BOUND('',#480,.T.);
#309=FACE_OUTER_BOUND('',#481,.T.);
#310=FACE_OUTER_BOUND('',#482,.T.);
#311=FACE_OUTER_BOUND('',#483,.T.);
#312=FACE_OUTER_BOUND('',#484,.T.);
#313=FACE_OUTER_BOUND('',#486,.T.);
#314=FACE_OUTER_BOUND('',#487,.T.);
#315=FACE_OUTER_BOUND('',#488,.T.);
#316=FACE_OUTER_BOUND('',#489,.T.);
#317=FACE_OUTER_BOUND('',#490,.T.);
#318=FACE_OUTER_BOUND('',#491,.T.);
#319=FACE_OUTER_BOUND('',#492,.T.);
#320=FACE_OUTER_BOUND('',#493,.T.);
#321=FACE_OUTER_BOUND('',#494,.T.);
#322=FACE_OUTER_BOUND('',#495,.T.);
#323=FACE_OUTER_BOUND('',#496,.T.);
#324=FACE_OUTER_BOUND('',#497,.T.);
#325=FACE_OUTER_BOUND('',#498,.T.);
#326=FACE_OUTER_BOUND('',#499,.T.);
#327=FACE_OUTER_BOUND('',#500,.T.);
#328=FACE_OUTER_BOUND('',#501,.T.);
#329=FACE_OUTER_BOUND('',#502,.T.);
#330=FACE_OUTER_BOUND('',#503,.T.);
#331=FACE_OUTER_BOUND('',#504,.T.);
#332=FACE_OUTER_BOUND('',#505,.T.);
#333=FACE_OUTER_BOUND('',#506,.T.);
#334=FACE_OUTER_BOUND('',#507,.T.);
#335=FACE_OUTER_BOUND('',#508,.T.);
#336=FACE_OUTER_BOUND('',#510,.T.);
#337=FACE_OUTER_BOUND('',#512,.T.);
#338=FACE_OUTER_BOUND('',#513,.T.);
#339=FACE_OUTER_BOUND('',#514,.T.);
#340=FACE_OUTER_BOUND('',#515,.T.);
#341=FACE_OUTER_BOUND('',#516,.T.);
#342=FACE_OUTER_BOUND('',#517,.T.);
#343=FACE_OUTER_BOUND('',#518,.T.);
#344=FACE_OUTER_BOUND('',#519,.T.);
#345=FACE_OUTER_BOUND('',#520,.T.);
#346=FACE_OUTER_BOUND('',#521,.T.);
#347=FACE_OUTER_BOUND('',#522,.T.);
#348=FACE_OUTER_BOUND('',#523,.T.);
#349=FACE_OUTER_BOUND('',#524,.T.);
#350=FACE_OUTER_BOUND('',#525,.T.);
#351=FACE_OUTER_BOUND('',#526,.T.);
#352=FACE_OUTER_BOUND('',#527,.T.);
#353=FACE_OUTER_BOUND('',#528,.T.);
#354=FACE_OUTER_BOUND('',#529,.T.);
#355=FACE_OUTER_BOUND('',#530,.T.);
#356=FACE_OUTER_BOUND('',#531,.T.);
#357=FACE_OUTER_BOUND('',#532,.T.);
#358=FACE_OUTER_BOUND('',#533,.T.);
#359=FACE_OUTER_BOUND('',#534,.T.);
#360=FACE_OUTER_BOUND('',#537,.T.);
#361=FACE_OUTER_BOUND('',#538,.T.);
#362=FACE_OUTER_BOUND('',#539,.T.);
#363=FACE_OUTER_BOUND('',#540,.T.);
#364=FACE_OUTER_BOUND('',#541,.T.);
#365=FACE_OUTER_BOUND('',#542,.T.);
#366=FACE_OUTER_BOUND('',#543,.T.);
#367=FACE_OUTER_BOUND('',#544,.T.);
#368=FACE_OUTER_BOUND('',#545,.T.);
#369=FACE_OUTER_BOUND('',#546,.T.);
#370=FACE_OUTER_BOUND('',#547,.T.);
#371=FACE_OUTER_BOUND('',#548,.T.);
#372=FACE_OUTER_BOUND('',#549,.T.);
#373=FACE_OUTER_BOUND('',#550,.T.);
#374=FACE_OUTER_BOUND('',#551,.T.);
#375=FACE_OUTER_BOUND('',#552,.T.);
#376=FACE_OUTER_BOUND('',#553,.T.);
#377=FACE_OUTER_BOUND('',#554,.T.);
#378=FACE_OUTER_BOUND('',#555,.T.);
#379=FACE_OUTER_BOUND('',#556,.T.);
#380=FACE_OUTER_BOUND('',#557,.T.);
#381=FACE_OUTER_BOUND('',#558,.T.);
#382=FACE_OUTER_BOUND('',#559,.T.);
#383=FACE_OUTER_BOUND('',#560,.T.);
#384=FACE_OUTER_BOUND('',#561,.T.);
#385=FACE_OUTER_BOUND('',#562,.T.);
#386=FACE_OUTER_BOUND('',#563,.T.);
#387=FACE_OUTER_BOUND('',#564,.T.);
#388=FACE_OUTER_BOUND('',#565,.T.);
#389=FACE_OUTER_BOUND('',#566,.T.);
#390=FACE_OUTER_BOUND('',#567,.T.);
#391=FACE_OUTER_BOUND('',#568,.T.);
#392=FACE_OUTER_BOUND('',#569,.T.);
#393=FACE_OUTER_BOUND('',#570,.T.);
#394=FACE_OUTER_BOUND('',#572,.T.);
#395=FACE_OUTER_BOUND('',#573,.T.);
#396=FACE_OUTER_BOUND('',#574,.T.);
#397=FACE_OUTER_BOUND('',#575,.T.);
#398=FACE_OUTER_BOUND('',#577,.T.);
#399=FACE_OUTER_BOUND('',#578,.T.);
#400=FACE_OUTER_BOUND('',#579,.T.);
#401=FACE_OUTER_BOUND('',#580,.T.);
#402=FACE_OUTER_BOUND('',#581,.T.);
#403=FACE_OUTER_BOUND('',#582,.T.);
#404=FACE_OUTER_BOUND('',#583,.T.);
#405=FACE_OUTER_BOUND('',#584,.T.);
#406=FACE_OUTER_BOUND('',#585,.T.);
#407=FACE_OUTER_BOUND('',#586,.T.);
#408=FACE_OUTER_BOUND('',#587,.T.);
#409=FACE_OUTER_BOUND('',#588,.T.);
#410=FACE_OUTER_BOUND('',#589,.T.);
#411=FACE_OUTER_BOUND('',#590,.T.);
#412=FACE_OUTER_BOUND('',#591,.T.);
#413=FACE_OUTER_BOUND('',#592,.T.);
#414=EDGE_LOOP('',(#1842,#1843,#1844,#1845));
#415=EDGE_LOOP('',(#1846,#1847,#1848,#1849));
#416=EDGE_LOOP('',(#1850,#1851,#1852,#1853,#1854,#1855,#1856,#1857,#1858,
#1859,#1860,#1861,#1862,#1863,#1864,#1865));
#417=EDGE_LOOP('',(#1866,#1867,#1868,#1869));
#418=EDGE_LOOP('',(#1870,#1871,#1872,#1873));
#419=EDGE_LOOP('',(#1874,#1875,#1876,#1877));
#420=EDGE_LOOP('',(#1878,#1879,#1880,#1881,#1882,#1883));
#421=EDGE_LOOP('',(#1884,#1885,#1886,#1887));
#422=EDGE_LOOP('',(#1888,#1889,#1890,#1891));
#423=EDGE_LOOP('',(#1892,#1893,#1894,#1895));
#424=EDGE_LOOP('',(#1896,#1897,#1898,#1899));
#425=EDGE_LOOP('',(#1900,#1901,#1902,#1903));
#426=EDGE_LOOP('',(#1904,#1905,#1906,#1907));
#427=EDGE_LOOP('',(#1908,#1909,#1910,#1911));
#428=EDGE_LOOP('',(#1912,#1913,#1914,#1915));
#429=EDGE_LOOP('',(#1916,#1917,#1918,#1919));
#430=EDGE_LOOP('',(#1920,#1921,#1922,#1923));
#431=EDGE_LOOP('',(#1924,#1925,#1926,#1927,#1928,#1929,#1930,#1931,#1932,
#1933,#1934,#1935,#1936,#1937,#1938,#1939));
#432=EDGE_LOOP('',(#1940,#1941,#1942,#1943,#1944,#1945));
#433=EDGE_LOOP('',(#1946,#1947,#1948,#1949));
#434=EDGE_LOOP('',(#1950,#1951,#1952,#1953));
#435=EDGE_LOOP('',(#1954,#1955,#1956,#1957));
#436=EDGE_LOOP('',(#1958,#1959,#1960,#1961));
#437=EDGE_LOOP('',(#1962,#1963,#1964,#1965,#1966));
#438=EDGE_LOOP('',(#1967,#1968,#1969,#1970));
#439=EDGE_LOOP('',(#1971,#1972,#1973,#1974));
#440=EDGE_LOOP('',(#1975,#1976,#1977,#1978));
#441=EDGE_LOOP('',(#1979,#1980,#1981));
#442=EDGE_LOOP('',(#1982,#1983,#1984,#1985));
#443=EDGE_LOOP('',(#1986,#1987,#1988,#1989,#1990,#1991,#1992,#1993));
#444=EDGE_LOOP('',(#1994,#1995,#1996,#1997,#1998,#1999,#2000,#2001,#2002));
#445=EDGE_LOOP('',(#2003,#2004,#2005,#2006,#2007));
#446=EDGE_LOOP('',(#2008,#2009,#2010,#2011,#2012,#2013));
#447=EDGE_LOOP('',(#2014));
#448=EDGE_LOOP('',(#2015,#2016,#2017,#2018,#2019,#2020));
#449=EDGE_LOOP('',(#2021,#2022,#2023,#2024,#2025,#2026));
#450=EDGE_LOOP('',(#2027,#2028,#2029,#2030,#2031,#2032));
#451=EDGE_LOOP('',(#2033,#2034,#2035,#2036,#2037,#2038));
#452=EDGE_LOOP('',(#2039,#2040,#2041,#2042,#2043,#2044));
#453=EDGE_LOOP('',(#2045,#2046,#2047,#2048,#2049,#2050));
#454=EDGE_LOOP('',(#2051,#2052,#2053));
#455=EDGE_LOOP('',(#2054,#2055,#2056));
#456=EDGE_LOOP('',(#2057,#2058,#2059));
#457=EDGE_LOOP('',(#2060,#2061,#2062));
#458=EDGE_LOOP('',(#2063,#2064,#2065));
#459=EDGE_LOOP('',(#2066,#2067,#2068));
#460=EDGE_LOOP('',(#2069,#2070,#2071));
#461=EDGE_LOOP('',(#2072,#2073,#2074));
#462=EDGE_LOOP('',(#2075,#2076,#2077));
#463=EDGE_LOOP('',(#2078,#2079,#2080));
#464=EDGE_LOOP('',(#2081,#2082,#2083));
#465=EDGE_LOOP('',(#2084,#2085,#2086));
#466=EDGE_LOOP('',(#2087,#2088,#2089,#2090,#2091,#2092));
#467=EDGE_LOOP('',(#2093));
#468=EDGE_LOOP('',(#2094,#2095,#2096,#2097,#2098,#2099,#2100,#2101,#2102,
#2103,#2104,#2105,#2106));
#469=EDGE_LOOP('',(#2107,#2108,#2109,#2110));
#470=EDGE_LOOP('',(#2111,#2112,#2113,#2114,#2115,#2116,#2117,#2118,#2119,
#2120,#2121,#2122,#2123));
#471=EDGE_LOOP('',(#2124,#2125,#2126));
#472=EDGE_LOOP('',(#2127,#2128,#2129,#2130));
#473=EDGE_LOOP('',(#2131,#2132,#2133));
#474=EDGE_LOOP('',(#2134,#2135,#2136,#2137,#2138));
#475=EDGE_LOOP('',(#2139,#2140,#2141,#2142));
#476=EDGE_LOOP('',(#2143,#2144,#2145,#2146));
#477=EDGE_LOOP('',(#2147,#2148,#2149,#2150));
#478=EDGE_LOOP('',(#2151,#2152,#2153,#2154));
#479=EDGE_LOOP('',(#2155,#2156,#2157,#2158));
#480=EDGE_LOOP('',(#2159,#2160,#2161,#2162));
#481=EDGE_LOOP('',(#2163,#2164,#2165,#2166));
#482=EDGE_LOOP('',(#2167,#2168,#2169,#2170));
#483=EDGE_LOOP('',(#2171,#2172,#2173,#2174,#2175));
#484=EDGE_LOOP('',(#2176,#2177,#2178,#2179,#2180,#2181,#2182,#2183,#2184,
#2185,#2186,#2187,#2188,#2189,#2190,#2191,#2192,#2193));
#485=EDGE_LOOP('',(#2194,#2195,#2196,#2197));
#486=EDGE_LOOP('',(#2198,#2199,#2200,#2201));
#487=EDGE_LOOP('',(#2202,#2203,#2204,#2205,#2206,#2207));
#488=EDGE_LOOP('',(#2208,#2209,#2210,#2211,#2212,#2213,#2214,#2215,#2216,
#2217,#2218,#2219,#2220,#2221,#2222,#2223,#2224,#2225));
#489=EDGE_LOOP('',(#2226,#2227,#2228,#2229,#2230,#2231));
#490=EDGE_LOOP('',(#2232,#2233,#2234,#2235,#2236,#2237,#2238,#2239));
#491=EDGE_LOOP('',(#2240,#2241,#2242));
#492=EDGE_LOOP('',(#2243,#2244,#2245,#2246,#2247));
#493=EDGE_LOOP('',(#2248,#2249,#2250,#2251));
#494=EDGE_LOOP('',(#2252,#2253,#2254,#2255));
#495=EDGE_LOOP('',(#2256,#2257,#2258,#2259));
#496=EDGE_LOOP('',(#2260,#2261,#2262));
#497=EDGE_LOOP('',(#2263,#2264,#2265,#2266));
#498=EDGE_LOOP('',(#2267,#2268,#2269,#2270));
#499=EDGE_LOOP('',(#2271,#2272,#2273,#2274));
#500=EDGE_LOOP('',(#2275,#2276,#2277,#2278));
#501=EDGE_LOOP('',(#2279,#2280,#2281,#2282));
#502=EDGE_LOOP('',(#2283,#2284,#2285,#2286,#2287));
#503=EDGE_LOOP('',(#2288,#2289,#2290,#2291));
#504=EDGE_LOOP('',(#2292,#2293,#2294,#2295));
#505=EDGE_LOOP('',(#2296,#2297,#2298,#2299,#2300,#2301));
#506=EDGE_LOOP('',(#2302,#2303,#2304,#2305,#2306,#2307));
#507=EDGE_LOOP('',(#2308,#2309,#2310,#2311,#2312,#2313,#2314,#2315));
#508=EDGE_LOOP('',(#2316,#2317,#2318,#2319,#2320,#2321,#2322,#2323));
#509=EDGE_LOOP('',(#2324,#2325,#2326,#2327,#2328,#2329));
#510=EDGE_LOOP('',(#2330,#2331,#2332,#2333,#2334,#2335,#2336,#2337,#2338,
#2339));
#511=EDGE_LOOP('',(#2340,#2341,#2342,#2343,#2344,#2345));
#512=EDGE_LOOP('',(#2346,#2347,#2348,#2349));
#513=EDGE_LOOP('',(#2350,#2351,#2352,#2353));
#514=EDGE_LOOP('',(#2354,#2355,#2356,#2357,#2358,#2359));
#515=EDGE_LOOP('',(#2360,#2361,#2362,#2363));
#516=EDGE_LOOP('',(#2364,#2365,#2366,#2367,#2368,#2369));
#517=EDGE_LOOP('',(#2370,#2371,#2372,#2373));
#518=EDGE_LOOP('',(#2374,#2375,#2376,#2377));
#519=EDGE_LOOP('',(#2378,#2379,#2380,#2381));
#520=EDGE_LOOP('',(#2382,#2383,#2384,#2385));
#521=EDGE_LOOP('',(#2386,#2387,#2388,#2389));
#522=EDGE_LOOP('',(#2390,#2391,#2392,#2393));
#523=EDGE_LOOP('',(#2394,#2395,#2396,#2397));
#524=EDGE_LOOP('',(#2398,#2399,#2400,#2401));
#525=EDGE_LOOP('',(#2402,#2403,#2404,#2405));
#526=EDGE_LOOP('',(#2406,#2407,#2408,#2409));
#527=EDGE_LOOP('',(#2410,#2411,#2412,#2413));
#528=EDGE_LOOP('',(#2414,#2415,#2416,#2417));
#529=EDGE_LOOP('',(#2418,#2419,#2420,#2421));
#530=EDGE_LOOP('',(#2422,#2423,#2424,#2425));
#531=EDGE_LOOP('',(#2426,#2427,#2428,#2429));
#532=EDGE_LOOP('',(#2430,#2431,#2432,#2433));
#533=EDGE_LOOP('',(#2434,#2435,#2436,#2437));
#534=EDGE_LOOP('',(#2438,#2439,#2440,#2441,#2442,#2443,#2444,#2445,#2446,
#2447));
#535=EDGE_LOOP('',(#2448));
#536=EDGE_LOOP('',(#2449));
#537=EDGE_LOOP('',(#2450,#2451,#2452,#2453));
#538=EDGE_LOOP('',(#2454,#2455,#2456,#2457));
#539=EDGE_LOOP('',(#2458,#2459,#2460,#2461));
#540=EDGE_LOOP('',(#2462,#2463,#2464,#2465));
#541=EDGE_LOOP('',(#2466,#2467,#2468,#2469));
#542=EDGE_LOOP('',(#2470,#2471,#2472,#2473));
#543=EDGE_LOOP('',(#2474,#2475,#2476,#2477));
#544=EDGE_LOOP('',(#2478,#2479,#2480,#2481));
#545=EDGE_LOOP('',(#2482,#2483,#2484,#2485));
#546=EDGE_LOOP('',(#2486,#2487,#2488,#2489));
#547=EDGE_LOOP('',(#2490,#2491,#2492,#2493));
#548=EDGE_LOOP('',(#2494,#2495,#2496,#2497));
#549=EDGE_LOOP('',(#2498,#2499,#2500,#2501));
#550=EDGE_LOOP('',(#2502,#2503,#2504,#2505));
#551=EDGE_LOOP('',(#2506,#2507,#2508,#2509));
#552=EDGE_LOOP('',(#2510,#2511,#2512,#2513));
#553=EDGE_LOOP('',(#2514,#2515,#2516,#2517));
#554=EDGE_LOOP('',(#2518,#2519,#2520,#2521));
#555=EDGE_LOOP('',(#2522,#2523,#2524,#2525));
#556=EDGE_LOOP('',(#2526,#2527,#2528,#2529));
#557=EDGE_LOOP('',(#2530,#2531,#2532,#2533));
#558=EDGE_LOOP('',(#2534,#2535,#2536,#2537));
#559=EDGE_LOOP('',(#2538,#2539,#2540,#2541));
#560=EDGE_LOOP('',(#2542,#2543,#2544,#2545));
#561=EDGE_LOOP('',(#2546,#2547,#2548,#2549));
#562=EDGE_LOOP('',(#2550,#2551,#2552,#2553));
#563=EDGE_LOOP('',(#2554,#2555,#2556,#2557));
#564=EDGE_LOOP('',(#2558,#2559,#2560,#2561));
#565=EDGE_LOOP('',(#2562,#2563,#2564,#2565));
#566=EDGE_LOOP('',(#2566,#2567,#2568,#2569));
#567=EDGE_LOOP('',(#2570,#2571,#2572,#2573));
#568=EDGE_LOOP('',(#2574,#2575,#2576,#2577));
#569=EDGE_LOOP('',(#2578,#2579,#2580,#2581));
#570=EDGE_LOOP('',(#2582,#2583,#2584,#2585,#2586,#2587));
#571=EDGE_LOOP('',(#2588));
#572=EDGE_LOOP('',(#2589,#2590,#2591,#2592));
#573=EDGE_LOOP('',(#2593,#2594,#2595,#2596));
#574=EDGE_LOOP('',(#2597,#2598,#2599,#2600));
#575=EDGE_LOOP('',(#2601,#2602,#2603,#2604,#2605,#2606));
#576=EDGE_LOOP('',(#2607));
#577=EDGE_LOOP('',(#2608,#2609,#2610,#2611));
#578=EDGE_LOOP('',(#2612,#2613,#2614,#2615));
#579=EDGE_LOOP('',(#2616,#2617,#2618,#2619));
#580=EDGE_LOOP('',(#2620,#2621,#2622,#2623));
#581=EDGE_LOOP('',(#2624,#2625,#2626,#2627));
#582=EDGE_LOOP('',(#2628,#2629,#2630,#2631));
#583=EDGE_LOOP('',(#2632,#2633,#2634,#2635));
#584=EDGE_LOOP('',(#2636,#2637,#2638,#2639));
#585=EDGE_LOOP('',(#2640,#2641,#2642,#2643));
#586=EDGE_LOOP('',(#2644,#2645,#2646,#2647));
#587=EDGE_LOOP('',(#2648,#2649,#2650,#2651));
#588=EDGE_LOOP('',(#2652,#2653,#2654,#2655));
#589=EDGE_LOOP('',(#2656,#2657,#2658,#2659));
#590=EDGE_LOOP('',(#2660,#2661,#2662,#2663));
#591=EDGE_LOOP('',(#2664,#2665,#2666,#2667));
#592=EDGE_LOOP('',(#2668,#2669,#2670,#2671));
#593=LINE('',#3962,#832);
#594=LINE('',#3965,#833);
#595=LINE('',#3968,#834);
#596=LINE('',#3970,#835);
#597=LINE('',#3971,#836);
#598=LINE('',#3974,#837);
#599=LINE('',#3976,#838);
#600=LINE('',#3978,#839);
#601=LINE('',#3980,#840);
#602=LINE('',#3982,#841);
#603=LINE('',#3984,#842);
#604=LINE('',#3986,#843);
#605=LINE('',#3990,#844);
#606=LINE('',#3992,#845);
#607=LINE('',#3994,#846);
#608=LINE('',#3996,#847);
#609=LINE('',#3998,#848);
#610=LINE('',#3999,#849);
#611=LINE('',#4004,#850);
#612=LINE('',#4005,#851);
#613=LINE('',#4008,#852);
#614=LINE('',#4009,#853);
#615=LINE('',#4015,#854);
#616=LINE('',#4018,#855);
#617=LINE('',#4021,#856);
#618=LINE('',#4024,#857);
#619=LINE('',#4025,#858);
#620=LINE('',#4028,#859);
#621=LINE('',#4029,#860);
#622=LINE('',#4034,#861);
#623=LINE('',#4036,#862);
#624=LINE('',#4037,#863);
#625=LINE('',#4040,#864);
#626=LINE('',#4041,#865);
#627=LINE('',#4044,#866);
#628=LINE('',#4045,#867);
#629=LINE('',#4048,#868);
#630=LINE('',#4049,#869);
#631=LINE('',#4051,#870);
#632=LINE('',#4053,#871);
#633=LINE('',#4056,#872);
#634=LINE('',#4057,#873);
#635=LINE('',#4060,#874);
#636=LINE('',#4061,#875);
#637=LINE('',#4063,#876);
#638=LINE('',#4064,#877);
#639=LINE('',#4071,#878);
#640=LINE('',#4090,#879);
#641=LINE('',#4120,#880);
#642=LINE('',#4147,#881);
#643=LINE('',#4182,#882);
#644=LINE('',#4258,#883);
#645=LINE('',#4334,#884);
#646=LINE('',#4412,#885);
#647=LINE('',#4422,#886);
#648=LINE('',#4449,#887);
#649=LINE('',#4550,#888);
#650=LINE('',#4643,#889);
#651=LINE('',#4652,#890);
#652=LINE('',#4663,#891);
#653=LINE('',#4680,#892);
#654=LINE('',#4697,#893);
#655=LINE('',#4714,#894);
#656=LINE('',#5067,#895);
#657=LINE('',#5068,#896);
#658=LINE('',#5242,#897);
#659=LINE('',#5243,#898);
#660=LINE('',#5245,#899);
#661=LINE('',#5246,#900);
#662=LINE('',#5251,#901);
#663=LINE('',#5252,#902);
#664=LINE('',#5257,#903);
#665=LINE('',#5258,#904);
#666=LINE('',#5419,#905);
#667=LINE('',#5421,#906);
#668=LINE('',#5425,#907);
#669=LINE('',#5427,#908);
#670=LINE('',#5429,#909);
#671=LINE('',#5431,#910);
#672=LINE('',#5433,#911);
#673=LINE('',#5437,#912);
#674=LINE('',#5439,#913);
#675=LINE('',#5441,#914);
#676=LINE('',#5443,#915);
#677=LINE('',#5446,#916);
#678=LINE('',#5449,#917);
#679=LINE('',#5451,#918);
#680=LINE('',#5453,#919);
#681=LINE('',#5454,#920);
#682=LINE('',#5456,#921);
#683=LINE('',#5459,#922);
#684=LINE('',#5460,#923);
#685=LINE('',#5463,#924);
#686=LINE('',#5467,#925);
#687=LINE('',#5469,#926);
#688=LINE('',#5471,#927);
#689=LINE('',#5473,#928);
#690=LINE('',#5477,#929);
#691=LINE('',#5479,#930);
#692=LINE('',#5481,#931);
#693=LINE('',#5483,#932);
#694=LINE('',#5485,#933);
#695=LINE('',#5488,#934);
#696=LINE('',#5491,#935);
#697=LINE('',#5508,#936);
#698=LINE('',#5510,#937);
#699=LINE('',#5512,#938);
#700=LINE('',#5514,#939);
#701=LINE('',#5516,#940);
#702=LINE('',#5663,#941);
#703=LINE('',#5673,#942);
#704=LINE('',#5675,#943);
#705=LINE('',#5676,#944);
#706=LINE('',#5680,#945);
#707=LINE('',#5847,#946);
#708=LINE('',#5849,#947);
#709=LINE('',#5851,#948);
#710=LINE('',#5853,#949);
#711=LINE('',#5856,#950);
#712=LINE('',#5858,#951);
#713=LINE('',#5860,#952);
#714=LINE('',#5862,#953);
#715=LINE('',#5863,#954);
#716=LINE('',#5868,#955);
#717=LINE('',#5870,#956);
#718=LINE('',#5873,#957);
#719=LINE('',#5875,#958);
#720=LINE('',#5877,#959);
#721=LINE('',#5879,#960);
#722=LINE('',#5881,#961);
#723=LINE('',#5882,#962);
#724=LINE('',#5887,#963);
#725=LINE('',#5891,#964);
#726=LINE('',#5893,#965);
#727=LINE('',#5896,#966);
#728=LINE('',#5898,#967);
#729=LINE('',#5900,#968);
#730=LINE('',#5902,#969);
#731=LINE('',#5904,#970);
#732=LINE('',#5905,#971);
#733=LINE('',#5907,#972);
#734=LINE('',#5909,#973);
#735=LINE('',#5911,#974);
#736=LINE('',#5914,#975);
#737=LINE('',#5919,#976);
#738=LINE('',#5922,#977);
#739=LINE('',#5923,#978);
#740=LINE('',#5927,#979);
#741=LINE('',#5930,#980);
#742=LINE('',#5931,#981);
#743=LINE('',#5937,#982);
#744=LINE('',#5940,#983);
#745=LINE('',#5941,#984);
#746=LINE('',#5946,#985);
#747=LINE('',#5948,#986);
#748=LINE('',#5949,#987);
#749=LINE('',#5952,#988);
#750=LINE('',#5956,#989);
#751=LINE('',#5957,#990);
#752=LINE('',#5960,#991);
#753=LINE('',#5964,#992);
#754=LINE('',#5965,#993);
#755=LINE('',#5975,#994);
#756=LINE('',#5978,#995);
#757=LINE('',#5982,#996);
#758=LINE('',#5986,#997);
#759=LINE('',#5990,#998);
#760=LINE('',#5994,#999);
#761=LINE('',#6002,#1000);
#762=LINE('',#6009,#1001);
#763=LINE('',#6010,#1002);
#764=LINE('',#6025,#1003);
#765=LINE('',#6027,#1004);
#766=LINE('',#6031,#1005);
#767=LINE('',#6033,#1006);
#768=LINE('',#6034,#1007);
#769=LINE('',#6037,#1008);
#770=LINE('',#6038,#1009);
#771=LINE('',#6041,#1010);
#772=LINE('',#6042,#1011);
#773=LINE('',#6045,#1012);
#774=LINE('',#6046,#1013);
#775=LINE('',#6049,#1014);
#776=LINE('',#6050,#1015);
#777=LINE('',#6052,#1016);
#778=LINE('',#6055,#1017);
#779=LINE('',#6057,#1018);
#780=LINE('',#6058,#1019);
#781=LINE('',#6061,#1020);
#782=LINE('',#6062,#1021);
#783=LINE('',#6065,#1022);
#784=LINE('',#6066,#1023);
#785=LINE('',#6069,#1024);
#786=LINE('',#6071,#1025);
#787=LINE('',#6072,#1026);
#788=LINE('',#6075,#1027);
#789=LINE('',#6076,#1028);
#790=LINE('',#6079,#1029);
#791=LINE('',#6080,#1030);
#792=LINE('',#6083,#1031);
#793=LINE('',#6084,#1032);
#794=LINE('',#6087,#1033);
#795=LINE('',#6088,#1034);
#796=LINE('',#6090,#1035);
#797=LINE('',#6093,#1036);
#798=LINE('',#6095,#1037);
#799=LINE('',#6096,#1038);
#800=LINE('',#6099,#1039);
#801=LINE('',#6100,#1040);
#802=LINE('',#6103,#1041);
#803=LINE('',#6104,#1042);
#804=LINE('',#6107,#1043);
#805=LINE('',#6108,#1044);
#806=LINE('',#6111,#1045);
#807=LINE('',#6112,#1046);
#808=LINE('',#6114,#1047);
#809=LINE('',#6120,#1048);
#810=LINE('',#6121,#1049);
#811=LINE('',#6124,#1050);
#812=LINE('',#6125,#1051);
#813=LINE('',#6127,#1052);
#814=LINE('',#6133,#1053);
#815=LINE('',#6135,#1054);
#816=LINE('',#6136,#1055);
#817=LINE('',#6139,#1056);
#818=LINE('',#6140,#1057);
#819=LINE('',#6143,#1058);
#820=LINE('',#6144,#1059);
#821=LINE('',#6146,#1060);
#822=LINE('',#6149,#1061);
#823=LINE('',#6150,#1062);
#824=LINE('',#6152,#1063);
#825=LINE('',#6154,#1064);
#826=LINE('',#6155,#1065);
#827=LINE('',#6159,#1066);
#828=LINE('',#6161,#1067);
#829=LINE('',#6163,#1068);
#830=LINE('',#6166,#1069);
#831=LINE('',#6168,#1070);
#832=VECTOR('',#3188,10.);
#833=VECTOR('',#3191,10.);
#834=VECTOR('',#3194,10.);
#835=VECTOR('',#3195,10.);
#836=VECTOR('',#3196,10.);
#837=VECTOR('',#3199,10.);
#838=VECTOR('',#3200,10.);
#839=VECTOR('',#3201,10.);
#840=VECTOR('',#3202,10.);
#841=VECTOR('',#3203,10.);
#842=VECTOR('',#3204,10.);
#843=VECTOR('',#3205,10.);
#844=VECTOR('',#3208,10.);
#845=VECTOR('',#3209,10.);
#846=VECTOR('',#3210,10.);
#847=VECTOR('',#3211,10.);
#848=VECTOR('',#3212,10.);
#849=VECTOR('',#3213,10.);
#850=VECTOR('',#3218,10.);
#851=VECTOR('',#3219,10.);
#852=VECTOR('',#3222,10.);
#853=VECTOR('',#3223,10.);
#854=VECTOR('',#3228,10.);
#855=VECTOR('',#3231,10.);
#856=VECTOR('',#3234,10.);
#857=VECTOR('',#3237,10.);
#858=VECTOR('',#3238,10.);
#859=VECTOR('',#3241,10.);
#860=VECTOR('',#3242,10.);
#861=VECTOR('',#3249,10.);
#862=VECTOR('',#3250,10.);
#863=VECTOR('',#3251,10.);
#864=VECTOR('',#3254,10.);
#865=VECTOR('',#3255,10.);
#866=VECTOR('',#3258,10.);
#867=VECTOR('',#3259,10.);
#868=VECTOR('',#3262,10.);
#869=VECTOR('',#3263,10.);
#870=VECTOR('',#3266,10.);
#871=VECTOR('',#3269,10.);
#872=VECTOR('',#3272,10.);
#873=VECTOR('',#3273,10.);
#874=VECTOR('',#3276,10.);
#875=VECTOR('',#3277,10.);
#876=VECTOR('',#3280,10.);
#877=VECTOR('',#3281,10.);
#878=VECTOR('',#3290,0.95771642622275);
#879=VECTOR('',#3295,0.95771642622275);
#880=VECTOR('',#3298,0.95771642622275);
#881=VECTOR('',#3303,1.25);
#882=VECTOR('',#3310,1.25);
#883=VECTOR('',#3313,1.25);
#884=VECTOR('',#3316,1.25);
#885=VECTOR('',#3319,1.25);
#886=VECTOR('',#3324,1.29871392896287);
#887=VECTOR('',#3327,1.29871392896287);
#888=VECTOR('',#3334,1.29871392896287);
#889=VECTOR('',#3355,1000.);
#890=VECTOR('',#3356,1000.);
#891=VECTOR('',#3359,1000.);
#892=VECTOR('',#3362,1000.);
#893=VECTOR('',#3365,1000.);
#894=VECTOR('',#3368,1000.);
#895=VECTOR('',#3423,10.);
#896=VECTOR('',#3424,10.);
#897=VECTOR('',#3447,10.);
#898=VECTOR('',#3448,10.);
#899=VECTOR('',#3451,10.);
#900=VECTOR('',#3452,10.);
#901=VECTOR('',#3457,10.);
#902=VECTOR('',#3458,10.);
#903=VECTOR('',#3463,10.);
#904=VECTOR('',#3464,10.);
#905=VECTOR('',#3477,10.);
#906=VECTOR('',#3478,10.);
#907=VECTOR('',#3481,10.);
#908=VECTOR('',#3482,10.);
#909=VECTOR('',#3483,10.);
#910=VECTOR('',#3484,10.);
#911=VECTOR('',#3485,10.);
#912=VECTOR('',#3488,10.);
#913=VECTOR('',#3489,10.);
#914=VECTOR('',#3490,10.);
#915=VECTOR('',#3491,10.);
#916=VECTOR('',#3494,1.5);
#917=VECTOR('',#3495,10.);
#918=VECTOR('',#3496,10.);
#919=VECTOR('',#3497,10.);
#920=VECTOR('',#3498,10.);
#921=VECTOR('',#3501,10.);
#922=VECTOR('',#3504,10.);
#923=VECTOR('',#3505,10.);
#924=VECTOR('',#3508,1.5);
#925=VECTOR('',#3511,10.);
#926=VECTOR('',#3512,10.);
#927=VECTOR('',#3513,10.);
#928=VECTOR('',#3514,10.);
#929=VECTOR('',#3517,10.);
#930=VECTOR('',#3518,10.);
#931=VECTOR('',#3519,10.);
#932=VECTOR('',#3520,10.);
#933=VECTOR('',#3521,10.);
#934=VECTOR('',#3524,10.);
#935=VECTOR('',#3527,10.);
#936=VECTOR('',#3530,10.);
#937=VECTOR('',#3531,10.);
#938=VECTOR('',#3532,10.);
#939=VECTOR('',#3533,10.);
#940=VECTOR('',#3534,10.);
#941=VECTOR('',#3555,10.);
#942=VECTOR('',#3568,10.);
#943=VECTOR('',#3571,10.);
#944=VECTOR('',#3572,10.);
#945=VECTOR('',#3577,10.);
#946=VECTOR('',#3590,10.);
#947=VECTOR('',#3593,10.);
#948=VECTOR('',#3596,10.);
#949=VECTOR('',#3599,10.);
#950=VECTOR('',#3602,10.);
#951=VECTOR('',#3603,10.);
#952=VECTOR('',#3604,10.);
#953=VECTOR('',#3605,10.);
#954=VECTOR('',#3606,10.);
#955=VECTOR('',#3611,10.);
#956=VECTOR('',#3614,10.);
#957=VECTOR('',#3615,10.);
#958=VECTOR('',#3616,10.);
#959=VECTOR('',#3617,10.);
#960=VECTOR('',#3618,10.);
#961=VECTOR('',#3619,10.);
#962=VECTOR('',#3620,10.);
#963=VECTOR('',#3625,10.);
#964=VECTOR('',#3628,10.);
#965=VECTOR('',#3631,10.);
#966=VECTOR('',#3632,10.);
#967=VECTOR('',#3633,10.);
#968=VECTOR('',#3634,10.);
#969=VECTOR('',#3635,10.);
#970=VECTOR('',#3636,10.);
#971=VECTOR('',#3637,10.);
#972=VECTOR('',#3640,10.);
#973=VECTOR('',#3643,10.);
#974=VECTOR('',#3646,10.);
#975=VECTOR('',#3651,10.);
#976=VECTOR('',#3658,10.);
#977=VECTOR('',#3661,10.);
#978=VECTOR('',#3662,10.);
#979=VECTOR('',#3667,10.);
#980=VECTOR('',#3670,10.);
#981=VECTOR('',#3671,10.);
#982=VECTOR('',#3680,10.);
#983=VECTOR('',#3683,10.);
#984=VECTOR('',#3684,10.);
#985=VECTOR('',#3691,10.);
#986=VECTOR('',#3692,10.);
#987=VECTOR('',#3693,10.);
#988=VECTOR('',#3696,10.);
#989=VECTOR('',#3701,10.);
#990=VECTOR('',#3702,10.);
#991=VECTOR('',#3705,10.);
#992=VECTOR('',#3710,10.);
#993=VECTOR('',#3711,10.);
#994=VECTOR('',#3724,10.);
#995=VECTOR('',#3727,10.);
#996=VECTOR('',#3732,10.);
#997=VECTOR('',#3735,10.);
#998=VECTOR('',#3738,10.);
#999=VECTOR('',#3741,10.);
#1000=VECTOR('',#3750,10.);
#1001=VECTOR('',#3761,10.);
#1002=VECTOR('',#3762,10.);
#1003=VECTOR('',#3789,10.);
#1004=VECTOR('',#3792,10.);
#1005=VECTOR('',#3797,10.);
#1006=VECTOR('',#3798,10.);
#1007=VECTOR('',#3799,10.);
#1008=VECTOR('',#3802,10.);
#1009=VECTOR('',#3803,10.);
#1010=VECTOR('',#3806,10.);
#1011=VECTOR('',#3807,10.);
#1012=VECTOR('',#3810,10.);
#1013=VECTOR('',#3811,10.);
#1014=VECTOR('',#3814,10.);
#1015=VECTOR('',#3815,10.);
#1016=VECTOR('',#3818,10.);
#1017=VECTOR('',#3821,10.);
#1018=VECTOR('',#3822,10.);
#1019=VECTOR('',#3823,10.);
#1020=VECTOR('',#3826,10.);
#1021=VECTOR('',#3827,10.);
#1022=VECTOR('',#3830,10.);
#1023=VECTOR('',#3831,10.);
#1024=VECTOR('',#3834,10.);
#1025=VECTOR('',#3835,10.);
#1026=VECTOR('',#3836,10.);
#1027=VECTOR('',#3839,10.);
#1028=VECTOR('',#3840,10.);
#1029=VECTOR('',#3843,10.);
#1030=VECTOR('',#3844,10.);
#1031=VECTOR('',#3847,10.);
#1032=VECTOR('',#3848,10.);
#1033=VECTOR('',#3851,10.);
#1034=VECTOR('',#3852,10.);
#1035=VECTOR('',#3855,10.);
#1036=VECTOR('',#3858,10.);
#1037=VECTOR('',#3859,10.);
#1038=VECTOR('',#3860,10.);
#1039=VECTOR('',#3863,10.);
#1040=VECTOR('',#3864,10.);
#1041=VECTOR('',#3867,10.);
#1042=VECTOR('',#3868,10.);
#1043=VECTOR('',#3871,10.);
#1044=VECTOR('',#3872,10.);
#1045=VECTOR('',#3875,10.);
#1046=VECTOR('',#3876,10.);
#1047=VECTOR('',#3879,10.);
#1048=VECTOR('',#3886,10.);
#1049=VECTOR('',#3887,10.);
#1050=VECTOR('',#3890,10.);
#1051=VECTOR('',#3891,10.);
#1052=VECTOR('',#3894,10.);
#1053=VECTOR('',#3901,10.);
#1054=VECTOR('',#3902,10.);
#1055=VECTOR('',#3903,10.);
#1056=VECTOR('',#3906,10.);
#1057=VECTOR('',#3907,10.);
#1058=VECTOR('',#3910,10.);
#1059=VECTOR('',#3911,10.);
#1060=VECTOR('',#3914,10.);
#1061=VECTOR('',#3919,10.);
#1062=VECTOR('',#3920,10.);
#1063=VECTOR('',#3923,10.);
#1064=VECTOR('',#3926,10.);
#1065=VECTOR('',#3927,10.);
#1066=VECTOR('',#3934,10.);
#1067=VECTOR('',#3937,10.);
#1068=VECTOR('',#3940,10.);
#1069=VECTOR('',#3945,1.375);
#1070=VECTOR('',#3948,1.375);
#1071=CIRCLE('',#2915,0.2);
#1072=CIRCLE('',#2916,0.2);
#1073=CIRCLE('',#2919,0.2);
#1074=CIRCLE('',#2921,0.2);
#1075=CIRCLE('',#2924,0.3);
#1076=CIRCLE('',#2925,0.3);
#1077=CIRCLE('',#2927,0.3);
#1078=CIRCLE('',#2930,0.3);
#1079=CIRCLE('',#2944,0.957716426222749);
#1080=CIRCLE('',#2947,0.957716426222751);
#1081=CIRCLE('',#2949,1.25);
#1082=CIRCLE('',#2950,1.25);
#1083=CIRCLE('',#2955,1.25);
#1084=CIRCLE('',#2958,1.29871392896287);
#1085=CIRCLE('',#2960,1.25);
#1086=CIRCLE('',#2961,1.29871392896287);
#1087=CIRCLE('',#2964,2.5);
#1088=CIRCLE('',#2965,2.5);
#1089=CIRCLE('',#2966,2.5);
#1090=CIRCLE('',#2967,2.5);
#1091=CIRCLE('',#2968,2.5);
#1092=CIRCLE('',#2969,2.5);
#1093=CIRCLE('',#2983,2.5);
#1094=CIRCLE('',#2985,2.5);
#1095=CIRCLE('',#2987,2.5);
#1096=CIRCLE('',#2989,2.5);
#1097=CIRCLE('',#2991,2.5);
#1098=CIRCLE('',#2993,2.5);
#1099=CIRCLE('',#2997,0.3);
#1100=CIRCLE('',#2998,0.3);
#1101=CIRCLE('',#2999,0.3);
#1102=CIRCLE('',#3001,0.3);
#1103=CIRCLE('',#3003,0.3);
#1104=CIRCLE('',#3004,0.300000000000001);
#1105=CIRCLE('',#3005,0.3);
#1106=CIRCLE('',#3006,0.3);
#1107=CIRCLE('',#3007,0.300000000000001);
#1108=CIRCLE('',#3009,0.300000000000003);
#1109=CIRCLE('',#3010,5.7);
#1110=CIRCLE('',#3011,6.);
#1111=CIRCLE('',#3015,0.3);
#1112=CIRCLE('',#3017,0.300000000000001);
#1113=CIRCLE('',#3019,0.300000000000002);
#1114=CIRCLE('',#3020,5.7);
#1115=CIRCLE('',#3021,6.);
#1116=CIRCLE('',#3022,0.300000000000001);
#1117=CIRCLE('',#3024,0.2);
#1118=CIRCLE('',#3025,0.2);
#1119=CIRCLE('',#3026,5.7);
#1120=CIRCLE('',#3030,5.7);
#1121=CIRCLE('',#3031,0.2);
#1122=CIRCLE('',#3032,0.2);
#1123=CIRCLE('',#3036,0.3);
#1124=CIRCLE('',#3037,0.299999999999999);
#1125=CIRCLE('',#3038,0.3);
#1126=CIRCLE('',#3039,0.300000000000001);
#1127=CIRCLE('',#3040,0.300000000000001);
#1128=CIRCLE('',#3042,0.300000000000004);
#1129=CIRCLE('',#3043,6.);
#1130=CIRCLE('',#3046,0.3);
#1131=CIRCLE('',#3047,0.3);
#1132=CIRCLE('',#3048,0.299999999999999);
#1133=CIRCLE('',#3050,0.3);
#1134=CIRCLE('',#3053,0.300000000000001);
#1135=CIRCLE('',#3055,0.300000000000002);
#1136=CIRCLE('',#3056,6.);
#1137=CIRCLE('',#3057,0.300000000000001);
#1138=CIRCLE('',#3059,0.3);
#1139=CIRCLE('',#3065,0.8);
#1140=CIRCLE('',#3066,0.8);
#1141=CIRCLE('',#3068,0.799999999999999);
#1142=CIRCLE('',#3069,0.8);
#1143=CIRCLE('',#3070,0.8);
#1144=CIRCLE('',#3078,1.);
#1145=CIRCLE('',#3081,1.);
#1146=CIRCLE('',#3084,1.);
#1147=CIRCLE('',#3086,1.);
#1148=CIRCLE('',#3089,1.);
#1149=CIRCLE('',#3092,1.);
#1150=CIRCLE('',#3095,1.);
#1151=CIRCLE('',#3098,0.2);
#1152=CIRCLE('',#3099,0.8);
#1153=CIRCLE('',#3100,0.2);
#1154=CIRCLE('',#3101,1.);
#1155=CIRCLE('',#3104,0.199999999999999);
#1156=CIRCLE('',#3106,0.8);
#1157=CIRCLE('',#3107,0.8);
#1158=CIRCLE('',#3108,0.8);
#1159=CIRCLE('',#3109,0.8);
#1160=CIRCLE('',#3110,1.375);
#1161=CIRCLE('',#3111,1.375);
#1162=CIRCLE('',#3113,0.2);
#1163=CIRCLE('',#3115,0.2);
#1164=CIRCLE('',#3116,1.);
#1165=CIRCLE('',#3120,0.2);
#1166=CIRCLE('',#3122,0.199999999999998);
#1167=CIRCLE('',#3124,0.2);
#1168=CIRCLE('',#3126,0.200000000000001);
#1169=CIRCLE('',#3128,0.2);
#1170=CIRCLE('',#3129,1.);
#1171=CIRCLE('',#3155,1.375);
#1172=CIRCLE('',#3160,1.375);
#1173=VERTEX_POINT('',#3958);
#1174=VERTEX_POINT('',#3959);
#1175=VERTEX_POINT('',#3961);
#1176=VERTEX_POINT('',#3963);
#1177=VERTEX_POINT('',#3967);
#1178=VERTEX_POINT('',#3969);
#1179=VERTEX_POINT('',#3973);
#1180=VERTEX_POINT('',#3975);
#1181=VERTEX_POINT('',#3977);
#1182=VERTEX_POINT('',#3979);
#1183=VERTEX_POINT('',#3981);
#1184=VERTEX_POINT('',#3983);
#1185=VERTEX_POINT('',#3985);
#1186=VERTEX_POINT('',#3987);
#1187=VERTEX_POINT('',#3989);
#1188=VERTEX_POINT('',#3991);
#1189=VERTEX_POINT('',#3993);
#1190=VERTEX_POINT('',#3995);
#1191=VERTEX_POINT('',#3997);
#1192=VERTEX_POINT('',#4001);
#1193=VERTEX_POINT('',#4002);
#1194=VERTEX_POINT('',#4007);
#1195=VERTEX_POINT('',#4011);
#1196=VERTEX_POINT('',#4012);
#1197=VERTEX_POINT('',#4014);
#1198=VERTEX_POINT('',#4016);
#1199=VERTEX_POINT('',#4020);
#1200=VERTEX_POINT('',#4023);
#1201=VERTEX_POINT('',#4027);
#1202=VERTEX_POINT('',#4033);
#1203=VERTEX_POINT('',#4035);
#1204=VERTEX_POINT('',#4039);
#1205=VERTEX_POINT('',#4043);
#1206=VERTEX_POINT('',#4047);
#1207=VERTEX_POINT('',#4055);
#1208=VERTEX_POINT('',#4059);
#1209=VERTEX_POINT('',#4069);
#1210=VERTEX_POINT('',#4070);
#1211=VERTEX_POINT('',#4072);
#1212=VERTEX_POINT('',#4078);
#1213=VERTEX_POINT('',#4088);
#1214=VERTEX_POINT('',#4089);
#1215=VERTEX_POINT('',#4118);
#1216=VERTEX_POINT('',#4119);
#1217=VERTEX_POINT('',#4121);
#1218=VERTEX_POINT('',#4131);
#1219=VERTEX_POINT('',#4145);
#1220=VERTEX_POINT('',#4146);
#1221=VERTEX_POINT('',#4148);
#1222=VERTEX_POINT('',#4159);
#1223=VERTEX_POINT('',#4161);
#1224=VERTEX_POINT('',#4180);
#1225=VERTEX_POINT('',#4181);
#1226=VERTEX_POINT('',#4256);
#1227=VERTEX_POINT('',#4257);
#1228=VERTEX_POINT('',#4332);
#1229=VERTEX_POINT('',#4333);
#1230=VERTEX_POINT('',#4410);
#1231=VERTEX_POINT('',#4411);
#1232=VERTEX_POINT('',#4413);
#1233=VERTEX_POINT('',#4420);
#1234=VERTEX_POINT('',#4421);
#1235=VERTEX_POINT('',#4448);
#1236=VERTEX_POINT('',#4490);
#1237=VERTEX_POINT('',#4521);
#1238=VERTEX_POINT('',#4549);
#1239=VERTEX_POINT('',#4624);
#1240=VERTEX_POINT('',#4625);
#1241=VERTEX_POINT('',#4627);
#1242=VERTEX_POINT('',#4629);
#1243=VERTEX_POINT('',#4631);
#1244=VERTEX_POINT('',#4633);
#1245=VERTEX_POINT('',#4637);
#1246=VERTEX_POINT('',#4638);
#1247=VERTEX_POINT('',#4642);
#1248=VERTEX_POINT('',#4647);
#1249=VERTEX_POINT('',#4651);
#1250=VERTEX_POINT('',#4657);
#1251=VERTEX_POINT('',#4658);
#1252=VERTEX_POINT('',#4662);
#1253=VERTEX_POINT('',#4674);
#1254=VERTEX_POINT('',#4675);
#1255=VERTEX_POINT('',#4679);
#1256=VERTEX_POINT('',#4691);
#1257=VERTEX_POINT('',#4692);
#1258=VERTEX_POINT('',#4696);
#1259=VERTEX_POINT('',#4708);
#1260=VERTEX_POINT('',#4709);
#1261=VERTEX_POINT('',#4713);
#1262=VERTEX_POINT('',#4725);
#1263=VERTEX_POINT('',#5057);
#1264=VERTEX_POINT('',#5058);
#1265=VERTEX_POINT('',#5060);
#1266=VERTEX_POINT('',#5064);
#1267=VERTEX_POINT('',#5065);
#1268=VERTEX_POINT('',#5070);
#1269=VERTEX_POINT('',#5071);
#1270=VERTEX_POINT('',#5073);
#1271=VERTEX_POINT('',#5131);
#1272=VERTEX_POINT('',#5132);
#1273=VERTEX_POINT('',#5155);
#1274=VERTEX_POINT('',#5167);
#1275=VERTEX_POINT('',#5169);
#1276=VERTEX_POINT('',#5224);
#1277=VERTEX_POINT('',#5225);
#1278=VERTEX_POINT('',#5236);
#1279=VERTEX_POINT('',#5237);
#1280=VERTEX_POINT('',#5248);
#1281=VERTEX_POINT('',#5249);
#1282=VERTEX_POINT('',#5254);
#1283=VERTEX_POINT('',#5255);
#1284=VERTEX_POINT('',#5260);
#1285=VERTEX_POINT('',#5261);
#1286=VERTEX_POINT('',#5285);
#1287=VERTEX_POINT('',#5290);
#1288=VERTEX_POINT('',#5346);
#1289=VERTEX_POINT('',#5347);
#1290=VERTEX_POINT('',#5381);
#1291=VERTEX_POINT('',#5418);
#1292=VERTEX_POINT('',#5420);
#1293=VERTEX_POINT('',#5422);
#1294=VERTEX_POINT('',#5424);
#1295=VERTEX_POINT('',#5426);
#1296=VERTEX_POINT('',#5428);
#1297=VERTEX_POINT('',#5430);
#1298=VERTEX_POINT('',#5432);
#1299=VERTEX_POINT('',#5434);
#1300=VERTEX_POINT('',#5436);
#1301=VERTEX_POINT('',#5438);
#1302=VERTEX_POINT('',#5440);
#1303=VERTEX_POINT('',#5442);
#1304=VERTEX_POINT('',#5444);
#1305=VERTEX_POINT('',#5447);
#1306=VERTEX_POINT('',#5448);
#1307=VERTEX_POINT('',#5450);
#1308=VERTEX_POINT('',#5452);
#1309=VERTEX_POINT('',#5458);
#1310=VERTEX_POINT('',#5462);
#1311=VERTEX_POINT('',#5464);
#1312=VERTEX_POINT('',#5466);
#1313=VERTEX_POINT('',#5468);
#1314=VERTEX_POINT('',#5470);
#1315=VERTEX_POINT('',#5472);
#1316=VERTEX_POINT('',#5474);
#1317=VERTEX_POINT('',#5476);
#1318=VERTEX_POINT('',#5478);
#1319=VERTEX_POINT('',#5480);
#1320=VERTEX_POINT('',#5482);
#1321=VERTEX_POINT('',#5484);
#1322=VERTEX_POINT('',#5486);
#1323=VERTEX_POINT('',#5490);
#1324=VERTEX_POINT('',#5492);
#1325=VERTEX_POINT('',#5507);
#1326=VERTEX_POINT('',#5509);
#1327=VERTEX_POINT('',#5511);
#1328=VERTEX_POINT('',#5513);
#1329=VERTEX_POINT('',#5515);
#1330=VERTEX_POINT('',#5542);
#1331=VERTEX_POINT('',#5544);
#1332=VERTEX_POINT('',#5597);
#1333=VERTEX_POINT('',#5620);
#1334=VERTEX_POINT('',#5652);
#1335=VERTEX_POINT('',#5659);
#1336=VERTEX_POINT('',#5665);
#1337=VERTEX_POINT('',#5667);
#1338=VERTEX_POINT('',#5671);
#1339=VERTEX_POINT('',#5678);
#1340=VERTEX_POINT('',#5682);
#1341=VERTEX_POINT('',#5705);
#1342=VERTEX_POINT('',#5710);
#1343=VERTEX_POINT('',#5771);
#1344=VERTEX_POINT('',#5772);
#1345=VERTEX_POINT('',#5807);
#1346=VERTEX_POINT('',#5845);
#1347=VERTEX_POINT('',#5855);
#1348=VERTEX_POINT('',#5857);
#1349=VERTEX_POINT('',#5859);
#1350=VERTEX_POINT('',#5861);
#1351=VERTEX_POINT('',#5865);
#1352=VERTEX_POINT('',#5867);
#1353=VERTEX_POINT('',#5871);
#1354=VERTEX_POINT('',#5872);
#1355=VERTEX_POINT('',#5874);
#1356=VERTEX_POINT('',#5876);
#1357=VERTEX_POINT('',#5878);
#1358=VERTEX_POINT('',#5880);
#1359=VERTEX_POINT('',#5884);
#1360=VERTEX_POINT('',#5886);
#1361=VERTEX_POINT('',#5888);
#1362=VERTEX_POINT('',#5890);
#1363=VERTEX_POINT('',#5894);
#1364=VERTEX_POINT('',#5895);
#1365=VERTEX_POINT('',#5897);
#1366=VERTEX_POINT('',#5899);
#1367=VERTEX_POINT('',#5901);
#1368=VERTEX_POINT('',#5903);
#1369=VERTEX_POINT('',#5917);
#1370=VERTEX_POINT('',#5921);
#1371=VERTEX_POINT('',#5925);
#1372=VERTEX_POINT('',#5929);
#1373=VERTEX_POINT('',#5935);
#1374=VERTEX_POINT('',#5939);
#1375=VERTEX_POINT('',#5945);
#1376=VERTEX_POINT('',#5947);
#1377=VERTEX_POINT('',#5951);
#1378=VERTEX_POINT('',#5955);
#1379=VERTEX_POINT('',#5959);
#1380=VERTEX_POINT('',#5963);
#1381=VERTEX_POINT('',#5967);
#1382=VERTEX_POINT('',#5968);
#1383=VERTEX_POINT('',#5970);
#1384=VERTEX_POINT('',#5977);
#1385=VERTEX_POINT('',#5981);
#1386=VERTEX_POINT('',#5983);
#1387=VERTEX_POINT('',#5985);
#1388=VERTEX_POINT('',#5987);
#1389=VERTEX_POINT('',#5989);
#1390=VERTEX_POINT('',#5991);
#1391=VERTEX_POINT('',#5993);
#1392=VERTEX_POINT('',#5996);
#1393=VERTEX_POINT('',#5998);
#1394=VERTEX_POINT('',#6001);
#1395=VERTEX_POINT('',#6005);
#1396=VERTEX_POINT('',#6021);
#1397=VERTEX_POINT('',#6030);
#1398=VERTEX_POINT('',#6032);
#1399=VERTEX_POINT('',#6036);
#1400=VERTEX_POINT('',#6040);
#1401=VERTEX_POINT('',#6044);
#1402=VERTEX_POINT('',#6048);
#1403=VERTEX_POINT('',#6054);
#1404=VERTEX_POINT('',#6056);
#1405=VERTEX_POINT('',#6060);
#1406=VERTEX_POINT('',#6064);
#1407=VERTEX_POINT('',#6068);
#1408=VERTEX_POINT('',#6070);
#1409=VERTEX_POINT('',#6074);
#1410=VERTEX_POINT('',#6078);
#1411=VERTEX_POINT('',#6082);
#1412=VERTEX_POINT('',#6086);
#1413=VERTEX_POINT('',#6092);
#1414=VERTEX_POINT('',#6094);
#1415=VERTEX_POINT('',#6098);
#1416=VERTEX_POINT('',#6102);
#1417=VERTEX_POINT('',#6106);
#1418=VERTEX_POINT('',#6110);
#1419=VERTEX_POINT('',#6116);
#1420=VERTEX_POINT('',#6119);
#1421=VERTEX_POINT('',#6123);
#1422=VERTEX_POINT('',#6129);
#1423=VERTEX_POINT('',#6132);
#1424=VERTEX_POINT('',#6134);
#1425=VERTEX_POINT('',#6138);
#1426=VERTEX_POINT('',#6142);
#1427=EDGE_CURVE('',#1173,#1174,#1071,.T.);
#1428=EDGE_CURVE('',#1174,#1175,#593,.T.);
#1429=EDGE_CURVE('',#1175,#1176,#1072,.T.);
#1430=EDGE_CURVE('',#1176,#1173,#594,.T.);
#1431=EDGE_CURVE('',#1177,#1176,#595,.T.);
#1432=EDGE_CURVE('',#1177,#1178,#596,.T.);
#1433=EDGE_CURVE('',#1173,#1178,#597,.T.);
#1434=EDGE_CURVE('',#1175,#1179,#598,.T.);
#1435=EDGE_CURVE('',#1180,#1179,#599,.T.);
#1436=EDGE_CURVE('',#1180,#1181,#600,.T.);
#1437=EDGE_CURVE('',#1182,#1181,#601,.T.);
#1438=EDGE_CURVE('',#1183,#1182,#602,.T.);
#1439=EDGE_CURVE('',#1184,#1183,#603,.T.);
#1440=EDGE_CURVE('',#1184,#1185,#604,.T.);
#1441=EDGE_CURVE('',#1186,#1185,#1073,.T.);
#1442=EDGE_CURVE('',#1187,#1186,#605,.T.);
#1443=EDGE_CURVE('',#1187,#1188,#606,.T.);
#1444=EDGE_CURVE('',#1189,#1188,#607,.T.);
#1445=EDGE_CURVE('',#1189,#1190,#608,.T.);
#1446=EDGE_CURVE('',#1190,#1191,#609,.T.);
#1447=EDGE_CURVE('',#1191,#1177,#610,.T.);
#1448=EDGE_CURVE('',#1192,#1193,#1074,.T.);
#1449=EDGE_CURVE('',#1193,#1186,#611,.T.);
#1450=EDGE_CURVE('',#1185,#1192,#612,.T.);
#1451=EDGE_CURVE('',#1194,#1193,#613,.T.);
#1452=EDGE_CURVE('',#1187,#1194,#614,.T.);
#1453=EDGE_CURVE('',#1195,#1196,#1075,.T.);
#1454=EDGE_CURVE('',#1196,#1197,#615,.T.);
#1455=EDGE_CURVE('',#1197,#1198,#1076,.T.);
#1456=EDGE_CURVE('',#1198,#1195,#616,.T.);
#1457=EDGE_CURVE('',#1199,#1197,#617,.T.);
#1458=EDGE_CURVE('',#1181,#1199,#1077,.T.);
#1459=EDGE_CURVE('',#1180,#1200,#618,.T.);
#1460=EDGE_CURVE('',#1200,#1198,#619,.T.);
#1461=EDGE_CURVE('',#1196,#1201,#620,.T.);
#1462=EDGE_CURVE('',#1199,#1201,#621,.T.);
#1463=EDGE_CURVE('',#1201,#1182,#1078,.T.);
#1464=EDGE_CURVE('',#1202,#1183,#622,.T.);
#1465=EDGE_CURVE('',#1203,#1202,#623,.T.);
#1466=EDGE_CURVE('',#1184,#1203,#624,.T.);
#1467=EDGE_CURVE('',#1188,#1204,#625,.T.);
#1468=EDGE_CURVE('',#1204,#1194,#626,.T.);
#1469=EDGE_CURVE('',#1205,#1191,#627,.T.);
#1470=EDGE_CURVE('',#1178,#1205,#628,.T.);
#1471=EDGE_CURVE('',#1206,#1174,#629,.T.);
#1472=EDGE_CURVE('',#1179,#1206,#630,.T.);
#1473=EDGE_CURVE('',#1200,#1206,#631,.T.);
#1474=EDGE_CURVE('',#1192,#1203,#632,.T.);
#1475=EDGE_CURVE('',#1190,#1207,#633,.T.);
#1476=EDGE_CURVE('',#1207,#1205,#634,.T.);
#1477=EDGE_CURVE('',#1208,#1204,#635,.T.);
#1478=EDGE_CURVE('',#1208,#1189,#636,.T.);
#1479=EDGE_CURVE('',#1208,#1207,#637,.T.);
#1480=EDGE_CURVE('',#1202,#1195,#638,.T.);
#1481=EDGE_CURVE('',#1209,#1210,#639,.T.);
#1482=EDGE_CURVE('',#1211,#1210,#117,.T.);
#1483=EDGE_CURVE('',#1211,#1212,#1079,.T.);
#1484=EDGE_CURVE('',#1212,#1209,#118,.T.);
#1485=EDGE_CURVE('',#1213,#1214,#640,.T.);
#1486=EDGE_CURVE('',#1210,#1214,#119,.T.);
#1487=EDGE_CURVE('',#1209,#1213,#120,.T.);
#1488=EDGE_CURVE('',#1215,#1216,#641,.T.);
#1489=EDGE_CURVE('',#1215,#1217,#121,.T.);
#1490=EDGE_CURVE('',#1217,#1218,#1080,.T.);
#1491=EDGE_CURVE('',#1216,#1218,#122,.T.);
#1492=EDGE_CURVE('',#1219,#1220,#642,.T.);
#1493=EDGE_CURVE('',#1220,#1221,#75,.T.);
#1494=EDGE_CURVE('',#1222,#1221,#1081,.T.);
#1495=EDGE_CURVE('',#1223,#1222,#1082,.T.);
#1496=EDGE_CURVE('',#1219,#1223,#76,.F.);
#1497=EDGE_CURVE('',#1224,#1225,#643,.T.);
#1498=EDGE_CURVE('',#1225,#1220,#77,.T.);
#1499=EDGE_CURVE('',#1224,#1219,#78,.F.);
#1500=EDGE_CURVE('',#1226,#1227,#644,.T.);
#1501=EDGE_CURVE('',#1227,#1225,#79,.T.);
#1502=EDGE_CURVE('',#1226,#1224,#80,.F.);
#1503=EDGE_CURVE('',#1228,#1229,#645,.T.);
#1504=EDGE_CURVE('',#1229,#1227,#81,.T.);
#1505=EDGE_CURVE('',#1228,#1226,#82,.F.);
#1506=EDGE_CURVE('',#1230,#1231,#646,.T.);
#1507=EDGE_CURVE('',#1232,#1230,#1083,.T.);
#1508=EDGE_CURVE('',#1232,#1231,#83,.T.);
#1509=EDGE_CURVE('',#1233,#1234,#647,.T.);
#1510=EDGE_CURVE('',#1218,#1233,#84,.F.);
#1511=EDGE_CURVE('',#1234,#1217,#85,.F.);
#1512=EDGE_CURVE('',#1223,#1234,#86,.F.);
#1513=EDGE_CURVE('',#1222,#1235,#648,.T.);
#1514=EDGE_CURVE('',#1235,#1235,#1084,.T.);
#1515=EDGE_CURVE('',#1233,#1221,#87,.F.);
#1516=EDGE_CURVE('',#1212,#1236,#88,.F.);
#1517=EDGE_CURVE('',#1232,#1211,#89,.F.);
#1518=EDGE_CURVE('',#1230,#1237,#1085,.T.);
#1519=EDGE_CURVE('',#1236,#1237,#90,.F.);
#1520=EDGE_CURVE('',#1236,#1238,#649,.T.);
#1521=EDGE_CURVE('',#1238,#1238,#1086,.T.);
#1522=EDGE_CURVE('',#1231,#1229,#91,.T.);
#1523=EDGE_CURVE('',#1237,#1228,#92,.F.);
#1524=EDGE_CURVE('',#1239,#1240,#1087,.T.);
#1525=EDGE_CURVE('',#1240,#1241,#1088,.T.);
#1526=EDGE_CURVE('',#1241,#1242,#1089,.T.);
#1527=EDGE_CURVE('',#1242,#1243,#1090,.T.);
#1528=EDGE_CURVE('',#1243,#1244,#1091,.T.);
#1529=EDGE_CURVE('',#1244,#1239,#1092,.T.);
#1530=EDGE_CURVE('',#1245,#1246,#123,.T.);
#1531=EDGE_CURVE('',#1247,#1245,#650,.T.);
#1532=EDGE_CURVE('',#1240,#1247,#124,.T.);
#1533=EDGE_CURVE('',#1248,#1240,#125,.T.);
#1534=EDGE_CURVE('',#1248,#1249,#651,.T.);
#1535=EDGE_CURVE('',#1246,#1249,#126,.T.);
#1536=EDGE_CURVE('',#1250,#1251,#127,.T.);
#1537=EDGE_CURVE('',#1252,#1250,#652,.T.);
#1538=EDGE_CURVE('',#1241,#1252,#128,.T.);
#1539=EDGE_CURVE('',#1247,#1241,#129,.T.);
#1540=EDGE_CURVE('',#1251,#1245,#130,.T.);
#1541=EDGE_CURVE('',#1253,#1254,#131,.T.);
#1542=EDGE_CURVE('',#1255,#1253,#653,.T.);
#1543=EDGE_CURVE('',#1242,#1255,#132,.T.);
#1544=EDGE_CURVE('',#1252,#1242,#133,.T.);
#1545=EDGE_CURVE('',#1254,#1250,#134,.T.);
#1546=EDGE_CURVE('',#1256,#1257,#135,.T.);
#1547=EDGE_CURVE('',#1258,#1256,#654,.T.);
#1548=EDGE_CURVE('',#1243,#1258,#136,.T.);
#1549=EDGE_CURVE('',#1255,#1243,#137,.T.);
#1550=EDGE_CURVE('',#1257,#1253,#138,.T.);
#1551=EDGE_CURVE('',#1259,#1260,#139,.T.);
#1552=EDGE_CURVE('',#1261,#1259,#655,.T.);
#1553=EDGE_CURVE('',#1244,#1261,#140,.T.);
#1554=EDGE_CURVE('',#1258,#1244,#141,.T.);
#1555=EDGE_CURVE('',#1260,#1256,#142,.T.);
#1556=EDGE_CURVE('',#1249,#1262,#143,.T.);
#1557=EDGE_CURVE('',#1239,#1248,#144,.T.);
#1558=EDGE_CURVE('',#1261,#1239,#145,.T.);
#1559=EDGE_CURVE('',#1262,#1259,#146,.T.);
#1560=EDGE_CURVE('',#1262,#1246,#1093,.T.);
#1561=EDGE_CURVE('',#1260,#1262,#1094,.T.);
#1562=EDGE_CURVE('',#1257,#1260,#1095,.T.);
#1563=EDGE_CURVE('',#1257,#1254,#1096,.T.);
#1564=EDGE_CURVE('',#1251,#1254,#1097,.T.);
#1565=EDGE_CURVE('',#1246,#1251,#1098,.T.);
#1566=EDGE_CURVE('',#1214,#1216,#147,.T.);
#1567=EDGE_CURVE('',#1213,#1215,#148,.T.);
#1568=EDGE_CURVE('',#1263,#1264,#1099,.F.);
#1569=EDGE_CURVE('',#1265,#1263,#1100,.F.);
#1570=EDGE_CURVE('',#1264,#1265,#1101,.F.);
#1571=EDGE_CURVE('',#1266,#1267,#1102,.T.);
#1572=EDGE_CURVE('',#1267,#1265,#656,.T.);
#1573=EDGE_CURVE('',#1263,#1266,#657,.T.);
#1574=EDGE_CURVE('',#1268,#1269,#1103,.F.);
#1575=EDGE_CURVE('',#1270,#1268,#1104,.F.);
#1576=EDGE_CURVE('',#1269,#1270,#1105,.F.);
#1577=EDGE_CURVE('',#1271,#1272,#93,.T.);
#1578=EDGE_CURVE('',#1272,#1273,#94,.T.);
#1579=EDGE_CURVE('',#1273,#1274,#1106,.T.);
#1580=EDGE_CURVE('',#1274,#1275,#95,.T.);
#1581=EDGE_CURVE('',#1275,#1271,#96,.T.);
#1582=EDGE_CURVE('',#1276,#1277,#1107,.T.);
#1583=EDGE_CURVE('',#1277,#1274,#97,.T.);
#1584=EDGE_CURVE('',#1273,#1276,#98,.T.);
#1585=EDGE_CURVE('',#1278,#1279,#1108,.T.);
#1586=EDGE_CURVE('',#1279,#1277,#1109,.T.);
#1587=EDGE_CURVE('',#1276,#1278,#1110,.T.);
#1588=EDGE_CURVE('',#1268,#1279,#658,.T.);
#1589=EDGE_CURVE('',#1278,#1270,#659,.T.);
#1590=EDGE_CURVE('',#1265,#1269,#660,.T.);
#1591=EDGE_CURVE('',#1270,#1264,#661,.T.);
#1592=EDGE_CURVE('',#1280,#1281,#1111,.T.);
#1593=EDGE_CURVE('',#1281,#1268,#662,.T.);
#1594=EDGE_CURVE('',#1269,#1280,#663,.T.);
#1595=EDGE_CURVE('',#1282,#1283,#1112,.T.);
#1596=EDGE_CURVE('',#1283,#1263,#664,.T.);
#1597=EDGE_CURVE('',#1264,#1282,#665,.T.);
#1598=EDGE_CURVE('',#1284,#1285,#1113,.T.);
#1599=EDGE_CURVE('',#1285,#1283,#1114,.T.);
#1600=EDGE_CURVE('',#1282,#1284,#1115,.T.);
#1601=EDGE_CURVE('',#1284,#1286,#99,.T.);
#1602=EDGE_CURVE('',#1286,#1287,#1116,.T.);
#1603=EDGE_CURVE('',#1287,#1285,#100,.T.);
#1604=EDGE_CURVE('',#1288,#1289,#101,.T.);
#1605=EDGE_CURVE('',#1289,#1287,#102,.T.);
#1606=EDGE_CURVE('',#1286,#1290,#103,.T.);
#1607=EDGE_CURVE('',#1290,#1288,#104,.T.);
#1608=EDGE_CURVE('',#1281,#1291,#666,.T.);
#1609=EDGE_CURVE('',#1291,#1292,#667,.T.);
#1610=EDGE_CURVE('',#1293,#1292,#1117,.T.);
#1611=EDGE_CURVE('',#1293,#1294,#668,.T.);
#1612=EDGE_CURVE('',#1294,#1295,#669,.T.);
#1613=EDGE_CURVE('',#1295,#1296,#670,.T.);
#1614=EDGE_CURVE('',#1296,#1297,#671,.T.);
#1615=EDGE_CURVE('',#1297,#1298,#672,.T.);
#1616=EDGE_CURVE('',#1299,#1298,#1118,.T.);
#1617=EDGE_CURVE('',#1299,#1300,#673,.T.);
#1618=EDGE_CURVE('',#1300,#1301,#674,.T.);
#1619=EDGE_CURVE('',#1302,#1301,#675,.T.);
#1620=EDGE_CURVE('',#1303,#1302,#676,.T.);
#1621=EDGE_CURVE('',#1304,#1303,#1119,.T.);
#1622=EDGE_CURVE('',#1277,#1304,#677,.T.);
#1623=EDGE_CURVE('',#1305,#1306,#678,.T.);
#1624=EDGE_CURVE('',#1306,#1307,#679,.T.);
#1625=EDGE_CURVE('',#1307,#1308,#680,.T.);
#1626=EDGE_CURVE('',#1308,#1305,#681,.T.);
#1627=EDGE_CURVE('',#1267,#1280,#682,.T.);
#1628=EDGE_CURVE('',#1309,#1266,#683,.T.);
#1629=EDGE_CURVE('',#1309,#1291,#684,.T.);
#1630=EDGE_CURVE('',#1310,#1285,#685,.T.);
#1631=EDGE_CURVE('',#1311,#1310,#1120,.T.);
#1632=EDGE_CURVE('',#1312,#1311,#686,.T.);
#1633=EDGE_CURVE('',#1313,#1312,#687,.T.);
#1634=EDGE_CURVE('',#1313,#1314,#688,.T.);
#1635=EDGE_CURVE('',#1314,#1315,#689,.T.);
#1636=EDGE_CURVE('',#1316,#1315,#1121,.T.);
#1637=EDGE_CURVE('',#1316,#1317,#690,.T.);
#1638=EDGE_CURVE('',#1317,#1318,#691,.T.);
#1639=EDGE_CURVE('',#1318,#1319,#692,.T.);
#1640=EDGE_CURVE('',#1319,#1320,#693,.T.);
#1641=EDGE_CURVE('',#1320,#1321,#694,.T.);
#1642=EDGE_CURVE('',#1322,#1321,#1122,.T.);
#1643=EDGE_CURVE('',#1322,#1309,#695,.T.);
#1644=EDGE_CURVE('',#1323,#1289,#696,.T.);
#1645=EDGE_CURVE('',#1324,#1323,#105,.T.);
#1646=EDGE_CURVE('',#1310,#1324,#106,.T.);
#1647=EDGE_CURVE('',#1288,#1325,#697,.T.);
#1648=EDGE_CURVE('',#1325,#1326,#698,.T.);
#1649=EDGE_CURVE('',#1326,#1327,#699,.T.);
#1650=EDGE_CURVE('',#1327,#1328,#700,.T.);
#1651=EDGE_CURVE('',#1328,#1329,#701,.T.);
#1652=EDGE_CURVE('',#1323,#1329,#107,.T.);
#1653=EDGE_CURVE('',#1312,#1330,#1123,.F.);
#1654=EDGE_CURVE('',#1331,#1312,#1124,.F.);
#1655=EDGE_CURVE('',#1330,#1331,#1125,.F.);
#1656=EDGE_CURVE('',#1329,#1332,#108,.T.);
#1657=EDGE_CURVE('',#1332,#1333,#109,.T.);
#1658=EDGE_CURVE('',#1333,#1324,#1126,.T.);
#1659=EDGE_CURVE('',#1334,#1310,#1127,.T.);
#1660=EDGE_CURVE('',#1333,#1334,#110,.T.);
#1661=EDGE_CURVE('',#1335,#1311,#1128,.T.);
#1662=EDGE_CURVE('',#1334,#1335,#1129,.T.);
#1663=EDGE_CURVE('',#1335,#1331,#702,.T.);
#1664=EDGE_CURVE('',#1302,#1336,#1130,.F.);
#1665=EDGE_CURVE('',#1337,#1302,#1131,.F.);
#1666=EDGE_CURVE('',#1336,#1337,#1132,.F.);
#1667=EDGE_CURVE('',#1301,#1338,#1133,.T.);
#1668=EDGE_CURVE('',#1338,#1337,#703,.T.);
#1669=EDGE_CURVE('',#1337,#1330,#704,.T.);
#1670=EDGE_CURVE('',#1331,#1336,#705,.T.);
#1671=EDGE_CURVE('',#1339,#1303,#1134,.T.);
#1672=EDGE_CURVE('',#1336,#1339,#706,.T.);
#1673=EDGE_CURVE('',#1340,#1304,#1135,.T.);
#1674=EDGE_CURVE('',#1339,#1340,#1136,.T.);
#1675=EDGE_CURVE('',#1340,#1341,#111,.T.);
#1676=EDGE_CURVE('',#1341,#1342,#1137,.T.);
#1677=EDGE_CURVE('',#1342,#1304,#112,.T.);
#1678=EDGE_CURVE('',#1343,#1344,#113,.T.);
#1679=EDGE_CURVE('',#1344,#1342,#114,.T.);
#1680=EDGE_CURVE('',#1341,#1345,#115,.T.);
#1681=EDGE_CURVE('',#1345,#1343,#116,.T.);
#1682=EDGE_CURVE('',#1346,#1313,#1138,.T.);
#1683=EDGE_CURVE('',#1330,#1346,#707,.T.);
#1684=EDGE_CURVE('',#1338,#1346,#708,.T.);
#1685=EDGE_CURVE('',#1300,#1314,#709,.T.);
#1686=EDGE_CURVE('',#1275,#1344,#710,.T.);
#1687=EDGE_CURVE('',#1343,#1347,#711,.T.);
#1688=EDGE_CURVE('',#1348,#1347,#712,.T.);
#1689=EDGE_CURVE('',#1348,#1349,#713,.T.);
#1690=EDGE_CURVE('',#1349,#1350,#714,.T.);
#1691=EDGE_CURVE('',#1350,#1271,#715,.T.);
#1692=EDGE_CURVE('',#1351,#1350,#1139,.T.);
#1693=EDGE_CURVE('',#1352,#1351,#716,.T.);
#1694=EDGE_CURVE('',#1325,#1352,#1140,.T.);
#1695=EDGE_CURVE('',#1290,#1272,#717,.T.);
#1696=EDGE_CURVE('',#1353,#1354,#718,.T.);
#1697=EDGE_CURVE('',#1355,#1353,#719,.T.);
#1698=EDGE_CURVE('',#1356,#1355,#720,.T.);
#1699=EDGE_CURVE('',#1357,#1356,#721,.T.);
#1700=EDGE_CURVE('',#1358,#1357,#722,.T.);
#1701=EDGE_CURVE('',#1354,#1358,#723,.T.);
#1702=EDGE_CURVE('',#1359,#1328,#1141,.T.);
#1703=EDGE_CURVE('',#1360,#1359,#724,.T.);
#1704=EDGE_CURVE('',#1361,#1360,#1142,.T.);
#1705=EDGE_CURVE('',#1362,#1361,#725,.T.);
#1706=EDGE_CURVE('',#1347,#1362,#1143,.T.);
#1707=EDGE_CURVE('',#1345,#1332,#726,.T.);
#1708=EDGE_CURVE('',#1363,#1364,#727,.T.);
#1709=EDGE_CURVE('',#1365,#1363,#728,.T.);
#1710=EDGE_CURVE('',#1366,#1365,#729,.T.);
#1711=EDGE_CURVE('',#1367,#1366,#730,.T.);
#1712=EDGE_CURVE('',#1368,#1367,#731,.T.);
#1713=EDGE_CURVE('',#1364,#1368,#732,.T.);
#1714=EDGE_CURVE('',#1341,#1333,#733,.T.);
#1715=EDGE_CURVE('',#1286,#1273,#734,.T.);
#1716=EDGE_CURVE('',#1282,#1278,#735,.T.);
#1717=EDGE_CURVE('',#1339,#1335,#736,.T.);
#1718=EDGE_CURVE('',#1327,#1369,#1144,.T.);
#1719=EDGE_CURVE('',#1369,#1359,#737,.T.);
#1720=EDGE_CURVE('',#1369,#1370,#738,.T.);
#1721=EDGE_CURVE('',#1370,#1360,#739,.T.);
#1722=EDGE_CURVE('',#1370,#1371,#1145,.T.);
#1723=EDGE_CURVE('',#1371,#1361,#740,.T.);
#1724=EDGE_CURVE('',#1371,#1372,#741,.T.);
#1725=EDGE_CURVE('',#1372,#1362,#742,.T.);
#1726=EDGE_CURVE('',#1372,#1348,#1146,.T.);
#1727=EDGE_CURVE('',#1349,#1373,#1147,.T.);
#1728=EDGE_CURVE('',#1373,#1351,#743,.T.);
#1729=EDGE_CURVE('',#1374,#1352,#744,.T.);
#1730=EDGE_CURVE('',#1373,#1374,#745,.T.);
#1731=EDGE_CURVE('',#1374,#1326,#1148,.T.);
#1732=EDGE_CURVE('',#1375,#1371,#746,.T.);
#1733=EDGE_CURVE('',#1376,#1375,#747,.T.);
#1734=EDGE_CURVE('',#1372,#1376,#748,.T.);
#1735=EDGE_CURVE('',#1370,#1377,#749,.T.);
#1736=EDGE_CURVE('',#1375,#1377,#1149,.T.);
#1737=EDGE_CURVE('',#1378,#1369,#750,.T.);
#1738=EDGE_CURVE('',#1377,#1378,#751,.T.);
#1739=EDGE_CURVE('',#1327,#1379,#752,.T.);
#1740=EDGE_CURVE('',#1378,#1379,#1150,.T.);
#1741=EDGE_CURVE('',#1380,#1326,#753,.T.);
#1742=EDGE_CURVE('',#1379,#1380,#754,.T.);
#1743=EDGE_CURVE('',#1381,#1382,#1151,.T.);
#1744=EDGE_CURVE('',#1382,#1383,#1152,.T.);
#1745=EDGE_CURVE('',#1383,#1380,#1153,.T.);
#1746=EDGE_CURVE('',#1380,#1381,#1154,.T.);
#1747=EDGE_CURVE('',#1374,#1381,#755,.T.);
#1748=EDGE_CURVE('',#1383,#1384,#756,.T.);
#1749=EDGE_CURVE('',#1379,#1384,#1155,.T.);
#1750=EDGE_CURVE('',#1385,#1382,#757,.T.);
#1751=EDGE_CURVE('',#1386,#1385,#1156,.T.);
#1752=EDGE_CURVE('',#1387,#1386,#758,.T.);
#1753=EDGE_CURVE('',#1388,#1387,#1157,.T.);
#1754=EDGE_CURVE('',#1389,#1388,#759,.T.);
#1755=EDGE_CURVE('',#1390,#1389,#1158,.T.);
#1756=EDGE_CURVE('',#1391,#1390,#760,.T.);
#1757=EDGE_CURVE('',#1384,#1391,#1159,.T.);
#1758=EDGE_CURVE('',#1392,#1392,#1160,.T.);
#1759=EDGE_CURVE('',#1393,#1393,#1161,.T.);
#1760=EDGE_CURVE('',#1381,#1394,#761,.T.);
#1761=EDGE_CURVE('',#1385,#1394,#1162,.T.);
#1762=EDGE_CURVE('',#1395,#1386,#1163,.T.);
#1763=EDGE_CURVE('',#1394,#1395,#1164,.T.);
#1764=EDGE_CURVE('',#1349,#1395,#762,.T.);
#1765=EDGE_CURVE('',#1394,#1373,#763,.T.);
#1766=EDGE_CURVE('',#1391,#1378,#1165,.T.);
#1767=EDGE_CURVE('',#1377,#1390,#1166,.T.);
#1768=EDGE_CURVE('',#1389,#1375,#1167,.T.);
#1769=EDGE_CURVE('',#1376,#1388,#1168,.T.);
#1770=EDGE_CURVE('',#1387,#1396,#1169,.T.);
#1771=EDGE_CURVE('',#1396,#1376,#1170,.T.);
#1772=EDGE_CURVE('',#1396,#1348,#764,.T.);
#1773=EDGE_CURVE('',#1395,#1396,#765,.T.);
#1774=EDGE_CURVE('',#1364,#1397,#766,.T.);
#1775=EDGE_CURVE('',#1397,#1398,#767,.T.);
#1776=EDGE_CURVE('',#1363,#1398,#768,.T.);
#1777=EDGE_CURVE('',#1368,#1399,#769,.T.);
#1778=EDGE_CURVE('',#1399,#1397,#770,.T.);
#1779=EDGE_CURVE('',#1398,#1400,#771,.T.);
#1780=EDGE_CURVE('',#1400,#1365,#772,.T.);
#1781=EDGE_CURVE('',#1367,#1401,#773,.T.);
#1782=EDGE_CURVE('',#1401,#1399,#774,.T.);
#1783=EDGE_CURVE('',#1366,#1402,#775,.T.);
#1784=EDGE_CURVE('',#1402,#1401,#776,.T.);
#1785=EDGE_CURVE('',#1400,#1402,#777,.T.);
#1786=EDGE_CURVE('',#1400,#1403,#778,.T.);
#1787=EDGE_CURVE('',#1403,#1404,#779,.T.);
#1788=EDGE_CURVE('',#1402,#1404,#780,.T.);
#1789=EDGE_CURVE('',#1398,#1405,#781,.T.);
#1790=EDGE_CURVE('',#1405,#1403,#782,.T.);
#1791=EDGE_CURVE('',#1397,#1406,#783,.T.);
#1792=EDGE_CURVE('',#1406,#1405,#784,.T.);
#1793=EDGE_CURVE('',#1354,#1407,#785,.T.);
#1794=EDGE_CURVE('',#1407,#1408,#786,.T.);
#1795=EDGE_CURVE('',#1353,#1408,#787,.T.);
#1796=EDGE_CURVE('',#1358,#1409,#788,.T.);
#1797=EDGE_CURVE('',#1409,#1407,#789,.T.);
#1798=EDGE_CURVE('',#1408,#1410,#790,.T.);
#1799=EDGE_CURVE('',#1410,#1355,#791,.T.);
#1800=EDGE_CURVE('',#1357,#1411,#792,.T.);
#1801=EDGE_CURVE('',#1411,#1409,#793,.T.);
#1802=EDGE_CURVE('',#1356,#1412,#794,.T.);
#1803=EDGE_CURVE('',#1412,#1411,#795,.T.);
#1804=EDGE_CURVE('',#1410,#1412,#796,.T.);
#1805=EDGE_CURVE('',#1410,#1413,#797,.T.);
#1806=EDGE_CURVE('',#1413,#1414,#798,.T.);
#1807=EDGE_CURVE('',#1412,#1414,#799,.T.);
#1808=EDGE_CURVE('',#1408,#1415,#800,.T.);
#1809=EDGE_CURVE('',#1415,#1413,#801,.T.);
#1810=EDGE_CURVE('',#1407,#1416,#802,.T.);
#1811=EDGE_CURVE('',#1416,#1415,#803,.T.);
#1812=EDGE_CURVE('',#1409,#1417,#804,.T.);
#1813=EDGE_CURVE('',#1417,#1416,#805,.T.);
#1814=EDGE_CURVE('',#1411,#1418,#806,.T.);
#1815=EDGE_CURVE('',#1418,#1417,#807,.T.);
#1816=EDGE_CURVE('',#1414,#1418,#808,.T.);
#1817=EDGE_CURVE('',#1419,#1419,#1171,.T.);
#1818=EDGE_CURVE('',#1399,#1420,#809,.T.);
#1819=EDGE_CURVE('',#1420,#1406,#810,.T.);
#1820=EDGE_CURVE('',#1401,#1421,#811,.T.);
#1821=EDGE_CURVE('',#1421,#1420,#812,.T.);
#1822=EDGE_CURVE('',#1404,#1421,#813,.T.);
#1823=EDGE_CURVE('',#1422,#1422,#1172,.T.);
#1824=EDGE_CURVE('',#1305,#1423,#814,.T.);
#1825=EDGE_CURVE('',#1423,#1424,#815,.T.);
#1826=EDGE_CURVE('',#1306,#1424,#816,.T.);
#1827=EDGE_CURVE('',#1308,#1425,#817,.T.);
#1828=EDGE_CURVE('',#1425,#1423,#818,.T.);
#1829=EDGE_CURVE('',#1307,#1426,#819,.T.);
#1830=EDGE_CURVE('',#1426,#1425,#820,.T.);
#1831=EDGE_CURVE('',#1424,#1426,#821,.T.);
#1832=EDGE_CURVE('',#1321,#1293,#822,.T.);
#1833=EDGE_CURVE('',#1292,#1322,#823,.T.);
#1834=EDGE_CURVE('',#1294,#1320,#824,.T.);
#1835=EDGE_CURVE('',#1315,#1299,#825,.T.);
#1836=EDGE_CURVE('',#1298,#1316,#826,.T.);
#1837=EDGE_CURVE('',#1317,#1297,#827,.T.);
#1838=EDGE_CURVE('',#1319,#1295,#828,.T.);
#1839=EDGE_CURVE('',#1296,#1318,#829,.T.);
#1840=EDGE_CURVE('',#1393,#1422,#830,.T.);
#1841=EDGE_CURVE('',#1392,#1419,#831,.T.);
#1842=ORIENTED_EDGE('',*,*,#1427,.T.);
#1843=ORIENTED_EDGE('',*,*,#1428,.T.);
#1844=ORIENTED_EDGE('',*,*,#1429,.T.);
#1845=ORIENTED_EDGE('',*,*,#1430,.T.);
#1846=ORIENTED_EDGE('',*,*,#1430,.F.);
#1847=ORIENTED_EDGE('',*,*,#1431,.F.);
#1848=ORIENTED_EDGE('',*,*,#1432,.T.);
#1849=ORIENTED_EDGE('',*,*,#1433,.F.);
#1850=ORIENTED_EDGE('',*,*,#1429,.F.);
#1851=ORIENTED_EDGE('',*,*,#1434,.T.);
#1852=ORIENTED_EDGE('',*,*,#1435,.F.);
#1853=ORIENTED_EDGE('',*,*,#1436,.T.);
#1854=ORIENTED_EDGE('',*,*,#1437,.F.);
#1855=ORIENTED_EDGE('',*,*,#1438,.F.);
#1856=ORIENTED_EDGE('',*,*,#1439,.F.);
#1857=ORIENTED_EDGE('',*,*,#1440,.T.);
#1858=ORIENTED_EDGE('',*,*,#1441,.F.);
#1859=ORIENTED_EDGE('',*,*,#1442,.F.);
#1860=ORIENTED_EDGE('',*,*,#1443,.T.);
#1861=ORIENTED_EDGE('',*,*,#1444,.F.);
#1862=ORIENTED_EDGE('',*,*,#1445,.T.);
#1863=ORIENTED_EDGE('',*,*,#1446,.T.);
#1864=ORIENTED_EDGE('',*,*,#1447,.T.);
#1865=ORIENTED_EDGE('',*,*,#1431,.T.);
#1866=ORIENTED_EDGE('',*,*,#1448,.T.);
#1867=ORIENTED_EDGE('',*,*,#1449,.T.);
#1868=ORIENTED_EDGE('',*,*,#1441,.T.);
#1869=ORIENTED_EDGE('',*,*,#1450,.T.);
#1870=ORIENTED_EDGE('',*,*,#1449,.F.);
#1871=ORIENTED_EDGE('',*,*,#1451,.F.);
#1872=ORIENTED_EDGE('',*,*,#1452,.F.);
#1873=ORIENTED_EDGE('',*,*,#1442,.T.);
#1874=ORIENTED_EDGE('',*,*,#1453,.T.);
#1875=ORIENTED_EDGE('',*,*,#1454,.T.);
#1876=ORIENTED_EDGE('',*,*,#1455,.T.);
#1877=ORIENTED_EDGE('',*,*,#1456,.T.);
#1878=ORIENTED_EDGE('',*,*,#1455,.F.);
#1879=ORIENTED_EDGE('',*,*,#1457,.F.);
#1880=ORIENTED_EDGE('',*,*,#1458,.F.);
#1881=ORIENTED_EDGE('',*,*,#1436,.F.);
#1882=ORIENTED_EDGE('',*,*,#1459,.T.);
#1883=ORIENTED_EDGE('',*,*,#1460,.T.);
#1884=ORIENTED_EDGE('',*,*,#1454,.F.);
#1885=ORIENTED_EDGE('',*,*,#1461,.T.);
#1886=ORIENTED_EDGE('',*,*,#1462,.F.);
#1887=ORIENTED_EDGE('',*,*,#1457,.T.);
#1888=ORIENTED_EDGE('',*,*,#1458,.T.);
#1889=ORIENTED_EDGE('',*,*,#1462,.T.);
#1890=ORIENTED_EDGE('',*,*,#1463,.T.);
#1891=ORIENTED_EDGE('',*,*,#1437,.T.);
#1892=ORIENTED_EDGE('',*,*,#1464,.F.);
#1893=ORIENTED_EDGE('',*,*,#1465,.F.);
#1894=ORIENTED_EDGE('',*,*,#1466,.F.);
#1895=ORIENTED_EDGE('',*,*,#1439,.T.);
#1896=ORIENTED_EDGE('',*,*,#1467,.F.);
#1897=ORIENTED_EDGE('',*,*,#1443,.F.);
#1898=ORIENTED_EDGE('',*,*,#1452,.T.);
#1899=ORIENTED_EDGE('',*,*,#1468,.F.);
#1900=ORIENTED_EDGE('',*,*,#1469,.F.);
#1901=ORIENTED_EDGE('',*,*,#1470,.F.);
#1902=ORIENTED_EDGE('',*,*,#1432,.F.);
#1903=ORIENTED_EDGE('',*,*,#1447,.F.);
#1904=ORIENTED_EDGE('',*,*,#1428,.F.);
#1905=ORIENTED_EDGE('',*,*,#1471,.F.);
#1906=ORIENTED_EDGE('',*,*,#1472,.F.);
#1907=ORIENTED_EDGE('',*,*,#1434,.F.);
#1908=ORIENTED_EDGE('',*,*,#1459,.F.);
#1909=ORIENTED_EDGE('',*,*,#1435,.T.);
#1910=ORIENTED_EDGE('',*,*,#1472,.T.);
#1911=ORIENTED_EDGE('',*,*,#1473,.F.);
#1912=ORIENTED_EDGE('',*,*,#1450,.F.);
#1913=ORIENTED_EDGE('',*,*,#1440,.F.);
#1914=ORIENTED_EDGE('',*,*,#1466,.T.);
#1915=ORIENTED_EDGE('',*,*,#1474,.F.);
#1916=ORIENTED_EDGE('',*,*,#1469,.T.);
#1917=ORIENTED_EDGE('',*,*,#1446,.F.);
#1918=ORIENTED_EDGE('',*,*,#1475,.T.);
#1919=ORIENTED_EDGE('',*,*,#1476,.T.);
#1920=ORIENTED_EDGE('',*,*,#1467,.T.);
#1921=ORIENTED_EDGE('',*,*,#1477,.F.);
#1922=ORIENTED_EDGE('',*,*,#1478,.T.);
#1923=ORIENTED_EDGE('',*,*,#1444,.T.);
#1924=ORIENTED_EDGE('',*,*,#1427,.F.);
#1925=ORIENTED_EDGE('',*,*,#1433,.T.);
#1926=ORIENTED_EDGE('',*,*,#1470,.T.);
#1927=ORIENTED_EDGE('',*,*,#1476,.F.);
#1928=ORIENTED_EDGE('',*,*,#1479,.F.);
#1929=ORIENTED_EDGE('',*,*,#1477,.T.);
#1930=ORIENTED_EDGE('',*,*,#1468,.T.);
#1931=ORIENTED_EDGE('',*,*,#1451,.T.);
#1932=ORIENTED_EDGE('',*,*,#1448,.F.);
#1933=ORIENTED_EDGE('',*,*,#1474,.T.);
#1934=ORIENTED_EDGE('',*,*,#1465,.T.);
#1935=ORIENTED_EDGE('',*,*,#1480,.T.);
#1936=ORIENTED_EDGE('',*,*,#1456,.F.);
#1937=ORIENTED_EDGE('',*,*,#1460,.F.);
#1938=ORIENTED_EDGE('',*,*,#1473,.T.);
#1939=ORIENTED_EDGE('',*,*,#1471,.T.);
#1940=ORIENTED_EDGE('',*,*,#1453,.F.);
#1941=ORIENTED_EDGE('',*,*,#1480,.F.);
#1942=ORIENTED_EDGE('',*,*,#1464,.T.);
#1943=ORIENTED_EDGE('',*,*,#1438,.T.);
#1944=ORIENTED_EDGE('',*,*,#1463,.F.);
#1945=ORIENTED_EDGE('',*,*,#1461,.F.);
#1946=ORIENTED_EDGE('',*,*,#1478,.F.);
#1947=ORIENTED_EDGE('',*,*,#1479,.T.);
#1948=ORIENTED_EDGE('',*,*,#1475,.F.);
#1949=ORIENTED_EDGE('',*,*,#1445,.F.);
#1950=ORIENTED_EDGE('',*,*,#1481,.T.);
#1951=ORIENTED_EDGE('',*,*,#1482,.F.);
#1952=ORIENTED_EDGE('',*,*,#1483,.T.);
#1953=ORIENTED_EDGE('',*,*,#1484,.T.);
#1954=ORIENTED_EDGE('',*,*,#1485,.T.);
#1955=ORIENTED_EDGE('',*,*,#1486,.F.);
#1956=ORIENTED_EDGE('',*,*,#1481,.F.);
#1957=ORIENTED_EDGE('',*,*,#1487,.T.);
#1958=ORIENTED_EDGE('',*,*,#1488,.F.);
#1959=ORIENTED_EDGE('',*,*,#1489,.T.);
#1960=ORIENTED_EDGE('',*,*,#1490,.T.);
#1961=ORIENTED_EDGE('',*,*,#1491,.F.);
#1962=ORIENTED_EDGE('',*,*,#1492,.T.);
#1963=ORIENTED_EDGE('',*,*,#1493,.T.);
#1964=ORIENTED_EDGE('',*,*,#1494,.F.);
#1965=ORIENTED_EDGE('',*,*,#1495,.F.);
#1966=ORIENTED_EDGE('',*,*,#1496,.F.);
#1967=ORIENTED_EDGE('',*,*,#1497,.T.);
#1968=ORIENTED_EDGE('',*,*,#1498,.T.);
#1969=ORIENTED_EDGE('',*,*,#1492,.F.);
#1970=ORIENTED_EDGE('',*,*,#1499,.F.);
#1971=ORIENTED_EDGE('',*,*,#1500,.T.);
#1972=ORIENTED_EDGE('',*,*,#1501,.T.);
#1973=ORIENTED_EDGE('',*,*,#1497,.F.);
#1974=ORIENTED_EDGE('',*,*,#1502,.F.);
#1975=ORIENTED_EDGE('',*,*,#1503,.T.);
#1976=ORIENTED_EDGE('',*,*,#1504,.T.);
#1977=ORIENTED_EDGE('',*,*,#1500,.F.);
#1978=ORIENTED_EDGE('',*,*,#1505,.F.);
#1979=ORIENTED_EDGE('',*,*,#1506,.F.);
#1980=ORIENTED_EDGE('',*,*,#1507,.F.);
#1981=ORIENTED_EDGE('',*,*,#1508,.T.);
#1982=ORIENTED_EDGE('',*,*,#1509,.F.);
#1983=ORIENTED_EDGE('',*,*,#1510,.F.);
#1984=ORIENTED_EDGE('',*,*,#1490,.F.);
#1985=ORIENTED_EDGE('',*,*,#1511,.F.);
#1986=ORIENTED_EDGE('',*,*,#1509,.T.);
#1987=ORIENTED_EDGE('',*,*,#1512,.F.);
#1988=ORIENTED_EDGE('',*,*,#1495,.T.);
#1989=ORIENTED_EDGE('',*,*,#1513,.T.);
#1990=ORIENTED_EDGE('',*,*,#1514,.T.);
#1991=ORIENTED_EDGE('',*,*,#1513,.F.);
#1992=ORIENTED_EDGE('',*,*,#1494,.T.);
#1993=ORIENTED_EDGE('',*,*,#1515,.F.);
#1994=ORIENTED_EDGE('',*,*,#1516,.F.);
#1995=ORIENTED_EDGE('',*,*,#1483,.F.);
#1996=ORIENTED_EDGE('',*,*,#1517,.F.);
#1997=ORIENTED_EDGE('',*,*,#1507,.T.);
#1998=ORIENTED_EDGE('',*,*,#1518,.T.);
#1999=ORIENTED_EDGE('',*,*,#1519,.F.);
#2000=ORIENTED_EDGE('',*,*,#1520,.T.);
#2001=ORIENTED_EDGE('',*,*,#1521,.T.);
#2002=ORIENTED_EDGE('',*,*,#1520,.F.);
#2003=ORIENTED_EDGE('',*,*,#1506,.T.);
#2004=ORIENTED_EDGE('',*,*,#1522,.T.);
#2005=ORIENTED_EDGE('',*,*,#1503,.F.);
#2006=ORIENTED_EDGE('',*,*,#1523,.F.);
#2007=ORIENTED_EDGE('',*,*,#1518,.F.);
#2008=ORIENTED_EDGE('',*,*,#1524,.T.);
#2009=ORIENTED_EDGE('',*,*,#1525,.T.);
#2010=ORIENTED_EDGE('',*,*,#1526,.T.);
#2011=ORIENTED_EDGE('',*,*,#1527,.T.);
#2012=ORIENTED_EDGE('',*,*,#1528,.T.);
#2013=ORIENTED_EDGE('',*,*,#1529,.T.);
#2014=ORIENTED_EDGE('',*,*,#1514,.F.);
#2015=ORIENTED_EDGE('',*,*,#1530,.F.);
#2016=ORIENTED_EDGE('',*,*,#1531,.F.);
#2017=ORIENTED_EDGE('',*,*,#1532,.F.);
#2018=ORIENTED_EDGE('',*,*,#1533,.F.);
#2019=ORIENTED_EDGE('',*,*,#1534,.T.);
#2020=ORIENTED_EDGE('',*,*,#1535,.F.);
#2021=ORIENTED_EDGE('',*,*,#1536,.F.);
#2022=ORIENTED_EDGE('',*,*,#1537,.F.);
#2023=ORIENTED_EDGE('',*,*,#1538,.F.);
#2024=ORIENTED_EDGE('',*,*,#1539,.F.);
#2025=ORIENTED_EDGE('',*,*,#1531,.T.);
#2026=ORIENTED_EDGE('',*,*,#1540,.F.);
#2027=ORIENTED_EDGE('',*,*,#1541,.F.);
#2028=ORIENTED_EDGE('',*,*,#1542,.F.);
#2029=ORIENTED_EDGE('',*,*,#1543,.F.);
#2030=ORIENTED_EDGE('',*,*,#1544,.F.);
#2031=ORIENTED_EDGE('',*,*,#1537,.T.);
#2032=ORIENTED_EDGE('',*,*,#1545,.F.);
#2033=ORIENTED_EDGE('',*,*,#1546,.F.);
#2034=ORIENTED_EDGE('',*,*,#1547,.F.);
#2035=ORIENTED_EDGE('',*,*,#1548,.F.);
#2036=ORIENTED_EDGE('',*,*,#1549,.F.);
#2037=ORIENTED_EDGE('',*,*,#1542,.T.);
#2038=ORIENTED_EDGE('',*,*,#1550,.F.);
#2039=ORIENTED_EDGE('',*,*,#1551,.F.);
#2040=ORIENTED_EDGE('',*,*,#1552,.F.);
#2041=ORIENTED_EDGE('',*,*,#1553,.F.);
#2042=ORIENTED_EDGE('',*,*,#1554,.F.);
#2043=ORIENTED_EDGE('',*,*,#1547,.T.);
#2044=ORIENTED_EDGE('',*,*,#1555,.F.);
#2045=ORIENTED_EDGE('',*,*,#1556,.F.);
#2046=ORIENTED_EDGE('',*,*,#1534,.F.);
#2047=ORIENTED_EDGE('',*,*,#1557,.F.);
#2048=ORIENTED_EDGE('',*,*,#1558,.F.);
#2049=ORIENTED_EDGE('',*,*,#1552,.T.);
#2050=ORIENTED_EDGE('',*,*,#1559,.F.);
#2051=ORIENTED_EDGE('',*,*,#1533,.T.);
#2052=ORIENTED_EDGE('',*,*,#1524,.F.);
#2053=ORIENTED_EDGE('',*,*,#1557,.T.);
#2054=ORIENTED_EDGE('',*,*,#1553,.T.);
#2055=ORIENTED_EDGE('',*,*,#1558,.T.);
#2056=ORIENTED_EDGE('',*,*,#1529,.F.);
#2057=ORIENTED_EDGE('',*,*,#1548,.T.);
#2058=ORIENTED_EDGE('',*,*,#1554,.T.);
#2059=ORIENTED_EDGE('',*,*,#1528,.F.);
#2060=ORIENTED_EDGE('',*,*,#1543,.T.);
#2061=ORIENTED_EDGE('',*,*,#1549,.T.);
#2062=ORIENTED_EDGE('',*,*,#1527,.F.);
#2063=ORIENTED_EDGE('',*,*,#1538,.T.);
#2064=ORIENTED_EDGE('',*,*,#1544,.T.);
#2065=ORIENTED_EDGE('',*,*,#1526,.F.);
#2066=ORIENTED_EDGE('',*,*,#1532,.T.);
#2067=ORIENTED_EDGE('',*,*,#1539,.T.);
#2068=ORIENTED_EDGE('',*,*,#1525,.F.);
#2069=ORIENTED_EDGE('',*,*,#1535,.T.);
#2070=ORIENTED_EDGE('',*,*,#1556,.T.);
#2071=ORIENTED_EDGE('',*,*,#1560,.T.);
#2072=ORIENTED_EDGE('',*,*,#1551,.T.);
#2073=ORIENTED_EDGE('',*,*,#1561,.T.);
#2074=ORIENTED_EDGE('',*,*,#1559,.T.);
#2075=ORIENTED_EDGE('',*,*,#1546,.T.);
#2076=ORIENTED_EDGE('',*,*,#1562,.T.);
#2077=ORIENTED_EDGE('',*,*,#1555,.T.);
#2078=ORIENTED_EDGE('',*,*,#1541,.T.);
#2079=ORIENTED_EDGE('',*,*,#1563,.F.);
#2080=ORIENTED_EDGE('',*,*,#1550,.T.);
#2081=ORIENTED_EDGE('',*,*,#1545,.T.);
#2082=ORIENTED_EDGE('',*,*,#1536,.T.);
#2083=ORIENTED_EDGE('',*,*,#1564,.T.);
#2084=ORIENTED_EDGE('',*,*,#1540,.T.);
#2085=ORIENTED_EDGE('',*,*,#1530,.T.);
#2086=ORIENTED_EDGE('',*,*,#1565,.T.);
#2087=ORIENTED_EDGE('',*,*,#1565,.F.);
#2088=ORIENTED_EDGE('',*,*,#1560,.F.);
#2089=ORIENTED_EDGE('',*,*,#1561,.F.);
#2090=ORIENTED_EDGE('',*,*,#1562,.F.);
#2091=ORIENTED_EDGE('',*,*,#1563,.T.);
#2092=ORIENTED_EDGE('',*,*,#1564,.F.);
#2093=ORIENTED_EDGE('',*,*,#1521,.F.);
#2094=ORIENTED_EDGE('',*,*,#1482,.T.);
#2095=ORIENTED_EDGE('',*,*,#1486,.T.);
#2096=ORIENTED_EDGE('',*,*,#1566,.T.);
#2097=ORIENTED_EDGE('',*,*,#1491,.T.);
#2098=ORIENTED_EDGE('',*,*,#1510,.T.);
#2099=ORIENTED_EDGE('',*,*,#1515,.T.);
#2100=ORIENTED_EDGE('',*,*,#1493,.F.);
#2101=ORIENTED_EDGE('',*,*,#1498,.F.);
#2102=ORIENTED_EDGE('',*,*,#1501,.F.);
#2103=ORIENTED_EDGE('',*,*,#1504,.F.);
#2104=ORIENTED_EDGE('',*,*,#1522,.F.);
#2105=ORIENTED_EDGE('',*,*,#1508,.F.);
#2106=ORIENTED_EDGE('',*,*,#1517,.T.);
#2107=ORIENTED_EDGE('',*,*,#1488,.T.);
#2108=ORIENTED_EDGE('',*,*,#1566,.F.);
#2109=ORIENTED_EDGE('',*,*,#1485,.F.);
#2110=ORIENTED_EDGE('',*,*,#1567,.T.);
#2111=ORIENTED_EDGE('',*,*,#1523,.T.);
#2112=ORIENTED_EDGE('',*,*,#1505,.T.);
#2113=ORIENTED_EDGE('',*,*,#1502,.T.);
#2114=ORIENTED_EDGE('',*,*,#1499,.T.);
#2115=ORIENTED_EDGE('',*,*,#1496,.T.);
#2116=ORIENTED_EDGE('',*,*,#1512,.T.);
#2117=ORIENTED_EDGE('',*,*,#1511,.T.);
#2118=ORIENTED_EDGE('',*,*,#1489,.F.);
#2119=ORIENTED_EDGE('',*,*,#1567,.F.);
#2120=ORIENTED_EDGE('',*,*,#1487,.F.);
#2121=ORIENTED_EDGE('',*,*,#1484,.F.);
#2122=ORIENTED_EDGE('',*,*,#1516,.T.);
#2123=ORIENTED_EDGE('',*,*,#1519,.T.);
#2124=ORIENTED_EDGE('',*,*,#1568,.F.);
#2125=ORIENTED_EDGE('',*,*,#1569,.F.);
#2126=ORIENTED_EDGE('',*,*,#1570,.F.);
#2127=ORIENTED_EDGE('',*,*,#1571,.T.);
#2128=ORIENTED_EDGE('',*,*,#1572,.T.);
#2129=ORIENTED_EDGE('',*,*,#1569,.T.);
#2130=ORIENTED_EDGE('',*,*,#1573,.T.);
#2131=ORIENTED_EDGE('',*,*,#1574,.F.);
#2132=ORIENTED_EDGE('',*,*,#1575,.F.);
#2133=ORIENTED_EDGE('',*,*,#1576,.F.);
#2134=ORIENTED_EDGE('',*,*,#1577,.T.);
#2135=ORIENTED_EDGE('',*,*,#1578,.T.);
#2136=ORIENTED_EDGE('',*,*,#1579,.T.);
#2137=ORIENTED_EDGE('',*,*,#1580,.T.);
#2138=ORIENTED_EDGE('',*,*,#1581,.T.);
#2139=ORIENTED_EDGE('',*,*,#1582,.T.);
#2140=ORIENTED_EDGE('',*,*,#1583,.T.);
#2141=ORIENTED_EDGE('',*,*,#1579,.F.);
#2142=ORIENTED_EDGE('',*,*,#1584,.T.);
#2143=ORIENTED_EDGE('',*,*,#1585,.T.);
#2144=ORIENTED_EDGE('',*,*,#1586,.T.);
#2145=ORIENTED_EDGE('',*,*,#1582,.F.);
#2146=ORIENTED_EDGE('',*,*,#1587,.T.);
#2147=ORIENTED_EDGE('',*,*,#1575,.T.);
#2148=ORIENTED_EDGE('',*,*,#1588,.T.);
#2149=ORIENTED_EDGE('',*,*,#1585,.F.);
#2150=ORIENTED_EDGE('',*,*,#1589,.T.);
#2151=ORIENTED_EDGE('',*,*,#1570,.T.);
#2152=ORIENTED_EDGE('',*,*,#1590,.T.);
#2153=ORIENTED_EDGE('',*,*,#1576,.T.);
#2154=ORIENTED_EDGE('',*,*,#1591,.T.);
#2155=ORIENTED_EDGE('',*,*,#1592,.T.);
#2156=ORIENTED_EDGE('',*,*,#1593,.T.);
#2157=ORIENTED_EDGE('',*,*,#1574,.T.);
#2158=ORIENTED_EDGE('',*,*,#1594,.T.);
#2159=ORIENTED_EDGE('',*,*,#1595,.T.);
#2160=ORIENTED_EDGE('',*,*,#1596,.T.);
#2161=ORIENTED_EDGE('',*,*,#1568,.T.);
#2162=ORIENTED_EDGE('',*,*,#1597,.T.);
#2163=ORIENTED_EDGE('',*,*,#1598,.T.);
#2164=ORIENTED_EDGE('',*,*,#1599,.T.);
#2165=ORIENTED_EDGE('',*,*,#1595,.F.);
#2166=ORIENTED_EDGE('',*,*,#1600,.T.);
#2167=ORIENTED_EDGE('',*,*,#1598,.F.);
#2168=ORIENTED_EDGE('',*,*,#1601,.T.);
#2169=ORIENTED_EDGE('',*,*,#1602,.T.);
#2170=ORIENTED_EDGE('',*,*,#1603,.T.);
#2171=ORIENTED_EDGE('',*,*,#1604,.T.);
#2172=ORIENTED_EDGE('',*,*,#1605,.T.);
#2173=ORIENTED_EDGE('',*,*,#1602,.F.);
#2174=ORIENTED_EDGE('',*,*,#1606,.T.);
#2175=ORIENTED_EDGE('',*,*,#1607,.T.);
#2176=ORIENTED_EDGE('',*,*,#1586,.F.);
#2177=ORIENTED_EDGE('',*,*,#1588,.F.);
#2178=ORIENTED_EDGE('',*,*,#1593,.F.);
#2179=ORIENTED_EDGE('',*,*,#1608,.T.);
#2180=ORIENTED_EDGE('',*,*,#1609,.T.);
#2181=ORIENTED_EDGE('',*,*,#1610,.F.);
#2182=ORIENTED_EDGE('',*,*,#1611,.T.);
#2183=ORIENTED_EDGE('',*,*,#1612,.T.);
#2184=ORIENTED_EDGE('',*,*,#1613,.T.);
#2185=ORIENTED_EDGE('',*,*,#1614,.T.);
#2186=ORIENTED_EDGE('',*,*,#1615,.T.);
#2187=ORIENTED_EDGE('',*,*,#1616,.F.);
#2188=ORIENTED_EDGE('',*,*,#1617,.T.);
#2189=ORIENTED_EDGE('',*,*,#1618,.T.);
#2190=ORIENTED_EDGE('',*,*,#1619,.F.);
#2191=ORIENTED_EDGE('',*,*,#1620,.F.);
#2192=ORIENTED_EDGE('',*,*,#1621,.F.);
#2193=ORIENTED_EDGE('',*,*,#1622,.F.);
#2194=ORIENTED_EDGE('',*,*,#1623,.T.);
#2195=ORIENTED_EDGE('',*,*,#1624,.T.);
#2196=ORIENTED_EDGE('',*,*,#1625,.T.);
#2197=ORIENTED_EDGE('',*,*,#1626,.T.);
#2198=ORIENTED_EDGE('',*,*,#1594,.F.);
#2199=ORIENTED_EDGE('',*,*,#1590,.F.);
#2200=ORIENTED_EDGE('',*,*,#1572,.F.);
#2201=ORIENTED_EDGE('',*,*,#1627,.T.);
#2202=ORIENTED_EDGE('',*,*,#1592,.F.);
#2203=ORIENTED_EDGE('',*,*,#1627,.F.);
#2204=ORIENTED_EDGE('',*,*,#1571,.F.);
#2205=ORIENTED_EDGE('',*,*,#1628,.F.);
#2206=ORIENTED_EDGE('',*,*,#1629,.T.);
#2207=ORIENTED_EDGE('',*,*,#1608,.F.);
#2208=ORIENTED_EDGE('',*,*,#1573,.F.);
#2209=ORIENTED_EDGE('',*,*,#1596,.F.);
#2210=ORIENTED_EDGE('',*,*,#1599,.F.);
#2211=ORIENTED_EDGE('',*,*,#1630,.F.);
#2212=ORIENTED_EDGE('',*,*,#1631,.F.);
#2213=ORIENTED_EDGE('',*,*,#1632,.F.);
#2214=ORIENTED_EDGE('',*,*,#1633,.F.);
#2215=ORIENTED_EDGE('',*,*,#1634,.T.);
#2216=ORIENTED_EDGE('',*,*,#1635,.T.);
#2217=ORIENTED_EDGE('',*,*,#1636,.F.);
#2218=ORIENTED_EDGE('',*,*,#1637,.T.);
#2219=ORIENTED_EDGE('',*,*,#1638,.T.);
#2220=ORIENTED_EDGE('',*,*,#1639,.T.);
#2221=ORIENTED_EDGE('',*,*,#1640,.T.);
#2222=ORIENTED_EDGE('',*,*,#1641,.T.);
#2223=ORIENTED_EDGE('',*,*,#1642,.F.);
#2224=ORIENTED_EDGE('',*,*,#1643,.T.);
#2225=ORIENTED_EDGE('',*,*,#1628,.T.);
#2226=ORIENTED_EDGE('',*,*,#1603,.F.);
#2227=ORIENTED_EDGE('',*,*,#1605,.F.);
#2228=ORIENTED_EDGE('',*,*,#1644,.F.);
#2229=ORIENTED_EDGE('',*,*,#1645,.F.);
#2230=ORIENTED_EDGE('',*,*,#1646,.F.);
#2231=ORIENTED_EDGE('',*,*,#1630,.T.);
#2232=ORIENTED_EDGE('',*,*,#1604,.F.);
#2233=ORIENTED_EDGE('',*,*,#1647,.T.);
#2234=ORIENTED_EDGE('',*,*,#1648,.T.);
#2235=ORIENTED_EDGE('',*,*,#1649,.T.);
#2236=ORIENTED_EDGE('',*,*,#1650,.T.);
#2237=ORIENTED_EDGE('',*,*,#1651,.T.);
#2238=ORIENTED_EDGE('',*,*,#1652,.F.);
#2239=ORIENTED_EDGE('',*,*,#1644,.T.);
#2240=ORIENTED_EDGE('',*,*,#1653,.F.);
#2241=ORIENTED_EDGE('',*,*,#1654,.F.);
#2242=ORIENTED_EDGE('',*,*,#1655,.F.);
#2243=ORIENTED_EDGE('',*,*,#1656,.T.);
#2244=ORIENTED_EDGE('',*,*,#1657,.T.);
#2245=ORIENTED_EDGE('',*,*,#1658,.T.);
#2246=ORIENTED_EDGE('',*,*,#1645,.T.);
#2247=ORIENTED_EDGE('',*,*,#1652,.T.);
#2248=ORIENTED_EDGE('',*,*,#1659,.T.);
#2249=ORIENTED_EDGE('',*,*,#1646,.T.);
#2250=ORIENTED_EDGE('',*,*,#1658,.F.);
#2251=ORIENTED_EDGE('',*,*,#1660,.T.);
#2252=ORIENTED_EDGE('',*,*,#1661,.T.);
#2253=ORIENTED_EDGE('',*,*,#1631,.T.);
#2254=ORIENTED_EDGE('',*,*,#1659,.F.);
#2255=ORIENTED_EDGE('',*,*,#1662,.T.);
#2256=ORIENTED_EDGE('',*,*,#1654,.T.);
#2257=ORIENTED_EDGE('',*,*,#1632,.T.);
#2258=ORIENTED_EDGE('',*,*,#1661,.F.);
#2259=ORIENTED_EDGE('',*,*,#1663,.T.);
#2260=ORIENTED_EDGE('',*,*,#1664,.F.);
#2261=ORIENTED_EDGE('',*,*,#1665,.F.);
#2262=ORIENTED_EDGE('',*,*,#1666,.F.);
#2263=ORIENTED_EDGE('',*,*,#1667,.T.);
#2264=ORIENTED_EDGE('',*,*,#1668,.T.);
#2265=ORIENTED_EDGE('',*,*,#1665,.T.);
#2266=ORIENTED_EDGE('',*,*,#1619,.T.);
#2267=ORIENTED_EDGE('',*,*,#1666,.T.);
#2268=ORIENTED_EDGE('',*,*,#1669,.T.);
#2269=ORIENTED_EDGE('',*,*,#1655,.T.);
#2270=ORIENTED_EDGE('',*,*,#1670,.T.);
#2271=ORIENTED_EDGE('',*,*,#1671,.T.);
#2272=ORIENTED_EDGE('',*,*,#1620,.T.);
#2273=ORIENTED_EDGE('',*,*,#1664,.T.);
#2274=ORIENTED_EDGE('',*,*,#1672,.T.);
#2275=ORIENTED_EDGE('',*,*,#1673,.T.);
#2276=ORIENTED_EDGE('',*,*,#1621,.T.);
#2277=ORIENTED_EDGE('',*,*,#1671,.F.);
#2278=ORIENTED_EDGE('',*,*,#1674,.T.);
#2279=ORIENTED_EDGE('',*,*,#1673,.F.);
#2280=ORIENTED_EDGE('',*,*,#1675,.T.);
#2281=ORIENTED_EDGE('',*,*,#1676,.T.);
#2282=ORIENTED_EDGE('',*,*,#1677,.T.);
#2283=ORIENTED_EDGE('',*,*,#1678,.T.);
#2284=ORIENTED_EDGE('',*,*,#1679,.T.);
#2285=ORIENTED_EDGE('',*,*,#1676,.F.);
#2286=ORIENTED_EDGE('',*,*,#1680,.T.);
#2287=ORIENTED_EDGE('',*,*,#1681,.T.);
#2288=ORIENTED_EDGE('',*,*,#1682,.T.);
#2289=ORIENTED_EDGE('',*,*,#1633,.T.);
#2290=ORIENTED_EDGE('',*,*,#1653,.T.);
#2291=ORIENTED_EDGE('',*,*,#1683,.T.);
#2292=ORIENTED_EDGE('',*,*,#1683,.F.);
#2293=ORIENTED_EDGE('',*,*,#1669,.F.);
#2294=ORIENTED_EDGE('',*,*,#1668,.F.);
#2295=ORIENTED_EDGE('',*,*,#1684,.T.);
#2296=ORIENTED_EDGE('',*,*,#1682,.F.);
#2297=ORIENTED_EDGE('',*,*,#1684,.F.);
#2298=ORIENTED_EDGE('',*,*,#1667,.F.);
#2299=ORIENTED_EDGE('',*,*,#1618,.F.);
#2300=ORIENTED_EDGE('',*,*,#1685,.T.);
#2301=ORIENTED_EDGE('',*,*,#1634,.F.);
#2302=ORIENTED_EDGE('',*,*,#1583,.F.);
#2303=ORIENTED_EDGE('',*,*,#1622,.T.);
#2304=ORIENTED_EDGE('',*,*,#1677,.F.);
#2305=ORIENTED_EDGE('',*,*,#1679,.F.);
#2306=ORIENTED_EDGE('',*,*,#1686,.F.);
#2307=ORIENTED_EDGE('',*,*,#1580,.F.);
#2308=ORIENTED_EDGE('',*,*,#1581,.F.);
#2309=ORIENTED_EDGE('',*,*,#1686,.T.);
#2310=ORIENTED_EDGE('',*,*,#1678,.F.);
#2311=ORIENTED_EDGE('',*,*,#1687,.T.);
#2312=ORIENTED_EDGE('',*,*,#1688,.F.);
#2313=ORIENTED_EDGE('',*,*,#1689,.T.);
#2314=ORIENTED_EDGE('',*,*,#1690,.T.);
#2315=ORIENTED_EDGE('',*,*,#1691,.T.);
#2316=ORIENTED_EDGE('',*,*,#1577,.F.);
#2317=ORIENTED_EDGE('',*,*,#1691,.F.);
#2318=ORIENTED_EDGE('',*,*,#1692,.F.);
#2319=ORIENTED_EDGE('',*,*,#1693,.F.);
#2320=ORIENTED_EDGE('',*,*,#1694,.F.);
#2321=ORIENTED_EDGE('',*,*,#1647,.F.);
#2322=ORIENTED_EDGE('',*,*,#1607,.F.);
#2323=ORIENTED_EDGE('',*,*,#1695,.T.);
#2324=ORIENTED_EDGE('',*,*,#1696,.F.);
#2325=ORIENTED_EDGE('',*,*,#1697,.F.);
#2326=ORIENTED_EDGE('',*,*,#1698,.F.);
#2327=ORIENTED_EDGE('',*,*,#1699,.F.);
#2328=ORIENTED_EDGE('',*,*,#1700,.F.);
#2329=ORIENTED_EDGE('',*,*,#1701,.F.);
#2330=ORIENTED_EDGE('',*,*,#1656,.F.);
#2331=ORIENTED_EDGE('',*,*,#1651,.F.);
#2332=ORIENTED_EDGE('',*,*,#1702,.F.);
#2333=ORIENTED_EDGE('',*,*,#1703,.F.);
#2334=ORIENTED_EDGE('',*,*,#1704,.F.);
#2335=ORIENTED_EDGE('',*,*,#1705,.F.);
#2336=ORIENTED_EDGE('',*,*,#1706,.F.);
#2337=ORIENTED_EDGE('',*,*,#1687,.F.);
#2338=ORIENTED_EDGE('',*,*,#1681,.F.);
#2339=ORIENTED_EDGE('',*,*,#1707,.T.);
#2340=ORIENTED_EDGE('',*,*,#1708,.F.);
#2341=ORIENTED_EDGE('',*,*,#1709,.F.);
#2342=ORIENTED_EDGE('',*,*,#1710,.F.);
#2343=ORIENTED_EDGE('',*,*,#1711,.F.);
#2344=ORIENTED_EDGE('',*,*,#1712,.F.);
#2345=ORIENTED_EDGE('',*,*,#1713,.F.);
#2346=ORIENTED_EDGE('',*,*,#1657,.F.);
#2347=ORIENTED_EDGE('',*,*,#1707,.F.);
#2348=ORIENTED_EDGE('',*,*,#1680,.F.);
#2349=ORIENTED_EDGE('',*,*,#1714,.T.);
#2350=ORIENTED_EDGE('',*,*,#1578,.F.);
#2351=ORIENTED_EDGE('',*,*,#1695,.F.);
#2352=ORIENTED_EDGE('',*,*,#1606,.F.);
#2353=ORIENTED_EDGE('',*,*,#1715,.T.);
#2354=ORIENTED_EDGE('',*,*,#1584,.F.);
#2355=ORIENTED_EDGE('',*,*,#1715,.F.);
#2356=ORIENTED_EDGE('',*,*,#1601,.F.);
#2357=ORIENTED_EDGE('',*,*,#1600,.F.);
#2358=ORIENTED_EDGE('',*,*,#1716,.T.);
#2359=ORIENTED_EDGE('',*,*,#1587,.F.);
#2360=ORIENTED_EDGE('',*,*,#1589,.F.);
#2361=ORIENTED_EDGE('',*,*,#1716,.F.);
#2362=ORIENTED_EDGE('',*,*,#1597,.F.);
#2363=ORIENTED_EDGE('',*,*,#1591,.F.);
#2364=ORIENTED_EDGE('',*,*,#1660,.F.);
#2365=ORIENTED_EDGE('',*,*,#1714,.F.);
#2366=ORIENTED_EDGE('',*,*,#1675,.F.);
#2367=ORIENTED_EDGE('',*,*,#1674,.F.);
#2368=ORIENTED_EDGE('',*,*,#1717,.T.);
#2369=ORIENTED_EDGE('',*,*,#1662,.F.);
#2370=ORIENTED_EDGE('',*,*,#1663,.F.);
#2371=ORIENTED_EDGE('',*,*,#1717,.F.);
#2372=ORIENTED_EDGE('',*,*,#1672,.F.);
#2373=ORIENTED_EDGE('',*,*,#1670,.F.);
#2374=ORIENTED_EDGE('',*,*,#1650,.F.);
#2375=ORIENTED_EDGE('',*,*,#1718,.T.);
#2376=ORIENTED_EDGE('',*,*,#1719,.T.);
#2377=ORIENTED_EDGE('',*,*,#1702,.T.);
#2378=ORIENTED_EDGE('',*,*,#1719,.F.);
#2379=ORIENTED_EDGE('',*,*,#1720,.T.);
#2380=ORIENTED_EDGE('',*,*,#1721,.T.);
#2381=ORIENTED_EDGE('',*,*,#1703,.T.);
#2382=ORIENTED_EDGE('',*,*,#1721,.F.);
#2383=ORIENTED_EDGE('',*,*,#1722,.T.);
#2384=ORIENTED_EDGE('',*,*,#1723,.T.);
#2385=ORIENTED_EDGE('',*,*,#1704,.T.);
#2386=ORIENTED_EDGE('',*,*,#1723,.F.);
#2387=ORIENTED_EDGE('',*,*,#1724,.T.);
#2388=ORIENTED_EDGE('',*,*,#1725,.T.);
#2389=ORIENTED_EDGE('',*,*,#1705,.T.);
#2390=ORIENTED_EDGE('',*,*,#1725,.F.);
#2391=ORIENTED_EDGE('',*,*,#1726,.T.);
#2392=ORIENTED_EDGE('',*,*,#1688,.T.);
#2393=ORIENTED_EDGE('',*,*,#1706,.T.);
#2394=ORIENTED_EDGE('',*,*,#1690,.F.);
#2395=ORIENTED_EDGE('',*,*,#1727,.T.);
#2396=ORIENTED_EDGE('',*,*,#1728,.T.);
#2397=ORIENTED_EDGE('',*,*,#1692,.T.);
#2398=ORIENTED_EDGE('',*,*,#1729,.T.);
#2399=ORIENTED_EDGE('',*,*,#1693,.T.);
#2400=ORIENTED_EDGE('',*,*,#1728,.F.);
#2401=ORIENTED_EDGE('',*,*,#1730,.T.);
#2402=ORIENTED_EDGE('',*,*,#1729,.F.);
#2403=ORIENTED_EDGE('',*,*,#1731,.T.);
#2404=ORIENTED_EDGE('',*,*,#1648,.F.);
#2405=ORIENTED_EDGE('',*,*,#1694,.T.);
#2406=ORIENTED_EDGE('',*,*,#1724,.F.);
#2407=ORIENTED_EDGE('',*,*,#1732,.F.);
#2408=ORIENTED_EDGE('',*,*,#1733,.F.);
#2409=ORIENTED_EDGE('',*,*,#1734,.F.);
#2410=ORIENTED_EDGE('',*,*,#1722,.F.);
#2411=ORIENTED_EDGE('',*,*,#1735,.T.);
#2412=ORIENTED_EDGE('',*,*,#1736,.F.);
#2413=ORIENTED_EDGE('',*,*,#1732,.T.);
#2414=ORIENTED_EDGE('',*,*,#1720,.F.);
#2415=ORIENTED_EDGE('',*,*,#1737,.F.);
#2416=ORIENTED_EDGE('',*,*,#1738,.F.);
#2417=ORIENTED_EDGE('',*,*,#1735,.F.);
#2418=ORIENTED_EDGE('',*,*,#1718,.F.);
#2419=ORIENTED_EDGE('',*,*,#1739,.T.);
#2420=ORIENTED_EDGE('',*,*,#1740,.F.);
#2421=ORIENTED_EDGE('',*,*,#1737,.T.);
#2422=ORIENTED_EDGE('',*,*,#1649,.F.);
#2423=ORIENTED_EDGE('',*,*,#1741,.F.);
#2424=ORIENTED_EDGE('',*,*,#1742,.F.);
#2425=ORIENTED_EDGE('',*,*,#1739,.F.);
#2426=ORIENTED_EDGE('',*,*,#1743,.T.);
#2427=ORIENTED_EDGE('',*,*,#1744,.T.);
#2428=ORIENTED_EDGE('',*,*,#1745,.T.);
#2429=ORIENTED_EDGE('',*,*,#1746,.T.);
#2430=ORIENTED_EDGE('',*,*,#1731,.F.);
#2431=ORIENTED_EDGE('',*,*,#1747,.T.);
#2432=ORIENTED_EDGE('',*,*,#1746,.F.);
#2433=ORIENTED_EDGE('',*,*,#1741,.T.);
#2434=ORIENTED_EDGE('',*,*,#1745,.F.);
#2435=ORIENTED_EDGE('',*,*,#1748,.T.);
#2436=ORIENTED_EDGE('',*,*,#1749,.F.);
#2437=ORIENTED_EDGE('',*,*,#1742,.T.);
#2438=ORIENTED_EDGE('',*,*,#1744,.F.);
#2439=ORIENTED_EDGE('',*,*,#1750,.F.);
#2440=ORIENTED_EDGE('',*,*,#1751,.F.);
#2441=ORIENTED_EDGE('',*,*,#1752,.F.);
#2442=ORIENTED_EDGE('',*,*,#1753,.F.);
#2443=ORIENTED_EDGE('',*,*,#1754,.F.);
#2444=ORIENTED_EDGE('',*,*,#1755,.F.);
#2445=ORIENTED_EDGE('',*,*,#1756,.F.);
#2446=ORIENTED_EDGE('',*,*,#1757,.F.);
#2447=ORIENTED_EDGE('',*,*,#1748,.F.);
#2448=ORIENTED_EDGE('',*,*,#1758,.T.);
#2449=ORIENTED_EDGE('',*,*,#1759,.T.);
#2450=ORIENTED_EDGE('',*,*,#1743,.F.);
#2451=ORIENTED_EDGE('',*,*,#1760,.T.);
#2452=ORIENTED_EDGE('',*,*,#1761,.F.);
#2453=ORIENTED_EDGE('',*,*,#1750,.T.);
#2454=ORIENTED_EDGE('',*,*,#1762,.T.);
#2455=ORIENTED_EDGE('',*,*,#1751,.T.);
#2456=ORIENTED_EDGE('',*,*,#1761,.T.);
#2457=ORIENTED_EDGE('',*,*,#1763,.T.);
#2458=ORIENTED_EDGE('',*,*,#1727,.F.);
#2459=ORIENTED_EDGE('',*,*,#1764,.T.);
#2460=ORIENTED_EDGE('',*,*,#1763,.F.);
#2461=ORIENTED_EDGE('',*,*,#1765,.T.);
#2462=ORIENTED_EDGE('',*,*,#1730,.F.);
#2463=ORIENTED_EDGE('',*,*,#1765,.F.);
#2464=ORIENTED_EDGE('',*,*,#1760,.F.);
#2465=ORIENTED_EDGE('',*,*,#1747,.F.);
#2466=ORIENTED_EDGE('',*,*,#1749,.T.);
#2467=ORIENTED_EDGE('',*,*,#1757,.T.);
#2468=ORIENTED_EDGE('',*,*,#1766,.T.);
#2469=ORIENTED_EDGE('',*,*,#1740,.T.);
#2470=ORIENTED_EDGE('',*,*,#1766,.F.);
#2471=ORIENTED_EDGE('',*,*,#1756,.T.);
#2472=ORIENTED_EDGE('',*,*,#1767,.F.);
#2473=ORIENTED_EDGE('',*,*,#1738,.T.);
#2474=ORIENTED_EDGE('',*,*,#1767,.T.);
#2475=ORIENTED_EDGE('',*,*,#1755,.T.);
#2476=ORIENTED_EDGE('',*,*,#1768,.T.);
#2477=ORIENTED_EDGE('',*,*,#1736,.T.);
#2478=ORIENTED_EDGE('',*,*,#1768,.F.);
#2479=ORIENTED_EDGE('',*,*,#1754,.T.);
#2480=ORIENTED_EDGE('',*,*,#1769,.F.);
#2481=ORIENTED_EDGE('',*,*,#1733,.T.);
#2482=ORIENTED_EDGE('',*,*,#1769,.T.);
#2483=ORIENTED_EDGE('',*,*,#1753,.T.);
#2484=ORIENTED_EDGE('',*,*,#1770,.T.);
#2485=ORIENTED_EDGE('',*,*,#1771,.T.);
#2486=ORIENTED_EDGE('',*,*,#1726,.F.);
#2487=ORIENTED_EDGE('',*,*,#1734,.T.);
#2488=ORIENTED_EDGE('',*,*,#1771,.F.);
#2489=ORIENTED_EDGE('',*,*,#1772,.T.);
#2490=ORIENTED_EDGE('',*,*,#1762,.F.);
#2491=ORIENTED_EDGE('',*,*,#1773,.T.);
#2492=ORIENTED_EDGE('',*,*,#1770,.F.);
#2493=ORIENTED_EDGE('',*,*,#1752,.T.);
#2494=ORIENTED_EDGE('',*,*,#1689,.F.);
#2495=ORIENTED_EDGE('',*,*,#1772,.F.);
#2496=ORIENTED_EDGE('',*,*,#1773,.F.);
#2497=ORIENTED_EDGE('',*,*,#1764,.F.);
#2498=ORIENTED_EDGE('',*,*,#1708,.T.);
#2499=ORIENTED_EDGE('',*,*,#1774,.T.);
#2500=ORIENTED_EDGE('',*,*,#1775,.T.);
#2501=ORIENTED_EDGE('',*,*,#1776,.F.);
#2502=ORIENTED_EDGE('',*,*,#1713,.T.);
#2503=ORIENTED_EDGE('',*,*,#1777,.T.);
#2504=ORIENTED_EDGE('',*,*,#1778,.T.);
#2505=ORIENTED_EDGE('',*,*,#1774,.F.);
#2506=ORIENTED_EDGE('',*,*,#1779,.T.);
#2507=ORIENTED_EDGE('',*,*,#1780,.T.);
#2508=ORIENTED_EDGE('',*,*,#1709,.T.);
#2509=ORIENTED_EDGE('',*,*,#1776,.T.);
#2510=ORIENTED_EDGE('',*,*,#1712,.T.);
#2511=ORIENTED_EDGE('',*,*,#1781,.T.);
#2512=ORIENTED_EDGE('',*,*,#1782,.T.);
#2513=ORIENTED_EDGE('',*,*,#1777,.F.);
#2514=ORIENTED_EDGE('',*,*,#1711,.T.);
#2515=ORIENTED_EDGE('',*,*,#1783,.T.);
#2516=ORIENTED_EDGE('',*,*,#1784,.T.);
#2517=ORIENTED_EDGE('',*,*,#1781,.F.);
#2518=ORIENTED_EDGE('',*,*,#1785,.T.);
#2519=ORIENTED_EDGE('',*,*,#1783,.F.);
#2520=ORIENTED_EDGE('',*,*,#1710,.T.);
#2521=ORIENTED_EDGE('',*,*,#1780,.F.);
#2522=ORIENTED_EDGE('',*,*,#1785,.F.);
#2523=ORIENTED_EDGE('',*,*,#1786,.T.);
#2524=ORIENTED_EDGE('',*,*,#1787,.T.);
#2525=ORIENTED_EDGE('',*,*,#1788,.F.);
#2526=ORIENTED_EDGE('',*,*,#1779,.F.);
#2527=ORIENTED_EDGE('',*,*,#1789,.T.);
#2528=ORIENTED_EDGE('',*,*,#1790,.T.);
#2529=ORIENTED_EDGE('',*,*,#1786,.F.);
#2530=ORIENTED_EDGE('',*,*,#1775,.F.);
#2531=ORIENTED_EDGE('',*,*,#1791,.T.);
#2532=ORIENTED_EDGE('',*,*,#1792,.T.);
#2533=ORIENTED_EDGE('',*,*,#1789,.F.);
#2534=ORIENTED_EDGE('',*,*,#1696,.T.);
#2535=ORIENTED_EDGE('',*,*,#1793,.T.);
#2536=ORIENTED_EDGE('',*,*,#1794,.T.);
#2537=ORIENTED_EDGE('',*,*,#1795,.F.);
#2538=ORIENTED_EDGE('',*,*,#1701,.T.);
#2539=ORIENTED_EDGE('',*,*,#1796,.T.);
#2540=ORIENTED_EDGE('',*,*,#1797,.T.);
#2541=ORIENTED_EDGE('',*,*,#1793,.F.);
#2542=ORIENTED_EDGE('',*,*,#1798,.T.);
#2543=ORIENTED_EDGE('',*,*,#1799,.T.);
#2544=ORIENTED_EDGE('',*,*,#1697,.T.);
#2545=ORIENTED_EDGE('',*,*,#1795,.T.);
#2546=ORIENTED_EDGE('',*,*,#1700,.T.);
#2547=ORIENTED_EDGE('',*,*,#1800,.T.);
#2548=ORIENTED_EDGE('',*,*,#1801,.T.);
#2549=ORIENTED_EDGE('',*,*,#1796,.F.);
#2550=ORIENTED_EDGE('',*,*,#1699,.T.);
#2551=ORIENTED_EDGE('',*,*,#1802,.T.);
#2552=ORIENTED_EDGE('',*,*,#1803,.T.);
#2553=ORIENTED_EDGE('',*,*,#1800,.F.);
#2554=ORIENTED_EDGE('',*,*,#1804,.T.);
#2555=ORIENTED_EDGE('',*,*,#1802,.F.);
#2556=ORIENTED_EDGE('',*,*,#1698,.T.);
#2557=ORIENTED_EDGE('',*,*,#1799,.F.);
#2558=ORIENTED_EDGE('',*,*,#1804,.F.);
#2559=ORIENTED_EDGE('',*,*,#1805,.T.);
#2560=ORIENTED_EDGE('',*,*,#1806,.T.);
#2561=ORIENTED_EDGE('',*,*,#1807,.F.);
#2562=ORIENTED_EDGE('',*,*,#1798,.F.);
#2563=ORIENTED_EDGE('',*,*,#1808,.T.);
#2564=ORIENTED_EDGE('',*,*,#1809,.T.);
#2565=ORIENTED_EDGE('',*,*,#1805,.F.);
#2566=ORIENTED_EDGE('',*,*,#1794,.F.);
#2567=ORIENTED_EDGE('',*,*,#1810,.T.);
#2568=ORIENTED_EDGE('',*,*,#1811,.T.);
#2569=ORIENTED_EDGE('',*,*,#1808,.F.);
#2570=ORIENTED_EDGE('',*,*,#1797,.F.);
#2571=ORIENTED_EDGE('',*,*,#1812,.T.);
#2572=ORIENTED_EDGE('',*,*,#1813,.T.);
#2573=ORIENTED_EDGE('',*,*,#1810,.F.);
#2574=ORIENTED_EDGE('',*,*,#1801,.F.);
#2575=ORIENTED_EDGE('',*,*,#1814,.T.);
#2576=ORIENTED_EDGE('',*,*,#1815,.T.);
#2577=ORIENTED_EDGE('',*,*,#1812,.F.);
#2578=ORIENTED_EDGE('',*,*,#1803,.F.);
#2579=ORIENTED_EDGE('',*,*,#1807,.T.);
#2580=ORIENTED_EDGE('',*,*,#1816,.T.);
#2581=ORIENTED_EDGE('',*,*,#1814,.F.);
#2582=ORIENTED_EDGE('',*,*,#1806,.F.);
#2583=ORIENTED_EDGE('',*,*,#1809,.F.);
#2584=ORIENTED_EDGE('',*,*,#1811,.F.);
#2585=ORIENTED_EDGE('',*,*,#1813,.F.);
#2586=ORIENTED_EDGE('',*,*,#1815,.F.);
#2587=ORIENTED_EDGE('',*,*,#1816,.F.);
#2588=ORIENTED_EDGE('',*,*,#1817,.F.);
#2589=ORIENTED_EDGE('',*,*,#1778,.F.);
#2590=ORIENTED_EDGE('',*,*,#1818,.T.);
#2591=ORIENTED_EDGE('',*,*,#1819,.T.);
#2592=ORIENTED_EDGE('',*,*,#1791,.F.);
#2593=ORIENTED_EDGE('',*,*,#1782,.F.);
#2594=ORIENTED_EDGE('',*,*,#1820,.T.);
#2595=ORIENTED_EDGE('',*,*,#1821,.T.);
#2596=ORIENTED_EDGE('',*,*,#1818,.F.);
#2597=ORIENTED_EDGE('',*,*,#1784,.F.);
#2598=ORIENTED_EDGE('',*,*,#1788,.T.);
#2599=ORIENTED_EDGE('',*,*,#1822,.T.);
#2600=ORIENTED_EDGE('',*,*,#1820,.F.);
#2601=ORIENTED_EDGE('',*,*,#1787,.F.);
#2602=ORIENTED_EDGE('',*,*,#1790,.F.);
#2603=ORIENTED_EDGE('',*,*,#1792,.F.);
#2604=ORIENTED_EDGE('',*,*,#1819,.F.);
#2605=ORIENTED_EDGE('',*,*,#1821,.F.);
#2606=ORIENTED_EDGE('',*,*,#1822,.F.);
#2607=ORIENTED_EDGE('',*,*,#1823,.F.);
#2608=ORIENTED_EDGE('',*,*,#1623,.F.);
#2609=ORIENTED_EDGE('',*,*,#1824,.T.);
#2610=ORIENTED_EDGE('',*,*,#1825,.T.);
#2611=ORIENTED_EDGE('',*,*,#1826,.F.);
#2612=ORIENTED_EDGE('',*,*,#1626,.F.);
#2613=ORIENTED_EDGE('',*,*,#1827,.T.);
#2614=ORIENTED_EDGE('',*,*,#1828,.T.);
#2615=ORIENTED_EDGE('',*,*,#1824,.F.);
#2616=ORIENTED_EDGE('',*,*,#1625,.F.);
#2617=ORIENTED_EDGE('',*,*,#1829,.T.);
#2618=ORIENTED_EDGE('',*,*,#1830,.T.);
#2619=ORIENTED_EDGE('',*,*,#1827,.F.);
#2620=ORIENTED_EDGE('',*,*,#1624,.F.);
#2621=ORIENTED_EDGE('',*,*,#1826,.T.);
#2622=ORIENTED_EDGE('',*,*,#1831,.T.);
#2623=ORIENTED_EDGE('',*,*,#1829,.F.);
#2624=ORIENTED_EDGE('',*,*,#1831,.F.);
#2625=ORIENTED_EDGE('',*,*,#1825,.F.);
#2626=ORIENTED_EDGE('',*,*,#1828,.F.);
#2627=ORIENTED_EDGE('',*,*,#1830,.F.);
#2628=ORIENTED_EDGE('',*,*,#1642,.T.);
#2629=ORIENTED_EDGE('',*,*,#1832,.T.);
#2630=ORIENTED_EDGE('',*,*,#1610,.T.);
#2631=ORIENTED_EDGE('',*,*,#1833,.T.);
#2632=ORIENTED_EDGE('',*,*,#1832,.F.);
#2633=ORIENTED_EDGE('',*,*,#1641,.F.);
#2634=ORIENTED_EDGE('',*,*,#1834,.F.);
#2635=ORIENTED_EDGE('',*,*,#1611,.F.);
#2636=ORIENTED_EDGE('',*,*,#1636,.T.);
#2637=ORIENTED_EDGE('',*,*,#1835,.T.);
#2638=ORIENTED_EDGE('',*,*,#1616,.T.);
#2639=ORIENTED_EDGE('',*,*,#1836,.T.);
#2640=ORIENTED_EDGE('',*,*,#1835,.F.);
#2641=ORIENTED_EDGE('',*,*,#1635,.F.);
#2642=ORIENTED_EDGE('',*,*,#1685,.F.);
#2643=ORIENTED_EDGE('',*,*,#1617,.F.);
#2644=ORIENTED_EDGE('',*,*,#1833,.F.);
#2645=ORIENTED_EDGE('',*,*,#1609,.F.);
#2646=ORIENTED_EDGE('',*,*,#1629,.F.);
#2647=ORIENTED_EDGE('',*,*,#1643,.F.);
#2648=ORIENTED_EDGE('',*,*,#1836,.F.);
#2649=ORIENTED_EDGE('',*,*,#1615,.F.);
#2650=ORIENTED_EDGE('',*,*,#1837,.F.);
#2651=ORIENTED_EDGE('',*,*,#1637,.F.);
#2652=ORIENTED_EDGE('',*,*,#1834,.T.);
#2653=ORIENTED_EDGE('',*,*,#1640,.F.);
#2654=ORIENTED_EDGE('',*,*,#1838,.T.);
#2655=ORIENTED_EDGE('',*,*,#1612,.F.);
#2656=ORIENTED_EDGE('',*,*,#1837,.T.);
#2657=ORIENTED_EDGE('',*,*,#1614,.F.);
#2658=ORIENTED_EDGE('',*,*,#1839,.T.);
#2659=ORIENTED_EDGE('',*,*,#1638,.F.);
#2660=ORIENTED_EDGE('',*,*,#1639,.F.);
#2661=ORIENTED_EDGE('',*,*,#1839,.F.);
#2662=ORIENTED_EDGE('',*,*,#1613,.F.);
#2663=ORIENTED_EDGE('',*,*,#1838,.F.);
#2664=ORIENTED_EDGE('',*,*,#1759,.F.);
#2665=ORIENTED_EDGE('',*,*,#1840,.T.);
#2666=ORIENTED_EDGE('',*,*,#1823,.T.);
#2667=ORIENTED_EDGE('',*,*,#1840,.F.);
#2668=ORIENTED_EDGE('',*,*,#1758,.F.);
#2669=ORIENTED_EDGE('',*,*,#1841,.T.);
#2670=ORIENTED_EDGE('',*,*,#1817,.T.);
#2671=ORIENTED_EDGE('',*,*,#1841,.F.);
#2672=CYLINDRICAL_SURFACE('',#2914,0.2);
#2673=CYLINDRICAL_SURFACE('',#2920,0.2);
#2674=CYLINDRICAL_SURFACE('',#2923,0.3);
#2675=CYLINDRICAL_SURFACE('',#2929,0.3);
#2676=CYLINDRICAL_SURFACE('',#2943,0.95771642622275);
#2677=CYLINDRICAL_SURFACE('',#2945,0.95771642622275);
#2678=CYLINDRICAL_SURFACE('',#2946,0.95771642622275);
#2679=CYLINDRICAL_SURFACE('',#2948,1.25);
#2680=CYLINDRICAL_SURFACE('',#2951,1.25);
#2681=CYLINDRICAL_SURFACE('',#2952,1.25);
#2682=CYLINDRICAL_SURFACE('',#2953,1.25);
#2683=CYLINDRICAL_SURFACE('',#2954,1.25);
#2684=CYLINDRICAL_SURFACE('',#2962,1.25);
#2685=CYLINDRICAL_SURFACE('',#2995,0.95771642622275);
#2686=CYLINDRICAL_SURFACE('',#3000,0.3);
#2687=CYLINDRICAL_SURFACE('',#3012,0.3);
#2688=CYLINDRICAL_SURFACE('',#3013,0.3);
#2689=CYLINDRICAL_SURFACE('',#3014,0.3);
#2690=CYLINDRICAL_SURFACE('',#3016,0.3);
#2691=CYLINDRICAL_SURFACE('',#3033,1.5);
#2692=CYLINDRICAL_SURFACE('',#3044,0.3);
#2693=CYLINDRICAL_SURFACE('',#3049,0.3);
#2694=CYLINDRICAL_SURFACE('',#3051,0.3);
#2695=CYLINDRICAL_SURFACE('',#3052,0.3);
#2696=CYLINDRICAL_SURFACE('',#3058,0.3);
#2697=CYLINDRICAL_SURFACE('',#3062,1.5);
#2698=CYLINDRICAL_SURFACE('',#3071,1.5);
#2699=CYLINDRICAL_SURFACE('',#3072,1.5);
#2700=CYLINDRICAL_SURFACE('',#3073,6.);
#2701=CYLINDRICAL_SURFACE('',#3075,6.);
#2702=CYLINDRICAL_SURFACE('',#3091,1.);
#2703=CYLINDRICAL_SURFACE('',#3094,1.);
#2704=CYLINDRICAL_SURFACE('',#3102,1.);
#2705=CYLINDRICAL_SURFACE('',#3103,0.2);
#2706=CYLINDRICAL_SURFACE('',#3112,0.2);
#2707=CYLINDRICAL_SURFACE('',#3117,1.);
#2708=CYLINDRICAL_SURFACE('',#3121,0.2);
#2709=CYLINDRICAL_SURFACE('',#3125,0.2);
#2710=CYLINDRICAL_SURFACE('',#3130,1.);
#2711=CYLINDRICAL_SURFACE('',#3131,0.2);
#2712=CYLINDRICAL_SURFACE('',#3166,0.2);
#2713=CYLINDRICAL_SURFACE('',#3168,0.2);
#2714=CYLINDRICAL_SURFACE('',#3175,1.375);
#2715=CYLINDRICAL_SURFACE('',#3176,1.375);
#2716=ADVANCED_FACE('',(#244),#2672,.T.);
#2717=ADVANCED_FACE('',(#245),#161,.T.);
#2718=ADVANCED_FACE('',(#246),#162,.T.);
#2719=ADVANCED_FACE('',(#247),#2673,.T.);
#2720=ADVANCED_FACE('',(#248),#163,.T.);
#2721=ADVANCED_FACE('',(#249),#2674,.T.);
#2722=ADVANCED_FACE('',(#250),#164,.T.);
#2723=ADVANCED_FACE('',(#251),#165,.T.);
#2724=ADVANCED_FACE('',(#252),#2675,.T.);
#2725=ADVANCED_FACE('',(#253),#166,.T.);
#2726=ADVANCED_FACE('',(#254),#167,.T.);
#2727=ADVANCED_FACE('',(#255),#168,.T.);
#2728=ADVANCED_FACE('',(#256),#169,.T.);
#2729=ADVANCED_FACE('',(#257),#170,.T.);
#2730=ADVANCED_FACE('',(#258),#171,.T.);
#2731=ADVANCED_FACE('',(#259),#172,.T.);
#2732=ADVANCED_FACE('',(#260),#173,.T.);
#2733=ADVANCED_FACE('',(#261),#174,.T.);
#2734=ADVANCED_FACE('',(#262),#175,.T.);
#2735=ADVANCED_FACE('',(#263),#176,.F.);
#2736=ADVANCED_FACE('',(#264),#2676,.F.);
#2737=ADVANCED_FACE('',(#265),#2677,.F.);
#2738=ADVANCED_FACE('',(#266),#2678,.F.);
#2739=ADVANCED_FACE('',(#267),#2679,.F.);
#2740=ADVANCED_FACE('',(#268),#2680,.F.);
#2741=ADVANCED_FACE('',(#269),#2681,.F.);
#2742=ADVANCED_FACE('',(#270),#2682,.F.);
#2743=ADVANCED_FACE('',(#271),#2683,.F.);
#2744=ADVANCED_FACE('',(#272),#55,.F.);
#2745=ADVANCED_FACE('',(#273),#56,.F.);
#2746=ADVANCED_FACE('',(#274),#57,.F.);
#2747=ADVANCED_FACE('',(#275),#2684,.F.);
#2748=ADVANCED_FACE('',(#276,#46),#177,.T.);
#2749=ADVANCED_FACE('',(#277),#178,.F.);
#2750=ADVANCED_FACE('',(#278),#179,.F.);
#2751=ADVANCED_FACE('',(#279),#180,.F.);
#2752=ADVANCED_FACE('',(#280),#181,.F.);
#2753=ADVANCED_FACE('',(#281),#182,.F.);
#2754=ADVANCED_FACE('',(#282),#183,.F.);
#2755=ADVANCED_FACE('',(#283),#58,.T.);
#2756=ADVANCED_FACE('',(#284),#59,.T.);
#2757=ADVANCED_FACE('',(#285),#60,.T.);
#2758=ADVANCED_FACE('',(#286),#61,.T.);
#2759=ADVANCED_FACE('',(#287),#62,.T.);
#2760=ADVANCED_FACE('',(#288),#63,.T.);
#2761=ADVANCED_FACE('',(#289),#64,.T.);
#2762=ADVANCED_FACE('',(#290),#65,.T.);
#2763=ADVANCED_FACE('',(#291),#66,.T.);
#2764=ADVANCED_FACE('',(#292),#67,.T.);
#2765=ADVANCED_FACE('',(#293),#68,.T.);
#2766=ADVANCED_FACE('',(#294),#69,.T.);
#2767=ADVANCED_FACE('',(#295,#47),#184,.F.);
#2768=ADVANCED_FACE('',(#296),#44,.F.);
#2769=ADVANCED_FACE('',(#297),#2685,.F.);
#2770=ADVANCED_FACE('',(#298),#45,.F.);
#2771=ADVANCED_FACE('',(#299),#40,.T.);
#2772=ADVANCED_FACE('',(#300),#2686,.T.);
#2773=ADVANCED_FACE('',(#301),#41,.T.);
#2774=ADVANCED_FACE('',(#302),#32,.F.);
#2775=ADVANCED_FACE('',(#303),#33,.F.);
#2776=ADVANCED_FACE('',(#304),#23,.T.);
#2777=ADVANCED_FACE('',(#305),#2687,.T.);
#2778=ADVANCED_FACE('',(#306),#2688,.T.);
#2779=ADVANCED_FACE('',(#307),#2689,.T.);
#2780=ADVANCED_FACE('',(#308),#2690,.T.);
#2781=ADVANCED_FACE('',(#309),#24,.T.);
#2782=ADVANCED_FACE('',(#310),#34,.F.);
#2783=ADVANCED_FACE('',(#311),#35,.F.);
#2784=ADVANCED_FACE('',(#312,#48),#185,.T.);
#2785=ADVANCED_FACE('',(#313),#186,.T.);
#2786=ADVANCED_FACE('',(#314),#187,.F.);
#2787=ADVANCED_FACE('',(#315),#188,.T.);
#2788=ADVANCED_FACE('',(#316),#2691,.F.);
#2789=ADVANCED_FACE('',(#317),#189,.T.);
#2790=ADVANCED_FACE('',(#318),#42,.T.);
#2791=ADVANCED_FACE('',(#319),#36,.F.);
#2792=ADVANCED_FACE('',(#320),#37,.F.);
#2793=ADVANCED_FACE('',(#321),#25,.T.);
#2794=ADVANCED_FACE('',(#322),#2692,.T.);
#2795=ADVANCED_FACE('',(#323),#43,.T.);
#2796=ADVANCED_FACE('',(#324),#2693,.T.);
#2797=ADVANCED_FACE('',(#325),#2694,.T.);
#2798=ADVANCED_FACE('',(#326),#2695,.T.);
#2799=ADVANCED_FACE('',(#327),#26,.T.);
#2800=ADVANCED_FACE('',(#328),#38,.F.);
#2801=ADVANCED_FACE('',(#329),#39,.F.);
#2802=ADVANCED_FACE('',(#330),#2696,.T.);
#2803=ADVANCED_FACE('',(#331),#190,.T.);
#2804=ADVANCED_FACE('',(#332),#191,.F.);
#2805=ADVANCED_FACE('',(#333),#2697,.F.);
#2806=ADVANCED_FACE('',(#334),#192,.T.);
#2807=ADVANCED_FACE('',(#335,#49),#193,.F.);
#2808=ADVANCED_FACE('',(#336,#50),#194,.F.);
#2809=ADVANCED_FACE('',(#337),#2698,.F.);
#2810=ADVANCED_FACE('',(#338),#2699,.F.);
#2811=ADVANCED_FACE('',(#339),#2700,.T.);
#2812=ADVANCED_FACE('',(#340),#195,.F.);
#2813=ADVANCED_FACE('',(#341),#2701,.T.);
#2814=ADVANCED_FACE('',(#342),#196,.F.);
#2815=ADVANCED_FACE('',(#343),#70,.T.);
#2816=ADVANCED_FACE('',(#344),#197,.T.);
#2817=ADVANCED_FACE('',(#345),#71,.T.);
#2818=ADVANCED_FACE('',(#346),#198,.T.);
#2819=ADVANCED_FACE('',(#347),#72,.T.);
#2820=ADVANCED_FACE('',(#348),#73,.T.);
#2821=ADVANCED_FACE('',(#349),#199,.T.);
#2822=ADVANCED_FACE('',(#350),#74,.T.);
#2823=ADVANCED_FACE('',(#351),#200,.T.);
#2824=ADVANCED_FACE('',(#352),#2702,.T.);
#2825=ADVANCED_FACE('',(#353),#201,.T.);
#2826=ADVANCED_FACE('',(#354),#2703,.T.);
#2827=ADVANCED_FACE('',(#355),#202,.T.);
#2828=ADVANCED_FACE('',(#356),#27,.T.);
#2829=ADVANCED_FACE('',(#357),#2704,.T.);
#2830=ADVANCED_FACE('',(#358),#2705,.T.);
#2831=ADVANCED_FACE('',(#359,#51,#52),#203,.T.);
#2832=ADVANCED_FACE('',(#360),#2706,.T.);
#2833=ADVANCED_FACE('',(#361),#28,.T.);
#2834=ADVANCED_FACE('',(#362),#2707,.T.);
#2835=ADVANCED_FACE('',(#363),#204,.T.);
#2836=ADVANCED_FACE('',(#364),#29,.T.);
#2837=ADVANCED_FACE('',(#365),#2708,.T.);
#2838=ADVANCED_FACE('',(#366),#30,.T.);
#2839=ADVANCED_FACE('',(#367),#2709,.T.);
#2840=ADVANCED_FACE('',(#368),#31,.T.);
#2841=ADVANCED_FACE('',(#369),#2710,.T.);
#2842=ADVANCED_FACE('',(#370),#2711,.T.);
#2843=ADVANCED_FACE('',(#371),#205,.T.);
#2844=ADVANCED_FACE('',(#372),#206,.T.);
#2845=ADVANCED_FACE('',(#373),#207,.T.);
#2846=ADVANCED_FACE('',(#374),#208,.T.);
#2847=ADVANCED_FACE('',(#375),#209,.T.);
#2848=ADVANCED_FACE('',(#376),#210,.T.);
#2849=ADVANCED_FACE('',(#377),#211,.T.);
#2850=ADVANCED_FACE('',(#378),#212,.F.);
#2851=ADVANCED_FACE('',(#379),#213,.F.);
#2852=ADVANCED_FACE('',(#380),#214,.F.);
#2853=ADVANCED_FACE('',(#381),#215,.T.);
#2854=ADVANCED_FACE('',(#382),#216,.T.);
#2855=ADVANCED_FACE('',(#383),#217,.T.);
#2856=ADVANCED_FACE('',(#384),#218,.T.);
#2857=ADVANCED_FACE('',(#385),#219,.T.);
#2858=ADVANCED_FACE('',(#386),#220,.T.);
#2859=ADVANCED_FACE('',(#387),#221,.F.);
#2860=ADVANCED_FACE('',(#388),#222,.F.);
#2861=ADVANCED_FACE('',(#389),#223,.F.);
#2862=ADVANCED_FACE('',(#390),#224,.F.);
#2863=ADVANCED_FACE('',(#391),#225,.F.);
#2864=ADVANCED_FACE('',(#392),#226,.F.);
#2865=ADVANCED_FACE('',(#393,#53),#227,.F.);
#2866=ADVANCED_FACE('',(#394),#228,.F.);
#2867=ADVANCED_FACE('',(#395),#229,.F.);
#2868=ADVANCED_FACE('',(#396),#230,.F.);
#2869=ADVANCED_FACE('',(#397,#54),#231,.F.);
#2870=ADVANCED_FACE('',(#398),#232,.F.);
#2871=ADVANCED_FACE('',(#399),#233,.F.);
#2872=ADVANCED_FACE('',(#400),#234,.F.);
#2873=ADVANCED_FACE('',(#401),#235,.F.);
#2874=ADVANCED_FACE('',(#402),#236,.F.);
#2875=ADVANCED_FACE('',(#403),#2712,.F.);
#2876=ADVANCED_FACE('',(#404),#237,.F.);
#2877=ADVANCED_FACE('',(#405),#2713,.F.);
#2878=ADVANCED_FACE('',(#406),#238,.F.);
#2879=ADVANCED_FACE('',(#407),#239,.F.);
#2880=ADVANCED_FACE('',(#408),#240,.F.);
#2881=ADVANCED_FACE('',(#409),#241,.F.);
#2882=ADVANCED_FACE('',(#410),#242,.F.);
#2883=ADVANCED_FACE('',(#411),#243,.F.);
#2884=ADVANCED_FACE('',(#412),#2714,.F.);
#2885=ADVANCED_FACE('',(#413),#2715,.F.);
#2886=CLOSED_SHELL('',(#2716,#2717,#2718,#2719,#2720,#2721,#2722,#2723,
#2724,#2725,#2726,#2727,#2728,#2729,#2730,#2731,#2732,#2733,#2734,#2735));
#2887=CLOSED_SHELL('',(#2736,#2737,#2738,#2739,#2740,#2741,#2742,#2743,
#2744,#2745,#2746,#2747,#2748,#2749,#2750,#2751,#2752,#2753,#2754,#2755,
#2756,#2757,#2758,#2759,#2760,#2761,#2762,#2763,#2764,#2765,#2766,#2767,
#2768,#2769,#2770));
#2888=CLOSED_SHELL('',(#2771,#2772,#2773,#2774,#2775,#2776,#2777,#2778,
#2779,#2780,#2781,#2782,#2783,#2784,#2785,#2786,#2787,#2788,#2789,#2790,
#2791,#2792,#2793,#2794,#2795,#2796,#2797,#2798,#2799,#2800,#2801,#2802,
#2803,#2804,#2805,#2806,#2807,#2808,#2809,#2810,#2811,#2812,#2813,#2814,
#2815,#2816,#2817,#2818,#2819,#2820,#2821,#2822,#2823,#2824,#2825,#2826,
#2827,#2828,#2829,#2830,#2831,#2832,#2833,#2834,#2835,#2836,#2837,#2838,
#2839,#2840,#2841,#2842,#2843,#2844,#2845,#2846,#2847,#2848,#2849,#2850,
#2851,#2852,#2853,#2854,#2855,#2856,#2857,#2858,#2859,#2860,#2861,#2862,
#2863,#2864,#2865,#2866,#2867,#2868,#2869,#2870,#2871,#2872,#2873,#2874,
#2875,#2876,#2877,#2878,#2879,#2880,#2881,#2882,#2883,#2884,#2885));
#2889=DERIVED_UNIT_ELEMENT(#2893,1.);
#2890=DERIVED_UNIT_ELEMENT(#6181,-3.);
#2891=DERIVED_UNIT_ELEMENT(#2893,1.);
#2892=DERIVED_UNIT_ELEMENT(#6181,-3.);
#2893=(
MASS_UNIT()
NAMED_UNIT(*)
SI_UNIT(.KILO.,.GRAM.)
);
#2894=DERIVED_UNIT((#2889,#2890));
#2895=DERIVED_UNIT((#2891,#2892));
#2896=MEASURE_REPRESENTATION_ITEM('density measure',
POSITIVE_RATIO_MEASURE(2700.),#2894);
#2897=MEASURE_REPRESENTATION_ITEM('density measure',
POSITIVE_RATIO_MEASURE(2700.),#2895);
#2898=PROPERTY_DEFINITION_REPRESENTATION(#2908,#2902);
#2899=PROPERTY_DEFINITION_REPRESENTATION(#2909,#2903);
#2900=PROPERTY_DEFINITION_REPRESENTATION(#2910,#2904);
#2901=PROPERTY_DEFINITION_REPRESENTATION(#2911,#2905);
#2902=REPRESENTATION('material name',(#2906),#6177);
#2903=REPRESENTATION('density',(#2896),#6177);
#2904=REPRESENTATION('material name',(#2907),#6178);
#2905=REPRESENTATION('density',(#2897),#6178);
#2906=DESCRIPTIVE_REPRESENTATION_ITEM('Aluminum 6061','Aluminum 6061');
#2907=DESCRIPTIVE_REPRESENTATION_ITEM('Aluminum 6061','Aluminum 6061');
#2908=PROPERTY_DEFINITION('material property','material name',#6198);
#2909=PROPERTY_DEFINITION('material property','density of part',#6198);
#2910=PROPERTY_DEFINITION('material property','material name',#6199);
#2911=PROPERTY_DEFINITION('material property','density of part',#6199);
#2912=AXIS2_PLACEMENT_3D('',#3955,#3180,#3181);
#2913=AXIS2_PLACEMENT_3D('',#3956,#3182,#3183);
#2914=AXIS2_PLACEMENT_3D('',#3957,#3184,#3185);
#2915=AXIS2_PLACEMENT_3D('',#3960,#3186,#3187);
#2916=AXIS2_PLACEMENT_3D('',#3964,#3189,#3190);
#2917=AXIS2_PLACEMENT_3D('',#3966,#3192,#3193);
#2918=AXIS2_PLACEMENT_3D('',#3972,#3197,#3198);
#2919=AXIS2_PLACEMENT_3D('',#3988,#3206,#3207);
#2920=AXIS2_PLACEMENT_3D('',#4000,#3214,#3215);
#2921=AXIS2_PLACEMENT_3D('',#4003,#3216,#3217);
#2922=AXIS2_PLACEMENT_3D('',#4006,#3220,#3221);
#2923=AXIS2_PLACEMENT_3D('',#4010,#3224,#3225);
#2924=AXIS2_PLACEMENT_3D('',#4013,#3226,#3227);
#2925=AXIS2_PLACEMENT_3D('',#4017,#3229,#3230);
#2926=AXIS2_PLACEMENT_3D('',#4019,#3232,#3233);
#2927=AXIS2_PLACEMENT_3D('',#4022,#3235,#3236);
#2928=AXIS2_PLACEMENT_3D('',#4026,#3239,#3240);
#2929=AXIS2_PLACEMENT_3D('',#4030,#3243,#3244);
#2930=AXIS2_PLACEMENT_3D('',#4031,#3245,#3246);
#2931=AXIS2_PLACEMENT_3D('',#4032,#3247,#3248);
#2932=AXIS2_PLACEMENT_3D('',#4038,#3252,#3253);
#2933=AXIS2_PLACEMENT_3D('',#4042,#3256,#3257);
#2934=AXIS2_PLACEMENT_3D('',#4046,#3260,#3261);
#2935=AXIS2_PLACEMENT_3D('',#4050,#3264,#3265);
#2936=AXIS2_PLACEMENT_3D('',#4052,#3267,#3268);
#2937=AXIS2_PLACEMENT_3D('',#4054,#3270,#3271);
#2938=AXIS2_PLACEMENT_3D('',#4058,#3274,#3275);
#2939=AXIS2_PLACEMENT_3D('',#4062,#3278,#3279);
#2940=AXIS2_PLACEMENT_3D('',#4065,#3282,#3283);
#2941=AXIS2_PLACEMENT_3D('',#4066,#3284,#3285);
#2942=AXIS2_PLACEMENT_3D('',#4067,#3286,#3287);
#2943=AXIS2_PLACEMENT_3D('',#4068,#3288,#3289);
#2944=AXIS2_PLACEMENT_3D('',#4079,#3291,#3292);
#2945=AXIS2_PLACEMENT_3D('',#4087,#3293,#3294);
#2946=AXIS2_PLACEMENT_3D('',#4117,#3296,#3297);
#2947=AXIS2_PLACEMENT_3D('',#4132,#3299,#3300);
#2948=AXIS2_PLACEMENT_3D('',#4144,#3301,#3302);
#2949=AXIS2_PLACEMENT_3D('',#4160,#3304,#3305);
#2950=AXIS2_PLACEMENT_3D('',#4162,#3306,#3307);
#2951=AXIS2_PLACEMENT_3D('',#4179,#3308,#3309);
#2952=AXIS2_PLACEMENT_3D('',#4255,#3311,#3312);
#2953=AXIS2_PLACEMENT_3D('',#4331,#3314,#3315);
#2954=AXIS2_PLACEMENT_3D('',#4409,#3317,#3318);
#2955=AXIS2_PLACEMENT_3D('',#4414,#3320,#3321);
#2956=AXIS2_PLACEMENT_3D('',#4419,#3322,#3323);
#2957=AXIS2_PLACEMENT_3D('',#4441,#3325,#3326);
#2958=AXIS2_PLACEMENT_3D('',#4450,#3328,#3329);
#2959=AXIS2_PLACEMENT_3D('',#4489,#3330,#3331);
#2960=AXIS2_PLACEMENT_3D('',#4522,#3332,#3333);
#2961=AXIS2_PLACEMENT_3D('',#4551,#3335,#3336);
#2962=AXIS2_PLACEMENT_3D('',#4552,#3337,#3338);
#2963=AXIS2_PLACEMENT_3D('',#4623,#3339,#3340);
#2964=AXIS2_PLACEMENT_3D('',#4626,#3341,#3342);
#2965=AXIS2_PLACEMENT_3D('',#4628,#3343,#3344);
#2966=AXIS2_PLACEMENT_3D('',#4630,#3345,#3346);
#2967=AXIS2_PLACEMENT_3D('',#4632,#3347,#3348);
#2968=AXIS2_PLACEMENT_3D('',#4634,#3349,#3350);
#2969=AXIS2_PLACEMENT_3D('',#4635,#3351,#3352);
#2970=AXIS2_PLACEMENT_3D('',#4636,#3353,#3354);
#2971=AXIS2_PLACEMENT_3D('',#4656,#3357,#3358);
#2972=AXIS2_PLACEMENT_3D('',#4673,#3360,#3361);
#2973=AXIS2_PLACEMENT_3D('',#4690,#3363,#3364);
#2974=AXIS2_PLACEMENT_3D('',#4707,#3366,#3367);
#2975=AXIS2_PLACEMENT_3D('',#4724,#3369,#3370);
#2976=AXIS2_PLACEMENT_3D('',#4738,#3371,#3372);
#2977=AXIS2_PLACEMENT_3D('',#4739,#3373,#3374);
#2978=AXIS2_PLACEMENT_3D('',#4740,#3375,#3376);
#2979=AXIS2_PLACEMENT_3D('',#4741,#3377,#3378);
#2980=AXIS2_PLACEMENT_3D('',#4742,#3379,#3380);
#2981=AXIS2_PLACEMENT_3D('',#4743,#3381,#3382);
#2982=AXIS2_PLACEMENT_3D('',#4744,#3383,#3384);
#2983=AXIS2_PLACEMENT_3D('',#4745,#3385,#3386);
#2984=AXIS2_PLACEMENT_3D('',#4746,#3387,#3388);
#2985=AXIS2_PLACEMENT_3D('',#4747,#3389,#3390);
#2986=AXIS2_PLACEMENT_3D('',#4748,#3391,#3392);
#2987=AXIS2_PLACEMENT_3D('',#4749,#3393,#3394);
#2988=AXIS2_PLACEMENT_3D('',#4750,#3395,#3396);
#2989=AXIS2_PLACEMENT_3D('',#4751,#3397,#3398);
#2990=AXIS2_PLACEMENT_3D('',#4752,#3399,#3400);
#2991=AXIS2_PLACEMENT_3D('',#4753,#3401,#3402);
#2992=AXIS2_PLACEMENT_3D('',#4754,#3403,#3404);
#2993=AXIS2_PLACEMENT_3D('',#4755,#3405,#3406);
#2994=AXIS2_PLACEMENT_3D('',#4756,#3407,#3408);
#2995=AXIS2_PLACEMENT_3D('',#4908,#3409,#3410);
#2996=AXIS2_PLACEMENT_3D('',#5056,#3411,#3412);
#2997=AXIS2_PLACEMENT_3D('',#5059,#3413,#3414);
#2998=AXIS2_PLACEMENT_3D('',#5061,#3415,#3416);
#2999=AXIS2_PLACEMENT_3D('',#5062,#3417,#3418);
#3000=AXIS2_PLACEMENT_3D('',#5063,#3419,#3420);
#3001=AXIS2_PLACEMENT_3D('',#5066,#3421,#3422);
#3002=AXIS2_PLACEMENT_3D('',#5069,#3425,#3426);
#3003=AXIS2_PLACEMENT_3D('',#5072,#3427,#3428);
#3004=AXIS2_PLACEMENT_3D('',#5074,#3429,#3430);
#3005=AXIS2_PLACEMENT_3D('',#5075,#3431,#3432);
#3006=AXIS2_PLACEMENT_3D('',#5168,#3433,#3434);
#3007=AXIS2_PLACEMENT_3D('',#5226,#3435,#3436);
#3008=AXIS2_PLACEMENT_3D('',#5235,#3437,#3438);
#3009=AXIS2_PLACEMENT_3D('',#5238,#3439,#3440);
#3010=AXIS2_PLACEMENT_3D('',#5239,#3441,#3442);
#3011=AXIS2_PLACEMENT_3D('',#5240,#3443,#3444);
#3012=AXIS2_PLACEMENT_3D('',#5241,#3445,#3446);
#3013=AXIS2_PLACEMENT_3D('',#5244,#3449,#3450);
#3014=AXIS2_PLACEMENT_3D('',#5247,#3453,#3454);
#3015=AXIS2_PLACEMENT_3D('',#5250,#3455,#3456);
#3016=AXIS2_PLACEMENT_3D('',#5253,#3459,#3460);
#3017=AXIS2_PLACEMENT_3D('',#5256,#3461,#3462);
#3018=AXIS2_PLACEMENT_3D('',#5259,#3465,#3466);
#3019=AXIS2_PLACEMENT_3D('',#5262,#3467,#3468);
#3020=AXIS2_PLACEMENT_3D('',#5263,#3469,#3470);
#3021=AXIS2_PLACEMENT_3D('',#5264,#3471,#3472);
#3022=AXIS2_PLACEMENT_3D('',#5291,#3473,#3474);
#3023=AXIS2_PLACEMENT_3D('',#5417,#3475,#3476);
#3024=AXIS2_PLACEMENT_3D('',#5423,#3479,#3480);
#3025=AXIS2_PLACEMENT_3D('',#5435,#3486,#3487);
#3026=AXIS2_PLACEMENT_3D('',#5445,#3492,#3493);
#3027=AXIS2_PLACEMENT_3D('',#5455,#3499,#3500);
#3028=AXIS2_PLACEMENT_3D('',#5457,#3502,#3503);
#3029=AXIS2_PLACEMENT_3D('',#5461,#3506,#3507);
#3030=AXIS2_PLACEMENT_3D('',#5465,#3509,#3510);
#3031=AXIS2_PLACEMENT_3D('',#5475,#3515,#3516);
#3032=AXIS2_PLACEMENT_3D('',#5487,#3522,#3523);
#3033=AXIS2_PLACEMENT_3D('',#5489,#3525,#3526);
#3034=AXIS2_PLACEMENT_3D('',#5506,#3528,#3529);
#3035=AXIS2_PLACEMENT_3D('',#5541,#3535,#3536);
#3036=AXIS2_PLACEMENT_3D('',#5543,#3537,#3538);
#3037=AXIS2_PLACEMENT_3D('',#5545,#3539,#3540);
#3038=AXIS2_PLACEMENT_3D('',#5546,#3541,#3542);
#3039=AXIS2_PLACEMENT_3D('',#5631,#3543,#3544);
#3040=AXIS2_PLACEMENT_3D('',#5653,#3545,#3546);
#3041=AXIS2_PLACEMENT_3D('',#5658,#3547,#3548);
#3042=AXIS2_PLACEMENT_3D('',#5660,#3549,#3550);
#3043=AXIS2_PLACEMENT_3D('',#5661,#3551,#3552);
#3044=AXIS2_PLACEMENT_3D('',#5662,#3553,#3554);
#3045=AXIS2_PLACEMENT_3D('',#5664,#3556,#3557);
#3046=AXIS2_PLACEMENT_3D('',#5666,#3558,#3559);
#3047=AXIS2_PLACEMENT_3D('',#5668,#3560,#3561);
#3048=AXIS2_PLACEMENT_3D('',#5669,#3562,#3563);
#3049=AXIS2_PLACEMENT_3D('',#5670,#3564,#3565);
#3050=AXIS2_PLACEMENT_3D('',#5672,#3566,#3567);
#3051=AXIS2_PLACEMENT_3D('',#5674,#3569,#3570);
#3052=AXIS2_PLACEMENT_3D('',#5677,#3573,#3574);
#3053=AXIS2_PLACEMENT_3D('',#5679,#3575,#3576);
#3054=AXIS2_PLACEMENT_3D('',#5681,#3578,#3579);
#3055=AXIS2_PLACEMENT_3D('',#5683,#3580,#3581);
#3056=AXIS2_PLACEMENT_3D('',#5684,#3582,#3583);
#3057=AXIS2_PLACEMENT_3D('',#5711,#3584,#3585);
#3058=AXIS2_PLACEMENT_3D('',#5844,#3586,#3587);
#3059=AXIS2_PLACEMENT_3D('',#5846,#3588,#3589);
#3060=AXIS2_PLACEMENT_3D('',#5848,#3591,#3592);
#3061=AXIS2_PLACEMENT_3D('',#5850,#3594,#3595);
#3062=AXIS2_PLACEMENT_3D('',#5852,#3597,#3598);
#3063=AXIS2_PLACEMENT_3D('',#5854,#3600,#3601);
#3064=AXIS2_PLACEMENT_3D('',#5864,#3607,#3608);
#3065=AXIS2_PLACEMENT_3D('',#5866,#3609,#3610);
#3066=AXIS2_PLACEMENT_3D('',#5869,#3612,#3613);
#3067=AXIS2_PLACEMENT_3D('',#5883,#3621,#3622);
#3068=AXIS2_PLACEMENT_3D('',#5885,#3623,#3624);
#3069=AXIS2_PLACEMENT_3D('',#5889,#3626,#3627);
#3070=AXIS2_PLACEMENT_3D('',#5892,#3629,#3630);
#3071=AXIS2_PLACEMENT_3D('',#5906,#3638,#3639);
#3072=AXIS2_PLACEMENT_3D('',#5908,#3641,#3642);
#3073=AXIS2_PLACEMENT_3D('',#5910,#3644,#3645);
#3074=AXIS2_PLACEMENT_3D('',#5912,#3647,#3648);
#3075=AXIS2_PLACEMENT_3D('',#5913,#3649,#3650);
#3076=AXIS2_PLACEMENT_3D('',#5915,#3652,#3653);
#3077=AXIS2_PLACEMENT_3D('',#5916,#3654,#3655);
#3078=AXIS2_PLACEMENT_3D('',#5918,#3656,#3657);
#3079=AXIS2_PLACEMENT_3D('',#5920,#3659,#3660);
#3080=AXIS2_PLACEMENT_3D('',#5924,#3663,#3664);
#3081=AXIS2_PLACEMENT_3D('',#5926,#3665,#3666);
#3082=AXIS2_PLACEMENT_3D('',#5928,#3668,#3669);
#3083=AXIS2_PLACEMENT_3D('',#5932,#3672,#3673);
#3084=AXIS2_PLACEMENT_3D('',#5933,#3674,#3675);
#3085=AXIS2_PLACEMENT_3D('',#5934,#3676,#3677);
#3086=AXIS2_PLACEMENT_3D('',#5936,#3678,#3679);
#3087=AXIS2_PLACEMENT_3D('',#5938,#3681,#3682);
#3088=AXIS2_PLACEMENT_3D('',#5942,#3685,#3686);
#3089=AXIS2_PLACEMENT_3D('',#5943,#3687,#3688);
#3090=AXIS2_PLACEMENT_3D('',#5944,#3689,#3690);
#3091=AXIS2_PLACEMENT_3D('',#5950,#3694,#3695);
#3092=AXIS2_PLACEMENT_3D('',#5953,#3697,#3698);
#3093=AXIS2_PLACEMENT_3D('',#5954,#3699,#3700);
#3094=AXIS2_PLACEMENT_3D('',#5958,#3703,#3704);
#3095=AXIS2_PLACEMENT_3D('',#5961,#3706,#3707);
#3096=AXIS2_PLACEMENT_3D('',#5962,#3708,#3709);
#3097=AXIS2_PLACEMENT_3D('',#5966,#3712,#3713);
#3098=AXIS2_PLACEMENT_3D('',#5969,#3714,#3715);
#3099=AXIS2_PLACEMENT_3D('',#5971,#3716,#3717);
#3100=AXIS2_PLACEMENT_3D('',#5972,#3718,#3719);
#3101=AXIS2_PLACEMENT_3D('',#5973,#3720,#3721);
#3102=AXIS2_PLACEMENT_3D('',#5974,#3722,#3723);
#3103=AXIS2_PLACEMENT_3D('',#5976,#3725,#3726);
#3104=AXIS2_PLACEMENT_3D('',#5979,#3728,#3729);
#3105=AXIS2_PLACEMENT_3D('',#5980,#3730,#3731);
#3106=AXIS2_PLACEMENT_3D('',#5984,#3733,#3734);
#3107=AXIS2_PLACEMENT_3D('',#5988,#3736,#3737);
#3108=AXIS2_PLACEMENT_3D('',#5992,#3739,#3740);
#3109=AXIS2_PLACEMENT_3D('',#5995,#3742,#3743);
#3110=AXIS2_PLACEMENT_3D('',#5997,#3744,#3745);
#3111=AXIS2_PLACEMENT_3D('',#5999,#3746,#3747);
#3112=AXIS2_PLACEMENT_3D('',#6000,#3748,#3749);
#3113=AXIS2_PLACEMENT_3D('',#6003,#3751,#3752);
#3114=AXIS2_PLACEMENT_3D('',#6004,#3753,#3754);
#3115=AXIS2_PLACEMENT_3D('',#6006,#3755,#3756);
#3116=AXIS2_PLACEMENT_3D('',#6007,#3757,#3758);
#3117=AXIS2_PLACEMENT_3D('',#6008,#3759,#3760);
#3118=AXIS2_PLACEMENT_3D('',#6011,#3763,#3764);
#3119=AXIS2_PLACEMENT_3D('',#6012,#3765,#3766);
#3120=AXIS2_PLACEMENT_3D('',#6013,#3767,#3768);
#3121=AXIS2_PLACEMENT_3D('',#6014,#3769,#3770);
#3122=AXIS2_PLACEMENT_3D('',#6015,#3771,#3772);
#3123=AXIS2_PLACEMENT_3D('',#6016,#3773,#3774);
#3124=AXIS2_PLACEMENT_3D('',#6017,#3775,#3776);
#3125=AXIS2_PLACEMENT_3D('',#6018,#3777,#3778);
#3126=AXIS2_PLACEMENT_3D('',#6019,#3779,#3780);
#3127=AXIS2_PLACEMENT_3D('',#6020,#3781,#3782);
#3128=AXIS2_PLACEMENT_3D('',#6022,#3783,#3784);
#3129=AXIS2_PLACEMENT_3D('',#6023,#3785,#3786);
#3130=AXIS2_PLACEMENT_3D('',#6024,#3787,#3788);
#3131=AXIS2_PLACEMENT_3D('',#6026,#3790,#3791);
#3132=AXIS2_PLACEMENT_3D('',#6028,#3793,#3794);
#3133=AXIS2_PLACEMENT_3D('',#6029,#3795,#3796);
#3134=AXIS2_PLACEMENT_3D('',#6035,#3800,#3801);
#3135=AXIS2_PLACEMENT_3D('',#6039,#3804,#3805);
#3136=AXIS2_PLACEMENT_3D('',#6043,#3808,#3809);
#3137=AXIS2_PLACEMENT_3D('',#6047,#3812,#3813);
#3138=AXIS2_PLACEMENT_3D('',#6051,#3816,#3817);
#3139=AXIS2_PLACEMENT_3D('',#6053,#3819,#3820);
#3140=AXIS2_PLACEMENT_3D('',#6059,#3824,#3825);
#3141=AXIS2_PLACEMENT_3D('',#6063,#3828,#3829);
#3142=AXIS2_PLACEMENT_3D('',#6067,#3832,#3833);
#3143=AXIS2_PLACEMENT_3D('',#6073,#3837,#3838);
#3144=AXIS2_PLACEMENT_3D('',#6077,#3841,#3842);
#3145=AXIS2_PLACEMENT_3D('',#6081,#3845,#3846);
#3146=AXIS2_PLACEMENT_3D('',#6085,#3849,#3850);
#3147=AXIS2_PLACEMENT_3D('',#6089,#3853,#3854);
#3148=AXIS2_PLACEMENT_3D('',#6091,#3856,#3857);
#3149=AXIS2_PLACEMENT_3D('',#6097,#3861,#3862);
#3150=AXIS2_PLACEMENT_3D('',#6101,#3865,#3866);
#3151=AXIS2_PLACEMENT_3D('',#6105,#3869,#3870);
#3152=AXIS2_PLACEMENT_3D('',#6109,#3873,#3874);
#3153=AXIS2_PLACEMENT_3D('',#6113,#3877,#3878);
#3154=AXIS2_PLACEMENT_3D('',#6115,#3880,#3881);
#3155=AXIS2_PLACEMENT_3D('',#6117,#3882,#3883);
#3156=AXIS2_PLACEMENT_3D('',#6118,#3884,#3885);
#3157=AXIS2_PLACEMENT_3D('',#6122,#3888,#3889);
#3158=AXIS2_PLACEMENT_3D('',#6126,#3892,#3893);
#3159=AXIS2_PLACEMENT_3D('',#6128,#3895,#3896);
#3160=AXIS2_PLACEMENT_3D('',#6130,#3897,#3898);
#3161=AXIS2_PLACEMENT_3D('',#6131,#3899,#3900);
#3162=AXIS2_PLACEMENT_3D('',#6137,#3904,#3905);
#3163=AXIS2_PLACEMENT_3D('',#6141,#3908,#3909);
#3164=AXIS2_PLACEMENT_3D('',#6145,#3912,#3913);
#3165=AXIS2_PLACEMENT_3D('',#6147,#3915,#3916);
#3166=AXIS2_PLACEMENT_3D('',#6148,#3917,#3918);
#3167=AXIS2_PLACEMENT_3D('',#6151,#3921,#3922);
#3168=AXIS2_PLACEMENT_3D('',#6153,#3924,#3925);
#3169=AXIS2_PLACEMENT_3D('',#6156,#3928,#3929);
#3170=AXIS2_PLACEMENT_3D('',#6157,#3930,#3931);
#3171=AXIS2_PLACEMENT_3D('',#6158,#3932,#3933);
#3172=AXIS2_PLACEMENT_3D('',#6160,#3935,#3936);
#3173=AXIS2_PLACEMENT_3D('',#6162,#3938,#3939);
#3174=AXIS2_PLACEMENT_3D('',#6164,#3941,#3942);
#3175=AXIS2_PLACEMENT_3D('',#6165,#3943,#3944);
#3176=AXIS2_PLACEMENT_3D('',#6167,#3946,#3947);
#3177=AXIS2_PLACEMENT_3D('',#6169,#3949,#3950);
#3178=AXIS2_PLACEMENT_3D('',#6170,#3951,#3952);
#3179=AXIS2_PLACEMENT_3D('',#6171,#3953,#3954);
#3180=DIRECTION('axis',(0.,0.,1.));
#3181=DIRECTION('refdir',(1.,0.,0.));
#3182=DIRECTION('axis',(0.,0.,1.));
#3183=DIRECTION('refdir',(1.,0.,0.));
#3184=DIRECTION('center_axis',(0.,-1.,0.));
#3185=DIRECTION('ref_axis',(1.,0.,0.));
#3186=DIRECTION('center_axis',(0.,1.,0.));
#3187=DIRECTION('ref_axis',(1.,0.,0.));
#3188=DIRECTION('',(0.,1.,0.));
#3189=DIRECTION('center_axis',(0.,-1.,0.));
#3190=DIRECTION('ref_axis',(1.,0.,0.));
#3191=DIRECTION('',(0.,-1.,0.));
#3192=DIRECTION('center_axis',(0.707106781186549,0.,0.707106781186546));
#3193=DIRECTION('ref_axis',(-0.707106781186546,0.,0.707106781186549));
#3194=DIRECTION('',(0.707106781186546,0.,-0.707106781186549));
#3195=DIRECTION('',(0.,-1.,0.));
#3196=DIRECTION('',(-0.707106781186546,0.,0.707106781186549));
#3197=DIRECTION('center_axis',(0.,1.,0.));
#3198=DIRECTION('ref_axis',(1.,0.,0.));
#3199=DIRECTION('',(-0.707106781186547,0.,-0.707106781186548));
#3200=DIRECTION('',(1.,0.,0.));
#3201=DIRECTION('',(0.,0.,-1.));
#3202=DIRECTION('',(1.,0.,0.));
#3203=DIRECTION('',(0.,0.,-1.));
#3204=DIRECTION('',(1.,0.,0.));
#3205=DIRECTION('',(-0.707106781186546,0.,0.707106781186549));
#3206=DIRECTION('center_axis',(0.,-1.,0.));
#3207=DIRECTION('ref_axis',(-1.,0.,0.));
#3208=DIRECTION('',(-0.707106781186546,0.,-0.707106781186549));
#3209=DIRECTION('',(1.,0.,0.));
#3210=DIRECTION('',(0.,0.,-1.));
#3211=DIRECTION('',(1.,0.,0.));
#3212=DIRECTION('',(0.,0.,-1.));
#3213=DIRECTION('',(1.,0.,0.));
#3214=DIRECTION('center_axis',(0.,-1.,0.));
#3215=DIRECTION('ref_axis',(-1.,0.,0.));
#3216=DIRECTION('center_axis',(0.,1.,0.));
#3217=DIRECTION('ref_axis',(-1.,0.,0.));
#3218=DIRECTION('',(0.,1.,0.));
#3219=DIRECTION('',(0.,-1.,0.));
#3220=DIRECTION('center_axis',(-0.707106781186549,0.,0.707106781186546));
#3221=DIRECTION('ref_axis',(-0.707106781186546,0.,-0.707106781186549));
#3222=DIRECTION('',(-0.707106781186546,0.,-0.707106781186549));
#3223=DIRECTION('',(0.,-1.,0.));
#3224=DIRECTION('center_axis',(-1.,0.,0.));
#3225=DIRECTION('ref_axis',(0.,-0.70710678118655,-0.707106781186545));
#3226=DIRECTION('center_axis',(1.,0.,0.));
#3227=DIRECTION('ref_axis',(0.,-0.70710678118655,-0.707106781186545));
#3228=DIRECTION('',(1.,0.,0.));
#3229=DIRECTION('center_axis',(-1.,0.,0.));
#3230=DIRECTION('ref_axis',(0.,-0.70710678118655,-0.707106781186545));
#3231=DIRECTION('',(-1.,0.,0.));
#3232=DIRECTION('center_axis',(1.,0.,0.));
#3233=DIRECTION('ref_axis',(0.,-1.,0.));
#3234=DIRECTION('',(0.,-1.,0.));
#3235=DIRECTION('center_axis',(-1.,0.,0.));
#3236=DIRECTION('ref_axis',(0.,0.70710678118655,-0.707106781186545));
#3237=DIRECTION('',(0.,-1.,0.));
#3238=DIRECTION('',(0.,0.,-1.));
#3239=DIRECTION('center_axis',(0.,0.,-1.));
#3240=DIRECTION('ref_axis',(-1.,0.,0.));
#3241=DIRECTION('',(0.,1.,0.));
#3242=DIRECTION('',(-1.,0.,0.));
#3243=DIRECTION('center_axis',(1.,0.,0.));
#3244=DIRECTION('ref_axis',(0.,0.70710678118655,-0.707106781186545));
#3245=DIRECTION('center_axis',(1.,0.,0.));
#3246=DIRECTION('ref_axis',(0.,0.70710678118655,-0.707106781186545));
#3247=DIRECTION('center_axis',(0.,0.,-1.));
#3248=DIRECTION('ref_axis',(1.,0.,0.));
#3249=DIRECTION('',(0.,1.,0.));
#3250=DIRECTION('',(1.,0.,0.));
#3251=DIRECTION('',(0.,-1.,0.));
#3252=DIRECTION('center_axis',(0.,0.,1.));
#3253=DIRECTION('ref_axis',(-1.,0.,0.));
#3254=DIRECTION('',(0.,-1.,0.));
#3255=DIRECTION('',(-1.,0.,0.));
#3256=DIRECTION('center_axis',(0.,0.,1.));
#3257=DIRECTION('ref_axis',(-1.,0.,0.));
#3258=DIRECTION('',(0.,1.,0.));
#3259=DIRECTION('',(-1.,0.,0.));
#3260=DIRECTION('center_axis',(0.707106781186548,0.,-0.707106781186547));
#3261=DIRECTION('ref_axis',(0.707106781186547,0.,0.707106781186548));
#3262=DIRECTION('',(0.707106781186547,0.,0.707106781186548));
#3263=DIRECTION('',(0.,-1.,0.));
#3264=DIRECTION('center_axis',(0.,0.,-1.));
#3265=DIRECTION('ref_axis',(1.,0.,0.));
#3266=DIRECTION('',(1.,0.,0.));
#3267=DIRECTION('center_axis',(-0.707106781186549,0.,-0.707106781186546));
#3268=DIRECTION('ref_axis',(0.707106781186546,0.,-0.707106781186549));
#3269=DIRECTION('',(0.707106781186546,0.,-0.707106781186549));
#3270=DIRECTION('center_axis',(1.,0.,0.));
#3271=DIRECTION('ref_axis',(0.,-1.,0.));
#3272=DIRECTION('',(0.,-1.,0.));
#3273=DIRECTION('',(0.,0.,-1.));
#3274=DIRECTION('center_axis',(-1.,0.,0.));
#3275=DIRECTION('ref_axis',(0.,1.,0.));
#3276=DIRECTION('',(0.,0.,-1.));
#3277=DIRECTION('',(0.,1.,0.));
#3278=DIRECTION('center_axis',(0.,-1.,0.));
#3279=DIRECTION('ref_axis',(-1.,0.,0.));
#3280=DIRECTION('',(1.,0.,0.));
#3281=DIRECTION('',(0.,0.,-1.));
#3282=DIRECTION('center_axis',(-1.,0.,0.));
#3283=DIRECTION('ref_axis',(0.,1.,0.));
#3284=DIRECTION('center_axis',(0.,0.,-1.));
#3285=DIRECTION('ref_axis',(1.,0.,0.));
#3286=DIRECTION('axis',(0.,0.,1.));
#3287=DIRECTION('refdir',(1.,0.,0.));
#3288=DIRECTION('center_axis',(0.,0.,-1.));
#3289=DIRECTION('ref_axis',(3.62262446060069E-17,1.,0.));
#3290=DIRECTION('',(0.,0.,-1.));
#3291=DIRECTION('center_axis',(-1.96226594556436E-15,7.67907335922046E-16,
-1.));
#3292=DIRECTION('ref_axis',(-0.734387752190314,0.678730159513232,2.02866969793639E-15));
#3293=DIRECTION('center_axis',(0.,0.,-1.));
#3294=DIRECTION('ref_axis',(3.62262446060069E-17,1.,0.));
#3295=DIRECTION('',(0.,0.,-1.));
#3296=DIRECTION('center_axis',(0.,0.,-1.));
#3297=DIRECTION('ref_axis',(3.62262446060069E-17,1.,0.));
#3298=DIRECTION('',(0.,0.,-1.));
#3299=DIRECTION('center_axis',(5.33032773049642E-16,5.34903306612351E-16,
1.));
#3300=DIRECTION('ref_axis',(-0.925000164571953,0.379966703201557,2.89809956848055E-16));
#3301=DIRECTION('center_axis',(0.,7.51157299368577E-16,1.));
#3302=DIRECTION('ref_axis',(0.,-1.,7.51157299368577E-16));
#3303=DIRECTION('',(0.,7.51157299368577E-16,1.));
#3304=DIRECTION('center_axis',(0.,0.,-1.));
#3305=DIRECTION('ref_axis',(1.,2.66453525910038E-15,0.));
#3306=DIRECTION('center_axis',(0.,0.,-1.));
#3307=DIRECTION('ref_axis',(1.,2.66453525910038E-15,0.));
#3308=DIRECTION('center_axis',(0.,7.51157299368577E-16,1.));
#3309=DIRECTION('ref_axis',(0.,-1.,7.51157299368577E-16));
#3310=DIRECTION('',(0.,7.51157299368577E-16,1.));
#3311=DIRECTION('center_axis',(0.,7.51157299368577E-16,1.));
#3312=DIRECTION('ref_axis',(0.,-1.,7.51157299368577E-16));
#3313=DIRECTION('',(0.,7.51157299368577E-16,1.));
#3314=DIRECTION('center_axis',(0.,7.51157299368577E-16,1.));
#3315=DIRECTION('ref_axis',(0.,-1.,7.51157299368577E-16));
#3316=DIRECTION('',(0.,7.51157299368577E-16,1.));
#3317=DIRECTION('center_axis',(0.,7.51157299368577E-16,1.));
#3318=DIRECTION('ref_axis',(0.,-1.,7.51157299368577E-16));
#3319=DIRECTION('',(0.,7.51157299368577E-16,1.));
#3320=DIRECTION('center_axis',(0.,0.,1.));
#3321=DIRECTION('ref_axis',(-1.,0.,0.));
#3322=DIRECTION('center_axis',(0.,0.,1.));
#3323=DIRECTION('ref_axis',(1.,0.,0.));
#3324=DIRECTION('',(-0.707106781186549,-8.65956056235495E-17,0.707106781186546));
#3325=DIRECTION('center_axis',(0.,0.,1.));
#3326=DIRECTION('ref_axis',(1.,0.,0.));
#3327=DIRECTION('',(-0.707106781186549,-8.65956056235495E-17,0.707106781186546));
#3328=DIRECTION('center_axis',(0.,0.,1.));
#3329=DIRECTION('ref_axis',(1.,0.,0.));
#3330=DIRECTION('center_axis',(0.,0.,-1.));
#3331=DIRECTION('ref_axis',(-1.,0.,0.));
#3332=DIRECTION('center_axis',(0.,0.,1.));
#3333=DIRECTION('ref_axis',(-1.,0.,0.));
#3334=DIRECTION('',(0.707106781186549,-8.65956056235495E-17,-0.707106781186546));
#3335=DIRECTION('center_axis',(0.,0.,-1.));
#3336=DIRECTION('ref_axis',(-1.,0.,0.));
#3337=DIRECTION('center_axis',(0.,7.51157299368577E-16,1.));
#3338=DIRECTION('ref_axis',(0.,-1.,7.51157299368577E-16));
#3339=DIRECTION('center_axis',(0.,0.,1.));
#3340=DIRECTION('ref_axis',(1.,0.,0.));
#3341=DIRECTION('center_axis',(0.,0.,1.));
#3342=DIRECTION('ref_axis',(1.,0.,0.));
#3343=DIRECTION('center_axis',(0.,0.,1.));
#3344=DIRECTION('ref_axis',(1.,0.,0.));
#3345=DIRECTION('center_axis',(0.,0.,1.));
#3346=DIRECTION('ref_axis',(1.,0.,0.));
#3347=DIRECTION('center_axis',(0.,0.,1.));
#3348=DIRECTION('ref_axis',(1.,0.,0.));
#3349=DIRECTION('center_axis',(0.,0.,1.));
#3350=DIRECTION('ref_axis',(1.,0.,0.));
#3351=DIRECTION('center_axis',(0.,0.,1.));
#3352=DIRECTION('ref_axis',(1.,0.,0.));
#3353=DIRECTION('center_axis',(-1.,-6.00925839494863E-16,0.));
#3354=DIRECTION('ref_axis',(6.00925839494863E-16,-1.,0.));
#3355=DIRECTION('',(0.,0.,-1.));
#3356=DIRECTION('',(0.,0.,-1.));
#3357=DIRECTION('center_axis',(-0.5,-0.866025403784439,0.));
#3358=DIRECTION('ref_axis',(0.866025403784439,-0.5,0.));
#3359=DIRECTION('',(0.,0.,-1.));
#3360=DIRECTION('center_axis',(0.5,-0.866025403784439,0.));
#3361=DIRECTION('ref_axis',(0.866025403784439,0.5,0.));
#3362=DIRECTION('',(0.,0.,-1.));
#3363=DIRECTION('center_axis',(1.,0.,0.));
#3364=DIRECTION('ref_axis',(0.,0.,-1.));
#3365=DIRECTION('',(0.,0.,-1.));
#3366=DIRECTION('center_axis',(0.5,0.866025403784439,0.));
#3367=DIRECTION('ref_axis',(-0.866025403784439,0.5,0.));
#3368=DIRECTION('',(0.,0.,-1.));
#3369=DIRECTION('center_axis',(-0.5,0.866025403784439,0.));
#3370=DIRECTION('ref_axis',(-0.866025403784439,-0.5,0.));
#3371=DIRECTION('center_axis',(0.,0.,-1.));
#3372=DIRECTION('ref_axis',(1.,0.,0.));
#3373=DIRECTION('center_axis',(0.,0.,-1.));
#3374=DIRECTION('ref_axis',(1.,0.,0.));
#3375=DIRECTION('center_axis',(0.,0.,-1.));
#3376=DIRECTION('ref_axis',(1.,0.,0.));
#3377=DIRECTION('center_axis',(0.,0.,-1.));
#3378=DIRECTION('ref_axis',(1.,0.,0.));
#3379=DIRECTION('center_axis',(0.,0.,-1.));
#3380=DIRECTION('ref_axis',(1.,0.,0.));
#3381=DIRECTION('center_axis',(0.,0.,-1.));
#3382=DIRECTION('ref_axis',(1.,0.,0.));
#3383=DIRECTION('center_axis',(0.,0.,1.));
#3384=DIRECTION('ref_axis',(-1.,0.,0.));
#3385=DIRECTION('center_axis',(0.,0.,1.));
#3386=DIRECTION('ref_axis',(1.,0.,0.));
#3387=DIRECTION('center_axis',(0.,0.,1.));
#3388=DIRECTION('ref_axis',(-1.,0.,0.));
#3389=DIRECTION('center_axis',(0.,0.,1.));
#3390=DIRECTION('ref_axis',(1.,0.,0.));
#3391=DIRECTION('center_axis',(0.,0.,1.));
#3392=DIRECTION('ref_axis',(-1.,0.,0.));
#3393=DIRECTION('center_axis',(0.,0.,1.));
#3394=DIRECTION('ref_axis',(1.,0.,0.));
#3395=DIRECTION('center_axis',(0.,0.,1.));
#3396=DIRECTION('ref_axis',(-1.,0.,0.));
#3397=DIRECTION('center_axis',(0.,0.,-1.));
#3398=DIRECTION('ref_axis',(-1.,0.,0.));
#3399=DIRECTION('center_axis',(0.,0.,1.));
#3400=DIRECTION('ref_axis',(-1.,0.,0.));
#3401=DIRECTION('center_axis',(0.,0.,1.));
#3402=DIRECTION('ref_axis',(1.,0.,0.));
#3403=DIRECTION('center_axis',(0.,0.,1.));
#3404=DIRECTION('ref_axis',(-1.,0.,0.));
#3405=DIRECTION('center_axis',(0.,0.,1.));
#3406=DIRECTION('ref_axis',(1.,0.,0.));
#3407=DIRECTION('center_axis',(0.,0.,1.));
#3408=DIRECTION('ref_axis',(1.,0.,0.));
#3409=DIRECTION('center_axis',(0.,0.,-1.));
#3410=DIRECTION('ref_axis',(3.62262446060069E-17,1.,0.));
#3411=DIRECTION('center_axis',(-0.342699560590483,-0.840265201550601,-0.4201326007753));
#3412=DIRECTION('ref_axis',(-0.531116690860325,0.542175609063271,-0.651122622573083));
#3413=DIRECTION('center_axis',(0.20094414372133,0.,-0.97960270064149));
#3414=DIRECTION('ref_axis',(0.,1.,0.));
#3415=DIRECTION('center_axis',(-1.,-3.70074341541719E-15,0.));
#3416=DIRECTION('ref_axis',(0.,0.,-1.));
#3417=DIRECTION('center_axis',(0.,1.,0.));
#3418=DIRECTION('ref_axis',(-0.97960270064149,0.,-0.20094414372133));
#3419=DIRECTION('center_axis',(1.,0.,0.));
#3420=DIRECTION('ref_axis',(0.,0.707106781186545,-0.70710678118655));
#3421=DIRECTION('center_axis',(-1.,0.,0.));
#3422=DIRECTION('ref_axis',(0.,0.707106781186545,-0.70710678118655));
#3423=DIRECTION('',(-1.,0.,0.));
#3424=DIRECTION('',(1.,0.,0.));
#3425=DIRECTION('center_axis',(0.342699560590493,-0.840265201550598,0.420132600775298));
#3426=DIRECTION('ref_axis',(-0.531116690860334,-0.542175609063273,-0.651122622573073));
#3427=DIRECTION('center_axis',(-1.,0.,-3.70074341541718E-15));
#3428=DIRECTION('ref_axis',(0.,-1.,0.));
#3429=DIRECTION('center_axis',(0.20094414372133,-7.99415920499115E-15,-0.979602700641491));
#3430=DIRECTION('ref_axis',(-0.97960270064149,0.,-0.200944143721329));
#3431=DIRECTION('center_axis',(0.,-1.,0.));
#3432=DIRECTION('ref_axis',(0.,0.,-1.));
#3433=DIRECTION('center_axis',(-0.0478334582432948,-0.0403856076238652,
0.998038557857029));
#3434=DIRECTION('ref_axis',(-0.998853453910725,0.,-0.0478725141455445));
#3435=DIRECTION('center_axis',(-0.0606404790918288,0.,0.998159672745555));
#3436=DIRECTION('ref_axis',(-0.998159672745555,0.,-0.0606404790918288));
#3437=DIRECTION('center_axis',(0.,1.,0.));
#3438=DIRECTION('ref_axis',(0.,0.,1.));
#3439=DIRECTION('center_axis',(-0.200944143721332,0.,0.97960270064149));
#3440=DIRECTION('ref_axis',(-0.97960270064149,0.,-0.200944143721332));
#3441=DIRECTION('center_axis',(0.,1.,0.));
#3442=DIRECTION('ref_axis',(-0.991564356861812,0.,-0.129615300799026));
#3443=DIRECTION('center_axis',(0.,-1.,0.));
#3444=DIRECTION('ref_axis',(-0.991564356861812,0.,-0.129615300799026));
#3445=DIRECTION('center_axis',(0.200944143721331,0.,-0.97960270064149));
#3446=DIRECTION('ref_axis',(-0.692683712492252,-0.707106781186549,-0.142088966665077));
#3447=DIRECTION('',(-0.200944143721331,0.,0.97960270064149));
#3448=DIRECTION('',(0.200944143721331,0.,-0.97960270064149));
#3449=DIRECTION('center_axis',(0.,1.,0.));
#3450=DIRECTION('ref_axis',(-0.632082216281505,0.,-0.774901330403207));
#3451=DIRECTION('',(0.,-1.,0.));
#3452=DIRECTION('',(0.,1.,0.));
#3453=DIRECTION('center_axis',(-1.,0.,0.));
#3454=DIRECTION('ref_axis',(0.,-0.707106781186545,-0.70710678118655));
#3455=DIRECTION('center_axis',(-1.,0.,0.));
#3456=DIRECTION('ref_axis',(0.,-0.707106781186545,-0.70710678118655));
#3457=DIRECTION('',(-1.,0.,0.));
#3458=DIRECTION('',(1.,0.,0.));
#3459=DIRECTION('center_axis',(-0.200944143721331,0.,0.97960270064149));
#3460=DIRECTION('ref_axis',(-0.692683712492252,0.707106781186549,-0.142088966665078));
#3461=DIRECTION('center_axis',(0.20094414372133,0.,-0.97960270064149));
#3462=DIRECTION('ref_axis',(-0.97960270064149,0.,-0.20094414372133));
#3463=DIRECTION('',(0.200944143721331,0.,-0.97960270064149));
#3464=DIRECTION('',(-0.200944143721331,0.,0.97960270064149));
#3465=DIRECTION('center_axis',(0.,-1.,0.));
#3466=DIRECTION('ref_axis',(0.,0.,-1.));
#3467=DIRECTION('center_axis',(0.0606404790918286,-2.24414853706828E-16,
-0.998159672745555));
#3468=DIRECTION('ref_axis',(-0.998159672745555,0.,-0.0606404790918285));
#3469=DIRECTION('center_axis',(0.,-1.,0.));
#3470=DIRECTION('ref_axis',(-0.991564356861812,0.,-0.129615300799025));
#3471=DIRECTION('center_axis',(0.,1.,0.));
#3472=DIRECTION('ref_axis',(-0.991564356861812,0.,-0.129615300799026));
#3473=DIRECTION('center_axis',(0.0478334582432936,-0.0403856076238652,-0.998038557857029));
#3474=DIRECTION('ref_axis',(-0.998853453910725,1.85037170770859E-15,-0.0478725141455434));
#3475=DIRECTION('center_axis',(0.,-1.,0.));
#3476=DIRECTION('ref_axis',(-1.,0.,0.));
#3477=DIRECTION('',(0.,0.,1.));
#3478=DIRECTION('',(-0.707106781186546,0.,0.707106781186549));
#3479=DIRECTION('center_axis',(0.,-1.,0.));
#3480=DIRECTION('ref_axis',(-1.,0.,0.));
#3481=DIRECTION('',(0.707106781186546,0.,0.707106781186549));
#3482=DIRECTION('',(0.,0.,1.));
#3483=DIRECTION('',(1.,0.,0.));
#3484=DIRECTION('',(0.,0.,-1.));
#3485=DIRECTION('',(0.707106781186546,0.,-0.707106781186549));
#3486=DIRECTION('center_axis',(0.,-1.,0.));
#3487=DIRECTION('ref_axis',(1.,0.,0.));
#3488=DIRECTION('',(-0.707106781186547,0.,-0.707106781186548));
#3489=DIRECTION('',(0.,0.,-1.));
#3490=DIRECTION('',(-1.,0.,0.));
#3491=DIRECTION('',(-0.200944143721331,0.,-0.97960270064149));
#3492=DIRECTION('center_axis',(0.,1.,0.));
#3493=DIRECTION('ref_axis',(0.991564356861812,0.,-0.129615300799026));
#3494=DIRECTION('',(1.,0.,0.));
#3495=DIRECTION('',(0.,0.,-1.));
#3496=DIRECTION('',(-1.,0.,0.));
#3497=DIRECTION('',(0.,0.,1.));
#3498=DIRECTION('',(1.,0.,0.));
#3499=DIRECTION('center_axis',(0.,0.,-1.));
#3500=DIRECTION('ref_axis',(-1.,0.,0.));
#3501=DIRECTION('',(0.,-1.,0.));
#3502=DIRECTION('center_axis',(-1.,0.,0.));
#3503=DIRECTION('ref_axis',(0.,-1.,0.));
#3504=DIRECTION('',(0.,0.,-1.));
#3505=DIRECTION('',(0.,-1.,0.));
#3506=DIRECTION('center_axis',(0.,1.,0.));
#3507=DIRECTION('ref_axis',(1.,0.,0.));
#3508=DIRECTION('',(-1.,0.,0.));
#3509=DIRECTION('center_axis',(0.,-1.,0.));
#3510=DIRECTION('ref_axis',(0.991564356861812,0.,-0.129615300799026));
#3511=DIRECTION('',(0.200944143721331,0.,0.97960270064149));
#3512=DIRECTION('',(1.,0.,0.));
#3513=DIRECTION('',(0.,0.,1.));
#3514=DIRECTION('',(0.707106781186547,0.,0.707106781186548));
#3515=DIRECTION('center_axis',(0.,1.,0.));
#3516=DIRECTION('ref_axis',(1.,0.,0.));
#3517=DIRECTION('',(-0.707106781186546,0.,0.707106781186549));
#3518=DIRECTION('',(0.,0.,1.));
#3519=DIRECTION('',(-1.,0.,0.));
#3520=DIRECTION('',(0.,0.,-1.));
#3521=DIRECTION('',(-0.707106781186546,0.,-0.707106781186549));
#3522=DIRECTION('center_axis',(0.,1.,0.));
#3523=DIRECTION('ref_axis',(-1.,0.,0.));
#3524=DIRECTION('',(0.707106781186546,0.,-0.707106781186549));
#3525=DIRECTION('center_axis',(1.,0.,0.));
#3526=DIRECTION('ref_axis',(0.,-0.133333333333333,0.991071249821234));
#3527=DIRECTION('',(-1.,0.,0.));
#3528=DIRECTION('center_axis',(0.,0.707106781186547,-0.707106781186548));
#3529=DIRECTION('ref_axis',(-1.,0.,0.));
#3530=DIRECTION('',(-1.,0.,0.));
#3531=DIRECTION('',(0.,0.707106781186548,0.707106781186547));
#3532=DIRECTION('',(1.,0.,0.));
#3533=DIRECTION('',(0.,-0.707106781186548,-0.707106781186547));
#3534=DIRECTION('',(-1.,0.,0.));
#3535=DIRECTION('center_axis',(0.342699560590484,-0.8402652015506,-0.420132600775301));
#3536=DIRECTION('ref_axis',(0.531116690860325,0.542175609063274,-0.651122622573081));
#3537=DIRECTION('center_axis',(1.,0.,-3.70074341541718E-15));
#3538=DIRECTION('ref_axis',(0.,1.,0.));
#3539=DIRECTION('center_axis',(-0.200944143721331,0.,-0.97960270064149));
#3540=DIRECTION('ref_axis',(0.97960270064149,0.,-0.200944143721331));
#3541=DIRECTION('center_axis',(0.,1.,0.));
#3542=DIRECTION('ref_axis',(0.,0.,-1.));
#3543=DIRECTION('center_axis',(0.0478334582432937,0.0403856076238652,0.998038557857029));
#3544=DIRECTION('ref_axis',(0.998853453910725,0.,-0.0478725141455434));
#3545=DIRECTION('center_axis',(0.0606404790918297,0.,0.998159672745555));
#3546=DIRECTION('ref_axis',(0.998159672745555,0.,-0.0606404790918297));
#3547=DIRECTION('center_axis',(0.,-1.,0.));
#3548=DIRECTION('ref_axis',(0.,0.,-1.));
#3549=DIRECTION('center_axis',(0.200944143721332,0.,0.97960270064149));
#3550=DIRECTION('ref_axis',(0.97960270064149,0.,-0.200944143721332));
#3551=DIRECTION('center_axis',(0.,1.,0.));
#3552=DIRECTION('ref_axis',(0.991564356861812,0.,-0.129615300799026));
#3553=DIRECTION('center_axis',(-0.200944143721331,0.,-0.97960270064149));
#3554=DIRECTION('ref_axis',(0.692683712492252,0.707106781186549,-0.142088966665077));
#3555=DIRECTION('',(-0.200944143721331,0.,-0.97960270064149));
#3556=DIRECTION('center_axis',(-0.342699560590483,-0.840265201550601,0.4201326007753));
#3557=DIRECTION('ref_axis',(0.531116690860323,-0.542175609063272,-0.651122622573084));
#3558=DIRECTION('center_axis',(-0.20094414372133,0.,-0.97960270064149));
#3559=DIRECTION('ref_axis',(0.,-1.,0.));
#3560=DIRECTION('center_axis',(1.,-3.70074341541719E-15,0.));
#3561=DIRECTION('ref_axis',(0.,0.,-1.));
#3562=DIRECTION('center_axis',(0.,-1.,0.));
#3563=DIRECTION('ref_axis',(0.97960270064149,0.,-0.200944143721331));
#3564=DIRECTION('center_axis',(-1.,0.,0.));
#3565=DIRECTION('ref_axis',(0.,-0.707106781186545,-0.70710678118655));
#3566=DIRECTION('center_axis',(1.,0.,0.));
#3567=DIRECTION('ref_axis',(0.,-0.707106781186545,-0.70710678118655));
#3568=DIRECTION('',(1.,0.,0.));
#3569=DIRECTION('center_axis',(0.,-1.,0.));
#3570=DIRECTION('ref_axis',(0.632082216281502,0.,-0.77490133040321));
#3571=DIRECTION('',(0.,1.,0.));
#3572=DIRECTION('',(0.,-1.,0.));
#3573=DIRECTION('center_axis',(0.200944143721331,0.,0.97960270064149));
#3574=DIRECTION('ref_axis',(0.692683712492252,-0.707106781186549,-0.142088966665077));
#3575=DIRECTION('center_axis',(-0.200944143721331,0.,-0.97960270064149));
#3576=DIRECTION('ref_axis',(0.97960270064149,0.,-0.200944143721331));
#3577=DIRECTION('',(0.200944143721331,0.,0.97960270064149));
#3578=DIRECTION('center_axis',(0.,1.,0.));
#3579=DIRECTION('ref_axis',(0.,0.,1.));
#3580=DIRECTION('center_axis',(-0.0606404790918295,2.24414853706832E-16,
-0.998159672745555));
#3581=DIRECTION('ref_axis',(0.998159672745555,0.,-0.0606404790918295));
#3582=DIRECTION('center_axis',(0.,-1.,0.));
#3583=DIRECTION('ref_axis',(0.991564356861812,0.,-0.129615300799026));
#3584=DIRECTION('center_axis',(-0.0478334582432936,0.0403856076238652,-0.998038557857029));
#3585=DIRECTION('ref_axis',(0.998853453910725,-1.85037170770859E-15,-0.0478725141455434));
#3586=DIRECTION('center_axis',(1.,0.,0.));
#3587=DIRECTION('ref_axis',(0.,0.707106781186545,-0.70710678118655));
#3588=DIRECTION('center_axis',(1.,0.,0.));
#3589=DIRECTION('ref_axis',(0.,0.707106781186545,-0.70710678118655));
#3590=DIRECTION('',(-1.,0.,0.));
#3591=DIRECTION('center_axis',(0.,0.,-1.));
#3592=DIRECTION('ref_axis',(-1.,0.,0.));
#3593=DIRECTION('',(0.,1.,0.));
#3594=DIRECTION('center_axis',(1.,0.,0.));
#3595=DIRECTION('ref_axis',(0.,1.,0.));
#3596=DIRECTION('',(0.,1.,0.));
#3597=DIRECTION('center_axis',(-1.,0.,0.));
#3598=DIRECTION('ref_axis',(0.,0.133333333333333,0.991071249821234));
#3599=DIRECTION('',(1.,0.,0.));
#3600=DIRECTION('center_axis',(0.,-0.707106781186547,-0.707106781186548));
#3601=DIRECTION('ref_axis',(-1.,0.,0.));
#3602=DIRECTION('',(1.,0.,0.));
#3603=DIRECTION('',(0.,0.707106781186546,-0.707106781186549));
#3604=DIRECTION('',(-1.,0.,0.));
#3605=DIRECTION('',(0.,0.707106781186548,-0.707106781186547));
#3606=DIRECTION('',(1.,0.,0.));
#3607=DIRECTION('center_axis',(0.,0.,1.));
#3608=DIRECTION('ref_axis',(1.,0.,0.));
#3609=DIRECTION('center_axis',(0.,0.,1.));
#3610=DIRECTION('ref_axis',(-0.707106781186548,-0.707106781186548,0.));
#3611=DIRECTION('',(0.,-1.,0.));
#3612=DIRECTION('center_axis',(0.,0.,1.));
#3613=DIRECTION('ref_axis',(-0.707106781186548,0.707106781186548,0.));
#3614=DIRECTION('',(0.,-1.,0.));
#3615=DIRECTION('',(-0.866025403784824,0.499999999999332,0.));
#3616=DIRECTION('',(-0.866025403784067,-0.500000000000644,0.));
#3617=DIRECTION('',(6.78138677973901E-13,-1.,0.));
#3618=DIRECTION('',(0.866025403784806,-0.499999999999365,0.));
#3619=DIRECTION('',(0.866025403784075,0.500000000000629,0.));
#3620=DIRECTION('',(-7.26801407180324E-13,1.,0.));
#3621=DIRECTION('center_axis',(0.,0.,1.));
#3622=DIRECTION('ref_axis',(1.,0.,0.));
#3623=DIRECTION('center_axis',(0.,0.,1.));
#3624=DIRECTION('ref_axis',(0.707106781186548,0.707106781186547,0.));
#3625=DIRECTION('',(0.,1.,0.));
#3626=DIRECTION('center_axis',(0.,0.,1.));
#3627=DIRECTION('ref_axis',(0.923879532511287,-0.382683432365089,0.));
#3628=DIRECTION('',(0.707106781186548,0.707106781186547,0.));
#3629=DIRECTION('center_axis',(0.,0.,1.));
#3630=DIRECTION('ref_axis',(0.38268343236509,-0.923879532511287,0.));
#3631=DIRECTION('',(0.,1.,0.));
#3632=DIRECTION('',(-0.86602540378442,-0.500000000000032,0.));
#3633=DIRECTION('',(3.68894882693997E-14,-1.,0.));
#3634=DIRECTION('',(0.866025403784458,-0.499999999999966,0.));
#3635=DIRECTION('',(0.866025403784421,0.500000000000031,0.));
#3636=DIRECTION('',(-3.68894882693997E-14,1.,0.));
#3637=DIRECTION('',(-0.866025403784457,0.499999999999967,0.));
#3638=DIRECTION('center_axis',(0.,-1.,0.));
#3639=DIRECTION('ref_axis',(0.,0.,-1.));
#3640=DIRECTION('',(0.,1.,0.));
#3641=DIRECTION('center_axis',(0.,1.,0.));
#3642=DIRECTION('ref_axis',(0.,0.,-1.));
#3643=DIRECTION('',(0.,-1.,0.));
#3644=DIRECTION('center_axis',(0.,-1.,0.));
#3645=DIRECTION('ref_axis',(-0.994887606878659,0.,-0.100988364078516));
#3646=DIRECTION('',(0.,-1.,0.));
#3647=DIRECTION('center_axis',(0.97960270064149,0.,0.200944143721331));
#3648=DIRECTION('ref_axis',(0.200944143721331,0.,-0.97960270064149));
#3649=DIRECTION('center_axis',(0.,1.,0.));
#3650=DIRECTION('ref_axis',(0.994887606878659,0.,-0.100988364078516));
#3651=DIRECTION('',(0.,1.,0.));
#3652=DIRECTION('center_axis',(-0.97960270064149,0.,0.200944143721331));
#3653=DIRECTION('ref_axis',(0.200944143721331,0.,0.97960270064149));
#3654=DIRECTION('center_axis',(0.,0.,1.));
#3655=DIRECTION('ref_axis',(0.707106781186548,0.707106781186547,0.));
#3656=DIRECTION('center_axis',(0.,0.,-1.));
#3657=DIRECTION('ref_axis',(0.707106781186548,0.707106781186547,0.));
#3658=DIRECTION('',(-0.707106781186552,0.,-0.707106781186543));
#3659=DIRECTION('center_axis',(0.707106781186547,0.,-0.707106781186548));
#3660=DIRECTION('ref_axis',(-0.707106781186548,0.,-0.707106781186547));
#3661=DIRECTION('',(0.,-1.,0.));
#3662=DIRECTION('',(-0.707106781186548,0.,-0.707106781186547));
#3663=DIRECTION('center_axis',(0.,0.,1.));
#3664=DIRECTION('ref_axis',(0.923879532511287,-0.382683432365089,0.));
#3665=DIRECTION('center_axis',(0.,0.,-1.));
#3666=DIRECTION('ref_axis',(0.923879532511287,-0.382683432365089,0.));
#3667=DIRECTION('',(-0.499999999999996,0.500000000000001,-0.70710678118655));
#3668=DIRECTION('center_axis',(0.499999999999998,-0.499999999999998,-0.70710678118655));
#3669=DIRECTION('ref_axis',(-0.816496580927728,0.,-0.577350269189623));
#3670=DIRECTION('',(-0.707106781186548,-0.707106781186547,0.));
#3671=DIRECTION('',(-0.499999999999999,0.500000000000007,-0.707106781186543));
#3672=DIRECTION('center_axis',(0.,0.,1.));
#3673=DIRECTION('ref_axis',(0.38268343236509,-0.923879532511287,0.));
#3674=DIRECTION('center_axis',(0.,0.,-1.));
#3675=DIRECTION('ref_axis',(0.38268343236509,-0.923879532511287,0.));
#3676=DIRECTION('center_axis',(0.,0.,1.));
#3677=DIRECTION('ref_axis',(-0.707106781186547,-0.707106781186547,0.));
#3678=DIRECTION('center_axis',(0.,0.,-1.));
#3679=DIRECTION('ref_axis',(-0.707106781186548,-0.707106781186548,0.));
#3680=DIRECTION('',(0.707106781186548,0.,-0.707106781186547));
#3681=DIRECTION('center_axis',(-0.707106781186547,0.,-0.707106781186548));
#3682=DIRECTION('ref_axis',(-0.707106781186548,0.,0.707106781186547));
#3683=DIRECTION('',(0.707106781186548,0.,-0.707106781186547));
#3684=DIRECTION('',(0.,1.,0.));
#3685=DIRECTION('center_axis',(0.,0.,1.));
#3686=DIRECTION('ref_axis',(-0.707106781186547,0.707106781186547,0.));
#3687=DIRECTION('center_axis',(0.,0.,-1.));
#3688=DIRECTION('ref_axis',(-0.707106781186548,0.707106781186548,0.));
#3689=DIRECTION('center_axis',(0.707106781186547,-0.707106781186548,0.));
#3690=DIRECTION('ref_axis',(0.707106781186548,0.707106781186547,0.));
#3691=DIRECTION('',(0.,0.,-1.));
#3692=DIRECTION('',(0.707106781186548,0.707106781186547,0.));
#3693=DIRECTION('',(0.,0.,1.));
#3694=DIRECTION('center_axis',(0.,0.,1.));
#3695=DIRECTION('ref_axis',(0.923879532511287,-0.382683432365089,0.));
#3696=DIRECTION('',(0.,0.,1.));
#3697=DIRECTION('center_axis',(0.,0.,1.));
#3698=DIRECTION('ref_axis',(0.923879532511287,-0.382683432365089,0.));
#3699=DIRECTION('center_axis',(1.,0.,0.));
#3700=DIRECTION('ref_axis',(0.,1.,0.));
#3701=DIRECTION('',(0.,0.,-1.));
#3702=DIRECTION('',(0.,1.,0.));
#3703=DIRECTION('center_axis',(0.,0.,1.));
#3704=DIRECTION('ref_axis',(0.707106781186548,0.707106781186547,0.));
#3705=DIRECTION('',(0.,0.,1.));
#3706=DIRECTION('center_axis',(0.,0.,1.));
#3707=DIRECTION('ref_axis',(0.707106781186548,0.707106781186547,0.));
#3708=DIRECTION('center_axis',(0.,1.,0.));
#3709=DIRECTION('ref_axis',(-1.,0.,0.));
#3710=DIRECTION('',(0.,0.,-1.));
#3711=DIRECTION('',(-1.,0.,0.));
#3712=DIRECTION('center_axis',(0.,0.,1.));
#3713=DIRECTION('ref_axis',(1.,0.,0.));
#3714=DIRECTION('center_axis',(0.,1.,0.));
#3715=DIRECTION('ref_axis',(-1.,0.,0.));
#3716=DIRECTION('center_axis',(0.,0.,-1.));
#3717=DIRECTION('ref_axis',(-0.707106781186547,0.707106781186547,0.));
#3718=DIRECTION('center_axis',(-1.,0.,0.));
#3719=DIRECTION('ref_axis',(0.,0.,1.));
#3720=DIRECTION('center_axis',(0.,0.,1.));
#3721=DIRECTION('ref_axis',(-0.707106781186548,0.707106781186548,0.));
#3722=DIRECTION('center_axis',(0.,0.,1.));
#3723=DIRECTION('ref_axis',(-0.707106781186548,0.707106781186548,0.));
#3724=DIRECTION('',(0.,0.,1.));
#3725=DIRECTION('center_axis',(-1.,0.,0.));
#3726=DIRECTION('ref_axis',(0.,0.707106781186548,0.707106781186548));
#3727=DIRECTION('',(1.,0.,0.));
#3728=DIRECTION('center_axis',(1.,0.,0.));
#3729=DIRECTION('ref_axis',(0.,1.,0.));
#3730=DIRECTION('center_axis',(0.,0.,1.));
#3731=DIRECTION('ref_axis',(1.,0.,0.));
#3732=DIRECTION('',(0.,1.,0.));
#3733=DIRECTION('center_axis',(0.,0.,-1.));
#3734=DIRECTION('ref_axis',(-0.707106781186547,-0.707106781186547,0.));
#3735=DIRECTION('',(-1.,0.,0.));
#3736=DIRECTION('center_axis',(0.,0.,-1.));
#3737=DIRECTION('ref_axis',(0.382683432365089,-0.923879532511287,0.));
#3738=DIRECTION('',(-0.707106781186548,-0.707106781186547,0.));
#3739=DIRECTION('center_axis',(0.,0.,-1.));
#3740=DIRECTION('ref_axis',(0.923879532511287,-0.382683432365089,0.));
#3741=DIRECTION('',(0.,-1.,0.));
#3742=DIRECTION('center_axis',(0.,0.,-1.));
#3743=DIRECTION('ref_axis',(0.707106781186548,0.707106781186546,0.));
#3744=DIRECTION('center_axis',(0.,0.,-1.));
#3745=DIRECTION('ref_axis',(1.,0.,0.));
#3746=DIRECTION('center_axis',(0.,0.,-1.));
#3747=DIRECTION('ref_axis',(1.,0.,0.));
#3748=DIRECTION('center_axis',(0.,-1.,0.));
#3749=DIRECTION('ref_axis',(-0.707106781186548,0.,0.707106781186548));
#3750=DIRECTION('',(0.,-1.,0.));
#3751=DIRECTION('center_axis',(0.,-1.,0.));
#3752=DIRECTION('ref_axis',(0.,0.,1.));
#3753=DIRECTION('center_axis',(0.,0.,1.));
#3754=DIRECTION('ref_axis',(1.,0.,0.));
#3755=DIRECTION('center_axis',(-1.,0.,0.));
#3756=DIRECTION('ref_axis',(0.,-1.,0.));
#3757=DIRECTION('center_axis',(0.,0.,1.));
#3758=DIRECTION('ref_axis',(-0.707106781186548,-0.707106781186548,0.));
#3759=DIRECTION('center_axis',(0.,0.,1.));
#3760=DIRECTION('ref_axis',(-0.707106781186548,-0.707106781186548,0.));
#3761=DIRECTION('',(0.,0.,1.));
#3762=DIRECTION('',(0.,0.,-1.));
#3763=DIRECTION('center_axis',(-1.,0.,0.));
#3764=DIRECTION('ref_axis',(0.,-1.,0.));
#3765=DIRECTION('center_axis',(0.,0.,1.));
#3766=DIRECTION('ref_axis',(1.,0.,0.));
#3767=DIRECTION('center_axis',(-5.55111512312578E-15,1.,6.16297582203914E-29));
#3768=DIRECTION('ref_axis',(1.11022302462516E-14,0.,1.));
#3769=DIRECTION('center_axis',(0.,1.,0.));
#3770=DIRECTION('ref_axis',(0.707106781186548,0.,0.707106781186548));
#3771=DIRECTION('center_axis',(0.,-1.,0.));
#3772=DIRECTION('ref_axis',(1.,0.,0.));
#3773=DIRECTION('center_axis',(0.,0.,1.));
#3774=DIRECTION('ref_axis',(1.,0.,0.));
#3775=DIRECTION('center_axis',(0.707106781186552,0.707106781186543,1.96261557335471E-15));
#3776=DIRECTION('ref_axis',(0.,-2.77555756156289E-15,1.));
#3777=DIRECTION('center_axis',(0.707106781186548,0.707106781186547,0.));
#3778=DIRECTION('ref_axis',(0.500000000000001,-0.500000000000001,0.707106781186546));
#3779=DIRECTION('center_axis',(-0.707106781186548,-0.707106781186548,3.92523114670943E-15));
#3780=DIRECTION('ref_axis',(0.707106781186547,-0.707106781186547,0.));
#3781=DIRECTION('center_axis',(0.,0.,1.));
#3782=DIRECTION('ref_axis',(1.,0.,0.));
#3783=DIRECTION('center_axis',(1.,0.,0.));
#3784=DIRECTION('ref_axis',(0.,0.,1.));
#3785=DIRECTION('center_axis',(0.,0.,1.));
#3786=DIRECTION('ref_axis',(0.382683432365089,-0.923879532511287,0.));
#3787=DIRECTION('center_axis',(0.,0.,1.));
#3788=DIRECTION('ref_axis',(0.38268343236509,-0.923879532511287,0.));
#3789=DIRECTION('',(0.,0.,-1.));
#3790=DIRECTION('center_axis',(1.,0.,0.));
#3791=DIRECTION('ref_axis',(0.,-0.707106781186548,0.707106781186548));
#3792=DIRECTION('',(1.,0.,0.));
#3793=DIRECTION('center_axis',(0.,-1.,0.));
#3794=DIRECTION('ref_axis',(1.,0.,0.));
#3795=DIRECTION('center_axis',(-0.353553390593296,0.612372435695779,-0.70710678118655));
#3796=DIRECTION('ref_axis',(-0.894427190999905,0.,0.447213595499979));
#3797=DIRECTION('',(-2.90724631350149E-14,0.755928946018455,0.654653670707977));
#3798=DIRECTION('',(0.86602540378442,0.500000000000032,0.));
#3799=DIRECTION('',(-0.654653670707992,0.377964473009203,0.654653670707977));
#3800=DIRECTION('center_axis',(0.353553390593251,0.612372435695807,-0.707106781186548));
#3801=DIRECTION('ref_axis',(-0.894427190999928,0.,-0.447213595499934));
#3802=DIRECTION('',(0.654653670707963,0.377964473009253,0.654653670707977));
#3803=DIRECTION('',(0.866025403784457,-0.499999999999967,0.));
#3804=DIRECTION('center_axis',(-0.707106781186547,-2.60848073097941E-14,
-0.707106781186548));
#3805=DIRECTION('ref_axis',(-0.707106781186548,0.,0.707106781186547));
#3806=DIRECTION('',(-3.68894882693997E-14,1.,0.));
#3807=DIRECTION('',(0.654653670707963,0.37796447300925,-0.654653670707978));
#3808=DIRECTION('center_axis',(0.707106781186547,2.60848073097941E-14,-0.707106781186548));
#3809=DIRECTION('ref_axis',(-0.707106781186548,0.,-0.707106781186547));
#3810=DIRECTION('',(0.654653670707989,-0.377964473009207,0.654653670707977));
#3811=DIRECTION('',(3.68894882693997E-14,-1.,0.));
#3812=DIRECTION('center_axis',(0.353553390593295,-0.612372435695781,-0.707106781186548));
#3813=DIRECTION('ref_axis',(-0.894427190999905,0.,-0.447213595499979));
#3814=DIRECTION('',(3.63405789187686E-14,-0.755928946018455,0.654653670707977));
#3815=DIRECTION('',(-0.866025403784421,-0.500000000000031,0.));
#3816=DIRECTION('center_axis',(-0.35355339059325,-0.612372435695809,-0.707106781186547));
#3817=DIRECTION('ref_axis',(-0.894427190999928,0.,0.447213595499934));
#3818=DIRECTION('',(-0.866025403784458,0.499999999999966,0.));
#3819=DIRECTION('center_axis',(0.499999999999966,0.866025403784459,0.));
#3820=DIRECTION('ref_axis',(-0.866025403784458,0.499999999999966,0.));
#3821=DIRECTION('',(0.,0.,1.));
#3822=DIRECTION('',(-0.866025403784458,0.499999999999966,0.));
#3823=DIRECTION('',(0.,0.,1.));
#3824=DIRECTION('center_axis',(1.,3.68894882693997E-14,0.));
#3825=DIRECTION('ref_axis',(-3.68894882693997E-14,1.,0.));
#3826=DIRECTION('',(0.,0.,1.));
#3827=DIRECTION('',(-3.68894882693997E-14,1.,0.));
#3828=DIRECTION('center_axis',(0.500000000000032,-0.86602540378442,0.));
#3829=DIRECTION('ref_axis',(0.86602540378442,0.500000000000032,0.));
#3830=DIRECTION('',(0.,0.,1.));
#3831=DIRECTION('',(0.86602540378442,0.500000000000032,0.));
#3832=DIRECTION('center_axis',(0.353553390592802,0.612372435696068,-0.707106781186547));
#3833=DIRECTION('ref_axis',(-0.894427191000154,0.,-0.447213595499481));
#3834=DIRECTION('',(0.654653670707696,0.377964473009722,0.654653670707972));
#3835=DIRECTION('',(0.866025403784824,-0.499999999999332,0.));
#3836=DIRECTION('',(-5.66913031132793E-13,0.755928946018452,0.654653670707981));
#3837=DIRECTION('center_axis',(0.707106781186547,5.13926203593132E-13,-0.707106781186548));
#3838=DIRECTION('ref_axis',(-0.707106781186548,0.,-0.707106781186547));
#3839=DIRECTION('',(0.654653670708241,-0.377964473008769,0.654653670707978));
#3840=DIRECTION('',(7.26801407180324E-13,-1.,0.));
#3841=DIRECTION('center_axis',(-0.353553390593729,0.612372435695531,-0.707106781186548));
#3842=DIRECTION('ref_axis',(-0.894427190999686,0.,0.447213595500418));
#3843=DIRECTION('',(0.866025403784067,0.500000000000644,0.));
#3844=DIRECTION('',(0.654653670708241,-0.377964473008759,-0.654653670707983));
#3845=DIRECTION('center_axis',(0.353553390593716,-0.612372435695533,-0.707106781186553));
#3846=DIRECTION('ref_axis',(-0.894427190999693,0.,-0.447213595500403));
#3847=DIRECTION('',(5.59644915349034E-13,-0.755928946018457,0.654653670707974));
#3848=DIRECTION('',(-0.866025403784075,-0.500000000000629,0.));
#3849=DIRECTION('center_axis',(-0.353553390592824,-0.612372435696053,-0.707106781186549));
#3850=DIRECTION('ref_axis',(-0.894427191000144,0.,0.447213595499502));
#3851=DIRECTION('',(-0.654653670707713,-0.377964473009695,0.654653670707971));
#3852=DIRECTION('',(-0.866025403784806,0.499999999999365,0.));
#3853=DIRECTION('center_axis',(-0.707106781186547,-4.79516457780226E-13,
-0.707106781186548));
#3854=DIRECTION('ref_axis',(-0.707106781186548,0.,0.707106781186547));
#3855=DIRECTION('',(-6.78138677973901E-13,1.,0.));
#3856=DIRECTION('center_axis',(1.,6.78138677973901E-13,0.));
#3857=DIRECTION('ref_axis',(-6.78138677973901E-13,1.,0.));
#3858=DIRECTION('',(0.,0.,1.));
#3859=DIRECTION('',(-6.78138677973901E-13,1.,0.));
#3860=DIRECTION('',(0.,0.,1.));
#3861=DIRECTION('center_axis',(0.500000000000644,-0.866025403784067,0.));
#3862=DIRECTION('ref_axis',(0.866025403784067,0.500000000000644,0.));
#3863=DIRECTION('',(0.,0.,1.));
#3864=DIRECTION('',(0.866025403784067,0.500000000000643,0.));
#3865=DIRECTION('center_axis',(-0.499999999999332,-0.866025403784824,0.));
#3866=DIRECTION('ref_axis',(0.866025403784824,-0.499999999999332,0.));
#3867=DIRECTION('',(0.,0.,1.));
#3868=DIRECTION('',(0.866025403784824,-0.499999999999332,0.));
#3869=DIRECTION('center_axis',(-1.,-7.26801407180324E-13,0.));
#3870=DIRECTION('ref_axis',(7.26801407180324E-13,-1.,0.));
#3871=DIRECTION('',(0.,0.,1.));
#3872=DIRECTION('',(7.26801407180324E-13,-1.,0.));
#3873=DIRECTION('center_axis',(-0.500000000000629,0.866025403784075,0.));
#3874=DIRECTION('ref_axis',(-0.866025403784075,-0.500000000000629,0.));
#3875=DIRECTION('',(0.,0.,1.));
#3876=DIRECTION('',(-0.866025403784075,-0.500000000000629,0.));
#3877=DIRECTION('center_axis',(0.499999999999365,0.866025403784806,0.));
#3878=DIRECTION('ref_axis',(-0.866025403784806,0.499999999999365,0.));
#3879=DIRECTION('',(-0.866025403784806,0.499999999999365,0.));
#3880=DIRECTION('center_axis',(0.,0.,1.));
#3881=DIRECTION('ref_axis',(1.,0.,0.));
#3882=DIRECTION('center_axis',(0.,0.,-1.));
#3883=DIRECTION('ref_axis',(1.,0.,0.));
#3884=DIRECTION('center_axis',(-0.499999999999968,-0.866025403784457,0.));
#3885=DIRECTION('ref_axis',(0.866025403784457,-0.499999999999967,0.));
#3886=DIRECTION('',(0.,0.,1.));
#3887=DIRECTION('',(0.866025403784457,-0.499999999999967,0.));
#3888=DIRECTION('center_axis',(-1.,-3.68894882693997E-14,0.));
#3889=DIRECTION('ref_axis',(3.68894882693997E-14,-1.,0.));
#3890=DIRECTION('',(0.,0.,1.));
#3891=DIRECTION('',(3.68894882693997E-14,-1.,0.));
#3892=DIRECTION('center_axis',(-0.500000000000031,0.866025403784421,0.));
#3893=DIRECTION('ref_axis',(-0.866025403784421,-0.500000000000031,0.));
#3894=DIRECTION('',(-0.866025403784421,-0.500000000000031,0.));
#3895=DIRECTION('center_axis',(0.,0.,1.));
#3896=DIRECTION('ref_axis',(1.,0.,0.));
#3897=DIRECTION('center_axis',(0.,0.,-1.));
#3898=DIRECTION('ref_axis',(1.,0.,0.));
#3899=DIRECTION('center_axis',(1.,0.,0.));
#3900=DIRECTION('ref_axis',(0.,0.,-1.));
#3901=DIRECTION('',(0.,1.,0.));
#3902=DIRECTION('',(0.,0.,-1.));
#3903=DIRECTION('',(0.,1.,0.));
#3904=DIRECTION('center_axis',(0.,0.,1.));
#3905=DIRECTION('ref_axis',(1.,0.,0.));
#3906=DIRECTION('',(0.,1.,0.));
#3907=DIRECTION('',(1.,0.,0.));
#3908=DIRECTION('center_axis',(-1.,0.,0.));
#3909=DIRECTION('ref_axis',(0.,0.,1.));
#3910=DIRECTION('',(0.,1.,0.));
#3911=DIRECTION('',(0.,0.,1.));
#3912=DIRECTION('center_axis',(0.,0.,-1.));
#3913=DIRECTION('ref_axis',(-1.,0.,0.));
#3914=DIRECTION('',(-1.,0.,0.));
#3915=DIRECTION('center_axis',(0.,1.,0.));
#3916=DIRECTION('ref_axis',(0.,0.,1.));
#3917=DIRECTION('center_axis',(0.,-1.,0.));
#3918=DIRECTION('ref_axis',(-1.,0.,0.));
#3919=DIRECTION('',(0.,-1.,0.));
#3920=DIRECTION('',(0.,1.,0.));
#3921=DIRECTION('center_axis',(-0.707106781186549,0.,0.707106781186547));
#3922=DIRECTION('ref_axis',(-0.707106781186546,0.,-0.707106781186549));
#3923=DIRECTION('',(0.,1.,0.));
#3924=DIRECTION('center_axis',(0.,-1.,0.));
#3925=DIRECTION('ref_axis',(1.,0.,0.));
#3926=DIRECTION('',(0.,-1.,0.));
#3927=DIRECTION('',(0.,1.,0.));
#3928=DIRECTION('center_axis',(0.707106781186548,0.,-0.707106781186547));
#3929=DIRECTION('ref_axis',(0.707106781186547,0.,0.707106781186548));
#3930=DIRECTION('center_axis',(-0.707106781186549,0.,-0.707106781186547));
#3931=DIRECTION('ref_axis',(0.707106781186546,0.,-0.707106781186549));
#3932=DIRECTION('center_axis',(0.707106781186549,0.,0.707106781186547));
#3933=DIRECTION('ref_axis',(-0.707106781186546,0.,0.707106781186549));
#3934=DIRECTION('',(0.,-1.,0.));
#3935=DIRECTION('center_axis',(-1.,0.,0.));
#3936=DIRECTION('ref_axis',(0.,-1.,0.));
#3937=DIRECTION('',(0.,-1.,0.));
#3938=DIRECTION('center_axis',(1.,0.,0.));
#3939=DIRECTION('ref_axis',(0.,1.,0.));
#3940=DIRECTION('',(0.,1.,0.));
#3941=DIRECTION('center_axis',(0.,0.,1.));
#3942=DIRECTION('ref_axis',(1.,0.,0.));
#3943=DIRECTION('center_axis',(0.,0.,1.));
#3944=DIRECTION('ref_axis',(1.,0.,0.));
#3945=DIRECTION('',(0.,0.,-1.));
#3946=DIRECTION('center_axis',(0.,0.,1.));
#3947=DIRECTION('ref_axis',(1.,0.,0.));
#3948=DIRECTION('',(0.,0.,-1.));
#3949=DIRECTION('',(0.,0.,1.));
#3950=DIRECTION('',(1.,0.,0.));
#3951=DIRECTION('',(6.24500451351651E-17,0.,1.));
#3952=DIRECTION('',(1.,0.,-6.24500451351651E-17));
#3953=DIRECTION('',(6.24500451351651E-17,-1.63573200257642E-48,1.));
#3954=DIRECTION('',(1.,0.,-6.24500451351651E-17));
#3955=CARTESIAN_POINT('',(0.,0.,0.));
#3956=CARTESIAN_POINT('',(0.,0.,0.));
#3957=CARTESIAN_POINT('Origin',(2.55680194846605,4.75,-10.75));
#3958=CARTESIAN_POINT('',(2.69822330470336,-4.75,-10.6085786437627));
#3959=CARTESIAN_POINT('',(2.69822330470336,-4.75,-10.8914213562373));
#3960=CARTESIAN_POINT('Origin',(2.55680194846605,-4.75,-10.75));
#3961=CARTESIAN_POINT('',(2.69822330470336,4.75,-10.8914213562373));
#3962=CARTESIAN_POINT('',(2.69822330470336,4.75,-10.8914213562373));
#3963=CARTESIAN_POINT('',(2.69822330470336,4.75,-10.6085786437627));
#3964=CARTESIAN_POINT('Origin',(2.55680194846605,4.75,-10.75));
#3965=CARTESIAN_POINT('',(2.69822330470336,4.75,-10.6085786437627));
#3966=CARTESIAN_POINT('Origin',(2.83964466094067,4.75,-10.75));
#3967=CARTESIAN_POINT('',(2.48964466094067,4.75,-10.4));
#3968=CARTESIAN_POINT('',(2.48964466094067,4.75,-10.4));
#3969=CARTESIAN_POINT('',(2.48964466094067,-4.75,-10.4));
#3970=CARTESIAN_POINT('',(2.48964466094067,4.75,-10.4));
#3971=CARTESIAN_POINT('',(2.48964466094067,-4.75,-10.4));
#3972=CARTESIAN_POINT('Origin',(-2.475,4.75,-10.));
#3973=CARTESIAN_POINT('',(2.48964466094067,4.75,-11.1));
#3974=CARTESIAN_POINT('',(2.83964466094067,4.75,-10.75));
#3975=CARTESIAN_POINT('',(2.475,4.75,-11.1));
#3976=CARTESIAN_POINT('',(-2.48964466094067,4.75,-11.1));
#3977=CARTESIAN_POINT('',(2.475,4.75,-11.2));
#3978=CARTESIAN_POINT('',(2.475,4.75,-10.));
#3979=CARTESIAN_POINT('',(-2.475,4.75,-11.2));
#3980=CARTESIAN_POINT('',(-1.2375,4.75,-11.2));
#3981=CARTESIAN_POINT('',(-2.475,4.75,-11.1));
#3982=CARTESIAN_POINT('',(-2.475,4.75,-10.));
#3983=CARTESIAN_POINT('',(-2.48964466094067,4.75,-11.1));
#3984=CARTESIAN_POINT('',(-2.48964466094067,4.75,-11.1));
#3985=CARTESIAN_POINT('',(-2.69822330470336,4.75,-10.8914213562373));
#3986=CARTESIAN_POINT('',(-2.48964466094067,4.75,-11.1));
#3987=CARTESIAN_POINT('',(-2.69822330470336,4.75,-10.6085786437627));
#3988=CARTESIAN_POINT('Origin',(-2.55680194846605,4.75,-10.75));
#3989=CARTESIAN_POINT('',(-2.48964466094067,4.75,-10.4));
#3990=CARTESIAN_POINT('',(-2.48964466094067,4.75,-10.4));
#3991=CARTESIAN_POINT('',(-2.475,4.75,-10.4));
#3992=CARTESIAN_POINT('',(-2.48964466094067,4.75,-10.4));
#3993=CARTESIAN_POINT('',(-2.475,4.75,-10.));
#3994=CARTESIAN_POINT('',(-2.475,4.75,-10.));
#3995=CARTESIAN_POINT('',(2.475,4.75,-10.));
#3996=CARTESIAN_POINT('',(-2.475,4.75,-10.));
#3997=CARTESIAN_POINT('',(2.475,4.75,-10.4));
#3998=CARTESIAN_POINT('',(2.475,4.75,-10.));
#3999=CARTESIAN_POINT('',(-2.48964466094067,4.75,-10.4));
#4000=CARTESIAN_POINT('Origin',(-2.55680194846605,4.75,-10.75));
#4001=CARTESIAN_POINT('',(-2.69822330470336,-4.75,-10.8914213562373));
#4002=CARTESIAN_POINT('',(-2.69822330470336,-4.75,-10.6085786437627));
#4003=CARTESIAN_POINT('Origin',(-2.55680194846605,-4.75,-10.75));
#4004=CARTESIAN_POINT('',(-2.69822330470336,4.75,-10.6085786437627));
#4005=CARTESIAN_POINT('',(-2.69822330470336,4.75,-10.8914213562373));
#4006=CARTESIAN_POINT('Origin',(-2.48964466094067,4.75,-10.4));
#4007=CARTESIAN_POINT('',(-2.48964466094067,-4.75,-10.4));
#4008=CARTESIAN_POINT('',(-2.48964466094067,-4.75,-10.4));
#4009=CARTESIAN_POINT('',(-2.48964466094067,4.75,-10.4));
#4010=CARTESIAN_POINT('Origin',(1.2375,-4.45,-11.2));
#4011=CARTESIAN_POINT('',(-2.475,-4.75,-11.2));
#4012=CARTESIAN_POINT('',(-2.475,-4.45,-11.5));
#4013=CARTESIAN_POINT('Origin',(-2.475,-4.45,-11.2));
#4014=CARTESIAN_POINT('',(2.475,-4.45,-11.5));
#4015=CARTESIAN_POINT('',(1.2375,-4.45,-11.5));
#4016=CARTESIAN_POINT('',(2.475,-4.75,-11.2));
#4017=CARTESIAN_POINT('Origin',(2.475,-4.45,-11.2));
#4018=CARTESIAN_POINT('',(1.2375,-4.75,-11.2));
#4019=CARTESIAN_POINT('Origin',(2.475,4.75,-10.));
#4020=CARTESIAN_POINT('',(2.475,4.45,-11.5));
#4021=CARTESIAN_POINT('',(2.475,4.75,-11.5));
#4022=CARTESIAN_POINT('Origin',(2.475,4.45,-11.2));
#4023=CARTESIAN_POINT('',(2.475,-4.75,-11.1));
#4024=CARTESIAN_POINT('',(2.475,4.75,-11.1));
#4025=CARTESIAN_POINT('',(2.475,-4.75,-10.));
#4026=CARTESIAN_POINT('Origin',(0.,0.,-11.5));
#4027=CARTESIAN_POINT('',(-2.475,4.45,-11.5));
#4028=CARTESIAN_POINT('',(-2.475,-4.75,-11.5));
#4029=CARTESIAN_POINT('',(-1.2375,4.45,-11.5));
#4030=CARTESIAN_POINT('Origin',(-1.2375,4.45,-11.2));
#4031=CARTESIAN_POINT('Origin',(-2.475,4.45,-11.2));
#4032=CARTESIAN_POINT('Origin',(-2.48964466094067,4.75,-11.1));
#4033=CARTESIAN_POINT('',(-2.475,-4.75,-11.1));
#4034=CARTESIAN_POINT('',(-2.475,0.,-11.1));
#4035=CARTESIAN_POINT('',(-2.48964466094067,-4.75,-11.1));
#4036=CARTESIAN_POINT('',(-2.48964466094067,-4.75,-11.1));
#4037=CARTESIAN_POINT('',(-2.48964466094067,4.75,-11.1));
#4038=CARTESIAN_POINT('Origin',(2.48964466094067,4.75,-10.4));
#4039=CARTESIAN_POINT('',(-2.475,-4.75,-10.4));
#4040=CARTESIAN_POINT('',(-2.475,0.,-10.4));
#4041=CARTESIAN_POINT('',(-2.48964466094067,-4.75,-10.4));
#4042=CARTESIAN_POINT('Origin',(2.48964466094067,4.75,-10.4));
#4043=CARTESIAN_POINT('',(2.475,-4.75,-10.4));
#4044=CARTESIAN_POINT('',(2.475,4.75,-10.4));
#4045=CARTESIAN_POINT('',(-2.48964466094067,-4.75,-10.4));
#4046=CARTESIAN_POINT('Origin',(2.48964466094067,4.75,-11.1));
#4047=CARTESIAN_POINT('',(2.48964466094067,-4.75,-11.1));
#4048=CARTESIAN_POINT('',(2.83964466094067,-4.75,-10.75));
#4049=CARTESIAN_POINT('',(2.48964466094067,4.75,-11.1));
#4050=CARTESIAN_POINT('Origin',(-2.48964466094067,4.75,-11.1));
#4051=CARTESIAN_POINT('',(-2.48964466094067,-4.75,-11.1));
#4052=CARTESIAN_POINT('Origin',(-2.83964466094067,4.75,-10.75));
#4053=CARTESIAN_POINT('',(-2.48964466094067,-4.75,-11.1));
#4054=CARTESIAN_POINT('Origin',(2.475,4.75,-10.));
#4055=CARTESIAN_POINT('',(2.475,-4.75,-10.));
#4056=CARTESIAN_POINT('',(2.475,4.75,-10.));
#4057=CARTESIAN_POINT('',(2.475,-4.75,-10.));
#4058=CARTESIAN_POINT('Origin',(-2.475,-4.75,-10.));
#4059=CARTESIAN_POINT('',(-2.475,-4.75,-10.));
#4060=CARTESIAN_POINT('',(-2.475,-4.75,-10.));
#4061=CARTESIAN_POINT('',(-2.475,-4.75,-10.));
#4062=CARTESIAN_POINT('Origin',(2.475,-4.75,-10.));
#4063=CARTESIAN_POINT('',(-2.475,-4.75,-10.));
#4064=CARTESIAN_POINT('',(-2.475,-4.75,-10.));
#4065=CARTESIAN_POINT('Origin',(-2.475,-4.75,-10.));
#4066=CARTESIAN_POINT('Origin',(0.,0.,-10.));
#4067=CARTESIAN_POINT('',(0.,0.,0.));
#4068=CARTESIAN_POINT('Origin',(-3.46944695195361E-17,1.38777878078145E-16,
-1.196875));
#4069=CARTESIAN_POINT('',(-1.51980905105989E-16,-0.95771642622275,-0.493750000000004));
#4070=CARTESIAN_POINT('',(-1.51980905105989E-16,-0.95771642622275,-0.550000000000005));
#4071=CARTESIAN_POINT('',(-1.86675374625526E-16,-0.95771642622275,-1.196875));
#4072=CARTESIAN_POINT('',(-0.956674500294987,-0.044661544333045,-0.659002497259878));
#4073=CARTESIAN_POINT('Ctrl Pts',(-0.956674500294987,-0.044661544333045,
-0.659002497259878));
#4074=CARTESIAN_POINT('Ctrl Pts',(-0.945817270949876,-0.277229284484175,
-0.640789819651195));
#4075=CARTESIAN_POINT('Ctrl Pts',(-0.829406754730547,-0.478858213111375,
-0.625000000000005));
#4076=CARTESIAN_POINT('Ctrl Pts',(-0.552937836487031,-0.95771642622275,
-0.587500000000005));
#4077=CARTESIAN_POINT('Ctrl Pts',(-1.17286435586453E-16,-0.95771642622275,
-0.550000000000005));
#4078=CARTESIAN_POINT('',(-0.703335213489464,0.650031022738612,-0.659002497259878));
#4079=CARTESIAN_POINT('Origin',(1.66533453693773E-15,3.53292174390951E-15,
-0.65900249725988));
#4080=CARTESIAN_POINT('Ctrl Pts',(-0.703335213489464,0.650031022738612,
-0.659002497259878));
#4081=CARTESIAN_POINT('Ctrl Pts',(-0.775929061522145,0.571484294819907,
-0.651003667095951));
#4082=CARTESIAN_POINT('Ctrl Pts',(-0.829406754730546,0.478858213111375,
-0.643750000000004));
#4083=CARTESIAN_POINT('Ctrl Pts',(-1.10587567297406,6.77153551581305E-17,
-0.606250000000004));
#4084=CARTESIAN_POINT('Ctrl Pts',(-0.829406754730547,-0.478858213111375,
-0.568750000000004));
#4085=CARTESIAN_POINT('Ctrl Pts',(-0.552937836487031,-0.95771642622275,
-0.531250000000004));
#4086=CARTESIAN_POINT('Ctrl Pts',(-1.17286435586453E-16,-0.95771642622275,
-0.493750000000004));
#4087=CARTESIAN_POINT('Origin',(-3.46944695195361E-17,1.38777878078145E-16,
-1.196875));
#4088=CARTESIAN_POINT('',(-1.51980905105989E-16,-0.95771642622275,-0.0437500000000041));
#4089=CARTESIAN_POINT('',(-1.51980905105989E-16,-0.95771642622275,-0.100000000000005));
#4090=CARTESIAN_POINT('',(-1.86675374625526E-16,-0.95771642622275,-1.196875));
#4091=CARTESIAN_POINT('Ctrl Pts',(-1.17286435586453E-16,-0.95771642622275,
-0.550000000000005));
#4092=CARTESIAN_POINT('Ctrl Pts',(0.552937836487031,-0.95771642622275,-0.512500000000005));
#4093=CARTESIAN_POINT('Ctrl Pts',(0.829406754730546,-0.478858213111375,
-0.475000000000005));
#4094=CARTESIAN_POINT('Ctrl Pts',(1.10587567297406,-2.03146065474391E-16,
-0.437500000000005));
#4095=CARTESIAN_POINT('Ctrl Pts',(0.829406754730547,0.478858213111374,-0.400000000000005));
#4096=CARTESIAN_POINT('Ctrl Pts',(0.552937836487031,0.957716426222749,-0.362500000000005));
#4097=CARTESIAN_POINT('Ctrl Pts',(0.,0.95771642622275,-0.325000000000005));
#4098=CARTESIAN_POINT('Ctrl Pts',(-0.552937836487031,0.95771642622275,-0.287500000000005));
#4099=CARTESIAN_POINT('Ctrl Pts',(-0.829406754730546,0.478858213111375,
-0.250000000000005));
#4100=CARTESIAN_POINT('Ctrl Pts',(-1.10587567297406,6.77153551581305E-17,
-0.212500000000005));
#4101=CARTESIAN_POINT('Ctrl Pts',(-0.829406754730547,-0.478858213111375,
-0.175000000000005));
#4102=CARTESIAN_POINT('Ctrl Pts',(-0.552937836487031,-0.95771642622275,
-0.137500000000005));
#4103=CARTESIAN_POINT('Ctrl Pts',(-1.17286435586453E-16,-0.95771642622275,
-0.100000000000005));
#4104=CARTESIAN_POINT('Ctrl Pts',(-1.17286435586453E-16,-0.95771642622275,
-0.493750000000004));
#4105=CARTESIAN_POINT('Ctrl Pts',(0.552937836487031,-0.95771642622275,-0.456250000000004));
#4106=CARTESIAN_POINT('Ctrl Pts',(0.829406754730546,-0.478858213111375,
-0.418750000000004));
#4107=CARTESIAN_POINT('Ctrl Pts',(1.10587567297406,-2.03146065474391E-16,
-0.381250000000004));
#4108=CARTESIAN_POINT('Ctrl Pts',(0.829406754730547,0.478858213111374,-0.343750000000004));
#4109=CARTESIAN_POINT('Ctrl Pts',(0.552937836487031,0.957716426222749,-0.306250000000004));
#4110=CARTESIAN_POINT('Ctrl Pts',(0.,0.95771642622275,-0.268750000000004));
#4111=CARTESIAN_POINT('Ctrl Pts',(-0.552937836487031,0.95771642622275,-0.231250000000004));
#4112=CARTESIAN_POINT('Ctrl Pts',(-0.829406754730546,0.478858213111375,
-0.193750000000004));
#4113=CARTESIAN_POINT('Ctrl Pts',(-1.10587567297406,6.77153551581305E-17,
-0.156250000000004));
#4114=CARTESIAN_POINT('Ctrl Pts',(-0.829406754730547,-0.478858213111375,
-0.118750000000004));
#4115=CARTESIAN_POINT('Ctrl Pts',(-0.552937836487031,-0.95771642622275,
-0.0812500000000041));
#4116=CARTESIAN_POINT('Ctrl Pts',(-1.17286435586453E-16,-0.95771642622275,
-0.0437500000000041));
#4117=CARTESIAN_POINT('Origin',(-3.46944695195361E-17,1.38777878078145E-16,
-1.196875));
#4118=CARTESIAN_POINT('',(-1.51980905105989E-16,-0.95771642622275,0.406249999999996));
#4119=CARTESIAN_POINT('',(-1.51980905105989E-16,-0.95771642622275,0.349999999999995));
#4120=CARTESIAN_POINT('',(-1.86675374625526E-16,-0.95771642622275,-1.196875));
#4121=CARTESIAN_POINT('',(-0.367001448090117,0.88460764757978,0.659002497259877));
#4122=CARTESIAN_POINT('Ctrl Pts',(-1.17286435586453E-16,-0.95771642622275,
0.406249999999996));
#4123=CARTESIAN_POINT('Ctrl Pts',(0.552937836487031,-0.95771642622275,0.443749999999996));
#4124=CARTESIAN_POINT('Ctrl Pts',(0.829406754730546,-0.478858213111375,
0.481249999999996));
#4125=CARTESIAN_POINT('Ctrl Pts',(1.10587567297406,-2.03146065474391E-16,
0.518749999999996));
#4126=CARTESIAN_POINT('Ctrl Pts',(0.829406754730547,0.478858213111374,0.556249999999996));
#4127=CARTESIAN_POINT('Ctrl Pts',(0.552937836487031,0.957716426222749,0.593749999999996));
#4128=CARTESIAN_POINT('Ctrl Pts',(0.,0.95771642622275,0.631249999999996));
#4129=CARTESIAN_POINT('Ctrl Pts',(-0.190782566589472,0.95771642622275,0.644188789453362));
#4130=CARTESIAN_POINT('Ctrl Pts',(-0.367001448090117,0.88460764757978,0.659002497259877));
#4131=CARTESIAN_POINT('',(-0.885887851869306,0.363900353073835,0.659002497259878));
#4132=CARTESIAN_POINT('Origin',(8.32667268468867E-16,-5.55111512312578E-16,
0.659002497259878));
#4133=CARTESIAN_POINT('Ctrl Pts',(-1.17286435586453E-16,-0.95771642622275,
0.349999999999995));
#4134=CARTESIAN_POINT('Ctrl Pts',(0.552937836487031,-0.95771642622275,0.387499999999995));
#4135=CARTESIAN_POINT('Ctrl Pts',(0.829406754730546,-0.478858213111375,
0.424999999999995));
#4136=CARTESIAN_POINT('Ctrl Pts',(1.10587567297406,-2.03146065474391E-16,
0.462499999999995));
#4137=CARTESIAN_POINT('Ctrl Pts',(0.829406754730547,0.478858213111374,0.499999999999995));
#4138=CARTESIAN_POINT('Ctrl Pts',(0.552937836487031,0.957716426222749,0.537499999999995));
#4139=CARTESIAN_POINT('Ctrl Pts',(0.,0.95771642622275,0.574999999999995));
#4140=CARTESIAN_POINT('Ctrl Pts',(-0.552937836487031,0.95771642622275,0.612499999999995));
#4141=CARTESIAN_POINT('Ctrl Pts',(-0.829406754730546,0.478858213111375,
0.649999999999995));
#4142=CARTESIAN_POINT('Ctrl Pts',(-0.861499501497711,0.423271945156204,
0.654353031839577));
#4143=CARTESIAN_POINT('Ctrl Pts',(-0.885887851869306,0.363900353073835,
0.659002497259878));
#4144=CARTESIAN_POINT('Origin',(0.,1.50231459873716E-15,1.));
#4145=CARTESIAN_POINT('',(-1.20004737933444E-13,1.25,0.800000000000009));
#4146=CARTESIAN_POINT('',(1.7398796991509E-14,1.25,0.856249999999993));
#4147=CARTESIAN_POINT('',(-1.53080849893419E-16,1.25,1.));
#4148=CARTESIAN_POINT('',(-1.21564011317996,0.29106548271447,0.951286071037126));
#4149=CARTESIAN_POINT('Ctrl Pts',(3.49506748329114E-14,1.25,0.856249999999993));
#4150=CARTESIAN_POINT('Ctrl Pts',(-0.0936644621412662,1.25,0.861116948218765));
#4151=CARTESIAN_POINT('Ctrl Pts',(-0.187225644477865,1.2394754424569,0.86629426658775));
#4152=CARTESIAN_POINT('Ctrl Pts',(-0.440522297432587,1.18148907004779,0.881195537929165));
#4153=CARTESIAN_POINT('Ctrl Pts',(-0.593130635623254,1.11272867772542,0.891188111560983));
#4154=CARTESIAN_POINT('Ctrl Pts',(-0.850366929732393,0.928482154962846,
0.910081897172293));
#4155=CARTESIAN_POINT('Ctrl Pts',(-0.956015001184,0.819300307182077,0.918846987429992));
#4156=CARTESIAN_POINT('Ctrl Pts',(-1.12166923635404,0.571108812496484,0.934900378824664));
#4157=CARTESIAN_POINT('Ctrl Pts',(-1.18124199486877,0.434729829469108,0.942666210231848));
#4158=CARTESIAN_POINT('Ctrl Pts',(-1.21564011317996,0.29106548271447,0.951286071037127));
#4159=CARTESIAN_POINT('',(-1.25,-1.53080849893419E-16,0.951286071037126));
#4160=CARTESIAN_POINT('Origin',(0.,0.,0.951286071037126));
#4161=CARTESIAN_POINT('',(-1.07001664112843,-0.646192221949649,0.951286071037126));
#4162=CARTESIAN_POINT('Origin',(0.,0.,0.951286071037126));
#4163=CARTESIAN_POINT('Ctrl Pts',(-1.07001664112844,-0.646192221949627,
0.951286071037124));
#4164=CARTESIAN_POINT('Ctrl Pts',(-1.11767806341945,-0.567270635989715,
0.946441863309256));
#4165=CARTESIAN_POINT('Ctrl Pts',(-1.15647196391295,-0.483307127075015,
0.941498427624496));
#4166=CARTESIAN_POINT('Ctrl Pts',(-1.21596223000957,-0.305088225021792,
0.930805293501303));
#4167=CARTESIAN_POINT('Ctrl Pts',(-1.23572873428858,-0.211221456518755,
0.925173287390891));
#4168=CARTESIAN_POINT('Ctrl Pts',(-1.25999549827761,0.0490756378566862,
0.90955546172836));
#4169=CARTESIAN_POINT('Ctrl Pts',(-1.24238220934949,0.215618065802735,0.899562916051594));
#4170=CARTESIAN_POINT('Ctrl Pts',(-1.14471493848953,0.527210134899673,0.880867391905772));
#4171=CARTESIAN_POINT('Ctrl Pts',(-1.06755259556692,0.669815264718564,0.872877202116435));
#4172=CARTESIAN_POINT('Ctrl Pts',(-0.862936870602718,0.918646578021213,
0.854780117767383));
#4173=CARTESIAN_POINT('Ctrl Pts',(-0.737193871244621,1.02230414830971,0.845136592751196));
#4174=CARTESIAN_POINT('Ctrl Pts',(-0.449493411544998,1.17810305956856,0.825513271006604));
#4175=CARTESIAN_POINT('Ctrl Pts',(-0.289473565346423,1.22727017578936,0.815723382404917));
#4176=CARTESIAN_POINT('Ctrl Pts',(-0.0830621200662764,1.24793248331911,
0.804378059864353));
#4177=CARTESIAN_POINT('Ctrl Pts',(-0.0415096510903195,1.24999999999999,
0.802156904740783));
#4178=CARTESIAN_POINT('Ctrl Pts',(-2.39856395016995E-13,1.25,0.800000000000009));
#4179=CARTESIAN_POINT('Origin',(0.,1.50231459873716E-15,1.));
#4180=CARTESIAN_POINT('',(-2.00178692668943E-14,1.25,0.349999999999998));
#4181=CARTESIAN_POINT('',(1.37308221261729E-13,1.25,0.406249999999981));
#4182=CARTESIAN_POINT('',(-1.53080849893419E-16,1.25,1.));
#4183=CARTESIAN_POINT('Ctrl Pts',(2.74849587533765E-13,1.25,0.40624999999998));
#4184=CARTESIAN_POINT('Ctrl Pts',(-0.119534784718861,1.25,0.412461209612155));
#4185=CARTESIAN_POINT('Ctrl Pts',(-0.238652609937808,1.23285945579806,0.41916496969919));
#4186=CARTESIAN_POINT('Ctrl Pts',(-0.511752924374822,1.15228100768056,0.435773031747753));
#4187=CARTESIAN_POINT('Ctrl Pts',(-0.658998891985396,1.07487683153698,0.445746281945395));
#4188=CARTESIAN_POINT('Ctrl Pts',(-0.910290646913886,0.871238995748081,
0.464912919630841));
#4189=CARTESIAN_POINT('Ctrl Pts',(-1.01339020396611,0.748790545347295,0.473822567279157));
#4190=CARTESIAN_POINT('Ctrl Pts',(-1.17175272982575,0.465788132079802,0.490802712075207));
#4191=CARTESIAN_POINT('Ctrl Pts',(-1.22310008931386,0.30654193028409,0.50035748418295));
#4192=CARTESIAN_POINT('Ctrl Pts',(-1.26040024474369,-0.0197766697362471,
0.51993660018417));
#4193=CARTESIAN_POINT('Ctrl Pts',(-1.24711752980068,-0.183584681804091,
0.529765080908241));
#4194=CARTESIAN_POINT('Ctrl Pts',(-1.15959737427744,-0.492980147935859,
0.548328808876147));
#4195=CARTESIAN_POINT('Ctrl Pts',(-1.0877132394987,-0.636058757234117,0.556312524870707));
#4196=CARTESIAN_POINT('Ctrl Pts',(-0.888993676001184,-0.8945305837215,0.574392451078397));
#4197=CARTESIAN_POINT('Ctrl Pts',(-0.761425313877046,-1.00534184517258,
0.58434543546105));
#4198=CARTESIAN_POINT('Ctrl Pts',(-0.47586479071866,-1.16701956628007,0.604033927136662));
#4199=CARTESIAN_POINT('Ctrl Pts',(-0.321854877688608,-1.21852553907694,
0.613581696147687));
#4200=CARTESIAN_POINT('Ctrl Pts',(-0.00168752658363996,-1.26045034627563,
0.631475823934805));
#4201=CARTESIAN_POINT('Ctrl Pts',(0.16146018365121,-1.25006944900598,0.639637633774315));
#4202=CARTESIAN_POINT('Ctrl Pts',(0.477913401587803,-1.16679047169541,0.658579394644177));
#4203=CARTESIAN_POINT('Ctrl Pts',(0.627783750934881,-1.09347329536682,0.668566401722552));
#4204=CARTESIAN_POINT('Ctrl Pts',(0.885397142486065,-0.896582467455899,
0.687859111046183));
#4205=CARTESIAN_POINT('Ctrl Pts',(0.992187660008568,-0.776769698973854,
0.697002492164111));
#4206=CARTESIAN_POINT('Ctrl Pts',(1.15847747389696,-0.49786060707363,0.714010437114194));
#4207=CARTESIAN_POINT('Ctrl Pts',(1.21421593495538,-0.340084341902818,0.723344939485825));
#4208=CARTESIAN_POINT('Ctrl Pts',(1.26052951513732,-0.0143749939891788,
0.742887500360643));
#4209=CARTESIAN_POINT('Ctrl Pts',(1.25163607387522,0.15017388328342,0.752760432996999));
#4210=CARTESIAN_POINT('Ctrl Pts',(1.17228034373342,0.461914416704729,0.771464865002277));
#4211=CARTESIAN_POINT('Ctrl Pts',(1.10437024755607,0.606600335159931,0.779563248680755));
#4212=CARTESIAN_POINT('Ctrl Pts',(0.913791681656061,0.868891714236469,0.797334742822224));
#4213=CARTESIAN_POINT('Ctrl Pts',(0.790632381169447,0.982279456076176,0.807135920053439));
#4214=CARTESIAN_POINT('Ctrl Pts',(0.511068124650322,1.15210455145669,0.826757257802994));
#4215=CARTESIAN_POINT('Ctrl Pts',(0.358223335439464,1.20839681684318,0.83638807398215));
#4216=CARTESIAN_POINT('Ctrl Pts',(0.13297233599171,1.24469925229099,0.849181532310559));
#4217=CARTESIAN_POINT('Ctrl Pts',(0.0664685124753465,1.25,0.852796194778669));
#4218=CARTESIAN_POINT('Ctrl Pts',(3.49506748329114E-14,1.25,0.856249999999993));
#4219=CARTESIAN_POINT('Ctrl Pts',(-2.40051034605671E-13,1.25,0.800000000000009));
#4220=CARTESIAN_POINT('Ctrl Pts',(0.1163379390078,1.25000000000002,0.793954903363716));
#4221=CARTESIAN_POINT('Ctrl Pts',(0.232288767980841,1.23376409428006,0.787442844383059));
#4222=CARTESIAN_POINT('Ctrl Pts',(0.501509499332605,1.15657221169288,0.771137968350876));
#4223=CARTESIAN_POINT('Ctrl Pts',(0.648159096132765,1.08122959105666,0.761257553154765));
#4224=CARTESIAN_POINT('Ctrl Pts',(0.906107700348974,0.876897273922184,0.741724180993405));
#4225=CARTESIAN_POINT('Ctrl Pts',(1.0142344599194,0.749178805669239,0.73245072833993));
#4226=CARTESIAN_POINT('Ctrl Pts',(1.17122708461712,0.464822811757922,0.715389368705245));
#4227=CARTESIAN_POINT('Ctrl Pts',(1.2208241044788,0.312093869340985,0.706225632160226));
#4228=CARTESIAN_POINT('Ctrl Pts',(1.26084452080223,-0.00983688569210639,
0.686909786858234));
#4229=CARTESIAN_POINT('Ctrl Pts',(1.24849677306821,-0.176314523113182,0.676921128612966));
#4230=CARTESIAN_POINT('Ctrl Pts',(1.16068305040037,-0.49141675146882,0.658014994911622));
#4231=CARTESIAN_POINT('Ctrl Pts',(1.08742456976097,-0.637321646296571,0.649884588737617));
#4232=CARTESIAN_POINT('Ctrl Pts',(0.889825270247651,-0.892542292628845,
0.63196040855873));
#4233=CARTESIAN_POINT('Ctrl Pts',(0.767603461585142,-0.999596365894703,
0.622397954888859));
#4234=CARTESIAN_POINT('Ctrl Pts',(0.483793401710587,-1.16466954352439,0.602698556257904));
#4235=CARTESIAN_POINT('Ctrl Pts',(0.323663641903988,-1.2189205987162,0.592750438208482));
#4236=CARTESIAN_POINT('Ctrl Pts',(0.000211666571622651,-1.26002707714523,
0.57471018620308));
#4237=CARTESIAN_POINT('Ctrl Pts',(-0.159517087146336,-1.24989115141506,
0.566707983553836));
#4238=CARTESIAN_POINT('Ctrl Pts',(-0.470817300565278,-1.16934352889603,
0.5481159212968));
#4239=CARTESIAN_POINT('Ctrl Pts',(-0.619020083960843,-1.09810843676064,
0.538278026012807));
#4240=CARTESIAN_POINT('Ctrl Pts',(-0.881960645923584,-0.901157565344865,
0.518706707489622));
#4241=CARTESIAN_POINT('Ctrl Pts',(-0.993514447876456,-0.776460018293479,
0.509169275495282));
#4242=CARTESIAN_POINT('Ctrl Pts',(-1.1579288945327,-0.49685907500674,0.492238021943467));
#4243=CARTESIAN_POINT('Ctrl Pts',(-1.21161480557469,-0.345977413244651,
0.483258644794446));
#4244=CARTESIAN_POINT('Ctrl Pts',(-1.26055153280151,-0.0260847714932675,
0.464065086289357));
#4245=CARTESIAN_POINT('Ctrl Pts',(-1.25300436478648,0.140192340451292,0.45408845957268));
#4246=CARTESIAN_POINT('Ctrl Pts',(-1.17427615621578,0.458400037736945,0.434995997735535));
#4247=CARTESIAN_POINT('Ctrl Pts',(-1.10460005615761,0.607375891106613,0.426675425845827));
#4248=CARTESIAN_POINT('Ctrl Pts',(-0.913391470993027,0.868332661478037,
0.408911233204227));
#4249=CARTESIAN_POINT('Ctrl Pts',(-0.794420620843689,0.978349189582506,
0.39942883064874));
#4250=CARTESIAN_POINT('Ctrl Pts',(-0.516021706650557,1.15068375332334,0.379792761811873));
#4251=CARTESIAN_POINT('Ctrl Pts',(-0.357940614834572,1.20923212498237,0.369822176179862));
#4252=CARTESIAN_POINT('Ctrl Pts',(-0.129020904396103,1.24500975437628,0.356853830218038));
#4253=CARTESIAN_POINT('Ctrl Pts',(-0.0644921503725127,1.25,0.353351110434033));
#4254=CARTESIAN_POINT('Ctrl Pts',(-3.98826576838951E-14,1.25,0.349999999999998));
#4255=CARTESIAN_POINT('Origin',(0.,1.50231459873716E-15,1.));
#4256=CARTESIAN_POINT('',(1.86584731156027E-14,1.25,-0.100000000000006));
#4257=CARTESIAN_POINT('',(5.73508130459299E-14,1.25,-0.0437500000000109));
#4258=CARTESIAN_POINT('',(-1.53080849893419E-16,1.25,1.));
#4259=CARTESIAN_POINT('Ctrl Pts',(1.14665221762067E-13,1.25,-0.0437500000000111));
#4260=CARTESIAN_POINT('Ctrl Pts',(-0.145030789919173,1.25,-0.0362139790959422));
#4261=CARTESIAN_POINT('Ctrl Pts',(-0.289120052736441,1.22476466505434,-0.0279698213268396));
#4262=CARTESIAN_POINT('Ctrl Pts',(-0.579794971883868,1.11944620002043,-0.00970635552234267));
#4263=CARTESIAN_POINT('Ctrl Pts',(-0.721320949004169,1.0339339893415,0.000212916286920849));
#4264=CARTESIAN_POINT('Ctrl Pts',(-0.959306334671217,0.816882509709358,
0.0190905440589113));
#4265=CARTESIAN_POINT('Ctrl Pts',(-1.05492361566443,0.68897440935423,0.0274115354387416));
#4266=CARTESIAN_POINT('Ctrl Pts',(-1.19663137533544,0.397559711036507,0.0448964173378051));
#4267=CARTESIAN_POINT('Ctrl Pts',(-1.23873829522127,0.235563302265263,0.0546162018640798));
#4268=CARTESIAN_POINT('Ctrl Pts',(-1.25711162257236,-0.0915219749227807,
0.0742413184953626));
#4269=CARTESIAN_POINT('Ctrl Pts',(-1.23470807310727,-0.253399147642244,
0.0839539488585306));
#4270=CARTESIAN_POINT('Ctrl Pts',(-1.13006841312441,-0.557672001633039,
0.102210320097978));
#4271=CARTESIAN_POINT('Ctrl Pts',(-1.04958592348052,-0.697439602256421,
0.110135103676368));
#4272=CARTESIAN_POINT('Ctrl Pts',(-0.836053944953876,-0.944024488401607,
0.128628097336189));
#4273=CARTESIAN_POINT('Ctrl Pts',(-0.703163643797336,-1.04676623161042,
0.138615532235541));
#4274=CARTESIAN_POINT('Ctrl Pts',(-0.410650527091971,-1.19141553158141,
0.158154438635092));
#4275=CARTESIAN_POINT('Ctrl Pts',(-0.254897556124167,-1.23415890114259,
0.167529901496308));
#4276=CARTESIAN_POINT('Ctrl Pts',(0.0688053871717106,-1.25890951076365,
0.185092518115381));
#4277=CARTESIAN_POINT('Ctrl Pts',(0.233784158087505,-1.23893025899924,0.193729873424387));
#4278=CARTESIAN_POINT('Ctrl Pts',(0.546238292427929,-1.13626765192035,0.213045344708131));
#4279=CARTESIAN_POINT('Ctrl Pts',(0.690661201052581,-1.05473544946724,0.222995745247168));
#4280=CARTESIAN_POINT('Ctrl Pts',(0.935275859732241,-0.844307144977729,
0.242019144895132));
#4281=CARTESIAN_POINT('Ctrl Pts',(1.03460361858168,-0.719141826836589,0.250601490389801));
#4282=CARTESIAN_POINT('Ctrl Pts',(1.18466772892252,-0.431896684383896,0.267836198936962));
#4283=CARTESIAN_POINT('Ctrl Pts',(1.23142140907577,-0.271208686384026,0.277477478816955));
#4284=CARTESIAN_POINT('Ctrl Pts',(1.25926873300881,0.0556307002442437,0.29708784201465));
#4285=CARTESIAN_POINT('Ctrl Pts',(1.24141107420451,0.21853717896394,0.306862230737832));
#4286=CARTESIAN_POINT('Ctrl Pts',(1.14533505929488,0.525406945060222,0.325274416703609));
#4287=CARTESIAN_POINT('Ctrl Pts',(1.06920114940784,0.666822142551598,0.333197342847981));
#4288=CARTESIAN_POINT('Ctrl Pts',(0.863108683883051,0.919442966833415,0.351484846216817));
#4289=CARTESIAN_POINT('Ctrl Pts',(0.732842422706962,1.02628555929977,0.361458957476879));
#4290=CARTESIAN_POINT('Ctrl Pts',(0.443713985896412,1.1795601415821,0.381080749219414));
#4291=CARTESIAN_POINT('Ctrl Pts',(0.288778992470155,1.22672961641641,0.390546491878982));
#4292=CARTESIAN_POINT('Ctrl Pts',(0.0861604704510294,1.24777551324742,0.401706236024661));
#4293=CARTESIAN_POINT('Ctrl Pts',(0.0430566646795821,1.25,0.404012710075104));
#4294=CARTESIAN_POINT('Ctrl Pts',(2.74769523373351E-13,1.25,0.406249999999981));
#4295=CARTESIAN_POINT('Ctrl Pts',(-3.98826576838951E-14,1.25,0.349999999999998));
#4296=CARTESIAN_POINT('Ctrl Pts',(0.0939025174174991,1.25,0.345120682066224));
#4297=CARTESIAN_POINT('Ctrl Pts',(0.187694112094342,1.23942193016205,0.339929785751764));
#4298=CARTESIAN_POINT('Ctrl Pts',(0.437949776908355,1.18198490207062,0.325203009118822));
#4299=CARTESIAN_POINT('Ctrl Pts',(0.587675266399138,1.11513183978379,0.315417452600629));
#4300=CARTESIAN_POINT('Ctrl Pts',(0.85580931747655,0.926035199440495,0.295811899399163));
#4301=CARTESIAN_POINT('Ctrl Pts',(0.970906771311459,0.804556211975091,0.286186890639282));
#4302=CARTESIAN_POINT('Ctrl Pts',(1.14311112821355,0.529978432818279,0.269001556401397));
#4303=CARTESIAN_POINT('Ctrl Pts',(1.20101674593731,0.381008097912604,0.260360485874524));
#4304=CARTESIAN_POINT('Ctrl Pts',(1.25915876306533,0.063481714626958,0.241308902877379));
#4305=CARTESIAN_POINT('Ctrl Pts',(1.25658947417543,-0.10244370601392,0.231353377638923));
#4306=CARTESIAN_POINT('Ctrl Pts',(1.18740219277025,-0.42377367494605,0.212073579502989));
#4307=CARTESIAN_POINT('Ctrl Pts',(1.1214802156509,-0.575999847132911,0.203493825981506));
#4308=CARTESIAN_POINT('Ctrl Pts',(0.936904197446489,-0.842827423151203,
0.185898147459287));
#4309=CARTESIAN_POINT('Ctrl Pts',(0.821343903315837,-0.955785480472114,
0.1765047167165));
#4310=CARTESIAN_POINT('Ctrl Pts',(0.548687028062225,-1.13539958463291,0.156948626762503));
#4311=CARTESIAN_POINT('Ctrl Pts',(0.392823476169636,-1.1982861003391,0.146963123563531));
#4312=CARTESIAN_POINT('Ctrl Pts',(0.0722092197277776,-1.25809126587659,
0.128509363143754));
#4313=CARTESIAN_POINT('Ctrl Pts',(-0.0889260663688909,-1.25702043377839,
0.120589879061078));
#4314=CARTESIAN_POINT('Ctrl Pts',(-0.404368418843745,-1.19382957503297,
0.102303287858344));
#4315=CARTESIAN_POINT('Ctrl Pts',(-0.555504749601095,-1.13143644937127,
0.092578219976252));
#4316=CARTESIAN_POINT('Ctrl Pts',(-0.82865079740034,-0.950420279667832,
0.0729546499048946));
#4317=CARTESIAN_POINT('Ctrl Pts',(-0.947234508458673,-0.832301463889557,
0.0632492950564501));
#4318=CARTESIAN_POINT('Ctrl Pts',(-1.12726179449858,-0.562876418269753,
0.0458120515027547));
#4319=CARTESIAN_POINT('Ctrl Pts',(-1.1894135303787,-0.415766988563332,0.0374460193135683));
#4320=CARTESIAN_POINT('Ctrl Pts',(-1.25666960942247,-0.10067082381042,0.0185402494283875));
#4321=CARTESIAN_POINT('Ctrl Pts',(-1.2590306678455,0.0647602754955257,0.008614383470185));
#4322=CARTESIAN_POINT('Ctrl Pts',(-1.20077431779687,0.381769401484014,-0.0104061640889685));
#4323=CARTESIAN_POINT('Ctrl Pts',(-1.14277639299884,0.530698612439679,-0.0190405551420526));
#4324=CARTESIAN_POINT('Ctrl Pts',(-0.970401737092756,0.805165398930443,
-0.036231408595766));
#4325=CARTESIAN_POINT('Ctrl Pts',(-0.855227593121386,0.926572595504277,
-0.0458582485652779));
#4326=CARTESIAN_POINT('Ctrl Pts',(-0.586982223522166,1.11549536118564,-0.0654643698069408));
#4327=CARTESIAN_POINT('Ctrl Pts',(-0.437224744346075,1.18225194935108,-0.0752486943342935));
#4328=CARTESIAN_POINT('Ctrl Pts',(-0.187190828931322,1.23947878847629,-0.0899576428614571));
#4329=CARTESIAN_POINT('Ctrl Pts',(-0.0936497583912055,1.25,-0.0951338158105019));
#4330=CARTESIAN_POINT('Ctrl Pts',(3.74700270810989E-14,1.25,-0.100000000000006));
#4331=CARTESIAN_POINT('Origin',(0.,1.50231459873716E-15,1.));
#4332=CARTESIAN_POINT('',(1.19827546234567E-13,1.25,-0.550000000000017));
#4333=CARTESIAN_POINT('',(4.34286137709167E-8,1.25,-0.493750004513239));
#4334=CARTESIAN_POINT('',(-1.53080849893419E-16,1.25,1.));
#4335=CARTESIAN_POINT('Ctrl Pts',(4.35464242558162E-8,1.25,-0.493750002262743));
#4336=CARTESIAN_POINT('Ctrl Pts',(-0.00288477820469997,1.2500000001005,
-0.493600102524416));
#4337=CARTESIAN_POINT('Ctrl Pts',(-0.0057700277090279,1.24999001356663,
-0.49344988097241));
#4338=CARTESIAN_POINT('Ctrl Pts',(-0.167623345500028,1.24886922969365,-0.485006112362593));
#4339=CARTESIAN_POINT('Ctrl Pts',(-0.32489801575485,1.21745373060043,-0.475891415801046));
#4340=CARTESIAN_POINT('Ctrl Pts',(-0.624909611618757,1.0950997709114,-0.456631737203492));
#4341=CARTESIAN_POINT('Ctrl Pts',(-0.763929323224604,1.00308120848913,-0.446647504218177));
#4342=CARTESIAN_POINT('Ctrl Pts',(-0.996177188166153,0.772315356599042,
-0.42765657560063));
#4343=CARTESIAN_POINT('Ctrl Pts',(-1.08790614774491,0.636627201287738,-0.419447632077269));
#4344=CARTESIAN_POINT('Ctrl Pts',(-1.21382766584188,0.339089770156597,-0.4015953862094));
#4345=CARTESIAN_POINT('Ctrl Pts',(-1.24733144353214,0.180305992761597,-0.3920683595657));
#4346=CARTESIAN_POINT('Ctrl Pts',(-1.25246235466099,-0.147569275059314,
-0.372395843496446));
#4347=CARTESIAN_POINT('Ctrl Pts',(-1.22152941758799,-0.313556960130786,
-0.362436582392157));
#4348=CARTESIAN_POINT('Ctrl Pts',(-1.09932508466549,-0.615799988512859,
-0.344302000689233));
#4349=CARTESIAN_POINT('Ctrl Pts',(-1.01229022536608,-0.750331671590188,
-0.33634019292248));
#4350=CARTESIAN_POINT('Ctrl Pts',(-0.789796483512631,-0.982440189205182,
-0.317815823436342));
#4351=CARTESIAN_POINT('Ctrl Pts',(-0.655371652562929,-1.07677720062902,
-0.308000793983515));
#4352=CARTESIAN_POINT('Ctrl Pts',(-0.355219085576004,-1.20986123506202,
-0.288411888069217));
#4353=CARTESIAN_POINT('Ctrl Pts',(-0.191895464891233,-1.24625107922209,
-0.278833648471351));
#4354=CARTESIAN_POINT('Ctrl Pts',(0.132257144054635,-1.25304793482559,-0.261786279160239));
#4355=CARTESIAN_POINT('Ctrl Pts',(0.289967901237253,-1.22620356383142,-0.252968932789736));
#4356=CARTESIAN_POINT('Ctrl Pts',(0.592648735344619,-1.11281843883357,-0.233839621545261));
#4357=CARTESIAN_POINT('Ctrl Pts',(0.733889646093949,-1.0251856676692,-0.223871545404576));
#4358=CARTESIAN_POINT('Ctrl Pts',(0.973520886014775,-0.800944223813586,
-0.2046926976102));
#4359=CARTESIAN_POINT('Ctrl Pts',(1.06983410055201,-0.666857380472581,-0.196261442828359));
#4360=CARTESIAN_POINT('Ctrl Pts',(1.20407204037411,-0.372065527173546,-0.178573931630417));
#4361=CARTESIAN_POINT('Ctrl Pts',(1.24181922853862,-0.214690949162089,-0.16913145694973));
#4362=CARTESIAN_POINT('Ctrl Pts',(1.256078700301,0.111997206134133,-0.149530167631957));
#4363=CARTESIAN_POINT('Ctrl Pts',(1.22997355436827,0.278304638642888,-0.139551721681431));
#4364=CARTESIAN_POINT('Ctrl Pts',(1.11661140083957,0.584013758923433,-0.121209174464599));
#4365=CARTESIAN_POINT('Ctrl Pts',(1.03316605354408,0.721430819667886,-0.113291958331781));
#4366=CARTESIAN_POINT('Ctrl Pts',(0.817182877804833,0.959704848948376,-0.0949209224345532));
#4367=CARTESIAN_POINT('Ctrl Pts',(0.685865521409577,1.05754518277225,-0.0851622624240707));
#4368=CARTESIAN_POINT('Ctrl Pts',(0.390073488121362,1.19908225255881,-0.0655463454265952));
#4369=CARTESIAN_POINT('Ctrl Pts',(0.227840437482882,1.24018682973007,-0.055883331520275));
#4370=CARTESIAN_POINT('Ctrl Pts',(0.0415227319406165,1.24948320662729,-0.0459230882428925));
#4371=CARTESIAN_POINT('Ctrl Pts',(0.0207525210973512,1.25,-0.0448283326277788));
#4372=CARTESIAN_POINT('Ctrl Pts',(1.14854706941753E-13,1.25,-0.0437500000000109));
#4373=CARTESIAN_POINT('Ctrl Pts',(3.74700270810989E-14,1.25,-0.100000000000006));
#4374=CARTESIAN_POINT('Ctrl Pts',(0.0647554592145398,1.25,-0.103364792362814));
#4375=CARTESIAN_POINT('Ctrl Pts',(0.129547037732078,1.24496892856806,-0.106882393682404));
#4376=CARTESIAN_POINT('Ctrl Pts',(0.358695232080813,1.20900702779091,-0.119868140157955));
#4377=CARTESIAN_POINT('Ctrl Pts',(0.516729779666198,1.15036443327363,-0.129839133966542));
#4378=CARTESIAN_POINT('Ctrl Pts',(0.795007009245419,0.977871208765581,-0.149473639708399));
#4379=CARTESIAN_POINT('Ctrl Pts',(0.913905178722886,0.867790259276574,-0.158954198306923));
#4380=CARTESIAN_POINT('Ctrl Pts',(1.10497171281522,0.606706877754043,-0.176714808092814));
#4381=CARTESIAN_POINT('Ctrl Pts',(1.17456782775057,0.45766207341177,-0.185040275595079));
#4382=CARTESIAN_POINT('Ctrl Pts',(1.25309288559309,0.139386400594544,-0.204136815964107));
#4383=CARTESIAN_POINT('Ctrl Pts',(1.26053336276009,-0.0268847135625755,
-0.214113082813531));
#4384=CARTESIAN_POINT('Ctrl Pts',(1.21139918645755,-0.346727555255098,-0.233303653315076));
#4385=CARTESIAN_POINT('Ctrl Pts',(1.15762342501802,-0.497567885539412,-0.24227515892108));
#4386=CARTESIAN_POINT('Ctrl Pts',(0.993043071838512,-0.777062926754524,
-0.259211856166565));
#4387=CARTESIAN_POINT('Ctrl Pts',(0.881413095020956,-0.901693266213563,
-0.268751230095205));
#4388=CARTESIAN_POINT('Ctrl Pts',(0.618359892831435,-1.09847891166762,-0.288323444797399));
#4389=CARTESIAN_POINT('Ctrl Pts',(0.470123481642092,-1.16962132517237,-0.298160307073887));
#4390=CARTESIAN_POINT('Ctrl Pts',(0.158778219855494,-1.24998616088124,-0.316749226508453));
#4391=CARTESIAN_POINT('Ctrl Pts',(-0.000964101193769093,-1.26002768194815,
-0.324749265708882));
#4392=CARTESIAN_POINT('Ctrl Pts',(-0.324388594499873,-1.2187264620202,-0.342793931951266));
#4393=CARTESIAN_POINT('Ctrl Pts',(-0.484476342489643,-1.16438416706578,
-0.352742604195522));
#4394=CARTESIAN_POINT('Ctrl Pts',(-0.76817429180351,-0.999156313232073,
-0.372440817676969));
#4395=CARTESIAN_POINT('Ctrl Pts',(-0.890328356465756,-0.892038854791101,
-0.382001652820577));
#4396=CARTESIAN_POINT('Ctrl Pts',(-1.08779369469752,-0.636697159692398,
-0.399922503630068));
#4397=CARTESIAN_POINT('Ctrl Pts',(-1.16097737554276,-0.490728524503206,
-0.408056288529593));
#4398=CARTESIAN_POINT('Ctrl Pts',(-1.24860173318762,-0.175560275415319,
-0.42696638347486));
#4399=CARTESIAN_POINT('Ctrl Pts',(-1.26084886616757,-0.00908545272768787,
-0.436954872836115));
#4400=CARTESIAN_POINT('Ctrl Pts',(-1.22064143338061,0.312802973744434,-0.456268178424436));
#4401=CARTESIAN_POINT('Ctrl Pts',(-1.17095908140399,0.465494488573081,-0.465429669314152));
#4402=CARTESIAN_POINT('Ctrl Pts',(-1.01381044366123,0.749752114171226,-0.482485126850035));
#4403=CARTESIAN_POINT('Ctrl Pts',(-0.905612331372214,0.877408706011833,
-0.49176526408321));
#4404=CARTESIAN_POINT('Ctrl Pts',(-0.647556153089809,1.0815894545886,-0.511299678900272));
#4405=CARTESIAN_POINT('Ctrl Pts',(-0.500873028808854,1.15684674132366,-0.521179276218347));
#4406=CARTESIAN_POINT('Ctrl Pts',(-0.231837235815353,1.23382755476934,-0.537468210497292));
#4407=CARTESIAN_POINT('Ctrl Pts',(-0.116110369132367,1.25,-0.543966728241332));
#4408=CARTESIAN_POINT('Ctrl Pts',(2.38854075407247E-13,1.25,-0.550000000000016));
#4409=CARTESIAN_POINT('Origin',(0.,1.50231459873716E-15,1.));
#4410=CARTESIAN_POINT('',(-1.53080849893419E-16,1.25,-0.951286071037209));
#4411=CARTESIAN_POINT('',(3.04596183181154E-15,1.25,-0.943750000000005));
#4412=CARTESIAN_POINT('',(-1.53080849893419E-16,1.25,1.));
#4413=CARTESIAN_POINT('',(0.140460995775802,1.24208321326136,-0.951286071037126));
#4414=CARTESIAN_POINT('Origin',(0.,0.,-0.951286071037126));
#4415=CARTESIAN_POINT('Ctrl Pts',(0.140460995777303,1.24208321326119,-0.951286071037209));
#4416=CARTESIAN_POINT('Ctrl Pts',(0.0937675759504571,1.24736353922897,-0.948701399992598));
#4417=CARTESIAN_POINT('Ctrl Pts',(0.046882702102269,1.25,-0.946186096661122));
#4418=CARTESIAN_POINT('Ctrl Pts',(6.24500451351649E-15,1.25,-0.943750000000005));
#4419=CARTESIAN_POINT('Origin',(0.,0.,1.));
#4420=CARTESIAN_POINT('',(-0.975783118811329,2.09569081802968E-9,0.677069189848458));
#4421=CARTESIAN_POINT('',(-1.15823116925234,4.44106122098283E-9,0.859517240289463));
#4422=CARTESIAN_POINT('',(-1.29871392896287,-1.59046585611247E-16,1.));
#4423=CARTESIAN_POINT('Ctrl Pts',(-0.975783118811329,4.19138042209252E-9,
0.677069189848458));
#4424=CARTESIAN_POINT('Ctrl Pts',(-0.975170050896421,0.0125813972579999,
0.676456121987592));
#4425=CARTESIAN_POINT('Ctrl Pts',(-0.974312678308742,0.0251591109352259,
0.675842077457098));
#4426=CARTESIAN_POINT('Ctrl Pts',(-0.963301339136482,0.150695809053079,
0.669701727954856));
#4427=CARTESIAN_POINT('Ctrl Pts',(-0.933750715344467,0.261075500854543,
0.664205633746335));
#4428=CARTESIAN_POINT('Ctrl Pts',(-0.885887851869306,0.363900353073835,
0.659002497259879));
#4429=CARTESIAN_POINT('Ctrl Pts',(-0.366991826865807,0.884609714061094,
0.659000719143522));
#4430=CARTESIAN_POINT('Ctrl Pts',(-0.461605824519158,0.864287673002906,
0.676486522618691));
#4431=CARTESIAN_POINT('Ctrl Pts',(-0.552666464154974,0.829837889566052,
0.693732838976069));
#4432=CARTESIAN_POINT('Ctrl Pts',(-0.730200130778071,0.730168626856055,
0.728560816044529));
#4433=CARTESIAN_POINT('Ctrl Pts',(-0.814110640694576,0.662870487793371,
0.745778407375422));
#4434=CARTESIAN_POINT('Ctrl Pts',(-0.93510544966743,0.527894511054635,0.772597057951173));
#4435=CARTESIAN_POINT('Ctrl Pts',(-0.973687792246323,0.472053312075086,
0.782070129179381));
#4436=CARTESIAN_POINT('Ctrl Pts',(-1.07892000292624,0.30091104174019,0.811866634991029));
#4437=CARTESIAN_POINT('Ctrl Pts',(-1.1311206354438,0.161835918843167,0.834618303351389));
#4438=CARTESIAN_POINT('Ctrl Pts',(-1.15649007983826,0.0110916842404595,
0.857816019570841));
#4439=CARTESIAN_POINT('Ctrl Pts',(-1.15738110146986,0.00554841338997223,
0.858667172549535));
#4440=CARTESIAN_POINT('Ctrl Pts',(-1.15823116925234,8.88212258380808E-9,
0.859517240289463));
#4441=CARTESIAN_POINT('Origin',(0.,0.,1.));
#4442=CARTESIAN_POINT('Ctrl Pts',(-1.15823116925234,8.88212258380808E-9,
0.859517240289463));
#4443=CARTESIAN_POINT('Ctrl Pts',(-1.17355384887312,-0.100011338957219,
0.874839919143291));
#4444=CARTESIAN_POINT('Ctrl Pts',(-1.17557032113716,-0.201691623639236,
0.889803622961947));
#4445=CARTESIAN_POINT('Ctrl Pts',(-1.14637673940289,-0.460504455252077,
0.926619814613177));
#4446=CARTESIAN_POINT('Ctrl Pts',(-1.09978212791831,-0.579468624207712,
0.942272708089216));
#4447=CARTESIAN_POINT('Ctrl Pts',(-1.07001664112841,-0.646192221949691,
0.951286071037132));
#4448=CARTESIAN_POINT('',(-1.29871392896287,-1.59046585611247E-16,1.));
#4449=CARTESIAN_POINT('',(-1.29871392896287,-1.59046585611247E-16,1.));
#4450=CARTESIAN_POINT('Origin',(0.,0.,1.));
#4451=CARTESIAN_POINT('Ctrl Pts',(-1.2156401131802,0.291065482713623,0.951286071037159));
#4452=CARTESIAN_POINT('Ctrl Pts',(-1.19555497445899,0.363081790435946,0.948522199886889));
#4453=CARTESIAN_POINT('Ctrl Pts',(-1.16910444973876,0.43316087459344,0.945814041132813));
#4454=CARTESIAN_POINT('Ctrl Pts',(-1.10268130296446,0.570730195828677,0.940464483450917));
#4455=CARTESIAN_POINT('Ctrl Pts',(-1.06178975686214,0.638775281465705,0.937891816981359));
#4456=CARTESIAN_POINT('Ctrl Pts',(-0.927738142151852,0.818745796758275,
0.930079107437336));
#4457=CARTESIAN_POINT('Ctrl Pts',(-0.820646748359948,0.918772664823215,
0.924603893242614));
#4458=CARTESIAN_POINT('Ctrl Pts',(-0.568629918157641,1.08101338824676,0.912953461770837));
#4459=CARTESIAN_POINT('Ctrl Pts',(-0.424070762226824,1.13902182580357,0.906861087657858));
#4460=CARTESIAN_POINT('Ctrl Pts',(-0.144487611906777,1.19315086543042,0.896068248877705));
#4461=CARTESIAN_POINT('Ctrl Pts',(0.0166277405455528,1.20302631684483,0.890769595095768));
#4462=CARTESIAN_POINT('Ctrl Pts',(0.346472700756078,1.1353857631695,0.878104414806292));
#4463=CARTESIAN_POINT('Ctrl Pts',(0.491276113457374,1.07379456877522,0.871822815655107));
#4464=CARTESIAN_POINT('Ctrl Pts',(0.739222534831359,0.903405745700476,0.859554375048537));
#4465=CARTESIAN_POINT('Ctrl Pts',(0.842384937942775,0.799640360374726,0.853684128644949));
#4466=CARTESIAN_POINT('Ctrl Pts',(0.965012673140122,0.618956450621073,0.845398044841705));
#4467=CARTESIAN_POINT('Ctrl Pts',(1.00106368880297,0.553527496160245,0.84277721492053));
#4468=CARTESIAN_POINT('Ctrl Pts',(1.08366926186036,0.359417990413328,0.834813452184026));
#4469=CARTESIAN_POINT('Ctrl Pts',(1.11366769050574,0.224984520791783,0.829227102230815));
#4470=CARTESIAN_POINT('Ctrl Pts',(1.12403596241111,-0.057226002427351,0.817309294298508));
#4471=CARTESIAN_POINT('Ctrl Pts',(1.10081700337221,-0.202586627813127,0.811065865412838));
#4472=CARTESIAN_POINT('Ctrl Pts',(1.01605351995165,-0.432295723348285,0.80103799958231));
#4473=CARTESIAN_POINT('Ctrl Pts',(0.951197477178823,-0.57183904407782,0.795588294238035));
#4474=CARTESIAN_POINT('Ctrl Pts',(0.734106103886916,-0.804804339030112,
0.782455721718102));
#4475=CARTESIAN_POINT('Ctrl Pts',(0.625972575822365,-0.884407060712097,
0.776615365804585));
#4476=CARTESIAN_POINT('Ctrl Pts',(0.377492062403504,-1.00397131239658,0.764372935064698));
#4477=CARTESIAN_POINT('Ctrl Pts',(0.237879651705473,-1.03949381574928,0.758081935166776));
#4478=CARTESIAN_POINT('Ctrl Pts',(0.0256612752233545,-1.05008180856252,
0.749361869681044));
#4479=CARTESIAN_POINT('Ctrl Pts',(-0.0453082164272576,-1.04678218758829,
0.746647304914925));
#4480=CARTESIAN_POINT('Ctrl Pts',(-0.239510568807601,-1.01688890274067,
0.738444013074054));
#4481=CARTESIAN_POINT('Ctrl Pts',(-0.358998184955334,-0.975113409456755,
0.732793004826456));
#4482=CARTESIAN_POINT('Ctrl Pts',(-0.584263064261095,-0.846141144647369,
0.720787906455441));
#4483=CARTESIAN_POINT('Ctrl Pts',(-0.686371920733553,-0.757291706146703,
0.714526877683568));
#4484=CARTESIAN_POINT('Ctrl Pts',(-0.824239210021801,-0.579154907269851,
0.704527235776731));
#4485=CARTESIAN_POINT('Ctrl Pts',(-0.90020229277631,-0.4621109812641,0.699147923182113));
#4486=CARTESIAN_POINT('Ctrl Pts',(-0.969901682436992,-0.202046431597049,
0.686838658586479));
#4487=CARTESIAN_POINT('Ctrl Pts',(-0.980700023553988,-0.100904821741091,
0.68198609415769));
#4488=CARTESIAN_POINT('Ctrl Pts',(-0.975783118811329,4.1913801422655E-9,
0.677069189848458));
#4489=CARTESIAN_POINT('Origin',(0.,0.,-1.));
#4490=CARTESIAN_POINT('',(1.06691696574148,1.66055449596357E-8,-0.768203036778607));
#4491=CARTESIAN_POINT('Ctrl Pts',(1.06691696647859,1.66712399307641E-8,
-0.76820303751572));
#4492=CARTESIAN_POINT('Ctrl Pts',(1.0649637339325,0.0438279812452765,-0.76624980565447));
#4493=CARTESIAN_POINT('Ctrl Pts',(1.06030267390232,0.0875784329714743,-0.764289259621062));
#4494=CARTESIAN_POINT('Ctrl Pts',(1.02350996714243,0.304230569060432,-0.754526532747018));
#4495=CARTESIAN_POINT('Ctrl Pts',(0.957526440385436,0.435856014247929,-0.748428540456646));
#4496=CARTESIAN_POINT('Ctrl Pts',(0.837741927479493,0.625507631814457,-0.739579252341149));
#4497=CARTESIAN_POINT('Ctrl Pts',(0.754075638550229,0.716517080059071,-0.734254518021729));
#4498=CARTESIAN_POINT('Ctrl Pts',(0.552113339017959,0.869196931160806,-0.722716678643012));
#4499=CARTESIAN_POINT('Ctrl Pts',(0.433791200920548,0.927170004408893,-0.716573403324218));
#4500=CARTESIAN_POINT('Ctrl Pts',(0.24520387206612,0.978115309903113,-0.707589387376569));
#4501=CARTESIAN_POINT('Ctrl Pts',(0.181189189842641,0.989004687290719,-0.704665295222988));
#4502=CARTESIAN_POINT('Ctrl Pts',(0.00496299397016252,1.00191981929086,
-0.69696094835119));
#4503=CARTESIAN_POINT('Ctrl Pts',(-0.127731525911567,0.993274854267298,
-0.691688028271538));
#4504=CARTESIAN_POINT('Ctrl Pts',(-0.353141718177538,0.917713449065562,
-0.680554848645132));
#4505=CARTESIAN_POINT('Ctrl Pts',(-0.433403205875311,0.877843208224095,
-0.67622734936965));
#4506=CARTESIAN_POINT('Ctrl Pts',(-0.580301237477837,0.777632805167685,
-0.667529279375416));
#4507=CARTESIAN_POINT('Ctrl Pts',(-0.646325599947092,0.717900301477219,
-0.663200261701567));
#4508=CARTESIAN_POINT('Ctrl Pts',(-0.703335213489416,0.650031022738669,
-0.659002497259882));
#4509=CARTESIAN_POINT('Ctrl Pts',(-0.956674500294987,-0.044661544333045,
-0.659002497259878));
#4510=CARTESIAN_POINT('Ctrl Pts',(-0.983565290054425,0.0703600161592077,
-0.680500188819445));
#4511=CARTESIAN_POINT('Ctrl Pts',(-0.988808327331501,0.189516220582329,
-0.701284236475162));
#4512=CARTESIAN_POINT('Ctrl Pts',(-0.949983880616036,0.462610231365348,
-0.746456267529274));
#4513=CARTESIAN_POINT('Ctrl Pts',(-0.892360145669326,0.590032333067826,
-0.765319589708586));
#4514=CARTESIAN_POINT('Ctrl Pts',(-0.760268971869861,0.812661001530641,
-0.804637651096376));
#4515=CARTESIAN_POINT('Ctrl Pts',(-0.661588415587248,0.923013712627854,
-0.827616710995497));
#4516=CARTESIAN_POINT('Ctrl Pts',(-0.452572385319106,1.08093311136439,-0.867592877743184));
#4517=CARTESIAN_POINT('Ctrl Pts',(-0.350495644201288,1.13598716650447,-0.884605379644883));
#4518=CARTESIAN_POINT('Ctrl Pts',(-0.0904763760016682,1.22868616235126,
-0.922989846860694));
#4519=CARTESIAN_POINT('Ctrl Pts',(0.0432317916632614,1.24044905286178,-0.938736731824206));
#4520=CARTESIAN_POINT('Ctrl Pts',(0.140460995649432,1.24208321325924,-0.951286071020815));
#4521=CARTESIAN_POINT('',(-0.779833400529875,0.976913439061009,-0.951286071037126));
#4522=CARTESIAN_POINT('Origin',(0.,0.,-0.951286071037126));
#4523=CARTESIAN_POINT('Ctrl Pts',(-0.779833400528967,0.976913439061792,
-0.951286071037171));
#4524=CARTESIAN_POINT('Ctrl Pts',(-0.856437181814338,0.910900442994124,
-0.9474854344307));
#4525=CARTESIAN_POINT('Ctrl Pts',(-0.924786210731951,0.83588486487251,-0.943750723918579));
#4526=CARTESIAN_POINT('Ctrl Pts',(-1.04602557574632,0.665466098815662,-0.936341649891031));
#4527=CARTESIAN_POINT('Ctrl Pts',(-1.09618368993968,0.571629650062229,-0.932927233278314));
#4528=CARTESIAN_POINT('Ctrl Pts',(-1.18984328587785,0.32152317714641,-0.923383575749359));
#4529=CARTESIAN_POINT('Ctrl Pts',(-1.21565129753015,0.161994294267101,-0.917214494123683));
#4530=CARTESIAN_POINT('Ctrl Pts',(-1.20395044263157,-0.149338597027206,
-0.904977592423932));
#4531=CARTESIAN_POINT('Ctrl Pts',(-1.16983401113816,-0.298348166739769,
-0.899029844515385));
#4532=CARTESIAN_POINT('Ctrl Pts',(-1.07910700311727,-0.50563489041027,-0.89063945403006));
#4533=CARTESIAN_POINT('Ctrl Pts',(-1.04259349874534,-0.571779494490149,
-0.88802687852297));
#4534=CARTESIAN_POINT('Ctrl Pts',(-0.91372186433602,-0.760134360525655,
-0.8799146416092));
#4535=CARTESIAN_POINT('Ctrl Pts',(-0.802817116666247,-0.868366289974502,
-0.873918446168204));
#4536=CARTESIAN_POINT('Ctrl Pts',(-0.549939753655476,-1.03246212288211,
-0.861692520978261));
#4537=CARTESIAN_POINT('Ctrl Pts',(-0.411523278332246,-1.08854826560193,
-0.855589717134142));
#4538=CARTESIAN_POINT('Ctrl Pts',(-0.144221614424496,-1.14116380890202,
-0.844788546064571));
#4539=CARTESIAN_POINT('Ctrl Pts',(0.0094665962011865,-1.15112937184549,
-0.839492788819996));
#4540=CARTESIAN_POINT('Ctrl Pts',(0.313757831755216,-1.0901870671457,-0.827320544576295));
#4541=CARTESIAN_POINT('Ctrl Pts',(0.442796534719165,-1.03821242188988,-0.821538814763035));
#4542=CARTESIAN_POINT('Ctrl Pts',(0.683474384029971,-0.88456587517052,-0.809366488277919));
#4543=CARTESIAN_POINT('Ctrl Pts',(0.790871126028618,-0.78117629119088,-0.803080956862765));
#4544=CARTESIAN_POINT('Ctrl Pts',(0.944933816267542,-0.558957808967858,
-0.792288628271217));
#4545=CARTESIAN_POINT('Ctrl Pts',(1.01072552768634,-0.428639151509806,-0.787019093587895));
#4546=CARTESIAN_POINT('Ctrl Pts',(1.0634902921338,-0.18068425480135,-0.776209308613579));
#4547=CARTESIAN_POINT('Ctrl Pts',(1.07093583130771,-0.0901780144654719,
-0.772221900935751));
#4548=CARTESIAN_POINT('Ctrl Pts',(1.06691696647859,1.66712399307641E-8,
-0.76820303751572));
#4549=CARTESIAN_POINT('',(1.29871392896287,-1.59046585611247E-16,-1.));
#4550=CARTESIAN_POINT('',(1.29871392896287,-1.59046585611247E-16,-1.));
#4551=CARTESIAN_POINT('Origin',(0.,0.,-1.));
#4552=CARTESIAN_POINT('Origin',(0.,1.50231459873716E-15,1.));
#4553=CARTESIAN_POINT('Ctrl Pts',(6.24500451351649E-15,1.25,-0.943750000000005));
#4554=CARTESIAN_POINT('Ctrl Pts',(-0.0670400018101628,1.25,-0.940266499321763));
#4555=CARTESIAN_POINT('Ctrl Pts',(-0.134038264246008,1.2446082662929,-0.93662341547382));
#4556=CARTESIAN_POINT('Ctrl Pts',(-0.317509328012283,1.21481324584646,-0.926196128735569));
#4557=CARTESIAN_POINT('Ctrl Pts',(-0.431331709184525,1.17920754786857,-0.919213573379369));
#4558=CARTESIAN_POINT('Ctrl Pts',(-0.688286115740351,1.05657080195758,-0.902182728380537));
#4559=CARTESIAN_POINT('Ctrl Pts',(-0.822427293136438,0.955877458389444,
-0.892191748034379));
#4560=CARTESIAN_POINT('Ctrl Pts',(-1.03961394859939,0.712306197121469,-0.873599260536706));
#4561=CARTESIAN_POINT('Ctrl Pts',(-1.12225444021882,0.573342351557152,-0.865650541093435));
#4562=CARTESIAN_POINT('Ctrl Pts',(-1.23107678229719,0.270360364485568,-0.84747162186914));
#4563=CARTESIAN_POINT('Ctrl Pts',(-1.25568578903449,0.109031437799531,-0.837791886267977));
#4564=CARTESIAN_POINT('Ctrl Pts',(-1.24193835772886,-0.218073547319115,
-0.818165587160858));
#4565=CARTESIAN_POINT('Ctrl Pts',(-1.202115838617,-0.3806590404881,-0.808410457570719));
#4566=CARTESIAN_POINT('Ctrl Pts',(-1.06450725275584,-0.674080585962715,
-0.790805164842242));
#4567=CARTESIAN_POINT('Ctrl Pts',(-0.970680544722077,-0.803338103412632,
-0.782587897538944));
#4568=CARTESIAN_POINT('Ctrl Pts',(-0.735912096431405,-1.02356327673941,
-0.763782215925534));
#4569=CARTESIAN_POINT('Ctrl Pts',(-0.595823933360836,-1.11096347334527,
-0.753881015548042));
#4570=CARTESIAN_POINT('Ctrl Pts',(-0.286715782216183,-1.2280824171098,-0.73430571655062));
#4571=CARTESIAN_POINT('Ctrl Pts',(-0.12030834681263,-1.25534351029452,-0.725161710386463));
#4572=CARTESIAN_POINT('Ctrl Pts',(0.205831531741346,-1.24320438255789,-0.70785081135347));
#4573=CARTESIAN_POINT('Ctrl Pts',(0.362542187952302,-1.20684247148322,-0.698617029461884));
#4574=CARTESIAN_POINT('Ctrl Pts',(0.659484011103836,-1.07471428743168,-0.67922363420262));
#4575=CARTESIAN_POINT('Ctrl Pts',(0.795930214878878,-0.977973305460295,
-0.669231452020331));
#4576=CARTESIAN_POINT('Ctrl Pts',(1.02005901717569,-0.740224511036849,-0.650452913997098));
#4577=CARTESIAN_POINT('Ctrl Pts',(1.10684750772193,-0.602775757544322,-0.642416545452664));
#4578=CARTESIAN_POINT('Ctrl Pts',(1.2235768836051,-0.30227793903014,-0.624386676341813));
#4579=CARTESIAN_POINT('Ctrl Pts',(1.25232500117931,-0.142065912096059,-0.614773954725768));
#4580=CARTESIAN_POINT('Ctrl Pts',(1.24731214205232,0.184896531765897,-0.595156208094051));
#4581=CARTESIAN_POINT('Ctrl Pts',(1.21183071885103,0.348504969718144,-0.585339701816916));
#4582=CARTESIAN_POINT('Ctrl Pts',(1.08200430613187,0.64566523885387,-0.567510085668772));
#4583=CARTESIAN_POINT('Ctrl Pts',(0.991528021173713,0.777493714009612,-0.55944649587375));
#4584=CARTESIAN_POINT('Ctrl Pts',(0.762803255858522,1.00361354798398,-0.540778013420263));
#4585=CARTESIAN_POINT('Ctrl Pts',(0.625469759630107,1.09448266797473,-0.53091588202908));
#4586=CARTESIAN_POINT('Ctrl Pts',(0.323900129167174,1.21824232067062,-0.511533074788757));
#4587=CARTESIAN_POINT('Ctrl Pts',(0.162679253535373,1.24999999433272,-0.502203062143842));
#4588=CARTESIAN_POINT('Ctrl Pts',(4.35464245912565E-8,1.25,-0.493750002262743));
#4589=CARTESIAN_POINT('Ctrl Pts',(2.39808173319027E-13,1.25,-0.550000000000017));
#4590=CARTESIAN_POINT('Ctrl Pts',(0.0417390009387665,1.25,-0.552168822108493));
#4591=CARTESIAN_POINT('Ctrl Pts',(0.0835210226578974,1.24790957503114,-0.554402592391159));
#4592=CARTESIAN_POINT('Ctrl Pts',(0.290150910531012,1.22711026127374,-0.565763375728632));
#4593=CARTESIAN_POINT('Ctrl Pts',(0.450143987890926,1.1778546969226,-0.575554526824564));
#4594=CARTESIAN_POINT('Ctrl Pts',(0.737751148348117,1.02190070108501,-0.595177653135659));
#4595=CARTESIAN_POINT('Ctrl Pts',(0.863431134607222,0.918180543817895,-0.604819781504529));
#4596=CARTESIAN_POINT('Ctrl Pts',(1.06792030985259,0.669233127081573,-0.622913773240298));
#4597=CARTESIAN_POINT('Ctrl Pts',(1.14501244923767,0.526569160667565,-0.630905850359731));
#4598=CARTESIAN_POINT('Ctrl Pts',(1.24250312125908,0.214912900968709,-0.649605225941657));
#4599=CARTESIAN_POINT('Ctrl Pts',(1.26002154543651,0.0483702110685848,-0.659597787335661));
#4600=CARTESIAN_POINT('Ctrl Pts',(1.22963928831317,-0.275588055915706,-0.679035283354712));
#4601=CARTESIAN_POINT('Ctrl Pts',(1.18445370179416,-0.43017274952782,-0.688310364971436));
#4602=CARTESIAN_POINT('Ctrl Pts',(1.03532290744022,-0.719886099616073,-0.705693165976726));
#4603=CARTESIAN_POINT('Ctrl Pts',(0.930517013461799,-0.851054358213081,
-0.714680548407482));
#4604=CARTESIAN_POINT('Ctrl Pts',(0.677599258878352,-1.0630952133743,-0.734183766094555));
#4605=CARTESIAN_POINT('Ctrl Pts',(0.532660632240394,-1.14262258405001,-0.744100819174309));
#4606=CARTESIAN_POINT('Ctrl Pts',(0.225547841327056,-1.23963461533658,-0.762969228838386));
#4607=CARTESIAN_POINT('Ctrl Pts',(0.0669331266253961,-1.25820116060427,
-0.77127601790092));
#4608=CARTESIAN_POINT('Ctrl Pts',(-0.256254537076279,-1.23463129797521,
-0.78877643739711));
#4609=CARTESIAN_POINT('Ctrl Pts',(-0.417521647444997,-1.18980623619571,
-0.798500874112945));
#4610=CARTESIAN_POINT('Ctrl Pts',(-0.709680612710981,-1.04165741178542,
-0.818126363997071));
#4611=CARTESIAN_POINT('Ctrl Pts',(-0.838467041723172,-0.941105263924931,
-0.827834867584117));
#4612=CARTESIAN_POINT('Ctrl Pts',(-1.04924354538784,-0.697965410256324,
-0.846081331595837));
#4613=CARTESIAN_POINT('Ctrl Pts',(-1.12981724694885,-0.558194196161327,
-0.854008348230105));
#4614=CARTESIAN_POINT('Ctrl Pts',(-1.23603238328247,-0.249764089587323,
-0.872514154624539));
#4615=CARTESIAN_POINT('Ctrl Pts',(-1.25825675024832,-0.0832974057828892,
-0.882502155652802));
#4616=CARTESIAN_POINT('Ctrl Pts',(-1.23669254846883,0.242255171316296,-0.902035310278747));
#4617=CARTESIAN_POINT('Ctrl Pts',(-1.1955662475905,0.398413856347003,-0.911404831380586));
#4618=CARTESIAN_POINT('Ctrl Pts',(-1.08626139573307,0.625266997957453,-0.925016019877209));
#4619=CARTESIAN_POINT('Ctrl Pts',(-1.03745253611428,0.703291313174831,-0.929691124305515));
#4620=CARTESIAN_POINT('Ctrl Pts',(-0.921504908193746,0.849930161661938,
-0.940115105237392));
#4621=CARTESIAN_POINT('Ctrl Pts',(-0.854177182701064,0.917567582877037,
-0.945642679113187));
#4622=CARTESIAN_POINT('Ctrl Pts',(-0.779833400528996,0.976913439061711,
-0.951286071037193));
#4623=CARTESIAN_POINT('Origin',(0.,0.,1.));
#4624=CARTESIAN_POINT('',(1.25,-2.16506350946109,1.));
#4625=CARTESIAN_POINT('',(2.5,1.50231459873716E-15,1.));
#4626=CARTESIAN_POINT('Origin',(0.,0.,1.));
#4627=CARTESIAN_POINT('',(1.25,2.1650635094611,1.));
#4628=CARTESIAN_POINT('Origin',(0.,0.,1.));
#4629=CARTESIAN_POINT('',(-1.25,2.1650635094611,1.));
#4630=CARTESIAN_POINT('Origin',(0.,0.,1.));
#4631=CARTESIAN_POINT('',(-2.5,0.,1.));
#4632=CARTESIAN_POINT('Origin',(0.,0.,1.));
#4633=CARTESIAN_POINT('',(-1.25,-2.1650635094611,1.));
#4634=CARTESIAN_POINT('Origin',(0.,0.,1.));
#4635=CARTESIAN_POINT('Origin',(0.,0.,1.));
#4636=CARTESIAN_POINT('Origin',(2.5,-1.44337567297406,1.));
#4637=CARTESIAN_POINT('',(2.5,1.44337567297407,-0.776709006307401));
#4638=CARTESIAN_POINT('',(2.5,1.50231459873716E-15,-1.));
#4639=CARTESIAN_POINT('Ctrl Pts',(2.5,1.44337567299017,-0.776709006302753));
#4640=CARTESIAN_POINT('Ctrl Pts',(2.5,0.669872981084283,-1.));
#4641=CARTESIAN_POINT('Ctrl Pts',(2.5,3.81102638043589E-15,-1.));
#4642=CARTESIAN_POINT('',(2.5,1.44337567297407,0.776709006307401));
#4643=CARTESIAN_POINT('',(2.5,1.44337567297407,1.));
#4644=CARTESIAN_POINT('Ctrl Pts',(2.5,4.0287993164608E-15,1.));
#4645=CARTESIAN_POINT('Ctrl Pts',(2.5,0.669872981084283,1.));
#4646=CARTESIAN_POINT('Ctrl Pts',(2.5,1.44337567299017,0.776709006302754));
#4647=CARTESIAN_POINT('',(2.5,-1.44337567297406,0.776709006307402));
#4648=CARTESIAN_POINT('Ctrl Pts',(2.5,-1.44337567299016,0.776709006302754));
#4649=CARTESIAN_POINT('Ctrl Pts',(2.5,-0.669872981084275,1.));
#4650=CARTESIAN_POINT('Ctrl Pts',(2.5,4.0287993164608E-15,1.));
#4651=CARTESIAN_POINT('',(2.5,-1.44337567297406,-0.776709006307402));
#4652=CARTESIAN_POINT('',(2.5,-1.44337567297406,1.));
#4653=CARTESIAN_POINT('Ctrl Pts',(2.5,2.28661582826154E-15,-1.));
#4654=CARTESIAN_POINT('Ctrl Pts',(2.5,-0.669872981084277,-1.));
#4655=CARTESIAN_POINT('Ctrl Pts',(2.5,-1.44337567299017,-0.776709006302754));
#4656=CARTESIAN_POINT('Origin',(2.5,1.44337567297407,1.));
#4657=CARTESIAN_POINT('',(-2.86705459462225E-16,2.88675134594813,-0.776709006307398));
#4658=CARTESIAN_POINT('',(1.25,2.1650635094611,-1.));
#4659=CARTESIAN_POINT('Ctrl Pts',(-1.39420413706063E-11,2.88675134595619,
-0.776709006302749));
#4660=CARTESIAN_POINT('Ctrl Pts',(0.669872981072203,2.50000000000324,-0.999999999999998));
#4661=CARTESIAN_POINT('Ctrl Pts',(1.25,2.1650635094611,-0.999999999999998));
#4662=CARTESIAN_POINT('',(-2.10556273105495E-16,2.88675134594813,0.776709006307398));
#4663=CARTESIAN_POINT('',(-2.38151676616898E-16,2.88675134594813,1.));
#4664=CARTESIAN_POINT('Ctrl Pts',(1.25,2.1650635094611,0.999999999999999));
#4665=CARTESIAN_POINT('Ctrl Pts',(0.669872981072201,2.50000000000324,0.999999999999998));
#4666=CARTESIAN_POINT('Ctrl Pts',(-1.39482587404844E-11,2.88675134595619,
0.776709006302748));
#4667=CARTESIAN_POINT('Ctrl Pts',(2.50000000001394,1.44337567296602,0.776709006302752));
#4668=CARTESIAN_POINT('Ctrl Pts',(1.8301270189278,1.83012701891896,0.999999999999999));
#4669=CARTESIAN_POINT('Ctrl Pts',(1.25,2.1650635094611,0.999999999999999));
#4670=CARTESIAN_POINT('Ctrl Pts',(1.25,2.1650635094611,-0.999999999999998));
#4671=CARTESIAN_POINT('Ctrl Pts',(1.8301270189278,1.83012701891896,-0.999999999999999));
#4672=CARTESIAN_POINT('Ctrl Pts',(2.50000000001394,1.44337567296602,-0.776709006302751));
#4673=CARTESIAN_POINT('Origin',(-2.38151676616898E-16,2.88675134594813,
1.));
#4674=CARTESIAN_POINT('',(-2.5,1.44337567297407,-0.776709006307399));
#4675=CARTESIAN_POINT('',(-1.25,2.1650635094611,-1.));
#4676=CARTESIAN_POINT('Ctrl Pts',(-2.50000000001394,1.44337567296602,-0.776709006302751));
#4677=CARTESIAN_POINT('Ctrl Pts',(-1.8301270189278,1.83012701891896,-0.999999999999997));
#4678=CARTESIAN_POINT('Ctrl Pts',(-1.25000000000001,2.1650635094611,-0.999999999999998));
#4679=CARTESIAN_POINT('',(-2.5,1.44337567297407,0.776709006307399));
#4680=CARTESIAN_POINT('',(-2.5,1.44337567297407,1.));
#4681=CARTESIAN_POINT('Ctrl Pts',(-1.25,2.1650635094611,0.999999999999998));
#4682=CARTESIAN_POINT('Ctrl Pts',(-1.8301270189278,1.83012701891897,0.999999999999998));
#4683=CARTESIAN_POINT('Ctrl Pts',(-2.50000000001394,1.44337567296602,0.776709006302752));
#4684=CARTESIAN_POINT('Ctrl Pts',(1.39422759883375E-11,2.88675134595619,
0.776709006302749));
#4685=CARTESIAN_POINT('Ctrl Pts',(-0.669872981072204,2.50000000000324,0.999999999999998));
#4686=CARTESIAN_POINT('Ctrl Pts',(-1.25,2.1650635094611,0.999999999999998));
#4687=CARTESIAN_POINT('Ctrl Pts',(-1.25000000000001,2.1650635094611,-0.999999999999998));
#4688=CARTESIAN_POINT('Ctrl Pts',(-0.669872981072203,2.50000000000324,-0.999999999999999));
#4689=CARTESIAN_POINT('Ctrl Pts',(1.39486106670813E-11,2.88675134595619,
-0.776709006302747));
#4690=CARTESIAN_POINT('Origin',(-2.5,1.44337567297407,1.));
#4691=CARTESIAN_POINT('',(-2.5,-1.44337567297406,-0.776709006307402));
#4692=CARTESIAN_POINT('',(-2.5,0.,-1.));
#4693=CARTESIAN_POINT('Ctrl Pts',(-2.5,-1.44337567299016,-0.776709006302755));
#4694=CARTESIAN_POINT('Ctrl Pts',(-2.5,-0.669872981084273,-1.));
#4695=CARTESIAN_POINT('Ctrl Pts',(-2.5,4.57323165652307E-15,-1.));
#4696=CARTESIAN_POINT('',(-2.5,-1.44337567297406,0.776709006307402));
#4697=CARTESIAN_POINT('',(-2.5,-1.44337567297406,1.));
#4698=CARTESIAN_POINT('Ctrl Pts',(-2.5,-1.74218348819927E-15,1.));
#4699=CARTESIAN_POINT('Ctrl Pts',(-2.5,-0.669872981084278,1.));
#4700=CARTESIAN_POINT('Ctrl Pts',(-2.5,-1.44337567299016,0.776709006302755));
#4701=CARTESIAN_POINT('Ctrl Pts',(-2.5,1.44337567299017,0.776709006302752));
#4702=CARTESIAN_POINT('Ctrl Pts',(-2.5,0.669872981084279,1.));
#4703=CARTESIAN_POINT('Ctrl Pts',(-2.5,-1.74218348819927E-15,1.));
#4704=CARTESIAN_POINT('Ctrl Pts',(-2.5,4.57323165652307E-15,-1.));
#4705=CARTESIAN_POINT('Ctrl Pts',(-2.5,0.669872981084285,-1.));
#4706=CARTESIAN_POINT('Ctrl Pts',(-2.5,1.44337567299018,-0.77670900630275));
#4707=CARTESIAN_POINT('Origin',(-2.5,-1.44337567297406,1.));
#4708=CARTESIAN_POINT('',(-9.52508067903419E-16,-2.88675134594812,-0.776709006307404));
#4709=CARTESIAN_POINT('',(-1.25,-2.1650635094611,-1.));
#4710=CARTESIAN_POINT('Ctrl Pts',(1.39420413706062E-11,-2.88675134595618,
-0.776709006302755));
#4711=CARTESIAN_POINT('Ctrl Pts',(-0.669872981072203,-2.50000000000323,
-1.));
#4712=CARTESIAN_POINT('Ctrl Pts',(-1.25,-2.1650635094611,-1.));
#4713=CARTESIAN_POINT('',(-9.51989503611427E-16,-2.88675134594812,0.776709006307404));
#4714=CARTESIAN_POINT('',(-9.64378046965086E-16,-2.88675134594812,1.));
#4715=CARTESIAN_POINT('Ctrl Pts',(-1.24999999999999,-2.1650635094611,1.));
#4716=CARTESIAN_POINT('Ctrl Pts',(-0.669872981072199,-2.50000000000323,
1.));
#4717=CARTESIAN_POINT('Ctrl Pts',(1.39449740922469E-11,-2.88675134595618,
0.776709006302755));
#4718=CARTESIAN_POINT('Ctrl Pts',(-2.50000000001394,-1.44337567296601,0.776709006302754));
#4719=CARTESIAN_POINT('Ctrl Pts',(-1.83012701892779,-1.83012701891896,1.));
#4720=CARTESIAN_POINT('Ctrl Pts',(-1.24999999999999,-2.1650635094611,1.));
#4721=CARTESIAN_POINT('Ctrl Pts',(-1.25,-2.16506350946109,-1.));
#4722=CARTESIAN_POINT('Ctrl Pts',(-1.8301270189278,-1.83012701891895,-1.));
#4723=CARTESIAN_POINT('Ctrl Pts',(-2.50000000001395,-1.44337567296601,-0.776709006302753));
#4724=CARTESIAN_POINT('Origin',(-9.64378046965086E-16,-2.88675134594812,
1.));
#4725=CARTESIAN_POINT('',(1.25,-2.16506350946109,-1.));
#4726=CARTESIAN_POINT('Ctrl Pts',(2.50000000001394,-1.44337567296601,-0.776709006302756));
#4727=CARTESIAN_POINT('Ctrl Pts',(1.83012701892779,-1.83012701891895,-1.00000000000001));
#4728=CARTESIAN_POINT('Ctrl Pts',(1.25,-2.16506350946109,-1.));
#4729=CARTESIAN_POINT('Ctrl Pts',(1.25,-2.16506350946109,1.));
#4730=CARTESIAN_POINT('Ctrl Pts',(1.83012701892779,-1.83012701891896,1.));
#4731=CARTESIAN_POINT('Ctrl Pts',(2.50000000001393,-1.44337567296602,0.776709006302758));
#4732=CARTESIAN_POINT('Ctrl Pts',(-1.39441529301875E-11,-2.88675134595617,
0.776709006302757));
#4733=CARTESIAN_POINT('Ctrl Pts',(0.669872981072203,-2.50000000000323,1.00000000000001));
#4734=CARTESIAN_POINT('Ctrl Pts',(1.25,-2.16506350946109,1.));
#4735=CARTESIAN_POINT('Ctrl Pts',(1.25,-2.16506350946109,-1.));
#4736=CARTESIAN_POINT('Ctrl Pts',(0.669872981072202,-2.50000000000323,-1.));
#4737=CARTESIAN_POINT('Ctrl Pts',(-1.39433317681281E-11,-2.88675134595617,
-0.776709006302756));
#4738=CARTESIAN_POINT('Origin',(0.,0.,1.));
#4739=CARTESIAN_POINT('Origin',(0.,0.,1.));
#4740=CARTESIAN_POINT('Origin',(0.,0.,1.));
#4741=CARTESIAN_POINT('Origin',(0.,0.,1.));
#4742=CARTESIAN_POINT('Origin',(0.,0.,1.));
#4743=CARTESIAN_POINT('Origin',(0.,0.,1.));
#4744=CARTESIAN_POINT('Origin',(0.,0.,-1.));
#4745=CARTESIAN_POINT('Origin',(0.,0.,-1.));
#4746=CARTESIAN_POINT('Origin',(0.,0.,-1.));
#4747=CARTESIAN_POINT('Origin',(0.,0.,-1.));
#4748=CARTESIAN_POINT('Origin',(0.,0.,-1.));
#4749=CARTESIAN_POINT('Origin',(0.,0.,-1.));
#4750=CARTESIAN_POINT('Origin',(0.,0.,-1.));
#4751=CARTESIAN_POINT('Origin',(0.,0.,-1.));
#4752=CARTESIAN_POINT('Origin',(0.,0.,-1.));
#4753=CARTESIAN_POINT('Origin',(0.,0.,-1.));
#4754=CARTESIAN_POINT('Origin',(0.,0.,-1.));
#4755=CARTESIAN_POINT('Origin',(0.,0.,-1.));
#4756=CARTESIAN_POINT('Origin',(0.,0.,-1.));
#4757=CARTESIAN_POINT('Ctrl Pts',(0.,0.95771642622275,-1.225));
#4758=CARTESIAN_POINT('Ctrl Pts',(-0.552937836487031,0.95771642622275,-1.1875));
#4759=CARTESIAN_POINT('Ctrl Pts',(-0.829406754730546,0.478858213111375,
-1.15));
#4760=CARTESIAN_POINT('Ctrl Pts',(-1.10587567297406,6.77153551581305E-17,
-1.1125));
#4761=CARTESIAN_POINT('Ctrl Pts',(-0.829406754730547,-0.478858213111375,
-1.075));
#4762=CARTESIAN_POINT('Ctrl Pts',(-0.552937836487031,-0.95771642622275,
-1.0375));
#4763=CARTESIAN_POINT('Ctrl Pts',(-1.17286435586453E-16,-0.95771642622275,
-1.));
#4764=CARTESIAN_POINT('Ctrl Pts',(0.552937836487031,-0.95771642622275,-0.962500000000005));
#4765=CARTESIAN_POINT('Ctrl Pts',(0.829406754730546,-0.478858213111375,
-0.925000000000005));
#4766=CARTESIAN_POINT('Ctrl Pts',(1.10587567297406,-2.03146065474391E-16,
-0.887500000000005));
#4767=CARTESIAN_POINT('Ctrl Pts',(0.829406754730547,0.478858213111374,-0.850000000000005));
#4768=CARTESIAN_POINT('Ctrl Pts',(0.552937836487031,0.957716426222749,-0.812500000000005));
#4769=CARTESIAN_POINT('Ctrl Pts',(0.,0.95771642622275,-0.775000000000005));
#4770=CARTESIAN_POINT('Ctrl Pts',(-0.552937836487031,0.95771642622275,-0.737500000000005));
#4771=CARTESIAN_POINT('Ctrl Pts',(-0.829406754730546,0.478858213111375,
-0.700000000000005));
#4772=CARTESIAN_POINT('Ctrl Pts',(-1.10587567297406,6.77153551581305E-17,
-0.662500000000005));
#4773=CARTESIAN_POINT('Ctrl Pts',(-0.829406754730547,-0.478858213111375,
-0.625000000000005));
#4774=CARTESIAN_POINT('Ctrl Pts',(-0.552937836487031,-0.95771642622275,
-0.587500000000005));
#4775=CARTESIAN_POINT('Ctrl Pts',(-1.17286435586453E-16,-0.95771642622275,
-0.550000000000005));
#4776=CARTESIAN_POINT('Ctrl Pts',(0.552937836487031,-0.95771642622275,-0.512500000000005));
#4777=CARTESIAN_POINT('Ctrl Pts',(0.829406754730546,-0.478858213111375,
-0.475000000000005));
#4778=CARTESIAN_POINT('Ctrl Pts',(1.10587567297406,-2.03146065474391E-16,
-0.437500000000005));
#4779=CARTESIAN_POINT('Ctrl Pts',(0.829406754730547,0.478858213111374,-0.400000000000005));
#4780=CARTESIAN_POINT('Ctrl Pts',(0.552937836487031,0.957716426222749,-0.362500000000005));
#4781=CARTESIAN_POINT('Ctrl Pts',(0.,0.95771642622275,-0.325000000000005));
#4782=CARTESIAN_POINT('Ctrl Pts',(-0.552937836487031,0.95771642622275,-0.287500000000005));
#4783=CARTESIAN_POINT('Ctrl Pts',(-0.829406754730546,0.478858213111375,
-0.250000000000005));
#4784=CARTESIAN_POINT('Ctrl Pts',(-1.10587567297406,6.77153551581305E-17,
-0.212500000000005));
#4785=CARTESIAN_POINT('Ctrl Pts',(-0.829406754730547,-0.478858213111375,
-0.175000000000005));
#4786=CARTESIAN_POINT('Ctrl Pts',(-0.552937836487031,-0.95771642622275,
-0.137500000000005));
#4787=CARTESIAN_POINT('Ctrl Pts',(-1.17286435586453E-16,-0.95771642622275,
-0.100000000000005));
#4788=CARTESIAN_POINT('Ctrl Pts',(0.552937836487031,-0.95771642622275,-0.0625000000000048));
#4789=CARTESIAN_POINT('Ctrl Pts',(0.829406754730546,-0.478858213111375,
-0.0250000000000048));
#4790=CARTESIAN_POINT('Ctrl Pts',(1.10587567297406,-2.03146065474391E-16,
0.0124999999999952));
#4791=CARTESIAN_POINT('Ctrl Pts',(0.829406754730547,0.478858213111374,0.0499999999999952));
#4792=CARTESIAN_POINT('Ctrl Pts',(0.552937836487031,0.957716426222749,0.0874999999999951));
#4793=CARTESIAN_POINT('Ctrl Pts',(0.,0.95771642622275,0.124999999999995));
#4794=CARTESIAN_POINT('Ctrl Pts',(-0.552937836487031,0.95771642622275,0.162499999999995));
#4795=CARTESIAN_POINT('Ctrl Pts',(-0.829406754730546,0.478858213111375,
0.199999999999995));
#4796=CARTESIAN_POINT('Ctrl Pts',(-1.10587567297406,6.77153551581305E-17,
0.237499999999995));
#4797=CARTESIAN_POINT('Ctrl Pts',(-0.829406754730547,-0.478858213111375,
0.274999999999995));
#4798=CARTESIAN_POINT('Ctrl Pts',(-0.552937836487031,-0.95771642622275,
0.312499999999995));
#4799=CARTESIAN_POINT('Ctrl Pts',(-1.17286435586453E-16,-0.95771642622275,
0.349999999999995));
#4800=CARTESIAN_POINT('Ctrl Pts',(0.552937836487031,-0.95771642622275,0.387499999999995));
#4801=CARTESIAN_POINT('Ctrl Pts',(0.829406754730546,-0.478858213111375,
0.424999999999995));
#4802=CARTESIAN_POINT('Ctrl Pts',(1.10587567297406,-2.03146065474391E-16,
0.462499999999995));
#4803=CARTESIAN_POINT('Ctrl Pts',(0.829406754730547,0.478858213111374,0.499999999999995));
#4804=CARTESIAN_POINT('Ctrl Pts',(0.552937836487031,0.957716426222749,0.537499999999995));
#4805=CARTESIAN_POINT('Ctrl Pts',(0.,0.95771642622275,0.574999999999995));
#4806=CARTESIAN_POINT('Ctrl Pts',(-0.552937836487031,0.95771642622275,0.612499999999995));
#4807=CARTESIAN_POINT('Ctrl Pts',(-0.829406754730546,0.478858213111375,
0.649999999999995));
#4808=CARTESIAN_POINT('Ctrl Pts',(-1.10587567297406,6.77153551581305E-17,
0.687499999999995));
#4809=CARTESIAN_POINT('Ctrl Pts',(-0.829406754730547,-0.478858213111375,
0.724999999999995));
#4810=CARTESIAN_POINT('Ctrl Pts',(-0.552937836487031,-0.95771642622275,
0.762499999999995));
#4811=CARTESIAN_POINT('Ctrl Pts',(-1.17286435586453E-16,-0.95771642622275,
0.799999999999995));
#4812=CARTESIAN_POINT('Ctrl Pts',(0.552937836487031,-0.95771642622275,0.837499999999995));
#4813=CARTESIAN_POINT('Ctrl Pts',(0.829406754730546,-0.478858213111375,
0.874999999999995));
#4814=CARTESIAN_POINT('Ctrl Pts',(1.10587567297406,-2.03146065474391E-16,
0.912499999999995));
#4815=CARTESIAN_POINT('Ctrl Pts',(0.829406754730547,0.478858213111374,0.949999999999995));
#4816=CARTESIAN_POINT('Ctrl Pts',(0.552937836487031,0.957716426222749,0.987499999999995));
#4817=CARTESIAN_POINT('Ctrl Pts',(0.,0.95771642622275,1.025));
#4818=CARTESIAN_POINT('Ctrl Pts',(-0.552937836487031,0.95771642622275,1.06249999999999));
#4819=CARTESIAN_POINT('Ctrl Pts',(-0.829406754730546,0.478858213111375,
1.09999999999999));
#4820=CARTESIAN_POINT('Ctrl Pts',(-1.10587567297406,6.77153551581305E-17,
1.13749999999999));
#4821=CARTESIAN_POINT('Ctrl Pts',(-0.829406754730547,-0.478858213111375,
1.175));
#4822=CARTESIAN_POINT('Ctrl Pts',(-0.655125153288557,-0.78072280163337,
1.1986394025614));
#4823=CARTESIAN_POINT('Ctrl Pts',(-0.327586636245984,-0.899948747879521,
1.22552128848825));
#4824=CARTESIAN_POINT('Ctrl Pts',(-0.17125425062711,-0.956854655534667,
1.23835186913209));
#4825=CARTESIAN_POINT('Ctrl Pts',(-0.0149218650082368,-1.01376056318981,
1.25118244977592));
#4826=CARTESIAN_POINT('Ctrl Pts',(0.,1.27435696448144,-1.40781250000001));
#4827=CARTESIAN_POINT('Ctrl Pts',(-0.735750336487033,1.27435696448144,-1.37031250000001));
#4828=CARTESIAN_POINT('Ctrl Pts',(-1.10362550473055,0.63717848224072,-1.33281250000001));
#4829=CARTESIAN_POINT('Ctrl Pts',(-1.47150067297407,9.01034294550433E-17,
-1.29531250000001));
#4830=CARTESIAN_POINT('Ctrl Pts',(-1.10362550473055,-0.637178482240719,
-1.25781250000001));
#4831=CARTESIAN_POINT('Ctrl Pts',(-0.735750336487034,-1.27435696448144,
-1.22031250000001));
#4832=CARTESIAN_POINT('Ctrl Pts',(-1.56063717752333E-16,-1.27435696448144,
-1.18281250000001));
#4833=CARTESIAN_POINT('Ctrl Pts',(0.735750336487033,-1.27435696448144,-1.14531250000001));
#4834=CARTESIAN_POINT('Ctrl Pts',(1.10362550473055,-0.63717848224072,-1.10781250000001));
#4835=CARTESIAN_POINT('Ctrl Pts',(1.47150067297407,-2.7031028836513E-16,
-1.07031250000001));
#4836=CARTESIAN_POINT('Ctrl Pts',(1.10362550473055,0.637178482240719,-1.03281250000001));
#4837=CARTESIAN_POINT('Ctrl Pts',(0.735750336487034,1.27435696448144,-0.995312500000006));
#4838=CARTESIAN_POINT('Ctrl Pts',(0.,1.27435696448144,-0.957812500000006));
#4839=CARTESIAN_POINT('Ctrl Pts',(-0.735750336487033,1.27435696448144,-0.920312500000006));
#4840=CARTESIAN_POINT('Ctrl Pts',(-1.10362550473055,0.63717848224072,-0.882812500000006));
#4841=CARTESIAN_POINT('Ctrl Pts',(-1.47150067297407,9.01034294550433E-17,
-0.845312500000006));
#4842=CARTESIAN_POINT('Ctrl Pts',(-1.10362550473055,-0.637178482240719,
-0.807812500000006));
#4843=CARTESIAN_POINT('Ctrl Pts',(-0.735750336487034,-1.27435696448144,
-0.770312500000007));
#4844=CARTESIAN_POINT('Ctrl Pts',(-1.56063717752333E-16,-1.27435696448144,
-0.732812500000006));
#4845=CARTESIAN_POINT('Ctrl Pts',(0.735750336487033,-1.27435696448144,-0.695312500000006));
#4846=CARTESIAN_POINT('Ctrl Pts',(1.10362550473055,-0.63717848224072,-0.657812500000006));
#4847=CARTESIAN_POINT('Ctrl Pts',(1.47150067297407,-2.7031028836513E-16,
-0.620312500000006));
#4848=CARTESIAN_POINT('Ctrl Pts',(1.10362550473055,0.637178482240719,-0.582812500000006));
#4849=CARTESIAN_POINT('Ctrl Pts',(0.735750336487034,1.27435696448144,-0.545312500000006));
#4850=CARTESIAN_POINT('Ctrl Pts',(0.,1.27435696448144,-0.507812500000006));
#4851=CARTESIAN_POINT('Ctrl Pts',(-0.735750336487033,1.27435696448144,-0.470312500000006));
#4852=CARTESIAN_POINT('Ctrl Pts',(-1.10362550473055,0.63717848224072,-0.432812500000006));
#4853=CARTESIAN_POINT('Ctrl Pts',(-1.47150067297407,9.01034294550433E-17,
-0.395312500000006));
#4854=CARTESIAN_POINT('Ctrl Pts',(-1.10362550473055,-0.637178482240719,
-0.357812500000006));
#4855=CARTESIAN_POINT('Ctrl Pts',(-0.735750336487034,-1.27435696448144,
-0.320312500000006));
#4856=CARTESIAN_POINT('Ctrl Pts',(-1.56063717752333E-16,-1.27435696448144,
-0.282812500000006));
#4857=CARTESIAN_POINT('Ctrl Pts',(0.735750336487033,-1.27435696448144,-0.245312500000006));
#4858=CARTESIAN_POINT('Ctrl Pts',(1.10362550473055,-0.63717848224072,-0.207812500000006));
#4859=CARTESIAN_POINT('Ctrl Pts',(1.47150067297407,-2.7031028836513E-16,
-0.170312500000006));
#4860=CARTESIAN_POINT('Ctrl Pts',(1.10362550473055,0.637178482240719,-0.132812500000006));
#4861=CARTESIAN_POINT('Ctrl Pts',(0.735750336487034,1.27435696448144,-0.0953125000000064));
#4862=CARTESIAN_POINT('Ctrl Pts',(0.,1.27435696448144,-0.0578125000000064));
#4863=CARTESIAN_POINT('Ctrl Pts',(-0.735750336487033,1.27435696448144,-0.0203125000000064));
#4864=CARTESIAN_POINT('Ctrl Pts',(-1.10362550473055,0.63717848224072,0.0171874999999936));
#4865=CARTESIAN_POINT('Ctrl Pts',(-1.47150067297407,9.01034294550433E-17,
0.0546874999999936));
#4866=CARTESIAN_POINT('Ctrl Pts',(-1.10362550473055,-0.637178482240719,
0.0921874999999935));
#4867=CARTESIAN_POINT('Ctrl Pts',(-0.735750336487034,-1.27435696448144,
0.129687499999994));
#4868=CARTESIAN_POINT('Ctrl Pts',(-1.56063717752333E-16,-1.27435696448144,
0.167187499999994));
#4869=CARTESIAN_POINT('Ctrl Pts',(0.735750336487033,-1.27435696448144,0.204687499999994));
#4870=CARTESIAN_POINT('Ctrl Pts',(1.10362550473055,-0.63717848224072,0.242187499999994));
#4871=CARTESIAN_POINT('Ctrl Pts',(1.47150067297407,-2.7031028836513E-16,
0.279687499999993));
#4872=CARTESIAN_POINT('Ctrl Pts',(1.10362550473055,0.637178482240719,0.317187499999993));
#4873=CARTESIAN_POINT('Ctrl Pts',(0.735750336487034,1.27435696448144,0.354687499999993));
#4874=CARTESIAN_POINT('Ctrl Pts',(0.,1.27435696448144,0.392187499999994));
#4875=CARTESIAN_POINT('Ctrl Pts',(-0.735750336487033,1.27435696448144,0.429687499999994));
#4876=CARTESIAN_POINT('Ctrl Pts',(-1.10362550473055,0.63717848224072,0.467187499999994));
#4877=CARTESIAN_POINT('Ctrl Pts',(-1.47150067297407,9.01034294550433E-17,
0.504687499999994));
#4878=CARTESIAN_POINT('Ctrl Pts',(-1.10362550473055,-0.637178482240719,
0.542187499999994));
#4879=CARTESIAN_POINT('Ctrl Pts',(-0.735750336487034,-1.27435696448144,
0.579687499999993));
#4880=CARTESIAN_POINT('Ctrl Pts',(-1.56063717752333E-16,-1.27435696448144,
0.617187499999994));
#4881=CARTESIAN_POINT('Ctrl Pts',(0.735750336487033,-1.27435696448144,0.654687499999993));
#4882=CARTESIAN_POINT('Ctrl Pts',(1.10362550473055,-0.63717848224072,0.692187499999994));
#4883=CARTESIAN_POINT('Ctrl Pts',(1.47150067297407,-2.7031028836513E-16,
0.729687499999993));
#4884=CARTESIAN_POINT('Ctrl Pts',(1.10362550473055,0.637178482240719,0.767187499999994));
#4885=CARTESIAN_POINT('Ctrl Pts',(0.735750336487034,1.27435696448144,0.804687499999993));
#4886=CARTESIAN_POINT('Ctrl Pts',(0.,1.27435696448144,0.842187499999994));
#4887=CARTESIAN_POINT('Ctrl Pts',(-0.735750336487033,1.27435696448144,0.879687499999994));
#4888=CARTESIAN_POINT('Ctrl Pts',(-1.10362550473055,0.63717848224072,0.917187499999993));
#4889=CARTESIAN_POINT('Ctrl Pts',(-1.47150067297407,9.01034294550433E-17,
0.954687499999993));
#4890=CARTESIAN_POINT('Ctrl Pts',(-1.10362550473055,-0.637178482240719,
0.992187499999994));
#4891=CARTESIAN_POINT('Ctrl Pts',(-0.871722859545135,-1.03884564611148,
1.0158269025614));
#4892=CARTESIAN_POINT('Ctrl Pts',(-0.435893443968165,-1.19749011621304,
1.04270878848824));
#4893=CARTESIAN_POINT('Ctrl Pts',(-0.227874390590173,-1.27321027486844,
1.05553936913208));
#4894=CARTESIAN_POINT('Ctrl Pts',(-0.0198553372121819,-1.34893043352385,
1.06836994977592));
#4895=CARTESIAN_POINT('Ctrl Pts',(-1.17286435586453E-16,-0.95771642622275,
-0.100000000000005));
#4896=CARTESIAN_POINT('Ctrl Pts',(0.552937836487031,-0.95771642622275,-0.0625000000000048));
#4897=CARTESIAN_POINT('Ctrl Pts',(0.829406754730546,-0.478858213111375,
-0.0250000000000048));
#4898=CARTESIAN_POINT('Ctrl Pts',(1.10587567297406,-2.03146065474391E-16,
0.0124999999999952));
#4899=CARTESIAN_POINT('Ctrl Pts',(0.829406754730547,0.478858213111374,0.0499999999999952));
#4900=CARTESIAN_POINT('Ctrl Pts',(0.552937836487031,0.957716426222749,0.0874999999999951));
#4901=CARTESIAN_POINT('Ctrl Pts',(0.,0.95771642622275,0.124999999999995));
#4902=CARTESIAN_POINT('Ctrl Pts',(-0.552937836487031,0.95771642622275,0.162499999999995));
#4903=CARTESIAN_POINT('Ctrl Pts',(-0.829406754730546,0.478858213111375,
0.199999999999995));
#4904=CARTESIAN_POINT('Ctrl Pts',(-1.10587567297406,6.77153551581305E-17,
0.237499999999995));
#4905=CARTESIAN_POINT('Ctrl Pts',(-0.829406754730547,-0.478858213111375,
0.274999999999995));
#4906=CARTESIAN_POINT('Ctrl Pts',(-0.552937836487031,-0.95771642622275,
0.312499999999995));
#4907=CARTESIAN_POINT('Ctrl Pts',(-1.17286435586453E-16,-0.95771642622275,
0.349999999999995));
#4908=CARTESIAN_POINT('Origin',(-3.46944695195361E-17,1.38777878078145E-16,
-1.196875));
#4909=CARTESIAN_POINT('Ctrl Pts',(-1.17286435586453E-16,-0.95771642622275,
-0.0437500000000041));
#4910=CARTESIAN_POINT('Ctrl Pts',(0.552937836487031,-0.95771642622275,-0.00625000000000408));
#4911=CARTESIAN_POINT('Ctrl Pts',(0.829406754730546,-0.478858213111375,
0.0312499999999959));
#4912=CARTESIAN_POINT('Ctrl Pts',(1.10587567297406,-2.03146065474391E-16,
0.0687499999999959));
#4913=CARTESIAN_POINT('Ctrl Pts',(0.829406754730547,0.478858213111374,0.106249999999996));
#4914=CARTESIAN_POINT('Ctrl Pts',(0.552937836487031,0.957716426222749,0.143749999999996));
#4915=CARTESIAN_POINT('Ctrl Pts',(0.,0.95771642622275,0.181249999999996));
#4916=CARTESIAN_POINT('Ctrl Pts',(-0.552937836487031,0.95771642622275,0.218749999999996));
#4917=CARTESIAN_POINT('Ctrl Pts',(-0.829406754730546,0.478858213111375,
0.256249999999996));
#4918=CARTESIAN_POINT('Ctrl Pts',(-1.10587567297406,6.77153551581305E-17,
0.293749999999996));
#4919=CARTESIAN_POINT('Ctrl Pts',(-0.829406754730547,-0.478858213111375,
0.331249999999996));
#4920=CARTESIAN_POINT('Ctrl Pts',(-0.552937836487031,-0.95771642622275,
0.368749999999996));
#4921=CARTESIAN_POINT('Ctrl Pts',(-1.17286435586453E-16,-0.95771642622275,
0.406249999999996));
#4922=CARTESIAN_POINT('Ctrl Pts',(0.,1.27435696448144,-0.985937500000003));
#4923=CARTESIAN_POINT('Ctrl Pts',(-0.735750336487033,1.27435696448144,-0.948437500000002));
#4924=CARTESIAN_POINT('Ctrl Pts',(-1.10362550473055,0.63717848224072,-0.910937500000003));
#4925=CARTESIAN_POINT('Ctrl Pts',(-1.47150067297407,9.01034294550433E-17,
-0.873437500000003));
#4926=CARTESIAN_POINT('Ctrl Pts',(-1.10362550473055,-0.637178482240719,
-0.835937500000002));
#4927=CARTESIAN_POINT('Ctrl Pts',(-0.735750336487034,-1.27435696448144,
-0.798437500000003));
#4928=CARTESIAN_POINT('Ctrl Pts',(-1.56063717752333E-16,-1.27435696448144,
-0.760937500000002));
#4929=CARTESIAN_POINT('Ctrl Pts',(0.735750336487033,-1.27435696448144,-0.723437500000003));
#4930=CARTESIAN_POINT('Ctrl Pts',(1.10362550473055,-0.63717848224072,-0.685937500000003));
#4931=CARTESIAN_POINT('Ctrl Pts',(1.47150067297407,-2.7031028836513E-16,
-0.648437500000003));
#4932=CARTESIAN_POINT('Ctrl Pts',(1.10362550473055,0.637178482240719,-0.610937500000003));
#4933=CARTESIAN_POINT('Ctrl Pts',(0.735750336487034,1.27435696448144,-0.573437500000002));
#4934=CARTESIAN_POINT('Ctrl Pts',(0.,1.27435696448144,-0.535937500000002));
#4935=CARTESIAN_POINT('Ctrl Pts',(-0.735750336487033,1.27435696448144,-0.498437500000003));
#4936=CARTESIAN_POINT('Ctrl Pts',(-1.10362550473055,0.63717848224072,-0.460937500000002));
#4937=CARTESIAN_POINT('Ctrl Pts',(-1.47150067297407,9.01034294550433E-17,
-0.423437500000002));
#4938=CARTESIAN_POINT('Ctrl Pts',(-1.10362550473055,-0.637178482240719,
-0.385937500000003));
#4939=CARTESIAN_POINT('Ctrl Pts',(-0.735750336487034,-1.27435696448144,
-0.348437500000003));
#4940=CARTESIAN_POINT('Ctrl Pts',(-1.56063717752333E-16,-1.27435696448144,
-0.310937500000003));
#4941=CARTESIAN_POINT('Ctrl Pts',(0.735750336487033,-1.27435696448144,-0.273437500000003));
#4942=CARTESIAN_POINT('Ctrl Pts',(1.10362550473055,-0.63717848224072,-0.235937500000003));
#4943=CARTESIAN_POINT('Ctrl Pts',(1.47150067297407,-2.7031028836513E-16,
-0.198437500000003));
#4944=CARTESIAN_POINT('Ctrl Pts',(1.10362550473055,0.637178482240719,-0.160937500000003));
#4945=CARTESIAN_POINT('Ctrl Pts',(0.735750336487034,1.27435696448144,-0.123437500000003));
#4946=CARTESIAN_POINT('Ctrl Pts',(0.,1.27435696448144,-0.0859375000000025));
#4947=CARTESIAN_POINT('Ctrl Pts',(-0.735750336487033,1.27435696448144,-0.0484375000000025));
#4948=CARTESIAN_POINT('Ctrl Pts',(-1.10362550473055,0.63717848224072,-0.0109375000000025));
#4949=CARTESIAN_POINT('Ctrl Pts',(-1.47150067297407,9.01034294550433E-17,
0.0265624999999975));
#4950=CARTESIAN_POINT('Ctrl Pts',(-1.10362550473055,-0.637178482240719,
0.0640624999999975));
#4951=CARTESIAN_POINT('Ctrl Pts',(-0.735750336487034,-1.27435696448144,
0.101562499999998));
#4952=CARTESIAN_POINT('Ctrl Pts',(-1.56063717752333E-16,-1.27435696448144,
0.139062499999997));
#4953=CARTESIAN_POINT('Ctrl Pts',(0.735750336487033,-1.27435696448144,0.176562499999997));
#4954=CARTESIAN_POINT('Ctrl Pts',(1.10362550473055,-0.63717848224072,0.214062499999997));
#4955=CARTESIAN_POINT('Ctrl Pts',(1.47150067297407,-2.7031028836513E-16,
0.251562499999997));
#4956=CARTESIAN_POINT('Ctrl Pts',(1.10362550473055,0.637178482240719,0.289062499999997));
#4957=CARTESIAN_POINT('Ctrl Pts',(0.735750336487034,1.27435696448144,0.326562499999997));
#4958=CARTESIAN_POINT('Ctrl Pts',(0.,1.27435696448144,0.364062499999997));
#4959=CARTESIAN_POINT('Ctrl Pts',(-0.735750336487033,1.27435696448144,0.401562499999997));
#4960=CARTESIAN_POINT('Ctrl Pts',(-1.10362550473055,0.63717848224072,0.439062499999997));
#4961=CARTESIAN_POINT('Ctrl Pts',(-1.47150067297407,9.01034294550433E-17,
0.476562499999997));
#4962=CARTESIAN_POINT('Ctrl Pts',(-1.10362550473055,-0.637178482240719,
0.514062499999997));
#4963=CARTESIAN_POINT('Ctrl Pts',(-0.735750336487034,-1.27435696448144,
0.551562499999997));
#4964=CARTESIAN_POINT('Ctrl Pts',(-1.56063717752333E-16,-1.27435696448144,
0.589062499999997));
#4965=CARTESIAN_POINT('Ctrl Pts',(0.735750336487033,-1.27435696448144,0.626562499999997));
#4966=CARTESIAN_POINT('Ctrl Pts',(1.10362550473055,-0.63717848224072,0.664062499999997));
#4967=CARTESIAN_POINT('Ctrl Pts',(1.47150067297407,-2.7031028836513E-16,
0.701562499999997));
#4968=CARTESIAN_POINT('Ctrl Pts',(1.10362550473055,0.637178482240719,0.739062499999997));
#4969=CARTESIAN_POINT('Ctrl Pts',(0.735750336487034,1.27435696448144,0.776562499999997));
#4970=CARTESIAN_POINT('Ctrl Pts',(0.,1.27435696448144,0.814062499999997));
#4971=CARTESIAN_POINT('Ctrl Pts',(-0.735750336487033,1.27435696448144,0.851562499999998));
#4972=CARTESIAN_POINT('Ctrl Pts',(-1.10362550473055,0.63717848224072,0.889062499999998));
#4973=CARTESIAN_POINT('Ctrl Pts',(-1.47150067297407,9.01034294550433E-17,
0.926562499999998));
#4974=CARTESIAN_POINT('Ctrl Pts',(-1.10362550473055,-0.637178482240719,
0.964062499999997));
#4975=CARTESIAN_POINT('Ctrl Pts',(-0.735750336487034,-1.27435696448144,
1.0015625));
#4976=CARTESIAN_POINT('Ctrl Pts',(-1.56063717752333E-16,-1.27435696448144,
1.0390625));
#4977=CARTESIAN_POINT('Ctrl Pts',(0.735750336487033,-1.27435696448144,1.0765625));
#4978=CARTESIAN_POINT('Ctrl Pts',(1.10362550473055,-0.63717848224072,1.1140625));
#4979=CARTESIAN_POINT('Ctrl Pts',(1.47150067297407,-2.7031028836513E-16,
1.1515625));
#4980=CARTESIAN_POINT('Ctrl Pts',(1.10362550473055,0.637178482240719,1.1890625));
#4981=CARTESIAN_POINT('Ctrl Pts',(0.735750336487034,1.27435696448144,1.2265625));
#4982=CARTESIAN_POINT('Ctrl Pts',(0.,1.27435696448144,1.2640625));
#4983=CARTESIAN_POINT('Ctrl Pts',(-0.735750336487033,1.27435696448144,1.3015625));
#4984=CARTESIAN_POINT('Ctrl Pts',(-1.10362550473055,0.63717848224072,1.3390625));
#4985=CARTESIAN_POINT('Ctrl Pts',(-1.47150067297407,9.01034294550433E-17,
1.3765625));
#4986=CARTESIAN_POINT('Ctrl Pts',(-1.10362550473055,-0.637178482240719,
1.4140625));
#4987=CARTESIAN_POINT('Ctrl Pts',(-0.871717932316514,-1.03885418032179,
1.43770240482709));
#4988=CARTESIAN_POINT('Ctrl Pts',(-0.435877090112733,-1.19749606898612,
1.46458479718761));
#4989=CARTESIAN_POINT('Ctrl Pts',(0.,0.957704005177605,-1.16875717129376));
#4990=CARTESIAN_POINT('Ctrl Pts',(-0.552930665193273,0.957704005177605,
-1.13125717129376));
#4991=CARTESIAN_POINT('Ctrl Pts',(-0.829395997789909,0.478852002588802,
-1.09375717129376));
#4992=CARTESIAN_POINT('Ctrl Pts',(-1.10586133038655,6.77144769279358E-17,
-1.05625717129376));
#4993=CARTESIAN_POINT('Ctrl Pts',(-0.829395997789909,-0.478852002588802,
-1.01875717129376));
#4994=CARTESIAN_POINT('Ctrl Pts',(-0.552930665193273,-0.957704005177604,
-0.981257171293762));
#4995=CARTESIAN_POINT('Ctrl Pts',(-1.17284914447135E-16,-0.957704005177605,
-0.943757171293762));
#4996=CARTESIAN_POINT('Ctrl Pts',(0.552930665193272,-0.957704005177605,
-0.906257171293762));
#4997=CARTESIAN_POINT('Ctrl Pts',(0.829395997789909,-0.478852002588803,
-0.868757171293762));
#4998=CARTESIAN_POINT('Ctrl Pts',(1.10586133038655,-2.03143430783807E-16,
-0.831257171293762));
#4999=CARTESIAN_POINT('Ctrl Pts',(0.82939599778991,0.478852002588802,-0.793757171293762));
#5000=CARTESIAN_POINT('Ctrl Pts',(0.552930665193273,0.957704005177604,-0.756257171293762));
#5001=CARTESIAN_POINT('Ctrl Pts',(0.,0.957704005177605,-0.718757171293762));
#5002=CARTESIAN_POINT('Ctrl Pts',(-0.552930665193273,0.957704005177605,
-0.681257171293762));
#5003=CARTESIAN_POINT('Ctrl Pts',(-0.829395997789909,0.478852002588802,
-0.643757171293762));
#5004=CARTESIAN_POINT('Ctrl Pts',(-1.10586133038655,6.77144769279358E-17,
-0.606257171293762));
#5005=CARTESIAN_POINT('Ctrl Pts',(-0.829395997789909,-0.478852002588802,
-0.568757171293762));
#5006=CARTESIAN_POINT('Ctrl Pts',(-0.552930665193273,-0.957704005177604,
-0.531257171293762));
#5007=CARTESIAN_POINT('Ctrl Pts',(-1.17284914447135E-16,-0.957704005177605,
-0.493757171293762));
#5008=CARTESIAN_POINT('Ctrl Pts',(0.552930665193272,-0.957704005177605,
-0.456257171293762));
#5009=CARTESIAN_POINT('Ctrl Pts',(0.829395997789909,-0.478852002588803,
-0.418757171293762));
#5010=CARTESIAN_POINT('Ctrl Pts',(1.10586133038655,-2.03143430783807E-16,
-0.381257171293762));
#5011=CARTESIAN_POINT('Ctrl Pts',(0.82939599778991,0.478852002588802,-0.343757171293762));
#5012=CARTESIAN_POINT('Ctrl Pts',(0.552930665193273,0.957704005177604,-0.306257171293762));
#5013=CARTESIAN_POINT('Ctrl Pts',(0.,0.957704005177605,-0.268757171293762));
#5014=CARTESIAN_POINT('Ctrl Pts',(-0.552930665193273,0.957704005177605,
-0.231257171293762));
#5015=CARTESIAN_POINT('Ctrl Pts',(-0.829395997789909,0.478852002588802,
-0.193757171293762));
#5016=CARTESIAN_POINT('Ctrl Pts',(-1.10586133038655,6.77144769279358E-17,
-0.156257171293762));
#5017=CARTESIAN_POINT('Ctrl Pts',(-0.829395997789909,-0.478852002588802,
-0.118757171293762));
#5018=CARTESIAN_POINT('Ctrl Pts',(-0.552930665193273,-0.957704005177604,
-0.0812571712937622));
#5019=CARTESIAN_POINT('Ctrl Pts',(-1.17284914447135E-16,-0.957704005177605,
-0.0437571712937622));
#5020=CARTESIAN_POINT('Ctrl Pts',(0.552930665193272,-0.957704005177605,
-0.00625717129376225));
#5021=CARTESIAN_POINT('Ctrl Pts',(0.829395997789909,-0.478852002588803,
0.0312428287062377));
#5022=CARTESIAN_POINT('Ctrl Pts',(1.10586133038655,-2.03143430783807E-16,
0.0687428287062377));
#5023=CARTESIAN_POINT('Ctrl Pts',(0.82939599778991,0.478852002588802,0.106242828706238));
#5024=CARTESIAN_POINT('Ctrl Pts',(0.552930665193273,0.957704005177604,0.143742828706238));
#5025=CARTESIAN_POINT('Ctrl Pts',(0.,0.957704005177605,0.181242828706238));
#5026=CARTESIAN_POINT('Ctrl Pts',(-0.552930665193273,0.957704005177605,
0.218742828706238));
#5027=CARTESIAN_POINT('Ctrl Pts',(-0.829395997789909,0.478852002588802,
0.256242828706238));
#5028=CARTESIAN_POINT('Ctrl Pts',(-1.10586133038655,6.77144769279358E-17,
0.293742828706238));
#5029=CARTESIAN_POINT('Ctrl Pts',(-0.829395997789909,-0.478852002588802,
0.331242828706238));
#5030=CARTESIAN_POINT('Ctrl Pts',(-0.552930665193273,-0.957704005177604,
0.368742828706238));
#5031=CARTESIAN_POINT('Ctrl Pts',(-1.17284914447135E-16,-0.957704005177605,
0.406242828706238));
#5032=CARTESIAN_POINT('Ctrl Pts',(0.552930665193272,-0.957704005177605,
0.443742828706238));
#5033=CARTESIAN_POINT('Ctrl Pts',(0.829395997789909,-0.478852002588803,
0.481242828706238));
#5034=CARTESIAN_POINT('Ctrl Pts',(1.10586133038655,-2.03143430783807E-16,
0.518742828706238));
#5035=CARTESIAN_POINT('Ctrl Pts',(0.82939599778991,0.478852002588802,0.556242828706238));
#5036=CARTESIAN_POINT('Ctrl Pts',(0.552930665193273,0.957704005177604,0.593742828706238));
#5037=CARTESIAN_POINT('Ctrl Pts',(0.,0.957704005177605,0.631242828706238));
#5038=CARTESIAN_POINT('Ctrl Pts',(-0.552930665193273,0.957704005177605,
0.668742828706238));
#5039=CARTESIAN_POINT('Ctrl Pts',(-0.829395997789909,0.478852002588802,
0.706242828706238));
#5040=CARTESIAN_POINT('Ctrl Pts',(-1.10586133038655,6.77144769279358E-17,
0.743742828706238));
#5041=CARTESIAN_POINT('Ctrl Pts',(-0.829395997789909,-0.478852002588802,
0.781242828706238));
#5042=CARTESIAN_POINT('Ctrl Pts',(-0.552930665193273,-0.957704005177604,
0.818742828706237));
#5043=CARTESIAN_POINT('Ctrl Pts',(-1.17284914447135E-16,-0.957704005177605,
0.856242828706238));
#5044=CARTESIAN_POINT('Ctrl Pts',(0.552930665193272,-0.957704005177605,
0.893742828706237));
#5045=CARTESIAN_POINT('Ctrl Pts',(0.829395997789909,-0.478852002588803,
0.931242828706238));
#5046=CARTESIAN_POINT('Ctrl Pts',(1.10586133038655,-2.03143430783807E-16,
0.968742828706238));
#5047=CARTESIAN_POINT('Ctrl Pts',(0.82939599778991,0.478852002588802,1.00624282870624));
#5048=CARTESIAN_POINT('Ctrl Pts',(0.552930665193273,0.957704005177604,1.04374282870624));
#5049=CARTESIAN_POINT('Ctrl Pts',(0.,0.957704005177605,1.08124282870624));
#5050=CARTESIAN_POINT('Ctrl Pts',(-0.552930665193273,0.957704005177605,
1.11874282870624));
#5051=CARTESIAN_POINT('Ctrl Pts',(-0.829395997789909,0.478852002588802,
1.15624282870624));
#5052=CARTESIAN_POINT('Ctrl Pts',(-1.10586133038655,6.77144769279358E-17,
1.19374282870624));
#5053=CARTESIAN_POINT('Ctrl Pts',(-0.829395997789909,-0.478852002588802,
1.23124282870624));
#5054=CARTESIAN_POINT('Ctrl Pts',(-0.655112953774597,-0.780719089721085,
1.25488273353333));
#5055=CARTESIAN_POINT('Ctrl Pts',(-0.327570097391031,-0.899941549673342,
1.28176512589385));
#5056=CARTESIAN_POINT('Origin',(-5.75529185788624,4.45,-11.2));
#5057=CARTESIAN_POINT('',(-5.75529185788624,4.75,-11.2));
#5058=CARTESIAN_POINT('',(-6.04917266807869,4.45,-11.2602832431164));
#5059=CARTESIAN_POINT('Origin',(-5.75529185788624,4.45,-11.2));
#5060=CARTESIAN_POINT('',(-5.75529185788624,4.45,-11.5));
#5061=CARTESIAN_POINT('Origin',(-5.75529185788624,4.45,-11.2));
#5062=CARTESIAN_POINT('Origin',(-5.75529185788624,4.45,-11.2));
#5063=CARTESIAN_POINT('Origin',(-4.,4.45,-11.2));
#5064=CARTESIAN_POINT('',(-2.5,4.75,-11.2));
#5065=CARTESIAN_POINT('',(-2.5,4.45,-11.5));
#5066=CARTESIAN_POINT('Origin',(-2.5,4.45,-11.2));
#5067=CARTESIAN_POINT('',(-4.,4.45,-11.5));
#5068=CARTESIAN_POINT('',(-4.,4.75,-11.2));
#5069=CARTESIAN_POINT('Origin',(-5.75529185788624,-4.45,-11.2));
#5070=CARTESIAN_POINT('',(-5.75529185788624,-4.75,-11.2));
#5071=CARTESIAN_POINT('',(-5.75529185788624,-4.45,-11.5));
#5072=CARTESIAN_POINT('Origin',(-5.75529185788624,-4.45,-11.2));
#5073=CARTESIAN_POINT('',(-6.04917266807869,-4.45,-11.2602832431164));
#5074=CARTESIAN_POINT('Origin',(-5.75529185788624,-4.45,-11.2));
#5075=CARTESIAN_POINT('Origin',(-5.75529185788624,-4.45,-11.2));
#5076=CARTESIAN_POINT('Ctrl Pts',(-9.57320298237764,-6.01,-0.00223218754469151));
#5077=CARTESIAN_POINT('Ctrl Pts',(-9.54264806526374,-6.02488498290855,-0.000563400371077838));
#5078=CARTESIAN_POINT('Ctrl Pts',(-9.4750523423405,-6.04137641591416,0.00104867145143532));
#5079=CARTESIAN_POINT('Ctrl Pts',(-9.34873258544187,-5.98359196389329,-0.00474373193703671));
#5080=CARTESIAN_POINT('Ctrl Pts',(-9.16855721534449,-5.81254788488705,-0.0291376007262507));
#5081=CARTESIAN_POINT('Ctrl Pts',(-8.93064690426157,-5.54733460166984,-0.0980259116733295));
#5082=CARTESIAN_POINT('Ctrl Pts',(-8.57485445012556,-5.13458891933927,-0.282558101965692));
#5083=CARTESIAN_POINT('Ctrl Pts',(-8.25813537342644,-4.76080025081131,-0.589951065154725));
#5084=CARTESIAN_POINT('Ctrl Pts',(-8.04741783946698,-4.51319226339697,-1.03647618895616));
#5085=CARTESIAN_POINT('Ctrl Pts',(-7.99943949796362,-4.45787376651021,-1.29635086389317));
#5086=CARTESIAN_POINT('Ctrl Pts',(-7.99312072346435,-4.45147186565763,-1.42819122878168));
#5087=CARTESIAN_POINT('Ctrl Pts',(-9.57591074716043,-6.01668988239089,-0.00238007481016301));
#5088=CARTESIAN_POINT('Ctrl Pts',(-9.5443484695568,-6.031154993325,-0.000600847224887447));
#5089=CARTESIAN_POINT('Ctrl Pts',(-9.47450376433039,-6.04718180534791,0.00112027309126244));
#5090=CARTESIAN_POINT('Ctrl Pts',(-9.34400077153179,-5.99102204253434,-0.00506127388832726));
#5091=CARTESIAN_POINT('Ctrl Pts',(-9.15799806766448,-5.82483530753673,-0.0310361332600291));
#5092=CARTESIAN_POINT('Ctrl Pts',(-8.91336399421086,-5.56762211773236,-0.10435475734609));
#5093=CARTESIAN_POINT('Ctrl Pts',(-8.55094452810813,-5.16908729074194,-0.298812493888639));
#5094=CARTESIAN_POINT('Ctrl Pts',(-8.23782853664707,-4.81334526705223,-0.618213347078687));
#5095=CARTESIAN_POINT('Ctrl Pts',(-8.04156541177352,-4.58522907083522,-1.05899600808945));
#5096=CARTESIAN_POINT('Ctrl Pts',(-7.99866475488874,-4.53558294301254,-1.30641875339309));
#5097=CARTESIAN_POINT('Ctrl Pts',(-7.99296906478854,-4.52985090683168,-1.43135556629048));
#5098=CARTESIAN_POINT('Ctrl Pts',(-9.58135470487831,-6.0300696444509,-0.00215531945412871));
#5099=CARTESIAN_POINT('Ctrl Pts',(-9.54776102068585,-6.04369501515705,-0.000265690906882197));
#5100=CARTESIAN_POINT('Ctrl Pts',(-9.47341774054509,-6.05879611652848,0.00156365612240917));
#5101=CARTESIAN_POINT('Ctrl Pts',(-9.33451935420741,-6.0058933086118,-0.00501074263483559));
#5102=CARTESIAN_POINT('Ctrl Pts',(-9.1366251611908,-5.8494399091257,-0.0325679901493365));
#5103=CARTESIAN_POINT('Ctrl Pts',(-8.87679997951324,-5.60825948281197,-0.110394501652218));
#5104=CARTESIAN_POINT('Ctrl Pts',(-8.49368799219789,-5.23824533113,-0.315165177213144));
#5105=CARTESIAN_POINT('Ctrl Pts',(-8.16837571352453,-4.91873262057137,-0.648352486065013));
#5106=CARTESIAN_POINT('Ctrl Pts',(-7.97383300699716,-4.72892426574579,-1.08405340776356));
#5107=CARTESIAN_POINT('Ctrl Pts',(-7.9334092132672,-4.69046632399396,-1.31745322150848));
#5108=CARTESIAN_POINT('Ctrl Pts',(-7.92794974297184,-4.6860341186051,-1.43455930513185));
#5109=CARTESIAN_POINT('Ctrl Pts',(-9.58682716657975,-6.04337971639002,-0.000890656934594286));
#5110=CARTESIAN_POINT('Ctrl Pts',(-9.55118533898812,-6.05618456201251,0.000888294908610449));
#5111=CARTESIAN_POINT('Ctrl Pts',(-9.4723264923461,-6.07037102908171,0.00260912937018398));
#5112=CARTESIAN_POINT('Ctrl Pts',(-9.32496869997295,-6.02064820357044,-0.00357148785960005));
#5113=CARTESIAN_POINT('Ctrl Pts',(-9.11485745764636,-5.87356414976959,-0.0295424428491074));
#5114=CARTESIAN_POINT('Ctrl Pts',(-8.83790991212644,-5.64642885796875,-0.102849777378612));
#5115=CARTESIAN_POINT('Ctrl Pts',(-8.4255388253589,-5.29628957937841,-0.297278540448341));
#5116=CARTESIAN_POINT('Ctrl Pts',(-8.06368028691892,-4.98860095144806,-0.616631832481571));
#5117=CARTESIAN_POINT('Ctrl Pts',(-7.83048381593522,-4.79680647738965,-1.05736366323544));
#5118=CARTESIAN_POINT('Ctrl Pts',(-7.77867918055322,-4.75578678667589,-1.30477308153217));
#5119=CARTESIAN_POINT('Ctrl Pts',(-7.77181793297731,-4.75107484610975,-1.42970817480714));
#5120=CARTESIAN_POINT('Ctrl Pts',(-9.58956339798708,-6.05,6.93889390390723E-17));
#5121=CARTESIAN_POINT('Ctrl Pts',(-9.5528974974504,-6.06240415242379,0.00166878717361375));
#5122=CARTESIAN_POINT('Ctrl Pts',(-9.47178262994252,-6.0761470132618,0.00328085899612689));
#5123=CARTESIAN_POINT('Ctrl Pts',(-9.32019892166416,-6.02799330324441,-0.00251154439234499));
#5124=CARTESIAN_POINT('Ctrl Pts',(-9.1039884775473,-5.88545657073921,-0.0269054131815593));
#5125=CARTESIAN_POINT('Ctrl Pts',(-8.8184961042478,-5.66444550139154,-0.095793724128637));
#5126=CARTESIAN_POINT('Ctrl Pts',(-8.39154515928459,-5.32049076611606,-0.280325914421002));
#5127=CARTESIAN_POINT('Ctrl Pts',(-8.01148226724564,-5.00900020900942,-0.58771887761003));
#5128=CARTESIAN_POINT('Ctrl Pts',(-7.75862122649429,-4.80266021949748,-1.03424400141146));
#5129=CARTESIAN_POINT('Ctrl Pts',(-7.70104721669026,-4.75656147209184,-1.29411867634847));
#5130=CARTESIAN_POINT('Ctrl Pts',(-7.69346468729113,-4.75122655471469,-1.42595904123699));
#5131=CARTESIAN_POINT('',(-9.58956339798157,-6.05,0.));
#5132=CARTESIAN_POINT('',(-9.49140090433044,-6.03082911881162,0.));
#5133=CARTESIAN_POINT('Ctrl Pts',(-9.58956339798708,-6.05,6.93889390390723E-17));
#5134=CARTESIAN_POINT('Ctrl Pts',(-9.58737012977662,-6.05,6.89262858344505E-17));
#5135=CARTESIAN_POINT('Ctrl Pts',(-9.58517279865282,-6.04997628723662,-1.02379154282055E-7));
#5136=CARTESIAN_POINT('Ctrl Pts',(-9.58297305094188,-6.04992800073255,-2.98703649677509E-7));
#5137=CARTESIAN_POINT('Ctrl Pts',(-9.57430133218059,-6.0497376484566,-1.07264277076429E-6));
#5138=CARTESIAN_POINT('Ctrl Pts',(-9.56559777327558,-6.049148515325,-5.14885252887067E-6));
#5139=CARTESIAN_POINT('Ctrl Pts',(-9.55693581176373,-6.04814398157891,-7.79377370858263E-6));
#5140=CARTESIAN_POINT('Ctrl Pts',(-9.54922769923597,-6.04725006636788,-1.01474380665231E-5));
#5141=CARTESIAN_POINT('Ctrl Pts',(-9.54155219041472,-6.04602734435753,-1.1746374755944E-5));
#5142=CARTESIAN_POINT('Ctrl Pts',(-9.53396302780179,-6.04442952576128,-1.30725506307673E-5));
#5143=CARTESIAN_POINT('Ctrl Pts',(-9.53240747461579,-6.04410202035195,-1.33443773411041E-5));
#5144=CARTESIAN_POINT('Ctrl Pts',(-9.53085556448933,-6.04375862271292,-1.36079230665791E-5));
#5145=CARTESIAN_POINT('Ctrl Pts',(-9.52930779153283,-6.04339871861964,-1.38682360925399E-5));
#5146=CARTESIAN_POINT('Ctrl Pts',(-9.52251585777696,-6.04181938829878,-1.50105411190525E-5));
#5147=CARTESIAN_POINT('Ctrl Pts',(-9.51584769033929,-6.03994292812603,-1.53108072621211E-5));
#5148=CARTESIAN_POINT('Ctrl Pts',(-9.5093048143074,-6.03776595215867,-1.41952053600899E-5));
#5149=CARTESIAN_POINT('Ctrl Pts',(-9.50319806452117,-6.0357340861324,-1.31539657517689E-5));
#5150=CARTESIAN_POINT('Ctrl Pts',(-9.49720022527475,-6.03344057473447,-1.10962240597265E-5));
#5151=CARTESIAN_POINT('Ctrl Pts',(-9.49130248782394,-6.03084296496414,-9.23410680352333E-6));
#5152=CARTESIAN_POINT('Ctrl Pts',(-9.49117617186886,-6.03078733014455,-9.19422453991751E-6));
#5153=CARTESIAN_POINT('Ctrl Pts',(-9.49104992130423,-6.03073156603501,-9.15443800823083E-6));
#5154=CARTESIAN_POINT('Ctrl Pts',(-9.49092373603792,-6.03067567233977,-9.11476350778147E-6));
#5155=CARTESIAN_POINT('',(-7.99312072346435,-4.45147186565763,-1.42819122878168));
#5156=CARTESIAN_POINT('Ctrl Pts',(-9.4914008983029,-6.03082912403074,-9.30268656919969E-6));
#5157=CARTESIAN_POINT('Ctrl Pts',(-9.48630084870192,-6.03087531666233,-5.97331988546107E-6));
#5158=CARTESIAN_POINT('Ctrl Pts',(-9.44832266015747,-6.02932400166436,-0.00017556249717357));
#5159=CARTESIAN_POINT('Ctrl Pts',(-9.3486109027486,-5.98378303291679,-0.00475182210424043));
#5160=CARTESIAN_POINT('Ctrl Pts',(-9.16828565405919,-5.81286386469297,-0.0291861726839666));
#5161=CARTESIAN_POINT('Ctrl Pts',(-8.93020224647408,-5.54785631075069,-0.0981879313464604));
#5162=CARTESIAN_POINT('Ctrl Pts',(-8.57423855690514,-5.1354760764848,-0.282974310046835));
#5163=CARTESIAN_POINT('Ctrl Pts',(-8.25760999901905,-4.76215149666857,-0.590674932996071));
#5164=CARTESIAN_POINT('Ctrl Pts',(-8.04726117236448,-4.51504466884191,-1.03705309207578));
#5165=CARTESIAN_POINT('Ctrl Pts',(-7.99941255976628,-4.45987202011222,-1.29660876024886));
#5166=CARTESIAN_POINT('Ctrl Pts',(-7.9931096969127,-4.45348734049805,-1.42827225645075));
#5167=CARTESIAN_POINT('',(-7.69346468729113,-4.7512265547147,-1.42595904123699));
#5168=CARTESIAN_POINT('Origin',(-7.69346468729113,-4.45147186565763,-1.41382947453802));
#5169=CARTESIAN_POINT('',(-9.3932384106738,-6.05,1.28380577799936E-16));
#5170=CARTESIAN_POINT('Ctrl Pts',(-7.69346468729113,-4.75122655471469,-1.42595904123699));
#5171=CARTESIAN_POINT('Ctrl Pts',(-7.70104721669026,-4.75656147209184,-1.29411867634847));
#5172=CARTESIAN_POINT('Ctrl Pts',(-7.75862122649429,-4.80266021949748,-1.03424400141146));
#5173=CARTESIAN_POINT('Ctrl Pts',(-8.01148226724564,-5.00900020900942,-0.58771887761003));
#5174=CARTESIAN_POINT('Ctrl Pts',(-8.39154515928459,-5.32049076611606,-0.280325914421002));
#5175=CARTESIAN_POINT('Ctrl Pts',(-8.8184961042478,-5.66444550139154,-0.095793724128637));
#5176=CARTESIAN_POINT('Ctrl Pts',(-9.1039884775473,-5.88545657073921,-0.0269054131815593));
#5177=CARTESIAN_POINT('Ctrl Pts',(-9.29865700543997,-6.01379179525048,-0.00494200366080212));
#5178=CARTESIAN_POINT('Ctrl Pts',(-9.38216296578503,-6.04596682109726,-0.000517400036070957));
#5179=CARTESIAN_POINT('Ctrl Pts',(-9.3933218565945,-6.04975566264507,-1.05600885214694E-5));
#5180=CARTESIAN_POINT('Ctrl Pts',(-9.3932384106738,-6.05,3.81639164714898E-16));
#5181=CARTESIAN_POINT('Ctrl Pts',(-9.39551073856688,-6.05,3.82143722864175E-16));
#5182=CARTESIAN_POINT('Ctrl Pts',(-9.3977836155833,-6.05000369242173,3.69242173662688E-6));
#5183=CARTESIAN_POINT('Ctrl Pts',(-9.42602127934163,-6.05008788925091,8.78892509140611E-5));
#5184=CARTESIAN_POINT('Ctrl Pts',(-9.45197180119538,-6.05056985173104,0.000569851731045644));
#5185=CARTESIAN_POINT('Ctrl Pts',(-9.48489072712255,-6.05065008514616,0.000650085146158766));
#5186=CARTESIAN_POINT('Ctrl Pts',(-9.48667853288673,-6.05065305730096,0.000653057300958119));
#5187=CARTESIAN_POINT('Ctrl Pts',(-9.48901930873304,-6.05065508916766,0.000655089167656006));
#5188=CARTESIAN_POINT('Ctrl Pts',(-9.4895695503916,-6.05065543261656,0.000655432616557851));
#5189=CARTESIAN_POINT('Ctrl Pts',(-9.49045089558787,-6.05065576719976,0.000655767199761109));
#5190=CARTESIAN_POINT('Ctrl Pts',(-9.49078190541654,-6.05065584417265,0.000655844172646572));
#5191=CARTESIAN_POINT('Ctrl Pts',(-9.4914088981421,-6.05065589769101,0.000655897691000847));
#5192=CARTESIAN_POINT('Ctrl Pts',(-9.49170485232848,-6.05065588400753,0.000655884007530813));
#5193=CARTESIAN_POINT('Ctrl Pts',(-9.4923748330956,-6.05065576487662,0.000655764876622892));
#5194=CARTESIAN_POINT('Ctrl Pts',(-9.49274882358703,-6.05065563618957,0.000655636189574318));
#5195=CARTESIAN_POINT('Ctrl Pts',(-9.49387289704938,-6.05065506269464,0.000655062694644034));
#5196=CARTESIAN_POINT('Ctrl Pts',(-9.49462276092264,-6.05065443028699,0.000654430286997525));
#5197=CARTESIAN_POINT('Ctrl Pts',(-9.49847377625654,-6.05064990617893,0.000649906178940421));
#5198=CARTESIAN_POINT('Ctrl Pts',(-9.50156094984915,-6.05064203214976,0.000642032149766353));
#5199=CARTESIAN_POINT('Ctrl Pts',(-9.5110688432147,-6.05060555044322,0.000605550443222913));
#5200=CARTESIAN_POINT('Ctrl Pts',(-9.51734640456858,-6.05056457722439,0.000564577224388545));
#5201=CARTESIAN_POINT('Ctrl Pts',(-9.54712006331935,-6.05031817290288,0.000318172902881938));
#5202=CARTESIAN_POINT('Ctrl Pts',(-9.56804158306178,-6.05,-1.76152087410075E-16));
#5203=CARTESIAN_POINT('Ctrl Pts',(-9.58956339798707,-6.05,-2.42861286636753E-16));
#5204=CARTESIAN_POINT('Ctrl Pts',(-7.99312072346435,-4.45147186565764,-1.42819122878168));
#5205=CARTESIAN_POINT('Ctrl Pts',(-7.99189710878036,-4.45049042707658,-1.45372178165066));
#5206=CARTESIAN_POINT('Ctrl Pts',(-7.99050926407397,-4.45,-1.47926536738341));
#5207=CARTESIAN_POINT('Ctrl Pts',(-7.98895803647333,-4.45,-1.5047990184594));
#5208=CARTESIAN_POINT('Ctrl Pts',(-7.99296906478854,-4.52985090683168,-1.43135556629048));
#5209=CARTESIAN_POINT('Ctrl Pts',(-7.99178320456195,-4.5289361077417,-1.45583200237262));
#5210=CARTESIAN_POINT('Ctrl Pts',(-7.99044391503016,-4.52849855526428,-1.48031906347728));
#5211=CARTESIAN_POINT('Ctrl Pts',(-7.98895803647333,-4.52853981633974,-1.5047990184594));
#5212=CARTESIAN_POINT('Ctrl Pts',(-7.92795856343443,-4.68604294197157,-1.43456008491159));
#5213=CARTESIAN_POINT('Ctrl Pts',(-7.92681754297781,-4.68525853985863,-1.4566593015369));
#5214=CARTESIAN_POINT('Ctrl Pts',(-7.92554118854073,-4.68492906189527,-1.47875992518626));
#5215=CARTESIAN_POINT('Ctrl Pts',(-7.92412670056202,-4.68504913323839,-1.50086036678155));
#5216=CARTESIAN_POINT('Ctrl Pts',(-7.77181793297731,-4.75107484610975,-1.42970817480714));
#5217=CARTESIAN_POINT('Ctrl Pts',(-7.77066325488154,-4.75029510398216,-1.4502505189128));
#5218=CARTESIAN_POINT('Ctrl Pts',(-7.76935823606724,-4.74993436702448,-1.47082657712407));
#5219=CARTESIAN_POINT('Ctrl Pts',(-7.76790541202484,-4.75,-1.49136956682248));
#5220=CARTESIAN_POINT('Ctrl Pts',(-7.69346468729113,-4.7512265547147,-1.42595904123699));
#5221=CARTESIAN_POINT('Ctrl Pts',(-7.69230225334134,-4.75040868923049,-1.44617072892493));
#5222=CARTESIAN_POINT('Ctrl Pts',(-7.69098380087027,-4.75,-1.46639273429669));
#5223=CARTESIAN_POINT('Ctrl Pts',(-7.68951013464966,-4.75,-1.48660687473185));
#5224=CARTESIAN_POINT('',(-7.98895803647333,-4.45,-1.5047990184594));
#5225=CARTESIAN_POINT('',(-7.68951013464966,-4.75,-1.48660687473185));
#5226=CARTESIAN_POINT('Origin',(-7.68951013464966,-4.45,-1.48660687473185));
#5227=CARTESIAN_POINT('Ctrl Pts',(-7.68951013464966,-4.75,-1.48660687473185));
#5228=CARTESIAN_POINT('Ctrl Pts',(-7.69098380087027,-4.75,-1.46639273429669));
#5229=CARTESIAN_POINT('Ctrl Pts',(-7.69230225334134,-4.75040868923049,-1.44617072892493));
#5230=CARTESIAN_POINT('Ctrl Pts',(-7.69346468729113,-4.7512265547147,-1.42595904123699));
#5231=CARTESIAN_POINT('Ctrl Pts',(-7.99312072346435,-4.45147186565764,-1.42819122878168));
#5232=CARTESIAN_POINT('Ctrl Pts',(-7.99189710878036,-4.45049042707658,-1.45372178165066));
#5233=CARTESIAN_POINT('Ctrl Pts',(-7.99050926407397,-4.45,-1.47926536738341));
#5234=CARTESIAN_POINT('Ctrl Pts',(-7.98895803647333,-4.45,-1.5047990184594));
#5235=CARTESIAN_POINT('Origin',(-2.,-4.45,-1.14095614390842));
#5236=CARTESIAN_POINT('',(-7.87761620384894,-4.45,-2.34662100623641));
#5237=CARTESIAN_POINT('',(-7.58373539365649,-4.75,-2.28633776312001));
#5238=CARTESIAN_POINT('Origin',(-7.58373539365649,-4.45,-2.28633776312001));
#5239=CARTESIAN_POINT('Origin',(-2.,-4.75,-1.14095614390842));
#5240=CARTESIAN_POINT('Origin',(-2.,-4.45,-1.14095614390842));
#5241=CARTESIAN_POINT('Origin',(-7.55533054627443,-4.45,-2.42481139410758));
#5242=CARTESIAN_POINT('',(-7.55533054627443,-4.75,-2.42481139410758));
#5243=CARTESIAN_POINT('',(-7.84921135646688,-4.45,-2.48509463722397));
#5244=CARTESIAN_POINT('Origin',(-5.75529185788624,-2.375,-11.2));
#5245=CARTESIAN_POINT('',(-5.75529185788624,-2.375,-11.5));
#5246=CARTESIAN_POINT('',(-6.04917266807869,-2.375,-11.2602832431164));
#5247=CARTESIAN_POINT('Origin',(4.,-4.45,-11.2));
#5248=CARTESIAN_POINT('',(-2.5,-4.45,-11.5));
#5249=CARTESIAN_POINT('',(-2.5,-4.75,-11.2));
#5250=CARTESIAN_POINT('Origin',(-2.5,-4.45,-11.2));
#5251=CARTESIAN_POINT('',(4.,-4.75,-11.2));
#5252=CARTESIAN_POINT('',(4.,-4.45,-11.5));
#5253=CARTESIAN_POINT('Origin',(-7.87835893744162,4.45,-0.850047987167512));
#5254=CARTESIAN_POINT('',(-7.87761620384894,4.45,-2.34662100623641));
#5255=CARTESIAN_POINT('',(-7.58373539365649,4.75,-2.28633776312001));
#5256=CARTESIAN_POINT('Origin',(-7.58373539365649,4.45,-2.28633776312001));
#5257=CARTESIAN_POINT('',(-7.87835893744162,4.75,-0.850047987167512));
#5258=CARTESIAN_POINT('',(-8.17223974763407,4.45,-0.910331230283912));
#5259=CARTESIAN_POINT('Origin',(-2.,4.45,-1.14095614390842));
#5260=CARTESIAN_POINT('',(-7.98895803647333,4.45,-1.5047990184594));
#5261=CARTESIAN_POINT('',(-7.68951013464966,4.75,-1.48660687473185));
#5262=CARTESIAN_POINT('Origin',(-7.68951013464966,4.45,-1.48660687473185));
#5263=CARTESIAN_POINT('Origin',(-2.,4.75,-1.14095614390842));
#5264=CARTESIAN_POINT('Origin',(-2.,4.45,-1.14095614390842));
#5265=CARTESIAN_POINT('Ctrl Pts',(-7.69346468729113,4.7512265547147,-1.42595904123699));
#5266=CARTESIAN_POINT('Ctrl Pts',(-7.69230225334134,4.75040868923049,-1.44617072892493));
#5267=CARTESIAN_POINT('Ctrl Pts',(-7.69098380087027,4.75,-1.46639273429669));
#5268=CARTESIAN_POINT('Ctrl Pts',(-7.68951013464966,4.75,-1.48660687473185));
#5269=CARTESIAN_POINT('Ctrl Pts',(-7.7718179329773,4.75107484610975,-1.42970817480714));
#5270=CARTESIAN_POINT('Ctrl Pts',(-7.77066325488154,4.75029510398216,-1.4502505189128));
#5271=CARTESIAN_POINT('Ctrl Pts',(-7.76935823606724,4.74993436702448,-1.47082657712407));
#5272=CARTESIAN_POINT('Ctrl Pts',(-7.76790541202484,4.75,-1.49136956682248));
#5273=CARTESIAN_POINT('Ctrl Pts',(-7.92795856343443,4.68604294197157,-1.43456008491159));
#5274=CARTESIAN_POINT('Ctrl Pts',(-7.92681754297781,4.68525853985863,-1.4566593015369));
#5275=CARTESIAN_POINT('Ctrl Pts',(-7.92554118854073,4.68492906189527,-1.47875992518626));
#5276=CARTESIAN_POINT('Ctrl Pts',(-7.92412670056202,4.68504913323839,-1.50086036678155));
#5277=CARTESIAN_POINT('Ctrl Pts',(-7.99296906478854,4.52985090683168,-1.43135556629048));
#5278=CARTESIAN_POINT('Ctrl Pts',(-7.99178320456195,4.5289361077417,-1.45583200237262));
#5279=CARTESIAN_POINT('Ctrl Pts',(-7.99044391503016,4.52849855526428,-1.48031906347728));
#5280=CARTESIAN_POINT('Ctrl Pts',(-7.98895803647333,4.52853981633974,-1.5047990184594));
#5281=CARTESIAN_POINT('Ctrl Pts',(-7.99312072346435,4.45147186565764,-1.42819122878169));
#5282=CARTESIAN_POINT('Ctrl Pts',(-7.99189710878036,4.45049042707659,-1.45372178165066));
#5283=CARTESIAN_POINT('Ctrl Pts',(-7.99050926407397,4.45,-1.47926536738341));
#5284=CARTESIAN_POINT('Ctrl Pts',(-7.98895803647333,4.45,-1.5047990184594));
#5285=CARTESIAN_POINT('',(-7.99312072346435,4.45147186565764,-1.42819122878169));
#5286=CARTESIAN_POINT('Ctrl Pts',(-7.98895803647333,4.45,-1.5047990184594));
#5287=CARTESIAN_POINT('Ctrl Pts',(-7.99050926407397,4.45,-1.47926536738341));
#5288=CARTESIAN_POINT('Ctrl Pts',(-7.99189710878036,4.45049042707659,-1.45372178165066));
#5289=CARTESIAN_POINT('Ctrl Pts',(-7.99312072346435,4.45147186565764,-1.42819122878169));
#5290=CARTESIAN_POINT('',(-7.69346468729113,4.7512265547147,-1.42595904123699));
#5291=CARTESIAN_POINT('Origin',(-7.69346468729113,4.45147186565764,-1.41382947453802));
#5292=CARTESIAN_POINT('Ctrl Pts',(-7.69346468729113,4.7512265547147,-1.42595904123699));
#5293=CARTESIAN_POINT('Ctrl Pts',(-7.69230225334134,4.75040868923049,-1.44617072892493));
#5294=CARTESIAN_POINT('Ctrl Pts',(-7.69098380087027,4.75,-1.46639273429669));
#5295=CARTESIAN_POINT('Ctrl Pts',(-7.68951013464966,4.75,-1.48660687473185));
#5296=CARTESIAN_POINT('Ctrl Pts',(-9.58956339798708,6.05,0.));
#5297=CARTESIAN_POINT('Ctrl Pts',(-9.55289451242456,6.06240516226441,0.00166892303207538));
#5298=CARTESIAN_POINT('Ctrl Pts',(-9.47167456724087,6.07613406301986,0.00327544734324654));
#5299=CARTESIAN_POINT('Ctrl Pts',(-9.32028053171777,6.0280166357591,-0.00251547047237078));
#5300=CARTESIAN_POINT('Ctrl Pts',(-9.10332669310294,5.88507447302392,-0.0270048880299159));
#5301=CARTESIAN_POINT('Ctrl Pts',(-8.70562223189927,5.57660764368816,-0.123376710290769));
#5302=CARTESIAN_POINT('Ctrl Pts',(-8.23639796710798,5.19295950607503,-0.373046077768016));
#5303=CARTESIAN_POINT('Ctrl Pts',(-7.82594826152634,4.85750457125052,-0.844253787342461));
#5304=CARTESIAN_POINT('Ctrl Pts',(-7.70483821247721,4.75922874157883,-1.22820316959161));
#5305=CARTESIAN_POINT('Ctrl Pts',(-7.69346468729113,4.7512265547147,-1.42595904123699));
#5306=CARTESIAN_POINT('Ctrl Pts',(-9.58682716657975,6.04337971639002,-0.000890656934594349));
#5307=CARTESIAN_POINT('Ctrl Pts',(-9.55118243733359,6.05618560447415,0.000888439735742747));
#5308=CARTESIAN_POINT('Ctrl Pts',(-9.47222117959247,6.07035752879413,0.0026022292294481));
#5309=CARTESIAN_POINT('Ctrl Pts',(-9.32504827017301,6.02067052572178,-0.00356349926786923));
#5310=CARTESIAN_POINT('Ctrl Pts',(-9.11421162592208,5.87316955329063,-0.0296660504952266));
#5311=CARTESIAN_POINT('Ctrl Pts',(-8.72842489357064,5.55614146127739,-0.132023454777735));
#5312=CARTESIAN_POINT('Ctrl Pts',(-8.27624799383077,5.1675444548878,-0.39518342677716));
#5313=CARTESIAN_POINT('Ctrl Pts',(-7.89093074058013,4.84533034539964,-0.873850194661035));
#5314=CARTESIAN_POINT('Ctrl Pts',(-7.78210956100865,4.75814258985111,-1.24230996568825));
#5315=CARTESIAN_POINT('Ctrl Pts',(-7.77181793297731,4.75107484610975,-1.42970817480714));
#5316=CARTESIAN_POINT('Ctrl Pts',(-9.58135470487832,6.0300696444509,-0.00215531945412879));
#5317=CARTESIAN_POINT('Ctrl Pts',(-9.54775828577375,6.04369612441887,-0.000265537069393757));
#5318=CARTESIAN_POINT('Ctrl Pts',(-9.4733186870866,6.05878186847272,0.00155517608434003));
#5319=CARTESIAN_POINT('Ctrl Pts',(-9.33459484056667,6.00591959467746,-0.00498940000009578));
#5320=CARTESIAN_POINT('Ctrl Pts',(-9.13601897937524,5.84902022247955,-0.0327174641746919));
#5321=CARTESIAN_POINT('Ctrl Pts',(-8.77408850201302,5.51241535614737,-0.141176743753099));
#5322=CARTESIAN_POINT('Ctrl Pts',(-8.3563983065167,5.1029171704056,-0.418639647446499));
#5323=CARTESIAN_POINT('Ctrl Pts',(-8.02079624353138,4.77455880005104,-0.90731786875944));
#5324=CARTESIAN_POINT('Ctrl Pts',(-7.93613875479606,4.69268226950127,-1.25890433283638));
#5325=CARTESIAN_POINT('Ctrl Pts',(-7.92794974297183,4.6860341186051,-1.43455930513185));
#5326=CARTESIAN_POINT('Ctrl Pts',(-9.57591074716043,6.01668988239089,-0.00238007481016309));
#5327=CARTESIAN_POINT('Ctrl Pts',(-9.54434590002454,6.03115617095133,-0.000600702375306573));
#5328=CARTESIAN_POINT('Ctrl Pts',(-9.47441059727982,6.04716644261183,0.00111337342189753));
#5329=CARTESIAN_POINT('Ctrl Pts',(-9.34406929028747,5.99104947064791,-0.00505327502669749));
#5330=CARTESIAN_POINT('Ctrl Pts',(-9.15742833588618,5.8243871523934,-0.031159748771269));
#5331=CARTESIAN_POINT('Ctrl Pts',(-8.81663148234572,5.46540518121783,-0.133532851247171));
#5332=CARTESIAN_POINT('Ctrl Pts',(-8.42036650188973,5.02185682206432,-0.396731396713923));
#5333=CARTESIAN_POINT('Ctrl Pts',(-8.09135568570724,4.64422399103077,-0.875465699919169));
#5334=CARTESIAN_POINT('Ctrl Pts',(-8.00151239794253,4.53844875781767,-1.24395477779893));
#5335=CARTESIAN_POINT('Ctrl Pts',(-7.99296906478854,4.52985090683168,-1.43135556629048));
#5336=CARTESIAN_POINT('Ctrl Pts',(-9.57320298237764,6.01,-0.00223218754469161));
#5337=CARTESIAN_POINT('Ctrl Pts',(-9.5426455777422,6.02488619471729,-0.000563264512616203));
#5338=CARTESIAN_POINT('Ctrl Pts',(-9.47496229008913,6.04136087562383,0.00104325979855497));
#5339=CARTESIAN_POINT('Ctrl Pts',(-9.34880059381988,5.98361996291092,-0.00474765801706239));
#5340=CARTESIAN_POINT('Ctrl Pts',(-9.16800572830753,5.81208936762871,-0.0292370755746074));
#5341=CARTESIAN_POINT('Ctrl Pts',(-8.83658534397113,5.4419291724258,-0.12560889783546));
#5342=CARTESIAN_POINT('Ctrl Pts',(-8.44556512331172,4.98155140729004,-0.375278265312706));
#5343=CARTESIAN_POINT('Ctrl Pts',(-8.10352370199369,4.57900548550063,-0.846485974887151));
#5344=CARTESIAN_POINT('Ctrl Pts',(-8.00259866111941,4.4610744898946,-1.2304353571363));
#5345=CARTESIAN_POINT('Ctrl Pts',(-7.99312072346435,4.45147186565764,-1.42819122878168));
#5346=CARTESIAN_POINT('',(-9.58956339799121,6.05,0.));
#5347=CARTESIAN_POINT('',(-9.3932384106738,6.05,-2.0173458583964E-16));
#5348=CARTESIAN_POINT('Ctrl Pts',(-9.58956339798707,6.05,-2.77555756156289E-16));
#5349=CARTESIAN_POINT('Ctrl Pts',(-9.58729087095467,6.05,-2.75616190807781E-16));
#5350=CARTESIAN_POINT('Ctrl Pts',(-9.58501779465019,6.05000369306897,3.69306897512771E-6));
#5351=CARTESIAN_POINT('Ctrl Pts',(-9.55677740307805,6.05008790475276,8.79047527645955E-5));
#5352=CARTESIAN_POINT('Ctrl Pts',(-9.53082421742652,6.05056996508779,0.000569965087786969));
#5353=CARTESIAN_POINT('Ctrl Pts',(-9.49790239485958,6.05065010059971,0.000650100599708924));
#5354=CARTESIAN_POINT('Ctrl Pts',(-9.49611695866811,6.05065306486139,0.000653064861394162));
#5355=CARTESIAN_POINT('Ctrl Pts',(-9.49377929599036,6.0506550913074,0.000655091307395621));
#5356=CARTESIAN_POINT('Ctrl Pts',(-9.49322978705551,6.05065543383722,0.00065543383721769));
#5357=CARTESIAN_POINT('Ctrl Pts',(-9.49234960331722,6.05065576752632,0.000655767526318514));
#5358=CARTESIAN_POINT('Ctrl Pts',(-9.4920190218843,6.05065584429223,0.000655844292225824));
#5359=CARTESIAN_POINT('Ctrl Pts',(-9.49139282981021,6.05065589765818,0.000655897658178811));
#5360=CARTESIAN_POINT('Ctrl Pts',(-9.49109724776956,6.05065588400116,0.000655884001154284));
#5361=CARTESIAN_POINT('Ctrl Pts',(-9.49042809141608,6.05065576514844,0.000655765148436185));
#5362=CARTESIAN_POINT('Ctrl Pts',(-9.49005455310673,6.05065563676554,0.00065563676553872));
#5363=CARTESIAN_POINT('Ctrl Pts',(-9.48893176272384,6.05065506459678,0.000655064596781031));
#5364=CARTESIAN_POINT('Ctrl Pts',(-9.4881827290186,6.05065443361312,0.000654433613128342));
#5365=CARTESIAN_POINT('Ctrl Pts',(-9.48433190470369,6.05064991484647,0.000649914846473119));
#5366=CARTESIAN_POINT('Ctrl Pts',(-9.48124409981497,6.05064204236338,0.000642042363379919));
#5367=CARTESIAN_POINT('Ctrl Pts',(-9.47173185200141,6.05060555076036,0.000605550760365859));
#5368=CARTESIAN_POINT('Ctrl Pts',(-9.46545081054734,6.05056454872555,0.000564548725553938));
#5369=CARTESIAN_POINT('Ctrl Pts',(-9.43567657612414,6.05031809553032,0.00031809553031843));
#5370=CARTESIAN_POINT('Ctrl Pts',(-9.41475767833866,6.05,-2.38751451574195E-16));
#5371=CARTESIAN_POINT('Ctrl Pts',(-9.3932384106738,6.05,-2.77555756156289E-16));
#5372=CARTESIAN_POINT('Ctrl Pts',(-9.39331993910439,6.04976212443428,-1.56940378141929E-5));
#5373=CARTESIAN_POINT('Ctrl Pts',(-9.38215858302129,6.04597052664197,-0.000523398028194255));
#5374=CARTESIAN_POINT('Ctrl Pts',(-9.2986709710811,6.01377896495832,-0.00495472463374133));
#5375=CARTESIAN_POINT('Ctrl Pts',(-9.10332669310294,5.88507447302392,-0.0270048880299159));
#5376=CARTESIAN_POINT('Ctrl Pts',(-8.70562223189927,5.57660764368816,-0.123376710290769));
#5377=CARTESIAN_POINT('Ctrl Pts',(-8.23639796710798,5.19295950607503,-0.373046077768016));
#5378=CARTESIAN_POINT('Ctrl Pts',(-7.82594826152634,4.85750457125052,-0.844253787342461));
#5379=CARTESIAN_POINT('Ctrl Pts',(-7.70483821247721,4.75922874157883,-1.22820316959161));
#5380=CARTESIAN_POINT('Ctrl Pts',(-7.69346468729113,4.7512265547147,-1.42595904123699));
#5381=CARTESIAN_POINT('',(-9.49140090433044,6.03082911881162,0.));
#5382=CARTESIAN_POINT('Ctrl Pts',(-7.99310895949239,4.45356797218654,-1.42827548386751));
#5383=CARTESIAN_POINT('Ctrl Pts',(-8.00256208231069,4.46314373201937,-1.23079548184234));
#5384=CARTESIAN_POINT('Ctrl Pts',(-8.10319277276718,4.58074968475592,-0.847257902203588));
#5385=CARTESIAN_POINT('Ctrl Pts',(-8.44488958848866,4.98262939709251,-0.375849510101603));
#5386=CARTESIAN_POINT('Ctrl Pts',(-8.8360513785484,5.4425570277014,-0.125819840197017));
#5387=CARTESIAN_POINT('Ctrl Pts',(-9.16772281323864,5.81241826739539,-0.0292882233711655));
#5388=CARTESIAN_POINT('Ctrl Pts',(-9.34867405709461,5.98381866104294,-0.00475575104239756));
#5389=CARTESIAN_POINT('Ctrl Pts',(-9.44827876166521,6.02933051785511,-0.000179975382000065));
#5390=CARTESIAN_POINT('Ctrl Pts',(-9.4862836626912,6.030876745851,-9.2595217267268E-6));
#5391=CARTESIAN_POINT('Ctrl Pts',(-9.49140089645347,6.03082912627835,-1.25093681452998E-5));
#5392=CARTESIAN_POINT('Ctrl Pts',(-9.49090299806609,6.0306696380145,-1.23297527038004E-5));
#5393=CARTESIAN_POINT('Ctrl Pts',(-9.49102906492462,6.03072551773057,-1.23644154089899E-5));
#5394=CARTESIAN_POINT('Ctrl Pts',(-9.49115519777759,6.03078126855685,-1.2399222584079E-5));
#5395=CARTESIAN_POINT('Ctrl Pts',(-9.49128139609753,6.03083689049689,-1.24341550700856E-5));
#5396=CARTESIAN_POINT('Ctrl Pts',(-9.4974774480504,6.0335678018939,-1.41492610893607E-5));
#5397=CARTESIAN_POINT('Ctrl Pts',(-9.5037835416345,6.03596018157048,-1.6159962675452E-5));
#5398=CARTESIAN_POINT('Ctrl Pts',(-9.51020743777628,6.0380653067174,-1.69618409168793E-5));
#5399=CARTESIAN_POINT('Ctrl Pts',(-9.51697957212256,6.04028455030355,-1.78071888273143E-5));
#5400=CARTESIAN_POINT('Ctrl Pts',(-9.52388291758132,6.04218416891005,-1.70213359066537E-5));
#5401=CARTESIAN_POINT('Ctrl Pts',(-9.53091385951429,6.04376882800436,-1.52177280795941E-5));
#5402=CARTESIAN_POINT('Ctrl Pts',(-9.53191818109062,6.04399518562966,-1.49600951374914E-5));
#5403=CARTESIAN_POINT('Ctrl Pts',(-9.5329250809562,6.04421503452968,-1.46899769712568E-5));
#5404=CARTESIAN_POINT('Ctrl Pts',(-9.53393452202488,6.04442830885845,-1.4418560022323E-5));
#5405=CARTESIAN_POINT('Ctrl Pts',(-9.5339479007066,6.04443113550128,-1.44149627831299E-5));
#5406=CARTESIAN_POINT('Ctrl Pts',(-9.5339612798346,6.04443396098898,-1.44113653592848E-5));
#5407=CARTESIAN_POINT('Ctrl Pts',(-9.53397465940878,6.04443678532137,-1.44077677811899E-5));
#5408=CARTESIAN_POINT('Ctrl Pts',(-9.54234496777277,6.04620369753567,-1.21571103517392E-5));
#5409=CARTESIAN_POINT('Ctrl Pts',(-9.55082649200825,6.04750525126346,-1.01559740672547E-5));
#5410=CARTESIAN_POINT('Ctrl Pts',(-9.55933782465678,6.04841084043842,-7.62092258469035E-6));
#5411=CARTESIAN_POINT('Ctrl Pts',(-9.56869559999407,6.04940648946274,-4.83376301498177E-6));
#5412=CARTESIAN_POINT('Ctrl Pts',(-9.57808989241383,6.04992292511389,-7.88023492524269E-7));
#5413=CARTESIAN_POINT('Ctrl Pts',(-9.58742016762893,6.04999205704808,-8.33419971410482E-8));
#5414=CARTESIAN_POINT('Ctrl Pts',(-9.58813496765187,6.04999735330216,-2.93557708556749E-8));
#5415=CARTESIAN_POINT('Ctrl Pts',(-9.58884939281636,6.05,-7.07535558002716E-19));
#5416=CARTESIAN_POINT('Ctrl Pts',(-9.58956339798708,6.05,0.));
#5417=CARTESIAN_POINT('Origin',(8.,-4.75,0.));
#5418=CARTESIAN_POINT('',(-2.5,-4.75,-11.125));
#5419=CARTESIAN_POINT('',(-2.5,-4.75,-5.75));
#5420=CARTESIAN_POINT('',(-2.73357864376269,-4.75,-10.8914213562373));
#5421=CARTESIAN_POINT('',(-2.84375000000001,-4.75,-10.78125));
#5422=CARTESIAN_POINT('',(-2.73357864376269,-4.75,-10.6085786437627));
#5423=CARTESIAN_POINT('Origin',(-2.59215728752538,-4.75,-10.75));
#5424=CARTESIAN_POINT('',(-2.5,-4.75,-10.375));
#5425=CARTESIAN_POINT('',(2.71874999999999,-4.75,-5.15624999999999));
#5426=CARTESIAN_POINT('',(-2.5,-4.75,-10.));
#5427=CARTESIAN_POINT('',(-2.5,-4.75,-5.75));
#5428=CARTESIAN_POINT('',(2.5,-4.75,-10.));
#5429=CARTESIAN_POINT('',(4.,-4.75,-10.));
#5430=CARTESIAN_POINT('',(2.5,-4.75,-10.375));
#5431=CARTESIAN_POINT('',(2.5,-4.75,-5.75));
#5432=CARTESIAN_POINT('',(2.73357864376269,-4.75,-10.6085786437627));
#5433=CARTESIAN_POINT('',(1.46875,-4.75,-9.34374999999999));
#5434=CARTESIAN_POINT('',(2.73357864376269,-4.75,-10.8914213562373));
#5435=CARTESIAN_POINT('Origin',(2.59215728752538,-4.75,-10.75));
#5436=CARTESIAN_POINT('',(2.5,-4.75,-11.125));
#5437=CARTESIAN_POINT('',(6.65625,-4.75,-6.96875));
#5438=CARTESIAN_POINT('',(2.5,-4.75,-11.2));
#5439=CARTESIAN_POINT('',(2.5,-4.75,-5.75));
#5440=CARTESIAN_POINT('',(5.75529185788624,-4.75,-11.2));
#5441=CARTESIAN_POINT('',(4.,-4.75,-11.2));
#5442=CARTESIAN_POINT('',(7.58373539365649,-4.75,-2.28633776312001));
#5443=CARTESIAN_POINT('',(6.87835893744162,-4.75,-5.72504798716751));
#5444=CARTESIAN_POINT('',(7.68951013464966,-4.75,-1.48660687473185));
#5445=CARTESIAN_POINT('Origin',(2.,-4.75,-1.14095614390842));
#5446=CARTESIAN_POINT('',(-8.5,-4.75,-1.48660687473185));
#5447=CARTESIAN_POINT('',(0.5,-4.75,-2.25));
#5448=CARTESIAN_POINT('',(0.5,-4.75,-9.25));
#5449=CARTESIAN_POINT('',(0.5,-4.75,-1.125));
#5450=CARTESIAN_POINT('',(-0.5,-4.75,-9.25));
#5451=CARTESIAN_POINT('',(4.25,-4.75,-9.25));
#5452=CARTESIAN_POINT('',(-0.5,-4.75,-2.25));
#5453=CARTESIAN_POINT('',(-0.5,-4.75,-4.625));
#5454=CARTESIAN_POINT('',(3.75,-4.75,-2.25));
#5455=CARTESIAN_POINT('Origin',(0.,0.,-11.5));
#5456=CARTESIAN_POINT('',(-2.5,2.375,-11.5));
#5457=CARTESIAN_POINT('Origin',(-2.5,4.75,-11.5));
#5458=CARTESIAN_POINT('',(-2.5,4.75,-11.125));
#5459=CARTESIAN_POINT('',(-2.5,4.75,-5.75));
#5460=CARTESIAN_POINT('',(-2.5,4.75,-11.125));
#5461=CARTESIAN_POINT('Origin',(-8.,4.75,0.));
#5462=CARTESIAN_POINT('',(7.68951013464966,4.75,-1.48660687473185));
#5463=CARTESIAN_POINT('',(8.5,4.75,-1.48660687473185));
#5464=CARTESIAN_POINT('',(7.58373539365649,4.75,-2.28633776312001));
#5465=CARTESIAN_POINT('Origin',(2.,4.75,-1.14095614390842));
#5466=CARTESIAN_POINT('',(5.75529185788624,4.75,-11.2));
#5467=CARTESIAN_POINT('',(6.55533054627443,4.75,-7.29981139410758));
#5468=CARTESIAN_POINT('',(2.5,4.75,-11.2));
#5469=CARTESIAN_POINT('',(-4.,4.75,-11.2));
#5470=CARTESIAN_POINT('',(2.5,4.75,-11.125));
#5471=CARTESIAN_POINT('',(2.5,4.75,-5.75));
#5472=CARTESIAN_POINT('',(2.73357864376269,4.75,-10.8914213562373));
#5473=CARTESIAN_POINT('',(2.65625000000001,4.75,-10.96875));
#5474=CARTESIAN_POINT('',(2.73357864376269,4.75,-10.6085786437627));
#5475=CARTESIAN_POINT('Origin',(2.59215728752538,4.75,-10.75));
#5476=CARTESIAN_POINT('',(2.5,4.75,-10.375));
#5477=CARTESIAN_POINT('',(-2.53124999999999,4.75,-5.34374999999999));
#5478=CARTESIAN_POINT('',(2.5,4.75,-10.));
#5479=CARTESIAN_POINT('',(2.5,4.75,-5.75));
#5480=CARTESIAN_POINT('',(-2.5,4.75,-10.));
#5481=CARTESIAN_POINT('',(-4.,4.75,-10.));
#5482=CARTESIAN_POINT('',(-2.5,4.75,-10.375));
#5483=CARTESIAN_POINT('',(-2.5,4.75,-5.75));
#5484=CARTESIAN_POINT('',(-2.73357864376269,4.75,-10.6085786437627));
#5485=CARTESIAN_POINT('',(-1.28125,4.75,-9.15624999999999));
#5486=CARTESIAN_POINT('',(-2.73357864376269,4.75,-10.8914213562373));
#5487=CARTESIAN_POINT('Origin',(-2.59215728752538,4.75,-10.75));
#5488=CARTESIAN_POINT('',(-6.84375,4.75,-6.78124999999999));
#5489=CARTESIAN_POINT('Origin',(8.5,6.25,-1.48660687473185));
#5490=CARTESIAN_POINT('',(9.3932384106738,6.05,0.));
#5491=CARTESIAN_POINT('',(8.5,6.05,0.));
#5492=CARTESIAN_POINT('',(7.69346468729113,4.7512265547147,-1.42595904123699));
#5493=CARTESIAN_POINT('Ctrl Pts',(7.69346468729113,4.7512265547147,-1.42595904123699));
#5494=CARTESIAN_POINT('Ctrl Pts',(7.70483848143219,4.75922893081023,-1.22819849316756));
#5495=CARTESIAN_POINT('Ctrl Pts',(7.82586972322368,4.85745828159425,-0.844246672058283));
#5496=CARTESIAN_POINT('Ctrl Pts',(8.23653176505849,5.193047569902,-0.373020527395049));
#5497=CARTESIAN_POINT('Ctrl Pts',(8.70521315550947,5.57635698252132,-0.123421873220943));
#5498=CARTESIAN_POINT('Ctrl Pts',(9.10380587488809,5.88540638174141,-0.0269224385998221));
#5499=CARTESIAN_POINT('Ctrl Pts',(9.2986790348764,6.01380073557977,-0.00495236930386895));
#5500=CARTESIAN_POINT('Ctrl Pts',(9.38216937681081,6.04597030937152,-0.000524100117284984));
#5501=CARTESIAN_POINT('Ctrl Pts',(9.39332163268757,6.04975719120438,-1.69092435588642E-5));
#5502=CARTESIAN_POINT('Ctrl Pts',(7.68951013464966,4.75,-1.48660687473185));
#5503=CARTESIAN_POINT('Ctrl Pts',(7.69098380087027,4.75,-1.46639273429669));
#5504=CARTESIAN_POINT('Ctrl Pts',(7.69230225334134,4.75040868923049,-1.44617072892493));
#5505=CARTESIAN_POINT('Ctrl Pts',(7.69346468729113,4.7512265547147,-1.42595904123699));
#5506=CARTESIAN_POINT('Origin',(8.5,6.15,0.1));
#5507=CARTESIAN_POINT('',(-16.,6.05,0.));
#5508=CARTESIAN_POINT('',(8.5,6.05,0.));
#5509=CARTESIAN_POINT('',(-16.,6.25,0.2));
#5510=CARTESIAN_POINT('',(-16.,6.05,0.));
#5511=CARTESIAN_POINT('',(16.,6.25,0.2));
#5512=CARTESIAN_POINT('',(8.5,6.25,0.2));
#5513=CARTESIAN_POINT('',(16.,6.05,0.));
#5514=CARTESIAN_POINT('',(16.,6.25,0.2));
#5515=CARTESIAN_POINT('',(9.58956339798157,6.05,0.));
#5516=CARTESIAN_POINT('',(8.5,6.05,0.));
#5517=CARTESIAN_POINT('Ctrl Pts',(9.3932384106738,6.05,1.04083408558608E-16));
#5518=CARTESIAN_POINT('Ctrl Pts',(9.39551073855825,6.05,1.01860199221797E-16));
#5519=CARTESIAN_POINT('Ctrl Pts',(9.3977836155662,6.05000369242171,3.69242171067968E-6));
#5520=CARTESIAN_POINT('Ctrl Pts',(9.42602127925454,6.05008788925037,8.78892503709052E-5));
#5521=CARTESIAN_POINT('Ctrl Pts',(9.45197180104411,6.05056985172817,0.000569851728169078));
#5522=CARTESIAN_POINT('Ctrl Pts',(9.48489072692374,6.05065008514582,0.000650085145818492));
#5523=CARTESIAN_POINT('Ctrl Pts',(9.48667853276335,6.05065305730083,0.000653057300825994));
#5524=CARTESIAN_POINT('Ctrl Pts',(9.48901930869112,6.05065508916763,0.000655089167627455));
#5525=CARTESIAN_POINT('Ctrl Pts',(9.48956955035794,6.05065543261654,0.000655432616541314));
#5526=CARTESIAN_POINT('Ctrl Pts',(9.49045089559062,6.05065576719976,0.000655767199765028));
#5527=CARTESIAN_POINT('Ctrl Pts',(9.49078190540575,6.05065584417264,0.000655844172643051));
#5528=CARTESIAN_POINT('Ctrl Pts',(9.49140889809796,6.050655897691,0.000655897690998996));
#5529=CARTESIAN_POINT('Ctrl Pts',(9.49170485226449,6.05065588400754,0.00065588400753945));
#5530=CARTESIAN_POINT('Ctrl Pts',(9.4923748330595,6.05065576487663,0.000655764876632743));
#5531=CARTESIAN_POINT('Ctrl Pts',(9.49274882354596,6.05065563618959,0.000655636189590007));
#5532=CARTESIAN_POINT('Ctrl Pts',(9.49387289697252,6.05065506269469,0.000655062694694715));
#5533=CARTESIAN_POINT('Ctrl Pts',(9.49462276081918,6.05065443028709,0.000654430287091837));
#5534=CARTESIAN_POINT('Ctrl Pts',(9.49847377612201,6.05064990617921,0.000649906179212732));
#5535=CARTESIAN_POINT('Ctrl Pts',(9.50156094970496,6.05064203215019,0.000642032150188255));
#5536=CARTESIAN_POINT('Ctrl Pts',(9.51106884295703,6.05060555044448,0.00060555044448251));
#5537=CARTESIAN_POINT('Ctrl Pts',(9.51734640421376,6.0505645772268,0.00056457722680059));
#5538=CARTESIAN_POINT('Ctrl Pts',(9.54712006303475,6.05031817290715,0.000318172907144329));
#5539=CARTESIAN_POINT('Ctrl Pts',(9.56804158292134,6.05,-2.00754684164918E-16));
#5540=CARTESIAN_POINT('Ctrl Pts',(9.58956339798708,6.05,-2.08166817117217E-16));
#5541=CARTESIAN_POINT('Origin',(5.75529185788624,4.45,-11.2));
#5542=CARTESIAN_POINT('',(5.75529185788624,4.45,-11.5));
#5543=CARTESIAN_POINT('Origin',(5.75529185788624,4.45,-11.2));
#5544=CARTESIAN_POINT('',(6.04917266807869,4.45,-11.2602832431164));
#5545=CARTESIAN_POINT('Origin',(5.75529185788624,4.45,-11.2));
#5546=CARTESIAN_POINT('Origin',(5.75529185788624,4.45,-11.2));
#5547=CARTESIAN_POINT('Ctrl Pts',(9.57320298237764,6.01,-0.00223218754469179));
#5548=CARTESIAN_POINT('Ctrl Pts',(9.54264806522214,6.02488498292882,-0.000563400368806009));
#5549=CARTESIAN_POINT('Ctrl Pts',(9.47503943415699,6.04137164565577,0.00104653522397872));
#5550=CARTESIAN_POINT('Ctrl Pts',(9.34877320520624,5.98361376187334,-0.00475290178204415));
#5551=CARTESIAN_POINT('Ctrl Pts',(9.16840504646181,5.81248765808969,-0.0291546261445146));
#5552=CARTESIAN_POINT('Ctrl Pts',(8.83624444697964,5.44162837902558,-0.125654060765635));
#5553=CARTESIAN_POINT('Ctrl Pts',(8.44567662160381,4.9816570838824,-0.375252714939751));
#5554=CARTESIAN_POINT('Ctrl Pts',(8.10345825340814,4.5789499379131,-0.846478859602979));
#5555=CARTESIAN_POINT('Ctrl Pts',(8.00259888524856,4.46107471697227,-1.23043068071227));
#5556=CARTESIAN_POINT('Ctrl Pts',(7.99312072346435,4.45147186565764,-1.42819122878168));
#5557=CARTESIAN_POINT('Ctrl Pts',(9.57591074716043,6.01668988239089,-0.00238007481016329));
#5558=CARTESIAN_POINT('Ctrl Pts',(9.54434846951383,6.03115499334469,-0.000600847222465249));
#5559=CARTESIAN_POINT('Ctrl Pts',(9.47449023721624,6.04717687931069,0.00111685345919323));
#5560=CARTESIAN_POINT('Ctrl Pts',(9.34404112095094,5.99104350704589,-0.00505883409418795));
#5561=CARTESIAN_POINT('Ctrl Pts',(9.15783974385858,5.82477373685841,-0.0310720169766866));
#5562=CARTESIAN_POINT('Ctrl Pts',(8.81627956083834,5.46511293059028,-0.133581034400483));
#5563=CARTESIAN_POINT('Ctrl Pts',(8.42048103542136,5.02195920451522,-0.396704213592532));
#5564=CARTESIAN_POINT('Ctrl Pts',(8.09128718592966,4.64416946914622,-0.875459469414325));
#5565=CARTESIAN_POINT('Ctrl Pts',(8.00151259997066,4.53844896113501,-1.24395034624631));
#5566=CARTESIAN_POINT('Ctrl Pts',(7.99296906478854,4.52985090683168,-1.43135556629048));
#5567=CARTESIAN_POINT('Ctrl Pts',(9.58135470487832,6.03006964445089,-0.002155319454129));
#5568=CARTESIAN_POINT('Ctrl Pts',(9.54776102064012,6.04369501517559,-0.000265690904309711));
#5569=CARTESIAN_POINT('Ctrl Pts',(9.47340343111816,6.05879163856437,0.00155886421773389));
#5570=CARTESIAN_POINT('Ctrl Pts',(9.3345649131106,6.00591410546767,-0.00499528064804568));
#5571=CARTESIAN_POINT('Ctrl Pts',(9.13645638507927,5.84938339609475,-0.0326244040360197));
#5572=CARTESIAN_POINT('Ctrl Pts',(8.77371401451338,5.51214019069679,-0.141227941634264));
#5573=CARTESIAN_POINT('Ctrl Pts',(8.35651989831133,5.10301296273871,-0.418610736209886));
#5574=CARTESIAN_POINT('Ctrl Pts',(8.02072271310304,4.77450636111464,-0.907312476863431));
#5575=CARTESIAN_POINT('Ctrl Pts',(7.93613894844539,4.69268242671316,-1.25890017904247));
#5576=CARTESIAN_POINT('Ctrl Pts',(7.92794974297184,4.6860341186051,-1.43455930513185));
#5577=CARTESIAN_POINT('Ctrl Pts',(9.58682716657975,6.04337971639002,-0.000890656934594561));
#5578=CARTESIAN_POINT('Ctrl Pts',(9.55118533893959,6.05618456202994,0.000888294911032273));
#5579=CARTESIAN_POINT('Ctrl Pts',(9.4723111428398,6.07036673542651,0.00260570872697441));
#5580=CARTESIAN_POINT('Ctrl Pts',(9.32501638361791,6.02066531480097,-0.00356905747841359));
#5581=CARTESIAN_POINT('Ctrl Pts',(9.1146768820139,5.87351125112621,-0.0295783322977269));
#5582=CARTESIAN_POINT('Ctrl Pts',(8.72802734691827,5.55588282499158,-0.132071630467413));
#5583=CARTESIAN_POINT('Ctrl Pts',(8.27637772371003,5.16763475892937,-0.395156248027333));
#5584=CARTESIAN_POINT('Ctrl Pts',(7.89085386106359,4.84528165432236,-0.873843964637469));
#5585=CARTESIAN_POINT('Ctrl Pts',(7.78210980437951,4.7581427569853,-1.2423055341966));
#5586=CARTESIAN_POINT('Ctrl Pts',(7.77181793297731,4.75107484610975,-1.42970817480714));
#5587=CARTESIAN_POINT('Ctrl Pts',(9.58956339798708,6.05,-2.08166817117217E-16));
#5588=CARTESIAN_POINT('Ctrl Pts',(9.55289749740048,6.06240415244068,0.00166878717588557));
#5589=CARTESIAN_POINT('Ctrl Pts',(9.4717671401223,6.07614303804648,0.0032787227686704));
#5590=CARTESIAN_POINT('Ctrl Pts',(9.3202476653814,6.02801146822779,-0.00252071423735252));
#5591=CARTESIAN_POINT('Ctrl Pts',(9.10380587488809,5.88540638174141,-0.0269224385998221));
#5592=CARTESIAN_POINT('Ctrl Pts',(8.70521315550947,5.57635698252132,-0.123421873220943));
#5593=CARTESIAN_POINT('Ctrl Pts',(8.23653176505849,5.193047569902,-0.373020527395049));
#5594=CARTESIAN_POINT('Ctrl Pts',(7.82586972322368,4.85745828159425,-0.844246672058283));
#5595=CARTESIAN_POINT('Ctrl Pts',(7.70483848143219,4.75922893081023,-1.22819849316756));
#5596=CARTESIAN_POINT('Ctrl Pts',(7.69346468729113,4.7512265547147,-1.42595904123699));
#5597=CARTESIAN_POINT('',(9.49140090433044,6.03082911881162,0.));
#5598=CARTESIAN_POINT('Ctrl Pts',(9.58956339798708,6.05,-1.14708589848966E-16));
#5599=CARTESIAN_POINT('Ctrl Pts',(9.58737012978508,6.05,-1.1401461004471E-16));
#5600=CARTESIAN_POINT('Ctrl Pts',(9.58517277732664,6.0499762817534,-1.05368296178033E-7));
#5601=CARTESIAN_POINT('Ctrl Pts',(9.58297298984316,6.04992798472929,-3.0887517679201E-7));
#5602=CARTESIAN_POINT('Ctrl Pts',(9.57430030797714,6.04973757327892,-1.11120287725173E-6));
#5603=CARTESIAN_POINT('Ctrl Pts',(9.56559549290493,6.04914822713169,-5.29179324486821E-6));
#5604=CARTESIAN_POINT('Ctrl Pts',(9.55693219480979,6.04814336450198,-8.10450867164071E-6));
#5605=CARTESIAN_POINT('Ctrl Pts',(9.54922441500211,6.04724933317561,-1.06069957075457E-5));
#5606=CARTESIAN_POINT('Ctrl Pts',(9.54154916516348,6.04602653423371,-1.23985266495991E-5));
#5607=CARTESIAN_POINT('Ctrl Pts',(9.53396029442469,6.04442872985855,-1.38980807887585E-5));
#5608=CARTESIAN_POINT('Ctrl Pts',(9.53240463853371,6.04410119314402,-1.4205477015512E-5));
#5609=CARTESIAN_POINT('Ctrl Pts',(9.5308526276926,6.04375776469365,-1.45038109454666E-5));
#5610=CARTESIAN_POINT('Ctrl Pts',(9.52930475711873,6.04339783077003,-1.47978006564795E-5));
#5611=CARTESIAN_POINT('Ctrl Pts',(9.52251031021881,6.04181788476373,-1.60882816012811E-5));
#5612=CARTESIAN_POINT('Ctrl Pts',(9.51583976351683,6.03994064483873,-1.65033959000851E-5));
#5613=CARTESIAN_POINT('Ctrl Pts',(9.50929475898552,6.0377627814107,-1.55094706980818E-5));
#5614=CARTESIAN_POINT('Ctrl Pts',(9.50318990540894,6.03573137909856,-1.45823868747966E-5));
#5615=CARTESIAN_POINT('Ctrl Pts',(9.49719403752736,6.03343856666624,-1.26419293100163E-5));
#5616=CARTESIAN_POINT('Ctrl Pts',(9.49129853418447,6.03084201853815,-1.10856530786179E-5));
#5617=CARTESIAN_POINT('Ctrl Pts',(9.49117222453172,6.03078638815796,-1.10523102580098E-5));
#5618=CARTESIAN_POINT('Ctrl Pts',(9.49104598045547,6.03073062857788,-1.10191563340891E-5));
#5619=CARTESIAN_POINT('Ctrl Pts',(9.49091980180261,6.03067473947532,-1.09862103577691E-5));
#5620=CARTESIAN_POINT('',(7.99312072346435,4.45147186565764,-1.42819122878168));
#5621=CARTESIAN_POINT('Ctrl Pts',(9.49140089750817,6.03082912543007,-1.11526742628604E-5));
#5622=CARTESIAN_POINT('Ctrl Pts',(9.48629961771046,6.03087559969681,-8.00546235473211E-6));
#5623=CARTESIAN_POINT('Ctrl Pts',(9.44832208171485,6.02932641096687,-0.000179090941784885));
#5624=CARTESIAN_POINT('Ctrl Pts',(9.34865075191226,5.98380602228953,-0.004760742998988));
#5625=CARTESIAN_POINT('Ctrl Pts',(9.16813162038611,5.81280558852238,-0.0292039876582924));
#5626=CARTESIAN_POINT('Ctrl Pts',(8.83572752265695,5.44223609371047,-0.125858270733329));
#5627=CARTESIAN_POINT('Ctrl Pts',(8.44502312380578,4.98270002752731,-0.375805470650069));
#5628=CARTESIAN_POINT('Ctrl Pts',(8.10313814998745,4.58063760001765,-0.847225873755355));
#5629=CARTESIAN_POINT('Ctrl Pts',(8.00256372812794,4.4630768554356,-1.23077917811732));
#5630=CARTESIAN_POINT('Ctrl Pts',(7.99310958265865,4.45349999817029,-1.42827276316727));
#5631=CARTESIAN_POINT('Origin',(7.69346468729113,4.45147186565764,-1.41382947453802));
#5632=CARTESIAN_POINT('Ctrl Pts',(7.99312072346435,4.45147186565763,-1.42819122878168));
#5633=CARTESIAN_POINT('Ctrl Pts',(7.99189710878036,4.45049042707658,-1.45372178165066));
#5634=CARTESIAN_POINT('Ctrl Pts',(7.99050926407397,4.45,-1.47926536738341));
#5635=CARTESIAN_POINT('Ctrl Pts',(7.98895803647333,4.45,-1.5047990184594));
#5636=CARTESIAN_POINT('Ctrl Pts',(7.99296906478854,4.52985090683168,-1.43135556629048));
#5637=CARTESIAN_POINT('Ctrl Pts',(7.99178320456195,4.52893610774169,-1.45583200237262));
#5638=CARTESIAN_POINT('Ctrl Pts',(7.99044391503016,4.52849855526428,-1.48031906347728));
#5639=CARTESIAN_POINT('Ctrl Pts',(7.98895803647333,4.52853981633974,-1.5047990184594));
#5640=CARTESIAN_POINT('Ctrl Pts',(7.92795856343443,4.68604294197157,-1.43456008491159));
#5641=CARTESIAN_POINT('Ctrl Pts',(7.92681754297781,4.68525853985863,-1.4566593015369));
#5642=CARTESIAN_POINT('Ctrl Pts',(7.92554118854073,4.68492906189527,-1.47875992518626));
#5643=CARTESIAN_POINT('Ctrl Pts',(7.92412670056202,4.68504913323839,-1.50086036678155));
#5644=CARTESIAN_POINT('Ctrl Pts',(7.77181793297731,4.75107484610975,-1.42970817480714));
#5645=CARTESIAN_POINT('Ctrl Pts',(7.77066325488154,4.75029510398216,-1.4502505189128));
#5646=CARTESIAN_POINT('Ctrl Pts',(7.76935823606724,4.74993436702448,-1.47082657712407));
#5647=CARTESIAN_POINT('Ctrl Pts',(7.76790541202484,4.75,-1.49136956682248));
#5648=CARTESIAN_POINT('Ctrl Pts',(7.69346468729113,4.7512265547147,-1.42595904123699));
#5649=CARTESIAN_POINT('Ctrl Pts',(7.69230225334134,4.75040868923049,-1.44617072892493));
#5650=CARTESIAN_POINT('Ctrl Pts',(7.69098380087027,4.75,-1.46639273429669));
#5651=CARTESIAN_POINT('Ctrl Pts',(7.68951013464966,4.75,-1.48660687473185));
#5652=CARTESIAN_POINT('',(7.98895803647333,4.45,-1.5047990184594));
#5653=CARTESIAN_POINT('Origin',(7.68951013464966,4.45,-1.48660687473185));
#5654=CARTESIAN_POINT('Ctrl Pts',(7.99312072346435,4.45147186565763,-1.42819122878168));
#5655=CARTESIAN_POINT('Ctrl Pts',(7.99189710878036,4.45049042707658,-1.45372178165066));
#5656=CARTESIAN_POINT('Ctrl Pts',(7.99050926407397,4.45,-1.47926536738341));
#5657=CARTESIAN_POINT('Ctrl Pts',(7.98895803647333,4.45,-1.5047990184594));
#5658=CARTESIAN_POINT('Origin',(2.,4.45,-1.14095614390842));
#5659=CARTESIAN_POINT('',(7.87761620384894,4.45,-2.34662100623641));
#5660=CARTESIAN_POINT('Origin',(7.58373539365649,4.45,-2.28633776312001));
#5661=CARTESIAN_POINT('Origin',(2.,4.45,-1.14095614390842));
#5662=CARTESIAN_POINT('Origin',(6.55533054627443,4.45,-7.29981139410758));
#5663=CARTESIAN_POINT('',(6.84921135646688,4.45,-7.36009463722398));
#5664=CARTESIAN_POINT('Origin',(5.75529185788624,-4.45,-11.2));
#5665=CARTESIAN_POINT('',(6.04917266807869,-4.45,-11.2602832431164));
#5666=CARTESIAN_POINT('Origin',(5.75529185788624,-4.45,-11.2));
#5667=CARTESIAN_POINT('',(5.75529185788624,-4.45,-11.5));
#5668=CARTESIAN_POINT('Origin',(5.75529185788624,-4.45,-11.2));
#5669=CARTESIAN_POINT('Origin',(5.75529185788624,-4.45,-11.2));
#5670=CARTESIAN_POINT('Origin',(4.,-4.45,-11.2));
#5671=CARTESIAN_POINT('',(2.5,-4.45,-11.5));
#5672=CARTESIAN_POINT('Origin',(2.5,-4.45,-11.2));
#5673=CARTESIAN_POINT('',(4.,-4.45,-11.5));
#5674=CARTESIAN_POINT('Origin',(5.75529185788624,-2.375,-11.2));
#5675=CARTESIAN_POINT('',(5.75529185788624,-2.375,-11.5));
#5676=CARTESIAN_POINT('',(6.04917266807869,-2.375,-11.2602832431164));
#5677=CARTESIAN_POINT('Origin',(6.87835893744162,-4.45,-5.72504798716751));
#5678=CARTESIAN_POINT('',(7.87761620384894,-4.45,-2.34662100623641));
#5679=CARTESIAN_POINT('Origin',(7.58373539365649,-4.45,-2.28633776312001));
#5680=CARTESIAN_POINT('',(7.17223974763407,-4.45,-5.78533123028391));
#5681=CARTESIAN_POINT('Origin',(2.,-4.45,-1.14095614390842));
#5682=CARTESIAN_POINT('',(7.98895803647333,-4.45,-1.5047990184594));
#5683=CARTESIAN_POINT('Origin',(7.68951013464966,-4.45,-1.48660687473185));
#5684=CARTESIAN_POINT('Origin',(2.,-4.45,-1.14095614390842));
#5685=CARTESIAN_POINT('Ctrl Pts',(7.69346468729113,-4.7512265547147,-1.42595904123699));
#5686=CARTESIAN_POINT('Ctrl Pts',(7.69230225334134,-4.75040868923049,-1.44617072892493));
#5687=CARTESIAN_POINT('Ctrl Pts',(7.69098380087027,-4.75,-1.46639273429669));
#5688=CARTESIAN_POINT('Ctrl Pts',(7.68951013464966,-4.75,-1.48660687473185));
#5689=CARTESIAN_POINT('Ctrl Pts',(7.7718179329773,-4.75107484610975,-1.42970817480714));
#5690=CARTESIAN_POINT('Ctrl Pts',(7.77066325488154,-4.75029510398216,-1.4502505189128));
#5691=CARTESIAN_POINT('Ctrl Pts',(7.76935823606724,-4.74993436702448,-1.47082657712407));
#5692=CARTESIAN_POINT('Ctrl Pts',(7.76790541202484,-4.75,-1.49136956682248));
#5693=CARTESIAN_POINT('Ctrl Pts',(7.92795856343443,-4.68604294197157,-1.43456008491159));
#5694=CARTESIAN_POINT('Ctrl Pts',(7.92681754297781,-4.68525853985863,-1.4566593015369));
#5695=CARTESIAN_POINT('Ctrl Pts',(7.92554118854073,-4.68492906189527,-1.47875992518626));
#5696=CARTESIAN_POINT('Ctrl Pts',(7.92412670056202,-4.68504913323839,-1.50086036678155));
#5697=CARTESIAN_POINT('Ctrl Pts',(7.99296906478854,-4.52985090683168,-1.43135556629048));
#5698=CARTESIAN_POINT('Ctrl Pts',(7.99178320456195,-4.5289361077417,-1.45583200237262));
#5699=CARTESIAN_POINT('Ctrl Pts',(7.99044391503016,-4.52849855526428,-1.48031906347728));
#5700=CARTESIAN_POINT('Ctrl Pts',(7.98895803647333,-4.52853981633974,-1.5047990184594));
#5701=CARTESIAN_POINT('Ctrl Pts',(7.99312072346435,-4.45147186565764,-1.42819122878168));
#5702=CARTESIAN_POINT('Ctrl Pts',(7.99189710878036,-4.45049042707659,-1.45372178165066));
#5703=CARTESIAN_POINT('Ctrl Pts',(7.99050926407397,-4.45,-1.47926536738341));
#5704=CARTESIAN_POINT('Ctrl Pts',(7.98895803647333,-4.45,-1.5047990184594));
#5705=CARTESIAN_POINT('',(7.99312072346435,-4.45147186565764,-1.42819122878168));
#5706=CARTESIAN_POINT('Ctrl Pts',(7.98895803647333,-4.45,-1.5047990184594));
#5707=CARTESIAN_POINT('Ctrl Pts',(7.99050926407397,-4.45,-1.47926536738341));
#5708=CARTESIAN_POINT('Ctrl Pts',(7.99189710878036,-4.45049042707659,-1.45372178165066));
#5709=CARTESIAN_POINT('Ctrl Pts',(7.99312072346435,-4.45147186565764,-1.42819122878168));
#5710=CARTESIAN_POINT('',(7.69346468729113,-4.7512265547147,-1.42595904123699));
#5711=CARTESIAN_POINT('Origin',(7.69346468729113,-4.45147186565764,-1.41382947453802));
#5712=CARTESIAN_POINT('Ctrl Pts',(7.69346468729113,-4.7512265547147,-1.42595904123699));
#5713=CARTESIAN_POINT('Ctrl Pts',(7.69230225334134,-4.75040868923049,-1.44617072892493));
#5714=CARTESIAN_POINT('Ctrl Pts',(7.69098380087027,-4.75,-1.46639273429669));
#5715=CARTESIAN_POINT('Ctrl Pts',(7.68951013464966,-4.75,-1.48660687473185));
#5716=CARTESIAN_POINT('Ctrl Pts',(9.58956339798709,-6.05,-5.55111512312578E-16));
#5717=CARTESIAN_POINT('Ctrl Pts',(9.55289451388049,-6.06240516177186,0.00166892296581098));
#5718=CARTESIAN_POINT('Ctrl Pts',(9.47168682124254,-6.07613604832268,0.00327722851627064));
#5719=CARTESIAN_POINT('Ctrl Pts',(9.32024017360727,-6.02800389227974,-0.0025050635740119));
#5720=CARTESIAN_POINT('Ctrl Pts',(9.10347273942024,-5.88510203166037,-0.0269920499297465));
#5721=CARTESIAN_POINT('Ctrl Pts',(8.81876007083785,-5.66459947510382,-0.095769729149519));
#5722=CARTESIAN_POINT('Ctrl Pts',(8.3913305734124,-5.32034416409083,-0.280368496418906));
#5723=CARTESIAN_POINT('Ctrl Pts',(8.01153536397453,-5.00902884733289,-0.587727949584647));
#5724=CARTESIAN_POINT('Ctrl Pts',(7.75858282877752,-4.80263338643723,-1.03425978736632));
#5725=CARTESIAN_POINT('Ctrl Pts',(7.70104703703771,-4.75656134569187,-1.29412180003668));
#5726=CARTESIAN_POINT('Ctrl Pts',(7.69346468729113,-4.7512265547147,-1.42595904123699));
#5727=CARTESIAN_POINT('Ctrl Pts',(9.58682716657975,-6.04337971639002,-0.000890656934594936));
#5728=CARTESIAN_POINT('Ctrl Pts',(9.55118243874885,-6.0561856039657,0.00088843966510391));
#5729=CARTESIAN_POINT('Ctrl Pts',(9.47223338424811,-6.07035976881847,0.00260527063627264));
#5730=CARTESIAN_POINT('Ctrl Pts',(9.32500873123675,-6.02065899967747,-0.0035646117227304));
#5731=CARTESIAN_POINT('Ctrl Pts',(9.1143566757138,-5.87319910231655,-0.0296346316883403));
#5732=CARTESIAN_POINT('Ctrl Pts',(8.83816651230705,-5.64658786085785,-0.102824131783412));
#5733=CARTESIAN_POINT('Ctrl Pts',(8.4253306503841,-5.29613900185787,-0.297323797887079));
#5734=CARTESIAN_POINT('Ctrl Pts',(8.0637324168174,-4.98863142086367,-0.616640646584116));
#5735=CARTESIAN_POINT('Ctrl Pts',(7.83044680822405,-4.79677929515795,-1.05737948207036));
#5736=CARTESIAN_POINT('Ctrl Pts',(7.77867901798997,-4.75578667503609,-1.30477604161406));
#5737=CARTESIAN_POINT('Ctrl Pts',(7.77181793297731,-4.75107484610975,-1.42970817480714));
#5738=CARTESIAN_POINT('Ctrl Pts',(9.58135470487833,-6.03006964445089,-0.00215531945412939));
#5739=CARTESIAN_POINT('Ctrl Pts',(9.54775828710768,-6.04369612387783,-0.000265537144427364));
#5740=CARTESIAN_POINT('Ctrl Pts',(9.47333003361013,-6.05878416128684,0.00155956470616637));
#5741=CARTESIAN_POINT('Ctrl Pts',(9.33455694447144,-6.00590473613781,-0.00500346238809759));
#5742=CARTESIAN_POINT('Ctrl Pts',(9.13615429081551,-5.8490518930002,-0.032665803318191));
#5743=CARTESIAN_POINT('Ctrl Pts',(8.87704184586914,-5.60842871228079,-0.110367212539712));
#5744=CARTESIAN_POINT('Ctrl Pts',(8.49349263991899,-5.23808545565951,-0.3152131894546));
#5745=CARTESIAN_POINT('Ctrl Pts',(8.16842588673452,-4.91876561369836,-0.648361144303188));
#5746=CARTESIAN_POINT('Ctrl Pts',(7.97379875961783,-4.72889570249741,-1.08406923996259));
#5747=CARTESIAN_POINT('Ctrl Pts',(7.9334090839162,-4.6904662189819,-1.31745599609797));
#5748=CARTESIAN_POINT('Ctrl Pts',(7.92794974297183,-4.6860341186051,-1.43455930513185));
#5749=CARTESIAN_POINT('Ctrl Pts',(9.57591074716043,-6.01668988239089,-0.00238007481016366));
#5750=CARTESIAN_POINT('Ctrl Pts',(9.54434590127781,-6.03115617037695,-0.00060070244595637));
#5751=CARTESIAN_POINT('Ctrl Pts',(9.47442134028132,-6.04716904833197,0.00111641375850102));
#5752=CARTESIAN_POINT('Ctrl Pts',(9.3440361456557,-5.99103432281256,-0.00505439669033744));
#5753=CARTESIAN_POINT('Ctrl Pts',(9.15755521200944,-5.82442233789125,-0.0311283363921913));
#5754=CARTESIAN_POINT('Ctrl Pts',(8.91359122116253,-5.56780170685593,-0.104329107777755));
#5755=CARTESIAN_POINT('Ctrl Pts',(8.55076063408381,-5.16891671703467,-0.298857758425991));
#5756=CARTESIAN_POINT('Ctrl Pts',(8.23787514241509,-4.81337918312176,-0.61822216242003));
#5757=CARTESIAN_POINT('Ctrl Pts',(8.04153289052895,-4.58519808986052,-1.05901182885579));
#5758=CARTESIAN_POINT('Ctrl Pts',(7.99866461994099,-4.53558280720365,-1.30642171351571));
#5759=CARTESIAN_POINT('Ctrl Pts',(7.99296906478854,-4.52985090683168,-1.43135556629048));
#5760=CARTESIAN_POINT('Ctrl Pts',(9.57320298237764,-6.01,-0.00223218754469214));
#5761=CARTESIAN_POINT('Ctrl Pts',(9.54264557895548,-6.02488619412623,-0.000563264578880611));
#5762=CARTESIAN_POINT('Ctrl Pts',(9.47497250175719,-6.04136325798721,0.00104504097157912));
#5763=CARTESIAN_POINT('Ctrl Pts',(9.34876696206113,-5.98360467073569,-0.00473725111870353));
#5764=CARTESIAN_POINT('Ctrl Pts',(9.16812743357194,-5.81212243799245,-0.0292242374744371));
#5765=CARTESIAN_POINT('Ctrl Pts',(8.93086687641994,-5.54751937012458,-0.0980019166942111));
#5766=CARTESIAN_POINT('Ctrl Pts',(8.5746756285654,-5.13441299690899,-0.2826006839636));
#5767=CARTESIAN_POINT('Ctrl Pts',(8.25817962070052,-4.76083461679947,-0.589960137129331));
#5768=CARTESIAN_POINT('Ctrl Pts',(8.04738584136967,-4.51316006372468,-1.03649197491101));
#5769=CARTESIAN_POINT('Ctrl Pts',(7.99943934825316,-4.45787361483025,-1.29635398758136));
#5770=CARTESIAN_POINT('Ctrl Pts',(7.99312072346435,-4.45147186565764,-1.42819122878168));
#5771=CARTESIAN_POINT('',(9.58956339799122,-6.05,0.));
#5772=CARTESIAN_POINT('',(9.3932384106738,-6.05,0.));
#5773=CARTESIAN_POINT('Ctrl Pts',(9.58956339798707,-6.05,0.));
#5774=CARTESIAN_POINT('Ctrl Pts',(9.58729087085233,-6.05,4.73064740451553E-20));
#5775=CARTESIAN_POINT('Ctrl Pts',(9.58501779444543,-6.05000369306931,3.69306930784471E-6));
#5776=CARTESIAN_POINT('Ctrl Pts',(9.55677740329617,-6.05008790475529,8.79047552898434E-5));
#5777=CARTESIAN_POINT('Ctrl Pts',(9.53082421815695,-6.05056996507076,0.000569965070765116));
#5778=CARTESIAN_POINT('Ctrl Pts',(9.49790239615469,-6.05065010059743,0.000650100597431511));
#5779=CARTESIAN_POINT('Ctrl Pts',(9.49611695956046,-6.05065306486036,0.000653064860362786));
#5780=CARTESIAN_POINT('Ctrl Pts',(9.49377929638921,-6.05065509130713,0.000655091307128873));
#5781=CARTESIAN_POINT('Ctrl Pts',(9.49322978736694,-6.05065543383706,0.000655433837062964));
#5782=CARTESIAN_POINT('Ctrl Pts',(9.49234960350474,-6.05065576752627,0.000655767526269149));
#5783=CARTESIAN_POINT('Ctrl Pts',(9.49201902202749,-6.0506558442922,0.000655844292204032));
#5784=CARTESIAN_POINT('Ctrl Pts',(9.49139282988185,-6.05065589765818,0.000655897658181466));
#5785=CARTESIAN_POINT('Ctrl Pts',(9.49109724781398,-6.05065588400116,0.000655884001161724));
#5786=CARTESIAN_POINT('Ctrl Pts',(9.49042809139558,-6.05065576514844,0.000655765148434169));
#5787=CARTESIAN_POINT('Ctrl Pts',(9.49005455305528,-6.05065563676552,0.000655636765519796));
#5788=CARTESIAN_POINT('Ctrl Pts',(9.48893176264903,-6.05065506459673,0.000655064596727862));
#5789=CARTESIAN_POINT('Ctrl Pts',(9.4881827289362,-6.05065443361305,0.000654433613053137));
#5790=CARTESIAN_POINT('Ctrl Pts',(9.48433190471345,-6.05064991484639,0.000649914846396341));
#5791=CARTESIAN_POINT('Ctrl Pts',(9.48124409992977,-6.05064204236363,0.000642042363630356));
#5792=CARTESIAN_POINT('Ctrl Pts',(9.47173185302349,-6.05060555076468,0.000605550764679026));
#5793=CARTESIAN_POINT('Ctrl Pts',(9.46545081231816,-6.05056454873727,0.000564548737271429));
#5794=CARTESIAN_POINT('Ctrl Pts',(9.43567657772046,-6.05031809555421,0.000318095554211644));
#5795=CARTESIAN_POINT('Ctrl Pts',(9.41475767912538,-6.05,2.33095311665022E-17));
#5796=CARTESIAN_POINT('Ctrl Pts',(9.39323841067381,-6.05,0.));
#5797=CARTESIAN_POINT('Ctrl Pts',(9.39331995796477,-6.04976116287971,-9.0871211573672E-6));
#5798=CARTESIAN_POINT('Ctrl Pts',(9.38215303354414,-6.04596801802617,-0.00051636239448179));
#5799=CARTESIAN_POINT('Ctrl Pts',(9.29865227320117,-6.01377227512532,-0.00494372611885226));
#5800=CARTESIAN_POINT('Ctrl Pts',(9.10347273942024,-5.88510203166037,-0.0269920499297465));
#5801=CARTESIAN_POINT('Ctrl Pts',(8.81876007083785,-5.66459947510382,-0.095769729149519));
#5802=CARTESIAN_POINT('Ctrl Pts',(8.3913305734124,-5.32034416409083,-0.280368496418906));
#5803=CARTESIAN_POINT('Ctrl Pts',(8.01153536397453,-5.00902884733289,-0.587727949584647));
#5804=CARTESIAN_POINT('Ctrl Pts',(7.75858282877752,-4.80263338643723,-1.03425978736632));
#5805=CARTESIAN_POINT('Ctrl Pts',(7.70104703703771,-4.75656134569187,-1.29412180003668));
#5806=CARTESIAN_POINT('Ctrl Pts',(7.69346468729113,-4.7512265547147,-1.42595904123699));
#5807=CARTESIAN_POINT('',(9.49140090433044,-6.03082911881162,0.));
#5808=CARTESIAN_POINT('Ctrl Pts',(7.99310898018434,-4.45356574314115,-1.42827539466096));
#5809=CARTESIAN_POINT('Ctrl Pts',(7.99941107921499,-4.45994960175265,-1.29662187170332));
#5810=CARTESIAN_POINT('Ctrl Pts',(8.04722281642343,-4.5150845616821,-1.03709123258355));
#5811=CARTESIAN_POINT('Ctrl Pts',(8.25763374278525,-4.76223841790341,-0.590712040547956));
#5812=CARTESIAN_POINT('Ctrl Pts',(8.57403559815205,-5.13533480986985,-0.283033082812493));
#5813=CARTESIAN_POINT('Ctrl Pts',(8.93040510542804,-5.5480612367014,-0.0981701657979449));
#5814=CARTESIAN_POINT('Ctrl Pts',(9.16784495732565,-5.81245104356789,-0.0292748369505546));
#5815=CARTESIAN_POINT('Ctrl Pts',(9.3486405722412,-5.9838031614131,-0.00474564241361622));
#5816=CARTESIAN_POINT('Ctrl Pts',(9.44827880454296,-6.02932855764407,-0.000176454862692634));
#5817=CARTESIAN_POINT('Ctrl Pts',(9.48628456283758,-6.03087650477568,-7.32019971251461E-6));
#5818=CARTESIAN_POINT('Ctrl Pts',(9.49140089714806,-6.03082912490437,-1.07609696737433E-5));
#5819=CARTESIAN_POINT('Ctrl Pts',(9.49090599218788,-6.03066976603872,-1.05583301041727E-5));
#5820=CARTESIAN_POINT('Ctrl Pts',(9.49103206523502,-6.03072565030625,-1.05999053735886E-5));
#5821=CARTESIAN_POINT('Ctrl Pts',(9.49115820406066,-6.03078140559079,-1.06415260775255E-5));
#5822=CARTESIAN_POINT('Ctrl Pts',(9.49128440829966,-6.03083703196725,-1.06831758503969E-5));
#5823=CARTESIAN_POINT('Ctrl Pts',(9.49747920334017,-6.03356747908822,-1.27275747428045E-5));
#5824=CARTESIAN_POINT('Ctrl Pts',(9.50378367066503,-6.03595942382499,-1.48528493589119E-5));
#5825=CARTESIAN_POINT('Ctrl Pts',(9.51020575237195,-6.03806419140573,-1.57693404427167E-5));
#5826=CARTESIAN_POINT('Ctrl Pts',(9.51697608986552,-6.04028309604093,-1.67355308822621E-5));
#5827=CARTESIAN_POINT('Ctrl Pts',(9.52387742859012,-6.04218245235665,-1.60639258358919E-5));
#5828=CARTESIAN_POINT('Ctrl Pts',(9.53090626652972,-6.04376699061336,-1.44046265384466E-5));
#5829=CARTESIAN_POINT('Ctrl Pts',(9.53191381983956,-6.0439941272722,-1.4166773209985E-5));
#5830=CARTESIAN_POINT('Ctrl Pts',(9.53292396753993,-6.04421471224204,-1.39167226310698E-5));
#5831=CARTESIAN_POINT('Ctrl Pts',(9.53393667241538,-6.04442867913695,-1.3665684707566E-5));
#5832=CARTESIAN_POINT('Ctrl Pts',(9.53395005041128,-6.04443150567438,-1.36623684558203E-5));
#5833=CARTESIAN_POINT('Ctrl Pts',(9.53396342885332,-6.04443433105664,-1.36590520750992E-5));
#5834=CARTESIAN_POINT('Ctrl Pts',(9.5339768077414,-6.04443715528354,-1.36557355955758E-5));
#5835=CARTESIAN_POINT('Ctrl Pts',(9.54234713010706,-6.04620409506679,-1.15808245449301E-5));
#5836=CARTESIAN_POINT('Ctrl Pts',(9.55082862693854,-6.04750560815117,-9.7768013567109E-6));
#5837=CARTESIAN_POINT('Ctrl Pts',(9.55934001170334,-6.04841113088892,-7.38231794182131E-6));
#5838=CARTESIAN_POINT('Ctrl Pts',(9.56869438506202,-6.04940633883778,-4.75067896849436E-6));
#5839=CARTESIAN_POINT('Ctrl Pts',(9.57808535050564,-6.04992265735103,-7.82319128386679E-7));
#5840=CARTESIAN_POINT('Ctrl Pts',(9.58741265975265,-6.04999200215255,-8.30737859056546E-8));
#5841=CARTESIAN_POINT('Ctrl Pts',(9.58812996328449,-6.04999733501648,-2.92993113489332E-8));
#5842=CARTESIAN_POINT('Ctrl Pts',(9.58884689120698,-6.05,-5.540105908397E-16));
#5843=CARTESIAN_POINT('Ctrl Pts',(9.58956339798709,-6.05,-5.55111512312578E-16));
#5844=CARTESIAN_POINT('Origin',(-4.,4.45,-11.2));
#5845=CARTESIAN_POINT('',(2.5,4.45,-11.5));
#5846=CARTESIAN_POINT('Origin',(2.5,4.45,-11.2));
#5847=CARTESIAN_POINT('',(-4.,4.45,-11.5));
#5848=CARTESIAN_POINT('Origin',(0.,0.,-11.5));
#5849=CARTESIAN_POINT('',(2.5,-2.375,-11.5));
#5850=CARTESIAN_POINT('Origin',(2.5,-4.75,-11.5));
#5851=CARTESIAN_POINT('',(2.5,0.,-11.125));
#5852=CARTESIAN_POINT('Origin',(-8.5,-6.25,-1.48660687473185));
#5853=CARTESIAN_POINT('',(-8.5,-6.05,0.));
#5854=CARTESIAN_POINT('Origin',(-8.5,-6.15,0.1));
#5855=CARTESIAN_POINT('',(13.4607864376269,-6.05,0.));
#5856=CARTESIAN_POINT('',(-8.5,-6.05,0.));
#5857=CARTESIAN_POINT('',(13.4607864376269,-6.25,0.2));
#5858=CARTESIAN_POINT('',(13.4607864376269,-6.25,0.2));
#5859=CARTESIAN_POINT('',(-16.,-6.25,0.2));
#5860=CARTESIAN_POINT('',(-8.5,-6.25,0.2));
#5861=CARTESIAN_POINT('',(-16.,-6.05,0.));
#5862=CARTESIAN_POINT('',(-16.,-6.25,0.2));
#5863=CARTESIAN_POINT('',(-8.5,-6.05,0.));
#5864=CARTESIAN_POINT('Origin',(0.,0.,0.));
#5865=CARTESIAN_POINT('',(-16.8,-5.25,0.));
#5866=CARTESIAN_POINT('Origin',(-16.,-5.25,0.));
#5867=CARTESIAN_POINT('',(-16.8,5.25,0.));
#5868=CARTESIAN_POINT('',(-16.8,3.125,0.));
#5869=CARTESIAN_POINT('Origin',(-16.,5.25,0.));
#5870=CARTESIAN_POINT('',(-9.49140090433044,-4.75,0.));
#5871=CARTESIAN_POINT('',(-12.4999999999978,-3.05995642670389,0.));
#5872=CARTESIAN_POINT('',(-15.1499999999979,-1.52997821335403,0.));
#5873=CARTESIAN_POINT('',(-9.74999999999365,-4.64766966697492,0.));
#5874=CARTESIAN_POINT('',(-9.84999999999997,-1.52997821335002,0.));
#5875=CARTESIAN_POINT('',(-7.10000000000233,0.0577350269228066,0.));
#5876=CARTESIAN_POINT('',(-9.85000000000204,1.52997821335387,0.));
#5877=CARTESIAN_POINT('',(-9.85000000000052,-0.707254079759394,0.));
#5878=CARTESIAN_POINT('',(-12.5000000000022,3.0599564267039,0.));
#5879=CARTESIAN_POINT('',(-5.87499999999816,-0.764989106673245,0.));
#5880=CARTESIAN_POINT('',(-15.1500000000001,1.52997821335003,0.));
#5881=CARTESIAN_POINT('',(-8.52500000000562,5.35492374673455,0.));
#5882=CARTESIAN_POINT('',(-15.1499999999995,0.707254079750543,0.));
#5883=CARTESIAN_POINT('Origin',(0.,0.,0.));
#5884=CARTESIAN_POINT('',(16.8,5.25,0.));
#5885=CARTESIAN_POINT('Origin',(16.,5.25,0.));
#5886=CARTESIAN_POINT('',(16.8,-2.7107864376269,0.));
#5887=CARTESIAN_POINT('',(16.8,-1.5625,0.));
#5888=CARTESIAN_POINT('',(16.5656854249492,-3.27647186257614,0.));
#5889=CARTESIAN_POINT('Origin',(16.,-2.7107864376269,0.));
#5890=CARTESIAN_POINT('',(14.0264718625761,-5.81568542494923,0.));
#5891=CARTESIAN_POINT('',(11.8273286437627,-8.01482864376269,0.));
#5892=CARTESIAN_POINT('Origin',(13.4607864376269,-5.25,0.));
#5893=CARTESIAN_POINT('',(9.49140090433044,2.77555756156289E-16,0.));
#5894=CARTESIAN_POINT('',(15.15,-1.52997821335238,0.));
#5895=CARTESIAN_POINT('',(12.5000000000001,-3.05995642670496,0.));
#5896=CARTESIAN_POINT('',(8.52500000000029,-5.35492374673382,0.));
#5897=CARTESIAN_POINT('',(15.1499999999999,1.52997821335258,0.));
#5898=CARTESIAN_POINT('',(15.15,-0.707254079756948,0.));
#5899=CARTESIAN_POINT('',(12.4999999999999,3.05995642670495,0.));
#5900=CARTESIAN_POINT('',(9.74999999999967,4.6476696669764,0.));
#5901=CARTESIAN_POINT('',(9.85,1.52997821335238,0.));
#5902=CARTESIAN_POINT('',(7.10000000000011,-0.0577350269191557,0.));
#5903=CARTESIAN_POINT('',(9.85000000000011,-1.52997821335258,0.));
#5904=CARTESIAN_POINT('',(9.85000000000003,0.707254079757409,0.));
#5905=CARTESIAN_POINT('',(5.87499999999991,0.7649891066761,0.));
#5906=CARTESIAN_POINT('Origin',(9.49140090433044,2.77555756156289E-16,-1.5));
#5907=CARTESIAN_POINT('',(7.99312072346435,2.77555756156289E-16,-1.42819122878168));
#5908=CARTESIAN_POINT('Origin',(-9.49140090433044,-4.75,-1.5));
#5909=CARTESIAN_POINT('',(-7.99312072346435,-4.75,-1.42819122878169));
#5910=CARTESIAN_POINT('Origin',(-2.,-4.75,-1.14095614390842));
#5911=CARTESIAN_POINT('',(-7.87761620384894,-4.75,-2.34662100623641));
#5912=CARTESIAN_POINT('Origin',(-8.,-4.75,-1.75));
#5913=CARTESIAN_POINT('Origin',(2.,2.77555756156289E-16,-1.14095614390842));
#5914=CARTESIAN_POINT('',(7.87761620384894,2.77555756156289E-16,-2.34662100623641));
#5915=CARTESIAN_POINT('Origin',(6.,-4.75,-11.5));
#5916=CARTESIAN_POINT('Origin',(16.,5.25,0.1));
#5917=CARTESIAN_POINT('',(17.,5.25,0.2));
#5918=CARTESIAN_POINT('Origin',(16.,5.25,0.2));
#5919=CARTESIAN_POINT('',(17.,5.25,0.2));
#5920=CARTESIAN_POINT('Origin',(16.9,-1.5625,0.1));
#5921=CARTESIAN_POINT('',(17.,-2.7107864376269,0.2));
#5922=CARTESIAN_POINT('',(17.,-1.5625,0.2));
#5923=CARTESIAN_POINT('',(17.,-2.7107864376269,0.2));
#5924=CARTESIAN_POINT('Origin',(16.,-2.7107864376269,0.1));
#5925=CARTESIAN_POINT('',(16.7071067811865,-3.41789321881345,0.2));
#5926=CARTESIAN_POINT('Origin',(16.,-2.7107864376269,0.2));
#5927=CARTESIAN_POINT('',(16.7071067811865,-3.41789321881345,0.2));
#5928=CARTESIAN_POINT('Origin',(11.8980393218813,-8.08553932188135,0.1));
#5929=CARTESIAN_POINT('',(14.1678932188135,-5.95710678118655,0.2));
#5930=CARTESIAN_POINT('',(11.96875,-8.15625,0.2));
#5931=CARTESIAN_POINT('',(14.1678932188135,-5.95710678118655,0.2));
#5932=CARTESIAN_POINT('Origin',(13.4607864376269,-5.25,0.1));
#5933=CARTESIAN_POINT('Origin',(13.4607864376269,-5.25,0.2));
#5934=CARTESIAN_POINT('Origin',(-16.,-5.25,0.1));
#5935=CARTESIAN_POINT('',(-17.,-5.25,0.2));
#5936=CARTESIAN_POINT('Origin',(-16.,-5.25,0.2));
#5937=CARTESIAN_POINT('',(-17.,-5.25,0.2));
#5938=CARTESIAN_POINT('Origin',(-16.9,3.125,0.1));
#5939=CARTESIAN_POINT('',(-17.,5.25,0.2));
#5940=CARTESIAN_POINT('',(-17.,5.25,0.2));
#5941=CARTESIAN_POINT('',(-17.,3.125,0.2));
#5942=CARTESIAN_POINT('Origin',(-16.,5.25,0.1));
#5943=CARTESIAN_POINT('Origin',(-16.,5.25,0.2));
#5944=CARTESIAN_POINT('Origin',(13.875,-6.25,0.));
#5945=CARTESIAN_POINT('',(16.7071067811865,-3.41789321881345,2.8));
#5946=CARTESIAN_POINT('',(16.7071067811865,-3.41789321881345,0.));
#5947=CARTESIAN_POINT('',(14.1678932188135,-5.95710678118655,2.8));
#5948=CARTESIAN_POINT('',(11.96875,-8.15625,2.8));
#5949=CARTESIAN_POINT('',(14.1678932188135,-5.95710678118655,0.));
#5950=CARTESIAN_POINT('Origin',(16.,-2.7107864376269,0.));
#5951=CARTESIAN_POINT('',(17.,-2.7107864376269,2.8));
#5952=CARTESIAN_POINT('',(17.,-2.7107864376269,0.));
#5953=CARTESIAN_POINT('Origin',(16.,-2.7107864376269,2.8));
#5954=CARTESIAN_POINT('Origin',(17.,-3.125,0.));
#5955=CARTESIAN_POINT('',(17.,5.25,2.8));
#5956=CARTESIAN_POINT('',(17.,5.25,0.));
#5957=CARTESIAN_POINT('',(17.,-1.5625,2.8));
#5958=CARTESIAN_POINT('Origin',(16.,5.25,0.));
#5959=CARTESIAN_POINT('',(16.,6.25,2.8));
#5960=CARTESIAN_POINT('',(16.,6.25,0.));
#5961=CARTESIAN_POINT('Origin',(16.,5.25,2.8));
#5962=CARTESIAN_POINT('Origin',(17.,6.25,0.));
#5963=CARTESIAN_POINT('',(-16.,6.25,2.8));
#5964=CARTESIAN_POINT('',(-16.,6.25,0.));
#5965=CARTESIAN_POINT('',(8.5,6.25,2.8));
#5966=CARTESIAN_POINT('Origin',(-16.,5.25,2.8));
#5967=CARTESIAN_POINT('',(-17.,5.25,2.8));
#5968=CARTESIAN_POINT('',(-16.8,5.25,3.));
#5969=CARTESIAN_POINT('Origin',(-16.8,5.25,2.8));
#5970=CARTESIAN_POINT('',(-16.,6.05,3.));
#5971=CARTESIAN_POINT('Origin',(-16.,5.25,3.));
#5972=CARTESIAN_POINT('Origin',(-16.,6.05,2.8));
#5973=CARTESIAN_POINT('Origin',(-16.,5.25,2.8));
#5974=CARTESIAN_POINT('Origin',(-16.,5.25,0.));
#5975=CARTESIAN_POINT('',(-17.,5.25,0.));
#5976=CARTESIAN_POINT('Origin',(8.5,6.05,2.8));
#5977=CARTESIAN_POINT('',(16.,6.05,3.));
#5978=CARTESIAN_POINT('',(8.5,6.05,3.));
#5979=CARTESIAN_POINT('Origin',(16.,6.05,2.8));
#5980=CARTESIAN_POINT('Origin',(0.,0.,3.));
#5981=CARTESIAN_POINT('',(-16.8,-5.25,3.));
#5982=CARTESIAN_POINT('',(-16.8,3.125,3.));
#5983=CARTESIAN_POINT('',(-16.,-6.05,3.));
#5984=CARTESIAN_POINT('Origin',(-16.,-5.25,3.));
#5985=CARTESIAN_POINT('',(13.4607864376269,-6.05,3.));
#5986=CARTESIAN_POINT('',(-8.5,-6.05,3.));
#5987=CARTESIAN_POINT('',(14.0264718625761,-5.81568542494924,3.));
#5988=CARTESIAN_POINT('Origin',(13.4607864376269,-5.25,3.));
#5989=CARTESIAN_POINT('',(16.5656854249492,-3.27647186257614,3.));
#5990=CARTESIAN_POINT('',(11.8273286437627,-8.01482864376269,3.));
#5991=CARTESIAN_POINT('',(16.8,-2.7107864376269,3.));
#5992=CARTESIAN_POINT('Origin',(16.,-2.7107864376269,3.));
#5993=CARTESIAN_POINT('',(16.8,5.25,3.));
#5994=CARTESIAN_POINT('',(16.8,-1.5625,3.));
#5995=CARTESIAN_POINT('Origin',(16.,5.25,3.));
#5996=CARTESIAN_POINT('',(-13.875,-1.68388934882761E-16,3.));
#5997=CARTESIAN_POINT('Origin',(-12.5,0.,3.));
#5998=CARTESIAN_POINT('',(11.125,-3.07166812960906E-16,3.));
#5999=CARTESIAN_POINT('Origin',(12.5,-1.38777878078145E-16,3.));
#6000=CARTESIAN_POINT('Origin',(-16.8,3.125,2.8));
#6001=CARTESIAN_POINT('',(-17.,-5.25,2.8));
#6002=CARTESIAN_POINT('',(-17.,3.125,2.8));
#6003=CARTESIAN_POINT('Origin',(-16.8,-5.25,2.8));
#6004=CARTESIAN_POINT('Origin',(-16.,-5.25,2.8));
#6005=CARTESIAN_POINT('',(-16.,-6.25,2.8));
#6006=CARTESIAN_POINT('Origin',(-16.,-6.05,2.8));
#6007=CARTESIAN_POINT('Origin',(-16.,-5.25,2.8));
#6008=CARTESIAN_POINT('Origin',(-16.,-5.25,0.));
#6009=CARTESIAN_POINT('',(-16.,-6.25,0.));
#6010=CARTESIAN_POINT('',(-17.,-5.25,0.));
#6011=CARTESIAN_POINT('Origin',(-17.,6.25,0.));
#6012=CARTESIAN_POINT('Origin',(16.,5.25,2.8));
#6013=CARTESIAN_POINT('Origin',(16.8,5.25,2.8));
#6014=CARTESIAN_POINT('Origin',(16.8,-1.5625,2.8));
#6015=CARTESIAN_POINT('Origin',(16.8,-2.7107864376269,2.8));
#6016=CARTESIAN_POINT('Origin',(16.,-2.7107864376269,2.8));
#6017=CARTESIAN_POINT('Origin',(16.5656854249492,-3.27647186257614,2.8));
#6018=CARTESIAN_POINT('Origin',(11.8273286437627,-8.01482864376269,2.8));
#6019=CARTESIAN_POINT('Origin',(14.0264718625761,-5.81568542494924,2.8));
#6020=CARTESIAN_POINT('Origin',(13.4607864376269,-5.25,2.8));
#6021=CARTESIAN_POINT('',(13.4607864376269,-6.25,2.8));
#6022=CARTESIAN_POINT('Origin',(13.4607864376269,-6.05,2.8));
#6023=CARTESIAN_POINT('Origin',(13.4607864376269,-5.25,2.8));
#6024=CARTESIAN_POINT('Origin',(13.4607864376269,-5.25,0.));
#6025=CARTESIAN_POINT('',(13.4607864376269,-6.25,0.));
#6026=CARTESIAN_POINT('Origin',(-8.5,-6.05,2.8));
#6027=CARTESIAN_POINT('',(-8.5,-6.25,2.8));
#6028=CARTESIAN_POINT('Origin',(-17.,-6.25,0.));
#6029=CARTESIAN_POINT('Origin',(8.47500000000029,-5.26832120635538,0.1));
#6030=CARTESIAN_POINT('',(12.5000000000001,-2.82901631902911,0.2));
#6031=CARTESIAN_POINT('',(12.5000000000001,-3.05995642670496,0.));
#6032=CARTESIAN_POINT('',(14.95,-1.41450815951446,0.2));
#6033=CARTESIAN_POINT('',(8.42500000000028,-5.18171866597694,0.2));
#6034=CARTESIAN_POINT('',(15.15,-1.52997821335238,0.));
#6035=CARTESIAN_POINT('Origin',(5.92499999999991,0.851591647054546,0.1));
#6036=CARTESIAN_POINT('',(10.0500000000001,-1.41450815951465,0.2));
#6037=CARTESIAN_POINT('',(9.85000000000011,-1.52997821335258,0.));
#6038=CARTESIAN_POINT('',(5.9749999999999,0.938194187432992,0.2));
#6039=CARTESIAN_POINT('Origin',(15.05,-0.707254079756952,0.1));
#6040=CARTESIAN_POINT('',(14.9499999999999,1.41450815951465,0.2));
#6041=CARTESIAN_POINT('',(14.95,-0.707254079756956,0.2));
#6042=CARTESIAN_POINT('',(14.9499999999999,1.41450815951465,0.2));
#6043=CARTESIAN_POINT('Origin',(9.95000000000003,0.707254079757413,0.1));
#6044=CARTESIAN_POINT('',(10.05,1.41450815951446,0.2));
#6045=CARTESIAN_POINT('',(9.85,1.52997821335238,0.));
#6046=CARTESIAN_POINT('',(10.05,0.707254079757417,0.2));
#6047=CARTESIAN_POINT('Origin',(7.15000000000011,-0.144337567297598,0.1));
#6048=CARTESIAN_POINT('',(12.4999999999999,2.8290163190291,0.2));
#6049=CARTESIAN_POINT('',(12.4999999999999,3.05995642670495,0.));
#6050=CARTESIAN_POINT('',(7.20000000000012,-0.23094010767604,0.2));
#6051=CARTESIAN_POINT('Origin',(9.69999999999968,4.56106712659795,0.1));
#6052=CARTESIAN_POINT('',(9.64999999999968,4.47446458621951,0.2));
#6053=CARTESIAN_POINT('Origin',(14.9499999999999,1.41450815951465,0.));
#6054=CARTESIAN_POINT('',(14.9499999999999,1.41450815951465,2.25));
#6055=CARTESIAN_POINT('',(14.9499999999999,1.41450815951465,0.));
#6056=CARTESIAN_POINT('',(12.4999999999999,2.8290163190291,2.25));
#6057=CARTESIAN_POINT('',(14.9499999999999,1.41450815951465,2.25));
#6058=CARTESIAN_POINT('',(12.4999999999999,2.8290163190291,0.));
#6059=CARTESIAN_POINT('Origin',(14.95,-1.41450815951446,0.));
#6060=CARTESIAN_POINT('',(14.95,-1.41450815951446,2.25));
#6061=CARTESIAN_POINT('',(14.95,-1.41450815951446,0.));
#6062=CARTESIAN_POINT('',(14.95,-1.41450815951446,2.25));
#6063=CARTESIAN_POINT('Origin',(12.5000000000001,-2.82901631902911,0.));
#6064=CARTESIAN_POINT('',(12.5000000000001,-2.82901631902911,2.25));
#6065=CARTESIAN_POINT('',(12.5000000000001,-2.82901631902911,0.));
#6066=CARTESIAN_POINT('',(12.5000000000001,-2.82901631902911,2.25));
#6067=CARTESIAN_POINT('Origin',(-9.69999999999372,-4.56106712659644,0.1));
#6068=CARTESIAN_POINT('',(-14.949999999998,-1.41450815951595,0.2));
#6069=CARTESIAN_POINT('',(-15.1499999999979,-1.52997821335403,0.));
#6070=CARTESIAN_POINT('',(-12.4999999999979,-2.82901631902804,0.2));
#6071=CARTESIAN_POINT('',(-9.64999999999378,-4.47446458621795,0.2));
#6072=CARTESIAN_POINT('',(-12.4999999999978,-3.05995642670389,0.));
#6073=CARTESIAN_POINT('Origin',(-15.0499999999995,0.707254079750615,0.1));
#6074=CARTESIAN_POINT('',(-14.9500000000001,1.41450815951224,0.2));
#6075=CARTESIAN_POINT('',(-15.1500000000001,1.52997821335003,0.));
#6076=CARTESIAN_POINT('',(-14.9499999999995,0.707254079750688,0.2));
#6077=CARTESIAN_POINT('Origin',(-7.15000000000239,0.144337567301213,0.1));
#6078=CARTESIAN_POINT('',(-10.05,-1.41450815951224,0.2));
#6079=CARTESIAN_POINT('',(-7.20000000000246,0.23094010767962,0.2));
#6080=CARTESIAN_POINT('',(-10.05,-1.41450815951224,0.2));
#6081=CARTESIAN_POINT('Origin',(-8.47500000000555,5.26832120635615,0.1));
#6082=CARTESIAN_POINT('',(-12.5000000000021,2.82901631902805,0.2));
#6083=CARTESIAN_POINT('',(-12.5000000000022,3.0599564267039,0.));
#6084=CARTESIAN_POINT('',(-8.42500000000549,5.18171866597774,0.2));
#6085=CARTESIAN_POINT('Origin',(-5.92499999999809,-0.851591647051726,0.1));
#6086=CARTESIAN_POINT('',(-10.050000000002,1.4145081595158,0.2));
#6087=CARTESIAN_POINT('',(-9.85000000000204,1.52997821335387,0.));
#6088=CARTESIAN_POINT('',(-5.97499999999803,-0.938194187430206,0.2));
#6089=CARTESIAN_POINT('Origin',(-9.95000000000052,-0.707254079759462,0.1));
#6090=CARTESIAN_POINT('',(-10.0500000000005,-0.707254079759529,0.2));
#6091=CARTESIAN_POINT('Origin',(-10.05,-1.41450815951224,0.));
#6092=CARTESIAN_POINT('',(-10.05,-1.41450815951224,2.25));
#6093=CARTESIAN_POINT('',(-10.05,-1.41450815951224,0.));
#6094=CARTESIAN_POINT('',(-10.050000000002,1.4145081595158,2.25));
#6095=CARTESIAN_POINT('',(-10.05,-1.41450815951224,2.25));
#6096=CARTESIAN_POINT('',(-10.050000000002,1.4145081595158,0.));
#6097=CARTESIAN_POINT('Origin',(-12.4999999999979,-2.82901631902804,0.));
#6098=CARTESIAN_POINT('',(-12.4999999999979,-2.82901631902804,2.25));
#6099=CARTESIAN_POINT('',(-12.4999999999979,-2.82901631902804,0.));
#6100=CARTESIAN_POINT('',(-12.4999999999979,-2.82901631902804,2.25));
#6101=CARTESIAN_POINT('Origin',(-14.949999999998,-1.41450815951595,0.));
#6102=CARTESIAN_POINT('',(-14.949999999998,-1.41450815951595,2.25));
#6103=CARTESIAN_POINT('',(-14.949999999998,-1.41450815951595,0.));
#6104=CARTESIAN_POINT('',(-14.949999999998,-1.41450815951595,2.25));
#6105=CARTESIAN_POINT('Origin',(-14.9500000000001,1.41450815951224,0.));
#6106=CARTESIAN_POINT('',(-14.9500000000001,1.41450815951224,2.25));
#6107=CARTESIAN_POINT('',(-14.9500000000001,1.41450815951224,0.));
#6108=CARTESIAN_POINT('',(-14.9500000000001,1.41450815951224,2.25));
#6109=CARTESIAN_POINT('Origin',(-12.5000000000021,2.82901631902805,0.));
#6110=CARTESIAN_POINT('',(-12.5000000000021,2.82901631902805,2.25));
#6111=CARTESIAN_POINT('',(-12.5000000000021,2.82901631902805,0.));
#6112=CARTESIAN_POINT('',(-12.5000000000021,2.82901631902805,2.25));
#6113=CARTESIAN_POINT('Origin',(-10.050000000002,1.4145081595158,0.));
#6114=CARTESIAN_POINT('',(-10.050000000002,1.4145081595158,2.25));
#6115=CARTESIAN_POINT('Origin',(-12.5000000000001,5.55111512312578E-16,
2.25));
#6116=CARTESIAN_POINT('',(-13.875,-1.68388934882761E-16,2.25));
#6117=CARTESIAN_POINT('Origin',(-12.5,0.,2.25));
#6118=CARTESIAN_POINT('Origin',(10.0500000000001,-1.41450815951465,0.));
#6119=CARTESIAN_POINT('',(10.0500000000001,-1.41450815951465,2.25));
#6120=CARTESIAN_POINT('',(10.0500000000001,-1.41450815951465,0.));
#6121=CARTESIAN_POINT('',(10.0500000000001,-1.41450815951465,2.25));
#6122=CARTESIAN_POINT('Origin',(10.05,1.41450815951446,0.));
#6123=CARTESIAN_POINT('',(10.05,1.41450815951446,2.25));
#6124=CARTESIAN_POINT('',(10.05,1.41450815951446,0.));
#6125=CARTESIAN_POINT('',(10.05,1.41450815951446,2.25));
#6126=CARTESIAN_POINT('Origin',(12.4999999999999,2.8290163190291,0.));
#6127=CARTESIAN_POINT('',(12.4999999999999,2.8290163190291,2.25));
#6128=CARTESIAN_POINT('Origin',(12.5,-3.88578058618805E-15,2.25));
#6129=CARTESIAN_POINT('',(11.125,-3.07166812960906E-16,2.25));
#6130=CARTESIAN_POINT('Origin',(12.5,-1.38777878078145E-16,2.25));
#6131=CARTESIAN_POINT('Origin',(0.5,-4.75,-2.25));
#6132=CARTESIAN_POINT('',(0.5,-4.35,-2.25));
#6133=CARTESIAN_POINT('',(0.5,-4.75,-2.25));
#6134=CARTESIAN_POINT('',(0.5,-4.35,-9.25));
#6135=CARTESIAN_POINT('',(0.5,-4.35,-2.25));
#6136=CARTESIAN_POINT('',(0.5,-4.75,-9.25));
#6137=CARTESIAN_POINT('Origin',(-0.5,-4.75,-2.25));
#6138=CARTESIAN_POINT('',(-0.5,-4.35,-2.25));
#6139=CARTESIAN_POINT('',(-0.5,-4.75,-2.25));
#6140=CARTESIAN_POINT('',(-0.5,-4.35,-2.25));
#6141=CARTESIAN_POINT('Origin',(-0.5,-4.75,-9.25));
#6142=CARTESIAN_POINT('',(-0.5,-4.35,-9.25));
#6143=CARTESIAN_POINT('',(-0.5,-4.75,-9.25));
#6144=CARTESIAN_POINT('',(-0.5,-4.35,-9.25));
#6145=CARTESIAN_POINT('Origin',(0.5,-4.75,-9.25));
#6146=CARTESIAN_POINT('',(0.5,-4.35,-9.25));
#6147=CARTESIAN_POINT('Origin',(-6.93889390390723E-17,-4.35,-5.75));
#6148=CARTESIAN_POINT('Origin',(-2.59215728752538,4.75,-10.75));
#6149=CARTESIAN_POINT('',(-2.73357864376269,4.75,-10.6085786437627));
#6150=CARTESIAN_POINT('',(-2.73357864376269,4.75,-10.8914213562373));
#6151=CARTESIAN_POINT('Origin',(-2.5,4.75,-10.375));
#6152=CARTESIAN_POINT('',(-2.5,4.75,-10.375));
#6153=CARTESIAN_POINT('Origin',(2.59215728752538,4.75,-10.75));
#6154=CARTESIAN_POINT('',(2.73357864376269,4.75,-10.8914213562373));
#6155=CARTESIAN_POINT('',(2.73357864376269,4.75,-10.6085786437627));
#6156=CARTESIAN_POINT('Origin',(2.5,4.75,-11.125));
#6157=CARTESIAN_POINT('Origin',(-2.875,4.75,-10.75));
#6158=CARTESIAN_POINT('Origin',(2.875,4.75,-10.75));
#6159=CARTESIAN_POINT('',(2.5,0.,-10.375));
#6160=CARTESIAN_POINT('Origin',(-2.5,4.75,-11.5));
#6161=CARTESIAN_POINT('',(-2.5,4.75,-10.));
#6162=CARTESIAN_POINT('Origin',(2.5,-4.75,-11.5));
#6163=CARTESIAN_POINT('',(2.5,-4.75,-10.));
#6164=CARTESIAN_POINT('Origin',(0.,0.,-10.));
#6165=CARTESIAN_POINT('Origin',(12.5,-1.38777878078145E-16,0.));
#6166=CARTESIAN_POINT('',(11.125,-3.07166812960906E-16,0.));
#6167=CARTESIAN_POINT('Origin',(-12.5,0.,0.));
#6168=CARTESIAN_POINT('',(-13.875,-1.68388934882761E-16,0.));
#6169=CARTESIAN_POINT('',(0.,0.,0.));
#6170=CARTESIAN_POINT('',(-12.5,0.,1.25));
#6171=CARTESIAN_POINT('',(12.5,-1.38777878078145E-16,1.25));
#6172=UNCERTAINTY_MEASURE_WITH_UNIT(LENGTH_MEASURE(0.01),#6180,
'DISTANCE_ACCURACY_VALUE',
'Maximum model space distance between geometric entities at asserted c
onnectivities');
#6173=UNCERTAINTY_MEASURE_WITH_UNIT(LENGTH_MEASURE(0.01),#6180,
'DISTANCE_ACCURACY_VALUE',
'Maximum model space distance between geometric entities at asserted c
onnectivities');
#6174=UNCERTAINTY_MEASURE_WITH_UNIT(LENGTH_MEASURE(0.01),#6180,
'DISTANCE_ACCURACY_VALUE',
'Maximum model space distance between geometric entities at asserted c
onnectivities');
#6175=UNCERTAINTY_MEASURE_WITH_UNIT(LENGTH_MEASURE(0.01),#6180,
'DISTANCE_ACCURACY_VALUE',
'Maximum model space distance between geometric entities at asserted c
onnectivities');
#6176=(
GEOMETRIC_REPRESENTATION_CONTEXT(3)
GLOBAL_UNCERTAINTY_ASSIGNED_CONTEXT((#6172))
GLOBAL_UNIT_ASSIGNED_CONTEXT((#6180,#6182,#6183))
REPRESENTATION_CONTEXT('','3D')
);
#6177=(
GEOMETRIC_REPRESENTATION_CONTEXT(3)
GLOBAL_UNCERTAINTY_ASSIGNED_CONTEXT((#6173))
GLOBAL_UNIT_ASSIGNED_CONTEXT((#6180,#6182,#6183))
REPRESENTATION_CONTEXT('','3D')
);
#6178=(
GEOMETRIC_REPRESENTATION_CONTEXT(3)
GLOBAL_UNCERTAINTY_ASSIGNED_CONTEXT((#6174))
GLOBAL_UNIT_ASSIGNED_CONTEXT((#6180,#6182,#6183))
REPRESENTATION_CONTEXT('','3D')
);
#6179=(
GEOMETRIC_REPRESENTATION_CONTEXT(3)
GLOBAL_UNCERTAINTY_ASSIGNED_CONTEXT((#6175))
GLOBAL_UNIT_ASSIGNED_CONTEXT((#6180,#6182,#6183))
REPRESENTATION_CONTEXT('','3D')
);
#6180=(
LENGTH_UNIT()
NAMED_UNIT(*)
SI_UNIT(.MILLI.,.METRE.)
);
#6181=(
LENGTH_UNIT()
NAMED_UNIT(*)
SI_UNIT($,.METRE.)
);
#6182=(
NAMED_UNIT(*)
PLANE_ANGLE_UNIT()
SI_UNIT($,.RADIAN.)
);
#6183=(
NAMED_UNIT(*)
SI_UNIT($,.STERADIAN.)
SOLID_ANGLE_UNIT()
);
#6184=SHAPE_DEFINITION_REPRESENTATION(#6187,#6193);
#6185=SHAPE_DEFINITION_REPRESENTATION(#6188,#6194);
#6186=SHAPE_DEFINITION_REPRESENTATION(#6189,#6195);
#6187=PRODUCT_DEFINITION_SHAPE('',$,#6197);
#6188=PRODUCT_DEFINITION_SHAPE('',$,#6198);
#6189=PRODUCT_DEFINITION_SHAPE('',$,#6199);
#6190=PRODUCT_DEFINITION_SHAPE($,$,#20);
#6191=PRODUCT_DEFINITION_SHAPE($,$,#21);
#6192=PRODUCT_DEFINITION_SHAPE($,$,#22);
#6193=SHAPE_REPRESENTATION('',(#2912,#3177,#3178,#3179),#6176);
#6194=SHAPE_REPRESENTATION('',(#2913),#6177);
#6195=SHAPE_REPRESENTATION('',(#2942),#6178);
#6196=PRODUCT_DEFINITION_CONTEXT('part definition',#6207,'design');
#6197=PRODUCT_DEFINITION(
'optical carousel position sensor trigger 14.5 mm printed stripe long',
'optical carousel position sensor trigger 14.5 mm printed stripe long',
#6200,#6196);
#6198=PRODUCT_DEFINITION('white stripe','white stripe',#6201,#6196);
#6199=PRODUCT_DEFINITION(
'90593A025_Black-Oxide Medium-Strength Steel Hex Nut',
'90593A025_Black-Oxide Medium-Strength Steel Hex Nut',#6202,#6196);
#6200=PRODUCT_DEFINITION_FORMATION('',$,#6209);
#6201=PRODUCT_DEFINITION_FORMATION('',$,#6210);
#6202=PRODUCT_DEFINITION_FORMATION('',$,#6211);
#6203=PRODUCT_RELATED_PRODUCT_CATEGORY(
'optical carousel position sensor trigger 14.5 mm printed stripe long',
'optical carousel position sensor trigger 14.5 mm printed stripe long',
(#6209));
#6204=PRODUCT_RELATED_PRODUCT_CATEGORY('white stripe','white stripe',(#6210));
#6205=PRODUCT_RELATED_PRODUCT_CATEGORY(
'90593A025_Black-Oxide Medium-Strength Steel Hex Nut',
'90593A025_Black-Oxide Medium-Strength Steel Hex Nut',(#6211));
#6206=APPLICATION_PROTOCOL_DEFINITION('international standard',
'automotive_design',2009,#6207);
#6207=APPLICATION_CONTEXT(
'Core Data for Automotive Mechanical Design Process');
#6208=PRODUCT_CONTEXT('part definition',#6207,'mechanical');
#6209=PRODUCT(
'optical carousel position sensor trigger 14.5 mm printed stripe long',
'optical carousel position sensor trigger 14.5 mm printed stripe long',
$,(#6208));
#6210=PRODUCT('white stripe','white stripe',$,(#6208));
#6211=PRODUCT('90593A025_Black-Oxide Medium-Strength Steel Hex Nut',
'90593A025_Black-Oxide Medium-Strength Steel Hex Nut',$,(#6208));
#6212=PRESENTATION_STYLE_ASSIGNMENT((#6214));
#6213=PRESENTATION_STYLE_ASSIGNMENT((#6215));
#6214=SURFACE_STYLE_USAGE(.BOTH.,#6216);
#6215=SURFACE_STYLE_USAGE(.BOTH.,#6217);
#6216=SURFACE_SIDE_STYLE('',(#6218));
#6217=SURFACE_SIDE_STYLE('',(#6219));
#6218=SURFACE_STYLE_FILL_AREA(#6220);
#6219=SURFACE_STYLE_FILL_AREA(#6221);
#6220=FILL_AREA_STYLE('Acetal Resin (White)',(#6222));
#6221=FILL_AREA_STYLE('Plastic - Matte (Black)',(#6223));
#6222=FILL_AREA_STYLE_COLOUR('Acetal Resin (White)',#6224);
#6223=FILL_AREA_STYLE_COLOUR('Plastic - Matte (Black)',#6225);
#6224=COLOUR_RGB('Acetal Resin (White)',0.972549019607843,0.968627450980392,
0.929411764705882);
#6225=COLOUR_RGB('Plastic - Matte (Black)',0.0980392156862745,0.0980392156862745,
0.0980392156862745);
ENDSEC;
END-ISO-10303-21;
