ISO-10303-21;
HEADER;
/* Generated by software containing ST-Developer
 * from STEP Tools, Inc. (www.steptools.com) 
 */

FILE_DESCRIPTION(
/* description */ (''),
/* implementation_level */ '2;1');

FILE_NAME(
/* name */ 'motor tensioning plate.step',
/* time_stamp */ '2026-10-01T13:35:03-05:00',
/* author */ (''),
/* organization */ (''),
/* preprocessor_version */ 'ST-DEVELOPER v20.1',
/* originating_system */ 'Autodesk Translation Framework v15.8.0.0',
/* authorisation */ '');

FILE_SCHEMA (('AUTOMOTIVE_DESIGN { 1 0 10303 214 3 1 1 }'));
ENDSEC;

DATA;
#10=MECHANICAL_DESIGN_GEOMETRIC_PRESENTATION_REPRESENTATION('',(#144,#145,
#146,#147),#4111);
#11=CONTEXT_DEPENDENT_OVER_RIDING_STYLED_ITEM('',(#4153),#4129,#147,(#21));
#12=MAPPED_ITEM('',#13,#2014);
#13=REPRESENTATION_MAP(#2014,#4128);
#14=ITEM_DEFINED_TRANSFORMATION($,$,#1829,#2010);
#15=ITEM_DEFINED_TRANSFORMATION($,$,#1838,#2011);
#16=ITEM_DEFINED_TRANSFORMATION($,$,#1838,#2012);
#17=ITEM_DEFINED_TRANSFORMATION($,$,#1828,#2013);
#18=(
REPRESENTATION_RELATIONSHIP($,$,#4130,#4129)
REPRESENTATION_RELATIONSHIP_WITH_TRANSFORMATION(#14)
SHAPE_REPRESENTATION_RELATIONSHIP()
);
#19=(
REPRESENTATION_RELATIONSHIP($,$,#4131,#4129)
REPRESENTATION_RELATIONSHIP_WITH_TRANSFORMATION(#15)
SHAPE_REPRESENTATION_RELATIONSHIP()
);
#20=(
REPRESENTATION_RELATIONSHIP($,$,#4131,#4129)
REPRESENTATION_RELATIONSHIP_WITH_TRANSFORMATION(#16)
SHAPE_REPRESENTATION_RELATIONSHIP()
);
#21=(
REPRESENTATION_RELATIONSHIP($,$,#4129,#4128)
REPRESENTATION_RELATIONSHIP_WITH_TRANSFORMATION(#17)
SHAPE_REPRESENTATION_RELATIONSHIP()
);
#22=CONTEXT_DEPENDENT_SHAPE_REPRESENTATION(#18,#4124);
#23=CONTEXT_DEPENDENT_SHAPE_REPRESENTATION(#19,#4125);
#24=CONTEXT_DEPENDENT_SHAPE_REPRESENTATION(#20,#4126);
#25=CONTEXT_DEPENDENT_SHAPE_REPRESENTATION(#21,#4127);
#26=NEXT_ASSEMBLY_USAGE_OCCURRENCE('91595A116_Dowel Pin:1',
'91595A116_Dowel Pin:1','91595A116_Dowel Pin:1',#4134,#4135,
'91595A116_Dowel Pin:1');
#27=NEXT_ASSEMBLY_USAGE_OCCURRENCE(
'90591A255_Zinc-Plated Steel Hex Nut:1',
'90591A255_Zinc-Plated Steel Hex Nut:1',
'90591A255_Zinc-Plated Steel Hex Nut:1',#4134,#4136,
'90591A255_Zinc-Plated Steel Hex Nut:1');
#28=NEXT_ASSEMBLY_USAGE_OCCURRENCE(
'90591A255_Zinc-Plated Steel Hex Nut:2',
'90591A255_Zinc-Plated Steel Hex Nut:2',
'90591A255_Zinc-Plated Steel Hex Nut:2',#4134,#4136,
'90591A255_Zinc-Plated Steel Hex Nut:2');
#29=NEXT_ASSEMBLY_USAGE_OCCURRENCE(
'modified motor tensioning plate_locating pin:1',
'modified motor tensioning plate_locating pin:1',
'modified motor tensioning plate_locating pin:1',#4133,#4134,
'modified motor tensioning plate_locating pin:1');
#30=TOROIDAL_SURFACE('',#1873,2.,1.);
#31=TOROIDAL_SURFACE('',#1897,2.,1.);
#32=TOROIDAL_SURFACE('',#1937,2.,1.);
#33=TOROIDAL_SURFACE('',#1953,2.,1.);
#34=(
BOUNDED_SURFACE()
B_SPLINE_SURFACE(1,2,((#3252,#3253,#3254,#3255,#3256,#3257,#3258,#3259,
#3260,#3261,#3262,#3263,#3264,#3265,#3266,#3267,#3268,#3269,#3270,#3271,
#3272,#3273,#3274,#3275,#3276,#3277,#3278,#3279,#3280,#3281,#3282,#3283,
#3284,#3285,#3286,#3287,#3288,#3289,#3290,#3291,#3292,#3293,#3294,#3295,
#3296,#3297,#3298,#3299,#3300,#3301,#3302,#3303,#3304,#3305,#3306,#3307,
#3308,#3309,#3310,#3311,#3312,#3313,#3314,#3315,#3316,#3317,#3318,#3319,
#3320,#3321,#3322),(#3323,#3324,#3325,#3326,#3327,#3328,#3329,#3330,#3331,
#3332,#3333,#3334,#3335,#3336,#3337,#3338,#3339,#3340,#3341,#3342,#3343,
#3344,#3345,#3346,#3347,#3348,#3349,#3350,#3351,#3352,#3353,#3354,#3355,
#3356,#3357,#3358,#3359,#3360,#3361,#3362,#3363,#3364,#3365,#3366,#3367,
#3368,#3369,#3370,#3371,#3372,#3373,#3374,#3375,#3376,#3377,#3378,#3379,
#3380,#3381,#3382,#3383,#3384,#3385,#3386,#3387,#3388,#3389,#3390,#3391,
#3392,#3393)),.UNSPECIFIED.,.F.,.F.,.F.)
B_SPLINE_SURFACE_WITH_KNOTS((2,2),(3,2,2,2,2,2,2,2,2,2,2,2,2,2,2,2,2,2,
2,2,2,2,2,2,2,2,2,2,2,2,2,2,2,2,2,3),(0.,1.00004659311571),(0.,0.0277777777777778,
0.0555555555555556,0.0833333333333333,0.111111111111111,0.138888888888889,
0.166666666666667,0.194444444444444,0.222222222222222,0.25,0.277777777777778,
0.305555555555556,0.333333333333333,0.361111111111111,0.388888888888889,
0.416666666666667,0.444444444444444,0.472222222222222,0.5,0.527777777777778,
0.555555555555556,0.583333333333333,0.611111111111111,0.638888888888889,
0.666666666666667,0.694444444444444,0.722222222222222,0.75,0.777777777777778,
0.805555555555556,0.833333333333333,0.861111111111111,0.888888888888889,
0.916666666666667,0.928616272191971,0.93790243491389),.UNSPECIFIED.)
GEOMETRIC_REPRESENTATION_ITEM()
RATIONAL_B_SPLINE_SURFACE(((1.,0.866025403784439,1.,0.866025403784439,1.,
0.866025403784439,1.,0.866025403784439,1.,0.866025403784439,1.,0.866025403784439,
1.,0.866025403784439,1.,0.866025403784439,1.,0.866025403784439,1.,0.866025403784439,
1.,0.866025403784439,1.,0.866025403784439,1.,0.866025403784439,1.,0.866025403784439,
1.,0.866025403784439,1.,0.866025403784439,1.,0.866025403784439,1.,0.866025403784439,
1.,0.866025403784439,1.,0.866025403784439,1.,0.866025403784439,1.,0.866025403784439,
1.,0.866025403784439,1.,0.866025403784439,1.,0.866025403784439,1.,0.866025403784439,
1.,0.866025403784439,1.,0.866025403784439,1.,0.866025403784439,1.,0.866025403784439,
1.,0.866025403784439,1.,0.866025403784439,1.,0.866025403784439,1.,0.942366031293238,
0.934318692331529,0.934318692331529,0.934318692331529),(1.,0.866025403784439,
1.,0.866025403784439,1.,0.866025403784439,1.,0.866025403784439,1.,0.866025403784439,
1.,0.866025403784439,1.,0.866025403784439,1.,0.866025403784439,1.,0.866025403784439,
1.,0.866025403784439,1.,0.866025403784439,1.,0.866025403784439,1.,0.866025403784439,
1.,0.866025403784439,1.,0.866025403784439,1.,0.866025403784439,1.,0.866025403784439,
1.,0.866025403784439,1.,0.866025403784439,1.,0.866025403784439,1.,0.866025403784439,
1.,0.866025403784439,1.,0.866025403784439,1.,0.866025403784439,1.,0.866025403784439,
1.,0.866025403784439,1.,0.866025403784439,1.,0.866025403784439,1.,0.866025403784439,
1.,0.866025403784439,1.,0.866025403784439,1.,0.866025403784439,1.,0.866025403784439,
1.,0.942366031293238,0.934318692331529,0.934318692331529,0.934318692331529)))
REPRESENTATION_ITEM('')
SURFACE()
);
#35=(
BOUNDED_SURFACE()
B_SPLINE_SURFACE(1,2,((#3433,#3434,#3435,#3436,#3437,#3438,#3439,#3440,
#3441,#3442,#3443,#3444,#3445,#3446,#3447,#3448,#3449,#3450,#3451,#3452,
#3453,#3454,#3455,#3456,#3457,#3458,#3459,#3460,#3461,#3462,#3463,#3464,
#3465,#3466,#3467,#3468,#3469,#3470,#3471,#3472,#3473,#3474,#3475,#3476,
#3477,#3478,#3479,#3480,#3481,#3482,#3483,#3484,#3485,#3486,#3487,#3488,
#3489,#3490,#3491,#3492,#3493,#3494,#3495,#3496,#3497,#3498,#3499,#3500,
#3501),(#3502,#3503,#3504,#3505,#3506,#3507,#3508,#3509,#3510,#3511,#3512,
#3513,#3514,#3515,#3516,#3517,#3518,#3519,#3520,#3521,#3522,#3523,#3524,
#3525,#3526,#3527,#3528,#3529,#3530,#3531,#3532,#3533,#3534,#3535,#3536,
#3537,#3538,#3539,#3540,#3541,#3542,#3543,#3544,#3545,#3546,#3547,#3548,
#3549,#3550,#3551,#3552,#3553,#3554,#3555,#3556,#3557,#3558,#3559,#3560,
#3561,#3562,#3563,#3564,#3565,#3566,#3567,#3568,#3569,#3570)),
 .UNSPECIFIED.,.F.,.F.,.F.)
B_SPLINE_SURFACE_WITH_KNOTS((2,2),(3,2,2,2,2,2,2,2,2,2,2,2,2,2,2,2,2,2,
2,2,2,2,2,2,2,2,2,2,2,2,2,2,2,2,3),(-0.000114927327965803,1.),(0.,0.0277777777777778,
0.0555555555555556,0.0833333333333333,0.111111111111111,0.138888888888889,
0.166666666666667,0.194444444444444,0.222222222222222,0.25,0.277777777777778,
0.305555555555556,0.333333333333333,0.361111111111111,0.388888888888889,
0.416666666666667,0.444444444444444,0.472222222222222,0.5,0.527777777777778,
0.555555555555556,0.583333333333333,0.611111111111111,0.638888888888889,
0.666666666666667,0.694444444444444,0.722222222222222,0.75,0.777777777777778,
0.805555555555556,0.833333333333333,0.861111111111111,0.888888888888889,
0.916666666666667,0.928616426328415),.UNSPECIFIED.)
GEOMETRIC_REPRESENTATION_ITEM()
RATIONAL_B_SPLINE_SURFACE(((1.,0.866025403784439,1.,0.866025403784439,1.,
0.866025403784439,1.,0.866025403784439,1.,0.866025403784439,1.,0.866025403784439,
1.,0.866025403784439,1.,0.866025403784439,1.,0.866025403784439,1.,0.866025403784439,
1.,0.866025403784439,1.,0.866025403784439,1.,0.866025403784439,1.,0.866025403784439,
1.,0.866025403784439,1.,0.866025403784439,1.,0.866025403784439,1.,0.866025403784439,
1.,0.866025403784439,1.,0.866025403784439,1.,0.866025403784439,1.,0.866025403784439,
1.,0.866025403784439,1.,0.866025403784439,1.,0.866025403784439,1.,0.866025403784439,
1.,0.866025403784439,1.,0.866025403784439,1.,0.866025403784439,1.,0.866025403784439,
1.,0.866025403784439,1.,0.866025403784439,1.,0.866025403784439,1.,0.942365287879995,
0.934318484736573),(1.,0.866025403784439,1.,0.866025403784439,1.,0.866025403784439,
1.,0.866025403784439,1.,0.866025403784439,1.,0.866025403784439,1.,0.866025403784439,
1.,0.866025403784439,1.,0.866025403784439,1.,0.866025403784439,1.,0.866025403784439,
1.,0.866025403784439,1.,0.866025403784439,1.,0.866025403784439,1.,0.866025403784439,
1.,0.866025403784439,1.,0.866025403784439,1.,0.866025403784439,1.,0.866025403784439,
1.,0.866025403784439,1.,0.866025403784439,1.,0.866025403784439,1.,0.866025403784439,
1.,0.866025403784439,1.,0.866025403784439,1.,0.866025403784439,1.,0.866025403784439,
1.,0.866025403784439,1.,0.866025403784439,1.,0.866025403784439,1.,0.866025403784439,
1.,0.866025403784439,1.,0.866025403784439,1.,0.942365287879996,0.934318484736573)))
REPRESENTATION_ITEM('')
SURFACE()
);
#36=(
BOUNDED_SURFACE()
B_SPLINE_SURFACE(1,2,((#3608,#3609,#3610,#3611,#3612,#3613,#3614,#3615,
#3616,#3617,#3618,#3619,#3620,#3621,#3622,#3623,#3624,#3625,#3626,#3627,
#3628,#3629,#3630,#3631,#3632,#3633,#3634,#3635,#3636,#3637,#3638,#3639,
#3640,#3641,#3642,#3643,#3644,#3645,#3646,#3647,#3648,#3649,#3650,#3651,
#3652,#3653,#3654,#3655,#3656,#3657,#3658,#3659,#3660,#3661,#3662,#3663,
#3664,#3665,#3666,#3667,#3668,#3669,#3670,#3671,#3672,#3673,#3674,#3675,
#3676,#3677,#3678),(#3679,#3680,#3681,#3682,#3683,#3684,#3685,#3686,#3687,
#3688,#3689,#3690,#3691,#3692,#3693,#3694,#3695,#3696,#3697,#3698,#3699,
#3700,#3701,#3702,#3703,#3704,#3705,#3706,#3707,#3708,#3709,#3710,#3711,
#3712,#3713,#3714,#3715,#3716,#3717,#3718,#3719,#3720,#3721,#3722,#3723,
#3724,#3725,#3726,#3727,#3728,#3729,#3730,#3731,#3732,#3733,#3734,#3735,
#3736,#3737,#3738,#3739,#3740,#3741,#3742,#3743,#3744,#3745,#3746,#3747,
#3748,#3749)),.UNSPECIFIED.,.F.,.F.,.F.)
B_SPLINE_SURFACE_WITH_KNOTS((2,2),(3,2,2,2,2,2,2,2,2,2,2,2,2,2,2,2,2,2,
2,2,2,2,2,2,2,2,2,2,2,2,2,2,2,2,2,3),(0.,1.00000000014518),(0.,0.0277777777777778,
0.0555555555555556,0.0833333333333333,0.111111111111111,0.138888888888889,
0.166666666666667,0.194444444444444,0.222222222222222,0.25,0.277777777777778,
0.305555555555556,0.333333333333333,0.361111111111111,0.388888888888889,
0.416666666666667,0.444444444444444,0.472222222222222,0.5,0.527777777777778,
0.555555555555556,0.583333333333333,0.611111111111111,0.638888888888889,
0.666666666666667,0.694444444444444,0.722222222222222,0.75,0.777777777777778,
0.805555555555556,0.833333333333333,0.861111111111111,0.888888888888889,
0.916666666666667,0.928616062655308,0.937902223281861),.UNSPECIFIED.)
GEOMETRIC_REPRESENTATION_ITEM()
RATIONAL_B_SPLINE_SURFACE(((1.,0.866025403784439,1.,0.866025403784439,1.,
0.866025403784439,1.,0.866025403784439,1.,0.866025403784439,1.,0.866025403784439,
1.,0.866025403784439,1.,0.866025403784439,1.,0.866025403784439,1.,0.866025403784439,
1.,0.866025403784439,1.,0.866025403784439,1.,0.866025403784439,1.,0.866025403784439,
1.,0.866025403784439,1.,0.866025403784439,1.,0.866025403784439,1.,0.866025403784439,
1.,0.866025403784439,1.,0.866025403784439,1.,0.866025403784439,1.,0.866025403784439,
1.,0.866025403784439,1.,0.866025403784439,1.,0.866025403784439,1.,0.866025403784439,
1.,0.866025403784439,1.,0.866025403784439,1.,0.866025403784439,1.,0.866025403784439,
1.,0.866025403784439,1.,0.866025403784439,1.,0.866025403784439,1.,0.94236704190647,
0.934318974567398,0.934318974567398,0.934318974567398),(1.,0.866025403784439,
1.,0.866025403784439,1.,0.866025403784439,1.,0.866025403784439,1.,0.866025403784439,
1.,0.866025403784439,1.,0.866025403784439,1.,0.866025403784439,1.,0.866025403784439,
1.,0.866025403784439,1.,0.866025403784439,1.,0.866025403784439,1.,0.866025403784439,
1.,0.866025403784439,1.,0.866025403784439,1.,0.866025403784439,1.,0.866025403784439,
1.,0.866025403784439,1.,0.866025403784439,1.,0.866025403784439,1.,0.866025403784439,
1.,0.866025403784439,1.,0.866025403784439,1.,0.866025403784439,1.,0.866025403784439,
1.,0.866025403784439,1.,0.866025403784439,1.,0.866025403784439,1.,0.866025403784439,
1.,0.866025403784439,1.,0.866025403784439,1.,0.866025403784439,1.,0.866025403784439,
1.,0.94236704190647,0.934318974567398,0.934318974567398,0.934318974567398)))
REPRESENTATION_ITEM('')
SURFACE()
);
#37=FACE_BOUND('',#594,.T.);
#38=FACE_BOUND('',#596,.T.);
#39=FACE_BOUND('',#637,.T.);
#40=FACE_BOUND('',#638,.T.);
#41=FACE_BOUND('',#639,.T.);
#42=FACE_BOUND('',#658,.T.);
#43=FACE_BOUND('',#659,.T.);
#44=FACE_BOUND('',#692,.T.);
#45=FACE_BOUND('',#697,.T.);
#46=PLANE('',#1856);
#47=PLANE('',#1857);
#48=PLANE('',#1858);
#49=PLANE('',#1859);
#50=PLANE('',#1860);
#51=PLANE('',#1861);
#52=PLANE('',#1862);
#53=PLANE('',#1863);
#54=PLANE('',#1914);
#55=PLANE('',#1917);
#56=PLANE('',#1920);
#57=PLANE('',#1923);
#58=PLANE('',#1924);
#59=PLANE('',#1965);
#60=PLANE('',#1969);
#61=PLANE('',#1970);
#62=PLANE('',#1972);
#63=PLANE('',#1974);
#64=PLANE('',#1979);
#65=PLANE('',#1980);
#66=PLANE('',#1981);
#67=PLANE('',#1982);
#68=PLANE('',#1983);
#69=PLANE('',#1984);
#70=PLANE('',#1985);
#71=PLANE('',#1986);
#72=PLANE('',#1987);
#73=PLANE('',#1988);
#74=PLANE('',#1989);
#75=PLANE('',#1990);
#76=PLANE('',#1991);
#77=PLANE('',#1992);
#78=PLANE('',#1993);
#79=PLANE('',#1994);
#80=PLANE('',#1995);
#81=PLANE('',#1996);
#82=PLANE('',#1997);
#83=PLANE('',#1998);
#84=PLANE('',#1999);
#85=PLANE('',#2000);
#86=PLANE('',#2001);
#87=PLANE('',#2003);
#88=PLANE('',#2004);
#89=PLANE('',#2005);
#90=PLANE('',#2006);
#91=(
BOUNDED_CURVE()
B_SPLINE_CURVE(2,(#2892,#2893,#2894),.UNSPECIFIED.,.F.,.F.)
B_SPLINE_CURVE_WITH_KNOTS((3,3),(-1.47164467650289,-0.690791981464857),
 .UNSPECIFIED.)
CURVE()
GEOMETRIC_REPRESENTATION_ITEM()
RATIONAL_B_SPLINE_CURVE((1.88198279386397,2.14647817521916,1.88198279386398))
REPRESENTATION_ITEM('')
);
#92=(
BOUNDED_CURVE()
B_SPLINE_CURVE(2,(#2907,#2908,#2909),.UNSPECIFIED.,.F.,.F.)
B_SPLINE_CURVE_WITH_KNOTS((3,3),(-1.47169715591584,-0.690823653166356),
 .UNSPECIFIED.)
CURVE()
GEOMETRIC_REPRESENTATION_ITEM()
RATIONAL_B_SPLINE_CURVE((1.88202962570752,2.14653158884781,1.8820296257075))
REPRESENTATION_ITEM('')
);
#93=(
BOUNDED_CURVE()
B_SPLINE_CURVE(2,(#2922,#2923,#2924),.UNSPECIFIED.,.F.,.F.)
B_SPLINE_CURVE_WITH_KNOTS((3,3),(-1.47169715591587,-0.690823653166385),
 .UNSPECIFIED.)
CURVE()
GEOMETRIC_REPRESENTATION_ITEM()
RATIONAL_B_SPLINE_CURVE((1.8820296257075,2.14653158884781,1.88202962570752))
REPRESENTATION_ITEM('')
);
#94=(
BOUNDED_CURVE()
B_SPLINE_CURVE(2,(#2937,#2938,#2939),.UNSPECIFIED.,.F.,.F.)
B_SPLINE_CURVE_WITH_KNOTS((3,3),(0.690791981464844,1.08121832898387),
 .UNSPECIFIED.)
CURVE()
GEOMETRIC_REPRESENTATION_ITEM()
RATIONAL_B_SPLINE_CURVE((1.88198279386397,2.01423048454156,2.01423048454156))
REPRESENTATION_ITEM('')
);
#95=(
BOUNDED_CURVE()
B_SPLINE_CURVE(2,(#2944,#2945,#2946),.UNSPECIFIED.,.F.,.F.)
B_SPLINE_CURVE_WITH_KNOTS((3,3),(1.08121832898387,1.47164467650288),
 .UNSPECIFIED.)
CURVE()
GEOMETRIC_REPRESENTATION_ITEM()
RATIONAL_B_SPLINE_CURVE((2.01423048454156,2.01423048454156,1.88198279386398))
REPRESENTATION_ITEM('')
);
#96=(
BOUNDED_CURVE()
B_SPLINE_CURVE(2,(#2959,#2960,#2961),.UNSPECIFIED.,.F.,.F.)
B_SPLINE_CURVE_WITH_KNOTS((3,3),(0.690823653166385,1.47169715591584),
 .UNSPECIFIED.)
CURVE()
GEOMETRIC_REPRESENTATION_ITEM()
RATIONAL_B_SPLINE_CURVE((1.88202962570752,2.14653158884779,1.88202962570752))
REPRESENTATION_ITEM('')
);
#97=(
BOUNDED_CURVE()
B_SPLINE_CURVE(2,(#2974,#2975,#2976),.UNSPECIFIED.,.F.,.F.)
B_SPLINE_CURVE_WITH_KNOTS((3,3),(0.690823653166386,1.47169715591585),
 .UNSPECIFIED.)
CURVE()
GEOMETRIC_REPRESENTATION_ITEM()
RATIONAL_B_SPLINE_CURVE((1.88202962570752,2.1465315888478,1.88202962570752))
REPRESENTATION_ITEM('')
);
#98=(
BOUNDED_CURVE()
B_SPLINE_CURVE(2,(#3058,#3059,#3060),.UNSPECIFIED.,.F.,.F.)
B_SPLINE_CURVE_WITH_KNOTS((3,3),(-1.53606617374202,-0.729638160814673),
 .UNSPECIFIED.)
CURVE()
GEOMETRIC_REPRESENTATION_ITEM()
RATIONAL_B_SPLINE_CURVE((1.93954906568182,2.21213485735806,1.93954906568182))
REPRESENTATION_ITEM('')
);
#99=(
BOUNDED_CURVE()
B_SPLINE_CURVE(2,(#3073,#3074,#3075),.UNSPECIFIED.,.F.,.F.)
B_SPLINE_CURVE_WITH_KNOTS((3,3),(0.729638160814676,1.53606617374185),
 .UNSPECIFIED.)
CURVE()
GEOMETRIC_REPRESENTATION_ITEM()
RATIONAL_B_SPLINE_CURVE((1.93954906568182,2.21213485735799,1.93954906568193))
REPRESENTATION_ITEM('')
);
#100=(
BOUNDED_CURVE()
B_SPLINE_CURVE(2,(#3088,#3089,#3090),.UNSPECIFIED.,.F.,.F.)
B_SPLINE_CURVE_WITH_KNOTS((3,3),(0.729638160814675,1.53606617374185),
 .UNSPECIFIED.)
CURVE()
GEOMETRIC_REPRESENTATION_ITEM()
RATIONAL_B_SPLINE_CURVE((1.93954906568182,2.21213485735799,1.93954906568193))
REPRESENTATION_ITEM('')
);
#101=(
BOUNDED_CURVE()
B_SPLINE_CURVE(2,(#3103,#3104,#3105),.UNSPECIFIED.,.F.,.F.)
B_SPLINE_CURVE_WITH_KNOTS((3,3),(0.729638160814675,1.13285216727835),
 .UNSPECIFIED.)
CURVE()
GEOMETRIC_REPRESENTATION_ITEM()
RATIONAL_B_SPLINE_CURVE((1.93954906568182,2.07584196151994,2.07584196151994))
REPRESENTATION_ITEM('')
);
#102=(
BOUNDED_CURVE()
B_SPLINE_CURVE(2,(#3110,#3111,#3112),.UNSPECIFIED.,.F.,.F.)
B_SPLINE_CURVE_WITH_KNOTS((3,3),(1.13285216727835,1.53606617374202),
 .UNSPECIFIED.)
CURVE()
GEOMETRIC_REPRESENTATION_ITEM()
RATIONAL_B_SPLINE_CURVE((2.07584196151994,2.07584196151994,1.93954906568182))
REPRESENTATION_ITEM('')
);
#103=(
BOUNDED_CURVE()
B_SPLINE_CURVE(2,(#3125,#3126,#3127),.UNSPECIFIED.,.F.,.F.)
B_SPLINE_CURVE_WITH_KNOTS((3,3),(-1.53606617374202,-0.729638160814849),
 .UNSPECIFIED.)
CURVE()
GEOMETRIC_REPRESENTATION_ITEM()
RATIONAL_B_SPLINE_CURVE((1.93954906568182,2.21213485735799,1.93954906568194))
REPRESENTATION_ITEM('')
);
#104=(
BOUNDED_CURVE()
B_SPLINE_CURVE(2,(#3140,#3141,#3142),.UNSPECIFIED.,.F.,.F.)
B_SPLINE_CURVE_WITH_KNOTS((3,3),(-1.53606617374202,-0.72963816081485),
 .UNSPECIFIED.)
CURVE()
GEOMETRIC_REPRESENTATION_ITEM()
RATIONAL_B_SPLINE_CURVE((1.93954906568182,2.21213485735799,1.93954906568194))
REPRESENTATION_ITEM('')
);
#105=(
BOUNDED_CURVE()
B_SPLINE_CURVE(2,(#3394,#3395,#3396,#3397,#3398,#3399,#3400,#3401,#3402,
#3403,#3404,#3405,#3406,#3407,#3408,#3409,#3410,#3411,#3412,#3413,#3414,
#3415,#3416,#3417,#3418,#3419,#3420,#3421,#3422,#3423,#3424,#3425,#3426,
#3427,#3428,#3429,#3430,#3431,#3432),.UNSPECIFIED.,.F.,.F.)
B_SPLINE_CURVE_WITH_KNOTS((3,2,2,2,2,2,2,2,2,2,2,2,2,2,2,2,2,2,2,3),(0.236691012502601,
0.23930468254414,0.269217767862157,0.299130853180175,0.329043938498193,
0.35895702381621,0.388870109134227,0.418783194452245,0.448696279770262,
0.47860936508828,0.508522450406298,0.538435535724315,0.568348621042333,
0.59826170636035,0.628174791678368,0.658087876996385,0.688000962314402,
0.71791404763242,0.747827132950437,0.762977314222145),.UNSPECIFIED.)
CURVE()
GEOMETRIC_REPRESENTATION_ITEM()
RATIONAL_B_SPLINE_CURVE((0.978633463056282,0.988293906003571,1.,0.866025403784439,
1.,0.866025403784439,1.,0.866025403784439,1.,0.866025403784439,1.,0.866025403784439,
1.,0.866025403784439,1.,0.866025403784439,1.,0.866025403784439,1.,0.866025403784439,
1.,0.866025403784439,1.,0.866025403784439,1.,0.866025403784439,1.,0.866025403784439,
1.,0.866025403784439,1.,0.866025403784439,1.,0.866025403784439,1.,0.866025403784439,
1.,0.932145434117191,0.933023930190939))
REPRESENTATION_ITEM('')
);
#106=(
BOUNDED_CURVE()
B_SPLINE_CURVE(2,(#3571,#3572,#3573,#3574,#3575,#3576,#3577,#3578,#3579,
#3580,#3581,#3582,#3583,#3584,#3585,#3586,#3587,#3588,#3589,#3590,#3591,
#3592,#3593,#3594,#3595,#3596,#3597,#3598,#3599,#3600,#3601,#3602,#3603,
#3604,#3605,#3606,#3607),.UNSPECIFIED.,.F.,.F.)
B_SPLINE_CURVE_WITH_KNOTS((3,2,2,2,2,2,2,2,2,2,2,2,2,2,2,2,2,2,3),(0.214922380455195,
0.239304736541809,0.269217828609536,0.299130920677262,0.329044012744989,
0.358957104812715,0.388870196880442,0.418783288948168,0.448696381015895,
0.478609473083621,0.508522565151347,0.538435657219074,0.5683487492868,0.598261841354527,
0.628174933422254,0.65808802548998,0.688001117557706,0.717914209625433,
0.740164142961871),.UNSPECIFIED.)
CURVE()
GEOMETRIC_REPRESENTATION_ITEM()
RATIONAL_B_SPLINE_CURVE((0.959617943335116,0.890796434414329,1.,0.866025403784439,
1.,0.866025403784439,1.,0.866025403784439,1.,0.866025403784439,1.,0.866025403784439,
1.,0.866025403784439,1.,0.866025403784439,1.,0.866025403784439,1.,0.866025403784439,
1.,0.866025403784439,1.,0.866025403784439,1.,0.866025403784439,1.,0.866025403784439,
1.,0.866025403784439,1.,0.866025403784439,1.,0.866025403784439,1.,0.900347117983546,
0.948941697421756))
REPRESENTATION_ITEM('')
);
#107=B_SPLINE_CURVE_WITH_KNOTS('',3,(#2549,#2550,#2551,#2552),
 .UNSPECIFIED.,.F.,.F.,(4,4),(-0.0310340243163701,-1.00000008460693E-6),
 .UNSPECIFIED.);
#108=B_SPLINE_CURVE_WITH_KNOTS('',3,(#2555,#2556,#2557,#2558,#2559,#2560,
#2561,#2562,#2563,#2564),.UNSPECIFIED.,.F.,.F.,(4,2,2,2,4),(-5.3339095267815,
-5.28113262744243,-5.23033531731186,-5.15345566763439,-5.14340429533005),
 .UNSPECIFIED.);
#109=B_SPLINE_CURVE_WITH_KNOTS('',3,(#2569,#2570,#2571,#2572,#2573,#2574,
#2575,#2576,#2577,#2578,#2579,#2580,#2581,#2582,#2583,#2584,#2585,#2586,
#2587,#2588,#2589,#2590,#2591,#2592,#2593,#2594,#2595,#2596,#2597,#2598,
#2599,#2600,#2601,#2602,#2603,#2604,#2605,#2606),.UNSPECIFIED.,.F.,.F.,
(4,2,2,2,2,2,2,2,2,2,2,2,2,2,2,2,2,2,4),(-1.29283991742112,-1.27523619014916,
-1.19850684282503,-1.11880920223901,-1.0401230113048,-0.964091681155147,
-0.884458316897731,-0.80663376263516,-0.729885517288007,-0.649927806025356,
-0.572999163784279,-0.494045023223017,-0.415116303187755,-0.339015352057956,
-0.259368286228234,-0.181296205640473,-0.104820990938849,-0.0527832171858658,
-0.0310340243163701),.UNSPECIFIED.);
#110=B_SPLINE_CURVE_WITH_KNOTS('',3,(#2607,#2608,#2609,#2610,#2611,#2612,
#2613,#2614,#2615,#2616,#2617,#2618,#2619,#2620,#2621,#2622,#2623,#2624,
#2625,#2626,#2627,#2628,#2629,#2630,#2631,#2632,#2633,#2634,#2635,#2636,
#2637,#2638,#2639,#2640,#2641,#2642),.UNSPECIFIED.,.F.,.F.,(4,2,2,2,2,2,
2,2,2,2,2,2,2,2,2,2,2,4),(-5.14340429533005,-5.07354313604518,-4.99702748297705,
-4.91925300325326,-4.83975087210874,-4.76383597845489,-4.68520288705129,
-4.60589766979684,-4.52923310934907,-4.44955974208169,-4.37269072270086,
-4.29513044984037,-4.21561462799447,-4.13968419875226,-4.06126067760639,
-3.98115894632376,-3.90465915534716,-3.88354733824322),.UNSPECIFIED.);
#111=B_SPLINE_CURVE_WITH_KNOTS('',3,(#2647,#2648,#2649,#2650,#2651,#2652,
#2653,#2654,#2655,#2656,#2657,#2658,#2659,#2660,#2661,#2662,#2663,#2664,
#2665,#2666,#2667,#2668,#2669,#2670,#2671,#2672,#2673,#2674,#2675,#2676,
#2677,#2678,#2679,#2680,#2681,#2682),.UNSPECIFIED.,.F.,.F.,(4,2,2,2,2,2,
2,2,2,2,2,2,2,2,2,2,2,4),(-2.55537463363956,-2.52599172330226,-2.44969800998277,
-2.37004459703947,-2.29168409522556,-2.21542523115803,-2.1348778297348,
-2.05741854742259,-1.97971705564919,-1.90017866870776,-1.82362581593984,
-1.74398201018422,-1.66548794256612,-1.58939998997093,-1.50973941982421,
-1.4321115646703,-1.35497221847952,-1.29283991742112),.UNSPECIFIED.);
#112=B_SPLINE_CURVE_WITH_KNOTS('',3,(#2683,#2684,#2685,#2686,#2687,#2688,
#2689,#2690,#2691,#2692,#2693,#2694,#2695,#2696,#2697,#2698,#2699,#2700,
#2701,#2702,#2703,#2704,#2705,#2706,#2707,#2708,#2709,#2710,#2711,#2712,
#2713,#2714,#2715,#2716,#2717,#2718),.UNSPECIFIED.,.F.,.F.,(4,2,2,2,2,2,
2,2,2,2,2,2,2,2,2,2,2,4),(-3.88354733824322,-3.82517005263411,-3.74784909897111,
-3.67044840869878,-3.59087977658537,-3.51481910537388,-3.43655051283466,
-3.35700895075725,-3.28066552713559,-3.20135254369168,-3.12336769217066,
-3.04611150372296,-2.96578744096651,-2.88946958787931,-2.811315350119,-2.73171240944064,
-2.6555864957277,-2.62225113679461),.UNSPECIFIED.);
#113=B_SPLINE_CURVE_WITH_KNOTS('',3,(#2723,#2724,#2725,#2726,#2727,#2728,
#2729,#2730,#2731,#2732,#2733,#2734,#2735,#2736,#2737,#2738,#2739,#2740,
#2741,#2742,#2743,#2744,#2745,#2746,#2747,#2748,#2749,#2750,#2751,#2752,
#2753,#2754,#2755,#2756,#2757,#2758),.UNSPECIFIED.,.F.,.F.,(4,2,2,2,2,2,
2,2,2,2,2,2,2,2,2,2,2,4),(-3.81670501791243,-3.77637589402319,-3.69723155789178,
-3.62041624274652,-3.54058134583207,-3.46375850002211,-3.38604734484614,
-3.3064531852783,-3.23045825314442,-3.15188441658724,-3.07196753785626,
-2.99533467892249,-2.91570321528568,-2.83845689530518,-2.76092430635241,
-2.68129007800023,-2.60520066140537,-2.55537463363956),.UNSPECIFIED.);
#114=B_SPLINE_CURVE_WITH_KNOTS('',3,(#2759,#2760,#2761,#2762,#2763,#2764,
#2765,#2766,#2767,#2768,#2769,#2770,#2771,#2772,#2773,#2774,#2775,#2776,
#2777,#2778,#2779,#2780,#2781,#2782,#2783,#2784,#2785,#2786,#2787,#2788,
#2789,#2790,#2791,#2792,#2793,#2794),.UNSPECIFIED.,.F.,.F.,(4,2,2,2,2,2,
2,2,2,2,2,2,2,2,2,2,2,4),(-2.62225113679461,-2.57657941671698,-2.49804373763409,
-2.42105648410592,-2.34102928359624,-2.2639575710205,-2.18429000921075,
-2.10762657545116,-2.02799955252675,-1.94938086676723,-1.87341522390981,
-1.79385068520012,-1.71609288119233,-1.6394116977462,-1.55952252418881,
-1.48265985662714,-1.40377547603607,-1.36140147799917),.UNSPECIFIED.);
#115=B_SPLINE_CURVE_WITH_KNOTS('',3,(#2800,#2801,#2802,#2803,#2804,#2805),
 .UNSPECIFIED.,.F.,.F.,(4,2,4),(-0.0995282056284955,-0.0746452631818776,
-1.00000012462353E-6),.UNSPECIFIED.);
#116=B_SPLINE_CURVE_WITH_KNOTS('',3,(#2808,#2809,#2810,#2811,#2812,#2813,
#2814,#2815,#2816,#2817),.UNSPECIFIED.,.F.,.F.,(4,2,2,2,4),(-5.33451254171887,
-5.25699873933722,-5.18174609699248,-5.10533646198995,-5.07860440834791),
 .UNSPECIFIED.);
#117=B_SPLINE_CURVE_WITH_KNOTS('',3,(#2820,#2821,#2822,#2823,#2824,#2825,
#2826,#2827,#2828,#2829,#2830,#2831,#2832,#2833,#2834,#2835,#2836,#2837,
#2838,#2839,#2840,#2841,#2842,#2843),.UNSPECIFIED.,.F.,.F.,(4,2,2,2,2,2,
2,2,2,2,2,4),(9.99999996172262E-7,0.0519985244497689,0.104922522839774,
0.141851264228927,0.217826620854003,0.291091234599997,0.354504554409054,
0.409744934020426,0.461770982785926,0.487874316928997,0.540203853769768,
0.548422142161662),.UNSPECIFIED.);
#118=B_SPLINE_CURVE_WITH_KNOTS('',3,(#2848,#2849,#2850,#2851,#2852,#2853,
#2854,#2855,#2856,#2857,#2858,#2859,#2860,#2861,#2862,#2863,#2864,#2865,
#2866,#2867),.UNSPECIFIED.,.F.,.F.,(4,2,2,2,2,2,2,2,2,4),(0.548422142161662,
0.592009352360007,0.626081530296875,0.650362699242885,0.676409599661078,
0.689013294582898,0.711663594510146,0.735880002818847,0.756523851097631,
0.774899767210088),.UNSPECIFIED.);
#119=B_SPLINE_CURVE_WITH_KNOTS('',3,(#2869,#2870,#2871,#2872,#2873,#2874,
#2875,#2876),.UNSPECIFIED.,.F.,.F.,(4,2,2,4),(0.,0.0303348576763984,0.0618765365339881,
0.122991574864443),.UNSPECIFIED.);
#120=B_SPLINE_CURVE_WITH_KNOTS('',3,(#2877,#2878,#2879,#2880,#2881,#2882,
#2883,#2884,#2885,#2886,#2887,#2888),.UNSPECIFIED.,.F.,.F.,(4,2,2,2,2,4),
(9.99999999995266E-7,0.0705711837137035,0.149668784307171,0.23765479323316,
0.323028677998278,0.419218920982676),.UNSPECIFIED.);
#121=B_SPLINE_CURVE_WITH_KNOTS('',3,(#2896,#2897,#2898,#2899,#2900,#2901,
#2902,#2903,#2904,#2905),.UNSPECIFIED.,.F.,.F.,(4,2,2,2,4),(-0.0934490144390139,
-0.0915260274092516,-0.0845076883385417,-0.0774893492678317,-0.0755663622380783),
 .UNSPECIFIED.);
#122=B_SPLINE_CURVE_WITH_KNOTS('',3,(#2911,#2912,#2913,#2914,#2915,#2916,
#2917,#2918,#2919,#2920),.UNSPECIFIED.,.F.,.F.,(4,2,2,2,4),(-0.093449014439022,
-0.0915260274092517,-0.0845076883385418,-0.0774893492678319,-0.0755663622380616),
 .UNSPECIFIED.);
#123=B_SPLINE_CURVE_WITH_KNOTS('',3,(#2926,#2927,#2928,#2929,#2930,#2931,
#2932,#2933,#2934,#2935),.UNSPECIFIED.,.F.,.F.,(4,2,2,2,4),(-0.0934490144390052,
-0.0915260274092516,-0.0845076883385417,-0.0774893492678317,-0.0755663622380694),
 .UNSPECIFIED.);
#124=B_SPLINE_CURVE_WITH_KNOTS('',3,(#2948,#2949,#2950,#2951,#2952,#2953,
#2954,#2955,#2956,#2957),.UNSPECIFIED.,.F.,.F.,(4,2,2,2,4),(-0.0934490144390208,
-0.0915260274092516,-0.0845076883385417,-0.0774893492678318,-0.0755663622380616),
 .UNSPECIFIED.);
#125=B_SPLINE_CURVE_WITH_KNOTS('',3,(#2963,#2964,#2965,#2966,#2967,#2968,
#2969,#2970,#2971,#2972),.UNSPECIFIED.,.F.,.F.,(4,2,2,2,4),(-0.093449014439022,
-0.0915260274092517,-0.0845076883385418,-0.0774893492678319,-0.0755663622380634),
 .UNSPECIFIED.);
#126=B_SPLINE_CURVE_WITH_KNOTS('',3,(#2977,#2978,#2979,#2980,#2981,#2982,
#2983,#2984,#2985,#2986),.UNSPECIFIED.,.F.,.F.,(4,2,2,2,4),(-0.0934490144390218,
-0.0915260274092516,-0.0845076883385417,-0.0774893492678318,-0.0755663622380627),
 .UNSPECIFIED.);
#127=B_SPLINE_CURVE_WITH_KNOTS('',3,(#2989,#2990,#2991,#2992,#2993,#2994,
#2995,#2996,#2997,#2998,#2999,#3000,#3001,#3002,#3003,#3004,#3005,#3006,
#3007,#3008,#3009,#3010,#3011,#3012,#3013,#3014),.UNSPECIFIED.,.F.,.F.,
(4,2,2,2,2,2,2,2,2,2,2,2,4),(1.00000007469125E-6,0.0448517828258194,0.0868298894522479,
0.16146088257142,0.217586288366419,0.261777750819384,0.302937642000103,
0.324203565711515,0.344531084334529,0.385626115017507,0.405701701567845,
0.433947598796909,0.449991286535868),.UNSPECIFIED.);
#128=B_SPLINE_CURVE_WITH_KNOTS('',3,(#3019,#3020,#3021,#3022,#3023,#3024,
#3025,#3026,#3027,#3028,#3029,#3030,#3031,#3032,#3033,#3034,#3035,#3036,
#3037,#3038),.UNSPECIFIED.,.F.,.F.,(4,2,2,2,2,2,2,2,2,4),(0.449991286535868,
0.454611742049927,0.476405109530309,0.486970980155571,0.506502197175198,
0.527406161208626,0.544014545491561,0.557346281720601,0.567366056136105,
0.577984557828696),.UNSPECIFIED.);
#129=B_SPLINE_CURVE_WITH_KNOTS('',3,(#3041,#3042,#3043,#3044,#3045,#3046,
#3047,#3048,#3049,#3050,#3051,#3052,#3053,#3054),.UNSPECIFIED.,.F.,.F.,
(4,2,2,2,2,2,4),(9.99999999938063E-7,0.0344665727473672,0.0685145924831838,
0.130257023892026,0.215610743669841,0.295187693742432,0.376811693226849),
 .UNSPECIFIED.);
#130=B_SPLINE_CURVE_WITH_KNOTS('',3,(#3062,#3063,#3064,#3065,#3066,#3067,
#3068,#3069,#3070,#3071),.UNSPECIFIED.,.F.,.F.,(4,2,2,2,4),(-0.0382318850208808,
-0.0363088979911105,-0.0292905589204006,-0.0222722198496907,-0.0203492328199205),
 .UNSPECIFIED.);
#131=B_SPLINE_CURVE_WITH_KNOTS('',3,(#3077,#3078,#3079,#3080,#3081,#3082,
#3083,#3084,#3085,#3086),.UNSPECIFIED.,.F.,.F.,(4,2,2,2,4),(-0.0382318850209727,
-0.0363088979911106,-0.0292905589204007,-0.0222722198496908,-0.0203492328199205),
 .UNSPECIFIED.);
#132=B_SPLINE_CURVE_WITH_KNOTS('',3,(#3092,#3093,#3094,#3095,#3096,#3097,
#3098,#3099,#3100,#3101),.UNSPECIFIED.,.F.,.F.,(4,2,2,2,4),(-0.0382318850209726,
-0.0363088979911106,-0.0292905589204006,-0.0222722198496907,-0.0203492328199205),
 .UNSPECIFIED.);
#133=B_SPLINE_CURVE_WITH_KNOTS('',3,(#3114,#3115,#3116,#3117,#3118,#3119,
#3120,#3121,#3122,#3123),.UNSPECIFIED.,.F.,.F.,(4,2,2,2,4),(-0.0382318850208799,
-0.0363088979911106,-0.0292905589204006,-0.0222722198496907,-0.0203492328199205),
 .UNSPECIFIED.);
#134=B_SPLINE_CURVE_WITH_KNOTS('',3,(#3129,#3130,#3131,#3132,#3133,#3134,
#3135,#3136,#3137,#3138),.UNSPECIFIED.,.F.,.F.,(4,2,2,2,4),(-0.0382318850209728,
-0.0363088979911106,-0.0292905589204007,-0.0222722198496908,-0.0203492328199206),
 .UNSPECIFIED.);
#135=B_SPLINE_CURVE_WITH_KNOTS('',3,(#3143,#3144,#3145,#3146,#3147,#3148,
#3149,#3150,#3151,#3152),.UNSPECIFIED.,.F.,.F.,(4,2,2,2,4),(-0.0382318850209726,
-0.0363088979911105,-0.0292905589204006,-0.0222722198496907,-0.0203492328199213),
 .UNSPECIFIED.);
#136=B_SPLINE_CURVE_WITH_KNOTS('',3,(#3154,#3155,#3156,#3157,#3158,#3159,
#3160,#3161,#3162,#3163,#3164,#3165,#3166,#3167,#3168,#3169,#3170,#3171,
#3172,#3173,#3174,#3175,#3176,#3177,#3178,#3179,#3180,#3181,#3182,#3183,
#3184,#3185,#3186,#3187,#3188,#3189),.UNSPECIFIED.,.F.,.F.,(4,2,2,2,2,2,
2,2,2,2,2,2,2,2,2,2,2,4),(-5.07860440834791,-5.02595289065194,-4.94800765096716,
-4.87068620415219,-4.79029179998418,-4.71396691551489,-4.6357465474933,
-4.55610950563616,-4.4799293286651,-4.40085670602288,-4.32238135529634,
-4.24533462175408,-4.1652432703625,-4.08873452253073,-4.01079199506974,
-3.93119792534426,-3.85517631918281,-3.81670501791243),.UNSPECIFIED.);
#137=B_SPLINE_CURVE_WITH_KNOTS('',3,(#3190,#3191,#3192,#3193,#3194,#3195,
#3196,#3197,#3198,#3199,#3200,#3201,#3202,#3203,#3204,#3205,#3206,#3207,
#3208,#3209,#3210,#3211,#3212,#3213,#3214,#3215,#3216,#3217,#3218,#3219,
#3220,#3221,#3222,#3223,#3224,#3225),.UNSPECIFIED.,.F.,.F.,(4,2,2,2,2,2,
2,2,2,2,2,2,2,2,2,2,2,4),(-1.36140147799917,-1.32491436655895,-1.2488788699156,
-1.16930054707657,-1.09129532476575,-1.01488665209377,-0.934724949190219,
-0.857615973728121,-0.779357603835986,-0.700210826189733,-0.623973248195785,
-0.544336868817983,-0.46603992633959,-0.389769458036737,-0.309290763373688,
-0.231894006535372,-0.154114374217518,-0.0995282056284955),
 .UNSPECIFIED.);
#138=SHAPE_REPRESENTATION_RELATIONSHIP('SRR','None',#4130,#141);
#139=SHAPE_REPRESENTATION_RELATIONSHIP('SRR','None',#4131,#142);
#140=SHAPE_REPRESENTATION_RELATIONSHIP('SRR','None',#4129,#143);
#141=ADVANCED_BREP_SHAPE_REPRESENTATION('',(#148),#4109);
#142=ADVANCED_BREP_SHAPE_REPRESENTATION('',(#149),#4110);
#143=ADVANCED_BREP_SHAPE_REPRESENTATION('',(#150),#4108);
#144=STYLED_ITEM('',(#4153),#148);
#145=STYLED_ITEM('',(#4153),#149);
#146=STYLED_ITEM('',(#4153),#150);
#147=STYLED_ITEM('',(#4154),#12);
#148=MANIFOLD_SOLID_BREP('Body1',#1801);
#149=MANIFOLD_SOLID_BREP('Body1',#1802);
#150=MANIFOLD_SOLID_BREP('Body1',#1803);
#151=CYLINDRICAL_SURFACE('',#1835,1.5);
#152=CYLINDRICAL_SURFACE('',#1839,2.);
#153=CYLINDRICAL_SURFACE('',#1841,2.);
#154=CYLINDRICAL_SURFACE('',#1842,2.);
#155=CYLINDRICAL_SURFACE('',#1843,2.);
#156=CYLINDRICAL_SURFACE('',#1844,2.);
#157=CYLINDRICAL_SURFACE('',#1855,2.);
#158=CYLINDRICAL_SURFACE('',#1864,0.175);
#159=CYLINDRICAL_SURFACE('',#1865,0.175);
#160=CYLINDRICAL_SURFACE('',#1866,0.175);
#161=CYLINDRICAL_SURFACE('',#1867,0.175);
#162=CYLINDRICAL_SURFACE('',#1868,0.175);
#163=CYLINDRICAL_SURFACE('',#1869,0.175);
#164=CYLINDRICAL_SURFACE('',#1870,1.);
#165=CYLINDRICAL_SURFACE('',#1877,1.);
#166=CYLINDRICAL_SURFACE('',#1879,1.);
#167=CYLINDRICAL_SURFACE('',#1884,1.);
#168=CYLINDRICAL_SURFACE('',#1889,1.);
#169=CYLINDRICAL_SURFACE('',#1894,1.);
#170=CYLINDRICAL_SURFACE('',#1901,1.);
#171=CYLINDRICAL_SURFACE('',#1905,1.);
#172=CYLINDRICAL_SURFACE('',#1912,1.);
#173=CYLINDRICAL_SURFACE('',#1915,1.);
#174=CYLINDRICAL_SURFACE('',#1918,1.);
#175=CYLINDRICAL_SURFACE('',#1921,1.);
#176=CYLINDRICAL_SURFACE('',#1926,1.);
#177=CYLINDRICAL_SURFACE('',#1929,1.);
#178=CYLINDRICAL_SURFACE('',#1934,1.);
#179=CYLINDRICAL_SURFACE('',#1941,1.);
#180=CYLINDRICAL_SURFACE('',#1945,1.);
#181=CYLINDRICAL_SURFACE('',#1950,1.);
#182=CYLINDRICAL_SURFACE('',#1956,1.);
#183=CYLINDRICAL_SURFACE('',#1959,1.);
#184=CYLINDRICAL_SURFACE('',#1964,1.);
#185=CYLINDRICAL_SURFACE('',#1968,1.);
#186=CYLINDRICAL_SURFACE('',#1971,1.);
#187=CYLINDRICAL_SURFACE('',#1973,1.);
#188=CYLINDRICAL_SURFACE('',#1977,1.5);
#189=CYLINDRICAL_SURFACE('',#2008,2.15);
#190=CYLINDRICAL_SURFACE('',#2009,2.15);
#191=LINE('',#2536,#326);
#192=LINE('',#2540,#327);
#193=LINE('',#2547,#328);
#194=LINE('',#2568,#329);
#195=LINE('',#2646,#330);
#196=LINE('',#2722,#331);
#197=LINE('',#2798,#332);
#198=LINE('',#2845,#333);
#199=LINE('',#2941,#334);
#200=LINE('',#3016,#335);
#201=LINE('',#3107,#336);
#202=LINE('',#3229,#337);
#203=LINE('',#3230,#338);
#204=LINE('',#3232,#339);
#205=LINE('',#3233,#340);
#206=LINE('',#3235,#341);
#207=LINE('',#3236,#342);
#208=LINE('',#3238,#343);
#209=LINE('',#3239,#344);
#210=LINE('',#3241,#345);
#211=LINE('',#3242,#346);
#212=LINE('',#3244,#347);
#213=LINE('',#3245,#348);
#214=LINE('',#3755,#349);
#215=LINE('',#3758,#350);
#216=LINE('',#3769,#351);
#217=LINE('',#3770,#352);
#218=LINE('',#3776,#353);
#219=LINE('',#3778,#354);
#220=LINE('',#3786,#355);
#221=LINE('',#3788,#356);
#222=LINE('',#3796,#357);
#223=LINE('',#3798,#358);
#224=LINE('',#3806,#359);
#225=LINE('',#3808,#360);
#226=LINE('',#3819,#361);
#227=LINE('',#3820,#362);
#228=LINE('',#3827,#363);
#229=LINE('',#3829,#364);
#230=LINE('',#3836,#365);
#231=LINE('',#3839,#366);
#232=LINE('',#3842,#367);
#233=LINE('',#3843,#368);
#234=LINE('',#3846,#369);
#235=LINE('',#3850,#370);
#236=LINE('',#3851,#371);
#237=LINE('',#3854,#372);
#238=LINE('',#3858,#373);
#239=LINE('',#3859,#374);
#240=LINE('',#3862,#375);
#241=LINE('',#3866,#376);
#242=LINE('',#3867,#377);
#243=LINE('',#3873,#378);
#244=LINE('',#3875,#379);
#245=LINE('',#3877,#380);
#246=LINE('',#3879,#381);
#247=LINE('',#3881,#382);
#248=LINE('',#3882,#383);
#249=LINE('',#3885,#384);
#250=LINE('',#3887,#385);
#251=LINE('',#3889,#386);
#252=LINE('',#3891,#387);
#253=LINE('',#3893,#388);
#254=LINE('',#3894,#389);
#255=LINE('',#3899,#390);
#256=LINE('',#3902,#391);
#257=LINE('',#3908,#392);
#258=LINE('',#3910,#393);
#259=LINE('',#3918,#394);
#260=LINE('',#3920,#395);
#261=LINE('',#3931,#396);
#262=LINE('',#3932,#397);
#263=LINE('',#3939,#398);
#264=LINE('',#3946,#399);
#265=LINE('',#3954,#400);
#266=LINE('',#3959,#401);
#267=LINE('',#3963,#402);
#268=LINE('',#3970,#403);
#269=LINE('',#3971,#404);
#270=LINE('',#3974,#405);
#271=LINE('',#3976,#406);
#272=LINE('',#3978,#407);
#273=LINE('',#3980,#408);
#274=LINE('',#3984,#409);
#275=LINE('',#3988,#410);
#276=LINE('',#3992,#411);
#277=LINE('',#3994,#412);
#278=LINE('',#3995,#413);
#279=LINE('',#3998,#414);
#280=LINE('',#3999,#415);
#281=LINE('',#4002,#416);
#282=LINE('',#4003,#417);
#283=LINE('',#4006,#418);
#284=LINE('',#4007,#419);
#285=LINE('',#4010,#420);
#286=LINE('',#4011,#421);
#287=LINE('',#4013,#422);
#288=LINE('',#4016,#423);
#289=LINE('',#4018,#424);
#290=LINE('',#4019,#425);
#291=LINE('',#4022,#426);
#292=LINE('',#4023,#427);
#293=LINE('',#4026,#428);
#294=LINE('',#4027,#429);
#295=LINE('',#4030,#430);
#296=LINE('',#4032,#431);
#297=LINE('',#4033,#432);
#298=LINE('',#4036,#433);
#299=LINE('',#4037,#434);
#300=LINE('',#4040,#435);
#301=LINE('',#4041,#436);
#302=LINE('',#4045,#437);
#303=LINE('',#4046,#438);
#304=LINE('',#4047,#439);
#305=LINE('',#4049,#440);
#306=LINE('',#4051,#441);
#307=LINE('',#4054,#442);
#308=LINE('',#4056,#443);
#309=LINE('',#4057,#444);
#310=LINE('',#4060,#445);
#311=LINE('',#4061,#446);
#312=LINE('',#4064,#447);
#313=LINE('',#4065,#448);
#314=LINE('',#4069,#449);
#315=LINE('',#4070,#450);
#316=LINE('',#4073,#451);
#317=LINE('',#4074,#452);
#318=LINE('',#4076,#453);
#319=LINE('',#4082,#454);
#320=LINE('',#4083,#455);
#321=LINE('',#4086,#456);
#322=LINE('',#4087,#457);
#323=LINE('',#4089,#458);
#324=LINE('',#4094,#459);
#325=LINE('',#4096,#460);
#326=VECTOR('',#2029,1.5);
#327=VECTOR('',#2034,1.5);
#328=VECTOR('',#2043,2.);
#329=VECTOR('',#2048,2.);
#330=VECTOR('',#2051,2.);
#331=VECTOR('',#2054,2.);
#332=VECTOR('',#2057,2.);
#333=VECTOR('',#2062,2.11952722283112);
#334=VECTOR('',#2067,3.4125);
#335=VECTOR('',#2072,2.11952722283112);
#336=VECTOR('',#2079,3.4125);
#337=VECTOR('',#2090,1000.);
#338=VECTOR('',#2091,1000.);
#339=VECTOR('',#2094,1000.);
#340=VECTOR('',#2095,1000.);
#341=VECTOR('',#2098,1000.);
#342=VECTOR('',#2099,1000.);
#343=VECTOR('',#2102,1000.);
#344=VECTOR('',#2103,1000.);
#345=VECTOR('',#2106,1000.);
#346=VECTOR('',#2107,1000.);
#347=VECTOR('',#2110,1000.);
#348=VECTOR('',#2111,1000.);
#349=VECTOR('',#2128,10.);
#350=VECTOR('',#2131,10.);
#351=VECTOR('',#2144,10.);
#352=VECTOR('',#2145,10.);
#353=VECTOR('',#2150,10.);
#354=VECTOR('',#2153,10.);
#355=VECTOR('',#2162,10.);
#356=VECTOR('',#2165,10.);
#357=VECTOR('',#2174,10.);
#358=VECTOR('',#2177,10.);
#359=VECTOR('',#2186,10.);
#360=VECTOR('',#2189,10.);
#361=VECTOR('',#2202,10.);
#362=VECTOR('',#2203,10.);
#363=VECTOR('',#2212,10.);
#364=VECTOR('',#2215,10.);
#365=VECTOR('',#2226,10.);
#366=VECTOR('',#2229,10.);
#367=VECTOR('',#2232,10.);
#368=VECTOR('',#2233,10.);
#369=VECTOR('',#2236,10.);
#370=VECTOR('',#2241,10.);
#371=VECTOR('',#2242,10.);
#372=VECTOR('',#2245,10.);
#373=VECTOR('',#2250,10.);
#374=VECTOR('',#2251,10.);
#375=VECTOR('',#2254,10.);
#376=VECTOR('',#2259,10.);
#377=VECTOR('',#2260,10.);
#378=VECTOR('',#2265,10.);
#379=VECTOR('',#2266,10.);
#380=VECTOR('',#2267,10.);
#381=VECTOR('',#2268,10.);
#382=VECTOR('',#2269,10.);
#383=VECTOR('',#2270,10.);
#384=VECTOR('',#2271,10.);
#385=VECTOR('',#2272,10.);
#386=VECTOR('',#2273,10.);
#387=VECTOR('',#2274,10.);
#388=VECTOR('',#2275,10.);
#389=VECTOR('',#2276,10.);
#390=VECTOR('',#2281,10.);
#391=VECTOR('',#2284,10.);
#392=VECTOR('',#2289,10.);
#393=VECTOR('',#2292,10.);
#394=VECTOR('',#2301,10.);
#395=VECTOR('',#2304,10.);
#396=VECTOR('',#2317,10.);
#397=VECTOR('',#2318,10.);
#398=VECTOR('',#2329,10.);
#399=VECTOR('',#2340,10.);
#400=VECTOR('',#2351,10.);
#401=VECTOR('',#2360,10.);
#402=VECTOR('',#2367,10.);
#403=VECTOR('',#2376,10.);
#404=VECTOR('',#2377,10.);
#405=VECTOR('',#2382,10.);
#406=VECTOR('',#2385,10.);
#407=VECTOR('',#2388,10.);
#408=VECTOR('',#2391,10.);
#409=VECTOR('',#2396,1.65);
#410=VECTOR('',#2401,1.5);
#411=VECTOR('',#2406,10.);
#412=VECTOR('',#2407,10.);
#413=VECTOR('',#2408,10.);
#414=VECTOR('',#2411,10.);
#415=VECTOR('',#2412,10.);
#416=VECTOR('',#2415,10.);
#417=VECTOR('',#2416,10.);
#418=VECTOR('',#2419,10.);
#419=VECTOR('',#2420,10.);
#420=VECTOR('',#2423,10.);
#421=VECTOR('',#2424,10.);
#422=VECTOR('',#2427,10.);
#423=VECTOR('',#2430,10.);
#424=VECTOR('',#2431,10.);
#425=VECTOR('',#2432,10.);
#426=VECTOR('',#2435,10.);
#427=VECTOR('',#2436,10.);
#428=VECTOR('',#2439,10.);
#429=VECTOR('',#2440,10.);
#430=VECTOR('',#2443,10.);
#431=VECTOR('',#2444,10.);
#432=VECTOR('',#2445,10.);
#433=VECTOR('',#2448,10.);
#434=VECTOR('',#2449,10.);
#435=VECTOR('',#2452,10.);
#436=VECTOR('',#2453,10.);
#437=VECTOR('',#2456,10.);
#438=VECTOR('',#2457,10.);
#439=VECTOR('',#2458,10.);
#440=VECTOR('',#2461,10.);
#441=VECTOR('',#2464,10.);
#442=VECTOR('',#2467,10.);
#443=VECTOR('',#2468,10.);
#444=VECTOR('',#2469,10.);
#445=VECTOR('',#2472,10.);
#446=VECTOR('',#2473,10.);
#447=VECTOR('',#2476,10.);
#448=VECTOR('',#2477,10.);
#449=VECTOR('',#2482,10.);
#450=VECTOR('',#2483,10.);
#451=VECTOR('',#2486,10.);
#452=VECTOR('',#2487,10.);
#453=VECTOR('',#2490,10.);
#454=VECTOR('',#2497,10.);
#455=VECTOR('',#2498,10.);
#456=VECTOR('',#2501,10.);
#457=VECTOR('',#2502,10.);
#458=VECTOR('',#2505,10.);
#459=VECTOR('',#2512,2.15);
#460=VECTOR('',#2515,2.15);
#461=CONICAL_SURFACE('',#1832,1.5,0.26179938779915);
#462=CONICAL_SURFACE('',#1846,2.11952722283112,0.78539816339745);
#463=CONICAL_SURFACE('',#1848,3.4125,1.0471975511966);
#464=CONICAL_SURFACE('',#1850,2.11952722283112,0.78539816339745);
#465=CONICAL_SURFACE('',#1853,3.4125,1.0471975511966);
#466=CONICAL_SURFACE('',#1975,1.65,0.785398163397448);
#467=FACE_OUTER_BOUND('',#579,.T.);
#468=FACE_OUTER_BOUND('',#580,.T.);
#469=FACE_OUTER_BOUND('',#581,.T.);
#470=FACE_OUTER_BOUND('',#582,.T.);
#471=FACE_OUTER_BOUND('',#583,.T.);
#472=FACE_OUTER_BOUND('',#584,.T.);
#473=FACE_OUTER_BOUND('',#585,.T.);
#474=FACE_OUTER_BOUND('',#586,.T.);
#475=FACE_OUTER_BOUND('',#587,.T.);
#476=FACE_OUTER_BOUND('',#588,.T.);
#477=FACE_OUTER_BOUND('',#589,.T.);
#478=FACE_OUTER_BOUND('',#590,.T.);
#479=FACE_OUTER_BOUND('',#591,.T.);
#480=FACE_OUTER_BOUND('',#592,.T.);
#481=FACE_OUTER_BOUND('',#593,.T.);
#482=FACE_OUTER_BOUND('',#595,.T.);
#483=FACE_OUTER_BOUND('',#597,.T.);
#484=FACE_OUTER_BOUND('',#598,.T.);
#485=FACE_OUTER_BOUND('',#599,.T.);
#486=FACE_OUTER_BOUND('',#600,.T.);
#487=FACE_OUTER_BOUND('',#601,.T.);
#488=FACE_OUTER_BOUND('',#602,.T.);
#489=FACE_OUTER_BOUND('',#603,.T.);
#490=FACE_OUTER_BOUND('',#604,.T.);
#491=FACE_OUTER_BOUND('',#605,.T.);
#492=FACE_OUTER_BOUND('',#606,.T.);
#493=FACE_OUTER_BOUND('',#607,.T.);
#494=FACE_OUTER_BOUND('',#608,.T.);
#495=FACE_OUTER_BOUND('',#609,.T.);
#496=FACE_OUTER_BOUND('',#610,.T.);
#497=FACE_OUTER_BOUND('',#611,.T.);
#498=FACE_OUTER_BOUND('',#612,.T.);
#499=FACE_OUTER_BOUND('',#613,.T.);
#500=FACE_OUTER_BOUND('',#614,.T.);
#501=FACE_OUTER_BOUND('',#615,.T.);
#502=FACE_OUTER_BOUND('',#616,.T.);
#503=FACE_OUTER_BOUND('',#617,.T.);
#504=FACE_OUTER_BOUND('',#618,.T.);
#505=FACE_OUTER_BOUND('',#619,.T.);
#506=FACE_OUTER_BOUND('',#620,.T.);
#507=FACE_OUTER_BOUND('',#621,.T.);
#508=FACE_OUTER_BOUND('',#622,.T.);
#509=FACE_OUTER_BOUND('',#623,.T.);
#510=FACE_OUTER_BOUND('',#624,.T.);
#511=FACE_OUTER_BOUND('',#625,.T.);
#512=FACE_OUTER_BOUND('',#626,.T.);
#513=FACE_OUTER_BOUND('',#627,.T.);
#514=FACE_OUTER_BOUND('',#628,.T.);
#515=FACE_OUTER_BOUND('',#629,.T.);
#516=FACE_OUTER_BOUND('',#630,.T.);
#517=FACE_OUTER_BOUND('',#631,.T.);
#518=FACE_OUTER_BOUND('',#632,.T.);
#519=FACE_OUTER_BOUND('',#633,.T.);
#520=FACE_OUTER_BOUND('',#634,.T.);
#521=FACE_OUTER_BOUND('',#635,.T.);
#522=FACE_OUTER_BOUND('',#636,.T.);
#523=FACE_OUTER_BOUND('',#640,.T.);
#524=FACE_OUTER_BOUND('',#641,.T.);
#525=FACE_OUTER_BOUND('',#642,.T.);
#526=FACE_OUTER_BOUND('',#643,.T.);
#527=FACE_OUTER_BOUND('',#644,.T.);
#528=FACE_OUTER_BOUND('',#645,.T.);
#529=FACE_OUTER_BOUND('',#646,.T.);
#530=FACE_OUTER_BOUND('',#647,.T.);
#531=FACE_OUTER_BOUND('',#648,.T.);
#532=FACE_OUTER_BOUND('',#649,.T.);
#533=FACE_OUTER_BOUND('',#650,.T.);
#534=FACE_OUTER_BOUND('',#651,.T.);
#535=FACE_OUTER_BOUND('',#652,.T.);
#536=FACE_OUTER_BOUND('',#653,.T.);
#537=FACE_OUTER_BOUND('',#654,.T.);
#538=FACE_OUTER_BOUND('',#655,.T.);
#539=FACE_OUTER_BOUND('',#656,.T.);
#540=FACE_OUTER_BOUND('',#657,.T.);
#541=FACE_OUTER_BOUND('',#660,.T.);
#542=FACE_OUTER_BOUND('',#661,.T.);
#543=FACE_OUTER_BOUND('',#662,.T.);
#544=FACE_OUTER_BOUND('',#663,.T.);
#545=FACE_OUTER_BOUND('',#664,.T.);
#546=FACE_OUTER_BOUND('',#665,.T.);
#547=FACE_OUTER_BOUND('',#666,.T.);
#548=FACE_OUTER_BOUND('',#667,.T.);
#549=FACE_OUTER_BOUND('',#668,.T.);
#550=FACE_OUTER_BOUND('',#669,.T.);
#551=FACE_OUTER_BOUND('',#670,.T.);
#552=FACE_OUTER_BOUND('',#671,.T.);
#553=FACE_OUTER_BOUND('',#672,.T.);
#554=FACE_OUTER_BOUND('',#673,.T.);
#555=FACE_OUTER_BOUND('',#674,.T.);
#556=FACE_OUTER_BOUND('',#675,.T.);
#557=FACE_OUTER_BOUND('',#676,.T.);
#558=FACE_OUTER_BOUND('',#677,.T.);
#559=FACE_OUTER_BOUND('',#678,.T.);
#560=FACE_OUTER_BOUND('',#679,.T.);
#561=FACE_OUTER_BOUND('',#680,.T.);
#562=FACE_OUTER_BOUND('',#681,.T.);
#563=FACE_OUTER_BOUND('',#682,.T.);
#564=FACE_OUTER_BOUND('',#683,.T.);
#565=FACE_OUTER_BOUND('',#684,.T.);
#566=FACE_OUTER_BOUND('',#685,.T.);
#567=FACE_OUTER_BOUND('',#686,.T.);
#568=FACE_OUTER_BOUND('',#687,.T.);
#569=FACE_OUTER_BOUND('',#688,.T.);
#570=FACE_OUTER_BOUND('',#689,.T.);
#571=FACE_OUTER_BOUND('',#690,.T.);
#572=FACE_OUTER_BOUND('',#691,.T.);
#573=FACE_OUTER_BOUND('',#693,.T.);
#574=FACE_OUTER_BOUND('',#694,.T.);
#575=FACE_OUTER_BOUND('',#695,.T.);
#576=FACE_OUTER_BOUND('',#696,.T.);
#577=FACE_OUTER_BOUND('',#698,.T.);
#578=FACE_OUTER_BOUND('',#699,.T.);
#579=EDGE_LOOP('',(#1171));
#580=EDGE_LOOP('',(#1172,#1173,#1174,#1175,#1176));
#581=EDGE_LOOP('',(#1177,#1178,#1179,#1180,#1181));
#582=EDGE_LOOP('',(#1182));
#583=EDGE_LOOP('',(#1183,#1184,#1185,#1186));
#584=EDGE_LOOP('',(#1187,#1188,#1189,#1190));
#585=EDGE_LOOP('',(#1191,#1192,#1193,#1194));
#586=EDGE_LOOP('',(#1195,#1196,#1197,#1198));
#587=EDGE_LOOP('',(#1199,#1200,#1201,#1202));
#588=EDGE_LOOP('',(#1203,#1204,#1205,#1206,#1207,#1208,#1209,#1210));
#589=EDGE_LOOP('',(#1211,#1212,#1213,#1214,#1215,#1216,#1217,#1218,#1219,
#1220,#1221,#1222,#1223,#1224,#1225,#1226));
#590=EDGE_LOOP('',(#1227,#1228,#1229,#1230,#1231,#1232,#1233,#1234));
#591=EDGE_LOOP('',(#1235,#1236,#1237,#1238,#1239,#1240,#1241,#1242,#1243,
#1244,#1245,#1246,#1247,#1248,#1249,#1250));
#592=EDGE_LOOP('',(#1251,#1252,#1253,#1254));
#593=EDGE_LOOP('',(#1255));
#594=EDGE_LOOP('',(#1256));
#595=EDGE_LOOP('',(#1257));
#596=EDGE_LOOP('',(#1258));
#597=EDGE_LOOP('',(#1259,#1260,#1261,#1262));
#598=EDGE_LOOP('',(#1263,#1264,#1265,#1266));
#599=EDGE_LOOP('',(#1267,#1268,#1269,#1270,#1271,#1272));
#600=EDGE_LOOP('',(#1273,#1274,#1275,#1276));
#601=EDGE_LOOP('',(#1277,#1278,#1279,#1280));
#602=EDGE_LOOP('',(#1281,#1282,#1283,#1284));
#603=EDGE_LOOP('',(#1285,#1286,#1287,#1288));
#604=EDGE_LOOP('',(#1289,#1290,#1291,#1292));
#605=EDGE_LOOP('',(#1293,#1294,#1295,#1296));
#606=EDGE_LOOP('',(#1297,#1298,#1299,#1300));
#607=EDGE_LOOP('',(#1301,#1302,#1303,#1304));
#608=EDGE_LOOP('',(#1305,#1306,#1307,#1308));
#609=EDGE_LOOP('',(#1309,#1310,#1311,#1312,#1313,#1314,#1315,#1316,#1317,
#1318));
#610=EDGE_LOOP('',(#1319,#1320,#1321,#1322,#1323,#1324,#1325,#1326,#1327,
#1328));
#611=EDGE_LOOP('',(#1329,#1330,#1331,#1332));
#612=EDGE_LOOP('',(#1333,#1334,#1335,#1336));
#613=EDGE_LOOP('',(#1337,#1338,#1339,#1340));
#614=EDGE_LOOP('',(#1341,#1342,#1343,#1344));
#615=EDGE_LOOP('',(#1345,#1346,#1347,#1348));
#616=EDGE_LOOP('',(#1349,#1350,#1351));
#617=EDGE_LOOP('',(#1352,#1353,#1354,#1355));
#618=EDGE_LOOP('',(#1356,#1357,#1358));
#619=EDGE_LOOP('',(#1359,#1360,#1361,#1362));
#620=EDGE_LOOP('',(#1363,#1364,#1365));
#621=EDGE_LOOP('',(#1366,#1367,#1368,#1369));
#622=EDGE_LOOP('',(#1370,#1371,#1372,#1373));
#623=EDGE_LOOP('',(#1374,#1375,#1376,#1377));
#624=EDGE_LOOP('',(#1378,#1379,#1380));
#625=EDGE_LOOP('',(#1381,#1382,#1383,#1384));
#626=EDGE_LOOP('',(#1385,#1386,#1387));
#627=EDGE_LOOP('',(#1388,#1389,#1390));
#628=EDGE_LOOP('',(#1391,#1392,#1393,#1394));
#629=EDGE_LOOP('',(#1395,#1396,#1397,#1398));
#630=EDGE_LOOP('',(#1399,#1400,#1401,#1402));
#631=EDGE_LOOP('',(#1403,#1404,#1405,#1406));
#632=EDGE_LOOP('',(#1407,#1408,#1409,#1410));
#633=EDGE_LOOP('',(#1411,#1412,#1413,#1414));
#634=EDGE_LOOP('',(#1415,#1416,#1417,#1418));
#635=EDGE_LOOP('',(#1419,#1420,#1421,#1422));
#636=EDGE_LOOP('',(#1423,#1424,#1425,#1426,#1427,#1428,#1429,#1430,#1431,
#1432));
#637=EDGE_LOOP('',(#1433));
#638=EDGE_LOOP('',(#1434,#1435,#1436,#1437,#1438,#1439));
#639=EDGE_LOOP('',(#1440,#1441,#1442,#1443,#1444,#1445));
#640=EDGE_LOOP('',(#1446,#1447,#1448,#1449));
#641=EDGE_LOOP('',(#1450,#1451,#1452,#1453));
#642=EDGE_LOOP('',(#1454,#1455,#1456));
#643=EDGE_LOOP('',(#1457,#1458,#1459,#1460));
#644=EDGE_LOOP('',(#1461,#1462,#1463,#1464));
#645=EDGE_LOOP('',(#1465,#1466,#1467,#1468));
#646=EDGE_LOOP('',(#1469,#1470,#1471));
#647=EDGE_LOOP('',(#1472,#1473,#1474,#1475));
#648=EDGE_LOOP('',(#1476,#1477,#1478));
#649=EDGE_LOOP('',(#1479,#1480,#1481,#1482));
#650=EDGE_LOOP('',(#1483,#1484,#1485,#1486));
#651=EDGE_LOOP('',(#1487,#1488,#1489,#1490));
#652=EDGE_LOOP('',(#1491,#1492,#1493));
#653=EDGE_LOOP('',(#1494,#1495,#1496,#1497));
#654=EDGE_LOOP('',(#1498,#1499,#1500));
#655=EDGE_LOOP('',(#1501,#1502,#1503));
#656=EDGE_LOOP('',(#1504,#1505,#1506,#1507));
#657=EDGE_LOOP('',(#1508,#1509,#1510,#1511,#1512,#1513,#1514,#1515,#1516,
#1517));
#658=EDGE_LOOP('',(#1518));
#659=EDGE_LOOP('',(#1519));
#660=EDGE_LOOP('',(#1520,#1521,#1522,#1523));
#661=EDGE_LOOP('',(#1524,#1525,#1526,#1527));
#662=EDGE_LOOP('',(#1528,#1529,#1530,#1531));
#663=EDGE_LOOP('',(#1532,#1533,#1534,#1535));
#664=EDGE_LOOP('',(#1536,#1537,#1538,#1539));
#665=EDGE_LOOP('',(#1540,#1541,#1542,#1543));
#666=EDGE_LOOP('',(#1544,#1545,#1546,#1547));
#667=EDGE_LOOP('',(#1548,#1549,#1550,#1551));
#668=EDGE_LOOP('',(#1552,#1553,#1554,#1555));
#669=EDGE_LOOP('',(#1556,#1557,#1558,#1559));
#670=EDGE_LOOP('',(#1560,#1561,#1562,#1563));
#671=EDGE_LOOP('',(#1564,#1565,#1566,#1567));
#672=EDGE_LOOP('',(#1568,#1569,#1570,#1571));
#673=EDGE_LOOP('',(#1572,#1573,#1574,#1575));
#674=EDGE_LOOP('',(#1576,#1577,#1578,#1579));
#675=EDGE_LOOP('',(#1580,#1581,#1582,#1583));
#676=EDGE_LOOP('',(#1584,#1585,#1586,#1587));
#677=EDGE_LOOP('',(#1588,#1589,#1590,#1591));
#678=EDGE_LOOP('',(#1592,#1593,#1594,#1595));
#679=EDGE_LOOP('',(#1596,#1597,#1598,#1599));
#680=EDGE_LOOP('',(#1600,#1601,#1602,#1603));
#681=EDGE_LOOP('',(#1604,#1605,#1606,#1607));
#682=EDGE_LOOP('',(#1608,#1609,#1610,#1611));
#683=EDGE_LOOP('',(#1612,#1613,#1614,#1615));
#684=EDGE_LOOP('',(#1616,#1617,#1618,#1619));
#685=EDGE_LOOP('',(#1620,#1621,#1622,#1623));
#686=EDGE_LOOP('',(#1624,#1625,#1626,#1627));
#687=EDGE_LOOP('',(#1628));
#688=EDGE_LOOP('',(#1629,#1630,#1631,#1632));
#689=EDGE_LOOP('',(#1633,#1634,#1635,#1636));
#690=EDGE_LOOP('',(#1637,#1638,#1639,#1640));
#691=EDGE_LOOP('',(#1641,#1642,#1643,#1644,#1645,#1646));
#692=EDGE_LOOP('',(#1647));
#693=EDGE_LOOP('',(#1648,#1649,#1650,#1651));
#694=EDGE_LOOP('',(#1652,#1653,#1654,#1655));
#695=EDGE_LOOP('',(#1656,#1657,#1658,#1659));
#696=EDGE_LOOP('',(#1660,#1661,#1662,#1663,#1664,#1665));
#697=EDGE_LOOP('',(#1666));
#698=EDGE_LOOP('',(#1667,#1668,#1669,#1670));
#699=EDGE_LOOP('',(#1671,#1672,#1673,#1674));
#700=CIRCLE('',#1831,1.34324972242779);
#701=CIRCLE('',#1833,1.5);
#702=CIRCLE('',#1834,1.5);
#703=CIRCLE('',#1836,1.5);
#704=CIRCLE('',#1840,2.);
#705=CIRCLE('',#1845,2.);
#706=CIRCLE('',#1847,2.11952722283112);
#707=CIRCLE('',#1849,3.4125);
#708=CIRCLE('',#1851,2.11952722283112);
#709=CIRCLE('',#1852,1.54533666301313);
#710=CIRCLE('',#1854,3.4125);
#711=CIRCLE('',#1871,1.);
#712=CIRCLE('',#1872,1.);
#713=CIRCLE('',#1874,1.);
#714=CIRCLE('',#1875,1.);
#715=CIRCLE('',#1876,2.);
#716=CIRCLE('',#1878,1.);
#717=CIRCLE('',#1880,1.);
#718=CIRCLE('',#1881,1.);
#719=CIRCLE('',#1883,1.);
#720=CIRCLE('',#1885,1.);
#721=CIRCLE('',#1886,1.);
#722=CIRCLE('',#1888,1.);
#723=CIRCLE('',#1890,1.);
#724=CIRCLE('',#1891,1.);
#725=CIRCLE('',#1893,1.);
#726=CIRCLE('',#1895,1.);
#727=CIRCLE('',#1896,1.);
#728=CIRCLE('',#1898,1.);
#729=CIRCLE('',#1899,1.);
#730=CIRCLE('',#1900,2.);
#731=CIRCLE('',#1902,1.);
#732=CIRCLE('',#1904,1.);
#733=CIRCLE('',#1906,1.);
#734=CIRCLE('',#1907,1.);
#735=CIRCLE('',#1909,1.);
#736=CIRCLE('',#1911,1.);
#737=CIRCLE('',#1913,1.);
#738=CIRCLE('',#1916,1.);
#739=CIRCLE('',#1919,1.);
#740=CIRCLE('',#1922,1.);
#741=CIRCLE('',#1925,1.8);
#742=CIRCLE('',#1927,1.);
#743=CIRCLE('',#1928,1.);
#744=CIRCLE('',#1930,1.);
#745=CIRCLE('',#1931,1.);
#746=CIRCLE('',#1933,1.);
#747=CIRCLE('',#1935,1.);
#748=CIRCLE('',#1936,1.);
#749=CIRCLE('',#1938,1.);
#750=CIRCLE('',#1939,1.);
#751=CIRCLE('',#1940,2.);
#752=CIRCLE('',#1942,1.);
#753=CIRCLE('',#1944,1.);
#754=CIRCLE('',#1946,1.);
#755=CIRCLE('',#1947,1.);
#756=CIRCLE('',#1949,1.);
#757=CIRCLE('',#1951,1.);
#758=CIRCLE('',#1952,1.);
#759=CIRCLE('',#1954,1.);
#760=CIRCLE('',#1955,2.);
#761=CIRCLE('',#1957,1.);
#762=CIRCLE('',#1960,1.);
#763=CIRCLE('',#1961,1.);
#764=CIRCLE('',#1966,2.15);
#765=CIRCLE('',#1967,2.15);
#766=CIRCLE('',#1976,1.5);
#767=CIRCLE('',#1978,1.5);
#768=CIRCLE('',#2002,2.15);
#769=CIRCLE('',#2007,2.15);
#770=VERTEX_POINT('',#2530);
#771=VERTEX_POINT('',#2533);
#772=VERTEX_POINT('',#2534);
#773=VERTEX_POINT('',#2539);
#774=VERTEX_POINT('',#2545);
#775=VERTEX_POINT('',#2546);
#776=VERTEX_POINT('',#2548);
#777=VERTEX_POINT('',#2553);
#778=VERTEX_POINT('',#2566);
#779=VERTEX_POINT('',#2567);
#780=VERTEX_POINT('',#2644);
#781=VERTEX_POINT('',#2645);
#782=VERTEX_POINT('',#2720);
#783=VERTEX_POINT('',#2721);
#784=VERTEX_POINT('',#2796);
#785=VERTEX_POINT('',#2797);
#786=VERTEX_POINT('',#2799);
#787=VERTEX_POINT('',#2806);
#788=VERTEX_POINT('',#2819);
#789=VERTEX_POINT('',#2844);
#790=VERTEX_POINT('',#2847);
#791=VERTEX_POINT('',#2868);
#792=VERTEX_POINT('',#2890);
#793=VERTEX_POINT('',#2891);
#794=VERTEX_POINT('',#2895);
#795=VERTEX_POINT('',#2906);
#796=VERTEX_POINT('',#2910);
#797=VERTEX_POINT('',#2921);
#798=VERTEX_POINT('',#2925);
#799=VERTEX_POINT('',#2936);
#800=VERTEX_POINT('',#2940);
#801=VERTEX_POINT('',#2943);
#802=VERTEX_POINT('',#2947);
#803=VERTEX_POINT('',#2958);
#804=VERTEX_POINT('',#2962);
#805=VERTEX_POINT('',#2973);
#806=VERTEX_POINT('',#2988);
#807=VERTEX_POINT('',#3015);
#808=VERTEX_POINT('',#3018);
#809=VERTEX_POINT('',#3039);
#810=VERTEX_POINT('',#3056);
#811=VERTEX_POINT('',#3057);
#812=VERTEX_POINT('',#3061);
#813=VERTEX_POINT('',#3072);
#814=VERTEX_POINT('',#3076);
#815=VERTEX_POINT('',#3087);
#816=VERTEX_POINT('',#3091);
#817=VERTEX_POINT('',#3102);
#818=VERTEX_POINT('',#3106);
#819=VERTEX_POINT('',#3109);
#820=VERTEX_POINT('',#3113);
#821=VERTEX_POINT('',#3124);
#822=VERTEX_POINT('',#3128);
#823=VERTEX_POINT('',#3139);
#824=VERTEX_POINT('',#3751);
#825=VERTEX_POINT('',#3752);
#826=VERTEX_POINT('',#3754);
#827=VERTEX_POINT('',#3756);
#828=VERTEX_POINT('',#3760);
#829=VERTEX_POINT('',#3761);
#830=VERTEX_POINT('',#3766);
#831=VERTEX_POINT('',#3767);
#832=VERTEX_POINT('',#3772);
#833=VERTEX_POINT('',#3773);
#834=VERTEX_POINT('',#3775);
#835=VERTEX_POINT('',#3782);
#836=VERTEX_POINT('',#3783);
#837=VERTEX_POINT('',#3785);
#838=VERTEX_POINT('',#3792);
#839=VERTEX_POINT('',#3793);
#840=VERTEX_POINT('',#3795);
#841=VERTEX_POINT('',#3802);
#842=VERTEX_POINT('',#3803);
#843=VERTEX_POINT('',#3805);
#844=VERTEX_POINT('',#3810);
#845=VERTEX_POINT('',#3811);
#846=VERTEX_POINT('',#3816);
#847=VERTEX_POINT('',#3817);
#848=VERTEX_POINT('',#3824);
#849=VERTEX_POINT('',#3826);
#850=VERTEX_POINT('',#3835);
#851=VERTEX_POINT('',#3837);
#852=VERTEX_POINT('',#3841);
#853=VERTEX_POINT('',#3845);
#854=VERTEX_POINT('',#3849);
#855=VERTEX_POINT('',#3853);
#856=VERTEX_POINT('',#3857);
#857=VERTEX_POINT('',#3861);
#858=VERTEX_POINT('',#3865);
#859=VERTEX_POINT('',#3869);
#860=VERTEX_POINT('',#3871);
#861=VERTEX_POINT('',#3872);
#862=VERTEX_POINT('',#3874);
#863=VERTEX_POINT('',#3876);
#864=VERTEX_POINT('',#3878);
#865=VERTEX_POINT('',#3880);
#866=VERTEX_POINT('',#3883);
#867=VERTEX_POINT('',#3884);
#868=VERTEX_POINT('',#3886);
#869=VERTEX_POINT('',#3888);
#870=VERTEX_POINT('',#3890);
#871=VERTEX_POINT('',#3892);
#872=VERTEX_POINT('',#3896);
#873=VERTEX_POINT('',#3897);
#874=VERTEX_POINT('',#3900);
#875=VERTEX_POINT('',#3904);
#876=VERTEX_POINT('',#3905);
#877=VERTEX_POINT('',#3907);
#878=VERTEX_POINT('',#3914);
#879=VERTEX_POINT('',#3915);
#880=VERTEX_POINT('',#3917);
#881=VERTEX_POINT('',#3922);
#882=VERTEX_POINT('',#3923);
#883=VERTEX_POINT('',#3928);
#884=VERTEX_POINT('',#3929);
#885=VERTEX_POINT('',#3936);
#886=VERTEX_POINT('',#3943);
#887=VERTEX_POINT('',#3948);
#888=VERTEX_POINT('',#3952);
#889=VERTEX_POINT('',#3965);
#890=VERTEX_POINT('',#3967);
#891=VERTEX_POINT('',#3983);
#892=VERTEX_POINT('',#3987);
#893=VERTEX_POINT('',#3991);
#894=VERTEX_POINT('',#3993);
#895=VERTEX_POINT('',#3997);
#896=VERTEX_POINT('',#4001);
#897=VERTEX_POINT('',#4005);
#898=VERTEX_POINT('',#4009);
#899=VERTEX_POINT('',#4015);
#900=VERTEX_POINT('',#4017);
#901=VERTEX_POINT('',#4021);
#902=VERTEX_POINT('',#4025);
#903=VERTEX_POINT('',#4029);
#904=VERTEX_POINT('',#4031);
#905=VERTEX_POINT('',#4035);
#906=VERTEX_POINT('',#4039);
#907=VERTEX_POINT('',#4043);
#908=VERTEX_POINT('',#4044);
#909=VERTEX_POINT('',#4053);
#910=VERTEX_POINT('',#4055);
#911=VERTEX_POINT('',#4059);
#912=VERTEX_POINT('',#4063);
#913=VERTEX_POINT('',#4068);
#914=VERTEX_POINT('',#4072);
#915=VERTEX_POINT('',#4078);
#916=VERTEX_POINT('',#4081);
#917=VERTEX_POINT('',#4085);
#918=VERTEX_POINT('',#4091);
#919=EDGE_CURVE('',#770,#770,#700,.T.);
#920=EDGE_CURVE('',#771,#772,#701,.T.);
#921=EDGE_CURVE('',#772,#770,#191,.T.);
#922=EDGE_CURVE('',#772,#771,#702,.T.);
#923=EDGE_CURVE('',#771,#773,#192,.T.);
#924=EDGE_CURVE('',#773,#773,#703,.T.);
#925=EDGE_CURVE('',#774,#775,#193,.T.);
#926=EDGE_CURVE('',#776,#775,#107,.F.);
#927=EDGE_CURVE('',#776,#777,#704,.T.);
#928=EDGE_CURVE('',#777,#774,#108,.T.);
#929=EDGE_CURVE('',#778,#779,#194,.T.);
#930=EDGE_CURVE('',#775,#779,#109,.F.);
#931=EDGE_CURVE('',#774,#778,#110,.T.);
#932=EDGE_CURVE('',#780,#781,#195,.T.);
#933=EDGE_CURVE('',#779,#781,#111,.F.);
#934=EDGE_CURVE('',#778,#780,#112,.T.);
#935=EDGE_CURVE('',#782,#783,#196,.T.);
#936=EDGE_CURVE('',#781,#783,#113,.F.);
#937=EDGE_CURVE('',#780,#782,#114,.T.);
#938=EDGE_CURVE('',#784,#785,#197,.T.);
#939=EDGE_CURVE('',#784,#786,#115,.T.);
#940=EDGE_CURVE('',#787,#786,#705,.T.);
#941=EDGE_CURVE('',#785,#787,#116,.F.);
#942=EDGE_CURVE('',#776,#788,#117,.T.);
#943=EDGE_CURVE('',#788,#789,#198,.T.);
#944=EDGE_CURVE('',#789,#789,#706,.T.);
#945=EDGE_CURVE('',#788,#790,#118,.T.);
#946=EDGE_CURVE('',#790,#791,#119,.T.);
#947=EDGE_CURVE('',#791,#777,#120,.T.);
#948=EDGE_CURVE('',#792,#793,#91,.T.);
#949=EDGE_CURVE('',#792,#794,#121,.T.);
#950=EDGE_CURVE('',#795,#794,#92,.T.);
#951=EDGE_CURVE('',#795,#796,#122,.T.);
#952=EDGE_CURVE('',#797,#796,#93,.T.);
#953=EDGE_CURVE('',#797,#798,#123,.T.);
#954=EDGE_CURVE('',#799,#798,#94,.F.);
#955=EDGE_CURVE('',#799,#800,#199,.T.);
#956=EDGE_CURVE('',#800,#800,#707,.T.);
#957=EDGE_CURVE('',#801,#799,#95,.F.);
#958=EDGE_CURVE('',#801,#802,#124,.T.);
#959=EDGE_CURVE('',#803,#802,#96,.T.);
#960=EDGE_CURVE('',#803,#804,#125,.T.);
#961=EDGE_CURVE('',#805,#804,#97,.T.);
#962=EDGE_CURVE('',#805,#793,#126,.T.);
#963=EDGE_CURVE('',#786,#806,#127,.T.);
#964=EDGE_CURVE('',#806,#807,#200,.T.);
#965=EDGE_CURVE('',#807,#807,#708,.T.);
#966=EDGE_CURVE('',#806,#808,#128,.T.);
#967=EDGE_CURVE('',#808,#809,#709,.T.);
#968=EDGE_CURVE('',#809,#787,#129,.T.);
#969=EDGE_CURVE('',#810,#811,#98,.F.);
#970=EDGE_CURVE('',#811,#812,#130,.T.);
#971=EDGE_CURVE('',#812,#813,#99,.T.);
#972=EDGE_CURVE('',#813,#814,#131,.T.);
#973=EDGE_CURVE('',#814,#815,#100,.T.);
#974=EDGE_CURVE('',#815,#816,#132,.T.);
#975=EDGE_CURVE('',#816,#817,#101,.T.);
#976=EDGE_CURVE('',#817,#818,#201,.T.);
#977=EDGE_CURVE('',#818,#818,#710,.T.);
#978=EDGE_CURVE('',#817,#819,#102,.T.);
#979=EDGE_CURVE('',#819,#820,#133,.T.);
#980=EDGE_CURVE('',#820,#821,#103,.T.);
#981=EDGE_CURVE('',#821,#822,#134,.T.);
#982=EDGE_CURVE('',#822,#823,#104,.T.);
#983=EDGE_CURVE('',#823,#810,#135,.T.);
#984=EDGE_CURVE('',#783,#785,#136,.F.);
#985=EDGE_CURVE('',#782,#784,#137,.T.);
#986=EDGE_CURVE('',#812,#805,#202,.T.);
#987=EDGE_CURVE('',#804,#813,#203,.T.);
#988=EDGE_CURVE('',#814,#803,#204,.T.);
#989=EDGE_CURVE('',#802,#815,#205,.T.);
#990=EDGE_CURVE('',#816,#801,#206,.T.);
#991=EDGE_CURVE('',#798,#819,#207,.T.);
#992=EDGE_CURVE('',#820,#797,#208,.T.);
#993=EDGE_CURVE('',#796,#821,#209,.T.);
#994=EDGE_CURVE('',#822,#795,#210,.T.);
#995=EDGE_CURVE('',#794,#823,#211,.T.);
#996=EDGE_CURVE('',#810,#792,#212,.T.);
#997=EDGE_CURVE('',#793,#811,#213,.T.);
#998=EDGE_CURVE('',#809,#790,#105,.T.);
#999=EDGE_CURVE('',#808,#791,#106,.T.);
#1000=EDGE_CURVE('',#824,#825,#711,.T.);
#1001=EDGE_CURVE('',#825,#826,#214,.T.);
#1002=EDGE_CURVE('',#826,#827,#712,.T.);
#1003=EDGE_CURVE('',#827,#824,#215,.T.);
#1004=EDGE_CURVE('',#828,#829,#713,.T.);
#1005=EDGE_CURVE('',#829,#825,#714,.T.);
#1006=EDGE_CURVE('',#824,#828,#715,.T.);
#1007=EDGE_CURVE('',#830,#831,#716,.T.);
#1008=EDGE_CURVE('',#831,#829,#216,.T.);
#1009=EDGE_CURVE('',#828,#830,#217,.T.);
#1010=EDGE_CURVE('',#832,#833,#717,.T.);
#1011=EDGE_CURVE('',#833,#834,#218,.T.);
#1012=EDGE_CURVE('',#834,#830,#718,.T.);
#1013=EDGE_CURVE('',#830,#832,#219,.T.);
#1014=EDGE_CURVE('',#834,#831,#719,.T.);
#1015=EDGE_CURVE('',#835,#836,#720,.T.);
#1016=EDGE_CURVE('',#836,#837,#220,.T.);
#1017=EDGE_CURVE('',#837,#832,#721,.T.);
#1018=EDGE_CURVE('',#832,#835,#221,.T.);
#1019=EDGE_CURVE('',#837,#833,#722,.T.);
#1020=EDGE_CURVE('',#838,#839,#723,.T.);
#1021=EDGE_CURVE('',#839,#840,#222,.T.);
#1022=EDGE_CURVE('',#840,#835,#724,.T.);
#1023=EDGE_CURVE('',#835,#838,#223,.T.);
#1024=EDGE_CURVE('',#840,#836,#725,.T.);
#1025=EDGE_CURVE('',#841,#842,#726,.T.);
#1026=EDGE_CURVE('',#842,#843,#224,.T.);
#1027=EDGE_CURVE('',#843,#838,#727,.T.);
#1028=EDGE_CURVE('',#838,#841,#225,.T.);
#1029=EDGE_CURVE('',#844,#845,#728,.T.);
#1030=EDGE_CURVE('',#845,#842,#729,.T.);
#1031=EDGE_CURVE('',#841,#844,#730,.T.);
#1032=EDGE_CURVE('',#846,#847,#731,.T.);
#1033=EDGE_CURVE('',#847,#845,#226,.T.);
#1034=EDGE_CURVE('',#844,#846,#227,.T.);
#1035=EDGE_CURVE('',#843,#839,#732,.T.);
#1036=EDGE_CURVE('',#827,#848,#733,.T.);
#1037=EDGE_CURVE('',#848,#849,#228,.T.);
#1038=EDGE_CURVE('',#849,#846,#734,.T.);
#1039=EDGE_CURVE('',#846,#827,#229,.T.);
#1040=EDGE_CURVE('',#849,#847,#735,.T.);
#1041=EDGE_CURVE('',#826,#848,#736,.T.);
#1042=EDGE_CURVE('',#840,#850,#230,.T.);
#1043=EDGE_CURVE('',#851,#850,#737,.T.);
#1044=EDGE_CURVE('',#851,#836,#231,.T.);
#1045=EDGE_CURVE('',#852,#839,#232,.T.);
#1046=EDGE_CURVE('',#850,#852,#233,.T.);
#1047=EDGE_CURVE('',#843,#853,#234,.T.);
#1048=EDGE_CURVE('',#852,#853,#738,.T.);
#1049=EDGE_CURVE('',#854,#842,#235,.T.);
#1050=EDGE_CURVE('',#853,#854,#236,.T.);
#1051=EDGE_CURVE('',#845,#855,#237,.T.);
#1052=EDGE_CURVE('',#854,#855,#739,.T.);
#1053=EDGE_CURVE('',#856,#847,#238,.T.);
#1054=EDGE_CURVE('',#855,#856,#239,.T.);
#1055=EDGE_CURVE('',#849,#857,#240,.T.);
#1056=EDGE_CURVE('',#856,#857,#740,.T.);
#1057=EDGE_CURVE('',#858,#848,#241,.T.);
#1058=EDGE_CURVE('',#857,#858,#242,.T.);
#1059=EDGE_CURVE('',#859,#859,#741,.T.);
#1060=EDGE_CURVE('',#860,#861,#243,.T.);
#1061=EDGE_CURVE('',#862,#860,#244,.T.);
#1062=EDGE_CURVE('',#863,#862,#245,.T.);
#1063=EDGE_CURVE('',#864,#863,#246,.T.);
#1064=EDGE_CURVE('',#865,#864,#247,.T.);
#1065=EDGE_CURVE('',#861,#865,#248,.T.);
#1066=EDGE_CURVE('',#866,#867,#249,.T.);
#1067=EDGE_CURVE('',#868,#866,#250,.T.);
#1068=EDGE_CURVE('',#869,#868,#251,.T.);
#1069=EDGE_CURVE('',#870,#869,#252,.T.);
#1070=EDGE_CURVE('',#871,#870,#253,.T.);
#1071=EDGE_CURVE('',#867,#871,#254,.T.);
#1072=EDGE_CURVE('',#872,#873,#742,.T.);
#1073=EDGE_CURVE('',#873,#851,#255,.T.);
#1074=EDGE_CURVE('',#851,#874,#743,.T.);
#1075=EDGE_CURVE('',#874,#872,#256,.T.);
#1076=EDGE_CURVE('',#875,#876,#744,.T.);
#1077=EDGE_CURVE('',#876,#877,#257,.T.);
#1078=EDGE_CURVE('',#877,#872,#745,.T.);
#1079=EDGE_CURVE('',#872,#875,#258,.T.);
#1080=EDGE_CURVE('',#877,#873,#746,.T.);
#1081=EDGE_CURVE('',#878,#879,#747,.T.);
#1082=EDGE_CURVE('',#879,#880,#259,.T.);
#1083=EDGE_CURVE('',#880,#875,#748,.T.);
#1084=EDGE_CURVE('',#875,#878,#260,.T.);
#1085=EDGE_CURVE('',#881,#882,#749,.T.);
#1086=EDGE_CURVE('',#882,#879,#750,.T.);
#1087=EDGE_CURVE('',#878,#881,#751,.T.);
#1088=EDGE_CURVE('',#883,#884,#752,.T.);
#1089=EDGE_CURVE('',#884,#882,#261,.T.);
#1090=EDGE_CURVE('',#881,#883,#262,.T.);
#1091=EDGE_CURVE('',#880,#876,#753,.T.);
#1092=EDGE_CURVE('',#885,#857,#754,.T.);
#1093=EDGE_CURVE('',#858,#883,#755,.T.);
#1094=EDGE_CURVE('',#883,#885,#263,.T.);
#1095=EDGE_CURVE('',#858,#884,#756,.T.);
#1096=EDGE_CURVE('',#886,#855,#757,.T.);
#1097=EDGE_CURVE('',#856,#885,#758,.T.);
#1098=EDGE_CURVE('',#885,#886,#264,.T.);
#1099=EDGE_CURVE('',#887,#854,#759,.T.);
#1100=EDGE_CURVE('',#886,#887,#760,.T.);
#1101=EDGE_CURVE('',#888,#853,#761,.T.);
#1102=EDGE_CURVE('',#887,#888,#265,.T.);
#1103=EDGE_CURVE('',#874,#850,#762,.T.);
#1104=EDGE_CURVE('',#852,#888,#763,.T.);
#1105=EDGE_CURVE('',#888,#874,#266,.T.);
#1106=EDGE_CURVE('',#826,#884,#267,.T.);
#1107=EDGE_CURVE('',#889,#889,#764,.T.);
#1108=EDGE_CURVE('',#890,#890,#765,.T.);
#1109=EDGE_CURVE('',#837,#873,#268,.T.);
#1110=EDGE_CURVE('',#877,#833,#269,.T.);
#1111=EDGE_CURVE('',#882,#825,#270,.T.);
#1112=EDGE_CURVE('',#829,#879,#271,.T.);
#1113=EDGE_CURVE('',#880,#831,#272,.T.);
#1114=EDGE_CURVE('',#834,#876,#273,.T.);
#1115=EDGE_CURVE('',#859,#891,#274,.T.);
#1116=EDGE_CURVE('',#891,#891,#766,.T.);
#1117=EDGE_CURVE('',#891,#892,#275,.T.);
#1118=EDGE_CURVE('',#892,#892,#767,.T.);
#1119=EDGE_CURVE('',#867,#893,#276,.T.);
#1120=EDGE_CURVE('',#893,#894,#277,.T.);
#1121=EDGE_CURVE('',#894,#866,#278,.T.);
#1122=EDGE_CURVE('',#871,#895,#279,.T.);
#1123=EDGE_CURVE('',#895,#893,#280,.T.);
#1124=EDGE_CURVE('',#870,#896,#281,.T.);
#1125=EDGE_CURVE('',#896,#895,#282,.T.);
#1126=EDGE_CURVE('',#897,#896,#283,.T.);
#1127=EDGE_CURVE('',#869,#897,#284,.T.);
#1128=EDGE_CURVE('',#898,#897,#285,.T.);
#1129=EDGE_CURVE('',#868,#898,#286,.T.);
#1130=EDGE_CURVE('',#894,#898,#287,.T.);
#1131=EDGE_CURVE('',#898,#899,#288,.T.);
#1132=EDGE_CURVE('',#899,#900,#289,.T.);
#1133=EDGE_CURVE('',#897,#900,#290,.T.);
#1134=EDGE_CURVE('',#894,#901,#291,.T.);
#1135=EDGE_CURVE('',#901,#899,#292,.T.);
#1136=EDGE_CURVE('',#893,#902,#293,.T.);
#1137=EDGE_CURVE('',#902,#901,#294,.T.);
#1138=EDGE_CURVE('',#864,#903,#295,.T.);
#1139=EDGE_CURVE('',#903,#904,#296,.T.);
#1140=EDGE_CURVE('',#865,#904,#297,.T.);
#1141=EDGE_CURVE('',#863,#905,#298,.T.);
#1142=EDGE_CURVE('',#905,#903,#299,.T.);
#1143=EDGE_CURVE('',#862,#906,#300,.T.);
#1144=EDGE_CURVE('',#906,#905,#301,.T.);
#1145=EDGE_CURVE('',#907,#908,#302,.T.);
#1146=EDGE_CURVE('',#908,#860,#303,.T.);
#1147=EDGE_CURVE('',#861,#907,#304,.T.);
#1148=EDGE_CURVE('',#908,#906,#305,.T.);
#1149=EDGE_CURVE('',#904,#907,#306,.T.);
#1150=EDGE_CURVE('',#906,#909,#307,.T.);
#1151=EDGE_CURVE('',#909,#910,#308,.T.);
#1152=EDGE_CURVE('',#905,#910,#309,.T.);
#1153=EDGE_CURVE('',#908,#911,#310,.T.);
#1154=EDGE_CURVE('',#911,#909,#311,.T.);
#1155=EDGE_CURVE('',#907,#912,#312,.T.);
#1156=EDGE_CURVE('',#912,#911,#313,.T.);
#1157=EDGE_CURVE('',#904,#913,#314,.T.);
#1158=EDGE_CURVE('',#913,#912,#315,.T.);
#1159=EDGE_CURVE('',#903,#914,#316,.T.);
#1160=EDGE_CURVE('',#914,#913,#317,.T.);
#1161=EDGE_CURVE('',#910,#914,#318,.T.);
#1162=EDGE_CURVE('',#915,#915,#768,.T.);
#1163=EDGE_CURVE('',#895,#916,#319,.T.);
#1164=EDGE_CURVE('',#916,#902,#320,.T.);
#1165=EDGE_CURVE('',#896,#917,#321,.T.);
#1166=EDGE_CURVE('',#917,#916,#322,.T.);
#1167=EDGE_CURVE('',#900,#917,#323,.T.);
#1168=EDGE_CURVE('',#918,#918,#769,.T.);
#1169=EDGE_CURVE('',#889,#915,#324,.T.);
#1170=EDGE_CURVE('',#890,#918,#325,.T.);
#1171=ORIENTED_EDGE('',*,*,#919,.T.);
#1172=ORIENTED_EDGE('',*,*,#920,.T.);
#1173=ORIENTED_EDGE('',*,*,#921,.T.);
#1174=ORIENTED_EDGE('',*,*,#919,.F.);
#1175=ORIENTED_EDGE('',*,*,#921,.F.);
#1176=ORIENTED_EDGE('',*,*,#922,.T.);
#1177=ORIENTED_EDGE('',*,*,#920,.F.);
#1178=ORIENTED_EDGE('',*,*,#923,.T.);
#1179=ORIENTED_EDGE('',*,*,#924,.T.);
#1180=ORIENTED_EDGE('',*,*,#923,.F.);
#1181=ORIENTED_EDGE('',*,*,#922,.F.);
#1182=ORIENTED_EDGE('',*,*,#924,.F.);
#1183=ORIENTED_EDGE('',*,*,#925,.T.);
#1184=ORIENTED_EDGE('',*,*,#926,.F.);
#1185=ORIENTED_EDGE('',*,*,#927,.T.);
#1186=ORIENTED_EDGE('',*,*,#928,.T.);
#1187=ORIENTED_EDGE('',*,*,#929,.T.);
#1188=ORIENTED_EDGE('',*,*,#930,.F.);
#1189=ORIENTED_EDGE('',*,*,#925,.F.);
#1190=ORIENTED_EDGE('',*,*,#931,.T.);
#1191=ORIENTED_EDGE('',*,*,#932,.T.);
#1192=ORIENTED_EDGE('',*,*,#933,.F.);
#1193=ORIENTED_EDGE('',*,*,#929,.F.);
#1194=ORIENTED_EDGE('',*,*,#934,.T.);
#1195=ORIENTED_EDGE('',*,*,#935,.T.);
#1196=ORIENTED_EDGE('',*,*,#936,.F.);
#1197=ORIENTED_EDGE('',*,*,#932,.F.);
#1198=ORIENTED_EDGE('',*,*,#937,.T.);
#1199=ORIENTED_EDGE('',*,*,#938,.F.);
#1200=ORIENTED_EDGE('',*,*,#939,.T.);
#1201=ORIENTED_EDGE('',*,*,#940,.F.);
#1202=ORIENTED_EDGE('',*,*,#941,.F.);
#1203=ORIENTED_EDGE('',*,*,#942,.T.);
#1204=ORIENTED_EDGE('',*,*,#943,.T.);
#1205=ORIENTED_EDGE('',*,*,#944,.F.);
#1206=ORIENTED_EDGE('',*,*,#943,.F.);
#1207=ORIENTED_EDGE('',*,*,#945,.T.);
#1208=ORIENTED_EDGE('',*,*,#946,.T.);
#1209=ORIENTED_EDGE('',*,*,#947,.T.);
#1210=ORIENTED_EDGE('',*,*,#927,.F.);
#1211=ORIENTED_EDGE('',*,*,#948,.F.);
#1212=ORIENTED_EDGE('',*,*,#949,.T.);
#1213=ORIENTED_EDGE('',*,*,#950,.F.);
#1214=ORIENTED_EDGE('',*,*,#951,.T.);
#1215=ORIENTED_EDGE('',*,*,#952,.F.);
#1216=ORIENTED_EDGE('',*,*,#953,.T.);
#1217=ORIENTED_EDGE('',*,*,#954,.F.);
#1218=ORIENTED_EDGE('',*,*,#955,.T.);
#1219=ORIENTED_EDGE('',*,*,#956,.T.);
#1220=ORIENTED_EDGE('',*,*,#955,.F.);
#1221=ORIENTED_EDGE('',*,*,#957,.F.);
#1222=ORIENTED_EDGE('',*,*,#958,.T.);
#1223=ORIENTED_EDGE('',*,*,#959,.F.);
#1224=ORIENTED_EDGE('',*,*,#960,.T.);
#1225=ORIENTED_EDGE('',*,*,#961,.F.);
#1226=ORIENTED_EDGE('',*,*,#962,.T.);
#1227=ORIENTED_EDGE('',*,*,#963,.T.);
#1228=ORIENTED_EDGE('',*,*,#964,.T.);
#1229=ORIENTED_EDGE('',*,*,#965,.T.);
#1230=ORIENTED_EDGE('',*,*,#964,.F.);
#1231=ORIENTED_EDGE('',*,*,#966,.T.);
#1232=ORIENTED_EDGE('',*,*,#967,.T.);
#1233=ORIENTED_EDGE('',*,*,#968,.T.);
#1234=ORIENTED_EDGE('',*,*,#940,.T.);
#1235=ORIENTED_EDGE('',*,*,#969,.T.);
#1236=ORIENTED_EDGE('',*,*,#970,.T.);
#1237=ORIENTED_EDGE('',*,*,#971,.T.);
#1238=ORIENTED_EDGE('',*,*,#972,.T.);
#1239=ORIENTED_EDGE('',*,*,#973,.T.);
#1240=ORIENTED_EDGE('',*,*,#974,.T.);
#1241=ORIENTED_EDGE('',*,*,#975,.T.);
#1242=ORIENTED_EDGE('',*,*,#976,.T.);
#1243=ORIENTED_EDGE('',*,*,#977,.F.);
#1244=ORIENTED_EDGE('',*,*,#976,.F.);
#1245=ORIENTED_EDGE('',*,*,#978,.T.);
#1246=ORIENTED_EDGE('',*,*,#979,.T.);
#1247=ORIENTED_EDGE('',*,*,#980,.T.);
#1248=ORIENTED_EDGE('',*,*,#981,.T.);
#1249=ORIENTED_EDGE('',*,*,#982,.T.);
#1250=ORIENTED_EDGE('',*,*,#983,.T.);
#1251=ORIENTED_EDGE('',*,*,#938,.T.);
#1252=ORIENTED_EDGE('',*,*,#984,.F.);
#1253=ORIENTED_EDGE('',*,*,#935,.F.);
#1254=ORIENTED_EDGE('',*,*,#985,.T.);
#1255=ORIENTED_EDGE('',*,*,#956,.F.);
#1256=ORIENTED_EDGE('',*,*,#944,.T.);
#1257=ORIENTED_EDGE('',*,*,#977,.T.);
#1258=ORIENTED_EDGE('',*,*,#965,.F.);
#1259=ORIENTED_EDGE('',*,*,#986,.T.);
#1260=ORIENTED_EDGE('',*,*,#961,.T.);
#1261=ORIENTED_EDGE('',*,*,#987,.T.);
#1262=ORIENTED_EDGE('',*,*,#971,.F.);
#1263=ORIENTED_EDGE('',*,*,#988,.T.);
#1264=ORIENTED_EDGE('',*,*,#959,.T.);
#1265=ORIENTED_EDGE('',*,*,#989,.T.);
#1266=ORIENTED_EDGE('',*,*,#973,.F.);
#1267=ORIENTED_EDGE('',*,*,#990,.T.);
#1268=ORIENTED_EDGE('',*,*,#957,.T.);
#1269=ORIENTED_EDGE('',*,*,#954,.T.);
#1270=ORIENTED_EDGE('',*,*,#991,.T.);
#1271=ORIENTED_EDGE('',*,*,#978,.F.);
#1272=ORIENTED_EDGE('',*,*,#975,.F.);
#1273=ORIENTED_EDGE('',*,*,#992,.T.);
#1274=ORIENTED_EDGE('',*,*,#952,.T.);
#1275=ORIENTED_EDGE('',*,*,#993,.T.);
#1276=ORIENTED_EDGE('',*,*,#980,.F.);
#1277=ORIENTED_EDGE('',*,*,#994,.T.);
#1278=ORIENTED_EDGE('',*,*,#950,.T.);
#1279=ORIENTED_EDGE('',*,*,#995,.T.);
#1280=ORIENTED_EDGE('',*,*,#982,.F.);
#1281=ORIENTED_EDGE('',*,*,#996,.T.);
#1282=ORIENTED_EDGE('',*,*,#948,.T.);
#1283=ORIENTED_EDGE('',*,*,#997,.T.);
#1284=ORIENTED_EDGE('',*,*,#969,.F.);
#1285=ORIENTED_EDGE('',*,*,#949,.F.);
#1286=ORIENTED_EDGE('',*,*,#996,.F.);
#1287=ORIENTED_EDGE('',*,*,#983,.F.);
#1288=ORIENTED_EDGE('',*,*,#995,.F.);
#1289=ORIENTED_EDGE('',*,*,#951,.F.);
#1290=ORIENTED_EDGE('',*,*,#994,.F.);
#1291=ORIENTED_EDGE('',*,*,#981,.F.);
#1292=ORIENTED_EDGE('',*,*,#993,.F.);
#1293=ORIENTED_EDGE('',*,*,#953,.F.);
#1294=ORIENTED_EDGE('',*,*,#992,.F.);
#1295=ORIENTED_EDGE('',*,*,#979,.F.);
#1296=ORIENTED_EDGE('',*,*,#991,.F.);
#1297=ORIENTED_EDGE('',*,*,#958,.F.);
#1298=ORIENTED_EDGE('',*,*,#990,.F.);
#1299=ORIENTED_EDGE('',*,*,#974,.F.);
#1300=ORIENTED_EDGE('',*,*,#989,.F.);
#1301=ORIENTED_EDGE('',*,*,#962,.F.);
#1302=ORIENTED_EDGE('',*,*,#986,.F.);
#1303=ORIENTED_EDGE('',*,*,#970,.F.);
#1304=ORIENTED_EDGE('',*,*,#997,.F.);
#1305=ORIENTED_EDGE('',*,*,#960,.F.);
#1306=ORIENTED_EDGE('',*,*,#988,.F.);
#1307=ORIENTED_EDGE('',*,*,#972,.F.);
#1308=ORIENTED_EDGE('',*,*,#987,.F.);
#1309=ORIENTED_EDGE('',*,*,#942,.F.);
#1310=ORIENTED_EDGE('',*,*,#926,.T.);
#1311=ORIENTED_EDGE('',*,*,#930,.T.);
#1312=ORIENTED_EDGE('',*,*,#933,.T.);
#1313=ORIENTED_EDGE('',*,*,#936,.T.);
#1314=ORIENTED_EDGE('',*,*,#984,.T.);
#1315=ORIENTED_EDGE('',*,*,#941,.T.);
#1316=ORIENTED_EDGE('',*,*,#968,.F.);
#1317=ORIENTED_EDGE('',*,*,#998,.T.);
#1318=ORIENTED_EDGE('',*,*,#945,.F.);
#1319=ORIENTED_EDGE('',*,*,#947,.F.);
#1320=ORIENTED_EDGE('',*,*,#999,.F.);
#1321=ORIENTED_EDGE('',*,*,#966,.F.);
#1322=ORIENTED_EDGE('',*,*,#963,.F.);
#1323=ORIENTED_EDGE('',*,*,#939,.F.);
#1324=ORIENTED_EDGE('',*,*,#985,.F.);
#1325=ORIENTED_EDGE('',*,*,#937,.F.);
#1326=ORIENTED_EDGE('',*,*,#934,.F.);
#1327=ORIENTED_EDGE('',*,*,#931,.F.);
#1328=ORIENTED_EDGE('',*,*,#928,.F.);
#1329=ORIENTED_EDGE('',*,*,#946,.F.);
#1330=ORIENTED_EDGE('',*,*,#998,.F.);
#1331=ORIENTED_EDGE('',*,*,#967,.F.);
#1332=ORIENTED_EDGE('',*,*,#999,.T.);
#1333=ORIENTED_EDGE('',*,*,#1000,.T.);
#1334=ORIENTED_EDGE('',*,*,#1001,.T.);
#1335=ORIENTED_EDGE('',*,*,#1002,.T.);
#1336=ORIENTED_EDGE('',*,*,#1003,.T.);
#1337=ORIENTED_EDGE('',*,*,#1004,.T.);
#1338=ORIENTED_EDGE('',*,*,#1005,.T.);
#1339=ORIENTED_EDGE('',*,*,#1000,.F.);
#1340=ORIENTED_EDGE('',*,*,#1006,.T.);
#1341=ORIENTED_EDGE('',*,*,#1007,.T.);
#1342=ORIENTED_EDGE('',*,*,#1008,.T.);
#1343=ORIENTED_EDGE('',*,*,#1004,.F.);
#1344=ORIENTED_EDGE('',*,*,#1009,.T.);
#1345=ORIENTED_EDGE('',*,*,#1010,.T.);
#1346=ORIENTED_EDGE('',*,*,#1011,.T.);
#1347=ORIENTED_EDGE('',*,*,#1012,.T.);
#1348=ORIENTED_EDGE('',*,*,#1013,.T.);
#1349=ORIENTED_EDGE('',*,*,#1012,.F.);
#1350=ORIENTED_EDGE('',*,*,#1014,.T.);
#1351=ORIENTED_EDGE('',*,*,#1007,.F.);
#1352=ORIENTED_EDGE('',*,*,#1015,.T.);
#1353=ORIENTED_EDGE('',*,*,#1016,.T.);
#1354=ORIENTED_EDGE('',*,*,#1017,.T.);
#1355=ORIENTED_EDGE('',*,*,#1018,.T.);
#1356=ORIENTED_EDGE('',*,*,#1017,.F.);
#1357=ORIENTED_EDGE('',*,*,#1019,.T.);
#1358=ORIENTED_EDGE('',*,*,#1010,.F.);
#1359=ORIENTED_EDGE('',*,*,#1020,.T.);
#1360=ORIENTED_EDGE('',*,*,#1021,.T.);
#1361=ORIENTED_EDGE('',*,*,#1022,.T.);
#1362=ORIENTED_EDGE('',*,*,#1023,.T.);
#1363=ORIENTED_EDGE('',*,*,#1022,.F.);
#1364=ORIENTED_EDGE('',*,*,#1024,.T.);
#1365=ORIENTED_EDGE('',*,*,#1015,.F.);
#1366=ORIENTED_EDGE('',*,*,#1025,.T.);
#1367=ORIENTED_EDGE('',*,*,#1026,.T.);
#1368=ORIENTED_EDGE('',*,*,#1027,.T.);
#1369=ORIENTED_EDGE('',*,*,#1028,.T.);
#1370=ORIENTED_EDGE('',*,*,#1029,.T.);
#1371=ORIENTED_EDGE('',*,*,#1030,.T.);
#1372=ORIENTED_EDGE('',*,*,#1025,.F.);
#1373=ORIENTED_EDGE('',*,*,#1031,.T.);
#1374=ORIENTED_EDGE('',*,*,#1032,.T.);
#1375=ORIENTED_EDGE('',*,*,#1033,.T.);
#1376=ORIENTED_EDGE('',*,*,#1029,.F.);
#1377=ORIENTED_EDGE('',*,*,#1034,.T.);
#1378=ORIENTED_EDGE('',*,*,#1027,.F.);
#1379=ORIENTED_EDGE('',*,*,#1035,.T.);
#1380=ORIENTED_EDGE('',*,*,#1020,.F.);
#1381=ORIENTED_EDGE('',*,*,#1036,.T.);
#1382=ORIENTED_EDGE('',*,*,#1037,.T.);
#1383=ORIENTED_EDGE('',*,*,#1038,.T.);
#1384=ORIENTED_EDGE('',*,*,#1039,.T.);
#1385=ORIENTED_EDGE('',*,*,#1038,.F.);
#1386=ORIENTED_EDGE('',*,*,#1040,.T.);
#1387=ORIENTED_EDGE('',*,*,#1032,.F.);
#1388=ORIENTED_EDGE('',*,*,#1002,.F.);
#1389=ORIENTED_EDGE('',*,*,#1041,.T.);
#1390=ORIENTED_EDGE('',*,*,#1036,.F.);
#1391=ORIENTED_EDGE('',*,*,#1024,.F.);
#1392=ORIENTED_EDGE('',*,*,#1042,.T.);
#1393=ORIENTED_EDGE('',*,*,#1043,.F.);
#1394=ORIENTED_EDGE('',*,*,#1044,.T.);
#1395=ORIENTED_EDGE('',*,*,#1021,.F.);
#1396=ORIENTED_EDGE('',*,*,#1045,.F.);
#1397=ORIENTED_EDGE('',*,*,#1046,.F.);
#1398=ORIENTED_EDGE('',*,*,#1042,.F.);
#1399=ORIENTED_EDGE('',*,*,#1035,.F.);
#1400=ORIENTED_EDGE('',*,*,#1047,.T.);
#1401=ORIENTED_EDGE('',*,*,#1048,.F.);
#1402=ORIENTED_EDGE('',*,*,#1045,.T.);
#1403=ORIENTED_EDGE('',*,*,#1026,.F.);
#1404=ORIENTED_EDGE('',*,*,#1049,.F.);
#1405=ORIENTED_EDGE('',*,*,#1050,.F.);
#1406=ORIENTED_EDGE('',*,*,#1047,.F.);
#1407=ORIENTED_EDGE('',*,*,#1030,.F.);
#1408=ORIENTED_EDGE('',*,*,#1051,.T.);
#1409=ORIENTED_EDGE('',*,*,#1052,.F.);
#1410=ORIENTED_EDGE('',*,*,#1049,.T.);
#1411=ORIENTED_EDGE('',*,*,#1033,.F.);
#1412=ORIENTED_EDGE('',*,*,#1053,.F.);
#1413=ORIENTED_EDGE('',*,*,#1054,.F.);
#1414=ORIENTED_EDGE('',*,*,#1051,.F.);
#1415=ORIENTED_EDGE('',*,*,#1040,.F.);
#1416=ORIENTED_EDGE('',*,*,#1055,.T.);
#1417=ORIENTED_EDGE('',*,*,#1056,.F.);
#1418=ORIENTED_EDGE('',*,*,#1053,.T.);
#1419=ORIENTED_EDGE('',*,*,#1037,.F.);
#1420=ORIENTED_EDGE('',*,*,#1057,.F.);
#1421=ORIENTED_EDGE('',*,*,#1058,.F.);
#1422=ORIENTED_EDGE('',*,*,#1055,.F.);
#1423=ORIENTED_EDGE('',*,*,#1003,.F.);
#1424=ORIENTED_EDGE('',*,*,#1039,.F.);
#1425=ORIENTED_EDGE('',*,*,#1034,.F.);
#1426=ORIENTED_EDGE('',*,*,#1031,.F.);
#1427=ORIENTED_EDGE('',*,*,#1028,.F.);
#1428=ORIENTED_EDGE('',*,*,#1023,.F.);
#1429=ORIENTED_EDGE('',*,*,#1018,.F.);
#1430=ORIENTED_EDGE('',*,*,#1013,.F.);
#1431=ORIENTED_EDGE('',*,*,#1009,.F.);
#1432=ORIENTED_EDGE('',*,*,#1006,.F.);
#1433=ORIENTED_EDGE('',*,*,#1059,.F.);
#1434=ORIENTED_EDGE('',*,*,#1060,.F.);
#1435=ORIENTED_EDGE('',*,*,#1061,.F.);
#1436=ORIENTED_EDGE('',*,*,#1062,.F.);
#1437=ORIENTED_EDGE('',*,*,#1063,.F.);
#1438=ORIENTED_EDGE('',*,*,#1064,.F.);
#1439=ORIENTED_EDGE('',*,*,#1065,.F.);
#1440=ORIENTED_EDGE('',*,*,#1066,.F.);
#1441=ORIENTED_EDGE('',*,*,#1067,.F.);
#1442=ORIENTED_EDGE('',*,*,#1068,.F.);
#1443=ORIENTED_EDGE('',*,*,#1069,.F.);
#1444=ORIENTED_EDGE('',*,*,#1070,.F.);
#1445=ORIENTED_EDGE('',*,*,#1071,.F.);
#1446=ORIENTED_EDGE('',*,*,#1072,.T.);
#1447=ORIENTED_EDGE('',*,*,#1073,.T.);
#1448=ORIENTED_EDGE('',*,*,#1074,.T.);
#1449=ORIENTED_EDGE('',*,*,#1075,.T.);
#1450=ORIENTED_EDGE('',*,*,#1076,.T.);
#1451=ORIENTED_EDGE('',*,*,#1077,.T.);
#1452=ORIENTED_EDGE('',*,*,#1078,.T.);
#1453=ORIENTED_EDGE('',*,*,#1079,.T.);
#1454=ORIENTED_EDGE('',*,*,#1078,.F.);
#1455=ORIENTED_EDGE('',*,*,#1080,.T.);
#1456=ORIENTED_EDGE('',*,*,#1072,.F.);
#1457=ORIENTED_EDGE('',*,*,#1081,.T.);
#1458=ORIENTED_EDGE('',*,*,#1082,.T.);
#1459=ORIENTED_EDGE('',*,*,#1083,.T.);
#1460=ORIENTED_EDGE('',*,*,#1084,.T.);
#1461=ORIENTED_EDGE('',*,*,#1085,.T.);
#1462=ORIENTED_EDGE('',*,*,#1086,.T.);
#1463=ORIENTED_EDGE('',*,*,#1081,.F.);
#1464=ORIENTED_EDGE('',*,*,#1087,.T.);
#1465=ORIENTED_EDGE('',*,*,#1088,.T.);
#1466=ORIENTED_EDGE('',*,*,#1089,.T.);
#1467=ORIENTED_EDGE('',*,*,#1085,.F.);
#1468=ORIENTED_EDGE('',*,*,#1090,.T.);
#1469=ORIENTED_EDGE('',*,*,#1083,.F.);
#1470=ORIENTED_EDGE('',*,*,#1091,.T.);
#1471=ORIENTED_EDGE('',*,*,#1076,.F.);
#1472=ORIENTED_EDGE('',*,*,#1092,.T.);
#1473=ORIENTED_EDGE('',*,*,#1058,.T.);
#1474=ORIENTED_EDGE('',*,*,#1093,.T.);
#1475=ORIENTED_EDGE('',*,*,#1094,.T.);
#1476=ORIENTED_EDGE('',*,*,#1093,.F.);
#1477=ORIENTED_EDGE('',*,*,#1095,.T.);
#1478=ORIENTED_EDGE('',*,*,#1088,.F.);
#1479=ORIENTED_EDGE('',*,*,#1096,.T.);
#1480=ORIENTED_EDGE('',*,*,#1054,.T.);
#1481=ORIENTED_EDGE('',*,*,#1097,.T.);
#1482=ORIENTED_EDGE('',*,*,#1098,.T.);
#1483=ORIENTED_EDGE('',*,*,#1099,.T.);
#1484=ORIENTED_EDGE('',*,*,#1052,.T.);
#1485=ORIENTED_EDGE('',*,*,#1096,.F.);
#1486=ORIENTED_EDGE('',*,*,#1100,.T.);
#1487=ORIENTED_EDGE('',*,*,#1101,.T.);
#1488=ORIENTED_EDGE('',*,*,#1050,.T.);
#1489=ORIENTED_EDGE('',*,*,#1099,.F.);
#1490=ORIENTED_EDGE('',*,*,#1102,.T.);
#1491=ORIENTED_EDGE('',*,*,#1097,.F.);
#1492=ORIENTED_EDGE('',*,*,#1056,.T.);
#1493=ORIENTED_EDGE('',*,*,#1092,.F.);
#1494=ORIENTED_EDGE('',*,*,#1103,.T.);
#1495=ORIENTED_EDGE('',*,*,#1046,.T.);
#1496=ORIENTED_EDGE('',*,*,#1104,.T.);
#1497=ORIENTED_EDGE('',*,*,#1105,.T.);
#1498=ORIENTED_EDGE('',*,*,#1104,.F.);
#1499=ORIENTED_EDGE('',*,*,#1048,.T.);
#1500=ORIENTED_EDGE('',*,*,#1101,.F.);
#1501=ORIENTED_EDGE('',*,*,#1074,.F.);
#1502=ORIENTED_EDGE('',*,*,#1043,.T.);
#1503=ORIENTED_EDGE('',*,*,#1103,.F.);
#1504=ORIENTED_EDGE('',*,*,#1041,.F.);
#1505=ORIENTED_EDGE('',*,*,#1106,.T.);
#1506=ORIENTED_EDGE('',*,*,#1095,.F.);
#1507=ORIENTED_EDGE('',*,*,#1057,.T.);
#1508=ORIENTED_EDGE('',*,*,#1075,.F.);
#1509=ORIENTED_EDGE('',*,*,#1105,.F.);
#1510=ORIENTED_EDGE('',*,*,#1102,.F.);
#1511=ORIENTED_EDGE('',*,*,#1100,.F.);
#1512=ORIENTED_EDGE('',*,*,#1098,.F.);
#1513=ORIENTED_EDGE('',*,*,#1094,.F.);
#1514=ORIENTED_EDGE('',*,*,#1090,.F.);
#1515=ORIENTED_EDGE('',*,*,#1087,.F.);
#1516=ORIENTED_EDGE('',*,*,#1084,.F.);
#1517=ORIENTED_EDGE('',*,*,#1079,.F.);
#1518=ORIENTED_EDGE('',*,*,#1107,.T.);
#1519=ORIENTED_EDGE('',*,*,#1108,.T.);
#1520=ORIENTED_EDGE('',*,*,#1019,.F.);
#1521=ORIENTED_EDGE('',*,*,#1109,.T.);
#1522=ORIENTED_EDGE('',*,*,#1080,.F.);
#1523=ORIENTED_EDGE('',*,*,#1110,.T.);
#1524=ORIENTED_EDGE('',*,*,#1016,.F.);
#1525=ORIENTED_EDGE('',*,*,#1044,.F.);
#1526=ORIENTED_EDGE('',*,*,#1073,.F.);
#1527=ORIENTED_EDGE('',*,*,#1109,.F.);
#1528=ORIENTED_EDGE('',*,*,#1001,.F.);
#1529=ORIENTED_EDGE('',*,*,#1111,.F.);
#1530=ORIENTED_EDGE('',*,*,#1089,.F.);
#1531=ORIENTED_EDGE('',*,*,#1106,.F.);
#1532=ORIENTED_EDGE('',*,*,#1005,.F.);
#1533=ORIENTED_EDGE('',*,*,#1112,.T.);
#1534=ORIENTED_EDGE('',*,*,#1086,.F.);
#1535=ORIENTED_EDGE('',*,*,#1111,.T.);
#1536=ORIENTED_EDGE('',*,*,#1008,.F.);
#1537=ORIENTED_EDGE('',*,*,#1113,.F.);
#1538=ORIENTED_EDGE('',*,*,#1082,.F.);
#1539=ORIENTED_EDGE('',*,*,#1112,.F.);
#1540=ORIENTED_EDGE('',*,*,#1014,.F.);
#1541=ORIENTED_EDGE('',*,*,#1114,.T.);
#1542=ORIENTED_EDGE('',*,*,#1091,.F.);
#1543=ORIENTED_EDGE('',*,*,#1113,.T.);
#1544=ORIENTED_EDGE('',*,*,#1011,.F.);
#1545=ORIENTED_EDGE('',*,*,#1110,.F.);
#1546=ORIENTED_EDGE('',*,*,#1077,.F.);
#1547=ORIENTED_EDGE('',*,*,#1114,.F.);
#1548=ORIENTED_EDGE('',*,*,#1059,.T.);
#1549=ORIENTED_EDGE('',*,*,#1115,.T.);
#1550=ORIENTED_EDGE('',*,*,#1116,.T.);
#1551=ORIENTED_EDGE('',*,*,#1115,.F.);
#1552=ORIENTED_EDGE('',*,*,#1116,.F.);
#1553=ORIENTED_EDGE('',*,*,#1117,.T.);
#1554=ORIENTED_EDGE('',*,*,#1118,.T.);
#1555=ORIENTED_EDGE('',*,*,#1117,.F.);
#1556=ORIENTED_EDGE('',*,*,#1066,.T.);
#1557=ORIENTED_EDGE('',*,*,#1119,.T.);
#1558=ORIENTED_EDGE('',*,*,#1120,.T.);
#1559=ORIENTED_EDGE('',*,*,#1121,.T.);
#1560=ORIENTED_EDGE('',*,*,#1071,.T.);
#1561=ORIENTED_EDGE('',*,*,#1122,.T.);
#1562=ORIENTED_EDGE('',*,*,#1123,.T.);
#1563=ORIENTED_EDGE('',*,*,#1119,.F.);
#1564=ORIENTED_EDGE('',*,*,#1070,.T.);
#1565=ORIENTED_EDGE('',*,*,#1124,.T.);
#1566=ORIENTED_EDGE('',*,*,#1125,.T.);
#1567=ORIENTED_EDGE('',*,*,#1122,.F.);
#1568=ORIENTED_EDGE('',*,*,#1126,.T.);
#1569=ORIENTED_EDGE('',*,*,#1124,.F.);
#1570=ORIENTED_EDGE('',*,*,#1069,.T.);
#1571=ORIENTED_EDGE('',*,*,#1127,.T.);
#1572=ORIENTED_EDGE('',*,*,#1128,.T.);
#1573=ORIENTED_EDGE('',*,*,#1127,.F.);
#1574=ORIENTED_EDGE('',*,*,#1068,.T.);
#1575=ORIENTED_EDGE('',*,*,#1129,.T.);
#1576=ORIENTED_EDGE('',*,*,#1067,.T.);
#1577=ORIENTED_EDGE('',*,*,#1121,.F.);
#1578=ORIENTED_EDGE('',*,*,#1130,.T.);
#1579=ORIENTED_EDGE('',*,*,#1129,.F.);
#1580=ORIENTED_EDGE('',*,*,#1128,.F.);
#1581=ORIENTED_EDGE('',*,*,#1131,.T.);
#1582=ORIENTED_EDGE('',*,*,#1132,.T.);
#1583=ORIENTED_EDGE('',*,*,#1133,.F.);
#1584=ORIENTED_EDGE('',*,*,#1130,.F.);
#1585=ORIENTED_EDGE('',*,*,#1134,.T.);
#1586=ORIENTED_EDGE('',*,*,#1135,.T.);
#1587=ORIENTED_EDGE('',*,*,#1131,.F.);
#1588=ORIENTED_EDGE('',*,*,#1120,.F.);
#1589=ORIENTED_EDGE('',*,*,#1136,.T.);
#1590=ORIENTED_EDGE('',*,*,#1137,.T.);
#1591=ORIENTED_EDGE('',*,*,#1134,.F.);
#1592=ORIENTED_EDGE('',*,*,#1064,.T.);
#1593=ORIENTED_EDGE('',*,*,#1138,.T.);
#1594=ORIENTED_EDGE('',*,*,#1139,.T.);
#1595=ORIENTED_EDGE('',*,*,#1140,.F.);
#1596=ORIENTED_EDGE('',*,*,#1063,.T.);
#1597=ORIENTED_EDGE('',*,*,#1141,.T.);
#1598=ORIENTED_EDGE('',*,*,#1142,.T.);
#1599=ORIENTED_EDGE('',*,*,#1138,.F.);
#1600=ORIENTED_EDGE('',*,*,#1062,.T.);
#1601=ORIENTED_EDGE('',*,*,#1143,.T.);
#1602=ORIENTED_EDGE('',*,*,#1144,.T.);
#1603=ORIENTED_EDGE('',*,*,#1141,.F.);
#1604=ORIENTED_EDGE('',*,*,#1145,.T.);
#1605=ORIENTED_EDGE('',*,*,#1146,.T.);
#1606=ORIENTED_EDGE('',*,*,#1060,.T.);
#1607=ORIENTED_EDGE('',*,*,#1147,.T.);
#1608=ORIENTED_EDGE('',*,*,#1061,.T.);
#1609=ORIENTED_EDGE('',*,*,#1146,.F.);
#1610=ORIENTED_EDGE('',*,*,#1148,.T.);
#1611=ORIENTED_EDGE('',*,*,#1143,.F.);
#1612=ORIENTED_EDGE('',*,*,#1149,.T.);
#1613=ORIENTED_EDGE('',*,*,#1147,.F.);
#1614=ORIENTED_EDGE('',*,*,#1065,.T.);
#1615=ORIENTED_EDGE('',*,*,#1140,.T.);
#1616=ORIENTED_EDGE('',*,*,#1144,.F.);
#1617=ORIENTED_EDGE('',*,*,#1150,.T.);
#1618=ORIENTED_EDGE('',*,*,#1151,.T.);
#1619=ORIENTED_EDGE('',*,*,#1152,.F.);
#1620=ORIENTED_EDGE('',*,*,#1148,.F.);
#1621=ORIENTED_EDGE('',*,*,#1153,.T.);
#1622=ORIENTED_EDGE('',*,*,#1154,.T.);
#1623=ORIENTED_EDGE('',*,*,#1150,.F.);
#1624=ORIENTED_EDGE('',*,*,#1145,.F.);
#1625=ORIENTED_EDGE('',*,*,#1155,.T.);
#1626=ORIENTED_EDGE('',*,*,#1156,.T.);
#1627=ORIENTED_EDGE('',*,*,#1153,.F.);
#1628=ORIENTED_EDGE('',*,*,#1118,.F.);
#1629=ORIENTED_EDGE('',*,*,#1149,.F.);
#1630=ORIENTED_EDGE('',*,*,#1157,.T.);
#1631=ORIENTED_EDGE('',*,*,#1158,.T.);
#1632=ORIENTED_EDGE('',*,*,#1155,.F.);
#1633=ORIENTED_EDGE('',*,*,#1139,.F.);
#1634=ORIENTED_EDGE('',*,*,#1159,.T.);
#1635=ORIENTED_EDGE('',*,*,#1160,.T.);
#1636=ORIENTED_EDGE('',*,*,#1157,.F.);
#1637=ORIENTED_EDGE('',*,*,#1142,.F.);
#1638=ORIENTED_EDGE('',*,*,#1152,.T.);
#1639=ORIENTED_EDGE('',*,*,#1161,.T.);
#1640=ORIENTED_EDGE('',*,*,#1159,.F.);
#1641=ORIENTED_EDGE('',*,*,#1154,.F.);
#1642=ORIENTED_EDGE('',*,*,#1156,.F.);
#1643=ORIENTED_EDGE('',*,*,#1158,.F.);
#1644=ORIENTED_EDGE('',*,*,#1160,.F.);
#1645=ORIENTED_EDGE('',*,*,#1161,.F.);
#1646=ORIENTED_EDGE('',*,*,#1151,.F.);
#1647=ORIENTED_EDGE('',*,*,#1162,.F.);
#1648=ORIENTED_EDGE('',*,*,#1123,.F.);
#1649=ORIENTED_EDGE('',*,*,#1163,.T.);
#1650=ORIENTED_EDGE('',*,*,#1164,.T.);
#1651=ORIENTED_EDGE('',*,*,#1136,.F.);
#1652=ORIENTED_EDGE('',*,*,#1125,.F.);
#1653=ORIENTED_EDGE('',*,*,#1165,.T.);
#1654=ORIENTED_EDGE('',*,*,#1166,.T.);
#1655=ORIENTED_EDGE('',*,*,#1163,.F.);
#1656=ORIENTED_EDGE('',*,*,#1126,.F.);
#1657=ORIENTED_EDGE('',*,*,#1133,.T.);
#1658=ORIENTED_EDGE('',*,*,#1167,.T.);
#1659=ORIENTED_EDGE('',*,*,#1165,.F.);
#1660=ORIENTED_EDGE('',*,*,#1135,.F.);
#1661=ORIENTED_EDGE('',*,*,#1137,.F.);
#1662=ORIENTED_EDGE('',*,*,#1164,.F.);
#1663=ORIENTED_EDGE('',*,*,#1166,.F.);
#1664=ORIENTED_EDGE('',*,*,#1167,.F.);
#1665=ORIENTED_EDGE('',*,*,#1132,.F.);
#1666=ORIENTED_EDGE('',*,*,#1168,.F.);
#1667=ORIENTED_EDGE('',*,*,#1107,.F.);
#1668=ORIENTED_EDGE('',*,*,#1169,.T.);
#1669=ORIENTED_EDGE('',*,*,#1162,.T.);
#1670=ORIENTED_EDGE('',*,*,#1169,.F.);
#1671=ORIENTED_EDGE('',*,*,#1108,.F.);
#1672=ORIENTED_EDGE('',*,*,#1170,.T.);
#1673=ORIENTED_EDGE('',*,*,#1168,.T.);
#1674=ORIENTED_EDGE('',*,*,#1170,.F.);
#1675=SPHERICAL_SURFACE('',#1830,2.50823053436198);
#1676=SPHERICAL_SURFACE('',#1837,2.72499999999999);
#1677=SPHERICAL_SURFACE('',#1882,1.);
#1678=SPHERICAL_SURFACE('',#1887,1.);
#1679=SPHERICAL_SURFACE('',#1892,1.);
#1680=SPHERICAL_SURFACE('',#1903,1.);
#1681=SPHERICAL_SURFACE('',#1908,1.);
#1682=SPHERICAL_SURFACE('',#1910,1.);
#1683=SPHERICAL_SURFACE('',#1932,1.);
#1684=SPHERICAL_SURFACE('',#1943,1.);
#1685=SPHERICAL_SURFACE('',#1948,1.);
#1686=SPHERICAL_SURFACE('',#1958,1.);
#1687=SPHERICAL_SURFACE('',#1962,1.);
#1688=SPHERICAL_SURFACE('',#1963,1.);
#1689=ADVANCED_FACE('',(#467),#1675,.T.);
#1690=ADVANCED_FACE('',(#468),#461,.T.);
#1691=ADVANCED_FACE('',(#469),#151,.T.);
#1692=ADVANCED_FACE('',(#470),#1676,.T.);
#1693=ADVANCED_FACE('',(#471),#152,.F.);
#1694=ADVANCED_FACE('',(#472),#153,.F.);
#1695=ADVANCED_FACE('',(#473),#154,.F.);
#1696=ADVANCED_FACE('',(#474),#155,.F.);
#1697=ADVANCED_FACE('',(#475),#156,.F.);
#1698=ADVANCED_FACE('',(#476),#462,.F.);
#1699=ADVANCED_FACE('',(#477),#463,.T.);
#1700=ADVANCED_FACE('',(#478),#464,.F.);
#1701=ADVANCED_FACE('',(#479),#465,.T.);
#1702=ADVANCED_FACE('',(#480),#157,.F.);
#1703=ADVANCED_FACE('',(#481,#37),#46,.F.);
#1704=ADVANCED_FACE('',(#482,#38),#47,.T.);
#1705=ADVANCED_FACE('',(#483),#48,.F.);
#1706=ADVANCED_FACE('',(#484),#49,.F.);
#1707=ADVANCED_FACE('',(#485),#50,.F.);
#1708=ADVANCED_FACE('',(#486),#51,.F.);
#1709=ADVANCED_FACE('',(#487),#52,.F.);
#1710=ADVANCED_FACE('',(#488),#53,.F.);
#1711=ADVANCED_FACE('',(#489),#158,.T.);
#1712=ADVANCED_FACE('',(#490),#159,.T.);
#1713=ADVANCED_FACE('',(#491),#160,.T.);
#1714=ADVANCED_FACE('',(#492),#161,.T.);
#1715=ADVANCED_FACE('',(#493),#162,.T.);
#1716=ADVANCED_FACE('',(#494),#163,.T.);
#1717=ADVANCED_FACE('',(#495),#34,.T.);
#1718=ADVANCED_FACE('',(#496),#35,.T.);
#1719=ADVANCED_FACE('',(#497),#36,.T.);
#1720=ADVANCED_FACE('',(#498),#164,.T.);
#1721=ADVANCED_FACE('',(#499),#30,.T.);
#1722=ADVANCED_FACE('',(#500),#165,.T.);
#1723=ADVANCED_FACE('',(#501),#166,.T.);
#1724=ADVANCED_FACE('',(#502),#1677,.T.);
#1725=ADVANCED_FACE('',(#503),#167,.T.);
#1726=ADVANCED_FACE('',(#504),#1678,.T.);
#1727=ADVANCED_FACE('',(#505),#168,.T.);
#1728=ADVANCED_FACE('',(#506),#1679,.T.);
#1729=ADVANCED_FACE('',(#507),#169,.T.);
#1730=ADVANCED_FACE('',(#508),#31,.T.);
#1731=ADVANCED_FACE('',(#509),#170,.T.);
#1732=ADVANCED_FACE('',(#510),#1680,.T.);
#1733=ADVANCED_FACE('',(#511),#171,.T.);
#1734=ADVANCED_FACE('',(#512),#1681,.T.);
#1735=ADVANCED_FACE('',(#513),#1682,.T.);
#1736=ADVANCED_FACE('',(#514),#172,.T.);
#1737=ADVANCED_FACE('',(#515),#54,.T.);
#1738=ADVANCED_FACE('',(#516),#173,.T.);
#1739=ADVANCED_FACE('',(#517),#55,.T.);
#1740=ADVANCED_FACE('',(#518),#174,.F.);
#1741=ADVANCED_FACE('',(#519),#56,.T.);
#1742=ADVANCED_FACE('',(#520),#175,.T.);
#1743=ADVANCED_FACE('',(#521),#57,.T.);
#1744=ADVANCED_FACE('',(#522,#39,#40,#41),#58,.F.);
#1745=ADVANCED_FACE('',(#523),#176,.T.);
#1746=ADVANCED_FACE('',(#524),#177,.T.);
#1747=ADVANCED_FACE('',(#525),#1683,.T.);
#1748=ADVANCED_FACE('',(#526),#178,.T.);
#1749=ADVANCED_FACE('',(#527),#32,.T.);
#1750=ADVANCED_FACE('',(#528),#179,.T.);
#1751=ADVANCED_FACE('',(#529),#1684,.T.);
#1752=ADVANCED_FACE('',(#530),#180,.T.);
#1753=ADVANCED_FACE('',(#531),#1685,.T.);
#1754=ADVANCED_FACE('',(#532),#181,.T.);
#1755=ADVANCED_FACE('',(#533),#33,.T.);
#1756=ADVANCED_FACE('',(#534),#182,.T.);
#1757=ADVANCED_FACE('',(#535),#1686,.T.);
#1758=ADVANCED_FACE('',(#536),#183,.T.);
#1759=ADVANCED_FACE('',(#537),#1687,.T.);
#1760=ADVANCED_FACE('',(#538),#1688,.T.);
#1761=ADVANCED_FACE('',(#539),#184,.T.);
#1762=ADVANCED_FACE('',(#540,#42,#43),#59,.T.);
#1763=ADVANCED_FACE('',(#541),#185,.T.);
#1764=ADVANCED_FACE('',(#542),#60,.T.);
#1765=ADVANCED_FACE('',(#543),#61,.T.);
#1766=ADVANCED_FACE('',(#544),#186,.F.);
#1767=ADVANCED_FACE('',(#545),#62,.T.);
#1768=ADVANCED_FACE('',(#546),#187,.T.);
#1769=ADVANCED_FACE('',(#547),#63,.T.);
#1770=ADVANCED_FACE('',(#548),#466,.F.);
#1771=ADVANCED_FACE('',(#549),#188,.F.);
#1772=ADVANCED_FACE('',(#550),#64,.T.);
#1773=ADVANCED_FACE('',(#551),#65,.T.);
#1774=ADVANCED_FACE('',(#552),#66,.T.);
#1775=ADVANCED_FACE('',(#553),#67,.T.);
#1776=ADVANCED_FACE('',(#554),#68,.T.);
#1777=ADVANCED_FACE('',(#555),#69,.T.);
#1778=ADVANCED_FACE('',(#556),#70,.F.);
#1779=ADVANCED_FACE('',(#557),#71,.F.);
#1780=ADVANCED_FACE('',(#558),#72,.F.);
#1781=ADVANCED_FACE('',(#559),#73,.T.);
#1782=ADVANCED_FACE('',(#560),#74,.T.);
#1783=ADVANCED_FACE('',(#561),#75,.T.);
#1784=ADVANCED_FACE('',(#562),#76,.T.);
#1785=ADVANCED_FACE('',(#563),#77,.T.);
#1786=ADVANCED_FACE('',(#564),#78,.T.);
#1787=ADVANCED_FACE('',(#565),#79,.F.);
#1788=ADVANCED_FACE('',(#566),#80,.F.);
#1789=ADVANCED_FACE('',(#567),#81,.F.);
#1790=ADVANCED_FACE('',(#568),#82,.F.);
#1791=ADVANCED_FACE('',(#569),#83,.F.);
#1792=ADVANCED_FACE('',(#570),#84,.F.);
#1793=ADVANCED_FACE('',(#571),#85,.F.);
#1794=ADVANCED_FACE('',(#572,#44),#86,.F.);
#1795=ADVANCED_FACE('',(#573),#87,.F.);
#1796=ADVANCED_FACE('',(#574),#88,.F.);
#1797=ADVANCED_FACE('',(#575),#89,.F.);
#1798=ADVANCED_FACE('',(#576,#45),#90,.F.);
#1799=ADVANCED_FACE('',(#577),#189,.F.);
#1800=ADVANCED_FACE('',(#578),#190,.F.);
#1801=CLOSED_SHELL('',(#1689,#1690,#1691,#1692));
#1802=CLOSED_SHELL('',(#1693,#1694,#1695,#1696,#1697,#1698,#1699,#1700,
#1701,#1702,#1703,#1704,#1705,#1706,#1707,#1708,#1709,#1710,#1711,#1712,
#1713,#1714,#1715,#1716,#1717,#1718,#1719));
#1803=CLOSED_SHELL('',(#1720,#1721,#1722,#1723,#1724,#1725,#1726,#1727,
#1728,#1729,#1730,#1731,#1732,#1733,#1734,#1735,#1736,#1737,#1738,#1739,
#1740,#1741,#1742,#1743,#1744,#1745,#1746,#1747,#1748,#1749,#1750,#1751,
#1752,#1753,#1754,#1755,#1756,#1757,#1758,#1759,#1760,#1761,#1762,#1763,
#1764,#1765,#1766,#1767,#1768,#1769,#1770,#1771,#1772,#1773,#1774,#1775,
#1776,#1777,#1778,#1779,#1780,#1781,#1782,#1783,#1784,#1785,#1786,#1787,
#1788,#1789,#1790,#1791,#1792,#1793,#1794,#1795,#1796,#1797,#1798,#1799,
#1800));
#1804=DERIVED_UNIT_ELEMENT(#1808,1.);
#1805=DERIVED_UNIT_ELEMENT(#4113,-3.);
#1806=DERIVED_UNIT_ELEMENT(#1808,1.);
#1807=DERIVED_UNIT_ELEMENT(#4113,-3.);
#1808=(
MASS_UNIT()
NAMED_UNIT(*)
SI_UNIT(.KILO.,.GRAM.)
);
#1809=DERIVED_UNIT((#1804,#1805));
#1810=DERIVED_UNIT((#1806,#1807));
#1811=MEASURE_REPRESENTATION_ITEM('density measure',
POSITIVE_RATIO_MEASURE(2700.),#1809);
#1812=MEASURE_REPRESENTATION_ITEM('density measure',
POSITIVE_RATIO_MEASURE(2700.),#1810);
#1813=PROPERTY_DEFINITION_REPRESENTATION(#1823,#1817);
#1814=PROPERTY_DEFINITION_REPRESENTATION(#1824,#1818);
#1815=PROPERTY_DEFINITION_REPRESENTATION(#1825,#1819);
#1816=PROPERTY_DEFINITION_REPRESENTATION(#1826,#1820);
#1817=REPRESENTATION('material name',(#1821),#4109);
#1818=REPRESENTATION('density',(#1811),#4109);
#1819=REPRESENTATION('material name',(#1822),#4110);
#1820=REPRESENTATION('density',(#1812),#4110);
#1821=DESCRIPTIVE_REPRESENTATION_ITEM('Aluminum 6061','Aluminum 6061');
#1822=DESCRIPTIVE_REPRESENTATION_ITEM('Aluminum 6061','Aluminum 6061');
#1823=PROPERTY_DEFINITION('material property','material name',#4135);
#1824=PROPERTY_DEFINITION('material property','density of part',#4135);
#1825=PROPERTY_DEFINITION('material property','material name',#4136);
#1826=PROPERTY_DEFINITION('material property','density of part',#4136);
#1827=AXIS2_PLACEMENT_3D('',#2526,#2015,#2016);
#1828=AXIS2_PLACEMENT_3D('',#2527,#2017,#2018);
#1829=AXIS2_PLACEMENT_3D('',#2528,#2019,#2020);
#1830=AXIS2_PLACEMENT_3D('',#2529,#2021,#2022);
#1831=AXIS2_PLACEMENT_3D('',#2531,#2023,#2024);
#1832=AXIS2_PLACEMENT_3D('',#2532,#2025,#2026);
#1833=AXIS2_PLACEMENT_3D('',#2535,#2027,#2028);
#1834=AXIS2_PLACEMENT_3D('',#2537,#2030,#2031);
#1835=AXIS2_PLACEMENT_3D('',#2538,#2032,#2033);
#1836=AXIS2_PLACEMENT_3D('',#2541,#2035,#2036);
#1837=AXIS2_PLACEMENT_3D('',#2542,#2037,#2038);
#1838=AXIS2_PLACEMENT_3D('',#2543,#2039,#2040);
#1839=AXIS2_PLACEMENT_3D('',#2544,#2041,#2042);
#1840=AXIS2_PLACEMENT_3D('',#2554,#2044,#2045);
#1841=AXIS2_PLACEMENT_3D('',#2565,#2046,#2047);
#1842=AXIS2_PLACEMENT_3D('',#2643,#2049,#2050);
#1843=AXIS2_PLACEMENT_3D('',#2719,#2052,#2053);
#1844=AXIS2_PLACEMENT_3D('',#2795,#2055,#2056);
#1845=AXIS2_PLACEMENT_3D('',#2807,#2058,#2059);
#1846=AXIS2_PLACEMENT_3D('',#2818,#2060,#2061);
#1847=AXIS2_PLACEMENT_3D('',#2846,#2063,#2064);
#1848=AXIS2_PLACEMENT_3D('',#2889,#2065,#2066);
#1849=AXIS2_PLACEMENT_3D('',#2942,#2068,#2069);
#1850=AXIS2_PLACEMENT_3D('',#2987,#2070,#2071);
#1851=AXIS2_PLACEMENT_3D('',#3017,#2073,#2074);
#1852=AXIS2_PLACEMENT_3D('',#3040,#2075,#2076);
#1853=AXIS2_PLACEMENT_3D('',#3055,#2077,#2078);
#1854=AXIS2_PLACEMENT_3D('',#3108,#2080,#2081);
#1855=AXIS2_PLACEMENT_3D('',#3153,#2082,#2083);
#1856=AXIS2_PLACEMENT_3D('',#3226,#2084,#2085);
#1857=AXIS2_PLACEMENT_3D('',#3227,#2086,#2087);
#1858=AXIS2_PLACEMENT_3D('',#3228,#2088,#2089);
#1859=AXIS2_PLACEMENT_3D('',#3231,#2092,#2093);
#1860=AXIS2_PLACEMENT_3D('',#3234,#2096,#2097);
#1861=AXIS2_PLACEMENT_3D('',#3237,#2100,#2101);
#1862=AXIS2_PLACEMENT_3D('',#3240,#2104,#2105);
#1863=AXIS2_PLACEMENT_3D('',#3243,#2108,#2109);
#1864=AXIS2_PLACEMENT_3D('',#3246,#2112,#2113);
#1865=AXIS2_PLACEMENT_3D('',#3247,#2114,#2115);
#1866=AXIS2_PLACEMENT_3D('',#3248,#2116,#2117);
#1867=AXIS2_PLACEMENT_3D('',#3249,#2118,#2119);
#1868=AXIS2_PLACEMENT_3D('',#3250,#2120,#2121);
#1869=AXIS2_PLACEMENT_3D('',#3251,#2122,#2123);
#1870=AXIS2_PLACEMENT_3D('',#3750,#2124,#2125);
#1871=AXIS2_PLACEMENT_3D('',#3753,#2126,#2127);
#1872=AXIS2_PLACEMENT_3D('',#3757,#2129,#2130);
#1873=AXIS2_PLACEMENT_3D('',#3759,#2132,#2133);
#1874=AXIS2_PLACEMENT_3D('',#3762,#2134,#2135);
#1875=AXIS2_PLACEMENT_3D('',#3763,#2136,#2137);
#1876=AXIS2_PLACEMENT_3D('',#3764,#2138,#2139);
#1877=AXIS2_PLACEMENT_3D('',#3765,#2140,#2141);
#1878=AXIS2_PLACEMENT_3D('',#3768,#2142,#2143);
#1879=AXIS2_PLACEMENT_3D('',#3771,#2146,#2147);
#1880=AXIS2_PLACEMENT_3D('',#3774,#2148,#2149);
#1881=AXIS2_PLACEMENT_3D('',#3777,#2151,#2152);
#1882=AXIS2_PLACEMENT_3D('',#3779,#2154,#2155);
#1883=AXIS2_PLACEMENT_3D('',#3780,#2156,#2157);
#1884=AXIS2_PLACEMENT_3D('',#3781,#2158,#2159);
#1885=AXIS2_PLACEMENT_3D('',#3784,#2160,#2161);
#1886=AXIS2_PLACEMENT_3D('',#3787,#2163,#2164);
#1887=AXIS2_PLACEMENT_3D('',#3789,#2166,#2167);
#1888=AXIS2_PLACEMENT_3D('',#3790,#2168,#2169);
#1889=AXIS2_PLACEMENT_3D('',#3791,#2170,#2171);
#1890=AXIS2_PLACEMENT_3D('',#3794,#2172,#2173);
#1891=AXIS2_PLACEMENT_3D('',#3797,#2175,#2176);
#1892=AXIS2_PLACEMENT_3D('',#3799,#2178,#2179);
#1893=AXIS2_PLACEMENT_3D('',#3800,#2180,#2181);
#1894=AXIS2_PLACEMENT_3D('',#3801,#2182,#2183);
#1895=AXIS2_PLACEMENT_3D('',#3804,#2184,#2185);
#1896=AXIS2_PLACEMENT_3D('',#3807,#2187,#2188);
#1897=AXIS2_PLACEMENT_3D('',#3809,#2190,#2191);
#1898=AXIS2_PLACEMENT_3D('',#3812,#2192,#2193);
#1899=AXIS2_PLACEMENT_3D('',#3813,#2194,#2195);
#1900=AXIS2_PLACEMENT_3D('',#3814,#2196,#2197);
#1901=AXIS2_PLACEMENT_3D('',#3815,#2198,#2199);
#1902=AXIS2_PLACEMENT_3D('',#3818,#2200,#2201);
#1903=AXIS2_PLACEMENT_3D('',#3821,#2204,#2205);
#1904=AXIS2_PLACEMENT_3D('',#3822,#2206,#2207);
#1905=AXIS2_PLACEMENT_3D('',#3823,#2208,#2209);
#1906=AXIS2_PLACEMENT_3D('',#3825,#2210,#2211);
#1907=AXIS2_PLACEMENT_3D('',#3828,#2213,#2214);
#1908=AXIS2_PLACEMENT_3D('',#3830,#2216,#2217);
#1909=AXIS2_PLACEMENT_3D('',#3831,#2218,#2219);
#1910=AXIS2_PLACEMENT_3D('',#3832,#2220,#2221);
#1911=AXIS2_PLACEMENT_3D('',#3833,#2222,#2223);
#1912=AXIS2_PLACEMENT_3D('',#3834,#2224,#2225);
#1913=AXIS2_PLACEMENT_3D('',#3838,#2227,#2228);
#1914=AXIS2_PLACEMENT_3D('',#3840,#2230,#2231);
#1915=AXIS2_PLACEMENT_3D('',#3844,#2234,#2235);
#1916=AXIS2_PLACEMENT_3D('',#3847,#2237,#2238);
#1917=AXIS2_PLACEMENT_3D('',#3848,#2239,#2240);
#1918=AXIS2_PLACEMENT_3D('',#3852,#2243,#2244);
#1919=AXIS2_PLACEMENT_3D('',#3855,#2246,#2247);
#1920=AXIS2_PLACEMENT_3D('',#3856,#2248,#2249);
#1921=AXIS2_PLACEMENT_3D('',#3860,#2252,#2253);
#1922=AXIS2_PLACEMENT_3D('',#3863,#2255,#2256);
#1923=AXIS2_PLACEMENT_3D('',#3864,#2257,#2258);
#1924=AXIS2_PLACEMENT_3D('',#3868,#2261,#2262);
#1925=AXIS2_PLACEMENT_3D('',#3870,#2263,#2264);
#1926=AXIS2_PLACEMENT_3D('',#3895,#2277,#2278);
#1927=AXIS2_PLACEMENT_3D('',#3898,#2279,#2280);
#1928=AXIS2_PLACEMENT_3D('',#3901,#2282,#2283);
#1929=AXIS2_PLACEMENT_3D('',#3903,#2285,#2286);
#1930=AXIS2_PLACEMENT_3D('',#3906,#2287,#2288);
#1931=AXIS2_PLACEMENT_3D('',#3909,#2290,#2291);
#1932=AXIS2_PLACEMENT_3D('',#3911,#2293,#2294);
#1933=AXIS2_PLACEMENT_3D('',#3912,#2295,#2296);
#1934=AXIS2_PLACEMENT_3D('',#3913,#2297,#2298);
#1935=AXIS2_PLACEMENT_3D('',#3916,#2299,#2300);
#1936=AXIS2_PLACEMENT_3D('',#3919,#2302,#2303);
#1937=AXIS2_PLACEMENT_3D('',#3921,#2305,#2306);
#1938=AXIS2_PLACEMENT_3D('',#3924,#2307,#2308);
#1939=AXIS2_PLACEMENT_3D('',#3925,#2309,#2310);
#1940=AXIS2_PLACEMENT_3D('',#3926,#2311,#2312);
#1941=AXIS2_PLACEMENT_3D('',#3927,#2313,#2314);
#1942=AXIS2_PLACEMENT_3D('',#3930,#2315,#2316);
#1943=AXIS2_PLACEMENT_3D('',#3933,#2319,#2320);
#1944=AXIS2_PLACEMENT_3D('',#3934,#2321,#2322);
#1945=AXIS2_PLACEMENT_3D('',#3935,#2323,#2324);
#1946=AXIS2_PLACEMENT_3D('',#3937,#2325,#2326);
#1947=AXIS2_PLACEMENT_3D('',#3938,#2327,#2328);
#1948=AXIS2_PLACEMENT_3D('',#3940,#2330,#2331);
#1949=AXIS2_PLACEMENT_3D('',#3941,#2332,#2333);
#1950=AXIS2_PLACEMENT_3D('',#3942,#2334,#2335);
#1951=AXIS2_PLACEMENT_3D('',#3944,#2336,#2337);
#1952=AXIS2_PLACEMENT_3D('',#3945,#2338,#2339);
#1953=AXIS2_PLACEMENT_3D('',#3947,#2341,#2342);
#1954=AXIS2_PLACEMENT_3D('',#3949,#2343,#2344);
#1955=AXIS2_PLACEMENT_3D('',#3950,#2345,#2346);
#1956=AXIS2_PLACEMENT_3D('',#3951,#2347,#2348);
#1957=AXIS2_PLACEMENT_3D('',#3953,#2349,#2350);
#1958=AXIS2_PLACEMENT_3D('',#3955,#2352,#2353);
#1959=AXIS2_PLACEMENT_3D('',#3956,#2354,#2355);
#1960=AXIS2_PLACEMENT_3D('',#3957,#2356,#2357);
#1961=AXIS2_PLACEMENT_3D('',#3958,#2358,#2359);
#1962=AXIS2_PLACEMENT_3D('',#3960,#2361,#2362);
#1963=AXIS2_PLACEMENT_3D('',#3961,#2363,#2364);
#1964=AXIS2_PLACEMENT_3D('',#3962,#2365,#2366);
#1965=AXIS2_PLACEMENT_3D('',#3964,#2368,#2369);
#1966=AXIS2_PLACEMENT_3D('',#3966,#2370,#2371);
#1967=AXIS2_PLACEMENT_3D('',#3968,#2372,#2373);
#1968=AXIS2_PLACEMENT_3D('',#3969,#2374,#2375);
#1969=AXIS2_PLACEMENT_3D('',#3972,#2378,#2379);
#1970=AXIS2_PLACEMENT_3D('',#3973,#2380,#2381);
#1971=AXIS2_PLACEMENT_3D('',#3975,#2383,#2384);
#1972=AXIS2_PLACEMENT_3D('',#3977,#2386,#2387);
#1973=AXIS2_PLACEMENT_3D('',#3979,#2389,#2390);
#1974=AXIS2_PLACEMENT_3D('',#3981,#2392,#2393);
#1975=AXIS2_PLACEMENT_3D('',#3982,#2394,#2395);
#1976=AXIS2_PLACEMENT_3D('',#3985,#2397,#2398);
#1977=AXIS2_PLACEMENT_3D('',#3986,#2399,#2400);
#1978=AXIS2_PLACEMENT_3D('',#3989,#2402,#2403);
#1979=AXIS2_PLACEMENT_3D('',#3990,#2404,#2405);
#1980=AXIS2_PLACEMENT_3D('',#3996,#2409,#2410);
#1981=AXIS2_PLACEMENT_3D('',#4000,#2413,#2414);
#1982=AXIS2_PLACEMENT_3D('',#4004,#2417,#2418);
#1983=AXIS2_PLACEMENT_3D('',#4008,#2421,#2422);
#1984=AXIS2_PLACEMENT_3D('',#4012,#2425,#2426);
#1985=AXIS2_PLACEMENT_3D('',#4014,#2428,#2429);
#1986=AXIS2_PLACEMENT_3D('',#4020,#2433,#2434);
#1987=AXIS2_PLACEMENT_3D('',#4024,#2437,#2438);
#1988=AXIS2_PLACEMENT_3D('',#4028,#2441,#2442);
#1989=AXIS2_PLACEMENT_3D('',#4034,#2446,#2447);
#1990=AXIS2_PLACEMENT_3D('',#4038,#2450,#2451);
#1991=AXIS2_PLACEMENT_3D('',#4042,#2454,#2455);
#1992=AXIS2_PLACEMENT_3D('',#4048,#2459,#2460);
#1993=AXIS2_PLACEMENT_3D('',#4050,#2462,#2463);
#1994=AXIS2_PLACEMENT_3D('',#4052,#2465,#2466);
#1995=AXIS2_PLACEMENT_3D('',#4058,#2470,#2471);
#1996=AXIS2_PLACEMENT_3D('',#4062,#2474,#2475);
#1997=AXIS2_PLACEMENT_3D('',#4066,#2478,#2479);
#1998=AXIS2_PLACEMENT_3D('',#4067,#2480,#2481);
#1999=AXIS2_PLACEMENT_3D('',#4071,#2484,#2485);
#2000=AXIS2_PLACEMENT_3D('',#4075,#2488,#2489);
#2001=AXIS2_PLACEMENT_3D('',#4077,#2491,#2492);
#2002=AXIS2_PLACEMENT_3D('',#4079,#2493,#2494);
#2003=AXIS2_PLACEMENT_3D('',#4080,#2495,#2496);
#2004=AXIS2_PLACEMENT_3D('',#4084,#2499,#2500);
#2005=AXIS2_PLACEMENT_3D('',#4088,#2503,#2504);
#2006=AXIS2_PLACEMENT_3D('',#4090,#2506,#2507);
#2007=AXIS2_PLACEMENT_3D('',#4092,#2508,#2509);
#2008=AXIS2_PLACEMENT_3D('',#4093,#2510,#2511);
#2009=AXIS2_PLACEMENT_3D('',#4095,#2513,#2514);
#2010=AXIS2_PLACEMENT_3D('',#4097,#2516,#2517);
#2011=AXIS2_PLACEMENT_3D('',#4098,#2518,#2519);
#2012=AXIS2_PLACEMENT_3D('',#4099,#2520,#2521);
#2013=AXIS2_PLACEMENT_3D('',#4100,#2522,#2523);
#2014=AXIS2_PLACEMENT_3D('',#4101,#2524,#2525);
#2015=DIRECTION('axis',(0.,0.,1.));
#2016=DIRECTION('refdir',(1.,0.,0.));
#2017=DIRECTION('axis',(0.,0.,1.));
#2018=DIRECTION('refdir',(1.,0.,0.));
#2019=DIRECTION('axis',(0.,0.,1.));
#2020=DIRECTION('refdir',(1.,0.,0.));
#2021=DIRECTION('center_axis',(-1.,6.12323399573677E-17,0.));
#2022=DIRECTION('ref_axis',(0.,1.,0.));
#2023=DIRECTION('center_axis',(0.,-1.45300813679227E-16,1.));
#2024=DIRECTION('ref_axis',(0.,-1.,-1.45300813679227E-16));
#2025=DIRECTION('center_axis',(0.,1.45300813679227E-16,-1.));
#2026=DIRECTION('ref_axis',(0.,1.,1.45300813679227E-16));
#2027=DIRECTION('center_axis',(0.,-1.45300813679227E-16,1.));
#2028=DIRECTION('ref_axis',(0.,-1.,-1.45300813679227E-16));
#2029=DIRECTION('',(3.16961915143177E-17,0.258819045102521,0.965925826289068));
#2030=DIRECTION('center_axis',(0.,-1.45300813679227E-16,1.));
#2031=DIRECTION('ref_axis',(0.,-1.,-1.45300813679227E-16));
#2032=DIRECTION('center_axis',(0.,-1.45300813679227E-16,1.));
#2033=DIRECTION('ref_axis',(0.,-1.,-1.45300813679227E-16));
#2034=DIRECTION('',(0.,1.45300813679227E-16,-1.));
#2035=DIRECTION('center_axis',(0.,-1.45300813679227E-16,1.));
#2036=DIRECTION('ref_axis',(0.,-1.,-1.45300813679227E-16));
#2037=DIRECTION('center_axis',(-1.,6.12323399573677E-17,0.));
#2038=DIRECTION('ref_axis',(0.,1.,0.));
#2039=DIRECTION('axis',(0.,0.,1.));
#2040=DIRECTION('refdir',(1.,0.,0.));
#2041=DIRECTION('center_axis',(0.,0.,-1.));
#2042=DIRECTION('ref_axis',(-1.,0.,0.));
#2043=DIRECTION('',(0.,0.,-1.));
#2044=DIRECTION('center_axis',(0.,0.,-1.));
#2045=DIRECTION('ref_axis',(-1.,0.,0.));
#2046=DIRECTION('center_axis',(0.,0.,-1.));
#2047=DIRECTION('ref_axis',(-1.,0.,0.));
#2048=DIRECTION('',(0.,0.,-1.));
#2049=DIRECTION('center_axis',(0.,0.,-1.));
#2050=DIRECTION('ref_axis',(-1.,0.,0.));
#2051=DIRECTION('',(0.,0.,-1.));
#2052=DIRECTION('center_axis',(0.,0.,-1.));
#2053=DIRECTION('ref_axis',(-1.,0.,0.));
#2054=DIRECTION('',(0.,0.,-1.));
#2055=DIRECTION('center_axis',(0.,0.,-1.));
#2056=DIRECTION('ref_axis',(-1.,0.,0.));
#2057=DIRECTION('',(0.,0.,-1.));
#2058=DIRECTION('center_axis',(0.,0.,-1.));
#2059=DIRECTION('ref_axis',(1.,2.66453525910038E-15,0.));
#2060=DIRECTION('center_axis',(0.,0.,-1.));
#2061=DIRECTION('ref_axis',(1.,0.,0.));
#2062=DIRECTION('',(-0.707106781186549,8.65956056235495E-17,-0.707106781186546));
#2063=DIRECTION('center_axis',(0.,0.,1.));
#2064=DIRECTION('ref_axis',(1.,0.,0.));
#2065=DIRECTION('center_axis',(0.,0.,1.));
#2066=DIRECTION('ref_axis',(1.,0.,0.));
#2067=DIRECTION('',(0.86602540378444,1.06057523872491E-16,-0.499999999999998));
#2068=DIRECTION('center_axis',(0.,0.,1.));
#2069=DIRECTION('ref_axis',(1.,0.,0.));
#2070=DIRECTION('center_axis',(0.,0.,1.));
#2071=DIRECTION('ref_axis',(1.,0.,0.));
#2072=DIRECTION('',(-0.707106781186549,-8.65956056235495E-17,0.707106781186546));
#2073=DIRECTION('center_axis',(0.,0.,1.));
#2074=DIRECTION('ref_axis',(1.,0.,0.));
#2075=DIRECTION('center_axis',(9.81211473987741E-15,-2.57491867160279E-16,
-1.));
#2076=DIRECTION('ref_axis',(1.,-3.44760098430509E-15,9.78866875585751E-15));
#2077=DIRECTION('center_axis',(0.,0.,-1.));
#2078=DIRECTION('ref_axis',(1.,0.,0.));
#2079=DIRECTION('',(0.86602540378444,-1.06057523872491E-16,0.499999999999998));
#2080=DIRECTION('center_axis',(0.,0.,1.));
#2081=DIRECTION('ref_axis',(1.,0.,0.));
#2082=DIRECTION('center_axis',(0.,0.,-1.));
#2083=DIRECTION('ref_axis',(-1.,0.,0.));
#2084=DIRECTION('center_axis',(0.,0.,1.));
#2085=DIRECTION('ref_axis',(1.,0.,0.));
#2086=DIRECTION('center_axis',(0.,0.,1.));
#2087=DIRECTION('ref_axis',(1.,0.,0.));
#2088=DIRECTION('center_axis',(-0.5,-0.866025403784439,0.));
#2089=DIRECTION('ref_axis',(0.866025403784439,-0.5,0.));
#2090=DIRECTION('',(0.,0.,-1.));
#2091=DIRECTION('',(0.,0.,1.));
#2092=DIRECTION('center_axis',(0.5,-0.866025403784439,0.));
#2093=DIRECTION('ref_axis',(0.866025403784439,0.5,0.));
#2094=DIRECTION('',(0.,0.,-1.));
#2095=DIRECTION('',(0.,0.,1.));
#2096=DIRECTION('center_axis',(1.,4.29232742496331E-16,0.));
#2097=DIRECTION('ref_axis',(-4.29232742496331E-16,1.,0.));
#2098=DIRECTION('',(0.,0.,-1.));
#2099=DIRECTION('',(0.,0.,1.));
#2100=DIRECTION('center_axis',(0.5,0.866025403784439,0.));
#2101=DIRECTION('ref_axis',(-0.866025403784439,0.5,0.));
#2102=DIRECTION('',(0.,0.,-1.));
#2103=DIRECTION('',(0.,0.,1.));
#2104=DIRECTION('center_axis',(-0.5,0.866025403784439,0.));
#2105=DIRECTION('ref_axis',(-0.866025403784439,-0.5,0.));
#2106=DIRECTION('',(0.,0.,-1.));
#2107=DIRECTION('',(0.,0.,1.));
#2108=DIRECTION('center_axis',(-1.,-4.29232742496331E-16,0.));
#2109=DIRECTION('ref_axis',(4.29232742496331E-16,-1.,0.));
#2110=DIRECTION('',(0.,0.,-1.));
#2111=DIRECTION('',(0.,0.,1.));
#2112=DIRECTION('center_axis',(0.,0.,-1.));
#2113=DIRECTION('ref_axis',(-1.,0.,0.));
#2114=DIRECTION('center_axis',(0.,0.,-1.));
#2115=DIRECTION('ref_axis',(-1.,0.,0.));
#2116=DIRECTION('center_axis',(0.,0.,-1.));
#2117=DIRECTION('ref_axis',(-1.,0.,0.));
#2118=DIRECTION('center_axis',(0.,0.,-1.));
#2119=DIRECTION('ref_axis',(-1.,0.,0.));
#2120=DIRECTION('center_axis',(0.,0.,-1.));
#2121=DIRECTION('ref_axis',(-1.,0.,0.));
#2122=DIRECTION('center_axis',(0.,0.,-1.));
#2123=DIRECTION('ref_axis',(-1.,0.,0.));
#2124=DIRECTION('center_axis',(0.,-1.,0.));
#2125=DIRECTION('ref_axis',(0.707106781186546,0.,-0.707106781186549));
#2126=DIRECTION('center_axis',(1.11022302462516E-15,-1.,0.));
#2127=DIRECTION('ref_axis',(0.,0.,-1.));
#2128=DIRECTION('',(0.,-1.,0.));
#2129=DIRECTION('center_axis',(0.,1.,0.));
#2130=DIRECTION('ref_axis',(1.,0.,0.));
#2131=DIRECTION('',(0.,1.,0.));
#2132=DIRECTION('center_axis',(0.,0.,-1.));
#2133=DIRECTION('ref_axis',(-1.,0.,0.));
#2134=DIRECTION('center_axis',(-1.,0.,0.));
#2135=DIRECTION('ref_axis',(0.,0.,-1.));
#2136=DIRECTION('center_axis',(0.,0.,1.));
#2137=DIRECTION('ref_axis',(-0.707106781186547,0.707106781186548,0.));
#2138=DIRECTION('center_axis',(0.,0.,-1.));
#2139=DIRECTION('ref_axis',(-0.707106781186547,0.707106781186548,0.));
#2140=DIRECTION('center_axis',(-1.,0.,0.));
#2141=DIRECTION('ref_axis',(0.,-0.707106781186547,-0.707106781186548));
#2142=DIRECTION('center_axis',(-1.,0.,0.));
#2143=DIRECTION('ref_axis',(0.,0.,-1.));
#2144=DIRECTION('',(-1.,0.,0.));
#2145=DIRECTION('',(1.,0.,0.));
#2146=DIRECTION('center_axis',(0.,-1.,0.));
#2147=DIRECTION('ref_axis',(0.707106781186549,0.,-0.707106781186546));
#2148=DIRECTION('center_axis',(0.,-1.,0.));
#2149=DIRECTION('ref_axis',(0.,0.,-1.));
#2150=DIRECTION('',(0.,-1.,0.));
#2151=DIRECTION('center_axis',(0.,1.,0.));
#2152=DIRECTION('ref_axis',(1.,0.,0.));
#2153=DIRECTION('',(0.,1.,0.));
#2154=DIRECTION('center_axis',(-0.816496580927726,-0.408248290463863,-0.408248290463863));
#2155=DIRECTION('ref_axis',(0.577350269189626,-0.577350269189626,-0.577350269189625));
#2156=DIRECTION('center_axis',(0.,0.,-1.));
#2157=DIRECTION('ref_axis',(0.70710678118655,-0.707106781186545,0.));
#2158=DIRECTION('center_axis',(1.,0.,0.));
#2159=DIRECTION('ref_axis',(0.,0.707106781186548,-0.707106781186547));
#2160=DIRECTION('center_axis',(1.,0.,0.));
#2161=DIRECTION('ref_axis',(0.,0.,-1.));
#2162=DIRECTION('',(1.,0.,0.));
#2163=DIRECTION('center_axis',(-1.,0.,0.));
#2164=DIRECTION('ref_axis',(0.,1.,0.));
#2165=DIRECTION('',(-1.,0.,0.));
#2166=DIRECTION('center_axis',(-0.816496580927729,0.40824829046386,-0.40824829046386));
#2167=DIRECTION('ref_axis',(0.577350269189623,0.577350269189628,-0.577350269189627));
#2168=DIRECTION('center_axis',(0.,0.,-1.));
#2169=DIRECTION('ref_axis',(0.707106781186546,0.707106781186549,0.));
#2170=DIRECTION('center_axis',(0.,1.,0.));
#2171=DIRECTION('ref_axis',(-0.707106781186549,0.,-0.707106781186546));
#2172=DIRECTION('center_axis',(0.,1.,0.));
#2173=DIRECTION('ref_axis',(0.,0.,-1.));
#2174=DIRECTION('',(0.,1.,0.));
#2175=DIRECTION('center_axis',(0.,-1.,0.));
#2176=DIRECTION('ref_axis',(-1.,0.,0.));
#2177=DIRECTION('',(0.,-1.,0.));
#2178=DIRECTION('center_axis',(-0.816496580927727,-0.408248290463863,0.408248290463862));
#2179=DIRECTION('ref_axis',(-0.577350269189623,0.577350269189628,-0.577350269189627));
#2180=DIRECTION('center_axis',(0.,0.,-1.));
#2181=DIRECTION('ref_axis',(-0.707106781186546,0.707106781186549,0.));
#2182=DIRECTION('center_axis',(-1.,0.,0.));
#2183=DIRECTION('ref_axis',(0.,-0.707106781186547,-0.707106781186548));
#2184=DIRECTION('center_axis',(-1.,0.,0.));
#2185=DIRECTION('ref_axis',(0.,0.,-1.));
#2186=DIRECTION('',(-1.,0.,0.));
#2187=DIRECTION('center_axis',(1.,0.,0.));
#2188=DIRECTION('ref_axis',(0.,-1.,0.));
#2189=DIRECTION('',(1.,0.,0.));
#2190=DIRECTION('center_axis',(0.,0.,-1.));
#2191=DIRECTION('ref_axis',(-1.,0.,0.));
#2192=DIRECTION('center_axis',(0.,1.,0.));
#2193=DIRECTION('ref_axis',(0.,0.,-1.));
#2194=DIRECTION('center_axis',(0.,0.,1.));
#2195=DIRECTION('ref_axis',(0.707106781186546,0.707106781186549,0.));
#2196=DIRECTION('center_axis',(0.,0.,-1.));
#2197=DIRECTION('ref_axis',(0.707106781186546,0.707106781186549,0.));
#2198=DIRECTION('center_axis',(0.,1.,0.));
#2199=DIRECTION('ref_axis',(-0.707106781186546,0.,-0.707106781186549));
#2200=DIRECTION('center_axis',(0.,1.,0.));
#2201=DIRECTION('ref_axis',(0.,0.,-1.));
#2202=DIRECTION('',(0.,1.,0.));
#2203=DIRECTION('',(0.,-1.,0.));
#2204=DIRECTION('center_axis',(-0.816496580927729,0.40824829046386,0.40824829046386));
#2205=DIRECTION('ref_axis',(-0.577350269189623,-0.577350269189628,-0.577350269189627));
#2206=DIRECTION('center_axis',(0.,0.,-1.));
#2207=DIRECTION('ref_axis',(-0.707106781186546,-0.707106781186549,0.));
#2208=DIRECTION('center_axis',(-1.,0.,0.));
#2209=DIRECTION('ref_axis',(0.,-0.707106781186549,-0.707106781186546));
#2210=DIRECTION('center_axis',(-1.,0.,0.));
#2211=DIRECTION('ref_axis',(0.,0.,-1.));
#2212=DIRECTION('',(-1.,0.,0.));
#2213=DIRECTION('center_axis',(1.,0.,0.));
#2214=DIRECTION('ref_axis',(0.,-1.,0.));
#2215=DIRECTION('',(1.,0.,0.));
#2216=DIRECTION('center_axis',(0.408248290463863,0.40824829046386,-0.816496580927727));
#2217=DIRECTION('ref_axis',(-0.577350269189626,-0.577350269189626,-0.577350269189625));
#2218=DIRECTION('center_axis',(0.,0.,-1.));
#2219=DIRECTION('ref_axis',(-0.707106781186544,-0.707106781186551,0.));
#2220=DIRECTION('center_axis',(-0.408248290463866,0.408248290463863,-0.816496580927725));
#2221=DIRECTION('ref_axis',(0.577350269189629,-0.577350269189622,-0.577350269189626));
#2222=DIRECTION('center_axis',(0.,0.,-1.));
#2223=DIRECTION('ref_axis',(0.707106781186549,-0.707106781186546,0.));
#2224=DIRECTION('center_axis',(0.,0.,1.));
#2225=DIRECTION('ref_axis',(-0.707106781186546,0.707106781186549,0.));
#2226=DIRECTION('',(0.,0.,1.));
#2227=DIRECTION('center_axis',(0.,0.,1.));
#2228=DIRECTION('ref_axis',(-0.707106781186546,0.707106781186549,0.));
#2229=DIRECTION('',(0.,0.,-1.));
#2230=DIRECTION('center_axis',(-1.,0.,0.));
#2231=DIRECTION('ref_axis',(0.,-1.,0.));
#2232=DIRECTION('',(0.,0.,-1.));
#2233=DIRECTION('',(0.,-1.,0.));
#2234=DIRECTION('center_axis',(0.,0.,1.));
#2235=DIRECTION('ref_axis',(-0.707106781186546,-0.707106781186549,0.));
#2236=DIRECTION('',(0.,0.,1.));
#2237=DIRECTION('center_axis',(0.,0.,1.));
#2238=DIRECTION('ref_axis',(-0.707106781186546,-0.707106781186549,0.));
#2239=DIRECTION('center_axis',(0.,-1.,0.));
#2240=DIRECTION('ref_axis',(1.,0.,0.));
#2241=DIRECTION('',(0.,0.,-1.));
#2242=DIRECTION('',(1.,0.,0.));
#2243=DIRECTION('center_axis',(0.,0.,1.));
#2244=DIRECTION('ref_axis',(0.707106781186546,0.707106781186549,0.));
#2245=DIRECTION('',(0.,0.,1.));
#2246=DIRECTION('center_axis',(0.,0.,-1.));
#2247=DIRECTION('ref_axis',(0.707106781186546,0.707106781186549,0.));
#2248=DIRECTION('center_axis',(-1.,0.,0.));
#2249=DIRECTION('ref_axis',(0.,-1.,0.));
#2250=DIRECTION('',(0.,0.,-1.));
#2251=DIRECTION('',(0.,-1.,0.));
#2252=DIRECTION('center_axis',(0.,0.,1.));
#2253=DIRECTION('ref_axis',(-0.707106781186546,-0.707106781186549,0.));
#2254=DIRECTION('',(0.,0.,1.));
#2255=DIRECTION('center_axis',(0.,0.,1.));
#2256=DIRECTION('ref_axis',(-0.707106781186544,-0.707106781186551,0.));
#2257=DIRECTION('center_axis',(0.,-1.,0.));
#2258=DIRECTION('ref_axis',(1.,0.,0.));
#2259=DIRECTION('',(0.,0.,-1.));
#2260=DIRECTION('',(1.,0.,0.));
#2261=DIRECTION('center_axis',(0.,0.,1.));
#2262=DIRECTION('ref_axis',(1.,0.,0.));
#2263=DIRECTION('center_axis',(0.,0.,-1.));
#2264=DIRECTION('ref_axis',(1.,0.,0.));
#2265=DIRECTION('',(0.5,0.866025403784438,0.));
#2266=DIRECTION('',(-0.5,0.866025403784439,0.));
#2267=DIRECTION('',(-1.,5.41679629967201E-16,0.));
#2268=DIRECTION('',(-0.499999999999999,-0.866025403784439,0.));
#2269=DIRECTION('',(0.499999999999999,-0.866025403784439,0.));
#2270=DIRECTION('',(1.,-2.70839814983601E-16,0.));
#2271=DIRECTION('',(0.500000000000001,0.866025403784438,0.));
#2272=DIRECTION('',(-0.500000000000001,0.866025403784438,0.));
#2273=DIRECTION('',(-1.,2.708398149836E-16,0.));
#2274=DIRECTION('',(-0.5,-0.866025403784439,0.));
#2275=DIRECTION('',(0.5,-0.866025403784439,0.));
#2276=DIRECTION('',(1.,-2.708398149836E-16,0.));
#2277=DIRECTION('center_axis',(-1.,0.,0.));
#2278=DIRECTION('ref_axis',(0.,0.707106781186548,0.707106781186547));
#2279=DIRECTION('center_axis',(-1.,0.,0.));
#2280=DIRECTION('ref_axis',(0.,0.,1.));
#2281=DIRECTION('',(-1.,0.,0.));
#2282=DIRECTION('center_axis',(1.,0.,0.));
#2283=DIRECTION('ref_axis',(0.,1.,0.));
#2284=DIRECTION('',(1.,0.,0.));
#2285=DIRECTION('center_axis',(0.,1.,0.));
#2286=DIRECTION('ref_axis',(0.70710678118655,0.,0.707106781186545));
#2287=DIRECTION('center_axis',(0.,1.,0.));
#2288=DIRECTION('ref_axis',(0.,0.,1.));
#2289=DIRECTION('',(0.,1.,0.));
#2290=DIRECTION('center_axis',(0.,-1.,0.));
#2291=DIRECTION('ref_axis',(1.,0.,0.));
#2292=DIRECTION('',(0.,-1.,0.));
#2293=DIRECTION('center_axis',(-0.816496580927727,0.408248290463862,0.408248290463862));
#2294=DIRECTION('ref_axis',(0.577350269189623,0.577350269189628,0.577350269189627));
#2295=DIRECTION('center_axis',(0.,0.,1.));
#2296=DIRECTION('ref_axis',(0.707106781186546,0.707106781186549,0.));
#2297=DIRECTION('center_axis',(1.,0.,0.));
#2298=DIRECTION('ref_axis',(0.,-0.707106781186548,0.707106781186548));
#2299=DIRECTION('center_axis',(1.,0.,0.));
#2300=DIRECTION('ref_axis',(0.,0.,1.));
#2301=DIRECTION('',(1.,0.,0.));
#2302=DIRECTION('center_axis',(-1.,0.,0.));
#2303=DIRECTION('ref_axis',(0.,-1.,0.));
#2304=DIRECTION('',(-1.,0.,0.));
#2305=DIRECTION('center_axis',(0.,0.,1.));
#2306=DIRECTION('ref_axis',(1.,0.,0.));
#2307=DIRECTION('center_axis',(0.,1.,0.));
#2308=DIRECTION('ref_axis',(0.,0.,1.));
#2309=DIRECTION('center_axis',(0.,0.,-1.));
#2310=DIRECTION('ref_axis',(-0.707106781186547,0.707106781186548,0.));
#2311=DIRECTION('center_axis',(0.,0.,1.));
#2312=DIRECTION('ref_axis',(-0.707106781186547,0.707106781186548,0.));
#2313=DIRECTION('center_axis',(0.,1.,0.));
#2314=DIRECTION('ref_axis',(0.707106781186547,0.,0.707106781186548));
#2315=DIRECTION('center_axis',(0.,1.,0.));
#2316=DIRECTION('ref_axis',(0.,0.,1.));
#2317=DIRECTION('',(0.,1.,0.));
#2318=DIRECTION('',(0.,-1.,0.));
#2319=DIRECTION('center_axis',(-0.816496580927726,-0.408248290463863,0.408248290463863));
#2320=DIRECTION('ref_axis',(0.577350269189626,-0.577350269189626,0.577350269189625));
#2321=DIRECTION('center_axis',(0.,0.,1.));
#2322=DIRECTION('ref_axis',(0.70710678118655,-0.707106781186545,0.));
#2323=DIRECTION('center_axis',(1.,0.,0.));
#2324=DIRECTION('ref_axis',(0.,-0.70710678118655,0.707106781186545));
#2325=DIRECTION('center_axis',(1.,0.,0.));
#2326=DIRECTION('ref_axis',(0.,0.,1.));
#2327=DIRECTION('center_axis',(-1.,0.,0.));
#2328=DIRECTION('ref_axis',(0.,-1.,0.));
#2329=DIRECTION('',(-1.,0.,0.));
#2330=DIRECTION('center_axis',(0.408248290463864,-0.40824829046386,-0.816496580927727));
#2331=DIRECTION('ref_axis',(0.57735026918963,-0.577350269189623,0.577350269189625));
#2332=DIRECTION('center_axis',(0.,0.,1.));
#2333=DIRECTION('ref_axis',(0.707106781186549,-0.707106781186546,0.));
#2334=DIRECTION('center_axis',(0.,-1.,0.));
#2335=DIRECTION('ref_axis',(-0.707106781186547,0.,0.707106781186548));
#2336=DIRECTION('center_axis',(0.,-1.,0.));
#2337=DIRECTION('ref_axis',(0.,0.,1.));
#2338=DIRECTION('center_axis',(0.,1.,0.));
#2339=DIRECTION('ref_axis',(-1.,0.,0.));
#2340=DIRECTION('',(0.,1.,0.));
#2341=DIRECTION('center_axis',(0.,0.,1.));
#2342=DIRECTION('ref_axis',(1.,0.,0.));
#2343=DIRECTION('center_axis',(1.,0.,0.));
#2344=DIRECTION('ref_axis',(0.,0.,1.));
#2345=DIRECTION('center_axis',(0.,0.,1.));
#2346=DIRECTION('ref_axis',(0.707106781186546,0.707106781186549,0.));
#2347=DIRECTION('center_axis',(1.,0.,0.));
#2348=DIRECTION('ref_axis',(0.,-0.707106781186548,0.707106781186548));
#2349=DIRECTION('center_axis',(1.,0.,0.));
#2350=DIRECTION('ref_axis',(0.,0.,1.));
#2351=DIRECTION('',(-1.,0.,0.));
#2352=DIRECTION('center_axis',(-0.408248290463863,-0.408248290463863,-0.816496580927726));
#2353=DIRECTION('ref_axis',(-0.577350269189626,-0.577350269189626,0.577350269189625));
#2354=DIRECTION('center_axis',(0.,-1.,0.));
#2355=DIRECTION('ref_axis',(-0.70710678118655,0.,0.707106781186545));
#2356=DIRECTION('center_axis',(0.,-1.,0.));
#2357=DIRECTION('ref_axis',(0.,0.,1.));
#2358=DIRECTION('center_axis',(0.,1.,0.));
#2359=DIRECTION('ref_axis',(-1.,0.,0.));
#2360=DIRECTION('',(0.,1.,0.));
#2361=DIRECTION('center_axis',(-0.816496580927727,0.408248290463863,-0.408248290463862));
#2362=DIRECTION('ref_axis',(-0.577350269189623,-0.577350269189628,0.577350269189627));
#2363=DIRECTION('center_axis',(-0.816496580927729,-0.40824829046386,-0.40824829046386));
#2364=DIRECTION('ref_axis',(-0.577350269189623,0.577350269189628,0.577350269189627));
#2365=DIRECTION('center_axis',(0.,0.,1.));
#2366=DIRECTION('ref_axis',(0.707106781186549,-0.707106781186546,0.));
#2367=DIRECTION('',(0.,0.,1.));
#2368=DIRECTION('center_axis',(0.,0.,1.));
#2369=DIRECTION('ref_axis',(1.,0.,0.));
#2370=DIRECTION('center_axis',(0.,0.,-1.));
#2371=DIRECTION('ref_axis',(1.,0.,0.));
#2372=DIRECTION('center_axis',(0.,0.,-1.));
#2373=DIRECTION('ref_axis',(1.,0.,0.));
#2374=DIRECTION('center_axis',(0.,0.,1.));
#2375=DIRECTION('ref_axis',(0.707106781186546,0.707106781186549,0.));
#2376=DIRECTION('',(0.,0.,1.));
#2377=DIRECTION('',(0.,0.,-1.));
#2378=DIRECTION('center_axis',(0.,1.,0.));
#2379=DIRECTION('ref_axis',(-1.,0.,0.));
#2380=DIRECTION('center_axis',(1.,0.,0.));
#2381=DIRECTION('ref_axis',(0.,1.,0.));
#2382=DIRECTION('',(0.,0.,-1.));
#2383=DIRECTION('center_axis',(0.,0.,1.));
#2384=DIRECTION('ref_axis',(-0.707106781186547,0.707106781186548,0.));
#2385=DIRECTION('',(0.,0.,1.));
#2386=DIRECTION('center_axis',(0.,-1.,0.));
#2387=DIRECTION('ref_axis',(1.,0.,0.));
#2388=DIRECTION('',(0.,0.,-1.));
#2389=DIRECTION('center_axis',(0.,0.,1.));
#2390=DIRECTION('ref_axis',(0.707106781186549,-0.707106781186546,0.));
#2391=DIRECTION('',(0.,0.,1.));
#2392=DIRECTION('center_axis',(1.,0.,0.));
#2393=DIRECTION('ref_axis',(0.,1.,0.));
#2394=DIRECTION('center_axis',(0.,0.,-1.));
#2395=DIRECTION('ref_axis',(1.,0.,0.));
#2396=DIRECTION('',(0.707106781186548,-8.65956056235493E-17,0.707106781186548));
#2397=DIRECTION('center_axis',(0.,0.,1.));
#2398=DIRECTION('ref_axis',(1.,0.,0.));
#2399=DIRECTION('center_axis',(0.,0.,1.));
#2400=DIRECTION('ref_axis',(1.,0.,0.));
#2401=DIRECTION('',(0.,0.,1.));
#2402=DIRECTION('center_axis',(0.,0.,1.));
#2403=DIRECTION('ref_axis',(1.,0.,0.));
#2404=DIRECTION('center_axis',(0.612372435695792,-0.353553390593273,-0.70710678118655));
#2405=DIRECTION('ref_axis',(-0.755928946018457,0.,-0.654653670707975));
#2406=DIRECTION('',(0.377964473009237,-0.654653670707974,0.654653670707975));
#2407=DIRECTION('',(-0.500000000000001,-0.866025403784438,0.));
#2408=DIRECTION('',(-0.75592894601846,4.84541052250243E-15,-0.654653670707971));
#2409=DIRECTION('center_axis',(-1.91512669790214E-16,-0.707106781186548,
-0.707106781186547));
#2410=DIRECTION('ref_axis',(-1.,0.,2.70839814983601E-16));
#2411=DIRECTION('',(-0.377964473009221,-0.654653670707978,0.65465367070798));
#2412=DIRECTION('',(-1.,2.708398149836E-16,0.));
#2413=DIRECTION('center_axis',(-0.612372435695799,-0.353553390593276,-0.707106781186543));
#2414=DIRECTION('ref_axis',(-0.75592894601845,0.,0.654653670707982));
#2415=DIRECTION('',(-0.755928946018454,7.26811578375372E-15,0.654653670707978));
#2416=DIRECTION('',(-0.5,0.866025403784439,0.));
#2417=DIRECTION('center_axis',(-0.612372435695793,0.353553390593273,-0.707106781186549));
#2418=DIRECTION('ref_axis',(-0.755928946018456,0.,0.654653670707976));
#2419=DIRECTION('',(0.5,0.866025403784439,0.));
#2420=DIRECTION('',(-0.377964473009229,0.654653670707976,0.654653670707977));
#2421=DIRECTION('center_axis',(1.91512669790214E-16,0.707106781186548,-0.707106781186547));
#2422=DIRECTION('ref_axis',(-1.,0.,-2.70839814983601E-16));
#2423=DIRECTION('',(1.,-2.708398149836E-16,0.));
#2424=DIRECTION('',(0.377964473009228,0.654653670707978,0.654653670707975));
#2425=DIRECTION('center_axis',(0.612372435695793,0.353553390593273,-0.70710678118655));
#2426=DIRECTION('ref_axis',(-0.755928946018456,0.,-0.654653670707975));
#2427=DIRECTION('',(0.500000000000001,-0.866025403784438,0.));
#2428=DIRECTION('center_axis',(-2.708398149836E-16,-1.,0.));
#2429=DIRECTION('ref_axis',(1.,-2.708398149836E-16,0.));
#2430=DIRECTION('',(0.,0.,1.));
#2431=DIRECTION('',(1.,-2.708398149836E-16,0.));
#2432=DIRECTION('',(0.,0.,1.));
#2433=DIRECTION('center_axis',(-0.866025403784438,-0.500000000000001,0.));
#2434=DIRECTION('ref_axis',(0.500000000000001,-0.866025403784438,0.));
#2435=DIRECTION('',(0.,0.,1.));
#2436=DIRECTION('',(0.500000000000001,-0.866025403784438,0.));
#2437=DIRECTION('center_axis',(-0.866025403784438,0.500000000000001,0.));
#2438=DIRECTION('ref_axis',(-0.500000000000001,-0.866025403784438,0.));
#2439=DIRECTION('',(0.,0.,1.));
#2440=DIRECTION('',(-0.500000000000001,-0.866025403784438,0.));
#2441=DIRECTION('center_axis',(-0.612372435695798,-0.353553390593275,-0.707106781186544));
#2442=DIRECTION('ref_axis',(-0.755928946018451,0.,0.654653670707982));
#2443=DIRECTION('',(-0.755928946018452,3.63405789187687E-15,0.65465367070798));
#2444=DIRECTION('',(-0.499999999999999,0.866025403784439,0.));
#2445=DIRECTION('',(-0.37796447300922,-0.654653670707979,0.654653670707979));
#2446=DIRECTION('center_axis',(-0.612372435695794,0.353553390593273,-0.707106781186548));
#2447=DIRECTION('ref_axis',(-0.755928946018455,0.,0.654653670707977));
#2448=DIRECTION('',(-0.377964473009229,0.654653670707977,0.654653670707976));
#2449=DIRECTION('',(0.499999999999999,0.866025403784439,0.));
#2450=DIRECTION('center_axis',(3.83025339580428E-16,0.707106781186547,-0.707106781186548));
#2451=DIRECTION('ref_axis',(-1.,0.,-5.41679629967201E-16));
#2452=DIRECTION('',(0.377964473009229,0.654653670707976,0.654653670707977));
#2453=DIRECTION('',(1.,-5.41679629967201E-16,0.));
#2454=DIRECTION('center_axis',(0.612372435695793,-0.353553390593273,-0.70710678118655));
#2455=DIRECTION('ref_axis',(-0.755928946018456,0.,-0.654653670707975));
#2456=DIRECTION('',(-0.5,-0.866025403784438,0.));
#2457=DIRECTION('',(-0.755928946018456,6.05676315312808E-15,-0.654653670707975));
#2458=DIRECTION('',(0.377964473009238,-0.654653670707973,0.654653670707975));
#2459=DIRECTION('center_axis',(0.612372435695796,0.353553390593274,-0.707106781186546));
#2460=DIRECTION('ref_axis',(-0.755928946018453,0.,-0.654653670707978));
#2461=DIRECTION('',(0.5,-0.866025403784439,0.));
#2462=DIRECTION('center_axis',(-1.91512669790214E-16,-0.707106781186548,
-0.707106781186547));
#2463=DIRECTION('ref_axis',(-1.,0.,2.70839814983601E-16));
#2464=DIRECTION('',(-1.,2.70839814983601E-16,0.));
#2465=DIRECTION('center_axis',(-5.41679629967201E-16,-1.,0.));
#2466=DIRECTION('ref_axis',(1.,-5.41679629967201E-16,0.));
#2467=DIRECTION('',(0.,0.,1.));
#2468=DIRECTION('',(1.,-5.41679629967201E-16,0.));
#2469=DIRECTION('',(0.,0.,1.));
#2470=DIRECTION('center_axis',(-0.866025403784439,-0.5,0.));
#2471=DIRECTION('ref_axis',(0.5,-0.866025403784439,0.));
#2472=DIRECTION('',(0.,0.,1.));
#2473=DIRECTION('',(0.5,-0.866025403784439,0.));
#2474=DIRECTION('center_axis',(-0.866025403784438,0.5,0.));
#2475=DIRECTION('ref_axis',(-0.5,-0.866025403784438,0.));
#2476=DIRECTION('',(0.,0.,1.));
#2477=DIRECTION('',(-0.5,-0.866025403784438,0.));
#2478=DIRECTION('center_axis',(0.,0.,1.));
#2479=DIRECTION('ref_axis',(1.,0.,0.));
#2480=DIRECTION('center_axis',(2.70839814983601E-16,1.,0.));
#2481=DIRECTION('ref_axis',(-1.,2.70839814983601E-16,0.));
#2482=DIRECTION('',(0.,0.,1.));
#2483=DIRECTION('',(-1.,2.70839814983601E-16,0.));
#2484=DIRECTION('center_axis',(0.866025403784439,0.499999999999999,0.));
#2485=DIRECTION('ref_axis',(-0.499999999999999,0.866025403784439,0.));
#2486=DIRECTION('',(0.,0.,1.));
#2487=DIRECTION('',(-0.499999999999999,0.866025403784439,0.));
#2488=DIRECTION('center_axis',(0.866025403784439,-0.5,0.));
#2489=DIRECTION('ref_axis',(0.499999999999999,0.866025403784439,0.));
#2490=DIRECTION('',(0.499999999999999,0.866025403784439,0.));
#2491=DIRECTION('center_axis',(0.,0.,1.));
#2492=DIRECTION('ref_axis',(1.,0.,0.));
#2493=DIRECTION('center_axis',(0.,0.,-1.));
#2494=DIRECTION('ref_axis',(1.,0.,0.));
#2495=DIRECTION('center_axis',(2.708398149836E-16,1.,0.));
#2496=DIRECTION('ref_axis',(-1.,2.708398149836E-16,0.));
#2497=DIRECTION('',(0.,0.,1.));
#2498=DIRECTION('',(-1.,2.708398149836E-16,0.));
#2499=DIRECTION('center_axis',(0.866025403784439,0.5,0.));
#2500=DIRECTION('ref_axis',(-0.5,0.866025403784439,0.));
#2501=DIRECTION('',(0.,0.,1.));
#2502=DIRECTION('',(-0.5,0.866025403784439,0.));
#2503=DIRECTION('center_axis',(0.866025403784439,-0.5,0.));
#2504=DIRECTION('ref_axis',(0.5,0.866025403784439,0.));
#2505=DIRECTION('',(0.5,0.866025403784439,0.));
#2506=DIRECTION('center_axis',(0.,0.,1.));
#2507=DIRECTION('ref_axis',(1.,0.,0.));
#2508=DIRECTION('center_axis',(0.,0.,-1.));
#2509=DIRECTION('ref_axis',(1.,0.,0.));
#2510=DIRECTION('center_axis',(0.,0.,1.));
#2511=DIRECTION('ref_axis',(1.,0.,0.));
#2512=DIRECTION('',(0.,0.,-1.));
#2513=DIRECTION('center_axis',(0.,0.,1.));
#2514=DIRECTION('ref_axis',(1.,0.,0.));
#2515=DIRECTION('',(0.,0.,-1.));
#2516=DIRECTION('',(-4.32744657066741E-31,-6.12323399573676E-17,-1.));
#2517=DIRECTION('',(0.999999999999999,-6.12323399573677E-17,4.93570504161896E-31));
#2518=DIRECTION('',(4.85114375070952E-32,0.,1.));
#2519=DIRECTION('',(0.866025403784438,-0.5,0.));
#2520=DIRECTION('',(-1.26345804408355E-14,-2.18837352558431E-14,1.));
#2521=DIRECTION('',(0.866025403784438,0.5,2.1944824220128E-14));
#2522=DIRECTION('',(1.,2.60902410786912E-15,-1.45021561710265E-14));
#2523=DIRECTION('',(-2.60902410786912E-15,1.,4.63992039764494E-28));
#2524=DIRECTION('center_axis',(0.,0.,1.));
#2525=DIRECTION('ref_axis',(1.,0.,0.));
#2526=CARTESIAN_POINT('',(0.,0.,0.));
#2527=CARTESIAN_POINT('',(0.,0.,0.));
#2528=CARTESIAN_POINT('',(0.,0.,0.));
#2529=CARTESIAN_POINT('Origin',(0.,0.,5.49176946563802));
#2530=CARTESIAN_POINT('',(-1.64500647302677E-16,-1.34324972242779,7.61));
#2531=CARTESIAN_POINT('Origin',(0.,5.66673173348987E-17,7.61));
#2532=CARTESIAN_POINT('Origin',(0.,1.41668293337247E-16,7.025));
#2533=CARTESIAN_POINT('',(1.83697019872103E-16,1.5,7.025));
#2534=CARTESIAN_POINT('',(-1.83697019872103E-16,-1.5,7.025));
#2535=CARTESIAN_POINT('Origin',(0.,1.41668293337247E-16,7.025));
#2536=CARTESIAN_POINT('',(-1.83697019872103E-16,-1.5,7.025));
#2537=CARTESIAN_POINT('Origin',(0.,1.41668293337247E-16,7.025));
#2538=CARTESIAN_POINT('Origin',(0.,0.,8.));
#2539=CARTESIAN_POINT('',(-1.83697019872103E-16,1.5,-7.55));
#2540=CARTESIAN_POINT('',(-1.83697019872103E-16,1.5,8.));
#2541=CARTESIAN_POINT('Origin',(0.,2.25942765271199E-15,-7.55));
#2542=CARTESIAN_POINT('Origin',(0.,1.62630325872826E-15,-5.27500000000001));
#2543=CARTESIAN_POINT('',(0.,0.,0.));
#2544=CARTESIAN_POINT('Origin',(0.,0.,1.6));
#2545=CARTESIAN_POINT('',(2.,-1.68371580829386E-15,-1.37499999999998));
#2546=CARTESIAN_POINT('',(2.,4.93362154057031E-16,-1.46249999999998));
#2547=CARTESIAN_POINT('',(2.,-2.44929359829471E-16,1.6));
#2548=CARTESIAN_POINT('',(1.97612536598994,-0.308104751498105,-1.48047277717003));
#2549=CARTESIAN_POINT('Ctrl Pts',(2.,2.42861286636753E-16,-1.46249999999998));
#2550=CARTESIAN_POINT('Ctrl Pts',(2.,-0.103058600226548,-1.46851175167986));
#2551=CARTESIAN_POINT('Ctrl Pts',(1.99203517877086,-0.206062233640299,-1.47452029696233));
#2552=CARTESIAN_POINT('Ctrl Pts',(1.97612536598882,-0.308104751497858,-1.48047277717069));
#2553=CARTESIAN_POINT('',(1.16157254406765,-1.62811216593578,-1.48047277716887));
#2554=CARTESIAN_POINT('Origin',(0.,0.,-1.48047277716888));
#2555=CARTESIAN_POINT('Ctrl Pts',(1.161572544067,-1.62811216593627,-1.48047277716892));
#2556=CARTESIAN_POINT('Ctrl Pts',(1.30486807579338,-1.52587832798376,-1.47025193193642));
#2557=CARTESIAN_POINT('Ctrl Pts',(1.43404832548089,-1.40516995252808,-1.46020532394167));
#2558=CARTESIAN_POINT('Ctrl Pts',(1.65329519982314,-1.13812585540214,-1.44134059160745));
#2559=CARTESIAN_POINT('Ctrl Pts',(1.74370953132403,-0.994073960316673,-1.43298764768512));
#2560=CARTESIAN_POINT('Ctrl Pts',(1.92263656066766,-0.607635870261753,-1.41044542576525));
#2561=CARTESIAN_POINT('Ctrl Pts',(1.9846112566102,-0.356417768041032,-1.39579103646905));
#2562=CARTESIAN_POINT('Ctrl Pts',(1.99916117001005,-0.0669172301622679,
-1.37890350509278));
#2563=CARTESIAN_POINT('Ctrl Pts',(2.,-0.0334432853866893,-1.37695085831421));
#2564=CARTESIAN_POINT('Ctrl Pts',(2.,-3.93594292774754E-15,-1.37499999999998));
#2565=CARTESIAN_POINT('Origin',(0.,0.,1.6));
#2566=CARTESIAN_POINT('',(2.,1.02245281422996E-15,-0.674999999999981));
#2567=CARTESIAN_POINT('',(2.,-8.68395774584762E-16,-0.762499999999982));
#2568=CARTESIAN_POINT('',(2.,-2.44929359829471E-16,1.6));
#2569=CARTESIAN_POINT('Ctrl Pts',(2.,-3.93593745562994E-15,-0.762499999999982));
#2570=CARTESIAN_POINT('Ctrl Pts',(2.,-0.0584058072574083,-0.765907005423331));
#2571=CARTESIAN_POINT('Ctrl Pts',(1.99744163294593,-0.11688060645617,-0.76931803537659));
#2572=CARTESIAN_POINT('Ctrl Pts',(1.96992380561147,-0.429701201965315,-0.787565903447957));
#2573=CARTESIAN_POINT('Ctrl Pts',(1.89899940443276,-0.677558926464773,-0.802024270710426));
#2574=CARTESIAN_POINT('Ctrl Pts',(1.66319012661537,-1.14202988608951,-0.829118410021869));
#2575=CARTESIAN_POINT('Ctrl Pts',(1.49712868794607,-1.35244093636906,-0.842980691181826));
#2576=CARTESIAN_POINT('Ctrl Pts',(1.09498750668768,-1.69402340562217,-0.873258941136237));
#2577=CARTESIAN_POINT('Ctrl Pts',(0.863771321933493,-1.82280406829518,-0.888695657367056));
#2578=CARTESIAN_POINT('Ctrl Pts',(0.37325846354014,-1.98111963416467,-0.918092996152924));
#2579=CARTESIAN_POINT('Ctrl Pts',(0.119685634801508,-2.01240903803379,-0.931091773045302));
#2580=CARTESIAN_POINT('Ctrl Pts',(-0.39758135488625,-1.97794406305502,-0.958228372109357));
#2581=CARTESIAN_POINT('Ctrl Pts',(-0.656024207689295,-1.9078580352987,-0.973328602349563));
#2582=CARTESIAN_POINT('Ctrl Pts',(-1.1250597908372,-1.67373044683488,-1.00385213294638));
#2583=CARTESIAN_POINT('Ctrl Pts',(-1.33222146865522,-1.51404782076174,-1.01897496728824));
#2584=CARTESIAN_POINT('Ctrl Pts',(-1.67173921313384,-1.12720814312881,-1.04740959907152));
#2585=CARTESIAN_POINT('Ctrl Pts',(-1.80192437935879,-0.904642403195231,
-1.05972919314693));
#2586=CARTESIAN_POINT('Ctrl Pts',(-1.97504772275249,-0.412398199758637,
-1.08844343834739));
#2587=CARTESIAN_POINT('Ctrl Pts',(-2.0123387532181,-0.146130213395207,-1.10397573755193));
#2588=CARTESIAN_POINT('Ctrl Pts',(-1.98110680969193,0.375246412610958,-1.13438937406895));
#2589=CARTESIAN_POINT('Ctrl Pts',(-1.91682415955801,0.625633808967624,-1.14899530552309));
#2590=CARTESIAN_POINT('Ctrl Pts',(-1.69435317690576,1.0946695782643,-1.17635572539873));
#2591=CARTESIAN_POINT('Ctrl Pts',(-1.53593223517761,1.30770093974123,-1.18971549125004));
#2592=CARTESIAN_POINT('Ctrl Pts',(-1.14569756563134,1.66027170477281,-1.21971273823723));
#2593=CARTESIAN_POINT('Ctrl Pts',(-0.917758969142125,1.79634100680887,-1.23519646209193));
#2594=CARTESIAN_POINT('Ctrl Pts',(-0.431197492351272,1.96934687035699,-1.26482265141064));
#2595=CARTESIAN_POINT('Ctrl Pts',(-0.178454133281011,2.00806999261441,-1.27824945280021));
#2596=CARTESIAN_POINT('Ctrl Pts',(0.339708454845914,1.98869575276263,-1.30499114939805));
#2597=CARTESIAN_POINT('Ctrl Pts',(0.600042388491671,1.92619152314538,-1.31996577776214));
#2598=CARTESIAN_POINT('Ctrl Pts',(1.07633976592546,1.70558081940996,-1.35046191829022));
#2599=CARTESIAN_POINT('Ctrl Pts',(1.28860059274382,1.55146349558636,-1.36568003088316));
#2600=CARTESIAN_POINT('Ctrl Pts',(1.63867528378441,1.174538007427,-1.3943588162015));
#2601=CARTESIAN_POINT('Ctrl Pts',(1.77468107740087,0.956711843567126,-1.40669180912523));
#2602=CARTESIAN_POINT('Ctrl Pts',(1.92849691371683,0.557582892836977,-1.42997433125115));
#2603=CARTESIAN_POINT('Ctrl Pts',(1.96951689446979,0.388574948789127,-1.43983312798728));
#2604=CARTESIAN_POINT('Ctrl Pts',(1.99608764580518,0.144472690917045,-1.45407242636315));
#2605=CARTESIAN_POINT('Ctrl Pts',(2.,0.072225288938925,-1.45828685814521));
#2606=CARTESIAN_POINT('Ctrl Pts',(2.,2.97483362866749E-16,-1.46249999999998));
#2607=CARTESIAN_POINT('Ctrl Pts',(2.,-3.19189119579733E-15,-1.37499999999998));
#2608=CARTESIAN_POINT('Ctrl Pts',(2.,0.232443330157767,-1.36144080574078));
#2609=CARTESIAN_POINT('Ctrl Pts',(1.95947424739471,0.463405575934313,-1.34796800807049));
#2610=CARTESIAN_POINT('Ctrl Pts',(1.79290690309953,0.922281340079403,-1.32120025516202));
#2611=CARTESIAN_POINT('Ctrl Pts',(1.66076062175719,1.14323862110772,-1.30888742535373));
#2612=CARTESIAN_POINT('Ctrl Pts',(1.31768696320066,1.52675531323657,-1.28037007578535));
#2613=CARTESIAN_POINT('Ctrl Pts',(1.10879630288394,1.68458637594275,-1.26521390038031));
#2614=CARTESIAN_POINT('Ctrl Pts',(0.637277988374113,1.91419921904737,-1.23469662686471));
#2615=CARTESIAN_POINT('Ctrl Pts',(0.37817442317655,1.98174445474173,-1.21963712509274));
#2616=CARTESIAN_POINT('Ctrl Pts',(-0.139410314492551,2.0111410784496,-1.19263230090103));
#2617=CARTESIAN_POINT('Ctrl Pts',(-0.392694895691115,1.97736289284454,-1.17950153196433));
#2618=CARTESIAN_POINT('Ctrl Pts',(-0.88190278931422,1.81413852682357,-1.15002694424483));
#2619=CARTESIAN_POINT('Ctrl Pts',(-1.11204867257815,1.68291353067957,-1.13457300460412));
#2620=CARTESIAN_POINT('Ctrl Pts',(-1.51022145533742,1.33763350695498,-1.10438738545586));
#2621=CARTESIAN_POINT('Ctrl Pts',(-1.67371774425441,1.12634459061448,-1.0907034344525));
#2622=CARTESIAN_POINT('Ctrl Pts',(-1.90508504763687,0.660341774780358,-1.06351993686217));
#2623=CARTESIAN_POINT('Ctrl Pts',(-1.97380998517828,0.411623196632975,-1.04901135313691));
#2624=CARTESIAN_POINT('Ctrl Pts',(-2.01467149020668,-0.10811670184632,-1.01869319239228));
#2625=CARTESIAN_POINT('Ctrl Pts',(-1.98250981495448,-0.374521512260798,
-1.00315291178477));
#2626=CARTESIAN_POINT('Ctrl Pts',(-1.8188668934891,-0.870316871371402,-0.974231515836652));
#2627=CARTESIAN_POINT('Ctrl Pts',(-1.69247541628419,-1.09601698449187,-0.961866895789631));
#2628=CARTESIAN_POINT('Ctrl Pts',(-1.35982057693396,-1.48922855217931,-0.933593118473882));
#2629=CARTESIAN_POINT('Ctrl Pts',(-1.15602772435772,-1.6524191577707,-0.918538154876758));
#2630=CARTESIAN_POINT('Ctrl Pts',(-0.691887120735633,-1.89515089049755,
-0.888010955375125));
#2631=CARTESIAN_POINT('Ctrl Pts',(-0.434786540459574,-1.97010305524512,
-0.872836605262258));
#2632=CARTESIAN_POINT('Ctrl Pts',(0.081820281925228,-2.01431131101209,-0.845449177605094));
#2633=CARTESIAN_POINT('Ctrl Pts',(0.335974789856347,-1.98778661881306,-0.832670952037638));
#2634=CARTESIAN_POINT('Ctrl Pts',(0.828935826363593,-1.83883753841806,-0.803423124985798));
#2635=CARTESIAN_POINT('Ctrl Pts',(1.06212418013413,-1.71474326539942,-0.788023464792557));
#2636=CARTESIAN_POINT('Ctrl Pts',(1.47180692662041,-1.38028896264308,-0.757572133781788));
#2637=CARTESIAN_POINT('Ctrl Pts',(1.64279647649527,-1.17156208626591,-0.743341121698828));
#2638=CARTESIAN_POINT('Ctrl Pts',(1.88704018687599,-0.710032285006735,-0.716418549958709));
#2639=CARTESIAN_POINT('Ctrl Pts',(1.96210541688692,-0.463858648958012,-0.702058421189201));
#2640=CARTESIAN_POINT('Ctrl Pts',(1.99631395221212,-0.140295267586391,-0.68318389060919));
#2641=CARTESIAN_POINT('Ctrl Pts',(2.,-0.0701060990259494,-0.679089522443162));
#2642=CARTESIAN_POINT('Ctrl Pts',(2.,4.41649330415767E-15,-0.674999999999981));
#2643=CARTESIAN_POINT('Origin',(0.,0.,1.6));
#2644=CARTESIAN_POINT('',(2.,-1.24569813060972E-15,0.0250000000000185));
#2645=CARTESIAN_POINT('',(2.,1.40505559256558E-12,-0.0624999999998184));
#2646=CARTESIAN_POINT('',(2.,-2.44929359829471E-16,1.6));
#2647=CARTESIAN_POINT('Ctrl Pts',(2.,2.80595422829883E-12,-0.0624999999998187));
#2648=CARTESIAN_POINT('Ctrl Pts',(2.,-0.0974405356238771,-0.0681840312447875));
#2649=CARTESIAN_POINT('Ctrl Pts',(1.99287918264685,-0.194968650279086,-0.0738731712662623));
#2650=CARTESIAN_POINT('Ctrl Pts',(1.94151898157788,-0.543225275607459,-0.0941881410770839));
#2651=CARTESIAN_POINT('Ctrl Pts',(1.85686939462856,-0.785184835852815,-0.108262287122296));
#2652=CARTESIAN_POINT('Ctrl Pts',(1.59611979785572,-1.23397109542923,-0.134524473225131));
#2653=CARTESIAN_POINT('Ctrl Pts',(1.41870639655371,-1.43439962426707,-0.149332901878697));
#2654=CARTESIAN_POINT('Ctrl Pts',(0.999606427343815,-1.7517864326342,-0.179762171626299));
#2655=CARTESIAN_POINT('Ctrl Pts',(0.762977671316018,-1.86704192854883,-0.195077836906325));
#2656=CARTESIAN_POINT('Ctrl Pts',(0.265577848622773,-1.99846223546855,-0.22403864732508));
#2657=CARTESIAN_POINT('Ctrl Pts',(0.0102202670506071,-2.01600196616925,
-0.236516967017587));
#2658=CARTESIAN_POINT('Ctrl Pts',(-0.507644615516263,-1.95297429804968,
-0.264516849072868));
#2659=CARTESIAN_POINT('Ctrl Pts',(-0.76442251150176,-1.86746731538424,-0.279982746628746));
#2660=CARTESIAN_POINT('Ctrl Pts',(-1.22006183834353,-1.60556124309535,-0.310639728937651));
#2661=CARTESIAN_POINT('Ctrl Pts',(-1.4165552059464,-1.43519314612927,-0.325535279566951));
#2662=CARTESIAN_POINT('Ctrl Pts',(-1.73459030820846,-1.0286012036364,-0.353460755764484));
#2663=CARTESIAN_POINT('Ctrl Pts',(-1.85286220008665,-0.796074859095308,
-0.366062299886089));
#2664=CARTESIAN_POINT('Ctrl Pts',(-1.99605646730408,-0.292898254893753,
-0.395414268464513));
#2665=CARTESIAN_POINT('Ctrl Pts',(-2.01725396941176,-0.0265212368407771,
-0.410952927850936));
#2666=CARTESIAN_POINT('Ctrl Pts',(-1.95591802826071,0.489125739792456,-0.441032334821208));
#2667=CARTESIAN_POINT('Ctrl Pts',(-1.8778023694989,0.734004825701401,-0.455316948165896));
#2668=CARTESIAN_POINT('Ctrl Pts',(-1.62889828487307,1.19035385542409,-0.481937308233053));
#2669=CARTESIAN_POINT('Ctrl Pts',(-1.45694675594431,1.39558130262212,-0.496268868674262));
#2670=CARTESIAN_POINT('Ctrl Pts',(-1.04584164999859,1.72468548949948,-0.52663600960503));
#2671=CARTESIAN_POINT('Ctrl Pts',(-0.811718670619324,1.84646825597017,-0.542015466412633));
#2672=CARTESIAN_POINT('Ctrl Pts',(-0.317574986126846,1.99081724867582,-0.571188869426806));
#2673=CARTESIAN_POINT('Ctrl Pts',(-0.0631193282087681,2.01499328461918,
-0.58387402426617));
#2674=CARTESIAN_POINT('Ctrl Pts',(0.453136435889014,1.96596491097355,-0.611384303880099));
#2675=CARTESIAN_POINT('Ctrl Pts',(0.709538120351567,1.88861512202926,-0.626593277776172));
#2676=CARTESIAN_POINT('Ctrl Pts',(1.17119854154271,1.64166466721139,-0.657118229114306));
#2677=CARTESIAN_POINT('Ctrl Pts',(1.37330345781547,1.47676416222349,-0.672137793360233));
#2678=CARTESIAN_POINT('Ctrl Pts',(1.70254920174899,1.08040870283923,-0.700331046328443));
#2679=CARTESIAN_POINT('Ctrl Pts',(1.82705227781931,0.853135491844811,-0.7127337629757));
#2680=CARTESIAN_POINT('Ctrl Pts',(1.96812607189119,0.4114267761436,-0.738500104724937));
#2681=CARTESIAN_POINT('Ctrl Pts',(2.,0.206143116398888,-0.750474984876714));
#2682=CARTESIAN_POINT('Ctrl Pts',(2.,-4.16333634234434E-15,-0.762499999999982));
#2683=CARTESIAN_POINT('Ctrl Pts',(2.,5.06539254985228E-15,-0.674999999999981));
#2684=CARTESIAN_POINT('Ctrl Pts',(2.,0.193853695569172,-0.663691867758447));
#2685=CARTESIAN_POINT('Ctrl Pts',(1.97181343596526,0.387072238155285,-0.652420786107592));
#2686=CARTESIAN_POINT('Ctrl Pts',(1.84209350534394,0.820446703775826,-0.627140608946394));
#2687=CARTESIAN_POINT('Ctrl Pts',(1.72116655792327,1.0507237111848,-0.61463737294993));
#2688=CARTESIAN_POINT('Ctrl Pts',(1.39836306169843,1.45298054909705,-0.586597446868089));
#2689=CARTESIAN_POINT('Ctrl Pts',(1.19947195032233,1.62105224105418,-0.571647745142087));
#2690=CARTESIAN_POINT('Ctrl Pts',(0.742582540730591,1.87587162979877,-0.541134305903822));
#2691=CARTESIAN_POINT('Ctrl Pts',(0.487558240308257,1.95771464043472,-0.525863862599968));
#2692=CARTESIAN_POINT('Ctrl Pts',(-0.0279918481171686,2.01581470865919,
-0.498124641322604));
#2693=CARTESIAN_POINT('Ctrl Pts',(-0.283038155168711,1.99604597385912,-0.485586110668252));
#2694=CARTESIAN_POINT('Ctrl Pts',(-0.779358348390712,1.86029527920841,-0.456553538156021));
#2695=CARTESIAN_POINT('Ctrl Pts',(-1.01516778530092,1.74284881728617,-0.441215360185669));
#2696=CARTESIAN_POINT('Ctrl Pts',(-1.4317066217817,1.42145578982842,-0.410798626064934));
#2697=CARTESIAN_POINT('Ctrl Pts',(-1.60726959978249,1.21938134748246,-0.396130578603127));
#2698=CARTESIAN_POINT('Ctrl Pts',(-1.8640741967807,0.768050599216548,-0.369802951620948));
#2699=CARTESIAN_POINT('Ctrl Pts',(-1.94651258852117,0.525086186262388,-0.355630027531956));
#2700=CARTESIAN_POINT('Ctrl Pts',(-2.0173291961604,0.0116223815313206,-0.325677972255977));
#2701=CARTESIAN_POINT('Ctrl Pts',(-2.00123599855548,-0.25459210443244,-0.310148793908091));
#2702=CARTESIAN_POINT('Ctrl Pts',(-1.86766286135905,-0.761105278608475,
-0.280602192081155));
#2703=CARTESIAN_POINT('Ctrl Pts',(-1.75318918994563,-0.996874445682041,
-0.267825700608692));
#2704=CARTESIAN_POINT('Ctrl Pts',(-1.44194870858118,-1.40959593568113,-0.240064697610102));
#2705=CARTESIAN_POINT('Ctrl Pts',(-1.24889742998063,-1.58316115369651,-0.22524978558042));
#2706=CARTESIAN_POINT('Ctrl Pts',(-0.798964527433072,-1.85287809330839,
-0.194653264298135));
#2707=CARTESIAN_POINT('Ctrl Pts',(-0.544331883885098,-1.94299684320599,
-0.179161231045977));
#2708=CARTESIAN_POINT('Ctrl Pts',(-0.0278732203307881,-2.01588674496163,
-0.15094474009062));
#2709=CARTESIAN_POINT('Ctrl Pts',(0.228179789608814,-2.0031273997864,-0.138563995318586));
#2710=CARTESIAN_POINT('Ctrl Pts',(0.727847393286923,-1.8809489923826,-0.109758176205697));
#2711=CARTESIAN_POINT('Ctrl Pts',(0.966156975685188,-1.77038323998959,-0.0944943828754418));
#2712=CARTESIAN_POINT('Ctrl Pts',(1.39091547436799,-1.46137057682299,-0.0640235005970117));
#2713=CARTESIAN_POINT('Ctrl Pts',(1.57216533309838,-1.26435604822236,-0.0491208362240762));
#2714=CARTESIAN_POINT('Ctrl Pts',(1.84129258213079,-0.820935103423671,-0.022591914987541));
#2715=CARTESIAN_POINT('Ctrl Pts',(1.93048046288658,-0.581053108567661,-0.00889476466642879));
#2716=CARTESIAN_POINT('Ctrl Pts',(1.990827808785,-0.221244904933071,0.0120940472122557));
#2717=CARTESIAN_POINT('Ctrl Pts',(2.,-0.110588438401382,0.0185490077599381));
#2718=CARTESIAN_POINT('Ctrl Pts',(2.,-4.16333634234434E-15,0.0250000000000185));
#2719=CARTESIAN_POINT('Origin',(0.,0.,1.6));
#2720=CARTESIAN_POINT('',(2.,-8.87911413689501E-16,0.725000000000019));
#2721=CARTESIAN_POINT('',(2.,5.95819259356911E-16,0.637500000000018));
#2722=CARTESIAN_POINT('',(2.,-2.44929359829471E-16,1.6));
#2723=CARTESIAN_POINT('Ctrl Pts',(2.,1.73472347597681E-16,0.637500000000018));
#2724=CARTESIAN_POINT('Ctrl Pts',(2.,-0.133782648667018,0.629696012161108));
#2725=CARTESIAN_POINT('Ctrl Pts',(1.98657660239172,-0.267550313738944,0.621892898365246));
#2726=CARTESIAN_POINT('Ctrl Pts',(1.90707722371092,-0.657759620492949,0.599130688804595));
#2727=CARTESIAN_POINT('Ctrl Pts',(1.80381123748135,-0.903224495238393,0.585614489614188));
#2728=CARTESIAN_POINT('Ctrl Pts',(1.5123787271823,-1.33350176128271,0.558342105172449));
#2729=CARTESIAN_POINT('Ctrl Pts',(1.32950459849091,-1.51588068554513,0.543784257481531));
#2730=CARTESIAN_POINT('Ctrl Pts',(0.89669421124216,-1.80739180362498,0.513417070432082));
#2731=CARTESIAN_POINT('Ctrl Pts',(0.648666649907202,-1.91049208524169,0.497880085695899));
#2732=CARTESIAN_POINT('Ctrl Pts',(0.136632261317421,-2.01167648917834,0.469061844606831));
#2733=CARTESIAN_POINT('Ctrl Pts',(-0.121613889090284,-2.01264010163619,
0.456724961115769));
#2734=CARTESIAN_POINT('Ctrl Pts',(-0.627435658774014,-1.9166007326568,0.428370633551094));
#2735=CARTESIAN_POINT('Ctrl Pts',(-0.869994987975006,-1.81937337511558,
0.413281187397051));
#2736=CARTESIAN_POINT('Ctrl Pts',(-1.30980130910876,-1.5345090687689,0.382754444062543));
#2737=CARTESIAN_POINT('Ctrl Pts',(-1.5015029162901,-1.34752688323952,0.367616386714957));
#2738=CARTESIAN_POINT('Ctrl Pts',(-1.79405052036909,-0.919513341046132,
0.340353695078978));
#2739=CARTESIAN_POINT('Ctrl Pts',(-1.8959531496286,-0.685214862263759,0.327470866965404));
#2740=CARTESIAN_POINT('Ctrl Pts',(-2.00879677476802,-0.182541965379009,
0.298148281313793));
#2741=CARTESIAN_POINT('Ctrl Pts',(-2.01541405263699,0.081780146554887,0.282729491450982));
#2742=CARTESIAN_POINT('Ctrl Pts',(-1.92565233424845,0.602336635245138,0.252363696277384));
#2743=CARTESIAN_POINT('Ctrl Pts',(-1.82842776691056,0.853072355025086,0.238320841861));
#2744=CARTESIAN_POINT('Ctrl Pts',(-1.54748709575505,1.29246220098749,0.211312702126777));
#2745=CARTESIAN_POINT('Ctrl Pts',(-1.37006949995792,1.47920297624596,0.196903287721149));
#2746=CARTESIAN_POINT('Ctrl Pts',(-0.946582152727304,1.78165961586663,0.166687839014038));
#2747=CARTESIAN_POINT('Ctrl Pts',(-0.702245153865,1.89134827631914,0.15114513361172));
#2748=CARTESIAN_POINT('Ctrl Pts',(-0.192746912114885,2.00724792134829,0.122025819433588));
#2749=CARTESIAN_POINT('Ctrl Pts',(0.066735093135358,2.01537516289629,0.109577108902376));
#2750=CARTESIAN_POINT('Ctrl Pts',(0.575569543605872,1.93271876489648,0.0814609229357394));
#2751=CARTESIAN_POINT('Ctrl Pts',(0.820014568652606,1.84234390778894,0.0664760795148165));
#2752=CARTESIAN_POINT('Ctrl Pts',(1.26696332302004,1.57007052415446,0.0359557489229435));
#2753=CARTESIAN_POINT('Ctrl Pts',(1.46377467265906,1.38842322699866,0.0207151577577038));
#2754=CARTESIAN_POINT('Ctrl Pts',(1.76815176469196,0.968437165630011,-0.00691100285066228));
#2755=CARTESIAN_POINT('Ctrl Pts',(1.87651698325912,0.73684215126984,-0.0195175413546985));
#2756=CARTESIAN_POINT('Ctrl Pts',(1.97952227189338,0.330217456072741,-0.0432373149453275));
#2757=CARTESIAN_POINT('Ctrl Pts',(1.99999999999999,0.16523464755533,-0.0528613122257906));
#2758=CARTESIAN_POINT('Ctrl Pts',(2.,2.80622747261816E-12,-0.06249999999982));
#2759=CARTESIAN_POINT('Ctrl Pts',(2.,-3.88578058618805E-15,0.0250000000000185));
#2760=CARTESIAN_POINT('Ctrl Pts',(2.,0.151513718890112,0.0338383002686086));
#2761=CARTESIAN_POINT('Ctrl Pts',(1.98278227334102,0.302899743042641,0.0426691516775057));
#2762=CARTESIAN_POINT('Ctrl Pts',(1.88938326967786,0.706225090492215,0.0661964636120642));
#2763=CARTESIAN_POINT('Ctrl Pts',(1.78085845990395,0.947121700488276,0.0793253773663535));
#2764=CARTESIAN_POINT('Ctrl Pts',(1.48018207070248,1.36926369150716,0.106827466600792));
#2765=CARTESIAN_POINT('Ctrl Pts',(1.29253499297423,1.54762359729296,0.121509213467962));
#2766=CARTESIAN_POINT('Ctrl Pts',(0.851649475318465,1.82914638849712,0.151993014954365));
#2767=CARTESIAN_POINT('Ctrl Pts',(0.600477239759939,1.92627559543754,0.167514706465403));
#2768=CARTESIAN_POINT('Ctrl Pts',(0.0845076832133511,2.0146497582276,0.196158112920456));
#2769=CARTESIAN_POINT('Ctrl Pts',(-0.174565475365381,2.00885179280634,0.208560547326758));
#2770=CARTESIAN_POINT('Ctrl Pts',(-0.6849061009861,1.89773027255189,0.237583055205809));
#2771=CARTESIAN_POINT('Ctrl Pts',(-0.930460145443529,1.79016788425891,0.253125227226979));
#2772=CARTESIAN_POINT('Ctrl Pts',(-1.35700494926229,1.49123480736638,0.283392362400637));
#2773=CARTESIAN_POINT('Ctrl Pts',(-1.53620591350573,1.30589317365976,0.2978510609831));
#2774=CARTESIAN_POINT('Ctrl Pts',(-1.82056812197346,0.869460966671463,0.324945785977468));
#2775=CARTESIAN_POINT('Ctrl Pts',(-1.91977210620725,0.62045370505479,0.338806867205156));
#2776=CARTESIAN_POINT('Ctrl Pts',(-2.01455458864689,0.101408304909733,0.369084515546952));
#2777=CARTESIAN_POINT('Ctrl Pts',(-2.01049114956995,-0.163223131641829,
0.384521349345793));
#2778=CARTESIAN_POINT('Ctrl Pts',(-1.90237206929174,-0.667186214939373,
0.413919195871483));
#2779=CARTESIAN_POINT('Ctrl Pts',(-1.80269814650156,-0.902437911306865,
0.426918799649984));
#2780=CARTESIAN_POINT('Ctrl Pts',(-1.51424481884449,-1.33319024765843,0.45405453751774));
#2781=CARTESIAN_POINT('Ctrl Pts',(-1.32433931455893,-1.52197745435107,0.469154505523013));
#2782=CARTESIAN_POINT('Ctrl Pts',(-0.887078436242745,-1.81113937168834,
0.499678004786353));
#2783=CARTESIAN_POINT('Ctrl Pts',(-0.645213154804286,-1.9107212393224,0.514801062143465));
#2784=CARTESIAN_POINT('Ctrl Pts',(-0.140448470164733,-2.01136349780976,
0.543236238672827));
#2785=CARTESIAN_POINT('Ctrl Pts',(0.117388956512893,-2.01284074587691,0.555555750989004));
#2786=CARTESIAN_POINT('Ctrl Pts',(0.630252145553085,-1.91668175499035,0.584269286995054));
#2787=CARTESIAN_POINT('Ctrl Pts',(0.879500668889534,-1.8158581424366,0.599801549623337));
#2788=CARTESIAN_POINT('Ctrl Pts',(1.31543103423164,-1.5281479160018,0.630215492849944));
#2789=CARTESIAN_POINT('Ctrl Pts',(1.50014391475868,-1.34729415718908,0.644821746886968));
#2790=CARTESIAN_POINT('Ctrl Pts',(1.79512922903089,-0.920131765707808,0.672182761899517));
#2791=CARTESIAN_POINT('Ctrl Pts',(1.9004229495075,-0.676431365893101,0.685541503656255));
#2792=CARTESIAN_POINT('Ctrl Pts',(1.98517366199356,-0.28114660137413,0.708599781586528));
#2793=CARTESIAN_POINT('Ctrl Pts',(2.,-0.140599530077589,0.716798360745493));
#2794=CARTESIAN_POINT('Ctrl Pts',(2.,-9.36750677027476E-16,0.725000000000019));
#2795=CARTESIAN_POINT('Origin',(0.,0.,1.6));
#2796=CARTESIAN_POINT('',(2.,-2.78589792752648E-16,1.42500000000002));
#2797=CARTESIAN_POINT('',(2.,4.23973215017959E-16,1.33750000000002));
#2798=CARTESIAN_POINT('',(2.,-2.44929359829471E-16,1.6));
#2799=CARTESIAN_POINT('',(1.75945203843341,0.950961894322185,1.48047277716875));
#2800=CARTESIAN_POINT('Ctrl Pts',(2.,-1.02975996330006E-16,1.42500000000002));
#2801=CARTESIAN_POINT('Ctrl Pts',(2.,0.0824634705323306,1.4298103691144));
#2802=CARTESIAN_POINT('Ctrl Pts',(1.99489997577366,0.165018184323605,1.43462606075223));
#2803=CARTESIAN_POINT('Ctrl Pts',(1.95396401858216,0.493689475708281,1.45379855274967));
#2804=CARTESIAN_POINT('Ctrl Pts',(1.87760417085551,0.732359012885309,1.46772094241833));
#2805=CARTESIAN_POINT('Ctrl Pts',(1.75945203843338,0.950961894322063,1.48047277716881));
#2806=CARTESIAN_POINT('',(0.583703120981124,1.91292725072254,1.48047277716888));
#2807=CARTESIAN_POINT('Origin',(0.,0.,1.48047277716888));
#2808=CARTESIAN_POINT('Ctrl Pts',(0.583703120981128,1.91292725072254,1.48047277716888));
#2809=CARTESIAN_POINT('Ctrl Pts',(0.830752694510807,1.83754351250047,1.46579359774827));
#2810=CARTESIAN_POINT('Ctrl Pts',(1.06086141294426,1.71501710102279,1.45059524432543));
#2811=CARTESIAN_POINT('Ctrl Pts',(1.45590434115694,1.3939934982557,1.4212752185787));
#2812=CARTESIAN_POINT('Ctrl Pts',(1.61895933303604,1.20072824339091,1.40754248086449));
#2813=CARTESIAN_POINT('Ctrl Pts',(1.86701909960107,0.760895881360009,1.38188559307935));
#2814=CARTESIAN_POINT('Ctrl Pts',(1.94854999912809,0.517521610723678,1.36768876062557));
#2815=CARTESIAN_POINT('Ctrl Pts',(1.99411398370163,0.177272362193051,1.34784088779461));
#2816=CARTESIAN_POINT('Ctrl Pts',(2.,0.0885902738486889,1.34266776597452));
#2817=CARTESIAN_POINT('Ctrl Pts',(2.,1.16705118201809E-15,1.33750000000002));
#2818=CARTESIAN_POINT('Origin',(0.,0.,-1.6));
#2819=CARTESIAN_POINT('',(-1.76671460639744,-9.29873871936555E-9,-1.24718738356632));
#2820=CARTESIAN_POINT('Ctrl Pts',(1.97612536598985,-0.308104751498919,-1.48047277717006));
#2821=CARTESIAN_POINT('Ctrl Pts',(1.99654154012461,-0.136102227012431,-1.4741478394301));
#2822=CARTESIAN_POINT('Ctrl Pts',(1.99438405563071,0.037818815960109,-1.46769167367926));
#2823=CARTESIAN_POINT('Ctrl Pts',(1.94459126453625,0.383752189307867,-1.45472320078364));
#2824=CARTESIAN_POINT('Ctrl Pts',(1.89636637069384,0.554133963606585,-1.44826966781452));
#2825=CARTESIAN_POINT('Ctrl Pts',(1.77741341146405,0.828808249317755,-1.43776840425445));
#2826=CARTESIAN_POINT('Ctrl Pts',(1.71777599082694,0.9377825618092,-1.43370079562489));
#2827=CARTESIAN_POINT('Ctrl Pts',(1.50680402842073,1.2487639585188,-1.4210899832861));
#2828=CARTESIAN_POINT('Ctrl Pts',(1.32478345108106,1.42781459827006,-1.41176107288347));
#2829=CARTESIAN_POINT('Ctrl Pts',(0.90924929880869,1.69982459173102,-1.39274376585844));
#2830=CARTESIAN_POINT('Ctrl Pts',(0.681603917474035,1.79314069259254,-1.38325286925271));
#2831=CARTESIAN_POINT('Ctrl Pts',(0.235674673110398,1.88281904460188,-1.36622890339015));
#2832=CARTESIAN_POINT('Ctrl Pts',(-0.0168026666076179,1.89816504267146,
-1.35802263514073));
#2833=CARTESIAN_POINT('Ctrl Pts',(-0.530358529180453,1.79748618379679,-1.33868598998276));
#2834=CARTESIAN_POINT('Ctrl Pts',(-0.757750416973944,1.70359053164536,-1.32902775540755));
#2835=CARTESIAN_POINT('Ctrl Pts',(-1.15092205489411,1.44054929666694,-1.31002128444737));
#2836=CARTESIAN_POINT('Ctrl Pts',(-1.31607272464351,1.27840456903677,-1.30085407312095));
#2837=CARTESIAN_POINT('Ctrl Pts',(-1.51291668021801,0.995573477724653,-1.28791506012801));
#2838=CARTESIAN_POINT('Ctrl Pts',(-1.57074257196974,0.893573815996844,-1.28384675006056));
#2839=CARTESIAN_POINT('Ctrl Pts',(-1.71211467608196,0.573413842435979,-1.27091682242485));
#2840=CARTESIAN_POINT('Ctrl Pts',(-1.76313324420886,0.34323432219666,-1.26149455777108));
#2841=CARTESIAN_POINT('Ctrl Pts',(-1.76864009420903,0.0731634087973634,
-1.25024640131141));
#2842=CARTESIAN_POINT('Ctrl Pts',(-1.76824432216772,0.0365391270726089,
-1.24871709895197));
#2843=CARTESIAN_POINT('Ctrl Pts',(-1.76671460639744,-1.85974799657028E-8,
-1.24718738356632));
#2844=CARTESIAN_POINT('',(-2.11952722283112,2.59567222914581E-16,-1.6));
#2845=CARTESIAN_POINT('',(-2.11952722283112,2.59567222914581E-16,-1.6));
#2846=CARTESIAN_POINT('Origin',(0.,0.,-1.6));
#2847=CARTESIAN_POINT('',(1.5452994688939,-0.0107216364845986,-1.02580944018205));
#2848=CARTESIAN_POINT('Ctrl Pts',(-1.76671460639744,-1.85974792163424E-8,
-1.24718738356632));
#2849=CARTESIAN_POINT('Ctrl Pts',(-1.75860147810436,-0.193792082653072,
-1.23907425731321));
#2850=CARTESIAN_POINT('Ctrl Pts',(-1.7185883818153,-0.385189091084629,-1.23094653528313));
#2851=CARTESIAN_POINT('Ctrl Pts',(-1.59291818561406,-0.708085746967315,
-1.21705024779262));
#2852=CARTESIAN_POINT('Ctrl Pts',(-1.48798425020136,-0.927361355650622,
-1.20861606338821));
#2853=CARTESIAN_POINT('Ctrl Pts',(-1.1355705032145,-1.29236404645601,-1.18787680149589));
#2854=CARTESIAN_POINT('Ctrl Pts',(-0.961800907149344,-1.41544470253479,
-1.17872752563232));
#2855=CARTESIAN_POINT('Ctrl Pts',(-0.564017232738816,-1.59767503953945,
-1.15960997805387));
#2856=CARTESIAN_POINT('Ctrl Pts',(-0.341282048084809,-1.64968601073977,
-1.14982189396597));
#2857=CARTESIAN_POINT('Ctrl Pts',(-0.00535640306085907,-1.65951527742188,
-1.13638005278));
#2858=CARTESIAN_POINT('Ctrl Pts',(0.105024276472187,-1.65209335313669,-1.13219013662684));
#2859=CARTESIAN_POINT('Ctrl Pts',(0.410585119208221,-1.59904080380735,-1.11933722140017));
#2860=CARTESIAN_POINT('Ctrl Pts',(0.598903947425753,-1.52898540276009,-1.11046533652009));
#2861=CARTESIAN_POINT('Ctrl Pts',(0.952379716319087,-1.31690689760492,-1.09168287142836));
#2862=CARTESIAN_POINT('Ctrl Pts',(1.11158457715979,-1.17231276971755,-1.08192413571149));
#2863=CARTESIAN_POINT('Ctrl Pts',(1.3461457589663,-0.854985513108059,-1.06483230696539));
#2864=CARTESIAN_POINT('Ctrl Pts',(1.43034799560492,-0.691186956862424,-1.05775338534457));
#2865=CARTESIAN_POINT('Ctrl Pts',(1.53142559314038,-0.347658514755304,-1.04180179390815));
#2866=CARTESIAN_POINT('Ctrl Pts',(1.55219159172036,-0.179193839856419,-1.03387026716139));
#2867=CARTESIAN_POINT('Ctrl Pts',(1.54529946889385,-0.0107216364832742,
-1.02580944018199));
#2868=CARTESIAN_POINT('',(1.09058862372166,1.09484330196681,-1.02580944018205));
#2869=CARTESIAN_POINT('Ctrl Pts',(1.5452994688939,-0.0107216364845992,-1.02580944018205));
#2870=CARTESIAN_POINT('Ctrl Pts',(1.54600101897163,0.0903921220429624,-1.02580944018205));
#2871=CARTESIAN_POINT('Ctrl Pts',(1.53677659610957,0.19133107441983,-1.02580944018205));
#2872=CARTESIAN_POINT('Ctrl Pts',(1.49798468665217,0.393905413913052,-1.02580944018205));
#2873=CARTESIAN_POINT('Ctrl Pts',(1.46772355396522,0.494880961131176,-1.02580944018218));
#2874=CARTESIAN_POINT('Ctrl Pts',(1.34940480639083,0.780174725863908,-1.02580944018231));
#2875=CARTESIAN_POINT('Ctrl Pts',(1.23491831773452,0.951074488623902,-1.02580944018205));
#2876=CARTESIAN_POINT('Ctrl Pts',(1.09058862359831,1.09484330208968,-1.02580944018205));
#2877=CARTESIAN_POINT('Ctrl Pts',(1.09058862370716,1.09484330197699,-1.02580944017904));
#2878=CARTESIAN_POINT('Ctrl Pts',(1.28033447472192,0.961516869408461,-1.06525917064711));
#2879=CARTESIAN_POINT('Ctrl Pts',(1.41465463461981,0.799023225088894,-1.09479372808095));
#2880=CARTESIAN_POINT('Ctrl Pts',(1.6219377192885,0.464315391068278,-1.15498538753266));
#2881=CARTESIAN_POINT('Ctrl Pts',(1.69862878171964,0.26929632763924,-1.18800845738636));
#2882=CARTESIAN_POINT('Ctrl Pts',(1.78362976908964,-0.161663530107226,-1.25678221038508));
#2883=CARTESIAN_POINT('Ctrl Pts',(1.78244622944755,-0.395481534847957,-1.29176982857368));
#2884=CARTESIAN_POINT('Ctrl Pts',(1.68969540043162,-0.84285235273203,-1.35552783134831));
#2885=CARTESIAN_POINT('Ctrl Pts',(1.60650605385202,-1.02715026098845,-1.37965856553447));
#2886=CARTESIAN_POINT('Ctrl Pts',(1.42304885981456,-1.34304379297962,-1.42778636562505));
#2887=CARTESIAN_POINT('Ctrl Pts',(1.30227379116835,-1.49539088400622,-1.45414756304892));
#2888=CARTESIAN_POINT('Ctrl Pts',(1.16157254406766,-1.6281121659358,-1.48047277716887));
#2889=CARTESIAN_POINT('Origin',(0.,0.,-1.6));
#2890=CARTESIAN_POINT('',(3.49999999999999,-1.91968964505562,-1.2654873960102));
#2891=CARTESIAN_POINT('',(3.49999999999999,1.91968964505552,-1.26548739601012));
#2892=CARTESIAN_POINT('Ctrl Pts',(3.49999999999999,-1.91968964506314,-1.265487396008));
#2893=CARTESIAN_POINT('Ctrl Pts',(3.49999999999999,-2.25375273998907E-14,
-1.79848167117729));
#2894=CARTESIAN_POINT('Ctrl Pts',(3.49999999999999,1.91968964506308,-1.26548739600802));
#2895=CARTESIAN_POINT('',(3.41250000000015,-2.07124409071771,-1.26548739601007));
#2896=CARTESIAN_POINT('Ctrl Pts',(3.49999999999999,-1.91968964505559,-1.2654873960101));
#2897=CARTESIAN_POINT('Ctrl Pts',(3.49999999999999,-1.92618950561636,-1.26368273530508));
#2898=CARTESIAN_POINT('Ctrl Pts',(3.49963962620259,-1.93274799209063,-1.26203748788821));
#2899=CARTESIAN_POINT('Ctrl Pts',(3.49619358246176,-1.96318381796348,-1.25525753681455));
#2900=CARTESIAN_POINT('Ctrl Pts',(3.48825167744679,-1.98692944529681,-1.25250482983475));
#2901=CARTESIAN_POINT('Ctrl Pts',(3.46485721387775,-2.0274498448142,-1.25250482983475));
#2902=CARTESIAN_POINT('Ctrl Pts',(3.44826384988577,-2.04620054997828,-1.25525753681455));
#2903=CARTESIAN_POINT('Ctrl Pts',(3.42362867336516,-2.06440282433679,-1.2620374878882));
#2904=CARTESIAN_POINT('Ctrl Pts',(3.4181290443668,-2.06799416043732,-1.26368273530507));
#2905=CARTESIAN_POINT('Ctrl Pts',(3.41250000000014,-2.0712440907177,-1.26548739601007));
#2906=CARTESIAN_POINT('',(0.0874999999999999,-3.99093373577329,-1.26548739601012));
#2907=CARTESIAN_POINT('Ctrl Pts',(0.0874999999934476,-3.99093373577707,
-1.26548739600802));
#2908=CARTESIAN_POINT('Ctrl Pts',(1.75000000000005,-3.0310889132455,-1.79848167117729));
#2909=CARTESIAN_POINT('Ctrl Pts',(3.41250000000669,-2.07124409071392,-1.26548739600798));
#2910=CARTESIAN_POINT('',(-0.0874999999999997,-3.99093373577329,-1.26548739601012));
#2911=CARTESIAN_POINT('Ctrl Pts',(0.0875000000000001,-3.99093373577329,
-1.26548739601012));
#2912=CARTESIAN_POINT('Ctrl Pts',(0.0818709556332941,-3.99418366605368,
-1.26368273530509));
#2913=CARTESIAN_POINT('Ctrl Pts',(0.0760109528374716,-3.99715081642742,
-1.26203748788822));
#2914=CARTESIAN_POINT('Ctrl Pts',(0.0479297325759859,-4.00938436794175,
-1.25525753681455));
#2915=CARTESIAN_POINT('Ctrl Pts',(0.0233944635690331,-4.01437929011101,
-1.25250482983475));
#2916=CARTESIAN_POINT('Ctrl Pts',(-0.0233944635690331,-4.01437929011101,
-1.25250482983475));
#2917=CARTESIAN_POINT('Ctrl Pts',(-0.0479297325759857,-4.00938436794175,
-1.25525753681455));
#2918=CARTESIAN_POINT('Ctrl Pts',(-0.0760109528374714,-3.99715081642742,
-1.26203748788822));
#2919=CARTESIAN_POINT('Ctrl Pts',(-0.0818709556332942,-3.99418366605368,
-1.26368273530509));
#2920=CARTESIAN_POINT('Ctrl Pts',(-0.0875,-3.99093373577329,-1.26548739601012));
#2921=CARTESIAN_POINT('',(-3.41250000000015,-2.07124409071771,-1.26548739601007));
#2922=CARTESIAN_POINT('Ctrl Pts',(-3.41250000000669,-2.07124409071392,-1.26548739600797));
#2923=CARTESIAN_POINT('Ctrl Pts',(-1.75000000000005,-3.0310889132455,-1.79848167117729));
#2924=CARTESIAN_POINT('Ctrl Pts',(-0.0874999999934487,-3.99093373577707,
-1.26548739600802));
#2925=CARTESIAN_POINT('',(-3.5,-1.91968964505561,-1.2654873960102));
#2926=CARTESIAN_POINT('Ctrl Pts',(-3.41250000000014,-2.0712440907177,-1.26548739601007));
#2927=CARTESIAN_POINT('Ctrl Pts',(-3.4181290443668,-2.06799416043732,-1.26368273530507));
#2928=CARTESIAN_POINT('Ctrl Pts',(-3.42362867336516,-2.06440282433679,-1.2620374878882));
#2929=CARTESIAN_POINT('Ctrl Pts',(-3.44826384988577,-2.04620054997827,-1.25525753681455));
#2930=CARTESIAN_POINT('Ctrl Pts',(-3.46485721387776,-2.0274498448142,-1.25250482983475));
#2931=CARTESIAN_POINT('Ctrl Pts',(-3.48825167744679,-1.98692944529681,-1.25250482983475));
#2932=CARTESIAN_POINT('Ctrl Pts',(-3.49619358246176,-1.96318381796348,-1.25525753681455));
#2933=CARTESIAN_POINT('Ctrl Pts',(-3.49963962620259,-1.93274799209063,-1.26203748788821));
#2934=CARTESIAN_POINT('Ctrl Pts',(-3.49999999999999,-1.92618950561636,-1.26368273530508));
#2935=CARTESIAN_POINT('Ctrl Pts',(-3.5,-1.91968964505559,-1.2654873960101));
#2936=CARTESIAN_POINT('',(-3.5,-9.0330027024308E-16,-1.54948185144591));
#2937=CARTESIAN_POINT('Ctrl Pts',(-3.5,-1.91968964506314,-1.265487396008));
#2938=CARTESIAN_POINT('Ctrl Pts',(-3.5,-0.896824596116154,-1.54948185144591));
#2939=CARTESIAN_POINT('Ctrl Pts',(-3.5,-1.37797416078459E-15,-1.54948185144591));
#2940=CARTESIAN_POINT('',(-3.4125,-4.17910720209034E-16,-1.6));
#2941=CARTESIAN_POINT('',(-3.4125,-4.17910720209034E-16,-1.6));
#2942=CARTESIAN_POINT('Origin',(0.,0.,-1.6));
#2943=CARTESIAN_POINT('',(-3.5,1.91968964505552,-1.26548739601012));
#2944=CARTESIAN_POINT('Ctrl Pts',(-3.5,-1.37797416078459E-15,-1.54948185144591));
#2945=CARTESIAN_POINT('Ctrl Pts',(-3.5,0.896824596116124,-1.54948185144591));
#2946=CARTESIAN_POINT('Ctrl Pts',(-3.5,1.91968964506307,-1.26548739600802));
#2947=CARTESIAN_POINT('',(-3.4125,2.07124409071778,-1.26548739601012));
#2948=CARTESIAN_POINT('Ctrl Pts',(-3.5,1.91968964505552,-1.26548739601012));
#2949=CARTESIAN_POINT('Ctrl Pts',(-3.5,1.92618950561631,-1.26368273530509));
#2950=CARTESIAN_POINT('Ctrl Pts',(-3.49963962620259,1.93274799209061,-1.26203748788821));
#2951=CARTESIAN_POINT('Ctrl Pts',(-3.49619358246176,1.96318381796348,-1.25525753681455));
#2952=CARTESIAN_POINT('Ctrl Pts',(-3.48825167744679,1.98692944529682,-1.25250482983475));
#2953=CARTESIAN_POINT('Ctrl Pts',(-3.46485721387776,2.0274498448142,-1.25250482983475));
#2954=CARTESIAN_POINT('Ctrl Pts',(-3.44826384988577,2.04620054997828,-1.25525753681455));
#2955=CARTESIAN_POINT('Ctrl Pts',(-3.42362867336512,2.06440282433682,-1.26203748788822));
#2956=CARTESIAN_POINT('Ctrl Pts',(-3.4181290443667,2.06799416043739,-1.26368273530509));
#2957=CARTESIAN_POINT('Ctrl Pts',(-3.4125,2.07124409071778,-1.26548739601012));
#2958=CARTESIAN_POINT('',(-0.0875000000000025,3.99093373577329,-1.26548739601012));
#2959=CARTESIAN_POINT('Ctrl Pts',(-0.0874999999934549,3.99093373577707,
-1.26548739600802));
#2960=CARTESIAN_POINT('Ctrl Pts',(-1.75,3.03108891324553,-1.79848167117727));
#2961=CARTESIAN_POINT('Ctrl Pts',(-3.41250000000655,2.071244090714,-1.26548739600802));
#2962=CARTESIAN_POINT('',(0.0874999999999823,3.9909337357733,-1.26548739601011));
#2963=CARTESIAN_POINT('Ctrl Pts',(-0.087500000000003,3.99093373577329,-1.26548739601012));
#2964=CARTESIAN_POINT('Ctrl Pts',(-0.0818709556332968,3.99418366605369,
-1.26368273530509));
#2965=CARTESIAN_POINT('Ctrl Pts',(-0.0760109528374741,3.99715081642742,
-1.26203748788821));
#2966=CARTESIAN_POINT('Ctrl Pts',(-0.0479297325759882,4.00938436794175,
-1.25525753681455));
#2967=CARTESIAN_POINT('Ctrl Pts',(-0.0233944635690352,4.01437929011101,
-1.25250482983475));
#2968=CARTESIAN_POINT('Ctrl Pts',(0.023394463569031,4.01437929011101,-1.25250482983475));
#2969=CARTESIAN_POINT('Ctrl Pts',(0.0479297325759837,4.00938436794175,-1.25525753681455));
#2970=CARTESIAN_POINT('Ctrl Pts',(0.0760109528374638,3.99715081642743,-1.26203748788821));
#2971=CARTESIAN_POINT('Ctrl Pts',(0.081870955633281,3.99418366605369,-1.26368273530509));
#2972=CARTESIAN_POINT('Ctrl Pts',(0.0874999999999822,3.9909337357733,-1.26548739601011));
#2973=CARTESIAN_POINT('',(3.41249999999999,2.07124409071779,-1.26548739601012));
#2974=CARTESIAN_POINT('Ctrl Pts',(3.41250000000654,2.07124409071401,-1.26548739600802));
#2975=CARTESIAN_POINT('Ctrl Pts',(1.74999999999999,3.03108891324554,-1.79848167117727));
#2976=CARTESIAN_POINT('Ctrl Pts',(0.0874999999934372,3.99093373577708,-1.26548739600802));
#2977=CARTESIAN_POINT('Ctrl Pts',(3.41249999999999,2.07124409071779,-1.26548739601012));
#2978=CARTESIAN_POINT('Ctrl Pts',(3.4181290443667,2.06799416043739,-1.26368273530509));
#2979=CARTESIAN_POINT('Ctrl Pts',(3.42362867336512,2.06440282433683,-1.26203748788822));
#2980=CARTESIAN_POINT('Ctrl Pts',(3.44826384988577,2.04620054997828,-1.25525753681455));
#2981=CARTESIAN_POINT('Ctrl Pts',(3.46485721387775,2.0274498448142,-1.25250482983475));
#2982=CARTESIAN_POINT('Ctrl Pts',(3.48825167744679,1.98692944529682,-1.25250482983475));
#2983=CARTESIAN_POINT('Ctrl Pts',(3.49619358246176,1.96318381796348,-1.25525753681455));
#2984=CARTESIAN_POINT('Ctrl Pts',(3.49963962620259,1.93274799209061,-1.26203748788822));
#2985=CARTESIAN_POINT('Ctrl Pts',(3.49999999999999,1.92618950561631,-1.26368273530509));
#2986=CARTESIAN_POINT('Ctrl Pts',(3.49999999999999,1.91968964505552,-1.26548739601012));
#2987=CARTESIAN_POINT('Origin',(0.,0.,1.6));
#2988=CARTESIAN_POINT('',(-1.74294055868978,1.32927022537481E-8,1.22341333585867));
#2989=CARTESIAN_POINT('Ctrl Pts',(1.75945203843331,0.950961894322107,1.48047277716884));
#2990=CARTESIAN_POINT('Ctrl Pts',(1.82618832767199,0.81726900152414,1.47561400394179));
#2991=CARTESIAN_POINT('Ctrl Pts',(1.87744618279143,0.676415593637061,1.4704598595491));
#2992=CARTESIAN_POINT('Ctrl Pts',(1.94480129046606,0.395123156962689,1.46008008016819));
#2993=CARTESIAN_POINT('Ctrl Pts',(1.96274494546868,0.256045516056247,1.45490997960975));
#2994=CARTESIAN_POINT('Ctrl Pts',(1.97113067096234,-0.132289264785535,1.44035627213956));
#2995=CARTESIAN_POINT('Ctrl Pts',(1.92924789997066,-0.379597114845782,1.43095117660306));
#2996=CARTESIAN_POINT('Ctrl Pts',(1.77698726420223,-0.787689275321534,1.41521527703453));
#2997=CARTESIAN_POINT('Ctrl Pts',(1.65848055398219,-1.03038280592586,1.40677828306274));
#2998=CARTESIAN_POINT('Ctrl Pts',(1.26720183346426,-1.44498549032708,1.38593872010706));
#2999=CARTESIAN_POINT('Ctrl Pts',(1.06016454507054,-1.5914361891279,1.37616767842697));
#3000=CARTESIAN_POINT('Ctrl Pts',(0.616724775416844,-1.78784479715912,1.35720434814362));
#3001=CARTESIAN_POINT('Ctrl Pts',(0.387136213473864,-1.84203876464602,1.3481821672816));
#3002=CARTESIAN_POINT('Ctrl Pts',(0.0327602114624239,-1.8585939365415,1.33542778023368));
#3003=CARTESIAN_POINT('Ctrl Pts',(-0.0896271311304841,-1.85270907338769,
1.33130546184328));
#3004=CARTESIAN_POINT('Ctrl Pts',(-0.326461966500055,-1.81664568427231,
1.32250690583494));
#3005=CARTESIAN_POINT('Ctrl Pts',(-0.440226084427557,-1.78787098214417,
1.31802492994748));
#3006=CARTESIAN_POINT('Ctrl Pts',(-0.773195957905107,-1.66844682585298,
1.30410121495734));
#3007=CARTESIAN_POINT('Ctrl Pts',(-0.97819980108875,-1.5457590492345,1.29439910531079));
#3008=CARTESIAN_POINT('Ctrl Pts',(-1.23971214429645,-1.3097334863935,1.28017927703832));
#3009=CARTESIAN_POINT('Ctrl Pts',(-1.31794474589341,-1.22424888138103,1.27558152142394));
#3010=CARTESIAN_POINT('Ctrl Pts',(-1.48540977955244,-1.00197756849402,1.2648430339093));
#3011=CARTESIAN_POINT('Ctrl Pts',(-1.61713218522162,-0.792681288949385,
1.25650599034934));
#3012=CARTESIAN_POINT('Ctrl Pts',(-1.73261867134431,-0.338541261861669,
1.23768945117958));
#3013=CARTESIAN_POINT('Ctrl Pts',(-1.75011489097249,-0.169061715495846,
1.23058766684738));
#3014=CARTESIAN_POINT('Ctrl Pts',(-1.74294055925185,1.33404016856291E-8,
1.22341333642073));
#3015=CARTESIAN_POINT('',(-2.11952722283112,-2.59567222914581E-16,1.6));
#3016=CARTESIAN_POINT('',(-2.11952722283112,-2.59567222914581E-16,1.6));
#3017=CARTESIAN_POINT('Origin',(0.,0.,1.6));
#3018=CARTESIAN_POINT('',(1.45964827980693,0.507436992452602,1.02580944018205));
#3019=CARTESIAN_POINT('Ctrl Pts',(-1.74294055925185,1.33404016856291E-8,
1.22341333642073));
#3020=CARTESIAN_POINT('Ctrl Pts',(-1.74087440930792,0.0486884341101398,
1.22134718684946));
#3021=CARTESIAN_POINT('Ctrl Pts',(-1.73676228185237,0.0973422144617452,
1.21927514657595));
#3022=CARTESIAN_POINT('Ctrl Pts',(-1.70151287016061,0.374548383527979,1.2074271442866));
#3023=CARTESIAN_POINT('Ctrl Pts',(-1.62729332940815,0.595234501802542,1.1978228711767));
#3024=CARTESIAN_POINT('Ctrl Pts',(-1.45646941068539,0.891970319689146,1.18471274034824));
#3025=CARTESIAN_POINT('Ctrl Pts',(-1.39207953385115,0.982247192782505,1.18054490367853));
#3026=CARTESIAN_POINT('Ctrl Pts',(-1.18216356667479,1.2212466188029,1.16760434825836));
#3027=CARTESIAN_POINT('Ctrl Pts',(-1.01834293453898,1.34969971687957,1.15862549306661));
#3028=CARTESIAN_POINT('Ctrl Pts',(-0.639300858476,1.54695116734697,1.13970815184672));
#3029=CARTESIAN_POINT('Ctrl Pts',(-0.425019917277412,1.60897383065441,1.12993156312089));
#3030=CARTESIAN_POINT('Ctrl Pts',(-0.0299525268843592,1.6421131684356,1.11346873314001));
#3031=CARTESIAN_POINT('Ctrl Pts',(0.189784351630327,1.63295940181578,1.10524797839399));
#3032=CARTESIAN_POINT('Ctrl Pts',(0.619617033755297,1.4938903762783,1.08523011952717));
#3033=CARTESIAN_POINT('Ctrl Pts',(0.797550992263509,1.39629050081968,1.07588535365558));
#3034=CARTESIAN_POINT('Ctrl Pts',(1.06916390215286,1.17188464723865,1.05959267065921));
#3035=CARTESIAN_POINT('Ctrl Pts',(1.17141772294294,1.05949372900813,1.05270974737983));
#3036=CARTESIAN_POINT('Ctrl Pts',(1.34627107765934,0.801786487169191,1.03921639903819));
#3037=CARTESIAN_POINT('Ctrl Pts',(1.41430117774425,0.659733624494087,1.03298595107997));
#3038=CARTESIAN_POINT('Ctrl Pts',(1.4596482798082,0.507436992448345,1.02580944018185));
#3039=CARTESIAN_POINT('',(1.4012593603606,-0.651565504807051,1.02580944018207));
#3040=CARTESIAN_POINT('Origin',(3.58046925441613E-14,3.95516952522712E-15,
1.02580944018204));
#3041=CARTESIAN_POINT('Ctrl Pts',(1.40125936036021,-0.651565504807699,1.02580944018197));
#3042=CARTESIAN_POINT('Ctrl Pts',(1.46492360874905,-0.557668471912409,1.04394791900518));
#3043=CARTESIAN_POINT('Ctrl Pts',(1.51864701698066,-0.457511658077045,1.06259589943805));
#3044=CARTESIAN_POINT('Ctrl Pts',(1.60403700159925,-0.249017437878485,1.09996440527126));
#3045=CARTESIAN_POINT('Ctrl Pts',(1.63573858186284,-0.141338152387935,1.11858563123639));
#3046=CARTESIAN_POINT('Ctrl Pts',(1.69337006412732,0.168423643689964,1.17036594742367));
#3047=CARTESIAN_POINT('Ctrl Pts',(1.6931456348612,0.373440872292222,1.20257640573937));
#3048=CARTESIAN_POINT('Ctrl Pts',(1.60357134809869,0.850189325416541,1.27400312483669));
#3049=CARTESIAN_POINT('Ctrl Pts',(1.48789898238965,1.0718690908966,1.30473161463742));
#3050=CARTESIAN_POINT('Ctrl Pts',(1.286599220913,1.37538246452535,1.35577079547567));
#3051=CARTESIAN_POINT('Ctrl Pts',(1.16986875669609,1.50773807043673,1.38089987272835));
#3052=CARTESIAN_POINT('Ctrl Pts',(0.900184386531971,1.73995267415851,1.43135652014175));
#3053=CARTESIAN_POINT('Ctrl Pts',(0.747701345040409,1.83774910129785,1.45643074943149));
#3054=CARTESIAN_POINT('Ctrl Pts',(0.583703120980321,1.91292725072291,1.480472777169));
#3055=CARTESIAN_POINT('Origin',(0.,0.,1.6));
#3056=CARTESIAN_POINT('',(3.49999999999999,-1.91968964505552,1.26548739601012));
#3057=CARTESIAN_POINT('',(3.49999999999999,1.91968964505551,1.26548739601012));
#3058=CARTESIAN_POINT('Ctrl Pts',(3.49999999999999,1.9196896450668,1.26548739600699));
#3059=CARTESIAN_POINT('Ctrl Pts',(3.49999999999999,-9.99200722162641E-16,
1.79848167117808));
#3060=CARTESIAN_POINT('Ctrl Pts',(3.49999999999999,-1.9196896450668,1.26548739600699));
#3061=CARTESIAN_POINT('',(3.41249999999999,2.07124409071779,1.26548739601012));
#3062=CARTESIAN_POINT('Ctrl Pts',(3.49999999999999,1.91968964505551,1.26548739601012));
#3063=CARTESIAN_POINT('Ctrl Pts',(3.49999999999999,1.9261895056163,1.2636827353051));
#3064=CARTESIAN_POINT('Ctrl Pts',(3.49963962620259,1.9327479920906,1.26203748788822));
#3065=CARTESIAN_POINT('Ctrl Pts',(3.49619358246176,1.96318381796348,1.25525753681455));
#3066=CARTESIAN_POINT('Ctrl Pts',(3.48825167744679,1.98692944529682,1.25250482983475));
#3067=CARTESIAN_POINT('Ctrl Pts',(3.46485721387775,2.0274498448142,1.25250482983475));
#3068=CARTESIAN_POINT('Ctrl Pts',(3.44826384988577,2.04620054997828,1.25525753681455));
#3069=CARTESIAN_POINT('Ctrl Pts',(3.42362867336512,2.06440282433683,1.26203748788822));
#3070=CARTESIAN_POINT('Ctrl Pts',(3.4181290443667,2.06799416043739,1.26368273530509));
#3071=CARTESIAN_POINT('Ctrl Pts',(3.41249999999999,2.07124409071779,1.26548739601012));
#3072=CARTESIAN_POINT('',(0.0875000000008042,3.99093373577282,1.26548739601038));
#3073=CARTESIAN_POINT('Ctrl Pts',(3.41250000000977,2.07124409071214,1.26548739600699));
#3074=CARTESIAN_POINT('Ctrl Pts',(1.75000000000031,3.03108891324536,1.79848167117797));
#3075=CARTESIAN_POINT('Ctrl Pts',(0.0874999999910373,3.99093373577846,1.26548739600725));
#3076=CARTESIAN_POINT('',(-0.0875000000000022,3.99093373577329,1.26548739601012));
#3077=CARTESIAN_POINT('Ctrl Pts',(0.0875000000008049,3.99093373577282,1.26548739601038));
#3078=CARTESIAN_POINT('Ctrl Pts',(0.0818709556338523,3.9941836660534,1.26368273530525));
#3079=CARTESIAN_POINT('Ctrl Pts',(0.0760109528377578,3.9971508164273,1.26203748788828));
#3080=CARTESIAN_POINT('Ctrl Pts',(0.0479297325759837,4.00938436794175,1.25525753681455));
#3081=CARTESIAN_POINT('Ctrl Pts',(0.0233944635690309,4.01437929011101,1.25250482983475));
#3082=CARTESIAN_POINT('Ctrl Pts',(-0.0233944635690353,4.01437929011101,
1.25250482983475));
#3083=CARTESIAN_POINT('Ctrl Pts',(-0.0479297325759883,4.00938436794175,
1.25525753681455));
#3084=CARTESIAN_POINT('Ctrl Pts',(-0.0760109528374739,3.99715081642742,
1.26203748788821));
#3085=CARTESIAN_POINT('Ctrl Pts',(-0.0818709556332965,3.99418366605369,
1.26368273530509));
#3086=CARTESIAN_POINT('Ctrl Pts',(-0.0875000000000024,3.99093373577329,
1.26548739601012));
#3087=CARTESIAN_POINT('',(-3.41249999999919,2.07124409071825,1.26548739601038));
#3088=CARTESIAN_POINT('Ctrl Pts',(-0.0874999999902255,3.99093373577893,
1.26548739600699));
#3089=CARTESIAN_POINT('Ctrl Pts',(-1.74999999999969,3.03108891324572,1.79848167117797));
#3090=CARTESIAN_POINT('Ctrl Pts',(-3.41250000000896,2.07124409071261,1.26548739600724));
#3091=CARTESIAN_POINT('',(-3.5,1.91968964505551,1.26548739601012));
#3092=CARTESIAN_POINT('Ctrl Pts',(-3.41249999999919,2.07124409071825,1.26548739601038));
#3093=CARTESIAN_POINT('Ctrl Pts',(-3.41812904436618,2.06799416043773,1.26368273530525));
#3094=CARTESIAN_POINT('Ctrl Pts',(-3.42362867336487,2.06440282433701,1.26203748788829));
#3095=CARTESIAN_POINT('Ctrl Pts',(-3.44826384988577,2.04620054997828,1.25525753681455));
#3096=CARTESIAN_POINT('Ctrl Pts',(-3.46485721387776,2.0274498448142,1.25250482983475));
#3097=CARTESIAN_POINT('Ctrl Pts',(-3.48825167744679,1.98692944529682,1.25250482983475));
#3098=CARTESIAN_POINT('Ctrl Pts',(-3.49619358246176,1.96318381796348,1.25525753681455));
#3099=CARTESIAN_POINT('Ctrl Pts',(-3.49963962620259,1.9327479920906,1.26203748788822));
#3100=CARTESIAN_POINT('Ctrl Pts',(-3.5,1.9261895056163,1.26368273530509));
#3101=CARTESIAN_POINT('Ctrl Pts',(-3.5,1.91968964505551,1.26548739601012));
#3102=CARTESIAN_POINT('',(-3.5,4.81728302659338E-16,1.54948185144591));
#3103=CARTESIAN_POINT('Ctrl Pts',(-3.5,1.9196896450668,1.26548739600699));
#3104=CARTESIAN_POINT('Ctrl Pts',(-3.5,0.89682459611765,1.54948185144591));
#3105=CARTESIAN_POINT('Ctrl Pts',(-3.5,5.34830225617103E-16,1.54948185144591));
#3106=CARTESIAN_POINT('',(-3.4125,4.17910720209034E-16,1.6));
#3107=CARTESIAN_POINT('',(-3.4125,4.17910720209034E-16,1.6));
#3108=CARTESIAN_POINT('Origin',(0.,0.,1.6));
#3109=CARTESIAN_POINT('',(-3.5,-1.91968964505552,1.26548739601012));
#3110=CARTESIAN_POINT('Ctrl Pts',(-3.5,5.34830225617103E-16,1.54948185144591));
#3111=CARTESIAN_POINT('Ctrl Pts',(-3.5,-0.896824596117652,1.54948185144591));
#3112=CARTESIAN_POINT('Ctrl Pts',(-3.5,-1.9196896450668,1.26548739600699));
#3113=CARTESIAN_POINT('',(-3.4125,-2.07124409071778,1.26548739601012));
#3114=CARTESIAN_POINT('Ctrl Pts',(-3.5,-1.91968964505552,1.26548739601012));
#3115=CARTESIAN_POINT('Ctrl Pts',(-3.5,-1.92618950561631,1.26368273530509));
#3116=CARTESIAN_POINT('Ctrl Pts',(-3.49963962620259,-1.9327479920906,1.26203748788822));
#3117=CARTESIAN_POINT('Ctrl Pts',(-3.49619358246176,-1.96318381796348,1.25525753681455));
#3118=CARTESIAN_POINT('Ctrl Pts',(-3.48825167744679,-1.98692944529681,1.25250482983475));
#3119=CARTESIAN_POINT('Ctrl Pts',(-3.46485721387776,-2.0274498448142,1.25250482983475));
#3120=CARTESIAN_POINT('Ctrl Pts',(-3.44826384988577,-2.04620054997827,1.25525753681455));
#3121=CARTESIAN_POINT('Ctrl Pts',(-3.42362867336512,-2.06440282433682,1.26203748788822));
#3122=CARTESIAN_POINT('Ctrl Pts',(-3.4181290443667,-2.06799416043738,1.26368273530509));
#3123=CARTESIAN_POINT('Ctrl Pts',(-3.4125,-2.07124409071778,1.26548739601012));
#3124=CARTESIAN_POINT('',(-0.0875000000008068,-3.99093373577282,1.26548739601038));
#3125=CARTESIAN_POINT('Ctrl Pts',(-3.41250000000977,-2.07124409071214,1.26548739600699));
#3126=CARTESIAN_POINT('Ctrl Pts',(-1.75000000000031,-3.03108891324536,1.79848167117797));
#3127=CARTESIAN_POINT('Ctrl Pts',(-0.0874999999910306,-3.99093373577846,
1.26548739600724));
#3128=CARTESIAN_POINT('',(0.0874999999999996,-3.99093373577329,1.26548739601012));
#3129=CARTESIAN_POINT('Ctrl Pts',(-0.0875000000008075,-3.99093373577282,
1.26548739601038));
#3130=CARTESIAN_POINT('Ctrl Pts',(-0.0818709556338548,-3.9941836660534,
1.26368273530525));
#3131=CARTESIAN_POINT('Ctrl Pts',(-0.07601095283776,-3.99715081642729,1.26203748788829));
#3132=CARTESIAN_POINT('Ctrl Pts',(-0.0479297325759857,-4.00938436794175,
1.25525753681455));
#3133=CARTESIAN_POINT('Ctrl Pts',(-0.0233944635690331,-4.01437929011101,
1.25250482983475));
#3134=CARTESIAN_POINT('Ctrl Pts',(0.0233944635690331,-4.01437929011101,
1.25250482983475));
#3135=CARTESIAN_POINT('Ctrl Pts',(0.0479297325759863,-4.00938436794175,
1.25525753681455));
#3136=CARTESIAN_POINT('Ctrl Pts',(0.0760109528374717,-3.99715081642742,
1.26203748788822));
#3137=CARTESIAN_POINT('Ctrl Pts',(0.0818709556332943,-3.99418366605368,
1.26368273530509));
#3138=CARTESIAN_POINT('Ctrl Pts',(0.0874999999999998,-3.99093373577329,
1.26548739601012));
#3139=CARTESIAN_POINT('',(3.41249999999919,-2.07124409071825,1.26548739601038));
#3140=CARTESIAN_POINT('Ctrl Pts',(0.0874999999902241,-3.99093373577893,
1.26548739600699));
#3141=CARTESIAN_POINT('Ctrl Pts',(1.74999999999969,-3.03108891324571,1.79848167117797));
#3142=CARTESIAN_POINT('Ctrl Pts',(3.41250000000896,-2.07124409071261,1.26548739600725));
#3143=CARTESIAN_POINT('Ctrl Pts',(3.41249999999919,-2.07124409071825,1.26548739601038));
#3144=CARTESIAN_POINT('Ctrl Pts',(3.41812904436618,-2.06799416043773,1.26368273530525));
#3145=CARTESIAN_POINT('Ctrl Pts',(3.42362867336486,-2.06440282433701,1.26203748788829));
#3146=CARTESIAN_POINT('Ctrl Pts',(3.44826384988577,-2.04620054997828,1.25525753681455));
#3147=CARTESIAN_POINT('Ctrl Pts',(3.46485721387775,-2.0274498448142,1.25250482983475));
#3148=CARTESIAN_POINT('Ctrl Pts',(3.48825167744679,-1.98692944529681,1.25250482983475));
#3149=CARTESIAN_POINT('Ctrl Pts',(3.49619358246176,-1.96318381796348,1.25525753681455));
#3150=CARTESIAN_POINT('Ctrl Pts',(3.49963962620259,-1.9327479920906,1.26203748788822));
#3151=CARTESIAN_POINT('Ctrl Pts',(3.49999999999999,-1.92618950561631,1.26368273530509));
#3152=CARTESIAN_POINT('Ctrl Pts',(3.49999999999999,-1.91968964505551,1.26548739601012));
#3153=CARTESIAN_POINT('Origin',(0.,0.,1.6));
#3154=CARTESIAN_POINT('Ctrl Pts',(2.,1.31838984174237E-15,1.33750000000002));
#3155=CARTESIAN_POINT('Ctrl Pts',(2.,-0.174486937299942,1.32732159532419));
#3156=CARTESIAN_POINT('Ctrl Pts',(1.97716450188733,-0.348617698311389,1.31716396759852));
#3157=CARTESIAN_POINT('Ctrl Pts',(1.86460075930894,-0.768489230854908,1.29267146153348));
#3158=CARTESIAN_POINT('Ctrl Pts',(1.74932590532202,-1.00357211692608,1.27993518587759));
#3159=CARTESIAN_POINT('Ctrl Pts',(1.43665510196189,-1.41500790686821,1.25213942524493));
#3160=CARTESIAN_POINT('Ctrl Pts',(1.24287688066235,-1.58790745707219,1.23730720472716));
#3161=CARTESIAN_POINT('Ctrl Pts',(0.791735090299277,-1.85599420789273,1.20669715984371));
#3162=CARTESIAN_POINT('Ctrl Pts',(0.536645471403898,-1.94514875472869,1.19121016363236));
#3163=CARTESIAN_POINT('Ctrl Pts',(0.0198860883262243,-2.01596927750543,
1.16303883777033));
#3164=CARTESIAN_POINT('Ctrl Pts',(-0.236017925655833,-2.00220709207768,
1.15064118488924));
#3165=CARTESIAN_POINT('Ctrl Pts',(-0.735215156517836,-1.87809522908074,
1.12180273568535));
#3166=CARTESIAN_POINT('Ctrl Pts',(-0.973180759249376,-1.76654692460963,
1.10652766180206));
#3167=CARTESIAN_POINT('Ctrl Pts',(-1.39676980758692,-1.45577468259661,1.07606453694021));
#3168=CARTESIAN_POINT('Ctrl Pts',(-1.57722293323502,-1.25803992295301,1.06118111530873));
#3169=CARTESIAN_POINT('Ctrl Pts',(-1.84460166072049,-0.81349306095495,1.0347076868918));
#3170=CARTESIAN_POINT('Ctrl Pts',(-1.93284231527956,-0.573181056759645,
1.02093556164433));
#3171=CARTESIAN_POINT('Ctrl Pts',(-2.01630033594517,-0.0627160911016539,
0.991158438647615));
#3172=CARTESIAN_POINT('Ctrl Pts',(-2.00702360590555,0.203132044743245,0.975650630723329));
#3173=CARTESIAN_POINT('Ctrl Pts',(-1.88641605603697,0.714000202415033,0.945849988192474));
#3174=CARTESIAN_POINT('Ctrl Pts',(-1.77704856183064,0.954167477277173,0.93277665181383));
#3175=CARTESIAN_POINT('Ctrl Pts',(-1.47488220316632,1.37498879641198,0.905237811677345));
#3176=CARTESIAN_POINT('Ctrl Pts',(-1.28646940586161,1.55268547260338,0.890536726271364));
#3177=CARTESIAN_POINT('Ctrl Pts',(-0.844295645242141,1.83256829972084,0.860035677421409));
#3178=CARTESIAN_POINT('Ctrl Pts',(-0.592626487834444,1.92872069614082,0.844517372645421));
#3179=CARTESIAN_POINT('Ctrl Pts',(-0.0781344187415868,2.01465630966343,
0.816019730474676));
#3180=CARTESIAN_POINT('Ctrl Pts',(0.178894761154572,2.00821952588583,0.803702304052132));
#3181=CARTESIAN_POINT('Ctrl Pts',(0.681462667010476,1.89816088381133,0.775103460198411));
#3182=CARTESIAN_POINT('Ctrl Pts',(0.921835695180721,1.79376874978124,0.759915489277033));
#3183=CARTESIAN_POINT('Ctrl Pts',(1.35374937875842,1.4958729977481,0.729407383546543));
#3184=CARTESIAN_POINT('Ctrl Pts',(1.53992063078932,1.30344328997478,0.714389823436555));
#3185=CARTESIAN_POINT('Ctrl Pts',(1.81995809724575,0.867122671868643,0.687516831077302));
#3186=CARTESIAN_POINT('Ctrl Pts',(1.91506037040776,0.629881758505417,0.6742431025795));
#3187=CARTESIAN_POINT('Ctrl Pts',(1.98778493364808,0.255253128617335,0.652389765836029));
#3188=CARTESIAN_POINT('Ctrl Pts',(2.,0.12761974685476,0.644944485233212));
#3189=CARTESIAN_POINT('Ctrl Pts',(2.,9.0205620750794E-16,0.637500000000018));
#3190=CARTESIAN_POINT('Ctrl Pts',(2.,-6.93889390390723E-16,0.725000000000019));
#3191=CARTESIAN_POINT('Ctrl Pts',(2.,0.12106647850214,0.732062211245977));
#3192=CARTESIAN_POINT('Ctrl Pts',(1.98900728095229,0.242171852407396,0.739126691390451));
#3193=CARTESIAN_POINT('Ctrl Pts',(1.92114345648806,0.611119135617167,0.760648616244354));
#3194=CARTESIAN_POINT('Ctrl Pts',(1.82832230463547,0.849369684915829,0.774076491353063));
#3195=CARTESIAN_POINT('Ctrl Pts',(1.55249068416545,1.28844295803705,0.800817297931252));
#3196=CARTESIAN_POINT('Ctrl Pts',(1.36820618740757,1.48265856493564,0.815791631382558));
#3197=CARTESIAN_POINT('Ctrl Pts',(0.939021483814411,1.7848677058967,0.846287681273852));
#3198=CARTESIAN_POINT('Ctrl Pts',(0.699426854390769,1.89164832418088,0.861505993055793));
#3199=CARTESIAN_POINT('Ctrl Pts',(0.197969954634678,2.00639057460914,0.890185316181971));
#3200=CARTESIAN_POINT('Ctrl Pts',(-0.0586733813895829,2.01527837381069,
0.902518451361084));
#3201=CARTESIAN_POINT('Ctrl Pts',(-0.573942363725827,1.93439928744372,0.930907859708432));
#3202=CARTESIAN_POINT('Ctrl Pts',(-0.826777007069812,1.84057614285892,0.946417106164227));
#3203=CARTESIAN_POINT('Ctrl Pts',(-1.27198626277357,1.56461050575698,0.976957251230333));
#3204=CARTESIAN_POINT('Ctrl Pts',(-1.46220819984048,1.38850171728003,0.991703417635905));
#3205=CARTESIAN_POINT('Ctrl Pts',(-1.76790346863386,0.970818793290011,1.01932899525347));
#3206=CARTESIAN_POINT('Ctrl Pts',(-1.87926183000243,0.732370923234317,1.03227836281135));
#3207=CARTESIAN_POINT('Ctrl Pts',(-2.00492752459111,0.223182225493424,1.06198103684624));
#3208=CARTESIAN_POINT('Ctrl Pts',(-2.01685463598154,-0.0428287152092966,
1.07749834172056));
#3209=CARTESIAN_POINT('Ctrl Pts',(-1.93829977026716,-0.554538485572718,
1.10734807832509));
#3210=CARTESIAN_POINT('Ctrl Pts',(-1.85229633004442,-0.795873707609398,
1.12130506863791));
#3211=CARTESIAN_POINT('Ctrl Pts',(-1.5890476227941,-1.24306715180825,1.14764704805992));
#3212=CARTESIAN_POINT('Ctrl Pts',(-1.41048478854783,-1.44248701991771,1.16248412466647));
#3213=CARTESIAN_POINT('Ctrl Pts',(-0.989682290817143,-1.75739076843819,
1.19292698042394));
#3214=CARTESIAN_POINT('Ctrl Pts',(-0.752543511439799,-1.87125206762441,
1.20822774706806));
#3215=CARTESIAN_POINT('Ctrl Pts',(-0.254463456527601,-1.999921198311,1.23714267891897));
#3216=CARTESIAN_POINT('Ctrl Pts',(0.00109671083704597,-2.01604129562632,
1.24958753267857));
#3217=CARTESIAN_POINT('Ctrl Pts',(0.518551174332717,-1.95008555554612,1.2776520832211));
#3218=CARTESIAN_POINT('Ctrl Pts',(0.774700783077132,-1.86320502431458,1.29312630270197));
#3219=CARTESIAN_POINT('Ctrl Pts',(1.22866044493922,-1.59896899364716,1.32376638856529));
#3220=CARTESIAN_POINT('Ctrl Pts',(1.42413781126197,-1.42764519629501,1.33863848728558));
#3221=CARTESIAN_POINT('Ctrl Pts',(1.74016140639864,-1.01923283183972,1.3665154415079));
#3222=CARTESIAN_POINT('Ctrl Pts',(1.85731082905716,-0.785751052142194,1.37916452195839));
#3223=CARTESIAN_POINT('Ctrl Pts',(1.97545493068818,-0.361360539135492,1.40392063521711));
#3224=CARTESIAN_POINT('Ctrl Pts',(2.,-0.180899814703877,1.41444751080896));
#3225=CARTESIAN_POINT('Ctrl Pts',(2.,-6.93889390390723E-17,1.42500000000002));
#3226=CARTESIAN_POINT('Origin',(0.,0.,-1.6));
#3227=CARTESIAN_POINT('Origin',(0.,0.,1.6));
#3228=CARTESIAN_POINT('Origin',(3.49999999999999,2.02072594216369,1.6));
#3229=CARTESIAN_POINT('',(3.41249999999999,2.07124409071779,1.6));
#3230=CARTESIAN_POINT('',(0.0874999999999982,3.99093373577329,1.6));
#3231=CARTESIAN_POINT('Origin',(-1.99213389385128E-15,4.04145188432738,
1.6));
#3232=CARTESIAN_POINT('',(-0.0875000000000025,3.99093373577329,1.6));
#3233=CARTESIAN_POINT('',(-3.4125,2.07124409071778,1.6));
#3234=CARTESIAN_POINT('Origin',(-3.5,2.02072594216369,1.6));
#3235=CARTESIAN_POINT('',(-3.5,1.91968964505551,1.6));
#3236=CARTESIAN_POINT('',(-3.5,-1.91968964505551,1.6));
#3237=CARTESIAN_POINT('Origin',(-3.5,-2.02072594216369,1.6));
#3238=CARTESIAN_POINT('',(-3.4125,-2.07124409071778,1.6));
#3239=CARTESIAN_POINT('',(-0.0874999999999999,-3.99093373577329,1.6));
#3240=CARTESIAN_POINT('Origin',(1.12914447894893E-17,-4.04145188432738,
1.6));
#3241=CARTESIAN_POINT('',(0.0874999999999999,-3.99093373577329,1.6));
#3242=CARTESIAN_POINT('',(3.4125,-2.07124409071778,1.6));
#3243=CARTESIAN_POINT('Origin',(3.49999999999999,-2.02072594216369,1.6));
#3244=CARTESIAN_POINT('',(3.49999999999999,-1.91968964505551,1.6));
#3245=CARTESIAN_POINT('',(3.49999999999999,1.91968964505551,1.6));
#3246=CARTESIAN_POINT('Origin',(3.325,-1.91968964505551,1.6));
#3247=CARTESIAN_POINT('Origin',(1.35525271560688E-17,-3.83937929011101,
1.6));
#3248=CARTESIAN_POINT('Origin',(-3.325,-1.91968964505551,1.6));
#3249=CARTESIAN_POINT('Origin',(-3.325,1.91968964505551,1.6));
#3250=CARTESIAN_POINT('Origin',(3.32499999999999,1.91968964505551,1.6));
#3251=CARTESIAN_POINT('Origin',(-2.16840434497101E-15,3.83937929011101,
1.6));
#3252=CARTESIAN_POINT('Ctrl Pts',(0.,2.03788861141557,2.23437500000002));
#3253=CARTESIAN_POINT('Ctrl Pts',(1.17657553837925,2.03788861141557,2.17604166666669));
#3254=CARTESIAN_POINT('Ctrl Pts',(1.76486330756888,1.01894430570779,2.11770833333335));
#3255=CARTESIAN_POINT('Ctrl Pts',(2.3531510767585,1.44088946703122E-16,
2.05937500000002));
#3256=CARTESIAN_POINT('Ctrl Pts',(1.76486330756888,-1.01894430570778,2.00104166666669));
#3257=CARTESIAN_POINT('Ctrl Pts',(1.17657553837925,-2.03788861141557,1.94270833333335));
#3258=CARTESIAN_POINT('Ctrl Pts',(2.49569376498892E-16,-2.03788861141557,
1.88437500000002));
#3259=CARTESIAN_POINT('Ctrl Pts',(-1.17657553837925,-2.03788861141557,1.82604166666668));
#3260=CARTESIAN_POINT('Ctrl Pts',(-1.76486330756888,-1.01894430570779,1.76770833333335));
#3261=CARTESIAN_POINT('Ctrl Pts',(-2.3531510767585,-4.32266840109367E-16,
1.70937500000002));
#3262=CARTESIAN_POINT('Ctrl Pts',(-1.76486330756888,1.01894430570778,1.65104166666669));
#3263=CARTESIAN_POINT('Ctrl Pts',(-1.17657553837925,2.03788861141557,1.59270833333335));
#3264=CARTESIAN_POINT('Ctrl Pts',(0.,2.03788861141557,1.53437500000002));
#3265=CARTESIAN_POINT('Ctrl Pts',(1.17657553837925,2.03788861141557,1.47604166666669));
#3266=CARTESIAN_POINT('Ctrl Pts',(1.76486330756888,1.01894430570779,1.41770833333335));
#3267=CARTESIAN_POINT('Ctrl Pts',(2.3531510767585,1.44088946703122E-16,
1.35937500000002));
#3268=CARTESIAN_POINT('Ctrl Pts',(1.76486330756888,-1.01894430570778,1.30104166666669));
#3269=CARTESIAN_POINT('Ctrl Pts',(1.17657553837925,-2.03788861141557,1.24270833333335));
#3270=CARTESIAN_POINT('Ctrl Pts',(2.49569376498892E-16,-2.03788861141557,
1.18437500000002));
#3271=CARTESIAN_POINT('Ctrl Pts',(-1.17657553837925,-2.03788861141557,1.12604166666669));
#3272=CARTESIAN_POINT('Ctrl Pts',(-1.76486330756888,-1.01894430570779,1.06770833333335));
#3273=CARTESIAN_POINT('Ctrl Pts',(-2.3531510767585,-4.32266840109367E-16,
1.00937500000002));
#3274=CARTESIAN_POINT('Ctrl Pts',(-1.76486330756888,1.01894430570778,0.951041666666685));
#3275=CARTESIAN_POINT('Ctrl Pts',(-1.17657553837925,2.03788861141557,0.892708333333352));
#3276=CARTESIAN_POINT('Ctrl Pts',(0.,2.03788861141557,0.834375000000019));
#3277=CARTESIAN_POINT('Ctrl Pts',(1.17657553837925,2.03788861141557,0.776041666666685));
#3278=CARTESIAN_POINT('Ctrl Pts',(1.76486330756888,1.01894430570779,0.717708333333352));
#3279=CARTESIAN_POINT('Ctrl Pts',(2.3531510767585,1.44088946703122E-16,
0.659375000000018));
#3280=CARTESIAN_POINT('Ctrl Pts',(1.76486330756888,-1.01894430570778,0.601041666666685));
#3281=CARTESIAN_POINT('Ctrl Pts',(1.17657553837925,-2.03788861141557,0.542708333333352));
#3282=CARTESIAN_POINT('Ctrl Pts',(2.49569376498892E-16,-2.03788861141557,
0.484375000000018));
#3283=CARTESIAN_POINT('Ctrl Pts',(-1.17657553837925,-2.03788861141557,0.426041666666685));
#3284=CARTESIAN_POINT('Ctrl Pts',(-1.76486330756888,-1.01894430570779,0.367708333333352));
#3285=CARTESIAN_POINT('Ctrl Pts',(-2.3531510767585,-4.32266840109367E-16,
0.309375000000018));
#3286=CARTESIAN_POINT('Ctrl Pts',(-1.76486330756888,1.01894430570778,0.251041666666685));
#3287=CARTESIAN_POINT('Ctrl Pts',(-1.17657553837925,2.03788861141557,0.192708333333352));
#3288=CARTESIAN_POINT('Ctrl Pts',(0.,2.03788861141557,0.134375000000019));
#3289=CARTESIAN_POINT('Ctrl Pts',(1.17657553837925,2.03788861141557,0.0760416666666852));
#3290=CARTESIAN_POINT('Ctrl Pts',(1.76486330756888,1.01894430570779,0.0177083333333518));
#3291=CARTESIAN_POINT('Ctrl Pts',(2.3531510767585,1.44088946703122E-16,
-0.0406249999999816));
#3292=CARTESIAN_POINT('Ctrl Pts',(1.76486330756888,-1.01894430570778,-0.0989583333333146));
#3293=CARTESIAN_POINT('Ctrl Pts',(1.17657553837925,-2.03788861141557,-0.157291666666648));
#3294=CARTESIAN_POINT('Ctrl Pts',(2.49569376498892E-16,-2.03788861141557,
-0.215624999999981));
#3295=CARTESIAN_POINT('Ctrl Pts',(-1.17657553837925,-2.03788861141557,-0.273958333333315));
#3296=CARTESIAN_POINT('Ctrl Pts',(-1.76486330756888,-1.01894430570779,-0.332291666666648));
#3297=CARTESIAN_POINT('Ctrl Pts',(-2.3531510767585,-4.32266840109367E-16,
-0.390624999999982));
#3298=CARTESIAN_POINT('Ctrl Pts',(-1.76486330756888,1.01894430570778,-0.448958333333315));
#3299=CARTESIAN_POINT('Ctrl Pts',(-1.17657553837925,2.03788861141557,-0.507291666666648));
#3300=CARTESIAN_POINT('Ctrl Pts',(0.,2.03788861141557,-0.565624999999982));
#3301=CARTESIAN_POINT('Ctrl Pts',(1.17657553837925,2.03788861141557,-0.623958333333315));
#3302=CARTESIAN_POINT('Ctrl Pts',(1.76486330756888,1.01894430570779,-0.682291666666648));
#3303=CARTESIAN_POINT('Ctrl Pts',(2.3531510767585,1.44088946703122E-16,
-0.740624999999981));
#3304=CARTESIAN_POINT('Ctrl Pts',(1.76486330756888,-1.01894430570778,-0.798958333333315));
#3305=CARTESIAN_POINT('Ctrl Pts',(1.17657553837925,-2.03788861141557,-0.857291666666648));
#3306=CARTESIAN_POINT('Ctrl Pts',(2.49569376498892E-16,-2.03788861141557,
-0.915624999999982));
#3307=CARTESIAN_POINT('Ctrl Pts',(-1.17657553837925,-2.03788861141557,-0.973958333333315));
#3308=CARTESIAN_POINT('Ctrl Pts',(-1.76486330756888,-1.01894430570779,-1.03229166666665));
#3309=CARTESIAN_POINT('Ctrl Pts',(-2.3531510767585,-4.32266840109367E-16,
-1.09062499999998));
#3310=CARTESIAN_POINT('Ctrl Pts',(-1.76486330756888,1.01894430570778,-1.14895833333331));
#3311=CARTESIAN_POINT('Ctrl Pts',(-1.17657553837925,2.03788861141557,-1.20729166666665));
#3312=CARTESIAN_POINT('Ctrl Pts',(0.,2.03788861141557,-1.26562499999998));
#3313=CARTESIAN_POINT('Ctrl Pts',(1.17657553837925,2.03788861141557,-1.32395833333331));
#3314=CARTESIAN_POINT('Ctrl Pts',(1.76486330756888,1.01894430570779,-1.38229166666665));
#3315=CARTESIAN_POINT('Ctrl Pts',(2.3531510767585,1.44088946703122E-16,
-1.44062499999998));
#3316=CARTESIAN_POINT('Ctrl Pts',(1.76486330756888,-1.01894430570778,-1.49895833333331));
#3317=CARTESIAN_POINT('Ctrl Pts',(1.17657553837925,-2.03788861141557,-1.55729166666665));
#3318=CARTESIAN_POINT('Ctrl Pts',(2.49569376498892E-16,-2.03788861141557,
-1.61562499999998));
#3319=CARTESIAN_POINT('Ctrl Pts',(-0.465143432212979,-2.03788861141557,
-1.63868630460306));
#3320=CARTESIAN_POINT('Ctrl Pts',(-0.884221554332568,-1.8360670563438,-1.66524076170181));
#3321=CARTESIAN_POINT('Ctrl Pts',(-1.21269653474671,-1.6778785758427,-1.68605424328205));
#3322=CARTESIAN_POINT('Ctrl Pts',(-1.54117151516085,-1.5196900953416,-1.7068677248623));
#3323=CARTESIAN_POINT('Ctrl Pts',(0.,1.54531371348324,1.94998675008274));
#3324=CARTESIAN_POINT('Ctrl Pts',(0.89218728846197,1.54531371348324,1.89165341674941));
#3325=CARTESIAN_POINT('Ctrl Pts',(1.33828093269296,0.772656856741622,1.83332008341607));
#3326=CARTESIAN_POINT('Ctrl Pts',(1.78437457692394,1.09261430705491E-16,
1.77498675008274));
#3327=CARTESIAN_POINT('Ctrl Pts',(1.33828093269296,-0.772656856741621,1.71665341674941));
#3328=CARTESIAN_POINT('Ctrl Pts',(0.892187288461971,-1.54531371348324,1.65832008341607));
#3329=CARTESIAN_POINT('Ctrl Pts',(1.89246349289576E-16,-1.54531371348324,
1.59998675008274));
#3330=CARTESIAN_POINT('Ctrl Pts',(-0.89218728846197,-1.54531371348324,1.54165341674941));
#3331=CARTESIAN_POINT('Ctrl Pts',(-1.33828093269296,-0.772656856741622,
1.48332008341607));
#3332=CARTESIAN_POINT('Ctrl Pts',(-1.78437457692394,-3.27784292116472E-16,
1.42498675008274));
#3333=CARTESIAN_POINT('Ctrl Pts',(-1.33828093269296,0.77265685674162,1.36665341674941));
#3334=CARTESIAN_POINT('Ctrl Pts',(-0.892187288461971,1.54531371348324,1.30832008341607));
#3335=CARTESIAN_POINT('Ctrl Pts',(0.,1.54531371348324,1.24998675008274));
#3336=CARTESIAN_POINT('Ctrl Pts',(0.89218728846197,1.54531371348324,1.19165341674941));
#3337=CARTESIAN_POINT('Ctrl Pts',(1.33828093269296,0.772656856741622,1.13332008341607));
#3338=CARTESIAN_POINT('Ctrl Pts',(1.78437457692394,1.09261430705491E-16,
1.07498675008274));
#3339=CARTESIAN_POINT('Ctrl Pts',(1.33828093269296,-0.772656856741621,1.01665341674941));
#3340=CARTESIAN_POINT('Ctrl Pts',(0.892187288461971,-1.54531371348324,0.958320083416072));
#3341=CARTESIAN_POINT('Ctrl Pts',(1.89246349289576E-16,-1.54531371348324,
0.899986750082739));
#3342=CARTESIAN_POINT('Ctrl Pts',(-0.89218728846197,-1.54531371348324,0.841653416749405));
#3343=CARTESIAN_POINT('Ctrl Pts',(-1.33828093269296,-0.772656856741622,
0.783320083416072));
#3344=CARTESIAN_POINT('Ctrl Pts',(-1.78437457692394,-3.27784292116472E-16,
0.724986750082739));
#3345=CARTESIAN_POINT('Ctrl Pts',(-1.33828093269296,0.77265685674162,0.666653416749405));
#3346=CARTESIAN_POINT('Ctrl Pts',(-0.892187288461971,1.54531371348324,0.608320083416072));
#3347=CARTESIAN_POINT('Ctrl Pts',(0.,1.54531371348324,0.549986750082739));
#3348=CARTESIAN_POINT('Ctrl Pts',(0.89218728846197,1.54531371348324,0.491653416749405));
#3349=CARTESIAN_POINT('Ctrl Pts',(1.33828093269296,0.772656856741622,0.433320083416072));
#3350=CARTESIAN_POINT('Ctrl Pts',(1.78437457692394,1.09261430705491E-16,
0.374986750082739));
#3351=CARTESIAN_POINT('Ctrl Pts',(1.33828093269296,-0.772656856741621,0.316653416749405));
#3352=CARTESIAN_POINT('Ctrl Pts',(0.892187288461971,-1.54531371348324,0.258320083416072));
#3353=CARTESIAN_POINT('Ctrl Pts',(1.89246349289576E-16,-1.54531371348324,
0.199986750082739));
#3354=CARTESIAN_POINT('Ctrl Pts',(-0.89218728846197,-1.54531371348324,0.141653416749405));
#3355=CARTESIAN_POINT('Ctrl Pts',(-1.33828093269296,-0.772656856741622,
0.0833200834160719));
#3356=CARTESIAN_POINT('Ctrl Pts',(-1.78437457692394,-3.27784292116472E-16,
0.0249867500827385));
#3357=CARTESIAN_POINT('Ctrl Pts',(-1.33828093269296,0.77265685674162,-0.0333465832505949));
#3358=CARTESIAN_POINT('Ctrl Pts',(-0.892187288461971,1.54531371348324,-0.0916799165839279));
#3359=CARTESIAN_POINT('Ctrl Pts',(0.,1.54531371348324,-0.150013249917261));
#3360=CARTESIAN_POINT('Ctrl Pts',(0.89218728846197,1.54531371348324,-0.208346583250595));
#3361=CARTESIAN_POINT('Ctrl Pts',(1.33828093269296,0.772656856741622,-0.266679916583928));
#3362=CARTESIAN_POINT('Ctrl Pts',(1.78437457692394,1.09261430705491E-16,
-0.325013249917262));
#3363=CARTESIAN_POINT('Ctrl Pts',(1.33828093269296,-0.772656856741621,-0.383346583250595));
#3364=CARTESIAN_POINT('Ctrl Pts',(0.892187288461971,-1.54531371348324,-0.441679916583928));
#3365=CARTESIAN_POINT('Ctrl Pts',(1.89246349289576E-16,-1.54531371348324,
-0.500013249917261));
#3366=CARTESIAN_POINT('Ctrl Pts',(-0.89218728846197,-1.54531371348324,-0.558346583250595));
#3367=CARTESIAN_POINT('Ctrl Pts',(-1.33828093269296,-0.772656856741622,
-0.616679916583928));
#3368=CARTESIAN_POINT('Ctrl Pts',(-1.78437457692394,-3.27784292116472E-16,
-0.675013249917261));
#3369=CARTESIAN_POINT('Ctrl Pts',(-1.33828093269296,0.77265685674162,-0.733346583250595));
#3370=CARTESIAN_POINT('Ctrl Pts',(-0.892187288461971,1.54531371348324,-0.791679916583928));
#3371=CARTESIAN_POINT('Ctrl Pts',(0.,1.54531371348324,-0.850013249917261));
#3372=CARTESIAN_POINT('Ctrl Pts',(0.89218728846197,1.54531371348324,-0.908346583250595));
#3373=CARTESIAN_POINT('Ctrl Pts',(1.33828093269296,0.772656856741622,-0.966679916583928));
#3374=CARTESIAN_POINT('Ctrl Pts',(1.78437457692394,1.09261430705491E-16,
-1.02501324991726));
#3375=CARTESIAN_POINT('Ctrl Pts',(1.33828093269296,-0.772656856741621,-1.08334658325059));
#3376=CARTESIAN_POINT('Ctrl Pts',(0.892187288461971,-1.54531371348324,-1.14167991658393));
#3377=CARTESIAN_POINT('Ctrl Pts',(1.89246349289576E-16,-1.54531371348324,
-1.20001324991726));
#3378=CARTESIAN_POINT('Ctrl Pts',(-0.89218728846197,-1.54531371348324,-1.25834658325059));
#3379=CARTESIAN_POINT('Ctrl Pts',(-1.33828093269296,-0.772656856741622,
-1.31667991658393));
#3380=CARTESIAN_POINT('Ctrl Pts',(-1.78437457692394,-3.27784292116472E-16,
-1.37501324991726));
#3381=CARTESIAN_POINT('Ctrl Pts',(-1.33828093269296,0.77265685674162,-1.43334658325059));
#3382=CARTESIAN_POINT('Ctrl Pts',(-0.892187288461971,1.54531371348324,-1.49167991658393));
#3383=CARTESIAN_POINT('Ctrl Pts',(0.,1.54531371348324,-1.55001324991726));
#3384=CARTESIAN_POINT('Ctrl Pts',(0.89218728846197,1.54531371348324,-1.60834658325059));
#3385=CARTESIAN_POINT('Ctrl Pts',(1.33828093269296,0.772656856741622,-1.66667991658393));
#3386=CARTESIAN_POINT('Ctrl Pts',(1.78437457692394,1.09261430705491E-16,
-1.72501324991726));
#3387=CARTESIAN_POINT('Ctrl Pts',(1.33828093269296,-0.772656856741621,-1.78334658325059));
#3388=CARTESIAN_POINT('Ctrl Pts',(0.892187288461971,-1.54531371348324,-1.84167991658393));
#3389=CARTESIAN_POINT('Ctrl Pts',(1.89246349289576E-16,-1.54531371348324,
-1.90001324991726));
#3390=CARTESIAN_POINT('Ctrl Pts',(-0.352714334095075,-1.54531371348324,
-1.92307455452034));
#3391=CARTESIAN_POINT('Ctrl Pts',(-0.670497732807118,-1.39227413370352,
-1.94962901161909));
#3392=CARTESIAN_POINT('Ctrl Pts',(-0.919577534778002,-1.27232114566281,
-1.97044249319933));
#3393=CARTESIAN_POINT('Ctrl Pts',(-1.16865733674888,-1.15236815762211,-1.99125597477958));
#3394=CARTESIAN_POINT('Ctrl Pts',(1.4012593603606,-0.651565504807051,1.02580944018207));
#3395=CARTESIAN_POINT('Ctrl Pts',(1.37245677177871,-0.713508466113644,1.0211329971829));
#3396=CARTESIAN_POINT('Ctrl Pts',(1.33830080756888,-0.772668331506585,1.01666666666669));
#3397=CARTESIAN_POINT('Ctrl Pts',(0.892200538379252,-1.54533666301317,0.958333333333353));
#3398=CARTESIAN_POINT('Ctrl Pts',(1.89249159796413E-16,-1.54533666301317,
0.90000000000002));
#3399=CARTESIAN_POINT('Ctrl Pts',(-0.892200538379251,-1.54533666301317,
0.841666666666687));
#3400=CARTESIAN_POINT('Ctrl Pts',(-1.33830080756888,-0.772668331506586,
0.783333333333354));
#3401=CARTESIAN_POINT('Ctrl Pts',(-1.7844010767585,-3.27789160057109E-16,
0.72500000000002));
#3402=CARTESIAN_POINT('Ctrl Pts',(-1.33830080756888,0.772668331506584,0.666666666666687));
#3403=CARTESIAN_POINT('Ctrl Pts',(-0.892200538379253,1.54533666301317,0.608333333333354));
#3404=CARTESIAN_POINT('Ctrl Pts',(0.,1.54533666301317,0.55000000000002));
#3405=CARTESIAN_POINT('Ctrl Pts',(0.892200538379252,1.54533666301317,0.491666666666687));
#3406=CARTESIAN_POINT('Ctrl Pts',(1.33830080756888,0.772668331506585,0.433333333333354));
#3407=CARTESIAN_POINT('Ctrl Pts',(1.7844010767585,1.0926305335237E-16,0.37500000000002));
#3408=CARTESIAN_POINT('Ctrl Pts',(1.33830080756888,-0.772668331506585,0.316666666666687));
#3409=CARTESIAN_POINT('Ctrl Pts',(0.892200538379252,-1.54533666301317,0.258333333333353));
#3410=CARTESIAN_POINT('Ctrl Pts',(1.89249159796413E-16,-1.54533666301317,
0.20000000000002));
#3411=CARTESIAN_POINT('Ctrl Pts',(-0.892200538379251,-1.54533666301317,
0.141666666666687));
#3412=CARTESIAN_POINT('Ctrl Pts',(-1.33830080756888,-0.772668331506586,
0.0833333333333534));
#3413=CARTESIAN_POINT('Ctrl Pts',(-1.7844010767585,-3.27789160057109E-16,
0.02500000000002));
#3414=CARTESIAN_POINT('Ctrl Pts',(-1.33830080756888,0.772668331506584,-0.0333333333333134));
#3415=CARTESIAN_POINT('Ctrl Pts',(-0.892200538379253,1.54533666301317,-0.0916666666666464));
#3416=CARTESIAN_POINT('Ctrl Pts',(0.,1.54533666301317,-0.14999999999998));
#3417=CARTESIAN_POINT('Ctrl Pts',(0.892200538379252,1.54533666301317,-0.208333333333313));
#3418=CARTESIAN_POINT('Ctrl Pts',(1.33830080756888,0.772668331506585,-0.266666666666647));
#3419=CARTESIAN_POINT('Ctrl Pts',(1.7844010767585,1.0926305335237E-16,-0.32499999999998));
#3420=CARTESIAN_POINT('Ctrl Pts',(1.33830080756888,-0.772668331506585,-0.383333333333313));
#3421=CARTESIAN_POINT('Ctrl Pts',(0.892200538379252,-1.54533666301317,-0.441666666666647));
#3422=CARTESIAN_POINT('Ctrl Pts',(1.89249159796413E-16,-1.54533666301317,
-0.49999999999998));
#3423=CARTESIAN_POINT('Ctrl Pts',(-0.892200538379251,-1.54533666301317,
-0.558333333333313));
#3424=CARTESIAN_POINT('Ctrl Pts',(-1.33830080756888,-0.772668331506586,
-0.616666666666647));
#3425=CARTESIAN_POINT('Ctrl Pts',(-1.7844010767585,-3.27789160057109E-16,
-0.67499999999998));
#3426=CARTESIAN_POINT('Ctrl Pts',(-1.33830080756888,0.772668331506584,-0.733333333333313));
#3427=CARTESIAN_POINT('Ctrl Pts',(-0.892200538379253,1.54533666301317,-0.791666666666647));
#3428=CARTESIAN_POINT('Ctrl Pts',(0.,1.54533666301317,-0.84999999999998));
#3429=CARTESIAN_POINT('Ctrl Pts',(0.892200538379252,1.54533666301317,-0.908333333333313));
#3430=CARTESIAN_POINT('Ctrl Pts',(1.33830080756888,0.772668331506585,-0.966666666666647));
#3431=CARTESIAN_POINT('Ctrl Pts',(1.54821222435875,0.409091092537766,-0.994115277420277));
#3432=CARTESIAN_POINT('Ctrl Pts',(1.5452994688939,-0.0107216364845986,-1.02580944018205));
#3433=CARTESIAN_POINT('Ctrl Pts',(0.,1.54528005533385,1.86253268245891));
#3434=CARTESIAN_POINT('Ctrl Pts',(0.89216785592036,1.54528005533385,1.80419934912557));
#3435=CARTESIAN_POINT('Ctrl Pts',(1.33825178388054,0.772640027666927,1.74586601579224));
#3436=CARTESIAN_POINT('Ctrl Pts',(1.78433571184072,1.09259050905503E-16,
1.68753268245891));
#3437=CARTESIAN_POINT('Ctrl Pts',(1.33825178388054,-0.772640027666927,1.62919934912558));
#3438=CARTESIAN_POINT('Ctrl Pts',(0.892167855920361,-1.54528005533385,1.57086601579224));
#3439=CARTESIAN_POINT('Ctrl Pts',(1.89242227355085E-16,-1.54528005533385,
1.51253268245891));
#3440=CARTESIAN_POINT('Ctrl Pts',(-0.89216785592036,-1.54528005533385,1.45419934912557));
#3441=CARTESIAN_POINT('Ctrl Pts',(-1.33825178388054,-0.772640027666928,
1.39586601579224));
#3442=CARTESIAN_POINT('Ctrl Pts',(-1.78433571184072,-3.27777152716508E-16,
1.33753268245891));
#3443=CARTESIAN_POINT('Ctrl Pts',(-1.33825178388054,0.772640027666926,1.27919934912558));
#3444=CARTESIAN_POINT('Ctrl Pts',(-0.892167855920361,1.54528005533385,1.22086601579224));
#3445=CARTESIAN_POINT('Ctrl Pts',(0.,1.54528005533385,1.16253268245891));
#3446=CARTESIAN_POINT('Ctrl Pts',(0.89216785592036,1.54528005533385,1.10419934912557));
#3447=CARTESIAN_POINT('Ctrl Pts',(1.33825178388054,0.772640027666927,1.04586601579224));
#3448=CARTESIAN_POINT('Ctrl Pts',(1.78433571184072,1.09259050905503E-16,
0.987532682458908));
#3449=CARTESIAN_POINT('Ctrl Pts',(1.33825178388054,-0.772640027666927,0.929199349125575));
#3450=CARTESIAN_POINT('Ctrl Pts',(0.892167855920361,-1.54528005533385,0.870866015792241));
#3451=CARTESIAN_POINT('Ctrl Pts',(1.89242227355085E-16,-1.54528005533385,
0.812532682458908));
#3452=CARTESIAN_POINT('Ctrl Pts',(-0.89216785592036,-1.54528005533385,0.754199349125575));
#3453=CARTESIAN_POINT('Ctrl Pts',(-1.33825178388054,-0.772640027666928,
0.695866015792242));
#3454=CARTESIAN_POINT('Ctrl Pts',(-1.78433571184072,-3.27777152716508E-16,
0.637532682458908));
#3455=CARTESIAN_POINT('Ctrl Pts',(-1.33825178388054,0.772640027666926,0.579199349125575));
#3456=CARTESIAN_POINT('Ctrl Pts',(-0.892167855920361,1.54528005533385,0.520866015792242));
#3457=CARTESIAN_POINT('Ctrl Pts',(0.,1.54528005533385,0.462532682458908));
#3458=CARTESIAN_POINT('Ctrl Pts',(0.89216785592036,1.54528005533385,0.404199349125575));
#3459=CARTESIAN_POINT('Ctrl Pts',(1.33825178388054,0.772640027666927,0.345866015792242));
#3460=CARTESIAN_POINT('Ctrl Pts',(1.78433571184072,1.09259050905503E-16,
0.287532682458908));
#3461=CARTESIAN_POINT('Ctrl Pts',(1.33825178388054,-0.772640027666927,0.229199349125575));
#3462=CARTESIAN_POINT('Ctrl Pts',(0.892167855920361,-1.54528005533385,0.170866015792241));
#3463=CARTESIAN_POINT('Ctrl Pts',(1.89242227355085E-16,-1.54528005533385,
0.112532682458908));
#3464=CARTESIAN_POINT('Ctrl Pts',(-0.89216785592036,-1.54528005533385,0.0541993491255748));
#3465=CARTESIAN_POINT('Ctrl Pts',(-1.33825178388054,-0.772640027666928,
-0.00413398420775858));
#3466=CARTESIAN_POINT('Ctrl Pts',(-1.78433571184072,-3.27777152716508E-16,
-0.062467317541092));
#3467=CARTESIAN_POINT('Ctrl Pts',(-1.33825178388054,0.772640027666926,-0.120800650874425));
#3468=CARTESIAN_POINT('Ctrl Pts',(-0.892167855920361,1.54528005533385,-0.179133984207758));
#3469=CARTESIAN_POINT('Ctrl Pts',(0.,1.54528005533385,-0.237467317541092));
#3470=CARTESIAN_POINT('Ctrl Pts',(0.89216785592036,1.54528005533385,-0.295800650874425));
#3471=CARTESIAN_POINT('Ctrl Pts',(1.33825178388054,0.772640027666927,-0.354133984207759));
#3472=CARTESIAN_POINT('Ctrl Pts',(1.78433571184072,1.09259050905503E-16,
-0.412467317541092));
#3473=CARTESIAN_POINT('Ctrl Pts',(1.33825178388054,-0.772640027666927,-0.470800650874425));
#3474=CARTESIAN_POINT('Ctrl Pts',(0.892167855920361,-1.54528005533385,-0.529133984207758));
#3475=CARTESIAN_POINT('Ctrl Pts',(1.89242227355085E-16,-1.54528005533385,
-0.587467317541092));
#3476=CARTESIAN_POINT('Ctrl Pts',(-0.89216785592036,-1.54528005533385,-0.645800650874425));
#3477=CARTESIAN_POINT('Ctrl Pts',(-1.33825178388054,-0.772640027666928,
-0.704133984207759));
#3478=CARTESIAN_POINT('Ctrl Pts',(-1.78433571184072,-3.27777152716508E-16,
-0.762467317541092));
#3479=CARTESIAN_POINT('Ctrl Pts',(-1.33825178388054,0.772640027666926,-0.820800650874425));
#3480=CARTESIAN_POINT('Ctrl Pts',(-0.892167855920361,1.54528005533385,-0.879133984207759));
#3481=CARTESIAN_POINT('Ctrl Pts',(0.,1.54528005533385,-0.937467317541092));
#3482=CARTESIAN_POINT('Ctrl Pts',(0.89216785592036,1.54528005533385,-0.995800650874425));
#3483=CARTESIAN_POINT('Ctrl Pts',(1.33825178388054,0.772640027666927,-1.05413398420776));
#3484=CARTESIAN_POINT('Ctrl Pts',(1.78433571184072,1.09259050905503E-16,
-1.11246731754109));
#3485=CARTESIAN_POINT('Ctrl Pts',(1.33825178388054,-0.772640027666927,-1.17080065087443));
#3486=CARTESIAN_POINT('Ctrl Pts',(0.892167855920361,-1.54528005533385,-1.22913398420776));
#3487=CARTESIAN_POINT('Ctrl Pts',(1.89242227355085E-16,-1.54528005533385,
-1.28746731754109));
#3488=CARTESIAN_POINT('Ctrl Pts',(-0.89216785592036,-1.54528005533385,-1.34580065087443));
#3489=CARTESIAN_POINT('Ctrl Pts',(-1.33825178388054,-0.772640027666928,
-1.40413398420776));
#3490=CARTESIAN_POINT('Ctrl Pts',(-1.78433571184072,-3.27777152716508E-16,
-1.46246731754109));
#3491=CARTESIAN_POINT('Ctrl Pts',(-1.33825178388054,0.772640027666926,-1.52080065087443));
#3492=CARTESIAN_POINT('Ctrl Pts',(-0.892167855920361,1.54528005533385,-1.57913398420776));
#3493=CARTESIAN_POINT('Ctrl Pts',(0.,1.54528005533385,-1.63746731754109));
#3494=CARTESIAN_POINT('Ctrl Pts',(0.89216785592036,1.54528005533385,-1.69580065087443));
#3495=CARTESIAN_POINT('Ctrl Pts',(1.33825178388054,0.772640027666927,-1.75413398420776));
#3496=CARTESIAN_POINT('Ctrl Pts',(1.78433571184072,1.09259050905503E-16,
-1.81246731754109));
#3497=CARTESIAN_POINT('Ctrl Pts',(1.33825178388054,-0.772640027666927,-1.87080065087443));
#3498=CARTESIAN_POINT('Ctrl Pts',(0.892167855920361,-1.54528005533385,-1.92913398420776));
#3499=CARTESIAN_POINT('Ctrl Pts',(1.89242227355085E-16,-1.54528005533385,
-1.98746731754109));
#3500=CARTESIAN_POINT('Ctrl Pts',(-0.352711479464325,-1.54528005533385,
-2.01052893780184));
#3501=CARTESIAN_POINT('Ctrl Pts',(-0.670491397353622,-1.39223982685721,
-2.03708377018862));
#3502=CARTESIAN_POINT('Ctrl Pts',(0.,2.03788861141557,1.57812500000002));
#3503=CARTESIAN_POINT('Ctrl Pts',(1.17657553837925,2.03788861141557,1.51979166666668));
#3504=CARTESIAN_POINT('Ctrl Pts',(1.76486330756888,1.01894430570779,1.46145833333335));
#3505=CARTESIAN_POINT('Ctrl Pts',(2.3531510767585,1.44088946703122E-16,
1.40312500000002));
#3506=CARTESIAN_POINT('Ctrl Pts',(1.76486330756888,-1.01894430570778,1.34479166666668));
#3507=CARTESIAN_POINT('Ctrl Pts',(1.17657553837925,-2.03788861141557,1.28645833333335));
#3508=CARTESIAN_POINT('Ctrl Pts',(2.49569376498892E-16,-2.03788861141557,
1.22812500000002));
#3509=CARTESIAN_POINT('Ctrl Pts',(-1.17657553837925,-2.03788861141557,1.16979166666668));
#3510=CARTESIAN_POINT('Ctrl Pts',(-1.76486330756888,-1.01894430570779,1.11145833333335));
#3511=CARTESIAN_POINT('Ctrl Pts',(-2.3531510767585,-4.32266840109367E-16,
1.05312500000002));
#3512=CARTESIAN_POINT('Ctrl Pts',(-1.76486330756888,1.01894430570778,0.994791666666685));
#3513=CARTESIAN_POINT('Ctrl Pts',(-1.17657553837925,2.03788861141557,0.936458333333351));
#3514=CARTESIAN_POINT('Ctrl Pts',(0.,2.03788861141557,0.878125000000018));
#3515=CARTESIAN_POINT('Ctrl Pts',(1.17657553837925,2.03788861141557,0.819791666666684));
#3516=CARTESIAN_POINT('Ctrl Pts',(1.76486330756888,1.01894430570779,0.761458333333351));
#3517=CARTESIAN_POINT('Ctrl Pts',(2.3531510767585,1.44088946703122E-16,
0.703125000000018));
#3518=CARTESIAN_POINT('Ctrl Pts',(1.76486330756888,-1.01894430570778,0.644791666666685));
#3519=CARTESIAN_POINT('Ctrl Pts',(1.17657553837925,-2.03788861141557,0.586458333333351));
#3520=CARTESIAN_POINT('Ctrl Pts',(2.49569376498892E-16,-2.03788861141557,
0.528125000000018));
#3521=CARTESIAN_POINT('Ctrl Pts',(-1.17657553837925,-2.03788861141557,0.469791666666685));
#3522=CARTESIAN_POINT('Ctrl Pts',(-1.76486330756888,-1.01894430570779,0.411458333333351));
#3523=CARTESIAN_POINT('Ctrl Pts',(-2.3531510767585,-4.32266840109367E-16,
0.353125000000018));
#3524=CARTESIAN_POINT('Ctrl Pts',(-1.76486330756888,1.01894430570778,0.294791666666684));
#3525=CARTESIAN_POINT('Ctrl Pts',(-1.17657553837925,2.03788861141557,0.236458333333351));
#3526=CARTESIAN_POINT('Ctrl Pts',(0.,2.03788861141557,0.178125000000018));
#3527=CARTESIAN_POINT('Ctrl Pts',(1.17657553837925,2.03788861141557,0.119791666666684));
#3528=CARTESIAN_POINT('Ctrl Pts',(1.76486330756888,1.01894430570779,0.0614583333333513));
#3529=CARTESIAN_POINT('Ctrl Pts',(2.3531510767585,1.44088946703122E-16,
0.00312500000001787));
#3530=CARTESIAN_POINT('Ctrl Pts',(1.76486330756888,-1.01894430570778,-0.0552083333333155));
#3531=CARTESIAN_POINT('Ctrl Pts',(1.17657553837925,-2.03788861141557,-0.113541666666649));
#3532=CARTESIAN_POINT('Ctrl Pts',(2.49569376498892E-16,-2.03788861141557,
-0.171874999999982));
#3533=CARTESIAN_POINT('Ctrl Pts',(-1.17657553837925,-2.03788861141557,-0.230208333333315));
#3534=CARTESIAN_POINT('Ctrl Pts',(-1.76486330756888,-1.01894430570779,-0.288541666666649));
#3535=CARTESIAN_POINT('Ctrl Pts',(-2.3531510767585,-4.32266840109367E-16,
-0.346874999999982));
#3536=CARTESIAN_POINT('Ctrl Pts',(-1.76486330756888,1.01894430570778,-0.405208333333316));
#3537=CARTESIAN_POINT('Ctrl Pts',(-1.17657553837925,2.03788861141557,-0.463541666666649));
#3538=CARTESIAN_POINT('Ctrl Pts',(0.,2.03788861141557,-0.521874999999982));
#3539=CARTESIAN_POINT('Ctrl Pts',(1.17657553837925,2.03788861141557,-0.580208333333315));
#3540=CARTESIAN_POINT('Ctrl Pts',(1.76486330756888,1.01894430570779,-0.638541666666649));
#3541=CARTESIAN_POINT('Ctrl Pts',(2.3531510767585,1.44088946703122E-16,
-0.696874999999982));
#3542=CARTESIAN_POINT('Ctrl Pts',(1.76486330756888,-1.01894430570778,-0.755208333333315));
#3543=CARTESIAN_POINT('Ctrl Pts',(1.17657553837925,-2.03788861141557,-0.813541666666649));
#3544=CARTESIAN_POINT('Ctrl Pts',(2.49569376498892E-16,-2.03788861141557,
-0.871874999999982));
#3545=CARTESIAN_POINT('Ctrl Pts',(-1.17657553837925,-2.03788861141557,-0.930208333333316));
#3546=CARTESIAN_POINT('Ctrl Pts',(-1.76486330756888,-1.01894430570779,-0.988541666666649));
#3547=CARTESIAN_POINT('Ctrl Pts',(-2.3531510767585,-4.32266840109367E-16,
-1.04687499999998));
#3548=CARTESIAN_POINT('Ctrl Pts',(-1.76486330756888,1.01894430570778,-1.10520833333332));
#3549=CARTESIAN_POINT('Ctrl Pts',(-1.17657553837925,2.03788861141557,-1.16354166666665));
#3550=CARTESIAN_POINT('Ctrl Pts',(0.,2.03788861141557,-1.22187499999998));
#3551=CARTESIAN_POINT('Ctrl Pts',(1.17657553837925,2.03788861141557,-1.28020833333332));
#3552=CARTESIAN_POINT('Ctrl Pts',(1.76486330756888,1.01894430570779,-1.33854166666665));
#3553=CARTESIAN_POINT('Ctrl Pts',(2.3531510767585,1.44088946703122E-16,
-1.39687499999998));
#3554=CARTESIAN_POINT('Ctrl Pts',(1.76486330756888,-1.01894430570778,-1.45520833333332));
#3555=CARTESIAN_POINT('Ctrl Pts',(1.17657553837925,-2.03788861141557,-1.51354166666665));
#3556=CARTESIAN_POINT('Ctrl Pts',(2.49569376498892E-16,-2.03788861141557,
-1.57187499999998));
#3557=CARTESIAN_POINT('Ctrl Pts',(-1.17657553837925,-2.03788861141557,-1.63020833333332));
#3558=CARTESIAN_POINT('Ctrl Pts',(-1.76486330756888,-1.01894430570779,-1.68854166666665));
#3559=CARTESIAN_POINT('Ctrl Pts',(-2.3531510767585,-4.32266840109367E-16,
-1.74687499999998));
#3560=CARTESIAN_POINT('Ctrl Pts',(-1.76486330756888,1.01894430570778,-1.80520833333332));
#3561=CARTESIAN_POINT('Ctrl Pts',(-1.17657553837925,2.03788861141557,-1.86354166666665));
#3562=CARTESIAN_POINT('Ctrl Pts',(0.,2.03788861141557,-1.92187499999998));
#3563=CARTESIAN_POINT('Ctrl Pts',(1.17657553837925,2.03788861141557,-1.98020833333332));
#3564=CARTESIAN_POINT('Ctrl Pts',(1.76486330756888,1.01894430570779,-2.03854166666665));
#3565=CARTESIAN_POINT('Ctrl Pts',(2.3531510767585,1.44088946703122E-16,
-2.09687499999998));
#3566=CARTESIAN_POINT('Ctrl Pts',(1.76486330756888,-1.01894430570778,-2.15520833333332));
#3567=CARTESIAN_POINT('Ctrl Pts',(1.17657553837925,-2.03788861141557,-2.21354166666665));
#3568=CARTESIAN_POINT('Ctrl Pts',(2.49569376498892E-16,-2.03788861141557,
-2.27187499999998));
#3569=CARTESIAN_POINT('Ctrl Pts',(-0.465149798986173,-2.03788861141557,
-2.29493662026074));
#3570=CARTESIAN_POINT('Ctrl Pts',(-0.884232458707205,-1.83606180492539,
-2.32149145264751));
#3571=CARTESIAN_POINT('Ctrl Pts',(1.45964827980693,0.507436992452602,1.02580944018205));
#3572=CARTESIAN_POINT('Ctrl Pts',(1.69180861415439,-0.160374849628243,0.975392347621661));
#3573=CARTESIAN_POINT('Ctrl Pts',(1.33830080756888,-0.772668331506584,0.929166666666686));
#3574=CARTESIAN_POINT('Ctrl Pts',(0.892200538379251,-1.54533666301317,0.870833333333352));
#3575=CARTESIAN_POINT('Ctrl Pts',(1.89249159796413E-16,-1.54533666301317,
0.812500000000019));
#3576=CARTESIAN_POINT('Ctrl Pts',(-0.89220053837925,-1.54533666301317,0.754166666666686));
#3577=CARTESIAN_POINT('Ctrl Pts',(-1.33830080756888,-0.772668331506585,
0.695833333333353));
#3578=CARTESIAN_POINT('Ctrl Pts',(-1.7844010767585,-3.27789160057108E-16,
0.637500000000019));
#3579=CARTESIAN_POINT('Ctrl Pts',(-1.33830080756888,0.772668331506583,0.579166666666686));
#3580=CARTESIAN_POINT('Ctrl Pts',(-0.892200538379252,1.54533666301317,0.520833333333352));
#3581=CARTESIAN_POINT('Ctrl Pts',(0.,1.54533666301317,0.462500000000019));
#3582=CARTESIAN_POINT('Ctrl Pts',(0.892200538379251,1.54533666301317,0.404166666666686));
#3583=CARTESIAN_POINT('Ctrl Pts',(1.33830080756888,0.772668331506584,0.345833333333352));
#3584=CARTESIAN_POINT('Ctrl Pts',(1.7844010767585,1.09263053352369E-16,
0.287500000000019));
#3585=CARTESIAN_POINT('Ctrl Pts',(1.33830080756888,-0.772668331506584,0.229166666666686));
#3586=CARTESIAN_POINT('Ctrl Pts',(0.892200538379251,-1.54533666301317,0.170833333333352));
#3587=CARTESIAN_POINT('Ctrl Pts',(1.89249159796413E-16,-1.54533666301317,
0.112500000000019));
#3588=CARTESIAN_POINT('Ctrl Pts',(-0.89220053837925,-1.54533666301317,0.0541666666666859));
#3589=CARTESIAN_POINT('Ctrl Pts',(-1.33830080756888,-0.772668331506585,
-0.00416666666664757));
#3590=CARTESIAN_POINT('Ctrl Pts',(-1.7844010767585,-3.27789160057108E-16,
-0.062499999999981));
#3591=CARTESIAN_POINT('Ctrl Pts',(-1.33830080756888,0.772668331506583,-0.120833333333314));
#3592=CARTESIAN_POINT('Ctrl Pts',(-0.892200538379252,1.54533666301317,-0.179166666666647));
#3593=CARTESIAN_POINT('Ctrl Pts',(0.,1.54533666301317,-0.237499999999981));
#3594=CARTESIAN_POINT('Ctrl Pts',(0.892200538379251,1.54533666301317,-0.295833333333314));
#3595=CARTESIAN_POINT('Ctrl Pts',(1.33830080756888,0.772668331506584,-0.354166666666648));
#3596=CARTESIAN_POINT('Ctrl Pts',(1.7844010767585,1.09263053352369E-16,
-0.412499999999981));
#3597=CARTESIAN_POINT('Ctrl Pts',(1.33830080756888,-0.772668331506584,-0.470833333333314));
#3598=CARTESIAN_POINT('Ctrl Pts',(0.892200538379251,-1.54533666301317,-0.529166666666647));
#3599=CARTESIAN_POINT('Ctrl Pts',(1.89249159796413E-16,-1.54533666301317,
-0.587499999999981));
#3600=CARTESIAN_POINT('Ctrl Pts',(-0.89220053837925,-1.54533666301317,-0.645833333333314));
#3601=CARTESIAN_POINT('Ctrl Pts',(-1.33830080756888,-0.772668331506585,
-0.704166666666648));
#3602=CARTESIAN_POINT('Ctrl Pts',(-1.7844010767585,-3.27789160057108E-16,
-0.762499999999981));
#3603=CARTESIAN_POINT('Ctrl Pts',(-1.33830080756888,0.772668331506583,-0.820833333333314));
#3604=CARTESIAN_POINT('Ctrl Pts',(-0.892200538379252,1.54533666301317,-0.879166666666647));
#3605=CARTESIAN_POINT('Ctrl Pts',(0.,1.54533666301317,-0.937499999999981));
#3606=CARTESIAN_POINT('Ctrl Pts',(0.638337767499558,1.54533666301317,-0.97923542625118));
#3607=CARTESIAN_POINT('Ctrl Pts',(1.09058862372166,1.09484330196681,-1.02580944018205));
#3608=CARTESIAN_POINT('Ctrl Pts',(0.,1.54533666301317,1.95000000000002));
#3609=CARTESIAN_POINT('Ctrl Pts',(0.892200538379251,1.54533666301317,1.89166666666669));
#3610=CARTESIAN_POINT('Ctrl Pts',(1.33830080756888,0.772668331506585,1.83333333333335));
#3611=CARTESIAN_POINT('Ctrl Pts',(1.7844010767585,1.0926305335237E-16,1.77500000000002));
#3612=CARTESIAN_POINT('Ctrl Pts',(1.33830080756888,-0.772668331506584,1.71666666666669));
#3613=CARTESIAN_POINT('Ctrl Pts',(0.892200538379252,-1.54533666301317,1.65833333333335));
#3614=CARTESIAN_POINT('Ctrl Pts',(1.89249159796413E-16,-1.54533666301317,
1.60000000000002));
#3615=CARTESIAN_POINT('Ctrl Pts',(-0.892200538379251,-1.54533666301317,
1.54166666666669));
#3616=CARTESIAN_POINT('Ctrl Pts',(-1.33830080756888,-0.772668331506585,
1.48333333333335));
#3617=CARTESIAN_POINT('Ctrl Pts',(-1.7844010767585,-3.27789160057109E-16,
1.42500000000002));
#3618=CARTESIAN_POINT('Ctrl Pts',(-1.33830080756888,0.772668331506584,1.36666666666669));
#3619=CARTESIAN_POINT('Ctrl Pts',(-0.892200538379252,1.54533666301317,1.30833333333335));
#3620=CARTESIAN_POINT('Ctrl Pts',(0.,1.54533666301317,1.25000000000002));
#3621=CARTESIAN_POINT('Ctrl Pts',(0.892200538379251,1.54533666301317,1.19166666666669));
#3622=CARTESIAN_POINT('Ctrl Pts',(1.33830080756888,0.772668331506585,1.13333333333335));
#3623=CARTESIAN_POINT('Ctrl Pts',(1.7844010767585,1.0926305335237E-16,1.07500000000002));
#3624=CARTESIAN_POINT('Ctrl Pts',(1.33830080756888,-0.772668331506584,1.01666666666669));
#3625=CARTESIAN_POINT('Ctrl Pts',(0.892200538379252,-1.54533666301317,0.958333333333353));
#3626=CARTESIAN_POINT('Ctrl Pts',(1.89249159796413E-16,-1.54533666301317,
0.90000000000002));
#3627=CARTESIAN_POINT('Ctrl Pts',(-0.892200538379251,-1.54533666301317,
0.841666666666686));
#3628=CARTESIAN_POINT('Ctrl Pts',(-1.33830080756888,-0.772668331506585,
0.783333333333353));
#3629=CARTESIAN_POINT('Ctrl Pts',(-1.7844010767585,-3.27789160057109E-16,
0.72500000000002));
#3630=CARTESIAN_POINT('Ctrl Pts',(-1.33830080756888,0.772668331506584,0.666666666666686));
#3631=CARTESIAN_POINT('Ctrl Pts',(-0.892200538379252,1.54533666301317,0.608333333333353));
#3632=CARTESIAN_POINT('Ctrl Pts',(0.,1.54533666301317,0.550000000000019));
#3633=CARTESIAN_POINT('Ctrl Pts',(0.892200538379251,1.54533666301317,0.491666666666686));
#3634=CARTESIAN_POINT('Ctrl Pts',(1.33830080756888,0.772668331506585,0.433333333333353));
#3635=CARTESIAN_POINT('Ctrl Pts',(1.7844010767585,1.0926305335237E-16,0.375000000000019));
#3636=CARTESIAN_POINT('Ctrl Pts',(1.33830080756888,-0.772668331506584,0.316666666666686));
#3637=CARTESIAN_POINT('Ctrl Pts',(0.892200538379252,-1.54533666301317,0.258333333333353));
#3638=CARTESIAN_POINT('Ctrl Pts',(1.89249159796413E-16,-1.54533666301317,
0.200000000000019));
#3639=CARTESIAN_POINT('Ctrl Pts',(-0.892200538379251,-1.54533666301317,
0.141666666666686));
#3640=CARTESIAN_POINT('Ctrl Pts',(-1.33830080756888,-0.772668331506585,
0.0833333333333528));
#3641=CARTESIAN_POINT('Ctrl Pts',(-1.7844010767585,-3.27789160057109E-16,
0.0250000000000194));
#3642=CARTESIAN_POINT('Ctrl Pts',(-1.33830080756888,0.772668331506584,-0.033333333333314));
#3643=CARTESIAN_POINT('Ctrl Pts',(-0.892200538379252,1.54533666301317,-0.091666666666647));
#3644=CARTESIAN_POINT('Ctrl Pts',(0.,1.54533666301317,-0.14999999999998));
#3645=CARTESIAN_POINT('Ctrl Pts',(0.892200538379251,1.54533666301317,-0.208333333333314));
#3646=CARTESIAN_POINT('Ctrl Pts',(1.33830080756888,0.772668331506585,-0.266666666666647));
#3647=CARTESIAN_POINT('Ctrl Pts',(1.7844010767585,1.0926305335237E-16,-0.324999999999981));
#3648=CARTESIAN_POINT('Ctrl Pts',(1.33830080756888,-0.772668331506584,-0.383333333333314));
#3649=CARTESIAN_POINT('Ctrl Pts',(0.892200538379252,-1.54533666301317,-0.441666666666647));
#3650=CARTESIAN_POINT('Ctrl Pts',(1.89249159796413E-16,-1.54533666301317,
-0.499999999999981));
#3651=CARTESIAN_POINT('Ctrl Pts',(-0.892200538379251,-1.54533666301317,
-0.558333333333314));
#3652=CARTESIAN_POINT('Ctrl Pts',(-1.33830080756888,-0.772668331506585,
-0.616666666666647));
#3653=CARTESIAN_POINT('Ctrl Pts',(-1.7844010767585,-3.27789160057109E-16,
-0.674999999999981));
#3654=CARTESIAN_POINT('Ctrl Pts',(-1.33830080756888,0.772668331506584,-0.733333333333314));
#3655=CARTESIAN_POINT('Ctrl Pts',(-0.892200538379252,1.54533666301317,-0.791666666666647));
#3656=CARTESIAN_POINT('Ctrl Pts',(0.,1.54533666301317,-0.849999999999981));
#3657=CARTESIAN_POINT('Ctrl Pts',(0.892200538379251,1.54533666301317,-0.908333333333314));
#3658=CARTESIAN_POINT('Ctrl Pts',(1.33830080756888,0.772668331506585,-0.966666666666647));
#3659=CARTESIAN_POINT('Ctrl Pts',(1.7844010767585,1.0926305335237E-16,-1.02499999999998));
#3660=CARTESIAN_POINT('Ctrl Pts',(1.33830080756888,-0.772668331506584,-1.08333333333331));
#3661=CARTESIAN_POINT('Ctrl Pts',(0.892200538379252,-1.54533666301317,-1.14166666666665));
#3662=CARTESIAN_POINT('Ctrl Pts',(1.89249159796413E-16,-1.54533666301317,
-1.19999999999998));
#3663=CARTESIAN_POINT('Ctrl Pts',(-0.892200538379251,-1.54533666301317,
-1.25833333333331));
#3664=CARTESIAN_POINT('Ctrl Pts',(-1.33830080756888,-0.772668331506585,
-1.31666666666665));
#3665=CARTESIAN_POINT('Ctrl Pts',(-1.7844010767585,-3.27789160057109E-16,
-1.37499999999998));
#3666=CARTESIAN_POINT('Ctrl Pts',(-1.33830080756888,0.772668331506584,-1.43333333333331));
#3667=CARTESIAN_POINT('Ctrl Pts',(-0.892200538379252,1.54533666301317,-1.49166666666665));
#3668=CARTESIAN_POINT('Ctrl Pts',(0.,1.54533666301317,-1.54999999999998));
#3669=CARTESIAN_POINT('Ctrl Pts',(0.892200538379251,1.54533666301317,-1.60833333333331));
#3670=CARTESIAN_POINT('Ctrl Pts',(1.33830080756888,0.772668331506585,-1.66666666666665));
#3671=CARTESIAN_POINT('Ctrl Pts',(1.7844010767585,1.0926305335237E-16,-1.72499999999998));
#3672=CARTESIAN_POINT('Ctrl Pts',(1.33830080756888,-0.772668331506584,-1.78333333333331));
#3673=CARTESIAN_POINT('Ctrl Pts',(0.892200538379252,-1.54533666301317,-1.84166666666665));
#3674=CARTESIAN_POINT('Ctrl Pts',(1.89249159796413E-16,-1.54533666301317,
-1.89999999999998));
#3675=CARTESIAN_POINT('Ctrl Pts',(-0.352713009068672,-1.54533666301317,
-1.92306087549147));
#3676=CARTESIAN_POINT('Ctrl Pts',(-0.670496449543718,-1.39230022380302,
-1.94961482241491));
#3677=CARTESIAN_POINT('Ctrl Pts',(-0.919580787623148,-1.27234752864147,
-1.9704282804193));
#3678=CARTESIAN_POINT('Ctrl Pts',(-1.16866512570258,-1.15239483347992,-1.9912417384237));
#3679=CARTESIAN_POINT('Ctrl Pts',(0.,1.54533666301317,1.86249999998732));
#3680=CARTESIAN_POINT('Ctrl Pts',(0.892200538379251,1.54533666301317,1.80416666665398));
#3681=CARTESIAN_POINT('Ctrl Pts',(1.33830080756888,0.772668331506584,1.74583333332065));
#3682=CARTESIAN_POINT('Ctrl Pts',(1.7844010767585,1.09263053352369E-16,
1.68749999998732));
#3683=CARTESIAN_POINT('Ctrl Pts',(1.33830080756888,-0.772668331506584,1.62916666665398));
#3684=CARTESIAN_POINT('Ctrl Pts',(0.892200538379251,-1.54533666301317,1.57083333332065));
#3685=CARTESIAN_POINT('Ctrl Pts',(1.89249159796413E-16,-1.54533666301317,
1.51249999998731));
#3686=CARTESIAN_POINT('Ctrl Pts',(-0.89220053837925,-1.54533666301317,1.45416666665398));
#3687=CARTESIAN_POINT('Ctrl Pts',(-1.33830080756888,-0.772668331506585,
1.39583333332065));
#3688=CARTESIAN_POINT('Ctrl Pts',(-1.7844010767585,-3.27789160057108E-16,
1.33749999998731));
#3689=CARTESIAN_POINT('Ctrl Pts',(-1.33830080756888,0.772668331506583,1.27916666665398));
#3690=CARTESIAN_POINT('Ctrl Pts',(-0.892200538379252,1.54533666301317,1.22083333332065));
#3691=CARTESIAN_POINT('Ctrl Pts',(0.,1.54533666301317,1.16249999998731));
#3692=CARTESIAN_POINT('Ctrl Pts',(0.892200538379251,1.54533666301317,1.10416666665398));
#3693=CARTESIAN_POINT('Ctrl Pts',(1.33830080756888,0.772668331506584,1.04583333332065));
#3694=CARTESIAN_POINT('Ctrl Pts',(1.7844010767585,1.09263053352369E-16,
0.987499999987315));
#3695=CARTESIAN_POINT('Ctrl Pts',(1.33830080756888,-0.772668331506584,0.929166666653982));
#3696=CARTESIAN_POINT('Ctrl Pts',(0.892200538379251,-1.54533666301317,0.870833333320648));
#3697=CARTESIAN_POINT('Ctrl Pts',(1.89249159796413E-16,-1.54533666301317,
0.812499999987315));
#3698=CARTESIAN_POINT('Ctrl Pts',(-0.89220053837925,-1.54533666301317,0.754166666653982));
#3699=CARTESIAN_POINT('Ctrl Pts',(-1.33830080756888,-0.772668331506585,
0.695833333320648));
#3700=CARTESIAN_POINT('Ctrl Pts',(-1.7844010767585,-3.27789160057108E-16,
0.637499999987315));
#3701=CARTESIAN_POINT('Ctrl Pts',(-1.33830080756888,0.772668331506583,0.579166666653981));
#3702=CARTESIAN_POINT('Ctrl Pts',(-0.892200538379252,1.54533666301317,0.520833333320648));
#3703=CARTESIAN_POINT('Ctrl Pts',(0.,1.54533666301317,0.462499999987315));
#3704=CARTESIAN_POINT('Ctrl Pts',(0.892200538379251,1.54533666301317,0.404166666653981));
#3705=CARTESIAN_POINT('Ctrl Pts',(1.33830080756888,0.772668331506584,0.345833333320648));
#3706=CARTESIAN_POINT('Ctrl Pts',(1.7844010767585,1.09263053352369E-16,
0.287499999987315));
#3707=CARTESIAN_POINT('Ctrl Pts',(1.33830080756888,-0.772668331506584,0.229166666653981));
#3708=CARTESIAN_POINT('Ctrl Pts',(0.892200538379251,-1.54533666301317,0.170833333320648));
#3709=CARTESIAN_POINT('Ctrl Pts',(1.89249159796413E-16,-1.54533666301317,
0.112499999987315));
#3710=CARTESIAN_POINT('Ctrl Pts',(-0.89220053837925,-1.54533666301317,0.0541666666539815));
#3711=CARTESIAN_POINT('Ctrl Pts',(-1.33830080756888,-0.772668331506585,
-0.0041666666793519));
#3712=CARTESIAN_POINT('Ctrl Pts',(-1.7844010767585,-3.27789160057108E-16,
-0.0625000000126853));
#3713=CARTESIAN_POINT('Ctrl Pts',(-1.33830080756888,0.772668331506583,-0.120833333346019));
#3714=CARTESIAN_POINT('Ctrl Pts',(-0.892200538379252,1.54533666301317,-0.179166666679352));
#3715=CARTESIAN_POINT('Ctrl Pts',(0.,1.54533666301317,-0.237500000012685));
#3716=CARTESIAN_POINT('Ctrl Pts',(0.892200538379251,1.54533666301317,-0.295833333346018));
#3717=CARTESIAN_POINT('Ctrl Pts',(1.33830080756888,0.772668331506584,-0.354166666679352));
#3718=CARTESIAN_POINT('Ctrl Pts',(1.7844010767585,1.09263053352369E-16,
-0.412500000012685));
#3719=CARTESIAN_POINT('Ctrl Pts',(1.33830080756888,-0.772668331506584,-0.470833333346018));
#3720=CARTESIAN_POINT('Ctrl Pts',(0.892200538379251,-1.54533666301317,-0.529166666679352));
#3721=CARTESIAN_POINT('Ctrl Pts',(1.89249159796413E-16,-1.54533666301317,
-0.587500000012685));
#3722=CARTESIAN_POINT('Ctrl Pts',(-0.89220053837925,-1.54533666301317,-0.645833333346019));
#3723=CARTESIAN_POINT('Ctrl Pts',(-1.33830080756888,-0.772668331506585,
-0.704166666679352));
#3724=CARTESIAN_POINT('Ctrl Pts',(-1.7844010767585,-3.27789160057108E-16,
-0.762500000012685));
#3725=CARTESIAN_POINT('Ctrl Pts',(-1.33830080756888,0.772668331506583,-0.820833333346018));
#3726=CARTESIAN_POINT('Ctrl Pts',(-0.892200538379252,1.54533666301317,-0.879166666679352));
#3727=CARTESIAN_POINT('Ctrl Pts',(0.,1.54533666301317,-0.937500000012685));
#3728=CARTESIAN_POINT('Ctrl Pts',(0.892200538379251,1.54533666301317,-0.995833333346019));
#3729=CARTESIAN_POINT('Ctrl Pts',(1.33830080756888,0.772668331506584,-1.05416666667935));
#3730=CARTESIAN_POINT('Ctrl Pts',(1.7844010767585,1.09263053352369E-16,
-1.11250000001269));
#3731=CARTESIAN_POINT('Ctrl Pts',(1.33830080756888,-0.772668331506584,-1.17083333334602));
#3732=CARTESIAN_POINT('Ctrl Pts',(0.892200538379251,-1.54533666301317,-1.22916666667935));
#3733=CARTESIAN_POINT('Ctrl Pts',(1.89249159796413E-16,-1.54533666301317,
-1.28750000001269));
#3734=CARTESIAN_POINT('Ctrl Pts',(-0.89220053837925,-1.54533666301317,-1.34583333334602));
#3735=CARTESIAN_POINT('Ctrl Pts',(-1.33830080756888,-0.772668331506585,
-1.40416666667935));
#3736=CARTESIAN_POINT('Ctrl Pts',(-1.7844010767585,-3.27789160057108E-16,
-1.46250000001269));
#3737=CARTESIAN_POINT('Ctrl Pts',(-1.33830080756888,0.772668331506583,-1.52083333334602));
#3738=CARTESIAN_POINT('Ctrl Pts',(-0.892200538379252,1.54533666301317,-1.57916666667935));
#3739=CARTESIAN_POINT('Ctrl Pts',(0.,1.54533666301317,-1.63750000001269));
#3740=CARTESIAN_POINT('Ctrl Pts',(0.892200538379251,1.54533666301317,-1.69583333334602));
#3741=CARTESIAN_POINT('Ctrl Pts',(1.33830080756888,0.772668331506584,-1.75416666667935));
#3742=CARTESIAN_POINT('Ctrl Pts',(1.7844010767585,1.09263053352369E-16,
-1.81250000001268));
#3743=CARTESIAN_POINT('Ctrl Pts',(1.33830080756888,-0.772668331506584,-1.87083333334602));
#3744=CARTESIAN_POINT('Ctrl Pts',(0.892200538379251,-1.54533666301317,-1.92916666667935));
#3745=CARTESIAN_POINT('Ctrl Pts',(1.89249159796413E-16,-1.54533666301317,
-1.98750000001269));
#3746=CARTESIAN_POINT('Ctrl Pts',(-0.352713009068672,-1.54533666301317,
-2.01056087550418));
#3747=CARTESIAN_POINT('Ctrl Pts',(-0.670496449543717,-1.39230022380302,
-2.03711482242761));
#3748=CARTESIAN_POINT('Ctrl Pts',(-0.919580787623147,-1.27234752864147,
-2.05792828043201));
#3749=CARTESIAN_POINT('Ctrl Pts',(-1.16866512570258,-1.15239483347992,-2.07874173843641));
#3750=CARTESIAN_POINT('Origin',(20.,-18.125,1.));
#3751=CARTESIAN_POINT('',(20.,-7.25,0.));
#3752=CARTESIAN_POINT('',(21.,-7.25,1.));
#3753=CARTESIAN_POINT('Origin',(20.,-7.25,1.));
#3754=CARTESIAN_POINT('',(21.,-25.25,1.));
#3755=CARTESIAN_POINT('',(21.,-18.125,1.));
#3756=CARTESIAN_POINT('',(20.,-25.25,0.));
#3757=CARTESIAN_POINT('Origin',(20.,-25.25,1.));
#3758=CARTESIAN_POINT('',(20.,-18.125,0.));
#3759=CARTESIAN_POINT('Origin',(22.,-7.25,1.));
#3760=CARTESIAN_POINT('',(22.,-5.25,0.));
#3761=CARTESIAN_POINT('',(22.,-6.25,1.));
#3762=CARTESIAN_POINT('Origin',(22.,-5.25,1.));
#3763=CARTESIAN_POINT('Origin',(22.,-7.25,1.));
#3764=CARTESIAN_POINT('Origin',(22.,-7.25,0.));
#3765=CARTESIAN_POINT('Origin',(10.5,-5.25,1.));
#3766=CARTESIAN_POINT('',(28.16,-5.25,0.));
#3767=CARTESIAN_POINT('',(28.16,-6.25,1.));
#3768=CARTESIAN_POINT('Origin',(28.16,-5.25,1.));
#3769=CARTESIAN_POINT('',(10.5,-6.25,1.));
#3770=CARTESIAN_POINT('',(10.5,-5.25,0.));
#3771=CARTESIAN_POINT('Origin',(28.16,-8.125,1.));
#3772=CARTESIAN_POINT('',(28.16,5.25,0.));
#3773=CARTESIAN_POINT('',(29.16,5.25,1.));
#3774=CARTESIAN_POINT('Origin',(28.16,5.25,1.));
#3775=CARTESIAN_POINT('',(29.16,-5.25,1.));
#3776=CARTESIAN_POINT('',(29.16,-8.125,1.));
#3777=CARTESIAN_POINT('Origin',(28.16,-5.25,1.));
#3778=CARTESIAN_POINT('',(28.16,-8.125,0.));
#3779=CARTESIAN_POINT('Origin',(28.16,-5.25,1.));
#3780=CARTESIAN_POINT('Origin',(28.16,-5.25,1.));
#3781=CARTESIAN_POINT('Origin',(14.58,5.25,1.));
#3782=CARTESIAN_POINT('',(-28.16,5.25,0.));
#3783=CARTESIAN_POINT('',(-28.16,6.25,1.));
#3784=CARTESIAN_POINT('Origin',(-28.16,5.25,1.));
#3785=CARTESIAN_POINT('',(28.16,6.25,1.));
#3786=CARTESIAN_POINT('',(14.58,6.25,1.));
#3787=CARTESIAN_POINT('Origin',(28.16,5.25,1.));
#3788=CARTESIAN_POINT('',(14.58,5.25,0.));
#3789=CARTESIAN_POINT('Origin',(28.16,5.25,1.));
#3790=CARTESIAN_POINT('Origin',(28.16,5.25,1.));
#3791=CARTESIAN_POINT('Origin',(-28.16,-1.875,1.));
#3792=CARTESIAN_POINT('',(-28.16,-5.25,0.));
#3793=CARTESIAN_POINT('',(-29.16,-5.25,1.));
#3794=CARTESIAN_POINT('Origin',(-28.16,-5.25,1.));
#3795=CARTESIAN_POINT('',(-29.16,5.25,1.));
#3796=CARTESIAN_POINT('',(-29.16,-1.875,1.));
#3797=CARTESIAN_POINT('Origin',(-28.16,5.25,1.));
#3798=CARTESIAN_POINT('',(-28.16,-1.875,0.));
#3799=CARTESIAN_POINT('Origin',(-28.16,5.25,1.));
#3800=CARTESIAN_POINT('Origin',(-28.16,5.25,1.));
#3801=CARTESIAN_POINT('Origin',(-14.58,-5.25,1.));
#3802=CARTESIAN_POINT('',(-22.,-5.25,0.));
#3803=CARTESIAN_POINT('',(-22.,-6.25,1.));
#3804=CARTESIAN_POINT('Origin',(-22.,-5.25,1.));
#3805=CARTESIAN_POINT('',(-28.16,-6.25,1.));
#3806=CARTESIAN_POINT('',(-14.58,-6.25,1.));
#3807=CARTESIAN_POINT('Origin',(-28.16,-5.25,1.));
#3808=CARTESIAN_POINT('',(-14.58,-5.25,0.));
#3809=CARTESIAN_POINT('Origin',(-22.,-7.25,1.));
#3810=CARTESIAN_POINT('',(-20.,-7.25,0.));
#3811=CARTESIAN_POINT('',(-21.,-7.25,1.));
#3812=CARTESIAN_POINT('Origin',(-20.,-7.25,1.));
#3813=CARTESIAN_POINT('Origin',(-22.,-7.25,1.));
#3814=CARTESIAN_POINT('Origin',(-22.,-7.25,0.));
#3815=CARTESIAN_POINT('Origin',(-20.,-8.125,1.));
#3816=CARTESIAN_POINT('',(-20.,-25.25,0.));
#3817=CARTESIAN_POINT('',(-21.,-25.25,1.));
#3818=CARTESIAN_POINT('Origin',(-20.,-25.25,1.));
#3819=CARTESIAN_POINT('',(-21.,-8.125,1.));
#3820=CARTESIAN_POINT('',(-20.,-8.125,0.));
#3821=CARTESIAN_POINT('Origin',(-28.16,-5.25,1.));
#3822=CARTESIAN_POINT('Origin',(-28.16,-5.25,1.));
#3823=CARTESIAN_POINT('Origin',(-10.5,-25.25,1.));
#3824=CARTESIAN_POINT('',(20.,-26.25,1.));
#3825=CARTESIAN_POINT('Origin',(20.,-25.25,1.));
#3826=CARTESIAN_POINT('',(-20.,-26.25,1.));
#3827=CARTESIAN_POINT('',(-10.5,-26.25,1.));
#3828=CARTESIAN_POINT('Origin',(-20.,-25.25,1.));
#3829=CARTESIAN_POINT('',(-10.5,-25.25,0.));
#3830=CARTESIAN_POINT('Origin',(-20.,-25.25,1.));
#3831=CARTESIAN_POINT('Origin',(-20.,-25.25,1.));
#3832=CARTESIAN_POINT('Origin',(20.,-25.25,1.));
#3833=CARTESIAN_POINT('Origin',(20.,-25.25,1.));
#3834=CARTESIAN_POINT('Origin',(-28.16,5.25,0.));
#3835=CARTESIAN_POINT('',(-29.16,5.25,7.));
#3836=CARTESIAN_POINT('',(-29.16,5.25,0.));
#3837=CARTESIAN_POINT('',(-28.16,6.25,7.));
#3838=CARTESIAN_POINT('Origin',(-28.16,5.25,7.));
#3839=CARTESIAN_POINT('',(-28.16,6.25,0.));
#3840=CARTESIAN_POINT('Origin',(-29.16,6.25,0.));
#3841=CARTESIAN_POINT('',(-29.16,-5.25,7.));
#3842=CARTESIAN_POINT('',(-29.16,-5.25,0.));
#3843=CARTESIAN_POINT('',(-29.16,-1.875,7.));
#3844=CARTESIAN_POINT('Origin',(-28.16,-5.25,0.));
#3845=CARTESIAN_POINT('',(-28.16,-6.25,7.));
#3846=CARTESIAN_POINT('',(-28.16,-6.25,0.));
#3847=CARTESIAN_POINT('Origin',(-28.16,-5.25,7.));
#3848=CARTESIAN_POINT('Origin',(-29.16,-6.25,0.));
#3849=CARTESIAN_POINT('',(-22.,-6.25,7.));
#3850=CARTESIAN_POINT('',(-22.,-6.25,0.));
#3851=CARTESIAN_POINT('',(-14.58,-6.25,7.));
#3852=CARTESIAN_POINT('Origin',(-22.,-7.25,0.));
#3853=CARTESIAN_POINT('',(-21.,-7.25,7.));
#3854=CARTESIAN_POINT('',(-21.,-7.25,0.));
#3855=CARTESIAN_POINT('Origin',(-22.,-7.25,7.));
#3856=CARTESIAN_POINT('Origin',(-21.,-6.25,0.));
#3857=CARTESIAN_POINT('',(-21.,-25.25,7.));
#3858=CARTESIAN_POINT('',(-21.,-25.25,0.));
#3859=CARTESIAN_POINT('',(-21.,-8.125,7.));
#3860=CARTESIAN_POINT('Origin',(-20.,-25.25,0.));
#3861=CARTESIAN_POINT('',(-20.,-26.25,7.));
#3862=CARTESIAN_POINT('',(-20.,-26.25,0.));
#3863=CARTESIAN_POINT('Origin',(-20.,-25.25,7.));
#3864=CARTESIAN_POINT('Origin',(-21.,-26.25,0.));
#3865=CARTESIAN_POINT('',(20.,-26.25,7.));
#3866=CARTESIAN_POINT('',(20.,-26.25,0.));
#3867=CARTESIAN_POINT('',(-10.5,-26.25,7.));
#3868=CARTESIAN_POINT('Origin',(0.,-10.,0.));
#3869=CARTESIAN_POINT('',(-1.8,-13.75,0.));
#3870=CARTESIAN_POINT('Origin',(0.,-13.75,0.));
#3871=CARTESIAN_POINT('',(19.2144029272399,3.33066907387547E-15,0.));
#3872=CARTESIAN_POINT('',(21.4372014636199,3.85,0.));
#3873=CARTESIAN_POINT('',(15.7156370498746,-6.06004026338496,0.));
#3874=CARTESIAN_POINT('',(21.4372014636199,-3.84999999999999,0.));
#3875=CARTESIAN_POINT('',(19.0209673409852,0.335040263384955,0.));
#3876=CARTESIAN_POINT('',(25.8827985363801,-3.85,0.));
#3877=CARTESIAN_POINT('',(10.8052032721884,-3.84999999999999,0.));
#3878=CARTESIAN_POINT('',(28.1055970727601,-2.22044604925031E-15,0.));
#3879=CARTESIAN_POINT('',(21.3592359312032,-11.685040263385,0.));
#3880=CARTESIAN_POINT('',(25.8827985363801,3.85,0.));
#3881=CARTESIAN_POINT('',(26.714159677937,2.41004026338494,0.));
#3882=CARTESIAN_POINT('',(12.8547967278116,3.85,0.));
#3883=CARTESIAN_POINT('',(-28.1055970727601,2.22044604925031E-15,0.));
#3884=CARTESIAN_POINT('',(-25.8827985363801,3.85,0.));
#3885=CARTESIAN_POINT('',(-25.6893629501254,4.18504026338497,0.));
#3886=CARTESIAN_POINT('',(-25.8827985363801,-3.85,0.));
#3887=CARTESIAN_POINT('',(-22.3840326590148,-9.91004026338496,0.));
#3888=CARTESIAN_POINT('',(-21.4372014636199,-3.85,0.));
#3889=CARTESIAN_POINT('',(-12.8547967278116,-3.85,0.));
#3890=CARTESIAN_POINT('',(-19.2144029272399,-3.05311331771918E-15,0.));
#3891=CARTESIAN_POINT('',(-20.0457640687968,-1.43995973661505,0.));
#3892=CARTESIAN_POINT('',(-21.4372014636199,3.85,0.));
#3893=CARTESIAN_POINT('',(-14.690840322063,-7.83504026338496,0.));
#3894=CARTESIAN_POINT('',(-10.8052032721884,3.85,0.));
#3895=CARTESIAN_POINT('Origin',(14.58,5.25,7.));
#3896=CARTESIAN_POINT('',(28.16,5.25,8.));
#3897=CARTESIAN_POINT('',(28.16,6.25,7.));
#3898=CARTESIAN_POINT('Origin',(28.16,5.25,7.));
#3899=CARTESIAN_POINT('',(14.58,6.25,7.));
#3900=CARTESIAN_POINT('',(-28.16,5.25,8.));
#3901=CARTESIAN_POINT('Origin',(-28.16,5.25,7.));
#3902=CARTESIAN_POINT('',(14.58,5.25,8.));
#3903=CARTESIAN_POINT('Origin',(28.16,-8.125,7.));
#3904=CARTESIAN_POINT('',(28.16,-5.25,8.));
#3905=CARTESIAN_POINT('',(29.16,-5.25,7.));
#3906=CARTESIAN_POINT('Origin',(28.16,-5.25,7.));
#3907=CARTESIAN_POINT('',(29.16,5.25,7.));
#3908=CARTESIAN_POINT('',(29.16,-8.125,7.));
#3909=CARTESIAN_POINT('Origin',(28.16,5.25,7.));
#3910=CARTESIAN_POINT('',(28.16,-8.125,8.));
#3911=CARTESIAN_POINT('Origin',(28.16,5.25,7.));
#3912=CARTESIAN_POINT('Origin',(28.16,5.25,7.));
#3913=CARTESIAN_POINT('Origin',(10.5,-5.25,7.));
#3914=CARTESIAN_POINT('',(22.,-5.25,8.));
#3915=CARTESIAN_POINT('',(22.,-6.25,7.));
#3916=CARTESIAN_POINT('Origin',(22.,-5.25,7.));
#3917=CARTESIAN_POINT('',(28.16,-6.25,7.));
#3918=CARTESIAN_POINT('',(10.5,-6.25,7.));
#3919=CARTESIAN_POINT('Origin',(28.16,-5.25,7.));
#3920=CARTESIAN_POINT('',(10.5,-5.25,8.));
#3921=CARTESIAN_POINT('Origin',(22.,-7.25,7.));
#3922=CARTESIAN_POINT('',(20.,-7.25,8.));
#3923=CARTESIAN_POINT('',(21.,-7.25,7.));
#3924=CARTESIAN_POINT('Origin',(20.,-7.25,7.));
#3925=CARTESIAN_POINT('Origin',(22.,-7.25,7.));
#3926=CARTESIAN_POINT('Origin',(22.,-7.25,8.));
#3927=CARTESIAN_POINT('Origin',(20.,-18.125,7.));
#3928=CARTESIAN_POINT('',(20.,-25.25,8.));
#3929=CARTESIAN_POINT('',(21.,-25.25,7.));
#3930=CARTESIAN_POINT('Origin',(20.,-25.25,7.));
#3931=CARTESIAN_POINT('',(21.,-18.125,7.));
#3932=CARTESIAN_POINT('',(20.,-18.125,8.));
#3933=CARTESIAN_POINT('Origin',(28.16,-5.25,7.));
#3934=CARTESIAN_POINT('Origin',(28.16,-5.25,7.));
#3935=CARTESIAN_POINT('Origin',(-10.5,-25.25,7.));
#3936=CARTESIAN_POINT('',(-20.,-25.25,8.));
#3937=CARTESIAN_POINT('Origin',(-20.,-25.25,7.));
#3938=CARTESIAN_POINT('Origin',(20.,-25.25,7.));
#3939=CARTESIAN_POINT('',(-10.5,-25.25,8.));
#3940=CARTESIAN_POINT('Origin',(20.,-25.25,7.));
#3941=CARTESIAN_POINT('Origin',(20.,-25.25,7.));
#3942=CARTESIAN_POINT('Origin',(-20.,-8.125,7.));
#3943=CARTESIAN_POINT('',(-20.,-7.25,8.));
#3944=CARTESIAN_POINT('Origin',(-20.,-7.25,7.));
#3945=CARTESIAN_POINT('Origin',(-20.,-25.25,7.));
#3946=CARTESIAN_POINT('',(-20.,-8.125,8.));
#3947=CARTESIAN_POINT('Origin',(-22.,-7.25,7.));
#3948=CARTESIAN_POINT('',(-22.,-5.25,8.));
#3949=CARTESIAN_POINT('Origin',(-22.,-5.25,7.));
#3950=CARTESIAN_POINT('Origin',(-22.,-7.25,8.));
#3951=CARTESIAN_POINT('Origin',(-14.58,-5.25,7.));
#3952=CARTESIAN_POINT('',(-28.16,-5.25,8.));
#3953=CARTESIAN_POINT('Origin',(-28.16,-5.25,7.));
#3954=CARTESIAN_POINT('',(-14.58,-5.25,8.));
#3955=CARTESIAN_POINT('Origin',(-20.,-25.25,7.));
#3956=CARTESIAN_POINT('Origin',(-28.16,-1.875,7.));
#3957=CARTESIAN_POINT('Origin',(-28.16,5.25,7.));
#3958=CARTESIAN_POINT('Origin',(-28.16,-5.25,7.));
#3959=CARTESIAN_POINT('',(-28.16,-1.875,8.));
#3960=CARTESIAN_POINT('Origin',(-28.16,-5.25,7.));
#3961=CARTESIAN_POINT('Origin',(-28.16,5.25,7.));
#3962=CARTESIAN_POINT('Origin',(20.,-25.25,0.));
#3963=CARTESIAN_POINT('',(21.,-25.25,0.));
#3964=CARTESIAN_POINT('Origin',(0.,-10.,8.));
#3965=CARTESIAN_POINT('',(21.51,-2.63299061816681E-16,8.));
#3966=CARTESIAN_POINT('Origin',(23.66,0.,8.));
#3967=CARTESIAN_POINT('',(-25.81,-2.63299061816681E-16,8.));
#3968=CARTESIAN_POINT('Origin',(-23.66,0.,8.));
#3969=CARTESIAN_POINT('Origin',(28.16,5.25,0.));
#3970=CARTESIAN_POINT('',(28.16,6.25,0.));
#3971=CARTESIAN_POINT('',(29.16,5.25,0.));
#3972=CARTESIAN_POINT('Origin',(29.16,6.25,0.));
#3973=CARTESIAN_POINT('Origin',(21.,-26.25,0.));
#3974=CARTESIAN_POINT('',(21.,-7.25,0.));
#3975=CARTESIAN_POINT('Origin',(22.,-7.25,0.));
#3976=CARTESIAN_POINT('',(22.,-6.25,0.));
#3977=CARTESIAN_POINT('Origin',(21.,-6.25,0.));
#3978=CARTESIAN_POINT('',(28.16,-6.25,0.));
#3979=CARTESIAN_POINT('Origin',(28.16,-5.25,0.));
#3980=CARTESIAN_POINT('',(29.16,-5.25,0.));
#3981=CARTESIAN_POINT('Origin',(29.16,-6.25,0.));
#3982=CARTESIAN_POINT('Origin',(0.,-13.75,0.15));
#3983=CARTESIAN_POINT('',(-1.5,-13.75,0.3));
#3984=CARTESIAN_POINT('',(-1.65,-13.75,0.15));
#3985=CARTESIAN_POINT('Origin',(0.,-13.75,0.3));
#3986=CARTESIAN_POINT('Origin',(0.,-13.75,0.));
#3987=CARTESIAN_POINT('',(-1.5,-13.75,6.));
#3988=CARTESIAN_POINT('',(-1.5,-13.75,0.));
#3989=CARTESIAN_POINT('Origin',(0.,-13.75,6.));
#3990=CARTESIAN_POINT('Origin',(-25.5594591395577,4.11004026338497,0.15));
#3991=CARTESIAN_POINT('',(-25.7095934556232,3.55,0.3));
#3992=CARTESIAN_POINT('',(-25.8827985363801,3.85,0.));
#3993=CARTESIAN_POINT('',(-27.7591869112464,1.11022302462516E-15,0.3));
#3994=CARTESIAN_POINT('',(-25.4295553289901,4.03504026338496,0.3));
#3995=CARTESIAN_POINT('',(-27.7591869112464,1.11022302462516E-15,0.3));
#3996=CARTESIAN_POINT('Origin',(-10.8052032721884,3.7,0.15));
#3997=CARTESIAN_POINT('',(-21.6104065443768,3.55,0.3));
#3998=CARTESIAN_POINT('',(-21.4372014636199,3.85,0.));
#3999=CARTESIAN_POINT('',(-10.8052032721884,3.55,0.3));
#4000=CARTESIAN_POINT('Origin',(-14.8207441326307,-7.91004026338496,0.15));
#4001=CARTESIAN_POINT('',(-19.5608130887537,0.,0.3));
#4002=CARTESIAN_POINT('',(-19.2144029272399,-3.33066907387547E-15,0.));
#4003=CARTESIAN_POINT('',(-14.9506479431984,-7.98504026338495,0.3));
#4004=CARTESIAN_POINT('Origin',(-20.1756678793645,-1.36495973661505,0.15));
#4005=CARTESIAN_POINT('',(-21.6104065443768,-3.55,0.3));
#4006=CARTESIAN_POINT('',(-20.3055716899321,-1.28995973661505,0.3));
#4007=CARTESIAN_POINT('',(-21.4372014636199,-3.85,0.));
#4008=CARTESIAN_POINT('Origin',(-12.8547967278116,-3.7,0.15));
#4009=CARTESIAN_POINT('',(-25.7095934556232,-3.55,0.3));
#4010=CARTESIAN_POINT('',(-12.8547967278116,-3.55,0.3));
#4011=CARTESIAN_POINT('',(-25.8827985363801,-3.85,0.));
#4012=CARTESIAN_POINT('Origin',(-22.2541288484471,-9.83504026338496,0.15));
#4013=CARTESIAN_POINT('',(-22.1242250378795,-9.76004026338496,0.3));
#4014=CARTESIAN_POINT('Origin',(-25.7095934556232,-3.55,0.));
#4015=CARTESIAN_POINT('',(-25.7095934556232,-3.55,3.5));
#4016=CARTESIAN_POINT('',(-25.7095934556232,-3.55,0.));
#4017=CARTESIAN_POINT('',(-21.6104065443768,-3.55,3.5));
#4018=CARTESIAN_POINT('',(-25.7095934556232,-3.55,3.5));
#4019=CARTESIAN_POINT('',(-21.6104065443768,-3.55,0.));
#4020=CARTESIAN_POINT('Origin',(-27.7591869112464,1.11022302462516E-15,
0.));
#4021=CARTESIAN_POINT('',(-27.7591869112464,1.11022302462516E-15,3.5));
#4022=CARTESIAN_POINT('',(-27.7591869112464,1.11022302462516E-15,0.));
#4023=CARTESIAN_POINT('',(-27.7591869112464,1.11022302462516E-15,3.5));
#4024=CARTESIAN_POINT('Origin',(-25.7095934556232,3.55,0.));
#4025=CARTESIAN_POINT('',(-25.7095934556232,3.55,3.5));
#4026=CARTESIAN_POINT('',(-25.7095934556232,3.55,0.));
#4027=CARTESIAN_POINT('',(-25.7095934556232,3.55,3.5));
#4028=CARTESIAN_POINT('Origin',(26.5842558673693,2.33504026338494,0.15));
#4029=CARTESIAN_POINT('',(27.7591869112463,-5.55111512312578E-16,0.3));
#4030=CARTESIAN_POINT('',(28.1055970727601,-2.22044604925031E-15,0.));
#4031=CARTESIAN_POINT('',(25.7095934556232,3.55,0.3));
#4032=CARTESIAN_POINT('',(26.4543520568017,2.26004026338494,0.3));
#4033=CARTESIAN_POINT('',(25.8827985363801,3.85,0.));
#4034=CARTESIAN_POINT('Origin',(21.2293321206355,-11.610040263385,0.15));
#4035=CARTESIAN_POINT('',(25.7095934556232,-3.55,0.3));
#4036=CARTESIAN_POINT('',(25.8827985363801,-3.85,0.));
#4037=CARTESIAN_POINT('',(21.0994283100679,-11.535040263385,0.3));
#4038=CARTESIAN_POINT('Origin',(10.8052032721884,-3.69999999999999,0.15));
#4039=CARTESIAN_POINT('',(21.6104065443768,-3.54999999999999,0.3));
#4040=CARTESIAN_POINT('',(21.4372014636199,-3.84999999999999,0.));
#4041=CARTESIAN_POINT('',(10.8052032721884,-3.54999999999999,0.3));
#4042=CARTESIAN_POINT('Origin',(15.8455408604423,-6.13504026338496,0.15));
#4043=CARTESIAN_POINT('',(21.6104065443768,3.55,0.3));
#4044=CARTESIAN_POINT('',(19.5608130887537,5.55111512312578E-16,0.3));
#4045=CARTESIAN_POINT('',(15.9754446710099,-6.21004026338496,0.3));
#4046=CARTESIAN_POINT('',(19.5608130887537,5.55111512312578E-16,0.3));
#4047=CARTESIAN_POINT('',(21.4372014636199,3.85,0.));
#4048=CARTESIAN_POINT('Origin',(19.1508711515529,0.410040263384955,0.15));
#4049=CARTESIAN_POINT('',(19.2807749621206,0.485040263384955,0.3));
#4050=CARTESIAN_POINT('Origin',(12.8547967278116,3.7,0.15));
#4051=CARTESIAN_POINT('',(12.8547967278116,3.55,0.3));
#4052=CARTESIAN_POINT('Origin',(21.6104065443768,-3.54999999999999,0.));
#4053=CARTESIAN_POINT('',(21.6104065443768,-3.54999999999999,3.5));
#4054=CARTESIAN_POINT('',(21.6104065443768,-3.54999999999999,0.));
#4055=CARTESIAN_POINT('',(25.7095934556232,-3.55,3.5));
#4056=CARTESIAN_POINT('',(21.6104065443768,-3.54999999999999,3.5));
#4057=CARTESIAN_POINT('',(25.7095934556232,-3.55,0.));
#4058=CARTESIAN_POINT('Origin',(19.5608130887537,5.55111512312578E-16,0.));
#4059=CARTESIAN_POINT('',(19.5608130887537,5.55111512312578E-16,3.5));
#4060=CARTESIAN_POINT('',(19.5608130887537,5.55111512312578E-16,0.));
#4061=CARTESIAN_POINT('',(19.5608130887537,5.55111512312578E-16,3.5));
#4062=CARTESIAN_POINT('Origin',(21.6104065443768,3.55,0.));
#4063=CARTESIAN_POINT('',(21.6104065443768,3.55,3.5));
#4064=CARTESIAN_POINT('',(21.6104065443768,3.55,0.));
#4065=CARTESIAN_POINT('',(21.6104065443768,3.55,3.5));
#4066=CARTESIAN_POINT('Origin',(0.,-13.75,6.));
#4067=CARTESIAN_POINT('Origin',(25.7095934556232,3.55,0.));
#4068=CARTESIAN_POINT('',(25.7095934556232,3.55,3.5));
#4069=CARTESIAN_POINT('',(25.7095934556232,3.55,0.));
#4070=CARTESIAN_POINT('',(25.7095934556232,3.55,3.5));
#4071=CARTESIAN_POINT('Origin',(27.7591869112463,-5.55111512312578E-16,
0.));
#4072=CARTESIAN_POINT('',(27.7591869112463,-5.55111512312578E-16,3.5));
#4073=CARTESIAN_POINT('',(27.7591869112463,-5.55111512312578E-16,0.));
#4074=CARTESIAN_POINT('',(27.7591869112463,-5.55111512312578E-16,3.5));
#4075=CARTESIAN_POINT('Origin',(25.7095934556232,-3.55,0.));
#4076=CARTESIAN_POINT('',(25.7095934556232,-3.55,3.5));
#4077=CARTESIAN_POINT('Origin',(23.66,0.,3.5));
#4078=CARTESIAN_POINT('',(21.51,-2.63299061816681E-16,3.5));
#4079=CARTESIAN_POINT('Origin',(23.66,0.,3.5));
#4080=CARTESIAN_POINT('Origin',(-21.6104065443768,3.55,0.));
#4081=CARTESIAN_POINT('',(-21.6104065443768,3.55,3.5));
#4082=CARTESIAN_POINT('',(-21.6104065443768,3.55,0.));
#4083=CARTESIAN_POINT('',(-21.6104065443768,3.55,3.5));
#4084=CARTESIAN_POINT('Origin',(-19.5608130887537,0.,0.));
#4085=CARTESIAN_POINT('',(-19.5608130887537,0.,3.5));
#4086=CARTESIAN_POINT('',(-19.5608130887537,0.,0.));
#4087=CARTESIAN_POINT('',(-19.5608130887537,0.,3.5));
#4088=CARTESIAN_POINT('Origin',(-21.6104065443768,-3.55,0.));
#4089=CARTESIAN_POINT('',(-21.6104065443768,-3.55,3.5));
#4090=CARTESIAN_POINT('Origin',(-23.66,1.11022302462516E-15,3.5));
#4091=CARTESIAN_POINT('',(-25.81,-2.63299061816681E-16,3.5));
#4092=CARTESIAN_POINT('Origin',(-23.66,0.,3.5));
#4093=CARTESIAN_POINT('Origin',(23.66,0.,0.));
#4094=CARTESIAN_POINT('',(21.51,-2.63299061816681E-16,0.));
#4095=CARTESIAN_POINT('Origin',(-23.66,0.,0.));
#4096=CARTESIAN_POINT('',(-25.81,-2.63299061816681E-16,0.));
#4097=CARTESIAN_POINT('',(-7.88860905221012E-30,-13.75,-2.5));
#4098=CARTESIAN_POINT('',(-23.66,4.44089209850063E-15,1.9));
#4099=CARTESIAN_POINT('',(23.66,3.99680288865056E-14,1.89999999999999));
#4100=CARTESIAN_POINT('',(28.4899999999994,1.02140518265514E-13,-24.2499999999996));
#4101=CARTESIAN_POINT('Origin',(0.,0.,0.));
#4102=UNCERTAINTY_MEASURE_WITH_UNIT(LENGTH_MEASURE(0.01),#4112,
'DISTANCE_ACCURACY_VALUE',
'Maximum model space distance between geometric entities at asserted c
onnectivities');
#4103=UNCERTAINTY_MEASURE_WITH_UNIT(LENGTH_MEASURE(0.01),#4112,
'DISTANCE_ACCURACY_VALUE',
'Maximum model space distance between geometric entities at asserted c
onnectivities');
#4104=UNCERTAINTY_MEASURE_WITH_UNIT(LENGTH_MEASURE(0.01),#4112,
'DISTANCE_ACCURACY_VALUE',
'Maximum model space distance between geometric entities at asserted c
onnectivities');
#4105=UNCERTAINTY_MEASURE_WITH_UNIT(LENGTH_MEASURE(0.01),#4112,
'DISTANCE_ACCURACY_VALUE',
'Maximum model space distance between geometric entities at asserted c
onnectivities');
#4106=UNCERTAINTY_MEASURE_WITH_UNIT(LENGTH_MEASURE(0.01),#4112,
'DISTANCE_ACCURACY_VALUE',
'Maximum model space distance between geometric entities at asserted c
onnectivities');
#4107=(
GEOMETRIC_REPRESENTATION_CONTEXT(3)
GLOBAL_UNCERTAINTY_ASSIGNED_CONTEXT((#4102))
GLOBAL_UNIT_ASSIGNED_CONTEXT((#4112,#4114,#4115))
REPRESENTATION_CONTEXT('','3D')
);
#4108=(
GEOMETRIC_REPRESENTATION_CONTEXT(3)
GLOBAL_UNCERTAINTY_ASSIGNED_CONTEXT((#4103))
GLOBAL_UNIT_ASSIGNED_CONTEXT((#4112,#4114,#4115))
REPRESENTATION_CONTEXT('','3D')
);
#4109=(
GEOMETRIC_REPRESENTATION_CONTEXT(3)
GLOBAL_UNCERTAINTY_ASSIGNED_CONTEXT((#4104))
GLOBAL_UNIT_ASSIGNED_CONTEXT((#4112,#4114,#4115))
REPRESENTATION_CONTEXT('','3D')
);
#4110=(
GEOMETRIC_REPRESENTATION_CONTEXT(3)
GLOBAL_UNCERTAINTY_ASSIGNED_CONTEXT((#4105))
GLOBAL_UNIT_ASSIGNED_CONTEXT((#4112,#4114,#4115))
REPRESENTATION_CONTEXT('','3D')
);
#4111=(
GEOMETRIC_REPRESENTATION_CONTEXT(3)
GLOBAL_UNCERTAINTY_ASSIGNED_CONTEXT((#4106))
GLOBAL_UNIT_ASSIGNED_CONTEXT((#4112,#4114,#4115))
REPRESENTATION_CONTEXT('','3D')
);
#4112=(
LENGTH_UNIT()
NAMED_UNIT(*)
SI_UNIT(.MILLI.,.METRE.)
);
#4113=(
LENGTH_UNIT()
NAMED_UNIT(*)
SI_UNIT($,.METRE.)
);
#4114=(
NAMED_UNIT(*)
PLANE_ANGLE_UNIT()
SI_UNIT($,.RADIAN.)
);
#4115=(
NAMED_UNIT(*)
SI_UNIT($,.STERADIAN.)
SOLID_ANGLE_UNIT()
);
#4116=SHAPE_DEFINITION_REPRESENTATION(#4120,#4128);
#4117=SHAPE_DEFINITION_REPRESENTATION(#4121,#4129);
#4118=SHAPE_DEFINITION_REPRESENTATION(#4122,#4130);
#4119=SHAPE_DEFINITION_REPRESENTATION(#4123,#4131);
#4120=PRODUCT_DEFINITION_SHAPE('',$,#4133);
#4121=PRODUCT_DEFINITION_SHAPE('',$,#4134);
#4122=PRODUCT_DEFINITION_SHAPE('',$,#4135);
#4123=PRODUCT_DEFINITION_SHAPE('',$,#4136);
#4124=PRODUCT_DEFINITION_SHAPE($,$,#26);
#4125=PRODUCT_DEFINITION_SHAPE($,$,#27);
#4126=PRODUCT_DEFINITION_SHAPE($,$,#28);
#4127=PRODUCT_DEFINITION_SHAPE($,$,#29);
#4128=SHAPE_REPRESENTATION('',(#1827,#2013),#4107);
#4129=SHAPE_REPRESENTATION('',(#1828,#2010,#2011,#2012),#4108);
#4130=SHAPE_REPRESENTATION('',(#1829),#4109);
#4131=SHAPE_REPRESENTATION('',(#1838),#4110);
#4132=PRODUCT_DEFINITION_CONTEXT('part definition',#4146,'design');
#4133=PRODUCT_DEFINITION('2026-10-01-13-35-01-192',
'motor tensioning plate',#4137,#4132);
#4134=PRODUCT_DEFINITION('modified motor tensioning plate_locating pin',
'modified motor tensioning plate_locating pin',#4138,#4132);
#4135=PRODUCT_DEFINITION('91595A116_Dowel Pin','91595A116_Dowel Pin',#4139,
#4132);
#4136=PRODUCT_DEFINITION('90591A255_Zinc-Plated Steel Hex Nut',
'90591A255_Zinc-Plated Steel Hex Nut',#4140,#4132);
#4137=PRODUCT_DEFINITION_FORMATION('',$,#4148);
#4138=PRODUCT_DEFINITION_FORMATION('',$,#4149);
#4139=PRODUCT_DEFINITION_FORMATION('',$,#4150);
#4140=PRODUCT_DEFINITION_FORMATION('',$,#4151);
#4141=PRODUCT_RELATED_PRODUCT_CATEGORY('motor tensioning plate',
'motor tensioning plate',(#4148));
#4142=PRODUCT_RELATED_PRODUCT_CATEGORY(
'modified motor tensioning plate_locating pin',
'modified motor tensioning plate_locating pin',(#4149));
#4143=PRODUCT_RELATED_PRODUCT_CATEGORY('91595A116_Dowel Pin',
'91595A116_Dowel Pin',(#4150));
#4144=PRODUCT_RELATED_PRODUCT_CATEGORY(
'90591A255_Zinc-Plated Steel Hex Nut',
'90591A255_Zinc-Plated Steel Hex Nut',(#4151));
#4145=APPLICATION_PROTOCOL_DEFINITION('international standard',
'automotive_design',2009,#4146);
#4146=APPLICATION_CONTEXT(
'Core Data for Automotive Mechanical Design Process');
#4147=PRODUCT_CONTEXT('part definition',#4146,'mechanical');
#4148=PRODUCT('2026-10-01-13-35-01-192','motor tensioning plate',$,(#4147));
#4149=PRODUCT('modified motor tensioning plate_locating pin',
'modified motor tensioning plate_locating pin',$,(#4147));
#4150=PRODUCT('91595A116_Dowel Pin','91595A116_Dowel Pin',$,(#4147));
#4151=PRODUCT('90591A255_Zinc-Plated Steel Hex Nut',
'90591A255_Zinc-Plated Steel Hex Nut','STEP AP203',(#4147));
#4152=PRESENTATION_STYLE_ASSIGNMENT((#4155));
#4153=PRESENTATION_STYLE_ASSIGNMENT((#4156));
#4154=PRESENTATION_STYLE_ASSIGNMENT((NULL_STYLE(.NULL.)));
#4155=SURFACE_STYLE_USAGE(.BOTH.,#4157);
#4156=SURFACE_STYLE_USAGE(.BOTH.,#4158);
#4157=SURFACE_SIDE_STYLE('',(#4159));
#4158=SURFACE_SIDE_STYLE('',(#4160));
#4159=SURFACE_STYLE_FILL_AREA(#4161);
#4160=SURFACE_STYLE_FILL_AREA(#4162);
#4161=FILL_AREA_STYLE('Aluminum - Satin',(#4163));
#4162=FILL_AREA_STYLE(
'EPX 150 - Air Baked (with Carbon M2 M3 L1 3D Printers)',(#4164));
#4163=FILL_AREA_STYLE_COLOUR('Aluminum - Satin',#4165);
#4164=FILL_AREA_STYLE_COLOUR(
'EPX 150 - Air Baked (with Carbon M2 M3 L1 3D Printers)',#4166);
#4165=COLOUR_RGB('Aluminum - Satin',0.96078431372549,0.96078431372549,0.964705882352941);
#4166=COLOUR_RGB(
'EPX 150 - Air Baked (with Carbon M2 M3 L1 3D Printers)',0.247058823529412,
0.247058823529412,0.247058823529412);
ENDSEC;
END-ISO-10303-21;
