ISO-10303-21;
HEADER;
/* Generated by software containing ST-Developer
 * from STEP Tools, Inc. (www.steptools.com) 
 */

FILE_DESCRIPTION(
/* description */ (''),
/* implementation_level */ '2;1');

FILE_NAME(
/* name */ 
'100mm  x 15 mm square petri dish magnetic fastener_8mm magnet.step',
/* time_stamp */ '2026-10-03T15:23:57-05:00',
/* author */ (''),
/* organization */ (''),
/* preprocessor_version */ 'ST-DEVELOPER v20.1',
/* originating_system */ 'Autodesk Translation Framework v15.8.0.0',
/* authorisation */ '');

FILE_SCHEMA (('AUTOMOTIVE_DESIGN { 1 0 10303 214 3 1 1 }'));
ENDSEC;

DATA;
#10=MECHANICAL_DESIGN_GEOMETRIC_PRESENTATION_REPRESENTATION('',(#164,#165,
#166,#167),#7995);
#11=ITEM_DEFINED_TRANSFORMATION($,$,#4253,#4804);
#12=ITEM_DEFINED_TRANSFORMATION($,$,#4289,#4805);
#13=ITEM_DEFINED_TRANSFORMATION($,$,#4751,#4806);
#14=ITEM_DEFINED_TRANSFORMATION($,$,#4751,#4807);
#15=(
REPRESENTATION_RELATIONSHIP($,$,#8013,#8012)
REPRESENTATION_RELATIONSHIP_WITH_TRANSFORMATION(#11)
SHAPE_REPRESENTATION_RELATIONSHIP()
);
#16=(
REPRESENTATION_RELATIONSHIP($,$,#8014,#8012)
REPRESENTATION_RELATIONSHIP_WITH_TRANSFORMATION(#12)
SHAPE_REPRESENTATION_RELATIONSHIP()
);
#17=(
REPRESENTATION_RELATIONSHIP($,$,#8015,#8012)
REPRESENTATION_RELATIONSHIP_WITH_TRANSFORMATION(#13)
SHAPE_REPRESENTATION_RELATIONSHIP()
);
#18=(
REPRESENTATION_RELATIONSHIP($,$,#8015,#8012)
REPRESENTATION_RELATIONSHIP_WITH_TRANSFORMATION(#14)
SHAPE_REPRESENTATION_RELATIONSHIP()
);
#19=CONTEXT_DEPENDENT_SHAPE_REPRESENTATION(#15,#8008);
#20=CONTEXT_DEPENDENT_SHAPE_REPRESENTATION(#16,#8009);
#21=CONTEXT_DEPENDENT_SHAPE_REPRESENTATION(#17,#8010);
#22=CONTEXT_DEPENDENT_SHAPE_REPRESENTATION(#18,#8011);
#23=NEXT_ASSEMBLY_USAGE_OCCURRENCE('lid:1','lid:1','lid:1',#8017,#8018,
'lid:1');
#24=NEXT_ASSEMBLY_USAGE_OCCURRENCE('plate holder:1','plate holder:1',
'plate holder:1',#8017,#8019,'plate holder:1');
#25=NEXT_ASSEMBLY_USAGE_OCCURRENCE(
'RadialMagnets_9406_disc_8x3mm_N35:1',
'RadialMagnets_9406_disc_8x3mm_N35:1',
'RadialMagnets_9406_disc_8x3mm_N35:1',#8017,#8020,
'RadialMagnets_9406_disc_8x3mm_N35:1');
#26=NEXT_ASSEMBLY_USAGE_OCCURRENCE(
'RadialMagnets_9406_disc_8x3mm_N35:2',
'RadialMagnets_9406_disc_8x3mm_N35:2',
'RadialMagnets_9406_disc_8x3mm_N35:2',#8017,#8020,
'RadialMagnets_9406_disc_8x3mm_N35:2');
#27=(
BOUNDED_SURFACE()
B_SPLINE_SURFACE(2,2,((#7468,#7469,#7470),(#7471,#7472,#7473),(#7474,#7475,
#7476)),.UNSPECIFIED.,.F.,.F.,.F.)
B_SPLINE_SURFACE_WITH_KNOTS((3,3),(3,3),(-1.5707963267949,0.),(-3.14159265358979,
-1.5707963267949),.UNSPECIFIED.)
GEOMETRIC_REPRESENTATION_ITEM()
RATIONAL_B_SPLINE_SURFACE(((1.,0.707106781186548,1.),(0.707106781186552,
0.500000000000003,0.707106781186552),(1.,0.707106781186548,1.)))
REPRESENTATION_ITEM('')
SURFACE()
);
#28=(
BOUNDED_SURFACE()
B_SPLINE_SURFACE(2,2,((#7512,#7513,#7514),(#7515,#7516,#7517),(#7518,#7519,
#7520)),.UNSPECIFIED.,.F.,.F.,.F.)
B_SPLINE_SURFACE_WITH_KNOTS((3,3),(3,3),(-1.5707963267949,0.),(-1.5707963267949,
4.44089209850064E-15),.UNSPECIFIED.)
GEOMETRIC_REPRESENTATION_ITEM()
RATIONAL_B_SPLINE_SURFACE(((1.,0.707106781186546,1.),(0.70710678118655,
0.500000000000001,0.70710678118655),(1.,0.707106781186546,1.)))
REPRESENTATION_ITEM('')
SURFACE()
);
#29=(
BOUNDED_SURFACE()
B_SPLINE_SURFACE(2,2,((#7772,#7773,#7774),(#7775,#7776,#7777),(#7778,#7779,
#7780)),.UNSPECIFIED.,.F.,.F.,.F.)
B_SPLINE_SURFACE_WITH_KNOTS((3,3),(3,3),(-1.5707963267949,0.),(-1.5707963267949,
0.),.UNSPECIFIED.)
GEOMETRIC_REPRESENTATION_ITEM()
RATIONAL_B_SPLINE_SURFACE(((1.,0.707106781186548,1.),(0.70710678118655,
0.500000000000002,0.70710678118655),(1.,0.707106781186548,1.)))
REPRESENTATION_ITEM('')
SURFACE()
);
#30=(
BOUNDED_SURFACE()
B_SPLINE_SURFACE(2,2,((#7804,#7805,#7806),(#7807,#7808,#7809),(#7810,#7811,
#7812)),.UNSPECIFIED.,.F.,.F.,.F.)
B_SPLINE_SURFACE_WITH_KNOTS((3,3),(3,3),(-1.5707963267949,0.),(-3.14159265358979,
-1.5707963267949),.UNSPECIFIED.)
GEOMETRIC_REPRESENTATION_ITEM()
RATIONAL_B_SPLINE_SURFACE(((1.,0.707106781186547,1.),(0.70710678118655,
0.500000000000001,0.70710678118655),(1.,0.707106781186547,1.)))
REPRESENTATION_ITEM('')
SURFACE()
);
#31=ELLIPSE('',#4415,1.11803398874989,0.5);
#32=ELLIPSE('',#4416,1.11803398874989,0.5);
#33=ELLIPSE('',#4420,1.12644104172775,1.);
#34=ELLIPSE('',#4421,0.720325912687239,0.5);
#35=ELLIPSE('',#4454,1.12644104172793,1.);
#36=ELLIPSE('',#4478,0.707106781186548,0.5);
#37=TOROIDAL_SURFACE('',#4316,12.,0.5);
#38=TOROIDAL_SURFACE('',#4325,0.999999999999996,0.499999999999998);
#39=TOROIDAL_SURFACE('',#4331,1.00000000000001,0.5);
#40=TOROIDAL_SURFACE('',#4353,12.,0.5);
#41=TOROIDAL_SURFACE('',#4360,0.999999999999996,0.499999999999998);
#42=TOROIDAL_SURFACE('',#4371,23.25,0.5);
#43=TOROIDAL_SURFACE('',#4377,23.25,0.5);
#44=TOROIDAL_SURFACE('',#4386,13.,0.5);
#45=TOROIDAL_SURFACE('',#4396,23.25,0.5);
#46=TOROIDAL_SURFACE('',#4402,23.25,0.5);
#47=TOROIDAL_SURFACE('',#4441,13.,0.5);
#48=TOROIDAL_SURFACE('',#4447,6.5,0.5);
#49=TOROIDAL_SURFACE('',#4456,0.999999999999996,0.499999999999998);
#50=TOROIDAL_SURFACE('',#4470,1.,0.500000000000007);
#51=TOROIDAL_SURFACE('',#4483,1.,0.5);
#52=TOROIDAL_SURFACE('',#4495,0.999999999999999,0.499999999999998);
#53=TOROIDAL_SURFACE('',#4508,23.25,0.5);
#54=TOROIDAL_SURFACE('',#4514,23.25,0.5);
#55=TOROIDAL_SURFACE('',#4522,1.,0.499999999999989);
#56=TOROIDAL_SURFACE('',#4531,1.,0.5);
#57=TOROIDAL_SURFACE('',#4543,1.,0.5);
#58=TOROIDAL_SURFACE('',#4550,1.,0.500000000000001);
#59=TOROIDAL_SURFACE('',#4555,1.,0.499999999999998);
#60=TOROIDAL_SURFACE('',#4572,23.25,0.5);
#61=TOROIDAL_SURFACE('',#4577,23.25,0.5);
#62=TOROIDAL_SURFACE('',#4589,6.75,0.5);
#63=TOROIDAL_SURFACE('',#4595,6.75,0.5);
#64=TOROIDAL_SURFACE('',#4627,13.,0.5);
#65=TOROIDAL_SURFACE('',#4630,6.5,0.5);
#66=TOROIDAL_SURFACE('',#4633,6.5,0.5);
#67=TOROIDAL_SURFACE('',#4639,6.5,0.5);
#68=TOROIDAL_SURFACE('',#4642,6.5,0.5);
#69=TOROIDAL_SURFACE('',#4646,13.,0.5);
#70=TOROIDAL_SURFACE('',#4652,1.,0.5);
#71=TOROIDAL_SURFACE('',#4693,6.5,0.5);
#72=TOROIDAL_SURFACE('',#4697,6.5,0.5);
#73=TOROIDAL_SURFACE('',#4703,6.5,0.5);
#74=TOROIDAL_SURFACE('',#4710,0.999999999999996,0.5);
#75=TOROIDAL_SURFACE('',#4713,1.,0.5);
#76=TOROIDAL_SURFACE('',#4722,6.75,0.5);
#77=TOROIDAL_SURFACE('',#4727,6.75,0.5);
#78=SPHERICAL_SURFACE('',#4310,0.5);
#79=SPHERICAL_SURFACE('',#4322,0.5);
#80=SPHERICAL_SURFACE('',#4338,0.5);
#81=SPHERICAL_SURFACE('',#4342,0.5);
#82=SPHERICAL_SURFACE('',#4347,0.5);
#83=SPHERICAL_SURFACE('',#4417,0.5);
#84=SPHERICAL_SURFACE('',#4462,0.499999999999998);
#85=SPHERICAL_SURFACE('',#4466,0.500000000000007);
#86=SPHERICAL_SURFACE('',#4479,0.499999999999998);
#87=SPHERICAL_SURFACE('',#4486,0.499999999999998);
#88=SPHERICAL_SURFACE('',#4491,0.500000000000001);
#89=SPHERICAL_SURFACE('',#4502,0.499999999999998);
#90=SPHERICAL_SURFACE('',#4518,0.499999999999989);
#91=SPHERICAL_SURFACE('',#4526,0.500000000000001);
#92=SPHERICAL_SURFACE('',#4537,0.499999999999998);
#93=SPHERICAL_SURFACE('',#4560,0.500000000000003);
#94=SPHERICAL_SURFACE('',#4565,0.499999999999998);
#95=SPHERICAL_SURFACE('',#4613,0.5);
#96=SPHERICAL_SURFACE('',#4622,0.5);
#97=B_SPLINE_SURFACE_WITH_KNOTS('',3,3,((#6362,#6363,#6364,#6365),(#6366,
#6367,#6368,#6369),(#6370,#6371,#6372,#6373),(#6374,#6375,#6376,#6377)),
 .UNSPECIFIED.,.F.,.F.,.F.,(4,4),(4,4),(0.,1.),(0.,0.0131557991262542),
 .UNSPECIFIED.);
#98=B_SPLINE_SURFACE_WITH_KNOTS('',3,3,((#6442,#6443,#6444,#6445,#6446),
(#6447,#6448,#6449,#6450,#6451),(#6452,#6453,#6454,#6455,#6456),(#6457,
#6458,#6459,#6460,#6461),(#6462,#6463,#6464,#6465,#6466),(#6467,#6468,#6469,
#6470,#6471)),.UNSPECIFIED.,.F.,.F.,.F.,(4,1,1,4),(4,1,4),(0.,0.285714285714286,
0.571428571428571,1.),(0.,0.0689834501791868,0.160961383751436),
 .UNSPECIFIED.);
#99=B_SPLINE_SURFACE_WITH_KNOTS('',3,3,((#6527,#6528,#6529,#6530,#6531),
(#6532,#6533,#6534,#6535,#6536),(#6537,#6538,#6539,#6540,#6541),(#6542,
#6543,#6544,#6545,#6546),(#6547,#6548,#6549,#6550,#6551),(#6552,#6553,#6554,
#6555,#6556)),.UNSPECIFIED.,.F.,.F.,.F.,(4,1,1,4),(4,1,4),(0.,0.285714285714286,
0.571428571428571,1.),(1.77209184323366E-16,0.0689821520095397,0.160958354688926),
 .UNSPECIFIED.);
#100=B_SPLINE_SURFACE_WITH_KNOTS('',3,3,((#6585,#6586,#6587,#6588,#6589),
(#6590,#6591,#6592,#6593,#6594),(#6595,#6596,#6597,#6598,#6599),(#6600,
#6601,#6602,#6603,#6604),(#6605,#6606,#6607,#6608,#6609),(#6610,#6611,#6612,
#6613,#6614)),.UNSPECIFIED.,.F.,.F.,.F.,(4,1,1,4),(4,1,4),(0.,0.285714285714286,
0.571428571428571,1.),(3.92284888783344E-16,0.0919779489483944,0.16096141065969),
 .UNSPECIFIED.);
#101=B_SPLINE_SURFACE_WITH_KNOTS('',3,3,((#6637,#6638,#6639,#6640,#6641,
#6642),(#6643,#6644,#6645,#6646,#6647,#6648),(#6649,#6650,#6651,#6652,#6653,
#6654),(#6655,#6656,#6657,#6658,#6659,#6660),(#6661,#6662,#6663,#6664,#6665,
#6666),(#6667,#6668,#6669,#6670,#6671,#6672)),.UNSPECIFIED.,.F.,.F.,.F.,
(4,1,1,4),(4,1,1,4),(0.,0.285714285714286,0.571428571428571,1.),(0.,0.068982472202816,
0.114970787004693,0.160959101806571),.UNSPECIFIED.);
#102=B_SPLINE_SURFACE_WITH_KNOTS('',3,3,((#6703,#6704,#6705,#6706,#6707,
#6708),(#6709,#6710,#6711,#6712,#6713,#6714),(#6715,#6716,#6717,#6718,#6719,
#6720),(#6721,#6722,#6723,#6724,#6725,#6726),(#6727,#6728,#6729,#6730,#6731,
#6732)),.UNSPECIFIED.,.F.,.F.,.F.,(4,1,4),(4,1,1,4),(0.,0.5,1.),(0.,0.0386789950167604,
0.0773579900335208,0.180501976744882),.UNSPECIFIED.);
#103=B_SPLINE_SURFACE_WITH_KNOTS('',3,3,((#6751,#6752,#6753,#6754),(#6755,
#6756,#6757,#6758),(#6759,#6760,#6761,#6762),(#6763,#6764,#6765,#6766),
(#6767,#6768,#6769,#6770)),.UNSPECIFIED.,.F.,.F.,.F.,(4,1,4),(4,4),(0.,
0.5,1.),(0.581860925459515,0.70901374959297),.UNSPECIFIED.);
#104=B_SPLINE_SURFACE_WITH_KNOTS('',3,3,((#6797,#6798,#6799,#6800,#6801),
(#6802,#6803,#6804,#6805,#6806),(#6807,#6808,#6809,#6810,#6811),(#6812,
#6813,#6814,#6815,#6816)),.UNSPECIFIED.,.F.,.F.,.F.,(4,4),(4,1,4),(0.,1.),
(0.,0.0226538535373492,0.0528589915871481),.UNSPECIFIED.);
#105=B_SPLINE_SURFACE_WITH_KNOTS('',3,3,((#6857,#6858,#6859,#6860),(#6861,
#6862,#6863,#6864),(#6865,#6866,#6867,#6868),(#6869,#6870,#6871,#6872),
(#6873,#6874,#6875,#6876)),.UNSPECIFIED.,.F.,.F.,.F.,(4,1,4),(4,4),(0.,
0.5,1.),(1.12666901746686E-31,0.0869642657140663),.UNSPECIFIED.);
#106=B_SPLINE_SURFACE_WITH_KNOTS('',3,3,((#6888,#6889,#6890,#6891,#6892,
#6893),(#6894,#6895,#6896,#6897,#6898,#6899),(#6900,#6901,#6902,#6903,#6904,
#6905),(#6906,#6907,#6908,#6909,#6910,#6911)),.UNSPECIFIED.,.F.,.F.,.F.,
(4,4),(4,2,4),(0.,1.),(-0.000534046124762688,0.,0.111844986490282),
 .UNSPECIFIED.);
#107=B_SPLINE_SURFACE_WITH_KNOTS('',3,3,((#6969,#6970,#6971,#6972,#6973,
#6974),(#6975,#6976,#6977,#6978,#6979,#6980),(#6981,#6982,#6983,#6984,#6985,
#6986),(#6987,#6988,#6989,#6990,#6991,#6992),(#6993,#6994,#6995,#6996,#6997,
#6998)),.UNSPECIFIED.,.F.,.F.,.F.,(4,1,4),(4,1,1,4),(0.,0.5,1.),(-1.5707963267949,
-0.897597901025655,-0.448798950512827,2.79359286514042E-16),
 .UNSPECIFIED.);
#108=B_SPLINE_SURFACE_WITH_KNOTS('',3,3,((#7004,#7005,#7006,#7007),(#7008,
#7009,#7010,#7011),(#7012,#7013,#7014,#7015),(#7016,#7017,#7018,#7019),
(#7020,#7021,#7022,#7023)),.UNSPECIFIED.,.F.,.F.,.F.,(4,1,4),(4,4),(0.,
0.5,1.),(-1.5707963267949,-1.46661677246957),.UNSPECIFIED.);
#109=B_SPLINE_SURFACE_WITH_KNOTS('',3,3,((#7029,#7030,#7031,#7032,#7033),
(#7034,#7035,#7036,#7037,#7038),(#7039,#7040,#7041,#7042,#7043),(#7044,
#7045,#7046,#7047,#7048),(#7049,#7050,#7051,#7052,#7053)),.UNSPECIFIED.,
 .F.,.F.,.F.,(4,1,4),(4,1,4),(0.,0.5,1.),(0.,0.0311264317458609,0.0726283407403422),
 .UNSPECIFIED.);
#110=B_SPLINE_SURFACE_WITH_KNOTS('',3,3,((#7064,#7065,#7066,#7067,#7068,
#7069),(#7070,#7071,#7072,#7073,#7074,#7075),(#7076,#7077,#7078,#7079,#7080,
#7081),(#7082,#7083,#7084,#7085,#7086,#7087)),.UNSPECIFIED.,.F.,.F.,.F.,
(4,4),(4,2,4),(0.,1.),(-0.297141664553486,-0.295849319147203,-0.00282929057270101),
 .UNSPECIFIED.);
#111=B_SPLINE_SURFACE_WITH_KNOTS('',3,3,((#7104,#7105,#7106,#7107),(#7108,
#7109,#7110,#7111),(#7112,#7113,#7114,#7115),(#7116,#7117,#7118,#7119)),
 .UNSPECIFIED.,.F.,.F.,.F.,(4,4),(4,4),(0.,1.),(1.14431376509669E-14,0.0028286644975288),
 .UNSPECIFIED.);
#112=B_SPLINE_SURFACE_WITH_KNOTS('',3,3,((#7205,#7206,#7207,#7208),(#7209,
#7210,#7211,#7212),(#7213,#7214,#7215,#7216),(#7217,#7218,#7219,#7220)),
 .UNSPECIFIED.,.F.,.F.,.F.,(4,4),(4,4),(0.671157061454637,1.),(-1.57079632679492,
-1.46136270662834),.UNSPECIFIED.);
#113=B_SPLINE_CURVE_WITH_KNOTS('',3,(#6307,#6308,#6309,#6310,#6311,#6312),
 .UNSPECIFIED.,.F.,.F.,(4,2,4),(0.401265290098963,0.495699786406184,0.590134282713405),
 .UNSPECIFIED.);
#114=B_SPLINE_CURVE_WITH_KNOTS('',3,(#6336,#6337,#6338,#6339,#6340,#6341),
 .UNSPECIFIED.,.F.,.F.,(4,2,4),(0.401265290098297,0.49569978640469,0.590134282711082),
 .UNSPECIFIED.);
#115=B_SPLINE_CURVE_WITH_KNOTS('',3,(#6382,#6383,#6384,#6385),
 .UNSPECIFIED.,.F.,.F.,(4,4),(-0.0131557991262542,0.),.UNSPECIFIED.);
#116=B_SPLINE_CURVE_WITH_KNOTS('',3,(#6388,#6389,#6390,#6391),
 .UNSPECIFIED.,.F.,.F.,(4,4),(0.,0.0131557991262542),.UNSPECIFIED.);
#117=B_SPLINE_CURVE_WITH_KNOTS('',3,(#6474,#6475,#6476,#6477,#6478),
 .UNSPECIFIED.,.F.,.F.,(4,1,4),(0.,0.0689834501791868,0.160961383751436),
 .UNSPECIFIED.);
#118=B_SPLINE_CURVE_WITH_KNOTS('',3,(#6482,#6483,#6484,#6485,#6486),
 .UNSPECIFIED.,.F.,.F.,(4,1,4),(-0.160961383751436,-0.0689834501791868,
0.),.UNSPECIFIED.);
#119=B_SPLINE_CURVE_WITH_KNOTS('',3,(#6559,#6560,#6561,#6562,#6563),
 .UNSPECIFIED.,.F.,.F.,(4,1,4),(1.77209184323366E-16,0.0689821520095397,
0.160958354688926),.UNSPECIFIED.);
#120=B_SPLINE_CURVE_WITH_KNOTS('',3,(#6567,#6568,#6569,#6570,#6571),
 .UNSPECIFIED.,.F.,.F.,(4,1,4),(-0.160958354688926,-0.0689821520095397,
-1.77209184323366E-16),.UNSPECIFIED.);
#121=B_SPLINE_CURVE_WITH_KNOTS('',3,(#6617,#6618,#6619,#6620,#6621),
 .UNSPECIFIED.,.F.,.F.,(4,1,4),(3.92284888783344E-16,0.0919779489483944,
0.16096141065969),.UNSPECIFIED.);
#122=B_SPLINE_CURVE_WITH_KNOTS('',3,(#6625,#6626,#6627,#6628,#6629),
 .UNSPECIFIED.,.F.,.F.,(4,1,4),(-0.16096141065969,-0.0919779489483944,-3.92284888783344E-16),
 .UNSPECIFIED.);
#123=B_SPLINE_CURVE_WITH_KNOTS('',3,(#6674,#6675,#6676,#6677,#6678,#6679),
 .UNSPECIFIED.,.F.,.F.,(4,1,1,4),(-0.160959101806571,-0.114970787004693,
-0.068982472202816,0.),.UNSPECIFIED.);
#124=B_SPLINE_CURVE_WITH_KNOTS('',3,(#6682,#6683,#6684,#6685,#6686,#6687),
 .UNSPECIFIED.,.F.,.F.,(4,1,1,4),(0.,0.068982472202816,0.114970787004693,
0.160959101806571),.UNSPECIFIED.);
#125=B_SPLINE_CURVE_WITH_KNOTS('',3,(#6735,#6736,#6737,#6738,#6739,#6740),
 .UNSPECIFIED.,.F.,.F.,(4,1,1,4),(-0.180501976744882,-0.0773579900335208,
-0.0386789950167604,0.),.UNSPECIFIED.);
#126=B_SPLINE_CURVE_WITH_KNOTS('',3,(#6744,#6745,#6746,#6747,#6748,#6749),
 .UNSPECIFIED.,.F.,.F.,(4,1,1,4),(0.,0.0386789950167604,0.0773579900335208,
0.180501976744882),.UNSPECIFIED.);
#127=B_SPLINE_CURVE_WITH_KNOTS('',3,(#6773,#6774,#6775,#6776,#6777,#6778,
#6779,#6780),.UNSPECIFIED.,.F.,.F.,(4,2,2,4),(-0.000891011189182585,0.,
0.0684240401513251,0.103168896454577),.UNSPECIFIED.);
#128=B_SPLINE_CURVE_WITH_KNOTS('',3,(#6782,#6783,#6784,#6785),
 .UNSPECIFIED.,.F.,.F.,(4,4),(0.581860925459515,0.70901374959297),
 .UNSPECIFIED.);
#129=B_SPLINE_CURVE_WITH_KNOTS('',3,(#6789,#6790,#6791,#6792),
 .UNSPECIFIED.,.F.,.F.,(4,4),(-0.70901374959297,-0.707378404403461),
 .UNSPECIFIED.);
#130=B_SPLINE_CURVE_WITH_KNOTS('',3,(#6793,#6794,#6795,#6796),
 .UNSPECIFIED.,.F.,.F.,(4,4),(0.187929070928775,0.217746718616706),
 .UNSPECIFIED.);
#131=B_SPLINE_CURVE_WITH_KNOTS('',3,(#6820,#6821,#6822,#6823,#6824),
 .UNSPECIFIED.,.F.,.F.,(4,1,4),(-0.0528589915871481,-0.0226538535373492,
0.),.UNSPECIFIED.);
#132=B_SPLINE_CURVE_WITH_KNOTS('',3,(#6825,#6826,#6827,#6828,#6829),
 .UNSPECIFIED.,.F.,.F.,(4,1,4),(0.,0.0226538535373492,0.0528589915871481),
 .UNSPECIFIED.);
#133=B_SPLINE_CURVE_WITH_KNOTS('',3,(#6880,#6881,#6882,#6883),
 .UNSPECIFIED.,.F.,.F.,(4,4),(-0.0869642657140663,-1.12666901746686E-31),
 .UNSPECIFIED.);
#134=B_SPLINE_CURVE_WITH_KNOTS('',3,(#6884,#6885,#6886,#6887),
 .UNSPECIFIED.,.F.,.F.,(4,4),(1.12666901746686E-31,0.0869642657140663),
 .UNSPECIFIED.);
#135=B_SPLINE_CURVE_WITH_KNOTS('',3,(#6913,#6914,#6915,#6916,#6917,#6918),
 .UNSPECIFIED.,.F.,.F.,(4,2,4),(-0.111844986490282,0.,0.000534046124762688),
 .UNSPECIFIED.);
#136=B_SPLINE_CURVE_WITH_KNOTS('',3,(#6919,#6920,#6921,#6922,#6923,#6924),
 .UNSPECIFIED.,.F.,.F.,(4,2,4),(-0.000534046124762688,0.,0.111844986490282),
 .UNSPECIFIED.);
#137=B_SPLINE_CURVE_WITH_KNOTS('',3,(#7054,#7055,#7056,#7057,#7058),
 .UNSPECIFIED.,.F.,.F.,(4,1,4),(-0.0726283407403422,-0.0311264317458609,
0.),.UNSPECIFIED.);
#138=B_SPLINE_CURVE_WITH_KNOTS('',3,(#7059,#7060,#7061,#7062,#7063),
 .UNSPECIFIED.,.F.,.F.,(4,1,4),(0.,0.0311264317458609,0.0726283407403422),
 .UNSPECIFIED.);
#139=B_SPLINE_CURVE_WITH_KNOTS('',3,(#7092,#7093,#7094,#7095,#7096,#7097),
 .UNSPECIFIED.,.F.,.F.,(4,2,4),(0.00282929057270101,0.295849319147203,0.297141664553486),
 .UNSPECIFIED.);
#140=B_SPLINE_CURVE_WITH_KNOTS('',3,(#7098,#7099,#7100,#7101,#7102,#7103),
 .UNSPECIFIED.,.F.,.F.,(4,2,4),(-0.297141664553486,-0.295849319147203,-0.00282929057270101),
 .UNSPECIFIED.);
#141=B_SPLINE_CURVE_WITH_KNOTS('',3,(#7120,#7121,#7122,#7123),
 .UNSPECIFIED.,.F.,.F.,(4,4),(-0.00282866431161127,-1.14431376509669E-14),
 .UNSPECIFIED.);
#142=B_SPLINE_CURVE_WITH_KNOTS('',3,(#7124,#7125,#7126,#7127),
 .UNSPECIFIED.,.F.,.F.,(4,4),(1.14431376509669E-14,0.0028286644975288),
 .UNSPECIFIED.);
#143=B_SPLINE_CURVE_WITH_KNOTS('',3,(#7628,#7629,#7630,#7631,#7632,#7633),
 .UNSPECIFIED.,.F.,.F.,(4,2,4),(0.,0.058781409566454,0.097013022847789),
 .UNSPECIFIED.);
#144=B_SPLINE_CURVE_WITH_KNOTS('',3,(#7729,#7730,#7731,#7732),
 .UNSPECIFIED.,.F.,.F.,(4,4),(1.46884175471754,1.47588808163656),
 .UNSPECIFIED.);
#145=B_SPLINE_CURVE_WITH_KNOTS('',3,(#7743,#7744,#7745,#7746,#7747,#7748),
 .UNSPECIFIED.,.F.,.F.,(4,2,4),(-0.00144053245726862,0.,0.350003448350229),
 .UNSPECIFIED.);
#146=CONICAL_SURFACE('',#4290,4.14999999999999,0.785398163397448);
#147=CONICAL_SURFACE('',#4299,4.15,0.785398163397457);
#148=CONICAL_SURFACE('',#4758,7.20000000000001,0.0249582083035189);
#149=CONICAL_SURFACE('',#4762,7.20000000000001,0.0249582083035189);
#150=CONICAL_SURFACE('',#4766,7.2,0.0249582083035189);
#151=CONICAL_SURFACE('',#4770,7.20000000000001,0.0249582083035189);
#152=CONICAL_SURFACE('',#4774,8.,0.0249582083035189);
#153=CONICAL_SURFACE('',#4778,8.00000000000002,0.0249582083035189);
#154=CONICAL_SURFACE('',#4782,8.,0.0249582083035189);
#155=CONICAL_SURFACE('',#4786,8.,0.0249582083035189);
#156=SHAPE_REPRESENTATION_RELATIONSHIP('SRR','None',#8013,#160);
#157=SHAPE_REPRESENTATION_RELATIONSHIP('SRR','None',#8014,#161);
#158=SHAPE_REPRESENTATION_RELATIONSHIP('SRR','None',#8015,#162);
#159=SHAPE_REPRESENTATION_RELATIONSHIP('SRR','None',#8012,#163);
#160=ADVANCED_BREP_SHAPE_REPRESENTATION('',(#168),#7992);
#161=ADVANCED_BREP_SHAPE_REPRESENTATION('',(#169),#7993);
#162=ADVANCED_BREP_SHAPE_REPRESENTATION('',(#170),#7994);
#163=ADVANCED_BREP_SHAPE_REPRESENTATION('',(#171),#7991);
#164=STYLED_ITEM('',(#8037),#168);
#165=STYLED_ITEM('',(#8036),#169);
#166=STYLED_ITEM('',(#8038),#170);
#167=STYLED_ITEM('',(#8037),#171);
#168=MANIFOLD_SOLID_BREP('Body1',#4214);
#169=MANIFOLD_SOLID_BREP('Body1',#4215);
#170=MANIFOLD_SOLID_BREP('Body1',#4216);
#171=MANIFOLD_SOLID_BREP('Body2',#4217);
#172=FACE_BOUND('',#858,.T.);
#173=FACE_BOUND('',#1109,.T.);
#174=CIRCLE('',#4256,10.2000000000001);
#175=CIRCLE('',#4257,10.2000000000001);
#176=CIRCLE('',#4260,10.2000000000012);
#177=CIRCLE('',#4261,10.2000000000012);
#178=CIRCLE('',#4264,10.200000000057);
#179=CIRCLE('',#4265,10.200000000057);
#180=CIRCLE('',#4268,10.2000000000369);
#181=CIRCLE('',#4269,10.2000000000369);
#182=CIRCLE('',#4271,10.9999999999998);
#183=CIRCLE('',#4272,11.0000000000008);
#184=CIRCLE('',#4273,11.0000000000048);
#185=CIRCLE('',#4274,10.9999999999986);
#186=CIRCLE('',#4277,11.0000000000008);
#187=CIRCLE('',#4280,11.0000000000048);
#188=CIRCLE('',#4283,10.9999999999986);
#189=CIRCLE('',#4286,10.9999999999998);
#190=CIRCLE('',#4291,4.27499999999999);
#191=CIRCLE('',#4292,4.02499999999999);
#192=CIRCLE('',#4293,4.27499999999999);
#193=CIRCLE('',#4295,0.500000000000003);
#194=CIRCLE('',#4296,0.500000000000001);
#195=CIRCLE('',#4298,4.02499999999999);
#196=CIRCLE('',#4300,4.275);
#197=CIRCLE('',#4301,4.025);
#198=CIRCLE('',#4302,4.275);
#199=CIRCLE('',#4304,0.500000000000011);
#200=CIRCLE('',#4305,0.500000000000009);
#201=CIRCLE('',#4307,4.025);
#202=CIRCLE('',#4308,0.500000000000002);
#203=CIRCLE('',#4309,0.500000000000005);
#204=CIRCLE('',#4311,0.500000000000007);
#205=CIRCLE('',#4312,0.5);
#206=CIRCLE('',#4313,0.499999999999998);
#207=CIRCLE('',#4315,0.499999999999998);
#208=CIRCLE('',#4317,0.499999999999998);
#209=CIRCLE('',#4318,12.);
#210=CIRCLE('',#4319,12.5);
#211=CIRCLE('',#4321,0.499999999999998);
#212=CIRCLE('',#4323,0.500000000000002);
#213=CIRCLE('',#4324,0.5);
#214=CIRCLE('',#4326,0.499999999999998);
#215=CIRCLE('',#4327,0.5);
#216=CIRCLE('',#4328,0.999999999999996);
#217=CIRCLE('',#4329,0.499999999999998);
#218=CIRCLE('',#4332,1.00000000000001);
#219=CIRCLE('',#4333,0.499999999999998);
#220=CIRCLE('',#4334,0.500000000000007);
#221=CIRCLE('',#4335,0.5);
#222=CIRCLE('',#4336,0.499999999999996);
#223=CIRCLE('',#4337,0.5);
#224=CIRCLE('',#4339,0.499999999999998);
#225=CIRCLE('',#4340,0.5);
#226=CIRCLE('',#4341,0.500000000000007);
#227=CIRCLE('',#4343,0.499999999999998);
#228=CIRCLE('',#4344,0.5);
#229=CIRCLE('',#4345,0.499999999999998);
#230=CIRCLE('',#4348,0.499999999999998);
#231=CIRCLE('',#4349,0.5);
#232=CIRCLE('',#4350,0.500000000000002);
#233=CIRCLE('',#4352,0.499999999999998);
#234=CIRCLE('',#4354,0.500000000000007);
#235=CIRCLE('',#4355,12.);
#236=CIRCLE('',#4356,12.5);
#237=CIRCLE('',#4358,0.499999999999991);
#238=CIRCLE('',#4359,0.500000000000007);
#239=CIRCLE('',#4361,0.499999999999998);
#240=CIRCLE('',#4362,0.500000000000007);
#241=CIRCLE('',#4363,0.5);
#242=CIRCLE('',#4364,1.00000000000001);
#243=CIRCLE('',#4366,0.499999999999996);
#244=CIRCLE('',#4367,0.500000000000001);
#245=CIRCLE('',#4369,0.500000000000007);
#246=CIRCLE('',#4370,0.5);
#247=CIRCLE('',#4372,0.500000000000001);
#248=CIRCLE('',#4373,23.75);
#249=CIRCLE('',#4374,23.25);
#250=CIRCLE('',#4376,0.5);
#251=CIRCLE('',#4378,23.75);
#252=CIRCLE('',#4379,23.25);
#253=CIRCLE('',#4380,0.499999999999998);
#254=CIRCLE('',#4381,0.500000000000001);
#255=CIRCLE('',#4382,0.499999999999994);
#256=CIRCLE('',#4383,0.499999999999998);
#257=CIRCLE('',#4387,0.500000000000001);
#258=CIRCLE('',#4388,12.5);
#259=CIRCLE('',#4389,13.);
#260=CIRCLE('',#4394,0.499999999999998);
#261=CIRCLE('',#4395,0.499999999999998);
#262=CIRCLE('',#4397,23.25);
#263=CIRCLE('',#4398,0.5);
#264=CIRCLE('',#4399,23.75);
#265=CIRCLE('',#4401,0.5);
#266=CIRCLE('',#4403,23.75);
#267=CIRCLE('',#4404,23.25);
#268=CIRCLE('',#4406,0.5);
#269=CIRCLE('',#4409,0.5);
#270=CIRCLE('',#4412,0.499999999999998);
#271=CIRCLE('',#4414,0.499999999999998);
#272=CIRCLE('',#4418,0.5);
#273=CIRCLE('',#4419,0.499999999999997);
#274=CIRCLE('',#4422,0.499999999999995);
#275=CIRCLE('',#4424,23.75);
#276=CIRCLE('',#4425,23.75);
#277=CIRCLE('',#4428,0.499999999999998);
#278=CIRCLE('',#4430,0.499999999999998);
#279=CIRCLE('',#4432,1.);
#280=CIRCLE('',#4433,0.999999999999996);
#281=CIRCLE('',#4436,0.5);
#282=CIRCLE('',#4440,13.);
#283=CIRCLE('',#4442,12.5);
#284=CIRCLE('',#4446,12.5);
#285=CIRCLE('',#4448,0.499999999999999);
#286=CIRCLE('',#4449,6.);
#287=CIRCLE('',#4453,0.499999999999998);
#288=CIRCLE('',#4457,0.499999999999998);
#289=CIRCLE('',#4458,0.5);
#290=CIRCLE('',#4459,0.999999999999996);
#291=CIRCLE('',#4460,0.499999999999998);
#292=CIRCLE('',#4463,0.5);
#293=CIRCLE('',#4464,0.499999999999998);
#294=CIRCLE('',#4465,0.499999999999998);
#295=CIRCLE('',#4467,0.499999999999998);
#296=CIRCLE('',#4468,0.500000000000007);
#297=CIRCLE('',#4469,0.500000000000007);
#298=CIRCLE('',#4471,1.);
#299=CIRCLE('',#4472,0.499999999999998);
#300=CIRCLE('',#4473,0.5);
#301=CIRCLE('',#4474,0.500000000000007);
#302=CIRCLE('',#4480,0.5);
#303=CIRCLE('',#4481,0.499999999999998);
#304=CIRCLE('',#4482,0.500000000000007);
#305=CIRCLE('',#4484,0.499999999999998);
#306=CIRCLE('',#4485,0.5);
#307=CIRCLE('',#4487,0.499999999999998);
#308=CIRCLE('',#4488,0.499999999999998);
#309=CIRCLE('',#4489,0.499999999999998);
#310=CIRCLE('',#4492,0.499999999999998);
#311=CIRCLE('',#4493,0.500000000000001);
#312=CIRCLE('',#4494,0.499999999999998);
#313=CIRCLE('',#4496,0.999999999999999);
#314=CIRCLE('',#4497,0.5);
#315=CIRCLE('',#4498,0.499999999999998);
#316=CIRCLE('',#4499,0.499999999999998);
#317=CIRCLE('',#4503,0.499999999999998);
#318=CIRCLE('',#4504,0.499999999999998);
#319=CIRCLE('',#4505,0.499999999999998);
#320=CIRCLE('',#4507,0.499999999999998);
#321=CIRCLE('',#4509,0.499999999999998);
#322=CIRCLE('',#4510,23.25);
#323=CIRCLE('',#4511,23.75);
#324=CIRCLE('',#4513,0.499999999999998);
#325=CIRCLE('',#4515,0.499999999999998);
#326=CIRCLE('',#4516,23.25);
#327=CIRCLE('',#4519,0.500000000000001);
#328=CIRCLE('',#4520,0.499999999999989);
#329=CIRCLE('',#4521,0.500000000000007);
#330=CIRCLE('',#4523,0.500000000000003);
#331=CIRCLE('',#4524,0.5);
#332=CIRCLE('',#4525,0.499999999999989);
#333=CIRCLE('',#4527,0.500000000000007);
#334=CIRCLE('',#4528,0.500000000000001);
#335=CIRCLE('',#4529,0.499999999999998);
#336=CIRCLE('',#4532,0.499999999999998);
#337=CIRCLE('',#4533,0.5);
#338=CIRCLE('',#4534,0.999999999999996);
#339=CIRCLE('',#4535,0.5);
#340=CIRCLE('',#4538,0.500000000000001);
#341=CIRCLE('',#4539,0.499999999999998);
#342=CIRCLE('',#4540,0.499999999999998);
#343=CIRCLE('',#4544,1.);
#344=CIRCLE('',#4545,0.499999999999998);
#345=CIRCLE('',#4546,0.500000000000001);
#346=CIRCLE('',#4547,0.5);
#347=CIRCLE('',#4551,0.5);
#348=CIRCLE('',#4552,0.499999999999998);
#349=CIRCLE('',#4553,1.);
#350=CIRCLE('',#4554,0.500000000000001);
#351=CIRCLE('',#4556,1.);
#352=CIRCLE('',#4557,0.499999999999998);
#353=CIRCLE('',#4558,0.5);
#354=CIRCLE('',#4559,0.499999999999998);
#355=CIRCLE('',#4561,0.499999999999998);
#356=CIRCLE('',#4562,0.500000000000003);
#357=CIRCLE('',#4563,0.5);
#358=CIRCLE('',#4566,0.499999999999998);
#359=CIRCLE('',#4567,0.499999999999998);
#360=CIRCLE('',#4568,0.500000000000001);
#361=CIRCLE('',#4571,0.499999999999998);
#362=CIRCLE('',#4573,0.499999999999998);
#363=CIRCLE('',#4574,23.25);
#364=CIRCLE('',#4576,0.499999999999998);
#365=CIRCLE('',#4578,0.499999999999998);
#366=CIRCLE('',#4579,23.25);
#367=CIRCLE('',#4580,23.75);
#368=CIRCLE('',#4583,0.499999999999998);
#369=CIRCLE('',#4584,0.499999999999989);
#370=CIRCLE('',#4585,0.5);
#371=CIRCLE('',#4586,1.);
#372=CIRCLE('',#4588,0.499999999999998);
#373=CIRCLE('',#4590,0.500000000000007);
#374=CIRCLE('',#4591,6.75);
#375=CIRCLE('',#4592,6.25);
#376=CIRCLE('',#4594,0.499999999999998);
#377=CIRCLE('',#4596,0.500000000000007);
#378=CIRCLE('',#4597,6.75);
#379=CIRCLE('',#4598,6.25);
#380=CIRCLE('',#4600,0.499999999999998);
#381=CIRCLE('',#4601,0.499999999999998);
#382=CIRCLE('',#4602,0.5);
#383=CIRCLE('',#4603,1.);
#384=CIRCLE('',#4612,0.499999999999998);
#385=CIRCLE('',#4614,0.499999999999997);
#386=CIRCLE('',#4615,0.499999999999998);
#387=CIRCLE('',#4621,0.5);
#388=CIRCLE('',#4623,0.499999999999998);
#389=CIRCLE('',#4624,0.499999999999996);
#390=CIRCLE('',#4626,0.499999999999989);
#391=CIRCLE('',#4628,0.499999999999998);
#392=CIRCLE('',#4629,13.);
#393=CIRCLE('',#4631,6.5);
#394=CIRCLE('',#4632,6.);
#395=CIRCLE('',#4634,0.499999999999998);
#396=CIRCLE('',#4635,6.5);
#397=CIRCLE('',#4636,6.);
#398=CIRCLE('',#4638,0.499999999999998);
#399=CIRCLE('',#4640,6.5);
#400=CIRCLE('',#4641,6.);
#401=CIRCLE('',#4643,0.500000000000002);
#402=CIRCLE('',#4644,6.5);
#403=CIRCLE('',#4645,6.);
#404=CIRCLE('',#4647,0.499999999999998);
#405=CIRCLE('',#4648,13.);
#406=CIRCLE('',#4649,12.5);
#407=CIRCLE('',#4653,0.499999999999998);
#408=CIRCLE('',#4654,0.5);
#409=CIRCLE('',#4655,1.);
#410=CIRCLE('',#4659,0.499999999999998);
#411=CIRCLE('',#4663,0.499999999999998);
#412=CIRCLE('',#4665,0.999999999999997);
#413=CIRCLE('',#4667,1.);
#414=CIRCLE('',#4670,6.25);
#415=CIRCLE('',#4673,6.25);
#416=CIRCLE('',#4676,1.);
#417=CIRCLE('',#4688,0.5);
#418=CIRCLE('',#4689,0.500000000000011);
#419=CIRCLE('',#4691,0.500000000000007);
#420=CIRCLE('',#4692,0.5);
#421=CIRCLE('',#4694,0.5);
#422=CIRCLE('',#4695,6.);
#423=CIRCLE('',#4696,6.5);
#424=CIRCLE('',#4698,6.);
#425=CIRCLE('',#4699,6.5);
#426=CIRCLE('',#4701,0.5);
#427=CIRCLE('',#4702,0.5);
#428=CIRCLE('',#4704,6.);
#429=CIRCLE('',#4711,0.999999999999996);
#430=CIRCLE('',#4712,0.5);
#431=CIRCLE('',#4714,0.499999999999998);
#432=CIRCLE('',#4715,0.5);
#433=CIRCLE('',#4717,0.5);
#434=CIRCLE('',#4718,0.5);
#435=CIRCLE('',#4719,0.5);
#436=CIRCLE('',#4721,0.5);
#437=CIRCLE('',#4723,0.5);
#438=CIRCLE('',#4724,6.75);
#439=CIRCLE('',#4726,0.5);
#440=CIRCLE('',#4728,0.5);
#441=CIRCLE('',#4729,6.75);
#442=CIRCLE('',#4731,0.5);
#443=CIRCLE('',#4732,0.5);
#444=CIRCLE('',#4733,0.5);
#445=CIRCLE('',#4753,4.);
#446=CIRCLE('',#4754,4.);
#447=CIRCLE('',#4759,6.82554912221636);
#448=CIRCLE('',#4760,7.20000000000001);
#449=CIRCLE('',#4763,6.82554912221636);
#450=CIRCLE('',#4764,7.20000000000001);
#451=CIRCLE('',#4767,6.82554912221635);
#452=CIRCLE('',#4768,7.2);
#453=CIRCLE('',#4771,6.82554912221636);
#454=CIRCLE('',#4772,7.20000000000001);
#455=CIRCLE('',#4775,8.37445087778365);
#456=CIRCLE('',#4776,8.);
#457=CIRCLE('',#4779,8.37445087778367);
#458=CIRCLE('',#4780,8.00000000000002);
#459=CIRCLE('',#4783,8.37445087778365);
#460=CIRCLE('',#4784,8.);
#461=CIRCLE('',#4787,8.37445087778365);
#462=CIRCLE('',#4788,8.);
#463=CIRCLE('',#4792,8.);
#464=CIRCLE('',#4795,8.00000000000002);
#465=CIRCLE('',#4798,8.);
#466=CIRCLE('',#4801,8.);
#467=CYLINDRICAL_SURFACE('',#4255,10.2000000000001);
#468=CYLINDRICAL_SURFACE('',#4259,10.2000000000012);
#469=CYLINDRICAL_SURFACE('',#4263,10.200000000057);
#470=CYLINDRICAL_SURFACE('',#4267,10.2000000000369);
#471=CYLINDRICAL_SURFACE('',#4276,11.0000000000008);
#472=CYLINDRICAL_SURFACE('',#4279,11.0000000000048);
#473=CYLINDRICAL_SURFACE('',#4282,10.9999999999986);
#474=CYLINDRICAL_SURFACE('',#4285,10.9999999999998);
#475=CYLINDRICAL_SURFACE('',#4294,0.5);
#476=CYLINDRICAL_SURFACE('',#4297,4.02499999999999);
#477=CYLINDRICAL_SURFACE('',#4303,0.5);
#478=CYLINDRICAL_SURFACE('',#4306,4.025);
#479=CYLINDRICAL_SURFACE('',#4314,0.5);
#480=CYLINDRICAL_SURFACE('',#4320,0.5);
#481=CYLINDRICAL_SURFACE('',#4330,0.5);
#482=CYLINDRICAL_SURFACE('',#4346,0.5);
#483=CYLINDRICAL_SURFACE('',#4351,0.5);
#484=CYLINDRICAL_SURFACE('',#4357,0.5);
#485=CYLINDRICAL_SURFACE('',#4365,0.5);
#486=CYLINDRICAL_SURFACE('',#4368,0.5);
#487=CYLINDRICAL_SURFACE('',#4375,0.5);
#488=CYLINDRICAL_SURFACE('',#4384,0.5);
#489=CYLINDRICAL_SURFACE('',#4385,0.5);
#490=CYLINDRICAL_SURFACE('',#4390,0.5);
#491=CYLINDRICAL_SURFACE('',#4391,0.5);
#492=CYLINDRICAL_SURFACE('',#4392,0.5);
#493=CYLINDRICAL_SURFACE('',#4393,0.5);
#494=CYLINDRICAL_SURFACE('',#4400,0.5);
#495=CYLINDRICAL_SURFACE('',#4405,0.5);
#496=CYLINDRICAL_SURFACE('',#4407,0.5);
#497=CYLINDRICAL_SURFACE('',#4408,0.5);
#498=CYLINDRICAL_SURFACE('',#4410,0.5);
#499=CYLINDRICAL_SURFACE('',#4411,0.5);
#500=CYLINDRICAL_SURFACE('',#4413,0.5);
#501=CYLINDRICAL_SURFACE('',#4423,23.75);
#502=CYLINDRICAL_SURFACE('',#4427,0.5);
#503=CYLINDRICAL_SURFACE('',#4429,0.5);
#504=CYLINDRICAL_SURFACE('',#4435,0.5);
#505=CYLINDRICAL_SURFACE('',#4438,0.5);
#506=CYLINDRICAL_SURFACE('',#4444,0.5);
#507=CYLINDRICAL_SURFACE('',#4445,12.5);
#508=CYLINDRICAL_SURFACE('',#4452,0.5);
#509=CYLINDRICAL_SURFACE('',#4461,0.5);
#510=CYLINDRICAL_SURFACE('',#4475,0.5);
#511=CYLINDRICAL_SURFACE('',#4476,0.5);
#512=CYLINDRICAL_SURFACE('',#4477,0.5);
#513=CYLINDRICAL_SURFACE('',#4490,0.5);
#514=CYLINDRICAL_SURFACE('',#4500,0.5);
#515=CYLINDRICAL_SURFACE('',#4501,0.5);
#516=CYLINDRICAL_SURFACE('',#4506,0.5);
#517=CYLINDRICAL_SURFACE('',#4512,0.5);
#518=CYLINDRICAL_SURFACE('',#4517,0.5);
#519=CYLINDRICAL_SURFACE('',#4530,0.5);
#520=CYLINDRICAL_SURFACE('',#4536,0.5);
#521=CYLINDRICAL_SURFACE('',#4541,0.5);
#522=CYLINDRICAL_SURFACE('',#4542,0.5);
#523=CYLINDRICAL_SURFACE('',#4548,0.5);
#524=CYLINDRICAL_SURFACE('',#4549,0.5);
#525=CYLINDRICAL_SURFACE('',#4564,0.5);
#526=CYLINDRICAL_SURFACE('',#4569,0.5);
#527=CYLINDRICAL_SURFACE('',#4570,0.5);
#528=CYLINDRICAL_SURFACE('',#4575,0.5);
#529=CYLINDRICAL_SURFACE('',#4581,0.5);
#530=CYLINDRICAL_SURFACE('',#4582,0.5);
#531=CYLINDRICAL_SURFACE('',#4587,0.5);
#532=CYLINDRICAL_SURFACE('',#4593,0.5);
#533=CYLINDRICAL_SURFACE('',#4599,0.5);
#534=CYLINDRICAL_SURFACE('',#4604,0.5);
#535=CYLINDRICAL_SURFACE('',#4605,0.5);
#536=CYLINDRICAL_SURFACE('',#4606,0.5);
#537=CYLINDRICAL_SURFACE('',#4607,0.5);
#538=CYLINDRICAL_SURFACE('',#4608,0.5);
#539=CYLINDRICAL_SURFACE('',#4609,0.5);
#540=CYLINDRICAL_SURFACE('',#4610,0.5);
#541=CYLINDRICAL_SURFACE('',#4611,0.5);
#542=CYLINDRICAL_SURFACE('',#4616,0.5);
#543=CYLINDRICAL_SURFACE('',#4617,0.5);
#544=CYLINDRICAL_SURFACE('',#4618,0.5);
#545=CYLINDRICAL_SURFACE('',#4619,0.5);
#546=CYLINDRICAL_SURFACE('',#4620,0.5);
#547=CYLINDRICAL_SURFACE('',#4625,0.5);
#548=CYLINDRICAL_SURFACE('',#4637,0.5);
#549=CYLINDRICAL_SURFACE('',#4650,0.5);
#550=CYLINDRICAL_SURFACE('',#4651,0.5);
#551=CYLINDRICAL_SURFACE('',#4656,0.5);
#552=CYLINDRICAL_SURFACE('',#4658,0.5);
#553=CYLINDRICAL_SURFACE('',#4661,0.5);
#554=CYLINDRICAL_SURFACE('',#4662,0.5);
#555=CYLINDRICAL_SURFACE('',#4666,1.);
#556=CYLINDRICAL_SURFACE('',#4669,6.25);
#557=CYLINDRICAL_SURFACE('',#4672,6.25);
#558=CYLINDRICAL_SURFACE('',#4675,1.);
#559=CYLINDRICAL_SURFACE('',#4687,0.5);
#560=CYLINDRICAL_SURFACE('',#4690,0.5);
#561=CYLINDRICAL_SURFACE('',#4700,0.5);
#562=CYLINDRICAL_SURFACE('',#4705,0.5);
#563=CYLINDRICAL_SURFACE('',#4706,6.);
#564=CYLINDRICAL_SURFACE('',#4708,6.);
#565=CYLINDRICAL_SURFACE('',#4716,0.5);
#566=CYLINDRICAL_SURFACE('',#4720,0.5);
#567=CYLINDRICAL_SURFACE('',#4725,0.5);
#568=CYLINDRICAL_SURFACE('',#4730,0.5);
#569=CYLINDRICAL_SURFACE('',#4734,0.5);
#570=CYLINDRICAL_SURFACE('',#4735,0.5);
#571=CYLINDRICAL_SURFACE('',#4739,12.5);
#572=CYLINDRICAL_SURFACE('',#4741,6.);
#573=CYLINDRICAL_SURFACE('',#4743,6.);
#574=CYLINDRICAL_SURFACE('',#4748,23.75);
#575=CYLINDRICAL_SURFACE('',#4752,4.);
#576=CYLINDRICAL_SURFACE('',#4791,8.);
#577=CYLINDRICAL_SURFACE('',#4794,8.00000000000002);
#578=CYLINDRICAL_SURFACE('',#4797,8.);
#579=CYLINDRICAL_SURFACE('',#4800,8.);
#580=FACE_OUTER_BOUND('',#849,.T.);
#581=FACE_OUTER_BOUND('',#850,.T.);
#582=FACE_OUTER_BOUND('',#851,.T.);
#583=FACE_OUTER_BOUND('',#852,.T.);
#584=FACE_OUTER_BOUND('',#853,.T.);
#585=FACE_OUTER_BOUND('',#854,.T.);
#586=FACE_OUTER_BOUND('',#855,.T.);
#587=FACE_OUTER_BOUND('',#856,.T.);
#588=FACE_OUTER_BOUND('',#857,.T.);
#589=FACE_OUTER_BOUND('',#859,.T.);
#590=FACE_OUTER_BOUND('',#860,.T.);
#591=FACE_OUTER_BOUND('',#861,.T.);
#592=FACE_OUTER_BOUND('',#862,.T.);
#593=FACE_OUTER_BOUND('',#863,.T.);
#594=FACE_OUTER_BOUND('',#864,.T.);
#595=FACE_OUTER_BOUND('',#865,.T.);
#596=FACE_OUTER_BOUND('',#866,.T.);
#597=FACE_OUTER_BOUND('',#867,.T.);
#598=FACE_OUTER_BOUND('',#868,.T.);
#599=FACE_OUTER_BOUND('',#869,.T.);
#600=FACE_OUTER_BOUND('',#870,.T.);
#601=FACE_OUTER_BOUND('',#871,.T.);
#602=FACE_OUTER_BOUND('',#872,.T.);
#603=FACE_OUTER_BOUND('',#873,.T.);
#604=FACE_OUTER_BOUND('',#874,.T.);
#605=FACE_OUTER_BOUND('',#875,.T.);
#606=FACE_OUTER_BOUND('',#876,.T.);
#607=FACE_OUTER_BOUND('',#877,.T.);
#608=FACE_OUTER_BOUND('',#878,.T.);
#609=FACE_OUTER_BOUND('',#879,.T.);
#610=FACE_OUTER_BOUND('',#880,.T.);
#611=FACE_OUTER_BOUND('',#881,.T.);
#612=FACE_OUTER_BOUND('',#882,.T.);
#613=FACE_OUTER_BOUND('',#883,.T.);
#614=FACE_OUTER_BOUND('',#884,.T.);
#615=FACE_OUTER_BOUND('',#885,.T.);
#616=FACE_OUTER_BOUND('',#886,.T.);
#617=FACE_OUTER_BOUND('',#887,.T.);
#618=FACE_OUTER_BOUND('',#888,.T.);
#619=FACE_OUTER_BOUND('',#889,.T.);
#620=FACE_OUTER_BOUND('',#890,.T.);
#621=FACE_OUTER_BOUND('',#891,.T.);
#622=FACE_OUTER_BOUND('',#892,.T.);
#623=FACE_OUTER_BOUND('',#893,.T.);
#624=FACE_OUTER_BOUND('',#894,.T.);
#625=FACE_OUTER_BOUND('',#895,.T.);
#626=FACE_OUTER_BOUND('',#896,.T.);
#627=FACE_OUTER_BOUND('',#897,.T.);
#628=FACE_OUTER_BOUND('',#898,.T.);
#629=FACE_OUTER_BOUND('',#899,.T.);
#630=FACE_OUTER_BOUND('',#900,.T.);
#631=FACE_OUTER_BOUND('',#901,.T.);
#632=FACE_OUTER_BOUND('',#902,.T.);
#633=FACE_OUTER_BOUND('',#903,.T.);
#634=FACE_OUTER_BOUND('',#904,.T.);
#635=FACE_OUTER_BOUND('',#905,.T.);
#636=FACE_OUTER_BOUND('',#906,.T.);
#637=FACE_OUTER_BOUND('',#907,.T.);
#638=FACE_OUTER_BOUND('',#908,.T.);
#639=FACE_OUTER_BOUND('',#909,.T.);
#640=FACE_OUTER_BOUND('',#910,.T.);
#641=FACE_OUTER_BOUND('',#911,.T.);
#642=FACE_OUTER_BOUND('',#912,.T.);
#643=FACE_OUTER_BOUND('',#913,.T.);
#644=FACE_OUTER_BOUND('',#914,.T.);
#645=FACE_OUTER_BOUND('',#915,.T.);
#646=FACE_OUTER_BOUND('',#916,.T.);
#647=FACE_OUTER_BOUND('',#917,.T.);
#648=FACE_OUTER_BOUND('',#918,.T.);
#649=FACE_OUTER_BOUND('',#919,.T.);
#650=FACE_OUTER_BOUND('',#920,.T.);
#651=FACE_OUTER_BOUND('',#921,.T.);
#652=FACE_OUTER_BOUND('',#922,.T.);
#653=FACE_OUTER_BOUND('',#923,.T.);
#654=FACE_OUTER_BOUND('',#924,.T.);
#655=FACE_OUTER_BOUND('',#925,.T.);
#656=FACE_OUTER_BOUND('',#926,.T.);
#657=FACE_OUTER_BOUND('',#927,.T.);
#658=FACE_OUTER_BOUND('',#928,.T.);
#659=FACE_OUTER_BOUND('',#929,.T.);
#660=FACE_OUTER_BOUND('',#930,.T.);
#661=FACE_OUTER_BOUND('',#931,.T.);
#662=FACE_OUTER_BOUND('',#932,.T.);
#663=FACE_OUTER_BOUND('',#933,.T.);
#664=FACE_OUTER_BOUND('',#934,.T.);
#665=FACE_OUTER_BOUND('',#935,.T.);
#666=FACE_OUTER_BOUND('',#936,.T.);
#667=FACE_OUTER_BOUND('',#937,.T.);
#668=FACE_OUTER_BOUND('',#938,.T.);
#669=FACE_OUTER_BOUND('',#939,.T.);
#670=FACE_OUTER_BOUND('',#940,.T.);
#671=FACE_OUTER_BOUND('',#941,.T.);
#672=FACE_OUTER_BOUND('',#942,.T.);
#673=FACE_OUTER_BOUND('',#943,.T.);
#674=FACE_OUTER_BOUND('',#944,.T.);
#675=FACE_OUTER_BOUND('',#945,.T.);
#676=FACE_OUTER_BOUND('',#946,.T.);
#677=FACE_OUTER_BOUND('',#947,.T.);
#678=FACE_OUTER_BOUND('',#948,.T.);
#679=FACE_OUTER_BOUND('',#949,.T.);
#680=FACE_OUTER_BOUND('',#950,.T.);
#681=FACE_OUTER_BOUND('',#951,.T.);
#682=FACE_OUTER_BOUND('',#952,.T.);
#683=FACE_OUTER_BOUND('',#953,.T.);
#684=FACE_OUTER_BOUND('',#954,.T.);
#685=FACE_OUTER_BOUND('',#955,.T.);
#686=FACE_OUTER_BOUND('',#956,.T.);
#687=FACE_OUTER_BOUND('',#957,.T.);
#688=FACE_OUTER_BOUND('',#958,.T.);
#689=FACE_OUTER_BOUND('',#959,.T.);
#690=FACE_OUTER_BOUND('',#960,.T.);
#691=FACE_OUTER_BOUND('',#961,.T.);
#692=FACE_OUTER_BOUND('',#962,.T.);
#693=FACE_OUTER_BOUND('',#963,.T.);
#694=FACE_OUTER_BOUND('',#964,.T.);
#695=FACE_OUTER_BOUND('',#965,.T.);
#696=FACE_OUTER_BOUND('',#966,.T.);
#697=FACE_OUTER_BOUND('',#967,.T.);
#698=FACE_OUTER_BOUND('',#968,.T.);
#699=FACE_OUTER_BOUND('',#969,.T.);
#700=FACE_OUTER_BOUND('',#970,.T.);
#701=FACE_OUTER_BOUND('',#971,.T.);
#702=FACE_OUTER_BOUND('',#972,.T.);
#703=FACE_OUTER_BOUND('',#973,.T.);
#704=FACE_OUTER_BOUND('',#974,.T.);
#705=FACE_OUTER_BOUND('',#975,.T.);
#706=FACE_OUTER_BOUND('',#976,.T.);
#707=FACE_OUTER_BOUND('',#977,.T.);
#708=FACE_OUTER_BOUND('',#978,.T.);
#709=FACE_OUTER_BOUND('',#979,.T.);
#710=FACE_OUTER_BOUND('',#980,.T.);
#711=FACE_OUTER_BOUND('',#981,.T.);
#712=FACE_OUTER_BOUND('',#982,.T.);
#713=FACE_OUTER_BOUND('',#983,.T.);
#714=FACE_OUTER_BOUND('',#984,.T.);
#715=FACE_OUTER_BOUND('',#985,.T.);
#716=FACE_OUTER_BOUND('',#986,.T.);
#717=FACE_OUTER_BOUND('',#987,.T.);
#718=FACE_OUTER_BOUND('',#988,.T.);
#719=FACE_OUTER_BOUND('',#989,.T.);
#720=FACE_OUTER_BOUND('',#990,.T.);
#721=FACE_OUTER_BOUND('',#991,.T.);
#722=FACE_OUTER_BOUND('',#992,.T.);
#723=FACE_OUTER_BOUND('',#993,.T.);
#724=FACE_OUTER_BOUND('',#994,.T.);
#725=FACE_OUTER_BOUND('',#995,.T.);
#726=FACE_OUTER_BOUND('',#996,.T.);
#727=FACE_OUTER_BOUND('',#997,.T.);
#728=FACE_OUTER_BOUND('',#998,.T.);
#729=FACE_OUTER_BOUND('',#999,.T.);
#730=FACE_OUTER_BOUND('',#1000,.T.);
#731=FACE_OUTER_BOUND('',#1001,.T.);
#732=FACE_OUTER_BOUND('',#1002,.T.);
#733=FACE_OUTER_BOUND('',#1003,.T.);
#734=FACE_OUTER_BOUND('',#1004,.T.);
#735=FACE_OUTER_BOUND('',#1005,.T.);
#736=FACE_OUTER_BOUND('',#1006,.T.);
#737=FACE_OUTER_BOUND('',#1007,.T.);
#738=FACE_OUTER_BOUND('',#1008,.T.);
#739=FACE_OUTER_BOUND('',#1009,.T.);
#740=FACE_OUTER_BOUND('',#1010,.T.);
#741=FACE_OUTER_BOUND('',#1011,.T.);
#742=FACE_OUTER_BOUND('',#1012,.T.);
#743=FACE_OUTER_BOUND('',#1013,.T.);
#744=FACE_OUTER_BOUND('',#1014,.T.);
#745=FACE_OUTER_BOUND('',#1015,.T.);
#746=FACE_OUTER_BOUND('',#1016,.T.);
#747=FACE_OUTER_BOUND('',#1017,.T.);
#748=FACE_OUTER_BOUND('',#1018,.T.);
#749=FACE_OUTER_BOUND('',#1019,.T.);
#750=FACE_OUTER_BOUND('',#1020,.T.);
#751=FACE_OUTER_BOUND('',#1021,.T.);
#752=FACE_OUTER_BOUND('',#1022,.T.);
#753=FACE_OUTER_BOUND('',#1023,.T.);
#754=FACE_OUTER_BOUND('',#1024,.T.);
#755=FACE_OUTER_BOUND('',#1025,.T.);
#756=FACE_OUTER_BOUND('',#1026,.T.);
#757=FACE_OUTER_BOUND('',#1027,.T.);
#758=FACE_OUTER_BOUND('',#1028,.T.);
#759=FACE_OUTER_BOUND('',#1029,.T.);
#760=FACE_OUTER_BOUND('',#1030,.T.);
#761=FACE_OUTER_BOUND('',#1031,.T.);
#762=FACE_OUTER_BOUND('',#1032,.T.);
#763=FACE_OUTER_BOUND('',#1033,.T.);
#764=FACE_OUTER_BOUND('',#1034,.T.);
#765=FACE_OUTER_BOUND('',#1035,.T.);
#766=FACE_OUTER_BOUND('',#1036,.T.);
#767=FACE_OUTER_BOUND('',#1037,.T.);
#768=FACE_OUTER_BOUND('',#1038,.T.);
#769=FACE_OUTER_BOUND('',#1039,.T.);
#770=FACE_OUTER_BOUND('',#1040,.T.);
#771=FACE_OUTER_BOUND('',#1041,.T.);
#772=FACE_OUTER_BOUND('',#1042,.T.);
#773=FACE_OUTER_BOUND('',#1043,.T.);
#774=FACE_OUTER_BOUND('',#1044,.T.);
#775=FACE_OUTER_BOUND('',#1045,.T.);
#776=FACE_OUTER_BOUND('',#1046,.T.);
#777=FACE_OUTER_BOUND('',#1047,.T.);
#778=FACE_OUTER_BOUND('',#1048,.T.);
#779=FACE_OUTER_BOUND('',#1049,.T.);
#780=FACE_OUTER_BOUND('',#1050,.T.);
#781=FACE_OUTER_BOUND('',#1051,.T.);
#782=FACE_OUTER_BOUND('',#1052,.T.);
#783=FACE_OUTER_BOUND('',#1053,.T.);
#784=FACE_OUTER_BOUND('',#1054,.T.);
#785=FACE_OUTER_BOUND('',#1055,.T.);
#786=FACE_OUTER_BOUND('',#1056,.T.);
#787=FACE_OUTER_BOUND('',#1057,.T.);
#788=FACE_OUTER_BOUND('',#1058,.T.);
#789=FACE_OUTER_BOUND('',#1059,.T.);
#790=FACE_OUTER_BOUND('',#1060,.T.);
#791=FACE_OUTER_BOUND('',#1061,.T.);
#792=FACE_OUTER_BOUND('',#1062,.T.);
#793=FACE_OUTER_BOUND('',#1063,.T.);
#794=FACE_OUTER_BOUND('',#1064,.T.);
#795=FACE_OUTER_BOUND('',#1065,.T.);
#796=FACE_OUTER_BOUND('',#1066,.T.);
#797=FACE_OUTER_BOUND('',#1067,.T.);
#798=FACE_OUTER_BOUND('',#1068,.T.);
#799=FACE_OUTER_BOUND('',#1069,.T.);
#800=FACE_OUTER_BOUND('',#1070,.T.);
#801=FACE_OUTER_BOUND('',#1071,.T.);
#802=FACE_OUTER_BOUND('',#1072,.T.);
#803=FACE_OUTER_BOUND('',#1073,.T.);
#804=FACE_OUTER_BOUND('',#1074,.T.);
#805=FACE_OUTER_BOUND('',#1075,.T.);
#806=FACE_OUTER_BOUND('',#1076,.T.);
#807=FACE_OUTER_BOUND('',#1077,.T.);
#808=FACE_OUTER_BOUND('',#1078,.T.);
#809=FACE_OUTER_BOUND('',#1079,.T.);
#810=FACE_OUTER_BOUND('',#1080,.T.);
#811=FACE_OUTER_BOUND('',#1081,.T.);
#812=FACE_OUTER_BOUND('',#1082,.T.);
#813=FACE_OUTER_BOUND('',#1083,.T.);
#814=FACE_OUTER_BOUND('',#1084,.T.);
#815=FACE_OUTER_BOUND('',#1085,.T.);
#816=FACE_OUTER_BOUND('',#1086,.T.);
#817=FACE_OUTER_BOUND('',#1087,.T.);
#818=FACE_OUTER_BOUND('',#1088,.T.);
#819=FACE_OUTER_BOUND('',#1089,.T.);
#820=FACE_OUTER_BOUND('',#1090,.T.);
#821=FACE_OUTER_BOUND('',#1091,.T.);
#822=FACE_OUTER_BOUND('',#1092,.T.);
#823=FACE_OUTER_BOUND('',#1093,.T.);
#824=FACE_OUTER_BOUND('',#1094,.T.);
#825=FACE_OUTER_BOUND('',#1095,.T.);
#826=FACE_OUTER_BOUND('',#1096,.T.);
#827=FACE_OUTER_BOUND('',#1097,.T.);
#828=FACE_OUTER_BOUND('',#1098,.T.);
#829=FACE_OUTER_BOUND('',#1099,.T.);
#830=FACE_OUTER_BOUND('',#1100,.T.);
#831=FACE_OUTER_BOUND('',#1101,.T.);
#832=FACE_OUTER_BOUND('',#1102,.T.);
#833=FACE_OUTER_BOUND('',#1103,.T.);
#834=FACE_OUTER_BOUND('',#1104,.T.);
#835=FACE_OUTER_BOUND('',#1105,.T.);
#836=FACE_OUTER_BOUND('',#1106,.T.);
#837=FACE_OUTER_BOUND('',#1107,.T.);
#838=FACE_OUTER_BOUND('',#1108,.T.);
#839=FACE_OUTER_BOUND('',#1110,.T.);
#840=FACE_OUTER_BOUND('',#1111,.T.);
#841=FACE_OUTER_BOUND('',#1112,.T.);
#842=FACE_OUTER_BOUND('',#1113,.T.);
#843=FACE_OUTER_BOUND('',#1114,.T.);
#844=FACE_OUTER_BOUND('',#1115,.T.);
#845=FACE_OUTER_BOUND('',#1116,.T.);
#846=FACE_OUTER_BOUND('',#1117,.T.);
#847=FACE_OUTER_BOUND('',#1118,.T.);
#848=FACE_OUTER_BOUND('',#1119,.T.);
#849=EDGE_LOOP('',(#2651,#2652,#2653,#2654));
#850=EDGE_LOOP('',(#2655,#2656,#2657,#2658));
#851=EDGE_LOOP('',(#2659,#2660,#2661,#2662));
#852=EDGE_LOOP('',(#2663,#2664,#2665,#2666));
#853=EDGE_LOOP('',(#2667,#2668,#2669,#2670));
#854=EDGE_LOOP('',(#2671,#2672,#2673,#2674));
#855=EDGE_LOOP('',(#2675,#2676,#2677,#2678));
#856=EDGE_LOOP('',(#2679,#2680,#2681,#2682));
#857=EDGE_LOOP('',(#2683,#2684,#2685,#2686,#2687,#2688,#2689,#2690));
#858=EDGE_LOOP('',(#2691,#2692,#2693,#2694,#2695,#2696,#2697,#2698));
#859=EDGE_LOOP('',(#2699,#2700,#2701,#2702));
#860=EDGE_LOOP('',(#2703,#2704,#2705,#2706));
#861=EDGE_LOOP('',(#2707,#2708,#2709,#2710));
#862=EDGE_LOOP('',(#2711,#2712,#2713,#2714));
#863=EDGE_LOOP('',(#2715,#2716,#2717,#2718));
#864=EDGE_LOOP('',(#2719,#2720,#2721,#2722));
#865=EDGE_LOOP('',(#2723,#2724,#2725,#2726));
#866=EDGE_LOOP('',(#2727,#2728,#2729,#2730));
#867=EDGE_LOOP('',(#2731,#2732,#2733,#2734,#2735,#2736,#2737,#2738));
#868=EDGE_LOOP('',(#2739,#2740,#2741,#2742,#2743,#2744,#2745,#2746));
#869=EDGE_LOOP('',(#2747,#2748,#2749,#2750,#2751,#2752));
#870=EDGE_LOOP('',(#2753,#2754,#2755,#2756,#2757,#2758));
#871=EDGE_LOOP('',(#2759,#2760,#2761,#2762));
#872=EDGE_LOOP('',(#2763,#2764,#2765,#2766,#2767,#2768));
#873=EDGE_LOOP('',(#2769,#2770,#2771,#2772,#2773,#2774));
#874=EDGE_LOOP('',(#2775,#2776,#2777,#2778));
#875=EDGE_LOOP('',(#2779,#2780,#2781,#2782));
#876=EDGE_LOOP('',(#2783,#2784,#2785));
#877=EDGE_LOOP('',(#2786,#2787,#2788,#2789));
#878=EDGE_LOOP('',(#2790,#2791,#2792,#2793));
#879=EDGE_LOOP('',(#2794,#2795,#2796,#2797));
#880=EDGE_LOOP('',(#2798,#2799,#2800));
#881=EDGE_LOOP('',(#2801,#2802,#2803,#2804));
#882=EDGE_LOOP('',(#2805,#2806,#2807,#2808));
#883=EDGE_LOOP('',(#2809,#2810,#2811,#2812));
#884=EDGE_LOOP('',(#2813,#2814,#2815,#2816));
#885=EDGE_LOOP('',(#2817,#2818,#2819));
#886=EDGE_LOOP('',(#2820,#2821,#2822));
#887=EDGE_LOOP('',(#2823,#2824,#2825,#2826));
#888=EDGE_LOOP('',(#2827,#2828,#2829));
#889=EDGE_LOOP('',(#2830,#2831,#2832,#2833));
#890=EDGE_LOOP('',(#2834,#2835,#2836,#2837));
#891=EDGE_LOOP('',(#2838,#2839,#2840,#2841));
#892=EDGE_LOOP('',(#2842,#2843,#2844,#2845));
#893=EDGE_LOOP('',(#2846,#2847,#2848,#2849));
#894=EDGE_LOOP('',(#2850,#2851,#2852,#2853));
#895=EDGE_LOOP('',(#2854,#2855,#2856,#2857));
#896=EDGE_LOOP('',(#2858,#2859,#2860,#2861));
#897=EDGE_LOOP('',(#2862,#2863,#2864,#2865));
#898=EDGE_LOOP('',(#2866,#2867,#2868,#2869));
#899=EDGE_LOOP('',(#2870,#2871,#2872,#2873));
#900=EDGE_LOOP('',(#2874,#2875,#2876,#2877));
#901=EDGE_LOOP('',(#2878,#2879,#2880,#2881));
#902=EDGE_LOOP('',(#2882,#2883,#2884,#2885,#2886));
#903=EDGE_LOOP('',(#2887,#2888,#2889,#2890));
#904=EDGE_LOOP('',(#2891,#2892,#2893,#2894));
#905=EDGE_LOOP('',(#2895,#2896,#2897,#2898));
#906=EDGE_LOOP('',(#2899,#2900,#2901,#2902));
#907=EDGE_LOOP('',(#2903,#2904,#2905,#2906));
#908=EDGE_LOOP('',(#2907,#2908,#2909,#2910));
#909=EDGE_LOOP('',(#2911,#2912,#2913,#2914));
#910=EDGE_LOOP('',(#2915,#2916,#2917,#2918));
#911=EDGE_LOOP('',(#2919,#2920,#2921,#2922));
#912=EDGE_LOOP('',(#2923,#2924,#2925));
#913=EDGE_LOOP('',(#2926,#2927,#2928,#2929));
#914=EDGE_LOOP('',(#2930,#2931,#2932,#2933));
#915=EDGE_LOOP('',(#2934,#2935,#2936,#2937));
#916=EDGE_LOOP('',(#2938,#2939,#2940,#2941));
#917=EDGE_LOOP('',(#2942,#2943,#2944,#2945));
#918=EDGE_LOOP('',(#2946,#2947,#2948,#2949));
#919=EDGE_LOOP('',(#2950,#2951,#2952,#2953));
#920=EDGE_LOOP('',(#2954,#2955,#2956,#2957));
#921=EDGE_LOOP('',(#2958,#2959,#2960,#2961));
#922=EDGE_LOOP('',(#2962,#2963,#2964));
#923=EDGE_LOOP('',(#2965,#2966,#2967));
#924=EDGE_LOOP('',(#2968,#2969,#2970,#2971));
#925=EDGE_LOOP('',(#2972,#2973,#2974,#2975));
#926=EDGE_LOOP('',(#2976,#2977,#2978));
#927=EDGE_LOOP('',(#2979,#2980,#2981,#2982));
#928=EDGE_LOOP('',(#2983,#2984,#2985,#2986,#2987,#2988,#2989,#2990,#2991,
#2992));
#929=EDGE_LOOP('',(#2993,#2994,#2995,#2996));
#930=EDGE_LOOP('',(#2997,#2998,#2999,#3000));
#931=EDGE_LOOP('',(#3001,#3002,#3003,#3004));
#932=EDGE_LOOP('',(#3005,#3006,#3007,#3008,#3009,#3010,#3011,#3012,#3013,
#3014));
#933=EDGE_LOOP('',(#3015,#3016,#3017,#3018));
#934=EDGE_LOOP('',(#3019,#3020,#3021,#3022));
#935=EDGE_LOOP('',(#3023,#3024,#3025,#3026));
#936=EDGE_LOOP('',(#3027,#3028,#3029,#3030));
#937=EDGE_LOOP('',(#3031,#3032,#3033,#3034,#3035,#3036,#3037,#3038,#3039,
#3040,#3041,#3042,#3043));
#938=EDGE_LOOP('',(#3044,#3045,#3046,#3047,#3048));
#939=EDGE_LOOP('',(#3049,#3050,#3051,#3052,#3053,#3054));
#940=EDGE_LOOP('',(#3055,#3056,#3057,#3058,#3059));
#941=EDGE_LOOP('',(#3060,#3061,#3062,#3063,#3064,#3065,#3066,#3067,#3068));
#942=EDGE_LOOP('',(#3069,#3070,#3071));
#943=EDGE_LOOP('',(#3072,#3073,#3074,#3075));
#944=EDGE_LOOP('',(#3076,#3077,#3078,#3079));
#945=EDGE_LOOP('',(#3080,#3081,#3082,#3083,#3084));
#946=EDGE_LOOP('',(#3085,#3086,#3087));
#947=EDGE_LOOP('',(#3088,#3089,#3090,#3091,#3092));
#948=EDGE_LOOP('',(#3093,#3094,#3095,#3096));
#949=EDGE_LOOP('',(#3097,#3098,#3099,#3100));
#950=EDGE_LOOP('',(#3101,#3102,#3103));
#951=EDGE_LOOP('',(#3104,#3105,#3106));
#952=EDGE_LOOP('',(#3107,#3108,#3109,#3110));
#953=EDGE_LOOP('',(#3111,#3112,#3113,#3114));
#954=EDGE_LOOP('',(#3115,#3116,#3117,#3118));
#955=EDGE_LOOP('',(#3119,#3120,#3121,#3122));
#956=EDGE_LOOP('',(#3123,#3124,#3125));
#957=EDGE_LOOP('',(#3126,#3127,#3128,#3129));
#958=EDGE_LOOP('',(#3130,#3131,#3132));
#959=EDGE_LOOP('',(#3133,#3134,#3135,#3136));
#960=EDGE_LOOP('',(#3137,#3138,#3139));
#961=EDGE_LOOP('',(#3140,#3141,#3142,#3143));
#962=EDGE_LOOP('',(#3144,#3145,#3146,#3147));
#963=EDGE_LOOP('',(#3148,#3149,#3150,#3151));
#964=EDGE_LOOP('',(#3152,#3153,#3154));
#965=EDGE_LOOP('',(#3155,#3156,#3157,#3158));
#966=EDGE_LOOP('',(#3159,#3160,#3161,#3162));
#967=EDGE_LOOP('',(#3163,#3164,#3165,#3166));
#968=EDGE_LOOP('',(#3167,#3168,#3169,#3170));
#969=EDGE_LOOP('',(#3171,#3172,#3173,#3174));
#970=EDGE_LOOP('',(#3175,#3176,#3177));
#971=EDGE_LOOP('',(#3178,#3179,#3180,#3181));
#972=EDGE_LOOP('',(#3182,#3183,#3184));
#973=EDGE_LOOP('',(#3185,#3186,#3187,#3188));
#974=EDGE_LOOP('',(#3189,#3190,#3191,#3192));
#975=EDGE_LOOP('',(#3193,#3194,#3195,#3196));
#976=EDGE_LOOP('',(#3197,#3198,#3199));
#977=EDGE_LOOP('',(#3200,#3201,#3202,#3203));
#978=EDGE_LOOP('',(#3204,#3205,#3206,#3207));
#979=EDGE_LOOP('',(#3208,#3209,#3210,#3211));
#980=EDGE_LOOP('',(#3212,#3213,#3214,#3215));
#981=EDGE_LOOP('',(#3216,#3217,#3218,#3219));
#982=EDGE_LOOP('',(#3220,#3221,#3222,#3223));
#983=EDGE_LOOP('',(#3224,#3225,#3226,#3227));
#984=EDGE_LOOP('',(#3228,#3229,#3230));
#985=EDGE_LOOP('',(#3231,#3232,#3233,#3234));
#986=EDGE_LOOP('',(#3235,#3236,#3237));
#987=EDGE_LOOP('',(#3238,#3239,#3240,#3241));
#988=EDGE_LOOP('',(#3242,#3243,#3244,#3245));
#989=EDGE_LOOP('',(#3246,#3247,#3248,#3249));
#990=EDGE_LOOP('',(#3250,#3251,#3252,#3253));
#991=EDGE_LOOP('',(#3254,#3255,#3256,#3257));
#992=EDGE_LOOP('',(#3258,#3259,#3260,#3261));
#993=EDGE_LOOP('',(#3262,#3263,#3264,#3265));
#994=EDGE_LOOP('',(#3266,#3267,#3268,#3269));
#995=EDGE_LOOP('',(#3270,#3271,#3272,#3273));
#996=EDGE_LOOP('',(#3274,#3275,#3276,#3277));
#997=EDGE_LOOP('',(#3278,#3279,#3280,#3281));
#998=EDGE_LOOP('',(#3282,#3283,#3284,#3285));
#999=EDGE_LOOP('',(#3286,#3287,#3288,#3289));
#1000=EDGE_LOOP('',(#3290,#3291,#3292,#3293));
#1001=EDGE_LOOP('',(#3294,#3295,#3296,#3297));
#1002=EDGE_LOOP('',(#3298,#3299,#3300,#3301));
#1003=EDGE_LOOP('',(#3302,#3303,#3304,#3305));
#1004=EDGE_LOOP('',(#3306,#3307,#3308,#3309));
#1005=EDGE_LOOP('',(#3310,#3311,#3312,#3313));
#1006=EDGE_LOOP('',(#3314,#3315,#3316,#3317));
#1007=EDGE_LOOP('',(#3318,#3319,#3320,#3321));
#1008=EDGE_LOOP('',(#3322,#3323,#3324,#3325));
#1009=EDGE_LOOP('',(#3326,#3327,#3328));
#1010=EDGE_LOOP('',(#3329,#3330,#3331,#3332));
#1011=EDGE_LOOP('',(#3333,#3334,#3335,#3336));
#1012=EDGE_LOOP('',(#3337,#3338,#3339,#3340));
#1013=EDGE_LOOP('',(#3341,#3342,#3343,#3344));
#1014=EDGE_LOOP('',(#3345,#3346,#3347,#3348));
#1015=EDGE_LOOP('',(#3349,#3350,#3351));
#1016=EDGE_LOOP('',(#3352,#3353,#3354,#3355));
#1017=EDGE_LOOP('',(#3356,#3357,#3358,#3359));
#1018=EDGE_LOOP('',(#3360,#3361,#3362,#3363));
#1019=EDGE_LOOP('',(#3364,#3365,#3366,#3367));
#1020=EDGE_LOOP('',(#3368,#3369,#3370,#3371));
#1021=EDGE_LOOP('',(#3372,#3373,#3374,#3375));
#1022=EDGE_LOOP('',(#3376,#3377,#3378,#3379));
#1023=EDGE_LOOP('',(#3380,#3381,#3382,#3383));
#1024=EDGE_LOOP('',(#3384,#3385,#3386,#3387));
#1025=EDGE_LOOP('',(#3388,#3389,#3390,#3391));
#1026=EDGE_LOOP('',(#3392,#3393,#3394,#3395));
#1027=EDGE_LOOP('',(#3396,#3397,#3398,#3399));
#1028=EDGE_LOOP('',(#3400,#3401,#3402,#3403,#3404,#3405,#3406));
#1029=EDGE_LOOP('',(#3407,#3408,#3409,#3410));
#1030=EDGE_LOOP('',(#3411,#3412,#3413,#3414));
#1031=EDGE_LOOP('',(#3415,#3416,#3417,#3418));
#1032=EDGE_LOOP('',(#3419,#3420,#3421,#3422));
#1033=EDGE_LOOP('',(#3423,#3424,#3425,#3426,#3427,#3428,#3429,#3430,#3431,
#3432));
#1034=EDGE_LOOP('',(#3433,#3434,#3435,#3436));
#1035=EDGE_LOOP('',(#3437,#3438,#3439,#3440));
#1036=EDGE_LOOP('',(#3441,#3442,#3443,#3444));
#1037=EDGE_LOOP('',(#3445,#3446,#3447,#3448));
#1038=EDGE_LOOP('',(#3449,#3450,#3451,#3452));
#1039=EDGE_LOOP('',(#3453,#3454,#3455,#3456));
#1040=EDGE_LOOP('',(#3457,#3458,#3459,#3460));
#1041=EDGE_LOOP('',(#3461,#3462,#3463,#3464,#3465,#3466,#3467,#3468,#3469,
#3470));
#1042=EDGE_LOOP('',(#3471,#3472,#3473,#3474,#3475));
#1043=EDGE_LOOP('',(#3476,#3477,#3478,#3479));
#1044=EDGE_LOOP('',(#3480,#3481,#3482,#3483));
#1045=EDGE_LOOP('',(#3484,#3485,#3486,#3487,#3488,#3489,#3490,#3491,#3492,
#3493,#3494,#3495,#3496,#3497,#3498,#3499,#3500,#3501,#3502,#3503,#3504,
#3505,#3506,#3507));
#1046=EDGE_LOOP('',(#3508,#3509,#3510,#3511));
#1047=EDGE_LOOP('',(#3512,#3513,#3514,#3515));
#1048=EDGE_LOOP('',(#3516,#3517,#3518,#3519));
#1049=EDGE_LOOP('',(#3520,#3521,#3522,#3523));
#1050=EDGE_LOOP('',(#3524,#3525,#3526,#3527,#3528,#3529,#3530,#3531,#3532,
#3533,#3534,#3535,#3536,#3537));
#1051=EDGE_LOOP('',(#3538,#3539,#3540,#3541,#3542,#3543));
#1052=EDGE_LOOP('',(#3544,#3545,#3546,#3547));
#1053=EDGE_LOOP('',(#3548,#3549,#3550,#3551));
#1054=EDGE_LOOP('',(#3552,#3553,#3554,#3555));
#1055=EDGE_LOOP('',(#3556,#3557,#3558,#3559,#3560,#3561,#3562,#3563,#3564));
#1056=EDGE_LOOP('',(#3565,#3566,#3567));
#1057=EDGE_LOOP('',(#3568,#3569,#3570,#3571,#3572));
#1058=EDGE_LOOP('',(#3573,#3574,#3575,#3576));
#1059=EDGE_LOOP('',(#3577,#3578,#3579,#3580,#3581));
#1060=EDGE_LOOP('',(#3582,#3583,#3584,#3585));
#1061=EDGE_LOOP('',(#3586,#3587,#3588,#3589,#3590,#3591,#3592,#3593,#3594,
#3595,#3596));
#1062=EDGE_LOOP('',(#3597,#3598,#3599,#3600));
#1063=EDGE_LOOP('',(#3601,#3602,#3603,#3604));
#1064=EDGE_LOOP('',(#3605,#3606,#3607,#3608));
#1065=EDGE_LOOP('',(#3609,#3610,#3611,#3612));
#1066=EDGE_LOOP('',(#3613,#3614,#3615,#3616));
#1067=EDGE_LOOP('',(#3617,#3618,#3619,#3620));
#1068=EDGE_LOOP('',(#3621,#3622,#3623,#3624));
#1069=EDGE_LOOP('',(#3625,#3626,#3627,#3628));
#1070=EDGE_LOOP('',(#3629,#3630,#3631,#3632));
#1071=EDGE_LOOP('',(#3633,#3634,#3635,#3636));
#1072=EDGE_LOOP('',(#3637,#3638,#3639,#3640));
#1073=EDGE_LOOP('',(#3641,#3642,#3643,#3644));
#1074=EDGE_LOOP('',(#3645,#3646,#3647,#3648));
#1075=EDGE_LOOP('',(#3649,#3650,#3651,#3652,#3653,#3654,#3655,#3656,#3657,
#3658,#3659,#3660,#3661,#3662,#3663,#3664,#3665,#3666,#3667,#3668,#3669,
#3670,#3671,#3672,#3673,#3674));
#1076=EDGE_LOOP('',(#3675,#3676,#3677,#3678));
#1077=EDGE_LOOP('',(#3679,#3680,#3681,#3682,#3683,#3684,#3685,#3686,#3687,
#3688,#3689,#3690));
#1078=EDGE_LOOP('',(#3691,#3692,#3693,#3694));
#1079=EDGE_LOOP('',(#3695,#3696,#3697,#3698));
#1080=EDGE_LOOP('',(#3699,#3700,#3701,#3702,#3703));
#1081=EDGE_LOOP('',(#3704,#3705,#3706,#3707));
#1082=EDGE_LOOP('',(#3708));
#1083=EDGE_LOOP('',(#3709));
#1084=EDGE_LOOP('',(#3710,#3711,#3712,#3713,#3714,#3715,#3716,#3717,#3718,
#3719));
#1085=EDGE_LOOP('',(#3720,#3721,#3722,#3723));
#1086=EDGE_LOOP('',(#3724,#3725,#3726,#3727,#3728,#3729,#3730,#3731,#3732,
#3733));
#1087=EDGE_LOOP('',(#3734,#3735,#3736,#3737));
#1088=EDGE_LOOP('',(#3738,#3739,#3740,#3741,#3742,#3743,#3744));
#1089=EDGE_LOOP('',(#3745,#3746,#3747,#3748));
#1090=EDGE_LOOP('',(#3749));
#1091=EDGE_LOOP('',(#3750));
#1092=EDGE_LOOP('',(#3751,#3752,#3753,#3754));
#1093=EDGE_LOOP('',(#3755,#3756,#3757,#3758));
#1094=EDGE_LOOP('',(#3759,#3760,#3761,#3762));
#1095=EDGE_LOOP('',(#3763,#3764,#3765,#3766));
#1096=EDGE_LOOP('',(#3767,#3768,#3769,#3770));
#1097=EDGE_LOOP('',(#3771,#3772,#3773,#3774));
#1098=EDGE_LOOP('',(#3775,#3776,#3777,#3778));
#1099=EDGE_LOOP('',(#3779,#3780,#3781,#3782));
#1100=EDGE_LOOP('',(#3783,#3784,#3785,#3786));
#1101=EDGE_LOOP('',(#3787,#3788,#3789,#3790));
#1102=EDGE_LOOP('',(#3791,#3792,#3793,#3794));
#1103=EDGE_LOOP('',(#3795,#3796,#3797,#3798));
#1104=EDGE_LOOP('',(#3799,#3800,#3801,#3802));
#1105=EDGE_LOOP('',(#3803,#3804,#3805,#3806));
#1106=EDGE_LOOP('',(#3807,#3808,#3809,#3810));
#1107=EDGE_LOOP('',(#3811,#3812,#3813,#3814));
#1108=EDGE_LOOP('',(#3815,#3816,#3817,#3818,#3819,#3820,#3821,#3822));
#1109=EDGE_LOOP('',(#3823,#3824,#3825,#3826,#3827,#3828,#3829,#3830));
#1110=EDGE_LOOP('',(#3831,#3832,#3833,#3834));
#1111=EDGE_LOOP('',(#3835,#3836,#3837,#3838));
#1112=EDGE_LOOP('',(#3839,#3840,#3841,#3842));
#1113=EDGE_LOOP('',(#3843,#3844,#3845,#3846));
#1114=EDGE_LOOP('',(#3847,#3848,#3849,#3850));
#1115=EDGE_LOOP('',(#3851,#3852,#3853,#3854));
#1116=EDGE_LOOP('',(#3855,#3856,#3857,#3858));
#1117=EDGE_LOOP('',(#3859,#3860,#3861,#3862));
#1118=EDGE_LOOP('',(#3863,#3864,#3865,#3866,#3867,#3868,#3869,#3870));
#1119=EDGE_LOOP('',(#3871,#3872,#3873,#3874,#3875,#3876,#3877,#3878));
#1120=LINE('',#6207,#1402);
#1121=LINE('',#6209,#1403);
#1122=LINE('',#6211,#1404);
#1123=LINE('',#6212,#1405);
#1124=LINE('',#6218,#1406);
#1125=LINE('',#6221,#1407);
#1126=LINE('',#6223,#1408);
#1127=LINE('',#6224,#1409);
#1128=LINE('',#6230,#1410);
#1129=LINE('',#6233,#1411);
#1130=LINE('',#6235,#1412);
#1131=LINE('',#6236,#1413);
#1132=LINE('',#6242,#1414);
#1133=LINE('',#6245,#1415);
#1134=LINE('',#6247,#1416);
#1135=LINE('',#6248,#1417);
#1136=LINE('',#6257,#1418);
#1137=LINE('',#6261,#1419);
#1138=LINE('',#6265,#1420);
#1139=LINE('',#6268,#1421);
#1140=LINE('',#6271,#1422);
#1141=LINE('',#6273,#1423);
#1142=LINE('',#6274,#1424);
#1143=LINE('',#6278,#1425);
#1144=LINE('',#6281,#1426);
#1145=LINE('',#6282,#1427);
#1146=LINE('',#6286,#1428);
#1147=LINE('',#6289,#1429);
#1148=LINE('',#6290,#1430);
#1149=LINE('',#6294,#1431);
#1150=LINE('',#6297,#1432);
#1151=LINE('',#6298,#1433);
#1152=LINE('',#6316,#1434);
#1153=LINE('',#6321,#1435);
#1154=LINE('',#6325,#1436);
#1155=LINE('',#6328,#1437);
#1156=LINE('',#6331,#1438);
#1157=LINE('',#6345,#1439);
#1158=LINE('',#6350,#1440);
#1159=LINE('',#6354,#1441);
#1160=LINE('',#6357,#1442);
#1161=LINE('',#6360,#1443);
#1162=LINE('',#6403,#1444);
#1163=LINE('',#6404,#1445);
#1164=LINE('',#6415,#1446);
#1165=LINE('',#6416,#1447);
#1166=LINE('',#6431,#1448);
#1167=LINE('',#6432,#1449);
#1168=LINE('',#6503,#1450);
#1169=LINE('',#6504,#1451);
#1170=LINE('',#6516,#1452);
#1171=LINE('',#6517,#1453);
#1172=LINE('',#6525,#1454);
#1173=LINE('',#6526,#1455);
#1174=LINE('',#6583,#1456);
#1175=LINE('',#6584,#1457);
#1176=LINE('',#6635,#1458);
#1177=LINE('',#6636,#1459);
#1178=LINE('',#6698,#1460);
#1179=LINE('',#6699,#1461);
#1180=LINE('',#6831,#1462);
#1181=LINE('',#6832,#1463);
#1182=LINE('',#6834,#1464);
#1183=LINE('',#6835,#1465);
#1184=LINE('',#6843,#1466);
#1185=LINE('',#6844,#1467);
#1186=LINE('',#6846,#1468);
#1187=LINE('',#6847,#1469);
#1188=LINE('',#6849,#1470);
#1189=LINE('',#6850,#1471);
#1190=LINE('',#6855,#1472);
#1191=LINE('',#6856,#1473);
#1192=LINE('',#6935,#1474);
#1193=LINE('',#6936,#1475);
#1194=LINE('',#6944,#1476);
#1195=LINE('',#6945,#1477);
#1196=LINE('',#6947,#1478);
#1197=LINE('',#6948,#1479);
#1198=LINE('',#6953,#1480);
#1199=LINE('',#6954,#1481);
#1200=LINE('',#6956,#1482);
#1201=LINE('',#6957,#1483);
#1202=LINE('',#6961,#1484);
#1203=LINE('',#6962,#1485);
#1204=LINE('',#6967,#1486);
#1205=LINE('',#6968,#1487);
#1206=LINE('',#7130,#1488);
#1207=LINE('',#7134,#1489);
#1208=LINE('',#7137,#1490);
#1209=LINE('',#7140,#1491);
#1210=LINE('',#7141,#1492);
#1211=LINE('',#7144,#1493);
#1212=LINE('',#7147,#1494);
#1213=LINE('',#7150,#1495);
#1214=LINE('',#7153,#1496);
#1215=LINE('',#7156,#1497);
#1216=LINE('',#7158,#1498);
#1217=LINE('',#7160,#1499);
#1218=LINE('',#7162,#1500);
#1219=LINE('',#7164,#1501);
#1220=LINE('',#7168,#1502);
#1221=LINE('',#7172,#1503);
#1222=LINE('',#7173,#1504);
#1223=LINE('',#7176,#1505);
#1224=LINE('',#7179,#1506);
#1225=LINE('',#7181,#1507);
#1226=LINE('',#7187,#1508);
#1227=LINE('',#7189,#1509);
#1228=LINE('',#7192,#1510);
#1229=LINE('',#7201,#1511);
#1230=LINE('',#7203,#1512);
#1231=LINE('',#7233,#1513);
#1232=LINE('',#7234,#1514);
#1233=LINE('',#7259,#1515);
#1234=LINE('',#7260,#1516);
#1235=LINE('',#7262,#1517);
#1236=LINE('',#7263,#1518);
#1237=LINE('',#7266,#1519);
#1238=LINE('',#7268,#1520);
#1239=LINE('',#7288,#1521);
#1240=LINE('',#7289,#1522);
#1241=LINE('',#7307,#1523);
#1242=LINE('',#7308,#1524);
#1243=LINE('',#7310,#1525);
#1244=LINE('',#7311,#1526);
#1245=LINE('',#7323,#1527);
#1246=LINE('',#7324,#1528);
#1247=LINE('',#7334,#1529);
#1248=LINE('',#7335,#1530);
#1249=LINE('',#7341,#1531);
#1250=LINE('',#7342,#1532);
#1251=LINE('',#7363,#1533);
#1252=LINE('',#7364,#1534);
#1253=LINE('',#7375,#1535);
#1254=LINE('',#7376,#1536);
#1255=LINE('',#7385,#1537);
#1256=LINE('',#7386,#1538);
#1257=LINE('',#7388,#1539);
#1258=LINE('',#7389,#1540);
#1259=LINE('',#7399,#1541);
#1260=LINE('',#7401,#1542);
#1261=LINE('',#7428,#1543);
#1262=LINE('',#7429,#1544);
#1263=LINE('',#7438,#1545);
#1264=LINE('',#7439,#1546);
#1265=LINE('',#7443,#1547);
#1266=LINE('',#7444,#1548);
#1267=LINE('',#7452,#1549);
#1268=LINE('',#7460,#1550);
#1269=LINE('',#7461,#1551);
#1270=LINE('',#7466,#1552);
#1271=LINE('',#7467,#1553);
#1272=LINE('',#7486,#1554);
#1273=LINE('',#7487,#1555);
#1274=LINE('',#7498,#1556);
#1275=LINE('',#7499,#1557);
#1276=LINE('',#7510,#1558);
#1277=LINE('',#7511,#1559);
#1278=LINE('',#7527,#1560);
#1279=LINE('',#7528,#1561);
#1280=LINE('',#7530,#1562);
#1281=LINE('',#7531,#1563);
#1282=LINE('',#7533,#1564);
#1283=LINE('',#7534,#1565);
#1284=LINE('',#7536,#1566);
#1285=LINE('',#7537,#1567);
#1286=LINE('',#7539,#1568);
#1287=LINE('',#7540,#1569);
#1288=LINE('',#7542,#1570);
#1289=LINE('',#7543,#1571);
#1290=LINE('',#7545,#1572);
#1291=LINE('',#7546,#1573);
#1292=LINE('',#7551,#1574);
#1293=LINE('',#7552,#1575);
#1294=LINE('',#7558,#1576);
#1295=LINE('',#7560,#1577);
#1296=LINE('',#7562,#1578);
#1297=LINE('',#7563,#1579);
#1298=LINE('',#7565,#1580);
#1299=LINE('',#7566,#1581);
#1300=LINE('',#7571,#1582);
#1301=LINE('',#7572,#1583);
#1302=LINE('',#7580,#1584);
#1303=LINE('',#7598,#1585);
#1304=LINE('',#7599,#1586);
#1305=LINE('',#7616,#1587);
#1306=LINE('',#7617,#1588);
#1307=LINE('',#7619,#1589);
#1308=LINE('',#7620,#1590);
#1309=LINE('',#7636,#1591);
#1310=LINE('',#7637,#1592);
#1311=LINE('',#7639,#1593);
#1312=LINE('',#7642,#1594);
#1313=LINE('',#7644,#1595);
#1314=LINE('',#7646,#1596);
#1315=LINE('',#7648,#1597);
#1316=LINE('',#7651,#1598);
#1317=LINE('',#7654,#1599);
#1318=LINE('',#7657,#1600);
#1319=LINE('',#7659,#1601);
#1320=LINE('',#7663,#1602);
#1321=LINE('',#7667,#1603);
#1322=LINE('',#7668,#1604);
#1323=LINE('',#7671,#1605);
#1324=LINE('',#7675,#1606);
#1325=LINE('',#7676,#1607);
#1326=LINE('',#7679,#1608);
#1327=LINE('',#7683,#1609);
#1328=LINE('',#7684,#1610);
#1329=LINE('',#7687,#1611);
#1330=LINE('',#7690,#1612);
#1331=LINE('',#7691,#1613);
#1332=LINE('',#7703,#1614);
#1333=LINE('',#7707,#1615);
#1334=LINE('',#7714,#1616);
#1335=LINE('',#7717,#1617);
#1336=LINE('',#7736,#1618);
#1337=LINE('',#7739,#1619);
#1338=LINE('',#7740,#1620);
#1339=LINE('',#7751,#1621);
#1340=LINE('',#7753,#1622);
#1341=LINE('',#7754,#1623);
#1342=LINE('',#7756,#1624);
#1343=LINE('',#7758,#1625);
#1344=LINE('',#7770,#1626);
#1345=LINE('',#7787,#1627);
#1346=LINE('',#7795,#1628);
#1347=LINE('',#7803,#1629);
#1348=LINE('',#7817,#1630);
#1349=LINE('',#7819,#1631);
#1350=LINE('',#7820,#1632);
#1351=LINE('',#7825,#1633);
#1352=LINE('',#7826,#1634);
#1353=LINE('',#7828,#1635);
#1354=LINE('',#7830,#1636);
#1355=LINE('',#7832,#1637);
#1356=LINE('',#7839,#1638);
#1357=LINE('',#7847,#1639);
#1358=LINE('',#7854,#1640);
#1359=LINE('',#7856,#1641);
#1360=LINE('',#7858,#1642);
#1361=LINE('',#7859,#1643);
#1362=LINE('',#7865,#1644);
#1363=LINE('',#7868,#1645);
#1364=LINE('',#7870,#1646);
#1365=LINE('',#7871,#1647);
#1366=LINE('',#7877,#1648);
#1367=LINE('',#7880,#1649);
#1368=LINE('',#7882,#1650);
#1369=LINE('',#7883,#1651);
#1370=LINE('',#7889,#1652);
#1371=LINE('',#7892,#1653);
#1372=LINE('',#7894,#1654);
#1373=LINE('',#7895,#1655);
#1374=LINE('',#7902,#1656);
#1375=LINE('',#7904,#1657);
#1376=LINE('',#7906,#1658);
#1377=LINE('',#7907,#1659);
#1378=LINE('',#7912,#1660);
#1379=LINE('',#7916,#1661);
#1380=LINE('',#7918,#1662);
#1381=LINE('',#7919,#1663);
#1382=LINE('',#7924,#1664);
#1383=LINE('',#7928,#1665);
#1384=LINE('',#7930,#1666);
#1385=LINE('',#7931,#1667);
#1386=LINE('',#7936,#1668);
#1387=LINE('',#7940,#1669);
#1388=LINE('',#7942,#1670);
#1389=LINE('',#7943,#1671);
#1390=LINE('',#7950,#1672);
#1391=LINE('',#7952,#1673);
#1392=LINE('',#7953,#1674);
#1393=LINE('',#7957,#1675);
#1394=LINE('',#7960,#1676);
#1395=LINE('',#7961,#1677);
#1396=LINE('',#7965,#1678);
#1397=LINE('',#7968,#1679);
#1398=LINE('',#7969,#1680);
#1399=LINE('',#7973,#1681);
#1400=LINE('',#7976,#1682);
#1401=LINE('',#7977,#1683);
#1402=VECTOR('',#4814,10.);
#1403=VECTOR('',#4815,10.);
#1404=VECTOR('',#4816,10.);
#1405=VECTOR('',#4817,10.);
#1406=VECTOR('',#4824,10.);
#1407=VECTOR('',#4827,10.);
#1408=VECTOR('',#4828,10.);
#1409=VECTOR('',#4829,10.);
#1410=VECTOR('',#4836,10.);
#1411=VECTOR('',#4839,10.);
#1412=VECTOR('',#4840,10.);
#1413=VECTOR('',#4841,10.);
#1414=VECTOR('',#4848,10.);
#1415=VECTOR('',#4851,10.);
#1416=VECTOR('',#4852,10.);
#1417=VECTOR('',#4853,10.);
#1418=VECTOR('',#4864,10.);
#1419=VECTOR('',#4867,10.);
#1420=VECTOR('',#4870,10.);
#1421=VECTOR('',#4873,10.);
#1422=VECTOR('',#4876,10.);
#1423=VECTOR('',#4877,10.);
#1424=VECTOR('',#4878,10.);
#1425=VECTOR('',#4883,10.);
#1426=VECTOR('',#4886,10.);
#1427=VECTOR('',#4887,10.);
#1428=VECTOR('',#4892,10.);
#1429=VECTOR('',#4895,10.);
#1430=VECTOR('',#4896,10.);
#1431=VECTOR('',#4901,10.);
#1432=VECTOR('',#4904,10.);
#1433=VECTOR('',#4905,10.);
#1434=VECTOR('',#4920,4.14999999999999);
#1435=VECTOR('',#4927,10.);
#1436=VECTOR('',#4930,10.);
#1437=VECTOR('',#4933,10.);
#1438=VECTOR('',#4936,4.02499999999999);
#1439=VECTOR('',#4943,4.15);
#1440=VECTOR('',#4950,10.);
#1441=VECTOR('',#4953,10.);
#1442=VECTOR('',#4956,10.);
#1443=VECTOR('',#4959,4.025);
#1444=VECTOR('',#4978,10.);
#1445=VECTOR('',#4979,10.);
#1446=VECTOR('',#4992,10.);
#1447=VECTOR('',#4993,10.);
#1448=VECTOR('',#5012,10.);
#1449=VECTOR('',#5013,10.);
#1450=VECTOR('',#5046,10.);
#1451=VECTOR('',#5047,10.);
#1452=VECTOR('',#5060,10.);
#1453=VECTOR('',#5061,10.);
#1454=VECTOR('',#5072,10.);
#1455=VECTOR('',#5073,10.);
#1456=VECTOR('',#5090,10.);
#1457=VECTOR('',#5091,10.);
#1458=VECTOR('',#5100,10.);
#1459=VECTOR('',#5101,10.);
#1460=VECTOR('',#5116,10.);
#1461=VECTOR('',#5117,10.);
#1462=VECTOR('',#5134,10.);
#1463=VECTOR('',#5135,10.);
#1464=VECTOR('',#5138,10.);
#1465=VECTOR('',#5139,10.);
#1466=VECTOR('',#5150,10.);
#1467=VECTOR('',#5151,10.);
#1468=VECTOR('',#5154,10.);
#1469=VECTOR('',#5155,10.);
#1470=VECTOR('',#5158,10.);
#1471=VECTOR('',#5159,10.);
#1472=VECTOR('',#5164,10.);
#1473=VECTOR('',#5165,10.);
#1474=VECTOR('',#5180,10.);
#1475=VECTOR('',#5181,10.);
#1476=VECTOR('',#5192,10.);
#1477=VECTOR('',#5193,10.);
#1478=VECTOR('',#5196,10.);
#1479=VECTOR('',#5197,10.);
#1480=VECTOR('',#5202,10.);
#1481=VECTOR('',#5203,10.);
#1482=VECTOR('',#5206,10.);
#1483=VECTOR('',#5207,10.);
#1484=VECTOR('',#5212,10.);
#1485=VECTOR('',#5213,10.);
#1486=VECTOR('',#5218,10.);
#1487=VECTOR('',#5219,10.);
#1488=VECTOR('',#5238,10.);
#1489=VECTOR('',#5241,10.);
#1490=VECTOR('',#5244,10.);
#1491=VECTOR('',#5247,10.);
#1492=VECTOR('',#5248,10.);
#1493=VECTOR('',#5251,10.);
#1494=VECTOR('',#5254,10.);
#1495=VECTOR('',#5257,10.);
#1496=VECTOR('',#5260,10.);
#1497=VECTOR('',#5263,10.);
#1498=VECTOR('',#5264,10.);
#1499=VECTOR('',#5265,10.);
#1500=VECTOR('',#5266,10.);
#1501=VECTOR('',#5267,10.);
#1502=VECTOR('',#5270,10.);
#1503=VECTOR('',#5275,10.);
#1504=VECTOR('',#5276,10.);
#1505=VECTOR('',#5279,10.);
#1506=VECTOR('',#5284,10.);
#1507=VECTOR('',#5287,10.);
#1508=VECTOR('',#5298,10.);
#1509=VECTOR('',#5301,10.);
#1510=VECTOR('',#5304,10.);
#1511=VECTOR('',#5319,10.);
#1512=VECTOR('',#5320,10.);
#1513=VECTOR('',#5339,10.);
#1514=VECTOR('',#5340,10.);
#1515=VECTOR('',#5369,10.);
#1516=VECTOR('',#5370,10.);
#1517=VECTOR('',#5373,10.);
#1518=VECTOR('',#5374,10.);
#1519=VECTOR('',#5377,10.);
#1520=VECTOR('',#5378,10.);
#1521=VECTOR('',#5405,10.);
#1522=VECTOR('',#5406,10.);
#1523=VECTOR('',#5427,10.);
#1524=VECTOR('',#5428,10.);
#1525=VECTOR('',#5431,10.);
#1526=VECTOR('',#5432,10.);
#1527=VECTOR('',#5445,10.);
#1528=VECTOR('',#5446,10.);
#1529=VECTOR('',#5459,10.);
#1530=VECTOR('',#5460,10.);
#1531=VECTOR('',#5469,10.);
#1532=VECTOR('',#5470,10.);
#1533=VECTOR('',#5497,10.);
#1534=VECTOR('',#5498,10.);
#1535=VECTOR('',#5511,10.);
#1536=VECTOR('',#5512,10.);
#1537=VECTOR('',#5523,10.);
#1538=VECTOR('',#5524,10.);
#1539=VECTOR('',#5527,10.);
#1540=VECTOR('',#5528,10.);
#1541=VECTOR('',#5541,10.);
#1542=VECTOR('',#5544,10.);
#1543=VECTOR('',#5575,10.);
#1544=VECTOR('',#5576,10.);
#1545=VECTOR('',#5587,10.);
#1546=VECTOR('',#5588,10.);
#1547=VECTOR('',#5593,10.);
#1548=VECTOR('',#5594,10.);
#1549=VECTOR('',#5605,10.);
#1550=VECTOR('',#5616,10.);
#1551=VECTOR('',#5617,10.);
#1552=VECTOR('',#5622,10.);
#1553=VECTOR('',#5623,10.);
#1554=VECTOR('',#5634,10.);
#1555=VECTOR('',#5635,10.);
#1556=VECTOR('',#5648,10.);
#1557=VECTOR('',#5649,10.);
#1558=VECTOR('',#5662,10.);
#1559=VECTOR('',#5663,10.);
#1560=VECTOR('',#5672,10.);
#1561=VECTOR('',#5673,10.);
#1562=VECTOR('',#5676,10.);
#1563=VECTOR('',#5677,10.);
#1564=VECTOR('',#5680,10.);
#1565=VECTOR('',#5681,10.);
#1566=VECTOR('',#5684,10.);
#1567=VECTOR('',#5685,10.);
#1568=VECTOR('',#5688,10.);
#1569=VECTOR('',#5689,10.);
#1570=VECTOR('',#5692,10.);
#1571=VECTOR('',#5693,10.);
#1572=VECTOR('',#5696,10.);
#1573=VECTOR('',#5697,10.);
#1574=VECTOR('',#5702,10.);
#1575=VECTOR('',#5703,10.);
#1576=VECTOR('',#5712,10.);
#1577=VECTOR('',#5715,10.);
#1578=VECTOR('',#5718,10.);
#1579=VECTOR('',#5719,10.);
#1580=VECTOR('',#5722,10.);
#1581=VECTOR('',#5723,10.);
#1582=VECTOR('',#5728,10.);
#1583=VECTOR('',#5729,10.);
#1584=VECTOR('',#5740,10.);
#1585=VECTOR('',#5765,10.);
#1586=VECTOR('',#5766,10.);
#1587=VECTOR('',#5791,10.);
#1588=VECTOR('',#5792,10.);
#1589=VECTOR('',#5795,10.);
#1590=VECTOR('',#5796,10.);
#1591=VECTOR('',#5807,10.);
#1592=VECTOR('',#5808,10.);
#1593=VECTOR('',#5811,10.);
#1594=VECTOR('',#5814,10.);
#1595=VECTOR('',#5817,10.);
#1596=VECTOR('',#5820,10.);
#1597=VECTOR('',#5823,10.);
#1598=VECTOR('',#5826,10.);
#1599=VECTOR('',#5829,10.);
#1600=VECTOR('',#5832,10.);
#1601=VECTOR('',#5833,10.);
#1602=VECTOR('',#5838,10.);
#1603=VECTOR('',#5843,10.);
#1604=VECTOR('',#5844,10.);
#1605=VECTOR('',#5847,10.);
#1606=VECTOR('',#5852,10.);
#1607=VECTOR('',#5853,10.);
#1608=VECTOR('',#5856,10.);
#1609=VECTOR('',#5861,10.);
#1610=VECTOR('',#5862,10.);
#1611=VECTOR('',#5865,10.);
#1612=VECTOR('',#5870,10.);
#1613=VECTOR('',#5871,10.);
#1614=VECTOR('',#5892,10.);
#1615=VECTOR('',#5895,10.);
#1616=VECTOR('',#5902,10.);
#1617=VECTOR('',#5905,10.);
#1618=VECTOR('',#5924,10.);
#1619=VECTOR('',#5927,10.);
#1620=VECTOR('',#5928,10.);
#1621=VECTOR('',#5935,10.);
#1622=VECTOR('',#5938,6.);
#1623=VECTOR('',#5939,6.);
#1624=VECTOR('',#5942,10.);
#1625=VECTOR('',#5945,10.);
#1626=VECTOR('',#5962,10.);
#1627=VECTOR('',#5973,10.);
#1628=VECTOR('',#5984,10.);
#1629=VECTOR('',#5995,10.);
#1630=VECTOR('',#6002,10.);
#1631=VECTOR('',#6005,10.);
#1632=VECTOR('',#6006,10.);
#1633=VECTOR('',#6015,10.);
#1634=VECTOR('',#6016,10.);
#1635=VECTOR('',#6019,6.);
#1636=VECTOR('',#6022,10.);
#1637=VECTOR('',#6025,6.);
#1638=VECTOR('',#6038,10.);
#1639=VECTOR('',#6049,4.);
#1640=VECTOR('',#6058,10.);
#1641=VECTOR('',#6059,10.);
#1642=VECTOR('',#6060,10.);
#1643=VECTOR('',#6061,10.);
#1644=VECTOR('',#6068,10.);
#1645=VECTOR('',#6071,10.);
#1646=VECTOR('',#6072,10.);
#1647=VECTOR('',#6073,10.);
#1648=VECTOR('',#6080,10.);
#1649=VECTOR('',#6083,10.);
#1650=VECTOR('',#6084,10.);
#1651=VECTOR('',#6085,10.);
#1652=VECTOR('',#6092,10.);
#1653=VECTOR('',#6095,10.);
#1654=VECTOR('',#6096,10.);
#1655=VECTOR('',#6097,10.);
#1656=VECTOR('',#6106,10.);
#1657=VECTOR('',#6107,10.);
#1658=VECTOR('',#6108,10.);
#1659=VECTOR('',#6109,10.);
#1660=VECTOR('',#6114,10.);
#1661=VECTOR('',#6119,10.);
#1662=VECTOR('',#6120,10.);
#1663=VECTOR('',#6121,10.);
#1664=VECTOR('',#6126,10.);
#1665=VECTOR('',#6131,10.);
#1666=VECTOR('',#6132,10.);
#1667=VECTOR('',#6133,10.);
#1668=VECTOR('',#6138,10.);
#1669=VECTOR('',#6143,10.);
#1670=VECTOR('',#6144,10.);
#1671=VECTOR('',#6145,10.);
#1672=VECTOR('',#6156,10.);
#1673=VECTOR('',#6157,10.);
#1674=VECTOR('',#6158,10.);
#1675=VECTOR('',#6163,10.);
#1676=VECTOR('',#6166,10.);
#1677=VECTOR('',#6167,10.);
#1678=VECTOR('',#6172,10.);
#1679=VECTOR('',#6175,10.);
#1680=VECTOR('',#6176,10.);
#1681=VECTOR('',#6181,10.);
#1682=VECTOR('',#6184,10.);
#1683=VECTOR('',#6185,10.);
#1684=VERTEX_POINT('',#6205);
#1685=VERTEX_POINT('',#6206);
#1686=VERTEX_POINT('',#6208);
#1687=VERTEX_POINT('',#6210);
#1688=VERTEX_POINT('',#6214);
#1689=VERTEX_POINT('',#6216);
#1690=VERTEX_POINT('',#6220);
#1691=VERTEX_POINT('',#6222);
#1692=VERTEX_POINT('',#6226);
#1693=VERTEX_POINT('',#6228);
#1694=VERTEX_POINT('',#6232);
#1695=VERTEX_POINT('',#6234);
#1696=VERTEX_POINT('',#6238);
#1697=VERTEX_POINT('',#6240);
#1698=VERTEX_POINT('',#6244);
#1699=VERTEX_POINT('',#6246);
#1700=VERTEX_POINT('',#6253);
#1701=VERTEX_POINT('',#6254);
#1702=VERTEX_POINT('',#6256);
#1703=VERTEX_POINT('',#6258);
#1704=VERTEX_POINT('',#6260);
#1705=VERTEX_POINT('',#6262);
#1706=VERTEX_POINT('',#6264);
#1707=VERTEX_POINT('',#6266);
#1708=VERTEX_POINT('',#6270);
#1709=VERTEX_POINT('',#6272);
#1710=VERTEX_POINT('',#6276);
#1711=VERTEX_POINT('',#6280);
#1712=VERTEX_POINT('',#6284);
#1713=VERTEX_POINT('',#6288);
#1714=VERTEX_POINT('',#6292);
#1715=VERTEX_POINT('',#6296);
#1716=VERTEX_POINT('',#6305);
#1717=VERTEX_POINT('',#6306);
#1718=VERTEX_POINT('',#6313);
#1719=VERTEX_POINT('',#6315);
#1720=VERTEX_POINT('',#6320);
#1721=VERTEX_POINT('',#6322);
#1722=VERTEX_POINT('',#6324);
#1723=VERTEX_POINT('',#6326);
#1724=VERTEX_POINT('',#6330);
#1725=VERTEX_POINT('',#6334);
#1726=VERTEX_POINT('',#6335);
#1727=VERTEX_POINT('',#6342);
#1728=VERTEX_POINT('',#6344);
#1729=VERTEX_POINT('',#6349);
#1730=VERTEX_POINT('',#6351);
#1731=VERTEX_POINT('',#6353);
#1732=VERTEX_POINT('',#6355);
#1733=VERTEX_POINT('',#6359);
#1734=VERTEX_POINT('',#6378);
#1735=VERTEX_POINT('',#6379);
#1736=VERTEX_POINT('',#6381);
#1737=VERTEX_POINT('',#6386);
#1738=VERTEX_POINT('',#6393);
#1739=VERTEX_POINT('',#6394);
#1740=VERTEX_POINT('',#6396);
#1741=VERTEX_POINT('',#6400);
#1742=VERTEX_POINT('',#6401);
#1743=VERTEX_POINT('',#6406);
#1744=VERTEX_POINT('',#6407);
#1745=VERTEX_POINT('',#6412);
#1746=VERTEX_POINT('',#6413);
#1747=VERTEX_POINT('',#6418);
#1748=VERTEX_POINT('',#6422);
#1749=VERTEX_POINT('',#6423);
#1750=VERTEX_POINT('',#6425);
#1751=VERTEX_POINT('',#6427);
#1752=VERTEX_POINT('',#6434);
#1753=VERTEX_POINT('',#6435);
#1754=VERTEX_POINT('',#6437);
#1755=VERTEX_POINT('',#6439);
#1756=VERTEX_POINT('',#6472);
#1757=VERTEX_POINT('',#6473);
#1758=VERTEX_POINT('',#6479);
#1759=VERTEX_POINT('',#6481);
#1760=VERTEX_POINT('',#6489);
#1761=VERTEX_POINT('',#6490);
#1762=VERTEX_POINT('',#6492);
#1763=VERTEX_POINT('',#6496);
#1764=VERTEX_POINT('',#6497);
#1765=VERTEX_POINT('',#6499);
#1766=VERTEX_POINT('',#6506);
#1767=VERTEX_POINT('',#6507);
#1768=VERTEX_POINT('',#6509);
#1769=VERTEX_POINT('',#6513);
#1770=VERTEX_POINT('',#6514);
#1771=VERTEX_POINT('',#6519);
#1772=VERTEX_POINT('',#6520);
#1773=VERTEX_POINT('',#6557);
#1774=VERTEX_POINT('',#6558);
#1775=VERTEX_POINT('',#6564);
#1776=VERTEX_POINT('',#6566);
#1777=VERTEX_POINT('',#6574);
#1778=VERTEX_POINT('',#6575);
#1779=VERTEX_POINT('',#6577);
#1780=VERTEX_POINT('',#6579);
#1781=VERTEX_POINT('',#6615);
#1782=VERTEX_POINT('',#6616);
#1783=VERTEX_POINT('',#6622);
#1784=VERTEX_POINT('',#6624);
#1785=VERTEX_POINT('',#6632);
#1786=VERTEX_POINT('',#6633);
#1787=VERTEX_POINT('',#6673);
#1788=VERTEX_POINT('',#6680);
#1789=VERTEX_POINT('',#6689);
#1790=VERTEX_POINT('',#6690);
#1791=VERTEX_POINT('',#6695);
#1792=VERTEX_POINT('',#6696);
#1793=VERTEX_POINT('',#6733);
#1794=VERTEX_POINT('',#6734);
#1795=VERTEX_POINT('',#6741);
#1796=VERTEX_POINT('',#6743);
#1797=VERTEX_POINT('',#6771);
#1798=VERTEX_POINT('',#6772);
#1799=VERTEX_POINT('',#6781);
#1800=VERTEX_POINT('',#6786);
#1801=VERTEX_POINT('',#6788);
#1802=VERTEX_POINT('',#6817);
#1803=VERTEX_POINT('',#6818);
#1804=VERTEX_POINT('',#6837);
#1805=VERTEX_POINT('',#6838);
#1806=VERTEX_POINT('',#6852);
#1807=VERTEX_POINT('',#6853);
#1808=VERTEX_POINT('',#6877);
#1809=VERTEX_POINT('',#6878);
#1810=VERTEX_POINT('',#6912);
#1811=VERTEX_POINT('',#6926);
#1812=VERTEX_POINT('',#6928);
#1813=VERTEX_POINT('',#6932);
#1814=VERTEX_POINT('',#6933);
#1815=VERTEX_POINT('',#6941);
#1816=VERTEX_POINT('',#6942);
#1817=VERTEX_POINT('',#6950);
#1818=VERTEX_POINT('',#6951);
#1819=VERTEX_POINT('',#6959);
#1820=VERTEX_POINT('',#6964);
#1821=VERTEX_POINT('',#6965);
#1822=VERTEX_POINT('',#6999);
#1823=VERTEX_POINT('',#7024);
#1824=VERTEX_POINT('',#7025);
#1825=VERTEX_POINT('',#7088);
#1826=VERTEX_POINT('',#7089);
#1827=VERTEX_POINT('',#7091);
#1828=VERTEX_POINT('',#7129);
#1829=VERTEX_POINT('',#7131);
#1830=VERTEX_POINT('',#7133);
#1831=VERTEX_POINT('',#7135);
#1832=VERTEX_POINT('',#7139);
#1833=VERTEX_POINT('',#7143);
#1834=VERTEX_POINT('',#7145);
#1835=VERTEX_POINT('',#7149);
#1836=VERTEX_POINT('',#7151);
#1837=VERTEX_POINT('',#7155);
#1838=VERTEX_POINT('',#7157);
#1839=VERTEX_POINT('',#7159);
#1840=VERTEX_POINT('',#7161);
#1841=VERTEX_POINT('',#7163);
#1842=VERTEX_POINT('',#7165);
#1843=VERTEX_POINT('',#7167);
#1844=VERTEX_POINT('',#7171);
#1845=VERTEX_POINT('',#7175);
#1846=VERTEX_POINT('',#7191);
#1847=VERTEX_POINT('',#7195);
#1848=VERTEX_POINT('',#7202);
#1849=VERTEX_POINT('',#7224);
#1850=VERTEX_POINT('',#7225);
#1851=VERTEX_POINT('',#7227);
#1852=VERTEX_POINT('',#7229);
#1853=VERTEX_POINT('',#7236);
#1854=VERTEX_POINT('',#7237);
#1855=VERTEX_POINT('',#7239);
#1856=VERTEX_POINT('',#7243);
#1857=VERTEX_POINT('',#7244);
#1858=VERTEX_POINT('',#7246);
#1859=VERTEX_POINT('',#7250);
#1860=VERTEX_POINT('',#7251);
#1861=VERTEX_POINT('',#7253);
#1862=VERTEX_POINT('',#7255);
#1863=VERTEX_POINT('',#7265);
#1864=VERTEX_POINT('',#7267);
#1865=VERTEX_POINT('',#7271);
#1866=VERTEX_POINT('',#7273);
#1867=VERTEX_POINT('',#7277);
#1868=VERTEX_POINT('',#7281);
#1869=VERTEX_POINT('',#7282);
#1870=VERTEX_POINT('',#7284);
#1871=VERTEX_POINT('',#7291);
#1872=VERTEX_POINT('',#7292);
#1873=VERTEX_POINT('',#7294);
#1874=VERTEX_POINT('',#7298);
#1875=VERTEX_POINT('',#7299);
#1876=VERTEX_POINT('',#7301);
#1877=VERTEX_POINT('',#7303);
#1878=VERTEX_POINT('',#7313);
#1879=VERTEX_POINT('',#7314);
#1880=VERTEX_POINT('',#7316);
#1881=VERTEX_POINT('',#7320);
#1882=VERTEX_POINT('',#7321);
#1883=VERTEX_POINT('',#7326);
#1884=VERTEX_POINT('',#7327);
#1885=VERTEX_POINT('',#7332);
#1886=VERTEX_POINT('',#7337);
#1887=VERTEX_POINT('',#7344);
#1888=VERTEX_POINT('',#7345);
#1889=VERTEX_POINT('',#7350);
#1890=VERTEX_POINT('',#7352);
#1891=VERTEX_POINT('',#7356);
#1892=VERTEX_POINT('',#7357);
#1893=VERTEX_POINT('',#7359);
#1894=VERTEX_POINT('',#7366);
#1895=VERTEX_POINT('',#7367);
#1896=VERTEX_POINT('',#7369);
#1897=VERTEX_POINT('',#7371);
#1898=VERTEX_POINT('',#7378);
#1899=VERTEX_POINT('',#7379);
#1900=VERTEX_POINT('',#7381);
#1901=VERTEX_POINT('',#7391);
#1902=VERTEX_POINT('',#7392);
#1903=VERTEX_POINT('',#7395);
#1904=VERTEX_POINT('',#7403);
#1905=VERTEX_POINT('',#7404);
#1906=VERTEX_POINT('',#7406);
#1907=VERTEX_POINT('',#7408);
#1908=VERTEX_POINT('',#7412);
#1909=VERTEX_POINT('',#7413);
#1910=VERTEX_POINT('',#7415);
#1911=VERTEX_POINT('',#7417);
#1912=VERTEX_POINT('',#7421);
#1913=VERTEX_POINT('',#7422);
#1914=VERTEX_POINT('',#7424);
#1915=VERTEX_POINT('',#7431);
#1916=VERTEX_POINT('',#7432);
#1917=VERTEX_POINT('',#7434);
#1918=VERTEX_POINT('',#7441);
#1919=VERTEX_POINT('',#7446);
#1920=VERTEX_POINT('',#7450);
#1921=VERTEX_POINT('',#7454);
#1922=VERTEX_POINT('',#7455);
#1923=VERTEX_POINT('',#7463);
#1924=VERTEX_POINT('',#7464);
#1925=VERTEX_POINT('',#7477);
#1926=VERTEX_POINT('',#7478);
#1927=VERTEX_POINT('',#7483);
#1928=VERTEX_POINT('',#7484);
#1929=VERTEX_POINT('',#7489);
#1930=VERTEX_POINT('',#7490);
#1931=VERTEX_POINT('',#7495);
#1932=VERTEX_POINT('',#7496);
#1933=VERTEX_POINT('',#7501);
#1934=VERTEX_POINT('',#7502);
#1935=VERTEX_POINT('',#7507);
#1936=VERTEX_POINT('',#7508);
#1937=VERTEX_POINT('',#7521);
#1938=VERTEX_POINT('',#7522);
#1939=VERTEX_POINT('',#7548);
#1940=VERTEX_POINT('',#7549);
#1941=VERTEX_POINT('',#7554);
#1942=VERTEX_POINT('',#7568);
#1943=VERTEX_POINT('',#7569);
#1944=VERTEX_POINT('',#7574);
#1945=VERTEX_POINT('',#7578);
#1946=VERTEX_POINT('',#7582);
#1947=VERTEX_POINT('',#7589);
#1948=VERTEX_POINT('',#7590);
#1949=VERTEX_POINT('',#7595);
#1950=VERTEX_POINT('',#7596);
#1951=VERTEX_POINT('',#7604);
#1952=VERTEX_POINT('',#7605);
#1953=VERTEX_POINT('',#7610);
#1954=VERTEX_POINT('',#7611);
#1955=VERTEX_POINT('',#7622);
#1956=VERTEX_POINT('',#7623);
#1957=VERTEX_POINT('',#7625);
#1958=VERTEX_POINT('',#7627);
#1959=VERTEX_POINT('',#7641);
#1960=VERTEX_POINT('',#7650);
#1961=VERTEX_POINT('',#7652);
#1962=VERTEX_POINT('',#7656);
#1963=VERTEX_POINT('',#7658);
#1964=VERTEX_POINT('',#7662);
#1965=VERTEX_POINT('',#7666);
#1966=VERTEX_POINT('',#7670);
#1967=VERTEX_POINT('',#7674);
#1968=VERTEX_POINT('',#7678);
#1969=VERTEX_POINT('',#7682);
#1970=VERTEX_POINT('',#7686);
#1971=VERTEX_POINT('',#7702);
#1972=VERTEX_POINT('',#7704);
#1973=VERTEX_POINT('',#7706);
#1974=VERTEX_POINT('',#7710);
#1975=VERTEX_POINT('',#7711);
#1976=VERTEX_POINT('',#7713);
#1977=VERTEX_POINT('',#7715);
#1978=VERTEX_POINT('',#7719);
#1979=VERTEX_POINT('',#7720);
#1980=VERTEX_POINT('',#7728);
#1981=VERTEX_POINT('',#7733);
#1982=VERTEX_POINT('',#7735);
#1983=VERTEX_POINT('',#7737);
#1984=VERTEX_POINT('',#7742);
#1985=VERTEX_POINT('',#7761);
#1986=VERTEX_POINT('',#7765);
#1987=VERTEX_POINT('',#7769);
#1988=VERTEX_POINT('',#7781);
#1989=VERTEX_POINT('',#7785);
#1990=VERTEX_POINT('',#7789);
#1991=VERTEX_POINT('',#7793);
#1992=VERTEX_POINT('',#7797);
#1993=VERTEX_POINT('',#7801);
#1994=VERTEX_POINT('',#7813);
#1995=VERTEX_POINT('',#7844);
#1996=VERTEX_POINT('',#7846);
#1997=VERTEX_POINT('',#7852);
#1998=VERTEX_POINT('',#7853);
#1999=VERTEX_POINT('',#7855);
#2000=VERTEX_POINT('',#7857);
#2001=VERTEX_POINT('',#7861);
#2002=VERTEX_POINT('',#7863);
#2003=VERTEX_POINT('',#7867);
#2004=VERTEX_POINT('',#7869);
#2005=VERTEX_POINT('',#7873);
#2006=VERTEX_POINT('',#7875);
#2007=VERTEX_POINT('',#7879);
#2008=VERTEX_POINT('',#7881);
#2009=VERTEX_POINT('',#7885);
#2010=VERTEX_POINT('',#7887);
#2011=VERTEX_POINT('',#7891);
#2012=VERTEX_POINT('',#7893);
#2013=VERTEX_POINT('',#7900);
#2014=VERTEX_POINT('',#7901);
#2015=VERTEX_POINT('',#7903);
#2016=VERTEX_POINT('',#7905);
#2017=VERTEX_POINT('',#7909);
#2018=VERTEX_POINT('',#7911);
#2019=VERTEX_POINT('',#7915);
#2020=VERTEX_POINT('',#7917);
#2021=VERTEX_POINT('',#7921);
#2022=VERTEX_POINT('',#7923);
#2023=VERTEX_POINT('',#7927);
#2024=VERTEX_POINT('',#7929);
#2025=VERTEX_POINT('',#7933);
#2026=VERTEX_POINT('',#7935);
#2027=VERTEX_POINT('',#7939);
#2028=VERTEX_POINT('',#7941);
#2029=VERTEX_POINT('',#7949);
#2030=VERTEX_POINT('',#7951);
#2031=VERTEX_POINT('',#7955);
#2032=VERTEX_POINT('',#7959);
#2033=VERTEX_POINT('',#7963);
#2034=VERTEX_POINT('',#7967);
#2035=VERTEX_POINT('',#7971);
#2036=VERTEX_POINT('',#7975);
#2037=EDGE_CURVE('',#1684,#1685,#1120,.T.);
#2038=EDGE_CURVE('',#1684,#1686,#1121,.T.);
#2039=EDGE_CURVE('',#1687,#1686,#1122,.T.);
#2040=EDGE_CURVE('',#1685,#1687,#1123,.T.);
#2041=EDGE_CURVE('',#1685,#1688,#174,.T.);
#2042=EDGE_CURVE('',#1689,#1687,#175,.T.);
#2043=EDGE_CURVE('',#1688,#1689,#1124,.T.);
#2044=EDGE_CURVE('',#1688,#1690,#1125,.T.);
#2045=EDGE_CURVE('',#1691,#1689,#1126,.T.);
#2046=EDGE_CURVE('',#1690,#1691,#1127,.T.);
#2047=EDGE_CURVE('',#1690,#1692,#176,.T.);
#2048=EDGE_CURVE('',#1693,#1691,#177,.T.);
#2049=EDGE_CURVE('',#1692,#1693,#1128,.T.);
#2050=EDGE_CURVE('',#1692,#1694,#1129,.T.);
#2051=EDGE_CURVE('',#1695,#1693,#1130,.T.);
#2052=EDGE_CURVE('',#1694,#1695,#1131,.T.);
#2053=EDGE_CURVE('',#1694,#1696,#178,.T.);
#2054=EDGE_CURVE('',#1697,#1695,#179,.T.);
#2055=EDGE_CURVE('',#1696,#1697,#1132,.T.);
#2056=EDGE_CURVE('',#1696,#1698,#1133,.T.);
#2057=EDGE_CURVE('',#1699,#1697,#1134,.T.);
#2058=EDGE_CURVE('',#1698,#1699,#1135,.T.);
#2059=EDGE_CURVE('',#1698,#1684,#180,.T.);
#2060=EDGE_CURVE('',#1686,#1699,#181,.T.);
#2061=EDGE_CURVE('',#1700,#1701,#182,.T.);
#2062=EDGE_CURVE('',#1701,#1702,#1136,.T.);
#2063=EDGE_CURVE('',#1702,#1703,#183,.T.);
#2064=EDGE_CURVE('',#1703,#1704,#1137,.T.);
#2065=EDGE_CURVE('',#1704,#1705,#184,.T.);
#2066=EDGE_CURVE('',#1705,#1706,#1138,.T.);
#2067=EDGE_CURVE('',#1706,#1707,#185,.T.);
#2068=EDGE_CURVE('',#1707,#1700,#1139,.T.);
#2069=EDGE_CURVE('',#1708,#1701,#1140,.T.);
#2070=EDGE_CURVE('',#1709,#1708,#1141,.T.);
#2071=EDGE_CURVE('',#1702,#1709,#1142,.T.);
#2072=EDGE_CURVE('',#1710,#1709,#186,.T.);
#2073=EDGE_CURVE('',#1703,#1710,#1143,.T.);
#2074=EDGE_CURVE('',#1711,#1710,#1144,.T.);
#2075=EDGE_CURVE('',#1704,#1711,#1145,.T.);
#2076=EDGE_CURVE('',#1712,#1711,#187,.T.);
#2077=EDGE_CURVE('',#1705,#1712,#1146,.T.);
#2078=EDGE_CURVE('',#1713,#1712,#1147,.T.);
#2079=EDGE_CURVE('',#1706,#1713,#1148,.T.);
#2080=EDGE_CURVE('',#1714,#1713,#188,.T.);
#2081=EDGE_CURVE('',#1707,#1714,#1149,.T.);
#2082=EDGE_CURVE('',#1715,#1714,#1150,.T.);
#2083=EDGE_CURVE('',#1700,#1715,#1151,.T.);
#2084=EDGE_CURVE('',#1708,#1715,#189,.T.);
#2085=EDGE_CURVE('',#1716,#1717,#113,.T.);
#2086=EDGE_CURVE('',#1717,#1718,#190,.T.);
#2087=EDGE_CURVE('',#1718,#1719,#1152,.T.);
#2088=EDGE_CURVE('',#1719,#1719,#191,.T.);
#2089=EDGE_CURVE('',#1718,#1716,#192,.T.);
#2090=EDGE_CURVE('',#1716,#1720,#1153,.T.);
#2091=EDGE_CURVE('',#1721,#1720,#193,.T.);
#2092=EDGE_CURVE('',#1721,#1722,#1154,.T.);
#2093=EDGE_CURVE('',#1722,#1723,#194,.T.);
#2094=EDGE_CURVE('',#1723,#1717,#1155,.T.);
#2095=EDGE_CURVE('',#1719,#1724,#1156,.T.);
#2096=EDGE_CURVE('',#1724,#1724,#195,.T.);
#2097=EDGE_CURVE('',#1725,#1726,#114,.T.);
#2098=EDGE_CURVE('',#1726,#1727,#196,.T.);
#2099=EDGE_CURVE('',#1727,#1728,#1157,.T.);
#2100=EDGE_CURVE('',#1728,#1728,#197,.T.);
#2101=EDGE_CURVE('',#1727,#1725,#198,.T.);
#2102=EDGE_CURVE('',#1725,#1729,#1158,.T.);
#2103=EDGE_CURVE('',#1730,#1729,#199,.T.);
#2104=EDGE_CURVE('',#1730,#1731,#1159,.T.);
#2105=EDGE_CURVE('',#1731,#1732,#200,.T.);
#2106=EDGE_CURVE('',#1732,#1726,#1160,.T.);
#2107=EDGE_CURVE('',#1728,#1733,#1161,.T.);
#2108=EDGE_CURVE('',#1733,#1733,#201,.T.);
#2109=EDGE_CURVE('',#1734,#1735,#202,.T.);
#2110=EDGE_CURVE('',#1735,#1736,#115,.T.);
#2111=EDGE_CURVE('',#1736,#1737,#203,.T.);
#2112=EDGE_CURVE('',#1737,#1734,#116,.T.);
#2113=EDGE_CURVE('',#1738,#1739,#204,.F.);
#2114=EDGE_CURVE('',#1740,#1738,#205,.F.);
#2115=EDGE_CURVE('',#1739,#1740,#206,.F.);
#2116=EDGE_CURVE('',#1741,#1742,#207,.T.);
#2117=EDGE_CURVE('',#1742,#1740,#1162,.T.);
#2118=EDGE_CURVE('',#1738,#1741,#1163,.T.);
#2119=EDGE_CURVE('',#1743,#1744,#208,.T.);
#2120=EDGE_CURVE('',#1744,#1742,#209,.T.);
#2121=EDGE_CURVE('',#1741,#1743,#210,.T.);
#2122=EDGE_CURVE('',#1745,#1746,#211,.T.);
#2123=EDGE_CURVE('',#1746,#1744,#1164,.T.);
#2124=EDGE_CURVE('',#1743,#1745,#1165,.T.);
#2125=EDGE_CURVE('',#1745,#1747,#212,.T.);
#2126=EDGE_CURVE('',#1747,#1746,#213,.T.);
#2127=EDGE_CURVE('',#1748,#1749,#214,.F.);
#2128=EDGE_CURVE('',#1750,#1748,#215,.T.);
#2129=EDGE_CURVE('',#1750,#1751,#216,.T.);
#2130=EDGE_CURVE('',#1749,#1751,#217,.T.);
#2131=EDGE_CURVE('',#1740,#1750,#1166,.T.);
#2132=EDGE_CURVE('',#1748,#1739,#1167,.T.);
#2133=EDGE_CURVE('',#1752,#1753,#218,.T.);
#2134=EDGE_CURVE('',#1754,#1753,#219,.T.);
#2135=EDGE_CURVE('',#1755,#1754,#220,.F.);
#2136=EDGE_CURVE('',#1752,#1755,#221,.T.);
#2137=EDGE_CURVE('',#1756,#1757,#117,.F.);
#2138=EDGE_CURVE('',#1758,#1756,#222,.T.);
#2139=EDGE_CURVE('',#1758,#1759,#118,.T.);
#2140=EDGE_CURVE('',#1757,#1759,#223,.T.);
#2141=EDGE_CURVE('',#1760,#1761,#224,.F.);
#2142=EDGE_CURVE('',#1762,#1760,#225,.F.);
#2143=EDGE_CURVE('',#1761,#1762,#226,.F.);
#2144=EDGE_CURVE('',#1763,#1764,#227,.F.);
#2145=EDGE_CURVE('',#1765,#1763,#228,.F.);
#2146=EDGE_CURVE('',#1764,#1765,#229,.F.);
#2147=EDGE_CURVE('',#1753,#1765,#1168,.T.);
#2148=EDGE_CURVE('',#1763,#1754,#1169,.T.);
#2149=EDGE_CURVE('',#1766,#1767,#230,.T.);
#2150=EDGE_CURVE('',#1767,#1768,#231,.T.);
#2151=EDGE_CURVE('',#1768,#1766,#232,.T.);
#2152=EDGE_CURVE('',#1769,#1770,#233,.T.);
#2153=EDGE_CURVE('',#1770,#1767,#1170,.T.);
#2154=EDGE_CURVE('',#1766,#1769,#1171,.T.);
#2155=EDGE_CURVE('',#1771,#1772,#234,.T.);
#2156=EDGE_CURVE('',#1772,#1770,#235,.T.);
#2157=EDGE_CURVE('',#1769,#1771,#236,.T.);
#2158=EDGE_CURVE('',#1765,#1772,#1172,.T.);
#2159=EDGE_CURVE('',#1771,#1764,#1173,.T.);
#2160=EDGE_CURVE('',#1773,#1774,#119,.F.);
#2161=EDGE_CURVE('',#1775,#1773,#237,.T.);
#2162=EDGE_CURVE('',#1775,#1776,#120,.T.);
#2163=EDGE_CURVE('',#1774,#1776,#238,.T.);
#2164=EDGE_CURVE('',#1777,#1778,#239,.T.);
#2165=EDGE_CURVE('',#1779,#1777,#240,.F.);
#2166=EDGE_CURVE('',#1780,#1779,#241,.T.);
#2167=EDGE_CURVE('',#1780,#1778,#242,.T.);
#2168=EDGE_CURVE('',#1764,#1779,#1174,.T.);
#2169=EDGE_CURVE('',#1777,#1763,#1175,.T.);
#2170=EDGE_CURVE('',#1781,#1782,#121,.F.);
#2171=EDGE_CURVE('',#1783,#1781,#243,.T.);
#2172=EDGE_CURVE('',#1783,#1784,#122,.T.);
#2173=EDGE_CURVE('',#1782,#1784,#244,.T.);
#2174=EDGE_CURVE('',#1785,#1786,#245,.T.);
#2175=EDGE_CURVE('',#1786,#1783,#1176,.T.);
#2176=EDGE_CURVE('',#1781,#1785,#1177,.T.);
#2177=EDGE_CURVE('',#1785,#1787,#123,.T.);
#2178=EDGE_CURVE('',#1787,#1788,#246,.T.);
#2179=EDGE_CURVE('',#1788,#1786,#124,.T.);
#2180=EDGE_CURVE('',#1789,#1790,#247,.T.);
#2181=EDGE_CURVE('',#1790,#1775,#248,.T.);
#2182=EDGE_CURVE('',#1773,#1789,#249,.T.);
#2183=EDGE_CURVE('',#1791,#1792,#250,.T.);
#2184=EDGE_CURVE('',#1792,#1790,#1178,.T.);
#2185=EDGE_CURVE('',#1789,#1791,#1179,.T.);
#2186=EDGE_CURVE('',#1784,#1792,#251,.T.);
#2187=EDGE_CURVE('',#1791,#1782,#252,.T.);
#2188=EDGE_CURVE('',#1793,#1794,#125,.T.);
#2189=EDGE_CURVE('',#1795,#1794,#253,.T.);
#2190=EDGE_CURVE('',#1796,#1795,#126,.F.);
#2191=EDGE_CURVE('',#1793,#1796,#254,.T.);
#2192=EDGE_CURVE('',#1797,#1798,#127,.T.);
#2193=EDGE_CURVE('',#1797,#1799,#128,.T.);
#2194=EDGE_CURVE('',#1799,#1800,#255,.T.);
#2195=EDGE_CURVE('',#1800,#1801,#129,.T.);
#2196=EDGE_CURVE('',#1801,#1798,#130,.F.);
#2197=EDGE_CURVE('',#1802,#1803,#256,.T.);
#2198=EDGE_CURVE('',#1803,#1800,#131,.T.);
#2199=EDGE_CURVE('',#1799,#1802,#132,.T.);
#2200=EDGE_CURVE('',#1794,#1803,#1180,.T.);
#2201=EDGE_CURVE('',#1802,#1795,#1181,.T.);
#2202=EDGE_CURVE('',#1795,#1781,#1182,.T.);
#2203=EDGE_CURVE('',#1782,#1796,#1183,.T.);
#2204=EDGE_CURVE('',#1804,#1805,#257,.T.);
#2205=EDGE_CURVE('',#1805,#1793,#258,.T.);
#2206=EDGE_CURVE('',#1796,#1804,#259,.T.);
#2207=EDGE_CURVE('',#1779,#1805,#1184,.T.);
#2208=EDGE_CURVE('',#1804,#1780,#1185,.T.);
#2209=EDGE_CURVE('',#1760,#1777,#1186,.T.);
#2210=EDGE_CURVE('',#1778,#1762,#1187,.T.);
#2211=EDGE_CURVE('',#1776,#1758,#1188,.T.);
#2212=EDGE_CURVE('',#1756,#1774,#1189,.T.);
#2213=EDGE_CURVE('',#1806,#1807,#260,.T.);
#2214=EDGE_CURVE('',#1807,#1773,#1190,.T.);
#2215=EDGE_CURVE('',#1774,#1806,#1191,.T.);
#2216=EDGE_CURVE('',#1808,#1809,#261,.T.);
#2217=EDGE_CURVE('',#1809,#1807,#133,.T.);
#2218=EDGE_CURVE('',#1806,#1808,#134,.T.);
#2219=EDGE_CURVE('',#1808,#1810,#135,.T.);
#2220=EDGE_CURVE('',#1810,#1809,#136,.T.);
#2221=EDGE_CURVE('',#1787,#1811,#262,.T.);
#2222=EDGE_CURVE('',#1811,#1812,#263,.T.);
#2223=EDGE_CURVE('',#1812,#1788,#264,.T.);
#2224=EDGE_CURVE('',#1813,#1814,#265,.T.);
#2225=EDGE_CURVE('',#1814,#1812,#1192,.T.);
#2226=EDGE_CURVE('',#1811,#1813,#1193,.T.);
#2227=EDGE_CURVE('',#1759,#1814,#266,.T.);
#2228=EDGE_CURVE('',#1813,#1757,#267,.T.);
#2229=EDGE_CURVE('',#1815,#1816,#268,.T.);
#2230=EDGE_CURVE('',#1816,#1761,#1194,.T.);
#2231=EDGE_CURVE('',#1762,#1815,#1195,.T.);
#2232=EDGE_CURVE('',#1761,#1755,#1196,.T.);
#2233=EDGE_CURVE('',#1754,#1760,#1197,.T.);
#2234=EDGE_CURVE('',#1817,#1818,#269,.T.);
#2235=EDGE_CURVE('',#1818,#1756,#1198,.T.);
#2236=EDGE_CURVE('',#1757,#1817,#1199,.T.);
#2237=EDGE_CURVE('',#1751,#1752,#1200,.T.);
#2238=EDGE_CURVE('',#1755,#1749,#1201,.T.);
#2239=EDGE_CURVE('',#1816,#1819,#270,.T.);
#2240=EDGE_CURVE('',#1819,#1748,#1202,.T.);
#2241=EDGE_CURVE('',#1749,#1816,#1203,.T.);
#2242=EDGE_CURVE('',#1820,#1821,#271,.T.);
#2243=EDGE_CURVE('',#1821,#1738,#1204,.T.);
#2244=EDGE_CURVE('',#1739,#1820,#1205,.T.);
#2245=EDGE_CURVE('',#1820,#1822,#31,.T.);
#2246=EDGE_CURVE('',#1822,#1821,#32,.T.);
#2247=EDGE_CURVE('',#1815,#1819,#272,.T.);
#2248=EDGE_CURVE('',#1823,#1824,#273,.T.);
#2249=EDGE_CURVE('',#1824,#1818,#33,.T.);
#2250=EDGE_CURVE('',#1817,#1823,#34,.T.);
#2251=EDGE_CURVE('',#1823,#1737,#137,.T.);
#2252=EDGE_CURVE('',#1736,#1824,#138,.T.);
#2253=EDGE_CURVE('',#1825,#1826,#274,.T.);
#2254=EDGE_CURVE('',#1826,#1827,#139,.T.);
#2255=EDGE_CURVE('',#1827,#1825,#140,.T.);
#2256=EDGE_CURVE('',#1825,#1735,#141,.T.);
#2257=EDGE_CURVE('',#1734,#1826,#142,.T.);
#2258=EDGE_CURVE('',#1790,#1828,#1206,.T.);
#2259=EDGE_CURVE('',#1829,#1828,#275,.T.);
#2260=EDGE_CURVE('',#1830,#1829,#1207,.T.);
#2261=EDGE_CURVE('',#1831,#1830,#276,.T.);
#2262=EDGE_CURVE('',#1831,#1814,#1208,.T.);
#2263=EDGE_CURVE('',#1792,#1832,#1209,.T.);
#2264=EDGE_CURVE('',#1828,#1832,#1210,.T.);
#2265=EDGE_CURVE('',#1747,#1833,#1211,.T.);
#2266=EDGE_CURVE('',#1833,#1834,#277,.T.);
#2267=EDGE_CURVE('',#1834,#1746,#1212,.T.);
#2268=EDGE_CURVE('',#1745,#1835,#1213,.T.);
#2269=EDGE_CURVE('',#1835,#1836,#278,.T.);
#2270=EDGE_CURVE('',#1836,#1747,#1214,.T.);
#2271=EDGE_CURVE('',#1837,#1743,#1215,.T.);
#2272=EDGE_CURVE('',#1838,#1837,#1216,.T.);
#2273=EDGE_CURVE('',#1839,#1838,#1217,.T.);
#2274=EDGE_CURVE('',#1840,#1839,#1218,.T.);
#2275=EDGE_CURVE('',#1841,#1840,#1219,.T.);
#2276=EDGE_CURVE('',#1842,#1841,#279,.T.);
#2277=EDGE_CURVE('',#1843,#1842,#1220,.T.);
#2278=EDGE_CURVE('',#1835,#1843,#280,.T.);
#2279=EDGE_CURVE('',#1844,#1821,#1221,.T.);
#2280=EDGE_CURVE('',#1844,#1741,#1222,.T.);
#2281=EDGE_CURVE('',#1822,#1845,#1223,.T.);
#2282=EDGE_CURVE('',#1845,#1844,#281,.T.);
#2283=EDGE_CURVE('',#1820,#1819,#1224,.T.);
#2284=EDGE_CURVE('',#1815,#1822,#1225,.T.);
#2285=EDGE_CURVE('',#1845,#1807,#282,.T.);
#2286=EDGE_CURVE('',#1810,#1844,#283,.T.);
#2287=EDGE_CURVE('',#1808,#1824,#1226,.T.);
#2288=EDGE_CURVE('',#1735,#1810,#1227,.T.);
#2289=EDGE_CURVE('',#1846,#1827,#1228,.T.);
#2290=EDGE_CURVE('',#1837,#1846,#284,.T.);
#2291=EDGE_CURVE('',#1847,#1826,#285,.T.);
#2292=EDGE_CURVE('',#1847,#1827,#286,.T.);
#2293=EDGE_CURVE('',#1797,#1787,#1229,.T.);
#2294=EDGE_CURVE('',#1785,#1848,#1230,.T.);
#2295=EDGE_CURVE('',#1848,#1799,#287,.T.);
#2296=EDGE_CURVE('',#1848,#1802,#35,.T.);
#2297=EDGE_CURVE('',#1849,#1850,#288,.F.);
#2298=EDGE_CURVE('',#1851,#1849,#289,.T.);
#2299=EDGE_CURVE('',#1851,#1852,#290,.T.);
#2300=EDGE_CURVE('',#1850,#1852,#291,.T.);
#2301=EDGE_CURVE('',#1767,#1851,#1231,.T.);
#2302=EDGE_CURVE('',#1849,#1768,#1232,.T.);
#2303=EDGE_CURVE('',#1853,#1854,#292,.F.);
#2304=EDGE_CURVE('',#1855,#1853,#293,.F.);
#2305=EDGE_CURVE('',#1854,#1855,#294,.F.);
#2306=EDGE_CURVE('',#1856,#1857,#295,.F.);
#2307=EDGE_CURVE('',#1858,#1856,#296,.F.);
#2308=EDGE_CURVE('',#1857,#1858,#297,.F.);
#2309=EDGE_CURVE('',#1859,#1860,#298,.T.);
#2310=EDGE_CURVE('',#1861,#1860,#299,.T.);
#2311=EDGE_CURVE('',#1862,#1861,#300,.F.);
#2312=EDGE_CURVE('',#1859,#1862,#301,.T.);
#2313=EDGE_CURVE('',#1768,#1861,#1233,.T.);
#2314=EDGE_CURVE('',#1860,#1766,#1234,.T.);
#2315=EDGE_CURVE('',#1861,#1855,#1235,.T.);
#2316=EDGE_CURVE('',#1853,#1862,#1236,.T.);
#2317=EDGE_CURVE('',#1863,#1853,#1237,.T.);
#2318=EDGE_CURVE('',#1854,#1864,#1238,.T.);
#2319=EDGE_CURVE('',#1864,#1863,#36,.T.);
#2320=EDGE_CURVE('',#1865,#1838,#302,.F.);
#2321=EDGE_CURVE('',#1866,#1865,#303,.F.);
#2322=EDGE_CURVE('',#1838,#1866,#304,.F.);
#2323=EDGE_CURVE('',#1836,#1867,#305,.F.);
#2324=EDGE_CURVE('',#1867,#1843,#306,.T.);
#2325=EDGE_CURVE('',#1868,#1869,#307,.F.);
#2326=EDGE_CURVE('',#1870,#1868,#308,.F.);
#2327=EDGE_CURVE('',#1869,#1870,#309,.F.);
#2328=EDGE_CURVE('',#1868,#1856,#1239,.T.);
#2329=EDGE_CURVE('',#1857,#1870,#1240,.T.);
#2330=EDGE_CURVE('',#1871,#1872,#310,.F.);
#2331=EDGE_CURVE('',#1873,#1871,#311,.F.);
#2332=EDGE_CURVE('',#1872,#1873,#312,.F.);
#2333=EDGE_CURVE('',#1874,#1875,#313,.T.);
#2334=EDGE_CURVE('',#1876,#1875,#314,.T.);
#2335=EDGE_CURVE('',#1877,#1876,#315,.F.);
#2336=EDGE_CURVE('',#1874,#1877,#316,.T.);
#2337=EDGE_CURVE('',#1875,#1859,#1241,.T.);
#2338=EDGE_CURVE('',#1862,#1876,#1242,.T.);
#2339=EDGE_CURVE('',#1864,#1877,#1243,.T.);
#2340=EDGE_CURVE('',#1876,#1863,#1244,.T.);
#2341=EDGE_CURVE('',#1878,#1879,#317,.F.);
#2342=EDGE_CURVE('',#1880,#1878,#318,.F.);
#2343=EDGE_CURVE('',#1879,#1880,#319,.F.);
#2344=EDGE_CURVE('',#1881,#1882,#320,.T.);
#2345=EDGE_CURVE('',#1882,#1868,#1245,.T.);
#2346=EDGE_CURVE('',#1869,#1881,#1246,.T.);
#2347=EDGE_CURVE('',#1883,#1884,#321,.T.);
#2348=EDGE_CURVE('',#1884,#1882,#322,.T.);
#2349=EDGE_CURVE('',#1881,#1883,#323,.T.);
#2350=EDGE_CURVE('',#1831,#1885,#324,.T.);
#2351=EDGE_CURVE('',#1885,#1884,#1247,.T.);
#2352=EDGE_CURVE('',#1883,#1831,#1248,.T.);
#2353=EDGE_CURVE('',#1830,#1886,#325,.T.);
#2354=EDGE_CURVE('',#1886,#1885,#326,.T.);
#2355=EDGE_CURVE('',#1878,#1886,#1249,.T.);
#2356=EDGE_CURVE('',#1830,#1880,#1250,.T.);
#2357=EDGE_CURVE('',#1887,#1888,#327,.F.);
#2358=EDGE_CURVE('',#1839,#1887,#328,.F.);
#2359=EDGE_CURVE('',#1888,#1839,#329,.F.);
#2360=EDGE_CURVE('',#1889,#1841,#330,.T.);
#2361=EDGE_CURVE('',#1890,#1889,#331,.F.);
#2362=EDGE_CURVE('',#1842,#1890,#332,.T.);
#2363=EDGE_CURVE('',#1891,#1892,#333,.F.);
#2364=EDGE_CURVE('',#1893,#1891,#334,.F.);
#2365=EDGE_CURVE('',#1892,#1893,#335,.F.);
#2366=EDGE_CURVE('',#1891,#1872,#1251,.T.);
#2367=EDGE_CURVE('',#1873,#1893,#1252,.T.);
#2368=EDGE_CURVE('',#1894,#1895,#336,.F.);
#2369=EDGE_CURVE('',#1896,#1894,#337,.T.);
#2370=EDGE_CURVE('',#1896,#1897,#338,.T.);
#2371=EDGE_CURVE('',#1895,#1897,#339,.T.);
#2372=EDGE_CURVE('',#1894,#1874,#1253,.T.);
#2373=EDGE_CURVE('',#1877,#1896,#1254,.T.);
#2374=EDGE_CURVE('',#1898,#1899,#340,.F.);
#2375=EDGE_CURVE('',#1900,#1898,#341,.F.);
#2376=EDGE_CURVE('',#1899,#1900,#342,.F.);
#2377=EDGE_CURVE('',#1888,#1900,#1255,.T.);
#2378=EDGE_CURVE('',#1898,#1887,#1256,.T.);
#2379=EDGE_CURVE('',#1900,#1879,#1257,.T.);
#2380=EDGE_CURVE('',#1880,#1899,#1258,.T.);
#2381=EDGE_CURVE('',#1901,#1902,#343,.T.);
#2382=EDGE_CURVE('',#1840,#1902,#344,.T.);
#2383=EDGE_CURVE('',#1903,#1840,#345,.F.);
#2384=EDGE_CURVE('',#1901,#1903,#346,.T.);
#2385=EDGE_CURVE('',#1902,#1889,#1259,.T.);
#2386=EDGE_CURVE('',#1887,#1903,#1260,.T.);
#2387=EDGE_CURVE('',#1904,#1905,#347,.F.);
#2388=EDGE_CURVE('',#1906,#1904,#348,.T.);
#2389=EDGE_CURVE('',#1906,#1907,#349,.T.);
#2390=EDGE_CURVE('',#1905,#1907,#350,.T.);
#2391=EDGE_CURVE('',#1908,#1909,#351,.T.);
#2392=EDGE_CURVE('',#1910,#1909,#352,.T.);
#2393=EDGE_CURVE('',#1911,#1910,#353,.F.);
#2394=EDGE_CURVE('',#1908,#1911,#354,.T.);
#2395=EDGE_CURVE('',#1912,#1913,#355,.F.);
#2396=EDGE_CURVE('',#1914,#1912,#356,.F.);
#2397=EDGE_CURVE('',#1913,#1914,#357,.F.);
#2398=EDGE_CURVE('',#1912,#1906,#1261,.T.);
#2399=EDGE_CURVE('',#1904,#1914,#1262,.T.);
#2400=EDGE_CURVE('',#1915,#1916,#358,.F.);
#2401=EDGE_CURVE('',#1917,#1915,#359,.F.);
#2402=EDGE_CURVE('',#1916,#1917,#360,.F.);
#2403=EDGE_CURVE('',#1915,#1910,#1263,.T.);
#2404=EDGE_CURVE('',#1909,#1917,#1264,.T.);
#2405=EDGE_CURVE('',#1829,#1918,#361,.T.);
#2406=EDGE_CURVE('',#1918,#1916,#1265,.T.);
#2407=EDGE_CURVE('',#1917,#1829,#1266,.T.);
#2408=EDGE_CURVE('',#1828,#1919,#362,.T.);
#2409=EDGE_CURVE('',#1919,#1918,#363,.T.);
#2410=EDGE_CURVE('',#1832,#1920,#364,.T.);
#2411=EDGE_CURVE('',#1920,#1919,#1267,.T.);
#2412=EDGE_CURVE('',#1921,#1922,#365,.T.);
#2413=EDGE_CURVE('',#1922,#1920,#366,.T.);
#2414=EDGE_CURVE('',#1832,#1921,#367,.T.);
#2415=EDGE_CURVE('',#1913,#1922,#1268,.T.);
#2416=EDGE_CURVE('',#1921,#1912,#1269,.T.);
#2417=EDGE_CURVE('',#1923,#1924,#368,.T.);
#2418=EDGE_CURVE('',#1924,#1913,#1270,.T.);
#2419=EDGE_CURVE('',#1914,#1923,#1271,.T.);
#2420=EDGE_CURVE('',#1925,#1926,#369,.T.);
#2421=EDGE_CURVE('',#1926,#1924,#370,.T.);
#2422=EDGE_CURVE('',#1923,#1925,#371,.T.);
#2423=EDGE_CURVE('',#1927,#1928,#372,.T.);
#2424=EDGE_CURVE('',#1928,#1926,#1272,.T.);
#2425=EDGE_CURVE('',#1925,#1927,#1273,.T.);
#2426=EDGE_CURVE('',#1929,#1930,#373,.T.);
#2427=EDGE_CURVE('',#1930,#1928,#374,.T.);
#2428=EDGE_CURVE('',#1927,#1929,#375,.T.);
#2429=EDGE_CURVE('',#1931,#1932,#376,.T.);
#2430=EDGE_CURVE('',#1932,#1930,#1274,.T.);
#2431=EDGE_CURVE('',#1929,#1931,#1275,.T.);
#2432=EDGE_CURVE('',#1933,#1934,#377,.T.);
#2433=EDGE_CURVE('',#1934,#1932,#378,.T.);
#2434=EDGE_CURVE('',#1931,#1933,#379,.T.);
#2435=EDGE_CURVE('',#1935,#1936,#380,.T.);
#2436=EDGE_CURVE('',#1936,#1934,#1276,.T.);
#2437=EDGE_CURVE('',#1933,#1935,#1277,.T.);
#2438=EDGE_CURVE('',#1937,#1938,#381,.T.);
#2439=EDGE_CURVE('',#1938,#1936,#382,.T.);
#2440=EDGE_CURVE('',#1935,#1937,#383,.T.);
#2441=EDGE_CURVE('',#1916,#1938,#1278,.T.);
#2442=EDGE_CURVE('',#1937,#1915,#1279,.T.);
#2443=EDGE_CURVE('',#1910,#1901,#1280,.T.);
#2444=EDGE_CURVE('',#1903,#1911,#1281,.T.);
#2445=EDGE_CURVE('',#1899,#1908,#1282,.T.);
#2446=EDGE_CURVE('',#1911,#1898,#1283,.T.);
#2447=EDGE_CURVE('',#1907,#1892,#1284,.T.);
#2448=EDGE_CURVE('',#1893,#1905,#1285,.T.);
#2449=EDGE_CURVE('',#1897,#1904,#1286,.T.);
#2450=EDGE_CURVE('',#1905,#1895,#1287,.T.);
#2451=EDGE_CURVE('',#1871,#1894,#1288,.T.);
#2452=EDGE_CURVE('',#1895,#1873,#1289,.T.);
#2453=EDGE_CURVE('',#1892,#1869,#1290,.T.);
#2454=EDGE_CURVE('',#1870,#1891,#1291,.T.);
#2455=EDGE_CURVE('',#1939,#1940,#384,.T.);
#2456=EDGE_CURVE('',#1940,#1890,#1292,.T.);
#2457=EDGE_CURVE('',#1889,#1939,#1293,.T.);
#2458=EDGE_CURVE('',#1939,#1941,#385,.T.);
#2459=EDGE_CURVE('',#1941,#1940,#386,.T.);
#2460=EDGE_CURVE('',#1890,#1867,#1294,.T.);
#2461=EDGE_CURVE('',#1866,#1888,#1295,.T.);
#2462=EDGE_CURVE('',#1865,#1878,#1296,.T.);
#2463=EDGE_CURVE('',#1879,#1866,#1297,.T.);
#2464=EDGE_CURVE('',#1872,#1857,#1298,.T.);
#2465=EDGE_CURVE('',#1858,#1871,#1299,.T.);
#2466=EDGE_CURVE('',#1942,#1943,#387,.T.);
#2467=EDGE_CURVE('',#1943,#1836,#1300,.T.);
#2468=EDGE_CURVE('',#1867,#1942,#1301,.T.);
#2469=EDGE_CURVE('',#1942,#1944,#388,.T.);
#2470=EDGE_CURVE('',#1944,#1943,#389,.T.);
#2471=EDGE_CURVE('',#1837,#1945,#390,.T.);
#2472=EDGE_CURVE('',#1945,#1865,#1302,.T.);
#2473=EDGE_CURVE('',#1846,#1946,#391,.T.);
#2474=EDGE_CURVE('',#1946,#1945,#392,.T.);
#2475=EDGE_CURVE('',#1729,#1946,#393,.T.);
#2476=EDGE_CURVE('',#1846,#1730,#394,.T.);
#2477=EDGE_CURVE('',#1947,#1948,#395,.T.);
#2478=EDGE_CURVE('',#1948,#1732,#396,.T.);
#2479=EDGE_CURVE('',#1731,#1947,#397,.T.);
#2480=EDGE_CURVE('',#1949,#1950,#398,.T.);
#2481=EDGE_CURVE('',#1950,#1948,#1303,.T.);
#2482=EDGE_CURVE('',#1947,#1949,#1304,.T.);
#2483=EDGE_CURVE('',#1720,#1950,#399,.T.);
#2484=EDGE_CURVE('',#1949,#1721,#400,.T.);
#2485=EDGE_CURVE('',#1951,#1952,#401,.T.);
#2486=EDGE_CURVE('',#1952,#1723,#402,.T.);
#2487=EDGE_CURVE('',#1722,#1951,#403,.T.);
#2488=EDGE_CURVE('',#1953,#1954,#404,.T.);
#2489=EDGE_CURVE('',#1954,#1952,#405,.T.);
#2490=EDGE_CURVE('',#1951,#1953,#406,.T.);
#2491=EDGE_CURVE('',#1856,#1954,#1305,.T.);
#2492=EDGE_CURVE('',#1953,#1858,#1306,.T.);
#2493=EDGE_CURVE('',#1855,#1849,#1307,.T.);
#2494=EDGE_CURVE('',#1850,#1854,#1308,.T.);
#2495=EDGE_CURVE('',#1955,#1956,#407,.T.);
#2496=EDGE_CURVE('',#1956,#1957,#408,.T.);
#2497=EDGE_CURVE('',#1957,#1958,#143,.T.);
#2498=EDGE_CURVE('',#1958,#1955,#409,.T.);
#2499=EDGE_CURVE('',#1852,#1956,#1309,.T.);
#2500=EDGE_CURVE('',#1955,#1850,#1310,.T.);
#2501=EDGE_CURVE('',#1881,#1921,#1311,.T.);
#2502=EDGE_CURVE('',#1944,#1959,#1312,.T.);
#2503=EDGE_CURVE('',#1959,#1833,#410,.F.);
#2504=EDGE_CURVE('',#1833,#1943,#1313,.T.);
#2505=EDGE_CURVE('',#1942,#1940,#1314,.T.);
#2506=EDGE_CURVE('',#1941,#1944,#1315,.T.);
#2507=EDGE_CURVE('',#1939,#1960,#1316,.T.);
#2508=EDGE_CURVE('',#1960,#1961,#411,.T.);
#2509=EDGE_CURVE('',#1961,#1941,#1317,.T.);
#2510=EDGE_CURVE('',#1962,#1937,#1318,.T.);
#2511=EDGE_CURVE('',#1963,#1962,#1319,.T.);
#2512=EDGE_CURVE('',#1960,#1963,#412,.T.);
#2513=EDGE_CURVE('',#1935,#1964,#1320,.T.);
#2514=EDGE_CURVE('',#1962,#1964,#413,.T.);
#2515=EDGE_CURVE('',#1933,#1965,#1321,.T.);
#2516=EDGE_CURVE('',#1964,#1965,#1322,.T.);
#2517=EDGE_CURVE('',#1931,#1966,#1323,.T.);
#2518=EDGE_CURVE('',#1965,#1966,#414,.T.);
#2519=EDGE_CURVE('',#1929,#1967,#1324,.T.);
#2520=EDGE_CURVE('',#1966,#1967,#1325,.T.);
#2521=EDGE_CURVE('',#1927,#1968,#1326,.T.);
#2522=EDGE_CURVE('',#1967,#1968,#415,.T.);
#2523=EDGE_CURVE('',#1969,#1925,#1327,.T.);
#2524=EDGE_CURVE('',#1968,#1969,#1328,.T.);
#2525=EDGE_CURVE('',#1923,#1970,#1329,.T.);
#2526=EDGE_CURVE('',#1969,#1970,#416,.T.);
#2527=EDGE_CURVE('',#1958,#1864,#1330,.T.);
#2528=EDGE_CURVE('',#1970,#1957,#1331,.T.);
#2529=EDGE_CURVE('',#1817,#1971,#1332,.T.);
#2530=EDGE_CURVE('',#1971,#1972,#417,.T.);
#2531=EDGE_CURVE('',#1972,#1973,#1333,.T.);
#2532=EDGE_CURVE('',#1973,#1737,#418,.T.);
#2533=EDGE_CURVE('',#1974,#1975,#419,.T.);
#2534=EDGE_CURVE('',#1975,#1976,#1334,.T.);
#2535=EDGE_CURVE('',#1976,#1977,#420,.T.);
#2536=EDGE_CURVE('',#1977,#1974,#1335,.T.);
#2537=EDGE_CURVE('',#1978,#1979,#421,.T.);
#2538=EDGE_CURVE('',#1979,#1977,#422,.T.);
#2539=EDGE_CURVE('',#1976,#1978,#423,.T.);
#2540=EDGE_CURVE('',#1974,#1972,#424,.T.);
#2541=EDGE_CURVE('',#1971,#1975,#425,.T.);
#2542=EDGE_CURVE('',#1801,#1980,#144,.F.);
#2543=EDGE_CURVE('',#1980,#1981,#426,.T.);
#2544=EDGE_CURVE('',#1981,#1982,#1336,.T.);
#2545=EDGE_CURVE('',#1983,#1982,#427,.T.);
#2546=EDGE_CURVE('',#1982,#1979,#1337,.T.);
#2547=EDGE_CURVE('',#1978,#1798,#1338,.T.);
#2548=EDGE_CURVE('',#1980,#1984,#145,.F.);
#2549=EDGE_CURVE('',#1984,#1981,#428,.T.);
#2550=EDGE_CURVE('',#1973,#1847,#1339,.T.);
#2551=EDGE_CURVE('',#1949,#1977,#1340,.T.);
#2552=EDGE_CURVE('',#1979,#1721,#1341,.T.);
#2553=EDGE_CURVE('',#1722,#1981,#1342,.T.);
#2554=EDGE_CURVE('',#1984,#1951,#1343,.T.);
#2555=EDGE_CURVE('',#1985,#1834,#429,.T.);
#2556=EDGE_CURVE('',#1985,#1959,#430,.T.);
#2557=EDGE_CURVE('',#1961,#1986,#431,.F.);
#2558=EDGE_CURVE('',#1986,#1963,#432,.T.);
#2559=EDGE_CURVE('',#1956,#1987,#1344,.T.);
#2560=EDGE_CURVE('',#1987,#1970,#433,.T.);
#2561=EDGE_CURVE('',#1988,#1969,#434,.T.);
#2562=EDGE_CURVE('',#1987,#1988,#435,.T.);
#2563=EDGE_CURVE('',#1989,#1968,#436,.T.);
#2564=EDGE_CURVE('',#1988,#1989,#1345,.T.);
#2565=EDGE_CURVE('',#1990,#1967,#437,.T.);
#2566=EDGE_CURVE('',#1989,#1990,#438,.T.);
#2567=EDGE_CURVE('',#1991,#1966,#439,.T.);
#2568=EDGE_CURVE('',#1990,#1991,#1346,.T.);
#2569=EDGE_CURVE('',#1992,#1965,#440,.T.);
#2570=EDGE_CURVE('',#1991,#1992,#441,.T.);
#2571=EDGE_CURVE('',#1993,#1964,#442,.T.);
#2572=EDGE_CURVE('',#1992,#1993,#1347,.T.);
#2573=EDGE_CURVE('',#1994,#1962,#443,.T.);
#2574=EDGE_CURVE('',#1993,#1994,#444,.T.);
#2575=EDGE_CURVE('',#1994,#1986,#1348,.T.);
#2576=EDGE_CURVE('',#1986,#1985,#1349,.T.);
#2577=EDGE_CURVE('',#1959,#1961,#1350,.T.);
#2578=EDGE_CURVE('',#1953,#1769,#1351,.T.);
#2579=EDGE_CURVE('',#1805,#1771,#1352,.T.);
#2580=EDGE_CURVE('',#1974,#1947,#1353,.T.);
#2581=EDGE_CURVE('',#1847,#1730,#1354,.T.);
#2582=EDGE_CURVE('',#1731,#1972,#1355,.T.);
#2583=EDGE_CURVE('',#1883,#1812,#1356,.T.);
#2584=EDGE_CURVE('',#1995,#1995,#445,.T.);
#2585=EDGE_CURVE('',#1995,#1996,#1357,.T.);
#2586=EDGE_CURVE('',#1996,#1996,#446,.T.);
#2587=EDGE_CURVE('',#1997,#1998,#1358,.T.);
#2588=EDGE_CURVE('',#1999,#1997,#1359,.T.);
#2589=EDGE_CURVE('',#2000,#1999,#1360,.T.);
#2590=EDGE_CURVE('',#2000,#1998,#1361,.T.);
#2591=EDGE_CURVE('',#1998,#2001,#447,.T.);
#2592=EDGE_CURVE('',#2002,#2000,#448,.T.);
#2593=EDGE_CURVE('',#2002,#2001,#1362,.T.);
#2594=EDGE_CURVE('',#2001,#2003,#1363,.T.);
#2595=EDGE_CURVE('',#2004,#2002,#1364,.T.);
#2596=EDGE_CURVE('',#2004,#2003,#1365,.T.);
#2597=EDGE_CURVE('',#2003,#2005,#449,.T.);
#2598=EDGE_CURVE('',#2006,#2004,#450,.T.);
#2599=EDGE_CURVE('',#2006,#2005,#1366,.T.);
#2600=EDGE_CURVE('',#2005,#2007,#1367,.T.);
#2601=EDGE_CURVE('',#2008,#2006,#1368,.T.);
#2602=EDGE_CURVE('',#2008,#2007,#1369,.T.);
#2603=EDGE_CURVE('',#2007,#2009,#451,.T.);
#2604=EDGE_CURVE('',#2010,#2008,#452,.T.);
#2605=EDGE_CURVE('',#2010,#2009,#1370,.T.);
#2606=EDGE_CURVE('',#2009,#2011,#1371,.T.);
#2607=EDGE_CURVE('',#2012,#2010,#1372,.T.);
#2608=EDGE_CURVE('',#2012,#2011,#1373,.T.);
#2609=EDGE_CURVE('',#2011,#1997,#453,.T.);
#2610=EDGE_CURVE('',#1999,#2012,#454,.T.);
#2611=EDGE_CURVE('',#2013,#2014,#1374,.T.);
#2612=EDGE_CURVE('',#2015,#2014,#1375,.T.);
#2613=EDGE_CURVE('',#2016,#2015,#1376,.T.);
#2614=EDGE_CURVE('',#2016,#2013,#1377,.T.);
#2615=EDGE_CURVE('',#2014,#2017,#455,.T.);
#2616=EDGE_CURVE('',#2018,#2017,#1378,.T.);
#2617=EDGE_CURVE('',#2018,#2015,#456,.T.);
#2618=EDGE_CURVE('',#2017,#2019,#1379,.T.);
#2619=EDGE_CURVE('',#2020,#2019,#1380,.T.);
#2620=EDGE_CURVE('',#2018,#2020,#1381,.T.);
#2621=EDGE_CURVE('',#2019,#2021,#457,.T.);
#2622=EDGE_CURVE('',#2022,#2021,#1382,.T.);
#2623=EDGE_CURVE('',#2022,#2020,#458,.T.);
#2624=EDGE_CURVE('',#2021,#2023,#1383,.T.);
#2625=EDGE_CURVE('',#2024,#2023,#1384,.T.);
#2626=EDGE_CURVE('',#2022,#2024,#1385,.T.);
#2627=EDGE_CURVE('',#2023,#2025,#459,.T.);
#2628=EDGE_CURVE('',#2026,#2025,#1386,.T.);
#2629=EDGE_CURVE('',#2026,#2024,#460,.T.);
#2630=EDGE_CURVE('',#2025,#2027,#1387,.T.);
#2631=EDGE_CURVE('',#2028,#2027,#1388,.T.);
#2632=EDGE_CURVE('',#2026,#2028,#1389,.T.);
#2633=EDGE_CURVE('',#2027,#2013,#461,.T.);
#2634=EDGE_CURVE('',#2016,#2028,#462,.T.);
#2635=EDGE_CURVE('',#2028,#2029,#1390,.T.);
#2636=EDGE_CURVE('',#2030,#2029,#1391,.T.);
#2637=EDGE_CURVE('',#2026,#2030,#1392,.T.);
#2638=EDGE_CURVE('',#2031,#2030,#463,.T.);
#2639=EDGE_CURVE('',#2024,#2031,#1393,.T.);
#2640=EDGE_CURVE('',#2032,#2031,#1394,.T.);
#2641=EDGE_CURVE('',#2022,#2032,#1395,.T.);
#2642=EDGE_CURVE('',#2033,#2032,#464,.T.);
#2643=EDGE_CURVE('',#2020,#2033,#1396,.T.);
#2644=EDGE_CURVE('',#2034,#2033,#1397,.T.);
#2645=EDGE_CURVE('',#2018,#2034,#1398,.T.);
#2646=EDGE_CURVE('',#2035,#2034,#465,.T.);
#2647=EDGE_CURVE('',#2015,#2035,#1399,.T.);
#2648=EDGE_CURVE('',#2036,#2035,#1400,.T.);
#2649=EDGE_CURVE('',#2016,#2036,#1401,.T.);
#2650=EDGE_CURVE('',#2029,#2036,#466,.T.);
#2651=ORIENTED_EDGE('',*,*,#2037,.F.);
#2652=ORIENTED_EDGE('',*,*,#2038,.T.);
#2653=ORIENTED_EDGE('',*,*,#2039,.F.);
#2654=ORIENTED_EDGE('',*,*,#2040,.F.);
#2655=ORIENTED_EDGE('',*,*,#2041,.F.);
#2656=ORIENTED_EDGE('',*,*,#2040,.T.);
#2657=ORIENTED_EDGE('',*,*,#2042,.F.);
#2658=ORIENTED_EDGE('',*,*,#2043,.F.);
#2659=ORIENTED_EDGE('',*,*,#2044,.F.);
#2660=ORIENTED_EDGE('',*,*,#2043,.T.);
#2661=ORIENTED_EDGE('',*,*,#2045,.F.);
#2662=ORIENTED_EDGE('',*,*,#2046,.F.);
#2663=ORIENTED_EDGE('',*,*,#2047,.F.);
#2664=ORIENTED_EDGE('',*,*,#2046,.T.);
#2665=ORIENTED_EDGE('',*,*,#2048,.F.);
#2666=ORIENTED_EDGE('',*,*,#2049,.F.);
#2667=ORIENTED_EDGE('',*,*,#2050,.F.);
#2668=ORIENTED_EDGE('',*,*,#2049,.T.);
#2669=ORIENTED_EDGE('',*,*,#2051,.F.);
#2670=ORIENTED_EDGE('',*,*,#2052,.F.);
#2671=ORIENTED_EDGE('',*,*,#2053,.F.);
#2672=ORIENTED_EDGE('',*,*,#2052,.T.);
#2673=ORIENTED_EDGE('',*,*,#2054,.F.);
#2674=ORIENTED_EDGE('',*,*,#2055,.F.);
#2675=ORIENTED_EDGE('',*,*,#2056,.F.);
#2676=ORIENTED_EDGE('',*,*,#2055,.T.);
#2677=ORIENTED_EDGE('',*,*,#2057,.F.);
#2678=ORIENTED_EDGE('',*,*,#2058,.F.);
#2679=ORIENTED_EDGE('',*,*,#2059,.F.);
#2680=ORIENTED_EDGE('',*,*,#2058,.T.);
#2681=ORIENTED_EDGE('',*,*,#2060,.F.);
#2682=ORIENTED_EDGE('',*,*,#2038,.F.);
#2683=ORIENTED_EDGE('',*,*,#2061,.T.);
#2684=ORIENTED_EDGE('',*,*,#2062,.T.);
#2685=ORIENTED_EDGE('',*,*,#2063,.T.);
#2686=ORIENTED_EDGE('',*,*,#2064,.T.);
#2687=ORIENTED_EDGE('',*,*,#2065,.T.);
#2688=ORIENTED_EDGE('',*,*,#2066,.T.);
#2689=ORIENTED_EDGE('',*,*,#2067,.T.);
#2690=ORIENTED_EDGE('',*,*,#2068,.T.);
#2691=ORIENTED_EDGE('',*,*,#2060,.T.);
#2692=ORIENTED_EDGE('',*,*,#2057,.T.);
#2693=ORIENTED_EDGE('',*,*,#2054,.T.);
#2694=ORIENTED_EDGE('',*,*,#2051,.T.);
#2695=ORIENTED_EDGE('',*,*,#2048,.T.);
#2696=ORIENTED_EDGE('',*,*,#2045,.T.);
#2697=ORIENTED_EDGE('',*,*,#2042,.T.);
#2698=ORIENTED_EDGE('',*,*,#2039,.T.);
#2699=ORIENTED_EDGE('',*,*,#2069,.F.);
#2700=ORIENTED_EDGE('',*,*,#2070,.F.);
#2701=ORIENTED_EDGE('',*,*,#2071,.F.);
#2702=ORIENTED_EDGE('',*,*,#2062,.F.);
#2703=ORIENTED_EDGE('',*,*,#2071,.T.);
#2704=ORIENTED_EDGE('',*,*,#2072,.F.);
#2705=ORIENTED_EDGE('',*,*,#2073,.F.);
#2706=ORIENTED_EDGE('',*,*,#2063,.F.);
#2707=ORIENTED_EDGE('',*,*,#2073,.T.);
#2708=ORIENTED_EDGE('',*,*,#2074,.F.);
#2709=ORIENTED_EDGE('',*,*,#2075,.F.);
#2710=ORIENTED_EDGE('',*,*,#2064,.F.);
#2711=ORIENTED_EDGE('',*,*,#2075,.T.);
#2712=ORIENTED_EDGE('',*,*,#2076,.F.);
#2713=ORIENTED_EDGE('',*,*,#2077,.F.);
#2714=ORIENTED_EDGE('',*,*,#2065,.F.);
#2715=ORIENTED_EDGE('',*,*,#2077,.T.);
#2716=ORIENTED_EDGE('',*,*,#2078,.F.);
#2717=ORIENTED_EDGE('',*,*,#2079,.F.);
#2718=ORIENTED_EDGE('',*,*,#2066,.F.);
#2719=ORIENTED_EDGE('',*,*,#2079,.T.);
#2720=ORIENTED_EDGE('',*,*,#2080,.F.);
#2721=ORIENTED_EDGE('',*,*,#2081,.F.);
#2722=ORIENTED_EDGE('',*,*,#2067,.F.);
#2723=ORIENTED_EDGE('',*,*,#2081,.T.);
#2724=ORIENTED_EDGE('',*,*,#2082,.F.);
#2725=ORIENTED_EDGE('',*,*,#2083,.F.);
#2726=ORIENTED_EDGE('',*,*,#2068,.F.);
#2727=ORIENTED_EDGE('',*,*,#2083,.T.);
#2728=ORIENTED_EDGE('',*,*,#2084,.F.);
#2729=ORIENTED_EDGE('',*,*,#2069,.T.);
#2730=ORIENTED_EDGE('',*,*,#2061,.F.);
#2731=ORIENTED_EDGE('',*,*,#2084,.T.);
#2732=ORIENTED_EDGE('',*,*,#2082,.T.);
#2733=ORIENTED_EDGE('',*,*,#2080,.T.);
#2734=ORIENTED_EDGE('',*,*,#2078,.T.);
#2735=ORIENTED_EDGE('',*,*,#2076,.T.);
#2736=ORIENTED_EDGE('',*,*,#2074,.T.);
#2737=ORIENTED_EDGE('',*,*,#2072,.T.);
#2738=ORIENTED_EDGE('',*,*,#2070,.T.);
#2739=ORIENTED_EDGE('',*,*,#2037,.T.);
#2740=ORIENTED_EDGE('',*,*,#2041,.T.);
#2741=ORIENTED_EDGE('',*,*,#2044,.T.);
#2742=ORIENTED_EDGE('',*,*,#2047,.T.);
#2743=ORIENTED_EDGE('',*,*,#2050,.T.);
#2744=ORIENTED_EDGE('',*,*,#2053,.T.);
#2745=ORIENTED_EDGE('',*,*,#2056,.T.);
#2746=ORIENTED_EDGE('',*,*,#2059,.T.);
#2747=ORIENTED_EDGE('',*,*,#2085,.T.);
#2748=ORIENTED_EDGE('',*,*,#2086,.T.);
#2749=ORIENTED_EDGE('',*,*,#2087,.T.);
#2750=ORIENTED_EDGE('',*,*,#2088,.T.);
#2751=ORIENTED_EDGE('',*,*,#2087,.F.);
#2752=ORIENTED_EDGE('',*,*,#2089,.T.);
#2753=ORIENTED_EDGE('',*,*,#2085,.F.);
#2754=ORIENTED_EDGE('',*,*,#2090,.T.);
#2755=ORIENTED_EDGE('',*,*,#2091,.F.);
#2756=ORIENTED_EDGE('',*,*,#2092,.T.);
#2757=ORIENTED_EDGE('',*,*,#2093,.T.);
#2758=ORIENTED_EDGE('',*,*,#2094,.T.);
#2759=ORIENTED_EDGE('',*,*,#2088,.F.);
#2760=ORIENTED_EDGE('',*,*,#2095,.T.);
#2761=ORIENTED_EDGE('',*,*,#2096,.T.);
#2762=ORIENTED_EDGE('',*,*,#2095,.F.);
#2763=ORIENTED_EDGE('',*,*,#2097,.T.);
#2764=ORIENTED_EDGE('',*,*,#2098,.T.);
#2765=ORIENTED_EDGE('',*,*,#2099,.T.);
#2766=ORIENTED_EDGE('',*,*,#2100,.T.);
#2767=ORIENTED_EDGE('',*,*,#2099,.F.);
#2768=ORIENTED_EDGE('',*,*,#2101,.T.);
#2769=ORIENTED_EDGE('',*,*,#2097,.F.);
#2770=ORIENTED_EDGE('',*,*,#2102,.T.);
#2771=ORIENTED_EDGE('',*,*,#2103,.F.);
#2772=ORIENTED_EDGE('',*,*,#2104,.T.);
#2773=ORIENTED_EDGE('',*,*,#2105,.T.);
#2774=ORIENTED_EDGE('',*,*,#2106,.T.);
#2775=ORIENTED_EDGE('',*,*,#2100,.F.);
#2776=ORIENTED_EDGE('',*,*,#2107,.T.);
#2777=ORIENTED_EDGE('',*,*,#2108,.T.);
#2778=ORIENTED_EDGE('',*,*,#2107,.F.);
#2779=ORIENTED_EDGE('',*,*,#2109,.T.);
#2780=ORIENTED_EDGE('',*,*,#2110,.T.);
#2781=ORIENTED_EDGE('',*,*,#2111,.T.);
#2782=ORIENTED_EDGE('',*,*,#2112,.T.);
#2783=ORIENTED_EDGE('',*,*,#2113,.F.);
#2784=ORIENTED_EDGE('',*,*,#2114,.F.);
#2785=ORIENTED_EDGE('',*,*,#2115,.F.);
#2786=ORIENTED_EDGE('',*,*,#2116,.T.);
#2787=ORIENTED_EDGE('',*,*,#2117,.T.);
#2788=ORIENTED_EDGE('',*,*,#2114,.T.);
#2789=ORIENTED_EDGE('',*,*,#2118,.T.);
#2790=ORIENTED_EDGE('',*,*,#2119,.T.);
#2791=ORIENTED_EDGE('',*,*,#2120,.T.);
#2792=ORIENTED_EDGE('',*,*,#2116,.F.);
#2793=ORIENTED_EDGE('',*,*,#2121,.T.);
#2794=ORIENTED_EDGE('',*,*,#2122,.T.);
#2795=ORIENTED_EDGE('',*,*,#2123,.T.);
#2796=ORIENTED_EDGE('',*,*,#2119,.F.);
#2797=ORIENTED_EDGE('',*,*,#2124,.T.);
#2798=ORIENTED_EDGE('',*,*,#2122,.F.);
#2799=ORIENTED_EDGE('',*,*,#2125,.T.);
#2800=ORIENTED_EDGE('',*,*,#2126,.T.);
#2801=ORIENTED_EDGE('',*,*,#2127,.F.);
#2802=ORIENTED_EDGE('',*,*,#2128,.F.);
#2803=ORIENTED_EDGE('',*,*,#2129,.T.);
#2804=ORIENTED_EDGE('',*,*,#2130,.F.);
#2805=ORIENTED_EDGE('',*,*,#2115,.T.);
#2806=ORIENTED_EDGE('',*,*,#2131,.T.);
#2807=ORIENTED_EDGE('',*,*,#2128,.T.);
#2808=ORIENTED_EDGE('',*,*,#2132,.T.);
#2809=ORIENTED_EDGE('',*,*,#2133,.T.);
#2810=ORIENTED_EDGE('',*,*,#2134,.F.);
#2811=ORIENTED_EDGE('',*,*,#2135,.F.);
#2812=ORIENTED_EDGE('',*,*,#2136,.F.);
#2813=ORIENTED_EDGE('',*,*,#2137,.F.);
#2814=ORIENTED_EDGE('',*,*,#2138,.F.);
#2815=ORIENTED_EDGE('',*,*,#2139,.T.);
#2816=ORIENTED_EDGE('',*,*,#2140,.F.);
#2817=ORIENTED_EDGE('',*,*,#2141,.F.);
#2818=ORIENTED_EDGE('',*,*,#2142,.F.);
#2819=ORIENTED_EDGE('',*,*,#2143,.F.);
#2820=ORIENTED_EDGE('',*,*,#2144,.F.);
#2821=ORIENTED_EDGE('',*,*,#2145,.F.);
#2822=ORIENTED_EDGE('',*,*,#2146,.F.);
#2823=ORIENTED_EDGE('',*,*,#2134,.T.);
#2824=ORIENTED_EDGE('',*,*,#2147,.T.);
#2825=ORIENTED_EDGE('',*,*,#2145,.T.);
#2826=ORIENTED_EDGE('',*,*,#2148,.T.);
#2827=ORIENTED_EDGE('',*,*,#2149,.T.);
#2828=ORIENTED_EDGE('',*,*,#2150,.T.);
#2829=ORIENTED_EDGE('',*,*,#2151,.T.);
#2830=ORIENTED_EDGE('',*,*,#2152,.T.);
#2831=ORIENTED_EDGE('',*,*,#2153,.T.);
#2832=ORIENTED_EDGE('',*,*,#2149,.F.);
#2833=ORIENTED_EDGE('',*,*,#2154,.T.);
#2834=ORIENTED_EDGE('',*,*,#2155,.T.);
#2835=ORIENTED_EDGE('',*,*,#2156,.T.);
#2836=ORIENTED_EDGE('',*,*,#2152,.F.);
#2837=ORIENTED_EDGE('',*,*,#2157,.T.);
#2838=ORIENTED_EDGE('',*,*,#2146,.T.);
#2839=ORIENTED_EDGE('',*,*,#2158,.T.);
#2840=ORIENTED_EDGE('',*,*,#2155,.F.);
#2841=ORIENTED_EDGE('',*,*,#2159,.T.);
#2842=ORIENTED_EDGE('',*,*,#2160,.F.);
#2843=ORIENTED_EDGE('',*,*,#2161,.F.);
#2844=ORIENTED_EDGE('',*,*,#2162,.T.);
#2845=ORIENTED_EDGE('',*,*,#2163,.F.);
#2846=ORIENTED_EDGE('',*,*,#2164,.F.);
#2847=ORIENTED_EDGE('',*,*,#2165,.F.);
#2848=ORIENTED_EDGE('',*,*,#2166,.F.);
#2849=ORIENTED_EDGE('',*,*,#2167,.T.);
#2850=ORIENTED_EDGE('',*,*,#2144,.T.);
#2851=ORIENTED_EDGE('',*,*,#2168,.T.);
#2852=ORIENTED_EDGE('',*,*,#2165,.T.);
#2853=ORIENTED_EDGE('',*,*,#2169,.T.);
#2854=ORIENTED_EDGE('',*,*,#2170,.F.);
#2855=ORIENTED_EDGE('',*,*,#2171,.F.);
#2856=ORIENTED_EDGE('',*,*,#2172,.T.);
#2857=ORIENTED_EDGE('',*,*,#2173,.F.);
#2858=ORIENTED_EDGE('',*,*,#2174,.T.);
#2859=ORIENTED_EDGE('',*,*,#2175,.T.);
#2860=ORIENTED_EDGE('',*,*,#2171,.T.);
#2861=ORIENTED_EDGE('',*,*,#2176,.T.);
#2862=ORIENTED_EDGE('',*,*,#2174,.F.);
#2863=ORIENTED_EDGE('',*,*,#2177,.T.);
#2864=ORIENTED_EDGE('',*,*,#2178,.T.);
#2865=ORIENTED_EDGE('',*,*,#2179,.T.);
#2866=ORIENTED_EDGE('',*,*,#2180,.T.);
#2867=ORIENTED_EDGE('',*,*,#2181,.T.);
#2868=ORIENTED_EDGE('',*,*,#2161,.T.);
#2869=ORIENTED_EDGE('',*,*,#2182,.T.);
#2870=ORIENTED_EDGE('',*,*,#2183,.T.);
#2871=ORIENTED_EDGE('',*,*,#2184,.T.);
#2872=ORIENTED_EDGE('',*,*,#2180,.F.);
#2873=ORIENTED_EDGE('',*,*,#2185,.T.);
#2874=ORIENTED_EDGE('',*,*,#2173,.T.);
#2875=ORIENTED_EDGE('',*,*,#2186,.T.);
#2876=ORIENTED_EDGE('',*,*,#2183,.F.);
#2877=ORIENTED_EDGE('',*,*,#2187,.T.);
#2878=ORIENTED_EDGE('',*,*,#2188,.T.);
#2879=ORIENTED_EDGE('',*,*,#2189,.F.);
#2880=ORIENTED_EDGE('',*,*,#2190,.F.);
#2881=ORIENTED_EDGE('',*,*,#2191,.F.);
#2882=ORIENTED_EDGE('',*,*,#2192,.F.);
#2883=ORIENTED_EDGE('',*,*,#2193,.T.);
#2884=ORIENTED_EDGE('',*,*,#2194,.T.);
#2885=ORIENTED_EDGE('',*,*,#2195,.T.);
#2886=ORIENTED_EDGE('',*,*,#2196,.T.);
#2887=ORIENTED_EDGE('',*,*,#2197,.T.);
#2888=ORIENTED_EDGE('',*,*,#2198,.T.);
#2889=ORIENTED_EDGE('',*,*,#2194,.F.);
#2890=ORIENTED_EDGE('',*,*,#2199,.T.);
#2891=ORIENTED_EDGE('',*,*,#2189,.T.);
#2892=ORIENTED_EDGE('',*,*,#2200,.T.);
#2893=ORIENTED_EDGE('',*,*,#2197,.F.);
#2894=ORIENTED_EDGE('',*,*,#2201,.T.);
#2895=ORIENTED_EDGE('',*,*,#2190,.T.);
#2896=ORIENTED_EDGE('',*,*,#2202,.T.);
#2897=ORIENTED_EDGE('',*,*,#2170,.T.);
#2898=ORIENTED_EDGE('',*,*,#2203,.T.);
#2899=ORIENTED_EDGE('',*,*,#2204,.T.);
#2900=ORIENTED_EDGE('',*,*,#2205,.T.);
#2901=ORIENTED_EDGE('',*,*,#2191,.T.);
#2902=ORIENTED_EDGE('',*,*,#2206,.T.);
#2903=ORIENTED_EDGE('',*,*,#2166,.T.);
#2904=ORIENTED_EDGE('',*,*,#2207,.T.);
#2905=ORIENTED_EDGE('',*,*,#2204,.F.);
#2906=ORIENTED_EDGE('',*,*,#2208,.T.);
#2907=ORIENTED_EDGE('',*,*,#2142,.T.);
#2908=ORIENTED_EDGE('',*,*,#2209,.T.);
#2909=ORIENTED_EDGE('',*,*,#2164,.T.);
#2910=ORIENTED_EDGE('',*,*,#2210,.T.);
#2911=ORIENTED_EDGE('',*,*,#2163,.T.);
#2912=ORIENTED_EDGE('',*,*,#2211,.T.);
#2913=ORIENTED_EDGE('',*,*,#2138,.T.);
#2914=ORIENTED_EDGE('',*,*,#2212,.T.);
#2915=ORIENTED_EDGE('',*,*,#2213,.T.);
#2916=ORIENTED_EDGE('',*,*,#2214,.T.);
#2917=ORIENTED_EDGE('',*,*,#2160,.T.);
#2918=ORIENTED_EDGE('',*,*,#2215,.T.);
#2919=ORIENTED_EDGE('',*,*,#2216,.T.);
#2920=ORIENTED_EDGE('',*,*,#2217,.T.);
#2921=ORIENTED_EDGE('',*,*,#2213,.F.);
#2922=ORIENTED_EDGE('',*,*,#2218,.T.);
#2923=ORIENTED_EDGE('',*,*,#2216,.F.);
#2924=ORIENTED_EDGE('',*,*,#2219,.T.);
#2925=ORIENTED_EDGE('',*,*,#2220,.T.);
#2926=ORIENTED_EDGE('',*,*,#2178,.F.);
#2927=ORIENTED_EDGE('',*,*,#2221,.T.);
#2928=ORIENTED_EDGE('',*,*,#2222,.T.);
#2929=ORIENTED_EDGE('',*,*,#2223,.T.);
#2930=ORIENTED_EDGE('',*,*,#2224,.T.);
#2931=ORIENTED_EDGE('',*,*,#2225,.T.);
#2932=ORIENTED_EDGE('',*,*,#2222,.F.);
#2933=ORIENTED_EDGE('',*,*,#2226,.T.);
#2934=ORIENTED_EDGE('',*,*,#2140,.T.);
#2935=ORIENTED_EDGE('',*,*,#2227,.T.);
#2936=ORIENTED_EDGE('',*,*,#2224,.F.);
#2937=ORIENTED_EDGE('',*,*,#2228,.T.);
#2938=ORIENTED_EDGE('',*,*,#2229,.T.);
#2939=ORIENTED_EDGE('',*,*,#2230,.T.);
#2940=ORIENTED_EDGE('',*,*,#2143,.T.);
#2941=ORIENTED_EDGE('',*,*,#2231,.T.);
#2942=ORIENTED_EDGE('',*,*,#2141,.T.);
#2943=ORIENTED_EDGE('',*,*,#2232,.T.);
#2944=ORIENTED_EDGE('',*,*,#2135,.T.);
#2945=ORIENTED_EDGE('',*,*,#2233,.T.);
#2946=ORIENTED_EDGE('',*,*,#2234,.T.);
#2947=ORIENTED_EDGE('',*,*,#2235,.T.);
#2948=ORIENTED_EDGE('',*,*,#2137,.T.);
#2949=ORIENTED_EDGE('',*,*,#2236,.T.);
#2950=ORIENTED_EDGE('',*,*,#2130,.T.);
#2951=ORIENTED_EDGE('',*,*,#2237,.T.);
#2952=ORIENTED_EDGE('',*,*,#2136,.T.);
#2953=ORIENTED_EDGE('',*,*,#2238,.T.);
#2954=ORIENTED_EDGE('',*,*,#2239,.T.);
#2955=ORIENTED_EDGE('',*,*,#2240,.T.);
#2956=ORIENTED_EDGE('',*,*,#2127,.T.);
#2957=ORIENTED_EDGE('',*,*,#2241,.T.);
#2958=ORIENTED_EDGE('',*,*,#2242,.T.);
#2959=ORIENTED_EDGE('',*,*,#2243,.T.);
#2960=ORIENTED_EDGE('',*,*,#2113,.T.);
#2961=ORIENTED_EDGE('',*,*,#2244,.T.);
#2962=ORIENTED_EDGE('',*,*,#2242,.F.);
#2963=ORIENTED_EDGE('',*,*,#2245,.T.);
#2964=ORIENTED_EDGE('',*,*,#2246,.T.);
#2965=ORIENTED_EDGE('',*,*,#2239,.F.);
#2966=ORIENTED_EDGE('',*,*,#2229,.F.);
#2967=ORIENTED_EDGE('',*,*,#2247,.T.);
#2968=ORIENTED_EDGE('',*,*,#2248,.T.);
#2969=ORIENTED_EDGE('',*,*,#2249,.T.);
#2970=ORIENTED_EDGE('',*,*,#2234,.F.);
#2971=ORIENTED_EDGE('',*,*,#2250,.T.);
#2972=ORIENTED_EDGE('',*,*,#2248,.F.);
#2973=ORIENTED_EDGE('',*,*,#2251,.T.);
#2974=ORIENTED_EDGE('',*,*,#2111,.F.);
#2975=ORIENTED_EDGE('',*,*,#2252,.T.);
#2976=ORIENTED_EDGE('',*,*,#2253,.T.);
#2977=ORIENTED_EDGE('',*,*,#2254,.T.);
#2978=ORIENTED_EDGE('',*,*,#2255,.T.);
#2979=ORIENTED_EDGE('',*,*,#2253,.F.);
#2980=ORIENTED_EDGE('',*,*,#2256,.T.);
#2981=ORIENTED_EDGE('',*,*,#2109,.F.);
#2982=ORIENTED_EDGE('',*,*,#2257,.T.);
#2983=ORIENTED_EDGE('',*,*,#2227,.F.);
#2984=ORIENTED_EDGE('',*,*,#2139,.F.);
#2985=ORIENTED_EDGE('',*,*,#2211,.F.);
#2986=ORIENTED_EDGE('',*,*,#2162,.F.);
#2987=ORIENTED_EDGE('',*,*,#2181,.F.);
#2988=ORIENTED_EDGE('',*,*,#2258,.T.);
#2989=ORIENTED_EDGE('',*,*,#2259,.F.);
#2990=ORIENTED_EDGE('',*,*,#2260,.F.);
#2991=ORIENTED_EDGE('',*,*,#2261,.F.);
#2992=ORIENTED_EDGE('',*,*,#2262,.T.);
#2993=ORIENTED_EDGE('',*,*,#2184,.F.);
#2994=ORIENTED_EDGE('',*,*,#2263,.T.);
#2995=ORIENTED_EDGE('',*,*,#2264,.F.);
#2996=ORIENTED_EDGE('',*,*,#2258,.F.);
#2997=ORIENTED_EDGE('',*,*,#2126,.F.);
#2998=ORIENTED_EDGE('',*,*,#2265,.T.);
#2999=ORIENTED_EDGE('',*,*,#2266,.T.);
#3000=ORIENTED_EDGE('',*,*,#2267,.T.);
#3001=ORIENTED_EDGE('',*,*,#2125,.F.);
#3002=ORIENTED_EDGE('',*,*,#2268,.T.);
#3003=ORIENTED_EDGE('',*,*,#2269,.T.);
#3004=ORIENTED_EDGE('',*,*,#2270,.T.);
#3005=ORIENTED_EDGE('',*,*,#2124,.F.);
#3006=ORIENTED_EDGE('',*,*,#2271,.F.);
#3007=ORIENTED_EDGE('',*,*,#2272,.F.);
#3008=ORIENTED_EDGE('',*,*,#2273,.F.);
#3009=ORIENTED_EDGE('',*,*,#2274,.F.);
#3010=ORIENTED_EDGE('',*,*,#2275,.F.);
#3011=ORIENTED_EDGE('',*,*,#2276,.F.);
#3012=ORIENTED_EDGE('',*,*,#2277,.F.);
#3013=ORIENTED_EDGE('',*,*,#2278,.F.);
#3014=ORIENTED_EDGE('',*,*,#2268,.F.);
#3015=ORIENTED_EDGE('',*,*,#2118,.F.);
#3016=ORIENTED_EDGE('',*,*,#2243,.F.);
#3017=ORIENTED_EDGE('',*,*,#2279,.F.);
#3018=ORIENTED_EDGE('',*,*,#2280,.T.);
#3019=ORIENTED_EDGE('',*,*,#2246,.F.);
#3020=ORIENTED_EDGE('',*,*,#2281,.T.);
#3021=ORIENTED_EDGE('',*,*,#2282,.T.);
#3022=ORIENTED_EDGE('',*,*,#2279,.T.);
#3023=ORIENTED_EDGE('',*,*,#2244,.F.);
#3024=ORIENTED_EDGE('',*,*,#2132,.F.);
#3025=ORIENTED_EDGE('',*,*,#2240,.F.);
#3026=ORIENTED_EDGE('',*,*,#2283,.F.);
#3027=ORIENTED_EDGE('',*,*,#2245,.F.);
#3028=ORIENTED_EDGE('',*,*,#2283,.T.);
#3029=ORIENTED_EDGE('',*,*,#2247,.F.);
#3030=ORIENTED_EDGE('',*,*,#2284,.T.);
#3031=ORIENTED_EDGE('',*,*,#2231,.F.);
#3032=ORIENTED_EDGE('',*,*,#2210,.F.);
#3033=ORIENTED_EDGE('',*,*,#2167,.F.);
#3034=ORIENTED_EDGE('',*,*,#2208,.F.);
#3035=ORIENTED_EDGE('',*,*,#2206,.F.);
#3036=ORIENTED_EDGE('',*,*,#2203,.F.);
#3037=ORIENTED_EDGE('',*,*,#2187,.F.);
#3038=ORIENTED_EDGE('',*,*,#2185,.F.);
#3039=ORIENTED_EDGE('',*,*,#2182,.F.);
#3040=ORIENTED_EDGE('',*,*,#2214,.F.);
#3041=ORIENTED_EDGE('',*,*,#2285,.F.);
#3042=ORIENTED_EDGE('',*,*,#2281,.F.);
#3043=ORIENTED_EDGE('',*,*,#2284,.F.);
#3044=ORIENTED_EDGE('',*,*,#2217,.F.);
#3045=ORIENTED_EDGE('',*,*,#2220,.F.);
#3046=ORIENTED_EDGE('',*,*,#2286,.T.);
#3047=ORIENTED_EDGE('',*,*,#2282,.F.);
#3048=ORIENTED_EDGE('',*,*,#2285,.T.);
#3049=ORIENTED_EDGE('',*,*,#2218,.F.);
#3050=ORIENTED_EDGE('',*,*,#2215,.F.);
#3051=ORIENTED_EDGE('',*,*,#2212,.F.);
#3052=ORIENTED_EDGE('',*,*,#2235,.F.);
#3053=ORIENTED_EDGE('',*,*,#2249,.F.);
#3054=ORIENTED_EDGE('',*,*,#2287,.F.);
#3055=ORIENTED_EDGE('',*,*,#2219,.F.);
#3056=ORIENTED_EDGE('',*,*,#2287,.T.);
#3057=ORIENTED_EDGE('',*,*,#2252,.F.);
#3058=ORIENTED_EDGE('',*,*,#2110,.F.);
#3059=ORIENTED_EDGE('',*,*,#2288,.T.);
#3060=ORIENTED_EDGE('',*,*,#2121,.F.);
#3061=ORIENTED_EDGE('',*,*,#2280,.F.);
#3062=ORIENTED_EDGE('',*,*,#2286,.F.);
#3063=ORIENTED_EDGE('',*,*,#2288,.F.);
#3064=ORIENTED_EDGE('',*,*,#2256,.F.);
#3065=ORIENTED_EDGE('',*,*,#2255,.F.);
#3066=ORIENTED_EDGE('',*,*,#2289,.F.);
#3067=ORIENTED_EDGE('',*,*,#2290,.F.);
#3068=ORIENTED_EDGE('',*,*,#2271,.T.);
#3069=ORIENTED_EDGE('',*,*,#2254,.F.);
#3070=ORIENTED_EDGE('',*,*,#2291,.F.);
#3071=ORIENTED_EDGE('',*,*,#2292,.T.);
#3072=ORIENTED_EDGE('',*,*,#2148,.F.);
#3073=ORIENTED_EDGE('',*,*,#2169,.F.);
#3074=ORIENTED_EDGE('',*,*,#2209,.F.);
#3075=ORIENTED_EDGE('',*,*,#2233,.F.);
#3076=ORIENTED_EDGE('',*,*,#2230,.F.);
#3077=ORIENTED_EDGE('',*,*,#2241,.F.);
#3078=ORIENTED_EDGE('',*,*,#2238,.F.);
#3079=ORIENTED_EDGE('',*,*,#2232,.F.);
#3080=ORIENTED_EDGE('',*,*,#2193,.F.);
#3081=ORIENTED_EDGE('',*,*,#2293,.T.);
#3082=ORIENTED_EDGE('',*,*,#2177,.F.);
#3083=ORIENTED_EDGE('',*,*,#2294,.T.);
#3084=ORIENTED_EDGE('',*,*,#2295,.T.);
#3085=ORIENTED_EDGE('',*,*,#2199,.F.);
#3086=ORIENTED_EDGE('',*,*,#2295,.F.);
#3087=ORIENTED_EDGE('',*,*,#2296,.T.);
#3088=ORIENTED_EDGE('',*,*,#2201,.F.);
#3089=ORIENTED_EDGE('',*,*,#2296,.F.);
#3090=ORIENTED_EDGE('',*,*,#2294,.F.);
#3091=ORIENTED_EDGE('',*,*,#2176,.F.);
#3092=ORIENTED_EDGE('',*,*,#2202,.F.);
#3093=ORIENTED_EDGE('',*,*,#2297,.F.);
#3094=ORIENTED_EDGE('',*,*,#2298,.F.);
#3095=ORIENTED_EDGE('',*,*,#2299,.T.);
#3096=ORIENTED_EDGE('',*,*,#2300,.F.);
#3097=ORIENTED_EDGE('',*,*,#2150,.F.);
#3098=ORIENTED_EDGE('',*,*,#2301,.T.);
#3099=ORIENTED_EDGE('',*,*,#2298,.T.);
#3100=ORIENTED_EDGE('',*,*,#2302,.T.);
#3101=ORIENTED_EDGE('',*,*,#2303,.F.);
#3102=ORIENTED_EDGE('',*,*,#2304,.F.);
#3103=ORIENTED_EDGE('',*,*,#2305,.F.);
#3104=ORIENTED_EDGE('',*,*,#2306,.F.);
#3105=ORIENTED_EDGE('',*,*,#2307,.F.);
#3106=ORIENTED_EDGE('',*,*,#2308,.F.);
#3107=ORIENTED_EDGE('',*,*,#2309,.T.);
#3108=ORIENTED_EDGE('',*,*,#2310,.F.);
#3109=ORIENTED_EDGE('',*,*,#2311,.F.);
#3110=ORIENTED_EDGE('',*,*,#2312,.F.);
#3111=ORIENTED_EDGE('',*,*,#2151,.F.);
#3112=ORIENTED_EDGE('',*,*,#2313,.T.);
#3113=ORIENTED_EDGE('',*,*,#2310,.T.);
#3114=ORIENTED_EDGE('',*,*,#2314,.T.);
#3115=ORIENTED_EDGE('',*,*,#2311,.T.);
#3116=ORIENTED_EDGE('',*,*,#2315,.T.);
#3117=ORIENTED_EDGE('',*,*,#2304,.T.);
#3118=ORIENTED_EDGE('',*,*,#2316,.T.);
#3119=ORIENTED_EDGE('',*,*,#2317,.T.);
#3120=ORIENTED_EDGE('',*,*,#2303,.T.);
#3121=ORIENTED_EDGE('',*,*,#2318,.T.);
#3122=ORIENTED_EDGE('',*,*,#2319,.T.);
#3123=ORIENTED_EDGE('',*,*,#2320,.F.);
#3124=ORIENTED_EDGE('',*,*,#2321,.F.);
#3125=ORIENTED_EDGE('',*,*,#2322,.F.);
#3126=ORIENTED_EDGE('',*,*,#2323,.F.);
#3127=ORIENTED_EDGE('',*,*,#2269,.F.);
#3128=ORIENTED_EDGE('',*,*,#2278,.T.);
#3129=ORIENTED_EDGE('',*,*,#2324,.F.);
#3130=ORIENTED_EDGE('',*,*,#2325,.F.);
#3131=ORIENTED_EDGE('',*,*,#2326,.F.);
#3132=ORIENTED_EDGE('',*,*,#2327,.F.);
#3133=ORIENTED_EDGE('',*,*,#2326,.T.);
#3134=ORIENTED_EDGE('',*,*,#2328,.T.);
#3135=ORIENTED_EDGE('',*,*,#2306,.T.);
#3136=ORIENTED_EDGE('',*,*,#2329,.T.);
#3137=ORIENTED_EDGE('',*,*,#2330,.F.);
#3138=ORIENTED_EDGE('',*,*,#2331,.F.);
#3139=ORIENTED_EDGE('',*,*,#2332,.F.);
#3140=ORIENTED_EDGE('',*,*,#2333,.T.);
#3141=ORIENTED_EDGE('',*,*,#2334,.F.);
#3142=ORIENTED_EDGE('',*,*,#2335,.F.);
#3143=ORIENTED_EDGE('',*,*,#2336,.F.);
#3144=ORIENTED_EDGE('',*,*,#2334,.T.);
#3145=ORIENTED_EDGE('',*,*,#2337,.T.);
#3146=ORIENTED_EDGE('',*,*,#2312,.T.);
#3147=ORIENTED_EDGE('',*,*,#2338,.T.);
#3148=ORIENTED_EDGE('',*,*,#2339,.T.);
#3149=ORIENTED_EDGE('',*,*,#2335,.T.);
#3150=ORIENTED_EDGE('',*,*,#2340,.T.);
#3151=ORIENTED_EDGE('',*,*,#2319,.F.);
#3152=ORIENTED_EDGE('',*,*,#2341,.F.);
#3153=ORIENTED_EDGE('',*,*,#2342,.F.);
#3154=ORIENTED_EDGE('',*,*,#2343,.F.);
#3155=ORIENTED_EDGE('',*,*,#2344,.T.);
#3156=ORIENTED_EDGE('',*,*,#2345,.T.);
#3157=ORIENTED_EDGE('',*,*,#2325,.T.);
#3158=ORIENTED_EDGE('',*,*,#2346,.T.);
#3159=ORIENTED_EDGE('',*,*,#2347,.T.);
#3160=ORIENTED_EDGE('',*,*,#2348,.T.);
#3161=ORIENTED_EDGE('',*,*,#2344,.F.);
#3162=ORIENTED_EDGE('',*,*,#2349,.T.);
#3163=ORIENTED_EDGE('',*,*,#2350,.T.);
#3164=ORIENTED_EDGE('',*,*,#2351,.T.);
#3165=ORIENTED_EDGE('',*,*,#2347,.F.);
#3166=ORIENTED_EDGE('',*,*,#2352,.T.);
#3167=ORIENTED_EDGE('',*,*,#2353,.T.);
#3168=ORIENTED_EDGE('',*,*,#2354,.T.);
#3169=ORIENTED_EDGE('',*,*,#2350,.F.);
#3170=ORIENTED_EDGE('',*,*,#2261,.T.);
#3171=ORIENTED_EDGE('',*,*,#2342,.T.);
#3172=ORIENTED_EDGE('',*,*,#2355,.T.);
#3173=ORIENTED_EDGE('',*,*,#2353,.F.);
#3174=ORIENTED_EDGE('',*,*,#2356,.T.);
#3175=ORIENTED_EDGE('',*,*,#2357,.F.);
#3176=ORIENTED_EDGE('',*,*,#2358,.F.);
#3177=ORIENTED_EDGE('',*,*,#2359,.F.);
#3178=ORIENTED_EDGE('',*,*,#2276,.T.);
#3179=ORIENTED_EDGE('',*,*,#2360,.F.);
#3180=ORIENTED_EDGE('',*,*,#2361,.F.);
#3181=ORIENTED_EDGE('',*,*,#2362,.F.);
#3182=ORIENTED_EDGE('',*,*,#2363,.F.);
#3183=ORIENTED_EDGE('',*,*,#2364,.F.);
#3184=ORIENTED_EDGE('',*,*,#2365,.F.);
#3185=ORIENTED_EDGE('',*,*,#2364,.T.);
#3186=ORIENTED_EDGE('',*,*,#2366,.T.);
#3187=ORIENTED_EDGE('',*,*,#2332,.T.);
#3188=ORIENTED_EDGE('',*,*,#2367,.T.);
#3189=ORIENTED_EDGE('',*,*,#2368,.F.);
#3190=ORIENTED_EDGE('',*,*,#2369,.F.);
#3191=ORIENTED_EDGE('',*,*,#2370,.T.);
#3192=ORIENTED_EDGE('',*,*,#2371,.F.);
#3193=ORIENTED_EDGE('',*,*,#2369,.T.);
#3194=ORIENTED_EDGE('',*,*,#2372,.T.);
#3195=ORIENTED_EDGE('',*,*,#2336,.T.);
#3196=ORIENTED_EDGE('',*,*,#2373,.T.);
#3197=ORIENTED_EDGE('',*,*,#2374,.F.);
#3198=ORIENTED_EDGE('',*,*,#2375,.F.);
#3199=ORIENTED_EDGE('',*,*,#2376,.F.);
#3200=ORIENTED_EDGE('',*,*,#2357,.T.);
#3201=ORIENTED_EDGE('',*,*,#2377,.T.);
#3202=ORIENTED_EDGE('',*,*,#2375,.T.);
#3203=ORIENTED_EDGE('',*,*,#2378,.T.);
#3204=ORIENTED_EDGE('',*,*,#2376,.T.);
#3205=ORIENTED_EDGE('',*,*,#2379,.T.);
#3206=ORIENTED_EDGE('',*,*,#2343,.T.);
#3207=ORIENTED_EDGE('',*,*,#2380,.T.);
#3208=ORIENTED_EDGE('',*,*,#2381,.T.);
#3209=ORIENTED_EDGE('',*,*,#2382,.F.);
#3210=ORIENTED_EDGE('',*,*,#2383,.F.);
#3211=ORIENTED_EDGE('',*,*,#2384,.F.);
#3212=ORIENTED_EDGE('',*,*,#2360,.T.);
#3213=ORIENTED_EDGE('',*,*,#2275,.T.);
#3214=ORIENTED_EDGE('',*,*,#2382,.T.);
#3215=ORIENTED_EDGE('',*,*,#2385,.T.);
#3216=ORIENTED_EDGE('',*,*,#2383,.T.);
#3217=ORIENTED_EDGE('',*,*,#2274,.T.);
#3218=ORIENTED_EDGE('',*,*,#2358,.T.);
#3219=ORIENTED_EDGE('',*,*,#2386,.T.);
#3220=ORIENTED_EDGE('',*,*,#2387,.F.);
#3221=ORIENTED_EDGE('',*,*,#2388,.F.);
#3222=ORIENTED_EDGE('',*,*,#2389,.T.);
#3223=ORIENTED_EDGE('',*,*,#2390,.F.);
#3224=ORIENTED_EDGE('',*,*,#2391,.T.);
#3225=ORIENTED_EDGE('',*,*,#2392,.F.);
#3226=ORIENTED_EDGE('',*,*,#2393,.F.);
#3227=ORIENTED_EDGE('',*,*,#2394,.F.);
#3228=ORIENTED_EDGE('',*,*,#2395,.F.);
#3229=ORIENTED_EDGE('',*,*,#2396,.F.);
#3230=ORIENTED_EDGE('',*,*,#2397,.F.);
#3231=ORIENTED_EDGE('',*,*,#2396,.T.);
#3232=ORIENTED_EDGE('',*,*,#2398,.T.);
#3233=ORIENTED_EDGE('',*,*,#2388,.T.);
#3234=ORIENTED_EDGE('',*,*,#2399,.T.);
#3235=ORIENTED_EDGE('',*,*,#2400,.F.);
#3236=ORIENTED_EDGE('',*,*,#2401,.F.);
#3237=ORIENTED_EDGE('',*,*,#2402,.F.);
#3238=ORIENTED_EDGE('',*,*,#2401,.T.);
#3239=ORIENTED_EDGE('',*,*,#2403,.T.);
#3240=ORIENTED_EDGE('',*,*,#2392,.T.);
#3241=ORIENTED_EDGE('',*,*,#2404,.T.);
#3242=ORIENTED_EDGE('',*,*,#2405,.T.);
#3243=ORIENTED_EDGE('',*,*,#2406,.T.);
#3244=ORIENTED_EDGE('',*,*,#2402,.T.);
#3245=ORIENTED_EDGE('',*,*,#2407,.T.);
#3246=ORIENTED_EDGE('',*,*,#2408,.T.);
#3247=ORIENTED_EDGE('',*,*,#2409,.T.);
#3248=ORIENTED_EDGE('',*,*,#2405,.F.);
#3249=ORIENTED_EDGE('',*,*,#2259,.T.);
#3250=ORIENTED_EDGE('',*,*,#2410,.T.);
#3251=ORIENTED_EDGE('',*,*,#2411,.T.);
#3252=ORIENTED_EDGE('',*,*,#2408,.F.);
#3253=ORIENTED_EDGE('',*,*,#2264,.T.);
#3254=ORIENTED_EDGE('',*,*,#2412,.T.);
#3255=ORIENTED_EDGE('',*,*,#2413,.T.);
#3256=ORIENTED_EDGE('',*,*,#2410,.F.);
#3257=ORIENTED_EDGE('',*,*,#2414,.T.);
#3258=ORIENTED_EDGE('',*,*,#2395,.T.);
#3259=ORIENTED_EDGE('',*,*,#2415,.T.);
#3260=ORIENTED_EDGE('',*,*,#2412,.F.);
#3261=ORIENTED_EDGE('',*,*,#2416,.T.);
#3262=ORIENTED_EDGE('',*,*,#2417,.T.);
#3263=ORIENTED_EDGE('',*,*,#2418,.T.);
#3264=ORIENTED_EDGE('',*,*,#2397,.T.);
#3265=ORIENTED_EDGE('',*,*,#2419,.T.);
#3266=ORIENTED_EDGE('',*,*,#2420,.T.);
#3267=ORIENTED_EDGE('',*,*,#2421,.T.);
#3268=ORIENTED_EDGE('',*,*,#2417,.F.);
#3269=ORIENTED_EDGE('',*,*,#2422,.T.);
#3270=ORIENTED_EDGE('',*,*,#2423,.T.);
#3271=ORIENTED_EDGE('',*,*,#2424,.T.);
#3272=ORIENTED_EDGE('',*,*,#2420,.F.);
#3273=ORIENTED_EDGE('',*,*,#2425,.T.);
#3274=ORIENTED_EDGE('',*,*,#2426,.T.);
#3275=ORIENTED_EDGE('',*,*,#2427,.T.);
#3276=ORIENTED_EDGE('',*,*,#2423,.F.);
#3277=ORIENTED_EDGE('',*,*,#2428,.T.);
#3278=ORIENTED_EDGE('',*,*,#2429,.T.);
#3279=ORIENTED_EDGE('',*,*,#2430,.T.);
#3280=ORIENTED_EDGE('',*,*,#2426,.F.);
#3281=ORIENTED_EDGE('',*,*,#2431,.T.);
#3282=ORIENTED_EDGE('',*,*,#2432,.T.);
#3283=ORIENTED_EDGE('',*,*,#2433,.T.);
#3284=ORIENTED_EDGE('',*,*,#2429,.F.);
#3285=ORIENTED_EDGE('',*,*,#2434,.T.);
#3286=ORIENTED_EDGE('',*,*,#2435,.T.);
#3287=ORIENTED_EDGE('',*,*,#2436,.T.);
#3288=ORIENTED_EDGE('',*,*,#2432,.F.);
#3289=ORIENTED_EDGE('',*,*,#2437,.T.);
#3290=ORIENTED_EDGE('',*,*,#2438,.T.);
#3291=ORIENTED_EDGE('',*,*,#2439,.T.);
#3292=ORIENTED_EDGE('',*,*,#2435,.F.);
#3293=ORIENTED_EDGE('',*,*,#2440,.T.);
#3294=ORIENTED_EDGE('',*,*,#2400,.T.);
#3295=ORIENTED_EDGE('',*,*,#2441,.T.);
#3296=ORIENTED_EDGE('',*,*,#2438,.F.);
#3297=ORIENTED_EDGE('',*,*,#2442,.T.);
#3298=ORIENTED_EDGE('',*,*,#2393,.T.);
#3299=ORIENTED_EDGE('',*,*,#2443,.T.);
#3300=ORIENTED_EDGE('',*,*,#2384,.T.);
#3301=ORIENTED_EDGE('',*,*,#2444,.T.);
#3302=ORIENTED_EDGE('',*,*,#2374,.T.);
#3303=ORIENTED_EDGE('',*,*,#2445,.T.);
#3304=ORIENTED_EDGE('',*,*,#2394,.T.);
#3305=ORIENTED_EDGE('',*,*,#2446,.T.);
#3306=ORIENTED_EDGE('',*,*,#2390,.T.);
#3307=ORIENTED_EDGE('',*,*,#2447,.T.);
#3308=ORIENTED_EDGE('',*,*,#2365,.T.);
#3309=ORIENTED_EDGE('',*,*,#2448,.T.);
#3310=ORIENTED_EDGE('',*,*,#2371,.T.);
#3311=ORIENTED_EDGE('',*,*,#2449,.T.);
#3312=ORIENTED_EDGE('',*,*,#2387,.T.);
#3313=ORIENTED_EDGE('',*,*,#2450,.T.);
#3314=ORIENTED_EDGE('',*,*,#2331,.T.);
#3315=ORIENTED_EDGE('',*,*,#2451,.T.);
#3316=ORIENTED_EDGE('',*,*,#2368,.T.);
#3317=ORIENTED_EDGE('',*,*,#2452,.T.);
#3318=ORIENTED_EDGE('',*,*,#2363,.T.);
#3319=ORIENTED_EDGE('',*,*,#2453,.T.);
#3320=ORIENTED_EDGE('',*,*,#2327,.T.);
#3321=ORIENTED_EDGE('',*,*,#2454,.T.);
#3322=ORIENTED_EDGE('',*,*,#2455,.T.);
#3323=ORIENTED_EDGE('',*,*,#2456,.T.);
#3324=ORIENTED_EDGE('',*,*,#2361,.T.);
#3325=ORIENTED_EDGE('',*,*,#2457,.T.);
#3326=ORIENTED_EDGE('',*,*,#2455,.F.);
#3327=ORIENTED_EDGE('',*,*,#2458,.T.);
#3328=ORIENTED_EDGE('',*,*,#2459,.T.);
#3329=ORIENTED_EDGE('',*,*,#2324,.T.);
#3330=ORIENTED_EDGE('',*,*,#2277,.T.);
#3331=ORIENTED_EDGE('',*,*,#2362,.T.);
#3332=ORIENTED_EDGE('',*,*,#2460,.T.);
#3333=ORIENTED_EDGE('',*,*,#2359,.T.);
#3334=ORIENTED_EDGE('',*,*,#2273,.T.);
#3335=ORIENTED_EDGE('',*,*,#2322,.T.);
#3336=ORIENTED_EDGE('',*,*,#2461,.T.);
#3337=ORIENTED_EDGE('',*,*,#2321,.T.);
#3338=ORIENTED_EDGE('',*,*,#2462,.T.);
#3339=ORIENTED_EDGE('',*,*,#2341,.T.);
#3340=ORIENTED_EDGE('',*,*,#2463,.T.);
#3341=ORIENTED_EDGE('',*,*,#2330,.T.);
#3342=ORIENTED_EDGE('',*,*,#2464,.T.);
#3343=ORIENTED_EDGE('',*,*,#2308,.T.);
#3344=ORIENTED_EDGE('',*,*,#2465,.T.);
#3345=ORIENTED_EDGE('',*,*,#2466,.T.);
#3346=ORIENTED_EDGE('',*,*,#2467,.T.);
#3347=ORIENTED_EDGE('',*,*,#2323,.T.);
#3348=ORIENTED_EDGE('',*,*,#2468,.T.);
#3349=ORIENTED_EDGE('',*,*,#2466,.F.);
#3350=ORIENTED_EDGE('',*,*,#2469,.T.);
#3351=ORIENTED_EDGE('',*,*,#2470,.T.);
#3352=ORIENTED_EDGE('',*,*,#2471,.T.);
#3353=ORIENTED_EDGE('',*,*,#2472,.T.);
#3354=ORIENTED_EDGE('',*,*,#2320,.T.);
#3355=ORIENTED_EDGE('',*,*,#2272,.T.);
#3356=ORIENTED_EDGE('',*,*,#2473,.T.);
#3357=ORIENTED_EDGE('',*,*,#2474,.T.);
#3358=ORIENTED_EDGE('',*,*,#2471,.F.);
#3359=ORIENTED_EDGE('',*,*,#2290,.T.);
#3360=ORIENTED_EDGE('',*,*,#2103,.T.);
#3361=ORIENTED_EDGE('',*,*,#2475,.T.);
#3362=ORIENTED_EDGE('',*,*,#2473,.F.);
#3363=ORIENTED_EDGE('',*,*,#2476,.T.);
#3364=ORIENTED_EDGE('',*,*,#2477,.T.);
#3365=ORIENTED_EDGE('',*,*,#2478,.T.);
#3366=ORIENTED_EDGE('',*,*,#2105,.F.);
#3367=ORIENTED_EDGE('',*,*,#2479,.T.);
#3368=ORIENTED_EDGE('',*,*,#2480,.T.);
#3369=ORIENTED_EDGE('',*,*,#2481,.T.);
#3370=ORIENTED_EDGE('',*,*,#2477,.F.);
#3371=ORIENTED_EDGE('',*,*,#2482,.T.);
#3372=ORIENTED_EDGE('',*,*,#2091,.T.);
#3373=ORIENTED_EDGE('',*,*,#2483,.T.);
#3374=ORIENTED_EDGE('',*,*,#2480,.F.);
#3375=ORIENTED_EDGE('',*,*,#2484,.T.);
#3376=ORIENTED_EDGE('',*,*,#2485,.T.);
#3377=ORIENTED_EDGE('',*,*,#2486,.T.);
#3378=ORIENTED_EDGE('',*,*,#2093,.F.);
#3379=ORIENTED_EDGE('',*,*,#2487,.T.);
#3380=ORIENTED_EDGE('',*,*,#2488,.T.);
#3381=ORIENTED_EDGE('',*,*,#2489,.T.);
#3382=ORIENTED_EDGE('',*,*,#2485,.F.);
#3383=ORIENTED_EDGE('',*,*,#2490,.T.);
#3384=ORIENTED_EDGE('',*,*,#2307,.T.);
#3385=ORIENTED_EDGE('',*,*,#2491,.T.);
#3386=ORIENTED_EDGE('',*,*,#2488,.F.);
#3387=ORIENTED_EDGE('',*,*,#2492,.T.);
#3388=ORIENTED_EDGE('',*,*,#2305,.T.);
#3389=ORIENTED_EDGE('',*,*,#2493,.T.);
#3390=ORIENTED_EDGE('',*,*,#2297,.T.);
#3391=ORIENTED_EDGE('',*,*,#2494,.T.);
#3392=ORIENTED_EDGE('',*,*,#2495,.T.);
#3393=ORIENTED_EDGE('',*,*,#2496,.T.);
#3394=ORIENTED_EDGE('',*,*,#2497,.T.);
#3395=ORIENTED_EDGE('',*,*,#2498,.T.);
#3396=ORIENTED_EDGE('',*,*,#2300,.T.);
#3397=ORIENTED_EDGE('',*,*,#2499,.T.);
#3398=ORIENTED_EDGE('',*,*,#2495,.F.);
#3399=ORIENTED_EDGE('',*,*,#2500,.T.);
#3400=ORIENTED_EDGE('',*,*,#2346,.F.);
#3401=ORIENTED_EDGE('',*,*,#2453,.F.);
#3402=ORIENTED_EDGE('',*,*,#2447,.F.);
#3403=ORIENTED_EDGE('',*,*,#2389,.F.);
#3404=ORIENTED_EDGE('',*,*,#2398,.F.);
#3405=ORIENTED_EDGE('',*,*,#2416,.F.);
#3406=ORIENTED_EDGE('',*,*,#2501,.F.);
#3407=ORIENTED_EDGE('',*,*,#2470,.F.);
#3408=ORIENTED_EDGE('',*,*,#2502,.T.);
#3409=ORIENTED_EDGE('',*,*,#2503,.T.);
#3410=ORIENTED_EDGE('',*,*,#2504,.T.);
#3411=ORIENTED_EDGE('',*,*,#2468,.F.);
#3412=ORIENTED_EDGE('',*,*,#2460,.F.);
#3413=ORIENTED_EDGE('',*,*,#2456,.F.);
#3414=ORIENTED_EDGE('',*,*,#2505,.F.);
#3415=ORIENTED_EDGE('',*,*,#2469,.F.);
#3416=ORIENTED_EDGE('',*,*,#2505,.T.);
#3417=ORIENTED_EDGE('',*,*,#2459,.F.);
#3418=ORIENTED_EDGE('',*,*,#2506,.T.);
#3419=ORIENTED_EDGE('',*,*,#2458,.F.);
#3420=ORIENTED_EDGE('',*,*,#2507,.T.);
#3421=ORIENTED_EDGE('',*,*,#2508,.T.);
#3422=ORIENTED_EDGE('',*,*,#2509,.T.);
#3423=ORIENTED_EDGE('',*,*,#2457,.F.);
#3424=ORIENTED_EDGE('',*,*,#2385,.F.);
#3425=ORIENTED_EDGE('',*,*,#2381,.F.);
#3426=ORIENTED_EDGE('',*,*,#2443,.F.);
#3427=ORIENTED_EDGE('',*,*,#2403,.F.);
#3428=ORIENTED_EDGE('',*,*,#2442,.F.);
#3429=ORIENTED_EDGE('',*,*,#2510,.F.);
#3430=ORIENTED_EDGE('',*,*,#2511,.F.);
#3431=ORIENTED_EDGE('',*,*,#2512,.F.);
#3432=ORIENTED_EDGE('',*,*,#2507,.F.);
#3433=ORIENTED_EDGE('',*,*,#2440,.F.);
#3434=ORIENTED_EDGE('',*,*,#2513,.T.);
#3435=ORIENTED_EDGE('',*,*,#2514,.F.);
#3436=ORIENTED_EDGE('',*,*,#2510,.T.);
#3437=ORIENTED_EDGE('',*,*,#2437,.F.);
#3438=ORIENTED_EDGE('',*,*,#2515,.T.);
#3439=ORIENTED_EDGE('',*,*,#2516,.F.);
#3440=ORIENTED_EDGE('',*,*,#2513,.F.);
#3441=ORIENTED_EDGE('',*,*,#2434,.F.);
#3442=ORIENTED_EDGE('',*,*,#2517,.T.);
#3443=ORIENTED_EDGE('',*,*,#2518,.F.);
#3444=ORIENTED_EDGE('',*,*,#2515,.F.);
#3445=ORIENTED_EDGE('',*,*,#2431,.F.);
#3446=ORIENTED_EDGE('',*,*,#2519,.T.);
#3447=ORIENTED_EDGE('',*,*,#2520,.F.);
#3448=ORIENTED_EDGE('',*,*,#2517,.F.);
#3449=ORIENTED_EDGE('',*,*,#2428,.F.);
#3450=ORIENTED_EDGE('',*,*,#2521,.T.);
#3451=ORIENTED_EDGE('',*,*,#2522,.F.);
#3452=ORIENTED_EDGE('',*,*,#2519,.F.);
#3453=ORIENTED_EDGE('',*,*,#2425,.F.);
#3454=ORIENTED_EDGE('',*,*,#2523,.F.);
#3455=ORIENTED_EDGE('',*,*,#2524,.F.);
#3456=ORIENTED_EDGE('',*,*,#2521,.F.);
#3457=ORIENTED_EDGE('',*,*,#2422,.F.);
#3458=ORIENTED_EDGE('',*,*,#2525,.T.);
#3459=ORIENTED_EDGE('',*,*,#2526,.F.);
#3460=ORIENTED_EDGE('',*,*,#2523,.T.);
#3461=ORIENTED_EDGE('',*,*,#2419,.F.);
#3462=ORIENTED_EDGE('',*,*,#2399,.F.);
#3463=ORIENTED_EDGE('',*,*,#2449,.F.);
#3464=ORIENTED_EDGE('',*,*,#2370,.F.);
#3465=ORIENTED_EDGE('',*,*,#2373,.F.);
#3466=ORIENTED_EDGE('',*,*,#2339,.F.);
#3467=ORIENTED_EDGE('',*,*,#2527,.F.);
#3468=ORIENTED_EDGE('',*,*,#2497,.F.);
#3469=ORIENTED_EDGE('',*,*,#2528,.F.);
#3470=ORIENTED_EDGE('',*,*,#2525,.F.);
#3471=ORIENTED_EDGE('',*,*,#2318,.F.);
#3472=ORIENTED_EDGE('',*,*,#2494,.F.);
#3473=ORIENTED_EDGE('',*,*,#2500,.F.);
#3474=ORIENTED_EDGE('',*,*,#2498,.F.);
#3475=ORIENTED_EDGE('',*,*,#2527,.T.);
#3476=ORIENTED_EDGE('',*,*,#2302,.F.);
#3477=ORIENTED_EDGE('',*,*,#2493,.F.);
#3478=ORIENTED_EDGE('',*,*,#2315,.F.);
#3479=ORIENTED_EDGE('',*,*,#2313,.F.);
#3480=ORIENTED_EDGE('',*,*,#2316,.F.);
#3481=ORIENTED_EDGE('',*,*,#2317,.F.);
#3482=ORIENTED_EDGE('',*,*,#2340,.F.);
#3483=ORIENTED_EDGE('',*,*,#2338,.F.);
#3484=ORIENTED_EDGE('',*,*,#2086,.F.);
#3485=ORIENTED_EDGE('',*,*,#2094,.F.);
#3486=ORIENTED_EDGE('',*,*,#2486,.F.);
#3487=ORIENTED_EDGE('',*,*,#2489,.F.);
#3488=ORIENTED_EDGE('',*,*,#2491,.F.);
#3489=ORIENTED_EDGE('',*,*,#2328,.F.);
#3490=ORIENTED_EDGE('',*,*,#2345,.F.);
#3491=ORIENTED_EDGE('',*,*,#2348,.F.);
#3492=ORIENTED_EDGE('',*,*,#2351,.F.);
#3493=ORIENTED_EDGE('',*,*,#2354,.F.);
#3494=ORIENTED_EDGE('',*,*,#2355,.F.);
#3495=ORIENTED_EDGE('',*,*,#2462,.F.);
#3496=ORIENTED_EDGE('',*,*,#2472,.F.);
#3497=ORIENTED_EDGE('',*,*,#2474,.F.);
#3498=ORIENTED_EDGE('',*,*,#2475,.F.);
#3499=ORIENTED_EDGE('',*,*,#2102,.F.);
#3500=ORIENTED_EDGE('',*,*,#2101,.F.);
#3501=ORIENTED_EDGE('',*,*,#2098,.F.);
#3502=ORIENTED_EDGE('',*,*,#2106,.F.);
#3503=ORIENTED_EDGE('',*,*,#2478,.F.);
#3504=ORIENTED_EDGE('',*,*,#2481,.F.);
#3505=ORIENTED_EDGE('',*,*,#2483,.F.);
#3506=ORIENTED_EDGE('',*,*,#2090,.F.);
#3507=ORIENTED_EDGE('',*,*,#2089,.F.);
#3508=ORIENTED_EDGE('',*,*,#2367,.F.);
#3509=ORIENTED_EDGE('',*,*,#2452,.F.);
#3510=ORIENTED_EDGE('',*,*,#2450,.F.);
#3511=ORIENTED_EDGE('',*,*,#2448,.F.);
#3512=ORIENTED_EDGE('',*,*,#2366,.F.);
#3513=ORIENTED_EDGE('',*,*,#2454,.F.);
#3514=ORIENTED_EDGE('',*,*,#2329,.F.);
#3515=ORIENTED_EDGE('',*,*,#2464,.F.);
#3516=ORIENTED_EDGE('',*,*,#2378,.F.);
#3517=ORIENTED_EDGE('',*,*,#2446,.F.);
#3518=ORIENTED_EDGE('',*,*,#2444,.F.);
#3519=ORIENTED_EDGE('',*,*,#2386,.F.);
#3520=ORIENTED_EDGE('',*,*,#2377,.F.);
#3521=ORIENTED_EDGE('',*,*,#2461,.F.);
#3522=ORIENTED_EDGE('',*,*,#2463,.F.);
#3523=ORIENTED_EDGE('',*,*,#2379,.F.);
#3524=ORIENTED_EDGE('',*,*,#2406,.F.);
#3525=ORIENTED_EDGE('',*,*,#2409,.F.);
#3526=ORIENTED_EDGE('',*,*,#2411,.F.);
#3527=ORIENTED_EDGE('',*,*,#2413,.F.);
#3528=ORIENTED_EDGE('',*,*,#2415,.F.);
#3529=ORIENTED_EDGE('',*,*,#2418,.F.);
#3530=ORIENTED_EDGE('',*,*,#2421,.F.);
#3531=ORIENTED_EDGE('',*,*,#2424,.F.);
#3532=ORIENTED_EDGE('',*,*,#2427,.F.);
#3533=ORIENTED_EDGE('',*,*,#2430,.F.);
#3534=ORIENTED_EDGE('',*,*,#2433,.F.);
#3535=ORIENTED_EDGE('',*,*,#2436,.F.);
#3536=ORIENTED_EDGE('',*,*,#2439,.F.);
#3537=ORIENTED_EDGE('',*,*,#2441,.F.);
#3538=ORIENTED_EDGE('',*,*,#2250,.F.);
#3539=ORIENTED_EDGE('',*,*,#2529,.T.);
#3540=ORIENTED_EDGE('',*,*,#2530,.T.);
#3541=ORIENTED_EDGE('',*,*,#2531,.T.);
#3542=ORIENTED_EDGE('',*,*,#2532,.T.);
#3543=ORIENTED_EDGE('',*,*,#2251,.F.);
#3544=ORIENTED_EDGE('',*,*,#2533,.T.);
#3545=ORIENTED_EDGE('',*,*,#2534,.T.);
#3546=ORIENTED_EDGE('',*,*,#2535,.T.);
#3547=ORIENTED_EDGE('',*,*,#2536,.T.);
#3548=ORIENTED_EDGE('',*,*,#2537,.T.);
#3549=ORIENTED_EDGE('',*,*,#2538,.T.);
#3550=ORIENTED_EDGE('',*,*,#2535,.F.);
#3551=ORIENTED_EDGE('',*,*,#2539,.T.);
#3552=ORIENTED_EDGE('',*,*,#2533,.F.);
#3553=ORIENTED_EDGE('',*,*,#2540,.T.);
#3554=ORIENTED_EDGE('',*,*,#2530,.F.);
#3555=ORIENTED_EDGE('',*,*,#2541,.T.);
#3556=ORIENTED_EDGE('',*,*,#2542,.T.);
#3557=ORIENTED_EDGE('',*,*,#2543,.T.);
#3558=ORIENTED_EDGE('',*,*,#2544,.T.);
#3559=ORIENTED_EDGE('',*,*,#2545,.F.);
#3560=ORIENTED_EDGE('',*,*,#2545,.T.);
#3561=ORIENTED_EDGE('',*,*,#2546,.T.);
#3562=ORIENTED_EDGE('',*,*,#2537,.F.);
#3563=ORIENTED_EDGE('',*,*,#2547,.T.);
#3564=ORIENTED_EDGE('',*,*,#2196,.F.);
#3565=ORIENTED_EDGE('',*,*,#2548,.T.);
#3566=ORIENTED_EDGE('',*,*,#2549,.T.);
#3567=ORIENTED_EDGE('',*,*,#2543,.F.);
#3568=ORIENTED_EDGE('',*,*,#2112,.F.);
#3569=ORIENTED_EDGE('',*,*,#2532,.F.);
#3570=ORIENTED_EDGE('',*,*,#2550,.T.);
#3571=ORIENTED_EDGE('',*,*,#2291,.T.);
#3572=ORIENTED_EDGE('',*,*,#2257,.F.);
#3573=ORIENTED_EDGE('',*,*,#2484,.F.);
#3574=ORIENTED_EDGE('',*,*,#2551,.T.);
#3575=ORIENTED_EDGE('',*,*,#2538,.F.);
#3576=ORIENTED_EDGE('',*,*,#2552,.T.);
#3577=ORIENTED_EDGE('',*,*,#2092,.F.);
#3578=ORIENTED_EDGE('',*,*,#2552,.F.);
#3579=ORIENTED_EDGE('',*,*,#2546,.F.);
#3580=ORIENTED_EDGE('',*,*,#2544,.F.);
#3581=ORIENTED_EDGE('',*,*,#2553,.F.);
#3582=ORIENTED_EDGE('',*,*,#2487,.F.);
#3583=ORIENTED_EDGE('',*,*,#2553,.T.);
#3584=ORIENTED_EDGE('',*,*,#2549,.F.);
#3585=ORIENTED_EDGE('',*,*,#2554,.T.);
#3586=ORIENTED_EDGE('',*,*,#2221,.F.);
#3587=ORIENTED_EDGE('',*,*,#2293,.F.);
#3588=ORIENTED_EDGE('',*,*,#2192,.T.);
#3589=ORIENTED_EDGE('',*,*,#2547,.F.);
#3590=ORIENTED_EDGE('',*,*,#2539,.F.);
#3591=ORIENTED_EDGE('',*,*,#2534,.F.);
#3592=ORIENTED_EDGE('',*,*,#2541,.F.);
#3593=ORIENTED_EDGE('',*,*,#2529,.F.);
#3594=ORIENTED_EDGE('',*,*,#2236,.F.);
#3595=ORIENTED_EDGE('',*,*,#2228,.F.);
#3596=ORIENTED_EDGE('',*,*,#2226,.F.);
#3597=ORIENTED_EDGE('',*,*,#2555,.T.);
#3598=ORIENTED_EDGE('',*,*,#2266,.F.);
#3599=ORIENTED_EDGE('',*,*,#2503,.F.);
#3600=ORIENTED_EDGE('',*,*,#2556,.F.);
#3601=ORIENTED_EDGE('',*,*,#2557,.F.);
#3602=ORIENTED_EDGE('',*,*,#2508,.F.);
#3603=ORIENTED_EDGE('',*,*,#2512,.T.);
#3604=ORIENTED_EDGE('',*,*,#2558,.F.);
#3605=ORIENTED_EDGE('',*,*,#2496,.F.);
#3606=ORIENTED_EDGE('',*,*,#2559,.T.);
#3607=ORIENTED_EDGE('',*,*,#2560,.T.);
#3608=ORIENTED_EDGE('',*,*,#2528,.T.);
#3609=ORIENTED_EDGE('',*,*,#2561,.T.);
#3610=ORIENTED_EDGE('',*,*,#2526,.T.);
#3611=ORIENTED_EDGE('',*,*,#2560,.F.);
#3612=ORIENTED_EDGE('',*,*,#2562,.T.);
#3613=ORIENTED_EDGE('',*,*,#2563,.T.);
#3614=ORIENTED_EDGE('',*,*,#2524,.T.);
#3615=ORIENTED_EDGE('',*,*,#2561,.F.);
#3616=ORIENTED_EDGE('',*,*,#2564,.T.);
#3617=ORIENTED_EDGE('',*,*,#2565,.T.);
#3618=ORIENTED_EDGE('',*,*,#2522,.T.);
#3619=ORIENTED_EDGE('',*,*,#2563,.F.);
#3620=ORIENTED_EDGE('',*,*,#2566,.T.);
#3621=ORIENTED_EDGE('',*,*,#2567,.T.);
#3622=ORIENTED_EDGE('',*,*,#2520,.T.);
#3623=ORIENTED_EDGE('',*,*,#2565,.F.);
#3624=ORIENTED_EDGE('',*,*,#2568,.T.);
#3625=ORIENTED_EDGE('',*,*,#2569,.T.);
#3626=ORIENTED_EDGE('',*,*,#2518,.T.);
#3627=ORIENTED_EDGE('',*,*,#2567,.F.);
#3628=ORIENTED_EDGE('',*,*,#2570,.T.);
#3629=ORIENTED_EDGE('',*,*,#2571,.T.);
#3630=ORIENTED_EDGE('',*,*,#2516,.T.);
#3631=ORIENTED_EDGE('',*,*,#2569,.F.);
#3632=ORIENTED_EDGE('',*,*,#2572,.T.);
#3633=ORIENTED_EDGE('',*,*,#2573,.T.);
#3634=ORIENTED_EDGE('',*,*,#2514,.T.);
#3635=ORIENTED_EDGE('',*,*,#2571,.F.);
#3636=ORIENTED_EDGE('',*,*,#2574,.T.);
#3637=ORIENTED_EDGE('',*,*,#2558,.T.);
#3638=ORIENTED_EDGE('',*,*,#2511,.T.);
#3639=ORIENTED_EDGE('',*,*,#2573,.F.);
#3640=ORIENTED_EDGE('',*,*,#2575,.T.);
#3641=ORIENTED_EDGE('',*,*,#2557,.T.);
#3642=ORIENTED_EDGE('',*,*,#2576,.T.);
#3643=ORIENTED_EDGE('',*,*,#2556,.T.);
#3644=ORIENTED_EDGE('',*,*,#2577,.T.);
#3645=ORIENTED_EDGE('',*,*,#2467,.F.);
#3646=ORIENTED_EDGE('',*,*,#2504,.F.);
#3647=ORIENTED_EDGE('',*,*,#2265,.F.);
#3648=ORIENTED_EDGE('',*,*,#2270,.F.);
#3649=ORIENTED_EDGE('',*,*,#2123,.F.);
#3650=ORIENTED_EDGE('',*,*,#2267,.F.);
#3651=ORIENTED_EDGE('',*,*,#2555,.F.);
#3652=ORIENTED_EDGE('',*,*,#2576,.F.);
#3653=ORIENTED_EDGE('',*,*,#2575,.F.);
#3654=ORIENTED_EDGE('',*,*,#2574,.F.);
#3655=ORIENTED_EDGE('',*,*,#2572,.F.);
#3656=ORIENTED_EDGE('',*,*,#2570,.F.);
#3657=ORIENTED_EDGE('',*,*,#2568,.F.);
#3658=ORIENTED_EDGE('',*,*,#2566,.F.);
#3659=ORIENTED_EDGE('',*,*,#2564,.F.);
#3660=ORIENTED_EDGE('',*,*,#2562,.F.);
#3661=ORIENTED_EDGE('',*,*,#2559,.F.);
#3662=ORIENTED_EDGE('',*,*,#2499,.F.);
#3663=ORIENTED_EDGE('',*,*,#2299,.F.);
#3664=ORIENTED_EDGE('',*,*,#2301,.F.);
#3665=ORIENTED_EDGE('',*,*,#2153,.F.);
#3666=ORIENTED_EDGE('',*,*,#2156,.F.);
#3667=ORIENTED_EDGE('',*,*,#2158,.F.);
#3668=ORIENTED_EDGE('',*,*,#2147,.F.);
#3669=ORIENTED_EDGE('',*,*,#2133,.F.);
#3670=ORIENTED_EDGE('',*,*,#2237,.F.);
#3671=ORIENTED_EDGE('',*,*,#2129,.F.);
#3672=ORIENTED_EDGE('',*,*,#2131,.F.);
#3673=ORIENTED_EDGE('',*,*,#2117,.F.);
#3674=ORIENTED_EDGE('',*,*,#2120,.F.);
#3675=ORIENTED_EDGE('',*,*,#2509,.F.);
#3676=ORIENTED_EDGE('',*,*,#2577,.F.);
#3677=ORIENTED_EDGE('',*,*,#2502,.F.);
#3678=ORIENTED_EDGE('',*,*,#2506,.F.);
#3679=ORIENTED_EDGE('',*,*,#2157,.F.);
#3680=ORIENTED_EDGE('',*,*,#2578,.F.);
#3681=ORIENTED_EDGE('',*,*,#2490,.F.);
#3682=ORIENTED_EDGE('',*,*,#2554,.F.);
#3683=ORIENTED_EDGE('',*,*,#2548,.F.);
#3684=ORIENTED_EDGE('',*,*,#2542,.F.);
#3685=ORIENTED_EDGE('',*,*,#2195,.F.);
#3686=ORIENTED_EDGE('',*,*,#2198,.F.);
#3687=ORIENTED_EDGE('',*,*,#2200,.F.);
#3688=ORIENTED_EDGE('',*,*,#2188,.F.);
#3689=ORIENTED_EDGE('',*,*,#2205,.F.);
#3690=ORIENTED_EDGE('',*,*,#2579,.T.);
#3691=ORIENTED_EDGE('',*,*,#2482,.F.);
#3692=ORIENTED_EDGE('',*,*,#2580,.F.);
#3693=ORIENTED_EDGE('',*,*,#2536,.F.);
#3694=ORIENTED_EDGE('',*,*,#2551,.F.);
#3695=ORIENTED_EDGE('',*,*,#2476,.F.);
#3696=ORIENTED_EDGE('',*,*,#2289,.T.);
#3697=ORIENTED_EDGE('',*,*,#2292,.F.);
#3698=ORIENTED_EDGE('',*,*,#2581,.T.);
#3699=ORIENTED_EDGE('',*,*,#2104,.F.);
#3700=ORIENTED_EDGE('',*,*,#2581,.F.);
#3701=ORIENTED_EDGE('',*,*,#2550,.F.);
#3702=ORIENTED_EDGE('',*,*,#2531,.F.);
#3703=ORIENTED_EDGE('',*,*,#2582,.F.);
#3704=ORIENTED_EDGE('',*,*,#2479,.F.);
#3705=ORIENTED_EDGE('',*,*,#2582,.T.);
#3706=ORIENTED_EDGE('',*,*,#2540,.F.);
#3707=ORIENTED_EDGE('',*,*,#2580,.T.);
#3708=ORIENTED_EDGE('',*,*,#2096,.F.);
#3709=ORIENTED_EDGE('',*,*,#2108,.F.);
#3710=ORIENTED_EDGE('',*,*,#2154,.F.);
#3711=ORIENTED_EDGE('',*,*,#2314,.F.);
#3712=ORIENTED_EDGE('',*,*,#2309,.F.);
#3713=ORIENTED_EDGE('',*,*,#2337,.F.);
#3714=ORIENTED_EDGE('',*,*,#2333,.F.);
#3715=ORIENTED_EDGE('',*,*,#2372,.F.);
#3716=ORIENTED_EDGE('',*,*,#2451,.F.);
#3717=ORIENTED_EDGE('',*,*,#2465,.F.);
#3718=ORIENTED_EDGE('',*,*,#2492,.F.);
#3719=ORIENTED_EDGE('',*,*,#2578,.T.);
#3720=ORIENTED_EDGE('',*,*,#2159,.F.);
#3721=ORIENTED_EDGE('',*,*,#2579,.F.);
#3722=ORIENTED_EDGE('',*,*,#2207,.F.);
#3723=ORIENTED_EDGE('',*,*,#2168,.F.);
#3724=ORIENTED_EDGE('',*,*,#2223,.F.);
#3725=ORIENTED_EDGE('',*,*,#2583,.F.);
#3726=ORIENTED_EDGE('',*,*,#2349,.F.);
#3727=ORIENTED_EDGE('',*,*,#2501,.T.);
#3728=ORIENTED_EDGE('',*,*,#2414,.F.);
#3729=ORIENTED_EDGE('',*,*,#2263,.F.);
#3730=ORIENTED_EDGE('',*,*,#2186,.F.);
#3731=ORIENTED_EDGE('',*,*,#2172,.F.);
#3732=ORIENTED_EDGE('',*,*,#2175,.F.);
#3733=ORIENTED_EDGE('',*,*,#2179,.F.);
#3734=ORIENTED_EDGE('',*,*,#2225,.F.);
#3735=ORIENTED_EDGE('',*,*,#2262,.F.);
#3736=ORIENTED_EDGE('',*,*,#2352,.F.);
#3737=ORIENTED_EDGE('',*,*,#2583,.T.);
#3738=ORIENTED_EDGE('',*,*,#2356,.F.);
#3739=ORIENTED_EDGE('',*,*,#2260,.T.);
#3740=ORIENTED_EDGE('',*,*,#2407,.F.);
#3741=ORIENTED_EDGE('',*,*,#2404,.F.);
#3742=ORIENTED_EDGE('',*,*,#2391,.F.);
#3743=ORIENTED_EDGE('',*,*,#2445,.F.);
#3744=ORIENTED_EDGE('',*,*,#2380,.F.);
#3745=ORIENTED_EDGE('',*,*,#2584,.T.);
#3746=ORIENTED_EDGE('',*,*,#2585,.T.);
#3747=ORIENTED_EDGE('',*,*,#2586,.F.);
#3748=ORIENTED_EDGE('',*,*,#2585,.F.);
#3749=ORIENTED_EDGE('',*,*,#2584,.F.);
#3750=ORIENTED_EDGE('',*,*,#2586,.T.);
#3751=ORIENTED_EDGE('',*,*,#2587,.F.);
#3752=ORIENTED_EDGE('',*,*,#2588,.F.);
#3753=ORIENTED_EDGE('',*,*,#2589,.F.);
#3754=ORIENTED_EDGE('',*,*,#2590,.T.);
#3755=ORIENTED_EDGE('',*,*,#2591,.F.);
#3756=ORIENTED_EDGE('',*,*,#2590,.F.);
#3757=ORIENTED_EDGE('',*,*,#2592,.F.);
#3758=ORIENTED_EDGE('',*,*,#2593,.T.);
#3759=ORIENTED_EDGE('',*,*,#2594,.F.);
#3760=ORIENTED_EDGE('',*,*,#2593,.F.);
#3761=ORIENTED_EDGE('',*,*,#2595,.F.);
#3762=ORIENTED_EDGE('',*,*,#2596,.T.);
#3763=ORIENTED_EDGE('',*,*,#2597,.F.);
#3764=ORIENTED_EDGE('',*,*,#2596,.F.);
#3765=ORIENTED_EDGE('',*,*,#2598,.F.);
#3766=ORIENTED_EDGE('',*,*,#2599,.T.);
#3767=ORIENTED_EDGE('',*,*,#2600,.F.);
#3768=ORIENTED_EDGE('',*,*,#2599,.F.);
#3769=ORIENTED_EDGE('',*,*,#2601,.F.);
#3770=ORIENTED_EDGE('',*,*,#2602,.T.);
#3771=ORIENTED_EDGE('',*,*,#2603,.F.);
#3772=ORIENTED_EDGE('',*,*,#2602,.F.);
#3773=ORIENTED_EDGE('',*,*,#2604,.F.);
#3774=ORIENTED_EDGE('',*,*,#2605,.T.);
#3775=ORIENTED_EDGE('',*,*,#2606,.F.);
#3776=ORIENTED_EDGE('',*,*,#2605,.F.);
#3777=ORIENTED_EDGE('',*,*,#2607,.F.);
#3778=ORIENTED_EDGE('',*,*,#2608,.T.);
#3779=ORIENTED_EDGE('',*,*,#2609,.F.);
#3780=ORIENTED_EDGE('',*,*,#2608,.F.);
#3781=ORIENTED_EDGE('',*,*,#2610,.F.);
#3782=ORIENTED_EDGE('',*,*,#2588,.T.);
#3783=ORIENTED_EDGE('',*,*,#2611,.T.);
#3784=ORIENTED_EDGE('',*,*,#2612,.F.);
#3785=ORIENTED_EDGE('',*,*,#2613,.F.);
#3786=ORIENTED_EDGE('',*,*,#2614,.T.);
#3787=ORIENTED_EDGE('',*,*,#2615,.T.);
#3788=ORIENTED_EDGE('',*,*,#2616,.F.);
#3789=ORIENTED_EDGE('',*,*,#2617,.T.);
#3790=ORIENTED_EDGE('',*,*,#2612,.T.);
#3791=ORIENTED_EDGE('',*,*,#2618,.T.);
#3792=ORIENTED_EDGE('',*,*,#2619,.F.);
#3793=ORIENTED_EDGE('',*,*,#2620,.F.);
#3794=ORIENTED_EDGE('',*,*,#2616,.T.);
#3795=ORIENTED_EDGE('',*,*,#2621,.T.);
#3796=ORIENTED_EDGE('',*,*,#2622,.F.);
#3797=ORIENTED_EDGE('',*,*,#2623,.T.);
#3798=ORIENTED_EDGE('',*,*,#2619,.T.);
#3799=ORIENTED_EDGE('',*,*,#2624,.T.);
#3800=ORIENTED_EDGE('',*,*,#2625,.F.);
#3801=ORIENTED_EDGE('',*,*,#2626,.F.);
#3802=ORIENTED_EDGE('',*,*,#2622,.T.);
#3803=ORIENTED_EDGE('',*,*,#2627,.T.);
#3804=ORIENTED_EDGE('',*,*,#2628,.F.);
#3805=ORIENTED_EDGE('',*,*,#2629,.T.);
#3806=ORIENTED_EDGE('',*,*,#2625,.T.);
#3807=ORIENTED_EDGE('',*,*,#2630,.T.);
#3808=ORIENTED_EDGE('',*,*,#2631,.F.);
#3809=ORIENTED_EDGE('',*,*,#2632,.F.);
#3810=ORIENTED_EDGE('',*,*,#2628,.T.);
#3811=ORIENTED_EDGE('',*,*,#2633,.T.);
#3812=ORIENTED_EDGE('',*,*,#2614,.F.);
#3813=ORIENTED_EDGE('',*,*,#2634,.T.);
#3814=ORIENTED_EDGE('',*,*,#2631,.T.);
#3815=ORIENTED_EDGE('',*,*,#2611,.F.);
#3816=ORIENTED_EDGE('',*,*,#2633,.F.);
#3817=ORIENTED_EDGE('',*,*,#2630,.F.);
#3818=ORIENTED_EDGE('',*,*,#2627,.F.);
#3819=ORIENTED_EDGE('',*,*,#2624,.F.);
#3820=ORIENTED_EDGE('',*,*,#2621,.F.);
#3821=ORIENTED_EDGE('',*,*,#2618,.F.);
#3822=ORIENTED_EDGE('',*,*,#2615,.F.);
#3823=ORIENTED_EDGE('',*,*,#2587,.T.);
#3824=ORIENTED_EDGE('',*,*,#2591,.T.);
#3825=ORIENTED_EDGE('',*,*,#2594,.T.);
#3826=ORIENTED_EDGE('',*,*,#2597,.T.);
#3827=ORIENTED_EDGE('',*,*,#2600,.T.);
#3828=ORIENTED_EDGE('',*,*,#2603,.T.);
#3829=ORIENTED_EDGE('',*,*,#2606,.T.);
#3830=ORIENTED_EDGE('',*,*,#2609,.T.);
#3831=ORIENTED_EDGE('',*,*,#2632,.T.);
#3832=ORIENTED_EDGE('',*,*,#2635,.T.);
#3833=ORIENTED_EDGE('',*,*,#2636,.F.);
#3834=ORIENTED_EDGE('',*,*,#2637,.F.);
#3835=ORIENTED_EDGE('',*,*,#2629,.F.);
#3836=ORIENTED_EDGE('',*,*,#2637,.T.);
#3837=ORIENTED_EDGE('',*,*,#2638,.F.);
#3838=ORIENTED_EDGE('',*,*,#2639,.F.);
#3839=ORIENTED_EDGE('',*,*,#2626,.T.);
#3840=ORIENTED_EDGE('',*,*,#2639,.T.);
#3841=ORIENTED_EDGE('',*,*,#2640,.F.);
#3842=ORIENTED_EDGE('',*,*,#2641,.F.);
#3843=ORIENTED_EDGE('',*,*,#2623,.F.);
#3844=ORIENTED_EDGE('',*,*,#2641,.T.);
#3845=ORIENTED_EDGE('',*,*,#2642,.F.);
#3846=ORIENTED_EDGE('',*,*,#2643,.F.);
#3847=ORIENTED_EDGE('',*,*,#2620,.T.);
#3848=ORIENTED_EDGE('',*,*,#2643,.T.);
#3849=ORIENTED_EDGE('',*,*,#2644,.F.);
#3850=ORIENTED_EDGE('',*,*,#2645,.F.);
#3851=ORIENTED_EDGE('',*,*,#2617,.F.);
#3852=ORIENTED_EDGE('',*,*,#2645,.T.);
#3853=ORIENTED_EDGE('',*,*,#2646,.F.);
#3854=ORIENTED_EDGE('',*,*,#2647,.F.);
#3855=ORIENTED_EDGE('',*,*,#2613,.T.);
#3856=ORIENTED_EDGE('',*,*,#2647,.T.);
#3857=ORIENTED_EDGE('',*,*,#2648,.F.);
#3858=ORIENTED_EDGE('',*,*,#2649,.F.);
#3859=ORIENTED_EDGE('',*,*,#2634,.F.);
#3860=ORIENTED_EDGE('',*,*,#2649,.T.);
#3861=ORIENTED_EDGE('',*,*,#2650,.F.);
#3862=ORIENTED_EDGE('',*,*,#2635,.F.);
#3863=ORIENTED_EDGE('',*,*,#2589,.T.);
#3864=ORIENTED_EDGE('',*,*,#2610,.T.);
#3865=ORIENTED_EDGE('',*,*,#2607,.T.);
#3866=ORIENTED_EDGE('',*,*,#2604,.T.);
#3867=ORIENTED_EDGE('',*,*,#2601,.T.);
#3868=ORIENTED_EDGE('',*,*,#2598,.T.);
#3869=ORIENTED_EDGE('',*,*,#2595,.T.);
#3870=ORIENTED_EDGE('',*,*,#2592,.T.);
#3871=ORIENTED_EDGE('',*,*,#2650,.T.);
#3872=ORIENTED_EDGE('',*,*,#2648,.T.);
#3873=ORIENTED_EDGE('',*,*,#2646,.T.);
#3874=ORIENTED_EDGE('',*,*,#2644,.T.);
#3875=ORIENTED_EDGE('',*,*,#2642,.T.);
#3876=ORIENTED_EDGE('',*,*,#2640,.T.);
#3877=ORIENTED_EDGE('',*,*,#2638,.T.);
#3878=ORIENTED_EDGE('',*,*,#2636,.T.);
#3879=PLANE('',#4254);
#3880=PLANE('',#4258);
#3881=PLANE('',#4262);
#3882=PLANE('',#4266);
#3883=PLANE('',#4270);
#3884=PLANE('',#4275);
#3885=PLANE('',#4278);
#3886=PLANE('',#4281);
#3887=PLANE('',#4284);
#3888=PLANE('',#4287);
#3889=PLANE('',#4288);
#3890=PLANE('',#4426);
#3891=PLANE('',#4431);
#3892=PLANE('',#4434);
#3893=PLANE('',#4437);
#3894=PLANE('',#4439);
#3895=PLANE('',#4443);
#3896=PLANE('',#4450);
#3897=PLANE('',#4451);
#3898=PLANE('',#4455);
#3899=PLANE('',#4657);
#3900=PLANE('',#4660);
#3901=PLANE('',#4664);
#3902=PLANE('',#4668);
#3903=PLANE('',#4671);
#3904=PLANE('',#4674);
#3905=PLANE('',#4677);
#3906=PLANE('',#4678);
#3907=PLANE('',#4679);
#3908=PLANE('',#4680);
#3909=PLANE('',#4681);
#3910=PLANE('',#4682);
#3911=PLANE('',#4683);
#3912=PLANE('',#4684);
#3913=PLANE('',#4685);
#3914=PLANE('',#4686);
#3915=PLANE('',#4707);
#3916=PLANE('',#4709);
#3917=PLANE('',#4736);
#3918=PLANE('',#4737);
#3919=PLANE('',#4738);
#3920=PLANE('',#4740);
#3921=PLANE('',#4742);
#3922=PLANE('',#4744);
#3923=PLANE('',#4745);
#3924=PLANE('',#4746);
#3925=PLANE('',#4747);
#3926=PLANE('',#4749);
#3927=PLANE('',#4750);
#3928=PLANE('',#4755);
#3929=PLANE('',#4756);
#3930=PLANE('',#4757);
#3931=PLANE('',#4761);
#3932=PLANE('',#4765);
#3933=PLANE('',#4769);
#3934=PLANE('',#4773);
#3935=PLANE('',#4777);
#3936=PLANE('',#4781);
#3937=PLANE('',#4785);
#3938=PLANE('',#4789);
#3939=PLANE('',#4790);
#3940=PLANE('',#4793);
#3941=PLANE('',#4796);
#3942=PLANE('',#4799);
#3943=PLANE('',#4802);
#3944=PLANE('',#4803);
#3945=ADVANCED_FACE('',(#580),#3879,.T.);
#3946=ADVANCED_FACE('',(#581),#467,.F.);
#3947=ADVANCED_FACE('',(#582),#3880,.T.);
#3948=ADVANCED_FACE('',(#583),#468,.F.);
#3949=ADVANCED_FACE('',(#584),#3881,.T.);
#3950=ADVANCED_FACE('',(#585),#469,.F.);
#3951=ADVANCED_FACE('',(#586),#3882,.T.);
#3952=ADVANCED_FACE('',(#587),#470,.F.);
#3953=ADVANCED_FACE('',(#588,#172),#3883,.F.);
#3954=ADVANCED_FACE('',(#589),#3884,.T.);
#3955=ADVANCED_FACE('',(#590),#471,.T.);
#3956=ADVANCED_FACE('',(#591),#3885,.T.);
#3957=ADVANCED_FACE('',(#592),#472,.T.);
#3958=ADVANCED_FACE('',(#593),#3886,.T.);
#3959=ADVANCED_FACE('',(#594),#473,.T.);
#3960=ADVANCED_FACE('',(#595),#3887,.T.);
#3961=ADVANCED_FACE('',(#596),#474,.T.);
#3962=ADVANCED_FACE('',(#597),#3888,.T.);
#3963=ADVANCED_FACE('',(#598),#3889,.F.);
#3964=ADVANCED_FACE('',(#599),#146,.F.);
#3965=ADVANCED_FACE('',(#600),#475,.T.);
#3966=ADVANCED_FACE('',(#601),#476,.F.);
#3967=ADVANCED_FACE('',(#602),#147,.F.);
#3968=ADVANCED_FACE('',(#603),#477,.T.);
#3969=ADVANCED_FACE('',(#604),#478,.F.);
#3970=ADVANCED_FACE('',(#605),#97,.T.);
#3971=ADVANCED_FACE('',(#606),#78,.F.);
#3972=ADVANCED_FACE('',(#607),#479,.F.);
#3973=ADVANCED_FACE('',(#608),#37,.F.);
#3974=ADVANCED_FACE('',(#609),#480,.F.);
#3975=ADVANCED_FACE('',(#610),#79,.F.);
#3976=ADVANCED_FACE('',(#611),#38,.F.);
#3977=ADVANCED_FACE('',(#612),#481,.F.);
#3978=ADVANCED_FACE('',(#613),#39,.F.);
#3979=ADVANCED_FACE('',(#614),#98,.F.);
#3980=ADVANCED_FACE('',(#615),#80,.T.);
#3981=ADVANCED_FACE('',(#616),#81,.F.);
#3982=ADVANCED_FACE('',(#617),#482,.F.);
#3983=ADVANCED_FACE('',(#618),#82,.F.);
#3984=ADVANCED_FACE('',(#619),#483,.F.);
#3985=ADVANCED_FACE('',(#620),#40,.F.);
#3986=ADVANCED_FACE('',(#621),#484,.F.);
#3987=ADVANCED_FACE('',(#622),#99,.F.);
#3988=ADVANCED_FACE('',(#623),#41,.T.);
#3989=ADVANCED_FACE('',(#624),#485,.F.);
#3990=ADVANCED_FACE('',(#625),#100,.F.);
#3991=ADVANCED_FACE('',(#626),#486,.T.);
#3992=ADVANCED_FACE('',(#627),#101,.F.);
#3993=ADVANCED_FACE('',(#628),#42,.T.);
#3994=ADVANCED_FACE('',(#629),#487,.T.);
#3995=ADVANCED_FACE('',(#630),#43,.T.);
#3996=ADVANCED_FACE('',(#631),#102,.F.);
#3997=ADVANCED_FACE('',(#632),#103,.F.);
#3998=ADVANCED_FACE('',(#633),#104,.F.);
#3999=ADVANCED_FACE('',(#634),#488,.T.);
#4000=ADVANCED_FACE('',(#635),#489,.F.);
#4001=ADVANCED_FACE('',(#636),#44,.T.);
#4002=ADVANCED_FACE('',(#637),#490,.T.);
#4003=ADVANCED_FACE('',(#638),#491,.T.);
#4004=ADVANCED_FACE('',(#639),#492,.T.);
#4005=ADVANCED_FACE('',(#640),#493,.F.);
#4006=ADVANCED_FACE('',(#641),#105,.T.);
#4007=ADVANCED_FACE('',(#642),#106,.T.);
#4008=ADVANCED_FACE('',(#643),#45,.T.);
#4009=ADVANCED_FACE('',(#644),#494,.T.);
#4010=ADVANCED_FACE('',(#645),#46,.T.);
#4011=ADVANCED_FACE('',(#646),#495,.T.);
#4012=ADVANCED_FACE('',(#647),#496,.T.);
#4013=ADVANCED_FACE('',(#648),#497,.F.);
#4014=ADVANCED_FACE('',(#649),#498,.F.);
#4015=ADVANCED_FACE('',(#650),#499,.T.);
#4016=ADVANCED_FACE('',(#651),#500,.F.);
#4017=ADVANCED_FACE('',(#652),#107,.T.);
#4018=ADVANCED_FACE('',(#653),#83,.T.);
#4019=ADVANCED_FACE('',(#654),#108,.T.);
#4020=ADVANCED_FACE('',(#655),#109,.T.);
#4021=ADVANCED_FACE('',(#656),#110,.T.);
#4022=ADVANCED_FACE('',(#657),#111,.T.);
#4023=ADVANCED_FACE('',(#658),#501,.T.);
#4024=ADVANCED_FACE('',(#659),#3890,.T.);
#4025=ADVANCED_FACE('',(#660),#502,.F.);
#4026=ADVANCED_FACE('',(#661),#503,.F.);
#4027=ADVANCED_FACE('',(#662),#3891,.T.);
#4028=ADVANCED_FACE('',(#663),#3892,.T.);
#4029=ADVANCED_FACE('',(#664),#504,.T.);
#4030=ADVANCED_FACE('',(#665),#3893,.T.);
#4031=ADVANCED_FACE('',(#666),#505,.T.);
#4032=ADVANCED_FACE('',(#667),#3894,.F.);
#4033=ADVANCED_FACE('',(#668),#47,.T.);
#4034=ADVANCED_FACE('',(#669),#3895,.F.);
#4035=ADVANCED_FACE('',(#670),#506,.T.);
#4036=ADVANCED_FACE('',(#671),#507,.F.);
#4037=ADVANCED_FACE('',(#672),#48,.T.);
#4038=ADVANCED_FACE('',(#673),#3896,.T.);
#4039=ADVANCED_FACE('',(#674),#3897,.T.);
#4040=ADVANCED_FACE('',(#675),#508,.F.);
#4041=ADVANCED_FACE('',(#676),#112,.T.);
#4042=ADVANCED_FACE('',(#677),#3898,.F.);
#4043=ADVANCED_FACE('',(#678),#49,.F.);
#4044=ADVANCED_FACE('',(#679),#509,.F.);
#4045=ADVANCED_FACE('',(#680),#84,.T.);
#4046=ADVANCED_FACE('',(#681),#85,.T.);
#4047=ADVANCED_FACE('',(#682),#50,.F.);
#4048=ADVANCED_FACE('',(#683),#510,.F.);
#4049=ADVANCED_FACE('',(#684),#511,.T.);
#4050=ADVANCED_FACE('',(#685),#512,.T.);
#4051=ADVANCED_FACE('',(#686),#86,.T.);
#4052=ADVANCED_FACE('',(#687),#51,.F.);
#4053=ADVANCED_FACE('',(#688),#87,.T.);
#4054=ADVANCED_FACE('',(#689),#513,.T.);
#4055=ADVANCED_FACE('',(#690),#88,.T.);
#4056=ADVANCED_FACE('',(#691),#52,.F.);
#4057=ADVANCED_FACE('',(#692),#514,.F.);
#4058=ADVANCED_FACE('',(#693),#515,.T.);
#4059=ADVANCED_FACE('',(#694),#89,.T.);
#4060=ADVANCED_FACE('',(#695),#516,.T.);
#4061=ADVANCED_FACE('',(#696),#53,.T.);
#4062=ADVANCED_FACE('',(#697),#517,.T.);
#4063=ADVANCED_FACE('',(#698),#54,.T.);
#4064=ADVANCED_FACE('',(#699),#518,.T.);
#4065=ADVANCED_FACE('',(#700),#90,.T.);
#4066=ADVANCED_FACE('',(#701),#55,.F.);
#4067=ADVANCED_FACE('',(#702),#91,.T.);
#4068=ADVANCED_FACE('',(#703),#519,.T.);
#4069=ADVANCED_FACE('',(#704),#56,.F.);
#4070=ADVANCED_FACE('',(#705),#520,.F.);
#4071=ADVANCED_FACE('',(#706),#92,.T.);
#4072=ADVANCED_FACE('',(#707),#521,.T.);
#4073=ADVANCED_FACE('',(#708),#522,.T.);
#4074=ADVANCED_FACE('',(#709),#57,.F.);
#4075=ADVANCED_FACE('',(#710),#523,.F.);
#4076=ADVANCED_FACE('',(#711),#524,.T.);
#4077=ADVANCED_FACE('',(#712),#58,.T.);
#4078=ADVANCED_FACE('',(#713),#59,.T.);
#4079=ADVANCED_FACE('',(#714),#93,.T.);
#4080=ADVANCED_FACE('',(#715),#525,.T.);
#4081=ADVANCED_FACE('',(#716),#94,.T.);
#4082=ADVANCED_FACE('',(#717),#526,.T.);
#4083=ADVANCED_FACE('',(#718),#527,.T.);
#4084=ADVANCED_FACE('',(#719),#60,.T.);
#4085=ADVANCED_FACE('',(#720),#528,.T.);
#4086=ADVANCED_FACE('',(#721),#61,.T.);
#4087=ADVANCED_FACE('',(#722),#529,.T.);
#4088=ADVANCED_FACE('',(#723),#530,.T.);
#4089=ADVANCED_FACE('',(#724),#27,.F.);
#4090=ADVANCED_FACE('',(#725),#531,.T.);
#4091=ADVANCED_FACE('',(#726),#62,.T.);
#4092=ADVANCED_FACE('',(#727),#532,.T.);
#4093=ADVANCED_FACE('',(#728),#63,.T.);
#4094=ADVANCED_FACE('',(#729),#533,.T.);
#4095=ADVANCED_FACE('',(#730),#28,.F.);
#4096=ADVANCED_FACE('',(#731),#534,.T.);
#4097=ADVANCED_FACE('',(#732),#535,.F.);
#4098=ADVANCED_FACE('',(#733),#536,.T.);
#4099=ADVANCED_FACE('',(#734),#537,.T.);
#4100=ADVANCED_FACE('',(#735),#538,.F.);
#4101=ADVANCED_FACE('',(#736),#539,.T.);
#4102=ADVANCED_FACE('',(#737),#540,.T.);
#4103=ADVANCED_FACE('',(#738),#541,.T.);
#4104=ADVANCED_FACE('',(#739),#95,.T.);
#4105=ADVANCED_FACE('',(#740),#542,.F.);
#4106=ADVANCED_FACE('',(#741),#543,.T.);
#4107=ADVANCED_FACE('',(#742),#544,.T.);
#4108=ADVANCED_FACE('',(#743),#545,.T.);
#4109=ADVANCED_FACE('',(#744),#546,.T.);
#4110=ADVANCED_FACE('',(#745),#96,.T.);
#4111=ADVANCED_FACE('',(#746),#547,.T.);
#4112=ADVANCED_FACE('',(#747),#64,.T.);
#4113=ADVANCED_FACE('',(#748),#65,.T.);
#4114=ADVANCED_FACE('',(#749),#66,.T.);
#4115=ADVANCED_FACE('',(#750),#548,.T.);
#4116=ADVANCED_FACE('',(#751),#67,.T.);
#4117=ADVANCED_FACE('',(#752),#68,.T.);
#4118=ADVANCED_FACE('',(#753),#69,.T.);
#4119=ADVANCED_FACE('',(#754),#549,.T.);
#4120=ADVANCED_FACE('',(#755),#550,.T.);
#4121=ADVANCED_FACE('',(#756),#70,.F.);
#4122=ADVANCED_FACE('',(#757),#551,.F.);
#4123=ADVANCED_FACE('',(#758),#3899,.T.);
#4124=ADVANCED_FACE('',(#759),#552,.T.);
#4125=ADVANCED_FACE('',(#760),#3900,.T.);
#4126=ADVANCED_FACE('',(#761),#553,.T.);
#4127=ADVANCED_FACE('',(#762),#554,.T.);
#4128=ADVANCED_FACE('',(#763),#3901,.T.);
#4129=ADVANCED_FACE('',(#764),#555,.T.);
#4130=ADVANCED_FACE('',(#765),#3902,.F.);
#4131=ADVANCED_FACE('',(#766),#556,.F.);
#4132=ADVANCED_FACE('',(#767),#3903,.F.);
#4133=ADVANCED_FACE('',(#768),#557,.F.);
#4134=ADVANCED_FACE('',(#769),#3904,.F.);
#4135=ADVANCED_FACE('',(#770),#558,.T.);
#4136=ADVANCED_FACE('',(#771),#3905,.F.);
#4137=ADVANCED_FACE('',(#772),#3906,.F.);
#4138=ADVANCED_FACE('',(#773),#3907,.F.);
#4139=ADVANCED_FACE('',(#774),#3908,.F.);
#4140=ADVANCED_FACE('',(#775),#3909,.T.);
#4141=ADVANCED_FACE('',(#776),#3910,.F.);
#4142=ADVANCED_FACE('',(#777),#3911,.T.);
#4143=ADVANCED_FACE('',(#778),#3912,.F.);
#4144=ADVANCED_FACE('',(#779),#3913,.T.);
#4145=ADVANCED_FACE('',(#780),#3914,.T.);
#4146=ADVANCED_FACE('',(#781),#559,.T.);
#4147=ADVANCED_FACE('',(#782),#560,.T.);
#4148=ADVANCED_FACE('',(#783),#71,.T.);
#4149=ADVANCED_FACE('',(#784),#72,.T.);
#4150=ADVANCED_FACE('',(#785),#561,.T.);
#4151=ADVANCED_FACE('',(#786),#73,.T.);
#4152=ADVANCED_FACE('',(#787),#562,.T.);
#4153=ADVANCED_FACE('',(#788),#563,.F.);
#4154=ADVANCED_FACE('',(#789),#3915,.T.);
#4155=ADVANCED_FACE('',(#790),#564,.F.);
#4156=ADVANCED_FACE('',(#791),#3916,.F.);
#4157=ADVANCED_FACE('',(#792),#74,.F.);
#4158=ADVANCED_FACE('',(#793),#75,.T.);
#4159=ADVANCED_FACE('',(#794),#565,.T.);
#4160=ADVANCED_FACE('',(#795),#29,.F.);
#4161=ADVANCED_FACE('',(#796),#566,.T.);
#4162=ADVANCED_FACE('',(#797),#76,.T.);
#4163=ADVANCED_FACE('',(#798),#567,.T.);
#4164=ADVANCED_FACE('',(#799),#77,.T.);
#4165=ADVANCED_FACE('',(#800),#568,.T.);
#4166=ADVANCED_FACE('',(#801),#30,.F.);
#4167=ADVANCED_FACE('',(#802),#569,.T.);
#4168=ADVANCED_FACE('',(#803),#570,.F.);
#4169=ADVANCED_FACE('',(#804),#3917,.T.);
#4170=ADVANCED_FACE('',(#805),#3918,.F.);
#4171=ADVANCED_FACE('',(#806),#3919,.T.);
#4172=ADVANCED_FACE('',(#807),#571,.F.);
#4173=ADVANCED_FACE('',(#808),#3920,.T.);
#4174=ADVANCED_FACE('',(#809),#572,.F.);
#4175=ADVANCED_FACE('',(#810),#3921,.T.);
#4176=ADVANCED_FACE('',(#811),#573,.F.);
#4177=ADVANCED_FACE('',(#812),#3922,.T.);
#4178=ADVANCED_FACE('',(#813),#3923,.T.);
#4179=ADVANCED_FACE('',(#814),#3924,.T.);
#4180=ADVANCED_FACE('',(#815),#3925,.T.);
#4181=ADVANCED_FACE('',(#816),#574,.T.);
#4182=ADVANCED_FACE('',(#817),#3926,.T.);
#4183=ADVANCED_FACE('',(#818),#3927,.T.);
#4184=ADVANCED_FACE('',(#819),#575,.T.);
#4185=ADVANCED_FACE('',(#820),#3928,.F.);
#4186=ADVANCED_FACE('',(#821),#3929,.T.);
#4187=ADVANCED_FACE('',(#822),#3930,.F.);
#4188=ADVANCED_FACE('',(#823),#148,.F.);
#4189=ADVANCED_FACE('',(#824),#3931,.F.);
#4190=ADVANCED_FACE('',(#825),#149,.F.);
#4191=ADVANCED_FACE('',(#826),#3932,.F.);
#4192=ADVANCED_FACE('',(#827),#150,.F.);
#4193=ADVANCED_FACE('',(#828),#3933,.F.);
#4194=ADVANCED_FACE('',(#829),#151,.F.);
#4195=ADVANCED_FACE('',(#830),#3934,.T.);
#4196=ADVANCED_FACE('',(#831),#152,.T.);
#4197=ADVANCED_FACE('',(#832),#3935,.T.);
#4198=ADVANCED_FACE('',(#833),#153,.T.);
#4199=ADVANCED_FACE('',(#834),#3936,.T.);
#4200=ADVANCED_FACE('',(#835),#154,.T.);
#4201=ADVANCED_FACE('',(#836),#3937,.T.);
#4202=ADVANCED_FACE('',(#837),#155,.T.);
#4203=ADVANCED_FACE('',(#838,#173),#3938,.T.);
#4204=ADVANCED_FACE('',(#839),#3939,.T.);
#4205=ADVANCED_FACE('',(#840),#576,.T.);
#4206=ADVANCED_FACE('',(#841),#3940,.T.);
#4207=ADVANCED_FACE('',(#842),#577,.T.);
#4208=ADVANCED_FACE('',(#843),#3941,.T.);
#4209=ADVANCED_FACE('',(#844),#578,.T.);
#4210=ADVANCED_FACE('',(#845),#3942,.T.);
#4211=ADVANCED_FACE('',(#846),#579,.T.);
#4212=ADVANCED_FACE('',(#847),#3943,.T.);
#4213=ADVANCED_FACE('',(#848),#3944,.F.);
#4214=CLOSED_SHELL('',(#3945,#3946,#3947,#3948,#3949,#3950,#3951,#3952,
#3953,#3954,#3955,#3956,#3957,#3958,#3959,#3960,#3961,#3962,#3963));
#4215=CLOSED_SHELL('',(#3964,#3965,#3966,#3967,#3968,#3969,#3970,#3971,
#3972,#3973,#3974,#3975,#3976,#3977,#3978,#3979,#3980,#3981,#3982,#3983,
#3984,#3985,#3986,#3987,#3988,#3989,#3990,#3991,#3992,#3993,#3994,#3995,
#3996,#3997,#3998,#3999,#4000,#4001,#4002,#4003,#4004,#4005,#4006,#4007,
#4008,#4009,#4010,#4011,#4012,#4013,#4014,#4015,#4016,#4017,#4018,#4019,
#4020,#4021,#4022,#4023,#4024,#4025,#4026,#4027,#4028,#4029,#4030,#4031,
#4032,#4033,#4034,#4035,#4036,#4037,#4038,#4039,#4040,#4041,#4042,#4043,
#4044,#4045,#4046,#4047,#4048,#4049,#4050,#4051,#4052,#4053,#4054,#4055,
#4056,#4057,#4058,#4059,#4060,#4061,#4062,#4063,#4064,#4065,#4066,#4067,
#4068,#4069,#4070,#4071,#4072,#4073,#4074,#4075,#4076,#4077,#4078,#4079,
#4080,#4081,#4082,#4083,#4084,#4085,#4086,#4087,#4088,#4089,#4090,#4091,
#4092,#4093,#4094,#4095,#4096,#4097,#4098,#4099,#4100,#4101,#4102,#4103,
#4104,#4105,#4106,#4107,#4108,#4109,#4110,#4111,#4112,#4113,#4114,#4115,
#4116,#4117,#4118,#4119,#4120,#4121,#4122,#4123,#4124,#4125,#4126,#4127,
#4128,#4129,#4130,#4131,#4132,#4133,#4134,#4135,#4136,#4137,#4138,#4139,
#4140,#4141,#4142,#4143,#4144,#4145,#4146,#4147,#4148,#4149,#4150,#4151,
#4152,#4153,#4154,#4155,#4156,#4157,#4158,#4159,#4160,#4161,#4162,#4163,
#4164,#4165,#4166,#4167,#4168,#4169,#4170,#4171,#4172,#4173,#4174,#4175,
#4176,#4177,#4178,#4179,#4180,#4181,#4182,#4183));
#4216=CLOSED_SHELL('',(#4184,#4185,#4186));
#4217=CLOSED_SHELL('',(#4187,#4188,#4189,#4190,#4191,#4192,#4193,#4194,
#4195,#4196,#4197,#4198,#4199,#4200,#4201,#4202,#4203,#4204,#4205,#4206,
#4207,#4208,#4209,#4210,#4211,#4212,#4213));
#4218=DERIVED_UNIT_ELEMENT(#4224,1.);
#4219=DERIVED_UNIT_ELEMENT(#7997,-3.);
#4220=DERIVED_UNIT_ELEMENT(#4224,1.);
#4221=DERIVED_UNIT_ELEMENT(#7997,-3.);
#4222=DERIVED_UNIT_ELEMENT(#4224,1.);
#4223=DERIVED_UNIT_ELEMENT(#7997,-3.);
#4224=(
MASS_UNIT()
NAMED_UNIT(*)
SI_UNIT(.KILO.,.GRAM.)
);
#4225=DERIVED_UNIT((#4218,#4219));
#4226=DERIVED_UNIT((#4220,#4221));
#4227=DERIVED_UNIT((#4222,#4223));
#4228=MEASURE_REPRESENTATION_ITEM('density measure',
POSITIVE_RATIO_MEASURE(2700.),#4225);
#4229=MEASURE_REPRESENTATION_ITEM('density measure',
POSITIVE_RATIO_MEASURE(2700.),#4226);
#4230=MEASURE_REPRESENTATION_ITEM('density measure',
POSITIVE_RATIO_MEASURE(7850.),#4227);
#4231=PROPERTY_DEFINITION_REPRESENTATION(#4246,#4237);
#4232=PROPERTY_DEFINITION_REPRESENTATION(#4247,#4238);
#4233=PROPERTY_DEFINITION_REPRESENTATION(#4248,#4239);
#4234=PROPERTY_DEFINITION_REPRESENTATION(#4249,#4240);
#4235=PROPERTY_DEFINITION_REPRESENTATION(#4250,#4241);
#4236=PROPERTY_DEFINITION_REPRESENTATION(#4251,#4242);
#4237=REPRESENTATION('material name',(#4243),#7992);
#4238=REPRESENTATION('density',(#4228),#7992);
#4239=REPRESENTATION('material name',(#4244),#7993);
#4240=REPRESENTATION('density',(#4229),#7993);
#4241=REPRESENTATION('material name',(#4245),#7994);
#4242=REPRESENTATION('density',(#4230),#7994);
#4243=DESCRIPTIVE_REPRESENTATION_ITEM('Aluminum 6061','Aluminum 6061');
#4244=DESCRIPTIVE_REPRESENTATION_ITEM('Aluminum 6061','Aluminum 6061');
#4245=DESCRIPTIVE_REPRESENTATION_ITEM('Steel','Steel');
#4246=PROPERTY_DEFINITION('material property','material name',#8018);
#4247=PROPERTY_DEFINITION('material property','density of part',#8018);
#4248=PROPERTY_DEFINITION('material property','material name',#8019);
#4249=PROPERTY_DEFINITION('material property','density of part',#8019);
#4250=PROPERTY_DEFINITION('material property','material name',#8020);
#4251=PROPERTY_DEFINITION('material property','density of part',#8020);
#4252=AXIS2_PLACEMENT_3D('',#6202,#4808,#4809);
#4253=AXIS2_PLACEMENT_3D('',#6203,#4810,#4811);
#4254=AXIS2_PLACEMENT_3D('',#6204,#4812,#4813);
#4255=AXIS2_PLACEMENT_3D('',#6213,#4818,#4819);
#4256=AXIS2_PLACEMENT_3D('',#6215,#4820,#4821);
#4257=AXIS2_PLACEMENT_3D('',#6217,#4822,#4823);
#4258=AXIS2_PLACEMENT_3D('',#6219,#4825,#4826);
#4259=AXIS2_PLACEMENT_3D('',#6225,#4830,#4831);
#4260=AXIS2_PLACEMENT_3D('',#6227,#4832,#4833);
#4261=AXIS2_PLACEMENT_3D('',#6229,#4834,#4835);
#4262=AXIS2_PLACEMENT_3D('',#6231,#4837,#4838);
#4263=AXIS2_PLACEMENT_3D('',#6237,#4842,#4843);
#4264=AXIS2_PLACEMENT_3D('',#6239,#4844,#4845);
#4265=AXIS2_PLACEMENT_3D('',#6241,#4846,#4847);
#4266=AXIS2_PLACEMENT_3D('',#6243,#4849,#4850);
#4267=AXIS2_PLACEMENT_3D('',#6249,#4854,#4855);
#4268=AXIS2_PLACEMENT_3D('',#6250,#4856,#4857);
#4269=AXIS2_PLACEMENT_3D('',#6251,#4858,#4859);
#4270=AXIS2_PLACEMENT_3D('',#6252,#4860,#4861);
#4271=AXIS2_PLACEMENT_3D('',#6255,#4862,#4863);
#4272=AXIS2_PLACEMENT_3D('',#6259,#4865,#4866);
#4273=AXIS2_PLACEMENT_3D('',#6263,#4868,#4869);
#4274=AXIS2_PLACEMENT_3D('',#6267,#4871,#4872);
#4275=AXIS2_PLACEMENT_3D('',#6269,#4874,#4875);
#4276=AXIS2_PLACEMENT_3D('',#6275,#4879,#4880);
#4277=AXIS2_PLACEMENT_3D('',#6277,#4881,#4882);
#4278=AXIS2_PLACEMENT_3D('',#6279,#4884,#4885);
#4279=AXIS2_PLACEMENT_3D('',#6283,#4888,#4889);
#4280=AXIS2_PLACEMENT_3D('',#6285,#4890,#4891);
#4281=AXIS2_PLACEMENT_3D('',#6287,#4893,#4894);
#4282=AXIS2_PLACEMENT_3D('',#6291,#4897,#4898);
#4283=AXIS2_PLACEMENT_3D('',#6293,#4899,#4900);
#4284=AXIS2_PLACEMENT_3D('',#6295,#4902,#4903);
#4285=AXIS2_PLACEMENT_3D('',#6299,#4906,#4907);
#4286=AXIS2_PLACEMENT_3D('',#6300,#4908,#4909);
#4287=AXIS2_PLACEMENT_3D('',#6301,#4910,#4911);
#4288=AXIS2_PLACEMENT_3D('',#6302,#4912,#4913);
#4289=AXIS2_PLACEMENT_3D('',#6303,#4914,#4915);
#4290=AXIS2_PLACEMENT_3D('',#6304,#4916,#4917);
#4291=AXIS2_PLACEMENT_3D('',#6314,#4918,#4919);
#4292=AXIS2_PLACEMENT_3D('',#6317,#4921,#4922);
#4293=AXIS2_PLACEMENT_3D('',#6318,#4923,#4924);
#4294=AXIS2_PLACEMENT_3D('',#6319,#4925,#4926);
#4295=AXIS2_PLACEMENT_3D('',#6323,#4928,#4929);
#4296=AXIS2_PLACEMENT_3D('',#6327,#4931,#4932);
#4297=AXIS2_PLACEMENT_3D('',#6329,#4934,#4935);
#4298=AXIS2_PLACEMENT_3D('',#6332,#4937,#4938);
#4299=AXIS2_PLACEMENT_3D('',#6333,#4939,#4940);
#4300=AXIS2_PLACEMENT_3D('',#6343,#4941,#4942);
#4301=AXIS2_PLACEMENT_3D('',#6346,#4944,#4945);
#4302=AXIS2_PLACEMENT_3D('',#6347,#4946,#4947);
#4303=AXIS2_PLACEMENT_3D('',#6348,#4948,#4949);
#4304=AXIS2_PLACEMENT_3D('',#6352,#4951,#4952);
#4305=AXIS2_PLACEMENT_3D('',#6356,#4954,#4955);
#4306=AXIS2_PLACEMENT_3D('',#6358,#4957,#4958);
#4307=AXIS2_PLACEMENT_3D('',#6361,#4960,#4961);
#4308=AXIS2_PLACEMENT_3D('',#6380,#4962,#4963);
#4309=AXIS2_PLACEMENT_3D('',#6387,#4964,#4965);
#4310=AXIS2_PLACEMENT_3D('',#6392,#4966,#4967);
#4311=AXIS2_PLACEMENT_3D('',#6395,#4968,#4969);
#4312=AXIS2_PLACEMENT_3D('',#6397,#4970,#4971);
#4313=AXIS2_PLACEMENT_3D('',#6398,#4972,#4973);
#4314=AXIS2_PLACEMENT_3D('',#6399,#4974,#4975);
#4315=AXIS2_PLACEMENT_3D('',#6402,#4976,#4977);
#4316=AXIS2_PLACEMENT_3D('',#6405,#4980,#4981);
#4317=AXIS2_PLACEMENT_3D('',#6408,#4982,#4983);
#4318=AXIS2_PLACEMENT_3D('',#6409,#4984,#4985);
#4319=AXIS2_PLACEMENT_3D('',#6410,#4986,#4987);
#4320=AXIS2_PLACEMENT_3D('',#6411,#4988,#4989);
#4321=AXIS2_PLACEMENT_3D('',#6414,#4990,#4991);
#4322=AXIS2_PLACEMENT_3D('',#6417,#4994,#4995);
#4323=AXIS2_PLACEMENT_3D('',#6419,#4996,#4997);
#4324=AXIS2_PLACEMENT_3D('',#6420,#4998,#4999);
#4325=AXIS2_PLACEMENT_3D('',#6421,#5000,#5001);
#4326=AXIS2_PLACEMENT_3D('',#6424,#5002,#5003);
#4327=AXIS2_PLACEMENT_3D('',#6426,#5004,#5005);
#4328=AXIS2_PLACEMENT_3D('',#6428,#5006,#5007);
#4329=AXIS2_PLACEMENT_3D('',#6429,#5008,#5009);
#4330=AXIS2_PLACEMENT_3D('',#6430,#5010,#5011);
#4331=AXIS2_PLACEMENT_3D('',#6433,#5014,#5015);
#4332=AXIS2_PLACEMENT_3D('',#6436,#5016,#5017);
#4333=AXIS2_PLACEMENT_3D('',#6438,#5018,#5019);
#4334=AXIS2_PLACEMENT_3D('',#6440,#5020,#5021);
#4335=AXIS2_PLACEMENT_3D('',#6441,#5022,#5023);
#4336=AXIS2_PLACEMENT_3D('',#6480,#5024,#5025);
#4337=AXIS2_PLACEMENT_3D('',#6487,#5026,#5027);
#4338=AXIS2_PLACEMENT_3D('',#6488,#5028,#5029);
#4339=AXIS2_PLACEMENT_3D('',#6491,#5030,#5031);
#4340=AXIS2_PLACEMENT_3D('',#6493,#5032,#5033);
#4341=AXIS2_PLACEMENT_3D('',#6494,#5034,#5035);
#4342=AXIS2_PLACEMENT_3D('',#6495,#5036,#5037);
#4343=AXIS2_PLACEMENT_3D('',#6498,#5038,#5039);
#4344=AXIS2_PLACEMENT_3D('',#6500,#5040,#5041);
#4345=AXIS2_PLACEMENT_3D('',#6501,#5042,#5043);
#4346=AXIS2_PLACEMENT_3D('',#6502,#5044,#5045);
#4347=AXIS2_PLACEMENT_3D('',#6505,#5048,#5049);
#4348=AXIS2_PLACEMENT_3D('',#6508,#5050,#5051);
#4349=AXIS2_PLACEMENT_3D('',#6510,#5052,#5053);
#4350=AXIS2_PLACEMENT_3D('',#6511,#5054,#5055);
#4351=AXIS2_PLACEMENT_3D('',#6512,#5056,#5057);
#4352=AXIS2_PLACEMENT_3D('',#6515,#5058,#5059);
#4353=AXIS2_PLACEMENT_3D('',#6518,#5062,#5063);
#4354=AXIS2_PLACEMENT_3D('',#6521,#5064,#5065);
#4355=AXIS2_PLACEMENT_3D('',#6522,#5066,#5067);
#4356=AXIS2_PLACEMENT_3D('',#6523,#5068,#5069);
#4357=AXIS2_PLACEMENT_3D('',#6524,#5070,#5071);
#4358=AXIS2_PLACEMENT_3D('',#6565,#5074,#5075);
#4359=AXIS2_PLACEMENT_3D('',#6572,#5076,#5077);
#4360=AXIS2_PLACEMENT_3D('',#6573,#5078,#5079);
#4361=AXIS2_PLACEMENT_3D('',#6576,#5080,#5081);
#4362=AXIS2_PLACEMENT_3D('',#6578,#5082,#5083);
#4363=AXIS2_PLACEMENT_3D('',#6580,#5084,#5085);
#4364=AXIS2_PLACEMENT_3D('',#6581,#5086,#5087);
#4365=AXIS2_PLACEMENT_3D('',#6582,#5088,#5089);
#4366=AXIS2_PLACEMENT_3D('',#6623,#5092,#5093);
#4367=AXIS2_PLACEMENT_3D('',#6630,#5094,#5095);
#4368=AXIS2_PLACEMENT_3D('',#6631,#5096,#5097);
#4369=AXIS2_PLACEMENT_3D('',#6634,#5098,#5099);
#4370=AXIS2_PLACEMENT_3D('',#6681,#5102,#5103);
#4371=AXIS2_PLACEMENT_3D('',#6688,#5104,#5105);
#4372=AXIS2_PLACEMENT_3D('',#6691,#5106,#5107);
#4373=AXIS2_PLACEMENT_3D('',#6692,#5108,#5109);
#4374=AXIS2_PLACEMENT_3D('',#6693,#5110,#5111);
#4375=AXIS2_PLACEMENT_3D('',#6694,#5112,#5113);
#4376=AXIS2_PLACEMENT_3D('',#6697,#5114,#5115);
#4377=AXIS2_PLACEMENT_3D('',#6700,#5118,#5119);
#4378=AXIS2_PLACEMENT_3D('',#6701,#5120,#5121);
#4379=AXIS2_PLACEMENT_3D('',#6702,#5122,#5123);
#4380=AXIS2_PLACEMENT_3D('',#6742,#5124,#5125);
#4381=AXIS2_PLACEMENT_3D('',#6750,#5126,#5127);
#4382=AXIS2_PLACEMENT_3D('',#6787,#5128,#5129);
#4383=AXIS2_PLACEMENT_3D('',#6819,#5130,#5131);
#4384=AXIS2_PLACEMENT_3D('',#6830,#5132,#5133);
#4385=AXIS2_PLACEMENT_3D('',#6833,#5136,#5137);
#4386=AXIS2_PLACEMENT_3D('',#6836,#5140,#5141);
#4387=AXIS2_PLACEMENT_3D('',#6839,#5142,#5143);
#4388=AXIS2_PLACEMENT_3D('',#6840,#5144,#5145);
#4389=AXIS2_PLACEMENT_3D('',#6841,#5146,#5147);
#4390=AXIS2_PLACEMENT_3D('',#6842,#5148,#5149);
#4391=AXIS2_PLACEMENT_3D('',#6845,#5152,#5153);
#4392=AXIS2_PLACEMENT_3D('',#6848,#5156,#5157);
#4393=AXIS2_PLACEMENT_3D('',#6851,#5160,#5161);
#4394=AXIS2_PLACEMENT_3D('',#6854,#5162,#5163);
#4395=AXIS2_PLACEMENT_3D('',#6879,#5166,#5167);
#4396=AXIS2_PLACEMENT_3D('',#6925,#5168,#5169);
#4397=AXIS2_PLACEMENT_3D('',#6927,#5170,#5171);
#4398=AXIS2_PLACEMENT_3D('',#6929,#5172,#5173);
#4399=AXIS2_PLACEMENT_3D('',#6930,#5174,#5175);
#4400=AXIS2_PLACEMENT_3D('',#6931,#5176,#5177);
#4401=AXIS2_PLACEMENT_3D('',#6934,#5178,#5179);
#4402=AXIS2_PLACEMENT_3D('',#6937,#5182,#5183);
#4403=AXIS2_PLACEMENT_3D('',#6938,#5184,#5185);
#4404=AXIS2_PLACEMENT_3D('',#6939,#5186,#5187);
#4405=AXIS2_PLACEMENT_3D('',#6940,#5188,#5189);
#4406=AXIS2_PLACEMENT_3D('',#6943,#5190,#5191);
#4407=AXIS2_PLACEMENT_3D('',#6946,#5194,#5195);
#4408=AXIS2_PLACEMENT_3D('',#6949,#5198,#5199);
#4409=AXIS2_PLACEMENT_3D('',#6952,#5200,#5201);
#4410=AXIS2_PLACEMENT_3D('',#6955,#5204,#5205);
#4411=AXIS2_PLACEMENT_3D('',#6958,#5208,#5209);
#4412=AXIS2_PLACEMENT_3D('',#6960,#5210,#5211);
#4413=AXIS2_PLACEMENT_3D('',#6963,#5214,#5215);
#4414=AXIS2_PLACEMENT_3D('',#6966,#5216,#5217);
#4415=AXIS2_PLACEMENT_3D('',#7000,#5220,#5221);
#4416=AXIS2_PLACEMENT_3D('',#7001,#5222,#5223);
#4417=AXIS2_PLACEMENT_3D('',#7002,#5224,#5225);
#4418=AXIS2_PLACEMENT_3D('',#7003,#5226,#5227);
#4419=AXIS2_PLACEMENT_3D('',#7026,#5228,#5229);
#4420=AXIS2_PLACEMENT_3D('',#7027,#5230,#5231);
#4421=AXIS2_PLACEMENT_3D('',#7028,#5232,#5233);
#4422=AXIS2_PLACEMENT_3D('',#7090,#5234,#5235);
#4423=AXIS2_PLACEMENT_3D('',#7128,#5236,#5237);
#4424=AXIS2_PLACEMENT_3D('',#7132,#5239,#5240);
#4425=AXIS2_PLACEMENT_3D('',#7136,#5242,#5243);
#4426=AXIS2_PLACEMENT_3D('',#7138,#5245,#5246);
#4427=AXIS2_PLACEMENT_3D('',#7142,#5249,#5250);
#4428=AXIS2_PLACEMENT_3D('',#7146,#5252,#5253);
#4429=AXIS2_PLACEMENT_3D('',#7148,#5255,#5256);
#4430=AXIS2_PLACEMENT_3D('',#7152,#5258,#5259);
#4431=AXIS2_PLACEMENT_3D('',#7154,#5261,#5262);
#4432=AXIS2_PLACEMENT_3D('',#7166,#5268,#5269);
#4433=AXIS2_PLACEMENT_3D('',#7169,#5271,#5272);
#4434=AXIS2_PLACEMENT_3D('',#7170,#5273,#5274);
#4435=AXIS2_PLACEMENT_3D('',#7174,#5277,#5278);
#4436=AXIS2_PLACEMENT_3D('',#7177,#5280,#5281);
#4437=AXIS2_PLACEMENT_3D('',#7178,#5282,#5283);
#4438=AXIS2_PLACEMENT_3D('',#7180,#5285,#5286);
#4439=AXIS2_PLACEMENT_3D('',#7182,#5288,#5289);
#4440=AXIS2_PLACEMENT_3D('',#7183,#5290,#5291);
#4441=AXIS2_PLACEMENT_3D('',#7184,#5292,#5293);
#4442=AXIS2_PLACEMENT_3D('',#7185,#5294,#5295);
#4443=AXIS2_PLACEMENT_3D('',#7186,#5296,#5297);
#4444=AXIS2_PLACEMENT_3D('',#7188,#5299,#5300);
#4445=AXIS2_PLACEMENT_3D('',#7190,#5302,#5303);
#4446=AXIS2_PLACEMENT_3D('',#7193,#5305,#5306);
#4447=AXIS2_PLACEMENT_3D('',#7194,#5307,#5308);
#4448=AXIS2_PLACEMENT_3D('',#7196,#5309,#5310);
#4449=AXIS2_PLACEMENT_3D('',#7197,#5311,#5312);
#4450=AXIS2_PLACEMENT_3D('',#7198,#5313,#5314);
#4451=AXIS2_PLACEMENT_3D('',#7199,#5315,#5316);
#4452=AXIS2_PLACEMENT_3D('',#7200,#5317,#5318);
#4453=AXIS2_PLACEMENT_3D('',#7204,#5321,#5322);
#4454=AXIS2_PLACEMENT_3D('',#7221,#5323,#5324);
#4455=AXIS2_PLACEMENT_3D('',#7222,#5325,#5326);
#4456=AXIS2_PLACEMENT_3D('',#7223,#5327,#5328);
#4457=AXIS2_PLACEMENT_3D('',#7226,#5329,#5330);
#4458=AXIS2_PLACEMENT_3D('',#7228,#5331,#5332);
#4459=AXIS2_PLACEMENT_3D('',#7230,#5333,#5334);
#4460=AXIS2_PLACEMENT_3D('',#7231,#5335,#5336);
#4461=AXIS2_PLACEMENT_3D('',#7232,#5337,#5338);
#4462=AXIS2_PLACEMENT_3D('',#7235,#5341,#5342);
#4463=AXIS2_PLACEMENT_3D('',#7238,#5343,#5344);
#4464=AXIS2_PLACEMENT_3D('',#7240,#5345,#5346);
#4465=AXIS2_PLACEMENT_3D('',#7241,#5347,#5348);
#4466=AXIS2_PLACEMENT_3D('',#7242,#5349,#5350);
#4467=AXIS2_PLACEMENT_3D('',#7245,#5351,#5352);
#4468=AXIS2_PLACEMENT_3D('',#7247,#5353,#5354);
#4469=AXIS2_PLACEMENT_3D('',#7248,#5355,#5356);
#4470=AXIS2_PLACEMENT_3D('',#7249,#5357,#5358);
#4471=AXIS2_PLACEMENT_3D('',#7252,#5359,#5360);
#4472=AXIS2_PLACEMENT_3D('',#7254,#5361,#5362);
#4473=AXIS2_PLACEMENT_3D('',#7256,#5363,#5364);
#4474=AXIS2_PLACEMENT_3D('',#7257,#5365,#5366);
#4475=AXIS2_PLACEMENT_3D('',#7258,#5367,#5368);
#4476=AXIS2_PLACEMENT_3D('',#7261,#5371,#5372);
#4477=AXIS2_PLACEMENT_3D('',#7264,#5375,#5376);
#4478=AXIS2_PLACEMENT_3D('',#7269,#5379,#5380);
#4479=AXIS2_PLACEMENT_3D('',#7270,#5381,#5382);
#4480=AXIS2_PLACEMENT_3D('',#7272,#5383,#5384);
#4481=AXIS2_PLACEMENT_3D('',#7274,#5385,#5386);
#4482=AXIS2_PLACEMENT_3D('',#7275,#5387,#5388);
#4483=AXIS2_PLACEMENT_3D('',#7276,#5389,#5390);
#4484=AXIS2_PLACEMENT_3D('',#7278,#5391,#5392);
#4485=AXIS2_PLACEMENT_3D('',#7279,#5393,#5394);
#4486=AXIS2_PLACEMENT_3D('',#7280,#5395,#5396);
#4487=AXIS2_PLACEMENT_3D('',#7283,#5397,#5398);
#4488=AXIS2_PLACEMENT_3D('',#7285,#5399,#5400);
#4489=AXIS2_PLACEMENT_3D('',#7286,#5401,#5402);
#4490=AXIS2_PLACEMENT_3D('',#7287,#5403,#5404);
#4491=AXIS2_PLACEMENT_3D('',#7290,#5407,#5408);
#4492=AXIS2_PLACEMENT_3D('',#7293,#5409,#5410);
#4493=AXIS2_PLACEMENT_3D('',#7295,#5411,#5412);
#4494=AXIS2_PLACEMENT_3D('',#7296,#5413,#5414);
#4495=AXIS2_PLACEMENT_3D('',#7297,#5415,#5416);
#4496=AXIS2_PLACEMENT_3D('',#7300,#5417,#5418);
#4497=AXIS2_PLACEMENT_3D('',#7302,#5419,#5420);
#4498=AXIS2_PLACEMENT_3D('',#7304,#5421,#5422);
#4499=AXIS2_PLACEMENT_3D('',#7305,#5423,#5424);
#4500=AXIS2_PLACEMENT_3D('',#7306,#5425,#5426);
#4501=AXIS2_PLACEMENT_3D('',#7309,#5429,#5430);
#4502=AXIS2_PLACEMENT_3D('',#7312,#5433,#5434);
#4503=AXIS2_PLACEMENT_3D('',#7315,#5435,#5436);
#4504=AXIS2_PLACEMENT_3D('',#7317,#5437,#5438);
#4505=AXIS2_PLACEMENT_3D('',#7318,#5439,#5440);
#4506=AXIS2_PLACEMENT_3D('',#7319,#5441,#5442);
#4507=AXIS2_PLACEMENT_3D('',#7322,#5443,#5444);
#4508=AXIS2_PLACEMENT_3D('',#7325,#5447,#5448);
#4509=AXIS2_PLACEMENT_3D('',#7328,#5449,#5450);
#4510=AXIS2_PLACEMENT_3D('',#7329,#5451,#5452);
#4511=AXIS2_PLACEMENT_3D('',#7330,#5453,#5454);
#4512=AXIS2_PLACEMENT_3D('',#7331,#5455,#5456);
#4513=AXIS2_PLACEMENT_3D('',#7333,#5457,#5458);
#4514=AXIS2_PLACEMENT_3D('',#7336,#5461,#5462);
#4515=AXIS2_PLACEMENT_3D('',#7338,#5463,#5464);
#4516=AXIS2_PLACEMENT_3D('',#7339,#5465,#5466);
#4517=AXIS2_PLACEMENT_3D('',#7340,#5467,#5468);
#4518=AXIS2_PLACEMENT_3D('',#7343,#5471,#5472);
#4519=AXIS2_PLACEMENT_3D('',#7346,#5473,#5474);
#4520=AXIS2_PLACEMENT_3D('',#7347,#5475,#5476);
#4521=AXIS2_PLACEMENT_3D('',#7348,#5477,#5478);
#4522=AXIS2_PLACEMENT_3D('',#7349,#5479,#5480);
#4523=AXIS2_PLACEMENT_3D('',#7351,#5481,#5482);
#4524=AXIS2_PLACEMENT_3D('',#7353,#5483,#5484);
#4525=AXIS2_PLACEMENT_3D('',#7354,#5485,#5486);
#4526=AXIS2_PLACEMENT_3D('',#7355,#5487,#5488);
#4527=AXIS2_PLACEMENT_3D('',#7358,#5489,#5490);
#4528=AXIS2_PLACEMENT_3D('',#7360,#5491,#5492);
#4529=AXIS2_PLACEMENT_3D('',#7361,#5493,#5494);
#4530=AXIS2_PLACEMENT_3D('',#7362,#5495,#5496);
#4531=AXIS2_PLACEMENT_3D('',#7365,#5499,#5500);
#4532=AXIS2_PLACEMENT_3D('',#7368,#5501,#5502);
#4533=AXIS2_PLACEMENT_3D('',#7370,#5503,#5504);
#4534=AXIS2_PLACEMENT_3D('',#7372,#5505,#5506);
#4535=AXIS2_PLACEMENT_3D('',#7373,#5507,#5508);
#4536=AXIS2_PLACEMENT_3D('',#7374,#5509,#5510);
#4537=AXIS2_PLACEMENT_3D('',#7377,#5513,#5514);
#4538=AXIS2_PLACEMENT_3D('',#7380,#5515,#5516);
#4539=AXIS2_PLACEMENT_3D('',#7382,#5517,#5518);
#4540=AXIS2_PLACEMENT_3D('',#7383,#5519,#5520);
#4541=AXIS2_PLACEMENT_3D('',#7384,#5521,#5522);
#4542=AXIS2_PLACEMENT_3D('',#7387,#5525,#5526);
#4543=AXIS2_PLACEMENT_3D('',#7390,#5529,#5530);
#4544=AXIS2_PLACEMENT_3D('',#7393,#5531,#5532);
#4545=AXIS2_PLACEMENT_3D('',#7394,#5533,#5534);
#4546=AXIS2_PLACEMENT_3D('',#7396,#5535,#5536);
#4547=AXIS2_PLACEMENT_3D('',#7397,#5537,#5538);
#4548=AXIS2_PLACEMENT_3D('',#7398,#5539,#5540);
#4549=AXIS2_PLACEMENT_3D('',#7400,#5542,#5543);
#4550=AXIS2_PLACEMENT_3D('',#7402,#5545,#5546);
#4551=AXIS2_PLACEMENT_3D('',#7405,#5547,#5548);
#4552=AXIS2_PLACEMENT_3D('',#7407,#5549,#5550);
#4553=AXIS2_PLACEMENT_3D('',#7409,#5551,#5552);
#4554=AXIS2_PLACEMENT_3D('',#7410,#5553,#5554);
#4555=AXIS2_PLACEMENT_3D('',#7411,#5555,#5556);
#4556=AXIS2_PLACEMENT_3D('',#7414,#5557,#5558);
#4557=AXIS2_PLACEMENT_3D('',#7416,#5559,#5560);
#4558=AXIS2_PLACEMENT_3D('',#7418,#5561,#5562);
#4559=AXIS2_PLACEMENT_3D('',#7419,#5563,#5564);
#4560=AXIS2_PLACEMENT_3D('',#7420,#5565,#5566);
#4561=AXIS2_PLACEMENT_3D('',#7423,#5567,#5568);
#4562=AXIS2_PLACEMENT_3D('',#7425,#5569,#5570);
#4563=AXIS2_PLACEMENT_3D('',#7426,#5571,#5572);
#4564=AXIS2_PLACEMENT_3D('',#7427,#5573,#5574);
#4565=AXIS2_PLACEMENT_3D('',#7430,#5577,#5578);
#4566=AXIS2_PLACEMENT_3D('',#7433,#5579,#5580);
#4567=AXIS2_PLACEMENT_3D('',#7435,#5581,#5582);
#4568=AXIS2_PLACEMENT_3D('',#7436,#5583,#5584);
#4569=AXIS2_PLACEMENT_3D('',#7437,#5585,#5586);
#4570=AXIS2_PLACEMENT_3D('',#7440,#5589,#5590);
#4571=AXIS2_PLACEMENT_3D('',#7442,#5591,#5592);
#4572=AXIS2_PLACEMENT_3D('',#7445,#5595,#5596);
#4573=AXIS2_PLACEMENT_3D('',#7447,#5597,#5598);
#4574=AXIS2_PLACEMENT_3D('',#7448,#5599,#5600);
#4575=AXIS2_PLACEMENT_3D('',#7449,#5601,#5602);
#4576=AXIS2_PLACEMENT_3D('',#7451,#5603,#5604);
#4577=AXIS2_PLACEMENT_3D('',#7453,#5606,#5607);
#4578=AXIS2_PLACEMENT_3D('',#7456,#5608,#5609);
#4579=AXIS2_PLACEMENT_3D('',#7457,#5610,#5611);
#4580=AXIS2_PLACEMENT_3D('',#7458,#5612,#5613);
#4581=AXIS2_PLACEMENT_3D('',#7459,#5614,#5615);
#4582=AXIS2_PLACEMENT_3D('',#7462,#5618,#5619);
#4583=AXIS2_PLACEMENT_3D('',#7465,#5620,#5621);
#4584=AXIS2_PLACEMENT_3D('',#7479,#5624,#5625);
#4585=AXIS2_PLACEMENT_3D('',#7480,#5626,#5627);
#4586=AXIS2_PLACEMENT_3D('',#7481,#5628,#5629);
#4587=AXIS2_PLACEMENT_3D('',#7482,#5630,#5631);
#4588=AXIS2_PLACEMENT_3D('',#7485,#5632,#5633);
#4589=AXIS2_PLACEMENT_3D('',#7488,#5636,#5637);
#4590=AXIS2_PLACEMENT_3D('',#7491,#5638,#5639);
#4591=AXIS2_PLACEMENT_3D('',#7492,#5640,#5641);
#4592=AXIS2_PLACEMENT_3D('',#7493,#5642,#5643);
#4593=AXIS2_PLACEMENT_3D('',#7494,#5644,#5645);
#4594=AXIS2_PLACEMENT_3D('',#7497,#5646,#5647);
#4595=AXIS2_PLACEMENT_3D('',#7500,#5650,#5651);
#4596=AXIS2_PLACEMENT_3D('',#7503,#5652,#5653);
#4597=AXIS2_PLACEMENT_3D('',#7504,#5654,#5655);
#4598=AXIS2_PLACEMENT_3D('',#7505,#5656,#5657);
#4599=AXIS2_PLACEMENT_3D('',#7506,#5658,#5659);
#4600=AXIS2_PLACEMENT_3D('',#7509,#5660,#5661);
#4601=AXIS2_PLACEMENT_3D('',#7523,#5664,#5665);
#4602=AXIS2_PLACEMENT_3D('',#7524,#5666,#5667);
#4603=AXIS2_PLACEMENT_3D('',#7525,#5668,#5669);
#4604=AXIS2_PLACEMENT_3D('',#7526,#5670,#5671);
#4605=AXIS2_PLACEMENT_3D('',#7529,#5674,#5675);
#4606=AXIS2_PLACEMENT_3D('',#7532,#5678,#5679);
#4607=AXIS2_PLACEMENT_3D('',#7535,#5682,#5683);
#4608=AXIS2_PLACEMENT_3D('',#7538,#5686,#5687);
#4609=AXIS2_PLACEMENT_3D('',#7541,#5690,#5691);
#4610=AXIS2_PLACEMENT_3D('',#7544,#5694,#5695);
#4611=AXIS2_PLACEMENT_3D('',#7547,#5698,#5699);
#4612=AXIS2_PLACEMENT_3D('',#7550,#5700,#5701);
#4613=AXIS2_PLACEMENT_3D('',#7553,#5704,#5705);
#4614=AXIS2_PLACEMENT_3D('',#7555,#5706,#5707);
#4615=AXIS2_PLACEMENT_3D('',#7556,#5708,#5709);
#4616=AXIS2_PLACEMENT_3D('',#7557,#5710,#5711);
#4617=AXIS2_PLACEMENT_3D('',#7559,#5713,#5714);
#4618=AXIS2_PLACEMENT_3D('',#7561,#5716,#5717);
#4619=AXIS2_PLACEMENT_3D('',#7564,#5720,#5721);
#4620=AXIS2_PLACEMENT_3D('',#7567,#5724,#5725);
#4621=AXIS2_PLACEMENT_3D('',#7570,#5726,#5727);
#4622=AXIS2_PLACEMENT_3D('',#7573,#5730,#5731);
#4623=AXIS2_PLACEMENT_3D('',#7575,#5732,#5733);
#4624=AXIS2_PLACEMENT_3D('',#7576,#5734,#5735);
#4625=AXIS2_PLACEMENT_3D('',#7577,#5736,#5737);
#4626=AXIS2_PLACEMENT_3D('',#7579,#5738,#5739);
#4627=AXIS2_PLACEMENT_3D('',#7581,#5741,#5742);
#4628=AXIS2_PLACEMENT_3D('',#7583,#5743,#5744);
#4629=AXIS2_PLACEMENT_3D('',#7584,#5745,#5746);
#4630=AXIS2_PLACEMENT_3D('',#7585,#5747,#5748);
#4631=AXIS2_PLACEMENT_3D('',#7586,#5749,#5750);
#4632=AXIS2_PLACEMENT_3D('',#7587,#5751,#5752);
#4633=AXIS2_PLACEMENT_3D('',#7588,#5753,#5754);
#4634=AXIS2_PLACEMENT_3D('',#7591,#5755,#5756);
#4635=AXIS2_PLACEMENT_3D('',#7592,#5757,#5758);
#4636=AXIS2_PLACEMENT_3D('',#7593,#5759,#5760);
#4637=AXIS2_PLACEMENT_3D('',#7594,#5761,#5762);
#4638=AXIS2_PLACEMENT_3D('',#7597,#5763,#5764);
#4639=AXIS2_PLACEMENT_3D('',#7600,#5767,#5768);
#4640=AXIS2_PLACEMENT_3D('',#7601,#5769,#5770);
#4641=AXIS2_PLACEMENT_3D('',#7602,#5771,#5772);
#4642=AXIS2_PLACEMENT_3D('',#7603,#5773,#5774);
#4643=AXIS2_PLACEMENT_3D('',#7606,#5775,#5776);
#4644=AXIS2_PLACEMENT_3D('',#7607,#5777,#5778);
#4645=AXIS2_PLACEMENT_3D('',#7608,#5779,#5780);
#4646=AXIS2_PLACEMENT_3D('',#7609,#5781,#5782);
#4647=AXIS2_PLACEMENT_3D('',#7612,#5783,#5784);
#4648=AXIS2_PLACEMENT_3D('',#7613,#5785,#5786);
#4649=AXIS2_PLACEMENT_3D('',#7614,#5787,#5788);
#4650=AXIS2_PLACEMENT_3D('',#7615,#5789,#5790);
#4651=AXIS2_PLACEMENT_3D('',#7618,#5793,#5794);
#4652=AXIS2_PLACEMENT_3D('',#7621,#5797,#5798);
#4653=AXIS2_PLACEMENT_3D('',#7624,#5799,#5800);
#4654=AXIS2_PLACEMENT_3D('',#7626,#5801,#5802);
#4655=AXIS2_PLACEMENT_3D('',#7634,#5803,#5804);
#4656=AXIS2_PLACEMENT_3D('',#7635,#5805,#5806);
#4657=AXIS2_PLACEMENT_3D('',#7638,#5809,#5810);
#4658=AXIS2_PLACEMENT_3D('',#7640,#5812,#5813);
#4659=AXIS2_PLACEMENT_3D('',#7643,#5815,#5816);
#4660=AXIS2_PLACEMENT_3D('',#7645,#5818,#5819);
#4661=AXIS2_PLACEMENT_3D('',#7647,#5821,#5822);
#4662=AXIS2_PLACEMENT_3D('',#7649,#5824,#5825);
#4663=AXIS2_PLACEMENT_3D('',#7653,#5827,#5828);
#4664=AXIS2_PLACEMENT_3D('',#7655,#5830,#5831);
#4665=AXIS2_PLACEMENT_3D('',#7660,#5834,#5835);
#4666=AXIS2_PLACEMENT_3D('',#7661,#5836,#5837);
#4667=AXIS2_PLACEMENT_3D('',#7664,#5839,#5840);
#4668=AXIS2_PLACEMENT_3D('',#7665,#5841,#5842);
#4669=AXIS2_PLACEMENT_3D('',#7669,#5845,#5846);
#4670=AXIS2_PLACEMENT_3D('',#7672,#5848,#5849);
#4671=AXIS2_PLACEMENT_3D('',#7673,#5850,#5851);
#4672=AXIS2_PLACEMENT_3D('',#7677,#5854,#5855);
#4673=AXIS2_PLACEMENT_3D('',#7680,#5857,#5858);
#4674=AXIS2_PLACEMENT_3D('',#7681,#5859,#5860);
#4675=AXIS2_PLACEMENT_3D('',#7685,#5863,#5864);
#4676=AXIS2_PLACEMENT_3D('',#7688,#5866,#5867);
#4677=AXIS2_PLACEMENT_3D('',#7689,#5868,#5869);
#4678=AXIS2_PLACEMENT_3D('',#7692,#5872,#5873);
#4679=AXIS2_PLACEMENT_3D('',#7693,#5874,#5875);
#4680=AXIS2_PLACEMENT_3D('',#7694,#5876,#5877);
#4681=AXIS2_PLACEMENT_3D('',#7695,#5878,#5879);
#4682=AXIS2_PLACEMENT_3D('',#7696,#5880,#5881);
#4683=AXIS2_PLACEMENT_3D('',#7697,#5882,#5883);
#4684=AXIS2_PLACEMENT_3D('',#7698,#5884,#5885);
#4685=AXIS2_PLACEMENT_3D('',#7699,#5886,#5887);
#4686=AXIS2_PLACEMENT_3D('',#7700,#5888,#5889);
#4687=AXIS2_PLACEMENT_3D('',#7701,#5890,#5891);
#4688=AXIS2_PLACEMENT_3D('',#7705,#5893,#5894);
#4689=AXIS2_PLACEMENT_3D('',#7708,#5896,#5897);
#4690=AXIS2_PLACEMENT_3D('',#7709,#5898,#5899);
#4691=AXIS2_PLACEMENT_3D('',#7712,#5900,#5901);
#4692=AXIS2_PLACEMENT_3D('',#7716,#5903,#5904);
#4693=AXIS2_PLACEMENT_3D('',#7718,#5906,#5907);
#4694=AXIS2_PLACEMENT_3D('',#7721,#5908,#5909);
#4695=AXIS2_PLACEMENT_3D('',#7722,#5910,#5911);
#4696=AXIS2_PLACEMENT_3D('',#7723,#5912,#5913);
#4697=AXIS2_PLACEMENT_3D('',#7724,#5914,#5915);
#4698=AXIS2_PLACEMENT_3D('',#7725,#5916,#5917);
#4699=AXIS2_PLACEMENT_3D('',#7726,#5918,#5919);
#4700=AXIS2_PLACEMENT_3D('',#7727,#5920,#5921);
#4701=AXIS2_PLACEMENT_3D('',#7734,#5922,#5923);
#4702=AXIS2_PLACEMENT_3D('',#7738,#5925,#5926);
#4703=AXIS2_PLACEMENT_3D('',#7741,#5929,#5930);
#4704=AXIS2_PLACEMENT_3D('',#7749,#5931,#5932);
#4705=AXIS2_PLACEMENT_3D('',#7750,#5933,#5934);
#4706=AXIS2_PLACEMENT_3D('',#7752,#5936,#5937);
#4707=AXIS2_PLACEMENT_3D('',#7755,#5940,#5941);
#4708=AXIS2_PLACEMENT_3D('',#7757,#5943,#5944);
#4709=AXIS2_PLACEMENT_3D('',#7759,#5946,#5947);
#4710=AXIS2_PLACEMENT_3D('',#7760,#5948,#5949);
#4711=AXIS2_PLACEMENT_3D('',#7762,#5950,#5951);
#4712=AXIS2_PLACEMENT_3D('',#7763,#5952,#5953);
#4713=AXIS2_PLACEMENT_3D('',#7764,#5954,#5955);
#4714=AXIS2_PLACEMENT_3D('',#7766,#5956,#5957);
#4715=AXIS2_PLACEMENT_3D('',#7767,#5958,#5959);
#4716=AXIS2_PLACEMENT_3D('',#7768,#5960,#5961);
#4717=AXIS2_PLACEMENT_3D('',#7771,#5963,#5964);
#4718=AXIS2_PLACEMENT_3D('',#7782,#5965,#5966);
#4719=AXIS2_PLACEMENT_3D('',#7783,#5967,#5968);
#4720=AXIS2_PLACEMENT_3D('',#7784,#5969,#5970);
#4721=AXIS2_PLACEMENT_3D('',#7786,#5971,#5972);
#4722=AXIS2_PLACEMENT_3D('',#7788,#5974,#5975);
#4723=AXIS2_PLACEMENT_3D('',#7790,#5976,#5977);
#4724=AXIS2_PLACEMENT_3D('',#7791,#5978,#5979);
#4725=AXIS2_PLACEMENT_3D('',#7792,#5980,#5981);
#4726=AXIS2_PLACEMENT_3D('',#7794,#5982,#5983);
#4727=AXIS2_PLACEMENT_3D('',#7796,#5985,#5986);
#4728=AXIS2_PLACEMENT_3D('',#7798,#5987,#5988);
#4729=AXIS2_PLACEMENT_3D('',#7799,#5989,#5990);
#4730=AXIS2_PLACEMENT_3D('',#7800,#5991,#5992);
#4731=AXIS2_PLACEMENT_3D('',#7802,#5993,#5994);
#4732=AXIS2_PLACEMENT_3D('',#7814,#5996,#5997);
#4733=AXIS2_PLACEMENT_3D('',#7815,#5998,#5999);
#4734=AXIS2_PLACEMENT_3D('',#7816,#6000,#6001);
#4735=AXIS2_PLACEMENT_3D('',#7818,#6003,#6004);
#4736=AXIS2_PLACEMENT_3D('',#7821,#6007,#6008);
#4737=AXIS2_PLACEMENT_3D('',#7822,#6009,#6010);
#4738=AXIS2_PLACEMENT_3D('',#7823,#6011,#6012);
#4739=AXIS2_PLACEMENT_3D('',#7824,#6013,#6014);
#4740=AXIS2_PLACEMENT_3D('',#7827,#6017,#6018);
#4741=AXIS2_PLACEMENT_3D('',#7829,#6020,#6021);
#4742=AXIS2_PLACEMENT_3D('',#7831,#6023,#6024);
#4743=AXIS2_PLACEMENT_3D('',#7833,#6026,#6027);
#4744=AXIS2_PLACEMENT_3D('',#7834,#6028,#6029);
#4745=AXIS2_PLACEMENT_3D('',#7835,#6030,#6031);
#4746=AXIS2_PLACEMENT_3D('',#7836,#6032,#6033);
#4747=AXIS2_PLACEMENT_3D('',#7837,#6034,#6035);
#4748=AXIS2_PLACEMENT_3D('',#7838,#6036,#6037);
#4749=AXIS2_PLACEMENT_3D('',#7840,#6039,#6040);
#4750=AXIS2_PLACEMENT_3D('',#7841,#6041,#6042);
#4751=AXIS2_PLACEMENT_3D('',#7842,#6043,#6044);
#4752=AXIS2_PLACEMENT_3D('',#7843,#6045,#6046);
#4753=AXIS2_PLACEMENT_3D('',#7845,#6047,#6048);
#4754=AXIS2_PLACEMENT_3D('',#7848,#6050,#6051);
#4755=AXIS2_PLACEMENT_3D('',#7849,#6052,#6053);
#4756=AXIS2_PLACEMENT_3D('',#7850,#6054,#6055);
#4757=AXIS2_PLACEMENT_3D('',#7851,#6056,#6057);
#4758=AXIS2_PLACEMENT_3D('',#7860,#6062,#6063);
#4759=AXIS2_PLACEMENT_3D('',#7862,#6064,#6065);
#4760=AXIS2_PLACEMENT_3D('',#7864,#6066,#6067);
#4761=AXIS2_PLACEMENT_3D('',#7866,#6069,#6070);
#4762=AXIS2_PLACEMENT_3D('',#7872,#6074,#6075);
#4763=AXIS2_PLACEMENT_3D('',#7874,#6076,#6077);
#4764=AXIS2_PLACEMENT_3D('',#7876,#6078,#6079);
#4765=AXIS2_PLACEMENT_3D('',#7878,#6081,#6082);
#4766=AXIS2_PLACEMENT_3D('',#7884,#6086,#6087);
#4767=AXIS2_PLACEMENT_3D('',#7886,#6088,#6089);
#4768=AXIS2_PLACEMENT_3D('',#7888,#6090,#6091);
#4769=AXIS2_PLACEMENT_3D('',#7890,#6093,#6094);
#4770=AXIS2_PLACEMENT_3D('',#7896,#6098,#6099);
#4771=AXIS2_PLACEMENT_3D('',#7897,#6100,#6101);
#4772=AXIS2_PLACEMENT_3D('',#7898,#6102,#6103);
#4773=AXIS2_PLACEMENT_3D('',#7899,#6104,#6105);
#4774=AXIS2_PLACEMENT_3D('',#7908,#6110,#6111);
#4775=AXIS2_PLACEMENT_3D('',#7910,#6112,#6113);
#4776=AXIS2_PLACEMENT_3D('',#7913,#6115,#6116);
#4777=AXIS2_PLACEMENT_3D('',#7914,#6117,#6118);
#4778=AXIS2_PLACEMENT_3D('',#7920,#6122,#6123);
#4779=AXIS2_PLACEMENT_3D('',#7922,#6124,#6125);
#4780=AXIS2_PLACEMENT_3D('',#7925,#6127,#6128);
#4781=AXIS2_PLACEMENT_3D('',#7926,#6129,#6130);
#4782=AXIS2_PLACEMENT_3D('',#7932,#6134,#6135);
#4783=AXIS2_PLACEMENT_3D('',#7934,#6136,#6137);
#4784=AXIS2_PLACEMENT_3D('',#7937,#6139,#6140);
#4785=AXIS2_PLACEMENT_3D('',#7938,#6141,#6142);
#4786=AXIS2_PLACEMENT_3D('',#7944,#6146,#6147);
#4787=AXIS2_PLACEMENT_3D('',#7945,#6148,#6149);
#4788=AXIS2_PLACEMENT_3D('',#7946,#6150,#6151);
#4789=AXIS2_PLACEMENT_3D('',#7947,#6152,#6153);
#4790=AXIS2_PLACEMENT_3D('',#7948,#6154,#6155);
#4791=AXIS2_PLACEMENT_3D('',#7954,#6159,#6160);
#4792=AXIS2_PLACEMENT_3D('',#7956,#6161,#6162);
#4793=AXIS2_PLACEMENT_3D('',#7958,#6164,#6165);
#4794=AXIS2_PLACEMENT_3D('',#7962,#6168,#6169);
#4795=AXIS2_PLACEMENT_3D('',#7964,#6170,#6171);
#4796=AXIS2_PLACEMENT_3D('',#7966,#6173,#6174);
#4797=AXIS2_PLACEMENT_3D('',#7970,#6177,#6178);
#4798=AXIS2_PLACEMENT_3D('',#7972,#6179,#6180);
#4799=AXIS2_PLACEMENT_3D('',#7974,#6182,#6183);
#4800=AXIS2_PLACEMENT_3D('',#7978,#6186,#6187);
#4801=AXIS2_PLACEMENT_3D('',#7979,#6188,#6189);
#4802=AXIS2_PLACEMENT_3D('',#7980,#6190,#6191);
#4803=AXIS2_PLACEMENT_3D('',#7981,#6192,#6193);
#4804=AXIS2_PLACEMENT_3D('',#7982,#6194,#6195);
#4805=AXIS2_PLACEMENT_3D('',#7983,#6196,#6197);
#4806=AXIS2_PLACEMENT_3D('',#7984,#6198,#6199);
#4807=AXIS2_PLACEMENT_3D('',#7985,#6200,#6201);
#4808=DIRECTION('axis',(0.,0.,1.));
#4809=DIRECTION('refdir',(1.,0.,0.));
#4810=DIRECTION('axis',(0.,0.,1.));
#4811=DIRECTION('refdir',(1.,0.,0.));
#4812=DIRECTION('center_axis',(3.746057724284E-15,1.,0.));
#4813=DIRECTION('ref_axis',(1.,-3.746057724284E-15,0.));
#4814=DIRECTION('',(-1.,3.746057724284E-15,0.));
#4815=DIRECTION('',(0.,0.,-1.));
#4816=DIRECTION('',(1.,-3.746057724284E-15,0.));
#4817=DIRECTION('',(0.,0.,-1.));
#4818=DIRECTION('center_axis',(0.,0.,-1.));
#4819=DIRECTION('ref_axis',(-0.999999999998349,-1.81726877990227E-6,0.));
#4820=DIRECTION('center_axis',(0.,0.,-1.));
#4821=DIRECTION('ref_axis',(-0.999999999998349,-1.81726877990227E-6,0.));
#4822=DIRECTION('center_axis',(0.,0.,1.));
#4823=DIRECTION('ref_axis',(-0.999999999998349,-1.81726877990227E-6,0.));
#4824=DIRECTION('',(0.,0.,-1.));
#4825=DIRECTION('center_axis',(1.,-6.48914134942493E-13,0.));
#4826=DIRECTION('ref_axis',(-6.48914134942493E-13,-1.,0.));
#4827=DIRECTION('',(6.48914134942493E-13,1.,0.));
#4828=DIRECTION('',(-6.48914134942493E-13,-1.,0.));
#4829=DIRECTION('',(0.,0.,-1.));
#4830=DIRECTION('center_axis',(0.,0.,-1.));
#4831=DIRECTION('ref_axis',(2.04002665740534E-7,0.999999999999979,0.));
#4832=DIRECTION('center_axis',(0.,0.,-1.));
#4833=DIRECTION('ref_axis',(2.04002665740534E-7,0.999999999999979,0.));
#4834=DIRECTION('center_axis',(0.,0.,1.));
#4835=DIRECTION('ref_axis',(2.04002665740534E-7,0.999999999999979,0.));
#4836=DIRECTION('',(0.,0.,-1.));
#4837=DIRECTION('center_axis',(-2.0542888951363E-15,-1.,0.));
#4838=DIRECTION('ref_axis',(-1.,2.0542888951363E-15,0.));
#4839=DIRECTION('',(1.,-2.0542888951363E-15,0.));
#4840=DIRECTION('',(-1.,2.0542888951363E-15,0.));
#4841=DIRECTION('',(0.,0.,-1.));
#4842=DIRECTION('center_axis',(0.,0.,-1.));
#4843=DIRECTION('ref_axis',(0.999999999991171,4.20210238150133E-6,0.));
#4844=DIRECTION('center_axis',(0.,0.,-1.));
#4845=DIRECTION('ref_axis',(0.999999999991171,4.20210238150133E-6,0.));
#4846=DIRECTION('center_axis',(0.,0.,1.));
#4847=DIRECTION('ref_axis',(0.999999999991171,4.20210238150133E-6,0.));
#4848=DIRECTION('',(0.,0.,-1.));
#4849=DIRECTION('center_axis',(-1.,-5.13209688987456E-13,0.));
#4850=DIRECTION('ref_axis',(-5.13209688987456E-13,1.,0.));
#4851=DIRECTION('',(5.13209688987456E-13,-1.,0.));
#4852=DIRECTION('',(-5.13209688987456E-13,1.,0.));
#4853=DIRECTION('',(0.,0.,-1.));
#4854=DIRECTION('center_axis',(0.,0.,-1.));
#4855=DIRECTION('ref_axis',(4.35905648830106E-7,-0.999999999999905,0.));
#4856=DIRECTION('center_axis',(0.,0.,-1.));
#4857=DIRECTION('ref_axis',(4.35905648830106E-7,-0.999999999999905,0.));
#4858=DIRECTION('center_axis',(0.,0.,1.));
#4859=DIRECTION('ref_axis',(4.35905648830106E-7,-0.999999999999905,0.));
#4860=DIRECTION('center_axis',(0.,0.,1.));
#4861=DIRECTION('ref_axis',(-1.,0.,0.));
#4862=DIRECTION('center_axis',(0.,0.,-1.));
#4863=DIRECTION('ref_axis',(-1.,8.07434927000128E-16,0.));
#4864=DIRECTION('',(0.,1.,0.));
#4865=DIRECTION('center_axis',(0.,0.,-1.));
#4866=DIRECTION('ref_axis',(-1.21115239050008E-15,1.,0.));
#4867=DIRECTION('',(1.,0.,0.));
#4868=DIRECTION('center_axis',(0.,0.,-1.));
#4869=DIRECTION('ref_axis',(1.,3.55271367879895E-14,0.));
#4870=DIRECTION('',(-5.1478096162211E-14,-1.,0.));
#4871=DIRECTION('center_axis',(0.,0.,-1.));
#4872=DIRECTION('ref_axis',(3.08843859577582E-13,-1.,0.));
#4873=DIRECTION('',(-1.,-1.20840601319743E-16,0.));
#4874=DIRECTION('center_axis',(-1.,0.,0.));
#4875=DIRECTION('ref_axis',(0.,-1.,0.));
#4876=DIRECTION('',(0.,0.,-1.));
#4877=DIRECTION('',(0.,-1.,0.));
#4878=DIRECTION('',(0.,0.,1.));
#4879=DIRECTION('center_axis',(0.,0.,1.));
#4880=DIRECTION('ref_axis',(-1.21115239050008E-15,1.,0.));
#4881=DIRECTION('center_axis',(0.,0.,1.));
#4882=DIRECTION('ref_axis',(-1.21115239050008E-15,1.,0.));
#4883=DIRECTION('',(0.,0.,1.));
#4884=DIRECTION('center_axis',(0.,1.,0.));
#4885=DIRECTION('ref_axis',(-1.,0.,0.));
#4886=DIRECTION('',(-1.,0.,0.));
#4887=DIRECTION('',(0.,0.,1.));
#4888=DIRECTION('center_axis',(0.,0.,1.));
#4889=DIRECTION('ref_axis',(1.,3.55271367879895E-14,0.));
#4890=DIRECTION('center_axis',(0.,0.,1.));
#4891=DIRECTION('ref_axis',(1.,3.55271367879895E-14,0.));
#4892=DIRECTION('',(0.,0.,1.));
#4893=DIRECTION('center_axis',(1.,-5.1478096162211E-14,0.));
#4894=DIRECTION('ref_axis',(5.1478096162211E-14,1.,0.));
#4895=DIRECTION('',(5.1478096162211E-14,1.,0.));
#4896=DIRECTION('',(0.,0.,1.));
#4897=DIRECTION('center_axis',(0.,0.,1.));
#4898=DIRECTION('ref_axis',(3.08843859577582E-13,-1.,0.));
#4899=DIRECTION('center_axis',(0.,0.,1.));
#4900=DIRECTION('ref_axis',(3.08843859577582E-13,-1.,0.));
#4901=DIRECTION('',(0.,0.,1.));
#4902=DIRECTION('center_axis',(1.20840601319743E-16,-1.,0.));
#4903=DIRECTION('ref_axis',(1.,1.20840601319743E-16,0.));
#4904=DIRECTION('',(1.,1.20840601319743E-16,0.));
#4905=DIRECTION('',(0.,0.,1.));
#4906=DIRECTION('center_axis',(0.,0.,1.));
#4907=DIRECTION('ref_axis',(-1.,8.07434927000128E-16,0.));
#4908=DIRECTION('center_axis',(0.,0.,1.));
#4909=DIRECTION('ref_axis',(-1.,8.07434927000128E-16,0.));
#4910=DIRECTION('center_axis',(0.,0.,1.));
#4911=DIRECTION('ref_axis',(-1.,0.,0.));
#4912=DIRECTION('center_axis',(0.,0.,1.));
#4913=DIRECTION('ref_axis',(-1.,0.,0.));
#4914=DIRECTION('axis',(0.,0.,1.));
#4915=DIRECTION('refdir',(1.,0.,0.));
#4916=DIRECTION('center_axis',(0.,0.,1.));
#4917=DIRECTION('ref_axis',(-1.,0.,0.));
#4918=DIRECTION('center_axis',(0.,0.,1.));
#4919=DIRECTION('ref_axis',(-1.,0.,0.));
#4920=DIRECTION('',(-0.707106781186548,-8.65956056235493E-17,-0.707106781186548));
#4921=DIRECTION('center_axis',(0.,0.,-1.));
#4922=DIRECTION('ref_axis',(-1.,0.,0.));
#4923=DIRECTION('center_axis',(0.,0.,1.));
#4924=DIRECTION('ref_axis',(-1.,0.,0.));
#4925=DIRECTION('center_axis',(-0.887751744615078,0.460322539023329,0.));
#4926=DIRECTION('ref_axis',(-0.325497188876402,-0.627735278627504,0.707106781186554));
#4927=DIRECTION('',(-0.887751744615078,0.460322539023329,0.));
#4928=DIRECTION('center_axis',(-0.887751744615078,0.460322539023329,0.));
#4929=DIRECTION('ref_axis',(-0.460322539023329,-0.887751744615078,0.));
#4930=DIRECTION('',(0.887751744615078,-0.460322539023329,0.));
#4931=DIRECTION('center_axis',(-0.887751744615082,0.460322539023322,0.));
#4932=DIRECTION('ref_axis',(-0.460322539023322,-0.887751744615082,0.));
#4933=DIRECTION('',(-0.887751744615078,0.460322539023329,0.));
#4934=DIRECTION('center_axis',(0.,0.,-1.));
#4935=DIRECTION('ref_axis',(-1.,0.,0.));
#4936=DIRECTION('',(0.,0.,-1.));
#4937=DIRECTION('center_axis',(0.,0.,-1.));
#4938=DIRECTION('ref_axis',(-1.,0.,0.));
#4939=DIRECTION('center_axis',(0.,0.,1.));
#4940=DIRECTION('ref_axis',(-1.,0.,0.));
#4941=DIRECTION('center_axis',(0.,0.,1.));
#4942=DIRECTION('ref_axis',(-1.,0.,0.));
#4943=DIRECTION('',(-0.707106781186554,-8.65956056235501E-17,-0.707106781186541));
#4944=DIRECTION('center_axis',(0.,0.,-1.));
#4945=DIRECTION('ref_axis',(-1.,0.,0.));
#4946=DIRECTION('center_axis',(0.,0.,1.));
#4947=DIRECTION('ref_axis',(-1.,0.,0.));
#4948=DIRECTION('center_axis',(-0.887751744615224,-0.460322539023049,0.));
#4949=DIRECTION('ref_axis',(0.325497188876197,-0.627735278627621,0.707106781186545));
#4950=DIRECTION('',(-0.887751744615224,-0.460322539023049,0.));
#4951=DIRECTION('center_axis',(-0.887751744615225,-0.460322539023047,0.));
#4952=DIRECTION('ref_axis',(0.460322539023047,-0.887751744615225,0.));
#4953=DIRECTION('',(0.887751744615224,0.460322539023049,0.));
#4954=DIRECTION('center_axis',(-0.887751744615228,-0.46032253902304,0.));
#4955=DIRECTION('ref_axis',(0.46032253902304,-0.887751744615229,0.));
#4956=DIRECTION('',(-0.887751744615224,-0.460322539023049,0.));
#4957=DIRECTION('center_axis',(0.,0.,-1.));
#4958=DIRECTION('ref_axis',(-1.,0.,0.));
#4959=DIRECTION('',(0.,0.,-1.));
#4960=DIRECTION('center_axis',(0.,0.,-1.));
#4961=DIRECTION('ref_axis',(-1.,0.,0.));
#4962=DIRECTION('center_axis',(-0.725497060012433,-0.660267033952121,0.194168637502006));
#4963=DIRECTION('ref_axis',(-0.280823404493463,0.541579970854628,0.792356832909139));
#4964=DIRECTION('center_axis',(0.626359788496564,0.737164296420148,-0.253499931830223));
#4965=DIRECTION('ref_axis',(-0.762056565989716,0.647510455693159,0.));
#4966=DIRECTION('center_axis',(0.408248290463858,-0.816496580927731,-0.408248290463858));
#4967=DIRECTION('ref_axis',(0.577350269189628,0.577350269189621,-0.577350269189629));
#4968=DIRECTION('center_axis',(0.,0.,1.));
#4969=DIRECTION('ref_axis',(0.,1.,0.));
#4970=DIRECTION('center_axis',(-1.,0.,0.));
#4971=DIRECTION('ref_axis',(0.,0.,-1.));
#4972=DIRECTION('center_axis',(0.,-1.,-1.77635683940025E-14));
#4973=DIRECTION('ref_axis',(1.,0.,0.));
#4974=DIRECTION('center_axis',(-1.,0.,0.));
#4975=DIRECTION('ref_axis',(0.,0.70710678118654,-0.707106781186555));
#4976=DIRECTION('center_axis',(-1.,0.,0.));
#4977=DIRECTION('ref_axis',(0.,1.,0.));
#4978=DIRECTION('',(1.,0.,0.));
#4979=DIRECTION('',(-1.,0.,0.));
#4980=DIRECTION('center_axis',(0.,0.,1.));
#4981=DIRECTION('ref_axis',(1.,0.,0.));
#4982=DIRECTION('center_axis',(-8.88178419700128E-15,-1.,0.));
#4983=DIRECTION('ref_axis',(-1.,8.88178419700128E-15,0.));
#4984=DIRECTION('center_axis',(0.,0.,-1.));
#4985=DIRECTION('ref_axis',(-0.707106781186548,0.707106781186547,0.));
#4986=DIRECTION('center_axis',(0.,0.,1.));
#4987=DIRECTION('ref_axis',(-0.707106781186548,0.707106781186547,0.));
#4988=DIRECTION('center_axis',(0.,-1.,0.));
#4989=DIRECTION('ref_axis',(-0.70710678118654,0.,-0.707106781186555));
#4990=DIRECTION('center_axis',(0.,-1.,0.));
#4991=DIRECTION('ref_axis',(-1.,0.,0.));
#4992=DIRECTION('',(0.,1.,0.));
#4993=DIRECTION('',(0.,-1.,0.));
#4994=DIRECTION('center_axis',(0.40824829046386,-0.816496580927727,0.408248290463864));
#4995=DIRECTION('ref_axis',(-0.577350269189624,-0.577350269189624,-0.577350269189629));
#4996=DIRECTION('center_axis',(0.,0.,1.));
#4997=DIRECTION('ref_axis',(-0.707106781186543,-0.707106781186552,0.));
#4998=DIRECTION('center_axis',(1.,0.,0.));
#4999=DIRECTION('ref_axis',(0.,-0.707106781186546,-0.707106781186549));
#5000=DIRECTION('center_axis',(0.,0.,-1.));
#5001=DIRECTION('ref_axis',(-1.,0.,0.));
#5002=DIRECTION('center_axis',(0.,0.,-1.));
#5003=DIRECTION('ref_axis',(-1.,0.,0.));
#5004=DIRECTION('center_axis',(0.,-1.,0.));
#5005=DIRECTION('ref_axis',(0.,0.,-1.));
#5006=DIRECTION('center_axis',(0.,0.,1.));
#5007=DIRECTION('ref_axis',(-0.707106781186548,-0.707106781186548,0.));
#5008=DIRECTION('center_axis',(-1.,0.,0.));
#5009=DIRECTION('ref_axis',(0.,1.,0.));
#5010=DIRECTION('center_axis',(0.,1.,0.));
#5011=DIRECTION('ref_axis',(0.707106781186546,0.,-0.707106781186549));
#5012=DIRECTION('',(0.,-1.,0.));
#5013=DIRECTION('',(0.,1.,0.));
#5014=DIRECTION('center_axis',(0.,0.,1.));
#5015=DIRECTION('ref_axis',(1.,0.,0.));
#5016=DIRECTION('center_axis',(0.,0.,1.));
#5017=DIRECTION('ref_axis',(0.707106781186541,-0.707106781186554,0.));
#5018=DIRECTION('center_axis',(0.,-1.,0.));
#5019=DIRECTION('ref_axis',(-1.,0.,0.));
#5020=DIRECTION('center_axis',(0.,0.,-1.));
#5021=DIRECTION('ref_axis',(0.,-1.,0.));
#5022=DIRECTION('center_axis',(1.,0.,0.));
#5023=DIRECTION('ref_axis',(0.,0.,-1.));
#5024=DIRECTION('center_axis',(0.,0.,-1.));
#5025=DIRECTION('ref_axis',(-0.326881720430097,0.945065257455092,0.));
#5026=DIRECTION('center_axis',(0.958862489449483,0.283870967741931,0.));
#5027=DIRECTION('ref_axis',(0.,0.,-1.));
#5028=DIRECTION('center_axis',(-0.816496580927729,-0.408248290463861,0.408248290463859));
#5029=DIRECTION('ref_axis',(0.577350269189621,-0.577350269189635,0.577350269189622));
#5030=DIRECTION('center_axis',(0.,0.,1.));
#5031=DIRECTION('ref_axis',(1.,0.,0.));
#5032=DIRECTION('center_axis',(0.,-1.,0.));
#5033=DIRECTION('ref_axis',(0.,0.,1.));
#5034=DIRECTION('center_axis',(1.,0.,0.));
#5035=DIRECTION('ref_axis',(0.,-1.,0.));
#5036=DIRECTION('center_axis',(-0.408248290463859,-0.816496580927731,-0.408248290463857));
#5037=DIRECTION('ref_axis',(-0.577350269189628,0.577350269189621,-0.577350269189629));
#5038=DIRECTION('center_axis',(0.,0.,1.));
#5039=DIRECTION('ref_axis',(-1.,0.,0.));
#5040=DIRECTION('center_axis',(1.77635683940026E-14,-1.,0.));
#5041=DIRECTION('ref_axis',(0.,0.,-1.));
#5042=DIRECTION('center_axis',(1.,0.,0.));
#5043=DIRECTION('ref_axis',(0.,1.,0.));
#5044=DIRECTION('center_axis',(0.,-1.,0.));
#5045=DIRECTION('ref_axis',(-0.707106781186546,0.,-0.707106781186549));
#5046=DIRECTION('',(0.,1.,0.));
#5047=DIRECTION('',(0.,-1.,0.));
#5048=DIRECTION('center_axis',(-0.40824829046386,-0.816496580927727,0.408248290463864));
#5049=DIRECTION('ref_axis',(0.577350269189624,-0.577350269189624,-0.577350269189629));
#5050=DIRECTION('center_axis',(0.,1.,0.));
#5051=DIRECTION('ref_axis',(1.,0.,5.5511151231258E-16));
#5052=DIRECTION('center_axis',(-1.,0.,0.));
#5053=DIRECTION('ref_axis',(0.,-0.707106781186546,-0.707106781186549));
#5054=DIRECTION('center_axis',(0.,0.,1.));
#5055=DIRECTION('ref_axis',(0.707106781186543,-0.707106781186552,0.));
#5056=DIRECTION('center_axis',(0.,1.,0.));
#5057=DIRECTION('ref_axis',(0.70710678118654,0.,-0.707106781186555));
#5058=DIRECTION('center_axis',(8.88178419700128E-15,1.,0.));
#5059=DIRECTION('ref_axis',(1.,-8.88178419700128E-15,0.));
#5060=DIRECTION('',(0.,-1.,0.));
#5061=DIRECTION('',(0.,1.,0.));
#5062=DIRECTION('center_axis',(0.,0.,1.));
#5063=DIRECTION('ref_axis',(1.,0.,0.));
#5064=DIRECTION('center_axis',(-1.,8.88178419700113E-15,0.));
#5065=DIRECTION('ref_axis',(8.88178419700113E-15,1.,0.));
#5066=DIRECTION('center_axis',(0.,0.,-1.));
#5067=DIRECTION('ref_axis',(0.707106781186547,0.707106781186548,0.));
#5068=DIRECTION('center_axis',(0.,0.,1.));
#5069=DIRECTION('ref_axis',(0.707106781186547,0.707106781186548,0.));
#5070=DIRECTION('center_axis',(-1.,0.,0.));
#5071=DIRECTION('ref_axis',(0.,0.70710678118654,-0.707106781186555));
#5072=DIRECTION('',(1.,0.,0.));
#5073=DIRECTION('',(-1.,0.,0.));
#5074=DIRECTION('center_axis',(0.958862489449483,0.283870967741931,-1.70328194117794E-14));
#5075=DIRECTION('ref_axis',(-0.283870967741931,0.958862489449483,0.));
#5076=DIRECTION('center_axis',(0.,0.,1.));
#5077=DIRECTION('ref_axis',(1.,0.,0.));
#5078=DIRECTION('center_axis',(0.,0.,-1.));
#5079=DIRECTION('ref_axis',(-1.,0.,0.));
#5080=DIRECTION('center_axis',(0.,-1.,0.));
#5081=DIRECTION('ref_axis',(1.,0.,0.));
#5082=DIRECTION('center_axis',(0.,0.,-1.));
#5083=DIRECTION('ref_axis',(0.,1.,0.));
#5084=DIRECTION('center_axis',(1.,0.,0.));
#5085=DIRECTION('ref_axis',(0.,0.,1.));
#5086=DIRECTION('center_axis',(0.,0.,1.));
#5087=DIRECTION('ref_axis',(-0.707106781186541,0.707106781186554,0.));
#5088=DIRECTION('center_axis',(0.,0.,-1.));
#5089=DIRECTION('ref_axis',(-0.707106781186541,0.707106781186554,0.));
#5090=DIRECTION('',(0.,0.,1.));
#5091=DIRECTION('',(0.,0.,-1.));
#5092=DIRECTION('center_axis',(0.,0.,1.));
#5093=DIRECTION('ref_axis',(0.326881720430097,0.945065257455092,0.));
#5094=DIRECTION('center_axis',(-0.958862489449483,0.283870967741931,0.));
#5095=DIRECTION('ref_axis',(0.,0.,1.));
#5096=DIRECTION('center_axis',(0.,0.,1.));
#5097=DIRECTION('ref_axis',(-0.580137173248678,0.814518790584375,0.));
#5098=DIRECTION('center_axis',(0.,0.,-1.));
#5099=DIRECTION('ref_axis',(-1.,0.,0.));
#5100=DIRECTION('',(0.,0.,-1.));
#5101=DIRECTION('',(0.,0.,1.));
#5102=DIRECTION('center_axis',(0.958862489449484,-0.283870967741926,0.));
#5103=DIRECTION('ref_axis',(0.,0.,-1.));
#5104=DIRECTION('center_axis',(0.,0.,-1.));
#5105=DIRECTION('ref_axis',(-1.,0.,0.));
#5106=DIRECTION('center_axis',(-1.,0.,0.));
#5107=DIRECTION('ref_axis',(0.,0.,1.));
#5108=DIRECTION('center_axis',(0.,0.,1.));
#5109=DIRECTION('ref_axis',(-0.151212432112497,0.98850129002173,0.));
#5110=DIRECTION('center_axis',(0.,0.,-1.));
#5111=DIRECTION('ref_axis',(-0.151212432112497,0.98850129002173,0.));
#5112=DIRECTION('center_axis',(1.,0.,0.));
#5113=DIRECTION('ref_axis',(0.,0.707106781186553,0.707106781186542));
#5114=DIRECTION('center_axis',(-1.,8.88178419700113E-15,0.));
#5115=DIRECTION('ref_axis',(0.,0.,1.));
#5116=DIRECTION('',(-1.,0.,0.));
#5117=DIRECTION('',(1.,0.,0.));
#5118=DIRECTION('center_axis',(0.,0.,-1.));
#5119=DIRECTION('ref_axis',(-1.,0.,0.));
#5120=DIRECTION('center_axis',(0.,0.,1.));
#5121=DIRECTION('ref_axis',(0.151212432112497,0.98850129002173,0.));
#5122=DIRECTION('center_axis',(0.,0.,-1.));
#5123=DIRECTION('ref_axis',(0.151212432112497,0.98850129002173,0.));
#5124=DIRECTION('center_axis',(0.,0.,1.));
#5125=DIRECTION('ref_axis',(-1.,0.,0.));
#5126=DIRECTION('center_axis',(-0.802870220967121,0.596153846153999,-1.05898196195042E-14));
#5127=DIRECTION('ref_axis',(-0.596153846153999,-0.802870220967121,0.));
#5128=DIRECTION('center_axis',(-0.452480546595757,0.400774490512623,0.796643686165121));
#5129=DIRECTION('ref_axis',(-0.869530579287893,0.,-0.493879106344114));
#5130=DIRECTION('center_axis',(0.,0.,1.));
#5131=DIRECTION('ref_axis',(-1.,0.,0.));
#5132=DIRECTION('center_axis',(0.,0.,-1.));
#5133=DIRECTION('ref_axis',(-0.914624765430355,-0.404303770031234,0.));
#5134=DIRECTION('',(0.,0.,1.));
#5135=DIRECTION('',(0.,0.,-1.));
#5136=DIRECTION('center_axis',(0.,-1.,0.));
#5137=DIRECTION('ref_axis',(0.707106781186553,0.,-0.707106781186543));
#5138=DIRECTION('',(0.,1.,0.));
#5139=DIRECTION('',(0.,-1.,0.));
#5140=DIRECTION('center_axis',(0.,0.,1.));
#5141=DIRECTION('ref_axis',(1.,0.,0.));
#5142=DIRECTION('center_axis',(1.,0.,0.));
#5143=DIRECTION('ref_axis',(0.,0.,1.));
#5144=DIRECTION('center_axis',(0.,0.,-1.));
#5145=DIRECTION('ref_axis',(0.35265734159408,0.935752531078488,0.));
#5146=DIRECTION('center_axis',(0.,0.,1.));
#5147=DIRECTION('ref_axis',(0.35265734159408,0.935752531078488,0.));
#5148=DIRECTION('center_axis',(-1.,0.,0.));
#5149=DIRECTION('ref_axis',(0.,-0.707106781186553,0.707106781186542));
#5150=DIRECTION('',(1.,0.,0.));
#5151=DIRECTION('',(-1.,0.,0.));
#5152=DIRECTION('center_axis',(0.,-1.,0.));
#5153=DIRECTION('ref_axis',(0.707106781186546,0.,0.707106781186549));
#5154=DIRECTION('',(0.,1.,0.));
#5155=DIRECTION('',(0.,-1.,0.));
#5156=DIRECTION('center_axis',(0.,0.,-1.));
#5157=DIRECTION('ref_axis',(0.580137173248678,0.814518790584375,0.));
#5158=DIRECTION('',(0.,0.,1.));
#5159=DIRECTION('',(0.,0.,-1.));
#5160=DIRECTION('center_axis',(0.,-1.,0.));
#5161=DIRECTION('ref_axis',(-0.70710678118654,0.,-0.707106781186555));
#5162=DIRECTION('center_axis',(0.,-1.,0.));
#5163=DIRECTION('ref_axis',(-1.,0.,0.));
#5164=DIRECTION('',(0.,1.,0.));
#5165=DIRECTION('',(0.,-1.,0.));
#5166=DIRECTION('center_axis',(1.46200867272441E-14,-0.831712809372959,
-0.555206090316866));
#5167=DIRECTION('ref_axis',(-1.,-1.77635683940026E-14,2.7755575615629E-16));
#5168=DIRECTION('center_axis',(0.,0.,1.));
#5169=DIRECTION('ref_axis',(1.,0.,0.));
#5170=DIRECTION('center_axis',(0.,0.,1.));
#5171=DIRECTION('ref_axis',(0.140336146611577,0.990103916745214,0.));
#5172=DIRECTION('center_axis',(1.,-8.88178419700144E-15,0.));
#5173=DIRECTION('ref_axis',(0.,0.,-1.));
#5174=DIRECTION('center_axis',(0.,0.,-1.));
#5175=DIRECTION('ref_axis',(0.140336146611576,0.990103916745214,0.));
#5176=DIRECTION('center_axis',(-1.,0.,0.));
#5177=DIRECTION('ref_axis',(0.,0.707106781186551,-0.707106781186544));
#5178=DIRECTION('center_axis',(1.,0.,0.));
#5179=DIRECTION('ref_axis',(0.,0.,-1.));
#5180=DIRECTION('',(1.,0.,0.));
#5181=DIRECTION('',(-1.,0.,0.));
#5182=DIRECTION('center_axis',(0.,0.,1.));
#5183=DIRECTION('ref_axis',(1.,0.,0.));
#5184=DIRECTION('center_axis',(0.,0.,-1.));
#5185=DIRECTION('ref_axis',(-0.151212432112497,0.98850129002173,0.));
#5186=DIRECTION('center_axis',(0.,0.,1.));
#5187=DIRECTION('ref_axis',(-0.151212432112497,0.98850129002173,0.));
#5188=DIRECTION('center_axis',(-1.,0.,0.));
#5189=DIRECTION('ref_axis',(0.,-0.707106781186553,0.707106781186543));
#5190=DIRECTION('center_axis',(1.,0.,0.));
#5191=DIRECTION('ref_axis',(0.,0.,1.));
#5192=DIRECTION('',(1.,0.,0.));
#5193=DIRECTION('',(-1.,0.,0.));
#5194=DIRECTION('center_axis',(0.,0.,1.));
#5195=DIRECTION('ref_axis',(0.707106781186541,-0.707106781186554,0.));
#5196=DIRECTION('',(0.,0.,-1.));
#5197=DIRECTION('',(0.,0.,1.));
#5198=DIRECTION('center_axis',(0.,-1.,0.));
#5199=DIRECTION('ref_axis',(-0.707106781186551,0.,0.707106781186544));
#5200=DIRECTION('center_axis',(0.,-1.,0.));
#5201=DIRECTION('ref_axis',(0.,0.,1.));
#5202=DIRECTION('',(0.,1.,0.));
#5203=DIRECTION('',(0.,-1.,0.));
#5204=DIRECTION('center_axis',(-1.,0.,0.));
#5205=DIRECTION('ref_axis',(0.,0.70710678118654,-0.707106781186555));
#5206=DIRECTION('',(1.,0.,0.));
#5207=DIRECTION('',(-1.,0.,0.));
#5208=DIRECTION('center_axis',(0.,0.,1.));
#5209=DIRECTION('ref_axis',(-0.707106781186554,-0.707106781186541,0.));
#5210=DIRECTION('center_axis',(0.,0.,-1.));
#5211=DIRECTION('ref_axis',(0.,-1.,0.));
#5212=DIRECTION('',(0.,0.,-1.));
#5213=DIRECTION('',(0.,0.,1.));
#5214=DIRECTION('center_axis',(0.,0.,1.));
#5215=DIRECTION('ref_axis',(0.707106781186541,0.707106781186554,0.));
#5216=DIRECTION('center_axis',(2.7755575615629E-16,0.,1.));
#5217=DIRECTION('ref_axis',(1.,0.,-2.7755575615629E-16));
#5218=DIRECTION('',(0.,0.,-1.));
#5219=DIRECTION('',(0.,0.,1.));
#5220=DIRECTION('center_axis',(-0.894427190999916,0.447213595499958,0.));
#5221=DIRECTION('ref_axis',(-0.447213595499958,-0.894427190999916,6.2063353831182E-17));
#5222=DIRECTION('center_axis',(0.447213595499958,-0.894427190999916,0.));
#5223=DIRECTION('ref_axis',(-0.894427190999916,-0.447213595499958,6.2063353831182E-17));
#5224=DIRECTION('center_axis',(-0.816496580927734,0.40824829046386,-0.408248290463851));
#5225=DIRECTION('ref_axis',(-0.577350269189617,-0.577350269189638,0.577350269189622));
#5226=DIRECTION('center_axis',(0.,-1.,0.));
#5227=DIRECTION('ref_axis',(-0.707106781186546,0.,0.707106781186549));
#5228=DIRECTION('center_axis',(0.,-0.99571971113839,0.0924243304032085));
#5229=DIRECTION('ref_axis',(-0.0478694962233386,0.0923183750165895,0.994578216615275));
#5230=DIRECTION('center_axis',(1.,0.,0.));
#5231=DIRECTION('ref_axis',(0.,-1.,6.16001516889358E-16));
#5232=DIRECTION('center_axis',(-0.947578252285517,0.319523795351028,-1.68323710931431E-14));
#5233=DIRECTION('ref_axis',(-0.319523795351028,-0.947578252285517,0.));
#5234=DIRECTION('center_axis',(0.72320276453705,0.661241077187556,-0.199343921918402));
#5235=DIRECTION('ref_axis',(-0.674784274430909,0.738015028966722,0.));
#5236=DIRECTION('center_axis',(0.,0.,-1.));
#5237=DIRECTION('ref_axis',(0.,1.,0.));
#5238=DIRECTION('',(0.,0.,-1.));
#5239=DIRECTION('center_axis',(0.,0.,-1.));
#5240=DIRECTION('ref_axis',(-0.707106781186548,0.707106781186548,0.));
#5241=DIRECTION('',(0.,0.,-1.));
#5242=DIRECTION('center_axis',(0.,0.,1.));
#5243=DIRECTION('ref_axis',(-0.707106781186548,0.707106781186548,0.));
#5244=DIRECTION('',(0.,0.,-1.));
#5245=DIRECTION('center_axis',(0.,1.,0.));
#5246=DIRECTION('ref_axis',(1.,0.,0.));
#5247=DIRECTION('',(0.,0.,-1.));
#5248=DIRECTION('',(1.,0.,0.));
#5249=DIRECTION('center_axis',(1.,0.,0.));
#5250=DIRECTION('ref_axis',(0.,-0.707106781186546,-0.707106781186549));
#5251=DIRECTION('',(1.,0.,0.));
#5252=DIRECTION('center_axis',(1.,0.,0.));
#5253=DIRECTION('ref_axis',(0.,-1.,0.));
#5254=DIRECTION('',(-1.,0.,0.));
#5255=DIRECTION('center_axis',(0.,0.,-1.));
#5256=DIRECTION('ref_axis',(-0.707106781186541,-0.707106781186554,0.));
#5257=DIRECTION('',(0.,0.,1.));
#5258=DIRECTION('center_axis',(0.,0.,1.));
#5259=DIRECTION('ref_axis',(-1.,0.,0.));
#5260=DIRECTION('',(0.,0.,-1.));
#5261=DIRECTION('center_axis',(1.,0.,0.));
#5262=DIRECTION('ref_axis',(0.,-1.,0.));
#5263=DIRECTION('',(0.,0.,-1.));
#5264=DIRECTION('',(0.,1.,0.));
#5265=DIRECTION('',(0.,0.,1.));
#5266=DIRECTION('',(0.,-1.,0.));
#5267=DIRECTION('',(0.,0.,-1.));
#5268=DIRECTION('center_axis',(1.,0.,0.));
#5269=DIRECTION('ref_axis',(0.,-0.707106781186547,0.707106781186547));
#5270=DIRECTION('',(0.,-1.,0.));
#5271=DIRECTION('center_axis',(1.,0.,0.));
#5272=DIRECTION('ref_axis',(0.,0.707106781186546,0.707106781186549));
#5273=DIRECTION('center_axis',(0.,-1.,0.));
#5274=DIRECTION('ref_axis',(-1.,0.,0.));
#5275=DIRECTION('',(1.,0.,0.));
#5276=DIRECTION('',(0.,0.,-1.));
#5277=DIRECTION('center_axis',(-1.,0.,0.));
#5278=DIRECTION('ref_axis',(0.,-0.707106781186553,0.707106781186542));
#5279=DIRECTION('',(-1.,0.,0.));
#5280=DIRECTION('center_axis',(1.,0.,0.));
#5281=DIRECTION('ref_axis',(0.,0.,1.));
#5282=DIRECTION('center_axis',(-1.,0.,0.));
#5283=DIRECTION('ref_axis',(0.,-1.,0.));
#5284=DIRECTION('',(0.,-1.,0.));
#5285=DIRECTION('center_axis',(0.,1.,0.));
#5286=DIRECTION('ref_axis',(-0.707106781186546,0.,0.707106781186549));
#5287=DIRECTION('',(0.,1.,0.));
#5288=DIRECTION('center_axis',(0.,0.,-1.));
#5289=DIRECTION('ref_axis',(1.,0.,0.));
#5290=DIRECTION('center_axis',(0.,0.,1.));
#5291=DIRECTION('ref_axis',(-0.35265734159381,0.93575253107859,0.));
#5292=DIRECTION('center_axis',(0.,0.,1.));
#5293=DIRECTION('ref_axis',(1.,0.,0.));
#5294=DIRECTION('center_axis',(0.,0.,-1.));
#5295=DIRECTION('ref_axis',(-0.35265734159381,0.93575253107859,0.));
#5296=DIRECTION('center_axis',(-1.,0.,0.));
#5297=DIRECTION('ref_axis',(0.,0.,-1.));
#5298=DIRECTION('',(0.,0.,1.));
#5299=DIRECTION('center_axis',(0.,0.,1.));
#5300=DIRECTION('ref_axis',(0.914624765430238,-0.404303770031499,0.));
#5301=DIRECTION('',(0.,0.,-1.));
#5302=DIRECTION('center_axis',(0.,0.,-1.));
#5303=DIRECTION('ref_axis',(-1.4210854715202E-15,1.,0.));
#5304=DIRECTION('',(0.,0.,-1.));
#5305=DIRECTION('center_axis',(0.,0.,-1.));
#5306=DIRECTION('ref_axis',(-0.956332508230947,0.292280915731263,0.));
#5307=DIRECTION('center_axis',(0.,0.,-1.));
#5308=DIRECTION('ref_axis',(-1.,0.,0.));
#5309=DIRECTION('center_axis',(0.887751744615228,0.46032253902304,0.));
#5310=DIRECTION('ref_axis',(0.46032253902304,-0.887751744615228,0.));
#5311=DIRECTION('center_axis',(0.,0.,1.));
#5312=DIRECTION('ref_axis',(-0.665352847485774,0.74652902712659,0.));
#5313=DIRECTION('center_axis',(1.,0.,0.));
#5314=DIRECTION('ref_axis',(0.,1.,0.));
#5315=DIRECTION('center_axis',(0.,-1.,0.));
#5316=DIRECTION('ref_axis',(1.,0.,0.));
#5317=DIRECTION('center_axis',(0.,-1.,0.));
#5318=DIRECTION('ref_axis',(0.707106781186538,0.,0.707106781186557));
#5319=DIRECTION('',(0.,1.,0.));
#5320=DIRECTION('',(0.,-1.,0.));
#5321=DIRECTION('center_axis',(0.,-1.,0.));
#5322=DIRECTION('ref_axis',(1.,0.,0.));
#5323=DIRECTION('center_axis',(-1.,0.,0.));
#5324=DIRECTION('ref_axis',(0.,-1.,-6.16001516889257E-17));
#5325=DIRECTION('center_axis',(1.,0.,0.));
#5326=DIRECTION('ref_axis',(0.,0.,1.));
#5327=DIRECTION('center_axis',(0.,0.,-1.));
#5328=DIRECTION('ref_axis',(-1.,0.,0.));
#5329=DIRECTION('center_axis',(0.,0.,-1.));
#5330=DIRECTION('ref_axis',(0.,1.,0.));
#5331=DIRECTION('center_axis',(-1.,0.,0.));
#5332=DIRECTION('ref_axis',(0.,0.,-1.));
#5333=DIRECTION('center_axis',(0.,0.,1.));
#5334=DIRECTION('ref_axis',(-0.707106781186548,0.707106781186548,0.));
#5335=DIRECTION('center_axis',(0.,1.,0.));
#5336=DIRECTION('ref_axis',(1.,0.,0.));
#5337=DIRECTION('center_axis',(1.,0.,0.));
#5338=DIRECTION('ref_axis',(0.,-0.707106781186546,-0.707106781186549));
#5339=DIRECTION('',(-1.,0.,0.));
#5340=DIRECTION('',(1.,0.,0.));
#5341=DIRECTION('center_axis',(-0.40824829046386,-0.816496580927728,0.408248290463863));
#5342=DIRECTION('ref_axis',(-0.577350269189625,0.577350269189625,0.577350269189628));
#5343=DIRECTION('center_axis',(0.,1.,0.));
#5344=DIRECTION('ref_axis',(0.,0.,1.));
#5345=DIRECTION('center_axis',(-1.,0.,0.));
#5346=DIRECTION('ref_axis',(0.,1.,0.));
#5347=DIRECTION('center_axis',(0.,0.,1.));
#5348=DIRECTION('ref_axis',(-1.,0.,0.));
#5349=DIRECTION('center_axis',(-0.816496580927725,0.40824829046387,-0.408248290463859));
#5350=DIRECTION('ref_axis',(-0.577350269189626,-0.57735026918964,0.577350269189612));
#5351=DIRECTION('center_axis',(-1.,0.,0.));
#5352=DIRECTION('ref_axis',(0.,0.,1.));
#5353=DIRECTION('center_axis',(0.,-1.,-1.77635683940026E-14));
#5354=DIRECTION('ref_axis',(-1.,0.,0.));
#5355=DIRECTION('center_axis',(0.,0.,1.));
#5356=DIRECTION('ref_axis',(0.,-1.,0.));
#5357=DIRECTION('center_axis',(-1.,0.,0.));
#5358=DIRECTION('ref_axis',(0.,0.,1.));
#5359=DIRECTION('center_axis',(-1.,0.,0.));
#5360=DIRECTION('ref_axis',(0.,0.707106781186546,0.707106781186549));
#5361=DIRECTION('center_axis',(0.,0.,1.));
#5362=DIRECTION('ref_axis',(0.,-1.,0.));
#5363=DIRECTION('center_axis',(1.,-1.77635683940026E-14,0.));
#5364=DIRECTION('ref_axis',(0.,0.,1.));
#5365=DIRECTION('center_axis',(0.,1.,0.));
#5366=DIRECTION('ref_axis',(1.,0.,0.));
#5367=DIRECTION('center_axis',(0.,0.,1.));
#5368=DIRECTION('ref_axis',(0.707106781186541,-0.707106781186554,0.));
#5369=DIRECTION('',(0.,0.,1.));
#5370=DIRECTION('',(0.,0.,-1.));
#5371=DIRECTION('center_axis',(1.,0.,0.));
#5372=DIRECTION('ref_axis',(0.,0.707106781186546,0.707106781186549));
#5373=DIRECTION('',(-1.,0.,0.));
#5374=DIRECTION('',(1.,0.,0.));
#5375=DIRECTION('center_axis',(0.,1.,0.));
#5376=DIRECTION('ref_axis',(-0.707106781186553,0.,0.707106781186542));
#5377=DIRECTION('',(0.,1.,0.));
#5378=DIRECTION('',(0.,-1.,0.));
#5379=DIRECTION('center_axis',(-0.707106781186548,0.707106781186548,0.));
#5380=DIRECTION('ref_axis',(-0.707106781186547,-0.707106781186547,0.));
#5381=DIRECTION('center_axis',(0.408248290463874,-0.408248290463845,-0.81649658092773));
#5382=DIRECTION('ref_axis',(0.577350269189652,-0.577350269189609,0.577350269189616));
#5383=DIRECTION('center_axis',(1.77635683940029E-14,-1.,0.));
#5384=DIRECTION('ref_axis',(0.,0.,1.));
#5385=DIRECTION('center_axis',(1.,0.,-3.55271367880051E-14));
#5386=DIRECTION('ref_axis',(0.,-1.,0.));
#5387=DIRECTION('center_axis',(0.,4.44089209850056E-15,1.));
#5388=DIRECTION('ref_axis',(1.,0.,0.));
#5389=DIRECTION('center_axis',(-1.,0.,0.));
#5390=DIRECTION('ref_axis',(0.,0.,1.));
#5391=DIRECTION('center_axis',(-1.,0.,-1.77635683940025E-14));
#5392=DIRECTION('ref_axis',(0.,1.,0.));
#5393=DIRECTION('center_axis',(0.,1.,0.));
#5394=DIRECTION('ref_axis',(0.,0.,-1.));
#5395=DIRECTION('center_axis',(-0.408248290463859,-0.816496580927732,-0.408248290463855));
#5396=DIRECTION('ref_axis',(0.577350269189625,-0.577350269189625,0.577350269189628));
#5397=DIRECTION('center_axis',(1.77635683940026E-14,-1.,0.));
#5398=DIRECTION('ref_axis',(0.,0.,1.));
#5399=DIRECTION('center_axis',(1.,0.,0.));
#5400=DIRECTION('ref_axis',(0.,-1.,0.));
#5401=DIRECTION('center_axis',(0.,0.,1.));
#5402=DIRECTION('ref_axis',(1.,0.,0.));
#5403=DIRECTION('center_axis',(1.,0.,0.));
#5404=DIRECTION('ref_axis',(0.,-0.707106781186541,0.707106781186554));
#5405=DIRECTION('',(-1.,0.,0.));
#5406=DIRECTION('',(1.,0.,0.));
#5407=DIRECTION('center_axis',(0.408248290463858,-0.816496580927731,0.408248290463858));
#5408=DIRECTION('ref_axis',(-0.577350269189623,-0.577350269189623,-0.577350269189632));
#5409=DIRECTION('center_axis',(0.,0.,-1.));
#5410=DIRECTION('ref_axis',(-1.,0.,0.));
#5411=DIRECTION('center_axis',(-1.77635683940026E-14,-1.,0.));
#5412=DIRECTION('ref_axis',(0.,0.,-1.));
#5413=DIRECTION('center_axis',(-1.,0.,0.));
#5414=DIRECTION('ref_axis',(0.,-1.,0.));
#5415=DIRECTION('center_axis',(-1.,0.,0.));
#5416=DIRECTION('ref_axis',(0.,0.,1.));
#5417=DIRECTION('center_axis',(-1.,0.,0.));
#5418=DIRECTION('ref_axis',(0.,-0.707106781186546,0.707106781186549));
#5419=DIRECTION('center_axis',(0.,-1.,0.));
#5420=DIRECTION('ref_axis',(0.,0.,-1.));
#5421=DIRECTION('center_axis',(1.,0.,1.77635683940025E-14));
#5422=DIRECTION('ref_axis',(0.,-1.,0.));
#5423=DIRECTION('center_axis',(0.,0.,1.));
#5424=DIRECTION('ref_axis',(1.,0.,0.));
#5425=DIRECTION('center_axis',(0.,-1.,0.));
#5426=DIRECTION('ref_axis',(0.707106781186552,0.,-0.707106781186543));
#5427=DIRECTION('',(0.,1.,0.));
#5428=DIRECTION('',(0.,-1.,0.));
#5429=DIRECTION('center_axis',(-1.,0.,0.));
#5430=DIRECTION('ref_axis',(0.,-0.707106781186546,0.707106781186549));
#5431=DIRECTION('',(1.,0.,0.));
#5432=DIRECTION('',(-1.,0.,0.));
#5433=DIRECTION('center_axis',(0.408248290463862,-0.816496580927725,-0.408248290463866));
#5434=DIRECTION('ref_axis',(-0.577350269189626,-0.577350269189626,0.577350269189626));
#5435=DIRECTION('center_axis',(-1.,0.,0.));
#5436=DIRECTION('ref_axis',(0.,0.,1.));
#5437=DIRECTION('center_axis',(0.,-1.,0.));
#5438=DIRECTION('ref_axis',(-1.,0.,0.));
#5439=DIRECTION('center_axis',(0.,0.,1.));
#5440=DIRECTION('ref_axis',(0.,-1.,0.));
#5441=DIRECTION('center_axis',(0.,1.,0.));
#5442=DIRECTION('ref_axis',(0.707106781186554,0.,0.707106781186541));
#5443=DIRECTION('center_axis',(0.,-1.,0.));
#5444=DIRECTION('ref_axis',(1.,0.,0.));
#5445=DIRECTION('',(0.,-1.,0.));
#5446=DIRECTION('',(0.,1.,0.));
#5447=DIRECTION('center_axis',(0.,0.,1.));
#5448=DIRECTION('ref_axis',(1.,0.,0.));
#5449=DIRECTION('center_axis',(1.,8.88178419700128E-15,0.));
#5450=DIRECTION('ref_axis',(-8.88178419700128E-15,1.,0.));
#5451=DIRECTION('center_axis',(0.,0.,-1.));
#5452=DIRECTION('ref_axis',(0.707106781186548,0.707106781186548,0.));
#5453=DIRECTION('center_axis',(0.,0.,1.));
#5454=DIRECTION('ref_axis',(0.707106781186547,0.707106781186547,0.));
#5455=DIRECTION('center_axis',(1.,0.,0.));
#5456=DIRECTION('ref_axis',(0.,0.707106781186538,0.707106781186557));
#5457=DIRECTION('center_axis',(1.,0.,0.));
#5458=DIRECTION('ref_axis',(0.,1.,0.));
#5459=DIRECTION('',(1.,0.,0.));
#5460=DIRECTION('',(-1.,0.,0.));
#5461=DIRECTION('center_axis',(0.,0.,1.));
#5462=DIRECTION('ref_axis',(1.,0.,0.));
#5463=DIRECTION('center_axis',(0.,1.,0.));
#5464=DIRECTION('ref_axis',(-1.,0.,0.));
#5465=DIRECTION('center_axis',(0.,0.,-1.));
#5466=DIRECTION('ref_axis',(-0.707106781186547,0.707106781186547,0.));
#5467=DIRECTION('center_axis',(0.,-1.,0.));
#5468=DIRECTION('ref_axis',(-0.707106781186554,0.,0.707106781186541));
#5469=DIRECTION('',(0.,1.,0.));
#5470=DIRECTION('',(0.,-1.,0.));
#5471=DIRECTION('center_axis',(-0.816496580927746,-0.408248290463852,-0.408248290463834));
#5472=DIRECTION('ref_axis',(0.577350269189594,-0.577350269189651,-0.577350269189633));
#5473=DIRECTION('center_axis',(1.,-3.55271367880051E-14,0.));
#5474=DIRECTION('ref_axis',(0.,0.,-1.));
#5475=DIRECTION('center_axis',(0.,-1.,1.77635683940025E-14));
#5476=DIRECTION('ref_axis',(1.,0.,0.));
#5477=DIRECTION('center_axis',(0.,0.,-1.));
#5478=DIRECTION('ref_axis',(0.,-1.,0.));
#5479=DIRECTION('center_axis',(1.,0.,0.));
#5480=DIRECTION('ref_axis',(0.,0.,-1.));
#5481=DIRECTION('center_axis',(0.,0.,1.));
#5482=DIRECTION('ref_axis',(0.,1.,0.));
#5483=DIRECTION('center_axis',(-1.,-1.77635683940026E-14,0.));
#5484=DIRECTION('ref_axis',(0.,0.,1.));
#5485=DIRECTION('center_axis',(0.,-1.,0.));
#5486=DIRECTION('ref_axis',(-1.,0.,0.));
#5487=DIRECTION('center_axis',(-0.408248290463858,-0.816496580927731,0.408248290463858));
#5488=DIRECTION('ref_axis',(0.577350269189623,-0.577350269189623,-0.577350269189632));
#5489=DIRECTION('center_axis',(0.,0.,-1.));
#5490=DIRECTION('ref_axis',(0.,-1.,0.));
#5491=DIRECTION('center_axis',(1.,0.,0.));
#5492=DIRECTION('ref_axis',(0.,0.,-1.));
#5493=DIRECTION('center_axis',(0.,-1.,1.77635683940025E-14));
#5494=DIRECTION('ref_axis',(1.,0.,0.));
#5495=DIRECTION('center_axis',(1.,0.,0.));
#5496=DIRECTION('ref_axis',(0.,-0.70710678118654,-0.707106781186555));
#5497=DIRECTION('',(-1.,0.,0.));
#5498=DIRECTION('',(1.,0.,0.));
#5499=DIRECTION('center_axis',(0.,1.,0.));
#5500=DIRECTION('ref_axis',(0.,0.,1.));
#5501=DIRECTION('center_axis',(0.,1.,0.));
#5502=DIRECTION('ref_axis',(-1.,0.,0.));
#5503=DIRECTION('center_axis',(0.,0.,-1.));
#5504=DIRECTION('ref_axis',(0.,1.,0.));
#5505=DIRECTION('center_axis',(0.,-1.,0.));
#5506=DIRECTION('ref_axis',(-0.707106781186546,0.,-0.707106781186549));
#5507=DIRECTION('center_axis',(-1.,0.,0.));
#5508=DIRECTION('ref_axis',(0.,0.,1.));
#5509=DIRECTION('center_axis',(0.,0.,-1.));
#5510=DIRECTION('ref_axis',(0.707106781186538,0.707106781186557,0.));
#5511=DIRECTION('',(0.,0.,1.));
#5512=DIRECTION('',(0.,0.,-1.));
#5513=DIRECTION('center_axis',(0.408248290463863,-0.816496580927725,0.408248290463865));
#5514=DIRECTION('ref_axis',(-0.577350269189625,-0.577350269189625,-0.577350269189628));
#5515=DIRECTION('center_axis',(0.,-1.,0.));
#5516=DIRECTION('ref_axis',(0.,0.,-1.));
#5517=DIRECTION('center_axis',(-1.,0.,0.));
#5518=DIRECTION('ref_axis',(0.,-1.,0.));
#5519=DIRECTION('center_axis',(0.,0.,-1.));
#5520=DIRECTION('ref_axis',(-1.,0.,0.));
#5521=DIRECTION('center_axis',(1.,0.,0.));
#5522=DIRECTION('ref_axis',(0.,-0.70710678118654,-0.707106781186555));
#5523=DIRECTION('',(-1.,0.,0.));
#5524=DIRECTION('',(1.,0.,0.));
#5525=DIRECTION('center_axis',(0.,0.,-1.));
#5526=DIRECTION('ref_axis',(-0.70710678118656,-0.707106781186535,0.));
#5527=DIRECTION('',(0.,0.,1.));
#5528=DIRECTION('',(0.,0.,-1.));
#5529=DIRECTION('center_axis',(0.,-1.,0.));
#5530=DIRECTION('ref_axis',(0.,0.,-1.));
#5531=DIRECTION('center_axis',(0.,-1.,0.));
#5532=DIRECTION('ref_axis',(0.70710678118654,0.,-0.707106781186555));
#5533=DIRECTION('center_axis',(0.,0.,-1.));
#5534=DIRECTION('ref_axis',(-1.,0.,0.));
#5535=DIRECTION('center_axis',(8.88178419700144E-15,1.,0.));
#5536=DIRECTION('ref_axis',(0.,0.,-1.));
#5537=DIRECTION('center_axis',(1.,0.,0.));
#5538=DIRECTION('ref_axis',(0.,1.,0.));
#5539=DIRECTION('center_axis',(0.,0.,1.));
#5540=DIRECTION('ref_axis',(-0.707106781186538,0.707106781186557,0.));
#5541=DIRECTION('',(0.,0.,1.));
#5542=DIRECTION('center_axis',(0.,1.,0.));
#5543=DIRECTION('ref_axis',(0.70710678118654,0.,-0.707106781186555));
#5544=DIRECTION('',(0.,1.,0.));
#5545=DIRECTION('center_axis',(-1.,0.,0.));
#5546=DIRECTION('ref_axis',(0.,0.,1.));
#5547=DIRECTION('center_axis',(-1.,0.,0.));
#5548=DIRECTION('ref_axis',(0.,1.,0.));
#5549=DIRECTION('center_axis',(0.,0.,-1.));
#5550=DIRECTION('ref_axis',(1.,0.,0.));
#5551=DIRECTION('center_axis',(1.,0.,0.));
#5552=DIRECTION('ref_axis',(0.,0.707106781186547,0.707106781186547));
#5553=DIRECTION('center_axis',(0.,-1.,0.));
#5554=DIRECTION('ref_axis',(0.,0.,-1.));
#5555=DIRECTION('center_axis',(-1.,0.,0.));
#5556=DIRECTION('ref_axis',(0.,0.,1.));
#5557=DIRECTION('center_axis',(-1.,0.,0.));
#5558=DIRECTION('ref_axis',(0.,0.707106781186547,0.707106781186547));
#5559=DIRECTION('center_axis',(0.,0.,-1.));
#5560=DIRECTION('ref_axis',(0.,-1.,0.));
#5561=DIRECTION('center_axis',(1.,0.,0.));
#5562=DIRECTION('ref_axis',(0.,0.,1.));
#5563=DIRECTION('center_axis',(0.,-1.,0.));
#5564=DIRECTION('ref_axis',(-1.,0.,0.));
#5565=DIRECTION('center_axis',(-0.81649658092773,-0.408248290463862,-0.408248290463855));
#5566=DIRECTION('ref_axis',(0.57735026918962,-0.577350269189634,-0.577350269189624));
#5567=DIRECTION('center_axis',(0.,-1.,1.77635683940025E-14));
#5568=DIRECTION('ref_axis',(1.,0.,0.));
#5569=DIRECTION('center_axis',(0.,0.,-1.));
#5570=DIRECTION('ref_axis',(0.,-1.,0.));
#5571=DIRECTION('center_axis',(1.,0.,0.));
#5572=DIRECTION('ref_axis',(0.,0.,-1.));
#5573=DIRECTION('center_axis',(0.,0.,-1.));
#5574=DIRECTION('ref_axis',(0.707106781186551,-0.707106781186544,0.));
#5575=DIRECTION('',(0.,0.,1.));
#5576=DIRECTION('',(0.,0.,-1.));
#5577=DIRECTION('center_axis',(0.408248290463861,-0.816496580927726,0.408248290463864));
#5578=DIRECTION('ref_axis',(-0.577350269189625,-0.577350269189625,-0.577350269189628));
#5579=DIRECTION('center_axis',(-1.,0.,0.));
#5580=DIRECTION('ref_axis',(0.,-1.,0.));
#5581=DIRECTION('center_axis',(0.,0.,-1.));
#5582=DIRECTION('ref_axis',(-1.,0.,0.));
#5583=DIRECTION('center_axis',(0.,-1.,0.));
#5584=DIRECTION('ref_axis',(0.,0.,-1.));
#5585=DIRECTION('center_axis',(0.,0.,-1.));
#5586=DIRECTION('ref_axis',(-0.707106781186554,-0.707106781186541,0.));
#5587=DIRECTION('',(0.,0.,1.));
#5588=DIRECTION('',(0.,0.,-1.));
#5589=DIRECTION('center_axis',(0.,1.,0.));
#5590=DIRECTION('ref_axis',(-0.707106781186552,0.,-0.707106781186543));
#5591=DIRECTION('center_axis',(0.,-1.,0.));
#5592=DIRECTION('ref_axis',(-1.,0.,0.));
#5593=DIRECTION('',(0.,-1.,0.));
#5594=DIRECTION('',(0.,1.,0.));
#5595=DIRECTION('center_axis',(0.,0.,-1.));
#5596=DIRECTION('ref_axis',(-1.,0.,0.));
#5597=DIRECTION('center_axis',(-1.,0.,0.));
#5598=DIRECTION('ref_axis',(0.,1.,0.));
#5599=DIRECTION('center_axis',(0.,0.,1.));
#5600=DIRECTION('ref_axis',(-0.707106781186547,0.707106781186547,0.));
#5601=DIRECTION('center_axis',(1.,0.,0.));
#5602=DIRECTION('ref_axis',(0.,0.70710678118654,-0.707106781186555));
#5603=DIRECTION('center_axis',(-1.,8.88178419700128E-15,0.));
#5604=DIRECTION('ref_axis',(8.88178419700128E-15,1.,0.));
#5605=DIRECTION('',(-1.,0.,0.));
#5606=DIRECTION('center_axis',(0.,0.,-1.));
#5607=DIRECTION('ref_axis',(-1.,0.,0.));
#5608=DIRECTION('center_axis',(8.88178419700128E-15,1.,0.));
#5609=DIRECTION('ref_axis',(1.,-8.88178419700128E-15,0.));
#5610=DIRECTION('center_axis',(0.,0.,1.));
#5611=DIRECTION('ref_axis',(0.707106781186548,0.707106781186548,0.));
#5612=DIRECTION('center_axis',(0.,0.,-1.));
#5613=DIRECTION('ref_axis',(0.707106781186547,0.707106781186547,0.));
#5614=DIRECTION('center_axis',(0.,-1.,0.));
#5615=DIRECTION('ref_axis',(0.707106781186552,0.,-0.707106781186543));
#5616=DIRECTION('',(0.,1.,0.));
#5617=DIRECTION('',(0.,-1.,0.));
#5618=DIRECTION('center_axis',(-1.,0.,0.));
#5619=DIRECTION('ref_axis',(0.,-0.707106781186546,-0.707106781186549));
#5620=DIRECTION('center_axis',(1.,0.,0.));
#5621=DIRECTION('ref_axis',(0.,-1.,0.));
#5622=DIRECTION('',(1.,0.,0.));
#5623=DIRECTION('',(-1.,0.,0.));
#5624=DIRECTION('center_axis',(0.,-1.,0.));
#5625=DIRECTION('ref_axis',(-1.,0.,0.));
#5626=DIRECTION('center_axis',(0.,0.,1.));
#5627=DIRECTION('ref_axis',(-0.707106781186548,-0.707106781186548,0.));
#5628=DIRECTION('center_axis',(0.,0.,-1.));
#5629=DIRECTION('ref_axis',(-0.707106781186548,-0.707106781186548,0.));
#5630=DIRECTION('center_axis',(0.,1.,0.));
#5631=DIRECTION('ref_axis',(-0.70710678118654,0.,-0.707106781186555));
#5632=DIRECTION('center_axis',(0.,-1.,0.));
#5633=DIRECTION('ref_axis',(-1.,0.,0.));
#5634=DIRECTION('',(0.,-1.,0.));
#5635=DIRECTION('',(0.,1.,0.));
#5636=DIRECTION('center_axis',(0.,0.,1.));
#5637=DIRECTION('ref_axis',(1.,0.,0.));
#5638=DIRECTION('center_axis',(1.,-8.88178419700113E-15,0.));
#5639=DIRECTION('ref_axis',(-8.88178419700113E-15,-1.,0.));
#5640=DIRECTION('center_axis',(0.,0.,-1.));
#5641=DIRECTION('ref_axis',(0.707106781186547,0.707106781186547,0.));
#5642=DIRECTION('center_axis',(0.,0.,1.));
#5643=DIRECTION('ref_axis',(0.707106781186548,0.707106781186548,0.));
#5644=DIRECTION('center_axis',(-1.,0.,0.));
#5645=DIRECTION('ref_axis',(0.,-0.70710678118654,-0.707106781186555));
#5646=DIRECTION('center_axis',(1.,0.,0.));
#5647=DIRECTION('ref_axis',(0.,-1.,0.));
#5648=DIRECTION('',(1.,0.,0.));
#5649=DIRECTION('',(-1.,0.,0.));
#5650=DIRECTION('center_axis',(0.,0.,1.));
#5651=DIRECTION('ref_axis',(1.,0.,0.));
#5652=DIRECTION('center_axis',(8.88178419700113E-15,1.,0.));
#5653=DIRECTION('ref_axis',(1.,-8.88178419700113E-15,0.));
#5654=DIRECTION('center_axis',(0.,0.,-1.));
#5655=DIRECTION('ref_axis',(-0.707106781186547,0.707106781186547,0.));
#5656=DIRECTION('center_axis',(0.,0.,1.));
#5657=DIRECTION('ref_axis',(-0.707106781186548,0.707106781186548,0.));
#5658=DIRECTION('center_axis',(0.,-1.,0.));
#5659=DIRECTION('ref_axis',(0.70710678118654,0.,-0.707106781186555));
#5660=DIRECTION('center_axis',(4.44089209850064E-15,1.,0.));
#5661=DIRECTION('ref_axis',(1.,-4.44089209850064E-15,0.));
#5662=DIRECTION('',(0.,1.,0.));
#5663=DIRECTION('',(0.,-1.,0.));
#5664=DIRECTION('center_axis',(1.,0.,0.));
#5665=DIRECTION('ref_axis',(0.,-1.,0.));
#5666=DIRECTION('center_axis',(0.,0.,1.));
#5667=DIRECTION('ref_axis',(0.707106781186553,-0.707106781186542,0.));
#5668=DIRECTION('center_axis',(0.,0.,-1.));
#5669=DIRECTION('ref_axis',(0.707106781186553,-0.707106781186542,0.));
#5670=DIRECTION('center_axis',(-1.,0.,0.));
#5671=DIRECTION('ref_axis',(0.,-0.707106781186546,-0.707106781186549));
#5672=DIRECTION('',(1.,0.,0.));
#5673=DIRECTION('',(-1.,0.,0.));
#5674=DIRECTION('center_axis',(-1.,0.,0.));
#5675=DIRECTION('ref_axis',(0.,0.707106781186549,0.707106781186546));
#5676=DIRECTION('',(1.,0.,0.));
#5677=DIRECTION('',(-1.,0.,0.));
#5678=DIRECTION('center_axis',(0.,-1.,0.));
#5679=DIRECTION('ref_axis',(-0.707106781186552,0.,-0.707106781186543));
#5680=DIRECTION('',(0.,1.,0.));
#5681=DIRECTION('',(0.,-1.,0.));
#5682=DIRECTION('center_axis',(0.,1.,0.));
#5683=DIRECTION('ref_axis',(0.707106781186552,0.,-0.707106781186543));
#5684=DIRECTION('',(0.,-1.,0.));
#5685=DIRECTION('',(0.,1.,0.));
#5686=DIRECTION('center_axis',(-1.,0.,0.));
#5687=DIRECTION('ref_axis',(0.,0.707106781186549,0.707106781186546));
#5688=DIRECTION('',(1.,0.,0.));
#5689=DIRECTION('',(-1.,0.,0.));
#5690=DIRECTION('center_axis',(0.,-1.,0.));
#5691=DIRECTION('ref_axis',(-0.70710678118654,0.,-0.707106781186555));
#5692=DIRECTION('',(0.,1.,0.));
#5693=DIRECTION('',(0.,-1.,0.));
#5694=DIRECTION('center_axis',(0.,0.,-1.));
#5695=DIRECTION('ref_axis',(0.707106781186548,-0.707106781186548,0.));
#5696=DIRECTION('',(0.,0.,1.));
#5697=DIRECTION('',(0.,0.,-1.));
#5698=DIRECTION('center_axis',(1.,0.,0.));
#5699=DIRECTION('ref_axis',(0.,-0.707106781186546,0.707106781186549));
#5700=DIRECTION('center_axis',(-1.,0.,0.));
#5701=DIRECTION('ref_axis',(0.,-1.,0.));
#5702=DIRECTION('',(-1.,0.,0.));
#5703=DIRECTION('',(1.,0.,0.));
#5704=DIRECTION('center_axis',(-0.40824829046386,-0.816496580927727,-0.408248290463864));
#5705=DIRECTION('ref_axis',(0.577350269189623,-0.577350269189627,0.577350269189628));
#5706=DIRECTION('center_axis',(0.,0.,1.));
#5707=DIRECTION('ref_axis',(0.70710678118655,-0.707106781186545,0.));
#5708=DIRECTION('center_axis',(0.,-1.,0.));
#5709=DIRECTION('ref_axis',(0.707106781186549,0.,0.707106781186546));
#5710=DIRECTION('center_axis',(0.,1.,0.));
#5711=DIRECTION('ref_axis',(-0.70710678118654,0.,-0.707106781186555));
#5712=DIRECTION('',(0.,1.,0.));
#5713=DIRECTION('center_axis',(0.,0.,-1.));
#5714=DIRECTION('ref_axis',(0.707106781186548,-0.707106781186548,0.));
#5715=DIRECTION('',(0.,0.,-1.));
#5716=DIRECTION('center_axis',(1.,0.,0.));
#5717=DIRECTION('ref_axis',(0.,-0.707106781186541,0.707106781186554));
#5718=DIRECTION('',(-1.,0.,0.));
#5719=DIRECTION('',(1.,0.,0.));
#5720=DIRECTION('center_axis',(0.,0.,-1.));
#5721=DIRECTION('ref_axis',(-0.707106781186535,-0.70710678118656,0.));
#5722=DIRECTION('',(0.,0.,1.));
#5723=DIRECTION('',(0.,0.,-1.));
#5724=DIRECTION('center_axis',(-1.,0.,0.));
#5725=DIRECTION('ref_axis',(0.,0.707106781186546,0.707106781186549));
#5726=DIRECTION('center_axis',(-1.,0.,0.));
#5727=DIRECTION('ref_axis',(0.,0.,1.));
#5728=DIRECTION('',(-1.,0.,0.));
#5729=DIRECTION('',(1.,0.,0.));
#5730=DIRECTION('center_axis',(0.40824829046386,-0.816496580927727,0.408248290463864));
#5731=DIRECTION('ref_axis',(0.577350269189624,0.577350269189624,0.577350269189629));
#5732=DIRECTION('center_axis',(0.,1.,0.));
#5733=DIRECTION('ref_axis',(0.707106781186549,0.,0.707106781186546));
#5734=DIRECTION('center_axis',(0.,0.,1.));
#5735=DIRECTION('ref_axis',(0.707106781186552,0.707106781186543,0.));
#5736=DIRECTION('center_axis',(0.,-1.,0.));
#5737=DIRECTION('ref_axis',(0.707106781186538,0.,0.707106781186557));
#5738=DIRECTION('center_axis',(0.,-1.,0.));
#5739=DIRECTION('ref_axis',(1.,0.,0.));
#5740=DIRECTION('',(0.,-1.,0.));
#5741=DIRECTION('center_axis',(0.,0.,1.));
#5742=DIRECTION('ref_axis',(1.,0.,0.));
#5743=DIRECTION('center_axis',(-0.559035482498624,-0.829143732598595,0.));
#5744=DIRECTION('ref_axis',(0.829143732598595,-0.559035482498624,0.));
#5745=DIRECTION('center_axis',(0.,0.,1.));
#5746=DIRECTION('ref_axis',(-0.956332508230947,0.292280915731263,0.));
#5747=DIRECTION('center_axis',(0.,0.,1.));
#5748=DIRECTION('ref_axis',(1.,0.,0.));
#5749=DIRECTION('center_axis',(0.,0.,1.));
#5750=DIRECTION('ref_axis',(-0.665352847485774,0.74652902712659,0.));
#5751=DIRECTION('center_axis',(0.,0.,-1.));
#5752=DIRECTION('ref_axis',(-0.665352847485774,0.74652902712659,0.));
#5753=DIRECTION('center_axis',(0.,0.,-1.));
#5754=DIRECTION('ref_axis',(-1.,0.,0.));
#5755=DIRECTION('center_axis',(-1.,0.,0.));
#5756=DIRECTION('ref_axis',(0.,-1.,0.));
#5757=DIRECTION('center_axis',(0.,0.,1.));
#5758=DIRECTION('ref_axis',(-0.236905313769843,0.971532743816497,0.));
#5759=DIRECTION('center_axis',(0.,0.,-1.));
#5760=DIRECTION('ref_axis',(-0.236905313769843,0.971532743816498,0.));
#5761=DIRECTION('center_axis',(-1.,0.,0.));
#5762=DIRECTION('ref_axis',(0.,-0.707106781186538,0.707106781186557));
#5763=DIRECTION('center_axis',(-1.,0.,0.));
#5764=DIRECTION('ref_axis',(0.,-1.,0.));
#5765=DIRECTION('',(-1.,0.,0.));
#5766=DIRECTION('',(1.,0.,0.));
#5767=DIRECTION('center_axis',(0.,0.,1.));
#5768=DIRECTION('ref_axis',(1.,0.,0.));
#5769=DIRECTION('center_axis',(0.,0.,1.));
#5770=DIRECTION('ref_axis',(0.236905313769998,0.97153274381646,0.));
#5771=DIRECTION('center_axis',(0.,0.,-1.));
#5772=DIRECTION('ref_axis',(0.236905313769998,0.97153274381646,0.));
#5773=DIRECTION('center_axis',(0.,0.,1.));
#5774=DIRECTION('ref_axis',(1.,0.,0.));
#5775=DIRECTION('center_axis',(-0.559035482499029,0.829143732598322,0.));
#5776=DIRECTION('ref_axis',(-0.829143732598322,-0.559035482499029,0.));
#5777=DIRECTION('center_axis',(0.,0.,1.));
#5778=DIRECTION('ref_axis',(0.66535284748571,0.746529027126647,0.));
#5779=DIRECTION('center_axis',(0.,0.,-1.));
#5780=DIRECTION('ref_axis',(0.665352847485709,0.746529027126647,0.));
#5781=DIRECTION('center_axis',(0.,0.,1.));
#5782=DIRECTION('ref_axis',(1.,0.,0.));
#5783=DIRECTION('center_axis',(-8.88178419700128E-15,1.,0.));
#5784=DIRECTION('ref_axis',(-1.,-8.88178419700128E-15,0.));
#5785=DIRECTION('center_axis',(0.,0.,1.));
#5786=DIRECTION('ref_axis',(0.956332508230876,0.292280915731497,0.));
#5787=DIRECTION('center_axis',(0.,0.,-1.));
#5788=DIRECTION('ref_axis',(0.956332508230876,0.292280915731497,0.));
#5789=DIRECTION('center_axis',(0.,-1.,0.));
#5790=DIRECTION('ref_axis',(-0.707106781186554,0.,0.707106781186541));
#5791=DIRECTION('',(0.,1.,0.));
#5792=DIRECTION('',(0.,-1.,0.));
#5793=DIRECTION('center_axis',(0.,0.,1.));
#5794=DIRECTION('ref_axis',(-0.707106781186554,0.707106781186541,0.));
#5795=DIRECTION('',(0.,0.,-1.));
#5796=DIRECTION('',(0.,0.,1.));
#5797=DIRECTION('center_axis',(-1.,0.,0.));
#5798=DIRECTION('ref_axis',(0.,0.,1.));
#5799=DIRECTION('center_axis',(0.,1.,0.));
#5800=DIRECTION('ref_axis',(1.,0.,0.));
#5801=DIRECTION('center_axis',(1.,0.,0.));
#5802=DIRECTION('ref_axis',(0.,-0.707106781186547,0.707106781186548));
#5803=DIRECTION('center_axis',(-1.,0.,0.));
#5804=DIRECTION('ref_axis',(0.,-0.707106781186547,0.707106781186548));
#5805=DIRECTION('center_axis',(0.,1.,0.));
#5806=DIRECTION('ref_axis',(0.707106781186553,0.,-0.707106781186543));
#5807=DIRECTION('',(0.,-1.,0.));
#5808=DIRECTION('',(0.,1.,0.));
#5809=DIRECTION('center_axis',(1.,0.,0.));
#5810=DIRECTION('ref_axis',(0.,-1.,0.));
#5811=DIRECTION('',(0.,0.,-1.));
#5812=DIRECTION('center_axis',(0.,0.,1.));
#5813=DIRECTION('ref_axis',(0.707106781186554,0.707106781186541,0.));
#5814=DIRECTION('',(0.,0.,-1.));
#5815=DIRECTION('center_axis',(0.,0.,-1.));
#5816=DIRECTION('ref_axis',(1.,0.,0.));
#5817=DIRECTION('',(0.,0.,1.));
#5818=DIRECTION('center_axis',(0.,0.,1.));
#5819=DIRECTION('ref_axis',(1.,0.,0.));
#5820=DIRECTION('',(0.,-1.,0.));
#5821=DIRECTION('center_axis',(0.,1.,0.));
#5822=DIRECTION('ref_axis',(0.707106781186553,0.,0.707106781186542));
#5823=DIRECTION('',(0.,1.,0.));
#5824=DIRECTION('center_axis',(0.,0.,1.));
#5825=DIRECTION('ref_axis',(0.707106781186554,-0.707106781186541,0.));
#5826=DIRECTION('',(0.,0.,-1.));
#5827=DIRECTION('center_axis',(0.,0.,1.));
#5828=DIRECTION('ref_axis',(0.,-1.,0.));
#5829=DIRECTION('',(0.,0.,1.));
#5830=DIRECTION('center_axis',(0.,-1.,0.));
#5831=DIRECTION('ref_axis',(-1.,0.,0.));
#5832=DIRECTION('',(0.,0.,-1.));
#5833=DIRECTION('',(1.,0.,0.));
#5834=DIRECTION('center_axis',(0.,-1.,0.));
#5835=DIRECTION('ref_axis',(-0.707106781186546,0.,-0.707106781186549));
#5836=DIRECTION('center_axis',(0.,0.,1.));
#5837=DIRECTION('ref_axis',(0.707106781186546,-0.707106781186549,0.));
#5838=DIRECTION('',(0.,0.,1.));
#5839=DIRECTION('center_axis',(0.,0.,1.));
#5840=DIRECTION('ref_axis',(0.707106781186553,-0.707106781186542,0.));
#5841=DIRECTION('center_axis',(-1.,0.,0.));
#5842=DIRECTION('ref_axis',(0.,-1.,0.));
#5843=DIRECTION('',(0.,0.,1.));
#5844=DIRECTION('',(0.,1.,0.));
#5845=DIRECTION('center_axis',(0.,0.,1.));
#5846=DIRECTION('ref_axis',(-1.,0.,0.));
#5847=DIRECTION('',(0.,0.,1.));
#5848=DIRECTION('center_axis',(0.,0.,-1.));
#5849=DIRECTION('ref_axis',(-0.707106781186548,0.707106781186548,0.));
#5850=DIRECTION('center_axis',(0.,1.,0.));
#5851=DIRECTION('ref_axis',(-1.,0.,0.));
#5852=DIRECTION('',(0.,0.,1.));
#5853=DIRECTION('',(1.,0.,0.));
#5854=DIRECTION('center_axis',(0.,0.,1.));
#5855=DIRECTION('ref_axis',(0.,1.,0.));
#5856=DIRECTION('',(0.,0.,1.));
#5857=DIRECTION('center_axis',(0.,0.,-1.));
#5858=DIRECTION('ref_axis',(0.707106781186548,0.707106781186548,0.));
#5859=DIRECTION('center_axis',(1.,0.,0.));
#5860=DIRECTION('ref_axis',(0.,1.,0.));
#5861=DIRECTION('',(0.,0.,-1.));
#5862=DIRECTION('',(0.,-1.,0.));
#5863=DIRECTION('center_axis',(0.,0.,-1.));
#5864=DIRECTION('ref_axis',(-0.707106781186546,-0.707106781186549,0.));
#5865=DIRECTION('',(0.,0.,1.));
#5866=DIRECTION('center_axis',(0.,0.,1.));
#5867=DIRECTION('ref_axis',(-0.707106781186548,-0.707106781186548,0.));
#5868=DIRECTION('center_axis',(0.,1.,0.));
#5869=DIRECTION('ref_axis',(1.,0.,0.));
#5870=DIRECTION('',(0.,0.,1.));
#5871=DIRECTION('',(1.,0.,0.));
#5872=DIRECTION('center_axis',(1.,0.,0.));
#5873=DIRECTION('ref_axis',(0.,1.,0.));
#5874=DIRECTION('center_axis',(0.,-1.,0.));
#5875=DIRECTION('ref_axis',(1.,0.,0.));
#5876=DIRECTION('center_axis',(0.,0.,-1.));
#5877=DIRECTION('ref_axis',(-1.,0.,0.));
#5878=DIRECTION('center_axis',(0.,0.,1.));
#5879=DIRECTION('ref_axis',(-1.,0.,0.));
#5880=DIRECTION('center_axis',(0.,0.,1.));
#5881=DIRECTION('ref_axis',(1.,0.,0.));
#5882=DIRECTION('center_axis',(0.,-1.,0.));
#5883=DIRECTION('ref_axis',(-1.,0.,0.));
#5884=DIRECTION('center_axis',(0.,0.,1.));
#5885=DIRECTION('ref_axis',(1.,0.,0.));
#5886=DIRECTION('center_axis',(0.,-1.,0.));
#5887=DIRECTION('ref_axis',(-1.,0.,0.));
#5888=DIRECTION('center_axis',(0.,0.,-1.));
#5889=DIRECTION('ref_axis',(1.,0.,0.));
#5890=DIRECTION('center_axis',(0.887751744615224,0.460322539023049,0.));
#5891=DIRECTION('ref_axis',(0.325497188876204,-0.62773527862762,-0.707106781186543));
#5892=DIRECTION('',(0.887751744615224,0.460322539023049,0.));
#5893=DIRECTION('center_axis',(-0.887751744615221,-0.460322539023054,0.));
#5894=DIRECTION('ref_axis',(0.,0.,-1.));
#5895=DIRECTION('',(-0.887751744615224,-0.460322539023049,0.));
#5896=DIRECTION('center_axis',(0.887751744615225,0.460322539023047,3.15392776647352E-14));
#5897=DIRECTION('ref_axis',(0.460322539023047,-0.887751744615225,0.));
#5898=DIRECTION('center_axis',(1.,0.,0.));
#5899=DIRECTION('ref_axis',(0.,-0.707106781186551,-0.707106781186544));
#5900=DIRECTION('center_axis',(1.,-8.88178419700113E-15,0.));
#5901=DIRECTION('ref_axis',(-8.88178419700113E-15,-1.,0.));
#5902=DIRECTION('',(1.,0.,0.));
#5903=DIRECTION('center_axis',(-1.,0.,0.));
#5904=DIRECTION('ref_axis',(0.,0.,-1.));
#5905=DIRECTION('',(-1.,0.,0.));
#5906=DIRECTION('center_axis',(0.,0.,1.));
#5907=DIRECTION('ref_axis',(1.,0.,0.));
#5908=DIRECTION('center_axis',(-0.887751744615078,0.460322539023329,0.));
#5909=DIRECTION('ref_axis',(0.,0.,-1.));
#5910=DIRECTION('center_axis',(0.,0.,1.));
#5911=DIRECTION('ref_axis',(0.236905313769998,0.97153274381646,0.));
#5912=DIRECTION('center_axis',(0.,0.,-1.));
#5913=DIRECTION('ref_axis',(0.236905313769998,0.97153274381646,0.));
#5914=DIRECTION('center_axis',(0.,0.,-1.));
#5915=DIRECTION('ref_axis',(-1.,0.,0.));
#5916=DIRECTION('center_axis',(0.,0.,1.));
#5917=DIRECTION('ref_axis',(-0.236905313769843,0.971532743816498,0.));
#5918=DIRECTION('center_axis',(0.,0.,-1.));
#5919=DIRECTION('ref_axis',(-0.236905313769843,0.971532743816497,0.));
#5920=DIRECTION('center_axis',(0.887751744615078,-0.460322539023329,0.));
#5921=DIRECTION('ref_axis',(-0.325497188876402,-0.627735278627504,-0.707106781186554));
#5922=DIRECTION('center_axis',(-0.887751744615078,0.46032253902333,0.));
#5923=DIRECTION('ref_axis',(0.,0.,-1.));
#5924=DIRECTION('',(-0.887751744615078,0.460322539023329,0.));
#5925=DIRECTION('center_axis',(-0.887751744615078,0.46032253902333,0.));
#5926=DIRECTION('ref_axis',(0.,0.,-1.));
#5927=DIRECTION('',(-0.887751744615078,0.460322539023329,0.));
#5928=DIRECTION('',(0.887751744615078,-0.460322539023329,0.));
#5929=DIRECTION('center_axis',(0.,0.,-1.));
#5930=DIRECTION('ref_axis',(-1.,0.,0.));
#5931=DIRECTION('center_axis',(0.,0.,1.));
#5932=DIRECTION('ref_axis',(0.665352847485709,0.746529027126647,0.));
#5933=DIRECTION('center_axis',(0.887751744615224,0.460322539023049,0.));
#5934=DIRECTION('ref_axis',(0.325497188876204,-0.62773527862762,-0.707106781186543));
#5935=DIRECTION('',(-0.887751744615224,-0.460322539023049,0.));
#5936=DIRECTION('center_axis',(0.,0.,-1.));
#5937=DIRECTION('ref_axis',(0.,1.,0.));
#5938=DIRECTION('',(0.,0.,-1.));
#5939=DIRECTION('',(0.,0.,1.));
#5940=DIRECTION('center_axis',(-0.460322539023329,-0.887751744615078,0.));
#5941=DIRECTION('ref_axis',(-0.887751744615078,0.460322539023329,0.));
#5942=DIRECTION('',(0.,0.,-1.));
#5943=DIRECTION('center_axis',(0.,0.,-1.));
#5944=DIRECTION('ref_axis',(0.66535284748571,0.746529027126647,0.));
#5945=DIRECTION('',(0.,0.,1.));
#5946=DIRECTION('center_axis',(0.,0.,1.));
#5947=DIRECTION('ref_axis',(-1.,0.,0.));
#5948=DIRECTION('center_axis',(0.,0.,1.));
#5949=DIRECTION('ref_axis',(1.,0.,0.));
#5950=DIRECTION('center_axis',(0.,0.,1.));
#5951=DIRECTION('ref_axis',(0.707106781186548,0.707106781186548,0.));
#5952=DIRECTION('center_axis',(0.,1.,0.));
#5953=DIRECTION('ref_axis',(0.,0.,-1.));
#5954=DIRECTION('center_axis',(0.,1.,0.));
#5955=DIRECTION('ref_axis',(0.,0.,1.));
#5956=DIRECTION('center_axis',(0.,1.,0.));
#5957=DIRECTION('ref_axis',(-1.,0.,0.));
#5958=DIRECTION('center_axis',(1.,0.,0.));
#5959=DIRECTION('ref_axis',(0.,0.,1.));
#5960=DIRECTION('center_axis',(-1.,0.,0.));
#5961=DIRECTION('ref_axis',(0.,-0.707106781186546,0.707106781186549));
#5962=DIRECTION('',(-1.,0.,0.));
#5963=DIRECTION('center_axis',(1.,0.,0.));
#5964=DIRECTION('ref_axis',(0.,0.,1.));
#5965=DIRECTION('center_axis',(0.,-1.,0.));
#5966=DIRECTION('ref_axis',(0.,0.,1.));
#5967=DIRECTION('center_axis',(0.,0.,-1.));
#5968=DIRECTION('ref_axis',(-0.707106781186548,-0.707106781186548,0.));
#5969=DIRECTION('center_axis',(0.,-1.,0.));
#5970=DIRECTION('ref_axis',(-0.70710678118654,0.,0.707106781186555));
#5971=DIRECTION('center_axis',(0.,-1.,0.));
#5972=DIRECTION('ref_axis',(0.,0.,1.));
#5973=DIRECTION('',(0.,1.,0.));
#5974=DIRECTION('center_axis',(0.,0.,-1.));
#5975=DIRECTION('ref_axis',(-1.,0.,0.));
#5976=DIRECTION('center_axis',(1.,-8.88178419700113E-15,0.));
#5977=DIRECTION('ref_axis',(0.,0.,1.));
#5978=DIRECTION('center_axis',(0.,0.,1.));
#5979=DIRECTION('ref_axis',(0.707106781186547,0.707106781186547,0.));
#5980=DIRECTION('center_axis',(1.,0.,0.));
#5981=DIRECTION('ref_axis',(0.,-0.70710678118654,0.707106781186555));
#5982=DIRECTION('center_axis',(1.,0.,0.));
#5983=DIRECTION('ref_axis',(0.,0.,1.));
#5984=DIRECTION('',(-1.,0.,0.));
#5985=DIRECTION('center_axis',(0.,0.,-1.));
#5986=DIRECTION('ref_axis',(-1.,0.,0.));
#5987=DIRECTION('center_axis',(8.88178419700113E-15,1.,0.));
#5988=DIRECTION('ref_axis',(0.,0.,1.));
#5989=DIRECTION('center_axis',(0.,0.,1.));
#5990=DIRECTION('ref_axis',(-0.707106781186547,0.707106781186547,0.));
#5991=DIRECTION('center_axis',(0.,1.,0.));
#5992=DIRECTION('ref_axis',(0.70710678118654,0.,0.707106781186555));
#5993=DIRECTION('center_axis',(4.44089209850064E-15,1.,0.));
#5994=DIRECTION('ref_axis',(0.,0.,1.));
#5995=DIRECTION('',(0.,-1.,0.));
#5996=DIRECTION('center_axis',(1.,0.,0.));
#5997=DIRECTION('ref_axis',(0.,0.,1.));
#5998=DIRECTION('center_axis',(0.,0.,-1.));
#5999=DIRECTION('ref_axis',(0.707106781186553,-0.707106781186542,0.));
#6000=DIRECTION('center_axis',(-1.,0.,0.));
#6001=DIRECTION('ref_axis',(0.,-0.707106781186546,0.707106781186549));
#6002=DIRECTION('',(-1.,0.,0.));
#6003=DIRECTION('center_axis',(0.,-1.,0.));
#6004=DIRECTION('ref_axis',(-0.707106781186553,0.,-0.707106781186543));
#6005=DIRECTION('',(0.,1.,0.));
#6006=DIRECTION('',(0.,-1.,0.));
#6007=DIRECTION('center_axis',(0.,1.,0.));
#6008=DIRECTION('ref_axis',(-1.,0.,0.));
#6009=DIRECTION('center_axis',(0.,0.,-1.));
#6010=DIRECTION('ref_axis',(1.,0.,0.));
#6011=DIRECTION('center_axis',(1.,0.,0.));
#6012=DIRECTION('ref_axis',(0.,1.,0.));
#6013=DIRECTION('center_axis',(0.,0.,-1.));
#6014=DIRECTION('ref_axis',(1.,0.,0.));
#6015=DIRECTION('',(0.,0.,-1.));
#6016=DIRECTION('',(0.,0.,-1.));
#6017=DIRECTION('center_axis',(0.,-1.,0.));
#6018=DIRECTION('ref_axis',(-1.,0.,0.));
#6019=DIRECTION('',(0.,0.,1.));
#6020=DIRECTION('center_axis',(0.,0.,1.));
#6021=DIRECTION('ref_axis',(-0.665352847485774,0.74652902712659,0.));
#6022=DIRECTION('',(0.,0.,1.));
#6023=DIRECTION('center_axis',(0.460322539023049,-0.887751744615224,0.));
#6024=DIRECTION('ref_axis',(-0.887751744615224,-0.460322539023049,0.));
#6025=DIRECTION('',(0.,0.,-1.));
#6026=DIRECTION('center_axis',(0.,0.,1.));
#6027=DIRECTION('ref_axis',(0.,1.,0.));
#6028=DIRECTION('center_axis',(0.,0.,1.));
#6029=DIRECTION('ref_axis',(-1.,0.,0.));
#6030=DIRECTION('center_axis',(0.,0.,1.));
#6031=DIRECTION('ref_axis',(-1.,0.,0.));
#6032=DIRECTION('center_axis',(-1.,0.,0.));
#6033=DIRECTION('ref_axis',(0.,1.,0.));
#6034=DIRECTION('center_axis',(0.,-1.,0.));
#6035=DIRECTION('ref_axis',(-1.,0.,0.));
#6036=DIRECTION('center_axis',(0.,0.,-1.));
#6037=DIRECTION('ref_axis',(1.,0.,0.));
#6038=DIRECTION('',(0.,0.,-1.));
#6039=DIRECTION('center_axis',(0.,1.,0.));
#6040=DIRECTION('ref_axis',(1.,0.,0.));
#6041=DIRECTION('center_axis',(-1.,0.,0.));
#6042=DIRECTION('ref_axis',(0.,1.,0.));
#6043=DIRECTION('axis',(0.,0.,1.));
#6044=DIRECTION('refdir',(1.,0.,0.));
#6045=DIRECTION('center_axis',(0.,0.,-1.));
#6046=DIRECTION('ref_axis',(1.,0.,0.));
#6047=DIRECTION('center_axis',(0.,0.,1.));
#6048=DIRECTION('ref_axis',(1.,0.,0.));
#6049=DIRECTION('',(0.,0.,1.));
#6050=DIRECTION('center_axis',(0.,0.,1.));
#6051=DIRECTION('ref_axis',(1.,0.,0.));
#6052=DIRECTION('center_axis',(0.,0.,1.));
#6053=DIRECTION('ref_axis',(1.,0.,0.));
#6054=DIRECTION('center_axis',(0.,0.,1.));
#6055=DIRECTION('ref_axis',(1.,0.,0.));
#6056=DIRECTION('center_axis',(0.999688560086285,1.19181450401306E-16,0.0249556172556388));
#6057=DIRECTION('ref_axis',(-1.1921857982552E-16,1.,0.));
#6058=DIRECTION('',(1.1921857982552E-16,-1.,0.));
#6059=DIRECTION('',(-0.0249556172556388,0.,0.999688560086285));
#6060=DIRECTION('',(-1.1921857982552E-16,1.,0.));
#6061=DIRECTION('',(-0.0249556172556382,0.,0.999688560086285));
#6062=DIRECTION('center_axis',(0.,0.,-1.));
#6063=DIRECTION('ref_axis',(1.23358113847239E-15,-1.,0.));
#6064=DIRECTION('center_axis',(0.,0.,-1.));
#6065=DIRECTION('ref_axis',(1.23358113847239E-15,-1.,0.));
#6066=DIRECTION('center_axis',(0.,0.,1.));
#6067=DIRECTION('ref_axis',(1.23358113847239E-15,-1.,0.));
#6068=DIRECTION('',(0.,0.0249556172556388,0.999688560086285));
#6069=DIRECTION('center_axis',(1.19181450401306E-16,-0.999688560086285,
0.0249556172556388));
#6070=DIRECTION('ref_axis',(1.,1.1921857982552E-16,0.));
#6071=DIRECTION('',(-1.,-1.1921857982552E-16,0.));
#6072=DIRECTION('',(1.,1.1921857982552E-16,0.));
#6073=DIRECTION('',(0.,0.0249556172556394,0.999688560086285));
#6074=DIRECTION('center_axis',(0.,0.,-1.));
#6075=DIRECTION('ref_axis',(-1.,-1.23358113847239E-15,0.));
#6076=DIRECTION('center_axis',(0.,0.,-1.));
#6077=DIRECTION('ref_axis',(-1.,-1.23358113847239E-15,0.));
#6078=DIRECTION('center_axis',(0.,0.,1.));
#6079=DIRECTION('ref_axis',(-1.,-1.23358113847239E-15,0.));
#6080=DIRECTION('',(0.0249556172556388,0.,0.999688560086285));
#6081=DIRECTION('center_axis',(-0.999688560086285,0.,0.0249556172556388));
#6082=DIRECTION('ref_axis',(0.,-1.,0.));
#6083=DIRECTION('',(0.,1.,0.));
#6084=DIRECTION('',(0.,-1.,0.));
#6085=DIRECTION('',(0.0249556172556388,0.,0.999688560086285));
#6086=DIRECTION('center_axis',(0.,0.,-1.));
#6087=DIRECTION('ref_axis',(0.,1.,0.));
#6088=DIRECTION('center_axis',(0.,0.,-1.));
#6089=DIRECTION('ref_axis',(0.,1.,0.));
#6090=DIRECTION('center_axis',(0.,0.,1.));
#6091=DIRECTION('ref_axis',(0.,1.,0.));
#6092=DIRECTION('',(0.,-0.0249556172556388,0.999688560086285));
#6093=DIRECTION('center_axis',(-1.19181450401306E-16,0.999688560086285,
0.0249556172556388));
#6094=DIRECTION('ref_axis',(-1.,-1.1921857982552E-16,0.));
#6095=DIRECTION('',(1.,1.1921857982552E-16,0.));
#6096=DIRECTION('',(-1.,-1.1921857982552E-16,0.));
#6097=DIRECTION('',(0.,-0.0249556172556388,0.999688560086285));
#6098=DIRECTION('center_axis',(0.,0.,-1.));
#6099=DIRECTION('ref_axis',(1.,0.,0.));
#6100=DIRECTION('center_axis',(0.,0.,-1.));
#6101=DIRECTION('ref_axis',(1.,0.,0.));
#6102=DIRECTION('center_axis',(0.,0.,1.));
#6103=DIRECTION('ref_axis',(1.,0.,0.));
#6104=DIRECTION('center_axis',(-1.19181450401306E-16,0.999688560086285,
-0.0249556172556388));
#6105=DIRECTION('ref_axis',(-1.,-1.1921857982552E-16,0.));
#6106=DIRECTION('',(1.,1.1921857982552E-16,0.));
#6107=DIRECTION('',(0.,0.0249556172556388,0.999688560086285));
#6108=DIRECTION('',(1.,1.1921857982552E-16,0.));
#6109=DIRECTION('',(0.,0.0249556172556388,0.999688560086285));
#6110=DIRECTION('center_axis',(0.,0.,1.));
#6111=DIRECTION('ref_axis',(1.,0.,0.));
#6112=DIRECTION('center_axis',(0.,0.,-1.));
#6113=DIRECTION('ref_axis',(1.,0.,0.));
#6114=DIRECTION('',(0.0249556172556388,0.,0.999688560086285));
#6115=DIRECTION('center_axis',(0.,0.,1.));
#6116=DIRECTION('ref_axis',(1.,0.,0.));
#6117=DIRECTION('center_axis',(0.999688560086285,1.19181450401306E-16,-0.0249556172556388));
#6118=DIRECTION('ref_axis',(-1.1921857982552E-16,1.,0.));
#6119=DIRECTION('',(1.1921857982552E-16,-1.,0.));
#6120=DIRECTION('',(0.0249556172556382,0.,0.999688560086285));
#6121=DIRECTION('',(1.1921857982552E-16,-1.,0.));
#6122=DIRECTION('center_axis',(0.,0.,1.));
#6123=DIRECTION('ref_axis',(1.11022302462515E-15,-1.,0.));
#6124=DIRECTION('center_axis',(0.,0.,-1.));
#6125=DIRECTION('ref_axis',(1.11022302462515E-15,-1.,0.));
#6126=DIRECTION('',(0.,-0.0249556172556388,0.999688560086285));
#6127=DIRECTION('center_axis',(0.,0.,1.));
#6128=DIRECTION('ref_axis',(1.11022302462515E-15,-1.,0.));
#6129=DIRECTION('center_axis',(1.19181450401306E-16,-0.999688560086285,
-0.0249556172556388));
#6130=DIRECTION('ref_axis',(1.,1.1921857982552E-16,0.));
#6131=DIRECTION('',(-1.,-1.1921857982552E-16,0.));
#6132=DIRECTION('',(0.,-0.0249556172556394,0.999688560086285));
#6133=DIRECTION('',(-1.,-1.1921857982552E-16,0.));
#6134=DIRECTION('center_axis',(0.,0.,1.));
#6135=DIRECTION('ref_axis',(-1.,-1.11022302462516E-15,0.));
#6136=DIRECTION('center_axis',(0.,0.,-1.));
#6137=DIRECTION('ref_axis',(-1.,-1.11022302462516E-15,0.));
#6138=DIRECTION('',(-0.0249556172556388,0.,0.999688560086285));
#6139=DIRECTION('center_axis',(0.,0.,1.));
#6140=DIRECTION('ref_axis',(-1.,-1.11022302462516E-15,0.));
#6141=DIRECTION('center_axis',(-0.999688560086285,0.,-0.0249556172556388));
#6142=DIRECTION('ref_axis',(0.,-1.,0.));
#6143=DIRECTION('',(0.,1.,0.));
#6144=DIRECTION('',(-0.0249556172556388,0.,0.999688560086285));
#6145=DIRECTION('',(0.,1.,0.));
#6146=DIRECTION('center_axis',(0.,0.,1.));
#6147=DIRECTION('ref_axis',(0.,1.,0.));
#6148=DIRECTION('center_axis',(0.,0.,-1.));
#6149=DIRECTION('ref_axis',(0.,1.,0.));
#6150=DIRECTION('center_axis',(0.,0.,1.));
#6151=DIRECTION('ref_axis',(0.,1.,0.));
#6152=DIRECTION('center_axis',(0.,0.,1.));
#6153=DIRECTION('ref_axis',(1.,0.,0.));
#6154=DIRECTION('center_axis',(-1.,0.,0.));
#6155=DIRECTION('ref_axis',(0.,1.,0.));
#6156=DIRECTION('',(0.,0.,-1.));
#6157=DIRECTION('',(0.,1.,0.));
#6158=DIRECTION('',(0.,0.,-1.));
#6159=DIRECTION('center_axis',(0.,0.,-1.));
#6160=DIRECTION('ref_axis',(-1.,-1.11022302462516E-15,0.));
#6161=DIRECTION('center_axis',(0.,0.,-1.));
#6162=DIRECTION('ref_axis',(-1.,-1.11022302462516E-15,0.));
#6163=DIRECTION('',(0.,0.,-1.));
#6164=DIRECTION('center_axis',(1.1921857982552E-16,-1.,0.));
#6165=DIRECTION('ref_axis',(-1.,-1.1921857982552E-16,0.));
#6166=DIRECTION('',(-1.,-1.1921857982552E-16,0.));
#6167=DIRECTION('',(0.,0.,-1.));
#6168=DIRECTION('center_axis',(0.,0.,-1.));
#6169=DIRECTION('ref_axis',(1.11022302462515E-15,-1.,0.));
#6170=DIRECTION('center_axis',(0.,0.,-1.));
#6171=DIRECTION('ref_axis',(1.11022302462515E-15,-1.,0.));
#6172=DIRECTION('',(0.,0.,-1.));
#6173=DIRECTION('center_axis',(1.,1.1921857982552E-16,0.));
#6174=DIRECTION('ref_axis',(1.1921857982552E-16,-1.,0.));
#6175=DIRECTION('',(1.1921857982552E-16,-1.,0.));
#6176=DIRECTION('',(0.,0.,-1.));
#6177=DIRECTION('center_axis',(0.,0.,-1.));
#6178=DIRECTION('ref_axis',(1.,0.,0.));
#6179=DIRECTION('center_axis',(0.,0.,-1.));
#6180=DIRECTION('ref_axis',(1.,0.,0.));
#6181=DIRECTION('',(0.,0.,-1.));
#6182=DIRECTION('center_axis',(-1.1921857982552E-16,1.,0.));
#6183=DIRECTION('ref_axis',(1.,1.1921857982552E-16,0.));
#6184=DIRECTION('',(1.,1.1921857982552E-16,0.));
#6185=DIRECTION('',(0.,0.,-1.));
#6186=DIRECTION('center_axis',(0.,0.,-1.));
#6187=DIRECTION('ref_axis',(0.,1.,0.));
#6188=DIRECTION('center_axis',(0.,0.,-1.));
#6189=DIRECTION('ref_axis',(0.,1.,0.));
#6190=DIRECTION('center_axis',(0.,0.,1.));
#6191=DIRECTION('ref_axis',(1.,0.,0.));
#6192=DIRECTION('center_axis',(0.,0.,1.));
#6193=DIRECTION('ref_axis',(1.,0.,0.));
#6194=DIRECTION('',(0.,0.,1.));
#6195=DIRECTION('',(1.,0.,0.));
#6196=DIRECTION('',(0.,0.,1.));
#6197=DIRECTION('',(1.,0.,0.));
#6198=DIRECTION('',(0.,0.,1.));
#6199=DIRECTION('',(1.,0.,0.));
#6200=DIRECTION('',(0.,0.,1.));
#6201=DIRECTION('',(1.,0.,0.));
#6202=CARTESIAN_POINT('',(0.,0.,0.));
#6203=CARTESIAN_POINT('',(0.,0.,0.));
#6204=CARTESIAN_POINT('Origin',(-36.7500135385824,-46.9500000000372,15.));
#6205=CARTESIAN_POINT('',(36.7500044462352,-46.9500000000374,15.));
#6206=CARTESIAN_POINT('',(-36.7500135385824,-46.9500000000372,15.));
#6207=CARTESIAN_POINT('',(-18.3750067692922,-46.9500000000372,15.));
#6208=CARTESIAN_POINT('',(36.7500044462352,-46.9500000000374,5.));
#6209=CARTESIAN_POINT('',(36.7500044462352,-46.9500000000374,15.));
#6210=CARTESIAN_POINT('',(-36.7500135385824,-46.9500000000372,5.));
#6211=CARTESIAN_POINT('',(36.7500044462352,-46.9500000000374,5.));
#6212=CARTESIAN_POINT('',(-36.7500135385824,-46.9500000000372,15.));
#6213=CARTESIAN_POINT('Origin',(-36.7499999999996,-36.7500000000009,15.));
#6214=CARTESIAN_POINT('',(-46.9499999999829,-36.7500185361425,15.));
#6215=CARTESIAN_POINT('Origin',(-36.7499999999996,-36.7500000000009,15.));
#6216=CARTESIAN_POINT('',(-46.9499999999829,-36.7500185361425,5.));
#6217=CARTESIAN_POINT('Origin',(-36.7499999999996,-36.7500000000009,5.));
#6218=CARTESIAN_POINT('',(-46.9499999999829,-36.7500185361425,15.));
#6219=CARTESIAN_POINT('Origin',(-46.9499999999352,36.7499694740177,15.));
#6220=CARTESIAN_POINT('',(-46.9499999999352,36.7499694740177,15.));
#6221=CARTESIAN_POINT('',(-46.9499999999471,18.3749847370249,15.));
#6222=CARTESIAN_POINT('',(-46.9499999999352,36.7499694740177,5.));
#6223=CARTESIAN_POINT('',(-46.9499999999829,-36.7500185361425,5.));
#6224=CARTESIAN_POINT('',(-46.9499999999352,36.7499694740177,15.));
#6225=CARTESIAN_POINT('Origin',(-36.7499999999991,36.7499999999987,15.));
#6226=CARTESIAN_POINT('',(-36.7499979191719,46.9499999999997,15.));
#6227=CARTESIAN_POINT('Origin',(-36.7499999999991,36.7499999999987,15.));
#6228=CARTESIAN_POINT('',(-36.7499979191719,46.9499999999997,5.));
#6229=CARTESIAN_POINT('Origin',(-36.7499999999991,36.7499999999987,5.));
#6230=CARTESIAN_POINT('',(-36.7499979191719,46.9499999999997,15.));
#6231=CARTESIAN_POINT('Origin',(36.7500495700121,46.9499999999995,15.));
#6232=CARTESIAN_POINT('',(36.7500495700121,46.9499999999995,15.));
#6233=CARTESIAN_POINT('',(18.3750247850052,46.9499999999996,15.));
#6234=CARTESIAN_POINT('',(36.7500495700121,46.9499999999995,5.));
#6235=CARTESIAN_POINT('',(-36.7499979191719,46.9499999999997,5.));
#6236=CARTESIAN_POINT('',(36.7500495700121,46.9499999999995,15.));
#6237=CARTESIAN_POINT('Origin',(36.7499999999954,36.7499999999982,15.));
#6238=CARTESIAN_POINT('',(46.9499999999624,36.7500428614425,15.));
#6239=CARTESIAN_POINT('Origin',(36.7499999999954,36.7499999999982,15.));
#6240=CARTESIAN_POINT('',(46.9499999999624,36.7500428614425,5.));
#6241=CARTESIAN_POINT('Origin',(36.7499999999954,36.7499999999982,5.));
#6242=CARTESIAN_POINT('',(46.9499999999624,36.7500428614425,15.));
#6243=CARTESIAN_POINT('Origin',(46.9500000000001,-36.7500065220489,15.));
#6244=CARTESIAN_POINT('',(46.9500000000001,-36.7500065220489,15.));
#6245=CARTESIAN_POINT('',(46.9499999999907,-18.3750032610117,15.));
#6246=CARTESIAN_POINT('',(46.9500000000001,-36.7500065220489,5.));
#6247=CARTESIAN_POINT('',(46.9499999999624,36.7500428614425,5.));
#6248=CARTESIAN_POINT('',(46.9500000000001,-36.7500065220489,15.));
#6249=CARTESIAN_POINT('Origin',(36.7499999999976,-36.7500000000015,15.));
#6250=CARTESIAN_POINT('Origin',(36.7499999999976,-36.7500000000015,15.));
#6251=CARTESIAN_POINT('Origin',(36.7499999999976,-36.7500000000015,5.));
#6252=CARTESIAN_POINT('Origin',(-1.80300219199125E-12,1.52766688188422E-12,
5.));
#6253=CARTESIAN_POINT('',(-36.75,-47.7500000000004,5.));
#6254=CARTESIAN_POINT('',(-47.7500000000037,-36.7500000000006,5.));
#6255=CARTESIAN_POINT('Origin',(-36.7500000000039,-36.7500000000006,5.));
#6256=CARTESIAN_POINT('',(-47.7500000000001,36.7499999999992,5.));
#6257=CARTESIAN_POINT('',(-47.7500000000037,-36.7500000000006,5.));
#6258=CARTESIAN_POINT('',(-36.7499999999993,47.7499999999997,5.));
#6259=CARTESIAN_POINT('Origin',(-36.7499999999993,36.7499999999989,5.));
#6260=CARTESIAN_POINT('',(36.7499999999952,47.7500000000035,5.));
#6261=CARTESIAN_POINT('',(-36.7499999999993,47.7499999999997,5.));
#6262=CARTESIAN_POINT('',(47.75,36.749999999999,5.));
#6263=CARTESIAN_POINT('Origin',(36.7499999999952,36.7499999999986,5.));
#6264=CARTESIAN_POINT('',(47.7499999999961,-36.7500000000015,5.));
#6265=CARTESIAN_POINT('',(47.75,36.749999999999,5.));
#6266=CARTESIAN_POINT('',(36.7500000000009,-47.7500000000001,5.));
#6267=CARTESIAN_POINT('Origin',(36.7499999999975,-36.7500000000014,5.));
#6268=CARTESIAN_POINT('',(36.7500000000009,-47.7500000000001,5.));
#6269=CARTESIAN_POINT('Origin',(-47.7500000000037,36.7499999999992,15.));
#6270=CARTESIAN_POINT('',(-47.7500000000037,-36.7500000000006,16.));
#6271=CARTESIAN_POINT('',(-47.7500000000037,-36.7500000000006,15.));
#6272=CARTESIAN_POINT('',(-47.7500000000001,36.7499999999992,16.));
#6273=CARTESIAN_POINT('',(-47.7500000000037,-36.7500000000006,16.));
#6274=CARTESIAN_POINT('',(-47.7500000000001,36.7499999999992,15.));
#6275=CARTESIAN_POINT('Origin',(-36.7499999999993,36.7499999999989,15.));
#6276=CARTESIAN_POINT('',(-36.7499999999993,47.7499999999997,16.));
#6277=CARTESIAN_POINT('Origin',(-36.7499999999993,36.7499999999989,16.));
#6278=CARTESIAN_POINT('',(-36.7499999999993,47.7499999999997,15.));
#6279=CARTESIAN_POINT('Origin',(36.7499999999952,47.7499999999997,15.));
#6280=CARTESIAN_POINT('',(36.7499999999952,47.7500000000035,16.));
#6281=CARTESIAN_POINT('',(-36.7499999999993,47.7499999999997,16.));
#6282=CARTESIAN_POINT('',(36.7499999999952,47.7500000000035,15.));
#6283=CARTESIAN_POINT('Origin',(36.7499999999952,36.7499999999986,15.));
#6284=CARTESIAN_POINT('',(47.75,36.749999999999,16.));
#6285=CARTESIAN_POINT('Origin',(36.7499999999952,36.7499999999986,16.));
#6286=CARTESIAN_POINT('',(47.75,36.749999999999,15.));
#6287=CARTESIAN_POINT('Origin',(47.7499999999963,-36.7500000000015,15.));
#6288=CARTESIAN_POINT('',(47.7499999999961,-36.7500000000015,16.));
#6289=CARTESIAN_POINT('',(47.75,36.749999999999,16.));
#6290=CARTESIAN_POINT('',(47.7499999999961,-36.7500000000015,15.));
#6291=CARTESIAN_POINT('Origin',(36.7499999999975,-36.7500000000014,15.));
#6292=CARTESIAN_POINT('',(36.7500000000009,-47.7500000000001,16.));
#6293=CARTESIAN_POINT('Origin',(36.7499999999975,-36.7500000000014,16.));
#6294=CARTESIAN_POINT('',(36.7500000000009,-47.7500000000001,15.));
#6295=CARTESIAN_POINT('Origin',(-36.75,-47.7500000000001,15.));
#6296=CARTESIAN_POINT('',(-36.75,-47.7500000000004,16.));
#6297=CARTESIAN_POINT('',(36.7500000000009,-47.7500000000001,16.));
#6298=CARTESIAN_POINT('',(-36.75,-47.7500000000004,15.));
#6299=CARTESIAN_POINT('Origin',(-36.7500000000039,-36.7500000000006,15.));
#6300=CARTESIAN_POINT('Origin',(-36.7500000000039,-36.7500000000006,16.));
#6301=CARTESIAN_POINT('Origin',(-1.80300219199125E-12,1.52766688188422E-12,
16.));
#6302=CARTESIAN_POINT('Origin',(-1.80300219199125E-12,1.52766688188422E-12,
15.));
#6303=CARTESIAN_POINT('',(0.,0.,0.));
#6304=CARTESIAN_POINT('Origin',(43.75,52.052395838445,15.875));
#6305=CARTESIAN_POINT('',(40.9489206080024,48.8229099289346,16.));
#6306=CARTESIAN_POINT('',(42.724527011532,47.9022114871273,16.));
#6307=CARTESIAN_POINT('Ctrl Pts',(40.9489206080024,48.8229099289346,16.));
#6308=CARTESIAN_POINT('Ctrl Pts',(41.1928446437907,48.6113435654315,16.));
#6309=CARTESIAN_POINT('Ctrl Pts',(41.5080080810648,48.4124468004394,15.9884105213935));
#6310=CARTESIAN_POINT('Ctrl Pts',(42.066904006722,48.1226446196959,15.9884105213935));
#6311=CARTESIAN_POINT('Ctrl Pts',(42.4110623473085,47.9796657683807,16.));
#6312=CARTESIAN_POINT('Ctrl Pts',(42.724527011532,47.9022114871273,16.));
#6313=CARTESIAN_POINT('',(48.025,52.052395838445,16.));
#6314=CARTESIAN_POINT('Origin',(43.75,52.052395838445,16.));
#6315=CARTESIAN_POINT('',(47.775,52.052395838445,15.75));
#6316=CARTESIAN_POINT('',(47.9,52.052395838445,15.875));
#6317=CARTESIAN_POINT('Origin',(43.75,52.052395838445,15.75));
#6318=CARTESIAN_POINT('Origin',(43.75,52.052395838445,16.));
#6319=CARTESIAN_POINT('Origin',(17.8522123795059,60.7991582881338,15.5));
#6320=CARTESIAN_POINT('',(39.6038074574208,49.520386339998,16.));
#6321=CARTESIAN_POINT('',(17.8522123795059,60.7991582881338,16.));
#6322=CARTESIAN_POINT('',(39.3736461879091,49.0765104676905,15.5));
#6323=CARTESIAN_POINT('Origin',(39.6038074574208,49.520386339998,15.5));
#6324=CARTESIAN_POINT('',(44.9013694960272,46.2102411039342,15.5));
#6325=CARTESIAN_POINT('',(17.6220511099942,60.3552824158263,15.5));
#6326=CARTESIAN_POINT('',(45.1315307655389,46.6541169762418,16.));
#6327=CARTESIAN_POINT('Origin',(45.1315307655389,46.6541169762418,15.5));
#6328=CARTESIAN_POINT('',(17.8522123795059,60.7991582881338,16.));
#6329=CARTESIAN_POINT('Origin',(43.75,52.052395838445,16.));
#6330=CARTESIAN_POINT('',(47.775,52.052395838445,12.9));
#6331=CARTESIAN_POINT('',(47.775,52.052395838445,16.));
#6332=CARTESIAN_POINT('Origin',(43.75,52.052395838445,12.9));
#6333=CARTESIAN_POINT('Origin',(-43.75,52.0523958384471,15.875));
#6334=CARTESIAN_POINT('',(-42.7245270115249,47.9022114871311,16.));
#6335=CARTESIAN_POINT('',(-40.9489206080099,48.8229099289302,16.));
#6336=CARTESIAN_POINT('Ctrl Pts',(-42.7245270115249,47.9022114871311,16.));
#6337=CARTESIAN_POINT('Ctrl Pts',(-42.4110623473038,47.9796657683845,16.));
#6338=CARTESIAN_POINT('Ctrl Pts',(-42.0669040067206,48.1226446196984,15.9884105213938));
#6339=CARTESIAN_POINT('Ctrl Pts',(-41.5080080810682,48.4124468004392,15.9884105213938));
#6340=CARTESIAN_POINT('Ctrl Pts',(-41.192844643797,48.6113435654291,16.));
#6341=CARTESIAN_POINT('Ctrl Pts',(-40.9489206080099,48.8229099289302,16.));
#6342=CARTESIAN_POINT('',(-39.475,52.0523958384471,16.));
#6343=CARTESIAN_POINT('Origin',(-43.75,52.0523958384471,16.));
#6344=CARTESIAN_POINT('',(-39.725,52.0523958384471,15.75));
#6345=CARTESIAN_POINT('',(-39.6,52.0523958384471,15.875));
#6346=CARTESIAN_POINT('Origin',(-43.75,52.0523958384471,15.75));
#6347=CARTESIAN_POINT('Origin',(-43.75,52.0523958384471,16.));
#6348=CARTESIAN_POINT('Origin',(-52.7367012238884,42.7106368351727,15.5));
#6349=CARTESIAN_POINT('',(-45.1315307655443,46.6541169762401,16.));
#6350=CARTESIAN_POINT('',(-52.7367012238884,42.7106368351727,16.));
#6351=CARTESIAN_POINT('',(-44.9013694960328,46.2102411039325,15.5));
#6352=CARTESIAN_POINT('Origin',(-45.1315307655443,46.6541169762401,15.5));
#6353=CARTESIAN_POINT('',(-39.3736461879053,49.0765104676913,15.5));
#6354=CARTESIAN_POINT('',(-52.5065399543769,42.2667609628651,15.5));
#6355=CARTESIAN_POINT('',(-39.6038074574168,49.520386339999,16.));
#6356=CARTESIAN_POINT('Origin',(-39.6038074574168,49.520386339999,15.5));
#6357=CARTESIAN_POINT('',(-52.7367012238884,42.7106368351727,16.));
#6358=CARTESIAN_POINT('Origin',(-43.75,52.0523958384471,16.));
#6359=CARTESIAN_POINT('',(-39.725,52.0523958384471,12.9));
#6360=CARTESIAN_POINT('',(-39.725,52.0523958384471,16.));
#6361=CARTESIAN_POINT('Origin',(-43.75,52.0523958384471,12.9));
#6362=CARTESIAN_POINT('Ctrl Pts',(-45.1189717170051,46.5406870336715,10.9278625330798));
#6363=CARTESIAN_POINT('Ctrl Pts',(-45.1327054896022,46.5245237246602,10.9389791803521));
#6364=CARTESIAN_POINT('Ctrl Pts',(-45.1475540491478,46.5091332548045,10.9491283551189));
#6365=CARTESIAN_POINT('Ctrl Pts',(-45.1634615384615,46.4946560206906,10.9576431670909));
#6366=CARTESIAN_POINT('Ctrl Pts',(-45.0911823334081,46.5733924240613,11.0916314076052));
#6367=CARTESIAN_POINT('Ctrl Pts',(-45.1057768011958,46.5531632466379,11.0987652376699));
#6368=CARTESIAN_POINT('Ctrl Pts',(-45.1226206784032,46.533725247649,11.1056668505715));
#6369=CARTESIAN_POINT('Ctrl Pts',(-45.1409569731201,46.5151371824035,11.1113756764812));
#6370=CARTESIAN_POINT('Ctrl Pts',(-44.9932652611459,46.5455598610733,11.2526339951209));
#6371=CARTESIAN_POINT('Ctrl Pts',(-45.0155347988377,46.5220251063552,11.2562071203388));
#6372=CARTESIAN_POINT('Ctrl Pts',(-45.0399259116458,46.4992272789674,11.2600467241482));
#6373=CARTESIAN_POINT('Ctrl Pts',(-45.0658027757425,46.4772026132256,11.2631880605459));
#6374=CARTESIAN_POINT('Ctrl Pts',(-44.8689717170051,46.4696254650784,11.3389312665399));
#6375=CARTESIAN_POINT('Ctrl Pts',(-44.9001342899556,46.4444248664425,11.344489590176));
#6376=CARTESIAN_POINT('Ctrl Pts',(-44.9329743945991,46.4197053090681,11.3495641775595));
#6377=CARTESIAN_POINT('Ctrl Pts',(-44.9673347791697,46.3956597652905,11.3538215835455));
#6378=CARTESIAN_POINT('',(-44.9673347791697,46.3956597652905,11.3538215835455));
#6379=CARTESIAN_POINT('',(-45.1634615384616,46.4946560206905,10.9576431670909));
#6380=CARTESIAN_POINT('Origin',(-44.826923076923,46.1248697798632,10.9576431670909));
#6381=CARTESIAN_POINT('',(-45.1189717170051,46.5406870336715,10.9278625330798));
#6382=CARTESIAN_POINT('Ctrl Pts',(-45.1634615384615,46.4946560206906,10.9576431670909));
#6383=CARTESIAN_POINT('Ctrl Pts',(-45.1475540491478,46.5091332548045,10.9491283551189));
#6384=CARTESIAN_POINT('Ctrl Pts',(-45.1327054896022,46.5245237246602,10.9389791803521));
#6385=CARTESIAN_POINT('Ctrl Pts',(-45.1189717170051,46.5406870336715,10.9278625330798));
#6386=CARTESIAN_POINT('',(-44.8689717170051,46.4696254650783,11.3389312665399));
#6387=CARTESIAN_POINT('Origin',(-44.7379434340103,46.2169318058249,10.9278625330798));
#6388=CARTESIAN_POINT('Ctrl Pts',(-44.8689717170051,46.4696254650784,11.3389312665399));
#6389=CARTESIAN_POINT('Ctrl Pts',(-44.9001342899556,46.4444248664425,11.344489590176));
#6390=CARTESIAN_POINT('Ctrl Pts',(-44.9329743945991,46.4197053090681,11.3495641775595));
#6391=CARTESIAN_POINT('Ctrl Pts',(-44.9673347791697,46.3956597652905,11.3538215835455));
#6392=CARTESIAN_POINT('Origin',(-25.5,49.25,-0.5));
#6393=CARTESIAN_POINT('',(-25.5,49.75,-0.5));
#6394=CARTESIAN_POINT('',(-25.,49.25,-0.5));
#6395=CARTESIAN_POINT('Origin',(-25.5,49.25,-0.5));
#6396=CARTESIAN_POINT('',(-25.5,49.25,-1.));
#6397=CARTESIAN_POINT('Origin',(-25.5,49.25,-0.5));
#6398=CARTESIAN_POINT('Origin',(-25.5,49.25,-0.500000000000001));
#6399=CARTESIAN_POINT('Origin',(18.3749999999991,49.25,-0.5));
#6400=CARTESIAN_POINT('',(-36.7500000000037,49.75,-0.5));
#6401=CARTESIAN_POINT('',(-36.7500000000037,49.25,-1.));
#6402=CARTESIAN_POINT('Origin',(-36.7500000000037,49.25,-0.5));
#6403=CARTESIAN_POINT('',(18.3749999999991,49.25,-1.));
#6404=CARTESIAN_POINT('',(18.3749999999991,49.75,-0.5));
#6405=CARTESIAN_POINT('Origin',(-36.7500000000037,37.25,-0.5));
#6406=CARTESIAN_POINT('',(-49.2500000000037,37.25,-0.5));
#6407=CARTESIAN_POINT('',(-48.7500000000037,37.25,-1.));
#6408=CARTESIAN_POINT('Origin',(-48.7500000000037,37.25,-0.5));
#6409=CARTESIAN_POINT('Origin',(-36.7500000000037,37.25,-1.));
#6410=CARTESIAN_POINT('Origin',(-36.7500000000037,37.25,-0.5));
#6411=CARTESIAN_POINT('Origin',(-48.7500000000037,30.75,-0.5));
#6412=CARTESIAN_POINT('',(-49.2500000000037,31.75,-0.5));
#6413=CARTESIAN_POINT('',(-48.7500000000037,31.75,-1.));
#6414=CARTESIAN_POINT('Origin',(-48.7500000000037,31.75,-0.5));
#6415=CARTESIAN_POINT('',(-48.7500000000037,30.75,-1.));
#6416=CARTESIAN_POINT('',(-49.2500000000037,30.75,-0.5));
#6417=CARTESIAN_POINT('Origin',(-48.7500000000037,31.75,-0.500000000000001));
#6418=CARTESIAN_POINT('',(-48.7500000000037,31.25,-0.500000000000001));
#6419=CARTESIAN_POINT('Origin',(-48.7500000000037,31.75,-0.5));
#6420=CARTESIAN_POINT('Origin',(-48.7500000000037,31.75,-0.500000000000001));
#6421=CARTESIAN_POINT('Origin',(-24.5,47.05,-0.500000000000001));
#6422=CARTESIAN_POINT('',(-25.,47.05,-0.500000000000001));
#6423=CARTESIAN_POINT('',(-24.5,46.55,-0.500000000000001));
#6424=CARTESIAN_POINT('Origin',(-24.5,47.05,-0.500000000000001));
#6425=CARTESIAN_POINT('',(-25.5,47.05,-1.));
#6426=CARTESIAN_POINT('Origin',(-25.5,47.05,-0.500000000000001));
#6427=CARTESIAN_POINT('',(-24.5,46.05,-1.));
#6428=CARTESIAN_POINT('Origin',(-24.5,47.05,-1.));
#6429=CARTESIAN_POINT('Origin',(-24.5,46.05,-0.500000000000001));
#6430=CARTESIAN_POINT('Origin',(-25.5,37.,-0.500000000000001));
#6431=CARTESIAN_POINT('',(-25.5,37.,-1.));
#6432=CARTESIAN_POINT('',(-25.,37.,-0.500000000000001));
#6433=CARTESIAN_POINT('Origin',(24.5,47.05,-0.500000000000001));
#6434=CARTESIAN_POINT('',(24.5,46.05,-1.));
#6435=CARTESIAN_POINT('',(25.5,47.05,-1.));
#6436=CARTESIAN_POINT('Origin',(24.5,47.05,-1.));
#6437=CARTESIAN_POINT('',(25.,47.05,-0.500000000000001));
#6438=CARTESIAN_POINT('Origin',(25.5,47.05,-0.500000000000001));
#6439=CARTESIAN_POINT('',(24.5,46.55,-0.500000000000001));
#6440=CARTESIAN_POINT('Origin',(24.5,47.05,-0.500000000000001));
#6441=CARTESIAN_POINT('Origin',(24.5,46.05,-0.500000000000001));
#6442=CARTESIAN_POINT('Ctrl Pts',(-44.5,58.2935528797004,11.25));
#6443=CARTESIAN_POINT('Ctrl Pts',(-44.6102427379494,58.2282782171653,11.25));
#6444=CARTESIAN_POINT('Ctrl Pts',(-44.8672413491321,58.0662208835326,11.1640279185082));
#6445=CARTESIAN_POINT('Ctrl Pts',(-45.,57.9727672358308,10.9032965559537));
#6446=CARTESIAN_POINT('Ctrl Pts',(-45.,57.9727672358308,10.75));
#6447=CARTESIAN_POINT('Ctrl Pts',(-44.5212334987339,58.3652756261923,11.25));
#6448=CARTESIAN_POINT('Ctrl Pts',(-44.6330155295079,58.3026537451322,11.2453054574496));
#6449=CARTESIAN_POINT('Ctrl Pts',(-44.8856002180861,58.1486609519884,11.1441088386371));
#6450=CARTESIAN_POINT('Ctrl Pts',(-45.,58.0634243059308,10.8936295528236));
#6451=CARTESIAN_POINT('Ctrl Pts',(-45.,58.0634243059308,10.75));
#6452=CARTESIAN_POINT('Ctrl Pts',(-44.5636194844444,58.5084474767673,11.2842259901545));
#6453=CARTESIAN_POINT('Ctrl Pts',(-44.6860513831671,58.451096866096,11.2729524283538));
#6454=CARTESIAN_POINT('Ctrl Pts',(-44.9527026909543,58.3130811407435,11.1437985628019));
#6455=CARTESIAN_POINT('Ctrl Pts',(-45.0505882620678,58.2440805285263,10.8899744793778));
#6456=CARTESIAN_POINT('Ctrl Pts',(-45.0505882620678,58.2440805285263,10.75));
#6457=CARTESIAN_POINT('Ctrl Pts',(-44.6233122859691,58.7100784809078,11.4514999718404));
#6458=CARTESIAN_POINT('Ctrl Pts',(-44.7858559114665,58.6562910324348,11.4397100544481));
#6459=CARTESIAN_POINT('Ctrl Pts',(-45.1462317747276,58.529069709871,11.2793124088391));
#6460=CARTESIAN_POINT('Ctrl Pts',(-45.2903748289894,58.4705380044915,10.9395127200083));
#6461=CARTESIAN_POINT('Ctrl Pts',(-45.2903748289894,58.4705380044915,10.75));
#6462=CARTESIAN_POINT('Ctrl Pts',(-44.641935483871,58.7729841244252,11.6378002623718));
#6463=CARTESIAN_POINT('Ctrl Pts',(-44.844419252269,58.7131307503885,11.6333010672554));
#6464=CARTESIAN_POINT('Ctrl Pts',(-45.3098747157535,58.5673336134704,11.4653972430533));
#6465=CARTESIAN_POINT('Ctrl Pts',(-45.5349255892737,58.4897510731235,11.0123557242394));
#6466=CARTESIAN_POINT('Ctrl Pts',(-45.5349255892737,58.4897510731235,10.75));
#6467=CARTESIAN_POINT('Ctrl Pts',(-44.641935483871,58.7729841244252,11.75));
#6468=CARTESIAN_POINT('Ctrl Pts',(-44.8671625829074,58.7063057057065,11.75));
#6469=CARTESIAN_POINT('Ctrl Pts',(-45.3922135089795,58.5407632681247,11.5780558370164));
#6470=CARTESIAN_POINT('Ctrl Pts',(-45.663440860215,58.4452998645584,11.0565931119075));
#6471=CARTESIAN_POINT('Ctrl Pts',(-45.663440860215,58.4452998645584,10.75));
#6472=CARTESIAN_POINT('',(-45.,57.9727672358308,10.75));
#6473=CARTESIAN_POINT('',(-44.5,58.2935528797004,11.25));
#6474=CARTESIAN_POINT('Ctrl Pts',(-44.5,58.2935528797004,11.25));
#6475=CARTESIAN_POINT('Ctrl Pts',(-44.6102427379494,58.2282782171653,11.25));
#6476=CARTESIAN_POINT('Ctrl Pts',(-44.8672413491321,58.0662208835326,11.1640279185082));
#6477=CARTESIAN_POINT('Ctrl Pts',(-45.,57.9727672358308,10.9032965559537));
#6478=CARTESIAN_POINT('Ctrl Pts',(-45.,57.9727672358308,10.75));
#6479=CARTESIAN_POINT('',(-45.6634408602151,58.4452998645584,10.75));
#6480=CARTESIAN_POINT('Origin',(-45.5,57.9727672358308,10.75));
#6481=CARTESIAN_POINT('',(-44.641935483871,58.7729841244252,11.75));
#6482=CARTESIAN_POINT('Ctrl Pts',(-45.663440860215,58.4452998645584,10.75));
#6483=CARTESIAN_POINT('Ctrl Pts',(-45.663440860215,58.4452998645584,11.0565931119075));
#6484=CARTESIAN_POINT('Ctrl Pts',(-45.3922135089795,58.5407632681247,11.5780558370164));
#6485=CARTESIAN_POINT('Ctrl Pts',(-44.8671625829074,58.7063057057065,11.75));
#6486=CARTESIAN_POINT('Ctrl Pts',(-44.641935483871,58.7729841244252,11.75));
#6487=CARTESIAN_POINT('Origin',(-44.5,58.2935528797005,11.75));
#6488=CARTESIAN_POINT('Origin',(24.5,47.05,-0.25));
#6489=CARTESIAN_POINT('',(25.,47.05,-0.25));
#6490=CARTESIAN_POINT('',(24.5,46.55,-0.25));
#6491=CARTESIAN_POINT('Origin',(24.5,47.05,-0.25));
#6492=CARTESIAN_POINT('',(24.5,47.05,0.25));
#6493=CARTESIAN_POINT('Origin',(24.5,47.05,-0.25));
#6494=CARTESIAN_POINT('Origin',(24.5,47.05,-0.25));
#6495=CARTESIAN_POINT('Origin',(25.5,49.25,-0.500000000000001));
#6496=CARTESIAN_POINT('',(25.,49.25,-0.500000000000001));
#6497=CARTESIAN_POINT('',(25.5,49.75,-0.5));
#6498=CARTESIAN_POINT('Origin',(25.5,49.25,-0.5));
#6499=CARTESIAN_POINT('',(25.5,49.25,-1.));
#6500=CARTESIAN_POINT('Origin',(25.5,49.25,-0.500000000000001));
#6501=CARTESIAN_POINT('Origin',(25.5,49.25,-0.5));
#6502=CARTESIAN_POINT('Origin',(25.5,35.4,-0.500000000000001));
#6503=CARTESIAN_POINT('',(25.5,35.4,-1.));
#6504=CARTESIAN_POINT('',(25.,35.4,-0.500000000000001));
#6505=CARTESIAN_POINT('Origin',(48.7499999999982,31.75,-0.500000000000001));
#6506=CARTESIAN_POINT('',(49.2499999999982,31.75,-0.5));
#6507=CARTESIAN_POINT('',(48.7499999999982,31.75,-1.));
#6508=CARTESIAN_POINT('Origin',(48.7499999999982,31.75,-0.500000000000001));
#6509=CARTESIAN_POINT('',(48.7499999999982,31.25,-0.5));
#6510=CARTESIAN_POINT('Origin',(48.7499999999982,31.75,-0.500000000000001));
#6511=CARTESIAN_POINT('Origin',(48.7499999999982,31.75,-0.5));
#6512=CARTESIAN_POINT('Origin',(48.7499999999982,-11.75,-0.5));
#6513=CARTESIAN_POINT('',(49.2499999999982,37.25,-0.5));
#6514=CARTESIAN_POINT('',(48.7499999999982,37.25,-1.));
#6515=CARTESIAN_POINT('Origin',(48.7499999999982,37.25,-0.5));
#6516=CARTESIAN_POINT('',(48.7499999999982,-11.75,-1.));
#6517=CARTESIAN_POINT('',(49.2499999999982,-11.75,-0.5));
#6518=CARTESIAN_POINT('Origin',(36.7499999999982,37.25,-0.5));
#6519=CARTESIAN_POINT('',(36.7499999999982,49.75,-0.5));
#6520=CARTESIAN_POINT('',(36.7499999999982,49.25,-1.));
#6521=CARTESIAN_POINT('Origin',(36.7499999999982,49.25,-0.5));
#6522=CARTESIAN_POINT('Origin',(36.7499999999982,37.25,-1.));
#6523=CARTESIAN_POINT('Origin',(36.7499999999982,37.25,-0.5));
#6524=CARTESIAN_POINT('Origin',(18.3749999999991,49.25,-0.5));
#6525=CARTESIAN_POINT('',(18.3749999999991,49.25,-1.));
#6526=CARTESIAN_POINT('',(18.3749999999991,49.75,-0.5));
#6527=CARTESIAN_POINT('Ctrl Pts',(-45.,57.9727672358308,0.749999999999999));
#6528=CARTESIAN_POINT('Ctrl Pts',(-45.,57.9727672358308,0.635029746650764));
#6529=CARTESIAN_POINT('Ctrl Pts',(-44.9020976720997,58.0419389143016,0.368969550965431));
#6530=CARTESIAN_POINT('Ctrl Pts',(-44.6469875511185,58.2065216341545,0.25));
#6531=CARTESIAN_POINT('Ctrl Pts',(-44.5,58.2935528797004,0.25));
#6532=CARTESIAN_POINT('Ctrl Pts',(-45.,58.0634243059308,0.749999999999999));
#6533=CARTESIAN_POINT('Ctrl Pts',(-45.,58.0634243059308,0.642279862559039));
#6534=CARTESIAN_POINT('Ctrl Pts',(-44.9168142294603,58.1262253556192,0.389965708708215));
#6535=CARTESIAN_POINT('Ctrl Pts',(-44.6702734016622,58.2817813560511,0.256259272274411));
#6536=CARTESIAN_POINT('Ctrl Pts',(-44.5212334987339,58.3652756261923,0.25));
#6537=CARTESIAN_POINT('Ctrl Pts',(-45.0505874370654,58.2440831130866,0.749999999999999));
#6538=CARTESIAN_POINT('Ctrl Pts',(-45.0505874370654,58.2440831130866,0.645021116055924));
#6539=CARTESIAN_POINT('Ctrl Pts',(-44.9813825889538,58.2942773831862,0.394219817245748));
#6540=CARTESIAN_POINT('Ctrl Pts',(-44.7268592701551,58.4319825362875,0.230805841610613));
#6541=CARTESIAN_POINT('Ctrl Pts',(-44.5636198105156,58.508448578174,0.215774708746044));
#6542=CARTESIAN_POINT('Ctrl Pts',(-45.2903741075499,58.4705431879607,0.749999999999999));
#6543=CARTESIAN_POINT('Ctrl Pts',(-45.2903741075499,58.4705431879607,0.607868134762036));
#6544=CARTESIAN_POINT('Ctrl Pts',(-45.1873313872903,58.5127017238689,0.270075956099012));
#6545=CARTESIAN_POINT('Ctrl Pts',(-44.8400336963253,58.6383654443749,0.0642206027154845));
#6546=CARTESIAN_POINT('Ctrl Pts',(-44.62331294078,58.7100806927352,0.0485010086849101));
#6547=CARTESIAN_POINT('Ctrl Pts',(-45.5349255892738,58.4897510731235,0.749999999999999));
#6548=CARTESIAN_POINT('Ctrl Pts',(-45.5349255892738,58.4897510731235,0.553236909689467));
#6549=CARTESIAN_POINT('Ctrl Pts',(-45.3701897738902,58.546560958521,0.0944167739039591));
#6550=CARTESIAN_POINT('Ctrl Pts',(-44.9119087611288,58.693181127516,-0.131801448441135));
#6551=CARTESIAN_POINT('Ctrl Pts',(-44.641935483871,58.7729841244252,-0.137800262371801));
#6552=CARTESIAN_POINT('Ctrl Pts',(-45.6634408602151,58.4452998645584,0.749999999999999));
#6553=CARTESIAN_POINT('Ctrl Pts',(-45.6634408602151,58.4452998645584,0.520059493301532));
#6554=CARTESIAN_POINT('Ctrl Pts',(-45.4634253516016,58.515959106007,-0.0120608980691452));
#6555=CARTESIAN_POINT('Ctrl Pts',(-44.9422326313174,58.6840812391901,-0.25000000000001));
#6556=CARTESIAN_POINT('Ctrl Pts',(-44.641935483871,58.7729841244252,-0.25000000000001));
#6557=CARTESIAN_POINT('',(-44.5,58.2935528797004,0.25));
#6558=CARTESIAN_POINT('',(-45.,57.9727672358308,0.75));
#6559=CARTESIAN_POINT('Ctrl Pts',(-45.,57.9727672358308,0.749999999999999));
#6560=CARTESIAN_POINT('Ctrl Pts',(-45.,57.9727672358308,0.635029746650764));
#6561=CARTESIAN_POINT('Ctrl Pts',(-44.9020976720997,58.0419389143016,0.368969550965431));
#6562=CARTESIAN_POINT('Ctrl Pts',(-44.6469875511185,58.2065216341545,0.25));
#6563=CARTESIAN_POINT('Ctrl Pts',(-44.5,58.2935528797004,0.25));
#6564=CARTESIAN_POINT('',(-44.641935483871,58.7729841244252,-0.250000000000001));
#6565=CARTESIAN_POINT('Origin',(-44.5,58.2935528797004,-0.250000000000001));
#6566=CARTESIAN_POINT('',(-45.6634408602151,58.4452998645584,0.75));
#6567=CARTESIAN_POINT('Ctrl Pts',(-44.641935483871,58.7729841244252,-0.25000000000001));
#6568=CARTESIAN_POINT('Ctrl Pts',(-44.9422326313174,58.6840812391901,-0.25000000000001));
#6569=CARTESIAN_POINT('Ctrl Pts',(-45.4634253516016,58.515959106007,-0.0120608980691452));
#6570=CARTESIAN_POINT('Ctrl Pts',(-45.6634408602151,58.4452998645584,0.520059493301532));
#6571=CARTESIAN_POINT('Ctrl Pts',(-45.6634408602151,58.4452998645584,0.749999999999999));
#6572=CARTESIAN_POINT('Origin',(-45.5,57.9727672358308,0.75));
#6573=CARTESIAN_POINT('Origin',(25.5,49.25,-0.25));
#6574=CARTESIAN_POINT('',(25.,49.25,-0.25));
#6575=CARTESIAN_POINT('',(24.5,49.25,0.25));
#6576=CARTESIAN_POINT('Origin',(24.5,49.25,-0.25));
#6577=CARTESIAN_POINT('',(25.5,49.75,-0.25));
#6578=CARTESIAN_POINT('Origin',(25.5,49.25,-0.25));
#6579=CARTESIAN_POINT('',(25.5,50.25,0.25));
#6580=CARTESIAN_POINT('Origin',(25.5,50.25,-0.25));
#6581=CARTESIAN_POINT('Origin',(25.5,49.25,0.25));
#6582=CARTESIAN_POINT('Origin',(25.5,49.25,7.5));
#6583=CARTESIAN_POINT('',(25.5,49.75,7.5));
#6584=CARTESIAN_POINT('',(25.,49.25,7.5));
#6585=CARTESIAN_POINT('Ctrl Pts',(44.5,58.2935528797004,0.25));
#6586=CARTESIAN_POINT('Ctrl Pts',(44.6469903418385,58.2065199817708,0.25));
#6587=CARTESIAN_POINT('Ctrl Pts',(44.9021088785562,58.0419313905653,0.368979727618605));
#6588=CARTESIAN_POINT('Ctrl Pts',(45.,57.9727672358308,0.635027563814507));
#6589=CARTESIAN_POINT('Ctrl Pts',(45.,57.9727672358308,0.75));
#6590=CARTESIAN_POINT('Ctrl Pts',(44.5212334987339,58.3652756261923,0.249999999999999));
#6591=CARTESIAN_POINT('Ctrl Pts',(44.6702762313483,58.2817797708207,0.256259391113565));
#6592=CARTESIAN_POINT('Ctrl Pts',(44.9168245455353,58.1262183574066,0.389976097500063));
#6593=CARTESIAN_POINT('Ctrl Pts',(45.,58.0634243059308,0.642277817374178));
#6594=CARTESIAN_POINT('Ctrl Pts',(45.,58.0634243059308,0.75));
#6595=CARTESIAN_POINT('Ctrl Pts',(44.5636198105156,58.508448578174,0.215774708746044));
#6596=CARTESIAN_POINT('Ctrl Pts',(44.7268623694354,58.4319810844958,0.23080612699317));
#6597=CARTESIAN_POINT('Ctrl Pts',(44.9813925067362,58.2942714285581,0.394231243871182));
#6598=CARTESIAN_POINT('Ctrl Pts',(45.0505874370654,58.2440831130866,0.645019122916765));
#6599=CARTESIAN_POINT('Ctrl Pts',(45.0505874370654,58.2440831130866,0.75));
#6600=CARTESIAN_POINT('Ctrl Pts',(44.62331294078,58.7100806927352,0.0485010086849131));
#6601=CARTESIAN_POINT('Ctrl Pts',(44.8400378110068,58.6383640827822,0.0642209011692351));
#6602=CARTESIAN_POINT('Ctrl Pts',(45.1873453125898,58.5126964423324,0.270090857192047));
#6603=CARTESIAN_POINT('Ctrl Pts',(45.2903741075499,58.4705431879607,0.60786543623281));
#6604=CARTESIAN_POINT('Ctrl Pts',(45.2903741075499,58.4705431879607,0.749999999999999));
#6605=CARTESIAN_POINT('Ctrl Pts',(44.641935483871,58.7729841244252,-0.137800262371795));
#6606=CARTESIAN_POINT('Ctrl Pts',(44.9119138868678,58.6931796123685,-0.131801334547062));
#6607=CARTESIAN_POINT('Ctrl Pts',(45.3702094134355,58.5465544895949,0.0944350817200298));
#6608=CARTESIAN_POINT('Ctrl Pts',(45.5349255892737,58.4897510731235,0.553233173926559));
#6609=CARTESIAN_POINT('Ctrl Pts',(45.5349255892737,58.4897510731235,0.75));
#6610=CARTESIAN_POINT('Ctrl Pts',(44.641935483871,58.7729841244252,-0.250000000000001));
#6611=CARTESIAN_POINT('Ctrl Pts',(44.9422383327883,58.6840795512712,-0.250000000000003));
#6612=CARTESIAN_POINT('Ctrl Pts',(45.4634482465126,58.5159514204699,-0.0120405447627812));
#6613=CARTESIAN_POINT('Ctrl Pts',(45.663440860215,58.4452998645584,0.520055127629014));
#6614=CARTESIAN_POINT('Ctrl Pts',(45.663440860215,58.4452998645584,0.75));
#6615=CARTESIAN_POINT('',(45.,57.9727672358308,0.75));
#6616=CARTESIAN_POINT('',(44.5,58.2935528797004,0.25));
#6617=CARTESIAN_POINT('Ctrl Pts',(44.5,58.2935528797004,0.25));
#6618=CARTESIAN_POINT('Ctrl Pts',(44.6469903418385,58.2065199817708,0.25));
#6619=CARTESIAN_POINT('Ctrl Pts',(44.9021088785562,58.0419313905653,0.368979727618605));
#6620=CARTESIAN_POINT('Ctrl Pts',(45.,57.9727672358308,0.635027563814507));
#6621=CARTESIAN_POINT('Ctrl Pts',(45.,57.9727672358308,0.75));
#6622=CARTESIAN_POINT('',(45.6634408602151,58.4452998645584,0.75));
#6623=CARTESIAN_POINT('Origin',(45.5,57.9727672358308,0.75));
#6624=CARTESIAN_POINT('',(44.641935483871,58.7729841244252,-0.250000000000001));
#6625=CARTESIAN_POINT('Ctrl Pts',(45.663440860215,58.4452998645584,0.75));
#6626=CARTESIAN_POINT('Ctrl Pts',(45.663440860215,58.4452998645584,0.520055127629014));
#6627=CARTESIAN_POINT('Ctrl Pts',(45.4634482465126,58.5159514204699,-0.0120405447627812));
#6628=CARTESIAN_POINT('Ctrl Pts',(44.9422383327883,58.6840795512712,-0.250000000000003));
#6629=CARTESIAN_POINT('Ctrl Pts',(44.641935483871,58.7729841244252,-0.250000000000001));
#6630=CARTESIAN_POINT('Origin',(44.5,58.2935528797005,-0.250000000000001));
#6631=CARTESIAN_POINT('Origin',(45.5,57.9727672358308,16.));
#6632=CARTESIAN_POINT('',(45.,57.9727672358308,10.75));
#6633=CARTESIAN_POINT('',(45.6634408602151,58.4452998645584,10.75));
#6634=CARTESIAN_POINT('Origin',(45.5,57.9727672358308,10.75));
#6635=CARTESIAN_POINT('',(45.6634408602151,58.4452998645584,16.));
#6636=CARTESIAN_POINT('',(45.,57.9727672358308,16.));
#6637=CARTESIAN_POINT('Ctrl Pts',(44.641935483871,58.7729841244252,11.75));
#6638=CARTESIAN_POINT('Ctrl Pts',(44.8671593898693,58.7063066510045,11.75));
#6639=CARTESIAN_POINT('Ctrl Pts',(45.2401824150641,58.5889759296338,11.6252760049294));
#6640=CARTESIAN_POINT('Ctrl Pts',(45.5893017119395,58.4710783970808,11.2091276584592));
#6641=CARTESIAN_POINT('Ctrl Pts',(45.6634408602151,58.4452998645584,10.9032943826729));
#6642=CARTESIAN_POINT('Ctrl Pts',(45.6634408602151,58.4452998645584,10.75));
#6643=CARTESIAN_POINT('Ctrl Pts',(44.641935483871,58.7729841244252,11.6752001749145));
#6644=CARTESIAN_POINT('Ctrl Pts',(44.8519934131698,58.7108077797491,11.672214516687));
#6645=CARTESIAN_POINT('Ctrl Pts',(45.196889393387,58.6027212727661,11.5502625318549));
#6646=CARTESIAN_POINT('Ctrl Pts',(45.512059309848,58.4974586889046,11.165239245518));
#6647=CARTESIAN_POINT('Ctrl Pts',(45.5777640129209,58.4749340036018,10.8885785168359));
#6648=CARTESIAN_POINT('Ctrl Pts',(45.5777640129209,58.4749340036018,10.75));
#6649=CARTESIAN_POINT('Ctrl Pts',(44.6322197189239,58.7401661063018,11.5258859070707));
#6650=CARTESIAN_POINT('Ctrl Pts',(44.8108689768787,58.6843941541302,11.5169653216808));
#6651=CARTESIAN_POINT('Ctrl Pts',(45.0975126236272,58.5897672703779,11.4005742272965));
#6652=CARTESIAN_POINT('Ctrl Pts',(45.3421886298278,58.5036240719883,11.0777138750471));
#6653=CARTESIAN_POINT('Ctrl Pts',(45.3904957152643,58.486178011535,10.8592226751413));
#6654=CARTESIAN_POINT('Ctrl Pts',(45.3904957152643,58.486178011535,10.75));
#6655=CARTESIAN_POINT('Ctrl Pts',(44.5847354918647,58.5797733598024,11.3156044471542));
#6656=CARTESIAN_POINT('Ctrl Pts',(44.7156180285764,58.5249662355992,11.3023526838534));
#6657=CARTESIAN_POINT('Ctrl Pts',(44.9174854058647,58.4325300737798,11.2030738455414));
#6658=CARTESIAN_POINT('Ctrl Pts',(45.0710525259803,58.3499669767343,10.96803315911));
#6659=CARTESIAN_POINT('Ctrl Pts',(45.0980967769072,58.3335888672808,10.8225520100956));
#6660=CARTESIAN_POINT('Ctrl Pts',(45.0980967769072,58.3335888672808,10.75));
#6661=CARTESIAN_POINT('Ctrl Pts',(44.5318502481009,58.4011369994382,11.25));
#6662=CARTESIAN_POINT('Ctrl Pts',(44.6443111545229,58.3398619154222,11.2428806148121));
#6663=CARTESIAN_POINT('Ctrl Pts',(44.8229284819929,58.2334524808148,11.1651714716195));
#6664=CARTESIAN_POINT('Ctrl Pts',(44.9709177910731,58.1306570456537,10.9579184301368));
#6665=CARTESIAN_POINT('Ctrl Pts',(45.,58.1087528409808,10.8192342530524));
#6666=CARTESIAN_POINT('Ctrl Pts',(45.,58.1087528409808,10.75));
#6667=CARTESIAN_POINT('Ctrl Pts',(44.5,58.2935528797004,11.25));
#6668=CARTESIAN_POINT('Ctrl Pts',(44.6102411750413,58.2282791425623,11.25));
#6669=CARTESIAN_POINT('Ctrl Pts',(44.792826129479,58.1134185416414,11.1876380024645));
#6670=CARTESIAN_POINT('Ctrl Pts',(44.9637108379494,57.9980030624054,10.9795638292296));
#6671=CARTESIAN_POINT('Ctrl Pts',(45.,57.9727672358308,10.8266471913363));
#6672=CARTESIAN_POINT('Ctrl Pts',(45.,57.9727672358308,10.75));
#6673=CARTESIAN_POINT('',(44.5,58.2935528797004,11.25));
#6674=CARTESIAN_POINT('Ctrl Pts',(45.,57.9727672358308,10.75));
#6675=CARTESIAN_POINT('Ctrl Pts',(45.,57.9727672358308,10.8266471913363));
#6676=CARTESIAN_POINT('Ctrl Pts',(44.9637108379494,57.9980030624054,10.9795638292296));
#6677=CARTESIAN_POINT('Ctrl Pts',(44.792826129479,58.1134185416414,11.1876380024645));
#6678=CARTESIAN_POINT('Ctrl Pts',(44.6102411750413,58.2282791425623,11.25));
#6679=CARTESIAN_POINT('Ctrl Pts',(44.5,58.2935528797004,11.25));
#6680=CARTESIAN_POINT('',(44.641935483871,58.7729841244252,11.75));
#6681=CARTESIAN_POINT('Origin',(44.5,58.2935528797004,11.75));
#6682=CARTESIAN_POINT('Ctrl Pts',(44.641935483871,58.7729841244252,11.75));
#6683=CARTESIAN_POINT('Ctrl Pts',(44.8671593898693,58.7063066510045,11.75));
#6684=CARTESIAN_POINT('Ctrl Pts',(45.2401824150641,58.5889759296338,11.6252760049294));
#6685=CARTESIAN_POINT('Ctrl Pts',(45.5893017119395,58.4710783970808,11.2091276584592));
#6686=CARTESIAN_POINT('Ctrl Pts',(45.6634408602151,58.4452998645584,10.9032943826729));
#6687=CARTESIAN_POINT('Ctrl Pts',(45.6634408602151,58.4452998645584,10.75));
#6688=CARTESIAN_POINT('Origin',(-37.9,36.,-0.250000000000001));
#6689=CARTESIAN_POINT('',(-37.9,59.25,0.25));
#6690=CARTESIAN_POINT('',(-37.9,59.75,-0.250000000000001));
#6691=CARTESIAN_POINT('Origin',(-37.9,59.25,-0.250000000000001));
#6692=CARTESIAN_POINT('Origin',(-37.9,36.,-0.250000000000001));
#6693=CARTESIAN_POINT('Origin',(-37.9,36.,0.25));
#6694=CARTESIAN_POINT('Origin',(-41.45,59.25,-0.25));
#6695=CARTESIAN_POINT('',(37.9,59.25,0.25));
#6696=CARTESIAN_POINT('',(37.9,59.75,-0.249999999999999));
#6697=CARTESIAN_POINT('Origin',(37.9,59.25,-0.25));
#6698=CARTESIAN_POINT('',(-41.45,59.75,-0.25));
#6699=CARTESIAN_POINT('',(-41.45,59.25,0.25));
#6700=CARTESIAN_POINT('Origin',(37.9,36.,-0.250000000000001));
#6701=CARTESIAN_POINT('Origin',(37.9,36.,-0.250000000000001));
#6702=CARTESIAN_POINT('Origin',(37.9,36.,0.25));
#6703=CARTESIAN_POINT('Ctrl Pts',(45.,46.8644422615131,0.749999999999998));
#6704=CARTESIAN_POINT('Ctrl Pts',(45.,46.8644422615131,0.685535008305398));
#6705=CARTESIAN_POINT('Ctrl Pts',(44.9738981608012,46.9120946600972,0.557385025876772));
#6706=CARTESIAN_POINT('Ctrl Pts',(44.82379453691,47.1791628993476,0.325917126300741));
#6707=CARTESIAN_POINT('Ctrl Pts',(44.6380187256706,47.482347257954,0.25));
#6708=CARTESIAN_POINT('Ctrl Pts',(44.5,47.6873128725727,0.25));
#6709=CARTESIAN_POINT('Ctrl Pts',(45.,46.7950726809812,0.749999999999998));
#6710=CARTESIAN_POINT('Ctrl Pts',(45.,46.7950726809812,0.677404696594833));
#6711=CARTESIAN_POINT('Ctrl Pts',(44.9671696018925,46.8413776040974,0.533209218902655));
#6712=CARTESIAN_POINT('Ctrl Pts',(44.7818879354327,47.099804063564,0.284215664778856));
#6713=CARTESIAN_POINT('Ctrl Pts',(44.5651630280645,47.3904376354223,0.227972228682897));
#6714=CARTESIAN_POINT('Ctrl Pts',(44.4219636440214,47.582217406407,0.250000000000001));
#6715=CARTESIAN_POINT('Ctrl Pts',(45.0293108732349,46.6563772761152,0.749999999999998));
#6716=CARTESIAN_POINT('Ctrl Pts',(45.0293108732349,46.6563772761152,0.657338664102699));
#6717=CARTESIAN_POINT('Ctrl Pts',(44.985413143277,46.6998417756158,0.473742851980567));
#6718=CARTESIAN_POINT('Ctrl Pts',(44.7387280007865,46.9412614325371,0.159493091902214));
#6719=CARTESIAN_POINT('Ctrl Pts',(44.4503794596581,47.2065201963676,0.101232034464715));
#6720=CARTESIAN_POINT('Ctrl Pts',(44.2665876239064,47.3729647438476,0.14153043731827));
#6721=CARTESIAN_POINT('Ctrl Pts',(45.1121577056362,46.5413470845052,0.749999999999997));
#6722=CARTESIAN_POINT('Ctrl Pts',(45.1121577056362,46.5413470845052,0.633164784049603));
#6723=CARTESIAN_POINT('Ctrl Pts',(45.0633466528005,46.5855777957632,0.401040508864101));
#6724=CARTESIAN_POINT('Ctrl Pts',(44.7838678216242,46.8312914794658,-0.012231950251994));
#6725=CARTESIAN_POINT('Ctrl Pts',(44.444253467661,47.1064974639826,-0.132948368411767));
#6726=CARTESIAN_POINT('Ctrl Pts',(44.201923076923,47.2858777620892,-0.119100306100424));
#6727=CARTESIAN_POINT('Ctrl Pts',(45.1634615384615,46.4946560206857,0.749999999999997));
#6728=CARTESIAN_POINT('Ctrl Pts',(45.1634615384615,46.4946560206857,0.621070016610796));
#6729=CARTESIAN_POINT('Ctrl Pts',(45.1132656938483,46.5404756347089,0.364770051753557));
#6730=CARTESIAN_POINT('Ctrl Pts',(44.8246048786729,46.7972720186035,-0.0981657473985107));
#6731=CARTESIAN_POINT('Ctrl Pts',(44.4673437032127,47.0887954403403,-0.249999999999999));
#6732=CARTESIAN_POINT('Ctrl Pts',(44.201923076923,47.2858777620892,-0.249999999999999));
#6733=CARTESIAN_POINT('',(44.201923076923,47.2858777620892,-0.250000000000001));
#6734=CARTESIAN_POINT('',(45.1634615384615,46.4946560206857,0.75));
#6735=CARTESIAN_POINT('Ctrl Pts',(44.201923076923,47.2858777620892,-0.249999999999999));
#6736=CARTESIAN_POINT('Ctrl Pts',(44.4673437032127,47.0887954403403,-0.249999999999999));
#6737=CARTESIAN_POINT('Ctrl Pts',(44.8246048786729,46.7972720186035,-0.0981657473985107));
#6738=CARTESIAN_POINT('Ctrl Pts',(45.1132656938483,46.5404756347089,0.364770051753557));
#6739=CARTESIAN_POINT('Ctrl Pts',(45.1634615384615,46.4946560206857,0.621070016610796));
#6740=CARTESIAN_POINT('Ctrl Pts',(45.1634615384615,46.4946560206857,0.749999999999997));
#6741=CARTESIAN_POINT('',(45.,46.8644422615131,0.75));
#6742=CARTESIAN_POINT('Origin',(45.5,46.8644422615131,0.75));
#6743=CARTESIAN_POINT('',(44.5,47.6873128725727,0.25));
#6744=CARTESIAN_POINT('Ctrl Pts',(45.,46.8644422615131,0.749999999999998));
#6745=CARTESIAN_POINT('Ctrl Pts',(45.,46.8644422615131,0.685535008305398));
#6746=CARTESIAN_POINT('Ctrl Pts',(44.9738981608012,46.9120946600972,0.557385025876772));
#6747=CARTESIAN_POINT('Ctrl Pts',(44.82379453691,47.1791628993476,0.325917126300741));
#6748=CARTESIAN_POINT('Ctrl Pts',(44.6380187256706,47.482347257954,0.25));
#6749=CARTESIAN_POINT('Ctrl Pts',(44.5,47.6873128725727,0.25));
#6750=CARTESIAN_POINT('Origin',(44.5,47.6873128725727,-0.250000000000001));
#6751=CARTESIAN_POINT('Ctrl Pts',(44.4999999994322,47.6873128734159,11.25));
#6752=CARTESIAN_POINT('Ctrl Pts',(44.6701453659518,47.4346373799578,11.2500000001932));
#6753=CARTESIAN_POINT('Ctrl Pts',(44.8388749907021,47.151447585556,11.1657653773787));
#6754=CARTESIAN_POINT('Ctrl Pts',(44.9347652896439,46.9815822245249,10.996939553172));
#6755=CARTESIAN_POINT('Ctrl Pts',(44.4219636434314,47.5822174071964,11.2499999999114));
#6756=CARTESIAN_POINT('Ctrl Pts',(44.5984955709447,47.3457970283163,11.2771551792897));
#6757=CARTESIAN_POINT('Ctrl Pts',(44.8008952303322,47.0728928356653,11.2073087849023));
#6758=CARTESIAN_POINT('Ctrl Pts',(44.9189913291765,46.9085693776523,11.0247114123309));
#6759=CARTESIAN_POINT('Ctrl Pts',(44.2665922100864,47.3729709219881,11.3584772567306));
#6760=CARTESIAN_POINT('Ctrl Pts',(44.4931653007422,47.1677830506623,11.4081559255342));
#6761=CARTESIAN_POINT('Ctrl Pts',(44.7639413469445,46.9159993747668,11.3299688654061));
#6762=CARTESIAN_POINT('Ctrl Pts',(44.9212620133009,46.7626258087676,11.099422228334));
#6763=CARTESIAN_POINT('Ctrl Pts',(44.201923075927,47.2858777628287,11.619100306044));
#6764=CARTESIAN_POINT('Ctrl Pts',(44.500660750441,47.0647430841136,11.6361717843835));
#6765=CARTESIAN_POINT('Ctrl Pts',(44.8120622871397,46.8056109100014,11.4976049352723));
#6766=CARTESIAN_POINT('Ctrl Pts',(44.990484940309,46.6493850083592,11.1957087530007));
#6767=CARTESIAN_POINT('Ctrl Pts',(44.2019230758312,47.2858777628999,11.75));
#6768=CARTESIAN_POINT('Ctrl Pts',(44.5291257037533,47.0429205576517,11.7500000003864));
#6769=CARTESIAN_POINT('Ctrl Pts',(44.85360575135,46.7706226784194,11.5815307547577));
#6770=CARTESIAN_POINT('Ctrl Pts',(45.0380101723921,46.6072906005048,11.2438791063441));
#6771=CARTESIAN_POINT('',(44.4999999996637,47.6873128735717,11.25));
#6772=CARTESIAN_POINT('',(44.8834937087506,46.7827306909836,11.25));
#6773=CARTESIAN_POINT('Ctrl Pts',(44.5,47.6873128725727,11.25));
#6774=CARTESIAN_POINT('Ctrl Pts',(44.5009578296574,47.6845015234491,11.25));
#6775=CARTESIAN_POINT('Ctrl Pts',(44.5019151104196,47.6816899147636,11.25));
#6776=CARTESIAN_POINT('Ctrl Pts',(44.5763436688778,47.4629558953076,11.25));
#6777=CARTESIAN_POINT('Ctrl Pts',(44.6462839570247,47.2475055490287,11.25));
#6778=CARTESIAN_POINT('Ctrl Pts',(44.7734064426802,46.9646534425631,11.25));
#6779=CARTESIAN_POINT('Ctrl Pts',(44.8233552785761,46.8689478216776,11.25));
#6780=CARTESIAN_POINT('Ctrl Pts',(44.8834937087507,46.7827306909834,11.25));
#6781=CARTESIAN_POINT('',(44.9347652896439,46.9815822245249,10.9969395531721));
#6782=CARTESIAN_POINT('Ctrl Pts',(44.4999999994322,47.6873128734159,11.25));
#6783=CARTESIAN_POINT('Ctrl Pts',(44.6701453659518,47.4346373799578,11.2500000001932));
#6784=CARTESIAN_POINT('Ctrl Pts',(44.8388749907021,47.151447585556,11.1657653773787));
#6785=CARTESIAN_POINT('Ctrl Pts',(44.9347652896439,46.9815822245249,10.996939553172));
#6786=CARTESIAN_POINT('',(45.0380101723921,46.6072906005048,11.2438791063441));
#6787=CARTESIAN_POINT('Origin',(45.3695305792879,46.9815822245249,11.2438791063441));
#6788=CARTESIAN_POINT('',(45.0308210756309,46.6136532567881,11.2568165756263));
#6789=CARTESIAN_POINT('Ctrl Pts',(45.0380101723921,46.6072906005048,11.2438791063441));
#6790=CARTESIAN_POINT('Ctrl Pts',(45.0356384996831,46.6093912563866,11.2482217310772));
#6791=CARTESIAN_POINT('Ctrl Pts',(45.033243656793,46.611509936513,11.2525363710208));
#6792=CARTESIAN_POINT('Ctrl Pts',(45.0308259359274,46.61364634665,11.2568230276923));
#6793=CARTESIAN_POINT('Ctrl Pts',(44.8834937087506,46.7827306909835,11.25));
#6794=CARTESIAN_POINT('Ctrl Pts',(44.9292188183208,46.7171771384124,11.2499999998595));
#6795=CARTESIAN_POINT('Ctrl Pts',(44.9759204700417,46.6622050430792,11.2538419012239));
#6796=CARTESIAN_POINT('Ctrl Pts',(45.0308210756309,46.6136532567881,11.2568165756263));
#6797=CARTESIAN_POINT('Ctrl Pts',(44.9347652896439,46.9815822245249,10.9969395531721));
#6798=CARTESIAN_POINT('Ctrl Pts',(44.9518493363624,46.9416755331984,10.9668611375257));
#6799=CARTESIAN_POINT('Ctrl Pts',(44.986294046428,46.8739000120828,10.8937707161314));
#6800=CARTESIAN_POINT('Ctrl Pts',(45.,46.8598093608115,10.8061937135472));
#6801=CARTESIAN_POINT('Ctrl Pts',(45.,46.8644422615131,10.7554217833851));
#6802=CARTESIAN_POINT('Ctrl Pts',(44.9032173687091,46.8355565307797,11.0524832714898));
#6803=CARTESIAN_POINT('Ctrl Pts',(44.9310281322546,46.8007467024737,11.0186529715365));
#6804=CARTESIAN_POINT('Ctrl Pts',(44.9838525256021,46.7390682431236,10.9295270766699));
#6805=CARTESIAN_POINT('Ctrl Pts',(45.0013163081676,46.7226217026818,10.818753637107));
#6806=CARTESIAN_POINT('Ctrl Pts',(45.,46.7257031004494,10.7554217833851));
#6807=CARTESIAN_POINT('Ctrl Pts',(44.9429597082258,46.6914794162137,11.1475383996572));
#6808=CARTESIAN_POINT('Ctrl Pts',(44.9762933058956,46.6628419100498,11.1007930269197));
#6809=CARTESIAN_POINT('Ctrl Pts',(45.0400124771594,46.6070118371143,10.9806035314296));
#6810=CARTESIAN_POINT('Ctrl Pts',(45.0620250806094,46.5870108147124,10.8373464465586));
#6811=CARTESIAN_POINT('Ctrl Pts',(45.0608538728109,46.5880381483247,10.7554217833851));
#6812=CARTESIAN_POINT('Ctrl Pts',(45.0380101723921,46.6072906005047,11.2438791063441));
#6813=CARTESIAN_POINT('Ctrl Pts',(45.0708641083892,46.5781909639356,11.1837222750513));
#6814=CARTESIAN_POINT('Ctrl Pts',(45.1371039354385,46.5187554489825,11.0319544853013));
#6815=CARTESIAN_POINT('Ctrl Pts',(45.1634615384615,46.4946560206857,10.8561055768844));
#6816=CARTESIAN_POINT('Ctrl Pts',(45.1634615384615,46.4946560206857,10.7554217833851));
#6817=CARTESIAN_POINT('',(45.,46.8644422615131,10.7554217833851));
#6818=CARTESIAN_POINT('',(45.1634615384615,46.4946560206857,10.7554217833851));
#6819=CARTESIAN_POINT('Origin',(45.5,46.8644422615131,10.7554217833851));
#6820=CARTESIAN_POINT('Ctrl Pts',(45.1634615384615,46.4946560206857,10.7554217833851));
#6821=CARTESIAN_POINT('Ctrl Pts',(45.1634615384615,46.4946560206857,10.8561055768844));
#6822=CARTESIAN_POINT('Ctrl Pts',(45.1371039354385,46.5187554489825,11.0319544853013));
#6823=CARTESIAN_POINT('Ctrl Pts',(45.0708641083892,46.5781909639356,11.1837222750513));
#6824=CARTESIAN_POINT('Ctrl Pts',(45.0380101723921,46.6072906005047,11.2438791063441));
#6825=CARTESIAN_POINT('Ctrl Pts',(44.9347652896439,46.9815822245249,10.9969395531721));
#6826=CARTESIAN_POINT('Ctrl Pts',(44.9518493363624,46.9416755331984,10.9668611375257));
#6827=CARTESIAN_POINT('Ctrl Pts',(44.986294046428,46.8739000120828,10.8937707161314));
#6828=CARTESIAN_POINT('Ctrl Pts',(45.,46.8598093608115,10.8061937135472));
#6829=CARTESIAN_POINT('Ctrl Pts',(45.,46.8644422615131,10.7554217833851));
#6830=CARTESIAN_POINT('Origin',(45.5,46.8644422615131,16.));
#6831=CARTESIAN_POINT('',(45.1634615384615,46.4946560206857,16.));
#6832=CARTESIAN_POINT('',(45.,46.8644422615131,16.));
#6833=CARTESIAN_POINT('Origin',(44.5,59.75,0.75));
#6834=CARTESIAN_POINT('',(45.,59.75,0.75));
#6835=CARTESIAN_POINT('',(44.5,59.75,0.25));
#6836=CARTESIAN_POINT('Origin',(36.7499999999982,37.25,-0.250000000000001));
#6837=CARTESIAN_POINT('',(36.7499999999982,50.25,0.25));
#6838=CARTESIAN_POINT('',(36.7499999999982,49.75,-0.250000000000001));
#6839=CARTESIAN_POINT('Origin',(36.7499999999982,50.25,-0.250000000000001));
#6840=CARTESIAN_POINT('Origin',(36.7499999999982,37.25,-0.250000000000001));
#6841=CARTESIAN_POINT('Origin',(36.7499999999982,37.25,0.25));
#6842=CARTESIAN_POINT('Origin',(-4.1250000000009,50.25,-0.25));
#6843=CARTESIAN_POINT('',(-4.1250000000009,49.75,-0.25));
#6844=CARTESIAN_POINT('',(-4.1250000000009,50.25,0.25));
#6845=CARTESIAN_POINT('Origin',(24.5,53.15,-0.25));
#6846=CARTESIAN_POINT('',(25.,53.15,-0.25));
#6847=CARTESIAN_POINT('',(24.5,53.15,0.25));
#6848=CARTESIAN_POINT('Origin',(-45.5,57.9727672358308,16.));
#6849=CARTESIAN_POINT('',(-45.6634408602151,58.4452998645584,16.));
#6850=CARTESIAN_POINT('',(-45.,57.9727672358308,16.));
#6851=CARTESIAN_POINT('Origin',(-44.5,59.75,0.75));
#6852=CARTESIAN_POINT('',(-45.,47.6873128725768,0.75));
#6853=CARTESIAN_POINT('',(-44.5,47.6873128725768,0.25));
#6854=CARTESIAN_POINT('Origin',(-44.5,47.6873128725768,0.75));
#6855=CARTESIAN_POINT('',(-44.5,59.75,0.25));
#6856=CARTESIAN_POINT('',(-45.,59.75,0.75));
#6857=CARTESIAN_POINT('Ctrl Pts',(-44.5,47.6873128725768,0.249999999999999));
#6858=CARTESIAN_POINT('Ctrl Pts',(-44.569373448594,47.4908606820923,0.25));
#6859=CARTESIAN_POINT('Ctrl Pts',(-44.6422431708656,47.2883570078521,0.210048856198934));
#6860=CARTESIAN_POINT('Ctrl Pts',(-44.7042482632761,47.1178271820709,0.129577039591634));
#6861=CARTESIAN_POINT('Ctrl Pts',(-44.6308996938996,47.6873128725768,0.249999999999997));
#6862=CARTESIAN_POINT('Ctrl Pts',(-44.6887432845285,47.491057203557,0.268572376529026));
#6863=CARTESIAN_POINT('Ctrl Pts',(-44.7454180884775,47.2780576404146,0.241345156336864));
#6864=CARTESIAN_POINT('Ctrl Pts',(-44.7917203274082,47.0960923932581,0.162136304664362));
#6865=CARTESIAN_POINT('Ctrl Pts',(-44.8915297992034,47.6873128725768,0.358470200796583));
#6866=CARTESIAN_POINT('Ctrl Pts',(-44.9118199693663,47.4705162718648,0.39244717924531));
#6867=CARTESIAN_POINT('Ctrl Pts',(-44.9294416522603,47.2296843345828,0.366970994126552));
#6868=CARTESIAN_POINT('Ctrl Pts',(-44.9432880925802,47.0239350483344,0.270229838056861));
#6869=CARTESIAN_POINT('Ctrl Pts',(-45.,47.6873128725768,0.619100306100423));
#6870=CARTESIAN_POINT('Ctrl Pts',(-44.9996230388124,47.421936663349,0.630776086811113));
#6871=CARTESIAN_POINT('Ctrl Pts',(-45.0001420391354,47.1469865419126,0.568894812731997));
#6872=CARTESIAN_POINT('Ctrl Pts',(-45.,46.9176490512948,0.429448958193536));
#6873=CARTESIAN_POINT('Ctrl Pts',(-45.,47.6873128725768,0.749999999999999));
#6874=CARTESIAN_POINT('Ctrl Pts',(-45.,47.3974319868633,0.75));
#6875=CARTESIAN_POINT('Ctrl Pts',(-45.,47.1055399073583,0.670097712397811));
#6876=CARTESIAN_POINT('Ctrl Pts',(-45.,46.8644422615181,0.509154079183269));
#6877=CARTESIAN_POINT('',(-45.,46.8644422615181,0.509154079183268));
#6878=CARTESIAN_POINT('',(-44.7042482632761,47.1178271820709,0.129577039591634));
#6879=CARTESIAN_POINT('Origin',(-44.5,46.8644422615181,0.509154079183268));
#6880=CARTESIAN_POINT('Ctrl Pts',(-44.7042482632761,47.1178271820709,0.129577039591634));
#6881=CARTESIAN_POINT('Ctrl Pts',(-44.6422431708656,47.2883570078521,0.210048856198934));
#6882=CARTESIAN_POINT('Ctrl Pts',(-44.569373448594,47.4908606820923,0.25));
#6883=CARTESIAN_POINT('Ctrl Pts',(-44.5,47.6873128725768,0.249999999999999));
#6884=CARTESIAN_POINT('Ctrl Pts',(-45.,47.6873128725768,0.749999999999999));
#6885=CARTESIAN_POINT('Ctrl Pts',(-45.,47.3974319868633,0.75));
#6886=CARTESIAN_POINT('Ctrl Pts',(-45.,47.1055399073583,0.670097712397811));
#6887=CARTESIAN_POINT('Ctrl Pts',(-45.,46.8644422615181,0.509154079183269));
#6888=CARTESIAN_POINT('Ctrl Pts',(-45.1634615384617,46.4946560206904,-0.250000000000001));
#6889=CARTESIAN_POINT('Ctrl Pts',(-45.163005472071,46.4950710817839,-0.248716315273221));
#6890=CARTESIAN_POINT('Ctrl Pts',(-45.162549020786,46.4954869868503,-0.247430977522396));
#6891=CARTESIAN_POINT('Ctrl Pts',(-45.0672461300768,46.5831855318537,0.0222042873060955));
#6892=CARTESIAN_POINT('Ctrl Pts',(-45.,46.7094040816379,0.302164020280563));
#6893=CARTESIAN_POINT('Ctrl Pts',(-45.,46.8644422615181,0.509154079183268));
#6894=CARTESIAN_POINT('Ctrl Pts',(-45.1634615384617,46.4946560206904,-0.250000000000006));
#6895=CARTESIAN_POINT('Ctrl Pts',(-45.162763478115,46.4951484418262,-0.248921749128291));
#6896=CARTESIAN_POINT('Ctrl Pts',(-45.1622950145575,46.4958576358695,-0.247866791194678));
#6897=CARTESIAN_POINT('Ctrl Pts',(-45.0298826891714,46.6127753655492,-0.0231784427477363));
#6898=CARTESIAN_POINT('Ctrl Pts',(-44.9627536567386,46.8086710195776,0.210853216633163));
#6899=CARTESIAN_POINT('Ctrl Pts',(-45.,46.9708558410716,0.3497438372038));
#6900=CARTESIAN_POINT('Ctrl Pts',(-45.1634615384616,46.4946560206904,-0.250000000000012));
#6901=CARTESIAN_POINT('Ctrl Pts',(-45.1626050425883,46.4952874021667,-0.249127047572526));
#6902=CARTESIAN_POINT('Ctrl Pts',(-45.1619586511427,46.496168449693,-0.248304127540564));
#6903=CARTESIAN_POINT('Ctrl Pts',(-44.9954294991355,46.6440106619388,-0.0679235289840825));
#6904=CARTESIAN_POINT('Ctrl Pts',(-44.8884164109821,46.8738082590792,0.115899961474569));
#6905=CARTESIAN_POINT('Ctrl Pts',(-44.8791923915402,47.0743576044453,0.194695569737086));
#6906=CARTESIAN_POINT('Ctrl Pts',(-45.1634615384616,46.4946560206904,-0.250000000000017));
#6907=CARTESIAN_POINT('Ctrl Pts',(-45.1625114001477,46.4955207313019,-0.249358157636503));
#6908=CARTESIAN_POINT('Ctrl Pts',(-45.1615600632899,46.4963865134564,-0.248715488761196));
#6909=CARTESIAN_POINT('Ctrl Pts',(-44.9624816978357,46.6785830444525,-0.113897856346413));
#6910=CARTESIAN_POINT('Ctrl Pts',(-44.7839931868494,46.898508293972,0.0260820101399347));
#6911=CARTESIAN_POINT('Ctrl Pts',(-44.7042482632761,47.1178271820709,0.129577039591629));
#6912=CARTESIAN_POINT('',(-45.1634615384617,46.4946560206904,-0.250000000000001));
#6913=CARTESIAN_POINT('Ctrl Pts',(-45.,46.8644422615181,0.509154079183268));
#6914=CARTESIAN_POINT('Ctrl Pts',(-45.,46.7094040816379,0.302164020280563));
#6915=CARTESIAN_POINT('Ctrl Pts',(-45.0672461300768,46.5831855318537,0.0222042873060955));
#6916=CARTESIAN_POINT('Ctrl Pts',(-45.162549020786,46.4954869868503,-0.247430977522396));
#6917=CARTESIAN_POINT('Ctrl Pts',(-45.163005472071,46.4950710817839,-0.248716315273221));
#6918=CARTESIAN_POINT('Ctrl Pts',(-45.1634615384617,46.4946560206904,-0.250000000000001));
#6919=CARTESIAN_POINT('Ctrl Pts',(-45.1634615384616,46.4946560206904,-0.250000000000017));
#6920=CARTESIAN_POINT('Ctrl Pts',(-45.1625114001477,46.4955207313019,-0.249358157636503));
#6921=CARTESIAN_POINT('Ctrl Pts',(-45.1615600632899,46.4963865134564,-0.248715488761196));
#6922=CARTESIAN_POINT('Ctrl Pts',(-44.9624816978357,46.6785830444525,-0.113897856346413));
#6923=CARTESIAN_POINT('Ctrl Pts',(-44.7839931868494,46.898508293972,0.0260820101399347));
#6924=CARTESIAN_POINT('Ctrl Pts',(-44.7042482632761,47.1178271820709,0.129577039591629));
#6925=CARTESIAN_POINT('Origin',(37.9,36.,11.75));
#6926=CARTESIAN_POINT('',(37.9,59.25,11.25));
#6927=CARTESIAN_POINT('Origin',(37.9,36.,11.25));
#6928=CARTESIAN_POINT('',(37.9,59.75,11.75));
#6929=CARTESIAN_POINT('Origin',(37.9,59.25,11.75));
#6930=CARTESIAN_POINT('Origin',(37.9,36.,11.75));
#6931=CARTESIAN_POINT('Origin',(3.55,59.25,11.75));
#6932=CARTESIAN_POINT('',(-37.9,59.25,11.25));
#6933=CARTESIAN_POINT('',(-37.9,59.75,11.75));
#6934=CARTESIAN_POINT('Origin',(-37.9,59.25,11.75));
#6935=CARTESIAN_POINT('',(3.55,59.75,11.75));
#6936=CARTESIAN_POINT('',(3.55,59.25,11.25));
#6937=CARTESIAN_POINT('Origin',(-37.9,36.,11.75));
#6938=CARTESIAN_POINT('Origin',(-37.9,36.,11.75));
#6939=CARTESIAN_POINT('Origin',(-37.9,36.,11.25));
#6940=CARTESIAN_POINT('Origin',(-35.,47.05,-0.25));
#6941=CARTESIAN_POINT('',(-24.5,47.05,0.25));
#6942=CARTESIAN_POINT('',(-24.5,46.55,-0.25));
#6943=CARTESIAN_POINT('Origin',(-24.5,47.05,-0.25));
#6944=CARTESIAN_POINT('',(-35.,46.55,-0.25));
#6945=CARTESIAN_POINT('',(-35.,47.05,0.25));
#6946=CARTESIAN_POINT('Origin',(24.5,47.05,-1.));
#6947=CARTESIAN_POINT('',(24.5,46.55,-1.));
#6948=CARTESIAN_POINT('',(25.,47.05,-1.));
#6949=CARTESIAN_POINT('Origin',(-44.5,59.75,10.75));
#6950=CARTESIAN_POINT('',(-44.5,46.9815822245258,11.25));
#6951=CARTESIAN_POINT('',(-45.,46.9815822245258,10.75));
#6952=CARTESIAN_POINT('Origin',(-44.5,46.9815822245258,10.75));
#6953=CARTESIAN_POINT('',(-45.,59.75,10.75));
#6954=CARTESIAN_POINT('',(-44.5,59.75,11.25));
#6955=CARTESIAN_POINT('Origin',(-12.5,46.05,-0.500000000000001));
#6956=CARTESIAN_POINT('',(-12.5,46.05,-1.));
#6957=CARTESIAN_POINT('',(-12.5,46.55,-0.500000000000001));
#6958=CARTESIAN_POINT('Origin',(-24.5,47.05,-1.));
#6959=CARTESIAN_POINT('',(-25.,47.05,-0.25));
#6960=CARTESIAN_POINT('Origin',(-24.5,47.05,-0.25));
#6961=CARTESIAN_POINT('',(-25.,47.05,-1.));
#6962=CARTESIAN_POINT('',(-24.5,46.55,-1.));
#6963=CARTESIAN_POINT('Origin',(-25.5,49.25,7.5));
#6964=CARTESIAN_POINT('',(-25.,49.25,-0.25));
#6965=CARTESIAN_POINT('',(-25.5,49.75,-0.25));
#6966=CARTESIAN_POINT('Origin',(-25.5,49.25,-0.25));
#6967=CARTESIAN_POINT('',(-25.5,49.75,7.5));
#6968=CARTESIAN_POINT('',(-25.,49.25,7.5));
#6969=CARTESIAN_POINT('Ctrl Pts',(-24.5,50.25,0.25));
#6970=CARTESIAN_POINT('Ctrl Pts',(-24.6121997376282,50.0256005247436,0.25));
#6971=CARTESIAN_POINT('Ctrl Pts',(-24.7985216267463,49.6529567465075,0.184447537330178));
#6972=CARTESIAN_POINT('Ctrl Pts',(-24.9657895641317,49.3184208717365,-0.0258614578552661));
#6973=CARTESIAN_POINT('Ctrl Pts',(-25.,49.25,-0.175200174914529));
#6974=CARTESIAN_POINT('Ctrl Pts',(-25.,49.25,-0.25));
#6975=CARTESIAN_POINT('Ctrl Pts',(-24.5,50.25,0.25));
#6976=CARTESIAN_POINT('Ctrl Pts',(-24.6308996938996,50.044300481015,0.25));
#6977=CARTESIAN_POINT('Ctrl Pts',(-24.8476585630534,49.7025861069614,0.158237023183872));
#6978=CARTESIAN_POINT('Ctrl Pts',(-24.9878308154605,49.4262269017866,-0.0798288809982694));
#6979=CARTESIAN_POINT('Ctrl Pts',(-25.,49.3808996938996,-0.19497616859145));
#6980=CARTESIAN_POINT('Ctrl Pts',(-25.,49.3808996938996,-0.25));
#6981=CARTESIAN_POINT('Ctrl Pts',(-24.5,50.25,0.25));
#6982=CARTESIAN_POINT('Ctrl Pts',(-24.6682996064423,50.0817003935577,0.25));
#6983=CARTESIAN_POINT('Ctrl Pts',(-24.9474483022088,49.8025516977912,0.132537119551206));
#6984=CARTESIAN_POINT('Ctrl Pts',(-25.1083770870042,49.6416229129958,-0.13976018043792));
#6985=CARTESIAN_POINT('Ctrl Pts',(-25.1084537087031,49.6415462912969,-0.217424176849451));
#6986=CARTESIAN_POINT('Ctrl Pts',(-25.1084537087031,49.6415462912969,-0.25));
#6987=CARTESIAN_POINT('Ctrl Pts',(-24.5,50.25,0.25));
#6988=CARTESIAN_POINT('Ctrl Pts',(-24.705699518985,50.1191003061004,0.25));
#6989=CARTESIAN_POINT('Ctrl Pts',(-25.0474138930386,49.9023414369466,0.158237023183873));
#6990=CARTESIAN_POINT('Ctrl Pts',(-25.3237730982134,49.7621691845395,-0.0798288809982697));
#6991=CARTESIAN_POINT('Ctrl Pts',(-25.3691003061004,49.75,-0.19497616859145));
#6992=CARTESIAN_POINT('Ctrl Pts',(-25.3691003061004,49.75,-0.25));
#6993=CARTESIAN_POINT('Ctrl Pts',(-24.5,50.25,0.25));
#6994=CARTESIAN_POINT('Ctrl Pts',(-24.7243994752564,50.1378002623718,0.25));
#6995=CARTESIAN_POINT('Ctrl Pts',(-25.0970432534925,49.9514783732538,0.184447537330178));
#6996=CARTESIAN_POINT('Ctrl Pts',(-25.4315791282635,49.7842104358683,-0.0258614578552665));
#6997=CARTESIAN_POINT('Ctrl Pts',(-25.5,49.75,-0.17520017491453));
#6998=CARTESIAN_POINT('Ctrl Pts',(-25.5,49.75,-0.25));
#6999=CARTESIAN_POINT('',(-24.5,50.25,0.25));
#7000=CARTESIAN_POINT('Origin',(-24.5,50.25,-0.25));
#7001=CARTESIAN_POINT('Origin',(-24.5,50.25,-0.25));
#7002=CARTESIAN_POINT('Origin',(-24.5,47.05,-0.25));
#7003=CARTESIAN_POINT('Origin',(-24.5,47.05,-0.25));
#7004=CARTESIAN_POINT('Ctrl Pts',(-45.,46.9815822245258,10.75));
#7005=CARTESIAN_POINT('Ctrl Pts',(-45.,46.9424648492922,10.75));
#7006=CARTESIAN_POINT('Ctrl Pts',(-45.,46.9033475508166,10.7518105308682));
#7007=CARTESIAN_POINT('Ctrl Pts',(-45.,46.864442261518,10.7554217833847));
#7008=CARTESIAN_POINT('Ctrl Pts',(-45.,46.9815822245258,10.8808996938996));
#7009=CARTESIAN_POINT('Ctrl Pts',(-44.9999565692991,46.9465077350441,10.8795544961551));
#7010=CARTESIAN_POINT('Ctrl Pts',(-45.0000393349463,46.9112897591727,10.8798714409192));
#7011=CARTESIAN_POINT('Ctrl Pts',(-45.,46.8761717449444,10.8817876201522));
#7012=CARTESIAN_POINT('Ctrl Pts',(-44.8915230669938,46.9815822245258,11.1415230669938));
#7013=CARTESIAN_POINT('Ctrl Pts',(-44.8938607514548,46.9545226054799,11.1376084889536));
#7014=CARTESIAN_POINT('Ctrl Pts',(-44.8961190853567,46.9271323457724,11.1348873865998));
#7015=CARTESIAN_POINT('Ctrl Pts',(-44.8983619507383,46.8995383570654,11.1335243237876));
#7016=CARTESIAN_POINT('Ctrl Pts',(-44.6308996938995,46.9815822245258,11.25));
#7017=CARTESIAN_POINT('Ctrl Pts',(-44.6375640077962,46.9579115357569,11.2478602271116));
#7018=CARTESIAN_POINT('Ctrl Pts',(-44.6441691753533,46.9339578339843,11.2468298226262));
#7019=CARTESIAN_POINT('Ctrl Pts',(-44.6506983035346,46.9100399645638,11.2466618227465));
#7020=CARTESIAN_POINT('Ctrl Pts',(-44.5,46.9815822245258,11.25));
#7021=CARTESIAN_POINT('Ctrl Pts',(-44.5079926994935,46.9578791128098,11.25));
#7022=CARTESIAN_POINT('Ctrl Pts',(-44.5159853833034,46.9341760476051,11.2509052654341));
#7023=CARTESIAN_POINT('Ctrl Pts',(-44.5239347481116,46.9106014490263,11.2527108916924));
#7024=CARTESIAN_POINT('',(-44.5239347481117,46.9106014490263,11.2527108916924));
#7025=CARTESIAN_POINT('',(-45.,46.864442261518,10.7554217833847));
#7026=CARTESIAN_POINT('Origin',(-44.5,46.864442261518,10.7554217833847));
#7027=CARTESIAN_POINT('Origin',(-45.,46.9815822245258,11.75));
#7028=CARTESIAN_POINT('Origin',(-44.5,46.9815822245258,11.75));
#7029=CARTESIAN_POINT('Ctrl Pts',(-44.8689717170051,46.4696254650783,11.3389312665399));
#7030=CARTESIAN_POINT('Ctrl Pts',(-44.7952415170635,46.5292497194369,11.3257803526638));
#7031=CARTESIAN_POINT('Ctrl Pts',(-44.6450431527402,46.6743046556544,11.2889945531277));
#7032=CARTESIAN_POINT('Ctrl Pts',(-44.5520801660682,46.827133531002,11.2591038686079));
#7033=CARTESIAN_POINT('Ctrl Pts',(-44.5239347481117,46.9106014490261,11.2527108916924));
#7034=CARTESIAN_POINT('Ctrl Pts',(-44.9311184890755,46.5075926630758,11.2957826308304));
#7035=CARTESIAN_POINT('Ctrl Pts',(-44.8677912839086,46.5651720396028,11.284891526319));
#7036=CARTESIAN_POINT('Ctrl Pts',(-44.7428691858756,46.7061723592219,11.2561513005398));
#7037=CARTESIAN_POINT('Ctrl Pts',(-44.672744943448,46.8427384598165,11.2444734787661));
#7038=CARTESIAN_POINT('Ctrl Pts',(-44.6506983035346,46.9100399645636,11.2466618227465));
#7039=CARTESIAN_POINT('Ctrl Pts',(-45.0437996140307,46.561250121995,11.173397735424));
#7040=CARTESIAN_POINT('Ctrl Pts',(-45.0003862425256,46.613147537532,11.1608822623673));
#7041=CARTESIAN_POINT('Ctrl Pts',(-44.9241434863993,46.7422555466885,11.1293359885526));
#7042=CARTESIAN_POINT('Ctrl Pts',(-44.9032670280245,46.8538908100024,11.1258166988125));
#7043=CARTESIAN_POINT('Ctrl Pts',(-44.8983619982374,46.89953836125,11.1335243688709));
#7044=CARTESIAN_POINT('Ctrl Pts',(-45.1050770252066,46.5570397288663,11.0097469703425));
#7045=CARTESIAN_POINT('Ctrl Pts',(-45.0714490154863,46.6000175495023,10.9880664158359));
#7046=CARTESIAN_POINT('Ctrl Pts',(-45.0123962835945,46.7092436371606,10.928494577349));
#7047=CARTESIAN_POINT('Ctrl Pts',(-44.9982109549761,46.8199040424797,10.8875837970851));
#7048=CARTESIAN_POINT('Ctrl Pts',(-45.,46.8761717449443,10.8817876201521));
#7049=CARTESIAN_POINT('Ctrl Pts',(-45.1189717170052,46.5406870336714,10.9278625330798));
#7050=CARTESIAN_POINT('Ctrl Pts',(-45.0864778083296,46.5789291906021,10.9015607053272));
#7051=CARTESIAN_POINT('Ctrl Pts',(-45.0251038516282,46.6779263442332,10.8279891062554));
#7052=CARTESIAN_POINT('Ctrl Pts',(-45.,46.7955684801261,10.7682077372156));
#7053=CARTESIAN_POINT('Ctrl Pts',(-45.,46.864442261518,10.7554217833847));
#7054=CARTESIAN_POINT('Ctrl Pts',(-44.5239347481117,46.9106014490261,11.2527108916924));
#7055=CARTESIAN_POINT('Ctrl Pts',(-44.5520801660682,46.827133531002,11.2591038686079));
#7056=CARTESIAN_POINT('Ctrl Pts',(-44.6450431527402,46.6743046556544,11.2889945531277));
#7057=CARTESIAN_POINT('Ctrl Pts',(-44.7952415170635,46.5292497194369,11.3257803526638));
#7058=CARTESIAN_POINT('Ctrl Pts',(-44.8689717170051,46.4696254650783,11.3389312665399));
#7059=CARTESIAN_POINT('Ctrl Pts',(-45.1189717170052,46.5406870336714,10.9278625330798));
#7060=CARTESIAN_POINT('Ctrl Pts',(-45.0864778083296,46.5789291906021,10.9015607053272));
#7061=CARTESIAN_POINT('Ctrl Pts',(-45.0251038516282,46.6779263442332,10.8279891062554));
#7062=CARTESIAN_POINT('Ctrl Pts',(-45.,46.7955684801261,10.7682077372156));
#7063=CARTESIAN_POINT('Ctrl Pts',(-45.,46.864442261518,10.7554217833847));
#7064=CARTESIAN_POINT('Ctrl Pts',(-47.114296657486,44.2379435312329,11.75));
#7065=CARTESIAN_POINT('Ctrl Pts',(-47.1117900397322,44.2416612673439,11.7493550665653));
#7066=CARTESIAN_POINT('Ctrl Pts',(-47.1092794395523,44.2453737789651,11.7487100444955));
#7067=CARTESIAN_POINT('Ctrl Pts',(-46.5372846443307,45.0920776574163,11.6018655077998));
#7068=CARTESIAN_POINT('Ctrl Pts',(-45.7960900238744,45.8220931584579,11.4539650392849));
#7069=CARTESIAN_POINT('Ctrl Pts',(-44.989471040563,46.380148656111,11.3566040237828));
#7070=CARTESIAN_POINT('Ctrl Pts',(-47.114296657486,44.2379435312329,11.75));
#7071=CARTESIAN_POINT('Ctrl Pts',(-47.111824492924,44.2415416554813,11.7491319078726));
#7072=CARTESIAN_POINT('Ctrl Pts',(-47.1093592453266,44.2453241775115,11.7482879721409));
#7073=CARTESIAN_POINT('Ctrl Pts',(-46.5459014759291,45.0770723765563,11.5522045930709));
#7074=CARTESIAN_POINT('Ctrl Pts',(-45.8584846436224,45.8335737139589,11.3563485951146));
#7075=CARTESIAN_POINT('Ctrl Pts',(-45.0872676516907,46.4597504690752,11.2658523687514));
#7076=CARTESIAN_POINT('Ctrl Pts',(-47.114296657486,44.2379435312329,11.75));
#7077=CARTESIAN_POINT('Ctrl Pts',(-47.1118720759762,44.2415531152699,11.7489243590544));
#7078=CARTESIAN_POINT('Ctrl Pts',(-47.1094260326653,44.2451503198434,11.7478507681766));
#7079=CARTESIAN_POINT('Ctrl Pts',(-46.5551473411564,45.0659182351479,11.503094677082));
#7080=CARTESIAN_POINT('Ctrl Pts',(-45.8995305593148,45.8254312777511,11.2566650471936));
#7081=CARTESIAN_POINT('Ctrl Pts',(-45.1619471659216,46.4960858753089,11.1154491487307));
#7082=CARTESIAN_POINT('Ctrl Pts',(-47.114296657486,44.2379435312329,11.75));
#7083=CARTESIAN_POINT('Ctrl Pts',(-47.1119031856728,44.2414934528661,11.7487101331309));
#7084=CARTESIAN_POINT('Ctrl Pts',(-47.1095079246305,44.2450420999368,11.7474200889909));
#7085=CARTESIAN_POINT('Ctrl Pts',(-46.5635880399528,45.0529389721256,11.453731015599));
#7086=CARTESIAN_POINT('Ctrl Pts',(-45.9206731516736,45.8023650922723,11.1579300785698));
#7087=CARTESIAN_POINT('Ctrl Pts',(-45.18480343039,46.4751878620841,10.9632080475655));
#7088=CARTESIAN_POINT('',(-45.18480343039,46.4751878620841,10.9632080475655));
#7089=CARTESIAN_POINT('',(-44.9894710386888,46.3801486538009,11.3566040260684));
#7090=CARTESIAN_POINT('Origin',(-44.8474112931745,46.1061803476007,10.9632080475655));
#7091=CARTESIAN_POINT('',(-47.114296657486,44.2379435312329,11.75));
#7092=CARTESIAN_POINT('Ctrl Pts',(-44.989471040563,46.380148656111,11.3566040237828));
#7093=CARTESIAN_POINT('Ctrl Pts',(-45.7960900238744,45.8220931584579,11.4539650392849));
#7094=CARTESIAN_POINT('Ctrl Pts',(-46.5372846443307,45.0920776574163,11.6018655077998));
#7095=CARTESIAN_POINT('Ctrl Pts',(-47.1092794395523,44.2453737789651,11.7487100444955));
#7096=CARTESIAN_POINT('Ctrl Pts',(-47.1117900397322,44.2416612673439,11.7493550665653));
#7097=CARTESIAN_POINT('Ctrl Pts',(-47.114296657486,44.2379435312329,11.75));
#7098=CARTESIAN_POINT('Ctrl Pts',(-47.114296657486,44.2379435312329,11.75));
#7099=CARTESIAN_POINT('Ctrl Pts',(-47.1119031856728,44.2414934528661,11.7487101331309));
#7100=CARTESIAN_POINT('Ctrl Pts',(-47.1095079246305,44.2450420999368,11.7474200889909));
#7101=CARTESIAN_POINT('Ctrl Pts',(-46.5635880399528,45.0529389721256,11.453731015599));
#7102=CARTESIAN_POINT('Ctrl Pts',(-45.9206731516736,45.8023650922723,11.1579300785698));
#7103=CARTESIAN_POINT('Ctrl Pts',(-45.18480343039,46.4751878620841,10.9632080475655));
#7104=CARTESIAN_POINT('Ctrl Pts',(-45.1634615384614,46.4946560206906,10.9576431670909));
#7105=CARTESIAN_POINT('Ctrl Pts',(-45.1705871904639,46.4881710418093,10.9594739601957));
#7106=CARTESIAN_POINT('Ctrl Pts',(-45.1777013214778,46.481681485144,10.9613287242907));
#7107=CARTESIAN_POINT('Ctrl Pts',(-45.1848034317904,46.4751878608037,10.9632080479361));
#7108=CARTESIAN_POINT('Ctrl Pts',(-45.1409569731201,46.5151371824035,11.1113756764812));
#7109=CARTESIAN_POINT('Ctrl Pts',(-45.147958916029,46.5087809279883,11.1127067424788));
#7110=CARTESIAN_POINT('Ctrl Pts',(-45.15496936685,46.5024489646338,11.1140768235081));
#7111=CARTESIAN_POINT('Ctrl Pts',(-45.1619471669624,46.4960858743637,11.1154491490414));
#7112=CARTESIAN_POINT('Ctrl Pts',(-45.0658027757426,46.4772026132256,11.2631880605459));
#7113=CARTESIAN_POINT('Ctrl Pts',(-45.0729630842864,46.4713798646881,11.2640513177421));
#7114=CARTESIAN_POINT('Ctrl Pts',(-45.0801298738798,46.4655791562341,11.2649558170493));
#7115=CARTESIAN_POINT('Ctrl Pts',(-45.08726765234,46.4597504684382,11.2658523690012));
#7116=CARTESIAN_POINT('Ctrl Pts',(-44.9673347791699,46.3956597652904,11.3538215835455));
#7117=CARTESIAN_POINT('Ctrl Pts',(-44.9747226998141,46.3904896668909,11.3547369800979));
#7118=CARTESIAN_POINT('Ctrl Pts',(-44.9821016300608,46.3853191654231,11.3556643621453));
#7119=CARTESIAN_POINT('Ctrl Pts',(-44.9894710409522,46.3801486556432,11.356604023968));
#7120=CARTESIAN_POINT('Ctrl Pts',(-45.18480343039,46.475187862084,10.9632080475655));
#7121=CARTESIAN_POINT('Ctrl Pts',(-45.1777013205427,46.481681485997,10.9613287240469));
#7122=CARTESIAN_POINT('Ctrl Pts',(-45.1705871899956,46.4881710422356,10.9594739600754));
#7123=CARTESIAN_POINT('Ctrl Pts',(-45.1634615384614,46.4946560206906,10.9576431670909));
#7124=CARTESIAN_POINT('Ctrl Pts',(-44.9673347791699,46.3956597652904,11.3538215835455));
#7125=CARTESIAN_POINT('Ctrl Pts',(-44.9747226998141,46.3904896668909,11.3547369800979));
#7126=CARTESIAN_POINT('Ctrl Pts',(-44.9821016300608,46.3853191654231,11.3556643621453));
#7127=CARTESIAN_POINT('Ctrl Pts',(-44.9894710409522,46.3801486556432,11.356604023968));
#7128=CARTESIAN_POINT('Origin',(-37.9,36.,16.));
#7129=CARTESIAN_POINT('',(-37.9,59.75,-2.5));
#7130=CARTESIAN_POINT('',(-37.9,59.75,16.));
#7131=CARTESIAN_POINT('',(-61.65,36.,-2.5));
#7132=CARTESIAN_POINT('Origin',(-37.9,36.,-2.5));
#7133=CARTESIAN_POINT('',(-61.65,36.,15.5));
#7134=CARTESIAN_POINT('',(-61.65,36.,16.));
#7135=CARTESIAN_POINT('',(-37.9,59.75,15.5));
#7136=CARTESIAN_POINT('Origin',(-37.9,36.,15.5));
#7137=CARTESIAN_POINT('',(-37.9,59.75,16.));
#7138=CARTESIAN_POINT('Origin',(-37.9,59.75,16.));
#7139=CARTESIAN_POINT('',(37.9,59.75,-2.5));
#7140=CARTESIAN_POINT('',(37.9,59.75,16.));
#7141=CARTESIAN_POINT('',(-18.95,59.75,-2.5));
#7142=CARTESIAN_POINT('Origin',(-23.1500000000018,31.75,-0.500000000000001));
#7143=CARTESIAN_POINT('',(-46.8000000000037,31.25,-0.500000000000001));
#7144=CARTESIAN_POINT('',(-23.1500000000018,31.25,-0.500000000000001));
#7145=CARTESIAN_POINT('',(-46.8000000000037,31.75,-1.));
#7146=CARTESIAN_POINT('Origin',(-46.8000000000037,31.75,-0.500000000000001));
#7147=CARTESIAN_POINT('',(-23.1500000000018,31.75,-1.));
#7148=CARTESIAN_POINT('Origin',(-48.7500000000037,31.75,7.5));
#7149=CARTESIAN_POINT('',(-49.2500000000037,31.75,1.5));
#7150=CARTESIAN_POINT('',(-49.2500000000037,31.75,7.5));
#7151=CARTESIAN_POINT('',(-48.7500000000037,31.25,1.5));
#7152=CARTESIAN_POINT('Origin',(-48.7500000000037,31.75,1.5));
#7153=CARTESIAN_POINT('',(-48.7500000000037,31.25,7.5));
#7154=CARTESIAN_POINT('Origin',(-49.2500000000037,37.25,16.));
#7155=CARTESIAN_POINT('',(-49.2500000000037,37.25,15.5));
#7156=CARTESIAN_POINT('',(-49.2500000000037,37.25,16.));
#7157=CARTESIAN_POINT('',(-49.2500000000037,-47.25,15.5));
#7158=CARTESIAN_POINT('',(-49.2500000000037,19.125,15.5));
#7159=CARTESIAN_POINT('',(-49.2500000000037,-47.25,-0.4));
#7160=CARTESIAN_POINT('',(-49.2500000000037,-47.25,16.));
#7161=CARTESIAN_POINT('',(-49.2500000000037,-11.75,-0.4));
#7162=CARTESIAN_POINT('',(-49.2500000000037,19.125,-0.4));
#7163=CARTESIAN_POINT('',(-49.2500000000037,-11.75,1.5));
#7164=CARTESIAN_POINT('',(-49.2500000000037,-11.75,7.5));
#7165=CARTESIAN_POINT('',(-49.2500000000037,-10.75,2.5));
#7166=CARTESIAN_POINT('Origin',(-49.2500000000037,-10.75,1.5));
#7167=CARTESIAN_POINT('',(-49.2500000000037,30.75,2.5));
#7168=CARTESIAN_POINT('',(-49.2500000000037,23.625,2.5));
#7169=CARTESIAN_POINT('Origin',(-49.2500000000037,30.75,1.5));
#7170=CARTESIAN_POINT('Origin',(36.7499999999982,49.75,16.));
#7171=CARTESIAN_POINT('',(-36.7500000000037,49.75,-0.249999999999999));
#7172=CARTESIAN_POINT('',(-4.1250000000009,49.75,-0.25));
#7173=CARTESIAN_POINT('',(-36.7500000000037,49.75,16.));
#7174=CARTESIAN_POINT('Origin',(-4.1250000000009,50.25,-0.25));
#7175=CARTESIAN_POINT('',(-36.7500000000037,50.25,0.25));
#7176=CARTESIAN_POINT('',(-4.1250000000009,50.25,0.25));
#7177=CARTESIAN_POINT('Origin',(-36.7500000000037,50.25,-0.25));
#7178=CARTESIAN_POINT('Origin',(-25.,49.75,-1.));
#7179=CARTESIAN_POINT('',(-25.,54.75,-0.25));
#7180=CARTESIAN_POINT('Origin',(-24.5,54.75,-0.25));
#7181=CARTESIAN_POINT('',(-24.5,54.75,0.25));
#7182=CARTESIAN_POINT('Origin',(-45.,59.75,0.25));
#7183=CARTESIAN_POINT('Origin',(-36.7500000000037,37.25,0.25));
#7184=CARTESIAN_POINT('Origin',(-36.7500000000037,37.25,-0.250000000000001));
#7185=CARTESIAN_POINT('Origin',(-36.7500000000037,37.25,-0.250000000000001));
#7186=CARTESIAN_POINT('Origin',(-45.,59.75,11.25));
#7187=CARTESIAN_POINT('',(-45.,46.864442261518,16.));
#7188=CARTESIAN_POINT('Origin',(-45.5,46.864442261518,16.));
#7189=CARTESIAN_POINT('',(-45.1634615384617,46.4946560206904,16.));
#7190=CARTESIAN_POINT('Origin',(-36.7500000000037,37.25,16.));
#7191=CARTESIAN_POINT('',(-47.114296657486,44.2379435312329,15.5));
#7192=CARTESIAN_POINT('',(-47.114296657486,44.2379435312329,16.));
#7193=CARTESIAN_POINT('Origin',(-36.7500000000037,37.25,15.5));
#7194=CARTESIAN_POINT('Origin',(-42.1394342618945,40.8837306362411,11.75));
#7195=CARTESIAN_POINT('',(-44.9013694960328,46.2102411039325,11.75));
#7196=CARTESIAN_POINT('Origin',(-45.1315307655443,46.6541169762401,11.75));
#7197=CARTESIAN_POINT('Origin',(-42.1394342618945,40.8837306362411,11.75));
#7198=CARTESIAN_POINT('Origin',(25.,46.55,-1.));
#7199=CARTESIAN_POINT('Origin',(-25.,46.55,-1.));
#7200=CARTESIAN_POINT('Origin',(44.5,59.75,10.75));
#7201=CARTESIAN_POINT('',(44.5,59.75,11.25));
#7202=CARTESIAN_POINT('',(45.,46.9815822245249,10.75));
#7203=CARTESIAN_POINT('',(45.,59.75,10.75));
#7204=CARTESIAN_POINT('Origin',(44.5,46.9815822245249,10.75));
#7205=CARTESIAN_POINT('Ctrl Pts',(44.9347652896439,46.981582224525,10.9969395531721));
#7206=CARTESIAN_POINT('Ctrl Pts',(44.9361288392116,46.9484887674053,10.9945388684089));
#7207=CARTESIAN_POINT('Ctrl Pts',(44.9374724434192,46.9151616878743,10.9937366647157));
#7208=CARTESIAN_POINT('Ctrl Pts',(44.9387898505769,46.8818288943272,10.9945650234087));
#7209=CARTESIAN_POINT('Ctrl Pts',(44.9772837765194,46.981582224525,10.9220809004201));
#7210=CARTESIAN_POINT('Ctrl Pts',(44.9777752452466,46.9460656057244,10.920244013985));
#7211=CARTESIAN_POINT('Ctrl Pts',(44.9782703547349,46.9103676913062,10.9201391169638));
#7212=CARTESIAN_POINT('Ctrl Pts',(44.9787428919615,46.8747292733454,10.921777936224));
#7213=CARTESIAN_POINT('Ctrl Pts',(45.,46.981582224525,10.8360908799933));
#7214=CARTESIAN_POINT('Ctrl Pts',(44.9999956493524,46.9432806956882,10.8351693678269));
#7215=CARTESIAN_POINT('Ctrl Pts',(45.0000039377941,46.9048876731429,10.8361140444706));
#7216=CARTESIAN_POINT('Ctrl Pts',(45.,46.8666475996571,10.8389225994585));
#7217=CARTESIAN_POINT('Ctrl Pts',(45.,46.981582224525,10.75));
#7218=CARTESIAN_POINT('Ctrl Pts',(45.,46.9404920508248,10.75));
#7219=CARTESIAN_POINT('Ctrl Pts',(45.,46.8994019752863,10.7519979423998));
#7220=CARTESIAN_POINT('Ctrl Pts',(45.,46.8585575982903,10.7559818852545));
#7221=CARTESIAN_POINT('Origin',(45.,46.9815822245249,11.75));
#7222=CARTESIAN_POINT('Origin',(45.,59.75,0.25));
#7223=CARTESIAN_POINT('Origin',(46.8000000000037,30.75,-0.500000000000001));
#7224=CARTESIAN_POINT('',(46.8000000000037,31.25,-0.500000000000001));
#7225=CARTESIAN_POINT('',(46.3000000000037,30.75,-0.500000000000001));
#7226=CARTESIAN_POINT('Origin',(46.8000000000037,30.75,-0.500000000000001));
#7227=CARTESIAN_POINT('',(46.8000000000037,31.75,-1.));
#7228=CARTESIAN_POINT('Origin',(46.8000000000037,31.75,-0.500000000000001));
#7229=CARTESIAN_POINT('',(45.8000000000037,30.75,-1.));
#7230=CARTESIAN_POINT('Origin',(46.8000000000037,30.75,-1.));
#7231=CARTESIAN_POINT('Origin',(45.8000000000037,30.75,-0.500000000000001));
#7232=CARTESIAN_POINT('Origin',(23.1500000000018,31.75,-0.500000000000001));
#7233=CARTESIAN_POINT('',(23.1500000000018,31.75,-1.));
#7234=CARTESIAN_POINT('',(23.1500000000018,31.25,-0.500000000000001));
#7235=CARTESIAN_POINT('Origin',(46.8000000000037,30.75,1.5));
#7236=CARTESIAN_POINT('',(46.8000000000037,30.75,2.));
#7237=CARTESIAN_POINT('',(46.3000000000037,30.75,1.5));
#7238=CARTESIAN_POINT('Origin',(46.8000000000037,30.75,1.5));
#7239=CARTESIAN_POINT('',(46.8000000000037,31.25,1.5));
#7240=CARTESIAN_POINT('Origin',(46.8000000000037,30.75,1.5));
#7241=CARTESIAN_POINT('Origin',(46.8000000000037,30.75,1.5));
#7242=CARTESIAN_POINT('Origin',(49.7499999999982,-47.25,15.5));
#7243=CARTESIAN_POINT('',(49.7499999999982,-47.25,16.));
#7244=CARTESIAN_POINT('',(49.7499999999982,-47.75,15.5));
#7245=CARTESIAN_POINT('Origin',(49.7499999999982,-47.25,15.5));
#7246=CARTESIAN_POINT('',(49.2499999999982,-47.25,15.5));
#7247=CARTESIAN_POINT('Origin',(49.7499999999982,-47.25,15.5));
#7248=CARTESIAN_POINT('Origin',(49.7499999999982,-47.25,15.5));
#7249=CARTESIAN_POINT('Origin',(48.7499999999982,30.75,1.5));
#7250=CARTESIAN_POINT('',(49.2499999999982,30.75,2.5));
#7251=CARTESIAN_POINT('',(49.2499999999982,31.75,1.5));
#7252=CARTESIAN_POINT('Origin',(49.2499999999982,30.75,1.5));
#7253=CARTESIAN_POINT('',(48.7499999999982,31.25,1.5));
#7254=CARTESIAN_POINT('Origin',(48.7499999999982,31.75,1.5));
#7255=CARTESIAN_POINT('',(48.7499999999982,30.75,2.));
#7256=CARTESIAN_POINT('Origin',(48.7499999999982,30.75,1.5));
#7257=CARTESIAN_POINT('Origin',(48.7499999999982,30.75,2.5));
#7258=CARTESIAN_POINT('Origin',(48.7499999999982,31.75,7.5));
#7259=CARTESIAN_POINT('',(48.7499999999982,31.25,7.5));
#7260=CARTESIAN_POINT('',(49.2499999999982,31.75,7.5));
#7261=CARTESIAN_POINT('Origin',(47.0375000000037,30.75,1.5));
#7262=CARTESIAN_POINT('',(47.0375000000037,31.25,1.5));
#7263=CARTESIAN_POINT('',(47.0375000000037,30.75,2.));
#7264=CARTESIAN_POINT('Origin',(46.8000000000037,-0.625,1.5));
#7265=CARTESIAN_POINT('',(46.8000000000037,-10.75,2.));
#7266=CARTESIAN_POINT('',(46.8000000000037,-0.625,2.));
#7267=CARTESIAN_POINT('',(46.3000000000037,-11.25,1.5));
#7268=CARTESIAN_POINT('',(46.3000000000037,-0.625,1.5));
#7269=CARTESIAN_POINT('Origin',(46.8000000000037,-10.75,1.5));
#7270=CARTESIAN_POINT('Origin',(-49.7500000000037,-47.25,15.5));
#7271=CARTESIAN_POINT('',(-49.7500000000037,-47.25,16.));
#7272=CARTESIAN_POINT('Origin',(-49.7500000000037,-47.25,15.5));
#7273=CARTESIAN_POINT('',(-49.7500000000037,-47.75,15.5));
#7274=CARTESIAN_POINT('Origin',(-49.7500000000037,-47.25,15.5));
#7275=CARTESIAN_POINT('Origin',(-49.7500000000037,-47.25,15.5));
#7276=CARTESIAN_POINT('Origin',(-48.7500000000037,30.75,1.5));
#7277=CARTESIAN_POINT('',(-48.7500000000037,30.75,2.));
#7278=CARTESIAN_POINT('Origin',(-48.7500000000037,30.75,1.5));
#7279=CARTESIAN_POINT('Origin',(-48.7500000000037,30.75,2.5));
#7280=CARTESIAN_POINT('Origin',(61.15,-47.25,15.5));
#7281=CARTESIAN_POINT('',(61.15,-47.25,16.));
#7282=CARTESIAN_POINT('',(61.65,-47.25,15.5));
#7283=CARTESIAN_POINT('Origin',(61.15,-47.25,15.5));
#7284=CARTESIAN_POINT('',(61.15,-47.75,15.5));
#7285=CARTESIAN_POINT('Origin',(61.15,-47.25,15.5));
#7286=CARTESIAN_POINT('Origin',(61.15,-47.25,15.5));
#7287=CARTESIAN_POINT('Origin',(6.22499999999908,-47.25,15.5));
#7288=CARTESIAN_POINT('',(6.22499999999908,-47.25,16.));
#7289=CARTESIAN_POINT('',(6.22499999999908,-47.75,15.5));
#7290=CARTESIAN_POINT('Origin',(49.7499999999982,-47.25,-0.4));
#7291=CARTESIAN_POINT('',(49.2499999999982,-47.25,-0.4));
#7292=CARTESIAN_POINT('',(49.7499999999982,-47.75,-0.4));
#7293=CARTESIAN_POINT('Origin',(49.7499999999982,-47.25,-0.4));
#7294=CARTESIAN_POINT('',(49.7499999999982,-47.25,-0.900000000000001));
#7295=CARTESIAN_POINT('Origin',(49.7499999999982,-47.25,-0.4));
#7296=CARTESIAN_POINT('Origin',(49.7499999999982,-47.25,-0.4));
#7297=CARTESIAN_POINT('Origin',(48.7499999999982,-10.75,1.5));
#7298=CARTESIAN_POINT('',(49.2499999999982,-11.75,1.5));
#7299=CARTESIAN_POINT('',(49.2499999999982,-10.75,2.5));
#7300=CARTESIAN_POINT('Origin',(49.2499999999982,-10.75,1.5));
#7301=CARTESIAN_POINT('',(48.7499999999982,-10.75,2.));
#7302=CARTESIAN_POINT('Origin',(48.7499999999982,-10.75,2.5));
#7303=CARTESIAN_POINT('',(48.7499999999982,-11.25,1.5));
#7304=CARTESIAN_POINT('Origin',(48.7499999999982,-10.75,1.5));
#7305=CARTESIAN_POINT('Origin',(48.7499999999982,-11.75,1.5));
#7306=CARTESIAN_POINT('Origin',(48.7499999999982,-18.875,2.5));
#7307=CARTESIAN_POINT('',(49.2499999999982,-18.875,2.5));
#7308=CARTESIAN_POINT('',(48.7499999999982,-18.875,2.));
#7309=CARTESIAN_POINT('Origin',(45.3875000000037,-10.75,1.5));
#7310=CARTESIAN_POINT('',(45.3875000000037,-11.25,1.5));
#7311=CARTESIAN_POINT('',(45.3875000000037,-10.75,2.));
#7312=CARTESIAN_POINT('Origin',(-61.15,-47.25,15.5));
#7313=CARTESIAN_POINT('',(-61.15,-47.25,16.));
#7314=CARTESIAN_POINT('',(-61.15,-47.75,15.5));
#7315=CARTESIAN_POINT('Origin',(-61.15,-47.25,15.5));
#7316=CARTESIAN_POINT('',(-61.65,-47.25,15.5));
#7317=CARTESIAN_POINT('Origin',(-61.15,-47.25,15.5));
#7318=CARTESIAN_POINT('Origin',(-61.15,-47.25,15.5));
#7319=CARTESIAN_POINT('Origin',(61.15,18.5,15.5));
#7320=CARTESIAN_POINT('',(61.65,36.,15.5));
#7321=CARTESIAN_POINT('',(61.15,36.,16.));
#7322=CARTESIAN_POINT('Origin',(61.15,36.,15.5));
#7323=CARTESIAN_POINT('',(61.15,18.5,16.));
#7324=CARTESIAN_POINT('',(61.65,18.5,15.5));
#7325=CARTESIAN_POINT('Origin',(37.9,36.,15.5));
#7326=CARTESIAN_POINT('',(37.9,59.75,15.5));
#7327=CARTESIAN_POINT('',(37.9,59.25,16.));
#7328=CARTESIAN_POINT('Origin',(37.9,59.25,15.5));
#7329=CARTESIAN_POINT('Origin',(37.9,36.,16.));
#7330=CARTESIAN_POINT('Origin',(37.9,36.,15.5));
#7331=CARTESIAN_POINT('Origin',(-43.5500000000009,59.25,15.5));
#7332=CARTESIAN_POINT('',(-37.9,59.25,16.));
#7333=CARTESIAN_POINT('Origin',(-37.9,59.25,15.5));
#7334=CARTESIAN_POINT('',(-43.5500000000009,59.25,16.));
#7335=CARTESIAN_POINT('',(-43.5500000000009,59.75,15.5));
#7336=CARTESIAN_POINT('Origin',(-37.9,36.,15.5));
#7337=CARTESIAN_POINT('',(-61.15,36.,16.));
#7338=CARTESIAN_POINT('Origin',(-61.15,36.,15.5));
#7339=CARTESIAN_POINT('Origin',(-37.9,36.,16.));
#7340=CARTESIAN_POINT('Origin',(-61.15,-23.375,15.5));
#7341=CARTESIAN_POINT('',(-61.15,-23.375,16.));
#7342=CARTESIAN_POINT('',(-61.65,-23.375,15.5));
#7343=CARTESIAN_POINT('Origin',(-49.7500000000037,-47.25,-0.4));
#7344=CARTESIAN_POINT('',(-49.7500000000037,-47.25,-0.900000000000001));
#7345=CARTESIAN_POINT('',(-49.7500000000037,-47.75,-0.4));
#7346=CARTESIAN_POINT('Origin',(-49.7500000000037,-47.25,-0.4));
#7347=CARTESIAN_POINT('Origin',(-49.7500000000037,-47.25,-0.4));
#7348=CARTESIAN_POINT('Origin',(-49.7500000000037,-47.25,-0.4));
#7349=CARTESIAN_POINT('Origin',(-48.7500000000037,-10.75,1.5));
#7350=CARTESIAN_POINT('',(-48.7500000000037,-11.25,1.5));
#7351=CARTESIAN_POINT('Origin',(-48.7500000000037,-11.75,1.5));
#7352=CARTESIAN_POINT('',(-48.7500000000037,-10.75,2.));
#7353=CARTESIAN_POINT('Origin',(-48.7500000000037,-10.75,1.5));
#7354=CARTESIAN_POINT('Origin',(-48.7500000000037,-10.75,2.5));
#7355=CARTESIAN_POINT('Origin',(61.15,-47.25,-0.4));
#7356=CARTESIAN_POINT('',(61.15,-47.75,-0.4));
#7357=CARTESIAN_POINT('',(61.65,-47.25,-0.4));
#7358=CARTESIAN_POINT('Origin',(61.15,-47.25,-0.4));
#7359=CARTESIAN_POINT('',(61.15,-47.25,-0.900000000000001));
#7360=CARTESIAN_POINT('Origin',(61.15,-47.25,-0.4));
#7361=CARTESIAN_POINT('Origin',(61.15,-47.25,-0.4));
#7362=CARTESIAN_POINT('Origin',(6.22499999999907,-47.25,-0.4));
#7363=CARTESIAN_POINT('',(6.22499999999907,-47.75,-0.4));
#7364=CARTESIAN_POINT('',(6.22499999999907,-47.25,-0.900000000000001));
#7365=CARTESIAN_POINT('Origin',(49.7499999999982,-11.75,-0.4));
#7366=CARTESIAN_POINT('',(49.2499999999982,-11.75,-0.4));
#7367=CARTESIAN_POINT('',(49.7499999999982,-11.75,-0.900000000000001));
#7368=CARTESIAN_POINT('Origin',(49.7499999999982,-11.75,-0.4));
#7369=CARTESIAN_POINT('',(48.7499999999982,-11.25,-0.4));
#7370=CARTESIAN_POINT('Origin',(48.7499999999982,-11.75,-0.4));
#7371=CARTESIAN_POINT('',(49.7499999999982,-11.25,-1.4));
#7372=CARTESIAN_POINT('Origin',(49.7499999999982,-11.25,-0.4));
#7373=CARTESIAN_POINT('Origin',(49.7499999999982,-11.75,-1.4));
#7374=CARTESIAN_POINT('Origin',(48.7499999999982,-11.75,7.5));
#7375=CARTESIAN_POINT('',(49.2499999999982,-11.75,7.5));
#7376=CARTESIAN_POINT('',(48.7499999999982,-11.25,7.5));
#7377=CARTESIAN_POINT('Origin',(-61.15,-47.25,-0.4));
#7378=CARTESIAN_POINT('',(-61.15,-47.25,-0.900000000000001));
#7379=CARTESIAN_POINT('',(-61.65,-47.25,-0.4));
#7380=CARTESIAN_POINT('Origin',(-61.15,-47.25,-0.4));
#7381=CARTESIAN_POINT('',(-61.15,-47.75,-0.4));
#7382=CARTESIAN_POINT('Origin',(-61.15,-47.25,-0.4));
#7383=CARTESIAN_POINT('Origin',(-61.15,-47.25,-0.4));
#7384=CARTESIAN_POINT('Origin',(-49.2250000000028,-47.25,-0.4));
#7385=CARTESIAN_POINT('',(-49.2250000000028,-47.75,-0.4));
#7386=CARTESIAN_POINT('',(-49.2250000000028,-47.25,-0.900000000000001));
#7387=CARTESIAN_POINT('Origin',(-61.15,-47.25,16.));
#7388=CARTESIAN_POINT('',(-61.15,-47.75,16.));
#7389=CARTESIAN_POINT('',(-61.65,-47.25,16.));
#7390=CARTESIAN_POINT('Origin',(-49.7500000000037,-11.75,-0.4));
#7391=CARTESIAN_POINT('',(-49.7500000000037,-11.25,-1.4));
#7392=CARTESIAN_POINT('',(-48.7500000000037,-11.25,-0.4));
#7393=CARTESIAN_POINT('Origin',(-49.7500000000037,-11.25,-0.4));
#7394=CARTESIAN_POINT('Origin',(-48.7500000000037,-11.75,-0.4));
#7395=CARTESIAN_POINT('',(-49.7500000000037,-11.75,-0.900000000000001));
#7396=CARTESIAN_POINT('Origin',(-49.7500000000037,-11.75,-0.4));
#7397=CARTESIAN_POINT('Origin',(-49.7500000000037,-11.75,-1.4));
#7398=CARTESIAN_POINT('Origin',(-48.7500000000037,-11.75,7.5));
#7399=CARTESIAN_POINT('',(-48.7500000000037,-11.25,7.5));
#7400=CARTESIAN_POINT('Origin',(-49.7500000000037,19.125,-0.4));
#7401=CARTESIAN_POINT('',(-49.7500000000037,19.125,-0.900000000000001));
#7402=CARTESIAN_POINT('Origin',(61.15,-11.75,-1.4));
#7403=CARTESIAN_POINT('',(61.15,-11.25,-1.4));
#7404=CARTESIAN_POINT('',(61.15,-11.75,-0.900000000000001));
#7405=CARTESIAN_POINT('Origin',(61.15,-11.75,-1.4));
#7406=CARTESIAN_POINT('',(61.65,-10.75,-1.4));
#7407=CARTESIAN_POINT('Origin',(61.15,-10.75,-1.4));
#7408=CARTESIAN_POINT('',(61.65,-11.75,-0.4));
#7409=CARTESIAN_POINT('Origin',(61.65,-11.75,-1.4));
#7410=CARTESIAN_POINT('Origin',(61.15,-11.75,-0.4));
#7411=CARTESIAN_POINT('Origin',(-61.15,-11.75,-1.4));
#7412=CARTESIAN_POINT('',(-61.65,-11.75,-0.4));
#7413=CARTESIAN_POINT('',(-61.65,-10.75,-1.4));
#7414=CARTESIAN_POINT('Origin',(-61.65,-11.75,-1.4));
#7415=CARTESIAN_POINT('',(-61.15,-11.25,-1.4));
#7416=CARTESIAN_POINT('Origin',(-61.15,-10.75,-1.4));
#7417=CARTESIAN_POINT('',(-61.15,-11.75,-0.900000000000001));
#7418=CARTESIAN_POINT('Origin',(-61.15,-11.75,-1.4));
#7419=CARTESIAN_POINT('Origin',(-61.15,-11.75,-0.4));
#7420=CARTESIAN_POINT('Origin',(61.15,-10.75,-2.5));
#7421=CARTESIAN_POINT('',(61.65,-10.75,-2.5));
#7422=CARTESIAN_POINT('',(61.15,-10.75,-3.));
#7423=CARTESIAN_POINT('Origin',(61.15,-10.75,-2.5));
#7424=CARTESIAN_POINT('',(61.15,-11.25,-2.5));
#7425=CARTESIAN_POINT('Origin',(61.15,-10.75,-2.5));
#7426=CARTESIAN_POINT('Origin',(61.15,-10.75,-2.5));
#7427=CARTESIAN_POINT('Origin',(61.15,-10.75,7.5));
#7428=CARTESIAN_POINT('',(61.65,-10.75,7.5));
#7429=CARTESIAN_POINT('',(61.15,-11.25,7.5));
#7430=CARTESIAN_POINT('Origin',(-61.15,-10.75,-2.5));
#7431=CARTESIAN_POINT('',(-61.15,-11.25,-2.5));
#7432=CARTESIAN_POINT('',(-61.15,-10.75,-3.));
#7433=CARTESIAN_POINT('Origin',(-61.15,-10.75,-2.5));
#7434=CARTESIAN_POINT('',(-61.65,-10.75,-2.5));
#7435=CARTESIAN_POINT('Origin',(-61.15,-10.75,-2.5));
#7436=CARTESIAN_POINT('Origin',(-61.15,-10.75,-2.5));
#7437=CARTESIAN_POINT('Origin',(-61.15,-10.75,7.5));
#7438=CARTESIAN_POINT('',(-61.15,-11.25,7.5));
#7439=CARTESIAN_POINT('',(-61.65,-10.75,7.5));
#7440=CARTESIAN_POINT('Origin',(-61.15,-11.75,-2.5));
#7441=CARTESIAN_POINT('',(-61.15,36.,-3.));
#7442=CARTESIAN_POINT('Origin',(-61.15,36.,-2.5));
#7443=CARTESIAN_POINT('',(-61.15,-11.75,-3.));
#7444=CARTESIAN_POINT('',(-61.65,-11.75,-2.5));
#7445=CARTESIAN_POINT('Origin',(-37.9,36.,-2.5));
#7446=CARTESIAN_POINT('',(-37.9,59.25,-3.));
#7447=CARTESIAN_POINT('Origin',(-37.9,59.25,-2.5));
#7448=CARTESIAN_POINT('Origin',(-37.9,36.,-3.));
#7449=CARTESIAN_POINT('Origin',(-18.95,59.25,-2.5));
#7450=CARTESIAN_POINT('',(37.9,59.25,-3.));
#7451=CARTESIAN_POINT('Origin',(37.9,59.25,-2.5));
#7452=CARTESIAN_POINT('',(-18.95,59.25,-3.));
#7453=CARTESIAN_POINT('Origin',(37.9,36.,-2.5));
#7454=CARTESIAN_POINT('',(61.65,36.,-2.5));
#7455=CARTESIAN_POINT('',(61.15,36.,-3.));
#7456=CARTESIAN_POINT('Origin',(61.15,36.,-2.5));
#7457=CARTESIAN_POINT('Origin',(37.9,36.,-3.));
#7458=CARTESIAN_POINT('Origin',(37.9,36.,-2.5));
#7459=CARTESIAN_POINT('Origin',(61.15,30.125,-2.5));
#7460=CARTESIAN_POINT('',(61.15,30.125,-3.));
#7461=CARTESIAN_POINT('',(61.65,30.125,-2.5));
#7462=CARTESIAN_POINT('Origin',(21.5000000000018,-10.75,-2.5));
#7463=CARTESIAN_POINT('',(45.,-11.25,-2.5));
#7464=CARTESIAN_POINT('',(45.,-10.75,-3.));
#7465=CARTESIAN_POINT('Origin',(45.,-10.75,-2.5));
#7466=CARTESIAN_POINT('',(21.5000000000018,-10.75,-3.));
#7467=CARTESIAN_POINT('',(21.5000000000018,-11.25,-2.5));
#7468=CARTESIAN_POINT('Ctrl Pts',(44.5,-10.25,-3.));
#7469=CARTESIAN_POINT('Ctrl Pts',(44.5,-10.75,-3.));
#7470=CARTESIAN_POINT('Ctrl Pts',(45.,-10.75,-3.));
#7471=CARTESIAN_POINT('Ctrl Pts',(44.,-10.25,-3.));
#7472=CARTESIAN_POINT('Ctrl Pts',(44.,-11.25,-3.));
#7473=CARTESIAN_POINT('Ctrl Pts',(45.,-11.25,-3.));
#7474=CARTESIAN_POINT('Ctrl Pts',(44.,-10.25,-2.5));
#7475=CARTESIAN_POINT('Ctrl Pts',(44.,-11.25,-2.5));
#7476=CARTESIAN_POINT('Ctrl Pts',(45.,-11.25,-2.5));
#7477=CARTESIAN_POINT('',(44.,-10.25,-2.5));
#7478=CARTESIAN_POINT('',(44.5,-10.25,-3.));
#7479=CARTESIAN_POINT('Origin',(44.5,-10.25,-2.5));
#7480=CARTESIAN_POINT('Origin',(45.,-10.25,-3.));
#7481=CARTESIAN_POINT('Origin',(45.,-10.25,-2.5));
#7482=CARTESIAN_POINT('Origin',(44.5,6.5,-2.5));
#7483=CARTESIAN_POINT('',(44.,38.75,-2.5));
#7484=CARTESIAN_POINT('',(44.5,38.75,-3.));
#7485=CARTESIAN_POINT('Origin',(44.5,38.75,-2.5));
#7486=CARTESIAN_POINT('',(44.5,6.5,-3.));
#7487=CARTESIAN_POINT('',(44.,6.5,-2.5));
#7488=CARTESIAN_POINT('Origin',(37.75,38.75,-2.5));
#7489=CARTESIAN_POINT('',(37.75,45.,-2.5));
#7490=CARTESIAN_POINT('',(37.75,45.5,-3.));
#7491=CARTESIAN_POINT('Origin',(37.75,45.5,-2.5));
#7492=CARTESIAN_POINT('Origin',(37.75,38.75,-3.));
#7493=CARTESIAN_POINT('Origin',(37.75,38.75,-2.5));
#7494=CARTESIAN_POINT('Origin',(18.875,45.5,-2.5));
#7495=CARTESIAN_POINT('',(-37.75,45.,-2.5));
#7496=CARTESIAN_POINT('',(-37.75,45.5,-3.));
#7497=CARTESIAN_POINT('Origin',(-37.75,45.5,-2.5));
#7498=CARTESIAN_POINT('',(18.875,45.5,-3.));
#7499=CARTESIAN_POINT('',(18.875,45.,-2.5));
#7500=CARTESIAN_POINT('Origin',(-37.75,38.75,-2.5));
#7501=CARTESIAN_POINT('',(-44.,38.75,-2.5));
#7502=CARTESIAN_POINT('',(-44.5,38.75,-3.));
#7503=CARTESIAN_POINT('Origin',(-44.5,38.75,-2.5));
#7504=CARTESIAN_POINT('Origin',(-37.75,38.75,-3.));
#7505=CARTESIAN_POINT('Origin',(-37.75,38.75,-2.5));
#7506=CARTESIAN_POINT('Origin',(-44.5,31.5,-2.5));
#7507=CARTESIAN_POINT('',(-44.,-10.25,-2.5));
#7508=CARTESIAN_POINT('',(-44.5,-10.25,-3.));
#7509=CARTESIAN_POINT('Origin',(-44.5,-10.25,-2.5));
#7510=CARTESIAN_POINT('',(-44.5,31.5,-3.));
#7511=CARTESIAN_POINT('',(-44.,31.5,-2.5));
#7512=CARTESIAN_POINT('Ctrl Pts',(-45.,-10.75,-3.));
#7513=CARTESIAN_POINT('Ctrl Pts',(-44.5,-10.75,-3.));
#7514=CARTESIAN_POINT('Ctrl Pts',(-44.5,-10.25,-3.));
#7515=CARTESIAN_POINT('Ctrl Pts',(-45.,-11.25,-3.));
#7516=CARTESIAN_POINT('Ctrl Pts',(-44.,-11.25,-3.));
#7517=CARTESIAN_POINT('Ctrl Pts',(-44.,-10.25,-3.));
#7518=CARTESIAN_POINT('Ctrl Pts',(-45.,-11.25,-2.5));
#7519=CARTESIAN_POINT('Ctrl Pts',(-44.,-11.25,-2.5));
#7520=CARTESIAN_POINT('Ctrl Pts',(-44.,-10.25,-2.5));
#7521=CARTESIAN_POINT('',(-45.,-11.25,-2.5));
#7522=CARTESIAN_POINT('',(-45.,-10.75,-3.));
#7523=CARTESIAN_POINT('Origin',(-45.,-10.75,-2.5));
#7524=CARTESIAN_POINT('Origin',(-45.,-10.25,-3.));
#7525=CARTESIAN_POINT('Origin',(-45.,-10.25,-2.5));
#7526=CARTESIAN_POINT('Origin',(-21.5000000000018,-10.75,-2.5));
#7527=CARTESIAN_POINT('',(-21.5000000000018,-10.75,-3.));
#7528=CARTESIAN_POINT('',(-21.5000000000018,-11.25,-2.5));
#7529=CARTESIAN_POINT('Origin',(-46.1000000000028,-11.75,-1.4));
#7530=CARTESIAN_POINT('',(-46.1000000000028,-11.25,-1.4));
#7531=CARTESIAN_POINT('',(-46.1000000000028,-11.75,-0.900000000000001));
#7532=CARTESIAN_POINT('Origin',(-61.15,-23.375,-0.4));
#7533=CARTESIAN_POINT('',(-61.65,-23.375,-0.4));
#7534=CARTESIAN_POINT('',(-61.15,-23.375,-0.900000000000001));
#7535=CARTESIAN_POINT('Origin',(61.15,18.5,-0.4));
#7536=CARTESIAN_POINT('',(61.65,18.5,-0.4));
#7537=CARTESIAN_POINT('',(61.15,18.5,-0.900000000000001));
#7538=CARTESIAN_POINT('Origin',(-3.0999999999991,-11.75,-1.4));
#7539=CARTESIAN_POINT('',(-3.0999999999991,-11.25,-1.4));
#7540=CARTESIAN_POINT('',(-3.0999999999991,-11.75,-0.900000000000001));
#7541=CARTESIAN_POINT('Origin',(49.7499999999982,-23.375,-0.4));
#7542=CARTESIAN_POINT('',(49.2499999999982,-23.375,-0.4));
#7543=CARTESIAN_POINT('',(49.7499999999982,-23.375,-0.900000000000001));
#7544=CARTESIAN_POINT('Origin',(61.15,-47.25,16.));
#7545=CARTESIAN_POINT('',(61.65,-47.25,16.));
#7546=CARTESIAN_POINT('',(61.15,-47.75,16.));
#7547=CARTESIAN_POINT('Origin',(-45.3875000000037,-10.75,1.5));
#7548=CARTESIAN_POINT('',(-46.8000000000037,-11.25,1.5));
#7549=CARTESIAN_POINT('',(-46.8000000000037,-10.75,2.));
#7550=CARTESIAN_POINT('Origin',(-46.8000000000037,-10.75,1.5));
#7551=CARTESIAN_POINT('',(-45.3875000000037,-10.75,2.));
#7552=CARTESIAN_POINT('',(-45.3875000000037,-11.25,1.5));
#7553=CARTESIAN_POINT('Origin',(-46.8000000000037,-10.75,1.5));
#7554=CARTESIAN_POINT('',(-46.3000000000037,-10.75,1.5));
#7555=CARTESIAN_POINT('Origin',(-46.8000000000037,-10.75,1.5));
#7556=CARTESIAN_POINT('Origin',(-46.8000000000037,-10.75,1.5));
#7557=CARTESIAN_POINT('Origin',(-48.7500000000037,23.625,2.5));
#7558=CARTESIAN_POINT('',(-48.7500000000037,23.625,2.));
#7559=CARTESIAN_POINT('Origin',(-49.7500000000037,-47.25,16.));
#7560=CARTESIAN_POINT('',(-49.7500000000037,-47.75,16.));
#7561=CARTESIAN_POINT('Origin',(-49.2250000000028,-47.25,15.5));
#7562=CARTESIAN_POINT('',(-49.2250000000028,-47.25,16.));
#7563=CARTESIAN_POINT('',(-49.2250000000028,-47.75,15.5));
#7564=CARTESIAN_POINT('Origin',(49.7499999999982,-47.25,16.));
#7565=CARTESIAN_POINT('',(49.7499999999982,-47.75,16.));
#7566=CARTESIAN_POINT('',(49.2499999999982,-47.25,16.));
#7567=CARTESIAN_POINT('Origin',(-47.0375000000037,30.75,1.5));
#7568=CARTESIAN_POINT('',(-46.8000000000037,30.75,2.));
#7569=CARTESIAN_POINT('',(-46.8000000000037,31.25,1.5));
#7570=CARTESIAN_POINT('Origin',(-46.8000000000037,30.75,1.5));
#7571=CARTESIAN_POINT('',(-47.0375000000037,31.25,1.5));
#7572=CARTESIAN_POINT('',(-47.0375000000037,30.75,2.));
#7573=CARTESIAN_POINT('Origin',(-46.8000000000037,30.75,1.5));
#7574=CARTESIAN_POINT('',(-46.3000000000037,30.75,1.5));
#7575=CARTESIAN_POINT('Origin',(-46.8000000000037,30.75,1.5));
#7576=CARTESIAN_POINT('Origin',(-46.8000000000037,30.75,1.5));
#7577=CARTESIAN_POINT('Origin',(-49.7500000000037,19.125,15.5));
#7578=CARTESIAN_POINT('',(-49.7500000000037,37.25,16.));
#7579=CARTESIAN_POINT('Origin',(-49.7500000000037,37.25,15.5));
#7580=CARTESIAN_POINT('',(-49.7500000000037,19.125,16.));
#7581=CARTESIAN_POINT('Origin',(-36.7500000000037,37.25,15.5));
#7582=CARTESIAN_POINT('',(-47.5288685237853,44.5174612724822,16.));
#7583=CARTESIAN_POINT('Origin',(-47.5288685237853,44.5174612724822,15.5));
#7584=CARTESIAN_POINT('Origin',(-36.7500000000037,37.25,16.));
#7585=CARTESIAN_POINT('Origin',(-42.1394342618945,40.8837306362411,15.5));
#7586=CARTESIAN_POINT('Origin',(-42.1394342618945,40.8837306362411,16.));
#7587=CARTESIAN_POINT('Origin',(-42.1394342618945,40.8837306362411,15.5));
#7588=CARTESIAN_POINT('Origin',(-36.611710953767,43.75,15.5));
#7589=CARTESIAN_POINT('',(-36.611710953767,49.75,15.5));
#7590=CARTESIAN_POINT('',(-36.611710953767,50.25,16.));
#7591=CARTESIAN_POINT('Origin',(-36.611710953767,50.25,15.5));
#7592=CARTESIAN_POINT('Origin',(-36.611710953767,43.75,16.));
#7593=CARTESIAN_POINT('Origin',(-36.611710953767,43.75,15.5));
#7594=CARTESIAN_POINT('Origin',(-6.22500000000182,50.25,15.5));
#7595=CARTESIAN_POINT('',(36.6117109537692,49.75,15.5));
#7596=CARTESIAN_POINT('',(36.6117109537692,50.25,16.));
#7597=CARTESIAN_POINT('Origin',(36.6117109537692,50.25,15.5));
#7598=CARTESIAN_POINT('',(-6.22500000000182,50.25,16.));
#7599=CARTESIAN_POINT('',(-6.22500000000182,49.75,15.5));
#7600=CARTESIAN_POINT('Origin',(36.6117109537692,43.75,15.5));
#7601=CARTESIAN_POINT('Origin',(36.6117109537692,43.75,16.));
#7602=CARTESIAN_POINT('Origin',(36.6117109537692,43.75,15.5));
#7603=CARTESIAN_POINT('Origin',(42.1394342618873,40.8837306362437,15.5));
#7604=CARTESIAN_POINT('',(47.1142966574772,44.237943531238,15.5));
#7605=CARTESIAN_POINT('',(47.5288685237763,44.5174612724875,16.));
#7606=CARTESIAN_POINT('Origin',(47.5288685237763,44.5174612724875,15.5));
#7607=CARTESIAN_POINT('Origin',(42.1394342618873,40.8837306362437,16.));
#7608=CARTESIAN_POINT('Origin',(42.1394342618873,40.8837306362437,15.5));
#7609=CARTESIAN_POINT('Origin',(36.7499999999982,37.25,15.5));
#7610=CARTESIAN_POINT('',(49.2499999999982,37.25,15.5));
#7611=CARTESIAN_POINT('',(49.7499999999982,37.25,16.));
#7612=CARTESIAN_POINT('Origin',(49.7499999999982,37.25,15.5));
#7613=CARTESIAN_POINT('Origin',(36.7499999999982,37.25,16.));
#7614=CARTESIAN_POINT('Origin',(36.7499999999982,37.25,15.5));
#7615=CARTESIAN_POINT('Origin',(49.7499999999982,-23.375,15.5));
#7616=CARTESIAN_POINT('',(49.7499999999982,-23.375,16.));
#7617=CARTESIAN_POINT('',(49.2499999999982,-23.375,15.5));
#7618=CARTESIAN_POINT('Origin',(46.8000000000037,30.75,-1.));
#7619=CARTESIAN_POINT('',(46.8000000000037,31.25,-1.));
#7620=CARTESIAN_POINT('',(46.3000000000037,30.75,-1.));
#7621=CARTESIAN_POINT('Origin',(45.8000000000037,-10.75,-1.5));
#7622=CARTESIAN_POINT('',(46.3000000000037,-10.75,-0.500000000000001));
#7623=CARTESIAN_POINT('',(45.8000000000037,-10.75,-1.));
#7624=CARTESIAN_POINT('Origin',(45.8000000000037,-10.75,-0.500000000000001));
#7625=CARTESIAN_POINT('',(45.8000000000037,-11.25,-1.5));
#7626=CARTESIAN_POINT('Origin',(45.8000000000037,-10.75,-1.5));
#7627=CARTESIAN_POINT('',(46.3000000000037,-11.25,-0.633974596215561));
#7628=CARTESIAN_POINT('Ctrl Pts',(45.8000000000037,-11.25,-1.5));
#7629=CARTESIAN_POINT('Ctrl Pts',(45.9385491110442,-11.25,-1.36145088895952));
#7630=CARTESIAN_POINT('Ctrl Pts',(46.101956358098,-11.25,-1.19238836389799));
#7631=CARTESIAN_POINT('Ctrl Pts',(46.2552140000548,-11.25,-0.907634763424561));
#7632=CARTESIAN_POINT('Ctrl Pts',(46.3000000000037,-11.25,-0.761413307153344));
#7633=CARTESIAN_POINT('Ctrl Pts',(46.3000000000037,-11.25,-0.633974596215561));
#7634=CARTESIAN_POINT('Origin',(46.3000000000037,-10.75,-1.5));
#7635=CARTESIAN_POINT('Origin',(45.8000000000037,6.5,-0.500000000000001));
#7636=CARTESIAN_POINT('',(45.8000000000037,6.5,-1.));
#7637=CARTESIAN_POINT('',(46.3000000000037,6.5,-0.500000000000001));
#7638=CARTESIAN_POINT('Origin',(61.65,36.,16.));
#7639=CARTESIAN_POINT('',(61.65,36.,16.));
#7640=CARTESIAN_POINT('Origin',(-46.8000000000037,30.75,-1.));
#7641=CARTESIAN_POINT('',(-46.3000000000037,30.75,-0.500000000000001));
#7642=CARTESIAN_POINT('',(-46.3000000000037,30.75,-1.));
#7643=CARTESIAN_POINT('Origin',(-46.8000000000037,30.75,-0.500000000000001));
#7644=CARTESIAN_POINT('',(-46.8000000000037,31.25,-1.));
#7645=CARTESIAN_POINT('Origin',(-47.7750000000037,10.,2.));
#7646=CARTESIAN_POINT('',(-46.8000000000037,-0.625,2.));
#7647=CARTESIAN_POINT('Origin',(-46.8000000000037,-0.625,1.5));
#7648=CARTESIAN_POINT('',(-46.3000000000037,-0.625,1.5));
#7649=CARTESIAN_POINT('Origin',(-46.8000000000037,-10.75,-1.));
#7650=CARTESIAN_POINT('',(-46.8000000000037,-11.25,-0.500000000000001));
#7651=CARTESIAN_POINT('',(-46.8000000000037,-11.25,-1.));
#7652=CARTESIAN_POINT('',(-46.3000000000037,-10.75,-0.500000000000001));
#7653=CARTESIAN_POINT('Origin',(-46.8000000000037,-10.75,-0.500000000000001));
#7654=CARTESIAN_POINT('',(-46.3000000000037,-10.75,-1.));
#7655=CARTESIAN_POINT('Origin',(-43.0000000000037,-11.25,-1.));
#7656=CARTESIAN_POINT('',(-45.,-11.25,-1.5));
#7657=CARTESIAN_POINT('',(-45.,-11.25,-2.));
#7658=CARTESIAN_POINT('',(-45.8000000000037,-11.25,-1.5));
#7659=CARTESIAN_POINT('',(-21.5000000000018,-11.25,-1.5));
#7660=CARTESIAN_POINT('Origin',(-45.8000000000037,-11.25,-0.500000000000001));
#7661=CARTESIAN_POINT('Origin',(-45.,-10.25,-2.));
#7662=CARTESIAN_POINT('',(-44.,-10.25,-1.5));
#7663=CARTESIAN_POINT('',(-44.,-10.25,-2.));
#7664=CARTESIAN_POINT('Origin',(-45.,-10.25,-1.5));
#7665=CARTESIAN_POINT('Origin',(-44.,38.75,-3.));
#7666=CARTESIAN_POINT('',(-44.,38.75,-1.5));
#7667=CARTESIAN_POINT('',(-44.,38.75,-3.));
#7668=CARTESIAN_POINT('',(-44.,31.5,-1.5));
#7669=CARTESIAN_POINT('Origin',(-37.75,38.75,-3.));
#7670=CARTESIAN_POINT('',(-37.75,45.,-1.5));
#7671=CARTESIAN_POINT('',(-37.75,45.,-3.));
#7672=CARTESIAN_POINT('Origin',(-37.75,38.75,-1.5));
#7673=CARTESIAN_POINT('Origin',(37.75,45.,-3.));
#7674=CARTESIAN_POINT('',(37.75,45.,-1.5));
#7675=CARTESIAN_POINT('',(37.75,45.,-3.));
#7676=CARTESIAN_POINT('',(18.875,45.,-1.5));
#7677=CARTESIAN_POINT('Origin',(37.75,38.75,-3.));
#7678=CARTESIAN_POINT('',(44.,38.75,-1.5));
#7679=CARTESIAN_POINT('',(44.,38.75,-3.));
#7680=CARTESIAN_POINT('Origin',(37.75,38.75,-1.5));
#7681=CARTESIAN_POINT('Origin',(44.,-11.25,-3.));
#7682=CARTESIAN_POINT('',(44.,-10.25,-1.5));
#7683=CARTESIAN_POINT('',(44.,-10.25,-2.));
#7684=CARTESIAN_POINT('',(44.,6.5,-1.5));
#7685=CARTESIAN_POINT('Origin',(45.,-10.25,-2.));
#7686=CARTESIAN_POINT('',(45.,-11.25,-1.5));
#7687=CARTESIAN_POINT('',(45.,-11.25,-2.));
#7688=CARTESIAN_POINT('Origin',(45.,-10.25,-1.5));
#7689=CARTESIAN_POINT('Origin',(43.0000000000037,-11.25,-1.));
#7690=CARTESIAN_POINT('',(46.3000000000037,-11.25,-1.));
#7691=CARTESIAN_POINT('',(21.5000000000018,-11.25,-1.5));
#7692=CARTESIAN_POINT('Origin',(46.3000000000037,-11.25,-1.));
#7693=CARTESIAN_POINT('Origin',(46.3000000000037,31.25,-1.));
#7694=CARTESIAN_POINT('Origin',(47.7750000000037,10.,2.));
#7695=CARTESIAN_POINT('Origin',(-49.2000000000019,0.999999999999996,16.));
#7696=CARTESIAN_POINT('Origin',(-49.2000000000019,0.999999999999996,-0.900000000000001));
#7697=CARTESIAN_POINT('Origin',(61.65,-47.75,16.));
#7698=CARTESIAN_POINT('Origin',(-49.2000000000019,0.999999999999996,-0.900000000000001));
#7699=CARTESIAN_POINT('Origin',(-49.2500000000037,-47.75,16.));
#7700=CARTESIAN_POINT('Origin',(0.,24.25,-3.));
#7701=CARTESIAN_POINT('Origin',(-3.6128858573014,68.1826221657651,11.75));
#7702=CARTESIAN_POINT('',(-39.6038074574168,49.520386339999,11.25));
#7703=CARTESIAN_POINT('',(-3.6128858573014,68.1826221657651,11.25));
#7704=CARTESIAN_POINT('',(-39.3736461879053,49.0765104676913,11.75));
#7705=CARTESIAN_POINT('Origin',(-39.6038074574168,49.520386339999,11.75));
#7706=CARTESIAN_POINT('',(-44.7698387304885,46.2784432520242,11.75));
#7707=CARTESIAN_POINT('',(-3.38272458778988,67.7387462934575,11.75));
#7708=CARTESIAN_POINT('Origin',(-45.,46.7223191243319,11.75));
#7709=CARTESIAN_POINT('Origin',(40.8749999999991,50.25,11.75));
#7710=CARTESIAN_POINT('',(-36.611710953767,49.75,11.75));
#7711=CARTESIAN_POINT('',(-36.611710953767,50.25,11.25));
#7712=CARTESIAN_POINT('Origin',(-36.611710953767,50.25,11.75));
#7713=CARTESIAN_POINT('',(36.6117109537692,50.25,11.25));
#7714=CARTESIAN_POINT('',(40.8749999999991,50.25,11.25));
#7715=CARTESIAN_POINT('',(36.6117109537692,49.75,11.75));
#7716=CARTESIAN_POINT('Origin',(36.6117109537692,50.25,11.75));
#7717=CARTESIAN_POINT('',(40.8749999999991,49.75,11.75));
#7718=CARTESIAN_POINT('Origin',(36.6117109537692,43.75,11.75));
#7719=CARTESIAN_POINT('',(39.6038074574208,49.520386339998,11.25));
#7720=CARTESIAN_POINT('',(39.3736461879091,49.0765104676905,11.75));
#7721=CARTESIAN_POINT('Origin',(39.6038074574208,49.520386339998,11.75));
#7722=CARTESIAN_POINT('Origin',(36.6117109537692,43.75,11.75));
#7723=CARTESIAN_POINT('Origin',(36.6117109537692,43.75,11.25));
#7724=CARTESIAN_POINT('Origin',(-36.611710953767,43.75,11.75));
#7725=CARTESIAN_POINT('Origin',(-36.611710953767,43.75,11.75));
#7726=CARTESIAN_POINT('Origin',(-36.611710953767,43.75,11.25));
#7727=CARTESIAN_POINT('Origin',(42.9677146912494,47.7761123035822,11.75));
#7728=CARTESIAN_POINT('',(45.0853820047724,46.5651171132996,11.2601537830339));
#7729=CARTESIAN_POINT('Ctrl Pts',(45.0853820047724,46.5651171132996,11.2601537830339));
#7730=CARTESIAN_POINT('Ctrl Pts',(45.0672862421312,46.5813096197863,11.258916591001));
#7731=CARTESIAN_POINT('Ctrl Pts',(45.0491014090387,46.5974868988504,11.2578070572297));
#7732=CARTESIAN_POINT('Ctrl Pts',(45.0308210756309,46.6136532567881,11.2568165756263));
#7733=CARTESIAN_POINT('',(44.9013694960272,46.2102411039342,11.75));
#7734=CARTESIAN_POINT('Origin',(45.1315307655389,46.6541169762418,11.75));
#7735=CARTESIAN_POINT('',(44.7698387304883,46.2784432520233,11.75));
#7736=CARTESIAN_POINT('',(42.7375534217377,47.3322364312747,11.75));
#7737=CARTESIAN_POINT('',(44.9709380675897,46.6662719421661,11.2540018977295));
#7738=CARTESIAN_POINT('Origin',(45.,46.7223191243308,11.75));
#7739=CARTESIAN_POINT('',(42.7375534217377,47.3322364312747,11.75));
#7740=CARTESIAN_POINT('',(42.9677146912494,47.7761123035822,11.25));
#7741=CARTESIAN_POINT('Origin',(42.1394342618873,40.8837306362437,11.75));
#7742=CARTESIAN_POINT('',(47.1142966574772,44.237943531238,11.75));
#7743=CARTESIAN_POINT('Ctrl Pts',(47.1142966574772,44.237943531238,11.75));
#7744=CARTESIAN_POINT('Ctrl Pts',(47.1116686316698,44.2418413359311,11.7490214088121));
#7745=CARTESIAN_POINT('Ctrl Pts',(47.1090384064608,44.2457376589506,11.7480428174119));
#7746=CARTESIAN_POINT('Ctrl Pts',(46.4668110591387,45.1959542801576,11.5093010162069));
#7747=CARTESIAN_POINT('Ctrl Pts',(45.7617791975553,45.9598612780559,11.3063984887481));
#7748=CARTESIAN_POINT('Ctrl Pts',(45.0853820047724,46.5651171132996,11.2601537830339));
#7749=CARTESIAN_POINT('Origin',(42.1394342618873,40.8837306362437,11.75));
#7750=CARTESIAN_POINT('Origin',(-3.6128858573014,68.1826221657651,11.75));
#7751=CARTESIAN_POINT('',(-3.38272458778988,67.7387462934575,11.75));
#7752=CARTESIAN_POINT('Origin',(36.6117109537692,43.75,16.));
#7753=CARTESIAN_POINT('',(36.6117109537692,49.75,16.));
#7754=CARTESIAN_POINT('',(39.3736461879091,49.0765104676905,16.));
#7755=CARTESIAN_POINT('Origin',(46.029057744333,45.6255052013177,16.));
#7756=CARTESIAN_POINT('',(44.9013694960272,46.2102411039342,16.));
#7757=CARTESIAN_POINT('Origin',(42.1394342618873,40.8837306362437,16.));
#7758=CARTESIAN_POINT('',(47.1142966574772,44.237943531238,16.));
#7759=CARTESIAN_POINT('Origin',(45.,59.75,11.25));
#7760=CARTESIAN_POINT('Origin',(-46.8000000000037,30.75,-0.500000000000001));
#7761=CARTESIAN_POINT('',(-45.8000000000037,30.75,-1.));
#7762=CARTESIAN_POINT('Origin',(-46.8000000000037,30.75,-1.));
#7763=CARTESIAN_POINT('Origin',(-45.8000000000037,30.75,-0.500000000000001));
#7764=CARTESIAN_POINT('Origin',(-45.8000000000037,-10.75,-0.500000000000001));
#7765=CARTESIAN_POINT('',(-45.8000000000037,-10.75,-1.));
#7766=CARTESIAN_POINT('Origin',(-45.8000000000037,-10.75,-0.500000000000001));
#7767=CARTESIAN_POINT('Origin',(-45.8000000000037,-10.75,-1.5));
#7768=CARTESIAN_POINT('Origin',(21.5000000000018,-10.75,-1.5));
#7769=CARTESIAN_POINT('',(45.,-10.75,-1.));
#7770=CARTESIAN_POINT('',(21.5000000000018,-10.75,-1.));
#7771=CARTESIAN_POINT('Origin',(45.,-10.75,-1.5));
#7772=CARTESIAN_POINT('Ctrl Pts',(45.,-10.75,-1.));
#7773=CARTESIAN_POINT('Ctrl Pts',(44.5,-10.75,-1.));
#7774=CARTESIAN_POINT('Ctrl Pts',(44.5,-10.25,-1.));
#7775=CARTESIAN_POINT('Ctrl Pts',(45.,-11.25,-0.999999999999999));
#7776=CARTESIAN_POINT('Ctrl Pts',(44.,-11.25,-0.999999999999999));
#7777=CARTESIAN_POINT('Ctrl Pts',(44.,-10.25,-0.999999999999999));
#7778=CARTESIAN_POINT('Ctrl Pts',(45.,-11.25,-1.5));
#7779=CARTESIAN_POINT('Ctrl Pts',(44.,-11.25,-1.5));
#7780=CARTESIAN_POINT('Ctrl Pts',(44.,-10.25,-1.5));
#7781=CARTESIAN_POINT('',(44.5,-10.25,-1.));
#7782=CARTESIAN_POINT('Origin',(44.5,-10.25,-1.5));
#7783=CARTESIAN_POINT('Origin',(45.,-10.25,-1.));
#7784=CARTESIAN_POINT('Origin',(44.5,6.5,-1.5));
#7785=CARTESIAN_POINT('',(44.5,38.75,-1.));
#7786=CARTESIAN_POINT('Origin',(44.5,38.75,-1.5));
#7787=CARTESIAN_POINT('',(44.5,6.5,-1.));
#7788=CARTESIAN_POINT('Origin',(37.75,38.75,-1.5));
#7789=CARTESIAN_POINT('',(37.75,45.5,-1.));
#7790=CARTESIAN_POINT('Origin',(37.75,45.5,-1.5));
#7791=CARTESIAN_POINT('Origin',(37.75,38.75,-1.));
#7792=CARTESIAN_POINT('Origin',(18.875,45.5,-1.5));
#7793=CARTESIAN_POINT('',(-37.75,45.5,-1.));
#7794=CARTESIAN_POINT('Origin',(-37.75,45.5,-1.5));
#7795=CARTESIAN_POINT('',(18.875,45.5,-1.));
#7796=CARTESIAN_POINT('Origin',(-37.75,38.75,-1.5));
#7797=CARTESIAN_POINT('',(-44.5,38.75,-1.));
#7798=CARTESIAN_POINT('Origin',(-44.5,38.75,-1.5));
#7799=CARTESIAN_POINT('Origin',(-37.75,38.75,-1.));
#7800=CARTESIAN_POINT('Origin',(-44.5,31.5,-1.5));
#7801=CARTESIAN_POINT('',(-44.5,-10.25,-1.));
#7802=CARTESIAN_POINT('Origin',(-44.5,-10.25,-1.5));
#7803=CARTESIAN_POINT('',(-44.5,31.5,-1.));
#7804=CARTESIAN_POINT('Ctrl Pts',(-44.5,-10.25,-1.));
#7805=CARTESIAN_POINT('Ctrl Pts',(-44.5,-10.75,-1.));
#7806=CARTESIAN_POINT('Ctrl Pts',(-45.,-10.75,-1.));
#7807=CARTESIAN_POINT('Ctrl Pts',(-44.,-10.25,-0.999999999999998));
#7808=CARTESIAN_POINT('Ctrl Pts',(-44.,-11.25,-0.999999999999998));
#7809=CARTESIAN_POINT('Ctrl Pts',(-45.,-11.25,-0.999999999999998));
#7810=CARTESIAN_POINT('Ctrl Pts',(-44.,-10.25,-1.5));
#7811=CARTESIAN_POINT('Ctrl Pts',(-44.,-11.25,-1.5));
#7812=CARTESIAN_POINT('Ctrl Pts',(-45.,-11.25,-1.5));
#7813=CARTESIAN_POINT('',(-45.,-10.75,-1.));
#7814=CARTESIAN_POINT('Origin',(-45.,-10.75,-1.5));
#7815=CARTESIAN_POINT('Origin',(-45.,-10.25,-1.));
#7816=CARTESIAN_POINT('Origin',(-21.5000000000018,-10.75,-1.5));
#7817=CARTESIAN_POINT('',(-21.5000000000018,-10.75,-1.));
#7818=CARTESIAN_POINT('Origin',(-45.8000000000037,6.5,-0.500000000000001));
#7819=CARTESIAN_POINT('',(-45.8000000000037,6.5,-1.));
#7820=CARTESIAN_POINT('',(-46.3000000000037,6.5,-0.500000000000001));
#7821=CARTESIAN_POINT('Origin',(-46.3000000000037,31.25,-1.));
#7822=CARTESIAN_POINT('Origin',(0.,24.25,-1.));
#7823=CARTESIAN_POINT('Origin',(-46.3000000000037,-11.25,-1.));
#7824=CARTESIAN_POINT('Origin',(36.7499999999982,37.25,16.));
#7825=CARTESIAN_POINT('',(49.2499999999982,37.25,16.));
#7826=CARTESIAN_POINT('',(36.7499999999982,49.75,16.));
#7827=CARTESIAN_POINT('Origin',(36.7499999999982,49.75,16.));
#7828=CARTESIAN_POINT('',(-36.611710953767,49.75,16.));
#7829=CARTESIAN_POINT('Origin',(-42.1394342618945,40.8837306362411,16.));
#7830=CARTESIAN_POINT('',(-44.9013694960328,46.2102411039325,16.));
#7831=CARTESIAN_POINT('Origin',(-38.2486844824981,49.659832586378,16.));
#7832=CARTESIAN_POINT('',(-39.3736461879053,49.0765104676913,16.));
#7833=CARTESIAN_POINT('Origin',(-36.611710953767,43.75,16.));
#7834=CARTESIAN_POINT('Origin',(43.75,52.052395838445,12.9));
#7835=CARTESIAN_POINT('Origin',(-43.75,52.0523958384471,12.9));
#7836=CARTESIAN_POINT('Origin',(49.2499999999982,-47.75,16.));
#7837=CARTESIAN_POINT('Origin',(36.7499999999982,49.75,16.));
#7838=CARTESIAN_POINT('Origin',(37.9,36.,16.));
#7839=CARTESIAN_POINT('',(37.9,59.75,16.));
#7840=CARTESIAN_POINT('Origin',(-37.9,59.75,16.));
#7841=CARTESIAN_POINT('Origin',(-61.65,-47.75,16.));
#7842=CARTESIAN_POINT('',(0.,0.,0.));
#7843=CARTESIAN_POINT('Origin',(0.,0.,0.));
#7844=CARTESIAN_POINT('',(-4.,4.89858719658941E-16,0.));
#7845=CARTESIAN_POINT('Origin',(0.,0.,0.));
#7846=CARTESIAN_POINT('',(-4.,4.89858719658941E-16,3.));
#7847=CARTESIAN_POINT('',(-4.,4.89858719658941E-16,0.));
#7848=CARTESIAN_POINT('Origin',(0.,0.,3.));
#7849=CARTESIAN_POINT('Origin',(0.,0.,0.));
#7850=CARTESIAN_POINT('Origin',(0.,0.,3.));
#7851=CARTESIAN_POINT('Origin',(44.4500000000039,37.249999999996,0.));
#7852=CARTESIAN_POINT('',(44.0755491222202,37.249999999996,15.));
#7853=CARTESIAN_POINT('',(44.0755491222202,-37.250000000004,15.));
#7854=CARTESIAN_POINT('',(44.0755491222202,18.624999999996,15.));
#7855=CARTESIAN_POINT('',(44.4500000000039,37.249999999996,0.));
#7856=CARTESIAN_POINT('',(44.4500000000039,37.249999999996,0.));
#7857=CARTESIAN_POINT('',(44.4500000000039,-37.250000000004,0.));
#7858=CARTESIAN_POINT('',(44.4500000000039,18.624999999996,-6.93889390390723E-17));
#7859=CARTESIAN_POINT('',(44.4500000000039,-37.250000000004,0.));
#7860=CARTESIAN_POINT('Origin',(37.2500000000039,-37.250000000004,0.));
#7861=CARTESIAN_POINT('',(37.2500000000039,-44.0755491222203,15.));
#7862=CARTESIAN_POINT('Origin',(37.2500000000039,-37.250000000004,15.));
#7863=CARTESIAN_POINT('',(37.2500000000039,-44.450000000004,0.));
#7864=CARTESIAN_POINT('Origin',(37.2500000000039,-37.250000000004,0.));
#7865=CARTESIAN_POINT('',(37.2500000000039,-44.450000000004,0.));
#7866=CARTESIAN_POINT('Origin',(37.2500000000039,-44.450000000004,0.));
#7867=CARTESIAN_POINT('',(-37.2499999999961,-44.0755491222203,15.));
#7868=CARTESIAN_POINT('',(18.6250000000039,-44.0755491222203,15.));
#7869=CARTESIAN_POINT('',(-37.2499999999961,-44.450000000004,0.));
#7870=CARTESIAN_POINT('',(18.6250000000039,-44.450000000004,-6.93889390390723E-17));
#7871=CARTESIAN_POINT('',(-37.2499999999961,-44.450000000004,0.));
#7872=CARTESIAN_POINT('Origin',(-37.2499999999961,-37.250000000004,0.));
#7873=CARTESIAN_POINT('',(-44.0755491222125,-37.250000000004,15.));
#7874=CARTESIAN_POINT('Origin',(-37.2499999999961,-37.250000000004,15.));
#7875=CARTESIAN_POINT('',(-44.4499999999961,-37.250000000004,0.));
#7876=CARTESIAN_POINT('Origin',(-37.2499999999961,-37.250000000004,0.));
#7877=CARTESIAN_POINT('',(-44.4499999999961,-37.250000000004,0.));
#7878=CARTESIAN_POINT('Origin',(-44.4499999999961,-37.250000000004,0.));
#7879=CARTESIAN_POINT('',(-44.0755491222125,37.249999999996,15.));
#7880=CARTESIAN_POINT('',(-44.0755491222125,-18.625000000004,15.));
#7881=CARTESIAN_POINT('',(-44.4499999999961,37.249999999996,0.));
#7882=CARTESIAN_POINT('',(-44.4499999999961,-18.625000000004,-6.93889390390723E-17));
#7883=CARTESIAN_POINT('',(-44.4499999999961,37.249999999996,0.));
#7884=CARTESIAN_POINT('Origin',(-37.2499999999961,37.249999999996,0.));
#7885=CARTESIAN_POINT('',(-37.2499999999961,44.0755491222124,15.));
#7886=CARTESIAN_POINT('Origin',(-37.2499999999961,37.249999999996,15.));
#7887=CARTESIAN_POINT('',(-37.2499999999961,44.449999999996,0.));
#7888=CARTESIAN_POINT('Origin',(-37.2499999999961,37.249999999996,0.));
#7889=CARTESIAN_POINT('',(-37.2499999999961,44.449999999996,0.));
#7890=CARTESIAN_POINT('Origin',(-37.2499999999961,44.449999999996,0.));
#7891=CARTESIAN_POINT('',(37.2500000000039,44.0755491222124,15.));
#7892=CARTESIAN_POINT('',(-18.6249999999961,44.0755491222124,15.));
#7893=CARTESIAN_POINT('',(37.2500000000039,44.449999999996,0.));
#7894=CARTESIAN_POINT('',(-18.6249999999961,44.449999999996,-6.93889390390723E-17));
#7895=CARTESIAN_POINT('',(37.2500000000039,44.449999999996,0.));
#7896=CARTESIAN_POINT('Origin',(37.2500000000039,37.249999999996,0.));
#7897=CARTESIAN_POINT('Origin',(37.2500000000039,37.249999999996,15.));
#7898=CARTESIAN_POINT('Origin',(37.2500000000039,37.249999999996,0.));
#7899=CARTESIAN_POINT('Origin',(-37.2499999999961,45.249999999996,0.));
#7900=CARTESIAN_POINT('',(-37.2499999999961,45.6244508777797,15.));
#7901=CARTESIAN_POINT('',(37.2500000000039,45.6244508777797,15.));
#7902=CARTESIAN_POINT('',(-37.2499999999961,45.6244508777797,15.));
#7903=CARTESIAN_POINT('',(37.2500000000039,45.249999999996,0.));
#7904=CARTESIAN_POINT('',(37.2500000000039,45.249999999996,0.));
#7905=CARTESIAN_POINT('',(-37.2499999999961,45.249999999996,0.));
#7906=CARTESIAN_POINT('',(-37.2499999999961,45.249999999996,0.));
#7907=CARTESIAN_POINT('',(-37.2499999999961,45.249999999996,0.));
#7908=CARTESIAN_POINT('Origin',(37.2500000000039,37.249999999996,0.));
#7909=CARTESIAN_POINT('',(45.6244508777875,37.249999999996,15.));
#7910=CARTESIAN_POINT('Origin',(37.2500000000039,37.249999999996,15.));
#7911=CARTESIAN_POINT('',(45.2500000000039,37.249999999996,0.));
#7912=CARTESIAN_POINT('',(45.2500000000039,37.249999999996,0.));
#7913=CARTESIAN_POINT('Origin',(37.2500000000039,37.249999999996,0.));
#7914=CARTESIAN_POINT('Origin',(45.2500000000039,37.249999999996,0.));
#7915=CARTESIAN_POINT('',(45.6244508777875,-37.250000000004,15.));
#7916=CARTESIAN_POINT('',(45.6244508777875,37.249999999996,15.));
#7917=CARTESIAN_POINT('',(45.2500000000039,-37.250000000004,0.));
#7918=CARTESIAN_POINT('',(45.2500000000039,-37.250000000004,0.));
#7919=CARTESIAN_POINT('',(45.2500000000039,37.249999999996,0.));
#7920=CARTESIAN_POINT('Origin',(37.2500000000039,-37.250000000004,0.));
#7921=CARTESIAN_POINT('',(37.2500000000039,-45.6244508777876,15.));
#7922=CARTESIAN_POINT('Origin',(37.2500000000039,-37.250000000004,15.));
#7923=CARTESIAN_POINT('',(37.2500000000039,-45.250000000004,0.));
#7924=CARTESIAN_POINT('',(37.2500000000039,-45.250000000004,0.));
#7925=CARTESIAN_POINT('Origin',(37.2500000000039,-37.250000000004,0.));
#7926=CARTESIAN_POINT('Origin',(37.2500000000039,-45.250000000004,0.));
#7927=CARTESIAN_POINT('',(-37.2499999999961,-45.6244508777876,15.));
#7928=CARTESIAN_POINT('',(37.2500000000039,-45.6244508777876,15.));
#7929=CARTESIAN_POINT('',(-37.2499999999961,-45.250000000004,0.));
#7930=CARTESIAN_POINT('',(-37.2499999999961,-45.250000000004,0.));
#7931=CARTESIAN_POINT('',(37.2500000000039,-45.250000000004,0.));
#7932=CARTESIAN_POINT('Origin',(-37.2499999999961,-37.250000000004,0.));
#7933=CARTESIAN_POINT('',(-45.6244508777798,-37.250000000004,15.));
#7934=CARTESIAN_POINT('Origin',(-37.2499999999961,-37.250000000004,15.));
#7935=CARTESIAN_POINT('',(-45.2499999999961,-37.250000000004,0.));
#7936=CARTESIAN_POINT('',(-45.2499999999961,-37.250000000004,0.));
#7937=CARTESIAN_POINT('Origin',(-37.2499999999961,-37.250000000004,0.));
#7938=CARTESIAN_POINT('Origin',(-45.2499999999961,-37.250000000004,0.));
#7939=CARTESIAN_POINT('',(-45.6244508777798,37.249999999996,15.));
#7940=CARTESIAN_POINT('',(-45.6244508777798,-37.250000000004,15.));
#7941=CARTESIAN_POINT('',(-45.2499999999961,37.249999999996,0.));
#7942=CARTESIAN_POINT('',(-45.2499999999961,37.249999999996,0.));
#7943=CARTESIAN_POINT('',(-45.2499999999961,-37.250000000004,0.));
#7944=CARTESIAN_POINT('Origin',(-37.2499999999961,37.249999999996,0.));
#7945=CARTESIAN_POINT('Origin',(-37.2499999999961,37.249999999996,15.));
#7946=CARTESIAN_POINT('Origin',(-37.2499999999961,37.249999999996,0.));
#7947=CARTESIAN_POINT('Origin',(3.86825611387352E-12,-3.98125976630581E-12,
15.));
#7948=CARTESIAN_POINT('Origin',(-45.2499999999961,-37.250000000004,0.));
#7949=CARTESIAN_POINT('',(-45.2499999999961,37.249999999996,-1.));
#7950=CARTESIAN_POINT('',(-45.2499999999961,37.249999999996,0.));
#7951=CARTESIAN_POINT('',(-45.2499999999961,-37.250000000004,-1.));
#7952=CARTESIAN_POINT('',(-45.2499999999961,-37.250000000004,-1.));
#7953=CARTESIAN_POINT('',(-45.2499999999961,-37.250000000004,0.));
#7954=CARTESIAN_POINT('Origin',(-37.2499999999961,-37.250000000004,0.));
#7955=CARTESIAN_POINT('',(-37.2499999999961,-45.250000000004,-1.));
#7956=CARTESIAN_POINT('Origin',(-37.2499999999961,-37.250000000004,-1.));
#7957=CARTESIAN_POINT('',(-37.2499999999961,-45.250000000004,0.));
#7958=CARTESIAN_POINT('Origin',(37.2500000000039,-45.250000000004,0.));
#7959=CARTESIAN_POINT('',(37.2500000000039,-45.250000000004,-1.));
#7960=CARTESIAN_POINT('',(37.2500000000039,-45.250000000004,-1.));
#7961=CARTESIAN_POINT('',(37.2500000000039,-45.250000000004,0.));
#7962=CARTESIAN_POINT('Origin',(37.2500000000039,-37.250000000004,0.));
#7963=CARTESIAN_POINT('',(45.2500000000039,-37.250000000004,-1.));
#7964=CARTESIAN_POINT('Origin',(37.2500000000039,-37.250000000004,-1.));
#7965=CARTESIAN_POINT('',(45.2500000000039,-37.250000000004,0.));
#7966=CARTESIAN_POINT('Origin',(45.2500000000039,37.249999999996,0.));
#7967=CARTESIAN_POINT('',(45.2500000000039,37.249999999996,-1.));
#7968=CARTESIAN_POINT('',(45.2500000000039,37.249999999996,-1.));
#7969=CARTESIAN_POINT('',(45.2500000000039,37.249999999996,0.));
#7970=CARTESIAN_POINT('Origin',(37.2500000000039,37.249999999996,0.));
#7971=CARTESIAN_POINT('',(37.2500000000039,45.249999999996,-1.));
#7972=CARTESIAN_POINT('Origin',(37.2500000000039,37.249999999996,-1.));
#7973=CARTESIAN_POINT('',(37.2500000000039,45.249999999996,0.));
#7974=CARTESIAN_POINT('Origin',(-37.2499999999961,45.249999999996,0.));
#7975=CARTESIAN_POINT('',(-37.2499999999961,45.249999999996,-1.));
#7976=CARTESIAN_POINT('',(-37.2499999999961,45.249999999996,-1.));
#7977=CARTESIAN_POINT('',(-37.2499999999961,45.249999999996,0.));
#7978=CARTESIAN_POINT('Origin',(-37.2499999999961,37.249999999996,0.));
#7979=CARTESIAN_POINT('Origin',(-37.2499999999961,37.249999999996,-1.));
#7980=CARTESIAN_POINT('Origin',(3.87245790989255E-12,-3.98792110445356E-12,
0.));
#7981=CARTESIAN_POINT('Origin',(3.87245790989255E-12,-3.98792110445356E-12,
-1.));
#7982=CARTESIAN_POINT('',(0.,0.,0.));
#7983=CARTESIAN_POINT('',(0.,0.,0.));
#7984=CARTESIAN_POINT('',(-43.75,52.0523958384471,12.9));
#7985=CARTESIAN_POINT('',(43.75,52.052395838445,12.9));
#7986=UNCERTAINTY_MEASURE_WITH_UNIT(LENGTH_MEASURE(0.01),#7996,
'DISTANCE_ACCURACY_VALUE',
'Maximum model space distance between geometric entities at asserted c
onnectivities');
#7987=UNCERTAINTY_MEASURE_WITH_UNIT(LENGTH_MEASURE(0.01),#7996,
'DISTANCE_ACCURACY_VALUE',
'Maximum model space distance between geometric entities at asserted c
onnectivities');
#7988=UNCERTAINTY_MEASURE_WITH_UNIT(LENGTH_MEASURE(0.01),#7996,
'DISTANCE_ACCURACY_VALUE',
'Maximum model space distance between geometric entities at asserted c
onnectivities');
#7989=UNCERTAINTY_MEASURE_WITH_UNIT(LENGTH_MEASURE(0.01),#7996,
'DISTANCE_ACCURACY_VALUE',
'Maximum model space distance between geometric entities at asserted c
onnectivities');
#7990=UNCERTAINTY_MEASURE_WITH_UNIT(LENGTH_MEASURE(0.01),#7996,
'DISTANCE_ACCURACY_VALUE',
'Maximum model space distance between geometric entities at asserted c
onnectivities');
#7991=(
GEOMETRIC_REPRESENTATION_CONTEXT(3)
GLOBAL_UNCERTAINTY_ASSIGNED_CONTEXT((#7986))
GLOBAL_UNIT_ASSIGNED_CONTEXT((#7996,#7998,#7999))
REPRESENTATION_CONTEXT('','3D')
);
#7992=(
GEOMETRIC_REPRESENTATION_CONTEXT(3)
GLOBAL_UNCERTAINTY_ASSIGNED_CONTEXT((#7987))
GLOBAL_UNIT_ASSIGNED_CONTEXT((#7996,#7998,#7999))
REPRESENTATION_CONTEXT('','3D')
);
#7993=(
GEOMETRIC_REPRESENTATION_CONTEXT(3)
GLOBAL_UNCERTAINTY_ASSIGNED_CONTEXT((#7988))
GLOBAL_UNIT_ASSIGNED_CONTEXT((#7996,#7998,#7999))
REPRESENTATION_CONTEXT('','3D')
);
#7994=(
GEOMETRIC_REPRESENTATION_CONTEXT(3)
GLOBAL_UNCERTAINTY_ASSIGNED_CONTEXT((#7989))
GLOBAL_UNIT_ASSIGNED_CONTEXT((#7996,#7998,#7999))
REPRESENTATION_CONTEXT('','3D')
);
#7995=(
GEOMETRIC_REPRESENTATION_CONTEXT(3)
GLOBAL_UNCERTAINTY_ASSIGNED_CONTEXT((#7990))
GLOBAL_UNIT_ASSIGNED_CONTEXT((#7996,#7998,#7999))
REPRESENTATION_CONTEXT('','3D')
);
#7996=(
LENGTH_UNIT()
NAMED_UNIT(*)
SI_UNIT(.MILLI.,.METRE.)
);
#7997=(
LENGTH_UNIT()
NAMED_UNIT(*)
SI_UNIT($,.METRE.)
);
#7998=(
NAMED_UNIT(*)
PLANE_ANGLE_UNIT()
SI_UNIT($,.RADIAN.)
);
#7999=(
NAMED_UNIT(*)
SI_UNIT($,.STERADIAN.)
SOLID_ANGLE_UNIT()
);
#8000=SHAPE_DEFINITION_REPRESENTATION(#8004,#8012);
#8001=SHAPE_DEFINITION_REPRESENTATION(#8005,#8013);
#8002=SHAPE_DEFINITION_REPRESENTATION(#8006,#8014);
#8003=SHAPE_DEFINITION_REPRESENTATION(#8007,#8015);
#8004=PRODUCT_DEFINITION_SHAPE('',$,#8017);
#8005=PRODUCT_DEFINITION_SHAPE('',$,#8018);
#8006=PRODUCT_DEFINITION_SHAPE('',$,#8019);
#8007=PRODUCT_DEFINITION_SHAPE('',$,#8020);
#8008=PRODUCT_DEFINITION_SHAPE($,$,#23);
#8009=PRODUCT_DEFINITION_SHAPE($,$,#24);
#8010=PRODUCT_DEFINITION_SHAPE($,$,#25);
#8011=PRODUCT_DEFINITION_SHAPE($,$,#26);
#8012=SHAPE_REPRESENTATION('',(#4252,#4804,#4805,#4806,#4807),#7991);
#8013=SHAPE_REPRESENTATION('',(#4253),#7992);
#8014=SHAPE_REPRESENTATION('',(#4289),#7993);
#8015=SHAPE_REPRESENTATION('',(#4751),#7994);
#8016=PRODUCT_DEFINITION_CONTEXT('part definition',#8030,'design');
#8017=PRODUCT_DEFINITION(
'100mm  x 15 mm square petri dish magnetic fastener_8mm magnet',
'100mm  x 15 mm square petri dish magnetic fastener_8mm magnet',#8021,#8016);
#8018=PRODUCT_DEFINITION('lid','lid',#8022,#8016);
#8019=PRODUCT_DEFINITION('plate holder','plate holder',#8023,#8016);
#8020=PRODUCT_DEFINITION('RadialMagnets_9406_disc_8x3mm_N35',
'RadialMagnets_9406_disc_8x3mm_N35',#8024,#8016);
#8021=PRODUCT_DEFINITION_FORMATION('',$,#8032);
#8022=PRODUCT_DEFINITION_FORMATION('',$,#8033);
#8023=PRODUCT_DEFINITION_FORMATION('',$,#8034);
#8024=PRODUCT_DEFINITION_FORMATION('',$,#8035);
#8025=PRODUCT_RELATED_PRODUCT_CATEGORY(
'100mm  x 15 mm square petri dish magnetic fastener_8mm magnet',
'100mm  x 15 mm square petri dish magnetic fastener_8mm magnet',(#8032));
#8026=PRODUCT_RELATED_PRODUCT_CATEGORY('lid','lid',(#8033));
#8027=PRODUCT_RELATED_PRODUCT_CATEGORY('plate holder','plate holder',(#8034));
#8028=PRODUCT_RELATED_PRODUCT_CATEGORY(
'RadialMagnets_9406_disc_8x3mm_N35','RadialMagnets_9406_disc_8x3mm_N35',
(#8035));
#8029=APPLICATION_PROTOCOL_DEFINITION('international standard',
'automotive_design',2009,#8030);
#8030=APPLICATION_CONTEXT(
'Core Data for Automotive Mechanical Design Process');
#8031=PRODUCT_CONTEXT('part definition',#8030,'mechanical');
#8032=PRODUCT(
'100mm  x 15 mm square petri dish magnetic fastener_8mm magnet',
'100mm  x 15 mm square petri dish magnetic fastener_8mm magnet',$,(#8031));
#8033=PRODUCT('lid','lid',$,(#8031));
#8034=PRODUCT('plate holder','plate holder',$,(#8031));
#8035=PRODUCT('RadialMagnets_9406_disc_8x3mm_N35',
'RadialMagnets_9406_disc_8x3mm_N35','Radial Magnets parametric model',(#8031));
#8036=PRESENTATION_STYLE_ASSIGNMENT((#8039));
#8037=PRESENTATION_STYLE_ASSIGNMENT((#8040));
#8038=PRESENTATION_STYLE_ASSIGNMENT((#8041));
#8039=SURFACE_STYLE_USAGE(.BOTH.,#8042);
#8040=SURFACE_STYLE_USAGE(.BOTH.,#8043);
#8041=SURFACE_STYLE_USAGE(.BOTH.,#8044);
#8042=SURFACE_SIDE_STYLE('',(#8045));
#8043=SURFACE_SIDE_STYLE('',(#8046));
#8044=SURFACE_SIDE_STYLE('',(#8047));
#8045=SURFACE_STYLE_FILL_AREA(#8048);
#8046=SURFACE_STYLE_FILL_AREA(#8049);
#8047=SURFACE_STYLE_FILL_AREA(#8050);
#8048=FILL_AREA_STYLE('Aluminum - Satin',(#8051));
#8049=FILL_AREA_STYLE('Acrylic (Clear)',(#8052));
#8050=FILL_AREA_STYLE('Steel - Satin',(#8053));
#8051=FILL_AREA_STYLE_COLOUR('Aluminum - Satin',#8054);
#8052=FILL_AREA_STYLE_COLOUR('Acrylic (Clear)',#8055);
#8053=FILL_AREA_STYLE_COLOUR('Steel - Satin',#8056);
#8054=COLOUR_RGB('Aluminum - Satin',0.96078431372549,0.96078431372549,0.964705882352941);
#8055=COLOUR_RGB('Acrylic (Clear)',0.964705882352941,0.964705882352941,
0.952941176470588);
#8056=COLOUR_RGB('Steel - Satin',0.627450980392157,0.627450980392157,0.627450980392157);
ENDSEC;
END-ISO-10303-21;
