ISO-10303-21;
HEADER;
/* Generated by software containing ST-Developer
 * from STEP Tools, Inc. (www.steptools.com) 
 */

FILE_DESCRIPTION(
/* description */ (''),
/* implementation_level */ '2;1');

FILE_NAME(
/* name */ '2020 T-slot End Cap with cover.step',
/* time_stamp */ '2026-10-01T13:38:48-05:00',
/* author */ (''),
/* organization */ (''),
/* preprocessor_version */ 'ST-DEVELOPER v20.1',
/* originating_system */ 'Autodesk Translation Framework v15.8.0.0',
/* authorisation */ '');

FILE_SCHEMA (('AUTOMOTIVE_DESIGN { 1 0 10303 214 3 1 1 }'));
ENDSEC;

DATA;
#10=MECHANICAL_DESIGN_GEOMETRIC_PRESENTATION_REPRESENTATION('',(#115,#116),
#8226);
#11=ITEM_DEFINED_TRANSFORMATION($,$,#4354,#4719);
#12=(
REPRESENTATION_RELATIONSHIP($,$,#8237,#8236)
REPRESENTATION_RELATIONSHIP_WITH_TRANSFORMATION(#11)
SHAPE_REPRESENTATION_RELATIONSHIP()
);
#13=CONTEXT_DEPENDENT_SHAPE_REPRESENTATION(#12,#8235);
#14=NEXT_ASSEMBLY_USAGE_OCCURRENCE('Cap:1','Cap:1','Cap:1',#8239,#8240,
'Cap:1');
#15=(
BOUNDED_SURFACE()
B_SPLINE_SURFACE(1,2,((#7632,#7633,#7634),(#7635,#7636,#7637)),
 .UNSPECIFIED.,.F.,.F.,.F.)
B_SPLINE_SURFACE_WITH_KNOTS((2,2),(3,3),(0.,7.46724947633137),(-0.366366682225078,
0.36636668222509),.UNSPECIFIED.)
GEOMETRIC_REPRESENTATION_ITEM()
RATIONAL_B_SPLINE_SURFACE(((1.,0.933635052672992,1.),(1.,0.933635052672992,
1.)))
REPRESENTATION_ITEM('')
SURFACE()
);
#16=(
BOUNDED_SURFACE()
B_SPLINE_SURFACE(1,2,((#7647,#7648,#7649),(#7650,#7651,#7652)),
 .UNSPECIFIED.,.F.,.F.,.F.)
B_SPLINE_SURFACE_WITH_KNOTS((2,2),(3,3),(0.,7.46588102396773),(-0.415877825563759,
0.415877825563757),.UNSPECIFIED.)
GEOMETRIC_REPRESENTATION_ITEM()
RATIONAL_B_SPLINE_SURFACE(((1.,0.914762037528043,1.),(1.,0.914762037528043,
1.)))
REPRESENTATION_ITEM('')
SURFACE()
);
#17=(
BOUNDED_SURFACE()
B_SPLINE_SURFACE(1,2,((#7660,#7661,#7662),(#7663,#7664,#7665)),
 .UNSPECIFIED.,.F.,.F.,.F.)
B_SPLINE_SURFACE_WITH_KNOTS((2,2),(3,3),(0.,7.46588102396773),(-0.415877825563762,
0.415877825563762),.UNSPECIFIED.)
GEOMETRIC_REPRESENTATION_ITEM()
RATIONAL_B_SPLINE_SURFACE(((1.,0.914762037528042,1.),(1.,0.914762037528042,
1.)))
REPRESENTATION_ITEM('')
SURFACE()
);
#18=(
BOUNDED_SURFACE()
B_SPLINE_SURFACE(1,2,((#7673,#7674,#7675),(#7676,#7677,#7678)),
 .UNSPECIFIED.,.F.,.F.,.F.)
B_SPLINE_SURFACE_WITH_KNOTS((2,2),(3,3),(0.,7.46724947633137),(-0.366366682225086,
0.366366682225091),.UNSPECIFIED.)
GEOMETRIC_REPRESENTATION_ITEM()
RATIONAL_B_SPLINE_SURFACE(((1.,0.93363505267299,1.),(1.,0.93363505267299,
1.)))
REPRESENTATION_ITEM('')
SURFACE()
);
#19=(
BOUNDED_SURFACE()
B_SPLINE_SURFACE(1,2,((#7686,#7687,#7688),(#7689,#7690,#7691)),
 .UNSPECIFIED.,.F.,.F.,.F.)
B_SPLINE_SURFACE_WITH_KNOTS((2,2),(3,3),(0.,7.44324381854225),(-0.781600065124168,
0.781600065124169),.UNSPECIFIED.)
GEOMETRIC_REPRESENTATION_ITEM()
RATIONAL_B_SPLINE_SURFACE(((1.,0.709787335578021,1.),(1.,0.709787335578021,
1.)))
REPRESENTATION_ITEM('')
SURFACE()
);
#20=(
BOUNDED_SURFACE()
B_SPLINE_SURFACE(1,2,((#7699,#7700,#7701),(#7702,#7703,#7704)),
 .UNSPECIFIED.,.F.,.F.,.F.)
B_SPLINE_SURFACE_WITH_KNOTS((2,2),(3,3),(0.,7.44324381854225),(-0.781600065124163,
0.781600065124165),.UNSPECIFIED.)
GEOMETRIC_REPRESENTATION_ITEM()
RATIONAL_B_SPLINE_SURFACE(((1.,0.709787335578024,1.),(1.,0.709787335578024,
1.)))
REPRESENTATION_ITEM('')
SURFACE()
);
#21=(
BOUNDED_SURFACE()
B_SPLINE_SURFACE(1,2,((#7759,#7760,#7761),(#7762,#7763,#7764)),
 .UNSPECIFIED.,.F.,.F.,.F.)
B_SPLINE_SURFACE_WITH_KNOTS((2,2),(3,3),(0.,7.46724947633137),(-0.366366682225094,
0.366366682225085),.UNSPECIFIED.)
GEOMETRIC_REPRESENTATION_ITEM()
RATIONAL_B_SPLINE_SURFACE(((1.,0.93363505267299,1.),(1.,0.93363505267299,
1.)))
REPRESENTATION_ITEM('')
SURFACE()
);
#22=(
BOUNDED_SURFACE()
B_SPLINE_SURFACE(1,2,((#7774,#7775,#7776),(#7777,#7778,#7779)),
 .UNSPECIFIED.,.F.,.F.,.F.)
B_SPLINE_SURFACE_WITH_KNOTS((2,2),(3,3),(0.,7.46588102396773),(-0.415877825563759,
0.415877825563757),.UNSPECIFIED.)
GEOMETRIC_REPRESENTATION_ITEM()
RATIONAL_B_SPLINE_SURFACE(((1.,0.914762037528043,1.),(1.,0.914762037528043,
1.)))
REPRESENTATION_ITEM('')
SURFACE()
);
#23=(
BOUNDED_SURFACE()
B_SPLINE_SURFACE(1,2,((#7787,#7788,#7789),(#7790,#7791,#7792)),
 .UNSPECIFIED.,.F.,.F.,.F.)
B_SPLINE_SURFACE_WITH_KNOTS((2,2),(3,3),(0.,7.46588102396773),(-0.415877825563761,
0.41587782556376),.UNSPECIFIED.)
GEOMETRIC_REPRESENTATION_ITEM()
RATIONAL_B_SPLINE_SURFACE(((1.,0.914762037528042,1.),(1.,0.914762037528042,
1.)))
REPRESENTATION_ITEM('')
SURFACE()
);
#24=(
BOUNDED_SURFACE()
B_SPLINE_SURFACE(1,2,((#7800,#7801,#7802),(#7803,#7804,#7805)),
 .UNSPECIFIED.,.F.,.F.,.F.)
B_SPLINE_SURFACE_WITH_KNOTS((2,2),(3,3),(0.,7.46724947633137),(-0.366366682225085,
0.366366682225086),.UNSPECIFIED.)
GEOMETRIC_REPRESENTATION_ITEM()
RATIONAL_B_SPLINE_SURFACE(((1.,0.933635052672992,1.),(1.,0.933635052672992,
1.)))
REPRESENTATION_ITEM('')
SURFACE()
);
#25=(
BOUNDED_SURFACE()
B_SPLINE_SURFACE(1,2,((#7813,#7814,#7815),(#7816,#7817,#7818)),
 .UNSPECIFIED.,.F.,.F.,.F.)
B_SPLINE_SURFACE_WITH_KNOTS((2,2),(3,3),(0.,7.44324381854225),(-0.781600065124168,
0.781600065124168),.UNSPECIFIED.)
GEOMETRIC_REPRESENTATION_ITEM()
RATIONAL_B_SPLINE_SURFACE(((1.,0.709787335578021,1.),(1.,0.709787335578021,
1.)))
REPRESENTATION_ITEM('')
SURFACE()
);
#26=(
BOUNDED_SURFACE()
B_SPLINE_SURFACE(1,2,((#7826,#7827,#7828),(#7829,#7830,#7831)),
 .UNSPECIFIED.,.F.,.F.,.F.)
B_SPLINE_SURFACE_WITH_KNOTS((2,2),(3,3),(0.,7.44324381854225),(-0.781600065124168,
0.781600065124168),.UNSPECIFIED.)
GEOMETRIC_REPRESENTATION_ITEM()
RATIONAL_B_SPLINE_SURFACE(((1.,0.709787335578021,1.),(1.,0.709787335578021,
1.)))
REPRESENTATION_ITEM('')
SURFACE()
);
#27=(
BOUNDED_SURFACE()
B_SPLINE_SURFACE(1,2,((#7886,#7887,#7888),(#7889,#7890,#7891)),
 .UNSPECIFIED.,.F.,.F.,.F.)
B_SPLINE_SURFACE_WITH_KNOTS((2,2),(3,3),(0.,7.46724947633137),(-0.366366682225094,
0.366366682225085),.UNSPECIFIED.)
GEOMETRIC_REPRESENTATION_ITEM()
RATIONAL_B_SPLINE_SURFACE(((1.,0.93363505267299,1.),(1.,0.93363505267299,
1.)))
REPRESENTATION_ITEM('')
SURFACE()
);
#28=(
BOUNDED_SURFACE()
B_SPLINE_SURFACE(1,2,((#7901,#7902,#7903),(#7904,#7905,#7906)),
 .UNSPECIFIED.,.F.,.F.,.F.)
B_SPLINE_SURFACE_WITH_KNOTS((2,2),(3,3),(0.,7.46588102396773),(-0.415877825563762,
0.415877825563761),.UNSPECIFIED.)
GEOMETRIC_REPRESENTATION_ITEM()
RATIONAL_B_SPLINE_SURFACE(((1.,0.914762037528042,1.),(1.,0.914762037528042,
1.)))
REPRESENTATION_ITEM('')
SURFACE()
);
#29=(
BOUNDED_SURFACE()
B_SPLINE_SURFACE(1,2,((#7914,#7915,#7916),(#7917,#7918,#7919)),
 .UNSPECIFIED.,.F.,.F.,.F.)
B_SPLINE_SURFACE_WITH_KNOTS((2,2),(3,3),(0.,7.46588102396773),(-0.415877825563761,
0.415877825563765),.UNSPECIFIED.)
GEOMETRIC_REPRESENTATION_ITEM()
RATIONAL_B_SPLINE_SURFACE(((1.,0.914762037528041,1.),(1.,0.914762037528041,
1.)))
REPRESENTATION_ITEM('')
SURFACE()
);
#30=(
BOUNDED_SURFACE()
B_SPLINE_SURFACE(1,2,((#7927,#7928,#7929),(#7930,#7931,#7932)),
 .UNSPECIFIED.,.F.,.F.,.F.)
B_SPLINE_SURFACE_WITH_KNOTS((2,2),(3,3),(0.,7.46724947633137),(-0.366366682225086,
0.366366682225091),.UNSPECIFIED.)
GEOMETRIC_REPRESENTATION_ITEM()
RATIONAL_B_SPLINE_SURFACE(((1.,0.93363505267299,1.),(1.,0.93363505267299,
1.)))
REPRESENTATION_ITEM('')
SURFACE()
);
#31=(
BOUNDED_SURFACE()
B_SPLINE_SURFACE(1,2,((#7940,#7941,#7942),(#7943,#7944,#7945)),
 .UNSPECIFIED.,.F.,.F.,.F.)
B_SPLINE_SURFACE_WITH_KNOTS((2,2),(3,3),(0.,7.44324381854225),(-0.781600065124168,
0.781600065124168),.UNSPECIFIED.)
GEOMETRIC_REPRESENTATION_ITEM()
RATIONAL_B_SPLINE_SURFACE(((1.,0.709787335578021,1.),(1.,0.709787335578021,
1.)))
REPRESENTATION_ITEM('')
SURFACE()
);
#32=(
BOUNDED_SURFACE()
B_SPLINE_SURFACE(1,2,((#7953,#7954,#7955),(#7956,#7957,#7958)),
 .UNSPECIFIED.,.F.,.F.,.F.)
B_SPLINE_SURFACE_WITH_KNOTS((2,2),(3,3),(0.,7.44324381854225),(-0.781600065124168,
0.781600065124163),.UNSPECIFIED.)
GEOMETRIC_REPRESENTATION_ITEM()
RATIONAL_B_SPLINE_SURFACE(((1.,0.709787335578023,1.),(1.,0.709787335578023,
1.)))
REPRESENTATION_ITEM('')
SURFACE()
);
#33=(
BOUNDED_SURFACE()
B_SPLINE_SURFACE(1,2,((#8053,#8054,#8055),(#8056,#8057,#8058)),
 .UNSPECIFIED.,.F.,.F.,.F.)
B_SPLINE_SURFACE_WITH_KNOTS((2,2),(3,3),(0.,7.46724947633137),(-0.366366682225088,
0.366366682225082),.UNSPECIFIED.)
GEOMETRIC_REPRESENTATION_ITEM()
RATIONAL_B_SPLINE_SURFACE(((1.,0.933635052672992,1.),(1.,0.933635052672992,
1.)))
REPRESENTATION_ITEM('')
SURFACE()
);
#34=(
BOUNDED_SURFACE()
B_SPLINE_SURFACE(1,2,((#8068,#8069,#8070),(#8071,#8072,#8073)),
 .UNSPECIFIED.,.F.,.F.,.F.)
B_SPLINE_SURFACE_WITH_KNOTS((2,2),(3,3),(0.,7.46588102396773),(-0.415877825563762,
0.415877825563761),.UNSPECIFIED.)
GEOMETRIC_REPRESENTATION_ITEM()
RATIONAL_B_SPLINE_SURFACE(((1.,0.914762037528042,1.),(1.,0.914762037528042,
1.)))
REPRESENTATION_ITEM('')
SURFACE()
);
#35=(
BOUNDED_SURFACE()
B_SPLINE_SURFACE(1,2,((#8081,#8082,#8083),(#8084,#8085,#8086)),
 .UNSPECIFIED.,.F.,.F.,.F.)
B_SPLINE_SURFACE_WITH_KNOTS((2,2),(3,3),(0.,7.46588102396773),(-0.415877825563759,
0.415877825563762),.UNSPECIFIED.)
GEOMETRIC_REPRESENTATION_ITEM()
RATIONAL_B_SPLINE_SURFACE(((1.,0.914762037528042,1.),(1.,0.914762037528042,
1.)))
REPRESENTATION_ITEM('')
SURFACE()
);
#36=(
BOUNDED_SURFACE()
B_SPLINE_SURFACE(1,2,((#8094,#8095,#8096),(#8097,#8098,#8099)),
 .UNSPECIFIED.,.F.,.F.,.F.)
B_SPLINE_SURFACE_WITH_KNOTS((2,2),(3,3),(0.,7.46724947633137),(-0.366366682225088,
0.366366682225092),.UNSPECIFIED.)
GEOMETRIC_REPRESENTATION_ITEM()
RATIONAL_B_SPLINE_SURFACE(((1.,0.93363505267299,1.),(1.,0.93363505267299,
1.)))
REPRESENTATION_ITEM('')
SURFACE()
);
#37=(
BOUNDED_SURFACE()
B_SPLINE_SURFACE(1,2,((#8107,#8108,#8109),(#8110,#8111,#8112)),
 .UNSPECIFIED.,.F.,.F.,.F.)
B_SPLINE_SURFACE_WITH_KNOTS((2,2),(3,3),(0.,7.44324381854225),(-0.781600065124166,
0.78160006512416),.UNSPECIFIED.)
GEOMETRIC_REPRESENTATION_ITEM()
RATIONAL_B_SPLINE_SURFACE(((1.,0.709787335578025,1.),(1.,0.709787335578025,
1.)))
REPRESENTATION_ITEM('')
SURFACE()
);
#38=(
BOUNDED_SURFACE()
B_SPLINE_SURFACE(1,2,((#8120,#8121,#8122),(#8123,#8124,#8125)),
 .UNSPECIFIED.,.F.,.F.,.F.)
B_SPLINE_SURFACE_WITH_KNOTS((2,2),(3,3),(0.,7.44324381854225),(-0.781600065124166,
0.781600065124171),.UNSPECIFIED.)
GEOMETRIC_REPRESENTATION_ITEM()
RATIONAL_B_SPLINE_SURFACE(((1.,0.709787335578021,1.),(1.,0.709787335578021,
1.)))
REPRESENTATION_ITEM('')
SURFACE()
);
#39=ELLIPSE('',#4442,0.200877177701708,0.2);
#40=ELLIPSE('',#4443,0.20152503889007,0.2);
#41=ELLIPSE('',#4444,0.20152503889007,0.2);
#42=ELLIPSE('',#4445,0.200877177701708,0.2);
#43=ELLIPSE('',#4446,0.200913997314523,0.2);
#44=ELLIPSE('',#4447,0.200913997314523,0.2);
#45=ELLIPSE('',#4448,0.200877177701708,0.2);
#46=ELLIPSE('',#4449,0.20152503889007,0.2);
#47=ELLIPSE('',#4450,0.20152503889007,0.2);
#48=ELLIPSE('',#4451,0.200877177701708,0.2);
#49=ELLIPSE('',#4452,0.200913997314523,0.2);
#50=ELLIPSE('',#4453,0.200913997314523,0.2);
#51=ELLIPSE('',#4454,0.200877177701708,0.2);
#52=ELLIPSE('',#4455,0.20152503889007,0.2);
#53=ELLIPSE('',#4456,0.20152503889007,0.2);
#54=ELLIPSE('',#4457,0.200877177701708,0.2);
#55=ELLIPSE('',#4458,0.200913997314523,0.2);
#56=ELLIPSE('',#4459,0.200913997314523,0.2);
#57=ELLIPSE('',#4460,0.200877177701708,0.2);
#58=ELLIPSE('',#4461,0.20152503889007,0.2);
#59=ELLIPSE('',#4462,0.20152503889007,0.2);
#60=ELLIPSE('',#4463,0.200877177701708,0.2);
#61=ELLIPSE('',#4464,0.200913997314523,0.2);
#62=ELLIPSE('',#4465,0.200913997314523,0.2);
#63=ELLIPSE('',#4563,0.200877177701708,0.2);
#64=ELLIPSE('',#4565,0.200913997314523,0.2);
#65=ELLIPSE('',#4567,0.200913997314523,0.2);
#66=ELLIPSE('',#4569,0.200877177701708,0.2);
#67=ELLIPSE('',#4571,0.20152503889007,0.2);
#68=ELLIPSE('',#4573,0.20152503889007,0.2);
#69=ELLIPSE('',#4576,0.20152503889007,0.2);
#70=ELLIPSE('',#4578,0.200877177701708,0.2);
#71=ELLIPSE('',#4580,0.200913997314523,0.2);
#72=ELLIPSE('',#4582,0.20152503889007,0.2);
#73=ELLIPSE('',#4584,0.200877177701708,0.2);
#74=ELLIPSE('',#4586,0.200913997314523,0.2);
#75=ELLIPSE('',#4594,0.200877177701708,0.2);
#76=ELLIPSE('',#4596,0.200913997314523,0.2);
#77=ELLIPSE('',#4598,0.200913997314523,0.2);
#78=ELLIPSE('',#4600,0.200877177701708,0.2);
#79=ELLIPSE('',#4602,0.20152503889007,0.2);
#80=ELLIPSE('',#4604,0.20152503889007,0.2);
#81=ELLIPSE('',#4607,0.20152503889007,0.2);
#82=ELLIPSE('',#4609,0.200877177701708,0.2);
#83=ELLIPSE('',#4611,0.200913997314523,0.2);
#84=ELLIPSE('',#4613,0.20152503889007,0.2);
#85=ELLIPSE('',#4615,0.200877177701708,0.2);
#86=ELLIPSE('',#4617,0.200913997314523,0.2);
#87=ELLIPSE('',#4625,0.200877177701708,0.2);
#88=ELLIPSE('',#4627,0.200913997314523,0.2);
#89=ELLIPSE('',#4629,0.200913997314523,0.2);
#90=ELLIPSE('',#4631,0.200877177701708,0.2);
#91=ELLIPSE('',#4633,0.20152503889007,0.2);
#92=ELLIPSE('',#4635,0.20152503889007,0.2);
#93=ELLIPSE('',#4644,0.200913997314523,0.2);
#94=ELLIPSE('',#4645,0.200877177701708,0.2);
#95=ELLIPSE('',#4646,0.20152503889007,0.2);
#96=ELLIPSE('',#4647,0.20152503889007,0.2);
#97=ELLIPSE('',#4648,0.200877177701708,0.2);
#98=ELLIPSE('',#4649,0.200913997314523,0.2);
#99=ELLIPSE('',#4672,0.200877177701708,0.2);
#100=ELLIPSE('',#4674,0.200913997314523,0.2);
#101=ELLIPSE('',#4676,0.200913997314523,0.2);
#102=ELLIPSE('',#4678,0.200877177701708,0.2);
#103=ELLIPSE('',#4680,0.20152503889007,0.2);
#104=ELLIPSE('',#4682,0.20152503889007,0.2);
#105=ELLIPSE('',#4691,0.200913997314523,0.2);
#106=ELLIPSE('',#4692,0.200877177701708,0.2);
#107=ELLIPSE('',#4693,0.20152503889007,0.2);
#108=ELLIPSE('',#4694,0.20152503889007,0.2);
#109=ELLIPSE('',#4695,0.200877177701708,0.2);
#110=ELLIPSE('',#4696,0.200913997314523,0.2);
#111=SHAPE_REPRESENTATION_RELATIONSHIP('SRR','None',#8237,#113);
#112=SHAPE_REPRESENTATION_RELATIONSHIP('SRR','None',#8236,#114);
#113=ADVANCED_BREP_SHAPE_REPRESENTATION('',(#117),#8225);
#114=ADVANCED_BREP_SHAPE_REPRESENTATION('',(#118),#8224);
#115=STYLED_ITEM('',(#8250),#117);
#116=STYLED_ITEM('',(#8251),#118);
#117=MANIFOLD_SOLID_BREP('Body1',#4339);
#118=MANIFOLD_SOLID_BREP('Body1',#4340);
#119=FACE_BOUND('',#1480,.T.);
#120=FACE_BOUND('',#1493,.T.);
#121=FACE_BOUND('',#1496,.T.);
#122=FACE_BOUND('',#1502,.T.);
#123=FACE_BOUND('',#1503,.T.);
#124=FACE_BOUND('',#1504,.T.);
#125=FACE_BOUND('',#1505,.T.);
#126=FACE_BOUND('',#1506,.T.);
#127=FACE_BOUND('',#1537,.T.);
#128=FACE_BOUND('',#1575,.T.);
#129=FACE_BOUND('',#1581,.T.);
#130=FACE_BOUND('',#1584,.T.);
#131=FACE_BOUND('',#1654,.T.);
#132=FACE_BOUND('',#1690,.T.);
#133=PLANE('',#4415);
#134=PLANE('',#4416);
#135=PLANE('',#4417);
#136=PLANE('',#4418);
#137=PLANE('',#4419);
#138=PLANE('',#4420);
#139=PLANE('',#4421);
#140=PLANE('',#4422);
#141=PLANE('',#4423);
#142=PLANE('',#4424);
#143=PLANE('',#4425);
#144=PLANE('',#4426);
#145=PLANE('',#4427);
#146=PLANE('',#4428);
#147=PLANE('',#4429);
#148=PLANE('',#4430);
#149=PLANE('',#4431);
#150=PLANE('',#4432);
#151=PLANE('',#4433);
#152=PLANE('',#4437);
#153=PLANE('',#4438);
#154=PLANE('',#4468);
#155=PLANE('',#4471);
#156=PLANE('',#4474);
#157=PLANE('',#4475);
#158=PLANE('',#4476);
#159=PLANE('',#4477);
#160=PLANE('',#4478);
#161=PLANE('',#4479);
#162=PLANE('',#4480);
#163=PLANE('',#4481);
#164=PLANE('',#4482);
#165=PLANE('',#4483);
#166=PLANE('',#4484);
#167=PLANE('',#4485);
#168=PLANE('',#4486);
#169=PLANE('',#4487);
#170=PLANE('',#4488);
#171=PLANE('',#4489);
#172=PLANE('',#4490);
#173=PLANE('',#4491);
#174=PLANE('',#4492);
#175=PLANE('',#4493);
#176=PLANE('',#4494);
#177=PLANE('',#4495);
#178=PLANE('',#4496);
#179=PLANE('',#4497);
#180=PLANE('',#4498);
#181=PLANE('',#4499);
#182=PLANE('',#4500);
#183=PLANE('',#4501);
#184=PLANE('',#4502);
#185=PLANE('',#4503);
#186=PLANE('',#4504);
#187=PLANE('',#4505);
#188=PLANE('',#4506);
#189=PLANE('',#4507);
#190=PLANE('',#4508);
#191=PLANE('',#4509);
#192=PLANE('',#4510);
#193=PLANE('',#4511);
#194=PLANE('',#4512);
#195=PLANE('',#4513);
#196=PLANE('',#4514);
#197=PLANE('',#4515);
#198=PLANE('',#4516);
#199=PLANE('',#4517);
#200=PLANE('',#4518);
#201=PLANE('',#4519);
#202=PLANE('',#4520);
#203=PLANE('',#4521);
#204=PLANE('',#4522);
#205=PLANE('',#4523);
#206=PLANE('',#4524);
#207=PLANE('',#4525);
#208=PLANE('',#4526);
#209=PLANE('',#4527);
#210=PLANE('',#4528);
#211=PLANE('',#4529);
#212=PLANE('',#4530);
#213=PLANE('',#4531);
#214=PLANE('',#4532);
#215=PLANE('',#4533);
#216=PLANE('',#4534);
#217=PLANE('',#4535);
#218=PLANE('',#4544);
#219=PLANE('',#4546);
#220=PLANE('',#4548);
#221=PLANE('',#4550);
#222=PLANE('',#4552);
#223=PLANE('',#4561);
#224=PLANE('',#4562);
#225=PLANE('',#4564);
#226=PLANE('',#4566);
#227=PLANE('',#4568);
#228=PLANE('',#4570);
#229=PLANE('',#4572);
#230=PLANE('',#4574);
#231=PLANE('',#4587);
#232=PLANE('',#4588);
#233=PLANE('',#4589);
#234=PLANE('',#4590);
#235=PLANE('',#4591);
#236=PLANE('',#4592);
#237=PLANE('',#4593);
#238=PLANE('',#4595);
#239=PLANE('',#4597);
#240=PLANE('',#4599);
#241=PLANE('',#4601);
#242=PLANE('',#4603);
#243=PLANE('',#4605);
#244=PLANE('',#4618);
#245=PLANE('',#4619);
#246=PLANE('',#4620);
#247=PLANE('',#4621);
#248=PLANE('',#4622);
#249=PLANE('',#4623);
#250=PLANE('',#4624);
#251=PLANE('',#4626);
#252=PLANE('',#4628);
#253=PLANE('',#4630);
#254=PLANE('',#4632);
#255=PLANE('',#4634);
#256=PLANE('',#4636);
#257=PLANE('',#4637);
#258=PLANE('',#4638);
#259=PLANE('',#4639);
#260=PLANE('',#4640);
#261=PLANE('',#4641);
#262=PLANE('',#4642);
#263=PLANE('',#4643);
#264=PLANE('',#4656);
#265=PLANE('',#4657);
#266=PLANE('',#4658);
#267=PLANE('',#4659);
#268=PLANE('',#4673);
#269=PLANE('',#4675);
#270=PLANE('',#4677);
#271=PLANE('',#4679);
#272=PLANE('',#4681);
#273=PLANE('',#4683);
#274=PLANE('',#4684);
#275=PLANE('',#4685);
#276=PLANE('',#4686);
#277=PLANE('',#4687);
#278=PLANE('',#4688);
#279=PLANE('',#4689);
#280=PLANE('',#4690);
#281=PLANE('',#4703);
#282=PLANE('',#4704);
#283=PLANE('',#4705);
#284=PLANE('',#4706);
#285=LINE('',#6883,#717);
#286=LINE('',#6884,#718);
#287=LINE('',#6928,#719);
#288=LINE('',#6929,#720);
#289=LINE('',#6973,#721);
#290=LINE('',#6974,#722);
#291=LINE('',#6976,#723);
#292=LINE('',#6977,#724);
#293=LINE('',#7021,#725);
#294=LINE('',#7022,#726);
#295=LINE('',#7024,#727);
#296=LINE('',#7025,#728);
#297=LINE('',#7027,#729);
#298=LINE('',#7028,#730);
#299=LINE('',#7030,#731);
#300=LINE('',#7031,#732);
#301=LINE('',#7033,#733);
#302=LINE('',#7035,#734);
#303=LINE('',#7037,#735);
#304=LINE('',#7038,#736);
#305=LINE('',#7041,#737);
#306=LINE('',#7043,#738);
#307=LINE('',#7045,#739);
#308=LINE('',#7046,#740);
#309=LINE('',#7051,#741);
#310=LINE('',#7053,#742);
#311=LINE('',#7055,#743);
#312=LINE('',#7056,#744);
#313=LINE('',#7060,#745);
#314=LINE('',#7062,#746);
#315=LINE('',#7063,#747);
#316=LINE('',#7066,#748);
#317=LINE('',#7068,#749);
#318=LINE('',#7069,#750);
#319=LINE('',#7072,#751);
#320=LINE('',#7073,#752);
#321=LINE('',#7075,#753);
#322=LINE('',#7079,#754);
#323=LINE('',#7081,#755);
#324=LINE('',#7082,#756);
#325=LINE('',#7085,#757);
#326=LINE('',#7087,#758);
#327=LINE('',#7088,#759);
#328=LINE('',#7091,#760);
#329=LINE('',#7092,#761);
#330=LINE('',#7094,#762);
#331=LINE('',#7096,#763);
#332=LINE('',#7097,#764);
#333=LINE('',#7099,#765);
#334=LINE('',#7101,#766);
#335=LINE('',#7110,#767);
#336=LINE('',#7113,#768);
#337=LINE('',#7116,#769);
#338=LINE('',#7118,#770);
#339=LINE('',#7119,#771);
#340=LINE('',#7122,#772);
#341=LINE('',#7126,#773);
#342=LINE('',#7130,#774);
#343=LINE('',#7134,#775);
#344=LINE('',#7136,#776);
#345=LINE('',#7138,#777);
#346=LINE('',#7140,#778);
#347=LINE('',#7142,#779);
#348=LINE('',#7144,#780);
#349=LINE('',#7146,#781);
#350=LINE('',#7147,#782);
#351=LINE('',#7152,#783);
#352=LINE('',#7156,#784);
#353=LINE('',#7160,#785);
#354=LINE('',#7164,#786);
#355=LINE('',#7168,#787);
#356=LINE('',#7171,#788);
#357=LINE('',#7176,#789);
#358=LINE('',#7180,#790);
#359=LINE('',#7184,#791);
#360=LINE('',#7188,#792);
#361=LINE('',#7192,#793);
#362=LINE('',#7195,#794);
#363=LINE('',#7200,#795);
#364=LINE('',#7204,#796);
#365=LINE('',#7208,#797);
#366=LINE('',#7212,#798);
#367=LINE('',#7216,#799);
#368=LINE('',#7219,#800);
#369=LINE('',#7224,#801);
#370=LINE('',#7228,#802);
#371=LINE('',#7232,#803);
#372=LINE('',#7236,#804);
#373=LINE('',#7240,#805);
#374=LINE('',#7243,#806);
#375=LINE('',#7247,#807);
#376=LINE('',#7250,#808);
#377=LINE('',#7251,#809);
#378=LINE('',#7256,#810);
#379=LINE('',#7257,#811);
#380=LINE('',#7260,#812);
#381=LINE('',#7261,#813);
#382=LINE('',#7267,#814);
#383=LINE('',#7269,#815);
#384=LINE('',#7270,#816);
#385=LINE('',#7273,#817);
#386=LINE('',#7275,#818);
#387=LINE('',#7276,#819);
#388=LINE('',#7279,#820);
#389=LINE('',#7280,#821);
#390=LINE('',#7282,#822);
#391=LINE('',#7285,#823);
#392=LINE('',#7287,#824);
#393=LINE('',#7288,#825);
#394=LINE('',#7291,#826);
#395=LINE('',#7293,#827);
#396=LINE('',#7294,#828);
#397=LINE('',#7298,#829);
#398=LINE('',#7300,#830);
#399=LINE('',#7301,#831);
#400=LINE('',#7304,#832);
#401=LINE('',#7306,#833);
#402=LINE('',#7307,#834);
#403=LINE('',#7310,#835);
#404=LINE('',#7311,#836);
#405=LINE('',#7313,#837);
#406=LINE('',#7316,#838);
#407=LINE('',#7318,#839);
#408=LINE('',#7319,#840);
#409=LINE('',#7322,#841);
#410=LINE('',#7324,#842);
#411=LINE('',#7325,#843);
#412=LINE('',#7329,#844);
#413=LINE('',#7331,#845);
#414=LINE('',#7333,#846);
#415=LINE('',#7334,#847);
#416=LINE('',#7337,#848);
#417=LINE('',#7339,#849);
#418=LINE('',#7340,#850);
#419=LINE('',#7343,#851);
#420=LINE('',#7345,#852);
#421=LINE('',#7346,#853);
#422=LINE('',#7349,#854);
#423=LINE('',#7351,#855);
#424=LINE('',#7352,#856);
#425=LINE('',#7355,#857);
#426=LINE('',#7357,#858);
#427=LINE('',#7358,#859);
#428=LINE('',#7361,#860);
#429=LINE('',#7363,#861);
#430=LINE('',#7364,#862);
#431=LINE('',#7367,#863);
#432=LINE('',#7369,#864);
#433=LINE('',#7370,#865);
#434=LINE('',#7372,#866);
#435=LINE('',#7373,#867);
#436=LINE('',#7375,#868);
#437=LINE('',#7376,#869);
#438=LINE('',#7378,#870);
#439=LINE('',#7380,#871);
#440=LINE('',#7382,#872);
#441=LINE('',#7386,#873);
#442=LINE('',#7388,#874);
#443=LINE('',#7390,#875);
#444=LINE('',#7392,#876);
#445=LINE('',#7394,#877);
#446=LINE('',#7396,#878);
#447=LINE('',#7398,#879);
#448=LINE('',#7400,#880);
#449=LINE('',#7402,#881);
#450=LINE('',#7404,#882);
#451=LINE('',#7406,#883);
#452=LINE('',#7407,#884);
#453=LINE('',#7410,#885);
#454=LINE('',#7412,#886);
#455=LINE('',#7413,#887);
#456=LINE('',#7416,#888);
#457=LINE('',#7417,#889);
#458=LINE('',#7420,#890);
#459=LINE('',#7421,#891);
#460=LINE('',#7424,#892);
#461=LINE('',#7425,#893);
#462=LINE('',#7428,#894);
#463=LINE('',#7429,#895);
#464=LINE('',#7432,#896);
#465=LINE('',#7433,#897);
#466=LINE('',#7436,#898);
#467=LINE('',#7437,#899);
#468=LINE('',#7440,#900);
#469=LINE('',#7441,#901);
#470=LINE('',#7444,#902);
#471=LINE('',#7445,#903);
#472=LINE('',#7448,#904);
#473=LINE('',#7449,#905);
#474=LINE('',#7452,#906);
#475=LINE('',#7453,#907);
#476=LINE('',#7455,#908);
#477=LINE('',#7457,#909);
#478=LINE('',#7458,#910);
#479=LINE('',#7461,#911);
#480=LINE('',#7466,#912);
#481=LINE('',#7467,#913);
#482=LINE('',#7468,#914);
#483=LINE('',#7471,#915);
#484=LINE('',#7472,#916);
#485=LINE('',#7475,#917);
#486=LINE('',#7476,#918);
#487=LINE('',#7479,#919);
#488=LINE('',#7480,#920);
#489=LINE('',#7483,#921);
#490=LINE('',#7484,#922);
#491=LINE('',#7487,#923);
#492=LINE('',#7488,#924);
#493=LINE('',#7491,#925);
#494=LINE('',#7492,#926);
#495=LINE('',#7495,#927);
#496=LINE('',#7496,#928);
#497=LINE('',#7499,#929);
#498=LINE('',#7500,#930);
#499=LINE('',#7503,#931);
#500=LINE('',#7504,#932);
#501=LINE('',#7507,#933);
#502=LINE('',#7508,#934);
#503=LINE('',#7510,#935);
#504=LINE('',#7514,#936);
#505=LINE('',#7516,#937);
#506=LINE('',#7518,#938);
#507=LINE('',#7519,#939);
#508=LINE('',#7523,#940);
#509=LINE('',#7525,#941);
#510=LINE('',#7527,#942);
#511=LINE('',#7528,#943);
#512=LINE('',#7532,#944);
#513=LINE('',#7534,#945);
#514=LINE('',#7536,#946);
#515=LINE('',#7537,#947);
#516=LINE('',#7541,#948);
#517=LINE('',#7543,#949);
#518=LINE('',#7545,#950);
#519=LINE('',#7546,#951);
#520=LINE('',#7550,#952);
#521=LINE('',#7552,#953);
#522=LINE('',#7554,#954);
#523=LINE('',#7555,#955);
#524=LINE('',#7559,#956);
#525=LINE('',#7561,#957);
#526=LINE('',#7563,#958);
#527=LINE('',#7564,#959);
#528=LINE('',#7566,#960);
#529=LINE('',#7567,#961);
#530=LINE('',#7569,#962);
#531=LINE('',#7570,#963);
#532=LINE('',#7574,#964);
#533=LINE('',#7581,#965);
#534=LINE('',#7588,#966);
#535=LINE('',#7592,#967);
#536=LINE('',#7596,#968);
#537=LINE('',#7601,#969);
#538=LINE('',#7606,#970);
#539=LINE('',#7610,#971);
#540=LINE('',#7614,#972);
#541=LINE('',#7619,#973);
#542=LINE('',#7623,#974);
#543=LINE('',#7627,#975);
#544=LINE('',#7630,#976);
#545=LINE('',#7641,#977);
#546=LINE('',#7642,#978);
#547=LINE('',#7645,#979);
#548=LINE('',#7646,#980);
#549=LINE('',#7655,#981);
#550=LINE('',#7658,#982);
#551=LINE('',#7659,#983);
#552=LINE('',#7668,#984);
#553=LINE('',#7671,#985);
#554=LINE('',#7672,#986);
#555=LINE('',#7681,#987);
#556=LINE('',#7684,#988);
#557=LINE('',#7685,#989);
#558=LINE('',#7694,#990);
#559=LINE('',#7697,#991);
#560=LINE('',#7698,#992);
#561=LINE('',#7707,#993);
#562=LINE('',#7709,#994);
#563=LINE('',#7714,#995);
#564=LINE('',#7715,#996);
#565=LINE('',#7720,#997);
#566=LINE('',#7721,#998);
#567=LINE('',#7726,#999);
#568=LINE('',#7727,#1000);
#569=LINE('',#7732,#1001);
#570=LINE('',#7733,#1002);
#571=LINE('',#7738,#1003);
#572=LINE('',#7739,#1004);
#573=LINE('',#7744,#1005);
#574=LINE('',#7745,#1006);
#575=LINE('',#7747,#1007);
#576=LINE('',#7748,#1008);
#577=LINE('',#7749,#1009);
#578=LINE('',#7750,#1010);
#579=LINE('',#7751,#1011);
#580=LINE('',#7752,#1012);
#581=LINE('',#7768,#1013);
#582=LINE('',#7769,#1014);
#583=LINE('',#7772,#1015);
#584=LINE('',#7773,#1016);
#585=LINE('',#7782,#1017);
#586=LINE('',#7785,#1018);
#587=LINE('',#7786,#1019);
#588=LINE('',#7795,#1020);
#589=LINE('',#7798,#1021);
#590=LINE('',#7799,#1022);
#591=LINE('',#7808,#1023);
#592=LINE('',#7811,#1024);
#593=LINE('',#7812,#1025);
#594=LINE('',#7821,#1026);
#595=LINE('',#7824,#1027);
#596=LINE('',#7825,#1028);
#597=LINE('',#7834,#1029);
#598=LINE('',#7836,#1030);
#599=LINE('',#7841,#1031);
#600=LINE('',#7842,#1032);
#601=LINE('',#7847,#1033);
#602=LINE('',#7848,#1034);
#603=LINE('',#7853,#1035);
#604=LINE('',#7854,#1036);
#605=LINE('',#7859,#1037);
#606=LINE('',#7860,#1038);
#607=LINE('',#7865,#1039);
#608=LINE('',#7866,#1040);
#609=LINE('',#7871,#1041);
#610=LINE('',#7872,#1042);
#611=LINE('',#7874,#1043);
#612=LINE('',#7875,#1044);
#613=LINE('',#7876,#1045);
#614=LINE('',#7877,#1046);
#615=LINE('',#7878,#1047);
#616=LINE('',#7879,#1048);
#617=LINE('',#7895,#1049);
#618=LINE('',#7896,#1050);
#619=LINE('',#7899,#1051);
#620=LINE('',#7900,#1052);
#621=LINE('',#7909,#1053);
#622=LINE('',#7912,#1054);
#623=LINE('',#7913,#1055);
#624=LINE('',#7922,#1056);
#625=LINE('',#7925,#1057);
#626=LINE('',#7926,#1058);
#627=LINE('',#7935,#1059);
#628=LINE('',#7938,#1060);
#629=LINE('',#7939,#1061);
#630=LINE('',#7948,#1062);
#631=LINE('',#7951,#1063);
#632=LINE('',#7952,#1064);
#633=LINE('',#7961,#1065);
#634=LINE('',#7963,#1066);
#635=LINE('',#7966,#1067);
#636=LINE('',#7968,#1068);
#637=LINE('',#7969,#1069);
#638=LINE('',#7972,#1070);
#639=LINE('',#7974,#1071);
#640=LINE('',#7975,#1072);
#641=LINE('',#7979,#1073);
#642=LINE('',#7980,#1074);
#643=LINE('',#7981,#1075);
#644=LINE('',#7985,#1076);
#645=LINE('',#7986,#1077);
#646=LINE('',#7987,#1078);
#647=LINE('',#7991,#1079);
#648=LINE('',#7992,#1080);
#649=LINE('',#7993,#1081);
#650=LINE('',#7996,#1082);
#651=LINE('',#7998,#1083);
#652=LINE('',#7999,#1084);
#653=LINE('',#8009,#1085);
#654=LINE('',#8013,#1086);
#655=LINE('',#8019,#1087);
#656=LINE('',#8025,#1088);
#657=LINE('',#8028,#1089);
#658=LINE('',#8029,#1090);
#659=LINE('',#8031,#1091);
#660=LINE('',#8032,#1092);
#661=LINE('',#8034,#1093);
#662=LINE('',#8035,#1094);
#663=LINE('',#8037,#1095);
#664=LINE('',#8038,#1096);
#665=LINE('',#8040,#1097);
#666=LINE('',#8045,#1098);
#667=LINE('',#8062,#1099);
#668=LINE('',#8063,#1100);
#669=LINE('',#8066,#1101);
#670=LINE('',#8067,#1102);
#671=LINE('',#8076,#1103);
#672=LINE('',#8079,#1104);
#673=LINE('',#8080,#1105);
#674=LINE('',#8089,#1106);
#675=LINE('',#8092,#1107);
#676=LINE('',#8093,#1108);
#677=LINE('',#8102,#1109);
#678=LINE('',#8105,#1110);
#679=LINE('',#8106,#1111);
#680=LINE('',#8115,#1112);
#681=LINE('',#8118,#1113);
#682=LINE('',#8119,#1114);
#683=LINE('',#8128,#1115);
#684=LINE('',#8130,#1116);
#685=LINE('',#8133,#1117);
#686=LINE('',#8135,#1118);
#687=LINE('',#8136,#1119);
#688=LINE('',#8139,#1120);
#689=LINE('',#8141,#1121);
#690=LINE('',#8142,#1122);
#691=LINE('',#8146,#1123);
#692=LINE('',#8147,#1124);
#693=LINE('',#8148,#1125);
#694=LINE('',#8152,#1126);
#695=LINE('',#8153,#1127);
#696=LINE('',#8154,#1128);
#697=LINE('',#8158,#1129);
#698=LINE('',#8159,#1130);
#699=LINE('',#8160,#1131);
#700=LINE('',#8163,#1132);
#701=LINE('',#8165,#1133);
#702=LINE('',#8166,#1134);
#703=LINE('',#8176,#1135);
#704=LINE('',#8180,#1136);
#705=LINE('',#8186,#1137);
#706=LINE('',#8192,#1138);
#707=LINE('',#8195,#1139);
#708=LINE('',#8196,#1140);
#709=LINE('',#8198,#1141);
#710=LINE('',#8199,#1142);
#711=LINE('',#8201,#1143);
#712=LINE('',#8202,#1144);
#713=LINE('',#8204,#1145);
#714=LINE('',#8205,#1146);
#715=LINE('',#8207,#1147);
#716=LINE('',#8212,#1148);
#717=VECTOR('',#4812,10.);
#718=VECTOR('',#4813,10.);
#719=VECTOR('',#4822,10.);
#720=VECTOR('',#4823,10.);
#721=VECTOR('',#4832,10.);
#722=VECTOR('',#4833,10.);
#723=VECTOR('',#4836,10.);
#724=VECTOR('',#4837,10.);
#725=VECTOR('',#4846,10.);
#726=VECTOR('',#4847,10.);
#727=VECTOR('',#4850,10.);
#728=VECTOR('',#4851,10.);
#729=VECTOR('',#4854,10.);
#730=VECTOR('',#4855,10.);
#731=VECTOR('',#4858,10.);
#732=VECTOR('',#4859,10.);
#733=VECTOR('',#4862,10.);
#734=VECTOR('',#4865,10.);
#735=VECTOR('',#4868,10.);
#736=VECTOR('',#4869,10.);
#737=VECTOR('',#4870,10.);
#738=VECTOR('',#4871,10.);
#739=VECTOR('',#4872,10.);
#740=VECTOR('',#4873,10.);
#741=VECTOR('',#4878,10.);
#742=VECTOR('',#4879,10.);
#743=VECTOR('',#4880,10.);
#744=VECTOR('',#4881,10.);
#745=VECTOR('',#4884,10.);
#746=VECTOR('',#4885,10.);
#747=VECTOR('',#4886,10.);
#748=VECTOR('',#4889,10.);
#749=VECTOR('',#4890,10.);
#750=VECTOR('',#4891,10.);
#751=VECTOR('',#4894,10.);
#752=VECTOR('',#4895,10.);
#753=VECTOR('',#4898,10.);
#754=VECTOR('',#4901,10.);
#755=VECTOR('',#4902,10.);
#756=VECTOR('',#4903,10.);
#757=VECTOR('',#4906,10.);
#758=VECTOR('',#4907,10.);
#759=VECTOR('',#4908,10.);
#760=VECTOR('',#4911,10.);
#761=VECTOR('',#4912,10.);
#762=VECTOR('',#4915,10.);
#763=VECTOR('',#4918,10.);
#764=VECTOR('',#4919,10.);
#765=VECTOR('',#4922,10.);
#766=VECTOR('',#4925,10.);
#767=VECTOR('',#4936,10.);
#768=VECTOR('',#4939,10.);
#769=VECTOR('',#4942,10.);
#770=VECTOR('',#4943,10.);
#771=VECTOR('',#4944,10.);
#772=VECTOR('',#4947,10.);
#773=VECTOR('',#4950,10.);
#774=VECTOR('',#4953,10.);
#775=VECTOR('',#4956,10.);
#776=VECTOR('',#4957,10.);
#777=VECTOR('',#4958,10.);
#778=VECTOR('',#4959,10.);
#779=VECTOR('',#4960,10.);
#780=VECTOR('',#4961,10.);
#781=VECTOR('',#4962,10.);
#782=VECTOR('',#4963,10.);
#783=VECTOR('',#4966,1.2239799643052);
#784=VECTOR('',#4969,10.6015221207633);
#785=VECTOR('',#4972,1.22397996430519);
#786=VECTOR('',#4975,3.74642676062395);
#787=VECTOR('',#4978,5.57321304441673);
#788=VECTOR('',#4981,3.74642676062395);
#789=VECTOR('',#4984,1.22397996430519);
#790=VECTOR('',#4987,10.6015221207633);
#791=VECTOR('',#4990,1.22397996430519);
#792=VECTOR('',#4993,3.74642676062396);
#793=VECTOR('',#4996,5.57321304441672);
#794=VECTOR('',#4999,3.74642676062396);
#795=VECTOR('',#5002,1.22397996430519);
#796=VECTOR('',#5005,10.6015221207633);
#797=VECTOR('',#5008,1.22397996430519);
#798=VECTOR('',#5011,3.74642676062396);
#799=VECTOR('',#5014,5.57321304441673);
#800=VECTOR('',#5017,3.74642676062395);
#801=VECTOR('',#5020,1.22397996430519);
#802=VECTOR('',#5023,10.6015221207633);
#803=VECTOR('',#5026,1.22397996430519);
#804=VECTOR('',#5029,3.74642676062396);
#805=VECTOR('',#5032,5.57321304441673);
#806=VECTOR('',#5035,3.74642676062396);
#807=VECTOR('',#5040,10.);
#808=VECTOR('',#5043,10.);
#809=VECTOR('',#5044,10.);
#810=VECTOR('',#5049,10.);
#811=VECTOR('',#5050,10.);
#812=VECTOR('',#5053,10.);
#813=VECTOR('',#5054,10.);
#814=VECTOR('',#5061,10.);
#815=VECTOR('',#5062,10.);
#816=VECTOR('',#5063,10.);
#817=VECTOR('',#5066,10.);
#818=VECTOR('',#5067,10.);
#819=VECTOR('',#5068,10.);
#820=VECTOR('',#5071,10.);
#821=VECTOR('',#5072,10.);
#822=VECTOR('',#5075,10.);
#823=VECTOR('',#5078,10.);
#824=VECTOR('',#5079,10.);
#825=VECTOR('',#5080,10.);
#826=VECTOR('',#5083,10.);
#827=VECTOR('',#5084,10.);
#828=VECTOR('',#5085,10.);
#829=VECTOR('',#5088,10.);
#830=VECTOR('',#5089,10.);
#831=VECTOR('',#5090,10.);
#832=VECTOR('',#5093,10.);
#833=VECTOR('',#5094,10.);
#834=VECTOR('',#5095,10.);
#835=VECTOR('',#5098,10.);
#836=VECTOR('',#5099,10.);
#837=VECTOR('',#5102,10.);
#838=VECTOR('',#5105,10.);
#839=VECTOR('',#5106,10.);
#840=VECTOR('',#5107,10.);
#841=VECTOR('',#5110,10.);
#842=VECTOR('',#5111,10.);
#843=VECTOR('',#5112,10.);
#844=VECTOR('',#5115,10.);
#845=VECTOR('',#5116,10.);
#846=VECTOR('',#5117,10.);
#847=VECTOR('',#5118,10.);
#848=VECTOR('',#5121,10.);
#849=VECTOR('',#5122,10.);
#850=VECTOR('',#5123,10.);
#851=VECTOR('',#5126,10.);
#852=VECTOR('',#5127,10.);
#853=VECTOR('',#5128,10.);
#854=VECTOR('',#5131,10.);
#855=VECTOR('',#5132,10.);
#856=VECTOR('',#5133,10.);
#857=VECTOR('',#5136,10.);
#858=VECTOR('',#5137,10.);
#859=VECTOR('',#5138,10.);
#860=VECTOR('',#5141,10.);
#861=VECTOR('',#5142,10.);
#862=VECTOR('',#5143,10.);
#863=VECTOR('',#5146,10.);
#864=VECTOR('',#5147,10.);
#865=VECTOR('',#5148,10.);
#866=VECTOR('',#5151,10.);
#867=VECTOR('',#5152,10.);
#868=VECTOR('',#5155,10.);
#869=VECTOR('',#5156,10.);
#870=VECTOR('',#5159,10.);
#871=VECTOR('',#5162,10.);
#872=VECTOR('',#5165,10.);
#873=VECTOR('',#5168,10.);
#874=VECTOR('',#5169,10.);
#875=VECTOR('',#5170,10.);
#876=VECTOR('',#5171,10.);
#877=VECTOR('',#5172,10.);
#878=VECTOR('',#5173,10.);
#879=VECTOR('',#5174,10.);
#880=VECTOR('',#5175,10.);
#881=VECTOR('',#5176,10.);
#882=VECTOR('',#5177,10.);
#883=VECTOR('',#5178,10.);
#884=VECTOR('',#5179,10.);
#885=VECTOR('',#5182,10.);
#886=VECTOR('',#5183,10.);
#887=VECTOR('',#5184,10.);
#888=VECTOR('',#5187,10.);
#889=VECTOR('',#5188,10.);
#890=VECTOR('',#5191,10.);
#891=VECTOR('',#5192,10.);
#892=VECTOR('',#5195,10.);
#893=VECTOR('',#5196,10.);
#894=VECTOR('',#5199,10.);
#895=VECTOR('',#5200,10.);
#896=VECTOR('',#5203,10.);
#897=VECTOR('',#5204,10.);
#898=VECTOR('',#5207,10.);
#899=VECTOR('',#5208,10.);
#900=VECTOR('',#5211,10.);
#901=VECTOR('',#5212,10.);
#902=VECTOR('',#5215,10.);
#903=VECTOR('',#5216,10.);
#904=VECTOR('',#5219,10.);
#905=VECTOR('',#5220,10.);
#906=VECTOR('',#5223,10.);
#907=VECTOR('',#5224,10.);
#908=VECTOR('',#5227,10.);
#909=VECTOR('',#5230,10.);
#910=VECTOR('',#5231,10.);
#911=VECTOR('',#5236,10.);
#912=VECTOR('',#5241,10.);
#913=VECTOR('',#5242,10.);
#914=VECTOR('',#5243,10.);
#915=VECTOR('',#5246,10.);
#916=VECTOR('',#5247,10.);
#917=VECTOR('',#5250,10.);
#918=VECTOR('',#5251,10.);
#919=VECTOR('',#5254,10.);
#920=VECTOR('',#5255,10.);
#921=VECTOR('',#5258,10.);
#922=VECTOR('',#5259,10.);
#923=VECTOR('',#5262,10.);
#924=VECTOR('',#5263,10.);
#925=VECTOR('',#5266,10.);
#926=VECTOR('',#5267,10.);
#927=VECTOR('',#5270,10.);
#928=VECTOR('',#5271,10.);
#929=VECTOR('',#5274,10.);
#930=VECTOR('',#5275,10.);
#931=VECTOR('',#5278,10.);
#932=VECTOR('',#5279,10.);
#933=VECTOR('',#5282,10.);
#934=VECTOR('',#5283,10.);
#935=VECTOR('',#5286,10.);
#936=VECTOR('',#5289,10.);
#937=VECTOR('',#5290,10.);
#938=VECTOR('',#5291,10.);
#939=VECTOR('',#5292,10.);
#940=VECTOR('',#5295,10.);
#941=VECTOR('',#5296,10.);
#942=VECTOR('',#5297,10.);
#943=VECTOR('',#5298,10.);
#944=VECTOR('',#5301,10.);
#945=VECTOR('',#5302,10.);
#946=VECTOR('',#5303,10.);
#947=VECTOR('',#5304,10.);
#948=VECTOR('',#5307,10.);
#949=VECTOR('',#5308,10.);
#950=VECTOR('',#5309,10.);
#951=VECTOR('',#5310,10.);
#952=VECTOR('',#5313,10.);
#953=VECTOR('',#5314,10.);
#954=VECTOR('',#5315,10.);
#955=VECTOR('',#5316,10.);
#956=VECTOR('',#5319,10.);
#957=VECTOR('',#5320,10.);
#958=VECTOR('',#5321,10.);
#959=VECTOR('',#5322,10.);
#960=VECTOR('',#5325,10.);
#961=VECTOR('',#5326,10.);
#962=VECTOR('',#5329,10.);
#963=VECTOR('',#5330,10.);
#964=VECTOR('',#5335,10.);
#965=VECTOR('',#5344,10.);
#966=VECTOR('',#5353,10.);
#967=VECTOR('',#5358,10.);
#968=VECTOR('',#5363,10.);
#969=VECTOR('',#5370,10.);
#970=VECTOR('',#5375,10.);
#971=VECTOR('',#5378,10.);
#972=VECTOR('',#5381,10.);
#973=VECTOR('',#5386,10.);
#974=VECTOR('',#5389,10.);
#975=VECTOR('',#5392,10.);
#976=VECTOR('',#5397,10.);
#977=VECTOR('',#5402,10.);
#978=VECTOR('',#5403,10.);
#979=VECTOR('',#5406,3.74642676062396);
#980=VECTOR('',#5407,10.);
#981=VECTOR('',#5410,10.);
#982=VECTOR('',#5413,5.57321304441673);
#983=VECTOR('',#5414,10.);
#984=VECTOR('',#5417,10.);
#985=VECTOR('',#5420,3.74642676062396);
#986=VECTOR('',#5421,10.);
#987=VECTOR('',#5424,10.);
#988=VECTOR('',#5427,1.22397996430519);
#989=VECTOR('',#5428,10.);
#990=VECTOR('',#5431,10.);
#991=VECTOR('',#5434,10.6015221207633);
#992=VECTOR('',#5435,10.);
#993=VECTOR('',#5438,10.);
#994=VECTOR('',#5441,1.22397996430519);
#995=VECTOR('',#5446,5.03812597225175);
#996=VECTOR('',#5447,5.03812597225175);
#997=VECTOR('',#5452,5.02192944254269);
#998=VECTOR('',#5453,5.02192944254269);
#999=VECTOR('',#5458,5.02284993286307);
#1000=VECTOR('',#5459,5.02284993286307);
#1001=VECTOR('',#5464,5.03812597225175);
#1002=VECTOR('',#5465,5.03812597225175);
#1003=VECTOR('',#5470,5.02192944254269);
#1004=VECTOR('',#5471,5.02192944254269);
#1005=VECTOR('',#5476,5.02284993286307);
#1006=VECTOR('',#5477,5.02284993286307);
#1007=VECTOR('',#5480,5.18506466081196);
#1008=VECTOR('',#5481,3.3837741902011);
#1009=VECTOR('',#5482,0.617958268055091);
#1010=VECTOR('',#5483,9.72663548550406);
#1011=VECTOR('',#5484,0.617958268055093);
#1012=VECTOR('',#5485,3.3837741902011);
#1013=VECTOR('',#5500,10.);
#1014=VECTOR('',#5501,10.);
#1015=VECTOR('',#5504,3.74642676062395);
#1016=VECTOR('',#5505,10.);
#1017=VECTOR('',#5508,10.);
#1018=VECTOR('',#5511,5.57321304441673);
#1019=VECTOR('',#5512,10.);
#1020=VECTOR('',#5515,10.);
#1021=VECTOR('',#5518,3.74642676062396);
#1022=VECTOR('',#5519,10.);
#1023=VECTOR('',#5522,10.);
#1024=VECTOR('',#5525,1.22397996430519);
#1025=VECTOR('',#5526,10.);
#1026=VECTOR('',#5529,10.);
#1027=VECTOR('',#5532,10.6015221207633);
#1028=VECTOR('',#5533,10.);
#1029=VECTOR('',#5536,10.);
#1030=VECTOR('',#5539,1.22397996430519);
#1031=VECTOR('',#5544,5.03812597225175);
#1032=VECTOR('',#5545,5.03812597225175);
#1033=VECTOR('',#5550,5.02192944254269);
#1034=VECTOR('',#5551,5.02192944254269);
#1035=VECTOR('',#5556,5.02284993286307);
#1036=VECTOR('',#5557,5.02284993286307);
#1037=VECTOR('',#5562,5.03812597225175);
#1038=VECTOR('',#5563,5.03812597225175);
#1039=VECTOR('',#5568,5.02192944254269);
#1040=VECTOR('',#5569,5.02192944254269);
#1041=VECTOR('',#5574,5.02284993286307);
#1042=VECTOR('',#5575,5.02284993286307);
#1043=VECTOR('',#5578,5.18506466081196);
#1044=VECTOR('',#5579,3.3837741902011);
#1045=VECTOR('',#5580,0.617958268055092);
#1046=VECTOR('',#5581,9.72663548550406);
#1047=VECTOR('',#5582,0.617958268055093);
#1048=VECTOR('',#5583,3.3837741902011);
#1049=VECTOR('',#5598,10.);
#1050=VECTOR('',#5599,10.);
#1051=VECTOR('',#5602,3.74642676062396);
#1052=VECTOR('',#5603,10.);
#1053=VECTOR('',#5606,10.);
#1054=VECTOR('',#5609,5.57321304441672);
#1055=VECTOR('',#5610,10.);
#1056=VECTOR('',#5613,10.);
#1057=VECTOR('',#5616,3.74642676062396);
#1058=VECTOR('',#5617,10.);
#1059=VECTOR('',#5620,10.);
#1060=VECTOR('',#5623,1.22397996430519);
#1061=VECTOR('',#5624,10.);
#1062=VECTOR('',#5627,10.);
#1063=VECTOR('',#5630,10.6015221207633);
#1064=VECTOR('',#5631,10.);
#1065=VECTOR('',#5634,10.);
#1066=VECTOR('',#5637,1.22397996430519);
#1067=VECTOR('',#5640,5.02284993286307);
#1068=VECTOR('',#5641,3.3837741902011);
#1069=VECTOR('',#5642,5.02192944254269);
#1070=VECTOR('',#5645,5.02284993286307);
#1071=VECTOR('',#5646,5.18506466081196);
#1072=VECTOR('',#5647,5.02284993286307);
#1073=VECTOR('',#5650,3.3837741902011);
#1074=VECTOR('',#5651,5.02284993286307);
#1075=VECTOR('',#5652,5.02192944254269);
#1076=VECTOR('',#5655,0.617958268055092);
#1077=VECTOR('',#5656,5.02192944254269);
#1078=VECTOR('',#5657,5.03812597225175);
#1079=VECTOR('',#5660,9.72663548550406);
#1080=VECTOR('',#5661,5.03812597225175);
#1081=VECTOR('',#5662,5.03812597225175);
#1082=VECTOR('',#5665,5.02192944254269);
#1083=VECTOR('',#5666,0.617958268055093);
#1084=VECTOR('',#5667,5.03812597225175);
#1085=VECTOR('',#5682,4.78509929403673);
#1086=VECTOR('',#5685,3.01008084387286);
#1087=VECTOR('',#5690,8.82511336474076);
#1088=VECTOR('',#5695,3.01008084387286);
#1089=VECTOR('',#5700,10.);
#1090=VECTOR('',#5701,10.);
#1091=VECTOR('',#5704,10.);
#1092=VECTOR('',#5705,10.);
#1093=VECTOR('',#5708,10.);
#1094=VECTOR('',#5709,5.);
#1095=VECTOR('',#5712,10.);
#1096=VECTOR('',#5713,10.);
#1097=VECTOR('',#5716,10.);
#1098=VECTOR('',#5725,10.);
#1099=VECTOR('',#5742,10.);
#1100=VECTOR('',#5743,10.);
#1101=VECTOR('',#5746,3.74642676062395);
#1102=VECTOR('',#5747,10.);
#1103=VECTOR('',#5750,10.);
#1104=VECTOR('',#5753,5.57321304441673);
#1105=VECTOR('',#5754,10.);
#1106=VECTOR('',#5757,10.);
#1107=VECTOR('',#5760,3.74642676062395);
#1108=VECTOR('',#5761,10.);
#1109=VECTOR('',#5764,10.);
#1110=VECTOR('',#5767,1.22397996430519);
#1111=VECTOR('',#5768,10.);
#1112=VECTOR('',#5771,10.);
#1113=VECTOR('',#5774,10.6015221207633);
#1114=VECTOR('',#5775,10.);
#1115=VECTOR('',#5778,10.);
#1116=VECTOR('',#5781,1.2239799643052);
#1117=VECTOR('',#5784,5.02284993286307);
#1118=VECTOR('',#5785,3.3837741902011);
#1119=VECTOR('',#5786,5.02192944254269);
#1120=VECTOR('',#5789,5.02284993286307);
#1121=VECTOR('',#5790,5.18506466081197);
#1122=VECTOR('',#5791,5.02284993286307);
#1123=VECTOR('',#5794,3.3837741902011);
#1124=VECTOR('',#5795,5.02284993286307);
#1125=VECTOR('',#5796,5.02192944254269);
#1126=VECTOR('',#5799,0.617958268055094);
#1127=VECTOR('',#5800,5.02192944254269);
#1128=VECTOR('',#5801,5.03812597225175);
#1129=VECTOR('',#5804,9.72663548550406);
#1130=VECTOR('',#5805,5.03812597225175);
#1131=VECTOR('',#5806,5.03812597225175);
#1132=VECTOR('',#5809,5.02192944254269);
#1133=VECTOR('',#5810,0.617958268055097);
#1134=VECTOR('',#5811,5.03812597225175);
#1135=VECTOR('',#5826,4.78509929403673);
#1136=VECTOR('',#5829,3.01008084387286);
#1137=VECTOR('',#5834,8.82511336474076);
#1138=VECTOR('',#5839,3.01008084387286);
#1139=VECTOR('',#5844,10.);
#1140=VECTOR('',#5845,10.);
#1141=VECTOR('',#5848,10.);
#1142=VECTOR('',#5849,10.);
#1143=VECTOR('',#5852,10.);
#1144=VECTOR('',#5853,5.);
#1145=VECTOR('',#5856,10.);
#1146=VECTOR('',#5857,10.);
#1147=VECTOR('',#5860,10.);
#1148=VECTOR('',#5869,10.);
#1149=CYLINDRICAL_SURFACE('',#4397,1.5);
#1150=CYLINDRICAL_SURFACE('',#4401,1.5);
#1151=CYLINDRICAL_SURFACE('',#4405,1.5);
#1152=CYLINDRICAL_SURFACE('',#4407,1.5);
#1153=CYLINDRICAL_SURFACE('',#4410,1.5);
#1154=CYLINDRICAL_SURFACE('',#4412,1.5);
#1155=CYLINDRICAL_SURFACE('',#4413,1.5);
#1156=CYLINDRICAL_SURFACE('',#4414,1.5);
#1157=CYLINDRICAL_SURFACE('',#4434,1.5);
#1158=CYLINDRICAL_SURFACE('',#4466,1.5);
#1159=CYLINDRICAL_SURFACE('',#4469,1.5);
#1160=CYLINDRICAL_SURFACE('',#4472,1.5);
#1161=CYLINDRICAL_SURFACE('',#4575,0.2);
#1162=CYLINDRICAL_SURFACE('',#4577,0.2);
#1163=CYLINDRICAL_SURFACE('',#4579,0.2);
#1164=CYLINDRICAL_SURFACE('',#4581,0.2);
#1165=CYLINDRICAL_SURFACE('',#4583,0.2);
#1166=CYLINDRICAL_SURFACE('',#4585,0.2);
#1167=CYLINDRICAL_SURFACE('',#4606,0.2);
#1168=CYLINDRICAL_SURFACE('',#4608,0.2);
#1169=CYLINDRICAL_SURFACE('',#4610,0.2);
#1170=CYLINDRICAL_SURFACE('',#4612,0.2);
#1171=CYLINDRICAL_SURFACE('',#4614,0.2);
#1172=CYLINDRICAL_SURFACE('',#4616,0.2);
#1173=CYLINDRICAL_SURFACE('',#4660,0.2);
#1174=CYLINDRICAL_SURFACE('',#4661,0.2);
#1175=CYLINDRICAL_SURFACE('',#4662,0.2);
#1176=CYLINDRICAL_SURFACE('',#4663,0.2);
#1177=CYLINDRICAL_SURFACE('',#4664,0.2);
#1178=CYLINDRICAL_SURFACE('',#4665,0.2);
#1179=CYLINDRICAL_SURFACE('',#4666,0.2);
#1180=CYLINDRICAL_SURFACE('',#4667,0.2);
#1181=CYLINDRICAL_SURFACE('',#4668,0.2);
#1182=CYLINDRICAL_SURFACE('',#4669,0.2);
#1183=CYLINDRICAL_SURFACE('',#4670,0.2);
#1184=CYLINDRICAL_SURFACE('',#4671,0.2);
#1185=CYLINDRICAL_SURFACE('',#4707,0.2);
#1186=CYLINDRICAL_SURFACE('',#4708,0.2);
#1187=CYLINDRICAL_SURFACE('',#4709,0.2);
#1188=CYLINDRICAL_SURFACE('',#4710,0.2);
#1189=CYLINDRICAL_SURFACE('',#4711,0.2);
#1190=CYLINDRICAL_SURFACE('',#4712,0.2);
#1191=CYLINDRICAL_SURFACE('',#4713,0.2);
#1192=CYLINDRICAL_SURFACE('',#4714,0.2);
#1193=CYLINDRICAL_SURFACE('',#4715,0.2);
#1194=CYLINDRICAL_SURFACE('',#4716,0.2);
#1195=CYLINDRICAL_SURFACE('',#4717,0.2);
#1196=CYLINDRICAL_SURFACE('',#4718,0.2);
#1197=FACE_OUTER_BOUND('',#1445,.T.);
#1198=FACE_OUTER_BOUND('',#1446,.T.);
#1199=FACE_OUTER_BOUND('',#1447,.T.);
#1200=FACE_OUTER_BOUND('',#1448,.T.);
#1201=FACE_OUTER_BOUND('',#1449,.T.);
#1202=FACE_OUTER_BOUND('',#1450,.T.);
#1203=FACE_OUTER_BOUND('',#1451,.T.);
#1204=FACE_OUTER_BOUND('',#1452,.T.);
#1205=FACE_OUTER_BOUND('',#1453,.T.);
#1206=FACE_OUTER_BOUND('',#1454,.T.);
#1207=FACE_OUTER_BOUND('',#1455,.T.);
#1208=FACE_OUTER_BOUND('',#1456,.T.);
#1209=FACE_OUTER_BOUND('',#1457,.T.);
#1210=FACE_OUTER_BOUND('',#1458,.T.);
#1211=FACE_OUTER_BOUND('',#1459,.T.);
#1212=FACE_OUTER_BOUND('',#1460,.T.);
#1213=FACE_OUTER_BOUND('',#1461,.T.);
#1214=FACE_OUTER_BOUND('',#1462,.T.);
#1215=FACE_OUTER_BOUND('',#1463,.T.);
#1216=FACE_OUTER_BOUND('',#1464,.T.);
#1217=FACE_OUTER_BOUND('',#1465,.T.);
#1218=FACE_OUTER_BOUND('',#1466,.T.);
#1219=FACE_OUTER_BOUND('',#1467,.T.);
#1220=FACE_OUTER_BOUND('',#1468,.T.);
#1221=FACE_OUTER_BOUND('',#1469,.T.);
#1222=FACE_OUTER_BOUND('',#1470,.T.);
#1223=FACE_OUTER_BOUND('',#1471,.T.);
#1224=FACE_OUTER_BOUND('',#1472,.T.);
#1225=FACE_OUTER_BOUND('',#1473,.T.);
#1226=FACE_OUTER_BOUND('',#1474,.T.);
#1227=FACE_OUTER_BOUND('',#1475,.T.);
#1228=FACE_OUTER_BOUND('',#1476,.T.);
#1229=FACE_OUTER_BOUND('',#1477,.T.);
#1230=FACE_OUTER_BOUND('',#1478,.T.);
#1231=FACE_OUTER_BOUND('',#1479,.T.);
#1232=FACE_OUTER_BOUND('',#1481,.T.);
#1233=FACE_OUTER_BOUND('',#1482,.T.);
#1234=FACE_OUTER_BOUND('',#1483,.T.);
#1235=FACE_OUTER_BOUND('',#1484,.T.);
#1236=FACE_OUTER_BOUND('',#1485,.T.);
#1237=FACE_OUTER_BOUND('',#1486,.T.);
#1238=FACE_OUTER_BOUND('',#1487,.T.);
#1239=FACE_OUTER_BOUND('',#1488,.T.);
#1240=FACE_OUTER_BOUND('',#1489,.T.);
#1241=FACE_OUTER_BOUND('',#1490,.T.);
#1242=FACE_OUTER_BOUND('',#1491,.T.);
#1243=FACE_OUTER_BOUND('',#1492,.T.);
#1244=FACE_OUTER_BOUND('',#1494,.T.);
#1245=FACE_OUTER_BOUND('',#1495,.T.);
#1246=FACE_OUTER_BOUND('',#1497,.T.);
#1247=FACE_OUTER_BOUND('',#1498,.T.);
#1248=FACE_OUTER_BOUND('',#1499,.T.);
#1249=FACE_OUTER_BOUND('',#1500,.T.);
#1250=FACE_OUTER_BOUND('',#1501,.T.);
#1251=FACE_OUTER_BOUND('',#1507,.T.);
#1252=FACE_OUTER_BOUND('',#1508,.T.);
#1253=FACE_OUTER_BOUND('',#1509,.T.);
#1254=FACE_OUTER_BOUND('',#1510,.T.);
#1255=FACE_OUTER_BOUND('',#1511,.T.);
#1256=FACE_OUTER_BOUND('',#1512,.T.);
#1257=FACE_OUTER_BOUND('',#1513,.T.);
#1258=FACE_OUTER_BOUND('',#1514,.T.);
#1259=FACE_OUTER_BOUND('',#1515,.T.);
#1260=FACE_OUTER_BOUND('',#1516,.T.);
#1261=FACE_OUTER_BOUND('',#1517,.T.);
#1262=FACE_OUTER_BOUND('',#1518,.T.);
#1263=FACE_OUTER_BOUND('',#1519,.T.);
#1264=FACE_OUTER_BOUND('',#1520,.T.);
#1265=FACE_OUTER_BOUND('',#1521,.T.);
#1266=FACE_OUTER_BOUND('',#1522,.T.);
#1267=FACE_OUTER_BOUND('',#1523,.T.);
#1268=FACE_OUTER_BOUND('',#1524,.T.);
#1269=FACE_OUTER_BOUND('',#1525,.T.);
#1270=FACE_OUTER_BOUND('',#1526,.T.);
#1271=FACE_OUTER_BOUND('',#1527,.T.);
#1272=FACE_OUTER_BOUND('',#1528,.T.);
#1273=FACE_OUTER_BOUND('',#1529,.T.);
#1274=FACE_OUTER_BOUND('',#1530,.T.);
#1275=FACE_OUTER_BOUND('',#1531,.T.);
#1276=FACE_OUTER_BOUND('',#1532,.T.);
#1277=FACE_OUTER_BOUND('',#1533,.T.);
#1278=FACE_OUTER_BOUND('',#1534,.T.);
#1279=FACE_OUTER_BOUND('',#1535,.T.);
#1280=FACE_OUTER_BOUND('',#1536,.T.);
#1281=FACE_OUTER_BOUND('',#1538,.T.);
#1282=FACE_OUTER_BOUND('',#1539,.T.);
#1283=FACE_OUTER_BOUND('',#1540,.T.);
#1284=FACE_OUTER_BOUND('',#1541,.T.);
#1285=FACE_OUTER_BOUND('',#1542,.T.);
#1286=FACE_OUTER_BOUND('',#1543,.T.);
#1287=FACE_OUTER_BOUND('',#1544,.T.);
#1288=FACE_OUTER_BOUND('',#1545,.T.);
#1289=FACE_OUTER_BOUND('',#1546,.T.);
#1290=FACE_OUTER_BOUND('',#1547,.T.);
#1291=FACE_OUTER_BOUND('',#1548,.T.);
#1292=FACE_OUTER_BOUND('',#1549,.T.);
#1293=FACE_OUTER_BOUND('',#1550,.T.);
#1294=FACE_OUTER_BOUND('',#1551,.T.);
#1295=FACE_OUTER_BOUND('',#1552,.T.);
#1296=FACE_OUTER_BOUND('',#1553,.T.);
#1297=FACE_OUTER_BOUND('',#1554,.T.);
#1298=FACE_OUTER_BOUND('',#1555,.T.);
#1299=FACE_OUTER_BOUND('',#1556,.T.);
#1300=FACE_OUTER_BOUND('',#1557,.T.);
#1301=FACE_OUTER_BOUND('',#1558,.T.);
#1302=FACE_OUTER_BOUND('',#1559,.T.);
#1303=FACE_OUTER_BOUND('',#1560,.T.);
#1304=FACE_OUTER_BOUND('',#1561,.T.);
#1305=FACE_OUTER_BOUND('',#1562,.T.);
#1306=FACE_OUTER_BOUND('',#1563,.T.);
#1307=FACE_OUTER_BOUND('',#1564,.T.);
#1308=FACE_OUTER_BOUND('',#1565,.T.);
#1309=FACE_OUTER_BOUND('',#1566,.T.);
#1310=FACE_OUTER_BOUND('',#1567,.T.);
#1311=FACE_OUTER_BOUND('',#1568,.T.);
#1312=FACE_OUTER_BOUND('',#1569,.T.);
#1313=FACE_OUTER_BOUND('',#1570,.T.);
#1314=FACE_OUTER_BOUND('',#1571,.T.);
#1315=FACE_OUTER_BOUND('',#1572,.T.);
#1316=FACE_OUTER_BOUND('',#1573,.T.);
#1317=FACE_OUTER_BOUND('',#1574,.T.);
#1318=FACE_OUTER_BOUND('',#1576,.T.);
#1319=FACE_OUTER_BOUND('',#1577,.T.);
#1320=FACE_OUTER_BOUND('',#1578,.T.);
#1321=FACE_OUTER_BOUND('',#1579,.T.);
#1322=FACE_OUTER_BOUND('',#1580,.T.);
#1323=FACE_OUTER_BOUND('',#1582,.T.);
#1324=FACE_OUTER_BOUND('',#1583,.T.);
#1325=FACE_OUTER_BOUND('',#1585,.T.);
#1326=FACE_OUTER_BOUND('',#1586,.T.);
#1327=FACE_OUTER_BOUND('',#1587,.T.);
#1328=FACE_OUTER_BOUND('',#1588,.T.);
#1329=FACE_OUTER_BOUND('',#1589,.T.);
#1330=FACE_OUTER_BOUND('',#1590,.T.);
#1331=FACE_OUTER_BOUND('',#1591,.T.);
#1332=FACE_OUTER_BOUND('',#1592,.T.);
#1333=FACE_OUTER_BOUND('',#1593,.T.);
#1334=FACE_OUTER_BOUND('',#1594,.T.);
#1335=FACE_OUTER_BOUND('',#1595,.T.);
#1336=FACE_OUTER_BOUND('',#1596,.T.);
#1337=FACE_OUTER_BOUND('',#1597,.T.);
#1338=FACE_OUTER_BOUND('',#1598,.T.);
#1339=FACE_OUTER_BOUND('',#1599,.T.);
#1340=FACE_OUTER_BOUND('',#1600,.T.);
#1341=FACE_OUTER_BOUND('',#1601,.T.);
#1342=FACE_OUTER_BOUND('',#1602,.T.);
#1343=FACE_OUTER_BOUND('',#1603,.T.);
#1344=FACE_OUTER_BOUND('',#1604,.T.);
#1345=FACE_OUTER_BOUND('',#1605,.T.);
#1346=FACE_OUTER_BOUND('',#1606,.T.);
#1347=FACE_OUTER_BOUND('',#1607,.T.);
#1348=FACE_OUTER_BOUND('',#1608,.T.);
#1349=FACE_OUTER_BOUND('',#1609,.T.);
#1350=FACE_OUTER_BOUND('',#1610,.T.);
#1351=FACE_OUTER_BOUND('',#1611,.T.);
#1352=FACE_OUTER_BOUND('',#1612,.T.);
#1353=FACE_OUTER_BOUND('',#1613,.T.);
#1354=FACE_OUTER_BOUND('',#1614,.T.);
#1355=FACE_OUTER_BOUND('',#1615,.T.);
#1356=FACE_OUTER_BOUND('',#1616,.T.);
#1357=FACE_OUTER_BOUND('',#1617,.T.);
#1358=FACE_OUTER_BOUND('',#1618,.T.);
#1359=FACE_OUTER_BOUND('',#1619,.T.);
#1360=FACE_OUTER_BOUND('',#1620,.T.);
#1361=FACE_OUTER_BOUND('',#1621,.T.);
#1362=FACE_OUTER_BOUND('',#1622,.T.);
#1363=FACE_OUTER_BOUND('',#1623,.T.);
#1364=FACE_OUTER_BOUND('',#1624,.T.);
#1365=FACE_OUTER_BOUND('',#1625,.T.);
#1366=FACE_OUTER_BOUND('',#1626,.T.);
#1367=FACE_OUTER_BOUND('',#1627,.T.);
#1368=FACE_OUTER_BOUND('',#1628,.T.);
#1369=FACE_OUTER_BOUND('',#1629,.T.);
#1370=FACE_OUTER_BOUND('',#1630,.T.);
#1371=FACE_OUTER_BOUND('',#1631,.T.);
#1372=FACE_OUTER_BOUND('',#1632,.T.);
#1373=FACE_OUTER_BOUND('',#1633,.T.);
#1374=FACE_OUTER_BOUND('',#1634,.T.);
#1375=FACE_OUTER_BOUND('',#1635,.T.);
#1376=FACE_OUTER_BOUND('',#1636,.T.);
#1377=FACE_OUTER_BOUND('',#1637,.T.);
#1378=FACE_OUTER_BOUND('',#1638,.T.);
#1379=FACE_OUTER_BOUND('',#1639,.T.);
#1380=FACE_OUTER_BOUND('',#1640,.T.);
#1381=FACE_OUTER_BOUND('',#1641,.T.);
#1382=FACE_OUTER_BOUND('',#1642,.T.);
#1383=FACE_OUTER_BOUND('',#1643,.T.);
#1384=FACE_OUTER_BOUND('',#1644,.T.);
#1385=FACE_OUTER_BOUND('',#1645,.T.);
#1386=FACE_OUTER_BOUND('',#1646,.T.);
#1387=FACE_OUTER_BOUND('',#1647,.T.);
#1388=FACE_OUTER_BOUND('',#1648,.T.);
#1389=FACE_OUTER_BOUND('',#1649,.T.);
#1390=FACE_OUTER_BOUND('',#1650,.T.);
#1391=FACE_OUTER_BOUND('',#1651,.T.);
#1392=FACE_OUTER_BOUND('',#1652,.T.);
#1393=FACE_OUTER_BOUND('',#1653,.T.);
#1394=FACE_OUTER_BOUND('',#1655,.T.);
#1395=FACE_OUTER_BOUND('',#1656,.T.);
#1396=FACE_OUTER_BOUND('',#1657,.T.);
#1397=FACE_OUTER_BOUND('',#1658,.T.);
#1398=FACE_OUTER_BOUND('',#1659,.T.);
#1399=FACE_OUTER_BOUND('',#1660,.T.);
#1400=FACE_OUTER_BOUND('',#1661,.T.);
#1401=FACE_OUTER_BOUND('',#1662,.T.);
#1402=FACE_OUTER_BOUND('',#1663,.T.);
#1403=FACE_OUTER_BOUND('',#1664,.T.);
#1404=FACE_OUTER_BOUND('',#1665,.T.);
#1405=FACE_OUTER_BOUND('',#1666,.T.);
#1406=FACE_OUTER_BOUND('',#1667,.T.);
#1407=FACE_OUTER_BOUND('',#1668,.T.);
#1408=FACE_OUTER_BOUND('',#1669,.T.);
#1409=FACE_OUTER_BOUND('',#1670,.T.);
#1410=FACE_OUTER_BOUND('',#1671,.T.);
#1411=FACE_OUTER_BOUND('',#1672,.T.);
#1412=FACE_OUTER_BOUND('',#1673,.T.);
#1413=FACE_OUTER_BOUND('',#1674,.T.);
#1414=FACE_OUTER_BOUND('',#1675,.T.);
#1415=FACE_OUTER_BOUND('',#1676,.T.);
#1416=FACE_OUTER_BOUND('',#1677,.T.);
#1417=FACE_OUTER_BOUND('',#1678,.T.);
#1418=FACE_OUTER_BOUND('',#1679,.T.);
#1419=FACE_OUTER_BOUND('',#1680,.T.);
#1420=FACE_OUTER_BOUND('',#1681,.T.);
#1421=FACE_OUTER_BOUND('',#1682,.T.);
#1422=FACE_OUTER_BOUND('',#1683,.T.);
#1423=FACE_OUTER_BOUND('',#1684,.T.);
#1424=FACE_OUTER_BOUND('',#1685,.T.);
#1425=FACE_OUTER_BOUND('',#1686,.T.);
#1426=FACE_OUTER_BOUND('',#1687,.T.);
#1427=FACE_OUTER_BOUND('',#1688,.T.);
#1428=FACE_OUTER_BOUND('',#1689,.T.);
#1429=FACE_OUTER_BOUND('',#1691,.T.);
#1430=FACE_OUTER_BOUND('',#1692,.T.);
#1431=FACE_OUTER_BOUND('',#1693,.T.);
#1432=FACE_OUTER_BOUND('',#1694,.T.);
#1433=FACE_OUTER_BOUND('',#1695,.T.);
#1434=FACE_OUTER_BOUND('',#1696,.T.);
#1435=FACE_OUTER_BOUND('',#1697,.T.);
#1436=FACE_OUTER_BOUND('',#1698,.T.);
#1437=FACE_OUTER_BOUND('',#1699,.T.);
#1438=FACE_OUTER_BOUND('',#1700,.T.);
#1439=FACE_OUTER_BOUND('',#1701,.T.);
#1440=FACE_OUTER_BOUND('',#1702,.T.);
#1441=FACE_OUTER_BOUND('',#1703,.T.);
#1442=FACE_OUTER_BOUND('',#1704,.T.);
#1443=FACE_OUTER_BOUND('',#1705,.T.);
#1444=FACE_OUTER_BOUND('',#1706,.T.);
#1445=EDGE_LOOP('',(#2827,#2828,#2829,#2830));
#1446=EDGE_LOOP('',(#2831,#2832,#2833,#2834));
#1447=EDGE_LOOP('',(#2835,#2836,#2837,#2838));
#1448=EDGE_LOOP('',(#2839,#2840,#2841,#2842));
#1449=EDGE_LOOP('',(#2843,#2844,#2845,#2846));
#1450=EDGE_LOOP('',(#2847,#2848,#2849,#2850));
#1451=EDGE_LOOP('',(#2851,#2852,#2853,#2854));
#1452=EDGE_LOOP('',(#2855,#2856,#2857,#2858));
#1453=EDGE_LOOP('',(#2859,#2860,#2861,#2862));
#1454=EDGE_LOOP('',(#2863,#2864,#2865,#2866));
#1455=EDGE_LOOP('',(#2867,#2868,#2869,#2870));
#1456=EDGE_LOOP('',(#2871,#2872,#2873,#2874));
#1457=EDGE_LOOP('',(#2875,#2876,#2877,#2878));
#1458=EDGE_LOOP('',(#2879,#2880,#2881,#2882));
#1459=EDGE_LOOP('',(#2883,#2884,#2885,#2886));
#1460=EDGE_LOOP('',(#2887,#2888,#2889,#2890));
#1461=EDGE_LOOP('',(#2891,#2892,#2893,#2894));
#1462=EDGE_LOOP('',(#2895,#2896,#2897,#2898));
#1463=EDGE_LOOP('',(#2899,#2900,#2901,#2902));
#1464=EDGE_LOOP('',(#2903,#2904,#2905,#2906));
#1465=EDGE_LOOP('',(#2907,#2908,#2909,#2910));
#1466=EDGE_LOOP('',(#2911,#2912,#2913,#2914,#2915));
#1467=EDGE_LOOP('',(#2916,#2917,#2918,#2919));
#1468=EDGE_LOOP('',(#2920,#2921,#2922,#2923,#2924));
#1469=EDGE_LOOP('',(#2925,#2926,#2927,#2928));
#1470=EDGE_LOOP('',(#2929,#2930,#2931,#2932,#2933));
#1471=EDGE_LOOP('',(#2934,#2935,#2936,#2937,#2938,#2939));
#1472=EDGE_LOOP('',(#2940,#2941,#2942,#2943));
#1473=EDGE_LOOP('',(#2944,#2945,#2946,#2947,#2948));
#1474=EDGE_LOOP('',(#2949,#2950,#2951,#2952,#2953,#2954));
#1475=EDGE_LOOP('',(#2955,#2956,#2957,#2958,#2959,#2960));
#1476=EDGE_LOOP('',(#2961,#2962,#2963,#2964,#2965,#2966));
#1477=EDGE_LOOP('',(#2967,#2968,#2969,#2970,#2971,#2972,#2973,#2974));
#1478=EDGE_LOOP('',(#2975,#2976,#2977,#2978,#2979,#2980,#2981,#2982));
#1479=EDGE_LOOP('',(#2983,#2984,#2985,#2986,#2987,#2988,#2989,#2990));
#1480=EDGE_LOOP('',(#2991,#2992,#2993,#2994));
#1481=EDGE_LOOP('',(#2995,#2996,#2997,#2998,#2999,#3000,#3001,#3002,#3003,
#3004,#3005,#3006));
#1482=EDGE_LOOP('',(#3007,#3008,#3009,#3010));
#1483=EDGE_LOOP('',(#3011,#3012,#3013));
#1484=EDGE_LOOP('',(#3014,#3015,#3016,#3017));
#1485=EDGE_LOOP('',(#3018,#3019,#3020,#3021));
#1486=EDGE_LOOP('',(#3022,#3023,#3024));
#1487=EDGE_LOOP('',(#3025,#3026,#3027));
#1488=EDGE_LOOP('',(#3028,#3029,#3030,#3031));
#1489=EDGE_LOOP('',(#3032,#3033,#3034,#3035));
#1490=EDGE_LOOP('',(#3036,#3037,#3038));
#1491=EDGE_LOOP('',(#3039,#3040,#3041,#3042));
#1492=EDGE_LOOP('',(#3043,#3044,#3045,#3046));
#1493=EDGE_LOOP('',(#3047,#3048,#3049,#3050));
#1494=EDGE_LOOP('',(#3051,#3052,#3053,#3054));
#1495=EDGE_LOOP('',(#3055,#3056,#3057,#3058));
#1496=EDGE_LOOP('',(#3059,#3060,#3061,#3062));
#1497=EDGE_LOOP('',(#3063,#3064,#3065,#3066,#3067,#3068,#3069,#3070));
#1498=EDGE_LOOP('',(#3071,#3072,#3073,#3074,#3075,#3076,#3077,#3078));
#1499=EDGE_LOOP('',(#3079,#3080,#3081,#3082));
#1500=EDGE_LOOP('',(#3083,#3084,#3085,#3086));
#1501=EDGE_LOOP('',(#3087,#3088,#3089,#3090,#3091,#3092,#3093,#3094));
#1502=EDGE_LOOP('',(#3095,#3096,#3097,#3098,#3099,#3100,#3101,#3102));
#1503=EDGE_LOOP('',(#3103,#3104,#3105,#3106,#3107,#3108,#3109,#3110,#3111,
#3112,#3113,#3114));
#1504=EDGE_LOOP('',(#3115,#3116,#3117,#3118,#3119,#3120,#3121,#3122,#3123,
#3124,#3125,#3126));
#1505=EDGE_LOOP('',(#3127,#3128,#3129,#3130,#3131,#3132,#3133,#3134,#3135,
#3136,#3137,#3138));
#1506=EDGE_LOOP('',(#3139,#3140,#3141,#3142,#3143,#3144,#3145,#3146,#3147,
#3148,#3149,#3150));
#1507=EDGE_LOOP('',(#3151,#3152,#3153,#3154));
#1508=EDGE_LOOP('',(#3155,#3156,#3157,#3158));
#1509=EDGE_LOOP('',(#3159,#3160,#3161,#3162));
#1510=EDGE_LOOP('',(#3163,#3164,#3165,#3166));
#1511=EDGE_LOOP('',(#3167,#3168,#3169,#3170));
#1512=EDGE_LOOP('',(#3171,#3172,#3173));
#1513=EDGE_LOOP('',(#3174,#3175,#3176,#3177));
#1514=EDGE_LOOP('',(#3178,#3179,#3180,#3181));
#1515=EDGE_LOOP('',(#3182,#3183,#3184));
#1516=EDGE_LOOP('',(#3185,#3186,#3187,#3188));
#1517=EDGE_LOOP('',(#3189,#3190,#3191,#3192));
#1518=EDGE_LOOP('',(#3193,#3194,#3195));
#1519=EDGE_LOOP('',(#3196,#3197,#3198,#3199));
#1520=EDGE_LOOP('',(#3200,#3201,#3202,#3203));
#1521=EDGE_LOOP('',(#3204,#3205,#3206));
#1522=EDGE_LOOP('',(#3207,#3208,#3209,#3210));
#1523=EDGE_LOOP('',(#3211,#3212,#3213,#3214));
#1524=EDGE_LOOP('',(#3215,#3216,#3217,#3218));
#1525=EDGE_LOOP('',(#3219,#3220,#3221,#3222));
#1526=EDGE_LOOP('',(#3223,#3224,#3225,#3226));
#1527=EDGE_LOOP('',(#3227,#3228,#3229,#3230));
#1528=EDGE_LOOP('',(#3231,#3232,#3233,#3234));
#1529=EDGE_LOOP('',(#3235,#3236,#3237,#3238));
#1530=EDGE_LOOP('',(#3239,#3240,#3241,#3242));
#1531=EDGE_LOOP('',(#3243,#3244,#3245,#3246));
#1532=EDGE_LOOP('',(#3247,#3248,#3249,#3250));
#1533=EDGE_LOOP('',(#3251,#3252,#3253,#3254));
#1534=EDGE_LOOP('',(#3255,#3256,#3257,#3258));
#1535=EDGE_LOOP('',(#3259,#3260,#3261,#3262));
#1536=EDGE_LOOP('',(#3263,#3264,#3265,#3266,#3267,#3268,#3269,#3270));
#1537=EDGE_LOOP('',(#3271,#3272,#3273,#3274,#3275,#3276,#3277,#3278,#3279,
#3280,#3281,#3282));
#1538=EDGE_LOOP('',(#3283,#3284,#3285,#3286));
#1539=EDGE_LOOP('',(#3287,#3288,#3289,#3290));
#1540=EDGE_LOOP('',(#3291,#3292,#3293,#3294));
#1541=EDGE_LOOP('',(#3295,#3296,#3297,#3298));
#1542=EDGE_LOOP('',(#3299,#3300,#3301,#3302));
#1543=EDGE_LOOP('',(#3303,#3304,#3305,#3306));
#1544=EDGE_LOOP('',(#3307,#3308,#3309,#3310));
#1545=EDGE_LOOP('',(#3311,#3312,#3313,#3314));
#1546=EDGE_LOOP('',(#3315,#3316,#3317,#3318));
#1547=EDGE_LOOP('',(#3319,#3320,#3321,#3322));
#1548=EDGE_LOOP('',(#3323,#3324,#3325,#3326));
#1549=EDGE_LOOP('',(#3327,#3328,#3329,#3330));
#1550=EDGE_LOOP('',(#3331,#3332,#3333,#3334));
#1551=EDGE_LOOP('',(#3335,#3336,#3337,#3338));
#1552=EDGE_LOOP('',(#3339,#3340,#3341,#3342));
#1553=EDGE_LOOP('',(#3343,#3344,#3345,#3346));
#1554=EDGE_LOOP('',(#3347,#3348,#3349,#3350));
#1555=EDGE_LOOP('',(#3351,#3352,#3353,#3354));
#1556=EDGE_LOOP('',(#3355,#3356,#3357,#3358));
#1557=EDGE_LOOP('',(#3359,#3360,#3361,#3362));
#1558=EDGE_LOOP('',(#3363,#3364,#3365,#3366));
#1559=EDGE_LOOP('',(#3367,#3368,#3369,#3370));
#1560=EDGE_LOOP('',(#3371,#3372,#3373,#3374));
#1561=EDGE_LOOP('',(#3375,#3376,#3377,#3378));
#1562=EDGE_LOOP('',(#3379,#3380,#3381,#3382));
#1563=EDGE_LOOP('',(#3383,#3384,#3385,#3386));
#1564=EDGE_LOOP('',(#3387,#3388,#3389,#3390));
#1565=EDGE_LOOP('',(#3391,#3392,#3393,#3394));
#1566=EDGE_LOOP('',(#3395,#3396,#3397,#3398));
#1567=EDGE_LOOP('',(#3399,#3400,#3401,#3402));
#1568=EDGE_LOOP('',(#3403,#3404,#3405,#3406));
#1569=EDGE_LOOP('',(#3407,#3408,#3409,#3410));
#1570=EDGE_LOOP('',(#3411,#3412,#3413,#3414));
#1571=EDGE_LOOP('',(#3415,#3416,#3417,#3418));
#1572=EDGE_LOOP('',(#3419,#3420,#3421,#3422));
#1573=EDGE_LOOP('',(#3423,#3424,#3425,#3426));
#1574=EDGE_LOOP('',(#3427,#3428,#3429,#3430,#3431,#3432,#3433,#3434));
#1575=EDGE_LOOP('',(#3435,#3436,#3437,#3438,#3439,#3440,#3441,#3442,#3443,
#3444,#3445,#3446,#3447,#3448,#3449,#3450));
#1576=EDGE_LOOP('',(#3451,#3452,#3453));
#1577=EDGE_LOOP('',(#3454,#3455,#3456));
#1578=EDGE_LOOP('',(#3457,#3458,#3459));
#1579=EDGE_LOOP('',(#3460,#3461,#3462));
#1580=EDGE_LOOP('',(#3463,#3464,#3465,#3466,#3467,#3468,#3469,#3470,#3471,
#3472,#3473,#3474,#3475,#3476,#3477,#3478));
#1581=EDGE_LOOP('',(#3479,#3480,#3481,#3482,#3483,#3484,#3485,#3486,#3487,
#3488,#3489,#3490));
#1582=EDGE_LOOP('',(#3491,#3492,#3493,#3494));
#1583=EDGE_LOOP('',(#3495,#3496,#3497,#3498,#3499,#3500,#3501,#3502));
#1584=EDGE_LOOP('',(#3503,#3504,#3505,#3506,#3507,#3508,#3509,#3510));
#1585=EDGE_LOOP('',(#3511,#3512,#3513,#3514));
#1586=EDGE_LOOP('',(#3515,#3516,#3517,#3518));
#1587=EDGE_LOOP('',(#3519,#3520,#3521,#3522));
#1588=EDGE_LOOP('',(#3523,#3524,#3525,#3526));
#1589=EDGE_LOOP('',(#3527,#3528,#3529,#3530));
#1590=EDGE_LOOP('',(#3531,#3532,#3533,#3534));
#1591=EDGE_LOOP('',(#3535,#3536,#3537,#3538));
#1592=EDGE_LOOP('',(#3539,#3540,#3541,#3542));
#1593=EDGE_LOOP('',(#3543,#3544,#3545,#3546));
#1594=EDGE_LOOP('',(#3547,#3548,#3549,#3550));
#1595=EDGE_LOOP('',(#3551,#3552,#3553,#3554));
#1596=EDGE_LOOP('',(#3555,#3556,#3557,#3558));
#1597=EDGE_LOOP('',(#3559,#3560,#3561,#3562));
#1598=EDGE_LOOP('',(#3563,#3564,#3565,#3566));
#1599=EDGE_LOOP('',(#3567,#3568,#3569,#3570));
#1600=EDGE_LOOP('',(#3571,#3572,#3573,#3574));
#1601=EDGE_LOOP('',(#3575,#3576,#3577,#3578));
#1602=EDGE_LOOP('',(#3579,#3580,#3581,#3582));
#1603=EDGE_LOOP('',(#3583,#3584,#3585,#3586,#3587,#3588,#3589,#3590,#3591,
#3592,#3593,#3594));
#1604=EDGE_LOOP('',(#3595,#3596,#3597,#3598));
#1605=EDGE_LOOP('',(#3599,#3600,#3601,#3602));
#1606=EDGE_LOOP('',(#3603,#3604,#3605,#3606));
#1607=EDGE_LOOP('',(#3607,#3608,#3609,#3610));
#1608=EDGE_LOOP('',(#3611,#3612,#3613,#3614));
#1609=EDGE_LOOP('',(#3615,#3616,#3617,#3618));
#1610=EDGE_LOOP('',(#3619,#3620,#3621,#3622));
#1611=EDGE_LOOP('',(#3623,#3624,#3625,#3626));
#1612=EDGE_LOOP('',(#3627,#3628,#3629,#3630));
#1613=EDGE_LOOP('',(#3631,#3632,#3633,#3634));
#1614=EDGE_LOOP('',(#3635,#3636,#3637,#3638));
#1615=EDGE_LOOP('',(#3639,#3640,#3641,#3642));
#1616=EDGE_LOOP('',(#3643,#3644,#3645,#3646));
#1617=EDGE_LOOP('',(#3647,#3648,#3649,#3650));
#1618=EDGE_LOOP('',(#3651,#3652,#3653,#3654));
#1619=EDGE_LOOP('',(#3655,#3656,#3657,#3658));
#1620=EDGE_LOOP('',(#3659,#3660,#3661,#3662));
#1621=EDGE_LOOP('',(#3663,#3664,#3665,#3666));
#1622=EDGE_LOOP('',(#3667,#3668,#3669,#3670));
#1623=EDGE_LOOP('',(#3671,#3672,#3673,#3674));
#1624=EDGE_LOOP('',(#3675,#3676,#3677,#3678));
#1625=EDGE_LOOP('',(#3679,#3680,#3681,#3682));
#1626=EDGE_LOOP('',(#3683,#3684,#3685,#3686));
#1627=EDGE_LOOP('',(#3687,#3688,#3689,#3690));
#1628=EDGE_LOOP('',(#3691,#3692,#3693,#3694,#3695,#3696,#3697,#3698,#3699,
#3700,#3701,#3702));
#1629=EDGE_LOOP('',(#3703,#3704,#3705,#3706));
#1630=EDGE_LOOP('',(#3707,#3708,#3709,#3710));
#1631=EDGE_LOOP('',(#3711,#3712,#3713,#3714));
#1632=EDGE_LOOP('',(#3715,#3716,#3717,#3718));
#1633=EDGE_LOOP('',(#3719,#3720,#3721,#3722));
#1634=EDGE_LOOP('',(#3723,#3724,#3725,#3726));
#1635=EDGE_LOOP('',(#3727,#3728,#3729,#3730));
#1636=EDGE_LOOP('',(#3731,#3732,#3733,#3734));
#1637=EDGE_LOOP('',(#3735,#3736,#3737,#3738));
#1638=EDGE_LOOP('',(#3739,#3740,#3741,#3742));
#1639=EDGE_LOOP('',(#3743,#3744,#3745,#3746));
#1640=EDGE_LOOP('',(#3747,#3748,#3749,#3750));
#1641=EDGE_LOOP('',(#3751,#3752,#3753,#3754));
#1642=EDGE_LOOP('',(#3755,#3756,#3757,#3758));
#1643=EDGE_LOOP('',(#3759,#3760,#3761,#3762));
#1644=EDGE_LOOP('',(#3763,#3764,#3765,#3766));
#1645=EDGE_LOOP('',(#3767,#3768,#3769,#3770));
#1646=EDGE_LOOP('',(#3771,#3772,#3773,#3774));
#1647=EDGE_LOOP('',(#3775,#3776,#3777,#3778));
#1648=EDGE_LOOP('',(#3779,#3780,#3781,#3782));
#1649=EDGE_LOOP('',(#3783,#3784,#3785,#3786));
#1650=EDGE_LOOP('',(#3787,#3788,#3789,#3790));
#1651=EDGE_LOOP('',(#3791,#3792,#3793,#3794));
#1652=EDGE_LOOP('',(#3795,#3796,#3797,#3798));
#1653=EDGE_LOOP('',(#3799,#3800,#3801,#3802,#3803,#3804,#3805,#3806,#3807,
#3808,#3809,#3810));
#1654=EDGE_LOOP('',(#3811,#3812,#3813,#3814,#3815,#3816,#3817,#3818,#3819,
#3820));
#1655=EDGE_LOOP('',(#3821,#3822,#3823,#3824));
#1656=EDGE_LOOP('',(#3825,#3826,#3827,#3828));
#1657=EDGE_LOOP('',(#3829,#3830,#3831,#3832,#3833,#3834,#3835,#3836));
#1658=EDGE_LOOP('',(#3837,#3838,#3839,#3840));
#1659=EDGE_LOOP('',(#3841,#3842,#3843,#3844,#3845,#3846));
#1660=EDGE_LOOP('',(#3847,#3848,#3849,#3850,#3851,#3852));
#1661=EDGE_LOOP('',(#3853,#3854,#3855,#3856));
#1662=EDGE_LOOP('',(#3857,#3858,#3859,#3860));
#1663=EDGE_LOOP('',(#3861,#3862,#3863,#3864,#3865,#3866));
#1664=EDGE_LOOP('',(#3867,#3868,#3869,#3870,#3871,#3872));
#1665=EDGE_LOOP('',(#3873,#3874,#3875,#3876));
#1666=EDGE_LOOP('',(#3877,#3878,#3879,#3880));
#1667=EDGE_LOOP('',(#3881,#3882,#3883,#3884));
#1668=EDGE_LOOP('',(#3885,#3886,#3887,#3888));
#1669=EDGE_LOOP('',(#3889,#3890,#3891,#3892));
#1670=EDGE_LOOP('',(#3893,#3894,#3895,#3896));
#1671=EDGE_LOOP('',(#3897,#3898,#3899,#3900));
#1672=EDGE_LOOP('',(#3901,#3902,#3903,#3904));
#1673=EDGE_LOOP('',(#3905,#3906,#3907,#3908));
#1674=EDGE_LOOP('',(#3909,#3910,#3911,#3912));
#1675=EDGE_LOOP('',(#3913,#3914,#3915,#3916));
#1676=EDGE_LOOP('',(#3917,#3918,#3919,#3920));
#1677=EDGE_LOOP('',(#3921,#3922,#3923,#3924));
#1678=EDGE_LOOP('',(#3925,#3926,#3927,#3928));
#1679=EDGE_LOOP('',(#3929,#3930,#3931,#3932));
#1680=EDGE_LOOP('',(#3933,#3934,#3935,#3936));
#1681=EDGE_LOOP('',(#3937,#3938,#3939,#3940));
#1682=EDGE_LOOP('',(#3941,#3942,#3943,#3944));
#1683=EDGE_LOOP('',(#3945,#3946,#3947,#3948));
#1684=EDGE_LOOP('',(#3949,#3950,#3951,#3952));
#1685=EDGE_LOOP('',(#3953,#3954,#3955,#3956));
#1686=EDGE_LOOP('',(#3957,#3958,#3959,#3960));
#1687=EDGE_LOOP('',(#3961,#3962,#3963,#3964));
#1688=EDGE_LOOP('',(#3965,#3966,#3967,#3968));
#1689=EDGE_LOOP('',(#3969,#3970,#3971,#3972,#3973,#3974,#3975,#3976,#3977,
#3978,#3979,#3980));
#1690=EDGE_LOOP('',(#3981,#3982,#3983,#3984,#3985,#3986,#3987,#3988,#3989,
#3990));
#1691=EDGE_LOOP('',(#3991,#3992,#3993,#3994));
#1692=EDGE_LOOP('',(#3995,#3996,#3997,#3998));
#1693=EDGE_LOOP('',(#3999,#4000,#4001,#4002,#4003,#4004,#4005,#4006));
#1694=EDGE_LOOP('',(#4007,#4008,#4009,#4010));
#1695=EDGE_LOOP('',(#4011,#4012,#4013,#4014,#4015,#4016));
#1696=EDGE_LOOP('',(#4017,#4018,#4019,#4020,#4021,#4022));
#1697=EDGE_LOOP('',(#4023,#4024,#4025,#4026));
#1698=EDGE_LOOP('',(#4027,#4028,#4029,#4030));
#1699=EDGE_LOOP('',(#4031,#4032,#4033,#4034,#4035,#4036));
#1700=EDGE_LOOP('',(#4037,#4038,#4039,#4040,#4041,#4042));
#1701=EDGE_LOOP('',(#4043,#4044,#4045,#4046));
#1702=EDGE_LOOP('',(#4047,#4048,#4049,#4050));
#1703=EDGE_LOOP('',(#4051,#4052,#4053,#4054));
#1704=EDGE_LOOP('',(#4055,#4056,#4057,#4058));
#1705=EDGE_LOOP('',(#4059,#4060,#4061,#4062));
#1706=EDGE_LOOP('',(#4063,#4064,#4065,#4066));
#1707=CIRCLE('',#4355,1.49977348289667);
#1708=CIRCLE('',#4356,1.5);
#1709=CIRCLE('',#4357,1.5);
#1710=CIRCLE('',#4358,1.49977348289667);
#1711=CIRCLE('',#4359,1.49977348289667);
#1712=CIRCLE('',#4360,1.5);
#1713=CIRCLE('',#4361,1.5);
#1714=CIRCLE('',#4362,1.49977348289667);
#1715=CIRCLE('',#4363,1.49977348289667);
#1716=CIRCLE('',#4364,1.5);
#1717=CIRCLE('',#4365,1.49977348289667);
#1718=CIRCLE('',#4366,1.5);
#1719=CIRCLE('',#4367,1.5);
#1720=CIRCLE('',#4368,1.49977348289667);
#1721=CIRCLE('',#4369,1.49977348289667);
#1722=CIRCLE('',#4370,1.5);
#1723=CIRCLE('',#4371,1.5);
#1724=CIRCLE('',#4372,1.49977348289667);
#1725=CIRCLE('',#4373,1.49977348289667);
#1726=CIRCLE('',#4374,1.5);
#1727=CIRCLE('',#4375,1.49977348289667);
#1728=CIRCLE('',#4376,1.5);
#1729=CIRCLE('',#4377,1.5);
#1730=CIRCLE('',#4378,1.49977348289667);
#1731=CIRCLE('',#4379,1.49977348289667);
#1732=CIRCLE('',#4380,1.5);
#1733=CIRCLE('',#4381,1.5);
#1734=CIRCLE('',#4382,1.49977348289667);
#1735=CIRCLE('',#4383,1.49977348289667);
#1736=CIRCLE('',#4384,1.5);
#1737=CIRCLE('',#4385,1.49977348289667);
#1738=CIRCLE('',#4386,1.5);
#1739=CIRCLE('',#4387,1.5);
#1740=CIRCLE('',#4388,1.49977348289667);
#1741=CIRCLE('',#4389,1.49977348289667);
#1742=CIRCLE('',#4390,1.5);
#1743=CIRCLE('',#4391,1.5);
#1744=CIRCLE('',#4392,1.49977348289667);
#1745=CIRCLE('',#4393,1.49977348289667);
#1746=CIRCLE('',#4394,1.5);
#1747=CIRCLE('',#4395,1.5);
#1748=CIRCLE('',#4396,1.49977348289667);
#1749=CIRCLE('',#4398,1.5);
#1750=CIRCLE('',#4399,1.5);
#1751=CIRCLE('',#4400,1.49977348289667);
#1752=CIRCLE('',#4402,1.5);
#1753=CIRCLE('',#4403,1.5);
#1754=CIRCLE('',#4404,1.49977348289667);
#1755=CIRCLE('',#4406,1.5);
#1756=CIRCLE('',#4408,1.5);
#1757=CIRCLE('',#4409,1.49977348289667);
#1758=CIRCLE('',#4411,1.5);
#1759=CIRCLE('',#4435,1.5);
#1760=CIRCLE('',#4436,1.5);
#1761=CIRCLE('',#4439,1.5);
#1762=CIRCLE('',#4440,1.5);
#1763=CIRCLE('',#4441,1.5);
#1764=CIRCLE('',#4467,1.5);
#1765=CIRCLE('',#4470,1.5);
#1766=CIRCLE('',#4473,1.5);
#1767=CIRCLE('',#4536,0.200000000000001);
#1768=CIRCLE('',#4537,0.200000000000001);
#1769=CIRCLE('',#4538,0.200000000000001);
#1770=CIRCLE('',#4539,0.200000000000001);
#1771=CIRCLE('',#4540,0.2);
#1772=CIRCLE('',#4541,0.200000000000001);
#1773=CIRCLE('',#4542,0.199999999999996);
#1774=CIRCLE('',#4543,0.199999999999996);
#1775=CIRCLE('',#4545,0.2);
#1776=CIRCLE('',#4547,0.2);
#1777=CIRCLE('',#4549,0.2);
#1778=CIRCLE('',#4551,0.2);
#1779=CIRCLE('',#4553,0.2);
#1780=CIRCLE('',#4554,0.2);
#1781=CIRCLE('',#4555,0.2);
#1782=CIRCLE('',#4556,0.2);
#1783=CIRCLE('',#4557,0.2);
#1784=CIRCLE('',#4558,0.2);
#1785=CIRCLE('',#4559,0.2);
#1786=CIRCLE('',#4560,0.2);
#1787=CIRCLE('',#4650,0.2);
#1788=CIRCLE('',#4651,0.2);
#1789=CIRCLE('',#4652,0.2);
#1790=CIRCLE('',#4653,0.2);
#1791=CIRCLE('',#4654,0.2);
#1792=CIRCLE('',#4655,0.2);
#1793=CIRCLE('',#4697,0.2);
#1794=CIRCLE('',#4698,0.2);
#1795=CIRCLE('',#4699,0.2);
#1796=CIRCLE('',#4700,0.2);
#1797=CIRCLE('',#4701,0.2);
#1798=CIRCLE('',#4702,0.2);
#1799=B_SPLINE_CURVE_WITH_KNOTS('',3,(#5926,#5927,#5928,#5929,#5930,#5931),
 .UNSPECIFIED.,.F.,.F.,(4,1,1,4),(0.,0.333333333333333,0.666666666666667,
1.),.UNSPECIFIED.);
#1800=B_SPLINE_CURVE_WITH_KNOTS('',3,(#5933,#5934,#5935,#5936,#5937,#5938),
 .UNSPECIFIED.,.F.,.F.,(4,1,1,4),(0.,0.333333333333333,0.666666666666667,
1.),.UNSPECIFIED.);
#1801=B_SPLINE_CURVE_WITH_KNOTS('',3,(#5979,#5980,#5981,#5982,#5983,#5984),
 .UNSPECIFIED.,.F.,.F.,(4,1,1,4),(0.,0.333333333333333,0.666666666666667,
1.),.UNSPECIFIED.);
#1802=B_SPLINE_CURVE_WITH_KNOTS('',3,(#6025,#6026,#6027,#6028,#6029,#6030),
 .UNSPECIFIED.,.F.,.F.,(4,1,1,4),(0.,0.333333333333333,0.666666666666667,
1.),.UNSPECIFIED.);
#1803=B_SPLINE_CURVE_WITH_KNOTS('',3,(#6071,#6072,#6073,#6074,#6075,#6076),
 .UNSPECIFIED.,.F.,.F.,(4,1,1,4),(0.,0.333333333333333,0.666666666666667,
1.),.UNSPECIFIED.);
#1804=B_SPLINE_CURVE_WITH_KNOTS('',3,(#6117,#6118,#6119,#6120,#6121,#6122),
 .UNSPECIFIED.,.F.,.F.,(4,1,1,4),(0.,0.333333333333333,0.666666666666667,
1.),.UNSPECIFIED.);
#1805=B_SPLINE_CURVE_WITH_KNOTS('',3,(#6164,#6165,#6166,#6167,#6168,#6169),
 .UNSPECIFIED.,.F.,.F.,(4,1,1,4),(0.,0.333333333333333,0.666666666666667,
1.),.UNSPECIFIED.);
#1806=B_SPLINE_CURVE_WITH_KNOTS('',3,(#6171,#6172,#6173,#6174,#6175,#6176),
 .UNSPECIFIED.,.F.,.F.,(4,1,1,4),(0.,0.333333333333333,0.666666666666667,
1.),.UNSPECIFIED.);
#1807=B_SPLINE_CURVE_WITH_KNOTS('',3,(#6217,#6218,#6219,#6220,#6221,#6222),
 .UNSPECIFIED.,.F.,.F.,(4,1,1,4),(0.,0.333333333333333,0.666666666666667,
1.),.UNSPECIFIED.);
#1808=B_SPLINE_CURVE_WITH_KNOTS('',3,(#6263,#6264,#6265,#6266,#6267,#6268),
 .UNSPECIFIED.,.F.,.F.,(4,1,1,4),(0.,0.333333333333333,0.666666666666667,
1.),.UNSPECIFIED.);
#1809=B_SPLINE_CURVE_WITH_KNOTS('',3,(#6309,#6310,#6311,#6312,#6313,#6314),
 .UNSPECIFIED.,.F.,.F.,(4,1,1,4),(0.,0.333333333333333,0.666666666666667,
1.),.UNSPECIFIED.);
#1810=B_SPLINE_CURVE_WITH_KNOTS('',3,(#6355,#6356,#6357,#6358,#6359,#6360),
 .UNSPECIFIED.,.F.,.F.,(4,1,1,4),(0.,0.333333333333333,0.666666666666667,
1.),.UNSPECIFIED.);
#1811=B_SPLINE_CURVE_WITH_KNOTS('',3,(#6402,#6403,#6404,#6405,#6406,#6407),
 .UNSPECIFIED.,.F.,.F.,(4,1,1,4),(0.,0.333333333333333,0.666666666666667,
1.),.UNSPECIFIED.);
#1812=B_SPLINE_CURVE_WITH_KNOTS('',3,(#6409,#6410,#6411,#6412,#6413,#6414),
 .UNSPECIFIED.,.F.,.F.,(4,1,1,4),(0.,0.333333333333333,0.666666666666667,
1.),.UNSPECIFIED.);
#1813=B_SPLINE_CURVE_WITH_KNOTS('',3,(#6455,#6456,#6457,#6458,#6459,#6460),
 .UNSPECIFIED.,.F.,.F.,(4,1,1,4),(0.,0.333333333333333,0.666666666666667,
1.),.UNSPECIFIED.);
#1814=B_SPLINE_CURVE_WITH_KNOTS('',3,(#6501,#6502,#6503,#6504,#6505,#6506),
 .UNSPECIFIED.,.F.,.F.,(4,1,1,4),(0.,0.333333333333333,0.666666666666667,
1.),.UNSPECIFIED.);
#1815=B_SPLINE_CURVE_WITH_KNOTS('',3,(#6547,#6548,#6549,#6550,#6551,#6552),
 .UNSPECIFIED.,.F.,.F.,(4,1,1,4),(0.,0.333333333333333,0.666666666666667,
1.),.UNSPECIFIED.);
#1816=B_SPLINE_CURVE_WITH_KNOTS('',3,(#6593,#6594,#6595,#6596,#6597,#6598),
 .UNSPECIFIED.,.F.,.F.,(4,1,1,4),(0.,0.333333333333333,0.666666666666667,
1.),.UNSPECIFIED.);
#1817=B_SPLINE_CURVE_WITH_KNOTS('',3,(#6640,#6641,#6642,#6643,#6644,#6645),
 .UNSPECIFIED.,.F.,.F.,(4,1,1,4),(0.,0.333333333333333,0.666666666666667,
1.),.UNSPECIFIED.);
#1818=B_SPLINE_CURVE_WITH_KNOTS('',3,(#6647,#6648,#6649,#6650,#6651,#6652),
 .UNSPECIFIED.,.F.,.F.,(4,1,1,4),(0.,0.333333333333333,0.666666666666667,
1.),.UNSPECIFIED.);
#1819=B_SPLINE_CURVE_WITH_KNOTS('',3,(#6693,#6694,#6695,#6696,#6697,#6698),
 .UNSPECIFIED.,.F.,.F.,(4,1,1,4),(0.,0.333333333333333,0.666666666666667,
1.),.UNSPECIFIED.);
#1820=B_SPLINE_CURVE_WITH_KNOTS('',3,(#6739,#6740,#6741,#6742,#6743,#6744),
 .UNSPECIFIED.,.F.,.F.,(4,1,1,4),(0.,0.333333333333333,0.666666666666667,
1.),.UNSPECIFIED.);
#1821=B_SPLINE_CURVE_WITH_KNOTS('',3,(#6785,#6786,#6787,#6788,#6789,#6790),
 .UNSPECIFIED.,.F.,.F.,(4,1,1,4),(0.,0.333333333333333,0.666666666666667,
1.),.UNSPECIFIED.);
#1822=B_SPLINE_CURVE_WITH_KNOTS('',3,(#6831,#6832,#6833,#6834,#6835,#6836),
 .UNSPECIFIED.,.F.,.F.,(4,1,1,4),(0.,0.333333333333333,0.666666666666667,
1.),.UNSPECIFIED.);
#1823=VERTEX_POINT('',#5924);
#1824=VERTEX_POINT('',#5925);
#1825=VERTEX_POINT('',#5932);
#1826=VERTEX_POINT('',#5939);
#1827=VERTEX_POINT('',#5978);
#1828=VERTEX_POINT('',#5985);
#1829=VERTEX_POINT('',#6024);
#1830=VERTEX_POINT('',#6031);
#1831=VERTEX_POINT('',#6070);
#1832=VERTEX_POINT('',#6077);
#1833=VERTEX_POINT('',#6116);
#1834=VERTEX_POINT('',#6123);
#1835=VERTEX_POINT('',#6162);
#1836=VERTEX_POINT('',#6163);
#1837=VERTEX_POINT('',#6170);
#1838=VERTEX_POINT('',#6177);
#1839=VERTEX_POINT('',#6216);
#1840=VERTEX_POINT('',#6223);
#1841=VERTEX_POINT('',#6262);
#1842=VERTEX_POINT('',#6269);
#1843=VERTEX_POINT('',#6308);
#1844=VERTEX_POINT('',#6315);
#1845=VERTEX_POINT('',#6354);
#1846=VERTEX_POINT('',#6361);
#1847=VERTEX_POINT('',#6400);
#1848=VERTEX_POINT('',#6401);
#1849=VERTEX_POINT('',#6408);
#1850=VERTEX_POINT('',#6415);
#1851=VERTEX_POINT('',#6454);
#1852=VERTEX_POINT('',#6461);
#1853=VERTEX_POINT('',#6500);
#1854=VERTEX_POINT('',#6507);
#1855=VERTEX_POINT('',#6546);
#1856=VERTEX_POINT('',#6553);
#1857=VERTEX_POINT('',#6592);
#1858=VERTEX_POINT('',#6599);
#1859=VERTEX_POINT('',#6638);
#1860=VERTEX_POINT('',#6639);
#1861=VERTEX_POINT('',#6646);
#1862=VERTEX_POINT('',#6653);
#1863=VERTEX_POINT('',#6692);
#1864=VERTEX_POINT('',#6699);
#1865=VERTEX_POINT('',#6738);
#1866=VERTEX_POINT('',#6745);
#1867=VERTEX_POINT('',#6784);
#1868=VERTEX_POINT('',#6791);
#1869=VERTEX_POINT('',#6830);
#1870=VERTEX_POINT('',#6837);
#1871=VERTEX_POINT('',#6876);
#1872=VERTEX_POINT('',#6880);
#1873=VERTEX_POINT('',#6881);
#1874=VERTEX_POINT('',#6921);
#1875=VERTEX_POINT('',#6925);
#1876=VERTEX_POINT('',#6926);
#1877=VERTEX_POINT('',#6966);
#1878=VERTEX_POINT('',#6970);
#1879=VERTEX_POINT('',#6971);
#1880=VERTEX_POINT('',#7014);
#1881=VERTEX_POINT('',#7018);
#1882=VERTEX_POINT('',#7019);
#1883=VERTEX_POINT('',#7039);
#1884=VERTEX_POINT('',#7040);
#1885=VERTEX_POINT('',#7042);
#1886=VERTEX_POINT('',#7044);
#1887=VERTEX_POINT('',#7049);
#1888=VERTEX_POINT('',#7050);
#1889=VERTEX_POINT('',#7052);
#1890=VERTEX_POINT('',#7054);
#1891=VERTEX_POINT('',#7058);
#1892=VERTEX_POINT('',#7059);
#1893=VERTEX_POINT('',#7061);
#1894=VERTEX_POINT('',#7065);
#1895=VERTEX_POINT('',#7067);
#1896=VERTEX_POINT('',#7071);
#1897=VERTEX_POINT('',#7077);
#1898=VERTEX_POINT('',#7078);
#1899=VERTEX_POINT('',#7080);
#1900=VERTEX_POINT('',#7084);
#1901=VERTEX_POINT('',#7086);
#1902=VERTEX_POINT('',#7090);
#1903=VERTEX_POINT('',#7106);
#1904=VERTEX_POINT('',#7107);
#1905=VERTEX_POINT('',#7109);
#1906=VERTEX_POINT('',#7111);
#1907=VERTEX_POINT('',#7115);
#1908=VERTEX_POINT('',#7117);
#1909=VERTEX_POINT('',#7121);
#1910=VERTEX_POINT('',#7123);
#1911=VERTEX_POINT('',#7125);
#1912=VERTEX_POINT('',#7127);
#1913=VERTEX_POINT('',#7129);
#1914=VERTEX_POINT('',#7132);
#1915=VERTEX_POINT('',#7133);
#1916=VERTEX_POINT('',#7135);
#1917=VERTEX_POINT('',#7137);
#1918=VERTEX_POINT('',#7139);
#1919=VERTEX_POINT('',#7141);
#1920=VERTEX_POINT('',#7143);
#1921=VERTEX_POINT('',#7145);
#1922=VERTEX_POINT('',#7148);
#1923=VERTEX_POINT('',#7149);
#1924=VERTEX_POINT('',#7151);
#1925=VERTEX_POINT('',#7153);
#1926=VERTEX_POINT('',#7155);
#1927=VERTEX_POINT('',#7157);
#1928=VERTEX_POINT('',#7159);
#1929=VERTEX_POINT('',#7161);
#1930=VERTEX_POINT('',#7163);
#1931=VERTEX_POINT('',#7165);
#1932=VERTEX_POINT('',#7167);
#1933=VERTEX_POINT('',#7169);
#1934=VERTEX_POINT('',#7172);
#1935=VERTEX_POINT('',#7173);
#1936=VERTEX_POINT('',#7175);
#1937=VERTEX_POINT('',#7177);
#1938=VERTEX_POINT('',#7179);
#1939=VERTEX_POINT('',#7181);
#1940=VERTEX_POINT('',#7183);
#1941=VERTEX_POINT('',#7185);
#1942=VERTEX_POINT('',#7187);
#1943=VERTEX_POINT('',#7189);
#1944=VERTEX_POINT('',#7191);
#1945=VERTEX_POINT('',#7193);
#1946=VERTEX_POINT('',#7196);
#1947=VERTEX_POINT('',#7197);
#1948=VERTEX_POINT('',#7199);
#1949=VERTEX_POINT('',#7201);
#1950=VERTEX_POINT('',#7203);
#1951=VERTEX_POINT('',#7205);
#1952=VERTEX_POINT('',#7207);
#1953=VERTEX_POINT('',#7209);
#1954=VERTEX_POINT('',#7211);
#1955=VERTEX_POINT('',#7213);
#1956=VERTEX_POINT('',#7215);
#1957=VERTEX_POINT('',#7217);
#1958=VERTEX_POINT('',#7220);
#1959=VERTEX_POINT('',#7221);
#1960=VERTEX_POINT('',#7223);
#1961=VERTEX_POINT('',#7225);
#1962=VERTEX_POINT('',#7227);
#1963=VERTEX_POINT('',#7229);
#1964=VERTEX_POINT('',#7231);
#1965=VERTEX_POINT('',#7233);
#1966=VERTEX_POINT('',#7235);
#1967=VERTEX_POINT('',#7237);
#1968=VERTEX_POINT('',#7239);
#1969=VERTEX_POINT('',#7241);
#1970=VERTEX_POINT('',#7245);
#1971=VERTEX_POINT('',#7249);
#1972=VERTEX_POINT('',#7253);
#1973=VERTEX_POINT('',#7254);
#1974=VERTEX_POINT('',#7259);
#1975=VERTEX_POINT('',#7265);
#1976=VERTEX_POINT('',#7266);
#1977=VERTEX_POINT('',#7268);
#1978=VERTEX_POINT('',#7272);
#1979=VERTEX_POINT('',#7274);
#1980=VERTEX_POINT('',#7278);
#1981=VERTEX_POINT('',#7284);
#1982=VERTEX_POINT('',#7286);
#1983=VERTEX_POINT('',#7290);
#1984=VERTEX_POINT('',#7292);
#1985=VERTEX_POINT('',#7296);
#1986=VERTEX_POINT('',#7297);
#1987=VERTEX_POINT('',#7299);
#1988=VERTEX_POINT('',#7303);
#1989=VERTEX_POINT('',#7305);
#1990=VERTEX_POINT('',#7309);
#1991=VERTEX_POINT('',#7315);
#1992=VERTEX_POINT('',#7317);
#1993=VERTEX_POINT('',#7321);
#1994=VERTEX_POINT('',#7323);
#1995=VERTEX_POINT('',#7327);
#1996=VERTEX_POINT('',#7328);
#1997=VERTEX_POINT('',#7330);
#1998=VERTEX_POINT('',#7332);
#1999=VERTEX_POINT('',#7336);
#2000=VERTEX_POINT('',#7338);
#2001=VERTEX_POINT('',#7342);
#2002=VERTEX_POINT('',#7344);
#2003=VERTEX_POINT('',#7348);
#2004=VERTEX_POINT('',#7350);
#2005=VERTEX_POINT('',#7354);
#2006=VERTEX_POINT('',#7356);
#2007=VERTEX_POINT('',#7360);
#2008=VERTEX_POINT('',#7362);
#2009=VERTEX_POINT('',#7366);
#2010=VERTEX_POINT('',#7368);
#2011=VERTEX_POINT('',#7384);
#2012=VERTEX_POINT('',#7385);
#2013=VERTEX_POINT('',#7387);
#2014=VERTEX_POINT('',#7389);
#2015=VERTEX_POINT('',#7391);
#2016=VERTEX_POINT('',#7393);
#2017=VERTEX_POINT('',#7395);
#2018=VERTEX_POINT('',#7397);
#2019=VERTEX_POINT('',#7399);
#2020=VERTEX_POINT('',#7401);
#2021=VERTEX_POINT('',#7403);
#2022=VERTEX_POINT('',#7405);
#2023=VERTEX_POINT('',#7409);
#2024=VERTEX_POINT('',#7411);
#2025=VERTEX_POINT('',#7415);
#2026=VERTEX_POINT('',#7419);
#2027=VERTEX_POINT('',#7423);
#2028=VERTEX_POINT('',#7427);
#2029=VERTEX_POINT('',#7431);
#2030=VERTEX_POINT('',#7435);
#2031=VERTEX_POINT('',#7439);
#2032=VERTEX_POINT('',#7443);
#2033=VERTEX_POINT('',#7447);
#2034=VERTEX_POINT('',#7451);
#2035=VERTEX_POINT('',#7464);
#2036=VERTEX_POINT('',#7465);
#2037=VERTEX_POINT('',#7470);
#2038=VERTEX_POINT('',#7474);
#2039=VERTEX_POINT('',#7478);
#2040=VERTEX_POINT('',#7482);
#2041=VERTEX_POINT('',#7486);
#2042=VERTEX_POINT('',#7490);
#2043=VERTEX_POINT('',#7494);
#2044=VERTEX_POINT('',#7498);
#2045=VERTEX_POINT('',#7502);
#2046=VERTEX_POINT('',#7506);
#2047=VERTEX_POINT('',#7512);
#2048=VERTEX_POINT('',#7513);
#2049=VERTEX_POINT('',#7515);
#2050=VERTEX_POINT('',#7517);
#2051=VERTEX_POINT('',#7521);
#2052=VERTEX_POINT('',#7522);
#2053=VERTEX_POINT('',#7524);
#2054=VERTEX_POINT('',#7526);
#2055=VERTEX_POINT('',#7530);
#2056=VERTEX_POINT('',#7531);
#2057=VERTEX_POINT('',#7533);
#2058=VERTEX_POINT('',#7535);
#2059=VERTEX_POINT('',#7539);
#2060=VERTEX_POINT('',#7540);
#2061=VERTEX_POINT('',#7542);
#2062=VERTEX_POINT('',#7544);
#2063=VERTEX_POINT('',#7548);
#2064=VERTEX_POINT('',#7549);
#2065=VERTEX_POINT('',#7551);
#2066=VERTEX_POINT('',#7553);
#2067=VERTEX_POINT('',#7557);
#2068=VERTEX_POINT('',#7558);
#2069=VERTEX_POINT('',#7560);
#2070=VERTEX_POINT('',#7562);
#2071=VERTEX_POINT('',#7572);
#2072=VERTEX_POINT('',#7575);
#2073=VERTEX_POINT('',#7578);
#2074=VERTEX_POINT('',#7582);
#2075=VERTEX_POINT('',#7587);
#2076=VERTEX_POINT('',#7591);
#2077=VERTEX_POINT('',#7595);
#2078=VERTEX_POINT('',#7599);
#2079=VERTEX_POINT('',#7603);
#2080=VERTEX_POINT('',#7605);
#2081=VERTEX_POINT('',#7607);
#2082=VERTEX_POINT('',#7609);
#2083=VERTEX_POINT('',#7611);
#2084=VERTEX_POINT('',#7613);
#2085=VERTEX_POINT('',#7616);
#2086=VERTEX_POINT('',#7618);
#2087=VERTEX_POINT('',#7620);
#2088=VERTEX_POINT('',#7622);
#2089=VERTEX_POINT('',#7624);
#2090=VERTEX_POINT('',#7626);
#2091=VERTEX_POINT('',#7638);
#2092=VERTEX_POINT('',#7639);
#2093=VERTEX_POINT('',#7644);
#2094=VERTEX_POINT('',#7653);
#2095=VERTEX_POINT('',#7657);
#2096=VERTEX_POINT('',#7666);
#2097=VERTEX_POINT('',#7670);
#2098=VERTEX_POINT('',#7679);
#2099=VERTEX_POINT('',#7683);
#2100=VERTEX_POINT('',#7692);
#2101=VERTEX_POINT('',#7696);
#2102=VERTEX_POINT('',#7705);
#2103=VERTEX_POINT('',#7711);
#2104=VERTEX_POINT('',#7712);
#2105=VERTEX_POINT('',#7717);
#2106=VERTEX_POINT('',#7718);
#2107=VERTEX_POINT('',#7723);
#2108=VERTEX_POINT('',#7724);
#2109=VERTEX_POINT('',#7729);
#2110=VERTEX_POINT('',#7730);
#2111=VERTEX_POINT('',#7735);
#2112=VERTEX_POINT('',#7736);
#2113=VERTEX_POINT('',#7741);
#2114=VERTEX_POINT('',#7742);
#2115=VERTEX_POINT('',#7765);
#2116=VERTEX_POINT('',#7766);
#2117=VERTEX_POINT('',#7771);
#2118=VERTEX_POINT('',#7780);
#2119=VERTEX_POINT('',#7784);
#2120=VERTEX_POINT('',#7793);
#2121=VERTEX_POINT('',#7797);
#2122=VERTEX_POINT('',#7806);
#2123=VERTEX_POINT('',#7810);
#2124=VERTEX_POINT('',#7819);
#2125=VERTEX_POINT('',#7823);
#2126=VERTEX_POINT('',#7832);
#2127=VERTEX_POINT('',#7838);
#2128=VERTEX_POINT('',#7839);
#2129=VERTEX_POINT('',#7844);
#2130=VERTEX_POINT('',#7845);
#2131=VERTEX_POINT('',#7850);
#2132=VERTEX_POINT('',#7851);
#2133=VERTEX_POINT('',#7856);
#2134=VERTEX_POINT('',#7857);
#2135=VERTEX_POINT('',#7862);
#2136=VERTEX_POINT('',#7863);
#2137=VERTEX_POINT('',#7868);
#2138=VERTEX_POINT('',#7869);
#2139=VERTEX_POINT('',#7892);
#2140=VERTEX_POINT('',#7893);
#2141=VERTEX_POINT('',#7898);
#2142=VERTEX_POINT('',#7907);
#2143=VERTEX_POINT('',#7911);
#2144=VERTEX_POINT('',#7920);
#2145=VERTEX_POINT('',#7924);
#2146=VERTEX_POINT('',#7933);
#2147=VERTEX_POINT('',#7937);
#2148=VERTEX_POINT('',#7946);
#2149=VERTEX_POINT('',#7950);
#2150=VERTEX_POINT('',#7959);
#2151=VERTEX_POINT('',#7965);
#2152=VERTEX_POINT('',#7967);
#2153=VERTEX_POINT('',#7971);
#2154=VERTEX_POINT('',#7973);
#2155=VERTEX_POINT('',#7977);
#2156=VERTEX_POINT('',#7978);
#2157=VERTEX_POINT('',#7983);
#2158=VERTEX_POINT('',#7984);
#2159=VERTEX_POINT('',#7989);
#2160=VERTEX_POINT('',#7990);
#2161=VERTEX_POINT('',#7995);
#2162=VERTEX_POINT('',#7997);
#2163=VERTEX_POINT('',#8007);
#2164=VERTEX_POINT('',#8008);
#2165=VERTEX_POINT('',#8010);
#2166=VERTEX_POINT('',#8012);
#2167=VERTEX_POINT('',#8014);
#2168=VERTEX_POINT('',#8016);
#2169=VERTEX_POINT('',#8018);
#2170=VERTEX_POINT('',#8020);
#2171=VERTEX_POINT('',#8022);
#2172=VERTEX_POINT('',#8024);
#2173=VERTEX_POINT('',#8059);
#2174=VERTEX_POINT('',#8060);
#2175=VERTEX_POINT('',#8065);
#2176=VERTEX_POINT('',#8074);
#2177=VERTEX_POINT('',#8078);
#2178=VERTEX_POINT('',#8087);
#2179=VERTEX_POINT('',#8091);
#2180=VERTEX_POINT('',#8100);
#2181=VERTEX_POINT('',#8104);
#2182=VERTEX_POINT('',#8113);
#2183=VERTEX_POINT('',#8117);
#2184=VERTEX_POINT('',#8126);
#2185=VERTEX_POINT('',#8132);
#2186=VERTEX_POINT('',#8134);
#2187=VERTEX_POINT('',#8138);
#2188=VERTEX_POINT('',#8140);
#2189=VERTEX_POINT('',#8144);
#2190=VERTEX_POINT('',#8145);
#2191=VERTEX_POINT('',#8150);
#2192=VERTEX_POINT('',#8151);
#2193=VERTEX_POINT('',#8156);
#2194=VERTEX_POINT('',#8157);
#2195=VERTEX_POINT('',#8162);
#2196=VERTEX_POINT('',#8164);
#2197=VERTEX_POINT('',#8174);
#2198=VERTEX_POINT('',#8175);
#2199=VERTEX_POINT('',#8177);
#2200=VERTEX_POINT('',#8179);
#2201=VERTEX_POINT('',#8181);
#2202=VERTEX_POINT('',#8183);
#2203=VERTEX_POINT('',#8185);
#2204=VERTEX_POINT('',#8187);
#2205=VERTEX_POINT('',#8189);
#2206=VERTEX_POINT('',#8191);
#2207=EDGE_CURVE('',#1823,#1824,#1799,.T.);
#2208=EDGE_CURVE('',#1823,#1825,#1800,.T.);
#2209=EDGE_CURVE('',#1825,#1826,#1707,.T.);
#2210=EDGE_CURVE('',#1824,#1826,#1708,.T.);
#2211=EDGE_CURVE('',#1823,#1827,#1801,.T.);
#2212=EDGE_CURVE('',#1828,#1827,#1709,.T.);
#2213=EDGE_CURVE('',#1828,#1825,#1710,.T.);
#2214=EDGE_CURVE('',#1823,#1829,#1802,.T.);
#2215=EDGE_CURVE('',#1829,#1830,#1711,.T.);
#2216=EDGE_CURVE('',#1827,#1830,#1712,.T.);
#2217=EDGE_CURVE('',#1823,#1831,#1803,.T.);
#2218=EDGE_CURVE('',#1832,#1831,#1713,.T.);
#2219=EDGE_CURVE('',#1832,#1829,#1714,.T.);
#2220=EDGE_CURVE('',#1823,#1833,#1804,.T.);
#2221=EDGE_CURVE('',#1833,#1834,#1715,.T.);
#2222=EDGE_CURVE('',#1831,#1834,#1716,.T.);
#2223=EDGE_CURVE('',#1835,#1836,#1805,.T.);
#2224=EDGE_CURVE('',#1835,#1837,#1806,.T.);
#2225=EDGE_CURVE('',#1837,#1838,#1717,.T.);
#2226=EDGE_CURVE('',#1836,#1838,#1718,.T.);
#2227=EDGE_CURVE('',#1835,#1839,#1807,.T.);
#2228=EDGE_CURVE('',#1840,#1839,#1719,.T.);
#2229=EDGE_CURVE('',#1840,#1837,#1720,.T.);
#2230=EDGE_CURVE('',#1835,#1841,#1808,.T.);
#2231=EDGE_CURVE('',#1841,#1842,#1721,.T.);
#2232=EDGE_CURVE('',#1839,#1842,#1722,.T.);
#2233=EDGE_CURVE('',#1835,#1843,#1809,.T.);
#2234=EDGE_CURVE('',#1844,#1843,#1723,.T.);
#2235=EDGE_CURVE('',#1844,#1841,#1724,.T.);
#2236=EDGE_CURVE('',#1835,#1845,#1810,.T.);
#2237=EDGE_CURVE('',#1845,#1846,#1725,.T.);
#2238=EDGE_CURVE('',#1843,#1846,#1726,.T.);
#2239=EDGE_CURVE('',#1847,#1848,#1811,.T.);
#2240=EDGE_CURVE('',#1847,#1849,#1812,.T.);
#2241=EDGE_CURVE('',#1849,#1850,#1727,.T.);
#2242=EDGE_CURVE('',#1848,#1850,#1728,.T.);
#2243=EDGE_CURVE('',#1847,#1851,#1813,.T.);
#2244=EDGE_CURVE('',#1852,#1851,#1729,.T.);
#2245=EDGE_CURVE('',#1852,#1849,#1730,.T.);
#2246=EDGE_CURVE('',#1847,#1853,#1814,.T.);
#2247=EDGE_CURVE('',#1853,#1854,#1731,.T.);
#2248=EDGE_CURVE('',#1851,#1854,#1732,.T.);
#2249=EDGE_CURVE('',#1847,#1855,#1815,.T.);
#2250=EDGE_CURVE('',#1856,#1855,#1733,.T.);
#2251=EDGE_CURVE('',#1856,#1853,#1734,.T.);
#2252=EDGE_CURVE('',#1847,#1857,#1816,.T.);
#2253=EDGE_CURVE('',#1857,#1858,#1735,.T.);
#2254=EDGE_CURVE('',#1855,#1858,#1736,.T.);
#2255=EDGE_CURVE('',#1859,#1860,#1817,.T.);
#2256=EDGE_CURVE('',#1859,#1861,#1818,.T.);
#2257=EDGE_CURVE('',#1861,#1862,#1737,.T.);
#2258=EDGE_CURVE('',#1860,#1862,#1738,.T.);
#2259=EDGE_CURVE('',#1859,#1863,#1819,.T.);
#2260=EDGE_CURVE('',#1864,#1863,#1739,.T.);
#2261=EDGE_CURVE('',#1864,#1861,#1740,.T.);
#2262=EDGE_CURVE('',#1859,#1865,#1820,.T.);
#2263=EDGE_CURVE('',#1865,#1866,#1741,.T.);
#2264=EDGE_CURVE('',#1863,#1866,#1742,.T.);
#2265=EDGE_CURVE('',#1859,#1867,#1821,.T.);
#2266=EDGE_CURVE('',#1868,#1867,#1743,.T.);
#2267=EDGE_CURVE('',#1868,#1865,#1744,.T.);
#2268=EDGE_CURVE('',#1859,#1869,#1822,.T.);
#2269=EDGE_CURVE('',#1869,#1870,#1745,.T.);
#2270=EDGE_CURVE('',#1867,#1870,#1746,.T.);
#2271=EDGE_CURVE('',#1871,#1860,#1747,.T.);
#2272=EDGE_CURVE('',#1871,#1869,#1748,.T.);
#2273=EDGE_CURVE('',#1872,#1873,#1749,.T.);
#2274=EDGE_CURVE('',#1873,#1864,#285,.T.);
#2275=EDGE_CURVE('',#1866,#1872,#286,.T.);
#2276=EDGE_CURVE('',#1874,#1848,#1750,.T.);
#2277=EDGE_CURVE('',#1874,#1857,#1751,.T.);
#2278=EDGE_CURVE('',#1875,#1876,#1752,.T.);
#2279=EDGE_CURVE('',#1876,#1852,#287,.T.);
#2280=EDGE_CURVE('',#1854,#1875,#288,.T.);
#2281=EDGE_CURVE('',#1877,#1836,#1753,.T.);
#2282=EDGE_CURVE('',#1877,#1845,#1754,.T.);
#2283=EDGE_CURVE('',#1878,#1879,#1755,.T.);
#2284=EDGE_CURVE('',#1879,#1840,#289,.T.);
#2285=EDGE_CURVE('',#1842,#1878,#290,.T.);
#2286=EDGE_CURVE('',#1870,#1877,#291,.T.);
#2287=EDGE_CURVE('',#1838,#1868,#292,.T.);
#2288=EDGE_CURVE('',#1880,#1824,#1756,.T.);
#2289=EDGE_CURVE('',#1880,#1833,#1757,.T.);
#2290=EDGE_CURVE('',#1881,#1882,#1758,.T.);
#2291=EDGE_CURVE('',#1882,#1828,#293,.T.);
#2292=EDGE_CURVE('',#1830,#1881,#294,.T.);
#2293=EDGE_CURVE('',#1846,#1880,#295,.T.);
#2294=EDGE_CURVE('',#1826,#1844,#296,.T.);
#2295=EDGE_CURVE('',#1834,#1874,#297,.T.);
#2296=EDGE_CURVE('',#1850,#1832,#298,.T.);
#2297=EDGE_CURVE('',#1858,#1871,#299,.T.);
#2298=EDGE_CURVE('',#1862,#1856,#300,.T.);
#2299=EDGE_CURVE('',#1879,#1872,#301,.T.);
#2300=EDGE_CURVE('',#1882,#1878,#302,.T.);
#2301=EDGE_CURVE('',#1876,#1881,#303,.T.);
#2302=EDGE_CURVE('',#1873,#1875,#304,.T.);
#2303=EDGE_CURVE('',#1883,#1884,#305,.T.);
#2304=EDGE_CURVE('',#1884,#1885,#306,.T.);
#2305=EDGE_CURVE('',#1885,#1886,#307,.T.);
#2306=EDGE_CURVE('',#1886,#1883,#308,.T.);
#2307=EDGE_CURVE('',#1887,#1888,#309,.T.);
#2308=EDGE_CURVE('',#1888,#1889,#310,.T.);
#2309=EDGE_CURVE('',#1889,#1890,#311,.T.);
#2310=EDGE_CURVE('',#1890,#1887,#312,.T.);
#2311=EDGE_CURVE('',#1891,#1892,#313,.T.);
#2312=EDGE_CURVE('',#1893,#1891,#314,.T.);
#2313=EDGE_CURVE('',#1892,#1893,#315,.T.);
#2314=EDGE_CURVE('',#1893,#1894,#316,.T.);
#2315=EDGE_CURVE('',#1891,#1895,#317,.T.);
#2316=EDGE_CURVE('',#1895,#1894,#318,.T.);
#2317=EDGE_CURVE('',#1896,#1892,#319,.T.);
#2318=EDGE_CURVE('',#1896,#1895,#320,.T.);
#2319=EDGE_CURVE('',#1894,#1896,#321,.T.);
#2320=EDGE_CURVE('',#1897,#1898,#322,.T.);
#2321=EDGE_CURVE('',#1899,#1898,#323,.T.);
#2322=EDGE_CURVE('',#1899,#1897,#324,.T.);
#2323=EDGE_CURVE('',#1900,#1899,#325,.T.);
#2324=EDGE_CURVE('',#1901,#1900,#326,.T.);
#2325=EDGE_CURVE('',#1897,#1901,#327,.T.);
#2326=EDGE_CURVE('',#1902,#1901,#328,.T.);
#2327=EDGE_CURVE('',#1898,#1902,#329,.T.);
#2328=EDGE_CURVE('',#1902,#1900,#330,.T.);
#2329=EDGE_CURVE('',#1884,#1888,#331,.T.);
#2330=EDGE_CURVE('',#1885,#1887,#332,.T.);
#2331=EDGE_CURVE('',#1886,#1890,#333,.T.);
#2332=EDGE_CURVE('',#1883,#1889,#334,.T.);
#2333=EDGE_CURVE('',#1903,#1904,#1759,.T.);
#2334=EDGE_CURVE('',#1904,#1905,#335,.T.);
#2335=EDGE_CURVE('',#1905,#1906,#1760,.T.);
#2336=EDGE_CURVE('',#1906,#1903,#336,.T.);
#2337=EDGE_CURVE('',#1907,#1906,#337,.T.);
#2338=EDGE_CURVE('',#1908,#1907,#338,.T.);
#2339=EDGE_CURVE('',#1903,#1908,#339,.T.);
#2340=EDGE_CURVE('',#1905,#1909,#340,.T.);
#2341=EDGE_CURVE('',#1910,#1909,#1761,.T.);
#2342=EDGE_CURVE('',#1910,#1911,#341,.T.);
#2343=EDGE_CURVE('',#1912,#1911,#1762,.T.);
#2344=EDGE_CURVE('',#1912,#1913,#342,.T.);
#2345=EDGE_CURVE('',#1907,#1913,#1763,.T.);
#2346=EDGE_CURVE('',#1914,#1915,#343,.T.);
#2347=EDGE_CURVE('',#1915,#1916,#344,.T.);
#2348=EDGE_CURVE('',#1916,#1917,#345,.T.);
#2349=EDGE_CURVE('',#1917,#1918,#346,.T.);
#2350=EDGE_CURVE('',#1918,#1919,#347,.T.);
#2351=EDGE_CURVE('',#1919,#1920,#348,.T.);
#2352=EDGE_CURVE('',#1920,#1921,#349,.T.);
#2353=EDGE_CURVE('',#1921,#1914,#350,.T.);
#2354=EDGE_CURVE('',#1922,#1923,#39,.T.);
#2355=EDGE_CURVE('',#1923,#1924,#351,.T.);
#2356=EDGE_CURVE('',#1924,#1925,#40,.T.);
#2357=EDGE_CURVE('',#1925,#1926,#352,.T.);
#2358=EDGE_CURVE('',#1926,#1927,#41,.T.);
#2359=EDGE_CURVE('',#1927,#1928,#353,.T.);
#2360=EDGE_CURVE('',#1928,#1929,#42,.T.);
#2361=EDGE_CURVE('',#1929,#1930,#354,.T.);
#2362=EDGE_CURVE('',#1930,#1931,#43,.T.);
#2363=EDGE_CURVE('',#1931,#1932,#355,.T.);
#2364=EDGE_CURVE('',#1932,#1933,#44,.T.);
#2365=EDGE_CURVE('',#1933,#1922,#356,.T.);
#2366=EDGE_CURVE('',#1934,#1935,#45,.T.);
#2367=EDGE_CURVE('',#1935,#1936,#357,.T.);
#2368=EDGE_CURVE('',#1936,#1937,#46,.T.);
#2369=EDGE_CURVE('',#1937,#1938,#358,.T.);
#2370=EDGE_CURVE('',#1938,#1939,#47,.T.);
#2371=EDGE_CURVE('',#1939,#1940,#359,.T.);
#2372=EDGE_CURVE('',#1940,#1941,#48,.T.);
#2373=EDGE_CURVE('',#1941,#1942,#360,.T.);
#2374=EDGE_CURVE('',#1942,#1943,#49,.T.);
#2375=EDGE_CURVE('',#1943,#1944,#361,.T.);
#2376=EDGE_CURVE('',#1944,#1945,#50,.T.);
#2377=EDGE_CURVE('',#1945,#1934,#362,.T.);
#2378=EDGE_CURVE('',#1946,#1947,#51,.T.);
#2379=EDGE_CURVE('',#1947,#1948,#363,.T.);
#2380=EDGE_CURVE('',#1948,#1949,#52,.T.);
#2381=EDGE_CURVE('',#1949,#1950,#364,.T.);
#2382=EDGE_CURVE('',#1950,#1951,#53,.T.);
#2383=EDGE_CURVE('',#1951,#1952,#365,.T.);
#2384=EDGE_CURVE('',#1952,#1953,#54,.T.);
#2385=EDGE_CURVE('',#1953,#1954,#366,.T.);
#2386=EDGE_CURVE('',#1954,#1955,#55,.T.);
#2387=EDGE_CURVE('',#1955,#1956,#367,.T.);
#2388=EDGE_CURVE('',#1956,#1957,#56,.T.);
#2389=EDGE_CURVE('',#1957,#1946,#368,.T.);
#2390=EDGE_CURVE('',#1958,#1959,#57,.T.);
#2391=EDGE_CURVE('',#1959,#1960,#369,.T.);
#2392=EDGE_CURVE('',#1960,#1961,#58,.T.);
#2393=EDGE_CURVE('',#1961,#1962,#370,.T.);
#2394=EDGE_CURVE('',#1962,#1963,#59,.T.);
#2395=EDGE_CURVE('',#1963,#1964,#371,.T.);
#2396=EDGE_CURVE('',#1964,#1965,#60,.T.);
#2397=EDGE_CURVE('',#1965,#1966,#372,.T.);
#2398=EDGE_CURVE('',#1966,#1967,#61,.T.);
#2399=EDGE_CURVE('',#1967,#1968,#373,.T.);
#2400=EDGE_CURVE('',#1968,#1969,#62,.T.);
#2401=EDGE_CURVE('',#1969,#1958,#374,.T.);
#2402=EDGE_CURVE('',#1970,#1908,#1764,.T.);
#2403=EDGE_CURVE('',#1913,#1970,#375,.T.);
#2404=EDGE_CURVE('',#1971,#1912,#376,.T.);
#2405=EDGE_CURVE('',#1970,#1971,#377,.T.);
#2406=EDGE_CURVE('',#1972,#1973,#1765,.T.);
#2407=EDGE_CURVE('',#1973,#1910,#378,.T.);
#2408=EDGE_CURVE('',#1909,#1972,#379,.T.);
#2409=EDGE_CURVE('',#1974,#1973,#380,.T.);
#2410=EDGE_CURVE('',#1911,#1974,#381,.T.);
#2411=EDGE_CURVE('',#1974,#1971,#1766,.T.);
#2412=EDGE_CURVE('',#1975,#1976,#382,.T.);
#2413=EDGE_CURVE('',#1977,#1976,#383,.T.);
#2414=EDGE_CURVE('',#1977,#1975,#384,.T.);
#2415=EDGE_CURVE('',#1978,#1977,#385,.T.);
#2416=EDGE_CURVE('',#1979,#1978,#386,.T.);
#2417=EDGE_CURVE('',#1975,#1979,#387,.T.);
#2418=EDGE_CURVE('',#1980,#1979,#388,.T.);
#2419=EDGE_CURVE('',#1976,#1980,#389,.T.);
#2420=EDGE_CURVE('',#1980,#1978,#390,.T.);
#2421=EDGE_CURVE('',#1981,#1976,#391,.T.);
#2422=EDGE_CURVE('',#1981,#1982,#392,.T.);
#2423=EDGE_CURVE('',#1977,#1982,#393,.T.);
#2424=EDGE_CURVE('',#1983,#1978,#394,.T.);
#2425=EDGE_CURVE('',#1984,#1983,#395,.T.);
#2426=EDGE_CURVE('',#1980,#1984,#396,.T.);
#2427=EDGE_CURVE('',#1985,#1986,#397,.T.);
#2428=EDGE_CURVE('',#1987,#1985,#398,.T.);
#2429=EDGE_CURVE('',#1986,#1987,#399,.T.);
#2430=EDGE_CURVE('',#1987,#1988,#400,.T.);
#2431=EDGE_CURVE('',#1985,#1989,#401,.T.);
#2432=EDGE_CURVE('',#1989,#1988,#402,.T.);
#2433=EDGE_CURVE('',#1990,#1986,#403,.T.);
#2434=EDGE_CURVE('',#1990,#1989,#404,.T.);
#2435=EDGE_CURVE('',#1988,#1990,#405,.T.);
#2436=EDGE_CURVE('',#1991,#1987,#406,.T.);
#2437=EDGE_CURVE('',#1992,#1991,#407,.T.);
#2438=EDGE_CURVE('',#1986,#1992,#408,.T.);
#2439=EDGE_CURVE('',#1993,#1990,#409,.T.);
#2440=EDGE_CURVE('',#1993,#1994,#410,.T.);
#2441=EDGE_CURVE('',#1988,#1994,#411,.T.);
#2442=EDGE_CURVE('',#1995,#1996,#412,.T.);
#2443=EDGE_CURVE('',#1996,#1997,#413,.T.);
#2444=EDGE_CURVE('',#1997,#1998,#414,.T.);
#2445=EDGE_CURVE('',#1995,#1998,#415,.T.);
#2446=EDGE_CURVE('',#1996,#1999,#416,.T.);
#2447=EDGE_CURVE('',#1999,#2000,#417,.T.);
#2448=EDGE_CURVE('',#2000,#1997,#418,.T.);
#2449=EDGE_CURVE('',#1999,#2001,#419,.T.);
#2450=EDGE_CURVE('',#2001,#2002,#420,.T.);
#2451=EDGE_CURVE('',#2002,#2000,#421,.T.);
#2452=EDGE_CURVE('',#2003,#2002,#422,.T.);
#2453=EDGE_CURVE('',#2001,#2004,#423,.T.);
#2454=EDGE_CURVE('',#2004,#2003,#424,.T.);
#2455=EDGE_CURVE('',#2005,#2003,#425,.T.);
#2456=EDGE_CURVE('',#2004,#2006,#426,.T.);
#2457=EDGE_CURVE('',#2006,#2005,#427,.T.);
#2458=EDGE_CURVE('',#2007,#2005,#428,.T.);
#2459=EDGE_CURVE('',#2006,#2008,#429,.T.);
#2460=EDGE_CURVE('',#2008,#2007,#430,.T.);
#2461=EDGE_CURVE('',#2009,#2007,#431,.T.);
#2462=EDGE_CURVE('',#2008,#2010,#432,.T.);
#2463=EDGE_CURVE('',#2010,#2009,#433,.T.);
#2464=EDGE_CURVE('',#1998,#2009,#434,.T.);
#2465=EDGE_CURVE('',#2010,#1995,#435,.T.);
#2466=EDGE_CURVE('',#1917,#2007,#436,.T.);
#2467=EDGE_CURVE('',#1916,#2005,#437,.T.);
#2468=EDGE_CURVE('',#1918,#2009,#438,.T.);
#2469=EDGE_CURVE('',#1919,#1998,#439,.T.);
#2470=EDGE_CURVE('',#1920,#1997,#440,.T.);
#2471=EDGE_CURVE('',#2011,#2012,#441,.T.);
#2472=EDGE_CURVE('',#2012,#2013,#442,.T.);
#2473=EDGE_CURVE('',#2013,#2014,#443,.T.);
#2474=EDGE_CURVE('',#2014,#2015,#444,.T.);
#2475=EDGE_CURVE('',#2015,#2016,#445,.T.);
#2476=EDGE_CURVE('',#2016,#2017,#446,.T.);
#2477=EDGE_CURVE('',#2017,#2018,#447,.T.);
#2478=EDGE_CURVE('',#2018,#2019,#448,.T.);
#2479=EDGE_CURVE('',#2019,#2020,#449,.T.);
#2480=EDGE_CURVE('',#2020,#2021,#450,.T.);
#2481=EDGE_CURVE('',#2021,#2022,#451,.T.);
#2482=EDGE_CURVE('',#2022,#2011,#452,.T.);
#2483=EDGE_CURVE('',#2023,#2011,#453,.T.);
#2484=EDGE_CURVE('',#2023,#2024,#454,.T.);
#2485=EDGE_CURVE('',#2024,#2012,#455,.T.);
#2486=EDGE_CURVE('',#2024,#2025,#456,.T.);
#2487=EDGE_CURVE('',#2025,#2013,#457,.T.);
#2488=EDGE_CURVE('',#2025,#2026,#458,.T.);
#2489=EDGE_CURVE('',#2026,#2014,#459,.T.);
#2490=EDGE_CURVE('',#2026,#2027,#460,.T.);
#2491=EDGE_CURVE('',#2027,#2015,#461,.T.);
#2492=EDGE_CURVE('',#2027,#2028,#462,.T.);
#2493=EDGE_CURVE('',#2028,#2016,#463,.T.);
#2494=EDGE_CURVE('',#2028,#2029,#464,.T.);
#2495=EDGE_CURVE('',#2029,#2017,#465,.T.);
#2496=EDGE_CURVE('',#2029,#2030,#466,.T.);
#2497=EDGE_CURVE('',#2030,#2018,#467,.T.);
#2498=EDGE_CURVE('',#2030,#2031,#468,.T.);
#2499=EDGE_CURVE('',#2031,#2019,#469,.T.);
#2500=EDGE_CURVE('',#2031,#2032,#470,.T.);
#2501=EDGE_CURVE('',#2032,#2020,#471,.T.);
#2502=EDGE_CURVE('',#2032,#2033,#472,.T.);
#2503=EDGE_CURVE('',#2033,#2021,#473,.T.);
#2504=EDGE_CURVE('',#2033,#2034,#474,.T.);
#2505=EDGE_CURVE('',#2034,#2022,#475,.T.);
#2506=EDGE_CURVE('',#2034,#2023,#476,.T.);
#2507=EDGE_CURVE('',#1915,#2003,#477,.T.);
#2508=EDGE_CURVE('',#1914,#2002,#478,.T.);
#2509=EDGE_CURVE('',#1921,#2000,#479,.T.);
#2510=EDGE_CURVE('',#2035,#2036,#480,.T.);
#2511=EDGE_CURVE('',#2028,#2035,#481,.T.);
#2512=EDGE_CURVE('',#2027,#2036,#482,.T.);
#2513=EDGE_CURVE('',#2036,#2037,#483,.T.);
#2514=EDGE_CURVE('',#2026,#2037,#484,.T.);
#2515=EDGE_CURVE('',#2037,#2038,#485,.T.);
#2516=EDGE_CURVE('',#2025,#2038,#486,.T.);
#2517=EDGE_CURVE('',#2038,#2039,#487,.T.);
#2518=EDGE_CURVE('',#2024,#2039,#488,.T.);
#2519=EDGE_CURVE('',#2039,#2040,#489,.T.);
#2520=EDGE_CURVE('',#2023,#2040,#490,.T.);
#2521=EDGE_CURVE('',#2040,#2041,#491,.T.);
#2522=EDGE_CURVE('',#2034,#2041,#492,.T.);
#2523=EDGE_CURVE('',#2041,#2042,#493,.T.);
#2524=EDGE_CURVE('',#2033,#2042,#494,.T.);
#2525=EDGE_CURVE('',#2042,#2043,#495,.T.);
#2526=EDGE_CURVE('',#2032,#2043,#496,.T.);
#2527=EDGE_CURVE('',#2043,#2044,#497,.T.);
#2528=EDGE_CURVE('',#2031,#2044,#498,.T.);
#2529=EDGE_CURVE('',#2044,#2045,#499,.T.);
#2530=EDGE_CURVE('',#2030,#2045,#500,.T.);
#2531=EDGE_CURVE('',#2045,#2046,#501,.T.);
#2532=EDGE_CURVE('',#2029,#2046,#502,.T.);
#2533=EDGE_CURVE('',#2046,#2035,#503,.T.);
#2534=EDGE_CURVE('',#2047,#2048,#504,.T.);
#2535=EDGE_CURVE('',#2047,#2049,#505,.T.);
#2536=EDGE_CURVE('',#2050,#2049,#506,.T.);
#2537=EDGE_CURVE('',#2048,#2050,#507,.T.);
#2538=EDGE_CURVE('',#2051,#2052,#508,.T.);
#2539=EDGE_CURVE('',#2051,#2053,#509,.T.);
#2540=EDGE_CURVE('',#2054,#2053,#510,.T.);
#2541=EDGE_CURVE('',#2052,#2054,#511,.T.);
#2542=EDGE_CURVE('',#2055,#2056,#512,.T.);
#2543=EDGE_CURVE('',#2055,#2057,#513,.T.);
#2544=EDGE_CURVE('',#2058,#2057,#514,.T.);
#2545=EDGE_CURVE('',#2056,#2058,#515,.T.);
#2546=EDGE_CURVE('',#2059,#2060,#516,.T.);
#2547=EDGE_CURVE('',#2059,#2061,#517,.T.);
#2548=EDGE_CURVE('',#2062,#2061,#518,.T.);
#2549=EDGE_CURVE('',#2060,#2062,#519,.T.);
#2550=EDGE_CURVE('',#2063,#2064,#520,.T.);
#2551=EDGE_CURVE('',#2063,#2065,#521,.T.);
#2552=EDGE_CURVE('',#2066,#2065,#522,.T.);
#2553=EDGE_CURVE('',#2064,#2066,#523,.T.);
#2554=EDGE_CURVE('',#2067,#2068,#524,.T.);
#2555=EDGE_CURVE('',#2067,#2069,#525,.T.);
#2556=EDGE_CURVE('',#2070,#2069,#526,.T.);
#2557=EDGE_CURVE('',#2068,#2070,#527,.T.);
#2558=EDGE_CURVE('',#1984,#1993,#528,.T.);
#2559=EDGE_CURVE('',#1994,#1983,#529,.T.);
#2560=EDGE_CURVE('',#1992,#1981,#530,.T.);
#2561=EDGE_CURVE('',#1982,#1991,#531,.T.);
#2562=EDGE_CURVE('',#2071,#2070,#1767,.T.);
#2563=EDGE_CURVE('',#2069,#2066,#532,.T.);
#2564=EDGE_CURVE('',#2065,#2072,#1768,.T.);
#2565=EDGE_CURVE('',#2072,#2062,#1769,.T.);
#2566=EDGE_CURVE('',#2061,#2073,#1770,.T.);
#2567=EDGE_CURVE('',#2073,#2058,#1771,.T.);
#2568=EDGE_CURVE('',#2057,#2054,#533,.T.);
#2569=EDGE_CURVE('',#2053,#2074,#1772,.T.);
#2570=EDGE_CURVE('',#2074,#2050,#1773,.T.);
#2571=EDGE_CURVE('',#2049,#2071,#1774,.T.);
#2572=EDGE_CURVE('',#2064,#2075,#534,.T.);
#2573=EDGE_CURVE('',#2075,#2063,#1775,.T.);
#2574=EDGE_CURVE('',#2076,#2067,#535,.T.);
#2575=EDGE_CURVE('',#2068,#2076,#1776,.T.);
#2576=EDGE_CURVE('',#2052,#2077,#536,.T.);
#2577=EDGE_CURVE('',#2077,#2051,#1777,.T.);
#2578=EDGE_CURVE('',#2056,#2078,#1778,.T.);
#2579=EDGE_CURVE('',#2078,#2055,#537,.T.);
#2580=EDGE_CURVE('',#2060,#2079,#1779,.T.);
#2581=EDGE_CURVE('',#2079,#2080,#538,.T.);
#2582=EDGE_CURVE('',#2080,#2081,#1780,.T.);
#2583=EDGE_CURVE('',#2081,#2082,#539,.T.);
#2584=EDGE_CURVE('',#2082,#2083,#1781,.T.);
#2585=EDGE_CURVE('',#2083,#2084,#540,.T.);
#2586=EDGE_CURVE('',#2084,#2047,#1782,.T.);
#2587=EDGE_CURVE('',#2048,#2085,#1783,.T.);
#2588=EDGE_CURVE('',#2085,#2086,#541,.T.);
#2589=EDGE_CURVE('',#2086,#2087,#1784,.T.);
#2590=EDGE_CURVE('',#2087,#2088,#542,.T.);
#2591=EDGE_CURVE('',#2088,#2089,#1785,.T.);
#2592=EDGE_CURVE('',#2089,#2090,#543,.T.);
#2593=EDGE_CURVE('',#2090,#2059,#1786,.T.);
#2594=EDGE_CURVE('',#1972,#1904,#544,.T.);
#2595=EDGE_CURVE('',#2091,#2092,#63,.T.);
#2596=EDGE_CURVE('',#2092,#1959,#545,.T.);
#2597=EDGE_CURVE('',#2091,#1958,#546,.T.);
#2598=EDGE_CURVE('',#2091,#2093,#547,.T.);
#2599=EDGE_CURVE('',#2093,#1969,#548,.T.);
#2600=EDGE_CURVE('',#2094,#2093,#64,.T.);
#2601=EDGE_CURVE('',#2094,#1968,#549,.T.);
#2602=EDGE_CURVE('',#2094,#2095,#550,.T.);
#2603=EDGE_CURVE('',#2095,#1967,#551,.T.);
#2604=EDGE_CURVE('',#2096,#2095,#65,.T.);
#2605=EDGE_CURVE('',#2096,#1966,#552,.T.);
#2606=EDGE_CURVE('',#2096,#2097,#553,.T.);
#2607=EDGE_CURVE('',#2097,#1965,#554,.T.);
#2608=EDGE_CURVE('',#2098,#2097,#66,.T.);
#2609=EDGE_CURVE('',#2098,#1964,#555,.T.);
#2610=EDGE_CURVE('',#2098,#2099,#556,.T.);
#2611=EDGE_CURVE('',#2099,#1963,#557,.T.);
#2612=EDGE_CURVE('',#2100,#2099,#67,.T.);
#2613=EDGE_CURVE('',#2100,#1962,#558,.T.);
#2614=EDGE_CURVE('',#2100,#2101,#559,.T.);
#2615=EDGE_CURVE('',#2101,#1961,#560,.T.);
#2616=EDGE_CURVE('',#2102,#2101,#68,.T.);
#2617=EDGE_CURVE('',#2102,#1960,#561,.T.);
#2618=EDGE_CURVE('',#2102,#2092,#562,.T.);
#2619=EDGE_CURVE('',#2103,#2104,#69,.T.);
#2620=EDGE_CURVE('',#2101,#2103,#563,.T.);
#2621=EDGE_CURVE('',#2104,#2102,#564,.F.);
#2622=EDGE_CURVE('',#2105,#2106,#70,.T.);
#2623=EDGE_CURVE('',#2092,#2105,#565,.T.);
#2624=EDGE_CURVE('',#2106,#2091,#566,.F.);
#2625=EDGE_CURVE('',#2107,#2108,#71,.T.);
#2626=EDGE_CURVE('',#2093,#2107,#567,.T.);
#2627=EDGE_CURVE('',#2108,#2094,#568,.F.);
#2628=EDGE_CURVE('',#2109,#2110,#72,.T.);
#2629=EDGE_CURVE('',#2099,#2109,#569,.T.);
#2630=EDGE_CURVE('',#2110,#2100,#570,.F.);
#2631=EDGE_CURVE('',#2111,#2112,#73,.T.);
#2632=EDGE_CURVE('',#2097,#2111,#571,.T.);
#2633=EDGE_CURVE('',#2112,#2098,#572,.F.);
#2634=EDGE_CURVE('',#2113,#2114,#74,.T.);
#2635=EDGE_CURVE('',#2095,#2113,#573,.T.);
#2636=EDGE_CURVE('',#2114,#2096,#574,.F.);
#2637=EDGE_CURVE('',#2108,#2113,#575,.F.);
#2638=EDGE_CURVE('',#2114,#2111,#576,.F.);
#2639=EDGE_CURVE('',#2112,#2109,#577,.F.);
#2640=EDGE_CURVE('',#2110,#2103,#578,.F.);
#2641=EDGE_CURVE('',#2104,#2105,#579,.F.);
#2642=EDGE_CURVE('',#2106,#2107,#580,.F.);
#2643=EDGE_CURVE('',#2115,#2116,#75,.T.);
#2644=EDGE_CURVE('',#2116,#1947,#581,.T.);
#2645=EDGE_CURVE('',#2115,#1946,#582,.T.);
#2646=EDGE_CURVE('',#2115,#2117,#583,.T.);
#2647=EDGE_CURVE('',#2117,#1957,#584,.T.);
#2648=EDGE_CURVE('',#2118,#2117,#76,.T.);
#2649=EDGE_CURVE('',#2118,#1956,#585,.T.);
#2650=EDGE_CURVE('',#2118,#2119,#586,.T.);
#2651=EDGE_CURVE('',#2119,#1955,#587,.T.);
#2652=EDGE_CURVE('',#2120,#2119,#77,.T.);
#2653=EDGE_CURVE('',#2120,#1954,#588,.T.);
#2654=EDGE_CURVE('',#2120,#2121,#589,.T.);
#2655=EDGE_CURVE('',#2121,#1953,#590,.T.);
#2656=EDGE_CURVE('',#2122,#2121,#78,.T.);
#2657=EDGE_CURVE('',#2122,#1952,#591,.T.);
#2658=EDGE_CURVE('',#2122,#2123,#592,.T.);
#2659=EDGE_CURVE('',#2123,#1951,#593,.T.);
#2660=EDGE_CURVE('',#2124,#2123,#79,.T.);
#2661=EDGE_CURVE('',#2124,#1950,#594,.T.);
#2662=EDGE_CURVE('',#2124,#2125,#595,.T.);
#2663=EDGE_CURVE('',#2125,#1949,#596,.T.);
#2664=EDGE_CURVE('',#2126,#2125,#80,.T.);
#2665=EDGE_CURVE('',#2126,#1948,#597,.T.);
#2666=EDGE_CURVE('',#2126,#2116,#598,.T.);
#2667=EDGE_CURVE('',#2127,#2128,#81,.T.);
#2668=EDGE_CURVE('',#2125,#2127,#599,.T.);
#2669=EDGE_CURVE('',#2128,#2126,#600,.F.);
#2670=EDGE_CURVE('',#2129,#2130,#82,.T.);
#2671=EDGE_CURVE('',#2116,#2129,#601,.T.);
#2672=EDGE_CURVE('',#2130,#2115,#602,.F.);
#2673=EDGE_CURVE('',#2131,#2132,#83,.T.);
#2674=EDGE_CURVE('',#2117,#2131,#603,.T.);
#2675=EDGE_CURVE('',#2132,#2118,#604,.F.);
#2676=EDGE_CURVE('',#2133,#2134,#84,.T.);
#2677=EDGE_CURVE('',#2123,#2133,#605,.T.);
#2678=EDGE_CURVE('',#2134,#2124,#606,.F.);
#2679=EDGE_CURVE('',#2135,#2136,#85,.T.);
#2680=EDGE_CURVE('',#2121,#2135,#607,.T.);
#2681=EDGE_CURVE('',#2136,#2122,#608,.F.);
#2682=EDGE_CURVE('',#2137,#2138,#86,.T.);
#2683=EDGE_CURVE('',#2119,#2137,#609,.T.);
#2684=EDGE_CURVE('',#2138,#2120,#610,.F.);
#2685=EDGE_CURVE('',#2132,#2137,#611,.F.);
#2686=EDGE_CURVE('',#2138,#2135,#612,.F.);
#2687=EDGE_CURVE('',#2136,#2133,#613,.F.);
#2688=EDGE_CURVE('',#2134,#2127,#614,.F.);
#2689=EDGE_CURVE('',#2128,#2129,#615,.F.);
#2690=EDGE_CURVE('',#2130,#2131,#616,.F.);
#2691=EDGE_CURVE('',#2139,#2140,#87,.T.);
#2692=EDGE_CURVE('',#2140,#1935,#617,.T.);
#2693=EDGE_CURVE('',#2139,#1934,#618,.T.);
#2694=EDGE_CURVE('',#2139,#2141,#619,.T.);
#2695=EDGE_CURVE('',#2141,#1945,#620,.T.);
#2696=EDGE_CURVE('',#2142,#2141,#88,.T.);
#2697=EDGE_CURVE('',#2142,#1944,#621,.T.);
#2698=EDGE_CURVE('',#2142,#2143,#622,.T.);
#2699=EDGE_CURVE('',#2143,#1943,#623,.T.);
#2700=EDGE_CURVE('',#2144,#2143,#89,.T.);
#2701=EDGE_CURVE('',#2144,#1942,#624,.T.);
#2702=EDGE_CURVE('',#2144,#2145,#625,.T.);
#2703=EDGE_CURVE('',#2145,#1941,#626,.T.);
#2704=EDGE_CURVE('',#2146,#2145,#90,.T.);
#2705=EDGE_CURVE('',#2146,#1940,#627,.T.);
#2706=EDGE_CURVE('',#2146,#2147,#628,.T.);
#2707=EDGE_CURVE('',#2147,#1939,#629,.T.);
#2708=EDGE_CURVE('',#2148,#2147,#91,.T.);
#2709=EDGE_CURVE('',#2148,#1938,#630,.T.);
#2710=EDGE_CURVE('',#2148,#2149,#631,.T.);
#2711=EDGE_CURVE('',#2149,#1937,#632,.T.);
#2712=EDGE_CURVE('',#2150,#2149,#92,.T.);
#2713=EDGE_CURVE('',#2150,#1936,#633,.T.);
#2714=EDGE_CURVE('',#2150,#2140,#634,.T.);
#2715=EDGE_CURVE('',#2141,#2151,#635,.T.);
#2716=EDGE_CURVE('',#2152,#2151,#636,.F.);
#2717=EDGE_CURVE('',#2152,#2139,#637,.F.);
#2718=EDGE_CURVE('',#2143,#2153,#638,.T.);
#2719=EDGE_CURVE('',#2154,#2153,#639,.F.);
#2720=EDGE_CURVE('',#2154,#2142,#640,.F.);
#2721=EDGE_CURVE('',#2155,#2156,#641,.F.);
#2722=EDGE_CURVE('',#2155,#2144,#642,.F.);
#2723=EDGE_CURVE('',#2145,#2156,#643,.T.);
#2724=EDGE_CURVE('',#2157,#2158,#644,.F.);
#2725=EDGE_CURVE('',#2157,#2146,#645,.F.);
#2726=EDGE_CURVE('',#2147,#2158,#646,.T.);
#2727=EDGE_CURVE('',#2159,#2160,#647,.F.);
#2728=EDGE_CURVE('',#2159,#2148,#648,.F.);
#2729=EDGE_CURVE('',#2149,#2160,#649,.T.);
#2730=EDGE_CURVE('',#2140,#2161,#650,.T.);
#2731=EDGE_CURVE('',#2162,#2161,#651,.F.);
#2732=EDGE_CURVE('',#2162,#2150,#652,.F.);
#2733=EDGE_CURVE('',#2153,#2155,#93,.T.);
#2734=EDGE_CURVE('',#2156,#2157,#94,.T.);
#2735=EDGE_CURVE('',#2158,#2159,#95,.T.);
#2736=EDGE_CURVE('',#2160,#2162,#96,.T.);
#2737=EDGE_CURVE('',#2161,#2152,#97,.T.);
#2738=EDGE_CURVE('',#2151,#2154,#98,.T.);
#2739=EDGE_CURVE('',#2163,#2164,#653,.T.);
#2740=EDGE_CURVE('',#2163,#2165,#1787,.F.);
#2741=EDGE_CURVE('',#2166,#2165,#654,.T.);
#2742=EDGE_CURVE('',#2166,#2167,#1788,.F.);
#2743=EDGE_CURVE('',#2167,#2168,#1789,.F.);
#2744=EDGE_CURVE('',#2169,#2168,#655,.T.);
#2745=EDGE_CURVE('',#2169,#2170,#1790,.F.);
#2746=EDGE_CURVE('',#2170,#2171,#1791,.F.);
#2747=EDGE_CURVE('',#2172,#2171,#656,.T.);
#2748=EDGE_CURVE('',#2172,#2164,#1792,.F.);
#2749=EDGE_CURVE('',#2163,#2081,#657,.T.);
#2750=EDGE_CURVE('',#2164,#2082,#658,.T.);
#2751=EDGE_CURVE('',#2172,#2083,#659,.T.);
#2752=EDGE_CURVE('',#2171,#2084,#660,.T.);
#2753=EDGE_CURVE('',#2168,#2075,#661,.T.);
#2754=EDGE_CURVE('',#2076,#2169,#662,.T.);
#2755=EDGE_CURVE('',#2166,#2079,#663,.T.);
#2756=EDGE_CURVE('',#2165,#2080,#664,.T.);
#2757=EDGE_CURVE('',#2167,#2072,#665,.T.);
#2758=EDGE_CURVE('',#2170,#2071,#666,.T.);
#2759=EDGE_CURVE('',#2173,#2174,#99,.T.);
#2760=EDGE_CURVE('',#2174,#1923,#667,.T.);
#2761=EDGE_CURVE('',#2173,#1922,#668,.T.);
#2762=EDGE_CURVE('',#2173,#2175,#669,.T.);
#2763=EDGE_CURVE('',#2175,#1933,#670,.T.);
#2764=EDGE_CURVE('',#2176,#2175,#100,.T.);
#2765=EDGE_CURVE('',#2176,#1932,#671,.T.);
#2766=EDGE_CURVE('',#2176,#2177,#672,.T.);
#2767=EDGE_CURVE('',#2177,#1931,#673,.T.);
#2768=EDGE_CURVE('',#2178,#2177,#101,.T.);
#2769=EDGE_CURVE('',#2178,#1930,#674,.T.);
#2770=EDGE_CURVE('',#2178,#2179,#675,.T.);
#2771=EDGE_CURVE('',#2179,#1929,#676,.T.);
#2772=EDGE_CURVE('',#2180,#2179,#102,.T.);
#2773=EDGE_CURVE('',#2180,#1928,#677,.T.);
#2774=EDGE_CURVE('',#2180,#2181,#678,.T.);
#2775=EDGE_CURVE('',#2181,#1927,#679,.T.);
#2776=EDGE_CURVE('',#2182,#2181,#103,.T.);
#2777=EDGE_CURVE('',#2182,#1926,#680,.T.);
#2778=EDGE_CURVE('',#2182,#2183,#681,.T.);
#2779=EDGE_CURVE('',#2183,#1925,#682,.T.);
#2780=EDGE_CURVE('',#2184,#2183,#104,.T.);
#2781=EDGE_CURVE('',#2184,#1924,#683,.T.);
#2782=EDGE_CURVE('',#2184,#2174,#684,.T.);
#2783=EDGE_CURVE('',#2175,#2185,#685,.T.);
#2784=EDGE_CURVE('',#2186,#2185,#686,.F.);
#2785=EDGE_CURVE('',#2186,#2173,#687,.F.);
#2786=EDGE_CURVE('',#2177,#2187,#688,.T.);
#2787=EDGE_CURVE('',#2188,#2187,#689,.F.);
#2788=EDGE_CURVE('',#2188,#2176,#690,.F.);
#2789=EDGE_CURVE('',#2189,#2190,#691,.F.);
#2790=EDGE_CURVE('',#2189,#2178,#692,.F.);
#2791=EDGE_CURVE('',#2179,#2190,#693,.T.);
#2792=EDGE_CURVE('',#2191,#2192,#694,.F.);
#2793=EDGE_CURVE('',#2191,#2180,#695,.F.);
#2794=EDGE_CURVE('',#2181,#2192,#696,.T.);
#2795=EDGE_CURVE('',#2193,#2194,#697,.F.);
#2796=EDGE_CURVE('',#2193,#2182,#698,.F.);
#2797=EDGE_CURVE('',#2183,#2194,#699,.T.);
#2798=EDGE_CURVE('',#2174,#2195,#700,.T.);
#2799=EDGE_CURVE('',#2196,#2195,#701,.F.);
#2800=EDGE_CURVE('',#2196,#2184,#702,.F.);
#2801=EDGE_CURVE('',#2187,#2189,#105,.T.);
#2802=EDGE_CURVE('',#2190,#2191,#106,.T.);
#2803=EDGE_CURVE('',#2192,#2193,#107,.T.);
#2804=EDGE_CURVE('',#2194,#2196,#108,.T.);
#2805=EDGE_CURVE('',#2195,#2186,#109,.T.);
#2806=EDGE_CURVE('',#2185,#2188,#110,.T.);
#2807=EDGE_CURVE('',#2197,#2198,#703,.T.);
#2808=EDGE_CURVE('',#2197,#2199,#1793,.F.);
#2809=EDGE_CURVE('',#2200,#2199,#704,.T.);
#2810=EDGE_CURVE('',#2200,#2201,#1794,.F.);
#2811=EDGE_CURVE('',#2201,#2202,#1795,.F.);
#2812=EDGE_CURVE('',#2203,#2202,#705,.T.);
#2813=EDGE_CURVE('',#2203,#2204,#1796,.F.);
#2814=EDGE_CURVE('',#2204,#2205,#1797,.F.);
#2815=EDGE_CURVE('',#2206,#2205,#706,.T.);
#2816=EDGE_CURVE('',#2206,#2198,#1798,.F.);
#2817=EDGE_CURVE('',#2197,#2087,#707,.T.);
#2818=EDGE_CURVE('',#2198,#2088,#708,.T.);
#2819=EDGE_CURVE('',#2206,#2089,#709,.T.);
#2820=EDGE_CURVE('',#2205,#2090,#710,.T.);
#2821=EDGE_CURVE('',#2202,#2077,#711,.T.);
#2822=EDGE_CURVE('',#2078,#2203,#712,.T.);
#2823=EDGE_CURVE('',#2200,#2085,#713,.T.);
#2824=EDGE_CURVE('',#2199,#2086,#714,.T.);
#2825=EDGE_CURVE('',#2201,#2074,#715,.T.);
#2826=EDGE_CURVE('',#2204,#2073,#716,.T.);
#2827=ORIENTED_EDGE('',*,*,#2207,.F.);
#2828=ORIENTED_EDGE('',*,*,#2208,.T.);
#2829=ORIENTED_EDGE('',*,*,#2209,.T.);
#2830=ORIENTED_EDGE('',*,*,#2210,.F.);
#2831=ORIENTED_EDGE('',*,*,#2208,.F.);
#2832=ORIENTED_EDGE('',*,*,#2211,.T.);
#2833=ORIENTED_EDGE('',*,*,#2212,.F.);
#2834=ORIENTED_EDGE('',*,*,#2213,.T.);
#2835=ORIENTED_EDGE('',*,*,#2211,.F.);
#2836=ORIENTED_EDGE('',*,*,#2214,.T.);
#2837=ORIENTED_EDGE('',*,*,#2215,.T.);
#2838=ORIENTED_EDGE('',*,*,#2216,.F.);
#2839=ORIENTED_EDGE('',*,*,#2214,.F.);
#2840=ORIENTED_EDGE('',*,*,#2217,.T.);
#2841=ORIENTED_EDGE('',*,*,#2218,.F.);
#2842=ORIENTED_EDGE('',*,*,#2219,.T.);
#2843=ORIENTED_EDGE('',*,*,#2217,.F.);
#2844=ORIENTED_EDGE('',*,*,#2220,.T.);
#2845=ORIENTED_EDGE('',*,*,#2221,.T.);
#2846=ORIENTED_EDGE('',*,*,#2222,.F.);
#2847=ORIENTED_EDGE('',*,*,#2223,.F.);
#2848=ORIENTED_EDGE('',*,*,#2224,.T.);
#2849=ORIENTED_EDGE('',*,*,#2225,.T.);
#2850=ORIENTED_EDGE('',*,*,#2226,.F.);
#2851=ORIENTED_EDGE('',*,*,#2224,.F.);
#2852=ORIENTED_EDGE('',*,*,#2227,.T.);
#2853=ORIENTED_EDGE('',*,*,#2228,.F.);
#2854=ORIENTED_EDGE('',*,*,#2229,.T.);
#2855=ORIENTED_EDGE('',*,*,#2227,.F.);
#2856=ORIENTED_EDGE('',*,*,#2230,.T.);
#2857=ORIENTED_EDGE('',*,*,#2231,.T.);
#2858=ORIENTED_EDGE('',*,*,#2232,.F.);
#2859=ORIENTED_EDGE('',*,*,#2230,.F.);
#2860=ORIENTED_EDGE('',*,*,#2233,.T.);
#2861=ORIENTED_EDGE('',*,*,#2234,.F.);
#2862=ORIENTED_EDGE('',*,*,#2235,.T.);
#2863=ORIENTED_EDGE('',*,*,#2233,.F.);
#2864=ORIENTED_EDGE('',*,*,#2236,.T.);
#2865=ORIENTED_EDGE('',*,*,#2237,.T.);
#2866=ORIENTED_EDGE('',*,*,#2238,.F.);
#2867=ORIENTED_EDGE('',*,*,#2239,.F.);
#2868=ORIENTED_EDGE('',*,*,#2240,.T.);
#2869=ORIENTED_EDGE('',*,*,#2241,.T.);
#2870=ORIENTED_EDGE('',*,*,#2242,.F.);
#2871=ORIENTED_EDGE('',*,*,#2240,.F.);
#2872=ORIENTED_EDGE('',*,*,#2243,.T.);
#2873=ORIENTED_EDGE('',*,*,#2244,.F.);
#2874=ORIENTED_EDGE('',*,*,#2245,.T.);
#2875=ORIENTED_EDGE('',*,*,#2243,.F.);
#2876=ORIENTED_EDGE('',*,*,#2246,.T.);
#2877=ORIENTED_EDGE('',*,*,#2247,.T.);
#2878=ORIENTED_EDGE('',*,*,#2248,.F.);
#2879=ORIENTED_EDGE('',*,*,#2246,.F.);
#2880=ORIENTED_EDGE('',*,*,#2249,.T.);
#2881=ORIENTED_EDGE('',*,*,#2250,.F.);
#2882=ORIENTED_EDGE('',*,*,#2251,.T.);
#2883=ORIENTED_EDGE('',*,*,#2249,.F.);
#2884=ORIENTED_EDGE('',*,*,#2252,.T.);
#2885=ORIENTED_EDGE('',*,*,#2253,.T.);
#2886=ORIENTED_EDGE('',*,*,#2254,.F.);
#2887=ORIENTED_EDGE('',*,*,#2255,.F.);
#2888=ORIENTED_EDGE('',*,*,#2256,.T.);
#2889=ORIENTED_EDGE('',*,*,#2257,.T.);
#2890=ORIENTED_EDGE('',*,*,#2258,.F.);
#2891=ORIENTED_EDGE('',*,*,#2256,.F.);
#2892=ORIENTED_EDGE('',*,*,#2259,.T.);
#2893=ORIENTED_EDGE('',*,*,#2260,.F.);
#2894=ORIENTED_EDGE('',*,*,#2261,.T.);
#2895=ORIENTED_EDGE('',*,*,#2259,.F.);
#2896=ORIENTED_EDGE('',*,*,#2262,.T.);
#2897=ORIENTED_EDGE('',*,*,#2263,.T.);
#2898=ORIENTED_EDGE('',*,*,#2264,.F.);
#2899=ORIENTED_EDGE('',*,*,#2262,.F.);
#2900=ORIENTED_EDGE('',*,*,#2265,.T.);
#2901=ORIENTED_EDGE('',*,*,#2266,.F.);
#2902=ORIENTED_EDGE('',*,*,#2267,.T.);
#2903=ORIENTED_EDGE('',*,*,#2265,.F.);
#2904=ORIENTED_EDGE('',*,*,#2268,.T.);
#2905=ORIENTED_EDGE('',*,*,#2269,.T.);
#2906=ORIENTED_EDGE('',*,*,#2270,.F.);
#2907=ORIENTED_EDGE('',*,*,#2255,.T.);
#2908=ORIENTED_EDGE('',*,*,#2271,.F.);
#2909=ORIENTED_EDGE('',*,*,#2272,.T.);
#2910=ORIENTED_EDGE('',*,*,#2268,.F.);
#2911=ORIENTED_EDGE('',*,*,#2273,.T.);
#2912=ORIENTED_EDGE('',*,*,#2274,.T.);
#2913=ORIENTED_EDGE('',*,*,#2260,.T.);
#2914=ORIENTED_EDGE('',*,*,#2264,.T.);
#2915=ORIENTED_EDGE('',*,*,#2275,.T.);
#2916=ORIENTED_EDGE('',*,*,#2239,.T.);
#2917=ORIENTED_EDGE('',*,*,#2276,.F.);
#2918=ORIENTED_EDGE('',*,*,#2277,.T.);
#2919=ORIENTED_EDGE('',*,*,#2252,.F.);
#2920=ORIENTED_EDGE('',*,*,#2278,.T.);
#2921=ORIENTED_EDGE('',*,*,#2279,.T.);
#2922=ORIENTED_EDGE('',*,*,#2244,.T.);
#2923=ORIENTED_EDGE('',*,*,#2248,.T.);
#2924=ORIENTED_EDGE('',*,*,#2280,.T.);
#2925=ORIENTED_EDGE('',*,*,#2223,.T.);
#2926=ORIENTED_EDGE('',*,*,#2281,.F.);
#2927=ORIENTED_EDGE('',*,*,#2282,.T.);
#2928=ORIENTED_EDGE('',*,*,#2236,.F.);
#2929=ORIENTED_EDGE('',*,*,#2283,.T.);
#2930=ORIENTED_EDGE('',*,*,#2284,.T.);
#2931=ORIENTED_EDGE('',*,*,#2228,.T.);
#2932=ORIENTED_EDGE('',*,*,#2232,.T.);
#2933=ORIENTED_EDGE('',*,*,#2285,.T.);
#2934=ORIENTED_EDGE('',*,*,#2266,.T.);
#2935=ORIENTED_EDGE('',*,*,#2270,.T.);
#2936=ORIENTED_EDGE('',*,*,#2286,.T.);
#2937=ORIENTED_EDGE('',*,*,#2281,.T.);
#2938=ORIENTED_EDGE('',*,*,#2226,.T.);
#2939=ORIENTED_EDGE('',*,*,#2287,.T.);
#2940=ORIENTED_EDGE('',*,*,#2207,.T.);
#2941=ORIENTED_EDGE('',*,*,#2288,.F.);
#2942=ORIENTED_EDGE('',*,*,#2289,.T.);
#2943=ORIENTED_EDGE('',*,*,#2220,.F.);
#2944=ORIENTED_EDGE('',*,*,#2290,.T.);
#2945=ORIENTED_EDGE('',*,*,#2291,.T.);
#2946=ORIENTED_EDGE('',*,*,#2212,.T.);
#2947=ORIENTED_EDGE('',*,*,#2216,.T.);
#2948=ORIENTED_EDGE('',*,*,#2292,.T.);
#2949=ORIENTED_EDGE('',*,*,#2234,.T.);
#2950=ORIENTED_EDGE('',*,*,#2238,.T.);
#2951=ORIENTED_EDGE('',*,*,#2293,.T.);
#2952=ORIENTED_EDGE('',*,*,#2288,.T.);
#2953=ORIENTED_EDGE('',*,*,#2210,.T.);
#2954=ORIENTED_EDGE('',*,*,#2294,.T.);
#2955=ORIENTED_EDGE('',*,*,#2218,.T.);
#2956=ORIENTED_EDGE('',*,*,#2222,.T.);
#2957=ORIENTED_EDGE('',*,*,#2295,.T.);
#2958=ORIENTED_EDGE('',*,*,#2276,.T.);
#2959=ORIENTED_EDGE('',*,*,#2242,.T.);
#2960=ORIENTED_EDGE('',*,*,#2296,.T.);
#2961=ORIENTED_EDGE('',*,*,#2250,.T.);
#2962=ORIENTED_EDGE('',*,*,#2254,.T.);
#2963=ORIENTED_EDGE('',*,*,#2297,.T.);
#2964=ORIENTED_EDGE('',*,*,#2271,.T.);
#2965=ORIENTED_EDGE('',*,*,#2258,.T.);
#2966=ORIENTED_EDGE('',*,*,#2298,.T.);
#2967=ORIENTED_EDGE('',*,*,#2275,.F.);
#2968=ORIENTED_EDGE('',*,*,#2263,.F.);
#2969=ORIENTED_EDGE('',*,*,#2267,.F.);
#2970=ORIENTED_EDGE('',*,*,#2287,.F.);
#2971=ORIENTED_EDGE('',*,*,#2225,.F.);
#2972=ORIENTED_EDGE('',*,*,#2229,.F.);
#2973=ORIENTED_EDGE('',*,*,#2284,.F.);
#2974=ORIENTED_EDGE('',*,*,#2299,.T.);
#2975=ORIENTED_EDGE('',*,*,#2285,.F.);
#2976=ORIENTED_EDGE('',*,*,#2231,.F.);
#2977=ORIENTED_EDGE('',*,*,#2235,.F.);
#2978=ORIENTED_EDGE('',*,*,#2294,.F.);
#2979=ORIENTED_EDGE('',*,*,#2209,.F.);
#2980=ORIENTED_EDGE('',*,*,#2213,.F.);
#2981=ORIENTED_EDGE('',*,*,#2291,.F.);
#2982=ORIENTED_EDGE('',*,*,#2300,.T.);
#2983=ORIENTED_EDGE('',*,*,#2273,.F.);
#2984=ORIENTED_EDGE('',*,*,#2299,.F.);
#2985=ORIENTED_EDGE('',*,*,#2283,.F.);
#2986=ORIENTED_EDGE('',*,*,#2300,.F.);
#2987=ORIENTED_EDGE('',*,*,#2290,.F.);
#2988=ORIENTED_EDGE('',*,*,#2301,.F.);
#2989=ORIENTED_EDGE('',*,*,#2278,.F.);
#2990=ORIENTED_EDGE('',*,*,#2302,.F.);
#2991=ORIENTED_EDGE('',*,*,#2303,.T.);
#2992=ORIENTED_EDGE('',*,*,#2304,.T.);
#2993=ORIENTED_EDGE('',*,*,#2305,.T.);
#2994=ORIENTED_EDGE('',*,*,#2306,.T.);
#2995=ORIENTED_EDGE('',*,*,#2289,.F.);
#2996=ORIENTED_EDGE('',*,*,#2293,.F.);
#2997=ORIENTED_EDGE('',*,*,#2237,.F.);
#2998=ORIENTED_EDGE('',*,*,#2282,.F.);
#2999=ORIENTED_EDGE('',*,*,#2286,.F.);
#3000=ORIENTED_EDGE('',*,*,#2269,.F.);
#3001=ORIENTED_EDGE('',*,*,#2272,.F.);
#3002=ORIENTED_EDGE('',*,*,#2297,.F.);
#3003=ORIENTED_EDGE('',*,*,#2253,.F.);
#3004=ORIENTED_EDGE('',*,*,#2277,.F.);
#3005=ORIENTED_EDGE('',*,*,#2295,.F.);
#3006=ORIENTED_EDGE('',*,*,#2221,.F.);
#3007=ORIENTED_EDGE('',*,*,#2307,.T.);
#3008=ORIENTED_EDGE('',*,*,#2308,.T.);
#3009=ORIENTED_EDGE('',*,*,#2309,.T.);
#3010=ORIENTED_EDGE('',*,*,#2310,.T.);
#3011=ORIENTED_EDGE('',*,*,#2311,.F.);
#3012=ORIENTED_EDGE('',*,*,#2312,.F.);
#3013=ORIENTED_EDGE('',*,*,#2313,.F.);
#3014=ORIENTED_EDGE('',*,*,#2314,.F.);
#3015=ORIENTED_EDGE('',*,*,#2312,.T.);
#3016=ORIENTED_EDGE('',*,*,#2315,.T.);
#3017=ORIENTED_EDGE('',*,*,#2316,.T.);
#3018=ORIENTED_EDGE('',*,*,#2315,.F.);
#3019=ORIENTED_EDGE('',*,*,#2311,.T.);
#3020=ORIENTED_EDGE('',*,*,#2317,.F.);
#3021=ORIENTED_EDGE('',*,*,#2318,.T.);
#3022=ORIENTED_EDGE('',*,*,#2318,.F.);
#3023=ORIENTED_EDGE('',*,*,#2319,.F.);
#3024=ORIENTED_EDGE('',*,*,#2316,.F.);
#3025=ORIENTED_EDGE('',*,*,#2320,.T.);
#3026=ORIENTED_EDGE('',*,*,#2321,.F.);
#3027=ORIENTED_EDGE('',*,*,#2322,.T.);
#3028=ORIENTED_EDGE('',*,*,#2323,.F.);
#3029=ORIENTED_EDGE('',*,*,#2324,.F.);
#3030=ORIENTED_EDGE('',*,*,#2325,.F.);
#3031=ORIENTED_EDGE('',*,*,#2322,.F.);
#3032=ORIENTED_EDGE('',*,*,#2325,.T.);
#3033=ORIENTED_EDGE('',*,*,#2326,.F.);
#3034=ORIENTED_EDGE('',*,*,#2327,.F.);
#3035=ORIENTED_EDGE('',*,*,#2320,.F.);
#3036=ORIENTED_EDGE('',*,*,#2326,.T.);
#3037=ORIENTED_EDGE('',*,*,#2324,.T.);
#3038=ORIENTED_EDGE('',*,*,#2328,.F.);
#3039=ORIENTED_EDGE('',*,*,#2304,.F.);
#3040=ORIENTED_EDGE('',*,*,#2329,.T.);
#3041=ORIENTED_EDGE('',*,*,#2307,.F.);
#3042=ORIENTED_EDGE('',*,*,#2330,.F.);
#3043=ORIENTED_EDGE('',*,*,#2305,.F.);
#3044=ORIENTED_EDGE('',*,*,#2330,.T.);
#3045=ORIENTED_EDGE('',*,*,#2310,.F.);
#3046=ORIENTED_EDGE('',*,*,#2331,.F.);
#3047=ORIENTED_EDGE('',*,*,#2321,.T.);
#3048=ORIENTED_EDGE('',*,*,#2327,.T.);
#3049=ORIENTED_EDGE('',*,*,#2328,.T.);
#3050=ORIENTED_EDGE('',*,*,#2323,.T.);
#3051=ORIENTED_EDGE('',*,*,#2306,.F.);
#3052=ORIENTED_EDGE('',*,*,#2331,.T.);
#3053=ORIENTED_EDGE('',*,*,#2309,.F.);
#3054=ORIENTED_EDGE('',*,*,#2332,.F.);
#3055=ORIENTED_EDGE('',*,*,#2303,.F.);
#3056=ORIENTED_EDGE('',*,*,#2332,.T.);
#3057=ORIENTED_EDGE('',*,*,#2308,.F.);
#3058=ORIENTED_EDGE('',*,*,#2329,.F.);
#3059=ORIENTED_EDGE('',*,*,#2313,.T.);
#3060=ORIENTED_EDGE('',*,*,#2314,.T.);
#3061=ORIENTED_EDGE('',*,*,#2319,.T.);
#3062=ORIENTED_EDGE('',*,*,#2317,.T.);
#3063=ORIENTED_EDGE('',*,*,#2279,.F.);
#3064=ORIENTED_EDGE('',*,*,#2301,.T.);
#3065=ORIENTED_EDGE('',*,*,#2292,.F.);
#3066=ORIENTED_EDGE('',*,*,#2215,.F.);
#3067=ORIENTED_EDGE('',*,*,#2219,.F.);
#3068=ORIENTED_EDGE('',*,*,#2296,.F.);
#3069=ORIENTED_EDGE('',*,*,#2241,.F.);
#3070=ORIENTED_EDGE('',*,*,#2245,.F.);
#3071=ORIENTED_EDGE('',*,*,#2274,.F.);
#3072=ORIENTED_EDGE('',*,*,#2302,.T.);
#3073=ORIENTED_EDGE('',*,*,#2280,.F.);
#3074=ORIENTED_EDGE('',*,*,#2247,.F.);
#3075=ORIENTED_EDGE('',*,*,#2251,.F.);
#3076=ORIENTED_EDGE('',*,*,#2298,.F.);
#3077=ORIENTED_EDGE('',*,*,#2257,.F.);
#3078=ORIENTED_EDGE('',*,*,#2261,.F.);
#3079=ORIENTED_EDGE('',*,*,#2333,.T.);
#3080=ORIENTED_EDGE('',*,*,#2334,.T.);
#3081=ORIENTED_EDGE('',*,*,#2335,.T.);
#3082=ORIENTED_EDGE('',*,*,#2336,.T.);
#3083=ORIENTED_EDGE('',*,*,#2336,.F.);
#3084=ORIENTED_EDGE('',*,*,#2337,.F.);
#3085=ORIENTED_EDGE('',*,*,#2338,.F.);
#3086=ORIENTED_EDGE('',*,*,#2339,.F.);
#3087=ORIENTED_EDGE('',*,*,#2335,.F.);
#3088=ORIENTED_EDGE('',*,*,#2340,.T.);
#3089=ORIENTED_EDGE('',*,*,#2341,.F.);
#3090=ORIENTED_EDGE('',*,*,#2342,.T.);
#3091=ORIENTED_EDGE('',*,*,#2343,.F.);
#3092=ORIENTED_EDGE('',*,*,#2344,.T.);
#3093=ORIENTED_EDGE('',*,*,#2345,.F.);
#3094=ORIENTED_EDGE('',*,*,#2337,.T.);
#3095=ORIENTED_EDGE('',*,*,#2346,.T.);
#3096=ORIENTED_EDGE('',*,*,#2347,.T.);
#3097=ORIENTED_EDGE('',*,*,#2348,.T.);
#3098=ORIENTED_EDGE('',*,*,#2349,.T.);
#3099=ORIENTED_EDGE('',*,*,#2350,.T.);
#3100=ORIENTED_EDGE('',*,*,#2351,.T.);
#3101=ORIENTED_EDGE('',*,*,#2352,.T.);
#3102=ORIENTED_EDGE('',*,*,#2353,.T.);
#3103=ORIENTED_EDGE('',*,*,#2354,.T.);
#3104=ORIENTED_EDGE('',*,*,#2355,.T.);
#3105=ORIENTED_EDGE('',*,*,#2356,.T.);
#3106=ORIENTED_EDGE('',*,*,#2357,.T.);
#3107=ORIENTED_EDGE('',*,*,#2358,.T.);
#3108=ORIENTED_EDGE('',*,*,#2359,.T.);
#3109=ORIENTED_EDGE('',*,*,#2360,.T.);
#3110=ORIENTED_EDGE('',*,*,#2361,.T.);
#3111=ORIENTED_EDGE('',*,*,#2362,.T.);
#3112=ORIENTED_EDGE('',*,*,#2363,.T.);
#3113=ORIENTED_EDGE('',*,*,#2364,.T.);
#3114=ORIENTED_EDGE('',*,*,#2365,.T.);
#3115=ORIENTED_EDGE('',*,*,#2366,.T.);
#3116=ORIENTED_EDGE('',*,*,#2367,.T.);
#3117=ORIENTED_EDGE('',*,*,#2368,.T.);
#3118=ORIENTED_EDGE('',*,*,#2369,.T.);
#3119=ORIENTED_EDGE('',*,*,#2370,.T.);
#3120=ORIENTED_EDGE('',*,*,#2371,.T.);
#3121=ORIENTED_EDGE('',*,*,#2372,.T.);
#3122=ORIENTED_EDGE('',*,*,#2373,.T.);
#3123=ORIENTED_EDGE('',*,*,#2374,.T.);
#3124=ORIENTED_EDGE('',*,*,#2375,.T.);
#3125=ORIENTED_EDGE('',*,*,#2376,.T.);
#3126=ORIENTED_EDGE('',*,*,#2377,.T.);
#3127=ORIENTED_EDGE('',*,*,#2378,.T.);
#3128=ORIENTED_EDGE('',*,*,#2379,.T.);
#3129=ORIENTED_EDGE('',*,*,#2380,.T.);
#3130=ORIENTED_EDGE('',*,*,#2381,.T.);
#3131=ORIENTED_EDGE('',*,*,#2382,.T.);
#3132=ORIENTED_EDGE('',*,*,#2383,.T.);
#3133=ORIENTED_EDGE('',*,*,#2384,.T.);
#3134=ORIENTED_EDGE('',*,*,#2385,.T.);
#3135=ORIENTED_EDGE('',*,*,#2386,.T.);
#3136=ORIENTED_EDGE('',*,*,#2387,.T.);
#3137=ORIENTED_EDGE('',*,*,#2388,.T.);
#3138=ORIENTED_EDGE('',*,*,#2389,.T.);
#3139=ORIENTED_EDGE('',*,*,#2390,.T.);
#3140=ORIENTED_EDGE('',*,*,#2391,.T.);
#3141=ORIENTED_EDGE('',*,*,#2392,.T.);
#3142=ORIENTED_EDGE('',*,*,#2393,.T.);
#3143=ORIENTED_EDGE('',*,*,#2394,.T.);
#3144=ORIENTED_EDGE('',*,*,#2395,.T.);
#3145=ORIENTED_EDGE('',*,*,#2396,.T.);
#3146=ORIENTED_EDGE('',*,*,#2397,.T.);
#3147=ORIENTED_EDGE('',*,*,#2398,.T.);
#3148=ORIENTED_EDGE('',*,*,#2399,.T.);
#3149=ORIENTED_EDGE('',*,*,#2400,.T.);
#3150=ORIENTED_EDGE('',*,*,#2401,.T.);
#3151=ORIENTED_EDGE('',*,*,#2402,.T.);
#3152=ORIENTED_EDGE('',*,*,#2338,.T.);
#3153=ORIENTED_EDGE('',*,*,#2345,.T.);
#3154=ORIENTED_EDGE('',*,*,#2403,.T.);
#3155=ORIENTED_EDGE('',*,*,#2403,.F.);
#3156=ORIENTED_EDGE('',*,*,#2344,.F.);
#3157=ORIENTED_EDGE('',*,*,#2404,.F.);
#3158=ORIENTED_EDGE('',*,*,#2405,.F.);
#3159=ORIENTED_EDGE('',*,*,#2406,.T.);
#3160=ORIENTED_EDGE('',*,*,#2407,.T.);
#3161=ORIENTED_EDGE('',*,*,#2341,.T.);
#3162=ORIENTED_EDGE('',*,*,#2408,.T.);
#3163=ORIENTED_EDGE('',*,*,#2407,.F.);
#3164=ORIENTED_EDGE('',*,*,#2409,.F.);
#3165=ORIENTED_EDGE('',*,*,#2410,.F.);
#3166=ORIENTED_EDGE('',*,*,#2342,.F.);
#3167=ORIENTED_EDGE('',*,*,#2411,.T.);
#3168=ORIENTED_EDGE('',*,*,#2404,.T.);
#3169=ORIENTED_EDGE('',*,*,#2343,.T.);
#3170=ORIENTED_EDGE('',*,*,#2410,.T.);
#3171=ORIENTED_EDGE('',*,*,#2412,.T.);
#3172=ORIENTED_EDGE('',*,*,#2413,.F.);
#3173=ORIENTED_EDGE('',*,*,#2414,.T.);
#3174=ORIENTED_EDGE('',*,*,#2415,.F.);
#3175=ORIENTED_EDGE('',*,*,#2416,.F.);
#3176=ORIENTED_EDGE('',*,*,#2417,.F.);
#3177=ORIENTED_EDGE('',*,*,#2414,.F.);
#3178=ORIENTED_EDGE('',*,*,#2417,.T.);
#3179=ORIENTED_EDGE('',*,*,#2418,.F.);
#3180=ORIENTED_EDGE('',*,*,#2419,.F.);
#3181=ORIENTED_EDGE('',*,*,#2412,.F.);
#3182=ORIENTED_EDGE('',*,*,#2418,.T.);
#3183=ORIENTED_EDGE('',*,*,#2416,.T.);
#3184=ORIENTED_EDGE('',*,*,#2420,.F.);
#3185=ORIENTED_EDGE('',*,*,#2413,.T.);
#3186=ORIENTED_EDGE('',*,*,#2421,.F.);
#3187=ORIENTED_EDGE('',*,*,#2422,.T.);
#3188=ORIENTED_EDGE('',*,*,#2423,.F.);
#3189=ORIENTED_EDGE('',*,*,#2420,.T.);
#3190=ORIENTED_EDGE('',*,*,#2424,.F.);
#3191=ORIENTED_EDGE('',*,*,#2425,.F.);
#3192=ORIENTED_EDGE('',*,*,#2426,.F.);
#3193=ORIENTED_EDGE('',*,*,#2427,.F.);
#3194=ORIENTED_EDGE('',*,*,#2428,.F.);
#3195=ORIENTED_EDGE('',*,*,#2429,.F.);
#3196=ORIENTED_EDGE('',*,*,#2430,.F.);
#3197=ORIENTED_EDGE('',*,*,#2428,.T.);
#3198=ORIENTED_EDGE('',*,*,#2431,.T.);
#3199=ORIENTED_EDGE('',*,*,#2432,.T.);
#3200=ORIENTED_EDGE('',*,*,#2431,.F.);
#3201=ORIENTED_EDGE('',*,*,#2427,.T.);
#3202=ORIENTED_EDGE('',*,*,#2433,.F.);
#3203=ORIENTED_EDGE('',*,*,#2434,.T.);
#3204=ORIENTED_EDGE('',*,*,#2434,.F.);
#3205=ORIENTED_EDGE('',*,*,#2435,.F.);
#3206=ORIENTED_EDGE('',*,*,#2432,.F.);
#3207=ORIENTED_EDGE('',*,*,#2429,.T.);
#3208=ORIENTED_EDGE('',*,*,#2436,.F.);
#3209=ORIENTED_EDGE('',*,*,#2437,.F.);
#3210=ORIENTED_EDGE('',*,*,#2438,.F.);
#3211=ORIENTED_EDGE('',*,*,#2435,.T.);
#3212=ORIENTED_EDGE('',*,*,#2439,.F.);
#3213=ORIENTED_EDGE('',*,*,#2440,.T.);
#3214=ORIENTED_EDGE('',*,*,#2441,.F.);
#3215=ORIENTED_EDGE('',*,*,#2442,.T.);
#3216=ORIENTED_EDGE('',*,*,#2443,.T.);
#3217=ORIENTED_EDGE('',*,*,#2444,.T.);
#3218=ORIENTED_EDGE('',*,*,#2445,.F.);
#3219=ORIENTED_EDGE('',*,*,#2446,.T.);
#3220=ORIENTED_EDGE('',*,*,#2447,.T.);
#3221=ORIENTED_EDGE('',*,*,#2448,.T.);
#3222=ORIENTED_EDGE('',*,*,#2443,.F.);
#3223=ORIENTED_EDGE('',*,*,#2449,.T.);
#3224=ORIENTED_EDGE('',*,*,#2450,.T.);
#3225=ORIENTED_EDGE('',*,*,#2451,.T.);
#3226=ORIENTED_EDGE('',*,*,#2447,.F.);
#3227=ORIENTED_EDGE('',*,*,#2452,.T.);
#3228=ORIENTED_EDGE('',*,*,#2450,.F.);
#3229=ORIENTED_EDGE('',*,*,#2453,.T.);
#3230=ORIENTED_EDGE('',*,*,#2454,.T.);
#3231=ORIENTED_EDGE('',*,*,#2455,.T.);
#3232=ORIENTED_EDGE('',*,*,#2454,.F.);
#3233=ORIENTED_EDGE('',*,*,#2456,.T.);
#3234=ORIENTED_EDGE('',*,*,#2457,.T.);
#3235=ORIENTED_EDGE('',*,*,#2458,.T.);
#3236=ORIENTED_EDGE('',*,*,#2457,.F.);
#3237=ORIENTED_EDGE('',*,*,#2459,.T.);
#3238=ORIENTED_EDGE('',*,*,#2460,.T.);
#3239=ORIENTED_EDGE('',*,*,#2461,.T.);
#3240=ORIENTED_EDGE('',*,*,#2460,.F.);
#3241=ORIENTED_EDGE('',*,*,#2462,.T.);
#3242=ORIENTED_EDGE('',*,*,#2463,.T.);
#3243=ORIENTED_EDGE('',*,*,#2464,.T.);
#3244=ORIENTED_EDGE('',*,*,#2463,.F.);
#3245=ORIENTED_EDGE('',*,*,#2465,.T.);
#3246=ORIENTED_EDGE('',*,*,#2445,.T.);
#3247=ORIENTED_EDGE('',*,*,#2458,.F.);
#3248=ORIENTED_EDGE('',*,*,#2466,.F.);
#3249=ORIENTED_EDGE('',*,*,#2348,.F.);
#3250=ORIENTED_EDGE('',*,*,#2467,.T.);
#3251=ORIENTED_EDGE('',*,*,#2461,.F.);
#3252=ORIENTED_EDGE('',*,*,#2468,.F.);
#3253=ORIENTED_EDGE('',*,*,#2349,.F.);
#3254=ORIENTED_EDGE('',*,*,#2466,.T.);
#3255=ORIENTED_EDGE('',*,*,#2464,.F.);
#3256=ORIENTED_EDGE('',*,*,#2469,.F.);
#3257=ORIENTED_EDGE('',*,*,#2350,.F.);
#3258=ORIENTED_EDGE('',*,*,#2468,.T.);
#3259=ORIENTED_EDGE('',*,*,#2444,.F.);
#3260=ORIENTED_EDGE('',*,*,#2470,.F.);
#3261=ORIENTED_EDGE('',*,*,#2351,.F.);
#3262=ORIENTED_EDGE('',*,*,#2469,.T.);
#3263=ORIENTED_EDGE('',*,*,#2442,.F.);
#3264=ORIENTED_EDGE('',*,*,#2465,.F.);
#3265=ORIENTED_EDGE('',*,*,#2462,.F.);
#3266=ORIENTED_EDGE('',*,*,#2459,.F.);
#3267=ORIENTED_EDGE('',*,*,#2456,.F.);
#3268=ORIENTED_EDGE('',*,*,#2453,.F.);
#3269=ORIENTED_EDGE('',*,*,#2449,.F.);
#3270=ORIENTED_EDGE('',*,*,#2446,.F.);
#3271=ORIENTED_EDGE('',*,*,#2471,.T.);
#3272=ORIENTED_EDGE('',*,*,#2472,.T.);
#3273=ORIENTED_EDGE('',*,*,#2473,.T.);
#3274=ORIENTED_EDGE('',*,*,#2474,.T.);
#3275=ORIENTED_EDGE('',*,*,#2475,.T.);
#3276=ORIENTED_EDGE('',*,*,#2476,.T.);
#3277=ORIENTED_EDGE('',*,*,#2477,.T.);
#3278=ORIENTED_EDGE('',*,*,#2478,.T.);
#3279=ORIENTED_EDGE('',*,*,#2479,.T.);
#3280=ORIENTED_EDGE('',*,*,#2480,.T.);
#3281=ORIENTED_EDGE('',*,*,#2481,.T.);
#3282=ORIENTED_EDGE('',*,*,#2482,.T.);
#3283=ORIENTED_EDGE('',*,*,#2471,.F.);
#3284=ORIENTED_EDGE('',*,*,#2483,.F.);
#3285=ORIENTED_EDGE('',*,*,#2484,.T.);
#3286=ORIENTED_EDGE('',*,*,#2485,.T.);
#3287=ORIENTED_EDGE('',*,*,#2472,.F.);
#3288=ORIENTED_EDGE('',*,*,#2485,.F.);
#3289=ORIENTED_EDGE('',*,*,#2486,.T.);
#3290=ORIENTED_EDGE('',*,*,#2487,.T.);
#3291=ORIENTED_EDGE('',*,*,#2473,.F.);
#3292=ORIENTED_EDGE('',*,*,#2487,.F.);
#3293=ORIENTED_EDGE('',*,*,#2488,.T.);
#3294=ORIENTED_EDGE('',*,*,#2489,.T.);
#3295=ORIENTED_EDGE('',*,*,#2474,.F.);
#3296=ORIENTED_EDGE('',*,*,#2489,.F.);
#3297=ORIENTED_EDGE('',*,*,#2490,.T.);
#3298=ORIENTED_EDGE('',*,*,#2491,.T.);
#3299=ORIENTED_EDGE('',*,*,#2475,.F.);
#3300=ORIENTED_EDGE('',*,*,#2491,.F.);
#3301=ORIENTED_EDGE('',*,*,#2492,.T.);
#3302=ORIENTED_EDGE('',*,*,#2493,.T.);
#3303=ORIENTED_EDGE('',*,*,#2476,.F.);
#3304=ORIENTED_EDGE('',*,*,#2493,.F.);
#3305=ORIENTED_EDGE('',*,*,#2494,.T.);
#3306=ORIENTED_EDGE('',*,*,#2495,.T.);
#3307=ORIENTED_EDGE('',*,*,#2477,.F.);
#3308=ORIENTED_EDGE('',*,*,#2495,.F.);
#3309=ORIENTED_EDGE('',*,*,#2496,.T.);
#3310=ORIENTED_EDGE('',*,*,#2497,.T.);
#3311=ORIENTED_EDGE('',*,*,#2478,.F.);
#3312=ORIENTED_EDGE('',*,*,#2497,.F.);
#3313=ORIENTED_EDGE('',*,*,#2498,.T.);
#3314=ORIENTED_EDGE('',*,*,#2499,.T.);
#3315=ORIENTED_EDGE('',*,*,#2479,.F.);
#3316=ORIENTED_EDGE('',*,*,#2499,.F.);
#3317=ORIENTED_EDGE('',*,*,#2500,.T.);
#3318=ORIENTED_EDGE('',*,*,#2501,.T.);
#3319=ORIENTED_EDGE('',*,*,#2480,.F.);
#3320=ORIENTED_EDGE('',*,*,#2501,.F.);
#3321=ORIENTED_EDGE('',*,*,#2502,.T.);
#3322=ORIENTED_EDGE('',*,*,#2503,.T.);
#3323=ORIENTED_EDGE('',*,*,#2481,.F.);
#3324=ORIENTED_EDGE('',*,*,#2503,.F.);
#3325=ORIENTED_EDGE('',*,*,#2504,.T.);
#3326=ORIENTED_EDGE('',*,*,#2505,.T.);
#3327=ORIENTED_EDGE('',*,*,#2482,.F.);
#3328=ORIENTED_EDGE('',*,*,#2505,.F.);
#3329=ORIENTED_EDGE('',*,*,#2506,.T.);
#3330=ORIENTED_EDGE('',*,*,#2483,.T.);
#3331=ORIENTED_EDGE('',*,*,#2452,.F.);
#3332=ORIENTED_EDGE('',*,*,#2507,.F.);
#3333=ORIENTED_EDGE('',*,*,#2346,.F.);
#3334=ORIENTED_EDGE('',*,*,#2508,.T.);
#3335=ORIENTED_EDGE('',*,*,#2455,.F.);
#3336=ORIENTED_EDGE('',*,*,#2467,.F.);
#3337=ORIENTED_EDGE('',*,*,#2347,.F.);
#3338=ORIENTED_EDGE('',*,*,#2507,.T.);
#3339=ORIENTED_EDGE('',*,*,#2448,.F.);
#3340=ORIENTED_EDGE('',*,*,#2509,.F.);
#3341=ORIENTED_EDGE('',*,*,#2352,.F.);
#3342=ORIENTED_EDGE('',*,*,#2470,.T.);
#3343=ORIENTED_EDGE('',*,*,#2451,.F.);
#3344=ORIENTED_EDGE('',*,*,#2508,.F.);
#3345=ORIENTED_EDGE('',*,*,#2353,.F.);
#3346=ORIENTED_EDGE('',*,*,#2509,.T.);
#3347=ORIENTED_EDGE('',*,*,#2510,.F.);
#3348=ORIENTED_EDGE('',*,*,#2511,.F.);
#3349=ORIENTED_EDGE('',*,*,#2492,.F.);
#3350=ORIENTED_EDGE('',*,*,#2512,.T.);
#3351=ORIENTED_EDGE('',*,*,#2513,.F.);
#3352=ORIENTED_EDGE('',*,*,#2512,.F.);
#3353=ORIENTED_EDGE('',*,*,#2490,.F.);
#3354=ORIENTED_EDGE('',*,*,#2514,.T.);
#3355=ORIENTED_EDGE('',*,*,#2515,.F.);
#3356=ORIENTED_EDGE('',*,*,#2514,.F.);
#3357=ORIENTED_EDGE('',*,*,#2488,.F.);
#3358=ORIENTED_EDGE('',*,*,#2516,.T.);
#3359=ORIENTED_EDGE('',*,*,#2517,.F.);
#3360=ORIENTED_EDGE('',*,*,#2516,.F.);
#3361=ORIENTED_EDGE('',*,*,#2486,.F.);
#3362=ORIENTED_EDGE('',*,*,#2518,.T.);
#3363=ORIENTED_EDGE('',*,*,#2519,.F.);
#3364=ORIENTED_EDGE('',*,*,#2518,.F.);
#3365=ORIENTED_EDGE('',*,*,#2484,.F.);
#3366=ORIENTED_EDGE('',*,*,#2520,.T.);
#3367=ORIENTED_EDGE('',*,*,#2521,.F.);
#3368=ORIENTED_EDGE('',*,*,#2520,.F.);
#3369=ORIENTED_EDGE('',*,*,#2506,.F.);
#3370=ORIENTED_EDGE('',*,*,#2522,.T.);
#3371=ORIENTED_EDGE('',*,*,#2523,.F.);
#3372=ORIENTED_EDGE('',*,*,#2522,.F.);
#3373=ORIENTED_EDGE('',*,*,#2504,.F.);
#3374=ORIENTED_EDGE('',*,*,#2524,.T.);
#3375=ORIENTED_EDGE('',*,*,#2525,.F.);
#3376=ORIENTED_EDGE('',*,*,#2524,.F.);
#3377=ORIENTED_EDGE('',*,*,#2502,.F.);
#3378=ORIENTED_EDGE('',*,*,#2526,.T.);
#3379=ORIENTED_EDGE('',*,*,#2527,.F.);
#3380=ORIENTED_EDGE('',*,*,#2526,.F.);
#3381=ORIENTED_EDGE('',*,*,#2500,.F.);
#3382=ORIENTED_EDGE('',*,*,#2528,.T.);
#3383=ORIENTED_EDGE('',*,*,#2529,.F.);
#3384=ORIENTED_EDGE('',*,*,#2528,.F.);
#3385=ORIENTED_EDGE('',*,*,#2498,.F.);
#3386=ORIENTED_EDGE('',*,*,#2530,.T.);
#3387=ORIENTED_EDGE('',*,*,#2531,.F.);
#3388=ORIENTED_EDGE('',*,*,#2530,.F.);
#3389=ORIENTED_EDGE('',*,*,#2496,.F.);
#3390=ORIENTED_EDGE('',*,*,#2532,.T.);
#3391=ORIENTED_EDGE('',*,*,#2533,.F.);
#3392=ORIENTED_EDGE('',*,*,#2532,.F.);
#3393=ORIENTED_EDGE('',*,*,#2494,.F.);
#3394=ORIENTED_EDGE('',*,*,#2511,.T.);
#3395=ORIENTED_EDGE('',*,*,#2534,.F.);
#3396=ORIENTED_EDGE('',*,*,#2535,.T.);
#3397=ORIENTED_EDGE('',*,*,#2536,.F.);
#3398=ORIENTED_EDGE('',*,*,#2537,.F.);
#3399=ORIENTED_EDGE('',*,*,#2538,.F.);
#3400=ORIENTED_EDGE('',*,*,#2539,.T.);
#3401=ORIENTED_EDGE('',*,*,#2540,.F.);
#3402=ORIENTED_EDGE('',*,*,#2541,.F.);
#3403=ORIENTED_EDGE('',*,*,#2542,.F.);
#3404=ORIENTED_EDGE('',*,*,#2543,.T.);
#3405=ORIENTED_EDGE('',*,*,#2544,.F.);
#3406=ORIENTED_EDGE('',*,*,#2545,.F.);
#3407=ORIENTED_EDGE('',*,*,#2546,.F.);
#3408=ORIENTED_EDGE('',*,*,#2547,.T.);
#3409=ORIENTED_EDGE('',*,*,#2548,.F.);
#3410=ORIENTED_EDGE('',*,*,#2549,.F.);
#3411=ORIENTED_EDGE('',*,*,#2550,.F.);
#3412=ORIENTED_EDGE('',*,*,#2551,.T.);
#3413=ORIENTED_EDGE('',*,*,#2552,.F.);
#3414=ORIENTED_EDGE('',*,*,#2553,.F.);
#3415=ORIENTED_EDGE('',*,*,#2554,.F.);
#3416=ORIENTED_EDGE('',*,*,#2555,.T.);
#3417=ORIENTED_EDGE('',*,*,#2556,.F.);
#3418=ORIENTED_EDGE('',*,*,#2557,.F.);
#3419=ORIENTED_EDGE('',*,*,#2558,.F.);
#3420=ORIENTED_EDGE('',*,*,#2425,.T.);
#3421=ORIENTED_EDGE('',*,*,#2559,.F.);
#3422=ORIENTED_EDGE('',*,*,#2440,.F.);
#3423=ORIENTED_EDGE('',*,*,#2560,.F.);
#3424=ORIENTED_EDGE('',*,*,#2437,.T.);
#3425=ORIENTED_EDGE('',*,*,#2561,.F.);
#3426=ORIENTED_EDGE('',*,*,#2422,.F.);
#3427=ORIENTED_EDGE('',*,*,#2561,.T.);
#3428=ORIENTED_EDGE('',*,*,#2436,.T.);
#3429=ORIENTED_EDGE('',*,*,#2430,.T.);
#3430=ORIENTED_EDGE('',*,*,#2441,.T.);
#3431=ORIENTED_EDGE('',*,*,#2559,.T.);
#3432=ORIENTED_EDGE('',*,*,#2424,.T.);
#3433=ORIENTED_EDGE('',*,*,#2415,.T.);
#3434=ORIENTED_EDGE('',*,*,#2423,.T.);
#3435=ORIENTED_EDGE('',*,*,#2562,.T.);
#3436=ORIENTED_EDGE('',*,*,#2556,.T.);
#3437=ORIENTED_EDGE('',*,*,#2563,.T.);
#3438=ORIENTED_EDGE('',*,*,#2552,.T.);
#3439=ORIENTED_EDGE('',*,*,#2564,.T.);
#3440=ORIENTED_EDGE('',*,*,#2565,.T.);
#3441=ORIENTED_EDGE('',*,*,#2548,.T.);
#3442=ORIENTED_EDGE('',*,*,#2566,.T.);
#3443=ORIENTED_EDGE('',*,*,#2567,.T.);
#3444=ORIENTED_EDGE('',*,*,#2544,.T.);
#3445=ORIENTED_EDGE('',*,*,#2568,.T.);
#3446=ORIENTED_EDGE('',*,*,#2540,.T.);
#3447=ORIENTED_EDGE('',*,*,#2569,.T.);
#3448=ORIENTED_EDGE('',*,*,#2570,.T.);
#3449=ORIENTED_EDGE('',*,*,#2536,.T.);
#3450=ORIENTED_EDGE('',*,*,#2571,.T.);
#3451=ORIENTED_EDGE('',*,*,#2550,.T.);
#3452=ORIENTED_EDGE('',*,*,#2572,.T.);
#3453=ORIENTED_EDGE('',*,*,#2573,.T.);
#3454=ORIENTED_EDGE('',*,*,#2574,.T.);
#3455=ORIENTED_EDGE('',*,*,#2554,.T.);
#3456=ORIENTED_EDGE('',*,*,#2575,.T.);
#3457=ORIENTED_EDGE('',*,*,#2576,.T.);
#3458=ORIENTED_EDGE('',*,*,#2577,.T.);
#3459=ORIENTED_EDGE('',*,*,#2538,.T.);
#3460=ORIENTED_EDGE('',*,*,#2542,.T.);
#3461=ORIENTED_EDGE('',*,*,#2578,.T.);
#3462=ORIENTED_EDGE('',*,*,#2579,.T.);
#3463=ORIENTED_EDGE('',*,*,#2546,.T.);
#3464=ORIENTED_EDGE('',*,*,#2580,.T.);
#3465=ORIENTED_EDGE('',*,*,#2581,.T.);
#3466=ORIENTED_EDGE('',*,*,#2582,.T.);
#3467=ORIENTED_EDGE('',*,*,#2583,.T.);
#3468=ORIENTED_EDGE('',*,*,#2584,.T.);
#3469=ORIENTED_EDGE('',*,*,#2585,.T.);
#3470=ORIENTED_EDGE('',*,*,#2586,.T.);
#3471=ORIENTED_EDGE('',*,*,#2534,.T.);
#3472=ORIENTED_EDGE('',*,*,#2587,.T.);
#3473=ORIENTED_EDGE('',*,*,#2588,.T.);
#3474=ORIENTED_EDGE('',*,*,#2589,.T.);
#3475=ORIENTED_EDGE('',*,*,#2590,.T.);
#3476=ORIENTED_EDGE('',*,*,#2591,.T.);
#3477=ORIENTED_EDGE('',*,*,#2592,.T.);
#3478=ORIENTED_EDGE('',*,*,#2593,.T.);
#3479=ORIENTED_EDGE('',*,*,#2523,.T.);
#3480=ORIENTED_EDGE('',*,*,#2525,.T.);
#3481=ORIENTED_EDGE('',*,*,#2527,.T.);
#3482=ORIENTED_EDGE('',*,*,#2529,.T.);
#3483=ORIENTED_EDGE('',*,*,#2531,.T.);
#3484=ORIENTED_EDGE('',*,*,#2533,.T.);
#3485=ORIENTED_EDGE('',*,*,#2510,.T.);
#3486=ORIENTED_EDGE('',*,*,#2513,.T.);
#3487=ORIENTED_EDGE('',*,*,#2515,.T.);
#3488=ORIENTED_EDGE('',*,*,#2517,.T.);
#3489=ORIENTED_EDGE('',*,*,#2519,.T.);
#3490=ORIENTED_EDGE('',*,*,#2521,.T.);
#3491=ORIENTED_EDGE('',*,*,#2334,.F.);
#3492=ORIENTED_EDGE('',*,*,#2594,.F.);
#3493=ORIENTED_EDGE('',*,*,#2408,.F.);
#3494=ORIENTED_EDGE('',*,*,#2340,.F.);
#3495=ORIENTED_EDGE('',*,*,#2333,.F.);
#3496=ORIENTED_EDGE('',*,*,#2339,.T.);
#3497=ORIENTED_EDGE('',*,*,#2402,.F.);
#3498=ORIENTED_EDGE('',*,*,#2405,.T.);
#3499=ORIENTED_EDGE('',*,*,#2411,.F.);
#3500=ORIENTED_EDGE('',*,*,#2409,.T.);
#3501=ORIENTED_EDGE('',*,*,#2406,.F.);
#3502=ORIENTED_EDGE('',*,*,#2594,.T.);
#3503=ORIENTED_EDGE('',*,*,#2421,.T.);
#3504=ORIENTED_EDGE('',*,*,#2419,.T.);
#3505=ORIENTED_EDGE('',*,*,#2426,.T.);
#3506=ORIENTED_EDGE('',*,*,#2558,.T.);
#3507=ORIENTED_EDGE('',*,*,#2439,.T.);
#3508=ORIENTED_EDGE('',*,*,#2433,.T.);
#3509=ORIENTED_EDGE('',*,*,#2438,.T.);
#3510=ORIENTED_EDGE('',*,*,#2560,.T.);
#3511=ORIENTED_EDGE('',*,*,#2595,.T.);
#3512=ORIENTED_EDGE('',*,*,#2596,.T.);
#3513=ORIENTED_EDGE('',*,*,#2390,.F.);
#3514=ORIENTED_EDGE('',*,*,#2597,.F.);
#3515=ORIENTED_EDGE('',*,*,#2598,.F.);
#3516=ORIENTED_EDGE('',*,*,#2597,.T.);
#3517=ORIENTED_EDGE('',*,*,#2401,.F.);
#3518=ORIENTED_EDGE('',*,*,#2599,.F.);
#3519=ORIENTED_EDGE('',*,*,#2600,.T.);
#3520=ORIENTED_EDGE('',*,*,#2599,.T.);
#3521=ORIENTED_EDGE('',*,*,#2400,.F.);
#3522=ORIENTED_EDGE('',*,*,#2601,.F.);
#3523=ORIENTED_EDGE('',*,*,#2602,.F.);
#3524=ORIENTED_EDGE('',*,*,#2601,.T.);
#3525=ORIENTED_EDGE('',*,*,#2399,.F.);
#3526=ORIENTED_EDGE('',*,*,#2603,.F.);
#3527=ORIENTED_EDGE('',*,*,#2604,.T.);
#3528=ORIENTED_EDGE('',*,*,#2603,.T.);
#3529=ORIENTED_EDGE('',*,*,#2398,.F.);
#3530=ORIENTED_EDGE('',*,*,#2605,.F.);
#3531=ORIENTED_EDGE('',*,*,#2606,.F.);
#3532=ORIENTED_EDGE('',*,*,#2605,.T.);
#3533=ORIENTED_EDGE('',*,*,#2397,.F.);
#3534=ORIENTED_EDGE('',*,*,#2607,.F.);
#3535=ORIENTED_EDGE('',*,*,#2608,.T.);
#3536=ORIENTED_EDGE('',*,*,#2607,.T.);
#3537=ORIENTED_EDGE('',*,*,#2396,.F.);
#3538=ORIENTED_EDGE('',*,*,#2609,.F.);
#3539=ORIENTED_EDGE('',*,*,#2610,.F.);
#3540=ORIENTED_EDGE('',*,*,#2609,.T.);
#3541=ORIENTED_EDGE('',*,*,#2395,.F.);
#3542=ORIENTED_EDGE('',*,*,#2611,.F.);
#3543=ORIENTED_EDGE('',*,*,#2612,.T.);
#3544=ORIENTED_EDGE('',*,*,#2611,.T.);
#3545=ORIENTED_EDGE('',*,*,#2394,.F.);
#3546=ORIENTED_EDGE('',*,*,#2613,.F.);
#3547=ORIENTED_EDGE('',*,*,#2614,.F.);
#3548=ORIENTED_EDGE('',*,*,#2613,.T.);
#3549=ORIENTED_EDGE('',*,*,#2393,.F.);
#3550=ORIENTED_EDGE('',*,*,#2615,.F.);
#3551=ORIENTED_EDGE('',*,*,#2616,.T.);
#3552=ORIENTED_EDGE('',*,*,#2615,.T.);
#3553=ORIENTED_EDGE('',*,*,#2392,.F.);
#3554=ORIENTED_EDGE('',*,*,#2617,.F.);
#3555=ORIENTED_EDGE('',*,*,#2618,.F.);
#3556=ORIENTED_EDGE('',*,*,#2617,.T.);
#3557=ORIENTED_EDGE('',*,*,#2391,.F.);
#3558=ORIENTED_EDGE('',*,*,#2596,.F.);
#3559=ORIENTED_EDGE('',*,*,#2619,.F.);
#3560=ORIENTED_EDGE('',*,*,#2620,.F.);
#3561=ORIENTED_EDGE('',*,*,#2616,.F.);
#3562=ORIENTED_EDGE('',*,*,#2621,.F.);
#3563=ORIENTED_EDGE('',*,*,#2622,.F.);
#3564=ORIENTED_EDGE('',*,*,#2623,.F.);
#3565=ORIENTED_EDGE('',*,*,#2595,.F.);
#3566=ORIENTED_EDGE('',*,*,#2624,.F.);
#3567=ORIENTED_EDGE('',*,*,#2625,.F.);
#3568=ORIENTED_EDGE('',*,*,#2626,.F.);
#3569=ORIENTED_EDGE('',*,*,#2600,.F.);
#3570=ORIENTED_EDGE('',*,*,#2627,.F.);
#3571=ORIENTED_EDGE('',*,*,#2628,.F.);
#3572=ORIENTED_EDGE('',*,*,#2629,.F.);
#3573=ORIENTED_EDGE('',*,*,#2612,.F.);
#3574=ORIENTED_EDGE('',*,*,#2630,.F.);
#3575=ORIENTED_EDGE('',*,*,#2631,.F.);
#3576=ORIENTED_EDGE('',*,*,#2632,.F.);
#3577=ORIENTED_EDGE('',*,*,#2608,.F.);
#3578=ORIENTED_EDGE('',*,*,#2633,.F.);
#3579=ORIENTED_EDGE('',*,*,#2634,.F.);
#3580=ORIENTED_EDGE('',*,*,#2635,.F.);
#3581=ORIENTED_EDGE('',*,*,#2604,.F.);
#3582=ORIENTED_EDGE('',*,*,#2636,.F.);
#3583=ORIENTED_EDGE('',*,*,#2637,.T.);
#3584=ORIENTED_EDGE('',*,*,#2634,.T.);
#3585=ORIENTED_EDGE('',*,*,#2638,.T.);
#3586=ORIENTED_EDGE('',*,*,#2631,.T.);
#3587=ORIENTED_EDGE('',*,*,#2639,.T.);
#3588=ORIENTED_EDGE('',*,*,#2628,.T.);
#3589=ORIENTED_EDGE('',*,*,#2640,.T.);
#3590=ORIENTED_EDGE('',*,*,#2619,.T.);
#3591=ORIENTED_EDGE('',*,*,#2641,.T.);
#3592=ORIENTED_EDGE('',*,*,#2622,.T.);
#3593=ORIENTED_EDGE('',*,*,#2642,.T.);
#3594=ORIENTED_EDGE('',*,*,#2625,.T.);
#3595=ORIENTED_EDGE('',*,*,#2618,.T.);
#3596=ORIENTED_EDGE('',*,*,#2623,.T.);
#3597=ORIENTED_EDGE('',*,*,#2641,.F.);
#3598=ORIENTED_EDGE('',*,*,#2621,.T.);
#3599=ORIENTED_EDGE('',*,*,#2640,.F.);
#3600=ORIENTED_EDGE('',*,*,#2630,.T.);
#3601=ORIENTED_EDGE('',*,*,#2614,.T.);
#3602=ORIENTED_EDGE('',*,*,#2620,.T.);
#3603=ORIENTED_EDGE('',*,*,#2639,.F.);
#3604=ORIENTED_EDGE('',*,*,#2633,.T.);
#3605=ORIENTED_EDGE('',*,*,#2610,.T.);
#3606=ORIENTED_EDGE('',*,*,#2629,.T.);
#3607=ORIENTED_EDGE('',*,*,#2638,.F.);
#3608=ORIENTED_EDGE('',*,*,#2636,.T.);
#3609=ORIENTED_EDGE('',*,*,#2606,.T.);
#3610=ORIENTED_EDGE('',*,*,#2632,.T.);
#3611=ORIENTED_EDGE('',*,*,#2602,.T.);
#3612=ORIENTED_EDGE('',*,*,#2635,.T.);
#3613=ORIENTED_EDGE('',*,*,#2637,.F.);
#3614=ORIENTED_EDGE('',*,*,#2627,.T.);
#3615=ORIENTED_EDGE('',*,*,#2598,.T.);
#3616=ORIENTED_EDGE('',*,*,#2626,.T.);
#3617=ORIENTED_EDGE('',*,*,#2642,.F.);
#3618=ORIENTED_EDGE('',*,*,#2624,.T.);
#3619=ORIENTED_EDGE('',*,*,#2643,.T.);
#3620=ORIENTED_EDGE('',*,*,#2644,.T.);
#3621=ORIENTED_EDGE('',*,*,#2378,.F.);
#3622=ORIENTED_EDGE('',*,*,#2645,.F.);
#3623=ORIENTED_EDGE('',*,*,#2646,.F.);
#3624=ORIENTED_EDGE('',*,*,#2645,.T.);
#3625=ORIENTED_EDGE('',*,*,#2389,.F.);
#3626=ORIENTED_EDGE('',*,*,#2647,.F.);
#3627=ORIENTED_EDGE('',*,*,#2648,.T.);
#3628=ORIENTED_EDGE('',*,*,#2647,.T.);
#3629=ORIENTED_EDGE('',*,*,#2388,.F.);
#3630=ORIENTED_EDGE('',*,*,#2649,.F.);
#3631=ORIENTED_EDGE('',*,*,#2650,.F.);
#3632=ORIENTED_EDGE('',*,*,#2649,.T.);
#3633=ORIENTED_EDGE('',*,*,#2387,.F.);
#3634=ORIENTED_EDGE('',*,*,#2651,.F.);
#3635=ORIENTED_EDGE('',*,*,#2652,.T.);
#3636=ORIENTED_EDGE('',*,*,#2651,.T.);
#3637=ORIENTED_EDGE('',*,*,#2386,.F.);
#3638=ORIENTED_EDGE('',*,*,#2653,.F.);
#3639=ORIENTED_EDGE('',*,*,#2654,.F.);
#3640=ORIENTED_EDGE('',*,*,#2653,.T.);
#3641=ORIENTED_EDGE('',*,*,#2385,.F.);
#3642=ORIENTED_EDGE('',*,*,#2655,.F.);
#3643=ORIENTED_EDGE('',*,*,#2656,.T.);
#3644=ORIENTED_EDGE('',*,*,#2655,.T.);
#3645=ORIENTED_EDGE('',*,*,#2384,.F.);
#3646=ORIENTED_EDGE('',*,*,#2657,.F.);
#3647=ORIENTED_EDGE('',*,*,#2658,.F.);
#3648=ORIENTED_EDGE('',*,*,#2657,.T.);
#3649=ORIENTED_EDGE('',*,*,#2383,.F.);
#3650=ORIENTED_EDGE('',*,*,#2659,.F.);
#3651=ORIENTED_EDGE('',*,*,#2660,.T.);
#3652=ORIENTED_EDGE('',*,*,#2659,.T.);
#3653=ORIENTED_EDGE('',*,*,#2382,.F.);
#3654=ORIENTED_EDGE('',*,*,#2661,.F.);
#3655=ORIENTED_EDGE('',*,*,#2662,.F.);
#3656=ORIENTED_EDGE('',*,*,#2661,.T.);
#3657=ORIENTED_EDGE('',*,*,#2381,.F.);
#3658=ORIENTED_EDGE('',*,*,#2663,.F.);
#3659=ORIENTED_EDGE('',*,*,#2664,.T.);
#3660=ORIENTED_EDGE('',*,*,#2663,.T.);
#3661=ORIENTED_EDGE('',*,*,#2380,.F.);
#3662=ORIENTED_EDGE('',*,*,#2665,.F.);
#3663=ORIENTED_EDGE('',*,*,#2666,.F.);
#3664=ORIENTED_EDGE('',*,*,#2665,.T.);
#3665=ORIENTED_EDGE('',*,*,#2379,.F.);
#3666=ORIENTED_EDGE('',*,*,#2644,.F.);
#3667=ORIENTED_EDGE('',*,*,#2667,.F.);
#3668=ORIENTED_EDGE('',*,*,#2668,.F.);
#3669=ORIENTED_EDGE('',*,*,#2664,.F.);
#3670=ORIENTED_EDGE('',*,*,#2669,.F.);
#3671=ORIENTED_EDGE('',*,*,#2670,.F.);
#3672=ORIENTED_EDGE('',*,*,#2671,.F.);
#3673=ORIENTED_EDGE('',*,*,#2643,.F.);
#3674=ORIENTED_EDGE('',*,*,#2672,.F.);
#3675=ORIENTED_EDGE('',*,*,#2673,.F.);
#3676=ORIENTED_EDGE('',*,*,#2674,.F.);
#3677=ORIENTED_EDGE('',*,*,#2648,.F.);
#3678=ORIENTED_EDGE('',*,*,#2675,.F.);
#3679=ORIENTED_EDGE('',*,*,#2676,.F.);
#3680=ORIENTED_EDGE('',*,*,#2677,.F.);
#3681=ORIENTED_EDGE('',*,*,#2660,.F.);
#3682=ORIENTED_EDGE('',*,*,#2678,.F.);
#3683=ORIENTED_EDGE('',*,*,#2679,.F.);
#3684=ORIENTED_EDGE('',*,*,#2680,.F.);
#3685=ORIENTED_EDGE('',*,*,#2656,.F.);
#3686=ORIENTED_EDGE('',*,*,#2681,.F.);
#3687=ORIENTED_EDGE('',*,*,#2682,.F.);
#3688=ORIENTED_EDGE('',*,*,#2683,.F.);
#3689=ORIENTED_EDGE('',*,*,#2652,.F.);
#3690=ORIENTED_EDGE('',*,*,#2684,.F.);
#3691=ORIENTED_EDGE('',*,*,#2685,.T.);
#3692=ORIENTED_EDGE('',*,*,#2682,.T.);
#3693=ORIENTED_EDGE('',*,*,#2686,.T.);
#3694=ORIENTED_EDGE('',*,*,#2679,.T.);
#3695=ORIENTED_EDGE('',*,*,#2687,.T.);
#3696=ORIENTED_EDGE('',*,*,#2676,.T.);
#3697=ORIENTED_EDGE('',*,*,#2688,.T.);
#3698=ORIENTED_EDGE('',*,*,#2667,.T.);
#3699=ORIENTED_EDGE('',*,*,#2689,.T.);
#3700=ORIENTED_EDGE('',*,*,#2670,.T.);
#3701=ORIENTED_EDGE('',*,*,#2690,.T.);
#3702=ORIENTED_EDGE('',*,*,#2673,.T.);
#3703=ORIENTED_EDGE('',*,*,#2666,.T.);
#3704=ORIENTED_EDGE('',*,*,#2671,.T.);
#3705=ORIENTED_EDGE('',*,*,#2689,.F.);
#3706=ORIENTED_EDGE('',*,*,#2669,.T.);
#3707=ORIENTED_EDGE('',*,*,#2688,.F.);
#3708=ORIENTED_EDGE('',*,*,#2678,.T.);
#3709=ORIENTED_EDGE('',*,*,#2662,.T.);
#3710=ORIENTED_EDGE('',*,*,#2668,.T.);
#3711=ORIENTED_EDGE('',*,*,#2687,.F.);
#3712=ORIENTED_EDGE('',*,*,#2681,.T.);
#3713=ORIENTED_EDGE('',*,*,#2658,.T.);
#3714=ORIENTED_EDGE('',*,*,#2677,.T.);
#3715=ORIENTED_EDGE('',*,*,#2686,.F.);
#3716=ORIENTED_EDGE('',*,*,#2684,.T.);
#3717=ORIENTED_EDGE('',*,*,#2654,.T.);
#3718=ORIENTED_EDGE('',*,*,#2680,.T.);
#3719=ORIENTED_EDGE('',*,*,#2650,.T.);
#3720=ORIENTED_EDGE('',*,*,#2683,.T.);
#3721=ORIENTED_EDGE('',*,*,#2685,.F.);
#3722=ORIENTED_EDGE('',*,*,#2675,.T.);
#3723=ORIENTED_EDGE('',*,*,#2646,.T.);
#3724=ORIENTED_EDGE('',*,*,#2674,.T.);
#3725=ORIENTED_EDGE('',*,*,#2690,.F.);
#3726=ORIENTED_EDGE('',*,*,#2672,.T.);
#3727=ORIENTED_EDGE('',*,*,#2691,.T.);
#3728=ORIENTED_EDGE('',*,*,#2692,.T.);
#3729=ORIENTED_EDGE('',*,*,#2366,.F.);
#3730=ORIENTED_EDGE('',*,*,#2693,.F.);
#3731=ORIENTED_EDGE('',*,*,#2694,.F.);
#3732=ORIENTED_EDGE('',*,*,#2693,.T.);
#3733=ORIENTED_EDGE('',*,*,#2377,.F.);
#3734=ORIENTED_EDGE('',*,*,#2695,.F.);
#3735=ORIENTED_EDGE('',*,*,#2696,.T.);
#3736=ORIENTED_EDGE('',*,*,#2695,.T.);
#3737=ORIENTED_EDGE('',*,*,#2376,.F.);
#3738=ORIENTED_EDGE('',*,*,#2697,.F.);
#3739=ORIENTED_EDGE('',*,*,#2698,.F.);
#3740=ORIENTED_EDGE('',*,*,#2697,.T.);
#3741=ORIENTED_EDGE('',*,*,#2375,.F.);
#3742=ORIENTED_EDGE('',*,*,#2699,.F.);
#3743=ORIENTED_EDGE('',*,*,#2700,.T.);
#3744=ORIENTED_EDGE('',*,*,#2699,.T.);
#3745=ORIENTED_EDGE('',*,*,#2374,.F.);
#3746=ORIENTED_EDGE('',*,*,#2701,.F.);
#3747=ORIENTED_EDGE('',*,*,#2702,.F.);
#3748=ORIENTED_EDGE('',*,*,#2701,.T.);
#3749=ORIENTED_EDGE('',*,*,#2373,.F.);
#3750=ORIENTED_EDGE('',*,*,#2703,.F.);
#3751=ORIENTED_EDGE('',*,*,#2704,.T.);
#3752=ORIENTED_EDGE('',*,*,#2703,.T.);
#3753=ORIENTED_EDGE('',*,*,#2372,.F.);
#3754=ORIENTED_EDGE('',*,*,#2705,.F.);
#3755=ORIENTED_EDGE('',*,*,#2706,.F.);
#3756=ORIENTED_EDGE('',*,*,#2705,.T.);
#3757=ORIENTED_EDGE('',*,*,#2371,.F.);
#3758=ORIENTED_EDGE('',*,*,#2707,.F.);
#3759=ORIENTED_EDGE('',*,*,#2708,.T.);
#3760=ORIENTED_EDGE('',*,*,#2707,.T.);
#3761=ORIENTED_EDGE('',*,*,#2370,.F.);
#3762=ORIENTED_EDGE('',*,*,#2709,.F.);
#3763=ORIENTED_EDGE('',*,*,#2710,.F.);
#3764=ORIENTED_EDGE('',*,*,#2709,.T.);
#3765=ORIENTED_EDGE('',*,*,#2369,.F.);
#3766=ORIENTED_EDGE('',*,*,#2711,.F.);
#3767=ORIENTED_EDGE('',*,*,#2712,.T.);
#3768=ORIENTED_EDGE('',*,*,#2711,.T.);
#3769=ORIENTED_EDGE('',*,*,#2368,.F.);
#3770=ORIENTED_EDGE('',*,*,#2713,.F.);
#3771=ORIENTED_EDGE('',*,*,#2714,.F.);
#3772=ORIENTED_EDGE('',*,*,#2713,.T.);
#3773=ORIENTED_EDGE('',*,*,#2367,.F.);
#3774=ORIENTED_EDGE('',*,*,#2692,.F.);
#3775=ORIENTED_EDGE('',*,*,#2694,.T.);
#3776=ORIENTED_EDGE('',*,*,#2715,.T.);
#3777=ORIENTED_EDGE('',*,*,#2716,.F.);
#3778=ORIENTED_EDGE('',*,*,#2717,.T.);
#3779=ORIENTED_EDGE('',*,*,#2698,.T.);
#3780=ORIENTED_EDGE('',*,*,#2718,.T.);
#3781=ORIENTED_EDGE('',*,*,#2719,.F.);
#3782=ORIENTED_EDGE('',*,*,#2720,.T.);
#3783=ORIENTED_EDGE('',*,*,#2721,.F.);
#3784=ORIENTED_EDGE('',*,*,#2722,.T.);
#3785=ORIENTED_EDGE('',*,*,#2702,.T.);
#3786=ORIENTED_EDGE('',*,*,#2723,.T.);
#3787=ORIENTED_EDGE('',*,*,#2724,.F.);
#3788=ORIENTED_EDGE('',*,*,#2725,.T.);
#3789=ORIENTED_EDGE('',*,*,#2706,.T.);
#3790=ORIENTED_EDGE('',*,*,#2726,.T.);
#3791=ORIENTED_EDGE('',*,*,#2727,.F.);
#3792=ORIENTED_EDGE('',*,*,#2728,.T.);
#3793=ORIENTED_EDGE('',*,*,#2710,.T.);
#3794=ORIENTED_EDGE('',*,*,#2729,.T.);
#3795=ORIENTED_EDGE('',*,*,#2714,.T.);
#3796=ORIENTED_EDGE('',*,*,#2730,.T.);
#3797=ORIENTED_EDGE('',*,*,#2731,.F.);
#3798=ORIENTED_EDGE('',*,*,#2732,.T.);
#3799=ORIENTED_EDGE('',*,*,#2719,.T.);
#3800=ORIENTED_EDGE('',*,*,#2733,.T.);
#3801=ORIENTED_EDGE('',*,*,#2721,.T.);
#3802=ORIENTED_EDGE('',*,*,#2734,.T.);
#3803=ORIENTED_EDGE('',*,*,#2724,.T.);
#3804=ORIENTED_EDGE('',*,*,#2735,.T.);
#3805=ORIENTED_EDGE('',*,*,#2727,.T.);
#3806=ORIENTED_EDGE('',*,*,#2736,.T.);
#3807=ORIENTED_EDGE('',*,*,#2731,.T.);
#3808=ORIENTED_EDGE('',*,*,#2737,.T.);
#3809=ORIENTED_EDGE('',*,*,#2716,.T.);
#3810=ORIENTED_EDGE('',*,*,#2738,.T.);
#3811=ORIENTED_EDGE('',*,*,#2739,.F.);
#3812=ORIENTED_EDGE('',*,*,#2740,.T.);
#3813=ORIENTED_EDGE('',*,*,#2741,.F.);
#3814=ORIENTED_EDGE('',*,*,#2742,.T.);
#3815=ORIENTED_EDGE('',*,*,#2743,.T.);
#3816=ORIENTED_EDGE('',*,*,#2744,.F.);
#3817=ORIENTED_EDGE('',*,*,#2745,.T.);
#3818=ORIENTED_EDGE('',*,*,#2746,.T.);
#3819=ORIENTED_EDGE('',*,*,#2747,.F.);
#3820=ORIENTED_EDGE('',*,*,#2748,.T.);
#3821=ORIENTED_EDGE('',*,*,#2749,.F.);
#3822=ORIENTED_EDGE('',*,*,#2739,.T.);
#3823=ORIENTED_EDGE('',*,*,#2750,.T.);
#3824=ORIENTED_EDGE('',*,*,#2583,.F.);
#3825=ORIENTED_EDGE('',*,*,#2751,.F.);
#3826=ORIENTED_EDGE('',*,*,#2747,.T.);
#3827=ORIENTED_EDGE('',*,*,#2752,.T.);
#3828=ORIENTED_EDGE('',*,*,#2585,.F.);
#3829=ORIENTED_EDGE('',*,*,#2744,.T.);
#3830=ORIENTED_EDGE('',*,*,#2753,.T.);
#3831=ORIENTED_EDGE('',*,*,#2572,.F.);
#3832=ORIENTED_EDGE('',*,*,#2553,.T.);
#3833=ORIENTED_EDGE('',*,*,#2563,.F.);
#3834=ORIENTED_EDGE('',*,*,#2555,.F.);
#3835=ORIENTED_EDGE('',*,*,#2574,.F.);
#3836=ORIENTED_EDGE('',*,*,#2754,.T.);
#3837=ORIENTED_EDGE('',*,*,#2755,.F.);
#3838=ORIENTED_EDGE('',*,*,#2741,.T.);
#3839=ORIENTED_EDGE('',*,*,#2756,.T.);
#3840=ORIENTED_EDGE('',*,*,#2581,.F.);
#3841=ORIENTED_EDGE('',*,*,#2755,.T.);
#3842=ORIENTED_EDGE('',*,*,#2580,.F.);
#3843=ORIENTED_EDGE('',*,*,#2549,.T.);
#3844=ORIENTED_EDGE('',*,*,#2565,.F.);
#3845=ORIENTED_EDGE('',*,*,#2757,.F.);
#3846=ORIENTED_EDGE('',*,*,#2742,.F.);
#3847=ORIENTED_EDGE('',*,*,#2753,.F.);
#3848=ORIENTED_EDGE('',*,*,#2743,.F.);
#3849=ORIENTED_EDGE('',*,*,#2757,.T.);
#3850=ORIENTED_EDGE('',*,*,#2564,.F.);
#3851=ORIENTED_EDGE('',*,*,#2551,.F.);
#3852=ORIENTED_EDGE('',*,*,#2573,.F.);
#3853=ORIENTED_EDGE('',*,*,#2756,.F.);
#3854=ORIENTED_EDGE('',*,*,#2740,.F.);
#3855=ORIENTED_EDGE('',*,*,#2749,.T.);
#3856=ORIENTED_EDGE('',*,*,#2582,.F.);
#3857=ORIENTED_EDGE('',*,*,#2750,.F.);
#3858=ORIENTED_EDGE('',*,*,#2748,.F.);
#3859=ORIENTED_EDGE('',*,*,#2751,.T.);
#3860=ORIENTED_EDGE('',*,*,#2584,.F.);
#3861=ORIENTED_EDGE('',*,*,#2754,.F.);
#3862=ORIENTED_EDGE('',*,*,#2575,.F.);
#3863=ORIENTED_EDGE('',*,*,#2557,.T.);
#3864=ORIENTED_EDGE('',*,*,#2562,.F.);
#3865=ORIENTED_EDGE('',*,*,#2758,.F.);
#3866=ORIENTED_EDGE('',*,*,#2745,.F.);
#3867=ORIENTED_EDGE('',*,*,#2752,.F.);
#3868=ORIENTED_EDGE('',*,*,#2746,.F.);
#3869=ORIENTED_EDGE('',*,*,#2758,.T.);
#3870=ORIENTED_EDGE('',*,*,#2571,.F.);
#3871=ORIENTED_EDGE('',*,*,#2535,.F.);
#3872=ORIENTED_EDGE('',*,*,#2586,.F.);
#3873=ORIENTED_EDGE('',*,*,#2733,.F.);
#3874=ORIENTED_EDGE('',*,*,#2718,.F.);
#3875=ORIENTED_EDGE('',*,*,#2700,.F.);
#3876=ORIENTED_EDGE('',*,*,#2722,.F.);
#3877=ORIENTED_EDGE('',*,*,#2734,.F.);
#3878=ORIENTED_EDGE('',*,*,#2723,.F.);
#3879=ORIENTED_EDGE('',*,*,#2704,.F.);
#3880=ORIENTED_EDGE('',*,*,#2725,.F.);
#3881=ORIENTED_EDGE('',*,*,#2735,.F.);
#3882=ORIENTED_EDGE('',*,*,#2726,.F.);
#3883=ORIENTED_EDGE('',*,*,#2708,.F.);
#3884=ORIENTED_EDGE('',*,*,#2728,.F.);
#3885=ORIENTED_EDGE('',*,*,#2738,.F.);
#3886=ORIENTED_EDGE('',*,*,#2715,.F.);
#3887=ORIENTED_EDGE('',*,*,#2696,.F.);
#3888=ORIENTED_EDGE('',*,*,#2720,.F.);
#3889=ORIENTED_EDGE('',*,*,#2737,.F.);
#3890=ORIENTED_EDGE('',*,*,#2730,.F.);
#3891=ORIENTED_EDGE('',*,*,#2691,.F.);
#3892=ORIENTED_EDGE('',*,*,#2717,.F.);
#3893=ORIENTED_EDGE('',*,*,#2736,.F.);
#3894=ORIENTED_EDGE('',*,*,#2729,.F.);
#3895=ORIENTED_EDGE('',*,*,#2712,.F.);
#3896=ORIENTED_EDGE('',*,*,#2732,.F.);
#3897=ORIENTED_EDGE('',*,*,#2759,.T.);
#3898=ORIENTED_EDGE('',*,*,#2760,.T.);
#3899=ORIENTED_EDGE('',*,*,#2354,.F.);
#3900=ORIENTED_EDGE('',*,*,#2761,.F.);
#3901=ORIENTED_EDGE('',*,*,#2762,.F.);
#3902=ORIENTED_EDGE('',*,*,#2761,.T.);
#3903=ORIENTED_EDGE('',*,*,#2365,.F.);
#3904=ORIENTED_EDGE('',*,*,#2763,.F.);
#3905=ORIENTED_EDGE('',*,*,#2764,.T.);
#3906=ORIENTED_EDGE('',*,*,#2763,.T.);
#3907=ORIENTED_EDGE('',*,*,#2364,.F.);
#3908=ORIENTED_EDGE('',*,*,#2765,.F.);
#3909=ORIENTED_EDGE('',*,*,#2766,.F.);
#3910=ORIENTED_EDGE('',*,*,#2765,.T.);
#3911=ORIENTED_EDGE('',*,*,#2363,.F.);
#3912=ORIENTED_EDGE('',*,*,#2767,.F.);
#3913=ORIENTED_EDGE('',*,*,#2768,.T.);
#3914=ORIENTED_EDGE('',*,*,#2767,.T.);
#3915=ORIENTED_EDGE('',*,*,#2362,.F.);
#3916=ORIENTED_EDGE('',*,*,#2769,.F.);
#3917=ORIENTED_EDGE('',*,*,#2770,.F.);
#3918=ORIENTED_EDGE('',*,*,#2769,.T.);
#3919=ORIENTED_EDGE('',*,*,#2361,.F.);
#3920=ORIENTED_EDGE('',*,*,#2771,.F.);
#3921=ORIENTED_EDGE('',*,*,#2772,.T.);
#3922=ORIENTED_EDGE('',*,*,#2771,.T.);
#3923=ORIENTED_EDGE('',*,*,#2360,.F.);
#3924=ORIENTED_EDGE('',*,*,#2773,.F.);
#3925=ORIENTED_EDGE('',*,*,#2774,.F.);
#3926=ORIENTED_EDGE('',*,*,#2773,.T.);
#3927=ORIENTED_EDGE('',*,*,#2359,.F.);
#3928=ORIENTED_EDGE('',*,*,#2775,.F.);
#3929=ORIENTED_EDGE('',*,*,#2776,.T.);
#3930=ORIENTED_EDGE('',*,*,#2775,.T.);
#3931=ORIENTED_EDGE('',*,*,#2358,.F.);
#3932=ORIENTED_EDGE('',*,*,#2777,.F.);
#3933=ORIENTED_EDGE('',*,*,#2778,.F.);
#3934=ORIENTED_EDGE('',*,*,#2777,.T.);
#3935=ORIENTED_EDGE('',*,*,#2357,.F.);
#3936=ORIENTED_EDGE('',*,*,#2779,.F.);
#3937=ORIENTED_EDGE('',*,*,#2780,.T.);
#3938=ORIENTED_EDGE('',*,*,#2779,.T.);
#3939=ORIENTED_EDGE('',*,*,#2356,.F.);
#3940=ORIENTED_EDGE('',*,*,#2781,.F.);
#3941=ORIENTED_EDGE('',*,*,#2782,.F.);
#3942=ORIENTED_EDGE('',*,*,#2781,.T.);
#3943=ORIENTED_EDGE('',*,*,#2355,.F.);
#3944=ORIENTED_EDGE('',*,*,#2760,.F.);
#3945=ORIENTED_EDGE('',*,*,#2762,.T.);
#3946=ORIENTED_EDGE('',*,*,#2783,.T.);
#3947=ORIENTED_EDGE('',*,*,#2784,.F.);
#3948=ORIENTED_EDGE('',*,*,#2785,.T.);
#3949=ORIENTED_EDGE('',*,*,#2766,.T.);
#3950=ORIENTED_EDGE('',*,*,#2786,.T.);
#3951=ORIENTED_EDGE('',*,*,#2787,.F.);
#3952=ORIENTED_EDGE('',*,*,#2788,.T.);
#3953=ORIENTED_EDGE('',*,*,#2789,.F.);
#3954=ORIENTED_EDGE('',*,*,#2790,.T.);
#3955=ORIENTED_EDGE('',*,*,#2770,.T.);
#3956=ORIENTED_EDGE('',*,*,#2791,.T.);
#3957=ORIENTED_EDGE('',*,*,#2792,.F.);
#3958=ORIENTED_EDGE('',*,*,#2793,.T.);
#3959=ORIENTED_EDGE('',*,*,#2774,.T.);
#3960=ORIENTED_EDGE('',*,*,#2794,.T.);
#3961=ORIENTED_EDGE('',*,*,#2795,.F.);
#3962=ORIENTED_EDGE('',*,*,#2796,.T.);
#3963=ORIENTED_EDGE('',*,*,#2778,.T.);
#3964=ORIENTED_EDGE('',*,*,#2797,.T.);
#3965=ORIENTED_EDGE('',*,*,#2782,.T.);
#3966=ORIENTED_EDGE('',*,*,#2798,.T.);
#3967=ORIENTED_EDGE('',*,*,#2799,.F.);
#3968=ORIENTED_EDGE('',*,*,#2800,.T.);
#3969=ORIENTED_EDGE('',*,*,#2787,.T.);
#3970=ORIENTED_EDGE('',*,*,#2801,.T.);
#3971=ORIENTED_EDGE('',*,*,#2789,.T.);
#3972=ORIENTED_EDGE('',*,*,#2802,.T.);
#3973=ORIENTED_EDGE('',*,*,#2792,.T.);
#3974=ORIENTED_EDGE('',*,*,#2803,.T.);
#3975=ORIENTED_EDGE('',*,*,#2795,.T.);
#3976=ORIENTED_EDGE('',*,*,#2804,.T.);
#3977=ORIENTED_EDGE('',*,*,#2799,.T.);
#3978=ORIENTED_EDGE('',*,*,#2805,.T.);
#3979=ORIENTED_EDGE('',*,*,#2784,.T.);
#3980=ORIENTED_EDGE('',*,*,#2806,.T.);
#3981=ORIENTED_EDGE('',*,*,#2807,.F.);
#3982=ORIENTED_EDGE('',*,*,#2808,.T.);
#3983=ORIENTED_EDGE('',*,*,#2809,.F.);
#3984=ORIENTED_EDGE('',*,*,#2810,.T.);
#3985=ORIENTED_EDGE('',*,*,#2811,.T.);
#3986=ORIENTED_EDGE('',*,*,#2812,.F.);
#3987=ORIENTED_EDGE('',*,*,#2813,.T.);
#3988=ORIENTED_EDGE('',*,*,#2814,.T.);
#3989=ORIENTED_EDGE('',*,*,#2815,.F.);
#3990=ORIENTED_EDGE('',*,*,#2816,.T.);
#3991=ORIENTED_EDGE('',*,*,#2817,.F.);
#3992=ORIENTED_EDGE('',*,*,#2807,.T.);
#3993=ORIENTED_EDGE('',*,*,#2818,.T.);
#3994=ORIENTED_EDGE('',*,*,#2590,.F.);
#3995=ORIENTED_EDGE('',*,*,#2819,.F.);
#3996=ORIENTED_EDGE('',*,*,#2815,.T.);
#3997=ORIENTED_EDGE('',*,*,#2820,.T.);
#3998=ORIENTED_EDGE('',*,*,#2592,.F.);
#3999=ORIENTED_EDGE('',*,*,#2812,.T.);
#4000=ORIENTED_EDGE('',*,*,#2821,.T.);
#4001=ORIENTED_EDGE('',*,*,#2576,.F.);
#4002=ORIENTED_EDGE('',*,*,#2541,.T.);
#4003=ORIENTED_EDGE('',*,*,#2568,.F.);
#4004=ORIENTED_EDGE('',*,*,#2543,.F.);
#4005=ORIENTED_EDGE('',*,*,#2579,.F.);
#4006=ORIENTED_EDGE('',*,*,#2822,.T.);
#4007=ORIENTED_EDGE('',*,*,#2823,.F.);
#4008=ORIENTED_EDGE('',*,*,#2809,.T.);
#4009=ORIENTED_EDGE('',*,*,#2824,.T.);
#4010=ORIENTED_EDGE('',*,*,#2588,.F.);
#4011=ORIENTED_EDGE('',*,*,#2823,.T.);
#4012=ORIENTED_EDGE('',*,*,#2587,.F.);
#4013=ORIENTED_EDGE('',*,*,#2537,.T.);
#4014=ORIENTED_EDGE('',*,*,#2570,.F.);
#4015=ORIENTED_EDGE('',*,*,#2825,.F.);
#4016=ORIENTED_EDGE('',*,*,#2810,.F.);
#4017=ORIENTED_EDGE('',*,*,#2821,.F.);
#4018=ORIENTED_EDGE('',*,*,#2811,.F.);
#4019=ORIENTED_EDGE('',*,*,#2825,.T.);
#4020=ORIENTED_EDGE('',*,*,#2569,.F.);
#4021=ORIENTED_EDGE('',*,*,#2539,.F.);
#4022=ORIENTED_EDGE('',*,*,#2577,.F.);
#4023=ORIENTED_EDGE('',*,*,#2824,.F.);
#4024=ORIENTED_EDGE('',*,*,#2808,.F.);
#4025=ORIENTED_EDGE('',*,*,#2817,.T.);
#4026=ORIENTED_EDGE('',*,*,#2589,.F.);
#4027=ORIENTED_EDGE('',*,*,#2818,.F.);
#4028=ORIENTED_EDGE('',*,*,#2816,.F.);
#4029=ORIENTED_EDGE('',*,*,#2819,.T.);
#4030=ORIENTED_EDGE('',*,*,#2591,.F.);
#4031=ORIENTED_EDGE('',*,*,#2822,.F.);
#4032=ORIENTED_EDGE('',*,*,#2578,.F.);
#4033=ORIENTED_EDGE('',*,*,#2545,.T.);
#4034=ORIENTED_EDGE('',*,*,#2567,.F.);
#4035=ORIENTED_EDGE('',*,*,#2826,.F.);
#4036=ORIENTED_EDGE('',*,*,#2813,.F.);
#4037=ORIENTED_EDGE('',*,*,#2820,.F.);
#4038=ORIENTED_EDGE('',*,*,#2814,.F.);
#4039=ORIENTED_EDGE('',*,*,#2826,.T.);
#4040=ORIENTED_EDGE('',*,*,#2566,.F.);
#4041=ORIENTED_EDGE('',*,*,#2547,.F.);
#4042=ORIENTED_EDGE('',*,*,#2593,.F.);
#4043=ORIENTED_EDGE('',*,*,#2801,.F.);
#4044=ORIENTED_EDGE('',*,*,#2786,.F.);
#4045=ORIENTED_EDGE('',*,*,#2768,.F.);
#4046=ORIENTED_EDGE('',*,*,#2790,.F.);
#4047=ORIENTED_EDGE('',*,*,#2802,.F.);
#4048=ORIENTED_EDGE('',*,*,#2791,.F.);
#4049=ORIENTED_EDGE('',*,*,#2772,.F.);
#4050=ORIENTED_EDGE('',*,*,#2793,.F.);
#4051=ORIENTED_EDGE('',*,*,#2803,.F.);
#4052=ORIENTED_EDGE('',*,*,#2794,.F.);
#4053=ORIENTED_EDGE('',*,*,#2776,.F.);
#4054=ORIENTED_EDGE('',*,*,#2796,.F.);
#4055=ORIENTED_EDGE('',*,*,#2806,.F.);
#4056=ORIENTED_EDGE('',*,*,#2783,.F.);
#4057=ORIENTED_EDGE('',*,*,#2764,.F.);
#4058=ORIENTED_EDGE('',*,*,#2788,.F.);
#4059=ORIENTED_EDGE('',*,*,#2805,.F.);
#4060=ORIENTED_EDGE('',*,*,#2798,.F.);
#4061=ORIENTED_EDGE('',*,*,#2759,.F.);
#4062=ORIENTED_EDGE('',*,*,#2785,.F.);
#4063=ORIENTED_EDGE('',*,*,#2804,.F.);
#4064=ORIENTED_EDGE('',*,*,#2797,.F.);
#4065=ORIENTED_EDGE('',*,*,#2780,.F.);
#4066=ORIENTED_EDGE('',*,*,#2800,.F.);
#4067=B_SPLINE_SURFACE_WITH_KNOTS('',3,3,((#5888,#5889,#5890,#5891,#5892,
#5893),(#5894,#5895,#5896,#5897,#5898,#5899),(#5900,#5901,#5902,#5903,#5904,
#5905),(#5906,#5907,#5908,#5909,#5910,#5911),(#5912,#5913,#5914,#5915,#5916,
#5917),(#5918,#5919,#5920,#5921,#5922,#5923)),.UNSPECIFIED.,.F.,.F.,.F.,
(4,1,1,4),(4,1,1,4),(0.,0.333333333333333,0.666666666666667,1.),(0.,0.333333333333333,
0.666666666666667,1.),.UNSPECIFIED.);
#4068=B_SPLINE_SURFACE_WITH_KNOTS('',3,3,((#5942,#5943,#5944,#5945,#5946,
#5947),(#5948,#5949,#5950,#5951,#5952,#5953),(#5954,#5955,#5956,#5957,#5958,
#5959),(#5960,#5961,#5962,#5963,#5964,#5965),(#5966,#5967,#5968,#5969,#5970,
#5971),(#5972,#5973,#5974,#5975,#5976,#5977)),.UNSPECIFIED.,.F.,.F.,.F.,
(4,1,1,4),(4,1,1,4),(0.,0.333333333333333,0.666666666666667,1.),(0.,0.333333333333333,
0.666666666666667,1.),.UNSPECIFIED.);
#4069=B_SPLINE_SURFACE_WITH_KNOTS('',3,3,((#5988,#5989,#5990,#5991,#5992,
#5993),(#5994,#5995,#5996,#5997,#5998,#5999),(#6000,#6001,#6002,#6003,#6004,
#6005),(#6006,#6007,#6008,#6009,#6010,#6011),(#6012,#6013,#6014,#6015,#6016,
#6017),(#6018,#6019,#6020,#6021,#6022,#6023)),.UNSPECIFIED.,.F.,.F.,.F.,
(4,1,1,4),(4,1,1,4),(0.,0.333333333333333,0.666666666666667,1.),(0.,0.333333333333333,
0.666666666666667,1.),.UNSPECIFIED.);
#4070=B_SPLINE_SURFACE_WITH_KNOTS('',3,3,((#6034,#6035,#6036,#6037,#6038,
#6039),(#6040,#6041,#6042,#6043,#6044,#6045),(#6046,#6047,#6048,#6049,#6050,
#6051),(#6052,#6053,#6054,#6055,#6056,#6057),(#6058,#6059,#6060,#6061,#6062,
#6063),(#6064,#6065,#6066,#6067,#6068,#6069)),.UNSPECIFIED.,.F.,.F.,.F.,
(4,1,1,4),(4,1,1,4),(0.,0.333333333333333,0.666666666666667,1.),(0.,0.333333333333333,
0.666666666666667,1.),.UNSPECIFIED.);
#4071=B_SPLINE_SURFACE_WITH_KNOTS('',3,3,((#6080,#6081,#6082,#6083,#6084,
#6085),(#6086,#6087,#6088,#6089,#6090,#6091),(#6092,#6093,#6094,#6095,#6096,
#6097),(#6098,#6099,#6100,#6101,#6102,#6103),(#6104,#6105,#6106,#6107,#6108,
#6109),(#6110,#6111,#6112,#6113,#6114,#6115)),.UNSPECIFIED.,.F.,.F.,.F.,
(4,1,1,4),(4,1,1,4),(0.,0.333333333333333,0.666666666666667,1.),(0.,0.333333333333333,
0.666666666666667,1.),.UNSPECIFIED.);
#4072=B_SPLINE_SURFACE_WITH_KNOTS('',3,3,((#6126,#6127,#6128,#6129,#6130,
#6131),(#6132,#6133,#6134,#6135,#6136,#6137),(#6138,#6139,#6140,#6141,#6142,
#6143),(#6144,#6145,#6146,#6147,#6148,#6149),(#6150,#6151,#6152,#6153,#6154,
#6155),(#6156,#6157,#6158,#6159,#6160,#6161)),.UNSPECIFIED.,.F.,.F.,.F.,
(4,1,1,4),(4,1,1,4),(0.,0.333333333333333,0.666666666666667,1.),(0.,0.333333333333333,
0.666666666666667,1.),.UNSPECIFIED.);
#4073=B_SPLINE_SURFACE_WITH_KNOTS('',3,3,((#6180,#6181,#6182,#6183,#6184,
#6185),(#6186,#6187,#6188,#6189,#6190,#6191),(#6192,#6193,#6194,#6195,#6196,
#6197),(#6198,#6199,#6200,#6201,#6202,#6203),(#6204,#6205,#6206,#6207,#6208,
#6209),(#6210,#6211,#6212,#6213,#6214,#6215)),.UNSPECIFIED.,.F.,.F.,.F.,
(4,1,1,4),(4,1,1,4),(0.,0.333333333333333,0.666666666666667,1.),(0.,0.333333333333333,
0.666666666666667,1.),.UNSPECIFIED.);
#4074=B_SPLINE_SURFACE_WITH_KNOTS('',3,3,((#6226,#6227,#6228,#6229,#6230,
#6231),(#6232,#6233,#6234,#6235,#6236,#6237),(#6238,#6239,#6240,#6241,#6242,
#6243),(#6244,#6245,#6246,#6247,#6248,#6249),(#6250,#6251,#6252,#6253,#6254,
#6255),(#6256,#6257,#6258,#6259,#6260,#6261)),.UNSPECIFIED.,.F.,.F.,.F.,
(4,1,1,4),(4,1,1,4),(0.,0.333333333333333,0.666666666666667,1.),(0.,0.333333333333333,
0.666666666666667,1.),.UNSPECIFIED.);
#4075=B_SPLINE_SURFACE_WITH_KNOTS('',3,3,((#6272,#6273,#6274,#6275,#6276,
#6277),(#6278,#6279,#6280,#6281,#6282,#6283),(#6284,#6285,#6286,#6287,#6288,
#6289),(#6290,#6291,#6292,#6293,#6294,#6295),(#6296,#6297,#6298,#6299,#6300,
#6301),(#6302,#6303,#6304,#6305,#6306,#6307)),.UNSPECIFIED.,.F.,.F.,.F.,
(4,1,1,4),(4,1,1,4),(0.,0.333333333333333,0.666666666666667,1.),(0.,0.333333333333333,
0.666666666666667,1.),.UNSPECIFIED.);
#4076=B_SPLINE_SURFACE_WITH_KNOTS('',3,3,((#6318,#6319,#6320,#6321,#6322,
#6323),(#6324,#6325,#6326,#6327,#6328,#6329),(#6330,#6331,#6332,#6333,#6334,
#6335),(#6336,#6337,#6338,#6339,#6340,#6341),(#6342,#6343,#6344,#6345,#6346,
#6347),(#6348,#6349,#6350,#6351,#6352,#6353)),.UNSPECIFIED.,.F.,.F.,.F.,
(4,1,1,4),(4,1,1,4),(0.,0.333333333333333,0.666666666666667,1.),(0.,0.333333333333333,
0.666666666666667,1.),.UNSPECIFIED.);
#4077=B_SPLINE_SURFACE_WITH_KNOTS('',3,3,((#6364,#6365,#6366,#6367,#6368,
#6369),(#6370,#6371,#6372,#6373,#6374,#6375),(#6376,#6377,#6378,#6379,#6380,
#6381),(#6382,#6383,#6384,#6385,#6386,#6387),(#6388,#6389,#6390,#6391,#6392,
#6393),(#6394,#6395,#6396,#6397,#6398,#6399)),.UNSPECIFIED.,.F.,.F.,.F.,
(4,1,1,4),(4,1,1,4),(0.,0.333333333333333,0.666666666666667,1.),(0.,0.333333333333333,
0.666666666666667,1.),.UNSPECIFIED.);
#4078=B_SPLINE_SURFACE_WITH_KNOTS('',3,3,((#6418,#6419,#6420,#6421,#6422,
#6423),(#6424,#6425,#6426,#6427,#6428,#6429),(#6430,#6431,#6432,#6433,#6434,
#6435),(#6436,#6437,#6438,#6439,#6440,#6441),(#6442,#6443,#6444,#6445,#6446,
#6447),(#6448,#6449,#6450,#6451,#6452,#6453)),.UNSPECIFIED.,.F.,.F.,.F.,
(4,1,1,4),(4,1,1,4),(0.,0.333333333333333,0.666666666666667,1.),(0.,0.333333333333333,
0.666666666666667,1.),.UNSPECIFIED.);
#4079=B_SPLINE_SURFACE_WITH_KNOTS('',3,3,((#6464,#6465,#6466,#6467,#6468,
#6469),(#6470,#6471,#6472,#6473,#6474,#6475),(#6476,#6477,#6478,#6479,#6480,
#6481),(#6482,#6483,#6484,#6485,#6486,#6487),(#6488,#6489,#6490,#6491,#6492,
#6493),(#6494,#6495,#6496,#6497,#6498,#6499)),.UNSPECIFIED.,.F.,.F.,.F.,
(4,1,1,4),(4,1,1,4),(0.,0.333333333333333,0.666666666666667,1.),(0.,0.333333333333333,
0.666666666666667,1.),.UNSPECIFIED.);
#4080=B_SPLINE_SURFACE_WITH_KNOTS('',3,3,((#6510,#6511,#6512,#6513,#6514,
#6515),(#6516,#6517,#6518,#6519,#6520,#6521),(#6522,#6523,#6524,#6525,#6526,
#6527),(#6528,#6529,#6530,#6531,#6532,#6533),(#6534,#6535,#6536,#6537,#6538,
#6539),(#6540,#6541,#6542,#6543,#6544,#6545)),.UNSPECIFIED.,.F.,.F.,.F.,
(4,1,1,4),(4,1,1,4),(0.,0.333333333333333,0.666666666666667,1.),(0.,0.333333333333333,
0.666666666666667,1.),.UNSPECIFIED.);
#4081=B_SPLINE_SURFACE_WITH_KNOTS('',3,3,((#6556,#6557,#6558,#6559,#6560,
#6561),(#6562,#6563,#6564,#6565,#6566,#6567),(#6568,#6569,#6570,#6571,#6572,
#6573),(#6574,#6575,#6576,#6577,#6578,#6579),(#6580,#6581,#6582,#6583,#6584,
#6585),(#6586,#6587,#6588,#6589,#6590,#6591)),.UNSPECIFIED.,.F.,.F.,.F.,
(4,1,1,4),(4,1,1,4),(0.,0.333333333333333,0.666666666666667,1.),(0.,0.333333333333333,
0.666666666666667,1.),.UNSPECIFIED.);
#4082=B_SPLINE_SURFACE_WITH_KNOTS('',3,3,((#6602,#6603,#6604,#6605,#6606,
#6607),(#6608,#6609,#6610,#6611,#6612,#6613),(#6614,#6615,#6616,#6617,#6618,
#6619),(#6620,#6621,#6622,#6623,#6624,#6625),(#6626,#6627,#6628,#6629,#6630,
#6631),(#6632,#6633,#6634,#6635,#6636,#6637)),.UNSPECIFIED.,.F.,.F.,.F.,
(4,1,1,4),(4,1,1,4),(0.,0.333333333333333,0.666666666666667,1.),(0.,0.333333333333333,
0.666666666666667,1.),.UNSPECIFIED.);
#4083=B_SPLINE_SURFACE_WITH_KNOTS('',3,3,((#6656,#6657,#6658,#6659,#6660,
#6661),(#6662,#6663,#6664,#6665,#6666,#6667),(#6668,#6669,#6670,#6671,#6672,
#6673),(#6674,#6675,#6676,#6677,#6678,#6679),(#6680,#6681,#6682,#6683,#6684,
#6685),(#6686,#6687,#6688,#6689,#6690,#6691)),.UNSPECIFIED.,.F.,.F.,.F.,
(4,1,1,4),(4,1,1,4),(0.,0.333333333333333,0.666666666666667,1.),(0.,0.333333333333333,
0.666666666666667,1.),.UNSPECIFIED.);
#4084=B_SPLINE_SURFACE_WITH_KNOTS('',3,3,((#6702,#6703,#6704,#6705,#6706,
#6707),(#6708,#6709,#6710,#6711,#6712,#6713),(#6714,#6715,#6716,#6717,#6718,
#6719),(#6720,#6721,#6722,#6723,#6724,#6725),(#6726,#6727,#6728,#6729,#6730,
#6731),(#6732,#6733,#6734,#6735,#6736,#6737)),.UNSPECIFIED.,.F.,.F.,.F.,
(4,1,1,4),(4,1,1,4),(0.,0.333333333333333,0.666666666666667,1.),(0.,0.333333333333333,
0.666666666666667,1.),.UNSPECIFIED.);
#4085=B_SPLINE_SURFACE_WITH_KNOTS('',3,3,((#6748,#6749,#6750,#6751,#6752,
#6753),(#6754,#6755,#6756,#6757,#6758,#6759),(#6760,#6761,#6762,#6763,#6764,
#6765),(#6766,#6767,#6768,#6769,#6770,#6771),(#6772,#6773,#6774,#6775,#6776,
#6777),(#6778,#6779,#6780,#6781,#6782,#6783)),.UNSPECIFIED.,.F.,.F.,.F.,
(4,1,1,4),(4,1,1,4),(0.,0.333333333333333,0.666666666666667,1.),(0.,0.333333333333333,
0.666666666666667,1.),.UNSPECIFIED.);
#4086=B_SPLINE_SURFACE_WITH_KNOTS('',3,3,((#6794,#6795,#6796,#6797,#6798,
#6799),(#6800,#6801,#6802,#6803,#6804,#6805),(#6806,#6807,#6808,#6809,#6810,
#6811),(#6812,#6813,#6814,#6815,#6816,#6817),(#6818,#6819,#6820,#6821,#6822,
#6823),(#6824,#6825,#6826,#6827,#6828,#6829)),.UNSPECIFIED.,.F.,.F.,.F.,
(4,1,1,4),(4,1,1,4),(0.,0.333333333333333,0.666666666666667,1.),(0.,0.333333333333333,
0.666666666666667,1.),.UNSPECIFIED.);
#4087=B_SPLINE_SURFACE_WITH_KNOTS('',3,3,((#6840,#6841,#6842,#6843,#6844,
#6845),(#6846,#6847,#6848,#6849,#6850,#6851),(#6852,#6853,#6854,#6855,#6856,
#6857),(#6858,#6859,#6860,#6861,#6862,#6863),(#6864,#6865,#6866,#6867,#6868,
#6869),(#6870,#6871,#6872,#6873,#6874,#6875)),.UNSPECIFIED.,.F.,.F.,.F.,
(4,1,1,4),(4,1,1,4),(0.,0.333333333333333,0.666666666666667,1.),(0.,0.333333333333333,
0.666666666666667,1.),.UNSPECIFIED.);
#4088=B_SPLINE_SURFACE_WITH_KNOTS('',3,3,((#6885,#6886,#6887,#6888,#6889,
#6890),(#6891,#6892,#6893,#6894,#6895,#6896),(#6897,#6898,#6899,#6900,#6901,
#6902),(#6903,#6904,#6905,#6906,#6907,#6908),(#6909,#6910,#6911,#6912,#6913,
#6914),(#6915,#6916,#6917,#6918,#6919,#6920)),.UNSPECIFIED.,.F.,.F.,.F.,
(4,1,1,4),(4,1,1,4),(0.,0.333333333333333,0.666666666666667,1.),(0.,0.333333333333333,
0.666666666666667,1.),.UNSPECIFIED.);
#4089=B_SPLINE_SURFACE_WITH_KNOTS('',3,3,((#6930,#6931,#6932,#6933,#6934,
#6935),(#6936,#6937,#6938,#6939,#6940,#6941),(#6942,#6943,#6944,#6945,#6946,
#6947),(#6948,#6949,#6950,#6951,#6952,#6953),(#6954,#6955,#6956,#6957,#6958,
#6959),(#6960,#6961,#6962,#6963,#6964,#6965)),.UNSPECIFIED.,.F.,.F.,.F.,
(4,1,1,4),(4,1,1,4),(0.,0.333333333333333,0.666666666666667,1.),(0.,0.333333333333333,
0.666666666666667,1.),.UNSPECIFIED.);
#4090=B_SPLINE_SURFACE_WITH_KNOTS('',3,3,((#6978,#6979,#6980,#6981,#6982,
#6983),(#6984,#6985,#6986,#6987,#6988,#6989),(#6990,#6991,#6992,#6993,#6994,
#6995),(#6996,#6997,#6998,#6999,#7000,#7001),(#7002,#7003,#7004,#7005,#7006,
#7007),(#7008,#7009,#7010,#7011,#7012,#7013)),.UNSPECIFIED.,.F.,.F.,.F.,
(4,1,1,4),(4,1,1,4),(0.,0.333333333333333,0.666666666666667,1.),(0.,0.333333333333333,
0.666666666666667,1.),.UNSPECIFIED.);
#4091=ADVANCED_FACE('',(#1197),#4067,.T.);
#4092=ADVANCED_FACE('',(#1198),#4068,.T.);
#4093=ADVANCED_FACE('',(#1199),#4069,.T.);
#4094=ADVANCED_FACE('',(#1200),#4070,.T.);
#4095=ADVANCED_FACE('',(#1201),#4071,.T.);
#4096=ADVANCED_FACE('',(#1202),#4072,.T.);
#4097=ADVANCED_FACE('',(#1203),#4073,.T.);
#4098=ADVANCED_FACE('',(#1204),#4074,.T.);
#4099=ADVANCED_FACE('',(#1205),#4075,.T.);
#4100=ADVANCED_FACE('',(#1206),#4076,.T.);
#4101=ADVANCED_FACE('',(#1207),#4077,.T.);
#4102=ADVANCED_FACE('',(#1208),#4078,.T.);
#4103=ADVANCED_FACE('',(#1209),#4079,.T.);
#4104=ADVANCED_FACE('',(#1210),#4080,.T.);
#4105=ADVANCED_FACE('',(#1211),#4081,.T.);
#4106=ADVANCED_FACE('',(#1212),#4082,.T.);
#4107=ADVANCED_FACE('',(#1213),#4083,.T.);
#4108=ADVANCED_FACE('',(#1214),#4084,.T.);
#4109=ADVANCED_FACE('',(#1215),#4085,.T.);
#4110=ADVANCED_FACE('',(#1216),#4086,.T.);
#4111=ADVANCED_FACE('',(#1217),#4087,.T.);
#4112=ADVANCED_FACE('',(#1218),#1149,.T.);
#4113=ADVANCED_FACE('',(#1219),#4088,.T.);
#4114=ADVANCED_FACE('',(#1220),#1150,.T.);
#4115=ADVANCED_FACE('',(#1221),#4089,.T.);
#4116=ADVANCED_FACE('',(#1222),#1151,.T.);
#4117=ADVANCED_FACE('',(#1223),#1152,.T.);
#4118=ADVANCED_FACE('',(#1224),#4090,.T.);
#4119=ADVANCED_FACE('',(#1225),#1153,.T.);
#4120=ADVANCED_FACE('',(#1226),#1154,.T.);
#4121=ADVANCED_FACE('',(#1227),#1155,.T.);
#4122=ADVANCED_FACE('',(#1228),#1156,.T.);
#4123=ADVANCED_FACE('',(#1229),#133,.T.);
#4124=ADVANCED_FACE('',(#1230),#134,.T.);
#4125=ADVANCED_FACE('',(#1231,#119),#135,.T.);
#4126=ADVANCED_FACE('',(#1232),#136,.T.);
#4127=ADVANCED_FACE('',(#1233),#137,.F.);
#4128=ADVANCED_FACE('',(#1234),#138,.F.);
#4129=ADVANCED_FACE('',(#1235),#139,.F.);
#4130=ADVANCED_FACE('',(#1236),#140,.F.);
#4131=ADVANCED_FACE('',(#1237),#141,.F.);
#4132=ADVANCED_FACE('',(#1238),#142,.T.);
#4133=ADVANCED_FACE('',(#1239),#143,.T.);
#4134=ADVANCED_FACE('',(#1240),#144,.T.);
#4135=ADVANCED_FACE('',(#1241),#145,.T.);
#4136=ADVANCED_FACE('',(#1242),#146,.T.);
#4137=ADVANCED_FACE('',(#1243,#120),#147,.T.);
#4138=ADVANCED_FACE('',(#1244),#148,.T.);
#4139=ADVANCED_FACE('',(#1245,#121),#149,.T.);
#4140=ADVANCED_FACE('',(#1246),#150,.T.);
#4141=ADVANCED_FACE('',(#1247),#151,.T.);
#4142=ADVANCED_FACE('',(#1248),#1157,.T.);
#4143=ADVANCED_FACE('',(#1249),#152,.T.);
#4144=ADVANCED_FACE('',(#1250,#122,#123,#124,#125,#126),#153,.F.);
#4145=ADVANCED_FACE('',(#1251),#1158,.T.);
#4146=ADVANCED_FACE('',(#1252),#154,.T.);
#4147=ADVANCED_FACE('',(#1253),#1159,.T.);
#4148=ADVANCED_FACE('',(#1254),#155,.T.);
#4149=ADVANCED_FACE('',(#1255),#1160,.T.);
#4150=ADVANCED_FACE('',(#1256),#156,.T.);
#4151=ADVANCED_FACE('',(#1257),#157,.T.);
#4152=ADVANCED_FACE('',(#1258),#158,.T.);
#4153=ADVANCED_FACE('',(#1259),#159,.T.);
#4154=ADVANCED_FACE('',(#1260),#160,.T.);
#4155=ADVANCED_FACE('',(#1261),#161,.T.);
#4156=ADVANCED_FACE('',(#1262),#162,.F.);
#4157=ADVANCED_FACE('',(#1263),#163,.F.);
#4158=ADVANCED_FACE('',(#1264),#164,.F.);
#4159=ADVANCED_FACE('',(#1265),#165,.F.);
#4160=ADVANCED_FACE('',(#1266),#166,.T.);
#4161=ADVANCED_FACE('',(#1267),#167,.T.);
#4162=ADVANCED_FACE('',(#1268),#168,.T.);
#4163=ADVANCED_FACE('',(#1269),#169,.T.);
#4164=ADVANCED_FACE('',(#1270),#170,.T.);
#4165=ADVANCED_FACE('',(#1271),#171,.T.);
#4166=ADVANCED_FACE('',(#1272),#172,.T.);
#4167=ADVANCED_FACE('',(#1273),#173,.T.);
#4168=ADVANCED_FACE('',(#1274),#174,.T.);
#4169=ADVANCED_FACE('',(#1275),#175,.T.);
#4170=ADVANCED_FACE('',(#1276),#176,.T.);
#4171=ADVANCED_FACE('',(#1277),#177,.T.);
#4172=ADVANCED_FACE('',(#1278),#178,.T.);
#4173=ADVANCED_FACE('',(#1279),#179,.T.);
#4174=ADVANCED_FACE('',(#1280,#127),#180,.T.);
#4175=ADVANCED_FACE('',(#1281),#181,.F.);
#4176=ADVANCED_FACE('',(#1282),#182,.F.);
#4177=ADVANCED_FACE('',(#1283),#183,.F.);
#4178=ADVANCED_FACE('',(#1284),#184,.F.);
#4179=ADVANCED_FACE('',(#1285),#185,.F.);
#4180=ADVANCED_FACE('',(#1286),#186,.F.);
#4181=ADVANCED_FACE('',(#1287),#187,.F.);
#4182=ADVANCED_FACE('',(#1288),#188,.F.);
#4183=ADVANCED_FACE('',(#1289),#189,.F.);
#4184=ADVANCED_FACE('',(#1290),#190,.F.);
#4185=ADVANCED_FACE('',(#1291),#191,.F.);
#4186=ADVANCED_FACE('',(#1292),#192,.F.);
#4187=ADVANCED_FACE('',(#1293),#193,.T.);
#4188=ADVANCED_FACE('',(#1294),#194,.T.);
#4189=ADVANCED_FACE('',(#1295),#195,.T.);
#4190=ADVANCED_FACE('',(#1296),#196,.T.);
#4191=ADVANCED_FACE('',(#1297),#197,.F.);
#4192=ADVANCED_FACE('',(#1298),#198,.F.);
#4193=ADVANCED_FACE('',(#1299),#199,.F.);
#4194=ADVANCED_FACE('',(#1300),#200,.F.);
#4195=ADVANCED_FACE('',(#1301),#201,.F.);
#4196=ADVANCED_FACE('',(#1302),#202,.F.);
#4197=ADVANCED_FACE('',(#1303),#203,.F.);
#4198=ADVANCED_FACE('',(#1304),#204,.F.);
#4199=ADVANCED_FACE('',(#1305),#205,.F.);
#4200=ADVANCED_FACE('',(#1306),#206,.F.);
#4201=ADVANCED_FACE('',(#1307),#207,.F.);
#4202=ADVANCED_FACE('',(#1308),#208,.F.);
#4203=ADVANCED_FACE('',(#1309),#209,.T.);
#4204=ADVANCED_FACE('',(#1310),#210,.T.);
#4205=ADVANCED_FACE('',(#1311),#211,.T.);
#4206=ADVANCED_FACE('',(#1312),#212,.T.);
#4207=ADVANCED_FACE('',(#1313),#213,.T.);
#4208=ADVANCED_FACE('',(#1314),#214,.T.);
#4209=ADVANCED_FACE('',(#1315),#215,.T.);
#4210=ADVANCED_FACE('',(#1316),#216,.T.);
#4211=ADVANCED_FACE('',(#1317,#128),#217,.T.);
#4212=ADVANCED_FACE('',(#1318),#218,.T.);
#4213=ADVANCED_FACE('',(#1319),#219,.T.);
#4214=ADVANCED_FACE('',(#1320),#220,.T.);
#4215=ADVANCED_FACE('',(#1321),#221,.T.);
#4216=ADVANCED_FACE('',(#1322,#129),#222,.T.);
#4217=ADVANCED_FACE('',(#1323),#223,.T.);
#4218=ADVANCED_FACE('',(#1324,#130),#224,.T.);
#4219=ADVANCED_FACE('',(#1325),#15,.F.);
#4220=ADVANCED_FACE('',(#1326),#225,.T.);
#4221=ADVANCED_FACE('',(#1327),#16,.F.);
#4222=ADVANCED_FACE('',(#1328),#226,.T.);
#4223=ADVANCED_FACE('',(#1329),#17,.F.);
#4224=ADVANCED_FACE('',(#1330),#227,.T.);
#4225=ADVANCED_FACE('',(#1331),#18,.F.);
#4226=ADVANCED_FACE('',(#1332),#228,.T.);
#4227=ADVANCED_FACE('',(#1333),#19,.F.);
#4228=ADVANCED_FACE('',(#1334),#229,.T.);
#4229=ADVANCED_FACE('',(#1335),#20,.F.);
#4230=ADVANCED_FACE('',(#1336),#230,.T.);
#4231=ADVANCED_FACE('',(#1337),#1161,.T.);
#4232=ADVANCED_FACE('',(#1338),#1162,.T.);
#4233=ADVANCED_FACE('',(#1339),#1163,.T.);
#4234=ADVANCED_FACE('',(#1340),#1164,.T.);
#4235=ADVANCED_FACE('',(#1341),#1165,.T.);
#4236=ADVANCED_FACE('',(#1342),#1166,.T.);
#4237=ADVANCED_FACE('',(#1343),#231,.T.);
#4238=ADVANCED_FACE('',(#1344),#232,.T.);
#4239=ADVANCED_FACE('',(#1345),#233,.T.);
#4240=ADVANCED_FACE('',(#1346),#234,.T.);
#4241=ADVANCED_FACE('',(#1347),#235,.T.);
#4242=ADVANCED_FACE('',(#1348),#236,.T.);
#4243=ADVANCED_FACE('',(#1349),#237,.T.);
#4244=ADVANCED_FACE('',(#1350),#21,.F.);
#4245=ADVANCED_FACE('',(#1351),#238,.T.);
#4246=ADVANCED_FACE('',(#1352),#22,.F.);
#4247=ADVANCED_FACE('',(#1353),#239,.T.);
#4248=ADVANCED_FACE('',(#1354),#23,.F.);
#4249=ADVANCED_FACE('',(#1355),#240,.T.);
#4250=ADVANCED_FACE('',(#1356),#24,.F.);
#4251=ADVANCED_FACE('',(#1357),#241,.T.);
#4252=ADVANCED_FACE('',(#1358),#25,.F.);
#4253=ADVANCED_FACE('',(#1359),#242,.T.);
#4254=ADVANCED_FACE('',(#1360),#26,.F.);
#4255=ADVANCED_FACE('',(#1361),#243,.T.);
#4256=ADVANCED_FACE('',(#1362),#1167,.T.);
#4257=ADVANCED_FACE('',(#1363),#1168,.T.);
#4258=ADVANCED_FACE('',(#1364),#1169,.T.);
#4259=ADVANCED_FACE('',(#1365),#1170,.T.);
#4260=ADVANCED_FACE('',(#1366),#1171,.T.);
#4261=ADVANCED_FACE('',(#1367),#1172,.T.);
#4262=ADVANCED_FACE('',(#1368),#244,.T.);
#4263=ADVANCED_FACE('',(#1369),#245,.T.);
#4264=ADVANCED_FACE('',(#1370),#246,.T.);
#4265=ADVANCED_FACE('',(#1371),#247,.T.);
#4266=ADVANCED_FACE('',(#1372),#248,.T.);
#4267=ADVANCED_FACE('',(#1373),#249,.T.);
#4268=ADVANCED_FACE('',(#1374),#250,.T.);
#4269=ADVANCED_FACE('',(#1375),#27,.F.);
#4270=ADVANCED_FACE('',(#1376),#251,.T.);
#4271=ADVANCED_FACE('',(#1377),#28,.F.);
#4272=ADVANCED_FACE('',(#1378),#252,.T.);
#4273=ADVANCED_FACE('',(#1379),#29,.F.);
#4274=ADVANCED_FACE('',(#1380),#253,.T.);
#4275=ADVANCED_FACE('',(#1381),#30,.F.);
#4276=ADVANCED_FACE('',(#1382),#254,.T.);
#4277=ADVANCED_FACE('',(#1383),#31,.F.);
#4278=ADVANCED_FACE('',(#1384),#255,.T.);
#4279=ADVANCED_FACE('',(#1385),#32,.F.);
#4280=ADVANCED_FACE('',(#1386),#256,.T.);
#4281=ADVANCED_FACE('',(#1387),#257,.T.);
#4282=ADVANCED_FACE('',(#1388),#258,.T.);
#4283=ADVANCED_FACE('',(#1389),#259,.T.);
#4284=ADVANCED_FACE('',(#1390),#260,.T.);
#4285=ADVANCED_FACE('',(#1391),#261,.T.);
#4286=ADVANCED_FACE('',(#1392),#262,.T.);
#4287=ADVANCED_FACE('',(#1393,#131),#263,.T.);
#4288=ADVANCED_FACE('',(#1394),#264,.F.);
#4289=ADVANCED_FACE('',(#1395),#265,.F.);
#4290=ADVANCED_FACE('',(#1396),#266,.F.);
#4291=ADVANCED_FACE('',(#1397),#267,.F.);
#4292=ADVANCED_FACE('',(#1398),#1173,.F.);
#4293=ADVANCED_FACE('',(#1399),#1174,.F.);
#4294=ADVANCED_FACE('',(#1400),#1175,.F.);
#4295=ADVANCED_FACE('',(#1401),#1176,.F.);
#4296=ADVANCED_FACE('',(#1402),#1177,.F.);
#4297=ADVANCED_FACE('',(#1403),#1178,.F.);
#4298=ADVANCED_FACE('',(#1404),#1179,.T.);
#4299=ADVANCED_FACE('',(#1405),#1180,.T.);
#4300=ADVANCED_FACE('',(#1406),#1181,.T.);
#4301=ADVANCED_FACE('',(#1407),#1182,.T.);
#4302=ADVANCED_FACE('',(#1408),#1183,.T.);
#4303=ADVANCED_FACE('',(#1409),#1184,.T.);
#4304=ADVANCED_FACE('',(#1410),#33,.F.);
#4305=ADVANCED_FACE('',(#1411),#268,.T.);
#4306=ADVANCED_FACE('',(#1412),#34,.F.);
#4307=ADVANCED_FACE('',(#1413),#269,.T.);
#4308=ADVANCED_FACE('',(#1414),#35,.F.);
#4309=ADVANCED_FACE('',(#1415),#270,.T.);
#4310=ADVANCED_FACE('',(#1416),#36,.F.);
#4311=ADVANCED_FACE('',(#1417),#271,.T.);
#4312=ADVANCED_FACE('',(#1418),#37,.F.);
#4313=ADVANCED_FACE('',(#1419),#272,.T.);
#4314=ADVANCED_FACE('',(#1420),#38,.F.);
#4315=ADVANCED_FACE('',(#1421),#273,.T.);
#4316=ADVANCED_FACE('',(#1422),#274,.T.);
#4317=ADVANCED_FACE('',(#1423),#275,.T.);
#4318=ADVANCED_FACE('',(#1424),#276,.T.);
#4319=ADVANCED_FACE('',(#1425),#277,.T.);
#4320=ADVANCED_FACE('',(#1426),#278,.T.);
#4321=ADVANCED_FACE('',(#1427),#279,.T.);
#4322=ADVANCED_FACE('',(#1428,#132),#280,.T.);
#4323=ADVANCED_FACE('',(#1429),#281,.F.);
#4324=ADVANCED_FACE('',(#1430),#282,.F.);
#4325=ADVANCED_FACE('',(#1431),#283,.F.);
#4326=ADVANCED_FACE('',(#1432),#284,.F.);
#4327=ADVANCED_FACE('',(#1433),#1185,.F.);
#4328=ADVANCED_FACE('',(#1434),#1186,.F.);
#4329=ADVANCED_FACE('',(#1435),#1187,.F.);
#4330=ADVANCED_FACE('',(#1436),#1188,.F.);
#4331=ADVANCED_FACE('',(#1437),#1189,.F.);
#4332=ADVANCED_FACE('',(#1438),#1190,.F.);
#4333=ADVANCED_FACE('',(#1439),#1191,.T.);
#4334=ADVANCED_FACE('',(#1440),#1192,.T.);
#4335=ADVANCED_FACE('',(#1441),#1193,.T.);
#4336=ADVANCED_FACE('',(#1442),#1194,.T.);
#4337=ADVANCED_FACE('',(#1443),#1195,.T.);
#4338=ADVANCED_FACE('',(#1444),#1196,.T.);
#4339=CLOSED_SHELL('',(#4091,#4092,#4093,#4094,#4095,#4096,#4097,#4098,
#4099,#4100,#4101,#4102,#4103,#4104,#4105,#4106,#4107,#4108,#4109,#4110,
#4111,#4112,#4113,#4114,#4115,#4116,#4117,#4118,#4119,#4120,#4121,#4122,
#4123,#4124,#4125,#4126,#4127,#4128,#4129,#4130,#4131,#4132,#4133,#4134,
#4135,#4136,#4137,#4138,#4139,#4140,#4141));
#4340=CLOSED_SHELL('',(#4142,#4143,#4144,#4145,#4146,#4147,#4148,#4149,
#4150,#4151,#4152,#4153,#4154,#4155,#4156,#4157,#4158,#4159,#4160,#4161,
#4162,#4163,#4164,#4165,#4166,#4167,#4168,#4169,#4170,#4171,#4172,#4173,
#4174,#4175,#4176,#4177,#4178,#4179,#4180,#4181,#4182,#4183,#4184,#4185,
#4186,#4187,#4188,#4189,#4190,#4191,#4192,#4193,#4194,#4195,#4196,#4197,
#4198,#4199,#4200,#4201,#4202,#4203,#4204,#4205,#4206,#4207,#4208,#4209,
#4210,#4211,#4212,#4213,#4214,#4215,#4216,#4217,#4218,#4219,#4220,#4221,
#4222,#4223,#4224,#4225,#4226,#4227,#4228,#4229,#4230,#4231,#4232,#4233,
#4234,#4235,#4236,#4237,#4238,#4239,#4240,#4241,#4242,#4243,#4244,#4245,
#4246,#4247,#4248,#4249,#4250,#4251,#4252,#4253,#4254,#4255,#4256,#4257,
#4258,#4259,#4260,#4261,#4262,#4263,#4264,#4265,#4266,#4267,#4268,#4269,
#4270,#4271,#4272,#4273,#4274,#4275,#4276,#4277,#4278,#4279,#4280,#4281,
#4282,#4283,#4284,#4285,#4286,#4287,#4288,#4289,#4290,#4291,#4292,#4293,
#4294,#4295,#4296,#4297,#4298,#4299,#4300,#4301,#4302,#4303,#4304,#4305,
#4306,#4307,#4308,#4309,#4310,#4311,#4312,#4313,#4314,#4315,#4316,#4317,
#4318,#4319,#4320,#4321,#4322,#4323,#4324,#4325,#4326,#4327,#4328,#4329,
#4330,#4331,#4332,#4333,#4334,#4335,#4336,#4337,#4338));
#4341=DERIVED_UNIT_ELEMENT(#4343,1.);
#4342=DERIVED_UNIT_ELEMENT(#8228,-3.);
#4343=(
MASS_UNIT()
NAMED_UNIT(*)
SI_UNIT(.KILO.,.GRAM.)
);
#4344=DERIVED_UNIT((#4341,#4342));
#4345=MEASURE_REPRESENTATION_ITEM('density measure',
POSITIVE_RATIO_MEASURE(7850.),#4344);
#4346=PROPERTY_DEFINITION_REPRESENTATION(#4351,#4348);
#4347=PROPERTY_DEFINITION_REPRESENTATION(#4352,#4349);
#4348=REPRESENTATION('material name',(#4350),#8225);
#4349=REPRESENTATION('density',(#4345),#8225);
#4350=DESCRIPTIVE_REPRESENTATION_ITEM('Steel','Steel');
#4351=PROPERTY_DEFINITION('material property','material name',#8240);
#4352=PROPERTY_DEFINITION('material property','density of part',#8240);
#4353=AXIS2_PLACEMENT_3D('',#5886,#4720,#4721);
#4354=AXIS2_PLACEMENT_3D('',#5887,#4722,#4723);
#4355=AXIS2_PLACEMENT_3D('',#5940,#4724,#4725);
#4356=AXIS2_PLACEMENT_3D('',#5941,#4726,#4727);
#4357=AXIS2_PLACEMENT_3D('',#5986,#4728,#4729);
#4358=AXIS2_PLACEMENT_3D('',#5987,#4730,#4731);
#4359=AXIS2_PLACEMENT_3D('',#6032,#4732,#4733);
#4360=AXIS2_PLACEMENT_3D('',#6033,#4734,#4735);
#4361=AXIS2_PLACEMENT_3D('',#6078,#4736,#4737);
#4362=AXIS2_PLACEMENT_3D('',#6079,#4738,#4739);
#4363=AXIS2_PLACEMENT_3D('',#6124,#4740,#4741);
#4364=AXIS2_PLACEMENT_3D('',#6125,#4742,#4743);
#4365=AXIS2_PLACEMENT_3D('',#6178,#4744,#4745);
#4366=AXIS2_PLACEMENT_3D('',#6179,#4746,#4747);
#4367=AXIS2_PLACEMENT_3D('',#6224,#4748,#4749);
#4368=AXIS2_PLACEMENT_3D('',#6225,#4750,#4751);
#4369=AXIS2_PLACEMENT_3D('',#6270,#4752,#4753);
#4370=AXIS2_PLACEMENT_3D('',#6271,#4754,#4755);
#4371=AXIS2_PLACEMENT_3D('',#6316,#4756,#4757);
#4372=AXIS2_PLACEMENT_3D('',#6317,#4758,#4759);
#4373=AXIS2_PLACEMENT_3D('',#6362,#4760,#4761);
#4374=AXIS2_PLACEMENT_3D('',#6363,#4762,#4763);
#4375=AXIS2_PLACEMENT_3D('',#6416,#4764,#4765);
#4376=AXIS2_PLACEMENT_3D('',#6417,#4766,#4767);
#4377=AXIS2_PLACEMENT_3D('',#6462,#4768,#4769);
#4378=AXIS2_PLACEMENT_3D('',#6463,#4770,#4771);
#4379=AXIS2_PLACEMENT_3D('',#6508,#4772,#4773);
#4380=AXIS2_PLACEMENT_3D('',#6509,#4774,#4775);
#4381=AXIS2_PLACEMENT_3D('',#6554,#4776,#4777);
#4382=AXIS2_PLACEMENT_3D('',#6555,#4778,#4779);
#4383=AXIS2_PLACEMENT_3D('',#6600,#4780,#4781);
#4384=AXIS2_PLACEMENT_3D('',#6601,#4782,#4783);
#4385=AXIS2_PLACEMENT_3D('',#6654,#4784,#4785);
#4386=AXIS2_PLACEMENT_3D('',#6655,#4786,#4787);
#4387=AXIS2_PLACEMENT_3D('',#6700,#4788,#4789);
#4388=AXIS2_PLACEMENT_3D('',#6701,#4790,#4791);
#4389=AXIS2_PLACEMENT_3D('',#6746,#4792,#4793);
#4390=AXIS2_PLACEMENT_3D('',#6747,#4794,#4795);
#4391=AXIS2_PLACEMENT_3D('',#6792,#4796,#4797);
#4392=AXIS2_PLACEMENT_3D('',#6793,#4798,#4799);
#4393=AXIS2_PLACEMENT_3D('',#6838,#4800,#4801);
#4394=AXIS2_PLACEMENT_3D('',#6839,#4802,#4803);
#4395=AXIS2_PLACEMENT_3D('',#6877,#4804,#4805);
#4396=AXIS2_PLACEMENT_3D('',#6878,#4806,#4807);
#4397=AXIS2_PLACEMENT_3D('',#6879,#4808,#4809);
#4398=AXIS2_PLACEMENT_3D('',#6882,#4810,#4811);
#4399=AXIS2_PLACEMENT_3D('',#6922,#4814,#4815);
#4400=AXIS2_PLACEMENT_3D('',#6923,#4816,#4817);
#4401=AXIS2_PLACEMENT_3D('',#6924,#4818,#4819);
#4402=AXIS2_PLACEMENT_3D('',#6927,#4820,#4821);
#4403=AXIS2_PLACEMENT_3D('',#6967,#4824,#4825);
#4404=AXIS2_PLACEMENT_3D('',#6968,#4826,#4827);
#4405=AXIS2_PLACEMENT_3D('',#6969,#4828,#4829);
#4406=AXIS2_PLACEMENT_3D('',#6972,#4830,#4831);
#4407=AXIS2_PLACEMENT_3D('',#6975,#4834,#4835);
#4408=AXIS2_PLACEMENT_3D('',#7015,#4838,#4839);
#4409=AXIS2_PLACEMENT_3D('',#7016,#4840,#4841);
#4410=AXIS2_PLACEMENT_3D('',#7017,#4842,#4843);
#4411=AXIS2_PLACEMENT_3D('',#7020,#4844,#4845);
#4412=AXIS2_PLACEMENT_3D('',#7023,#4848,#4849);
#4413=AXIS2_PLACEMENT_3D('',#7026,#4852,#4853);
#4414=AXIS2_PLACEMENT_3D('',#7029,#4856,#4857);
#4415=AXIS2_PLACEMENT_3D('',#7032,#4860,#4861);
#4416=AXIS2_PLACEMENT_3D('',#7034,#4863,#4864);
#4417=AXIS2_PLACEMENT_3D('',#7036,#4866,#4867);
#4418=AXIS2_PLACEMENT_3D('',#7047,#4874,#4875);
#4419=AXIS2_PLACEMENT_3D('',#7048,#4876,#4877);
#4420=AXIS2_PLACEMENT_3D('',#7057,#4882,#4883);
#4421=AXIS2_PLACEMENT_3D('',#7064,#4887,#4888);
#4422=AXIS2_PLACEMENT_3D('',#7070,#4892,#4893);
#4423=AXIS2_PLACEMENT_3D('',#7074,#4896,#4897);
#4424=AXIS2_PLACEMENT_3D('',#7076,#4899,#4900);
#4425=AXIS2_PLACEMENT_3D('',#7083,#4904,#4905);
#4426=AXIS2_PLACEMENT_3D('',#7089,#4909,#4910);
#4427=AXIS2_PLACEMENT_3D('',#7093,#4913,#4914);
#4428=AXIS2_PLACEMENT_3D('',#7095,#4916,#4917);
#4429=AXIS2_PLACEMENT_3D('',#7098,#4920,#4921);
#4430=AXIS2_PLACEMENT_3D('',#7100,#4923,#4924);
#4431=AXIS2_PLACEMENT_3D('',#7102,#4926,#4927);
#4432=AXIS2_PLACEMENT_3D('',#7103,#4928,#4929);
#4433=AXIS2_PLACEMENT_3D('',#7104,#4930,#4931);
#4434=AXIS2_PLACEMENT_3D('',#7105,#4932,#4933);
#4435=AXIS2_PLACEMENT_3D('',#7108,#4934,#4935);
#4436=AXIS2_PLACEMENT_3D('',#7112,#4937,#4938);
#4437=AXIS2_PLACEMENT_3D('',#7114,#4940,#4941);
#4438=AXIS2_PLACEMENT_3D('',#7120,#4945,#4946);
#4439=AXIS2_PLACEMENT_3D('',#7124,#4948,#4949);
#4440=AXIS2_PLACEMENT_3D('',#7128,#4951,#4952);
#4441=AXIS2_PLACEMENT_3D('',#7131,#4954,#4955);
#4442=AXIS2_PLACEMENT_3D('',#7150,#4964,#4965);
#4443=AXIS2_PLACEMENT_3D('',#7154,#4967,#4968);
#4444=AXIS2_PLACEMENT_3D('',#7158,#4970,#4971);
#4445=AXIS2_PLACEMENT_3D('',#7162,#4973,#4974);
#4446=AXIS2_PLACEMENT_3D('',#7166,#4976,#4977);
#4447=AXIS2_PLACEMENT_3D('',#7170,#4979,#4980);
#4448=AXIS2_PLACEMENT_3D('',#7174,#4982,#4983);
#4449=AXIS2_PLACEMENT_3D('',#7178,#4985,#4986);
#4450=AXIS2_PLACEMENT_3D('',#7182,#4988,#4989);
#4451=AXIS2_PLACEMENT_3D('',#7186,#4991,#4992);
#4452=AXIS2_PLACEMENT_3D('',#7190,#4994,#4995);
#4453=AXIS2_PLACEMENT_3D('',#7194,#4997,#4998);
#4454=AXIS2_PLACEMENT_3D('',#7198,#5000,#5001);
#4455=AXIS2_PLACEMENT_3D('',#7202,#5003,#5004);
#4456=AXIS2_PLACEMENT_3D('',#7206,#5006,#5007);
#4457=AXIS2_PLACEMENT_3D('',#7210,#5009,#5010);
#4458=AXIS2_PLACEMENT_3D('',#7214,#5012,#5013);
#4459=AXIS2_PLACEMENT_3D('',#7218,#5015,#5016);
#4460=AXIS2_PLACEMENT_3D('',#7222,#5018,#5019);
#4461=AXIS2_PLACEMENT_3D('',#7226,#5021,#5022);
#4462=AXIS2_PLACEMENT_3D('',#7230,#5024,#5025);
#4463=AXIS2_PLACEMENT_3D('',#7234,#5027,#5028);
#4464=AXIS2_PLACEMENT_3D('',#7238,#5030,#5031);
#4465=AXIS2_PLACEMENT_3D('',#7242,#5033,#5034);
#4466=AXIS2_PLACEMENT_3D('',#7244,#5036,#5037);
#4467=AXIS2_PLACEMENT_3D('',#7246,#5038,#5039);
#4468=AXIS2_PLACEMENT_3D('',#7248,#5041,#5042);
#4469=AXIS2_PLACEMENT_3D('',#7252,#5045,#5046);
#4470=AXIS2_PLACEMENT_3D('',#7255,#5047,#5048);
#4471=AXIS2_PLACEMENT_3D('',#7258,#5051,#5052);
#4472=AXIS2_PLACEMENT_3D('',#7262,#5055,#5056);
#4473=AXIS2_PLACEMENT_3D('',#7263,#5057,#5058);
#4474=AXIS2_PLACEMENT_3D('',#7264,#5059,#5060);
#4475=AXIS2_PLACEMENT_3D('',#7271,#5064,#5065);
#4476=AXIS2_PLACEMENT_3D('',#7277,#5069,#5070);
#4477=AXIS2_PLACEMENT_3D('',#7281,#5073,#5074);
#4478=AXIS2_PLACEMENT_3D('',#7283,#5076,#5077);
#4479=AXIS2_PLACEMENT_3D('',#7289,#5081,#5082);
#4480=AXIS2_PLACEMENT_3D('',#7295,#5086,#5087);
#4481=AXIS2_PLACEMENT_3D('',#7302,#5091,#5092);
#4482=AXIS2_PLACEMENT_3D('',#7308,#5096,#5097);
#4483=AXIS2_PLACEMENT_3D('',#7312,#5100,#5101);
#4484=AXIS2_PLACEMENT_3D('',#7314,#5103,#5104);
#4485=AXIS2_PLACEMENT_3D('',#7320,#5108,#5109);
#4486=AXIS2_PLACEMENT_3D('',#7326,#5113,#5114);
#4487=AXIS2_PLACEMENT_3D('',#7335,#5119,#5120);
#4488=AXIS2_PLACEMENT_3D('',#7341,#5124,#5125);
#4489=AXIS2_PLACEMENT_3D('',#7347,#5129,#5130);
#4490=AXIS2_PLACEMENT_3D('',#7353,#5134,#5135);
#4491=AXIS2_PLACEMENT_3D('',#7359,#5139,#5140);
#4492=AXIS2_PLACEMENT_3D('',#7365,#5144,#5145);
#4493=AXIS2_PLACEMENT_3D('',#7371,#5149,#5150);
#4494=AXIS2_PLACEMENT_3D('',#7374,#5153,#5154);
#4495=AXIS2_PLACEMENT_3D('',#7377,#5157,#5158);
#4496=AXIS2_PLACEMENT_3D('',#7379,#5160,#5161);
#4497=AXIS2_PLACEMENT_3D('',#7381,#5163,#5164);
#4498=AXIS2_PLACEMENT_3D('',#7383,#5166,#5167);
#4499=AXIS2_PLACEMENT_3D('',#7408,#5180,#5181);
#4500=AXIS2_PLACEMENT_3D('',#7414,#5185,#5186);
#4501=AXIS2_PLACEMENT_3D('',#7418,#5189,#5190);
#4502=AXIS2_PLACEMENT_3D('',#7422,#5193,#5194);
#4503=AXIS2_PLACEMENT_3D('',#7426,#5197,#5198);
#4504=AXIS2_PLACEMENT_3D('',#7430,#5201,#5202);
#4505=AXIS2_PLACEMENT_3D('',#7434,#5205,#5206);
#4506=AXIS2_PLACEMENT_3D('',#7438,#5209,#5210);
#4507=AXIS2_PLACEMENT_3D('',#7442,#5213,#5214);
#4508=AXIS2_PLACEMENT_3D('',#7446,#5217,#5218);
#4509=AXIS2_PLACEMENT_3D('',#7450,#5221,#5222);
#4510=AXIS2_PLACEMENT_3D('',#7454,#5225,#5226);
#4511=AXIS2_PLACEMENT_3D('',#7456,#5228,#5229);
#4512=AXIS2_PLACEMENT_3D('',#7459,#5232,#5233);
#4513=AXIS2_PLACEMENT_3D('',#7460,#5234,#5235);
#4514=AXIS2_PLACEMENT_3D('',#7462,#5237,#5238);
#4515=AXIS2_PLACEMENT_3D('',#7463,#5239,#5240);
#4516=AXIS2_PLACEMENT_3D('',#7469,#5244,#5245);
#4517=AXIS2_PLACEMENT_3D('',#7473,#5248,#5249);
#4518=AXIS2_PLACEMENT_3D('',#7477,#5252,#5253);
#4519=AXIS2_PLACEMENT_3D('',#7481,#5256,#5257);
#4520=AXIS2_PLACEMENT_3D('',#7485,#5260,#5261);
#4521=AXIS2_PLACEMENT_3D('',#7489,#5264,#5265);
#4522=AXIS2_PLACEMENT_3D('',#7493,#5268,#5269);
#4523=AXIS2_PLACEMENT_3D('',#7497,#5272,#5273);
#4524=AXIS2_PLACEMENT_3D('',#7501,#5276,#5277);
#4525=AXIS2_PLACEMENT_3D('',#7505,#5280,#5281);
#4526=AXIS2_PLACEMENT_3D('',#7509,#5284,#5285);
#4527=AXIS2_PLACEMENT_3D('',#7511,#5287,#5288);
#4528=AXIS2_PLACEMENT_3D('',#7520,#5293,#5294);
#4529=AXIS2_PLACEMENT_3D('',#7529,#5299,#5300);
#4530=AXIS2_PLACEMENT_3D('',#7538,#5305,#5306);
#4531=AXIS2_PLACEMENT_3D('',#7547,#5311,#5312);
#4532=AXIS2_PLACEMENT_3D('',#7556,#5317,#5318);
#4533=AXIS2_PLACEMENT_3D('',#7565,#5323,#5324);
#4534=AXIS2_PLACEMENT_3D('',#7568,#5327,#5328);
#4535=AXIS2_PLACEMENT_3D('',#7571,#5331,#5332);
#4536=AXIS2_PLACEMENT_3D('',#7573,#5333,#5334);
#4537=AXIS2_PLACEMENT_3D('',#7576,#5336,#5337);
#4538=AXIS2_PLACEMENT_3D('',#7577,#5338,#5339);
#4539=AXIS2_PLACEMENT_3D('',#7579,#5340,#5341);
#4540=AXIS2_PLACEMENT_3D('',#7580,#5342,#5343);
#4541=AXIS2_PLACEMENT_3D('',#7583,#5345,#5346);
#4542=AXIS2_PLACEMENT_3D('',#7584,#5347,#5348);
#4543=AXIS2_PLACEMENT_3D('',#7585,#5349,#5350);
#4544=AXIS2_PLACEMENT_3D('',#7586,#5351,#5352);
#4545=AXIS2_PLACEMENT_3D('',#7589,#5354,#5355);
#4546=AXIS2_PLACEMENT_3D('',#7590,#5356,#5357);
#4547=AXIS2_PLACEMENT_3D('',#7593,#5359,#5360);
#4548=AXIS2_PLACEMENT_3D('',#7594,#5361,#5362);
#4549=AXIS2_PLACEMENT_3D('',#7597,#5364,#5365);
#4550=AXIS2_PLACEMENT_3D('',#7598,#5366,#5367);
#4551=AXIS2_PLACEMENT_3D('',#7600,#5368,#5369);
#4552=AXIS2_PLACEMENT_3D('',#7602,#5371,#5372);
#4553=AXIS2_PLACEMENT_3D('',#7604,#5373,#5374);
#4554=AXIS2_PLACEMENT_3D('',#7608,#5376,#5377);
#4555=AXIS2_PLACEMENT_3D('',#7612,#5379,#5380);
#4556=AXIS2_PLACEMENT_3D('',#7615,#5382,#5383);
#4557=AXIS2_PLACEMENT_3D('',#7617,#5384,#5385);
#4558=AXIS2_PLACEMENT_3D('',#7621,#5387,#5388);
#4559=AXIS2_PLACEMENT_3D('',#7625,#5390,#5391);
#4560=AXIS2_PLACEMENT_3D('',#7628,#5393,#5394);
#4561=AXIS2_PLACEMENT_3D('',#7629,#5395,#5396);
#4562=AXIS2_PLACEMENT_3D('',#7631,#5398,#5399);
#4563=AXIS2_PLACEMENT_3D('',#7640,#5400,#5401);
#4564=AXIS2_PLACEMENT_3D('',#7643,#5404,#5405);
#4565=AXIS2_PLACEMENT_3D('',#7654,#5408,#5409);
#4566=AXIS2_PLACEMENT_3D('',#7656,#5411,#5412);
#4567=AXIS2_PLACEMENT_3D('',#7667,#5415,#5416);
#4568=AXIS2_PLACEMENT_3D('',#7669,#5418,#5419);
#4569=AXIS2_PLACEMENT_3D('',#7680,#5422,#5423);
#4570=AXIS2_PLACEMENT_3D('',#7682,#5425,#5426);
#4571=AXIS2_PLACEMENT_3D('',#7693,#5429,#5430);
#4572=AXIS2_PLACEMENT_3D('',#7695,#5432,#5433);
#4573=AXIS2_PLACEMENT_3D('',#7706,#5436,#5437);
#4574=AXIS2_PLACEMENT_3D('',#7708,#5439,#5440);
#4575=AXIS2_PLACEMENT_3D('',#7710,#5442,#5443);
#4576=AXIS2_PLACEMENT_3D('',#7713,#5444,#5445);
#4577=AXIS2_PLACEMENT_3D('',#7716,#5448,#5449);
#4578=AXIS2_PLACEMENT_3D('',#7719,#5450,#5451);
#4579=AXIS2_PLACEMENT_3D('',#7722,#5454,#5455);
#4580=AXIS2_PLACEMENT_3D('',#7725,#5456,#5457);
#4581=AXIS2_PLACEMENT_3D('',#7728,#5460,#5461);
#4582=AXIS2_PLACEMENT_3D('',#7731,#5462,#5463);
#4583=AXIS2_PLACEMENT_3D('',#7734,#5466,#5467);
#4584=AXIS2_PLACEMENT_3D('',#7737,#5468,#5469);
#4585=AXIS2_PLACEMENT_3D('',#7740,#5472,#5473);
#4586=AXIS2_PLACEMENT_3D('',#7743,#5474,#5475);
#4587=AXIS2_PLACEMENT_3D('',#7746,#5478,#5479);
#4588=AXIS2_PLACEMENT_3D('',#7753,#5486,#5487);
#4589=AXIS2_PLACEMENT_3D('',#7754,#5488,#5489);
#4590=AXIS2_PLACEMENT_3D('',#7755,#5490,#5491);
#4591=AXIS2_PLACEMENT_3D('',#7756,#5492,#5493);
#4592=AXIS2_PLACEMENT_3D('',#7757,#5494,#5495);
#4593=AXIS2_PLACEMENT_3D('',#7758,#5496,#5497);
#4594=AXIS2_PLACEMENT_3D('',#7767,#5498,#5499);
#4595=AXIS2_PLACEMENT_3D('',#7770,#5502,#5503);
#4596=AXIS2_PLACEMENT_3D('',#7781,#5506,#5507);
#4597=AXIS2_PLACEMENT_3D('',#7783,#5509,#5510);
#4598=AXIS2_PLACEMENT_3D('',#7794,#5513,#5514);
#4599=AXIS2_PLACEMENT_3D('',#7796,#5516,#5517);
#4600=AXIS2_PLACEMENT_3D('',#7807,#5520,#5521);
#4601=AXIS2_PLACEMENT_3D('',#7809,#5523,#5524);
#4602=AXIS2_PLACEMENT_3D('',#7820,#5527,#5528);
#4603=AXIS2_PLACEMENT_3D('',#7822,#5530,#5531);
#4604=AXIS2_PLACEMENT_3D('',#7833,#5534,#5535);
#4605=AXIS2_PLACEMENT_3D('',#7835,#5537,#5538);
#4606=AXIS2_PLACEMENT_3D('',#7837,#5540,#5541);
#4607=AXIS2_PLACEMENT_3D('',#7840,#5542,#5543);
#4608=AXIS2_PLACEMENT_3D('',#7843,#5546,#5547);
#4609=AXIS2_PLACEMENT_3D('',#7846,#5548,#5549);
#4610=AXIS2_PLACEMENT_3D('',#7849,#5552,#5553);
#4611=AXIS2_PLACEMENT_3D('',#7852,#5554,#5555);
#4612=AXIS2_PLACEMENT_3D('',#7855,#5558,#5559);
#4613=AXIS2_PLACEMENT_3D('',#7858,#5560,#5561);
#4614=AXIS2_PLACEMENT_3D('',#7861,#5564,#5565);
#4615=AXIS2_PLACEMENT_3D('',#7864,#5566,#5567);
#4616=AXIS2_PLACEMENT_3D('',#7867,#5570,#5571);
#4617=AXIS2_PLACEMENT_3D('',#7870,#5572,#5573);
#4618=AXIS2_PLACEMENT_3D('',#7873,#5576,#5577);
#4619=AXIS2_PLACEMENT_3D('',#7880,#5584,#5585);
#4620=AXIS2_PLACEMENT_3D('',#7881,#5586,#5587);
#4621=AXIS2_PLACEMENT_3D('',#7882,#5588,#5589);
#4622=AXIS2_PLACEMENT_3D('',#7883,#5590,#5591);
#4623=AXIS2_PLACEMENT_3D('',#7884,#5592,#5593);
#4624=AXIS2_PLACEMENT_3D('',#7885,#5594,#5595);
#4625=AXIS2_PLACEMENT_3D('',#7894,#5596,#5597);
#4626=AXIS2_PLACEMENT_3D('',#7897,#5600,#5601);
#4627=AXIS2_PLACEMENT_3D('',#7908,#5604,#5605);
#4628=AXIS2_PLACEMENT_3D('',#7910,#5607,#5608);
#4629=AXIS2_PLACEMENT_3D('',#7921,#5611,#5612);
#4630=AXIS2_PLACEMENT_3D('',#7923,#5614,#5615);
#4631=AXIS2_PLACEMENT_3D('',#7934,#5618,#5619);
#4632=AXIS2_PLACEMENT_3D('',#7936,#5621,#5622);
#4633=AXIS2_PLACEMENT_3D('',#7947,#5625,#5626);
#4634=AXIS2_PLACEMENT_3D('',#7949,#5628,#5629);
#4635=AXIS2_PLACEMENT_3D('',#7960,#5632,#5633);
#4636=AXIS2_PLACEMENT_3D('',#7962,#5635,#5636);
#4637=AXIS2_PLACEMENT_3D('',#7964,#5638,#5639);
#4638=AXIS2_PLACEMENT_3D('',#7970,#5643,#5644);
#4639=AXIS2_PLACEMENT_3D('',#7976,#5648,#5649);
#4640=AXIS2_PLACEMENT_3D('',#7982,#5653,#5654);
#4641=AXIS2_PLACEMENT_3D('',#7988,#5658,#5659);
#4642=AXIS2_PLACEMENT_3D('',#7994,#5663,#5664);
#4643=AXIS2_PLACEMENT_3D('',#8000,#5668,#5669);
#4644=AXIS2_PLACEMENT_3D('',#8001,#5670,#5671);
#4645=AXIS2_PLACEMENT_3D('',#8002,#5672,#5673);
#4646=AXIS2_PLACEMENT_3D('',#8003,#5674,#5675);
#4647=AXIS2_PLACEMENT_3D('',#8004,#5676,#5677);
#4648=AXIS2_PLACEMENT_3D('',#8005,#5678,#5679);
#4649=AXIS2_PLACEMENT_3D('',#8006,#5680,#5681);
#4650=AXIS2_PLACEMENT_3D('',#8011,#5683,#5684);
#4651=AXIS2_PLACEMENT_3D('',#8015,#5686,#5687);
#4652=AXIS2_PLACEMENT_3D('',#8017,#5688,#5689);
#4653=AXIS2_PLACEMENT_3D('',#8021,#5691,#5692);
#4654=AXIS2_PLACEMENT_3D('',#8023,#5693,#5694);
#4655=AXIS2_PLACEMENT_3D('',#8026,#5696,#5697);
#4656=AXIS2_PLACEMENT_3D('',#8027,#5698,#5699);
#4657=AXIS2_PLACEMENT_3D('',#8030,#5702,#5703);
#4658=AXIS2_PLACEMENT_3D('',#8033,#5706,#5707);
#4659=AXIS2_PLACEMENT_3D('',#8036,#5710,#5711);
#4660=AXIS2_PLACEMENT_3D('',#8039,#5714,#5715);
#4661=AXIS2_PLACEMENT_3D('',#8041,#5717,#5718);
#4662=AXIS2_PLACEMENT_3D('',#8042,#5719,#5720);
#4663=AXIS2_PLACEMENT_3D('',#8043,#5721,#5722);
#4664=AXIS2_PLACEMENT_3D('',#8044,#5723,#5724);
#4665=AXIS2_PLACEMENT_3D('',#8046,#5726,#5727);
#4666=AXIS2_PLACEMENT_3D('',#8047,#5728,#5729);
#4667=AXIS2_PLACEMENT_3D('',#8048,#5730,#5731);
#4668=AXIS2_PLACEMENT_3D('',#8049,#5732,#5733);
#4669=AXIS2_PLACEMENT_3D('',#8050,#5734,#5735);
#4670=AXIS2_PLACEMENT_3D('',#8051,#5736,#5737);
#4671=AXIS2_PLACEMENT_3D('',#8052,#5738,#5739);
#4672=AXIS2_PLACEMENT_3D('',#8061,#5740,#5741);
#4673=AXIS2_PLACEMENT_3D('',#8064,#5744,#5745);
#4674=AXIS2_PLACEMENT_3D('',#8075,#5748,#5749);
#4675=AXIS2_PLACEMENT_3D('',#8077,#5751,#5752);
#4676=AXIS2_PLACEMENT_3D('',#8088,#5755,#5756);
#4677=AXIS2_PLACEMENT_3D('',#8090,#5758,#5759);
#4678=AXIS2_PLACEMENT_3D('',#8101,#5762,#5763);
#4679=AXIS2_PLACEMENT_3D('',#8103,#5765,#5766);
#4680=AXIS2_PLACEMENT_3D('',#8114,#5769,#5770);
#4681=AXIS2_PLACEMENT_3D('',#8116,#5772,#5773);
#4682=AXIS2_PLACEMENT_3D('',#8127,#5776,#5777);
#4683=AXIS2_PLACEMENT_3D('',#8129,#5779,#5780);
#4684=AXIS2_PLACEMENT_3D('',#8131,#5782,#5783);
#4685=AXIS2_PLACEMENT_3D('',#8137,#5787,#5788);
#4686=AXIS2_PLACEMENT_3D('',#8143,#5792,#5793);
#4687=AXIS2_PLACEMENT_3D('',#8149,#5797,#5798);
#4688=AXIS2_PLACEMENT_3D('',#8155,#5802,#5803);
#4689=AXIS2_PLACEMENT_3D('',#8161,#5807,#5808);
#4690=AXIS2_PLACEMENT_3D('',#8167,#5812,#5813);
#4691=AXIS2_PLACEMENT_3D('',#8168,#5814,#5815);
#4692=AXIS2_PLACEMENT_3D('',#8169,#5816,#5817);
#4693=AXIS2_PLACEMENT_3D('',#8170,#5818,#5819);
#4694=AXIS2_PLACEMENT_3D('',#8171,#5820,#5821);
#4695=AXIS2_PLACEMENT_3D('',#8172,#5822,#5823);
#4696=AXIS2_PLACEMENT_3D('',#8173,#5824,#5825);
#4697=AXIS2_PLACEMENT_3D('',#8178,#5827,#5828);
#4698=AXIS2_PLACEMENT_3D('',#8182,#5830,#5831);
#4699=AXIS2_PLACEMENT_3D('',#8184,#5832,#5833);
#4700=AXIS2_PLACEMENT_3D('',#8188,#5835,#5836);
#4701=AXIS2_PLACEMENT_3D('',#8190,#5837,#5838);
#4702=AXIS2_PLACEMENT_3D('',#8193,#5840,#5841);
#4703=AXIS2_PLACEMENT_3D('',#8194,#5842,#5843);
#4704=AXIS2_PLACEMENT_3D('',#8197,#5846,#5847);
#4705=AXIS2_PLACEMENT_3D('',#8200,#5850,#5851);
#4706=AXIS2_PLACEMENT_3D('',#8203,#5854,#5855);
#4707=AXIS2_PLACEMENT_3D('',#8206,#5858,#5859);
#4708=AXIS2_PLACEMENT_3D('',#8208,#5861,#5862);
#4709=AXIS2_PLACEMENT_3D('',#8209,#5863,#5864);
#4710=AXIS2_PLACEMENT_3D('',#8210,#5865,#5866);
#4711=AXIS2_PLACEMENT_3D('',#8211,#5867,#5868);
#4712=AXIS2_PLACEMENT_3D('',#8213,#5870,#5871);
#4713=AXIS2_PLACEMENT_3D('',#8214,#5872,#5873);
#4714=AXIS2_PLACEMENT_3D('',#8215,#5874,#5875);
#4715=AXIS2_PLACEMENT_3D('',#8216,#5876,#5877);
#4716=AXIS2_PLACEMENT_3D('',#8217,#5878,#5879);
#4717=AXIS2_PLACEMENT_3D('',#8218,#5880,#5881);
#4718=AXIS2_PLACEMENT_3D('',#8219,#5882,#5883);
#4719=AXIS2_PLACEMENT_3D('',#8220,#5884,#5885);
#4720=DIRECTION('axis',(0.,0.,1.));
#4721=DIRECTION('refdir',(1.,0.,0.));
#4722=DIRECTION('axis',(0.,0.,1.));
#4723=DIRECTION('refdir',(1.,0.,0.));
#4724=DIRECTION('center_axis',(0.,0.,-1.));
#4725=DIRECTION('ref_axis',(0.707106781186548,-0.707106781186547,0.));
#4726=DIRECTION('center_axis',(-1.,0.,0.));
#4727=DIRECTION('ref_axis',(0.,-1.,0.));
#4728=DIRECTION('center_axis',(0.,1.,0.));
#4729=DIRECTION('ref_axis',(0.,0.,1.));
#4730=DIRECTION('center_axis',(0.,0.,-1.));
#4731=DIRECTION('ref_axis',(0.707106781186548,-0.707106781186547,0.));
#4732=DIRECTION('center_axis',(-1.,0.,0.));
#4733=DIRECTION('ref_axis',(0.,-0.707106781186548,0.707106781186547));
#4734=DIRECTION('center_axis',(0.,1.,0.));
#4735=DIRECTION('ref_axis',(0.,0.,1.));
#4736=DIRECTION('center_axis',(0.,0.,-1.));
#4737=DIRECTION('ref_axis',(1.,0.,0.));
#4738=DIRECTION('center_axis',(-1.,0.,0.));
#4739=DIRECTION('ref_axis',(0.,-0.707106781186548,0.707106781186547));
#4740=DIRECTION('center_axis',(0.,1.,0.));
#4741=DIRECTION('ref_axis',(0.707106781186547,0.,0.707106781186547));
#4742=DIRECTION('center_axis',(0.,0.,-1.));
#4743=DIRECTION('ref_axis',(1.,0.,0.));
#4744=DIRECTION('center_axis',(1.,0.,0.));
#4745=DIRECTION('ref_axis',(0.,-0.707106781186547,0.707106781186548));
#4746=DIRECTION('center_axis',(0.,0.,-1.));
#4747=DIRECTION('ref_axis',(0.,-1.,0.));
#4748=DIRECTION('center_axis',(0.,1.,0.));
#4749=DIRECTION('ref_axis',(-1.,0.,0.));
#4750=DIRECTION('center_axis',(1.,0.,0.));
#4751=DIRECTION('ref_axis',(0.,-0.707106781186547,0.707106781186548));
#4752=DIRECTION('center_axis',(0.,0.,-1.));
#4753=DIRECTION('ref_axis',(-0.707106781186547,-0.707106781186548,0.));
#4754=DIRECTION('center_axis',(0.,1.,0.));
#4755=DIRECTION('ref_axis',(-1.,0.,0.));
#4756=DIRECTION('center_axis',(1.,0.,0.));
#4757=DIRECTION('ref_axis',(0.,0.,1.));
#4758=DIRECTION('center_axis',(0.,0.,-1.));
#4759=DIRECTION('ref_axis',(-0.707106781186547,-0.707106781186548,0.));
#4760=DIRECTION('center_axis',(0.,1.,0.));
#4761=DIRECTION('ref_axis',(-0.707106781186547,0.,0.707106781186547));
#4762=DIRECTION('center_axis',(1.,0.,0.));
#4763=DIRECTION('ref_axis',(0.,0.,1.));
#4764=DIRECTION('center_axis',(-1.,0.,0.));
#4765=DIRECTION('ref_axis',(0.,-0.707106781186547,-0.707106781186548));
#4766=DIRECTION('center_axis',(0.,0.,1.));
#4767=DIRECTION('ref_axis',(0.,-1.,0.));
#4768=DIRECTION('center_axis',(0.,1.,0.));
#4769=DIRECTION('ref_axis',(1.,0.,0.));
#4770=DIRECTION('center_axis',(-1.,0.,0.));
#4771=DIRECTION('ref_axis',(0.,-0.707106781186547,-0.707106781186548));
#4772=DIRECTION('center_axis',(0.,0.,1.));
#4773=DIRECTION('ref_axis',(0.707106781186547,-0.707106781186548,0.));
#4774=DIRECTION('center_axis',(0.,1.,0.));
#4775=DIRECTION('ref_axis',(1.,0.,0.));
#4776=DIRECTION('center_axis',(-1.,0.,0.));
#4777=DIRECTION('ref_axis',(0.,0.,-1.));
#4778=DIRECTION('center_axis',(0.,0.,1.));
#4779=DIRECTION('ref_axis',(0.707106781186547,-0.707106781186548,0.));
#4780=DIRECTION('center_axis',(0.,1.,0.));
#4781=DIRECTION('ref_axis',(0.707106781186547,0.,-0.707106781186547));
#4782=DIRECTION('center_axis',(-1.,0.,0.));
#4783=DIRECTION('ref_axis',(0.,0.,-1.));
#4784=DIRECTION('center_axis',(0.,0.,1.));
#4785=DIRECTION('ref_axis',(-0.707106781186548,-0.707106781186547,0.));
#4786=DIRECTION('center_axis',(1.,0.,0.));
#4787=DIRECTION('ref_axis',(0.,-1.,0.));
#4788=DIRECTION('center_axis',(0.,1.,0.));
#4789=DIRECTION('ref_axis',(0.,0.,-1.));
#4790=DIRECTION('center_axis',(0.,0.,1.));
#4791=DIRECTION('ref_axis',(-0.707106781186548,-0.707106781186547,0.));
#4792=DIRECTION('center_axis',(1.,0.,0.));
#4793=DIRECTION('ref_axis',(0.,-0.707106781186548,-0.707106781186547));
#4794=DIRECTION('center_axis',(0.,1.,0.));
#4795=DIRECTION('ref_axis',(0.,0.,-1.));
#4796=DIRECTION('center_axis',(0.,0.,1.));
#4797=DIRECTION('ref_axis',(-1.,0.,0.));
#4798=DIRECTION('center_axis',(1.,0.,0.));
#4799=DIRECTION('ref_axis',(0.,-0.707106781186548,-0.707106781186547));
#4800=DIRECTION('center_axis',(0.,1.,0.));
#4801=DIRECTION('ref_axis',(-0.707106781186547,0.,-0.707106781186547));
#4802=DIRECTION('center_axis',(0.,0.,1.));
#4803=DIRECTION('ref_axis',(-1.,0.,0.));
#4804=DIRECTION('center_axis',(1.,0.,0.));
#4805=DIRECTION('ref_axis',(0.,-1.,0.));
#4806=DIRECTION('center_axis',(0.,1.,0.));
#4807=DIRECTION('ref_axis',(-0.707106781186547,0.,-0.707106781186547));
#4808=DIRECTION('center_axis',(0.,-1.,0.));
#4809=DIRECTION('ref_axis',(-0.707106781186547,0.,-0.707106781186547));
#4810=DIRECTION('center_axis',(0.,-1.,0.));
#4811=DIRECTION('ref_axis',(-0.707106781186547,0.,-0.707106781186547));
#4812=DIRECTION('',(0.,-1.,0.));
#4813=DIRECTION('',(0.,1.,0.));
#4814=DIRECTION('center_axis',(0.,0.,1.));
#4815=DIRECTION('ref_axis',(0.,-1.,0.));
#4816=DIRECTION('center_axis',(0.,1.,0.));
#4817=DIRECTION('ref_axis',(0.707106781186547,0.,-0.707106781186547));
#4818=DIRECTION('center_axis',(0.,-1.,0.));
#4819=DIRECTION('ref_axis',(0.707106781186547,0.,-0.707106781186547));
#4820=DIRECTION('center_axis',(0.,-1.,0.));
#4821=DIRECTION('ref_axis',(0.707106781186547,0.,-0.707106781186547));
#4822=DIRECTION('',(0.,-1.,0.));
#4823=DIRECTION('',(0.,1.,0.));
#4824=DIRECTION('center_axis',(0.,0.,-1.));
#4825=DIRECTION('ref_axis',(0.,-1.,0.));
#4826=DIRECTION('center_axis',(0.,1.,0.));
#4827=DIRECTION('ref_axis',(-0.707106781186547,0.,0.707106781186547));
#4828=DIRECTION('center_axis',(0.,-1.,0.));
#4829=DIRECTION('ref_axis',(-0.707106781186547,0.,0.707106781186547));
#4830=DIRECTION('center_axis',(0.,-1.,0.));
#4831=DIRECTION('ref_axis',(-0.707106781186547,0.,0.707106781186547));
#4832=DIRECTION('',(0.,-1.,0.));
#4833=DIRECTION('',(0.,1.,0.));
#4834=DIRECTION('center_axis',(0.,0.,-1.));
#4835=DIRECTION('ref_axis',(-0.707106781186548,-0.707106781186547,0.));
#4836=DIRECTION('',(0.,0.,1.));
#4837=DIRECTION('',(0.,0.,-1.));
#4838=DIRECTION('center_axis',(-1.,0.,0.));
#4839=DIRECTION('ref_axis',(0.,-1.,0.));
#4840=DIRECTION('center_axis',(0.,1.,0.));
#4841=DIRECTION('ref_axis',(0.707106781186547,0.,0.707106781186547));
#4842=DIRECTION('center_axis',(0.,-1.,0.));
#4843=DIRECTION('ref_axis',(0.707106781186547,0.,0.707106781186547));
#4844=DIRECTION('center_axis',(0.,-1.,0.));
#4845=DIRECTION('ref_axis',(0.707106781186547,0.,0.707106781186547));
#4846=DIRECTION('',(0.,-1.,0.));
#4847=DIRECTION('',(0.,1.,0.));
#4848=DIRECTION('center_axis',(-1.,0.,0.));
#4849=DIRECTION('ref_axis',(0.,-0.707106781186547,0.707106781186548));
#4850=DIRECTION('',(1.,0.,0.));
#4851=DIRECTION('',(-1.,0.,0.));
#4852=DIRECTION('center_axis',(0.,0.,1.));
#4853=DIRECTION('ref_axis',(0.707106781186548,-0.707106781186547,0.));
#4854=DIRECTION('',(0.,0.,-1.));
#4855=DIRECTION('',(0.,0.,1.));
#4856=DIRECTION('center_axis',(1.,0.,0.));
#4857=DIRECTION('ref_axis',(0.,-0.707106781186547,-0.707106781186548));
#4858=DIRECTION('',(-1.,0.,0.));
#4859=DIRECTION('',(1.,0.,0.));
#4860=DIRECTION('center_axis',(-1.,0.,0.));
#4861=DIRECTION('ref_axis',(0.,0.,-1.));
#4862=DIRECTION('',(0.,0.,-1.));
#4863=DIRECTION('center_axis',(0.,0.,1.));
#4864=DIRECTION('ref_axis',(-1.,0.,0.));
#4865=DIRECTION('',(-1.,0.,0.));
#4866=DIRECTION('center_axis',(0.,1.,0.));
#4867=DIRECTION('ref_axis',(1.,0.,0.));
#4868=DIRECTION('',(0.,0.,1.));
#4869=DIRECTION('',(1.,0.,0.));
#4870=DIRECTION('',(0.,0.,1.));
#4871=DIRECTION('',(-1.,0.,0.));
#4872=DIRECTION('',(0.,0.,-1.));
#4873=DIRECTION('',(1.,0.,0.));
#4874=DIRECTION('center_axis',(0.,-1.,0.));
#4875=DIRECTION('ref_axis',(0.,0.,-1.));
#4876=DIRECTION('center_axis',(0.,-1.,0.));
#4877=DIRECTION('ref_axis',(1.,0.,0.));
#4878=DIRECTION('',(1.,0.,0.));
#4879=DIRECTION('',(0.,0.,-1.));
#4880=DIRECTION('',(-1.,0.,0.));
#4881=DIRECTION('',(0.,0.,1.));
#4882=DIRECTION('center_axis',(0.,0.,1.));
#4883=DIRECTION('ref_axis',(1.,0.,0.));
#4884=DIRECTION('',(0.707106781186547,-0.707106781186548,0.));
#4885=DIRECTION('',(-0.707106781186547,-0.707106781186548,0.));
#4886=DIRECTION('',(0.,1.,0.));
#4887=DIRECTION('center_axis',(0.707106781186548,-0.707106781186547,0.));
#4888=DIRECTION('ref_axis',(0.707106781186547,0.707106781186548,0.));
#4889=DIRECTION('',(0.,0.,1.));
#4890=DIRECTION('',(0.,0.,1.));
#4891=DIRECTION('',(0.707106781186547,0.707106781186548,0.));
#4892=DIRECTION('center_axis',(0.707106781186548,0.707106781186547,0.));
#4893=DIRECTION('ref_axis',(-0.707106781186547,0.707106781186548,0.));
#4894=DIRECTION('',(0.,0.,-1.));
#4895=DIRECTION('',(-0.707106781186547,0.707106781186548,0.));
#4896=DIRECTION('center_axis',(0.,0.,-1.));
#4897=DIRECTION('ref_axis',(-1.,0.,0.));
#4898=DIRECTION('',(0.,-1.,0.));
#4899=DIRECTION('center_axis',(0.,0.,-1.));
#4900=DIRECTION('ref_axis',(-1.,0.,0.));
#4901=DIRECTION('',(-0.707106781186547,-0.707106781186548,0.));
#4902=DIRECTION('',(0.,-1.,0.));
#4903=DIRECTION('',(0.707106781186547,-0.707106781186548,0.));
#4904=DIRECTION('center_axis',(0.707106781186548,0.707106781186547,0.));
#4905=DIRECTION('ref_axis',(-0.707106781186547,0.707106781186548,0.));
#4906=DIRECTION('',(0.,0.,-1.));
#4907=DIRECTION('',(-0.707106781186547,0.707106781186548,0.));
#4908=DIRECTION('',(0.,0.,1.));
#4909=DIRECTION('center_axis',(0.707106781186548,-0.707106781186547,0.));
#4910=DIRECTION('ref_axis',(0.707106781186547,0.707106781186548,0.));
#4911=DIRECTION('',(0.707106781186547,0.707106781186548,0.));
#4912=DIRECTION('',(0.,0.,1.));
#4913=DIRECTION('center_axis',(0.,0.,1.));
#4914=DIRECTION('ref_axis',(1.,0.,0.));
#4915=DIRECTION('',(0.,1.,0.));
#4916=DIRECTION('center_axis',(0.,0.,-1.));
#4917=DIRECTION('ref_axis',(1.,0.,0.));
#4918=DIRECTION('',(0.,-1.,0.));
#4919=DIRECTION('',(0.,-1.,0.));
#4920=DIRECTION('center_axis',(1.,0.,0.));
#4921=DIRECTION('ref_axis',(0.,0.,1.));
#4922=DIRECTION('',(0.,-1.,0.));
#4923=DIRECTION('center_axis',(0.,0.,1.));
#4924=DIRECTION('ref_axis',(-1.,0.,0.));
#4925=DIRECTION('',(0.,-1.,0.));
#4926=DIRECTION('center_axis',(-1.,0.,0.));
#4927=DIRECTION('ref_axis',(0.,0.,-1.));
#4928=DIRECTION('center_axis',(1.,0.,0.));
#4929=DIRECTION('ref_axis',(0.,0.,1.));
#4930=DIRECTION('center_axis',(0.,0.,-1.));
#4931=DIRECTION('ref_axis',(1.,0.,0.));
#4932=DIRECTION('center_axis',(0.,-1.,0.));
#4933=DIRECTION('ref_axis',(-0.707106781186547,0.,-0.707106781186547));
#4934=DIRECTION('center_axis',(0.,1.,0.));
#4935=DIRECTION('ref_axis',(-0.707106781186547,0.,-0.707106781186547));
#4936=DIRECTION('',(0.,1.,0.));
#4937=DIRECTION('center_axis',(0.,-1.,0.));
#4938=DIRECTION('ref_axis',(-0.707106781186547,0.,-0.707106781186547));
#4939=DIRECTION('',(0.,-1.,0.));
#4940=DIRECTION('center_axis',(0.,0.,-1.));
#4941=DIRECTION('ref_axis',(1.,0.,0.));
#4942=DIRECTION('',(-1.,0.,0.));
#4943=DIRECTION('',(0.,1.,0.));
#4944=DIRECTION('',(1.,0.,0.));
#4945=DIRECTION('center_axis',(0.,-1.,0.));
#4946=DIRECTION('ref_axis',(1.,0.,0.));
#4947=DIRECTION('',(0.,0.,1.));
#4948=DIRECTION('center_axis',(0.,-1.,0.));
#4949=DIRECTION('ref_axis',(-0.707106781186547,0.,0.707106781186547));
#4950=DIRECTION('',(1.,0.,0.));
#4951=DIRECTION('center_axis',(0.,-1.,0.));
#4952=DIRECTION('ref_axis',(0.707106781186547,0.,0.707106781186547));
#4953=DIRECTION('',(0.,0.,-1.));
#4954=DIRECTION('center_axis',(0.,-1.,0.));
#4955=DIRECTION('ref_axis',(0.707106781186547,0.,-0.707106781186547));
#4956=DIRECTION('',(1.,0.,-6.27237941438089E-16));
#4957=DIRECTION('',(0.707106781186548,0.,0.707106781186547));
#4958=DIRECTION('',(0.,0.,1.));
#4959=DIRECTION('',(-0.707106781186547,0.,0.707106781186548));
#4960=DIRECTION('',(-1.,0.,1.56809485359522E-16));
#4961=DIRECTION('',(-0.707106781186548,0.,-0.707106781186547));
#4962=DIRECTION('',(-3.13618970719045E-16,0.,-1.));
#4963=DIRECTION('',(0.707106781186547,0.,-0.707106781186548));
#4964=DIRECTION('center_axis',(0.,-1.,0.));
#4965=DIRECTION('ref_axis',(0.933108875405127,0.,-0.359593974699491));
#4966=DIRECTION('',(-1.36058970367467E-14,0.,1.));
#4967=DIRECTION('center_axis',(0.,-1.,0.));
#4968=DIRECTION('ref_axis',(0.707106781186538,0.,0.707106781186558));
#4969=DIRECTION('',(-1.,0.,-1.39281567866515E-14));
#4970=DIRECTION('center_axis',(0.,-1.,0.));
#4971=DIRECTION('ref_axis',(-0.707106781186557,0.,0.707106781186537));
#4972=DIRECTION('',(1.45129568391965E-14,0.,-1.));
#4973=DIRECTION('center_axis',(0.,-1.,0.));
#4974=DIRECTION('ref_axis',(-0.933108875405117,0.,-0.359593974699518));
#4975=DIRECTION('',(0.671080658668636,0.,-0.741384346719615));
#4976=DIRECTION('center_axis',(0.,-1.,0.));
#4977=DIRECTION('ref_axis',(-0.405536275400459,0.,-0.914078951368164));
#4978=DIRECTION('',(1.,0.,1.39444896694945E-14));
#4979=DIRECTION('center_axis',(0.,-1.,0.));
#4980=DIRECTION('ref_axis',(0.405536275400485,0.,-0.914078951368153));
#4981=DIRECTION('',(0.671080658668615,0.,0.741384346719634));
#4982=DIRECTION('center_axis',(0.,-1.,0.));
#4983=DIRECTION('ref_axis',(-0.933108875405122,0.,0.359593974699504));
#4984=DIRECTION('',(0.,0.,-1.));
#4985=DIRECTION('center_axis',(0.,-1.,0.));
#4986=DIRECTION('ref_axis',(-0.707106781186547,0.,-0.707106781186547));
#4987=DIRECTION('',(1.,0.,0.));
#4988=DIRECTION('center_axis',(0.,-1.,0.));
#4989=DIRECTION('ref_axis',(0.707106781186547,0.,-0.707106781186547));
#4990=DIRECTION('',(0.,0.,1.));
#4991=DIRECTION('center_axis',(0.,-1.,0.));
#4992=DIRECTION('ref_axis',(0.933108875405122,0.,0.359593974699504));
#4993=DIRECTION('',(-0.671080658668626,0.,0.741384346719624));
#4994=DIRECTION('center_axis',(0.,-1.,0.));
#4995=DIRECTION('ref_axis',(0.405536275400472,0.,0.914078951368159));
#4996=DIRECTION('',(-1.,0.,9.96034976392464E-17));
#4997=DIRECTION('center_axis',(0.,-1.,0.));
#4998=DIRECTION('ref_axis',(-0.405536275400472,0.,0.914078951368159));
#4999=DIRECTION('',(-0.671080658668625,0.,-0.741384346719624));
#5000=DIRECTION('center_axis',(0.,-1.,0.));
#5001=DIRECTION('ref_axis',(0.359593974699504,0.,0.933108875405122));
#5002=DIRECTION('',(-1.,0.,0.));
#5003=DIRECTION('center_axis',(0.,-1.,0.));
#5004=DIRECTION('ref_axis',(-0.707106781186547,0.,0.707106781186547));
#5005=DIRECTION('',(0.,0.,-1.));
#5006=DIRECTION('center_axis',(0.,-1.,0.));
#5007=DIRECTION('ref_axis',(-0.707106781186547,0.,-0.707106781186547));
#5008=DIRECTION('',(1.,0.,0.));
#5009=DIRECTION('center_axis',(0.,-1.,0.));
#5010=DIRECTION('ref_axis',(0.359593974699504,0.,-0.933108875405122));
#5011=DIRECTION('',(0.741384346719624,0.,0.671080658668625));
#5012=DIRECTION('center_axis',(0.,-1.,0.));
#5013=DIRECTION('ref_axis',(0.914078951368159,0.,-0.405536275400472));
#5014=DIRECTION('',(0.,0.,1.));
#5015=DIRECTION('center_axis',(0.,-1.,0.));
#5016=DIRECTION('ref_axis',(0.914078951368159,0.,0.405536275400472));
#5017=DIRECTION('',(-0.741384346719624,0.,0.671080658668625));
#5018=DIRECTION('center_axis',(0.,-1.,0.));
#5019=DIRECTION('ref_axis',(-0.359593974699505,0.,-0.933108875405122));
#5020=DIRECTION('',(1.,0.,0.));
#5021=DIRECTION('center_axis',(0.,-1.,0.));
#5022=DIRECTION('ref_axis',(0.707106781186547,0.,-0.707106781186548));
#5023=DIRECTION('',(1.04722983358282E-16,0.,1.));
#5024=DIRECTION('center_axis',(0.,-1.,0.));
#5025=DIRECTION('ref_axis',(0.707106781186548,0.,0.707106781186547));
#5026=DIRECTION('',(-1.,0.,0.));
#5027=DIRECTION('center_axis',(0.,-1.,0.));
#5028=DIRECTION('ref_axis',(-0.359593974699504,0.,0.933108875405122));
#5029=DIRECTION('',(-0.741384346719624,0.,-0.671080658668625));
#5030=DIRECTION('center_axis',(0.,-1.,0.));
#5031=DIRECTION('ref_axis',(-0.914078951368159,0.,0.405536275400472));
#5032=DIRECTION('',(-1.99206995278493E-16,0.,-1.));
#5033=DIRECTION('center_axis',(0.,-1.,0.));
#5034=DIRECTION('ref_axis',(-0.914078951368159,0.,-0.405536275400472));
#5035=DIRECTION('',(0.741384346719624,0.,-0.671080658668626));
#5036=DIRECTION('center_axis',(0.,-1.,0.));
#5037=DIRECTION('ref_axis',(0.707106781186547,0.,-0.707106781186547));
#5038=DIRECTION('center_axis',(0.,1.,0.));
#5039=DIRECTION('ref_axis',(0.707106781186547,0.,-0.707106781186547));
#5040=DIRECTION('',(0.,-1.,0.));
#5041=DIRECTION('center_axis',(1.,0.,0.));
#5042=DIRECTION('ref_axis',(0.,0.,1.));
#5043=DIRECTION('',(0.,1.,0.));
#5044=DIRECTION('',(0.,0.,1.));
#5045=DIRECTION('center_axis',(0.,-1.,0.));
#5046=DIRECTION('ref_axis',(-0.707106781186547,0.,0.707106781186547));
#5047=DIRECTION('center_axis',(0.,1.,0.));
#5048=DIRECTION('ref_axis',(-0.707106781186547,0.,0.707106781186547));
#5049=DIRECTION('',(0.,1.,0.));
#5050=DIRECTION('',(0.,-1.,0.));
#5051=DIRECTION('center_axis',(0.,0.,1.));
#5052=DIRECTION('ref_axis',(-1.,0.,0.));
#5053=DIRECTION('',(-1.,0.,0.));
#5054=DIRECTION('',(0.,-1.,0.));
#5055=DIRECTION('center_axis',(0.,-1.,0.));
#5056=DIRECTION('ref_axis',(0.707106781186547,0.,0.707106781186547));
#5057=DIRECTION('center_axis',(0.,1.,0.));
#5058=DIRECTION('ref_axis',(0.707106781186547,0.,0.707106781186547));
#5059=DIRECTION('center_axis',(0.,0.,1.));
#5060=DIRECTION('ref_axis',(1.,0.,0.));
#5061=DIRECTION('',(-0.707106781186548,0.707106781186547,0.));
#5062=DIRECTION('',(0.,1.,0.));
#5063=DIRECTION('',(0.707106781186548,0.707106781186547,0.));
#5064=DIRECTION('center_axis',(-0.707106781186547,0.707106781186548,0.));
#5065=DIRECTION('ref_axis',(-0.707106781186548,-0.707106781186547,0.));
#5066=DIRECTION('',(0.,0.,-1.));
#5067=DIRECTION('',(-0.707106781186548,-0.707106781186547,0.));
#5068=DIRECTION('',(0.,0.,1.));
#5069=DIRECTION('center_axis',(-0.707106781186547,-0.707106781186548,0.));
#5070=DIRECTION('ref_axis',(0.707106781186548,-0.707106781186547,0.));
#5071=DIRECTION('',(0.707106781186548,-0.707106781186547,0.));
#5072=DIRECTION('',(0.,0.,1.));
#5073=DIRECTION('center_axis',(0.,0.,-1.));
#5074=DIRECTION('ref_axis',(-1.,0.,0.));
#5075=DIRECTION('',(0.,-1.,0.));
#5076=DIRECTION('center_axis',(-1.,0.,0.));
#5077=DIRECTION('ref_axis',(0.,0.,-1.));
#5078=DIRECTION('',(0.,0.,1.));
#5079=DIRECTION('',(0.,-1.,0.));
#5080=DIRECTION('',(0.,0.,-1.));
#5081=DIRECTION('center_axis',(-1.,0.,0.));
#5082=DIRECTION('ref_axis',(0.,0.,-1.));
#5083=DIRECTION('',(0.,0.,-1.));
#5084=DIRECTION('',(0.,-1.,0.));
#5085=DIRECTION('',(0.,0.,1.));
#5086=DIRECTION('center_axis',(0.,0.,-1.));
#5087=DIRECTION('ref_axis',(-1.,0.,0.));
#5088=DIRECTION('',(0.707106781186548,0.707106781186547,0.));
#5089=DIRECTION('',(-0.707106781186548,0.707106781186547,0.));
#5090=DIRECTION('',(0.,-1.,0.));
#5091=DIRECTION('center_axis',(-0.707106781186547,-0.707106781186548,0.));
#5092=DIRECTION('ref_axis',(0.707106781186548,-0.707106781186547,0.));
#5093=DIRECTION('',(0.,0.,1.));
#5094=DIRECTION('',(0.,0.,1.));
#5095=DIRECTION('',(0.707106781186548,-0.707106781186547,0.));
#5096=DIRECTION('center_axis',(-0.707106781186547,0.707106781186548,0.));
#5097=DIRECTION('ref_axis',(-0.707106781186548,-0.707106781186547,0.));
#5098=DIRECTION('',(0.,0.,-1.));
#5099=DIRECTION('',(-0.707106781186548,-0.707106781186547,0.));
#5100=DIRECTION('center_axis',(0.,0.,1.));
#5101=DIRECTION('ref_axis',(1.,0.,0.));
#5102=DIRECTION('',(0.,1.,0.));
#5103=DIRECTION('center_axis',(1.,0.,0.));
#5104=DIRECTION('ref_axis',(0.,0.,1.));
#5105=DIRECTION('',(0.,0.,1.));
#5106=DIRECTION('',(0.,-1.,0.));
#5107=DIRECTION('',(0.,0.,-1.));
#5108=DIRECTION('center_axis',(1.,0.,0.));
#5109=DIRECTION('ref_axis',(0.,0.,1.));
#5110=DIRECTION('',(0.,0.,-1.));
#5111=DIRECTION('',(0.,-1.,0.));
#5112=DIRECTION('',(0.,0.,1.));
#5113=DIRECTION('center_axis',(-0.499563477356506,0.707723578936685,0.499563477356507));
#5114=DIRECTION('ref_axis',(0.707106781186548,0.,0.707106781186547));
#5115=DIRECTION('',(-0.707106781186548,-1.24024618376628E-32,-0.707106781186547));
#5116=DIRECTION('',(-0.67914345091405,-0.677959155175235,0.281310428165466));
#5117=DIRECTION('',(0.707106781186548,1.24024618376628E-32,0.707106781186547));
#5118=DIRECTION('',(-0.281310428165468,-0.677959155175235,0.679143450914049));
#5119=DIRECTION('center_axis',(-0.706489444943837,0.707723578936685,2.21568492547155E-16));
#5120=DIRECTION('ref_axis',(3.13618970719045E-16,0.,1.));
#5121=DIRECTION('',(-3.13618970719045E-16,-2.87013759343158E-32,-1.));
#5122=DIRECTION('',(-0.67914345091405,-0.677959155175234,-0.281310428165467));
#5123=DIRECTION('',(3.13618970719045E-16,2.87013759343158E-32,1.));
#5124=DIRECTION('center_axis',(-0.499563477356507,0.707723578936686,-0.499563477356506));
#5125=DIRECTION('ref_axis',(-0.707106781186547,0.,0.707106781186548));
#5126=DIRECTION('',(0.707106781186547,-2.81874132674154E-32,-0.707106781186548));
#5127=DIRECTION('',(-0.281310428165468,-0.677959155175234,-0.67914345091405));
#5128=DIRECTION('',(-0.707106781186547,2.81874132674154E-32,0.707106781186548));
#5129=DIRECTION('center_axis',(-4.4313698509431E-16,0.707723578936685,-0.706489444943836));
#5130=DIRECTION('ref_axis',(-1.,0.,6.27237941438089E-16));
#5131=DIRECTION('',(-1.,1.11616461966784E-32,6.27237941438089E-16));
#5132=DIRECTION('',(1.,-1.11616461966784E-32,-6.27237941438089E-16));
#5133=DIRECTION('',(0.281310428165465,-0.677959155175235,-0.67914345091405));
#5134=DIRECTION('center_axis',(0.499563477356507,0.707723578936685,-0.499563477356507));
#5135=DIRECTION('ref_axis',(-0.707106781186548,0.,-0.707106781186547));
#5136=DIRECTION('',(-0.707106781186548,-1.24024618376628E-32,-0.707106781186547));
#5137=DIRECTION('',(0.707106781186548,1.24024618376628E-32,0.707106781186547));
#5138=DIRECTION('',(0.67914345091405,-0.677959155175235,-0.281310428165465));
#5139=DIRECTION('center_axis',(0.706489444943837,0.707723578936685,-2.02772500369693E-32));
#5140=DIRECTION('ref_axis',(-2.87014196490667E-32,0.,-1.));
#5141=DIRECTION('',(5.00934018550666E-35,-2.87013759343158E-32,-1.));
#5142=DIRECTION('',(-5.00934018550666E-35,2.87013759343158E-32,1.));
#5143=DIRECTION('',(0.679143450914049,-0.677959155175235,0.281310428165466));
#5144=DIRECTION('center_axis',(0.499563477356507,0.707723578936685,0.499563477356506));
#5145=DIRECTION('ref_axis',(0.707106781186547,0.,-0.707106781186548));
#5146=DIRECTION('',(0.707106781186547,-2.81874132674154E-32,-0.707106781186548));
#5147=DIRECTION('',(-0.707106781186547,2.81874132674154E-32,0.707106781186548));
#5148=DIRECTION('',(0.281310428165468,-0.677959155175235,0.679143450914049));
#5149=DIRECTION('center_axis',(1.10784246273578E-16,0.707723578936684,0.706489444943837));
#5150=DIRECTION('ref_axis',(1.,0.,-1.56809485359522E-16));
#5151=DIRECTION('',(1.,-1.11616461966784E-32,-1.56809485359522E-16));
#5152=DIRECTION('',(-1.,1.11616461966784E-32,1.56809485359522E-16));
#5153=DIRECTION('center_axis',(0.999998476913288,0.00174532836589829,0.));
#5154=DIRECTION('ref_axis',(0.,0.,-1.));
#5155=DIRECTION('',(-0.00174532790980897,0.999998215593621,-0.000722938491031179));
#5156=DIRECTION('',(-0.00174532790980897,0.999998215593621,0.000722938491031207));
#5157=DIRECTION('center_axis',(0.707105704201605,0.0017453283658983,0.707105704201604));
#5158=DIRECTION('ref_axis',(0.707106781186547,0.,-0.707106781186548));
#5159=DIRECTION('',(-0.000722938491031181,0.999998215593621,-0.00174532790980897));
#5160=DIRECTION('center_axis',(1.56809246525079E-16,0.00174532836589829,
0.999998476913288));
#5161=DIRECTION('ref_axis',(1.,0.,-1.56809485359522E-16));
#5162=DIRECTION('',(0.000722938491031179,0.999998215593621,-0.00174532790980897));
#5163=DIRECTION('center_axis',(-0.707105704201605,0.0017453283658983,0.707105704201605));
#5164=DIRECTION('ref_axis',(0.707106781186548,0.,0.707106781186547));
#5165=DIRECTION('',(0.00174532790980897,0.999998215593621,-0.00072293849103118));
#5166=DIRECTION('center_axis',(1.11616461966784E-32,1.,-2.87013759343158E-32));
#5167=DIRECTION('ref_axis',(0.,2.87013759343158E-32,1.));
#5168=DIRECTION('',(5.0093401855067E-35,-2.87013759343158E-32,-1.));
#5169=DIRECTION('',(-1.,1.11616461966784E-32,-1.38777878078145E-17));
#5170=DIRECTION('',(5.0093401855069E-35,-2.87013759343158E-32,-1.));
#5171=DIRECTION('',(1.,-1.11616461966784E-32,-1.38777878078145E-17));
#5172=DIRECTION('',(5.00934018550672E-35,-2.87013759343158E-32,-1.));
#5173=DIRECTION('',(1.,-1.11616461966784E-32,1.94807673880821E-35));
#5174=DIRECTION('',(5.0093401855067E-35,2.87013759343158E-32,1.));
#5175=DIRECTION('',(1.,-1.11616461966784E-32,-1.38777878078145E-17));
#5176=DIRECTION('',(5.0093401855065E-35,2.87013759343158E-32,1.));
#5177=DIRECTION('',(-1.,1.11616461966784E-32,-1.38777878078145E-17));
#5178=DIRECTION('',(5.00934018550672E-35,2.87013759343158E-32,1.));
#5179=DIRECTION('',(-1.,1.11616461966784E-32,1.94807673880821E-35));
#5180=DIRECTION('center_axis',(-0.999998476913288,-0.0017453283658983,0.));
#5181=DIRECTION('ref_axis',(0.,0.,1.));
#5182=DIRECTION('',(-0.00174532570761996,0.999996953833535,0.00174532570762));
#5183=DIRECTION('',(0.,0.,-1.));
#5184=DIRECTION('',(-0.00174532570761996,0.999996953833535,0.00174532570761998));
#5185=DIRECTION('center_axis',(-1.38777666707403E-17,-0.00174532836589832,
0.999998476913288));
#5186=DIRECTION('ref_axis',(1.,0.,1.38777878078145E-17));
#5187=DIRECTION('',(-1.,0.,-1.38777878078145E-17));
#5188=DIRECTION('',(-0.00174532570762003,0.999996953833535,0.00174532570761998));
#5189=DIRECTION('center_axis',(-0.999998476913288,-0.00174532836589837,
0.));
#5190=DIRECTION('ref_axis',(0.,0.,1.));
#5191=DIRECTION('',(0.,0.,-1.));
#5192=DIRECTION('',(-0.00174532570762003,0.999996953833535,-0.00174532570761996));
#5193=DIRECTION('center_axis',(-1.38777666707403E-17,-0.0017453283658983,
-0.999998476913288));
#5194=DIRECTION('ref_axis',(-1.,0.,1.38777878078145E-17));
#5195=DIRECTION('',(1.,0.,-1.38777878078145E-17));
#5196=DIRECTION('',(-0.00174532570761996,0.999996953833535,-0.00174532570761996));
#5197=DIRECTION('center_axis',(-0.999998476913288,-0.00174532836589831,
0.));
#5198=DIRECTION('ref_axis',(0.,0.,1.));
#5199=DIRECTION('',(0.,0.,-1.));
#5200=DIRECTION('',(-0.00174532570761996,0.999996953833535,-0.00174532570762));
#5201=DIRECTION('center_axis',(0.,-0.00174532836589834,-0.999998476913288));
#5202=DIRECTION('ref_axis',(-1.,0.,0.));
#5203=DIRECTION('',(1.,0.,0.));
#5204=DIRECTION('',(0.00174532570761996,0.999996953833535,-0.00174532570762));
#5205=DIRECTION('center_axis',(0.999998476913288,-0.0017453283658983,0.));
#5206=DIRECTION('ref_axis',(0.,0.,-1.));
#5207=DIRECTION('',(0.,0.,1.));
#5208=DIRECTION('',(0.00174532570761996,0.999996953833535,-0.00174532570761998));
#5209=DIRECTION('center_axis',(-1.38777666707403E-17,-0.00174532836589832,
-0.999998476913288));
#5210=DIRECTION('ref_axis',(-1.,0.,1.38777878078145E-17));
#5211=DIRECTION('',(1.,0.,-1.38777878078145E-17));
#5212=DIRECTION('',(0.00174532570761989,0.999996953833535,-0.00174532570761998));
#5213=DIRECTION('center_axis',(0.999998476913288,-0.00174532836589823,0.));
#5214=DIRECTION('ref_axis',(0.,0.,-1.));
#5215=DIRECTION('',(0.,0.,1.));
#5216=DIRECTION('',(0.00174532570761989,0.999996953833535,0.00174532570761996));
#5217=DIRECTION('center_axis',(-1.38777666707403E-17,-0.00174532836589831,
0.999998476913288));
#5218=DIRECTION('ref_axis',(1.,0.,1.38777878078145E-17));
#5219=DIRECTION('',(-1.,0.,-1.38777878078145E-17));
#5220=DIRECTION('',(0.00174532570761996,0.999996953833535,0.00174532570761996));
#5221=DIRECTION('center_axis',(0.999998476913288,-0.00174532836589831,0.));
#5222=DIRECTION('ref_axis',(0.,0.,-1.));
#5223=DIRECTION('',(0.,0.,1.));
#5224=DIRECTION('',(0.00174532570761996,0.999996953833535,0.00174532570762));
#5225=DIRECTION('center_axis',(0.,-0.00174532836589834,0.999998476913288));
#5226=DIRECTION('ref_axis',(1.,0.,0.));
#5227=DIRECTION('',(-1.,0.,0.));
#5228=DIRECTION('center_axis',(-6.27236986100315E-16,0.00174532836589829,
-0.999998476913288));
#5229=DIRECTION('ref_axis',(-1.,0.,6.27237941438089E-16));
#5230=DIRECTION('',(-0.000722938491031206,0.999998215593621,0.00174532790980897));
#5231=DIRECTION('',(0.000722938491031208,0.999998215593621,0.00174532790980897));
#5232=DIRECTION('center_axis',(0.707105704201605,0.00174532836589832,-0.707105704201605));
#5233=DIRECTION('ref_axis',(-0.707106781186548,0.,-0.707106781186547));
#5234=DIRECTION('center_axis',(-0.999998476913288,0.00174532836589829,3.13618493050158E-16));
#5235=DIRECTION('ref_axis',(3.13618970719045E-16,0.,1.));
#5236=DIRECTION('',(0.00174532790980897,0.999998215593621,0.000722938491031206));
#5237=DIRECTION('center_axis',(-0.707105704201606,0.00174532836589832,-0.707105704201604));
#5238=DIRECTION('ref_axis',(-0.707106781186547,0.,0.707106781186548));
#5239=DIRECTION('center_axis',(-1.,0.,0.));
#5240=DIRECTION('ref_axis',(0.,0.,-1.));
#5241=DIRECTION('',(0.,0.,1.));
#5242=DIRECTION('',(0.,-1.,0.));
#5243=DIRECTION('',(0.,-1.,0.));
#5244=DIRECTION('center_axis',(-1.38777878078145E-17,0.,-1.));
#5245=DIRECTION('ref_axis',(1.,0.,-1.38777878078145E-17));
#5246=DIRECTION('',(-1.,0.,1.38777878078145E-17));
#5247=DIRECTION('',(0.,-1.,0.));
#5248=DIRECTION('center_axis',(-1.,0.,0.));
#5249=DIRECTION('ref_axis',(0.,0.,-1.));
#5250=DIRECTION('',(0.,0.,1.));
#5251=DIRECTION('',(0.,-1.,0.));
#5252=DIRECTION('center_axis',(-1.38777878078145E-17,0.,1.));
#5253=DIRECTION('ref_axis',(-1.,0.,-1.38777878078145E-17));
#5254=DIRECTION('',(1.,0.,1.38777878078145E-17));
#5255=DIRECTION('',(0.,-1.,0.));
#5256=DIRECTION('center_axis',(-1.,0.,0.));
#5257=DIRECTION('ref_axis',(0.,0.,-1.));
#5258=DIRECTION('',(0.,0.,1.));
#5259=DIRECTION('',(0.,-1.,0.));
#5260=DIRECTION('center_axis',(0.,0.,1.));
#5261=DIRECTION('ref_axis',(-1.,0.,0.));
#5262=DIRECTION('',(1.,0.,0.));
#5263=DIRECTION('',(0.,-1.,0.));
#5264=DIRECTION('center_axis',(1.,0.,0.));
#5265=DIRECTION('ref_axis',(0.,0.,1.));
#5266=DIRECTION('',(0.,0.,-1.));
#5267=DIRECTION('',(0.,-1.,0.));
#5268=DIRECTION('center_axis',(-1.38777878078145E-17,0.,1.));
#5269=DIRECTION('ref_axis',(-1.,0.,-1.38777878078145E-17));
#5270=DIRECTION('',(1.,0.,1.38777878078145E-17));
#5271=DIRECTION('',(0.,-1.,0.));
#5272=DIRECTION('center_axis',(1.,0.,0.));
#5273=DIRECTION('ref_axis',(0.,0.,1.));
#5274=DIRECTION('',(0.,0.,-1.));
#5275=DIRECTION('',(0.,-1.,0.));
#5276=DIRECTION('center_axis',(-1.38777878078145E-17,0.,-1.));
#5277=DIRECTION('ref_axis',(1.,0.,-1.38777878078145E-17));
#5278=DIRECTION('',(-1.,0.,1.38777878078145E-17));
#5279=DIRECTION('',(0.,-1.,0.));
#5280=DIRECTION('center_axis',(1.,0.,0.));
#5281=DIRECTION('ref_axis',(0.,0.,1.));
#5282=DIRECTION('',(0.,0.,-1.));
#5283=DIRECTION('',(0.,-1.,0.));
#5284=DIRECTION('center_axis',(0.,0.,-1.));
#5285=DIRECTION('ref_axis',(1.,0.,0.));
#5286=DIRECTION('',(-1.,0.,0.));
#5287=DIRECTION('center_axis',(-1.,0.,0.));
#5288=DIRECTION('ref_axis',(0.,0.,-1.));
#5289=DIRECTION('',(0.,0.,1.));
#5290=DIRECTION('',(0.,-1.,0.));
#5291=DIRECTION('',(0.,0.,-1.));
#5292=DIRECTION('',(0.,-1.,0.));
#5293=DIRECTION('center_axis',(-1.,0.,0.));
#5294=DIRECTION('ref_axis',(0.,0.,-1.));
#5295=DIRECTION('',(0.,0.,1.));
#5296=DIRECTION('',(0.,-1.,0.));
#5297=DIRECTION('',(0.,0.,-1.));
#5298=DIRECTION('',(0.,-1.,0.));
#5299=DIRECTION('center_axis',(1.,0.,0.));
#5300=DIRECTION('ref_axis',(0.,0.,1.));
#5301=DIRECTION('',(0.,0.,-1.));
#5302=DIRECTION('',(0.,-1.,0.));
#5303=DIRECTION('',(0.,0.,1.));
#5304=DIRECTION('',(0.,-1.,0.));
#5305=DIRECTION('center_axis',(1.,0.,0.));
#5306=DIRECTION('ref_axis',(0.,0.,1.));
#5307=DIRECTION('',(0.,0.,-1.));
#5308=DIRECTION('',(0.,-1.,0.));
#5309=DIRECTION('',(0.,0.,1.));
#5310=DIRECTION('',(0.,-1.,0.));
#5311=DIRECTION('center_axis',(1.,0.,0.));
#5312=DIRECTION('ref_axis',(0.,0.,1.));
#5313=DIRECTION('',(0.,0.,-1.));
#5314=DIRECTION('',(0.,-1.,0.));
#5315=DIRECTION('',(0.,0.,1.));
#5316=DIRECTION('',(0.,-1.,0.));
#5317=DIRECTION('center_axis',(-1.,0.,0.));
#5318=DIRECTION('ref_axis',(0.,0.,-1.));
#5319=DIRECTION('',(0.,0.,1.));
#5320=DIRECTION('',(0.,-1.,0.));
#5321=DIRECTION('',(0.,0.,-1.));
#5322=DIRECTION('',(0.,-1.,0.));
#5323=DIRECTION('center_axis',(0.,0.,1.));
#5324=DIRECTION('ref_axis',(-1.,0.,0.));
#5325=DIRECTION('',(1.,0.,0.));
#5326=DIRECTION('',(-1.,0.,0.));
#5327=DIRECTION('center_axis',(0.,0.,-1.));
#5328=DIRECTION('ref_axis',(1.,0.,0.));
#5329=DIRECTION('',(-1.,0.,0.));
#5330=DIRECTION('',(1.,0.,0.));
#5331=DIRECTION('center_axis',(0.,-1.,0.));
#5332=DIRECTION('ref_axis',(1.,0.,0.));
#5333=DIRECTION('center_axis',(0.,1.,0.));
#5334=DIRECTION('ref_axis',(5.55111512312575E-15,0.,-1.));
#5335=DIRECTION('',(-1.,0.,0.));
#5336=DIRECTION('center_axis',(0.,1.,0.));
#5337=DIRECTION('ref_axis',(-0.999867412774321,0.,-0.016283638167952));
#5338=DIRECTION('center_axis',(0.,1.,0.));
#5339=DIRECTION('ref_axis',(-0.741384346719627,0.,0.671080658668623));
#5340=DIRECTION('center_axis',(0.,1.,0.));
#5341=DIRECTION('ref_axis',(-0.999867412774321,0.,-0.0162836381679465));
#5342=DIRECTION('center_axis',(0.,1.,0.));
#5343=DIRECTION('ref_axis',(-1.38777878078144E-14,0.,1.));
#5344=DIRECTION('',(1.,0.,0.));
#5345=DIRECTION('center_axis',(0.,1.,0.));
#5346=DIRECTION('ref_axis',(0.999867412774321,0.,0.0162836381679575));
#5347=DIRECTION('center_axis',(0.,1.,0.));
#5348=DIRECTION('ref_axis',(0.741384346719631,0.,-0.671080658668617));
#5349=DIRECTION('center_axis',(0.,1.,0.));
#5350=DIRECTION('ref_axis',(0.999867412774322,0.,0.0162836381679357));
#5351=DIRECTION('center_axis',(0.,-1.,0.));
#5352=DIRECTION('ref_axis',(0.,0.,-1.));
#5353=DIRECTION('',(1.,0.,0.));
#5354=DIRECTION('center_axis',(0.,1.,0.));
#5355=DIRECTION('ref_axis',(0.,0.,-1.));
#5356=DIRECTION('center_axis',(0.,-1.,0.));
#5357=DIRECTION('ref_axis',(0.,0.,-1.));
#5358=DIRECTION('',(1.,0.,0.));
#5359=DIRECTION('center_axis',(0.,1.,0.));
#5360=DIRECTION('ref_axis',(0.,0.,-1.));
#5361=DIRECTION('center_axis',(0.,-1.,0.));
#5362=DIRECTION('ref_axis',(0.,0.,-1.));
#5363=DIRECTION('',(-1.,0.,0.));
#5364=DIRECTION('center_axis',(0.,1.,0.));
#5365=DIRECTION('ref_axis',(0.,0.,-1.));
#5366=DIRECTION('center_axis',(0.,-1.,0.));
#5367=DIRECTION('ref_axis',(0.,0.,-1.));
#5368=DIRECTION('center_axis',(0.,1.,0.));
#5369=DIRECTION('ref_axis',(0.,0.,-1.));
#5370=DIRECTION('',(-1.,0.,0.));
#5371=DIRECTION('center_axis',(0.,-1.,0.));
#5372=DIRECTION('ref_axis',(0.,0.,-1.));
#5373=DIRECTION('center_axis',(0.,1.,0.));
#5374=DIRECTION('ref_axis',(0.,0.,-1.));
#5375=DIRECTION('',(0.671080658668626,0.,0.741384346719624));
#5376=DIRECTION('center_axis',(0.,1.,0.));
#5377=DIRECTION('ref_axis',(0.,0.,-1.));
#5378=DIRECTION('',(1.,0.,0.));
#5379=DIRECTION('center_axis',(0.,1.,0.));
#5380=DIRECTION('ref_axis',(0.,0.,-1.));
#5381=DIRECTION('',(0.671080658668626,0.,-0.741384346719624));
#5382=DIRECTION('center_axis',(0.,1.,0.));
#5383=DIRECTION('ref_axis',(0.,0.,-1.));
#5384=DIRECTION('center_axis',(0.,1.,0.));
#5385=DIRECTION('ref_axis',(0.,0.,-1.));
#5386=DIRECTION('',(-0.671080658668615,0.,-0.741384346719634));
#5387=DIRECTION('center_axis',(0.,1.,0.));
#5388=DIRECTION('ref_axis',(0.,0.,-1.));
#5389=DIRECTION('',(-1.,0.,-1.41530196847812E-14));
#5390=DIRECTION('center_axis',(0.,1.,0.));
#5391=DIRECTION('ref_axis',(0.,0.,-1.));
#5392=DIRECTION('',(-0.671080658668636,0.,0.741384346719615));
#5393=DIRECTION('center_axis',(0.,1.,0.));
#5394=DIRECTION('ref_axis',(0.,0.,-1.));
#5395=DIRECTION('center_axis',(-1.,0.,0.));
#5396=DIRECTION('ref_axis',(0.,0.,-1.));
#5397=DIRECTION('',(0.,0.,-1.));
#5398=DIRECTION('center_axis',(0.,-1.,0.));
#5399=DIRECTION('ref_axis',(0.,0.,-1.));
#5400=DIRECTION('center_axis',(0.,-1.,0.));
#5401=DIRECTION('ref_axis',(-0.359593974699505,0.,-0.933108875405122));
#5402=DIRECTION('',(0.,-1.,0.));
#5403=DIRECTION('',(0.,-1.,0.));
#5404=DIRECTION('center_axis',(-0.671080658668626,0.,-0.741384346719624));
#5405=DIRECTION('ref_axis',(0.741384346719624,0.,-0.671080658668626));
#5406=DIRECTION('',(-0.741384346719624,0.,0.671080658668626));
#5407=DIRECTION('',(0.,-1.,0.));
#5408=DIRECTION('center_axis',(0.,-1.,0.));
#5409=DIRECTION('ref_axis',(-0.914078951368159,0.,-0.405536275400472));
#5410=DIRECTION('',(0.,-1.,0.));
#5411=DIRECTION('center_axis',(-1.,0.,1.99206995278493E-16));
#5412=DIRECTION('ref_axis',(-1.99206995278493E-16,0.,-1.));
#5413=DIRECTION('',(1.99206995278493E-16,0.,1.));
#5414=DIRECTION('',(0.,-1.,0.));
#5415=DIRECTION('center_axis',(0.,-1.,0.));
#5416=DIRECTION('ref_axis',(-0.914078951368159,0.,0.405536275400472));
#5417=DIRECTION('',(0.,-1.,0.));
#5418=DIRECTION('center_axis',(-0.671080658668625,0.,0.741384346719624));
#5419=DIRECTION('ref_axis',(-0.741384346719624,0.,-0.671080658668625));
#5420=DIRECTION('',(0.741384346719624,0.,0.671080658668625));
#5421=DIRECTION('',(0.,-1.,0.));
#5422=DIRECTION('center_axis',(0.,-1.,0.));
#5423=DIRECTION('ref_axis',(-0.359593974699504,0.,0.933108875405122));
#5424=DIRECTION('',(0.,-1.,0.));
#5425=DIRECTION('center_axis',(0.,0.,1.));
#5426=DIRECTION('ref_axis',(-1.,0.,0.));
#5427=DIRECTION('',(1.,0.,0.));
#5428=DIRECTION('',(0.,-1.,0.));
#5429=DIRECTION('center_axis',(0.,-1.,0.));
#5430=DIRECTION('ref_axis',(0.707106781186548,0.,0.707106781186547));
#5431=DIRECTION('',(0.,-1.,0.));
#5432=DIRECTION('center_axis',(1.,0.,-1.04722983358282E-16));
#5433=DIRECTION('ref_axis',(1.04722983358282E-16,0.,1.));
#5434=DIRECTION('',(-1.04722983358282E-16,0.,-1.));
#5435=DIRECTION('',(0.,-1.,0.));
#5436=DIRECTION('center_axis',(0.,-1.,0.));
#5437=DIRECTION('ref_axis',(0.707106781186547,0.,-0.707106781186548));
#5438=DIRECTION('',(0.,-1.,0.));
#5439=DIRECTION('center_axis',(0.,0.,-1.));
#5440=DIRECTION('ref_axis',(1.,0.,0.));
#5441=DIRECTION('',(-1.,0.,0.));
#5442=DIRECTION('center_axis',(0.0868265938642478,-0.992432509138967,-0.0868265938642478));
#5443=DIRECTION('ref_axis',(0.,0.0871557427476584,-0.996194698091746));
#5444=DIRECTION('center_axis',(0.,1.,0.));
#5445=DIRECTION('ref_axis',(0.707106781186547,0.,-0.707106781186548));
#5446=DIRECTION('',(-0.0868265938642478,0.992432509138967,0.0868265938642478));
#5447=DIRECTION('',(-0.0868265938642478,0.992432509138967,0.0868265938642478));
#5448=DIRECTION('center_axis',(-0.0335684482526549,-0.99563326351085,-0.0871066235865186));
#5449=DIRECTION('ref_axis',(0.,0.0871557427476583,-0.996194698091746));
#5450=DIRECTION('center_axis',(0.,1.,0.));
#5451=DIRECTION('ref_axis',(-0.359593974699505,0.,-0.933108875405122));
#5452=DIRECTION('',(0.033568448252655,0.99563326351085,0.0871066235865184));
#5453=DIRECTION('',(0.033568448252655,0.99563326351085,0.0871066235865186));
#5454=DIRECTION('center_axis',(-0.0870906603773994,-0.995450803195698,-0.0386382620218469));
#5455=DIRECTION('ref_axis',(0.996194698091746,-0.0871557427476584,0.));
#5456=DIRECTION('center_axis',(0.,1.,0.));
#5457=DIRECTION('ref_axis',(-0.914078951368159,0.,-0.405536275400472));
#5458=DIRECTION('',(0.0870906603773995,0.995450803195698,0.0386382620218468));
#5459=DIRECTION('',(0.0870906603773993,0.995450803195698,0.0386382620218469));
#5460=DIRECTION('center_axis',(0.0868265938642478,-0.992432509138967,0.0868265938642478));
#5461=DIRECTION('ref_axis',(0.996194698091746,0.0871557427476584,0.));
#5462=DIRECTION('center_axis',(0.,1.,0.));
#5463=DIRECTION('ref_axis',(0.707106781186548,0.,0.707106781186547));
#5464=DIRECTION('',(-0.0868265938642478,0.992432509138967,-0.086826593864248));
#5465=DIRECTION('',(-0.0868265938642478,0.992432509138967,-0.0868265938642478));
#5466=DIRECTION('center_axis',(-0.0335684482526548,-0.99563326351085,0.0871066235865186));
#5467=DIRECTION('ref_axis',(0.,-0.0871557427476584,-0.996194698091746));
#5468=DIRECTION('center_axis',(0.,1.,0.));
#5469=DIRECTION('ref_axis',(-0.359593974699504,0.,0.933108875405122));
#5470=DIRECTION('',(0.0335684482526548,0.99563326351085,-0.0871066235865186));
#5471=DIRECTION('',(0.0335684482526548,0.99563326351085,-0.0871066235865186));
#5472=DIRECTION('center_axis',(-0.0870906603773994,-0.995450803195698,0.0386382620218469));
#5473=DIRECTION('ref_axis',(0.996194698091746,-0.0871557427476584,0.));
#5474=DIRECTION('center_axis',(0.,1.,0.));
#5475=DIRECTION('ref_axis',(-0.914078951368159,0.,0.405536275400472));
#5476=DIRECTION('',(0.0870906603773994,0.995450803195698,-0.038638262021847));
#5477=DIRECTION('',(0.0870906603773994,0.995450803195698,-0.038638262021847));
#5478=DIRECTION('center_axis',(0.,1.,0.));
#5479=DIRECTION('ref_axis',(0.,0.,1.));
#5480=DIRECTION('',(-2.14119417452221E-16,0.,-1.));
#5481=DIRECTION('',(-0.741384346719624,0.,-0.671080658668625));
#5482=DIRECTION('',(-1.,0.,0.));
#5483=DIRECTION('',(1.1414255487211E-16,0.,1.));
#5484=DIRECTION('',(1.,0.,0.));
#5485=DIRECTION('',(0.741384346719624,0.,-0.671080658668626));
#5486=DIRECTION('center_axis',(-1.21998664834562E-16,0.0871557427476584,
-0.996194698091746));
#5487=DIRECTION('ref_axis',(-1.,0.,1.22464679914735E-16));
#5488=DIRECTION('center_axis',(0.996194698091746,0.0871557427476584,-1.21998664834562E-16));
#5489=DIRECTION('ref_axis',(-1.22464679914735E-16,0.,-1.));
#5490=DIRECTION('center_axis',(1.21998664834562E-16,0.0871557427476584,
0.996194698091746));
#5491=DIRECTION('ref_axis',(1.,0.,-1.22464679914735E-16));
#5492=DIRECTION('center_axis',(-0.668526994157601,0.0871557427476584,0.738563155450302));
#5493=DIRECTION('ref_axis',(0.741384346719624,0.,0.671080658668625));
#5494=DIRECTION('center_axis',(-0.996194698091746,0.0871557427476584,1.21998664834562E-16));
#5495=DIRECTION('ref_axis',(1.22464679914735E-16,0.,1.));
#5496=DIRECTION('center_axis',(-0.668526994157601,0.0871557427476584,-0.738563155450302));
#5497=DIRECTION('ref_axis',(-0.741384346719624,0.,0.671080658668626));
#5498=DIRECTION('center_axis',(0.,-1.,0.));
#5499=DIRECTION('ref_axis',(0.359593974699504,0.,0.933108875405122));
#5500=DIRECTION('',(0.,-1.,0.));
#5501=DIRECTION('',(0.,-1.,0.));
#5502=DIRECTION('center_axis',(0.671080658668625,0.,0.741384346719624));
#5503=DIRECTION('ref_axis',(-0.741384346719624,0.,0.671080658668625));
#5504=DIRECTION('',(0.741384346719624,0.,-0.671080658668625));
#5505=DIRECTION('',(0.,-1.,0.));
#5506=DIRECTION('center_axis',(0.,-1.,0.));
#5507=DIRECTION('ref_axis',(0.914078951368159,0.,0.405536275400472));
#5508=DIRECTION('',(0.,-1.,0.));
#5509=DIRECTION('center_axis',(1.,0.,0.));
#5510=DIRECTION('ref_axis',(0.,0.,1.));
#5511=DIRECTION('',(0.,0.,-1.));
#5512=DIRECTION('',(0.,-1.,0.));
#5513=DIRECTION('center_axis',(0.,-1.,0.));
#5514=DIRECTION('ref_axis',(0.914078951368159,0.,-0.405536275400472));
#5515=DIRECTION('',(0.,-1.,0.));
#5516=DIRECTION('center_axis',(0.671080658668625,0.,-0.741384346719624));
#5517=DIRECTION('ref_axis',(0.741384346719624,0.,0.671080658668625));
#5518=DIRECTION('',(-0.741384346719624,0.,-0.671080658668625));
#5519=DIRECTION('',(0.,-1.,0.));
#5520=DIRECTION('center_axis',(0.,-1.,0.));
#5521=DIRECTION('ref_axis',(0.359593974699504,0.,-0.933108875405122));
#5522=DIRECTION('',(0.,-1.,0.));
#5523=DIRECTION('center_axis',(0.,0.,-1.));
#5524=DIRECTION('ref_axis',(1.,0.,0.));
#5525=DIRECTION('',(-1.,0.,0.));
#5526=DIRECTION('',(0.,-1.,0.));
#5527=DIRECTION('center_axis',(0.,-1.,0.));
#5528=DIRECTION('ref_axis',(-0.707106781186547,0.,-0.707106781186547));
#5529=DIRECTION('',(0.,-1.,0.));
#5530=DIRECTION('center_axis',(-1.,0.,0.));
#5531=DIRECTION('ref_axis',(0.,0.,-1.));
#5532=DIRECTION('',(0.,0.,1.));
#5533=DIRECTION('',(0.,-1.,0.));
#5534=DIRECTION('center_axis',(0.,-1.,0.));
#5535=DIRECTION('ref_axis',(-0.707106781186547,0.,0.707106781186547));
#5536=DIRECTION('',(0.,-1.,0.));
#5537=DIRECTION('center_axis',(0.,0.,1.));
#5538=DIRECTION('ref_axis',(-1.,0.,0.));
#5539=DIRECTION('',(1.,0.,0.));
#5540=DIRECTION('center_axis',(-0.0868265938642478,-0.992432509138967,0.0868265938642478));
#5541=DIRECTION('ref_axis',(0.,-0.0871557427476584,-0.996194698091746));
#5542=DIRECTION('center_axis',(0.,1.,0.));
#5543=DIRECTION('ref_axis',(-0.707106781186547,0.,0.707106781186547));
#5544=DIRECTION('',(0.0868265938642478,0.992432509138967,-0.0868265938642478));
#5545=DIRECTION('',(0.0868265938642478,0.992432509138967,-0.0868265938642478));
#5546=DIRECTION('center_axis',(0.0335684482526548,-0.99563326351085,0.0871066235865186));
#5547=DIRECTION('ref_axis',(0.,-0.0871557427476583,-0.996194698091746));
#5548=DIRECTION('center_axis',(0.,1.,0.));
#5549=DIRECTION('ref_axis',(0.359593974699504,0.,0.933108875405122));
#5550=DIRECTION('',(-0.033568448252655,0.99563326351085,-0.0871066235865184));
#5551=DIRECTION('',(-0.0335684482526548,0.99563326351085,-0.0871066235865186));
#5552=DIRECTION('center_axis',(0.0870906603773994,-0.995450803195698,0.0386382620218469));
#5553=DIRECTION('ref_axis',(0.996194698091746,0.0871557427476584,0.));
#5554=DIRECTION('center_axis',(0.,1.,0.));
#5555=DIRECTION('ref_axis',(0.914078951368159,0.,0.405536275400472));
#5556=DIRECTION('',(-0.0870906603773995,0.995450803195698,-0.0386382620218468));
#5557=DIRECTION('',(-0.0870906603773994,0.995450803195698,-0.0386382620218469));
#5558=DIRECTION('center_axis',(-0.0868265938642478,-0.992432509138967,-0.0868265938642478));
#5559=DIRECTION('ref_axis',(0.,0.0871557427476584,-0.996194698091746));
#5560=DIRECTION('center_axis',(0.,1.,0.));
#5561=DIRECTION('ref_axis',(-0.707106781186547,0.,-0.707106781186547));
#5562=DIRECTION('',(0.0868265938642478,0.992432509138967,0.0868265938642478));
#5563=DIRECTION('',(0.0868265938642478,0.992432509138967,0.0868265938642478));
#5564=DIRECTION('center_axis',(0.0335684482526548,-0.99563326351085,-0.0871066235865186));
#5565=DIRECTION('ref_axis',(0.,0.0871557427476583,-0.996194698091746));
#5566=DIRECTION('center_axis',(0.,1.,0.));
#5567=DIRECTION('ref_axis',(0.359593974699504,0.,-0.933108875405122));
#5568=DIRECTION('',(-0.0335684482526547,0.99563326351085,0.0871066235865188));
#5569=DIRECTION('',(-0.033568448252655,0.99563326351085,0.0871066235865184));
#5570=DIRECTION('center_axis',(0.0870906603773994,-0.995450803195698,-0.0386382620218469));
#5571=DIRECTION('ref_axis',(0.996194698091746,0.0871557427476584,0.));
#5572=DIRECTION('center_axis',(0.,1.,0.));
#5573=DIRECTION('ref_axis',(0.914078951368159,0.,-0.405536275400472));
#5574=DIRECTION('',(-0.0870906603773994,0.995450803195698,0.038638262021847));
#5575=DIRECTION('',(-0.0870906603773994,0.995450803195698,0.038638262021847));
#5576=DIRECTION('center_axis',(0.,1.,0.));
#5577=DIRECTION('ref_axis',(0.,0.,1.));
#5578=DIRECTION('',(0.,0.,1.));
#5579=DIRECTION('',(0.741384346719624,0.,0.671080658668626));
#5580=DIRECTION('',(1.,0.,0.));
#5581=DIRECTION('',(0.,0.,-1.));
#5582=DIRECTION('',(-1.,0.,0.));
#5583=DIRECTION('',(-0.741384346719624,0.,0.671080658668626));
#5584=DIRECTION('center_axis',(0.,0.0871557427476584,0.996194698091746));
#5585=DIRECTION('ref_axis',(1.,0.,0.));
#5586=DIRECTION('center_axis',(-0.996194698091746,0.0871557427476584,0.));
#5587=DIRECTION('ref_axis',(0.,0.,1.));
#5588=DIRECTION('center_axis',(0.,0.0871557427476584,-0.996194698091746));
#5589=DIRECTION('ref_axis',(-1.,0.,0.));
#5590=DIRECTION('center_axis',(0.668526994157601,0.0871557427476584,-0.738563155450302));
#5591=DIRECTION('ref_axis',(-0.741384346719624,0.,-0.671080658668625));
#5592=DIRECTION('center_axis',(0.996194698091746,0.0871557427476584,0.));
#5593=DIRECTION('ref_axis',(0.,0.,-1.));
#5594=DIRECTION('center_axis',(0.668526994157601,0.0871557427476584,0.738563155450302));
#5595=DIRECTION('ref_axis',(0.741384346719624,0.,-0.671080658668625));
#5596=DIRECTION('center_axis',(0.,-1.,0.));
#5597=DIRECTION('ref_axis',(-0.933108875405122,0.,0.359593974699504));
#5598=DIRECTION('',(0.,-1.,0.));
#5599=DIRECTION('',(0.,-1.,0.));
#5600=DIRECTION('center_axis',(-0.741384346719624,0.,0.671080658668625));
#5601=DIRECTION('ref_axis',(-0.671080658668625,0.,-0.741384346719624));
#5602=DIRECTION('',(0.671080658668625,0.,0.741384346719624));
#5603=DIRECTION('',(0.,-1.,0.));
#5604=DIRECTION('center_axis',(0.,-1.,0.));
#5605=DIRECTION('ref_axis',(-0.405536275400472,0.,0.914078951368159));
#5606=DIRECTION('',(0.,-1.,0.));
#5607=DIRECTION('center_axis',(9.96034976392464E-17,0.,1.));
#5608=DIRECTION('ref_axis',(-1.,0.,9.96034976392464E-17));
#5609=DIRECTION('',(1.,0.,-9.96034976392464E-17));
#5610=DIRECTION('',(0.,-1.,0.));
#5611=DIRECTION('center_axis',(0.,-1.,0.));
#5612=DIRECTION('ref_axis',(0.405536275400472,0.,0.914078951368159));
#5613=DIRECTION('',(0.,-1.,0.));
#5614=DIRECTION('center_axis',(0.741384346719624,0.,0.671080658668626));
#5615=DIRECTION('ref_axis',(-0.671080658668626,0.,0.741384346719624));
#5616=DIRECTION('',(0.671080658668626,0.,-0.741384346719624));
#5617=DIRECTION('',(0.,-1.,0.));
#5618=DIRECTION('center_axis',(0.,-1.,0.));
#5619=DIRECTION('ref_axis',(0.933108875405122,0.,0.359593974699504));
#5620=DIRECTION('',(0.,-1.,0.));
#5621=DIRECTION('center_axis',(1.,0.,0.));
#5622=DIRECTION('ref_axis',(0.,0.,1.));
#5623=DIRECTION('',(0.,0.,-1.));
#5624=DIRECTION('',(0.,-1.,0.));
#5625=DIRECTION('center_axis',(0.,-1.,0.));
#5626=DIRECTION('ref_axis',(0.707106781186547,0.,-0.707106781186547));
#5627=DIRECTION('',(0.,-1.,0.));
#5628=DIRECTION('center_axis',(0.,0.,-1.));
#5629=DIRECTION('ref_axis',(1.,0.,0.));
#5630=DIRECTION('',(-1.,0.,0.));
#5631=DIRECTION('',(0.,-1.,0.));
#5632=DIRECTION('center_axis',(0.,-1.,0.));
#5633=DIRECTION('ref_axis',(-0.707106781186547,0.,-0.707106781186547));
#5634=DIRECTION('',(0.,-1.,0.));
#5635=DIRECTION('center_axis',(-1.,0.,0.));
#5636=DIRECTION('ref_axis',(0.,0.,-1.));
#5637=DIRECTION('',(0.,0.,1.));
#5638=DIRECTION('center_axis',(-0.738563155450302,0.0871557427476584,0.668526994157601));
#5639=DIRECTION('ref_axis',(0.671080658668625,0.,0.741384346719624));
#5640=DIRECTION('',(0.0386382620218469,0.995450803195698,-0.0870906603773994));
#5641=DIRECTION('',(-0.671080658668625,0.,-0.741384346719624));
#5642=DIRECTION('',(0.0871066235865186,0.99563326351085,-0.0335684482526548));
#5643=DIRECTION('center_axis',(6.0999332417281E-17,0.0871557427476584,0.996194698091746));
#5644=DIRECTION('ref_axis',(1.,0.,-6.12323399573677E-17));
#5645=DIRECTION('',(-0.0386382620218469,0.995450803195698,-0.0870906603773994));
#5646=DIRECTION('',(-1.,0.,0.));
#5647=DIRECTION('',(0.0386382620218469,0.995450803195698,-0.0870906603773993));
#5648=DIRECTION('center_axis',(0.738563155450302,0.0871557427476584,0.668526994157601));
#5649=DIRECTION('ref_axis',(0.671080658668625,0.,-0.741384346719624));
#5650=DIRECTION('',(-0.671080658668626,0.,0.741384346719624));
#5651=DIRECTION('',(-0.038638262021847,0.995450803195698,-0.0870906603773995));
#5652=DIRECTION('',(-0.0871066235865186,0.99563326351085,-0.033568448252655));
#5653=DIRECTION('center_axis',(0.996194698091746,0.0871557427476584,-6.0999332417281E-17));
#5654=DIRECTION('ref_axis',(-6.12323399573677E-17,0.,-1.));
#5655=DIRECTION('',(0.,0.,1.));
#5656=DIRECTION('',(-0.0871066235865186,0.99563326351085,-0.033568448252655));
#5657=DIRECTION('',(-0.086826593864248,0.992432509138967,0.0868265938642478));
#5658=DIRECTION('center_axis',(-6.0999332417281E-17,0.0871557427476584,
-0.996194698091746));
#5659=DIRECTION('ref_axis',(-1.,0.,6.12323399573677E-17));
#5660=DIRECTION('',(1.,0.,-1.1414255487211E-16));
#5661=DIRECTION('',(-0.0868265938642478,0.992432509138967,0.0868265938642478));
#5662=DIRECTION('',(0.0868265938642479,0.992432509138967,0.0868265938642478));
#5663=DIRECTION('center_axis',(-0.996194698091746,0.0871557427476584,6.0999332417281E-17));
#5664=DIRECTION('ref_axis',(6.12323399573677E-17,0.,1.));
#5665=DIRECTION('',(0.0871066235865184,0.99563326351085,-0.033568448252655));
#5666=DIRECTION('',(0.,0.,-1.));
#5667=DIRECTION('',(0.0868265938642478,0.992432509138967,0.0868265938642478));
#5668=DIRECTION('center_axis',(0.,1.,0.));
#5669=DIRECTION('ref_axis',(0.,0.,1.));
#5670=DIRECTION('center_axis',(0.,1.,0.));
#5671=DIRECTION('ref_axis',(0.405536275400472,0.,0.914078951368159));
#5672=DIRECTION('center_axis',(0.,1.,0.));
#5673=DIRECTION('ref_axis',(0.933108875405122,0.,0.359593974699504));
#5674=DIRECTION('center_axis',(0.,1.,0.));
#5675=DIRECTION('ref_axis',(0.707106781186547,0.,-0.707106781186547));
#5676=DIRECTION('center_axis',(0.,1.,0.));
#5677=DIRECTION('ref_axis',(-0.707106781186547,0.,-0.707106781186547));
#5678=DIRECTION('center_axis',(0.,1.,0.));
#5679=DIRECTION('ref_axis',(-0.933108875405122,0.,0.359593974699504));
#5680=DIRECTION('center_axis',(0.,1.,0.));
#5681=DIRECTION('ref_axis',(-0.405536275400472,0.,0.914078951368159));
#5682=DIRECTION('',(1.,0.,0.));
#5683=DIRECTION('center_axis',(0.,1.,0.));
#5684=DIRECTION('ref_axis',(0.,0.,1.));
#5685=DIRECTION('',(0.671080658668625,0.,0.741384346719624));
#5686=DIRECTION('center_axis',(0.,1.,0.));
#5687=DIRECTION('ref_axis',(0.,0.,1.));
#5688=DIRECTION('center_axis',(0.,1.,0.));
#5689=DIRECTION('ref_axis',(0.,0.,1.));
#5690=DIRECTION('',(-1.,0.,1.25802692695242E-16));
#5691=DIRECTION('center_axis',(0.,1.,0.));
#5692=DIRECTION('ref_axis',(0.,0.,1.));
#5693=DIRECTION('center_axis',(0.,1.,0.));
#5694=DIRECTION('ref_axis',(0.,0.,1.));
#5695=DIRECTION('',(0.671080658668626,0.,-0.741384346719624));
#5696=DIRECTION('center_axis',(0.,1.,0.));
#5697=DIRECTION('ref_axis',(0.,0.,1.));
#5698=DIRECTION('center_axis',(6.12323399573677E-17,0.,1.));
#5699=DIRECTION('ref_axis',(1.,0.,-6.12323399573677E-17));
#5700=DIRECTION('',(0.,-1.,0.));
#5701=DIRECTION('',(0.,-1.,0.));
#5702=DIRECTION('center_axis',(0.741384346719624,0.,0.671080658668626));
#5703=DIRECTION('ref_axis',(0.671080658668625,0.,-0.741384346719624));
#5704=DIRECTION('',(0.,-1.,0.));
#5705=DIRECTION('',(0.,-1.,0.));
#5706=DIRECTION('center_axis',(-6.12323399573677E-17,0.,-1.));
#5707=DIRECTION('ref_axis',(-1.,0.,6.12323399573677E-17));
#5708=DIRECTION('',(0.,-1.,0.));
#5709=DIRECTION('',(0.,1.,0.));
#5710=DIRECTION('center_axis',(-0.741384346719624,0.,0.671080658668625));
#5711=DIRECTION('ref_axis',(0.671080658668625,0.,0.741384346719624));
#5712=DIRECTION('',(0.,-1.,0.));
#5713=DIRECTION('',(0.,-1.,0.));
#5714=DIRECTION('center_axis',(0.,-1.,0.));
#5715=DIRECTION('ref_axis',(0.,0.,-1.));
#5716=DIRECTION('',(0.,-1.,0.));
#5717=DIRECTION('center_axis',(0.,-1.,0.));
#5718=DIRECTION('ref_axis',(0.,0.,-1.));
#5719=DIRECTION('center_axis',(0.,-1.,0.));
#5720=DIRECTION('ref_axis',(0.,0.,-1.));
#5721=DIRECTION('center_axis',(0.,-1.,0.));
#5722=DIRECTION('ref_axis',(0.,0.,-1.));
#5723=DIRECTION('center_axis',(0.,-1.,0.));
#5724=DIRECTION('ref_axis',(0.,0.,-1.));
#5725=DIRECTION('',(0.,-1.,0.));
#5726=DIRECTION('center_axis',(0.,-1.,0.));
#5727=DIRECTION('ref_axis',(0.,0.,-1.));
#5728=DIRECTION('center_axis',(0.0386382620218469,-0.995450803195698,0.0870906603773994));
#5729=DIRECTION('ref_axis',(0.,-0.0871557427476584,-0.996194698091746));
#5730=DIRECTION('center_axis',(0.0871066235865186,-0.99563326351085,0.0335684482526548));
#5731=DIRECTION('ref_axis',(0.996194698091746,0.0871557427476583,0.));
#5732=DIRECTION('center_axis',(0.0868265938642478,-0.992432509138967,-0.0868265938642478));
#5733=DIRECTION('ref_axis',(0.,0.0871557427476584,-0.996194698091746));
#5734=DIRECTION('center_axis',(-0.0386382620218469,-0.995450803195698,0.0870906603773994));
#5735=DIRECTION('ref_axis',(0.,-0.0871557427476584,-0.996194698091746));
#5736=DIRECTION('center_axis',(-0.0871066235865186,-0.99563326351085,0.0335684482526548));
#5737=DIRECTION('ref_axis',(0.996194698091746,-0.0871557427476583,0.));
#5738=DIRECTION('center_axis',(-0.0868265938642478,-0.992432509138967,-0.0868265938642478));
#5739=DIRECTION('ref_axis',(0.,0.0871557427476584,-0.996194698091746));
#5740=DIRECTION('center_axis',(0.,-1.,0.));
#5741=DIRECTION('ref_axis',(0.933108875405127,0.,-0.359593974699491));
#5742=DIRECTION('',(0.,-1.,0.));
#5743=DIRECTION('',(0.,-1.,0.));
#5744=DIRECTION('center_axis',(0.741384346719634,0.,-0.671080658668615));
#5745=DIRECTION('ref_axis',(0.671080658668615,0.,0.741384346719634));
#5746=DIRECTION('',(-0.671080658668615,0.,-0.741384346719634));
#5747=DIRECTION('',(0.,-1.,0.));
#5748=DIRECTION('center_axis',(0.,-1.,0.));
#5749=DIRECTION('ref_axis',(0.405536275400485,0.,-0.914078951368153));
#5750=DIRECTION('',(0.,-1.,0.));
#5751=DIRECTION('center_axis',(1.39444896694945E-14,0.,-1.));
#5752=DIRECTION('ref_axis',(1.,0.,1.39444896694945E-14));
#5753=DIRECTION('',(-1.,0.,-1.39444896694945E-14));
#5754=DIRECTION('',(0.,-1.,0.));
#5755=DIRECTION('center_axis',(0.,-1.,0.));
#5756=DIRECTION('ref_axis',(-0.405536275400459,0.,-0.914078951368164));
#5757=DIRECTION('',(0.,-1.,0.));
#5758=DIRECTION('center_axis',(-0.741384346719615,0.,-0.671080658668636));
#5759=DIRECTION('ref_axis',(0.671080658668636,0.,-0.741384346719615));
#5760=DIRECTION('',(-0.671080658668636,0.,0.741384346719615));
#5761=DIRECTION('',(0.,-1.,0.));
#5762=DIRECTION('center_axis',(0.,-1.,0.));
#5763=DIRECTION('ref_axis',(-0.933108875405117,0.,-0.359593974699518));
#5764=DIRECTION('',(0.,-1.,0.));
#5765=DIRECTION('center_axis',(-1.,0.,-1.45129568391965E-14));
#5766=DIRECTION('ref_axis',(1.45129568391965E-14,0.,-1.));
#5767=DIRECTION('',(-1.45129568391965E-14,0.,1.));
#5768=DIRECTION('',(0.,-1.,0.));
#5769=DIRECTION('center_axis',(0.,-1.,0.));
#5770=DIRECTION('ref_axis',(-0.707106781186557,0.,0.707106781186537));
#5771=DIRECTION('',(0.,-1.,0.));
#5772=DIRECTION('center_axis',(-1.39281567866515E-14,0.,1.));
#5773=DIRECTION('ref_axis',(-1.,0.,-1.39281567866515E-14));
#5774=DIRECTION('',(1.,0.,1.39281567866515E-14));
#5775=DIRECTION('',(0.,-1.,0.));
#5776=DIRECTION('center_axis',(0.,-1.,0.));
#5777=DIRECTION('ref_axis',(0.707106781186538,0.,0.707106781186558));
#5778=DIRECTION('',(0.,-1.,0.));
#5779=DIRECTION('center_axis',(1.,0.,1.36058970367467E-14));
#5780=DIRECTION('ref_axis',(-1.36058970367467E-14,0.,1.));
#5781=DIRECTION('',(1.36058970367467E-14,0.,-1.));
#5782=DIRECTION('center_axis',(0.738563155450311,0.0871557427476584,-0.668526994157591));
#5783=DIRECTION('ref_axis',(-0.671080658668615,0.,-0.741384346719634));
#5784=DIRECTION('',(-0.0386382620218482,0.995450803195698,0.0870906603773989));
#5785=DIRECTION('',(0.671080658668615,0.,0.741384346719633));
#5786=DIRECTION('',(-0.0871066235865189,0.99563326351085,0.0335684482526538));
#5787=DIRECTION('center_axis',(1.39737801253845E-14,0.0871557427476584,
-0.996194698091746));
#5788=DIRECTION('ref_axis',(-1.,0.,-1.40271576953299E-14));
#5789=DIRECTION('',(0.0386382620218456,0.995450803195698,0.0870906603773998));
#5790=DIRECTION('',(1.,0.,1.38107024256683E-14));
#5791=DIRECTION('',(-0.0386382620218482,0.995450803195698,0.0870906603773988));
#5792=DIRECTION('center_axis',(-0.738563155450293,0.0871557427476584,-0.668526994157611));
#5793=DIRECTION('ref_axis',(-0.671080658668636,0.,0.741384346719615));
#5794=DIRECTION('',(0.671080658668636,0.,-0.741384346719615));
#5795=DIRECTION('',(0.0386382620218457,0.995450803195698,0.0870906603773999));
#5796=DIRECTION('',(0.0871066235865181,0.99563326351085,0.0335684482526563));
#5797=DIRECTION('center_axis',(-0.996194698091746,0.0871557427476584,-1.39737801253845E-14));
#5798=DIRECTION('ref_axis',(-1.40271576953299E-14,0.,1.));
#5799=DIRECTION('',(1.43727896463866E-14,0.,-1.));
#5800=DIRECTION('',(0.087106623586518,0.99563326351085,0.0335684482526561));
#5801=DIRECTION('',(0.0868265938642491,0.992432509138967,-0.0868265938642467));
#5802=DIRECTION('center_axis',(-1.39737801253845E-14,0.0871557427476584,
0.996194698091746));
#5803=DIRECTION('ref_axis',(1.,0.,1.40271576953299E-14));
#5804=DIRECTION('',(-1.,0.,-1.41536768041416E-14));
#5805=DIRECTION('',(0.086826593864249,0.992432509138967,-0.0868265938642467));
#5806=DIRECTION('',(-0.0868265938642467,0.992432509138967,-0.0868265938642489));
#5807=DIRECTION('center_axis',(0.996194698091746,0.0871557427476584,1.39737801253845E-14));
#5808=DIRECTION('ref_axis',(1.40271576953299E-14,0.,-1.));
#5809=DIRECTION('',(-0.087106623586519,0.99563326351085,0.0335684482526539));
#5810=DIRECTION('',(-1.25761909405882E-14,0.,1.));
#5811=DIRECTION('',(-0.0868265938642467,0.992432509138967,-0.0868265938642491));
#5812=DIRECTION('center_axis',(0.,1.,0.));
#5813=DIRECTION('ref_axis',(0.,0.,1.));
#5814=DIRECTION('center_axis',(0.,1.,0.));
#5815=DIRECTION('ref_axis',(-0.405536275400459,0.,-0.914078951368164));
#5816=DIRECTION('center_axis',(0.,1.,0.));
#5817=DIRECTION('ref_axis',(-0.933108875405117,0.,-0.359593974699518));
#5818=DIRECTION('center_axis',(0.,1.,0.));
#5819=DIRECTION('ref_axis',(-0.707106781186557,0.,0.707106781186537));
#5820=DIRECTION('center_axis',(0.,1.,0.));
#5821=DIRECTION('ref_axis',(0.707106781186538,0.,0.707106781186558));
#5822=DIRECTION('center_axis',(0.,1.,0.));
#5823=DIRECTION('ref_axis',(0.933108875405127,0.,-0.359593974699491));
#5824=DIRECTION('center_axis',(0.,1.,0.));
#5825=DIRECTION('ref_axis',(0.405536275400485,0.,-0.914078951368153));
#5826=DIRECTION('',(-1.,0.,-1.41530196847812E-14));
#5827=DIRECTION('center_axis',(0.,1.,0.));
#5828=DIRECTION('ref_axis',(0.,0.,1.));
#5829=DIRECTION('',(-0.671080658668615,0.,-0.741384346719634));
#5830=DIRECTION('center_axis',(0.,1.,0.));
#5831=DIRECTION('ref_axis',(0.,0.,1.));
#5832=DIRECTION('center_axis',(0.,1.,0.));
#5833=DIRECTION('ref_axis',(0.,0.,1.));
#5834=DIRECTION('',(1.,0.,1.40899015818671E-14));
#5835=DIRECTION('center_axis',(0.,1.,0.));
#5836=DIRECTION('ref_axis',(0.,0.,1.));
#5837=DIRECTION('center_axis',(0.,1.,0.));
#5838=DIRECTION('ref_axis',(0.,0.,1.));
#5839=DIRECTION('',(-0.671080658668636,0.,0.741384346719615));
#5840=DIRECTION('center_axis',(0.,1.,0.));
#5841=DIRECTION('ref_axis',(0.,0.,1.));
#5842=DIRECTION('center_axis',(1.40271576953299E-14,0.,-1.));
#5843=DIRECTION('ref_axis',(-1.,0.,-1.40271576953299E-14));
#5844=DIRECTION('',(0.,-1.,0.));
#5845=DIRECTION('',(0.,-1.,0.));
#5846=DIRECTION('center_axis',(-0.741384346719615,0.,-0.671080658668636));
#5847=DIRECTION('ref_axis',(-0.671080658668636,0.,0.741384346719615));
#5848=DIRECTION('',(0.,-1.,0.));
#5849=DIRECTION('',(0.,-1.,0.));
#5850=DIRECTION('center_axis',(-1.40271576953299E-14,0.,1.));
#5851=DIRECTION('ref_axis',(1.,0.,1.40271576953299E-14));
#5852=DIRECTION('',(0.,-1.,0.));
#5853=DIRECTION('',(0.,1.,0.));
#5854=DIRECTION('center_axis',(0.741384346719634,0.,-0.671080658668615));
#5855=DIRECTION('ref_axis',(-0.671080658668615,0.,-0.741384346719634));
#5856=DIRECTION('',(0.,-1.,0.));
#5857=DIRECTION('',(0.,-1.,0.));
#5858=DIRECTION('center_axis',(0.,-1.,0.));
#5859=DIRECTION('ref_axis',(0.,0.,-1.));
#5860=DIRECTION('',(0.,-1.,0.));
#5861=DIRECTION('center_axis',(0.,-1.,0.));
#5862=DIRECTION('ref_axis',(0.,0.,-1.));
#5863=DIRECTION('center_axis',(0.,-1.,0.));
#5864=DIRECTION('ref_axis',(0.,0.,-1.));
#5865=DIRECTION('center_axis',(0.,-1.,0.));
#5866=DIRECTION('ref_axis',(0.,0.,-1.));
#5867=DIRECTION('center_axis',(0.,-1.,0.));
#5868=DIRECTION('ref_axis',(0.,0.,-1.));
#5869=DIRECTION('',(0.,-1.,0.));
#5870=DIRECTION('center_axis',(0.,-1.,0.));
#5871=DIRECTION('ref_axis',(0.,0.,-1.));
#5872=DIRECTION('center_axis',(-0.0386382620218457,-0.995450803195698,-0.0870906603773999));
#5873=DIRECTION('ref_axis',(0.,0.0871557427476589,-0.996194698091745));
#5874=DIRECTION('center_axis',(-0.0871066235865181,-0.99563326351085,-0.0335684482526561));
#5875=DIRECTION('ref_axis',(0.996194698091746,-0.0871557427476579,0.));
#5876=DIRECTION('center_axis',(-0.086826593864249,-0.992432509138967,0.0868265938642466));
#5877=DIRECTION('ref_axis',(0.996194698091745,-0.0871557427476596,0.));
#5878=DIRECTION('center_axis',(0.0386382620218482,-0.995450803195698,-0.0870906603773988));
#5879=DIRECTION('ref_axis',(0.,0.0871557427476578,-0.996194698091746));
#5880=DIRECTION('center_axis',(0.087106623586519,-0.99563326351085,-0.0335684482526536));
#5881=DIRECTION('ref_axis',(0.996194698091745,0.0871557427476588,0.));
#5882=DIRECTION('center_axis',(0.0868265938642466,-0.992432509138967,0.086826593864249));
#5883=DIRECTION('ref_axis',(0.,-0.0871557427476596,-0.996194698091745));
#5884=DIRECTION('',(0.,0.,1.));
#5885=DIRECTION('',(1.,0.,0.));
#5886=CARTESIAN_POINT('',(0.,0.,0.));
#5887=CARTESIAN_POINT('',(0.,0.,0.));
#5888=CARTESIAN_POINT('Ctrl Pts',(9.17673797259167,-1.77673797259167,9.17673797259167));
#5889=CARTESIAN_POINT('Ctrl Pts',(9.03463461567575,-1.84778965104963,9.24778965104963));
#5890=CARTESIAN_POINT('Ctrl Pts',(8.72726642385579,-1.96570479664905,9.36570479664905));
#5891=CARTESIAN_POINT('Ctrl Pts',(7.91934597582843,-2.12563815338794,9.52563815338794));
#5892=CARTESIAN_POINT('Ctrl Pts',(7.29139094362006,-2.16066017177982,9.56066017177982));
#5893=CARTESIAN_POINT('Ctrl Pts',(7.00022651710333,-2.16066017177982,9.56066017177982));
#5894=CARTESIAN_POINT('Ctrl Pts',(9.10568629413371,-1.70568629413371,9.31884132950759));
#5895=CARTESIAN_POINT('Ctrl Pts',(8.96482003370465,-1.77585838627219,9.37534084257286));
#5896=CARTESIAN_POINT('Ctrl Pts',(8.65759598527702,-1.89416877261233,9.47279530395412));
#5897=CARTESIAN_POINT('Ctrl Pts',(7.85849241466604,-2.04580011881013,9.61724028460572));
#5898=CARTESIAN_POINT('Ctrl Pts',(7.27521514214691,-2.07324233619106,9.64807800736858));
#5899=CARTESIAN_POINT('Ctrl Pts',(7.00022651710333,-2.06810011056819,9.65322023299145));
#5900=CARTESIAN_POINT('Ctrl Pts',(8.94883113643737,-1.54883113643736,9.56101445919384));
#5901=CARTESIAN_POINT('Ctrl Pts',(8.80799867481845,-1.61832589673913,9.59823526038768));
#5902=CARTESIAN_POINT('Ctrl Pts',(8.49302197831524,-1.73449979281129,9.6695472998409));
#5903=CARTESIAN_POINT('Ctrl Pts',(7.71593629978724,-1.85877746767171,9.78695989090278));
#5904=CARTESIAN_POINT('Ctrl Pts',(7.23997601048647,-1.87320743600345,9.80479361394606));
#5905=CARTESIAN_POINT('Ctrl Pts',(7.00022651710333,-1.85861800483944,9.8139610275025));
#5906=CARTESIAN_POINT('Ctrl Pts',(8.53667355409312,-1.13667355409312,9.89725271203472));
#5907=CARTESIAN_POINT('Ctrl Pts',(8.39689293511711,-1.213272022998,9.91134182237091));
#5908=CARTESIAN_POINT('Ctrl Pts',(8.0786119688788,-1.34024547938349,9.94278905765347));
#5909=CARTESIAN_POINT('Ctrl Pts',(7.52172059285011,-1.48736160957304,9.96292385060993));
#5910=CARTESIAN_POINT('Ctrl Pts',(7.18320025538201,-1.50948544321111,9.96170074289601));
#5911=CARTESIAN_POINT('Ctrl Pts',(7.00022651710333,-1.49268681720968,9.96553468831403));
#5912=CARTESIAN_POINT('Ctrl Pts',(8.20632190859259,-0.806321908592583,10.));
#5913=CARTESIAN_POINT('Ctrl Pts',(8.09812308651251,-0.898343464951625,10.));
#5914=CARTESIAN_POINT('Ctrl Pts',(7.85882596485908,-1.05908706864809,10.));
#5915=CARTESIAN_POINT('Ctrl Pts',(7.44116534008036,-1.21318760979754,10.));
#5916=CARTESIAN_POINT('Ctrl Pts',(7.14809903883557,-1.23817189911622,10.));
#5917=CARTESIAN_POINT('Ctrl Pts',(7.00022651710333,-1.23089969389958,10.));
#5918=CARTESIAN_POINT('Ctrl Pts',(8.06072651710333,-0.660726517103333,10.));
#5919=CARTESIAN_POINT('Ctrl Pts',(7.96818043351633,-0.753272600690333,10.));
#5920=CARTESIAN_POINT('Ctrl Pts',(7.75872996197411,-0.913989121508601,10.));
#5921=CARTESIAN_POINT('Ctrl Pts',(7.39285403412611,-1.06553989296908,10.));
#5922=CARTESIAN_POINT('Ctrl Pts',(7.13110644365658,-1.1,10.));
#5923=CARTESIAN_POINT('Ctrl Pts',(7.00022651710333,-1.1,10.));
#5924=CARTESIAN_POINT('',(9.17673797259167,-1.77673797259167,9.17673797259167));
#5925=CARTESIAN_POINT('',(7.00022651710333,-2.16066017177982,9.56066017177982));
#5926=CARTESIAN_POINT('Ctrl Pts',(9.17673797259167,-1.77673797259167,9.17673797259167));
#5927=CARTESIAN_POINT('Ctrl Pts',(9.03463461567575,-1.84778965104963,9.24778965104963));
#5928=CARTESIAN_POINT('Ctrl Pts',(8.72726642385579,-1.96570479664905,9.36570479664905));
#5929=CARTESIAN_POINT('Ctrl Pts',(7.91934597582843,-2.12563815338794,9.52563815338794));
#5930=CARTESIAN_POINT('Ctrl Pts',(7.29139094362006,-2.16066017177982,9.56066017177982));
#5931=CARTESIAN_POINT('Ctrl Pts',(7.00022651710333,-2.16066017177982,9.56066017177982));
#5932=CARTESIAN_POINT('',(8.06072651710333,-0.660726517103333,10.));
#5933=CARTESIAN_POINT('Ctrl Pts',(9.17673797259167,-1.77673797259167,9.17673797259167));
#5934=CARTESIAN_POINT('Ctrl Pts',(9.10568629413371,-1.70568629413371,9.31884132950759));
#5935=CARTESIAN_POINT('Ctrl Pts',(8.94883113643737,-1.54883113643736,9.56101445919384));
#5936=CARTESIAN_POINT('Ctrl Pts',(8.53667355409312,-1.13667355409312,9.89725271203472));
#5937=CARTESIAN_POINT('Ctrl Pts',(8.20632190859259,-0.806321908592583,10.));
#5938=CARTESIAN_POINT('Ctrl Pts',(8.06072651710333,-0.660726517103333,10.));
#5939=CARTESIAN_POINT('',(7.00022651710333,-1.1,10.));
#5940=CARTESIAN_POINT('Origin',(7.00022651710333,0.399773482896667,10.));
#5941=CARTESIAN_POINT('Origin',(7.00022651710333,-1.1,8.5));
#5942=CARTESIAN_POINT('Ctrl Pts',(9.17673797259167,-1.77673797259167,9.17673797259167));
#5943=CARTESIAN_POINT('Ctrl Pts',(9.10568629413371,-1.70568629413371,9.31884132950759));
#5944=CARTESIAN_POINT('Ctrl Pts',(8.94883113643737,-1.54883113643736,9.56101445919384));
#5945=CARTESIAN_POINT('Ctrl Pts',(8.53667355409312,-1.13667355409312,9.89725271203472));
#5946=CARTESIAN_POINT('Ctrl Pts',(8.20632190859259,-0.806321908592583,10.));
#5947=CARTESIAN_POINT('Ctrl Pts',(8.06072651710333,-0.660726517103333,10.));
#5948=CARTESIAN_POINT('Ctrl Pts',(9.24778965104963,-1.63463461567575,9.24778965104963));
#5949=CARTESIAN_POINT('Ctrl Pts',(9.17585838627219,-1.56482003370465,9.37534084257287));
#5950=CARTESIAN_POINT('Ctrl Pts',(9.01832589673913,-1.40799867481845,9.59823526038768));
#5951=CARTESIAN_POINT('Ctrl Pts',(8.613272022998,-0.996892935117106,9.91134182237091));
#5952=CARTESIAN_POINT('Ctrl Pts',(8.29834346495163,-0.698123086512514,10.));
#5953=CARTESIAN_POINT('Ctrl Pts',(8.15327260069033,-0.568180433516334,10.));
#5954=CARTESIAN_POINT('Ctrl Pts',(9.36570479664905,-1.32726642385579,9.36570479664906));
#5955=CARTESIAN_POINT('Ctrl Pts',(9.29416877261233,-1.25759598527702,9.47279530395412));
#5956=CARTESIAN_POINT('Ctrl Pts',(9.13449979281128,-1.09302197831524,9.6695472998409));
#5957=CARTESIAN_POINT('Ctrl Pts',(8.74024547938349,-0.678611968878803,9.94278905765347));
#5958=CARTESIAN_POINT('Ctrl Pts',(8.45908706864809,-0.458825964859084,10.));
#5959=CARTESIAN_POINT('Ctrl Pts',(8.3139891215086,-0.358729961974111,10.));
#5960=CARTESIAN_POINT('Ctrl Pts',(9.52563815338793,-0.519345975828434,9.52563815338793));
#5961=CARTESIAN_POINT('Ctrl Pts',(9.44580011881013,-0.458492414666037,9.61724028460572));
#5962=CARTESIAN_POINT('Ctrl Pts',(9.25877746767171,-0.315936299787244,9.78695989090278));
#5963=CARTESIAN_POINT('Ctrl Pts',(8.88736160957304,-0.121720592850101,9.96292385060993));
#5964=CARTESIAN_POINT('Ctrl Pts',(8.61318760979754,-0.0411653400803565,
10.));
#5965=CARTESIAN_POINT('Ctrl Pts',(8.46553989296908,0.0071459658738858,10.));
#5966=CARTESIAN_POINT('Ctrl Pts',(9.56066017177982,0.108609056379935,9.56066017177982));
#5967=CARTESIAN_POINT('Ctrl Pts',(9.47324233619106,0.124784857853087,9.64807800736859));
#5968=CARTESIAN_POINT('Ctrl Pts',(9.27320743600345,0.160023989513528,9.80479361394606));
#5969=CARTESIAN_POINT('Ctrl Pts',(8.9094854432111,0.216799744617991,9.961700742896));
#5970=CARTESIAN_POINT('Ctrl Pts',(8.63817189911622,0.251900961164427,10.));
#5971=CARTESIAN_POINT('Ctrl Pts',(8.5,0.268893556343419,10.));
#5972=CARTESIAN_POINT('Ctrl Pts',(9.56066017177982,0.399773482896667,9.56066017177982));
#5973=CARTESIAN_POINT('Ctrl Pts',(9.46810011056819,0.399773482896667,9.65322023299146));
#5974=CARTESIAN_POINT('Ctrl Pts',(9.25861800483944,0.399773482896667,9.8139610275025));
#5975=CARTESIAN_POINT('Ctrl Pts',(8.89268681720968,0.399773482896666,9.96553468831403));
#5976=CARTESIAN_POINT('Ctrl Pts',(8.63089969389958,0.399773482896667,10.));
#5977=CARTESIAN_POINT('Ctrl Pts',(8.5,0.399773482896667,10.));
#5978=CARTESIAN_POINT('',(9.56066017177982,0.399773482896667,9.56066017177982));
#5979=CARTESIAN_POINT('Ctrl Pts',(9.17673797259167,-1.77673797259167,9.17673797259167));
#5980=CARTESIAN_POINT('Ctrl Pts',(9.24778965104963,-1.63463461567575,9.24778965104963));
#5981=CARTESIAN_POINT('Ctrl Pts',(9.36570479664905,-1.32726642385579,9.36570479664905));
#5982=CARTESIAN_POINT('Ctrl Pts',(9.52563815338794,-0.519345975828433,9.52563815338794));
#5983=CARTESIAN_POINT('Ctrl Pts',(9.56066017177982,0.108609056379935,9.56066017177982));
#5984=CARTESIAN_POINT('Ctrl Pts',(9.56066017177982,0.399773482896667,9.56066017177982));
#5985=CARTESIAN_POINT('',(8.5,0.399773482896667,10.));
#5986=CARTESIAN_POINT('Origin',(8.5,0.399773482896667,8.5));
#5987=CARTESIAN_POINT('Origin',(7.00022651710333,0.399773482896667,10.));
#5988=CARTESIAN_POINT('Ctrl Pts',(9.17673797259167,-1.77673797259167,9.17673797259167));
#5989=CARTESIAN_POINT('Ctrl Pts',(9.24778965104963,-1.63463461567575,9.24778965104963));
#5990=CARTESIAN_POINT('Ctrl Pts',(9.36570479664905,-1.32726642385579,9.36570479664905));
#5991=CARTESIAN_POINT('Ctrl Pts',(9.52563815338794,-0.519345975828433,9.52563815338794));
#5992=CARTESIAN_POINT('Ctrl Pts',(9.56066017177982,0.108609056379935,9.56066017177982));
#5993=CARTESIAN_POINT('Ctrl Pts',(9.56066017177982,0.399773482896667,9.56066017177982));
#5994=CARTESIAN_POINT('Ctrl Pts',(9.31884132950759,-1.70568629413371,9.10568629413371));
#5995=CARTESIAN_POINT('Ctrl Pts',(9.37534084257286,-1.56482003370465,9.17585838627219));
#5996=CARTESIAN_POINT('Ctrl Pts',(9.47279530395412,-1.25759598527702,9.29416877261233));
#5997=CARTESIAN_POINT('Ctrl Pts',(9.61724028460572,-0.458492414666037,9.44580011881013));
#5998=CARTESIAN_POINT('Ctrl Pts',(9.64807800736859,0.124784857853087,9.47324233619106));
#5999=CARTESIAN_POINT('Ctrl Pts',(9.65322023299146,0.399773482896667,9.46810011056819));
#6000=CARTESIAN_POINT('Ctrl Pts',(9.56101445919384,-1.54883113643736,8.94883113643736));
#6001=CARTESIAN_POINT('Ctrl Pts',(9.59823526038767,-1.40799867481845,9.01832589673912));
#6002=CARTESIAN_POINT('Ctrl Pts',(9.6695472998409,-1.09302197831524,9.13449979281129));
#6003=CARTESIAN_POINT('Ctrl Pts',(9.78695989090277,-0.315936299787244,9.25877746767171));
#6004=CARTESIAN_POINT('Ctrl Pts',(9.80479361394606,0.160023989513528,9.27320743600345));
#6005=CARTESIAN_POINT('Ctrl Pts',(9.8139610275025,0.399773482896666,9.25861800483944));
#6006=CARTESIAN_POINT('Ctrl Pts',(9.89725271203472,-1.13667355409312,8.53667355409312));
#6007=CARTESIAN_POINT('Ctrl Pts',(9.91134182237092,-0.996892935117107,8.613272022998));
#6008=CARTESIAN_POINT('Ctrl Pts',(9.94278905765347,-0.678611968878804,8.74024547938349));
#6009=CARTESIAN_POINT('Ctrl Pts',(9.96292385060993,-0.121720592850102,8.88736160957304));
#6010=CARTESIAN_POINT('Ctrl Pts',(9.96170074289601,0.216799744617992,8.90948544321111));
#6011=CARTESIAN_POINT('Ctrl Pts',(9.96553468831403,0.399773482896668,8.89268681720969));
#6012=CARTESIAN_POINT('Ctrl Pts',(10.,-0.806321908592583,8.20632190859259));
#6013=CARTESIAN_POINT('Ctrl Pts',(10.,-0.698123086512514,8.29834346495163));
#6014=CARTESIAN_POINT('Ctrl Pts',(10.,-0.458825964859084,8.45908706864809));
#6015=CARTESIAN_POINT('Ctrl Pts',(10.,-0.0411653400803555,8.61318760979754));
#6016=CARTESIAN_POINT('Ctrl Pts',(10.,0.251900961164427,8.63817189911622));
#6017=CARTESIAN_POINT('Ctrl Pts',(10.,0.399773482896667,8.63089969389958));
#6018=CARTESIAN_POINT('Ctrl Pts',(10.,-0.660726517103333,8.06072651710334));
#6019=CARTESIAN_POINT('Ctrl Pts',(10.,-0.568180433516334,8.15327260069033));
#6020=CARTESIAN_POINT('Ctrl Pts',(10.,-0.358729961974111,8.3139891215086));
#6021=CARTESIAN_POINT('Ctrl Pts',(10.,0.00714596587388677,8.46553989296908));
#6022=CARTESIAN_POINT('Ctrl Pts',(10.,0.268893556343418,8.5));
#6023=CARTESIAN_POINT('Ctrl Pts',(10.,0.399773482896667,8.5));
#6024=CARTESIAN_POINT('',(10.,-0.660726517103333,8.06072651710334));
#6025=CARTESIAN_POINT('Ctrl Pts',(9.17673797259167,-1.77673797259167,9.17673797259167));
#6026=CARTESIAN_POINT('Ctrl Pts',(9.31884132950759,-1.70568629413371,9.10568629413371));
#6027=CARTESIAN_POINT('Ctrl Pts',(9.56101445919384,-1.54883113643736,8.94883113643736));
#6028=CARTESIAN_POINT('Ctrl Pts',(9.89725271203472,-1.13667355409312,8.53667355409312));
#6029=CARTESIAN_POINT('Ctrl Pts',(10.,-0.806321908592583,8.20632190859259));
#6030=CARTESIAN_POINT('Ctrl Pts',(10.,-0.660726517103333,8.06072651710334));
#6031=CARTESIAN_POINT('',(10.,0.399773482896667,8.5));
#6032=CARTESIAN_POINT('Origin',(10.,0.399773482896667,7.00022651710333));
#6033=CARTESIAN_POINT('Origin',(8.5,0.399773482896667,8.5));
#6034=CARTESIAN_POINT('Ctrl Pts',(9.17673797259167,-1.77673797259167,9.17673797259167));
#6035=CARTESIAN_POINT('Ctrl Pts',(9.31884132950759,-1.70568629413371,9.10568629413371));
#6036=CARTESIAN_POINT('Ctrl Pts',(9.56101445919384,-1.54883113643736,8.94883113643736));
#6037=CARTESIAN_POINT('Ctrl Pts',(9.89725271203472,-1.13667355409312,8.53667355409312));
#6038=CARTESIAN_POINT('Ctrl Pts',(10.,-0.806321908592583,8.20632190859259));
#6039=CARTESIAN_POINT('Ctrl Pts',(10.,-0.660726517103333,8.06072651710334));
#6040=CARTESIAN_POINT('Ctrl Pts',(9.24778965104963,-1.84778965104963,9.03463461567575));
#6041=CARTESIAN_POINT('Ctrl Pts',(9.37534084257286,-1.77585838627219,8.96482003370465));
#6042=CARTESIAN_POINT('Ctrl Pts',(9.59823526038767,-1.61832589673913,8.80799867481844));
#6043=CARTESIAN_POINT('Ctrl Pts',(9.91134182237092,-1.213272022998,8.39689293511711));
#6044=CARTESIAN_POINT('Ctrl Pts',(10.,-0.898343464951625,8.09812308651251));
#6045=CARTESIAN_POINT('Ctrl Pts',(10.,-0.753272600690332,7.96818043351634));
#6046=CARTESIAN_POINT('Ctrl Pts',(9.36570479664905,-1.96570479664905,8.72726642385578));
#6047=CARTESIAN_POINT('Ctrl Pts',(9.47279530395412,-1.89416877261233,8.65759598527701));
#6048=CARTESIAN_POINT('Ctrl Pts',(9.6695472998409,-1.73449979281129,8.49302197831524));
#6049=CARTESIAN_POINT('Ctrl Pts',(9.94278905765346,-1.34024547938349,8.0786119688788));
#6050=CARTESIAN_POINT('Ctrl Pts',(10.,-1.05908706864809,7.85882596485908));
#6051=CARTESIAN_POINT('Ctrl Pts',(10.,-0.9139891215086,7.75872996197411));
#6052=CARTESIAN_POINT('Ctrl Pts',(9.52563815338794,-2.12563815338794,7.91934597582843));
#6053=CARTESIAN_POINT('Ctrl Pts',(9.61724028460572,-2.04580011881013,7.85849241466604));
#6054=CARTESIAN_POINT('Ctrl Pts',(9.78695989090277,-1.85877746767171,7.71593629978724));
#6055=CARTESIAN_POINT('Ctrl Pts',(9.96292385060993,-1.48736160957304,7.5217205928501));
#6056=CARTESIAN_POINT('Ctrl Pts',(10.,-1.21318760979754,7.44116534008036));
#6057=CARTESIAN_POINT('Ctrl Pts',(10.,-1.06553989296908,7.39285403412612));
#6058=CARTESIAN_POINT('Ctrl Pts',(9.56066017177982,-2.16066017177982,7.29139094362007));
#6059=CARTESIAN_POINT('Ctrl Pts',(9.64807800736859,-2.07324233619106,7.27521514214691));
#6060=CARTESIAN_POINT('Ctrl Pts',(9.80479361394606,-1.87320743600345,7.23997601048647));
#6061=CARTESIAN_POINT('Ctrl Pts',(9.961700742896,-1.5094854432111,7.18320025538201));
#6062=CARTESIAN_POINT('Ctrl Pts',(10.,-1.23817189911622,7.14809903883557));
#6063=CARTESIAN_POINT('Ctrl Pts',(10.,-1.1,7.13110644365658));
#6064=CARTESIAN_POINT('Ctrl Pts',(9.56066017177982,-2.16066017177982,7.00022651710333));
#6065=CARTESIAN_POINT('Ctrl Pts',(9.65322023299145,-2.06810011056819,7.00022651710333));
#6066=CARTESIAN_POINT('Ctrl Pts',(9.8139610275025,-1.85861800483944,7.00022651710333));
#6067=CARTESIAN_POINT('Ctrl Pts',(9.96553468831403,-1.49268681720968,7.00022651710333));
#6068=CARTESIAN_POINT('Ctrl Pts',(10.,-1.23089969389957,7.00022651710333));
#6069=CARTESIAN_POINT('Ctrl Pts',(10.,-1.1,7.00022651710333));
#6070=CARTESIAN_POINT('',(9.56066017177982,-2.16066017177982,7.00022651710333));
#6071=CARTESIAN_POINT('Ctrl Pts',(9.17673797259167,-1.77673797259167,9.17673797259167));
#6072=CARTESIAN_POINT('Ctrl Pts',(9.24778965104963,-1.84778965104963,9.03463461567575));
#6073=CARTESIAN_POINT('Ctrl Pts',(9.36570479664905,-1.96570479664905,8.72726642385578));
#6074=CARTESIAN_POINT('Ctrl Pts',(9.52563815338794,-2.12563815338794,7.91934597582843));
#6075=CARTESIAN_POINT('Ctrl Pts',(9.56066017177982,-2.16066017177982,7.29139094362007));
#6076=CARTESIAN_POINT('Ctrl Pts',(9.56066017177982,-2.16066017177982,7.00022651710333));
#6077=CARTESIAN_POINT('',(10.,-1.1,7.00022651710333));
#6078=CARTESIAN_POINT('Origin',(8.5,-1.1,7.00022651710333));
#6079=CARTESIAN_POINT('Origin',(10.,0.399773482896667,7.00022651710333));
#6080=CARTESIAN_POINT('Ctrl Pts',(9.17673797259167,-1.77673797259167,9.17673797259167));
#6081=CARTESIAN_POINT('Ctrl Pts',(9.24778965104963,-1.84778965104963,9.03463461567575));
#6082=CARTESIAN_POINT('Ctrl Pts',(9.36570479664905,-1.96570479664905,8.72726642385578));
#6083=CARTESIAN_POINT('Ctrl Pts',(9.52563815338794,-2.12563815338794,7.91934597582843));
#6084=CARTESIAN_POINT('Ctrl Pts',(9.56066017177982,-2.16066017177982,7.29139094362007));
#6085=CARTESIAN_POINT('Ctrl Pts',(9.56066017177982,-2.16066017177982,7.00022651710333));
#6086=CARTESIAN_POINT('Ctrl Pts',(9.10568629413371,-1.91884132950759,9.10568629413371));
#6087=CARTESIAN_POINT('Ctrl Pts',(9.17585838627219,-1.97534084257287,8.96482003370465));
#6088=CARTESIAN_POINT('Ctrl Pts',(9.29416877261233,-2.07279530395412,8.65759598527702));
#6089=CARTESIAN_POINT('Ctrl Pts',(9.44580011881013,-2.21724028460572,7.85849241466603));
#6090=CARTESIAN_POINT('Ctrl Pts',(9.47324233619106,-2.24807800736859,7.27521514214691));
#6091=CARTESIAN_POINT('Ctrl Pts',(9.46810011056819,-2.25322023299145,7.00022651710333));
#6092=CARTESIAN_POINT('Ctrl Pts',(8.94883113643737,-2.16101445919384,8.94883113643737));
#6093=CARTESIAN_POINT('Ctrl Pts',(9.01832589673913,-2.19823526038768,8.80799867481845));
#6094=CARTESIAN_POINT('Ctrl Pts',(9.1344997928113,-2.2695472998409,8.49302197831524));
#6095=CARTESIAN_POINT('Ctrl Pts',(9.2587774676717,-2.38695989090277,7.71593629978724));
#6096=CARTESIAN_POINT('Ctrl Pts',(9.27320743600345,-2.40479361394606,7.23997601048647));
#6097=CARTESIAN_POINT('Ctrl Pts',(9.25861800483944,-2.4139610275025,7.00022651710333));
#6098=CARTESIAN_POINT('Ctrl Pts',(8.53667355409311,-2.49725271203472,8.53667355409311));
#6099=CARTESIAN_POINT('Ctrl Pts',(8.61327202299799,-2.51134182237091,8.3968929351171));
#6100=CARTESIAN_POINT('Ctrl Pts',(8.74024547938348,-2.54278905765347,8.0786119688788));
#6101=CARTESIAN_POINT('Ctrl Pts',(8.88736160957304,-2.56292385060993,7.5217205928501));
#6102=CARTESIAN_POINT('Ctrl Pts',(8.9094854432111,-2.56170074289601,7.18320025538201));
#6103=CARTESIAN_POINT('Ctrl Pts',(8.89268681720968,-2.56553468831404,7.00022651710333));
#6104=CARTESIAN_POINT('Ctrl Pts',(8.20632190859258,-2.6,8.20632190859258));
#6105=CARTESIAN_POINT('Ctrl Pts',(8.29834346495162,-2.6,8.09812308651251));
#6106=CARTESIAN_POINT('Ctrl Pts',(8.45908706864809,-2.6,7.85882596485908));
#6107=CARTESIAN_POINT('Ctrl Pts',(8.61318760979754,-2.6,7.44116534008035));
#6108=CARTESIAN_POINT('Ctrl Pts',(8.63817189911622,-2.6,7.14809903883557));
#6109=CARTESIAN_POINT('Ctrl Pts',(8.63089969389957,-2.6,7.00022651710333));
#6110=CARTESIAN_POINT('Ctrl Pts',(8.06072651710333,-2.6,8.06072651710333));
#6111=CARTESIAN_POINT('Ctrl Pts',(8.15327260069033,-2.6,7.96818043351633));
#6112=CARTESIAN_POINT('Ctrl Pts',(8.3139891215086,-2.6,7.75872996197411));
#6113=CARTESIAN_POINT('Ctrl Pts',(8.46553989296908,-2.6,7.39285403412611));
#6114=CARTESIAN_POINT('Ctrl Pts',(8.5,-2.6,7.13110644365658));
#6115=CARTESIAN_POINT('Ctrl Pts',(8.5,-2.6,7.00022651710333));
#6116=CARTESIAN_POINT('',(8.06072651710333,-2.6,8.06072651710333));
#6117=CARTESIAN_POINT('Ctrl Pts',(9.17673797259167,-1.77673797259167,9.17673797259167));
#6118=CARTESIAN_POINT('Ctrl Pts',(9.10568629413371,-1.91884132950759,9.10568629413371));
#6119=CARTESIAN_POINT('Ctrl Pts',(8.94883113643737,-2.16101445919384,8.94883113643737));
#6120=CARTESIAN_POINT('Ctrl Pts',(8.53667355409311,-2.49725271203472,8.53667355409311));
#6121=CARTESIAN_POINT('Ctrl Pts',(8.20632190859258,-2.6,8.20632190859258));
#6122=CARTESIAN_POINT('Ctrl Pts',(8.06072651710333,-2.6,8.06072651710333));
#6123=CARTESIAN_POINT('',(8.5,-2.6,7.00022651710333));
#6124=CARTESIAN_POINT('Origin',(7.00022651710333,-2.6,7.00022651710333));
#6125=CARTESIAN_POINT('Origin',(8.5,-1.1,7.00022651710333));
#6126=CARTESIAN_POINT('Ctrl Pts',(-9.17673797259167,-1.77673797259167,9.17673797259167));
#6127=CARTESIAN_POINT('Ctrl Pts',(-9.24778965104963,-1.84778965104963,9.03463461567575));
#6128=CARTESIAN_POINT('Ctrl Pts',(-9.36570479664905,-1.96570479664905,8.72726642385579));
#6129=CARTESIAN_POINT('Ctrl Pts',(-9.52563815338794,-2.12563815338794,7.91934597582843));
#6130=CARTESIAN_POINT('Ctrl Pts',(-9.56066017177982,-2.16066017177982,7.29139094362006));
#6131=CARTESIAN_POINT('Ctrl Pts',(-9.56066017177982,-2.16066017177982,7.00022651710333));
#6132=CARTESIAN_POINT('Ctrl Pts',(-9.31884132950759,-1.70568629413371,9.10568629413371));
#6133=CARTESIAN_POINT('Ctrl Pts',(-9.37534084257286,-1.77585838627219,8.96482003370465));
#6134=CARTESIAN_POINT('Ctrl Pts',(-9.47279530395412,-1.89416877261233,8.65759598527702));
#6135=CARTESIAN_POINT('Ctrl Pts',(-9.61724028460572,-2.04580011881013,7.85849241466604));
#6136=CARTESIAN_POINT('Ctrl Pts',(-9.64807800736858,-2.07324233619106,7.27521514214691));
#6137=CARTESIAN_POINT('Ctrl Pts',(-9.65322023299145,-2.06810011056819,7.00022651710333));
#6138=CARTESIAN_POINT('Ctrl Pts',(-9.56101445919384,-1.54883113643736,8.94883113643737));
#6139=CARTESIAN_POINT('Ctrl Pts',(-9.59823526038768,-1.61832589673913,8.80799867481845));
#6140=CARTESIAN_POINT('Ctrl Pts',(-9.6695472998409,-1.73449979281129,8.49302197831524));
#6141=CARTESIAN_POINT('Ctrl Pts',(-9.78695989090278,-1.85877746767171,7.71593629978724));
#6142=CARTESIAN_POINT('Ctrl Pts',(-9.80479361394606,-1.87320743600345,7.23997601048647));
#6143=CARTESIAN_POINT('Ctrl Pts',(-9.8139610275025,-1.85861800483944,7.00022651710333));
#6144=CARTESIAN_POINT('Ctrl Pts',(-9.89725271203472,-1.13667355409312,8.53667355409312));
#6145=CARTESIAN_POINT('Ctrl Pts',(-9.91134182237091,-1.213272022998,8.39689293511711));
#6146=CARTESIAN_POINT('Ctrl Pts',(-9.94278905765347,-1.34024547938349,8.0786119688788));
#6147=CARTESIAN_POINT('Ctrl Pts',(-9.96292385060993,-1.48736160957304,7.52172059285011));
#6148=CARTESIAN_POINT('Ctrl Pts',(-9.96170074289601,-1.50948544321111,7.18320025538201));
#6149=CARTESIAN_POINT('Ctrl Pts',(-9.96553468831403,-1.49268681720968,7.00022651710333));
#6150=CARTESIAN_POINT('Ctrl Pts',(-10.,-0.806321908592583,8.20632190859259));
#6151=CARTESIAN_POINT('Ctrl Pts',(-10.,-0.898343464951625,8.09812308651251));
#6152=CARTESIAN_POINT('Ctrl Pts',(-10.,-1.05908706864809,7.85882596485908));
#6153=CARTESIAN_POINT('Ctrl Pts',(-10.,-1.21318760979754,7.44116534008036));
#6154=CARTESIAN_POINT('Ctrl Pts',(-10.,-1.23817189911622,7.14809903883557));
#6155=CARTESIAN_POINT('Ctrl Pts',(-10.,-1.23089969389958,7.00022651710333));
#6156=CARTESIAN_POINT('Ctrl Pts',(-10.,-0.660726517103333,8.06072651710333));
#6157=CARTESIAN_POINT('Ctrl Pts',(-10.,-0.753272600690333,7.96818043351633));
#6158=CARTESIAN_POINT('Ctrl Pts',(-10.,-0.913989121508601,7.75872996197411));
#6159=CARTESIAN_POINT('Ctrl Pts',(-10.,-1.06553989296908,7.39285403412611));
#6160=CARTESIAN_POINT('Ctrl Pts',(-10.,-1.1,7.13110644365658));
#6161=CARTESIAN_POINT('Ctrl Pts',(-10.,-1.1,7.00022651710333));
#6162=CARTESIAN_POINT('',(-9.17673797259167,-1.77673797259167,9.17673797259167));
#6163=CARTESIAN_POINT('',(-9.56066017177982,-2.16066017177982,7.00022651710333));
#6164=CARTESIAN_POINT('Ctrl Pts',(-9.17673797259167,-1.77673797259167,9.17673797259167));
#6165=CARTESIAN_POINT('Ctrl Pts',(-9.24778965104963,-1.84778965104963,9.03463461567575));
#6166=CARTESIAN_POINT('Ctrl Pts',(-9.36570479664905,-1.96570479664905,8.72726642385579));
#6167=CARTESIAN_POINT('Ctrl Pts',(-9.52563815338794,-2.12563815338794,7.91934597582843));
#6168=CARTESIAN_POINT('Ctrl Pts',(-9.56066017177982,-2.16066017177982,7.29139094362006));
#6169=CARTESIAN_POINT('Ctrl Pts',(-9.56066017177982,-2.16066017177982,7.00022651710333));
#6170=CARTESIAN_POINT('',(-10.,-0.660726517103333,8.06072651710333));
#6171=CARTESIAN_POINT('Ctrl Pts',(-9.17673797259167,-1.77673797259167,9.17673797259167));
#6172=CARTESIAN_POINT('Ctrl Pts',(-9.31884132950759,-1.70568629413371,9.10568629413371));
#6173=CARTESIAN_POINT('Ctrl Pts',(-9.56101445919384,-1.54883113643736,8.94883113643737));
#6174=CARTESIAN_POINT('Ctrl Pts',(-9.89725271203472,-1.13667355409312,8.53667355409312));
#6175=CARTESIAN_POINT('Ctrl Pts',(-10.,-0.806321908592583,8.20632190859259));
#6176=CARTESIAN_POINT('Ctrl Pts',(-10.,-0.660726517103333,8.06072651710333));
#6177=CARTESIAN_POINT('',(-10.,-1.1,7.00022651710333));
#6178=CARTESIAN_POINT('Origin',(-10.,0.399773482896667,7.00022651710333));
#6179=CARTESIAN_POINT('Origin',(-8.5,-1.1,7.00022651710333));
#6180=CARTESIAN_POINT('Ctrl Pts',(-9.17673797259167,-1.77673797259167,9.17673797259167));
#6181=CARTESIAN_POINT('Ctrl Pts',(-9.31884132950759,-1.70568629413371,9.10568629413371));
#6182=CARTESIAN_POINT('Ctrl Pts',(-9.56101445919384,-1.54883113643736,8.94883113643737));
#6183=CARTESIAN_POINT('Ctrl Pts',(-9.89725271203472,-1.13667355409312,8.53667355409312));
#6184=CARTESIAN_POINT('Ctrl Pts',(-10.,-0.806321908592583,8.20632190859259));
#6185=CARTESIAN_POINT('Ctrl Pts',(-10.,-0.660726517103333,8.06072651710333));
#6186=CARTESIAN_POINT('Ctrl Pts',(-9.24778965104963,-1.63463461567575,9.24778965104963));
#6187=CARTESIAN_POINT('Ctrl Pts',(-9.37534084257287,-1.56482003370465,9.17585838627219));
#6188=CARTESIAN_POINT('Ctrl Pts',(-9.59823526038768,-1.40799867481845,9.01832589673913));
#6189=CARTESIAN_POINT('Ctrl Pts',(-9.91134182237091,-0.996892935117106,
8.613272022998));
#6190=CARTESIAN_POINT('Ctrl Pts',(-10.,-0.698123086512514,8.29834346495163));
#6191=CARTESIAN_POINT('Ctrl Pts',(-10.,-0.568180433516334,8.15327260069033));
#6192=CARTESIAN_POINT('Ctrl Pts',(-9.36570479664906,-1.32726642385579,9.36570479664905));
#6193=CARTESIAN_POINT('Ctrl Pts',(-9.47279530395412,-1.25759598527702,9.29416877261233));
#6194=CARTESIAN_POINT('Ctrl Pts',(-9.6695472998409,-1.09302197831524,9.13449979281128));
#6195=CARTESIAN_POINT('Ctrl Pts',(-9.94278905765347,-0.678611968878803,
8.74024547938349));
#6196=CARTESIAN_POINT('Ctrl Pts',(-10.,-0.458825964859084,8.45908706864809));
#6197=CARTESIAN_POINT('Ctrl Pts',(-10.,-0.358729961974111,8.3139891215086));
#6198=CARTESIAN_POINT('Ctrl Pts',(-9.52563815338793,-0.519345975828434,
9.52563815338793));
#6199=CARTESIAN_POINT('Ctrl Pts',(-9.61724028460572,-0.458492414666037,
9.44580011881013));
#6200=CARTESIAN_POINT('Ctrl Pts',(-9.78695989090278,-0.315936299787244,
9.25877746767171));
#6201=CARTESIAN_POINT('Ctrl Pts',(-9.96292385060993,-0.121720592850101,
8.88736160957304));
#6202=CARTESIAN_POINT('Ctrl Pts',(-10.,-0.0411653400803565,8.61318760979754));
#6203=CARTESIAN_POINT('Ctrl Pts',(-10.,0.0071459658738858,8.46553989296908));
#6204=CARTESIAN_POINT('Ctrl Pts',(-9.56066017177982,0.108609056379935,9.56066017177982));
#6205=CARTESIAN_POINT('Ctrl Pts',(-9.64807800736859,0.124784857853087,9.47324233619106));
#6206=CARTESIAN_POINT('Ctrl Pts',(-9.80479361394606,0.160023989513528,9.27320743600345));
#6207=CARTESIAN_POINT('Ctrl Pts',(-9.961700742896,0.216799744617991,8.9094854432111));
#6208=CARTESIAN_POINT('Ctrl Pts',(-10.,0.251900961164427,8.63817189911622));
#6209=CARTESIAN_POINT('Ctrl Pts',(-10.,0.268893556343419,8.5));
#6210=CARTESIAN_POINT('Ctrl Pts',(-9.56066017177982,0.399773482896667,9.56066017177982));
#6211=CARTESIAN_POINT('Ctrl Pts',(-9.65322023299146,0.399773482896667,9.46810011056819));
#6212=CARTESIAN_POINT('Ctrl Pts',(-9.8139610275025,0.399773482896667,9.25861800483944));
#6213=CARTESIAN_POINT('Ctrl Pts',(-9.96553468831403,0.399773482896666,8.89268681720968));
#6214=CARTESIAN_POINT('Ctrl Pts',(-10.,0.399773482896667,8.63089969389958));
#6215=CARTESIAN_POINT('Ctrl Pts',(-10.,0.399773482896667,8.5));
#6216=CARTESIAN_POINT('',(-9.56066017177982,0.399773482896667,9.56066017177982));
#6217=CARTESIAN_POINT('Ctrl Pts',(-9.17673797259167,-1.77673797259167,9.17673797259167));
#6218=CARTESIAN_POINT('Ctrl Pts',(-9.24778965104963,-1.63463461567575,9.24778965104963));
#6219=CARTESIAN_POINT('Ctrl Pts',(-9.36570479664905,-1.32726642385579,9.36570479664905));
#6220=CARTESIAN_POINT('Ctrl Pts',(-9.52563815338794,-0.519345975828433,
9.52563815338794));
#6221=CARTESIAN_POINT('Ctrl Pts',(-9.56066017177982,0.108609056379935,9.56066017177982));
#6222=CARTESIAN_POINT('Ctrl Pts',(-9.56066017177982,0.399773482896667,9.56066017177982));
#6223=CARTESIAN_POINT('',(-10.,0.399773482896667,8.5));
#6224=CARTESIAN_POINT('Origin',(-8.5,0.399773482896667,8.5));
#6225=CARTESIAN_POINT('Origin',(-10.,0.399773482896667,7.00022651710333));
#6226=CARTESIAN_POINT('Ctrl Pts',(-9.17673797259167,-1.77673797259167,9.17673797259167));
#6227=CARTESIAN_POINT('Ctrl Pts',(-9.24778965104963,-1.63463461567575,9.24778965104963));
#6228=CARTESIAN_POINT('Ctrl Pts',(-9.36570479664905,-1.32726642385579,9.36570479664905));
#6229=CARTESIAN_POINT('Ctrl Pts',(-9.52563815338794,-0.519345975828433,
9.52563815338794));
#6230=CARTESIAN_POINT('Ctrl Pts',(-9.56066017177982,0.108609056379935,9.56066017177982));
#6231=CARTESIAN_POINT('Ctrl Pts',(-9.56066017177982,0.399773482896667,9.56066017177982));
#6232=CARTESIAN_POINT('Ctrl Pts',(-9.10568629413371,-1.70568629413371,9.31884132950759));
#6233=CARTESIAN_POINT('Ctrl Pts',(-9.17585838627219,-1.56482003370465,9.37534084257286));
#6234=CARTESIAN_POINT('Ctrl Pts',(-9.29416877261233,-1.25759598527702,9.47279530395412));
#6235=CARTESIAN_POINT('Ctrl Pts',(-9.44580011881013,-0.458492414666037,
9.61724028460572));
#6236=CARTESIAN_POINT('Ctrl Pts',(-9.47324233619106,0.124784857853087,9.64807800736859));
#6237=CARTESIAN_POINT('Ctrl Pts',(-9.46810011056819,0.399773482896667,9.65322023299146));
#6238=CARTESIAN_POINT('Ctrl Pts',(-8.94883113643736,-1.54883113643736,9.56101445919384));
#6239=CARTESIAN_POINT('Ctrl Pts',(-9.01832589673912,-1.40799867481845,9.59823526038767));
#6240=CARTESIAN_POINT('Ctrl Pts',(-9.13449979281129,-1.09302197831524,9.6695472998409));
#6241=CARTESIAN_POINT('Ctrl Pts',(-9.25877746767171,-0.315936299787244,
9.78695989090277));
#6242=CARTESIAN_POINT('Ctrl Pts',(-9.27320743600345,0.160023989513528,9.80479361394606));
#6243=CARTESIAN_POINT('Ctrl Pts',(-9.25861800483944,0.399773482896666,9.8139610275025));
#6244=CARTESIAN_POINT('Ctrl Pts',(-8.53667355409312,-1.13667355409312,9.89725271203472));
#6245=CARTESIAN_POINT('Ctrl Pts',(-8.613272022998,-0.996892935117107,9.91134182237092));
#6246=CARTESIAN_POINT('Ctrl Pts',(-8.74024547938349,-0.678611968878804,
9.94278905765347));
#6247=CARTESIAN_POINT('Ctrl Pts',(-8.88736160957304,-0.121720592850102,
9.96292385060993));
#6248=CARTESIAN_POINT('Ctrl Pts',(-8.90948544321111,0.216799744617992,9.96170074289601));
#6249=CARTESIAN_POINT('Ctrl Pts',(-8.89268681720969,0.399773482896668,9.96553468831403));
#6250=CARTESIAN_POINT('Ctrl Pts',(-8.20632190859259,-0.806321908592583,
10.));
#6251=CARTESIAN_POINT('Ctrl Pts',(-8.29834346495163,-0.698123086512514,
10.));
#6252=CARTESIAN_POINT('Ctrl Pts',(-8.45908706864809,-0.458825964859084,
10.));
#6253=CARTESIAN_POINT('Ctrl Pts',(-8.61318760979754,-0.0411653400803555,
10.));
#6254=CARTESIAN_POINT('Ctrl Pts',(-8.63817189911622,0.251900961164427,10.));
#6255=CARTESIAN_POINT('Ctrl Pts',(-8.63089969389958,0.399773482896667,10.));
#6256=CARTESIAN_POINT('Ctrl Pts',(-8.06072651710334,-0.660726517103333,
10.));
#6257=CARTESIAN_POINT('Ctrl Pts',(-8.15327260069033,-0.568180433516334,
10.));
#6258=CARTESIAN_POINT('Ctrl Pts',(-8.3139891215086,-0.358729961974111,10.));
#6259=CARTESIAN_POINT('Ctrl Pts',(-8.46553989296908,0.00714596587388677,
10.));
#6260=CARTESIAN_POINT('Ctrl Pts',(-8.5,0.268893556343418,10.));
#6261=CARTESIAN_POINT('Ctrl Pts',(-8.5,0.399773482896667,10.));
#6262=CARTESIAN_POINT('',(-8.06072651710334,-0.660726517103333,10.));
#6263=CARTESIAN_POINT('Ctrl Pts',(-9.17673797259167,-1.77673797259167,9.17673797259167));
#6264=CARTESIAN_POINT('Ctrl Pts',(-9.10568629413371,-1.70568629413371,9.31884132950759));
#6265=CARTESIAN_POINT('Ctrl Pts',(-8.94883113643736,-1.54883113643736,9.56101445919384));
#6266=CARTESIAN_POINT('Ctrl Pts',(-8.53667355409312,-1.13667355409312,9.89725271203472));
#6267=CARTESIAN_POINT('Ctrl Pts',(-8.20632190859259,-0.806321908592583,
10.));
#6268=CARTESIAN_POINT('Ctrl Pts',(-8.06072651710334,-0.660726517103333,
10.));
#6269=CARTESIAN_POINT('',(-8.5,0.399773482896667,10.));
#6270=CARTESIAN_POINT('Origin',(-7.00022651710333,0.399773482896667,10.));
#6271=CARTESIAN_POINT('Origin',(-8.5,0.399773482896667,8.5));
#6272=CARTESIAN_POINT('Ctrl Pts',(-9.17673797259167,-1.77673797259167,9.17673797259167));
#6273=CARTESIAN_POINT('Ctrl Pts',(-9.10568629413371,-1.70568629413371,9.31884132950759));
#6274=CARTESIAN_POINT('Ctrl Pts',(-8.94883113643736,-1.54883113643736,9.56101445919384));
#6275=CARTESIAN_POINT('Ctrl Pts',(-8.53667355409312,-1.13667355409312,9.89725271203472));
#6276=CARTESIAN_POINT('Ctrl Pts',(-8.20632190859259,-0.806321908592583,
10.));
#6277=CARTESIAN_POINT('Ctrl Pts',(-8.06072651710334,-0.660726517103333,
10.));
#6278=CARTESIAN_POINT('Ctrl Pts',(-9.03463461567575,-1.84778965104963,9.24778965104963));
#6279=CARTESIAN_POINT('Ctrl Pts',(-8.96482003370465,-1.77585838627219,9.37534084257286));
#6280=CARTESIAN_POINT('Ctrl Pts',(-8.80799867481844,-1.61832589673913,9.59823526038767));
#6281=CARTESIAN_POINT('Ctrl Pts',(-8.39689293511711,-1.213272022998,9.91134182237092));
#6282=CARTESIAN_POINT('Ctrl Pts',(-8.09812308651251,-0.898343464951625,
10.));
#6283=CARTESIAN_POINT('Ctrl Pts',(-7.96818043351634,-0.753272600690332,
10.));
#6284=CARTESIAN_POINT('Ctrl Pts',(-8.72726642385578,-1.96570479664905,9.36570479664905));
#6285=CARTESIAN_POINT('Ctrl Pts',(-8.65759598527701,-1.89416877261233,9.47279530395412));
#6286=CARTESIAN_POINT('Ctrl Pts',(-8.49302197831524,-1.73449979281129,9.6695472998409));
#6287=CARTESIAN_POINT('Ctrl Pts',(-8.0786119688788,-1.34024547938349,9.94278905765346));
#6288=CARTESIAN_POINT('Ctrl Pts',(-7.85882596485908,-1.05908706864809,10.));
#6289=CARTESIAN_POINT('Ctrl Pts',(-7.75872996197411,-0.9139891215086,10.));
#6290=CARTESIAN_POINT('Ctrl Pts',(-7.91934597582843,-2.12563815338794,9.52563815338794));
#6291=CARTESIAN_POINT('Ctrl Pts',(-7.85849241466604,-2.04580011881013,9.61724028460572));
#6292=CARTESIAN_POINT('Ctrl Pts',(-7.71593629978724,-1.85877746767171,9.78695989090277));
#6293=CARTESIAN_POINT('Ctrl Pts',(-7.5217205928501,-1.48736160957304,9.96292385060993));
#6294=CARTESIAN_POINT('Ctrl Pts',(-7.44116534008036,-1.21318760979754,10.));
#6295=CARTESIAN_POINT('Ctrl Pts',(-7.39285403412612,-1.06553989296908,10.));
#6296=CARTESIAN_POINT('Ctrl Pts',(-7.29139094362007,-2.16066017177982,9.56066017177982));
#6297=CARTESIAN_POINT('Ctrl Pts',(-7.27521514214691,-2.07324233619106,9.64807800736859));
#6298=CARTESIAN_POINT('Ctrl Pts',(-7.23997601048647,-1.87320743600345,9.80479361394606));
#6299=CARTESIAN_POINT('Ctrl Pts',(-7.18320025538201,-1.5094854432111,9.961700742896));
#6300=CARTESIAN_POINT('Ctrl Pts',(-7.14809903883557,-1.23817189911622,10.));
#6301=CARTESIAN_POINT('Ctrl Pts',(-7.13110644365658,-1.1,10.));
#6302=CARTESIAN_POINT('Ctrl Pts',(-7.00022651710333,-2.16066017177982,9.56066017177982));
#6303=CARTESIAN_POINT('Ctrl Pts',(-7.00022651710333,-2.06810011056819,9.65322023299145));
#6304=CARTESIAN_POINT('Ctrl Pts',(-7.00022651710333,-1.85861800483944,9.8139610275025));
#6305=CARTESIAN_POINT('Ctrl Pts',(-7.00022651710333,-1.49268681720968,9.96553468831403));
#6306=CARTESIAN_POINT('Ctrl Pts',(-7.00022651710333,-1.23089969389957,10.));
#6307=CARTESIAN_POINT('Ctrl Pts',(-7.00022651710333,-1.1,10.));
#6308=CARTESIAN_POINT('',(-7.00022651710333,-2.16066017177982,9.56066017177982));
#6309=CARTESIAN_POINT('Ctrl Pts',(-9.17673797259167,-1.77673797259167,9.17673797259167));
#6310=CARTESIAN_POINT('Ctrl Pts',(-9.03463461567575,-1.84778965104963,9.24778965104963));
#6311=CARTESIAN_POINT('Ctrl Pts',(-8.72726642385578,-1.96570479664905,9.36570479664905));
#6312=CARTESIAN_POINT('Ctrl Pts',(-7.91934597582843,-2.12563815338794,9.52563815338794));
#6313=CARTESIAN_POINT('Ctrl Pts',(-7.29139094362007,-2.16066017177982,9.56066017177982));
#6314=CARTESIAN_POINT('Ctrl Pts',(-7.00022651710333,-2.16066017177982,9.56066017177982));
#6315=CARTESIAN_POINT('',(-7.00022651710333,-1.1,10.));
#6316=CARTESIAN_POINT('Origin',(-7.00022651710333,-1.1,8.5));
#6317=CARTESIAN_POINT('Origin',(-7.00022651710333,0.399773482896667,10.));
#6318=CARTESIAN_POINT('Ctrl Pts',(-9.17673797259167,-1.77673797259167,9.17673797259167));
#6319=CARTESIAN_POINT('Ctrl Pts',(-9.03463461567575,-1.84778965104963,9.24778965104963));
#6320=CARTESIAN_POINT('Ctrl Pts',(-8.72726642385578,-1.96570479664905,9.36570479664905));
#6321=CARTESIAN_POINT('Ctrl Pts',(-7.91934597582843,-2.12563815338794,9.52563815338794));
#6322=CARTESIAN_POINT('Ctrl Pts',(-7.29139094362007,-2.16066017177982,9.56066017177982));
#6323=CARTESIAN_POINT('Ctrl Pts',(-7.00022651710333,-2.16066017177982,9.56066017177982));
#6324=CARTESIAN_POINT('Ctrl Pts',(-9.10568629413371,-1.91884132950759,9.10568629413371));
#6325=CARTESIAN_POINT('Ctrl Pts',(-8.96482003370465,-1.97534084257287,9.17585838627219));
#6326=CARTESIAN_POINT('Ctrl Pts',(-8.65759598527702,-2.07279530395412,9.29416877261233));
#6327=CARTESIAN_POINT('Ctrl Pts',(-7.85849241466603,-2.21724028460572,9.44580011881013));
#6328=CARTESIAN_POINT('Ctrl Pts',(-7.27521514214691,-2.24807800736859,9.47324233619106));
#6329=CARTESIAN_POINT('Ctrl Pts',(-7.00022651710333,-2.25322023299145,9.46810011056819));
#6330=CARTESIAN_POINT('Ctrl Pts',(-8.94883113643737,-2.16101445919384,8.94883113643737));
#6331=CARTESIAN_POINT('Ctrl Pts',(-8.80799867481845,-2.19823526038768,9.01832589673913));
#6332=CARTESIAN_POINT('Ctrl Pts',(-8.49302197831524,-2.2695472998409,9.1344997928113));
#6333=CARTESIAN_POINT('Ctrl Pts',(-7.71593629978724,-2.38695989090277,9.2587774676717));
#6334=CARTESIAN_POINT('Ctrl Pts',(-7.23997601048647,-2.40479361394606,9.27320743600345));
#6335=CARTESIAN_POINT('Ctrl Pts',(-7.00022651710333,-2.4139610275025,9.25861800483944));
#6336=CARTESIAN_POINT('Ctrl Pts',(-8.53667355409311,-2.49725271203472,8.53667355409311));
#6337=CARTESIAN_POINT('Ctrl Pts',(-8.3968929351171,-2.51134182237091,8.61327202299799));
#6338=CARTESIAN_POINT('Ctrl Pts',(-8.0786119688788,-2.54278905765347,8.74024547938348));
#6339=CARTESIAN_POINT('Ctrl Pts',(-7.5217205928501,-2.56292385060993,8.88736160957304));
#6340=CARTESIAN_POINT('Ctrl Pts',(-7.18320025538201,-2.56170074289601,8.9094854432111));
#6341=CARTESIAN_POINT('Ctrl Pts',(-7.00022651710333,-2.56553468831404,8.89268681720968));
#6342=CARTESIAN_POINT('Ctrl Pts',(-8.20632190859258,-2.6,8.20632190859258));
#6343=CARTESIAN_POINT('Ctrl Pts',(-8.09812308651251,-2.6,8.29834346495162));
#6344=CARTESIAN_POINT('Ctrl Pts',(-7.85882596485908,-2.6,8.45908706864809));
#6345=CARTESIAN_POINT('Ctrl Pts',(-7.44116534008035,-2.6,8.61318760979754));
#6346=CARTESIAN_POINT('Ctrl Pts',(-7.14809903883557,-2.6,8.63817189911622));
#6347=CARTESIAN_POINT('Ctrl Pts',(-7.00022651710333,-2.6,8.63089969389957));
#6348=CARTESIAN_POINT('Ctrl Pts',(-8.06072651710333,-2.6,8.06072651710333));
#6349=CARTESIAN_POINT('Ctrl Pts',(-7.96818043351633,-2.6,8.15327260069033));
#6350=CARTESIAN_POINT('Ctrl Pts',(-7.75872996197411,-2.6,8.3139891215086));
#6351=CARTESIAN_POINT('Ctrl Pts',(-7.39285403412611,-2.6,8.46553989296908));
#6352=CARTESIAN_POINT('Ctrl Pts',(-7.13110644365658,-2.6,8.5));
#6353=CARTESIAN_POINT('Ctrl Pts',(-7.00022651710333,-2.6,8.5));
#6354=CARTESIAN_POINT('',(-8.06072651710333,-2.6,8.06072651710333));
#6355=CARTESIAN_POINT('Ctrl Pts',(-9.17673797259167,-1.77673797259167,9.17673797259167));
#6356=CARTESIAN_POINT('Ctrl Pts',(-9.10568629413371,-1.91884132950759,9.10568629413371));
#6357=CARTESIAN_POINT('Ctrl Pts',(-8.94883113643737,-2.16101445919384,8.94883113643737));
#6358=CARTESIAN_POINT('Ctrl Pts',(-8.53667355409311,-2.49725271203472,8.53667355409311));
#6359=CARTESIAN_POINT('Ctrl Pts',(-8.20632190859258,-2.6,8.20632190859258));
#6360=CARTESIAN_POINT('Ctrl Pts',(-8.06072651710333,-2.6,8.06072651710333));
#6361=CARTESIAN_POINT('',(-7.00022651710333,-2.6,8.5));
#6362=CARTESIAN_POINT('Origin',(-7.00022651710333,-2.6,7.00022651710333));
#6363=CARTESIAN_POINT('Origin',(-7.00022651710333,-1.1,8.5));
#6364=CARTESIAN_POINT('Ctrl Pts',(9.17673797259167,-1.77673797259167,-9.17673797259167));
#6365=CARTESIAN_POINT('Ctrl Pts',(9.24778965104963,-1.84778965104963,-9.03463461567575));
#6366=CARTESIAN_POINT('Ctrl Pts',(9.36570479664905,-1.96570479664905,-8.72726642385579));
#6367=CARTESIAN_POINT('Ctrl Pts',(9.52563815338794,-2.12563815338794,-7.91934597582843));
#6368=CARTESIAN_POINT('Ctrl Pts',(9.56066017177982,-2.16066017177982,-7.29139094362006));
#6369=CARTESIAN_POINT('Ctrl Pts',(9.56066017177982,-2.16066017177982,-7.00022651710333));
#6370=CARTESIAN_POINT('Ctrl Pts',(9.31884132950759,-1.70568629413371,-9.10568629413371));
#6371=CARTESIAN_POINT('Ctrl Pts',(9.37534084257286,-1.77585838627219,-8.96482003370465));
#6372=CARTESIAN_POINT('Ctrl Pts',(9.47279530395412,-1.89416877261233,-8.65759598527702));
#6373=CARTESIAN_POINT('Ctrl Pts',(9.61724028460572,-2.04580011881013,-7.85849241466604));
#6374=CARTESIAN_POINT('Ctrl Pts',(9.64807800736858,-2.07324233619106,-7.27521514214691));
#6375=CARTESIAN_POINT('Ctrl Pts',(9.65322023299145,-2.06810011056819,-7.00022651710333));
#6376=CARTESIAN_POINT('Ctrl Pts',(9.56101445919384,-1.54883113643736,-8.94883113643737));
#6377=CARTESIAN_POINT('Ctrl Pts',(9.59823526038768,-1.61832589673913,-8.80799867481845));
#6378=CARTESIAN_POINT('Ctrl Pts',(9.6695472998409,-1.73449979281129,-8.49302197831524));
#6379=CARTESIAN_POINT('Ctrl Pts',(9.78695989090278,-1.85877746767171,-7.71593629978724));
#6380=CARTESIAN_POINT('Ctrl Pts',(9.80479361394606,-1.87320743600345,-7.23997601048647));
#6381=CARTESIAN_POINT('Ctrl Pts',(9.8139610275025,-1.85861800483944,-7.00022651710333));
#6382=CARTESIAN_POINT('Ctrl Pts',(9.89725271203472,-1.13667355409312,-8.53667355409312));
#6383=CARTESIAN_POINT('Ctrl Pts',(9.91134182237091,-1.213272022998,-8.39689293511711));
#6384=CARTESIAN_POINT('Ctrl Pts',(9.94278905765347,-1.34024547938349,-8.0786119688788));
#6385=CARTESIAN_POINT('Ctrl Pts',(9.96292385060993,-1.48736160957304,-7.52172059285011));
#6386=CARTESIAN_POINT('Ctrl Pts',(9.96170074289601,-1.50948544321111,-7.18320025538201));
#6387=CARTESIAN_POINT('Ctrl Pts',(9.96553468831403,-1.49268681720968,-7.00022651710333));
#6388=CARTESIAN_POINT('Ctrl Pts',(10.,-0.806321908592583,-8.20632190859259));
#6389=CARTESIAN_POINT('Ctrl Pts',(10.,-0.898343464951625,-8.09812308651251));
#6390=CARTESIAN_POINT('Ctrl Pts',(10.,-1.05908706864809,-7.85882596485908));
#6391=CARTESIAN_POINT('Ctrl Pts',(10.,-1.21318760979754,-7.44116534008036));
#6392=CARTESIAN_POINT('Ctrl Pts',(10.,-1.23817189911622,-7.14809903883557));
#6393=CARTESIAN_POINT('Ctrl Pts',(10.,-1.23089969389958,-7.00022651710333));
#6394=CARTESIAN_POINT('Ctrl Pts',(10.,-0.660726517103333,-8.06072651710333));
#6395=CARTESIAN_POINT('Ctrl Pts',(10.,-0.753272600690333,-7.96818043351633));
#6396=CARTESIAN_POINT('Ctrl Pts',(10.,-0.913989121508601,-7.75872996197411));
#6397=CARTESIAN_POINT('Ctrl Pts',(10.,-1.06553989296908,-7.39285403412611));
#6398=CARTESIAN_POINT('Ctrl Pts',(10.,-1.1,-7.13110644365658));
#6399=CARTESIAN_POINT('Ctrl Pts',(10.,-1.1,-7.00022651710333));
#6400=CARTESIAN_POINT('',(9.17673797259167,-1.77673797259167,-9.17673797259167));
#6401=CARTESIAN_POINT('',(9.56066017177982,-2.16066017177982,-7.00022651710333));
#6402=CARTESIAN_POINT('Ctrl Pts',(9.17673797259167,-1.77673797259167,-9.17673797259167));
#6403=CARTESIAN_POINT('Ctrl Pts',(9.24778965104963,-1.84778965104963,-9.03463461567575));
#6404=CARTESIAN_POINT('Ctrl Pts',(9.36570479664905,-1.96570479664905,-8.72726642385579));
#6405=CARTESIAN_POINT('Ctrl Pts',(9.52563815338794,-2.12563815338794,-7.91934597582843));
#6406=CARTESIAN_POINT('Ctrl Pts',(9.56066017177982,-2.16066017177982,-7.29139094362006));
#6407=CARTESIAN_POINT('Ctrl Pts',(9.56066017177982,-2.16066017177982,-7.00022651710333));
#6408=CARTESIAN_POINT('',(10.,-0.660726517103333,-8.06072651710333));
#6409=CARTESIAN_POINT('Ctrl Pts',(9.17673797259167,-1.77673797259167,-9.17673797259167));
#6410=CARTESIAN_POINT('Ctrl Pts',(9.31884132950759,-1.70568629413371,-9.10568629413371));
#6411=CARTESIAN_POINT('Ctrl Pts',(9.56101445919384,-1.54883113643736,-8.94883113643737));
#6412=CARTESIAN_POINT('Ctrl Pts',(9.89725271203472,-1.13667355409312,-8.53667355409312));
#6413=CARTESIAN_POINT('Ctrl Pts',(10.,-0.806321908592583,-8.20632190859259));
#6414=CARTESIAN_POINT('Ctrl Pts',(10.,-0.660726517103333,-8.06072651710333));
#6415=CARTESIAN_POINT('',(10.,-1.1,-7.00022651710333));
#6416=CARTESIAN_POINT('Origin',(10.,0.399773482896667,-7.00022651710333));
#6417=CARTESIAN_POINT('Origin',(8.5,-1.1,-7.00022651710333));
#6418=CARTESIAN_POINT('Ctrl Pts',(9.17673797259167,-1.77673797259167,-9.17673797259167));
#6419=CARTESIAN_POINT('Ctrl Pts',(9.31884132950759,-1.70568629413371,-9.10568629413371));
#6420=CARTESIAN_POINT('Ctrl Pts',(9.56101445919384,-1.54883113643736,-8.94883113643737));
#6421=CARTESIAN_POINT('Ctrl Pts',(9.89725271203472,-1.13667355409312,-8.53667355409312));
#6422=CARTESIAN_POINT('Ctrl Pts',(10.,-0.806321908592583,-8.20632190859259));
#6423=CARTESIAN_POINT('Ctrl Pts',(10.,-0.660726517103333,-8.06072651710333));
#6424=CARTESIAN_POINT('Ctrl Pts',(9.24778965104963,-1.63463461567575,-9.24778965104963));
#6425=CARTESIAN_POINT('Ctrl Pts',(9.37534084257287,-1.56482003370465,-9.17585838627219));
#6426=CARTESIAN_POINT('Ctrl Pts',(9.59823526038768,-1.40799867481845,-9.01832589673913));
#6427=CARTESIAN_POINT('Ctrl Pts',(9.91134182237091,-0.996892935117106,-8.613272022998));
#6428=CARTESIAN_POINT('Ctrl Pts',(10.,-0.698123086512514,-8.29834346495163));
#6429=CARTESIAN_POINT('Ctrl Pts',(10.,-0.568180433516334,-8.15327260069033));
#6430=CARTESIAN_POINT('Ctrl Pts',(9.36570479664906,-1.32726642385579,-9.36570479664905));
#6431=CARTESIAN_POINT('Ctrl Pts',(9.47279530395412,-1.25759598527702,-9.29416877261233));
#6432=CARTESIAN_POINT('Ctrl Pts',(9.6695472998409,-1.09302197831524,-9.13449979281128));
#6433=CARTESIAN_POINT('Ctrl Pts',(9.94278905765347,-0.678611968878803,-8.74024547938349));
#6434=CARTESIAN_POINT('Ctrl Pts',(10.,-0.458825964859084,-8.45908706864809));
#6435=CARTESIAN_POINT('Ctrl Pts',(10.,-0.358729961974111,-8.3139891215086));
#6436=CARTESIAN_POINT('Ctrl Pts',(9.52563815338793,-0.519345975828434,-9.52563815338793));
#6437=CARTESIAN_POINT('Ctrl Pts',(9.61724028460572,-0.458492414666037,-9.44580011881013));
#6438=CARTESIAN_POINT('Ctrl Pts',(9.78695989090278,-0.315936299787244,-9.25877746767171));
#6439=CARTESIAN_POINT('Ctrl Pts',(9.96292385060993,-0.121720592850101,-8.88736160957304));
#6440=CARTESIAN_POINT('Ctrl Pts',(10.,-0.0411653400803565,-8.61318760979754));
#6441=CARTESIAN_POINT('Ctrl Pts',(10.,0.0071459658738858,-8.46553989296908));
#6442=CARTESIAN_POINT('Ctrl Pts',(9.56066017177982,0.108609056379935,-9.56066017177982));
#6443=CARTESIAN_POINT('Ctrl Pts',(9.64807800736859,0.124784857853087,-9.47324233619106));
#6444=CARTESIAN_POINT('Ctrl Pts',(9.80479361394606,0.160023989513528,-9.27320743600345));
#6445=CARTESIAN_POINT('Ctrl Pts',(9.961700742896,0.216799744617991,-8.9094854432111));
#6446=CARTESIAN_POINT('Ctrl Pts',(10.,0.251900961164427,-8.63817189911622));
#6447=CARTESIAN_POINT('Ctrl Pts',(10.,0.268893556343419,-8.5));
#6448=CARTESIAN_POINT('Ctrl Pts',(9.56066017177982,0.399773482896667,-9.56066017177982));
#6449=CARTESIAN_POINT('Ctrl Pts',(9.65322023299146,0.399773482896667,-9.46810011056819));
#6450=CARTESIAN_POINT('Ctrl Pts',(9.8139610275025,0.399773482896667,-9.25861800483944));
#6451=CARTESIAN_POINT('Ctrl Pts',(9.96553468831403,0.399773482896666,-8.89268681720968));
#6452=CARTESIAN_POINT('Ctrl Pts',(10.,0.399773482896667,-8.63089969389958));
#6453=CARTESIAN_POINT('Ctrl Pts',(10.,0.399773482896667,-8.5));
#6454=CARTESIAN_POINT('',(9.56066017177982,0.399773482896667,-9.56066017177982));
#6455=CARTESIAN_POINT('Ctrl Pts',(9.17673797259167,-1.77673797259167,-9.17673797259167));
#6456=CARTESIAN_POINT('Ctrl Pts',(9.24778965104963,-1.63463461567575,-9.24778965104963));
#6457=CARTESIAN_POINT('Ctrl Pts',(9.36570479664905,-1.32726642385579,-9.36570479664905));
#6458=CARTESIAN_POINT('Ctrl Pts',(9.52563815338794,-0.519345975828433,-9.52563815338794));
#6459=CARTESIAN_POINT('Ctrl Pts',(9.56066017177982,0.108609056379935,-9.56066017177982));
#6460=CARTESIAN_POINT('Ctrl Pts',(9.56066017177982,0.399773482896667,-9.56066017177982));
#6461=CARTESIAN_POINT('',(10.,0.399773482896667,-8.5));
#6462=CARTESIAN_POINT('Origin',(8.5,0.399773482896667,-8.5));
#6463=CARTESIAN_POINT('Origin',(10.,0.399773482896667,-7.00022651710333));
#6464=CARTESIAN_POINT('Ctrl Pts',(9.17673797259167,-1.77673797259167,-9.17673797259167));
#6465=CARTESIAN_POINT('Ctrl Pts',(9.24778965104963,-1.63463461567575,-9.24778965104963));
#6466=CARTESIAN_POINT('Ctrl Pts',(9.36570479664905,-1.32726642385579,-9.36570479664905));
#6467=CARTESIAN_POINT('Ctrl Pts',(9.52563815338794,-0.519345975828433,-9.52563815338794));
#6468=CARTESIAN_POINT('Ctrl Pts',(9.56066017177982,0.108609056379935,-9.56066017177982));
#6469=CARTESIAN_POINT('Ctrl Pts',(9.56066017177982,0.399773482896667,-9.56066017177982));
#6470=CARTESIAN_POINT('Ctrl Pts',(9.10568629413371,-1.70568629413371,-9.31884132950759));
#6471=CARTESIAN_POINT('Ctrl Pts',(9.17585838627219,-1.56482003370465,-9.37534084257286));
#6472=CARTESIAN_POINT('Ctrl Pts',(9.29416877261233,-1.25759598527702,-9.47279530395412));
#6473=CARTESIAN_POINT('Ctrl Pts',(9.44580011881013,-0.458492414666037,-9.61724028460572));
#6474=CARTESIAN_POINT('Ctrl Pts',(9.47324233619106,0.124784857853087,-9.64807800736859));
#6475=CARTESIAN_POINT('Ctrl Pts',(9.46810011056819,0.399773482896667,-9.65322023299146));
#6476=CARTESIAN_POINT('Ctrl Pts',(8.94883113643736,-1.54883113643736,-9.56101445919384));
#6477=CARTESIAN_POINT('Ctrl Pts',(9.01832589673912,-1.40799867481845,-9.59823526038767));
#6478=CARTESIAN_POINT('Ctrl Pts',(9.13449979281129,-1.09302197831524,-9.6695472998409));
#6479=CARTESIAN_POINT('Ctrl Pts',(9.25877746767171,-0.315936299787244,-9.78695989090277));
#6480=CARTESIAN_POINT('Ctrl Pts',(9.27320743600345,0.160023989513528,-9.80479361394606));
#6481=CARTESIAN_POINT('Ctrl Pts',(9.25861800483944,0.399773482896666,-9.8139610275025));
#6482=CARTESIAN_POINT('Ctrl Pts',(8.53667355409312,-1.13667355409312,-9.89725271203472));
#6483=CARTESIAN_POINT('Ctrl Pts',(8.613272022998,-0.996892935117107,-9.91134182237092));
#6484=CARTESIAN_POINT('Ctrl Pts',(8.74024547938349,-0.678611968878804,-9.94278905765347));
#6485=CARTESIAN_POINT('Ctrl Pts',(8.88736160957304,-0.121720592850102,-9.96292385060993));
#6486=CARTESIAN_POINT('Ctrl Pts',(8.90948544321111,0.216799744617992,-9.96170074289601));
#6487=CARTESIAN_POINT('Ctrl Pts',(8.89268681720969,0.399773482896668,-9.96553468831403));
#6488=CARTESIAN_POINT('Ctrl Pts',(8.20632190859259,-0.806321908592583,-10.));
#6489=CARTESIAN_POINT('Ctrl Pts',(8.29834346495163,-0.698123086512514,-10.));
#6490=CARTESIAN_POINT('Ctrl Pts',(8.45908706864809,-0.458825964859084,-10.));
#6491=CARTESIAN_POINT('Ctrl Pts',(8.61318760979754,-0.0411653400803555,
-10.));
#6492=CARTESIAN_POINT('Ctrl Pts',(8.63817189911622,0.251900961164427,-10.));
#6493=CARTESIAN_POINT('Ctrl Pts',(8.63089969389958,0.399773482896667,-10.));
#6494=CARTESIAN_POINT('Ctrl Pts',(8.06072651710334,-0.660726517103333,-10.));
#6495=CARTESIAN_POINT('Ctrl Pts',(8.15327260069033,-0.568180433516334,-10.));
#6496=CARTESIAN_POINT('Ctrl Pts',(8.3139891215086,-0.358729961974111,-10.));
#6497=CARTESIAN_POINT('Ctrl Pts',(8.46553989296908,0.00714596587388677,
-10.));
#6498=CARTESIAN_POINT('Ctrl Pts',(8.5,0.268893556343418,-10.));
#6499=CARTESIAN_POINT('Ctrl Pts',(8.5,0.399773482896667,-10.));
#6500=CARTESIAN_POINT('',(8.06072651710334,-0.660726517103333,-10.));
#6501=CARTESIAN_POINT('Ctrl Pts',(9.17673797259167,-1.77673797259167,-9.17673797259167));
#6502=CARTESIAN_POINT('Ctrl Pts',(9.10568629413371,-1.70568629413371,-9.31884132950759));
#6503=CARTESIAN_POINT('Ctrl Pts',(8.94883113643736,-1.54883113643736,-9.56101445919384));
#6504=CARTESIAN_POINT('Ctrl Pts',(8.53667355409312,-1.13667355409312,-9.89725271203472));
#6505=CARTESIAN_POINT('Ctrl Pts',(8.20632190859259,-0.806321908592583,-10.));
#6506=CARTESIAN_POINT('Ctrl Pts',(8.06072651710334,-0.660726517103333,-10.));
#6507=CARTESIAN_POINT('',(8.5,0.399773482896667,-10.));
#6508=CARTESIAN_POINT('Origin',(7.00022651710333,0.399773482896667,-10.));
#6509=CARTESIAN_POINT('Origin',(8.5,0.399773482896667,-8.5));
#6510=CARTESIAN_POINT('Ctrl Pts',(9.17673797259167,-1.77673797259167,-9.17673797259167));
#6511=CARTESIAN_POINT('Ctrl Pts',(9.10568629413371,-1.70568629413371,-9.31884132950759));
#6512=CARTESIAN_POINT('Ctrl Pts',(8.94883113643736,-1.54883113643736,-9.56101445919384));
#6513=CARTESIAN_POINT('Ctrl Pts',(8.53667355409312,-1.13667355409312,-9.89725271203472));
#6514=CARTESIAN_POINT('Ctrl Pts',(8.20632190859259,-0.806321908592583,-10.));
#6515=CARTESIAN_POINT('Ctrl Pts',(8.06072651710334,-0.660726517103333,-10.));
#6516=CARTESIAN_POINT('Ctrl Pts',(9.03463461567575,-1.84778965104963,-9.24778965104963));
#6517=CARTESIAN_POINT('Ctrl Pts',(8.96482003370465,-1.77585838627219,-9.37534084257286));
#6518=CARTESIAN_POINT('Ctrl Pts',(8.80799867481844,-1.61832589673913,-9.59823526038767));
#6519=CARTESIAN_POINT('Ctrl Pts',(8.39689293511711,-1.213272022998,-9.91134182237092));
#6520=CARTESIAN_POINT('Ctrl Pts',(8.09812308651251,-0.898343464951625,-10.));
#6521=CARTESIAN_POINT('Ctrl Pts',(7.96818043351634,-0.753272600690332,-10.));
#6522=CARTESIAN_POINT('Ctrl Pts',(8.72726642385578,-1.96570479664905,-9.36570479664905));
#6523=CARTESIAN_POINT('Ctrl Pts',(8.65759598527701,-1.89416877261233,-9.47279530395412));
#6524=CARTESIAN_POINT('Ctrl Pts',(8.49302197831524,-1.73449979281129,-9.6695472998409));
#6525=CARTESIAN_POINT('Ctrl Pts',(8.0786119688788,-1.34024547938349,-9.94278905765346));
#6526=CARTESIAN_POINT('Ctrl Pts',(7.85882596485908,-1.05908706864809,-10.));
#6527=CARTESIAN_POINT('Ctrl Pts',(7.75872996197411,-0.9139891215086,-10.));
#6528=CARTESIAN_POINT('Ctrl Pts',(7.91934597582843,-2.12563815338794,-9.52563815338794));
#6529=CARTESIAN_POINT('Ctrl Pts',(7.85849241466604,-2.04580011881013,-9.61724028460572));
#6530=CARTESIAN_POINT('Ctrl Pts',(7.71593629978724,-1.85877746767171,-9.78695989090277));
#6531=CARTESIAN_POINT('Ctrl Pts',(7.5217205928501,-1.48736160957304,-9.96292385060993));
#6532=CARTESIAN_POINT('Ctrl Pts',(7.44116534008036,-1.21318760979754,-10.));
#6533=CARTESIAN_POINT('Ctrl Pts',(7.39285403412612,-1.06553989296908,-10.));
#6534=CARTESIAN_POINT('Ctrl Pts',(7.29139094362007,-2.16066017177982,-9.56066017177982));
#6535=CARTESIAN_POINT('Ctrl Pts',(7.27521514214691,-2.07324233619106,-9.64807800736859));
#6536=CARTESIAN_POINT('Ctrl Pts',(7.23997601048647,-1.87320743600345,-9.80479361394606));
#6537=CARTESIAN_POINT('Ctrl Pts',(7.18320025538201,-1.5094854432111,-9.961700742896));
#6538=CARTESIAN_POINT('Ctrl Pts',(7.14809903883557,-1.23817189911622,-10.));
#6539=CARTESIAN_POINT('Ctrl Pts',(7.13110644365658,-1.1,-10.));
#6540=CARTESIAN_POINT('Ctrl Pts',(7.00022651710333,-2.16066017177982,-9.56066017177982));
#6541=CARTESIAN_POINT('Ctrl Pts',(7.00022651710333,-2.06810011056819,-9.65322023299145));
#6542=CARTESIAN_POINT('Ctrl Pts',(7.00022651710333,-1.85861800483944,-9.8139610275025));
#6543=CARTESIAN_POINT('Ctrl Pts',(7.00022651710333,-1.49268681720968,-9.96553468831403));
#6544=CARTESIAN_POINT('Ctrl Pts',(7.00022651710333,-1.23089969389957,-10.));
#6545=CARTESIAN_POINT('Ctrl Pts',(7.00022651710333,-1.1,-10.));
#6546=CARTESIAN_POINT('',(7.00022651710333,-2.16066017177982,-9.56066017177982));
#6547=CARTESIAN_POINT('Ctrl Pts',(9.17673797259167,-1.77673797259167,-9.17673797259167));
#6548=CARTESIAN_POINT('Ctrl Pts',(9.03463461567575,-1.84778965104963,-9.24778965104963));
#6549=CARTESIAN_POINT('Ctrl Pts',(8.72726642385578,-1.96570479664905,-9.36570479664905));
#6550=CARTESIAN_POINT('Ctrl Pts',(7.91934597582843,-2.12563815338794,-9.52563815338794));
#6551=CARTESIAN_POINT('Ctrl Pts',(7.29139094362007,-2.16066017177982,-9.56066017177982));
#6552=CARTESIAN_POINT('Ctrl Pts',(7.00022651710333,-2.16066017177982,-9.56066017177982));
#6553=CARTESIAN_POINT('',(7.00022651710333,-1.1,-10.));
#6554=CARTESIAN_POINT('Origin',(7.00022651710333,-1.1,-8.5));
#6555=CARTESIAN_POINT('Origin',(7.00022651710333,0.399773482896667,-10.));
#6556=CARTESIAN_POINT('Ctrl Pts',(9.17673797259167,-1.77673797259167,-9.17673797259167));
#6557=CARTESIAN_POINT('Ctrl Pts',(9.03463461567575,-1.84778965104963,-9.24778965104963));
#6558=CARTESIAN_POINT('Ctrl Pts',(8.72726642385578,-1.96570479664905,-9.36570479664905));
#6559=CARTESIAN_POINT('Ctrl Pts',(7.91934597582843,-2.12563815338794,-9.52563815338794));
#6560=CARTESIAN_POINT('Ctrl Pts',(7.29139094362007,-2.16066017177982,-9.56066017177982));
#6561=CARTESIAN_POINT('Ctrl Pts',(7.00022651710333,-2.16066017177982,-9.56066017177982));
#6562=CARTESIAN_POINT('Ctrl Pts',(9.10568629413371,-1.91884132950759,-9.10568629413371));
#6563=CARTESIAN_POINT('Ctrl Pts',(8.96482003370465,-1.97534084257287,-9.17585838627219));
#6564=CARTESIAN_POINT('Ctrl Pts',(8.65759598527702,-2.07279530395412,-9.29416877261233));
#6565=CARTESIAN_POINT('Ctrl Pts',(7.85849241466603,-2.21724028460572,-9.44580011881013));
#6566=CARTESIAN_POINT('Ctrl Pts',(7.27521514214691,-2.24807800736859,-9.47324233619106));
#6567=CARTESIAN_POINT('Ctrl Pts',(7.00022651710333,-2.25322023299145,-9.46810011056819));
#6568=CARTESIAN_POINT('Ctrl Pts',(8.94883113643737,-2.16101445919384,-8.94883113643737));
#6569=CARTESIAN_POINT('Ctrl Pts',(8.80799867481845,-2.19823526038768,-9.01832589673913));
#6570=CARTESIAN_POINT('Ctrl Pts',(8.49302197831524,-2.2695472998409,-9.1344997928113));
#6571=CARTESIAN_POINT('Ctrl Pts',(7.71593629978724,-2.38695989090277,-9.2587774676717));
#6572=CARTESIAN_POINT('Ctrl Pts',(7.23997601048647,-2.40479361394606,-9.27320743600345));
#6573=CARTESIAN_POINT('Ctrl Pts',(7.00022651710333,-2.4139610275025,-9.25861800483944));
#6574=CARTESIAN_POINT('Ctrl Pts',(8.53667355409311,-2.49725271203472,-8.53667355409311));
#6575=CARTESIAN_POINT('Ctrl Pts',(8.3968929351171,-2.51134182237091,-8.61327202299799));
#6576=CARTESIAN_POINT('Ctrl Pts',(8.0786119688788,-2.54278905765347,-8.74024547938348));
#6577=CARTESIAN_POINT('Ctrl Pts',(7.5217205928501,-2.56292385060993,-8.88736160957304));
#6578=CARTESIAN_POINT('Ctrl Pts',(7.18320025538201,-2.56170074289601,-8.9094854432111));
#6579=CARTESIAN_POINT('Ctrl Pts',(7.00022651710333,-2.56553468831404,-8.89268681720968));
#6580=CARTESIAN_POINT('Ctrl Pts',(8.20632190859258,-2.6,-8.20632190859258));
#6581=CARTESIAN_POINT('Ctrl Pts',(8.09812308651251,-2.6,-8.29834346495162));
#6582=CARTESIAN_POINT('Ctrl Pts',(7.85882596485908,-2.6,-8.45908706864809));
#6583=CARTESIAN_POINT('Ctrl Pts',(7.44116534008035,-2.6,-8.61318760979754));
#6584=CARTESIAN_POINT('Ctrl Pts',(7.14809903883557,-2.6,-8.63817189911622));
#6585=CARTESIAN_POINT('Ctrl Pts',(7.00022651710333,-2.6,-8.63089969389957));
#6586=CARTESIAN_POINT('Ctrl Pts',(8.06072651710333,-2.6,-8.06072651710333));
#6587=CARTESIAN_POINT('Ctrl Pts',(7.96818043351633,-2.6,-8.15327260069033));
#6588=CARTESIAN_POINT('Ctrl Pts',(7.75872996197411,-2.6,-8.3139891215086));
#6589=CARTESIAN_POINT('Ctrl Pts',(7.39285403412611,-2.6,-8.46553989296908));
#6590=CARTESIAN_POINT('Ctrl Pts',(7.13110644365658,-2.6,-8.5));
#6591=CARTESIAN_POINT('Ctrl Pts',(7.00022651710333,-2.6,-8.5));
#6592=CARTESIAN_POINT('',(8.06072651710333,-2.6,-8.06072651710333));
#6593=CARTESIAN_POINT('Ctrl Pts',(9.17673797259167,-1.77673797259167,-9.17673797259167));
#6594=CARTESIAN_POINT('Ctrl Pts',(9.10568629413371,-1.91884132950759,-9.10568629413371));
#6595=CARTESIAN_POINT('Ctrl Pts',(8.94883113643737,-2.16101445919384,-8.94883113643737));
#6596=CARTESIAN_POINT('Ctrl Pts',(8.53667355409311,-2.49725271203472,-8.53667355409311));
#6597=CARTESIAN_POINT('Ctrl Pts',(8.20632190859258,-2.6,-8.20632190859258));
#6598=CARTESIAN_POINT('Ctrl Pts',(8.06072651710333,-2.6,-8.06072651710333));
#6599=CARTESIAN_POINT('',(7.00022651710333,-2.6,-8.5));
#6600=CARTESIAN_POINT('Origin',(7.00022651710333,-2.6,-7.00022651710333));
#6601=CARTESIAN_POINT('Origin',(7.00022651710333,-1.1,-8.5));
#6602=CARTESIAN_POINT('Ctrl Pts',(-9.17673797259167,-1.77673797259167,-9.17673797259167));
#6603=CARTESIAN_POINT('Ctrl Pts',(-9.03463461567575,-1.84778965104963,-9.24778965104963));
#6604=CARTESIAN_POINT('Ctrl Pts',(-8.72726642385579,-1.96570479664905,-9.36570479664905));
#6605=CARTESIAN_POINT('Ctrl Pts',(-7.91934597582843,-2.12563815338794,-9.52563815338794));
#6606=CARTESIAN_POINT('Ctrl Pts',(-7.29139094362006,-2.16066017177982,-9.56066017177982));
#6607=CARTESIAN_POINT('Ctrl Pts',(-7.00022651710333,-2.16066017177982,-9.56066017177982));
#6608=CARTESIAN_POINT('Ctrl Pts',(-9.10568629413371,-1.70568629413371,-9.31884132950759));
#6609=CARTESIAN_POINT('Ctrl Pts',(-8.96482003370465,-1.77585838627219,-9.37534084257286));
#6610=CARTESIAN_POINT('Ctrl Pts',(-8.65759598527702,-1.89416877261233,-9.47279530395412));
#6611=CARTESIAN_POINT('Ctrl Pts',(-7.85849241466604,-2.04580011881013,-9.61724028460572));
#6612=CARTESIAN_POINT('Ctrl Pts',(-7.27521514214691,-2.07324233619106,-9.64807800736858));
#6613=CARTESIAN_POINT('Ctrl Pts',(-7.00022651710333,-2.06810011056819,-9.65322023299145));
#6614=CARTESIAN_POINT('Ctrl Pts',(-8.94883113643737,-1.54883113643736,-9.56101445919384));
#6615=CARTESIAN_POINT('Ctrl Pts',(-8.80799867481845,-1.61832589673913,-9.59823526038768));
#6616=CARTESIAN_POINT('Ctrl Pts',(-8.49302197831524,-1.73449979281129,-9.6695472998409));
#6617=CARTESIAN_POINT('Ctrl Pts',(-7.71593629978724,-1.85877746767171,-9.78695989090278));
#6618=CARTESIAN_POINT('Ctrl Pts',(-7.23997601048647,-1.87320743600345,-9.80479361394606));
#6619=CARTESIAN_POINT('Ctrl Pts',(-7.00022651710333,-1.85861800483944,-9.8139610275025));
#6620=CARTESIAN_POINT('Ctrl Pts',(-8.53667355409312,-1.13667355409312,-9.89725271203472));
#6621=CARTESIAN_POINT('Ctrl Pts',(-8.39689293511711,-1.213272022998,-9.91134182237091));
#6622=CARTESIAN_POINT('Ctrl Pts',(-8.0786119688788,-1.34024547938349,-9.94278905765347));
#6623=CARTESIAN_POINT('Ctrl Pts',(-7.52172059285011,-1.48736160957304,-9.96292385060993));
#6624=CARTESIAN_POINT('Ctrl Pts',(-7.18320025538201,-1.50948544321111,-9.96170074289601));
#6625=CARTESIAN_POINT('Ctrl Pts',(-7.00022651710333,-1.49268681720968,-9.96553468831403));
#6626=CARTESIAN_POINT('Ctrl Pts',(-8.20632190859259,-0.806321908592583,
-10.));
#6627=CARTESIAN_POINT('Ctrl Pts',(-8.09812308651251,-0.898343464951625,
-10.));
#6628=CARTESIAN_POINT('Ctrl Pts',(-7.85882596485908,-1.05908706864809,-10.));
#6629=CARTESIAN_POINT('Ctrl Pts',(-7.44116534008036,-1.21318760979754,-10.));
#6630=CARTESIAN_POINT('Ctrl Pts',(-7.14809903883557,-1.23817189911622,-10.));
#6631=CARTESIAN_POINT('Ctrl Pts',(-7.00022651710333,-1.23089969389958,-10.));
#6632=CARTESIAN_POINT('Ctrl Pts',(-8.06072651710333,-0.660726517103333,
-10.));
#6633=CARTESIAN_POINT('Ctrl Pts',(-7.96818043351633,-0.753272600690333,
-10.));
#6634=CARTESIAN_POINT('Ctrl Pts',(-7.75872996197411,-0.913989121508601,
-10.));
#6635=CARTESIAN_POINT('Ctrl Pts',(-7.39285403412611,-1.06553989296908,-10.));
#6636=CARTESIAN_POINT('Ctrl Pts',(-7.13110644365658,-1.1,-10.));
#6637=CARTESIAN_POINT('Ctrl Pts',(-7.00022651710333,-1.1,-10.));
#6638=CARTESIAN_POINT('',(-9.17673797259167,-1.77673797259167,-9.17673797259167));
#6639=CARTESIAN_POINT('',(-7.00022651710333,-2.16066017177982,-9.56066017177982));
#6640=CARTESIAN_POINT('Ctrl Pts',(-9.17673797259167,-1.77673797259167,-9.17673797259167));
#6641=CARTESIAN_POINT('Ctrl Pts',(-9.03463461567575,-1.84778965104963,-9.24778965104963));
#6642=CARTESIAN_POINT('Ctrl Pts',(-8.72726642385579,-1.96570479664905,-9.36570479664905));
#6643=CARTESIAN_POINT('Ctrl Pts',(-7.91934597582843,-2.12563815338794,-9.52563815338794));
#6644=CARTESIAN_POINT('Ctrl Pts',(-7.29139094362006,-2.16066017177982,-9.56066017177982));
#6645=CARTESIAN_POINT('Ctrl Pts',(-7.00022651710333,-2.16066017177982,-9.56066017177982));
#6646=CARTESIAN_POINT('',(-8.06072651710333,-0.660726517103333,-10.));
#6647=CARTESIAN_POINT('Ctrl Pts',(-9.17673797259167,-1.77673797259167,-9.17673797259167));
#6648=CARTESIAN_POINT('Ctrl Pts',(-9.10568629413371,-1.70568629413371,-9.31884132950759));
#6649=CARTESIAN_POINT('Ctrl Pts',(-8.94883113643737,-1.54883113643736,-9.56101445919384));
#6650=CARTESIAN_POINT('Ctrl Pts',(-8.53667355409312,-1.13667355409312,-9.89725271203472));
#6651=CARTESIAN_POINT('Ctrl Pts',(-8.20632190859259,-0.806321908592583,
-10.));
#6652=CARTESIAN_POINT('Ctrl Pts',(-8.06072651710333,-0.660726517103333,
-10.));
#6653=CARTESIAN_POINT('',(-7.00022651710333,-1.1,-10.));
#6654=CARTESIAN_POINT('Origin',(-7.00022651710333,0.399773482896667,-10.));
#6655=CARTESIAN_POINT('Origin',(-7.00022651710333,-1.1,-8.5));
#6656=CARTESIAN_POINT('Ctrl Pts',(-9.17673797259167,-1.77673797259167,-9.17673797259167));
#6657=CARTESIAN_POINT('Ctrl Pts',(-9.10568629413371,-1.70568629413371,-9.31884132950759));
#6658=CARTESIAN_POINT('Ctrl Pts',(-8.94883113643737,-1.54883113643736,-9.56101445919384));
#6659=CARTESIAN_POINT('Ctrl Pts',(-8.53667355409312,-1.13667355409312,-9.89725271203472));
#6660=CARTESIAN_POINT('Ctrl Pts',(-8.20632190859259,-0.806321908592583,
-10.));
#6661=CARTESIAN_POINT('Ctrl Pts',(-8.06072651710333,-0.660726517103333,
-10.));
#6662=CARTESIAN_POINT('Ctrl Pts',(-9.24778965104963,-1.63463461567575,-9.24778965104963));
#6663=CARTESIAN_POINT('Ctrl Pts',(-9.17585838627219,-1.56482003370465,-9.37534084257287));
#6664=CARTESIAN_POINT('Ctrl Pts',(-9.01832589673913,-1.40799867481845,-9.59823526038768));
#6665=CARTESIAN_POINT('Ctrl Pts',(-8.613272022998,-0.996892935117106,-9.91134182237091));
#6666=CARTESIAN_POINT('Ctrl Pts',(-8.29834346495163,-0.698123086512514,
-10.));
#6667=CARTESIAN_POINT('Ctrl Pts',(-8.15327260069033,-0.568180433516334,
-10.));
#6668=CARTESIAN_POINT('Ctrl Pts',(-9.36570479664905,-1.32726642385579,-9.36570479664906));
#6669=CARTESIAN_POINT('Ctrl Pts',(-9.29416877261233,-1.25759598527702,-9.47279530395412));
#6670=CARTESIAN_POINT('Ctrl Pts',(-9.13449979281128,-1.09302197831524,-9.6695472998409));
#6671=CARTESIAN_POINT('Ctrl Pts',(-8.74024547938349,-0.678611968878803,
-9.94278905765347));
#6672=CARTESIAN_POINT('Ctrl Pts',(-8.45908706864809,-0.458825964859084,
-10.));
#6673=CARTESIAN_POINT('Ctrl Pts',(-8.3139891215086,-0.358729961974111,-10.));
#6674=CARTESIAN_POINT('Ctrl Pts',(-9.52563815338793,-0.519345975828434,
-9.52563815338793));
#6675=CARTESIAN_POINT('Ctrl Pts',(-9.44580011881013,-0.458492414666037,
-9.61724028460572));
#6676=CARTESIAN_POINT('Ctrl Pts',(-9.25877746767171,-0.315936299787244,
-9.78695989090278));
#6677=CARTESIAN_POINT('Ctrl Pts',(-8.88736160957304,-0.121720592850101,
-9.96292385060993));
#6678=CARTESIAN_POINT('Ctrl Pts',(-8.61318760979754,-0.0411653400803565,
-10.));
#6679=CARTESIAN_POINT('Ctrl Pts',(-8.46553989296908,0.0071459658738858,
-10.));
#6680=CARTESIAN_POINT('Ctrl Pts',(-9.56066017177982,0.108609056379935,-9.56066017177982));
#6681=CARTESIAN_POINT('Ctrl Pts',(-9.47324233619106,0.124784857853087,-9.64807800736859));
#6682=CARTESIAN_POINT('Ctrl Pts',(-9.27320743600345,0.160023989513528,-9.80479361394606));
#6683=CARTESIAN_POINT('Ctrl Pts',(-8.9094854432111,0.216799744617991,-9.961700742896));
#6684=CARTESIAN_POINT('Ctrl Pts',(-8.63817189911622,0.251900961164427,-10.));
#6685=CARTESIAN_POINT('Ctrl Pts',(-8.5,0.268893556343419,-10.));
#6686=CARTESIAN_POINT('Ctrl Pts',(-9.56066017177982,0.399773482896667,-9.56066017177982));
#6687=CARTESIAN_POINT('Ctrl Pts',(-9.46810011056819,0.399773482896667,-9.65322023299146));
#6688=CARTESIAN_POINT('Ctrl Pts',(-9.25861800483944,0.399773482896667,-9.8139610275025));
#6689=CARTESIAN_POINT('Ctrl Pts',(-8.89268681720968,0.399773482896666,-9.96553468831403));
#6690=CARTESIAN_POINT('Ctrl Pts',(-8.63089969389958,0.399773482896667,-10.));
#6691=CARTESIAN_POINT('Ctrl Pts',(-8.5,0.399773482896667,-10.));
#6692=CARTESIAN_POINT('',(-9.56066017177982,0.399773482896667,-9.56066017177982));
#6693=CARTESIAN_POINT('Ctrl Pts',(-9.17673797259167,-1.77673797259167,-9.17673797259167));
#6694=CARTESIAN_POINT('Ctrl Pts',(-9.24778965104963,-1.63463461567575,-9.24778965104963));
#6695=CARTESIAN_POINT('Ctrl Pts',(-9.36570479664905,-1.32726642385579,-9.36570479664905));
#6696=CARTESIAN_POINT('Ctrl Pts',(-9.52563815338794,-0.519345975828433,
-9.52563815338794));
#6697=CARTESIAN_POINT('Ctrl Pts',(-9.56066017177982,0.108609056379935,-9.56066017177982));
#6698=CARTESIAN_POINT('Ctrl Pts',(-9.56066017177982,0.399773482896667,-9.56066017177982));
#6699=CARTESIAN_POINT('',(-8.5,0.399773482896667,-10.));
#6700=CARTESIAN_POINT('Origin',(-8.5,0.399773482896667,-8.5));
#6701=CARTESIAN_POINT('Origin',(-7.00022651710333,0.399773482896667,-10.));
#6702=CARTESIAN_POINT('Ctrl Pts',(-9.17673797259167,-1.77673797259167,-9.17673797259167));
#6703=CARTESIAN_POINT('Ctrl Pts',(-9.24778965104963,-1.63463461567575,-9.24778965104963));
#6704=CARTESIAN_POINT('Ctrl Pts',(-9.36570479664905,-1.32726642385579,-9.36570479664905));
#6705=CARTESIAN_POINT('Ctrl Pts',(-9.52563815338794,-0.519345975828433,
-9.52563815338794));
#6706=CARTESIAN_POINT('Ctrl Pts',(-9.56066017177982,0.108609056379935,-9.56066017177982));
#6707=CARTESIAN_POINT('Ctrl Pts',(-9.56066017177982,0.399773482896667,-9.56066017177982));
#6708=CARTESIAN_POINT('Ctrl Pts',(-9.31884132950759,-1.70568629413371,-9.10568629413371));
#6709=CARTESIAN_POINT('Ctrl Pts',(-9.37534084257286,-1.56482003370465,-9.17585838627219));
#6710=CARTESIAN_POINT('Ctrl Pts',(-9.47279530395412,-1.25759598527702,-9.29416877261233));
#6711=CARTESIAN_POINT('Ctrl Pts',(-9.61724028460572,-0.458492414666037,
-9.44580011881013));
#6712=CARTESIAN_POINT('Ctrl Pts',(-9.64807800736859,0.124784857853087,-9.47324233619106));
#6713=CARTESIAN_POINT('Ctrl Pts',(-9.65322023299146,0.399773482896667,-9.46810011056819));
#6714=CARTESIAN_POINT('Ctrl Pts',(-9.56101445919384,-1.54883113643736,-8.94883113643736));
#6715=CARTESIAN_POINT('Ctrl Pts',(-9.59823526038767,-1.40799867481845,-9.01832589673912));
#6716=CARTESIAN_POINT('Ctrl Pts',(-9.6695472998409,-1.09302197831524,-9.13449979281129));
#6717=CARTESIAN_POINT('Ctrl Pts',(-9.78695989090277,-0.315936299787244,
-9.25877746767171));
#6718=CARTESIAN_POINT('Ctrl Pts',(-9.80479361394606,0.160023989513528,-9.27320743600345));
#6719=CARTESIAN_POINT('Ctrl Pts',(-9.8139610275025,0.399773482896666,-9.25861800483944));
#6720=CARTESIAN_POINT('Ctrl Pts',(-9.89725271203472,-1.13667355409312,-8.53667355409312));
#6721=CARTESIAN_POINT('Ctrl Pts',(-9.91134182237092,-0.996892935117107,
-8.613272022998));
#6722=CARTESIAN_POINT('Ctrl Pts',(-9.94278905765347,-0.678611968878804,
-8.74024547938349));
#6723=CARTESIAN_POINT('Ctrl Pts',(-9.96292385060993,-0.121720592850102,
-8.88736160957304));
#6724=CARTESIAN_POINT('Ctrl Pts',(-9.96170074289601,0.216799744617992,-8.90948544321111));
#6725=CARTESIAN_POINT('Ctrl Pts',(-9.96553468831403,0.399773482896668,-8.89268681720969));
#6726=CARTESIAN_POINT('Ctrl Pts',(-10.,-0.806321908592583,-8.20632190859259));
#6727=CARTESIAN_POINT('Ctrl Pts',(-10.,-0.698123086512514,-8.29834346495163));
#6728=CARTESIAN_POINT('Ctrl Pts',(-10.,-0.458825964859084,-8.45908706864809));
#6729=CARTESIAN_POINT('Ctrl Pts',(-10.,-0.0411653400803555,-8.61318760979754));
#6730=CARTESIAN_POINT('Ctrl Pts',(-10.,0.251900961164427,-8.63817189911622));
#6731=CARTESIAN_POINT('Ctrl Pts',(-10.,0.399773482896667,-8.63089969389958));
#6732=CARTESIAN_POINT('Ctrl Pts',(-10.,-0.660726517103333,-8.06072651710334));
#6733=CARTESIAN_POINT('Ctrl Pts',(-10.,-0.568180433516334,-8.15327260069033));
#6734=CARTESIAN_POINT('Ctrl Pts',(-10.,-0.358729961974111,-8.3139891215086));
#6735=CARTESIAN_POINT('Ctrl Pts',(-10.,0.00714596587388677,-8.46553989296908));
#6736=CARTESIAN_POINT('Ctrl Pts',(-10.,0.268893556343418,-8.5));
#6737=CARTESIAN_POINT('Ctrl Pts',(-10.,0.399773482896667,-8.5));
#6738=CARTESIAN_POINT('',(-10.,-0.660726517103333,-8.06072651710334));
#6739=CARTESIAN_POINT('Ctrl Pts',(-9.17673797259167,-1.77673797259167,-9.17673797259167));
#6740=CARTESIAN_POINT('Ctrl Pts',(-9.31884132950759,-1.70568629413371,-9.10568629413371));
#6741=CARTESIAN_POINT('Ctrl Pts',(-9.56101445919384,-1.54883113643736,-8.94883113643736));
#6742=CARTESIAN_POINT('Ctrl Pts',(-9.89725271203472,-1.13667355409312,-8.53667355409312));
#6743=CARTESIAN_POINT('Ctrl Pts',(-10.,-0.806321908592583,-8.20632190859259));
#6744=CARTESIAN_POINT('Ctrl Pts',(-10.,-0.660726517103333,-8.06072651710334));
#6745=CARTESIAN_POINT('',(-10.,0.399773482896667,-8.5));
#6746=CARTESIAN_POINT('Origin',(-10.,0.399773482896667,-7.00022651710333));
#6747=CARTESIAN_POINT('Origin',(-8.5,0.399773482896667,-8.5));
#6748=CARTESIAN_POINT('Ctrl Pts',(-9.17673797259167,-1.77673797259167,-9.17673797259167));
#6749=CARTESIAN_POINT('Ctrl Pts',(-9.31884132950759,-1.70568629413371,-9.10568629413371));
#6750=CARTESIAN_POINT('Ctrl Pts',(-9.56101445919384,-1.54883113643736,-8.94883113643736));
#6751=CARTESIAN_POINT('Ctrl Pts',(-9.89725271203472,-1.13667355409312,-8.53667355409312));
#6752=CARTESIAN_POINT('Ctrl Pts',(-10.,-0.806321908592583,-8.20632190859259));
#6753=CARTESIAN_POINT('Ctrl Pts',(-10.,-0.660726517103333,-8.06072651710334));
#6754=CARTESIAN_POINT('Ctrl Pts',(-9.24778965104963,-1.84778965104963,-9.03463461567575));
#6755=CARTESIAN_POINT('Ctrl Pts',(-9.37534084257286,-1.77585838627219,-8.96482003370465));
#6756=CARTESIAN_POINT('Ctrl Pts',(-9.59823526038767,-1.61832589673913,-8.80799867481844));
#6757=CARTESIAN_POINT('Ctrl Pts',(-9.91134182237092,-1.213272022998,-8.39689293511711));
#6758=CARTESIAN_POINT('Ctrl Pts',(-10.,-0.898343464951625,-8.09812308651251));
#6759=CARTESIAN_POINT('Ctrl Pts',(-10.,-0.753272600690332,-7.96818043351634));
#6760=CARTESIAN_POINT('Ctrl Pts',(-9.36570479664905,-1.96570479664905,-8.72726642385578));
#6761=CARTESIAN_POINT('Ctrl Pts',(-9.47279530395412,-1.89416877261233,-8.65759598527701));
#6762=CARTESIAN_POINT('Ctrl Pts',(-9.6695472998409,-1.73449979281129,-8.49302197831524));
#6763=CARTESIAN_POINT('Ctrl Pts',(-9.94278905765346,-1.34024547938349,-8.0786119688788));
#6764=CARTESIAN_POINT('Ctrl Pts',(-10.,-1.05908706864809,-7.85882596485908));
#6765=CARTESIAN_POINT('Ctrl Pts',(-10.,-0.9139891215086,-7.75872996197411));
#6766=CARTESIAN_POINT('Ctrl Pts',(-9.52563815338794,-2.12563815338794,-7.91934597582843));
#6767=CARTESIAN_POINT('Ctrl Pts',(-9.61724028460572,-2.04580011881013,-7.85849241466604));
#6768=CARTESIAN_POINT('Ctrl Pts',(-9.78695989090277,-1.85877746767171,-7.71593629978724));
#6769=CARTESIAN_POINT('Ctrl Pts',(-9.96292385060993,-1.48736160957304,-7.5217205928501));
#6770=CARTESIAN_POINT('Ctrl Pts',(-10.,-1.21318760979754,-7.44116534008036));
#6771=CARTESIAN_POINT('Ctrl Pts',(-10.,-1.06553989296908,-7.39285403412612));
#6772=CARTESIAN_POINT('Ctrl Pts',(-9.56066017177982,-2.16066017177982,-7.29139094362007));
#6773=CARTESIAN_POINT('Ctrl Pts',(-9.64807800736859,-2.07324233619106,-7.27521514214691));
#6774=CARTESIAN_POINT('Ctrl Pts',(-9.80479361394606,-1.87320743600345,-7.23997601048647));
#6775=CARTESIAN_POINT('Ctrl Pts',(-9.961700742896,-1.5094854432111,-7.18320025538201));
#6776=CARTESIAN_POINT('Ctrl Pts',(-10.,-1.23817189911622,-7.14809903883557));
#6777=CARTESIAN_POINT('Ctrl Pts',(-10.,-1.1,-7.13110644365658));
#6778=CARTESIAN_POINT('Ctrl Pts',(-9.56066017177982,-2.16066017177982,-7.00022651710333));
#6779=CARTESIAN_POINT('Ctrl Pts',(-9.65322023299145,-2.06810011056819,-7.00022651710333));
#6780=CARTESIAN_POINT('Ctrl Pts',(-9.8139610275025,-1.85861800483944,-7.00022651710333));
#6781=CARTESIAN_POINT('Ctrl Pts',(-9.96553468831403,-1.49268681720968,-7.00022651710333));
#6782=CARTESIAN_POINT('Ctrl Pts',(-10.,-1.23089969389957,-7.00022651710333));
#6783=CARTESIAN_POINT('Ctrl Pts',(-10.,-1.1,-7.00022651710333));
#6784=CARTESIAN_POINT('',(-9.56066017177982,-2.16066017177982,-7.00022651710333));
#6785=CARTESIAN_POINT('Ctrl Pts',(-9.17673797259167,-1.77673797259167,-9.17673797259167));
#6786=CARTESIAN_POINT('Ctrl Pts',(-9.24778965104963,-1.84778965104963,-9.03463461567575));
#6787=CARTESIAN_POINT('Ctrl Pts',(-9.36570479664905,-1.96570479664905,-8.72726642385578));
#6788=CARTESIAN_POINT('Ctrl Pts',(-9.52563815338794,-2.12563815338794,-7.91934597582843));
#6789=CARTESIAN_POINT('Ctrl Pts',(-9.56066017177982,-2.16066017177982,-7.29139094362007));
#6790=CARTESIAN_POINT('Ctrl Pts',(-9.56066017177982,-2.16066017177982,-7.00022651710333));
#6791=CARTESIAN_POINT('',(-10.,-1.1,-7.00022651710333));
#6792=CARTESIAN_POINT('Origin',(-8.5,-1.1,-7.00022651710333));
#6793=CARTESIAN_POINT('Origin',(-10.,0.399773482896667,-7.00022651710333));
#6794=CARTESIAN_POINT('Ctrl Pts',(-9.17673797259167,-1.77673797259167,-9.17673797259167));
#6795=CARTESIAN_POINT('Ctrl Pts',(-9.24778965104963,-1.84778965104963,-9.03463461567575));
#6796=CARTESIAN_POINT('Ctrl Pts',(-9.36570479664905,-1.96570479664905,-8.72726642385578));
#6797=CARTESIAN_POINT('Ctrl Pts',(-9.52563815338794,-2.12563815338794,-7.91934597582843));
#6798=CARTESIAN_POINT('Ctrl Pts',(-9.56066017177982,-2.16066017177982,-7.29139094362007));
#6799=CARTESIAN_POINT('Ctrl Pts',(-9.56066017177982,-2.16066017177982,-7.00022651710333));
#6800=CARTESIAN_POINT('Ctrl Pts',(-9.10568629413371,-1.91884132950759,-9.10568629413371));
#6801=CARTESIAN_POINT('Ctrl Pts',(-9.17585838627219,-1.97534084257287,-8.96482003370465));
#6802=CARTESIAN_POINT('Ctrl Pts',(-9.29416877261233,-2.07279530395412,-8.65759598527702));
#6803=CARTESIAN_POINT('Ctrl Pts',(-9.44580011881013,-2.21724028460572,-7.85849241466603));
#6804=CARTESIAN_POINT('Ctrl Pts',(-9.47324233619106,-2.24807800736859,-7.27521514214691));
#6805=CARTESIAN_POINT('Ctrl Pts',(-9.46810011056819,-2.25322023299145,-7.00022651710333));
#6806=CARTESIAN_POINT('Ctrl Pts',(-8.94883113643737,-2.16101445919384,-8.94883113643737));
#6807=CARTESIAN_POINT('Ctrl Pts',(-9.01832589673913,-2.19823526038768,-8.80799867481845));
#6808=CARTESIAN_POINT('Ctrl Pts',(-9.1344997928113,-2.2695472998409,-8.49302197831524));
#6809=CARTESIAN_POINT('Ctrl Pts',(-9.2587774676717,-2.38695989090277,-7.71593629978724));
#6810=CARTESIAN_POINT('Ctrl Pts',(-9.27320743600345,-2.40479361394606,-7.23997601048647));
#6811=CARTESIAN_POINT('Ctrl Pts',(-9.25861800483944,-2.4139610275025,-7.00022651710333));
#6812=CARTESIAN_POINT('Ctrl Pts',(-8.53667355409311,-2.49725271203472,-8.53667355409311));
#6813=CARTESIAN_POINT('Ctrl Pts',(-8.61327202299799,-2.51134182237091,-8.3968929351171));
#6814=CARTESIAN_POINT('Ctrl Pts',(-8.74024547938348,-2.54278905765347,-8.0786119688788));
#6815=CARTESIAN_POINT('Ctrl Pts',(-8.88736160957304,-2.56292385060993,-7.5217205928501));
#6816=CARTESIAN_POINT('Ctrl Pts',(-8.9094854432111,-2.56170074289601,-7.18320025538201));
#6817=CARTESIAN_POINT('Ctrl Pts',(-8.89268681720968,-2.56553468831404,-7.00022651710333));
#6818=CARTESIAN_POINT('Ctrl Pts',(-8.20632190859258,-2.6,-8.20632190859258));
#6819=CARTESIAN_POINT('Ctrl Pts',(-8.29834346495162,-2.6,-8.09812308651251));
#6820=CARTESIAN_POINT('Ctrl Pts',(-8.45908706864809,-2.6,-7.85882596485908));
#6821=CARTESIAN_POINT('Ctrl Pts',(-8.61318760979754,-2.6,-7.44116534008035));
#6822=CARTESIAN_POINT('Ctrl Pts',(-8.63817189911622,-2.6,-7.14809903883557));
#6823=CARTESIAN_POINT('Ctrl Pts',(-8.63089969389957,-2.6,-7.00022651710333));
#6824=CARTESIAN_POINT('Ctrl Pts',(-8.06072651710333,-2.6,-8.06072651710333));
#6825=CARTESIAN_POINT('Ctrl Pts',(-8.15327260069033,-2.6,-7.96818043351633));
#6826=CARTESIAN_POINT('Ctrl Pts',(-8.3139891215086,-2.6,-7.75872996197411));
#6827=CARTESIAN_POINT('Ctrl Pts',(-8.46553989296908,-2.6,-7.39285403412611));
#6828=CARTESIAN_POINT('Ctrl Pts',(-8.5,-2.6,-7.13110644365658));
#6829=CARTESIAN_POINT('Ctrl Pts',(-8.5,-2.6,-7.00022651710333));
#6830=CARTESIAN_POINT('',(-8.06072651710333,-2.6,-8.06072651710333));
#6831=CARTESIAN_POINT('Ctrl Pts',(-9.17673797259167,-1.77673797259167,-9.17673797259167));
#6832=CARTESIAN_POINT('Ctrl Pts',(-9.10568629413371,-1.91884132950759,-9.10568629413371));
#6833=CARTESIAN_POINT('Ctrl Pts',(-8.94883113643737,-2.16101445919384,-8.94883113643737));
#6834=CARTESIAN_POINT('Ctrl Pts',(-8.53667355409311,-2.49725271203472,-8.53667355409311));
#6835=CARTESIAN_POINT('Ctrl Pts',(-8.20632190859258,-2.6,-8.20632190859258));
#6836=CARTESIAN_POINT('Ctrl Pts',(-8.06072651710333,-2.6,-8.06072651710333));
#6837=CARTESIAN_POINT('',(-8.5,-2.6,-7.00022651710333));
#6838=CARTESIAN_POINT('Origin',(-7.00022651710333,-2.6,-7.00022651710333));
#6839=CARTESIAN_POINT('Origin',(-8.5,-1.1,-7.00022651710333));
#6840=CARTESIAN_POINT('Ctrl Pts',(-9.17673797259167,-1.77673797259167,-9.17673797259167));
#6841=CARTESIAN_POINT('Ctrl Pts',(-9.10568629413371,-1.91884132950759,-9.10568629413371));
#6842=CARTESIAN_POINT('Ctrl Pts',(-8.94883113643736,-2.16101445919384,-8.94883113643736));
#6843=CARTESIAN_POINT('Ctrl Pts',(-8.53667355409312,-2.49725271203472,-8.53667355409312));
#6844=CARTESIAN_POINT('Ctrl Pts',(-8.20632190859258,-2.6,-8.20632190859258));
#6845=CARTESIAN_POINT('Ctrl Pts',(-8.06072651710333,-2.6,-8.06072651710333));
#6846=CARTESIAN_POINT('Ctrl Pts',(-9.03463461567575,-1.84778965104963,-9.24778965104963));
#6847=CARTESIAN_POINT('Ctrl Pts',(-8.96482003370465,-1.97534084257287,-9.17585838627219));
#6848=CARTESIAN_POINT('Ctrl Pts',(-8.80799867481844,-2.19823526038767,-9.01832589673912));
#6849=CARTESIAN_POINT('Ctrl Pts',(-8.39689293511711,-2.51134182237091,-8.613272022998));
#6850=CARTESIAN_POINT('Ctrl Pts',(-8.09812308651251,-2.6,-8.29834346495162));
#6851=CARTESIAN_POINT('Ctrl Pts',(-7.96818043351633,-2.6,-8.15327260069033));
#6852=CARTESIAN_POINT('Ctrl Pts',(-8.72726642385578,-1.96570479664905,-9.36570479664905));
#6853=CARTESIAN_POINT('Ctrl Pts',(-8.65759598527701,-2.07279530395412,-9.29416877261233));
#6854=CARTESIAN_POINT('Ctrl Pts',(-8.49302197831524,-2.2695472998409,-9.13449979281129));
#6855=CARTESIAN_POINT('Ctrl Pts',(-8.0786119688788,-2.54278905765347,-8.74024547938349));
#6856=CARTESIAN_POINT('Ctrl Pts',(-7.85882596485908,-2.6,-8.45908706864809));
#6857=CARTESIAN_POINT('Ctrl Pts',(-7.75872996197411,-2.6,-8.3139891215086));
#6858=CARTESIAN_POINT('Ctrl Pts',(-7.91934597582843,-2.12563815338794,-9.52563815338793));
#6859=CARTESIAN_POINT('Ctrl Pts',(-7.85849241466604,-2.21724028460572,-9.44580011881013));
#6860=CARTESIAN_POINT('Ctrl Pts',(-7.71593629978725,-2.38695989090277,-9.25877746767171));
#6861=CARTESIAN_POINT('Ctrl Pts',(-7.52172059285009,-2.56292385060993,-8.88736160957304));
#6862=CARTESIAN_POINT('Ctrl Pts',(-7.44116534008036,-2.6,-8.61318760979754));
#6863=CARTESIAN_POINT('Ctrl Pts',(-7.39285403412612,-2.6,-8.46553989296908));
#6864=CARTESIAN_POINT('Ctrl Pts',(-7.29139094362007,-2.16066017177982,-9.56066017177982));
#6865=CARTESIAN_POINT('Ctrl Pts',(-7.27521514214691,-2.24807800736859,-9.47324233619106));
#6866=CARTESIAN_POINT('Ctrl Pts',(-7.23997601048647,-2.40479361394606,-9.27320743600345));
#6867=CARTESIAN_POINT('Ctrl Pts',(-7.18320025538201,-2.56170074289601,-8.9094854432111));
#6868=CARTESIAN_POINT('Ctrl Pts',(-7.14809903883557,-2.6,-8.63817189911622));
#6869=CARTESIAN_POINT('Ctrl Pts',(-7.13110644365658,-2.6,-8.5));
#6870=CARTESIAN_POINT('Ctrl Pts',(-7.00022651710333,-2.16066017177982,-9.56066017177982));
#6871=CARTESIAN_POINT('Ctrl Pts',(-7.00022651710333,-2.25322023299145,-9.46810011056819));
#6872=CARTESIAN_POINT('Ctrl Pts',(-7.00022651710333,-2.41396102750249,-9.25861800483944));
#6873=CARTESIAN_POINT('Ctrl Pts',(-7.00022651710333,-2.56553468831404,-8.89268681720968));
#6874=CARTESIAN_POINT('Ctrl Pts',(-7.00022651710333,-2.6,-8.63089969389957));
#6875=CARTESIAN_POINT('Ctrl Pts',(-7.00022651710333,-2.6,-8.5));
#6876=CARTESIAN_POINT('',(-7.00022651710333,-2.6,-8.5));
#6877=CARTESIAN_POINT('Origin',(-7.00022651710333,-1.1,-8.5));
#6878=CARTESIAN_POINT('Origin',(-7.00022651710333,-2.6,-7.00022651710333));
#6879=CARTESIAN_POINT('Origin',(-8.5,0.5,-8.5));
#6880=CARTESIAN_POINT('',(-10.,0.5,-8.5));
#6881=CARTESIAN_POINT('',(-8.5,0.5,-10.));
#6882=CARTESIAN_POINT('Origin',(-8.5,0.5,-8.5));
#6883=CARTESIAN_POINT('',(-8.5,0.5,-10.));
#6884=CARTESIAN_POINT('',(-10.,0.5,-8.5));
#6885=CARTESIAN_POINT('Ctrl Pts',(9.17673797259167,-1.77673797259167,-9.17673797259167));
#6886=CARTESIAN_POINT('Ctrl Pts',(9.10568629413371,-1.91884132950759,-9.10568629413371));
#6887=CARTESIAN_POINT('Ctrl Pts',(8.94883113643736,-2.16101445919384,-8.94883113643736));
#6888=CARTESIAN_POINT('Ctrl Pts',(8.53667355409312,-2.49725271203472,-8.53667355409312));
#6889=CARTESIAN_POINT('Ctrl Pts',(8.20632190859258,-2.6,-8.20632190859258));
#6890=CARTESIAN_POINT('Ctrl Pts',(8.06072651710333,-2.6,-8.06072651710333));
#6891=CARTESIAN_POINT('Ctrl Pts',(9.24778965104963,-1.84778965104963,-9.03463461567575));
#6892=CARTESIAN_POINT('Ctrl Pts',(9.17585838627219,-1.97534084257287,-8.96482003370465));
#6893=CARTESIAN_POINT('Ctrl Pts',(9.01832589673912,-2.19823526038767,-8.80799867481844));
#6894=CARTESIAN_POINT('Ctrl Pts',(8.613272022998,-2.51134182237091,-8.39689293511711));
#6895=CARTESIAN_POINT('Ctrl Pts',(8.29834346495162,-2.6,-8.09812308651251));
#6896=CARTESIAN_POINT('Ctrl Pts',(8.15327260069033,-2.6,-7.96818043351633));
#6897=CARTESIAN_POINT('Ctrl Pts',(9.36570479664905,-1.96570479664905,-8.72726642385578));
#6898=CARTESIAN_POINT('Ctrl Pts',(9.29416877261233,-2.07279530395412,-8.65759598527701));
#6899=CARTESIAN_POINT('Ctrl Pts',(9.13449979281129,-2.2695472998409,-8.49302197831524));
#6900=CARTESIAN_POINT('Ctrl Pts',(8.74024547938349,-2.54278905765347,-8.0786119688788));
#6901=CARTESIAN_POINT('Ctrl Pts',(8.45908706864809,-2.6,-7.85882596485908));
#6902=CARTESIAN_POINT('Ctrl Pts',(8.3139891215086,-2.6,-7.75872996197411));
#6903=CARTESIAN_POINT('Ctrl Pts',(9.52563815338793,-2.12563815338794,-7.91934597582843));
#6904=CARTESIAN_POINT('Ctrl Pts',(9.44580011881013,-2.21724028460572,-7.85849241466604));
#6905=CARTESIAN_POINT('Ctrl Pts',(9.25877746767171,-2.38695989090277,-7.71593629978725));
#6906=CARTESIAN_POINT('Ctrl Pts',(8.88736160957304,-2.56292385060993,-7.52172059285009));
#6907=CARTESIAN_POINT('Ctrl Pts',(8.61318760979754,-2.6,-7.44116534008036));
#6908=CARTESIAN_POINT('Ctrl Pts',(8.46553989296908,-2.6,-7.39285403412612));
#6909=CARTESIAN_POINT('Ctrl Pts',(9.56066017177982,-2.16066017177982,-7.29139094362007));
#6910=CARTESIAN_POINT('Ctrl Pts',(9.47324233619106,-2.24807800736859,-7.27521514214691));
#6911=CARTESIAN_POINT('Ctrl Pts',(9.27320743600345,-2.40479361394606,-7.23997601048647));
#6912=CARTESIAN_POINT('Ctrl Pts',(8.9094854432111,-2.56170074289601,-7.18320025538201));
#6913=CARTESIAN_POINT('Ctrl Pts',(8.63817189911622,-2.6,-7.14809903883557));
#6914=CARTESIAN_POINT('Ctrl Pts',(8.5,-2.6,-7.13110644365658));
#6915=CARTESIAN_POINT('Ctrl Pts',(9.56066017177982,-2.16066017177982,-7.00022651710333));
#6916=CARTESIAN_POINT('Ctrl Pts',(9.46810011056819,-2.25322023299145,-7.00022651710333));
#6917=CARTESIAN_POINT('Ctrl Pts',(9.25861800483944,-2.41396102750249,-7.00022651710333));
#6918=CARTESIAN_POINT('Ctrl Pts',(8.89268681720968,-2.56553468831404,-7.00022651710333));
#6919=CARTESIAN_POINT('Ctrl Pts',(8.63089969389957,-2.6,-7.00022651710333));
#6920=CARTESIAN_POINT('Ctrl Pts',(8.5,-2.6,-7.00022651710333));
#6921=CARTESIAN_POINT('',(8.5,-2.6,-7.00022651710333));
#6922=CARTESIAN_POINT('Origin',(8.5,-1.1,-7.00022651710333));
#6923=CARTESIAN_POINT('Origin',(7.00022651710333,-2.6,-7.00022651710333));
#6924=CARTESIAN_POINT('Origin',(8.5,0.5,-8.5));
#6925=CARTESIAN_POINT('',(8.5,0.5,-10.));
#6926=CARTESIAN_POINT('',(10.,0.5,-8.5));
#6927=CARTESIAN_POINT('Origin',(8.5,0.5,-8.5));
#6928=CARTESIAN_POINT('',(10.,0.5,-8.5));
#6929=CARTESIAN_POINT('',(8.5,0.5,-10.));
#6930=CARTESIAN_POINT('Ctrl Pts',(-9.17673797259167,-1.77673797259167,9.17673797259167));
#6931=CARTESIAN_POINT('Ctrl Pts',(-9.10568629413371,-1.91884132950759,9.10568629413371));
#6932=CARTESIAN_POINT('Ctrl Pts',(-8.94883113643736,-2.16101445919384,8.94883113643736));
#6933=CARTESIAN_POINT('Ctrl Pts',(-8.53667355409312,-2.49725271203472,8.53667355409312));
#6934=CARTESIAN_POINT('Ctrl Pts',(-8.20632190859258,-2.6,8.20632190859258));
#6935=CARTESIAN_POINT('Ctrl Pts',(-8.06072651710333,-2.6,8.06072651710333));
#6936=CARTESIAN_POINT('Ctrl Pts',(-9.24778965104963,-1.84778965104963,9.03463461567575));
#6937=CARTESIAN_POINT('Ctrl Pts',(-9.17585838627219,-1.97534084257287,8.96482003370465));
#6938=CARTESIAN_POINT('Ctrl Pts',(-9.01832589673912,-2.19823526038767,8.80799867481844));
#6939=CARTESIAN_POINT('Ctrl Pts',(-8.613272022998,-2.51134182237091,8.39689293511711));
#6940=CARTESIAN_POINT('Ctrl Pts',(-8.29834346495162,-2.6,8.09812308651251));
#6941=CARTESIAN_POINT('Ctrl Pts',(-8.15327260069033,-2.6,7.96818043351633));
#6942=CARTESIAN_POINT('Ctrl Pts',(-9.36570479664905,-1.96570479664905,8.72726642385578));
#6943=CARTESIAN_POINT('Ctrl Pts',(-9.29416877261233,-2.07279530395412,8.65759598527701));
#6944=CARTESIAN_POINT('Ctrl Pts',(-9.13449979281129,-2.2695472998409,8.49302197831524));
#6945=CARTESIAN_POINT('Ctrl Pts',(-8.74024547938349,-2.54278905765347,8.0786119688788));
#6946=CARTESIAN_POINT('Ctrl Pts',(-8.45908706864809,-2.6,7.85882596485908));
#6947=CARTESIAN_POINT('Ctrl Pts',(-8.3139891215086,-2.6,7.75872996197411));
#6948=CARTESIAN_POINT('Ctrl Pts',(-9.52563815338793,-2.12563815338794,7.91934597582843));
#6949=CARTESIAN_POINT('Ctrl Pts',(-9.44580011881013,-2.21724028460572,7.85849241466604));
#6950=CARTESIAN_POINT('Ctrl Pts',(-9.25877746767171,-2.38695989090277,7.71593629978725));
#6951=CARTESIAN_POINT('Ctrl Pts',(-8.88736160957304,-2.56292385060993,7.52172059285009));
#6952=CARTESIAN_POINT('Ctrl Pts',(-8.61318760979754,-2.6,7.44116534008036));
#6953=CARTESIAN_POINT('Ctrl Pts',(-8.46553989296908,-2.6,7.39285403412612));
#6954=CARTESIAN_POINT('Ctrl Pts',(-9.56066017177982,-2.16066017177982,7.29139094362007));
#6955=CARTESIAN_POINT('Ctrl Pts',(-9.47324233619106,-2.24807800736859,7.27521514214691));
#6956=CARTESIAN_POINT('Ctrl Pts',(-9.27320743600345,-2.40479361394606,7.23997601048647));
#6957=CARTESIAN_POINT('Ctrl Pts',(-8.9094854432111,-2.56170074289601,7.18320025538201));
#6958=CARTESIAN_POINT('Ctrl Pts',(-8.63817189911622,-2.6,7.14809903883557));
#6959=CARTESIAN_POINT('Ctrl Pts',(-8.5,-2.6,7.13110644365658));
#6960=CARTESIAN_POINT('Ctrl Pts',(-9.56066017177982,-2.16066017177982,7.00022651710333));
#6961=CARTESIAN_POINT('Ctrl Pts',(-9.46810011056819,-2.25322023299145,7.00022651710333));
#6962=CARTESIAN_POINT('Ctrl Pts',(-9.25861800483944,-2.41396102750249,7.00022651710333));
#6963=CARTESIAN_POINT('Ctrl Pts',(-8.89268681720968,-2.56553468831404,7.00022651710333));
#6964=CARTESIAN_POINT('Ctrl Pts',(-8.63089969389957,-2.6,7.00022651710333));
#6965=CARTESIAN_POINT('Ctrl Pts',(-8.5,-2.6,7.00022651710333));
#6966=CARTESIAN_POINT('',(-8.5,-2.6,7.00022651710333));
#6967=CARTESIAN_POINT('Origin',(-8.5,-1.1,7.00022651710333));
#6968=CARTESIAN_POINT('Origin',(-7.00022651710333,-2.6,7.00022651710333));
#6969=CARTESIAN_POINT('Origin',(-8.5,0.5,8.5));
#6970=CARTESIAN_POINT('',(-8.5,0.5,10.));
#6971=CARTESIAN_POINT('',(-10.,0.5,8.5));
#6972=CARTESIAN_POINT('Origin',(-8.5,0.5,8.5));
#6973=CARTESIAN_POINT('',(-10.,0.5,8.5));
#6974=CARTESIAN_POINT('',(-8.5,0.5,10.));
#6975=CARTESIAN_POINT('Origin',(-8.5,-1.1,5.));
#6976=CARTESIAN_POINT('',(-8.5,-2.6,5.));
#6977=CARTESIAN_POINT('',(-10.,-1.1,5.));
#6978=CARTESIAN_POINT('Ctrl Pts',(9.17673797259167,-1.77673797259167,9.17673797259167));
#6979=CARTESIAN_POINT('Ctrl Pts',(9.10568629413371,-1.91884132950759,9.10568629413371));
#6980=CARTESIAN_POINT('Ctrl Pts',(8.94883113643736,-2.16101445919384,8.94883113643736));
#6981=CARTESIAN_POINT('Ctrl Pts',(8.53667355409312,-2.49725271203472,8.53667355409312));
#6982=CARTESIAN_POINT('Ctrl Pts',(8.20632190859258,-2.6,8.20632190859258));
#6983=CARTESIAN_POINT('Ctrl Pts',(8.06072651710333,-2.6,8.06072651710333));
#6984=CARTESIAN_POINT('Ctrl Pts',(9.03463461567575,-1.84778965104963,9.24778965104963));
#6985=CARTESIAN_POINT('Ctrl Pts',(8.96482003370465,-1.97534084257287,9.17585838627219));
#6986=CARTESIAN_POINT('Ctrl Pts',(8.80799867481844,-2.19823526038767,9.01832589673912));
#6987=CARTESIAN_POINT('Ctrl Pts',(8.39689293511711,-2.51134182237091,8.613272022998));
#6988=CARTESIAN_POINT('Ctrl Pts',(8.09812308651251,-2.6,8.29834346495162));
#6989=CARTESIAN_POINT('Ctrl Pts',(7.96818043351633,-2.6,8.15327260069033));
#6990=CARTESIAN_POINT('Ctrl Pts',(8.72726642385578,-1.96570479664905,9.36570479664905));
#6991=CARTESIAN_POINT('Ctrl Pts',(8.65759598527701,-2.07279530395412,9.29416877261233));
#6992=CARTESIAN_POINT('Ctrl Pts',(8.49302197831524,-2.2695472998409,9.13449979281129));
#6993=CARTESIAN_POINT('Ctrl Pts',(8.0786119688788,-2.54278905765347,8.74024547938349));
#6994=CARTESIAN_POINT('Ctrl Pts',(7.85882596485908,-2.6,8.45908706864809));
#6995=CARTESIAN_POINT('Ctrl Pts',(7.75872996197411,-2.6,8.3139891215086));
#6996=CARTESIAN_POINT('Ctrl Pts',(7.91934597582843,-2.12563815338794,9.52563815338793));
#6997=CARTESIAN_POINT('Ctrl Pts',(7.85849241466604,-2.21724028460572,9.44580011881013));
#6998=CARTESIAN_POINT('Ctrl Pts',(7.71593629978725,-2.38695989090277,9.25877746767171));
#6999=CARTESIAN_POINT('Ctrl Pts',(7.52172059285009,-2.56292385060993,8.88736160957304));
#7000=CARTESIAN_POINT('Ctrl Pts',(7.44116534008036,-2.6,8.61318760979754));
#7001=CARTESIAN_POINT('Ctrl Pts',(7.39285403412612,-2.6,8.46553989296908));
#7002=CARTESIAN_POINT('Ctrl Pts',(7.29139094362007,-2.16066017177982,9.56066017177982));
#7003=CARTESIAN_POINT('Ctrl Pts',(7.27521514214691,-2.24807800736859,9.47324233619106));
#7004=CARTESIAN_POINT('Ctrl Pts',(7.23997601048647,-2.40479361394606,9.27320743600345));
#7005=CARTESIAN_POINT('Ctrl Pts',(7.18320025538201,-2.56170074289601,8.9094854432111));
#7006=CARTESIAN_POINT('Ctrl Pts',(7.14809903883557,-2.6,8.63817189911622));
#7007=CARTESIAN_POINT('Ctrl Pts',(7.13110644365658,-2.6,8.5));
#7008=CARTESIAN_POINT('Ctrl Pts',(7.00022651710333,-2.16066017177982,9.56066017177982));
#7009=CARTESIAN_POINT('Ctrl Pts',(7.00022651710333,-2.25322023299145,9.46810011056819));
#7010=CARTESIAN_POINT('Ctrl Pts',(7.00022651710333,-2.41396102750249,9.25861800483944));
#7011=CARTESIAN_POINT('Ctrl Pts',(7.00022651710333,-2.56553468831404,8.89268681720968));
#7012=CARTESIAN_POINT('Ctrl Pts',(7.00022651710333,-2.6,8.63089969389957));
#7013=CARTESIAN_POINT('Ctrl Pts',(7.00022651710333,-2.6,8.5));
#7014=CARTESIAN_POINT('',(7.00022651710333,-2.6,8.5));
#7015=CARTESIAN_POINT('Origin',(7.00022651710333,-1.1,8.5));
#7016=CARTESIAN_POINT('Origin',(7.00022651710333,-2.6,7.00022651710333));
#7017=CARTESIAN_POINT('Origin',(8.5,0.5,8.5));
#7018=CARTESIAN_POINT('',(10.,0.5,8.5));
#7019=CARTESIAN_POINT('',(8.5,0.5,10.));
#7020=CARTESIAN_POINT('Origin',(8.5,0.5,8.5));
#7021=CARTESIAN_POINT('',(8.5,0.5,10.));
#7022=CARTESIAN_POINT('',(10.,0.5,8.5));
#7023=CARTESIAN_POINT('Origin',(5.,-1.1,8.5));
#7024=CARTESIAN_POINT('',(5.,-2.6,8.5));
#7025=CARTESIAN_POINT('',(5.,-1.1,10.));
#7026=CARTESIAN_POINT('Origin',(8.5,-1.1,-5.));
#7027=CARTESIAN_POINT('',(8.5,-2.6,-5.));
#7028=CARTESIAN_POINT('',(10.,-1.1,-5.));
#7029=CARTESIAN_POINT('Origin',(-5.,-1.1,-8.5));
#7030=CARTESIAN_POINT('',(-5.,-2.6,-8.5));
#7031=CARTESIAN_POINT('',(-5.,-1.1,-10.));
#7032=CARTESIAN_POINT('Origin',(-10.,0.5,10.));
#7033=CARTESIAN_POINT('',(-10.,0.5,10.));
#7034=CARTESIAN_POINT('Origin',(10.,0.5,10.));
#7035=CARTESIAN_POINT('',(10.,0.5,10.));
#7036=CARTESIAN_POINT('Origin',(0.,0.5,0.));
#7037=CARTESIAN_POINT('',(10.,0.5,-10.));
#7038=CARTESIAN_POINT('',(-10.,0.5,-10.));
#7039=CARTESIAN_POINT('',(8.6,0.5,-8.6));
#7040=CARTESIAN_POINT('',(8.6,0.5,8.6));
#7041=CARTESIAN_POINT('',(8.6,0.5,8.6));
#7042=CARTESIAN_POINT('',(-8.6,0.5,8.6));
#7043=CARTESIAN_POINT('',(-8.6,0.5,8.6));
#7044=CARTESIAN_POINT('',(-8.6,0.5,-8.6));
#7045=CARTESIAN_POINT('',(-8.6,0.5,-8.6));
#7046=CARTESIAN_POINT('',(8.6,0.5,-8.6));
#7047=CARTESIAN_POINT('Origin',(0.,-2.6,0.));
#7048=CARTESIAN_POINT('Origin',(0.,-1.6,0.));
#7049=CARTESIAN_POINT('',(-8.6,-1.6,8.6));
#7050=CARTESIAN_POINT('',(8.6,-1.6,8.6));
#7051=CARTESIAN_POINT('',(-8.6,-1.6,8.6));
#7052=CARTESIAN_POINT('',(8.6,-1.6,-8.6));
#7053=CARTESIAN_POINT('',(8.6,-1.6,8.6));
#7054=CARTESIAN_POINT('',(-8.6,-1.6,-8.6));
#7055=CARTESIAN_POINT('',(8.6,-1.6,-8.6));
#7056=CARTESIAN_POINT('',(-8.6,-1.6,-8.6));
#7057=CARTESIAN_POINT('Origin',(8.15,-0.5,-1.9));
#7058=CARTESIAN_POINT('',(7.7,-0.5,-1.9));
#7059=CARTESIAN_POINT('',(8.6,-1.4,-1.9));
#7060=CARTESIAN_POINT('',(8.6,-1.4,-1.9));
#7061=CARTESIAN_POINT('',(8.6,0.4,-1.9));
#7062=CARTESIAN_POINT('',(7.7,-0.500000000000001,-1.9));
#7063=CARTESIAN_POINT('',(8.6,-4.16333634234434E-16,-1.9));
#7064=CARTESIAN_POINT('Origin',(7.7,-0.500000000000001,0.));
#7065=CARTESIAN_POINT('',(8.6,0.4,1.9));
#7066=CARTESIAN_POINT('',(8.6,0.400000000000001,4.3));
#7067=CARTESIAN_POINT('',(7.7,-0.5,1.9));
#7068=CARTESIAN_POINT('',(7.7,-0.500000000000001,0.));
#7069=CARTESIAN_POINT('',(7.7,-0.500000000000001,1.9));
#7070=CARTESIAN_POINT('Origin',(8.6,-1.4,0.));
#7071=CARTESIAN_POINT('',(8.6,-1.4,1.9));
#7072=CARTESIAN_POINT('',(8.6,-1.4,4.3));
#7073=CARTESIAN_POINT('',(8.6,-1.4,1.9));
#7074=CARTESIAN_POINT('Origin',(8.15,-0.5,1.9));
#7075=CARTESIAN_POINT('',(8.6,-4.16333634234434E-16,1.9));
#7076=CARTESIAN_POINT('Origin',(-8.15,-0.5,-1.9));
#7077=CARTESIAN_POINT('',(-7.7,-0.5,-1.9));
#7078=CARTESIAN_POINT('',(-8.6,-1.4,-1.9));
#7079=CARTESIAN_POINT('',(-8.6,-1.4,-1.9));
#7080=CARTESIAN_POINT('',(-8.6,0.4,-1.9));
#7081=CARTESIAN_POINT('',(-8.6,-4.16333634234434E-16,-1.9));
#7082=CARTESIAN_POINT('',(-7.7,-0.500000000000001,-1.9));
#7083=CARTESIAN_POINT('Origin',(-7.7,-0.500000000000001,0.));
#7084=CARTESIAN_POINT('',(-8.6,0.4,1.9));
#7085=CARTESIAN_POINT('',(-8.6,0.400000000000001,-4.3));
#7086=CARTESIAN_POINT('',(-7.7,-0.5,1.9));
#7087=CARTESIAN_POINT('',(-7.7,-0.500000000000001,1.9));
#7088=CARTESIAN_POINT('',(-7.7,-0.500000000000001,0.));
#7089=CARTESIAN_POINT('Origin',(-8.6,-1.4,0.));
#7090=CARTESIAN_POINT('',(-8.6,-1.4,1.9));
#7091=CARTESIAN_POINT('',(-8.6,-1.4,1.9));
#7092=CARTESIAN_POINT('',(-8.6,-1.4,-4.3));
#7093=CARTESIAN_POINT('Origin',(-8.15,-0.5,1.9));
#7094=CARTESIAN_POINT('',(-8.6,-4.16333634234434E-16,1.9));
#7095=CARTESIAN_POINT('Origin',(-8.6,0.5,8.6));
#7096=CARTESIAN_POINT('',(8.6,0.5,8.6));
#7097=CARTESIAN_POINT('',(-8.6,0.5,8.6));
#7098=CARTESIAN_POINT('Origin',(-8.6,0.5,-8.6));
#7099=CARTESIAN_POINT('',(-8.6,0.5,-8.6));
#7100=CARTESIAN_POINT('Origin',(8.6,0.5,-8.6));
#7101=CARTESIAN_POINT('',(8.6,0.5,-8.6));
#7102=CARTESIAN_POINT('Origin',(8.6,0.5,8.6));
#7103=CARTESIAN_POINT('Origin',(10.,0.5,-10.));
#7104=CARTESIAN_POINT('Origin',(-10.,0.5,-10.));
#7105=CARTESIAN_POINT('Origin',(-8.5,1.5,-8.5));
#7106=CARTESIAN_POINT('',(-8.5,0.5,-10.));
#7107=CARTESIAN_POINT('',(-10.,0.5,-8.5));
#7108=CARTESIAN_POINT('Origin',(-8.5,0.5,-8.5));
#7109=CARTESIAN_POINT('',(-10.,1.5,-8.5));
#7110=CARTESIAN_POINT('',(-10.,1.5,-8.5));
#7111=CARTESIAN_POINT('',(-8.5,1.5,-10.));
#7112=CARTESIAN_POINT('Origin',(-8.5,1.5,-8.5));
#7113=CARTESIAN_POINT('',(-8.5,1.5,-10.));
#7114=CARTESIAN_POINT('Origin',(-10.,1.5,-10.));
#7115=CARTESIAN_POINT('',(8.5,1.5,-10.));
#7116=CARTESIAN_POINT('',(10.,1.5,-10.));
#7117=CARTESIAN_POINT('',(8.5,0.5,-10.));
#7118=CARTESIAN_POINT('',(8.5,1.5,-10.));
#7119=CARTESIAN_POINT('',(10.,0.5,-10.));
#7120=CARTESIAN_POINT('Origin',(0.,1.5,0.));
#7121=CARTESIAN_POINT('',(-10.,1.5,8.5));
#7122=CARTESIAN_POINT('',(-10.,1.5,-10.));
#7123=CARTESIAN_POINT('',(-8.5,1.5,10.));
#7124=CARTESIAN_POINT('Origin',(-8.5,1.5,8.5));
#7125=CARTESIAN_POINT('',(8.5,1.5,10.));
#7126=CARTESIAN_POINT('',(-10.,1.5,10.));
#7127=CARTESIAN_POINT('',(10.,1.5,8.5));
#7128=CARTESIAN_POINT('Origin',(8.5,1.5,8.5));
#7129=CARTESIAN_POINT('',(10.,1.5,-8.5));
#7130=CARTESIAN_POINT('',(10.,1.5,10.));
#7131=CARTESIAN_POINT('Origin',(8.5,1.5,-8.5));
#7132=CARTESIAN_POINT('',(-0.885009460747634,1.5,-2.13660184296543));
#7133=CARTESIAN_POINT('',(0.885009460747632,1.5,-2.13660184296544));
#7134=CARTESIAN_POINT('',(-0.442504730373818,1.5,-2.13660184296543));
#7135=CARTESIAN_POINT('',(2.13660184296543,1.5,-0.885009460747633));
#7136=CARTESIAN_POINT('',(1.19790755630208,1.5,-1.82370374741098));
#7137=CARTESIAN_POINT('',(2.13660184296543,1.5,0.885009460747632));
#7138=CARTESIAN_POINT('',(2.13660184296543,1.5,-0.442504730373817));
#7139=CARTESIAN_POINT('',(0.885009460747633,1.5,2.13660184296543));
#7140=CARTESIAN_POINT('',(1.82370374741098,1.5,1.19790755630208));
#7141=CARTESIAN_POINT('',(-0.885009460747632,1.5,2.13660184296543));
#7142=CARTESIAN_POINT('',(0.442504730373817,1.5,2.13660184296543));
#7143=CARTESIAN_POINT('',(-2.13660184296543,1.5,0.885009460747634));
#7144=CARTESIAN_POINT('',(-1.19790755630208,1.5,1.82370374741098));
#7145=CARTESIAN_POINT('',(-2.13660184296543,1.5,-0.885009460747631));
#7146=CARTESIAN_POINT('',(-2.13660184296543,1.5,0.442504730373817));
#7147=CARTESIAN_POINT('',(-1.82370374741098,1.5,-1.19790755630208));
#7148=CARTESIAN_POINT('',(5.44847369147162,1.5,6.64307569724501));
#7149=CARTESIAN_POINT('',(5.4999999999999,1.5,6.77678109607653));
#7150=CARTESIAN_POINT('Origin',(5.29923603249124,1.5,6.77736879902853));
#7151=CARTESIAN_POINT('',(5.49999999999989,1.5,8.00076106038173));
#7152=CARTESIAN_POINT('',(5.49999999999989,1.5,8.00076106038173));
#7153=CARTESIAN_POINT('',(5.30076106038153,1.5,8.20000000000007));
#7154=CARTESIAN_POINT('Origin',(5.29923603249122,1.5,7.99923603249141));
#7155=CARTESIAN_POINT('',(-5.30076106038177,1.5,8.19999999999993));
#7156=CARTESIAN_POINT('',(-5.30076106038177,1.5,8.19999999999993));
#7157=CARTESIAN_POINT('',(-5.50000000000011,1.5,8.00076106038157));
#7158=CARTESIAN_POINT('Origin',(-5.29923603249144,1.5,7.99923603249126));
#7159=CARTESIAN_POINT('',(-5.5000000000001,1.5,6.77678109607638));
#7160=CARTESIAN_POINT('',(-5.5000000000001,1.5,6.77678109607638));
#7161=CARTESIAN_POINT('',(-5.4484736914718,1.5,6.64307569724486));
#7162=CARTESIAN_POINT('Origin',(-5.29923603249143,1.5,6.77736879902838));
#7163=CARTESIAN_POINT('',(-2.93431915329848,1.5,3.86553354078679));
#7164=CARTESIAN_POINT('',(-2.93431915329848,1.5,3.86553354078679));
#7165=CARTESIAN_POINT('',(-2.78660652220842,1.5,3.79999999999996));
#7166=CARTESIAN_POINT('Origin',(-2.78592993499503,1.5,4.00076396750863));
#7167=CARTESIAN_POINT('',(2.78660652220831,1.5,3.80000000000004));
#7168=CARTESIAN_POINT('',(2.78660652220831,1.5,3.80000000000004));
#7169=CARTESIAN_POINT('',(2.93431915329837,1.5,3.86553354078687));
#7170=CARTESIAN_POINT('Origin',(2.78592993499492,1.5,4.00076396750871));
#7171=CARTESIAN_POINT('',(5.44847369147162,1.5,6.64307569724501));
#7172=CARTESIAN_POINT('',(-5.44847369147171,1.5,-6.64307569724494));
#7173=CARTESIAN_POINT('',(-5.5,1.5,-6.77678109607646));
#7174=CARTESIAN_POINT('Origin',(-5.29923603249133,1.5,-6.77736879902845));
#7175=CARTESIAN_POINT('',(-5.5,1.5,-8.00076106038165));
#7176=CARTESIAN_POINT('',(-5.5,1.5,-8.00076106038165));
#7177=CARTESIAN_POINT('',(-5.30076106038165,1.5,-8.2));
#7178=CARTESIAN_POINT('Origin',(-5.29923603249133,1.5,-7.99923603249133));
#7179=CARTESIAN_POINT('',(5.30076106038165,1.5,-8.2));
#7180=CARTESIAN_POINT('',(5.30076106038165,1.5,-8.2));
#7181=CARTESIAN_POINT('',(5.5,1.5,-8.00076106038165));
#7182=CARTESIAN_POINT('Origin',(5.29923603249133,1.5,-7.99923603249133));
#7183=CARTESIAN_POINT('',(5.5,1.5,-6.77678109607646));
#7184=CARTESIAN_POINT('',(5.5,1.5,-6.77678109607646));
#7185=CARTESIAN_POINT('',(5.44847369147171,1.5,-6.64307569724494));
#7186=CARTESIAN_POINT('Origin',(5.29923603249133,1.5,-6.77736879902845));
#7187=CARTESIAN_POINT('',(2.93431915329842,1.5,-3.86553354078683));
#7188=CARTESIAN_POINT('',(2.93431915329842,1.5,-3.86553354078683));
#7189=CARTESIAN_POINT('',(2.78660652220836,1.5,-3.8));
#7190=CARTESIAN_POINT('Origin',(2.78592993499497,1.5,-4.00076396750867));
#7191=CARTESIAN_POINT('',(-2.78660652220836,1.5,-3.8));
#7192=CARTESIAN_POINT('',(-2.78660652220836,1.5,-3.8));
#7193=CARTESIAN_POINT('',(-2.93431915329842,1.5,-3.86553354078683));
#7194=CARTESIAN_POINT('Origin',(-2.78592993499497,1.5,-4.00076396750867));
#7195=CARTESIAN_POINT('',(-5.44847369147171,1.5,-6.64307569724494));
#7196=CARTESIAN_POINT('',(-6.64307569724494,1.5,5.44847369147171));
#7197=CARTESIAN_POINT('',(-6.77678109607646,1.5,5.5));
#7198=CARTESIAN_POINT('Origin',(-6.77736879902845,1.5,5.29923603249133));
#7199=CARTESIAN_POINT('',(-8.00076106038165,1.5,5.5));
#7200=CARTESIAN_POINT('',(-8.00076106038165,1.5,5.5));
#7201=CARTESIAN_POINT('',(-8.2,1.5,5.30076106038165));
#7202=CARTESIAN_POINT('Origin',(-7.99923603249133,1.5,5.29923603249133));
#7203=CARTESIAN_POINT('',(-8.2,1.5,-5.30076106038165));
#7204=CARTESIAN_POINT('',(-8.2,1.5,-5.30076106038165));
#7205=CARTESIAN_POINT('',(-8.00076106038165,1.5,-5.5));
#7206=CARTESIAN_POINT('Origin',(-7.99923603249133,1.5,-5.29923603249133));
#7207=CARTESIAN_POINT('',(-6.77678109607646,1.5,-5.5));
#7208=CARTESIAN_POINT('',(-6.77678109607646,1.5,-5.5));
#7209=CARTESIAN_POINT('',(-6.64307569724494,1.5,-5.44847369147171));
#7210=CARTESIAN_POINT('Origin',(-6.77736879902845,1.5,-5.29923603249133));
#7211=CARTESIAN_POINT('',(-3.86553354078683,1.5,-2.93431915329842));
#7212=CARTESIAN_POINT('',(-3.86553354078683,1.5,-2.93431915329842));
#7213=CARTESIAN_POINT('',(-3.8,1.5,-2.78660652220836));
#7214=CARTESIAN_POINT('Origin',(-4.00076396750867,1.5,-2.78592993499497));
#7215=CARTESIAN_POINT('',(-3.8,1.5,2.78660652220836));
#7216=CARTESIAN_POINT('',(-3.8,1.5,2.78660652220836));
#7217=CARTESIAN_POINT('',(-3.86553354078683,1.5,2.93431915329842));
#7218=CARTESIAN_POINT('Origin',(-4.00076396750867,1.5,2.78592993499498));
#7219=CARTESIAN_POINT('',(-6.64307569724494,1.5,5.44847369147171));
#7220=CARTESIAN_POINT('',(6.64307569724494,1.5,-5.44847369147171));
#7221=CARTESIAN_POINT('',(6.77678109607646,1.5,-5.5));
#7222=CARTESIAN_POINT('Origin',(6.77736879902845,1.5,-5.29923603249133));
#7223=CARTESIAN_POINT('',(8.00076106038165,1.5,-5.5));
#7224=CARTESIAN_POINT('',(8.00076106038165,1.5,-5.5));
#7225=CARTESIAN_POINT('',(8.2,1.5,-5.30076106038165));
#7226=CARTESIAN_POINT('Origin',(7.99923603249133,1.5,-5.29923603249133));
#7227=CARTESIAN_POINT('',(8.2,1.5,5.30076106038165));
#7228=CARTESIAN_POINT('',(8.2,1.5,5.30076106038165));
#7229=CARTESIAN_POINT('',(8.00076106038165,1.5,5.5));
#7230=CARTESIAN_POINT('Origin',(7.99923603249133,1.5,5.29923603249133));
#7231=CARTESIAN_POINT('',(6.77678109607646,1.5,5.5));
#7232=CARTESIAN_POINT('',(6.77678109607646,1.5,5.5));
#7233=CARTESIAN_POINT('',(6.64307569724494,1.5,5.44847369147171));
#7234=CARTESIAN_POINT('Origin',(6.77736879902846,1.5,5.29923603249133));
#7235=CARTESIAN_POINT('',(3.86553354078683,1.5,2.93431915329842));
#7236=CARTESIAN_POINT('',(3.86553354078683,1.5,2.93431915329842));
#7237=CARTESIAN_POINT('',(3.8,1.5,2.78660652220836));
#7238=CARTESIAN_POINT('Origin',(4.00076396750867,1.5,2.78592993499497));
#7239=CARTESIAN_POINT('',(3.8,1.5,-2.78660652220836));
#7240=CARTESIAN_POINT('',(3.8,1.5,-2.78660652220836));
#7241=CARTESIAN_POINT('',(3.86553354078683,1.5,-2.93431915329842));
#7242=CARTESIAN_POINT('Origin',(4.00076396750867,1.5,-2.78592993499498));
#7243=CARTESIAN_POINT('',(6.64307569724494,1.5,-5.44847369147171));
#7244=CARTESIAN_POINT('Origin',(8.5,1.5,-8.5));
#7245=CARTESIAN_POINT('',(10.,0.5,-8.5));
#7246=CARTESIAN_POINT('Origin',(8.5,0.5,-8.5));
#7247=CARTESIAN_POINT('',(10.,1.5,-8.5));
#7248=CARTESIAN_POINT('Origin',(10.,1.5,-10.));
#7249=CARTESIAN_POINT('',(10.,0.5,8.5));
#7250=CARTESIAN_POINT('',(10.,1.5,8.5));
#7251=CARTESIAN_POINT('',(10.,0.5,10.));
#7252=CARTESIAN_POINT('Origin',(-8.5,1.5,8.5));
#7253=CARTESIAN_POINT('',(-10.,0.5,8.5));
#7254=CARTESIAN_POINT('',(-8.5,0.5,10.));
#7255=CARTESIAN_POINT('Origin',(-8.5,0.5,8.5));
#7256=CARTESIAN_POINT('',(-8.5,1.5,10.));
#7257=CARTESIAN_POINT('',(-10.,1.5,8.5));
#7258=CARTESIAN_POINT('Origin',(10.,1.5,10.));
#7259=CARTESIAN_POINT('',(8.5,0.5,10.));
#7260=CARTESIAN_POINT('',(-10.,0.5,10.));
#7261=CARTESIAN_POINT('',(8.5,1.5,10.));
#7262=CARTESIAN_POINT('Origin',(8.5,1.5,8.5));
#7263=CARTESIAN_POINT('Origin',(8.5,0.5,8.5));
#7264=CARTESIAN_POINT('Origin',(-8.,-0.5,-2.));
#7265=CARTESIAN_POINT('',(-7.5,-0.5,-2.));
#7266=CARTESIAN_POINT('',(-8.5,0.5,-2.));
#7267=CARTESIAN_POINT('',(-7.5,-0.5,-2.));
#7268=CARTESIAN_POINT('',(-8.5,-1.5,-2.));
#7269=CARTESIAN_POINT('',(-8.5,-4.16333634234434E-16,-2.));
#7270=CARTESIAN_POINT('',(-8.5,-1.5,-2.));
#7271=CARTESIAN_POINT('Origin',(-7.5,-0.5,0.));
#7272=CARTESIAN_POINT('',(-8.5,-1.5,2.));
#7273=CARTESIAN_POINT('',(-8.5,-1.5,-8.5));
#7274=CARTESIAN_POINT('',(-7.5,-0.5,2.));
#7275=CARTESIAN_POINT('',(-8.5,-1.5,2.));
#7276=CARTESIAN_POINT('',(-7.5,-0.5,0.));
#7277=CARTESIAN_POINT('Origin',(-8.5,0.5,0.));
#7278=CARTESIAN_POINT('',(-8.5,0.5,2.));
#7279=CARTESIAN_POINT('',(-7.5,-0.5,2.));
#7280=CARTESIAN_POINT('',(-8.5,0.5,4.25));
#7281=CARTESIAN_POINT('Origin',(-8.,-0.5,2.));
#7282=CARTESIAN_POINT('',(-8.5,-4.16333634234434E-16,2.));
#7283=CARTESIAN_POINT('Origin',(-8.5,0.5,8.5));
#7284=CARTESIAN_POINT('',(-8.5,0.5,-8.5));
#7285=CARTESIAN_POINT('',(-8.5,0.5,4.25));
#7286=CARTESIAN_POINT('',(-8.5,-1.5,-8.5));
#7287=CARTESIAN_POINT('',(-8.5,0.5,-8.5));
#7288=CARTESIAN_POINT('',(-8.5,-1.5,-8.5));
#7289=CARTESIAN_POINT('Origin',(-8.5,0.5,8.5));
#7290=CARTESIAN_POINT('',(-8.5,-1.5,8.5));
#7291=CARTESIAN_POINT('',(-8.5,-1.5,-8.5));
#7292=CARTESIAN_POINT('',(-8.5,0.5,8.5));
#7293=CARTESIAN_POINT('',(-8.5,0.5,8.5));
#7294=CARTESIAN_POINT('',(-8.5,0.5,4.25));
#7295=CARTESIAN_POINT('Origin',(8.,-0.5,-2.));
#7296=CARTESIAN_POINT('',(7.5,-0.5,-2.));
#7297=CARTESIAN_POINT('',(8.5,0.5,-2.));
#7298=CARTESIAN_POINT('',(7.5,-0.5,-2.));
#7299=CARTESIAN_POINT('',(8.5,-1.5,-2.));
#7300=CARTESIAN_POINT('',(8.5,-1.5,-2.));
#7301=CARTESIAN_POINT('',(8.5,-4.16333634234434E-16,-2.));
#7302=CARTESIAN_POINT('Origin',(7.5,-0.5,0.));
#7303=CARTESIAN_POINT('',(8.5,-1.5,2.));
#7304=CARTESIAN_POINT('',(8.5,-1.5,8.5));
#7305=CARTESIAN_POINT('',(7.5,-0.5,2.));
#7306=CARTESIAN_POINT('',(7.5,-0.5,0.));
#7307=CARTESIAN_POINT('',(8.5,-1.5,2.));
#7308=CARTESIAN_POINT('Origin',(8.5,0.5,0.));
#7309=CARTESIAN_POINT('',(8.5,0.5,2.));
#7310=CARTESIAN_POINT('',(8.5,0.5,-4.25));
#7311=CARTESIAN_POINT('',(7.5,-0.5,2.));
#7312=CARTESIAN_POINT('Origin',(8.,-0.5,2.));
#7313=CARTESIAN_POINT('',(8.5,-4.16333634234434E-16,2.));
#7314=CARTESIAN_POINT('Origin',(8.5,0.5,-8.5));
#7315=CARTESIAN_POINT('',(8.5,-1.5,-8.5));
#7316=CARTESIAN_POINT('',(8.5,-1.5,8.5));
#7317=CARTESIAN_POINT('',(8.5,0.5,-8.5));
#7318=CARTESIAN_POINT('',(8.5,0.5,-8.5));
#7319=CARTESIAN_POINT('',(8.5,0.5,-4.25));
#7320=CARTESIAN_POINT('Origin',(8.5,0.5,-8.5));
#7321=CARTESIAN_POINT('',(8.5,0.5,8.5));
#7322=CARTESIAN_POINT('',(8.5,0.5,-4.25));
#7323=CARTESIAN_POINT('',(8.5,-1.5,8.5));
#7324=CARTESIAN_POINT('',(8.5,0.5,8.5));
#7325=CARTESIAN_POINT('',(8.5,-1.5,8.5));
#7326=CARTESIAN_POINT('Origin',(-1.10350279833103,6.37500019038584,1.72929898943994));
#7327=CARTESIAN_POINT('',(-0.77784137124911,6.5,1.87787518784449));
#7328=CARTESIAN_POINT('',(-1.87787518784449,6.5,0.777841371249112));
#7329=CARTESIAN_POINT('',(-1.01496018399235,6.5,1.64075637510125));
#7330=CARTESIAN_POINT('',(-2.12831151993597,6.25000038077168,0.881575496512373));
#7331=CARTESIAN_POINT('',(-1.87787518784449,6.5,0.777841371249112));
#7332=CARTESIAN_POINT('',(-0.881575496512372,6.25000038077168,2.12831151993597));
#7333=CARTESIAN_POINT('',(-1.19204541266972,6.25000038077168,1.81784160377862));
#7334=CARTESIAN_POINT('',(-0.77784137124911,6.5,1.87787518784449));
#7335=CARTESIAN_POINT('Origin',(-2.00309335389023,6.37500019038584,0.442504730373817));
#7336=CARTESIAN_POINT('',(-1.87787518784449,6.5,-0.777841371249109));
#7337=CARTESIAN_POINT('',(-1.87787518784449,6.5,0.442504730373817));
#7338=CARTESIAN_POINT('',(-2.12831151993597,6.25000038077168,-0.881575496512371));
#7339=CARTESIAN_POINT('',(-1.87787518784449,6.5,-0.777841371249109));
#7340=CARTESIAN_POINT('',(-2.12831151993597,6.25000038077168,0.442504730373817));
#7341=CARTESIAN_POINT('Origin',(-1.72929898943994,6.37500019038584,-1.10350279833103));
#7342=CARTESIAN_POINT('',(-0.777841371249111,6.5,-1.87787518784449));
#7343=CARTESIAN_POINT('',(-1.64075637510125,6.5,-1.01496018399235));
#7344=CARTESIAN_POINT('',(-0.881575496512373,6.25000038077168,-2.12831151993597));
#7345=CARTESIAN_POINT('',(-0.777841371249111,6.5,-1.87787518784449));
#7346=CARTESIAN_POINT('',(-1.81784160377862,6.25000038077168,-1.19204541266972));
#7347=CARTESIAN_POINT('Origin',(-0.442504730373817,6.37500019038584,-2.00309335389023));
#7348=CARTESIAN_POINT('',(0.881575496512371,6.25000038077168,-2.12831151993597));
#7349=CARTESIAN_POINT('',(-0.442504730373818,6.25000038077168,-2.12831151993597));
#7350=CARTESIAN_POINT('',(0.777841371249111,6.5,-1.87787518784449));
#7351=CARTESIAN_POINT('',(-0.442504730373817,6.5,-1.87787518784449));
#7352=CARTESIAN_POINT('',(0.777841371249111,6.5,-1.87787518784449));
#7353=CARTESIAN_POINT('Origin',(1.10350279833103,6.37500019038584,-1.72929898943994));
#7354=CARTESIAN_POINT('',(2.12831151993597,6.25000038077168,-0.881575496512372));
#7355=CARTESIAN_POINT('',(1.19204541266972,6.25000038077168,-1.81784160377862));
#7356=CARTESIAN_POINT('',(1.87787518784449,6.5,-0.777841371249112));
#7357=CARTESIAN_POINT('',(1.01496018399235,6.5,-1.64075637510125));
#7358=CARTESIAN_POINT('',(1.87787518784449,6.5,-0.777841371249112));
#7359=CARTESIAN_POINT('Origin',(2.00309335389023,6.37500019038584,-0.442504730373817));
#7360=CARTESIAN_POINT('',(2.12831151993597,6.25000038077168,0.881575496512372));
#7361=CARTESIAN_POINT('',(2.12831151993597,6.25000038077168,-0.442504730373817));
#7362=CARTESIAN_POINT('',(1.87787518784449,6.5,0.77784137124911));
#7363=CARTESIAN_POINT('',(1.87787518784449,6.5,-0.442504730373817));
#7364=CARTESIAN_POINT('',(1.87787518784449,6.5,0.77784137124911));
#7365=CARTESIAN_POINT('Origin',(1.72929898943994,6.37500019038584,1.10350279833103));
#7366=CARTESIAN_POINT('',(0.881575496512373,6.25000038077168,2.12831151993597));
#7367=CARTESIAN_POINT('',(1.81784160377862,6.25000038077168,1.19204541266972));
#7368=CARTESIAN_POINT('',(0.777841371249111,6.5,1.87787518784449));
#7369=CARTESIAN_POINT('',(1.64075637510125,6.5,1.01496018399235));
#7370=CARTESIAN_POINT('',(0.777841371249111,6.5,1.87787518784449));
#7371=CARTESIAN_POINT('Origin',(0.442504730373817,6.37500019038584,2.00309335389023));
#7372=CARTESIAN_POINT('',(0.442504730373817,6.25000038077168,2.12831151993597));
#7373=CARTESIAN_POINT('',(0.442504730373817,6.5,1.87787518784449));
#7374=CARTESIAN_POINT('Origin',(2.13660184296543,1.5,-0.885009460747633));
#7375=CARTESIAN_POINT('',(2.13660072629171,1.50063980626242,0.885008998206233));
#7376=CARTESIAN_POINT('',(2.13660072629171,1.50063980626242,-0.885008998206234));
#7377=CARTESIAN_POINT('Origin',(2.13660184296543,1.5,0.885009460747632));
#7378=CARTESIAN_POINT('',(0.885008998206234,1.50063980626242,2.13660072629172));
#7379=CARTESIAN_POINT('Origin',(0.885009460747633,1.5,2.13660184296543));
#7380=CARTESIAN_POINT('',(-0.885008998206233,1.50063980626242,2.13660072629172));
#7381=CARTESIAN_POINT('Origin',(-0.885009460747632,1.5,2.13660184296543));
#7382=CARTESIAN_POINT('',(-2.13660072629172,1.50063980626242,0.885008998206234));
#7383=CARTESIAN_POINT('Origin',(6.30808536718838E-18,6.5,-1.04083408558608E-16));
#7384=CARTESIAN_POINT('',(-0.258726655120944,6.5,1.25872665512094));
#7385=CARTESIAN_POINT('',(-0.258726655120944,6.5,0.258726655120944));
#7386=CARTESIAN_POINT('',(-0.258726655120944,6.5,0.625));
#7387=CARTESIAN_POINT('',(-1.25872665512094,6.5,0.258726655120944));
#7388=CARTESIAN_POINT('',(-0.125,6.5,0.258726655120944));
#7389=CARTESIAN_POINT('',(-1.25872665512094,6.5,-0.258726655120944));
#7390=CARTESIAN_POINT('',(-1.25872665512094,6.5,0.125));
#7391=CARTESIAN_POINT('',(-0.258726655120944,6.5,-0.258726655120944));
#7392=CARTESIAN_POINT('',(-0.625,6.5,-0.258726655120944));
#7393=CARTESIAN_POINT('',(-0.258726655120944,6.5,-1.25872665512094));
#7394=CARTESIAN_POINT('',(-0.258726655120944,6.5,-0.125));
#7395=CARTESIAN_POINT('',(0.258726655120944,6.5,-1.25872665512094));
#7396=CARTESIAN_POINT('',(-0.125,6.5,-1.25872665512094));
#7397=CARTESIAN_POINT('',(0.258726655120944,6.5,-0.258726655120944));
#7398=CARTESIAN_POINT('',(0.258726655120944,6.5,-0.625));
#7399=CARTESIAN_POINT('',(1.25872665512094,6.5,-0.258726655120944));
#7400=CARTESIAN_POINT('',(0.125,6.5,-0.258726655120944));
#7401=CARTESIAN_POINT('',(1.25872665512094,6.5,0.258726655120944));
#7402=CARTESIAN_POINT('',(1.25872665512094,6.5,-0.125));
#7403=CARTESIAN_POINT('',(0.258726655120944,6.5,0.258726655120944));
#7404=CARTESIAN_POINT('',(0.625,6.5,0.258726655120944));
#7405=CARTESIAN_POINT('',(0.258726655120944,6.5,1.25872665512094));
#7406=CARTESIAN_POINT('',(0.258726655120944,6.5,0.125));
#7407=CARTESIAN_POINT('',(0.125,6.5,1.25872665512094));
#7408=CARTESIAN_POINT('Origin',(-0.25,1.5,1.25));
#7409=CARTESIAN_POINT('',(-0.25,1.5,1.25));
#7410=CARTESIAN_POINT('',(-0.249999238459544,1.49956366990223,1.24999923845954));
#7411=CARTESIAN_POINT('',(-0.25,1.5,0.25));
#7412=CARTESIAN_POINT('',(-0.25,1.5,0.625));
#7413=CARTESIAN_POINT('',(-0.250001523080913,1.50087266019553,0.250001523080913));
#7414=CARTESIAN_POINT('Origin',(-0.25,1.5,0.25));
#7415=CARTESIAN_POINT('',(-1.25,1.5,0.25));
#7416=CARTESIAN_POINT('',(-0.125,1.5,0.25));
#7417=CARTESIAN_POINT('',(-1.24999847691909,1.49912733980447,0.249998476919087));
#7418=CARTESIAN_POINT('Origin',(-1.25,1.5,0.25));
#7419=CARTESIAN_POINT('',(-1.25,1.5,-0.25));
#7420=CARTESIAN_POINT('',(-1.25,1.5,0.125));
#7421=CARTESIAN_POINT('',(-1.24999923845954,1.49956366990223,-0.249999238459544));
#7422=CARTESIAN_POINT('Origin',(-1.25,1.5,-0.25));
#7423=CARTESIAN_POINT('',(-0.25,1.5,-0.25));
#7424=CARTESIAN_POINT('',(-0.625,1.5,-0.25));
#7425=CARTESIAN_POINT('',(-0.250001523080913,1.50087266019553,-0.250001523080913));
#7426=CARTESIAN_POINT('Origin',(-0.25,1.5,-0.25));
#7427=CARTESIAN_POINT('',(-0.25,1.5,-1.25));
#7428=CARTESIAN_POINT('',(-0.25,1.5,-0.125));
#7429=CARTESIAN_POINT('',(-0.249998476919087,1.49912733980447,-1.24999847691909));
#7430=CARTESIAN_POINT('Origin',(-0.25,1.5,-1.25));
#7431=CARTESIAN_POINT('',(0.25,1.5,-1.25));
#7432=CARTESIAN_POINT('',(-0.125,1.5,-1.25));
#7433=CARTESIAN_POINT('',(0.249999238459544,1.49956366990223,-1.24999923845954));
#7434=CARTESIAN_POINT('Origin',(0.25,1.5,-1.25));
#7435=CARTESIAN_POINT('',(0.25,1.5,-0.25));
#7436=CARTESIAN_POINT('',(0.25,1.5,-0.625));
#7437=CARTESIAN_POINT('',(0.250001523080913,1.50087266019553,-0.250001523080913));
#7438=CARTESIAN_POINT('Origin',(0.25,1.5,-0.25));
#7439=CARTESIAN_POINT('',(1.25,1.5,-0.25));
#7440=CARTESIAN_POINT('',(0.125,1.5,-0.25));
#7441=CARTESIAN_POINT('',(1.24999847691909,1.49912733980447,-0.249998476919087));
#7442=CARTESIAN_POINT('Origin',(1.25,1.5,-0.25));
#7443=CARTESIAN_POINT('',(1.25,1.5,0.25));
#7444=CARTESIAN_POINT('',(1.25,1.5,-0.125));
#7445=CARTESIAN_POINT('',(1.24999923845954,1.49956366990223,0.249999238459544));
#7446=CARTESIAN_POINT('Origin',(1.25,1.5,0.25));
#7447=CARTESIAN_POINT('',(0.25,1.5,0.25));
#7448=CARTESIAN_POINT('',(0.625,1.5,0.25));
#7449=CARTESIAN_POINT('',(0.250001523080913,1.50087266019553,0.250001523080913));
#7450=CARTESIAN_POINT('Origin',(0.25,1.5,0.25));
#7451=CARTESIAN_POINT('',(0.25,1.5,1.25));
#7452=CARTESIAN_POINT('',(0.25,1.5,0.125));
#7453=CARTESIAN_POINT('',(0.249998476919087,1.49912733980447,1.24999847691909));
#7454=CARTESIAN_POINT('Origin',(0.25,1.5,1.25));
#7455=CARTESIAN_POINT('',(0.125,1.5,1.25));
#7456=CARTESIAN_POINT('Origin',(-0.885009460747634,1.5,-2.13660184296543));
#7457=CARTESIAN_POINT('',(0.885008998206233,1.50063980626242,-2.13660072629172));
#7458=CARTESIAN_POINT('',(-0.885008998206235,1.50063980626242,-2.13660072629171));
#7459=CARTESIAN_POINT('Origin',(0.885009460747632,1.5,-2.13660184296544));
#7460=CARTESIAN_POINT('Origin',(-2.13660184296543,1.5,0.885009460747634));
#7461=CARTESIAN_POINT('',(-2.13660072629172,1.50063980626242,-0.885008998206232));
#7462=CARTESIAN_POINT('Origin',(-2.13660184296543,1.5,-0.885009460747631));
#7463=CARTESIAN_POINT('Origin',(-0.25,1.5,-0.25));
#7464=CARTESIAN_POINT('',(-0.25,0.5,-1.25));
#7465=CARTESIAN_POINT('',(-0.25,0.5,-0.25));
#7466=CARTESIAN_POINT('',(-0.25,0.5,-0.125));
#7467=CARTESIAN_POINT('',(-0.25,1.5,-1.25));
#7468=CARTESIAN_POINT('',(-0.25,1.5,-0.25));
#7469=CARTESIAN_POINT('Origin',(-1.25,1.5,-0.25));
#7470=CARTESIAN_POINT('',(-1.25,0.5,-0.25));
#7471=CARTESIAN_POINT('',(-0.625,0.5,-0.25));
#7472=CARTESIAN_POINT('',(-1.25,1.5,-0.25));
#7473=CARTESIAN_POINT('Origin',(-1.25,1.5,0.25));
#7474=CARTESIAN_POINT('',(-1.25,0.5,0.25));
#7475=CARTESIAN_POINT('',(-1.25,0.5,0.125));
#7476=CARTESIAN_POINT('',(-1.25,1.5,0.25));
#7477=CARTESIAN_POINT('Origin',(-0.25,1.5,0.25));
#7478=CARTESIAN_POINT('',(-0.25,0.5,0.25));
#7479=CARTESIAN_POINT('',(-0.125,0.5,0.25));
#7480=CARTESIAN_POINT('',(-0.25,1.5,0.25));
#7481=CARTESIAN_POINT('Origin',(-0.25,1.5,1.25));
#7482=CARTESIAN_POINT('',(-0.25,0.5,1.25));
#7483=CARTESIAN_POINT('',(-0.25,0.5,0.625));
#7484=CARTESIAN_POINT('',(-0.25,1.5,1.25));
#7485=CARTESIAN_POINT('Origin',(0.25,1.5,1.25));
#7486=CARTESIAN_POINT('',(0.25,0.5,1.25));
#7487=CARTESIAN_POINT('',(0.125,0.5,1.25));
#7488=CARTESIAN_POINT('',(0.25,1.5,1.25));
#7489=CARTESIAN_POINT('Origin',(0.25,1.5,0.25));
#7490=CARTESIAN_POINT('',(0.25,0.5,0.25));
#7491=CARTESIAN_POINT('',(0.25,0.5,0.125));
#7492=CARTESIAN_POINT('',(0.25,1.5,0.25));
#7493=CARTESIAN_POINT('Origin',(1.25,1.5,0.25));
#7494=CARTESIAN_POINT('',(1.25,0.5,0.25));
#7495=CARTESIAN_POINT('',(0.625,0.5,0.25));
#7496=CARTESIAN_POINT('',(1.25,1.5,0.25));
#7497=CARTESIAN_POINT('Origin',(1.25,1.5,-0.25));
#7498=CARTESIAN_POINT('',(1.25,0.5,-0.25));
#7499=CARTESIAN_POINT('',(1.25,0.5,-0.125));
#7500=CARTESIAN_POINT('',(1.25,1.5,-0.25));
#7501=CARTESIAN_POINT('Origin',(0.25,1.5,-0.25));
#7502=CARTESIAN_POINT('',(0.25,0.5,-0.25));
#7503=CARTESIAN_POINT('',(0.125,0.5,-0.25));
#7504=CARTESIAN_POINT('',(0.25,1.5,-0.25));
#7505=CARTESIAN_POINT('Origin',(0.25,1.5,-1.25));
#7506=CARTESIAN_POINT('',(0.25,0.5,-1.25));
#7507=CARTESIAN_POINT('',(0.25,0.5,-0.625));
#7508=CARTESIAN_POINT('',(0.25,1.5,-1.25));
#7509=CARTESIAN_POINT('Origin',(-0.25,1.5,-1.25));
#7510=CARTESIAN_POINT('',(-0.125,0.5,-1.25));
#7511=CARTESIAN_POINT('Origin',(4.58618405347333,0.5,7.01980515889969));
#7512=CARTESIAN_POINT('',(4.58618405347333,0.5,-7.01980515889945));
#7513=CARTESIAN_POINT('',(4.58618405347333,0.5,7.01980515889969));
#7514=CARTESIAN_POINT('',(4.58618405347333,0.5,3.50990257944984));
#7515=CARTESIAN_POINT('',(4.58618405347333,-1.5,-7.01980515889945));
#7516=CARTESIAN_POINT('',(4.58618405347333,0.5,-7.01980515889945));
#7517=CARTESIAN_POINT('',(4.58618405347333,-1.5,7.01980515889969));
#7518=CARTESIAN_POINT('',(4.58618405347333,-1.5,7.31255668237031));
#7519=CARTESIAN_POINT('',(4.58618405347333,0.5,7.01980515889969));
#7520=CARTESIAN_POINT('Origin',(4.58618405347333,0.5,7.31255668237031));
#7521=CARTESIAN_POINT('',(4.58618405347333,0.5,7.21182166110837));
#7522=CARTESIAN_POINT('',(4.58618405347333,0.5,7.31255668237031));
#7523=CARTESIAN_POINT('',(4.58618405347333,0.5,3.65627834118516));
#7524=CARTESIAN_POINT('',(4.58618405347333,-1.5,7.21182166110837));
#7525=CARTESIAN_POINT('',(4.58618405347333,0.5,7.21182166110837));
#7526=CARTESIAN_POINT('',(4.58618405347333,-1.5,7.31255668237031));
#7527=CARTESIAN_POINT('',(4.58618405347333,-1.5,7.31255668237031));
#7528=CARTESIAN_POINT('',(4.58618405347333,0.5,7.31255668237031));
#7529=CARTESIAN_POINT('Origin',(-4.58618405347333,0.5,7.2118216611086));
#7530=CARTESIAN_POINT('',(-4.58618405347333,0.5,7.31255668237031));
#7531=CARTESIAN_POINT('',(-4.58618405347333,0.5,7.2118216611086));
#7532=CARTESIAN_POINT('',(-4.58618405347333,0.5,3.6059108305543));
#7533=CARTESIAN_POINT('',(-4.58618405347333,-1.5,7.31255668237031));
#7534=CARTESIAN_POINT('',(-4.58618405347333,0.5,7.31255668237031));
#7535=CARTESIAN_POINT('',(-4.58618405347333,-1.5,7.2118216611086));
#7536=CARTESIAN_POINT('',(-4.58618405347333,-1.5,-7.31255668237031));
#7537=CARTESIAN_POINT('',(-4.58618405347333,0.5,7.2118216611086));
#7538=CARTESIAN_POINT('Origin',(-4.58618405347333,0.5,-7.01980515889945));
#7539=CARTESIAN_POINT('',(-4.58618405347333,0.5,7.01980515889921));
#7540=CARTESIAN_POINT('',(-4.58618405347333,0.5,-7.01980515889945));
#7541=CARTESIAN_POINT('',(-4.58618405347333,0.5,-3.50990257944972));
#7542=CARTESIAN_POINT('',(-4.58618405347333,-1.5,7.01980515889921));
#7543=CARTESIAN_POINT('',(-4.58618405347333,0.5,7.01980515889921));
#7544=CARTESIAN_POINT('',(-4.58618405347333,-1.5,-7.01980515889945));
#7545=CARTESIAN_POINT('',(-4.58618405347333,-1.5,-7.31255668237031));
#7546=CARTESIAN_POINT('',(-4.58618405347333,0.5,-7.01980515889945));
#7547=CARTESIAN_POINT('Origin',(-4.58618405347333,0.5,-7.31255668237031));
#7548=CARTESIAN_POINT('',(-4.58618405347333,0.5,-7.21182166110848));
#7549=CARTESIAN_POINT('',(-4.58618405347333,0.5,-7.31255668237031));
#7550=CARTESIAN_POINT('',(-4.58618405347333,0.5,-3.65627834118516));
#7551=CARTESIAN_POINT('',(-4.58618405347333,-1.5,-7.21182166110848));
#7552=CARTESIAN_POINT('',(-4.58618405347333,0.5,-7.21182166110848));
#7553=CARTESIAN_POINT('',(-4.58618405347333,-1.5,-7.31255668237031));
#7554=CARTESIAN_POINT('',(-4.58618405347333,-1.5,-7.31255668237031));
#7555=CARTESIAN_POINT('',(-4.58618405347333,0.5,-7.31255668237031));
#7556=CARTESIAN_POINT('Origin',(4.58618405347333,0.5,-7.21182166110848));
#7557=CARTESIAN_POINT('',(4.58618405347333,0.5,-7.31255668237031));
#7558=CARTESIAN_POINT('',(4.58618405347333,0.5,-7.21182166110848));
#7559=CARTESIAN_POINT('',(4.58618405347333,0.5,-3.60591083055424));
#7560=CARTESIAN_POINT('',(4.58618405347333,-1.5,-7.31255668237031));
#7561=CARTESIAN_POINT('',(4.58618405347333,0.5,-7.31255668237031));
#7562=CARTESIAN_POINT('',(4.58618405347333,-1.5,-7.21182166110848));
#7563=CARTESIAN_POINT('',(4.58618405347333,-1.5,7.31255668237031));
#7564=CARTESIAN_POINT('',(4.58618405347333,0.5,-7.21182166110848));
#7565=CARTESIAN_POINT('Origin',(8.5,0.5,8.5));
#7566=CARTESIAN_POINT('',(4.25,0.5,8.5));
#7567=CARTESIAN_POINT('',(-8.5,-1.5,8.5));
#7568=CARTESIAN_POINT('Origin',(-8.5,0.5,-8.5));
#7569=CARTESIAN_POINT('',(-4.25,0.5,-8.5));
#7570=CARTESIAN_POINT('',(8.5,-1.5,-8.5));
#7571=CARTESIAN_POINT('Origin',(0.,-1.5,0.));
#7572=CARTESIAN_POINT('',(4.61253016492524,-1.5,-7.11581341000397));
#7573=CARTESIAN_POINT('Origin',(4.41255668237038,-1.5,-7.11255668237038));
#7574=CARTESIAN_POINT('',(4.58618405347333,-1.5,-7.31255668237031));
#7575=CARTESIAN_POINT('',(-4.61253016492524,-1.5,-7.11581341000397));
#7576=CARTESIAN_POINT('Origin',(-4.41255668237038,-1.5,-7.11255668237038));
#7577=CARTESIAN_POINT('Origin',(-4.41255668237038,-1.5,-7.11907013763756));
#7578=CARTESIAN_POINT('',(-4.61253016492534,-1.5,7.11581341000391));
#7579=CARTESIAN_POINT('Origin',(-4.41255668237048,-1.5,7.11907013763749));
#7580=CARTESIAN_POINT('Origin',(-4.41255668237048,-1.5,7.11255668237032));
#7581=CARTESIAN_POINT('',(-4.58618405347333,-1.5,7.31255668237031));
#7582=CARTESIAN_POINT('',(4.61253016492514,-1.5,7.11581341000403));
#7583=CARTESIAN_POINT('Origin',(4.41255668237028,-1.5,7.11255668237044));
#7584=CARTESIAN_POINT('Origin',(4.41255668237028,-1.5,7.11907013763762));
#7585=CARTESIAN_POINT('Origin',(4.41255668237038,-1.5,-7.11907013763755));
#7586=CARTESIAN_POINT('Origin',(0.,0.5,0.));
#7587=CARTESIAN_POINT('',(-4.41255668237038,0.5,-7.31255668237038));
#7588=CARTESIAN_POINT('',(2.29309202673667,0.5,-7.31255668237031));
#7589=CARTESIAN_POINT('Origin',(-4.41255668237038,0.5,-7.11255668237038));
#7590=CARTESIAN_POINT('Origin',(0.,0.5,0.));
#7591=CARTESIAN_POINT('',(4.41255668237038,0.5,-7.31255668237038));
#7592=CARTESIAN_POINT('',(2.29309202673667,0.5,-7.31255668237031));
#7593=CARTESIAN_POINT('Origin',(4.41255668237038,0.5,-7.11255668237038));
#7594=CARTESIAN_POINT('Origin',(0.,0.5,0.));
#7595=CARTESIAN_POINT('',(4.41255668237028,0.5,7.31255668237044));
#7596=CARTESIAN_POINT('',(-2.29309202673667,0.5,7.31255668237031));
#7597=CARTESIAN_POINT('Origin',(4.41255668237028,0.5,7.11255668237044));
#7598=CARTESIAN_POINT('Origin',(0.,0.5,0.));
#7599=CARTESIAN_POINT('',(-4.41255668237048,0.5,7.31255668237031));
#7600=CARTESIAN_POINT('Origin',(-4.41255668237048,0.5,7.11255668237032));
#7601=CARTESIAN_POINT('',(-2.29309202673667,0.5,7.31255668237031));
#7602=CARTESIAN_POINT('Origin',(0.,0.5,0.));
#7603=CARTESIAN_POINT('',(-4.5608335517143,0.5,-6.98485400590383));
#7604=CARTESIAN_POINT('Origin',(-4.41255668237038,0.5,-7.11907013763756));
#7605=CARTESIAN_POINT('',(-2.54082651636229,0.5,-4.75322718589589));
#7606=CARTESIAN_POINT('',(-0.786263396655043,0.5,-2.81485269174313));
#7607=CARTESIAN_POINT('',(-2.39254964701837,0.5,-4.68744331762962));
#7608=CARTESIAN_POINT('Origin',(-2.39254964701837,0.5,-4.88744331762962));
#7609=CARTESIAN_POINT('',(2.39254964701837,0.5,-4.68744331762962));
#7610=CARTESIAN_POINT('',(1.19627482350918,0.5,-4.68744331762962));
#7611=CARTESIAN_POINT('',(2.54082651636229,0.5,-4.7532271858959));
#7612=CARTESIAN_POINT('Origin',(2.39254964701837,0.5,-4.88744331762962));
#7613=CARTESIAN_POINT('',(4.5608335517143,0.5,-6.98485400590383));
#7614=CARTESIAN_POINT('',(1.79626691433105,0.5,-3.9306661017471));
#7615=CARTESIAN_POINT('Origin',(4.41255668237038,0.5,-7.11907013763756));
#7616=CARTESIAN_POINT('',(4.56083355171421,0.5,6.9848540059039));
#7617=CARTESIAN_POINT('Origin',(4.41255668237028,0.5,7.11907013763762));
#7618=CARTESIAN_POINT('',(2.54082651636222,0.5,4.75322718589593));
#7619=CARTESIAN_POINT('',(0.786263396655004,0.5,2.81485269174314));
#7620=CARTESIAN_POINT('',(2.3925496470183,0.5,4.68744331762966));
#7621=CARTESIAN_POINT('Origin',(2.3925496470183,0.5,4.88744331762965));
#7622=CARTESIAN_POINT('',(-2.39254964701843,0.5,4.68744331762959));
#7623=CARTESIAN_POINT('',(-1.19627482350925,0.5,4.6874433176296));
#7624=CARTESIAN_POINT('',(-2.54082651636236,0.5,4.75322718589586));
#7625=CARTESIAN_POINT('Origin',(-2.39254964701844,0.5,4.88744331762959));
#7626=CARTESIAN_POINT('',(-4.5608335517144,0.5,6.98485400590377));
#7627=CARTESIAN_POINT('',(-1.7962669143311,0.5,3.93066610174707));
#7628=CARTESIAN_POINT('Origin',(-4.41255668237048,0.5,7.11907013763749));
#7629=CARTESIAN_POINT('Origin',(-10.,1.5,10.));
#7630=CARTESIAN_POINT('',(-10.,0.5,-10.));
#7631=CARTESIAN_POINT('Origin',(0.,0.5,0.));
#7632=CARTESIAN_POINT('Ctrl Pts',(6.64307569724494,3.,-5.44847369147171));
#7633=CARTESIAN_POINT('Ctrl Pts',(6.7,3.,-5.5));
#7634=CARTESIAN_POINT('Ctrl Pts',(6.77678109607646,3.,-5.5));
#7635=CARTESIAN_POINT('Ctrl Pts',(6.64307569724494,1.5,-5.44847369147171));
#7636=CARTESIAN_POINT('Ctrl Pts',(6.7,1.5,-5.5));
#7637=CARTESIAN_POINT('Ctrl Pts',(6.77678109607646,1.5,-5.5));
#7638=CARTESIAN_POINT('',(6.64307569724494,3.,-5.44847369147171));
#7639=CARTESIAN_POINT('',(6.77678109607646,3.,-5.5));
#7640=CARTESIAN_POINT('Origin',(6.77736879902845,3.,-5.29923603249133));
#7641=CARTESIAN_POINT('',(6.77678109607646,3.,-5.5));
#7642=CARTESIAN_POINT('',(6.64307569724494,3.,-5.44847369147171));
#7643=CARTESIAN_POINT('Origin',(3.86553354078683,3.,-2.93431915329842));
#7644=CARTESIAN_POINT('',(3.86553354078683,3.,-2.93431915329842));
#7645=CARTESIAN_POINT('',(6.64307569724494,3.,-5.44847369147171));
#7646=CARTESIAN_POINT('',(3.86553354078683,3.,-2.93431915329842));
#7647=CARTESIAN_POINT('Ctrl Pts',(3.8,3.,-2.78660652220836));
#7648=CARTESIAN_POINT('Ctrl Pts',(3.8,3.,-2.875));
#7649=CARTESIAN_POINT('Ctrl Pts',(3.86553354078683,3.,-2.93431915329842));
#7650=CARTESIAN_POINT('Ctrl Pts',(3.8,1.5,-2.78660652220836));
#7651=CARTESIAN_POINT('Ctrl Pts',(3.8,1.5,-2.875));
#7652=CARTESIAN_POINT('Ctrl Pts',(3.86553354078683,1.5,-2.93431915329842));
#7653=CARTESIAN_POINT('',(3.8,3.,-2.78660652220836));
#7654=CARTESIAN_POINT('Origin',(4.00076396750867,3.,-2.78592993499498));
#7655=CARTESIAN_POINT('',(3.8,3.,-2.78660652220836));
#7656=CARTESIAN_POINT('Origin',(3.8,3.,2.78660652220836));
#7657=CARTESIAN_POINT('',(3.8,3.,2.78660652220836));
#7658=CARTESIAN_POINT('',(3.8,3.,-2.78660652220836));
#7659=CARTESIAN_POINT('',(3.8,3.,2.78660652220836));
#7660=CARTESIAN_POINT('Ctrl Pts',(3.86553354078683,3.,2.93431915329842));
#7661=CARTESIAN_POINT('Ctrl Pts',(3.8,3.,2.875));
#7662=CARTESIAN_POINT('Ctrl Pts',(3.8,3.,2.78660652220836));
#7663=CARTESIAN_POINT('Ctrl Pts',(3.86553354078683,1.5,2.93431915329842));
#7664=CARTESIAN_POINT('Ctrl Pts',(3.8,1.5,2.875));
#7665=CARTESIAN_POINT('Ctrl Pts',(3.8,1.5,2.78660652220836));
#7666=CARTESIAN_POINT('',(3.86553354078683,3.,2.93431915329842));
#7667=CARTESIAN_POINT('Origin',(4.00076396750867,3.,2.78592993499497));
#7668=CARTESIAN_POINT('',(3.86553354078683,3.,2.93431915329842));
#7669=CARTESIAN_POINT('Origin',(6.64307569724494,3.,5.44847369147171));
#7670=CARTESIAN_POINT('',(6.64307569724494,3.,5.44847369147171));
#7671=CARTESIAN_POINT('',(3.86553354078683,3.,2.93431915329842));
#7672=CARTESIAN_POINT('',(6.64307569724494,3.,5.44847369147171));
#7673=CARTESIAN_POINT('Ctrl Pts',(6.77678109607646,3.,5.5));
#7674=CARTESIAN_POINT('Ctrl Pts',(6.7,3.,5.5));
#7675=CARTESIAN_POINT('Ctrl Pts',(6.64307569724494,3.,5.44847369147171));
#7676=CARTESIAN_POINT('Ctrl Pts',(6.77678109607646,1.5,5.5));
#7677=CARTESIAN_POINT('Ctrl Pts',(6.7,1.5,5.5));
#7678=CARTESIAN_POINT('Ctrl Pts',(6.64307569724494,1.5,5.44847369147171));
#7679=CARTESIAN_POINT('',(6.77678109607646,3.,5.5));
#7680=CARTESIAN_POINT('Origin',(6.77736879902846,3.,5.29923603249133));
#7681=CARTESIAN_POINT('',(6.77678109607646,3.,5.5));
#7682=CARTESIAN_POINT('Origin',(8.00076106038165,3.,5.5));
#7683=CARTESIAN_POINT('',(8.00076106038165,3.,5.5));
#7684=CARTESIAN_POINT('',(6.77678109607646,3.,5.5));
#7685=CARTESIAN_POINT('',(8.00076106038165,3.,5.5));
#7686=CARTESIAN_POINT('Ctrl Pts',(8.2,3.,5.30076106038165));
#7687=CARTESIAN_POINT('Ctrl Pts',(8.2,3.,5.5));
#7688=CARTESIAN_POINT('Ctrl Pts',(8.00076106038165,3.,5.5));
#7689=CARTESIAN_POINT('Ctrl Pts',(8.2,1.5,5.30076106038165));
#7690=CARTESIAN_POINT('Ctrl Pts',(8.2,1.5,5.5));
#7691=CARTESIAN_POINT('Ctrl Pts',(8.00076106038165,1.5,5.5));
#7692=CARTESIAN_POINT('',(8.2,3.,5.30076106038165));
#7693=CARTESIAN_POINT('Origin',(7.99923603249133,3.,5.29923603249133));
#7694=CARTESIAN_POINT('',(8.2,3.,5.30076106038165));
#7695=CARTESIAN_POINT('Origin',(8.2,3.,-5.30076106038165));
#7696=CARTESIAN_POINT('',(8.2,3.,-5.30076106038165));
#7697=CARTESIAN_POINT('',(8.2,3.,5.30076106038165));
#7698=CARTESIAN_POINT('',(8.2,3.,-5.30076106038165));
#7699=CARTESIAN_POINT('Ctrl Pts',(8.00076106038165,3.,-5.5));
#7700=CARTESIAN_POINT('Ctrl Pts',(8.2,3.,-5.5));
#7701=CARTESIAN_POINT('Ctrl Pts',(8.2,3.,-5.30076106038165));
#7702=CARTESIAN_POINT('Ctrl Pts',(8.00076106038165,1.5,-5.5));
#7703=CARTESIAN_POINT('Ctrl Pts',(8.2,1.5,-5.5));
#7704=CARTESIAN_POINT('Ctrl Pts',(8.2,1.5,-5.30076106038165));
#7705=CARTESIAN_POINT('',(8.00076106038165,3.,-5.5));
#7706=CARTESIAN_POINT('Origin',(7.99923603249133,3.,-5.29923603249133));
#7707=CARTESIAN_POINT('',(8.00076106038165,3.,-5.5));
#7708=CARTESIAN_POINT('Origin',(6.77678109607646,3.,-5.5));
#7709=CARTESIAN_POINT('',(8.00076106038165,3.,-5.5));
#7710=CARTESIAN_POINT('Origin',(8.00226309433637,2.96540052478747,-5.30226309433637));
#7711=CARTESIAN_POINT('',(7.76255668237038,8.,-4.86331774275203));
#7712=CARTESIAN_POINT('',(7.56331774275203,8.,-5.06255668237038));
#7713=CARTESIAN_POINT('Origin',(7.56179271486171,8.,-4.86179271486171));
#7714=CARTESIAN_POINT('',(8.2,3.,-5.30076106038165));
#7715=CARTESIAN_POINT('',(8.00076106038165,3.,-5.5));
#7716=CARTESIAN_POINT('Origin',(6.78110232766766,3.11073569071445,-5.2895479149061));
#7717=CARTESIAN_POINT('',(6.94535947469693,8.,-5.06255668237038));
#7718=CARTESIAN_POINT('',(6.81165407586541,8.,-5.01103037384209));
#7719=CARTESIAN_POINT('Origin',(6.94594717764893,8.,-4.86179271486171));
#7720=CARTESIAN_POINT('',(6.77678109607646,3.,-5.5));
#7721=CARTESIAN_POINT('',(6.64307569724494,3.,-5.44847369147171));
#7722=CARTESIAN_POINT('Origin',(4.01829042535169,3.20032832982791,-2.77815422325368));
#7723=CARTESIAN_POINT('',(4.30297685841645,8.,-2.74024496149604));
#7724=CARTESIAN_POINT('',(4.23744331762962,8.,-2.59253233040598));
#7725=CARTESIAN_POINT('Origin',(4.43820728513829,8.,-2.5918557431926));
#7726=CARTESIAN_POINT('',(3.86553354078683,3.,-2.93431915329842));
#7727=CARTESIAN_POINT('',(3.8,3.,-2.78660652220836));
#7728=CARTESIAN_POINT('Origin',(8.00226309433637,2.96540052478748,5.30226309433637));
#7729=CARTESIAN_POINT('',(7.56331774275203,8.,5.06255668237038));
#7730=CARTESIAN_POINT('',(7.76255668237038,8.,4.86331774275203));
#7731=CARTESIAN_POINT('Origin',(7.56179271486171,8.,4.86179271486171));
#7732=CARTESIAN_POINT('',(8.00076106038165,3.,5.5));
#7733=CARTESIAN_POINT('',(8.2,3.,5.30076106038165));
#7734=CARTESIAN_POINT('Origin',(6.77838483708816,3.03013547965101,5.29659951965195));
#7735=CARTESIAN_POINT('',(6.81165407586542,8.,5.01103037384209));
#7736=CARTESIAN_POINT('',(6.94535947469694,8.,5.06255668237038));
#7737=CARTESIAN_POINT('Origin',(6.94594717764893,8.,4.86179271486171));
#7738=CARTESIAN_POINT('',(6.64307569724494,3.,5.44847369147171));
#7739=CARTESIAN_POINT('',(6.77678109607646,3.,5.5));
#7740=CARTESIAN_POINT('Origin',(4.01210415546333,3.12961894144487,2.78089879673434));
#7741=CARTESIAN_POINT('',(4.23744331762962,8.,2.59253233040598));
#7742=CARTESIAN_POINT('',(4.30297685841645,8.,2.74024496149604));
#7743=CARTESIAN_POINT('Origin',(4.43820728513829,8.,2.59185574319259));
#7744=CARTESIAN_POINT('',(3.8,3.,2.78660652220836));
#7745=CARTESIAN_POINT('',(3.86553354078683,3.,2.93431915329842));
#7746=CARTESIAN_POINT('Origin',(0.,8.,0.));
#7747=CARTESIAN_POINT('',(4.23744331762962,8.,2.59253233040598));
#7748=CARTESIAN_POINT('',(6.81165407586542,8.,5.01103037384209));
#7749=CARTESIAN_POINT('',(7.56331774275203,8.,5.06255668237038));
#7750=CARTESIAN_POINT('',(7.76255668237038,8.,-4.86331774275203));
#7751=CARTESIAN_POINT('',(6.94535947469693,8.,-5.06255668237038));
#7752=CARTESIAN_POINT('',(4.30297685841645,8.,-2.74024496149604));
#7753=CARTESIAN_POINT('Origin',(8.2,3.,-5.5));
#7754=CARTESIAN_POINT('Origin',(8.2,3.,5.5));
#7755=CARTESIAN_POINT('Origin',(8.2,3.,5.5));
#7756=CARTESIAN_POINT('Origin',(6.7,3.,5.5));
#7757=CARTESIAN_POINT('Origin',(3.8,3.,2.875));
#7758=CARTESIAN_POINT('Origin',(3.8,3.,-2.875));
#7759=CARTESIAN_POINT('Ctrl Pts',(-6.64307569724494,3.,5.44847369147171));
#7760=CARTESIAN_POINT('Ctrl Pts',(-6.7,3.,5.5));
#7761=CARTESIAN_POINT('Ctrl Pts',(-6.77678109607646,3.,5.5));
#7762=CARTESIAN_POINT('Ctrl Pts',(-6.64307569724494,1.5,5.44847369147171));
#7763=CARTESIAN_POINT('Ctrl Pts',(-6.7,1.5,5.5));
#7764=CARTESIAN_POINT('Ctrl Pts',(-6.77678109607646,1.5,5.5));
#7765=CARTESIAN_POINT('',(-6.64307569724494,3.,5.44847369147171));
#7766=CARTESIAN_POINT('',(-6.77678109607646,3.,5.5));
#7767=CARTESIAN_POINT('Origin',(-6.77736879902845,3.,5.29923603249133));
#7768=CARTESIAN_POINT('',(-6.77678109607646,3.,5.5));
#7769=CARTESIAN_POINT('',(-6.64307569724494,3.,5.44847369147171));
#7770=CARTESIAN_POINT('Origin',(-3.86553354078683,3.,2.93431915329842));
#7771=CARTESIAN_POINT('',(-3.86553354078683,3.,2.93431915329842));
#7772=CARTESIAN_POINT('',(-6.64307569724494,3.,5.44847369147171));
#7773=CARTESIAN_POINT('',(-3.86553354078683,3.,2.93431915329842));
#7774=CARTESIAN_POINT('Ctrl Pts',(-3.8,3.,2.78660652220836));
#7775=CARTESIAN_POINT('Ctrl Pts',(-3.8,3.,2.875));
#7776=CARTESIAN_POINT('Ctrl Pts',(-3.86553354078683,3.,2.93431915329842));
#7777=CARTESIAN_POINT('Ctrl Pts',(-3.8,1.5,2.78660652220836));
#7778=CARTESIAN_POINT('Ctrl Pts',(-3.8,1.5,2.875));
#7779=CARTESIAN_POINT('Ctrl Pts',(-3.86553354078683,1.5,2.93431915329842));
#7780=CARTESIAN_POINT('',(-3.8,3.,2.78660652220836));
#7781=CARTESIAN_POINT('Origin',(-4.00076396750867,3.,2.78592993499498));
#7782=CARTESIAN_POINT('',(-3.8,3.,2.78660652220836));
#7783=CARTESIAN_POINT('Origin',(-3.8,3.,-2.78660652220836));
#7784=CARTESIAN_POINT('',(-3.8,3.,-2.78660652220836));
#7785=CARTESIAN_POINT('',(-3.8,3.,2.78660652220836));
#7786=CARTESIAN_POINT('',(-3.8,3.,-2.78660652220836));
#7787=CARTESIAN_POINT('Ctrl Pts',(-3.86553354078683,3.,-2.93431915329842));
#7788=CARTESIAN_POINT('Ctrl Pts',(-3.8,3.,-2.875));
#7789=CARTESIAN_POINT('Ctrl Pts',(-3.8,3.,-2.78660652220836));
#7790=CARTESIAN_POINT('Ctrl Pts',(-3.86553354078683,1.5,-2.93431915329842));
#7791=CARTESIAN_POINT('Ctrl Pts',(-3.8,1.5,-2.875));
#7792=CARTESIAN_POINT('Ctrl Pts',(-3.8,1.5,-2.78660652220836));
#7793=CARTESIAN_POINT('',(-3.86553354078683,3.,-2.93431915329842));
#7794=CARTESIAN_POINT('Origin',(-4.00076396750867,3.,-2.78592993499497));
#7795=CARTESIAN_POINT('',(-3.86553354078683,3.,-2.93431915329842));
#7796=CARTESIAN_POINT('Origin',(-6.64307569724494,3.,-5.44847369147171));
#7797=CARTESIAN_POINT('',(-6.64307569724494,3.,-5.44847369147171));
#7798=CARTESIAN_POINT('',(-3.86553354078683,3.,-2.93431915329842));
#7799=CARTESIAN_POINT('',(-6.64307569724494,3.,-5.44847369147171));
#7800=CARTESIAN_POINT('Ctrl Pts',(-6.77678109607646,3.,-5.5));
#7801=CARTESIAN_POINT('Ctrl Pts',(-6.7,3.,-5.5));
#7802=CARTESIAN_POINT('Ctrl Pts',(-6.64307569724494,3.,-5.44847369147171));
#7803=CARTESIAN_POINT('Ctrl Pts',(-6.77678109607646,1.5,-5.5));
#7804=CARTESIAN_POINT('Ctrl Pts',(-6.7,1.5,-5.5));
#7805=CARTESIAN_POINT('Ctrl Pts',(-6.64307569724494,1.5,-5.44847369147171));
#7806=CARTESIAN_POINT('',(-6.77678109607646,3.,-5.5));
#7807=CARTESIAN_POINT('Origin',(-6.77736879902845,3.,-5.29923603249133));
#7808=CARTESIAN_POINT('',(-6.77678109607646,3.,-5.5));
#7809=CARTESIAN_POINT('Origin',(-8.00076106038165,3.,-5.5));
#7810=CARTESIAN_POINT('',(-8.00076106038165,3.,-5.5));
#7811=CARTESIAN_POINT('',(-6.77678109607646,3.,-5.5));
#7812=CARTESIAN_POINT('',(-8.00076106038165,3.,-5.5));
#7813=CARTESIAN_POINT('Ctrl Pts',(-8.2,3.,-5.30076106038165));
#7814=CARTESIAN_POINT('Ctrl Pts',(-8.2,3.,-5.5));
#7815=CARTESIAN_POINT('Ctrl Pts',(-8.00076106038165,3.,-5.5));
#7816=CARTESIAN_POINT('Ctrl Pts',(-8.2,1.5,-5.30076106038165));
#7817=CARTESIAN_POINT('Ctrl Pts',(-8.2,1.5,-5.5));
#7818=CARTESIAN_POINT('Ctrl Pts',(-8.00076106038165,1.5,-5.5));
#7819=CARTESIAN_POINT('',(-8.2,3.,-5.30076106038165));
#7820=CARTESIAN_POINT('Origin',(-7.99923603249133,3.,-5.29923603249133));
#7821=CARTESIAN_POINT('',(-8.2,3.,-5.30076106038165));
#7822=CARTESIAN_POINT('Origin',(-8.2,3.,5.30076106038165));
#7823=CARTESIAN_POINT('',(-8.2,3.,5.30076106038165));
#7824=CARTESIAN_POINT('',(-8.2,3.,-5.30076106038165));
#7825=CARTESIAN_POINT('',(-8.2,3.,5.30076106038165));
#7826=CARTESIAN_POINT('Ctrl Pts',(-8.00076106038165,3.,5.5));
#7827=CARTESIAN_POINT('Ctrl Pts',(-8.2,3.,5.5));
#7828=CARTESIAN_POINT('Ctrl Pts',(-8.2,3.,5.30076106038165));
#7829=CARTESIAN_POINT('Ctrl Pts',(-8.00076106038165,1.5,5.5));
#7830=CARTESIAN_POINT('Ctrl Pts',(-8.2,1.5,5.5));
#7831=CARTESIAN_POINT('Ctrl Pts',(-8.2,1.5,5.30076106038165));
#7832=CARTESIAN_POINT('',(-8.00076106038165,3.,5.5));
#7833=CARTESIAN_POINT('Origin',(-7.99923603249133,3.,5.29923603249133));
#7834=CARTESIAN_POINT('',(-8.00076106038165,3.,5.5));
#7835=CARTESIAN_POINT('Origin',(-6.77678109607646,3.,5.5));
#7836=CARTESIAN_POINT('',(-8.00076106038165,3.,5.5));
#7837=CARTESIAN_POINT('Origin',(-8.00226309433637,2.96540052478748,5.30226309433637));
#7838=CARTESIAN_POINT('',(-7.76255668237038,8.,4.86331774275203));
#7839=CARTESIAN_POINT('',(-7.56331774275203,8.,5.06255668237038));
#7840=CARTESIAN_POINT('Origin',(-7.56179271486171,8.,4.86179271486171));
#7841=CARTESIAN_POINT('',(-8.2,3.,5.30076106038165));
#7842=CARTESIAN_POINT('',(-8.00076106038165,3.,5.5));
#7843=CARTESIAN_POINT('Origin',(-6.78110232766766,3.11073569071445,5.2895479149061));
#7844=CARTESIAN_POINT('',(-6.94535947469693,8.,5.06255668237038));
#7845=CARTESIAN_POINT('',(-6.81165407586542,8.,5.01103037384209));
#7846=CARTESIAN_POINT('Origin',(-6.94594717764893,8.,4.86179271486171));
#7847=CARTESIAN_POINT('',(-6.77678109607646,3.,5.5));
#7848=CARTESIAN_POINT('',(-6.64307569724494,3.,5.44847369147171));
#7849=CARTESIAN_POINT('Origin',(-4.01829042535169,3.20032832982791,2.77815422325368));
#7850=CARTESIAN_POINT('',(-4.30297685841645,8.,2.74024496149604));
#7851=CARTESIAN_POINT('',(-4.23744331762962,8.,2.59253233040598));
#7852=CARTESIAN_POINT('Origin',(-4.43820728513829,8.,2.5918557431926));
#7853=CARTESIAN_POINT('',(-3.86553354078683,3.,2.93431915329842));
#7854=CARTESIAN_POINT('',(-3.8,3.,2.78660652220836));
#7855=CARTESIAN_POINT('Origin',(-8.00226309433637,2.96540052478748,-5.30226309433637));
#7856=CARTESIAN_POINT('',(-7.56331774275203,8.,-5.06255668237038));
#7857=CARTESIAN_POINT('',(-7.76255668237038,8.,-4.86331774275203));
#7858=CARTESIAN_POINT('Origin',(-7.56179271486171,8.,-4.86179271486171));
#7859=CARTESIAN_POINT('',(-8.00076106038165,3.,-5.5));
#7860=CARTESIAN_POINT('',(-8.2,3.,-5.30076106038165));
#7861=CARTESIAN_POINT('Origin',(-6.77838483708816,3.03013547965101,-5.29659951965195));
#7862=CARTESIAN_POINT('',(-6.81165407586542,8.,-5.01103037384209));
#7863=CARTESIAN_POINT('',(-6.94535947469694,8.,-5.06255668237038));
#7864=CARTESIAN_POINT('Origin',(-6.94594717764893,8.,-4.86179271486171));
#7865=CARTESIAN_POINT('',(-6.64307569724494,3.,-5.44847369147171));
#7866=CARTESIAN_POINT('',(-6.77678109607646,3.,-5.5));
#7867=CARTESIAN_POINT('Origin',(-4.01210415546332,3.12961894144487,-2.78089879673434));
#7868=CARTESIAN_POINT('',(-4.23744331762962,8.,-2.59253233040598));
#7869=CARTESIAN_POINT('',(-4.30297685841645,8.,-2.74024496149604));
#7870=CARTESIAN_POINT('Origin',(-4.43820728513829,8.,-2.59185574319259));
#7871=CARTESIAN_POINT('',(-3.8,3.,-2.78660652220836));
#7872=CARTESIAN_POINT('',(-3.86553354078683,3.,-2.93431915329842));
#7873=CARTESIAN_POINT('Origin',(0.,8.,0.));
#7874=CARTESIAN_POINT('',(-4.23744331762962,8.,-2.59253233040598));
#7875=CARTESIAN_POINT('',(-6.81165407586542,8.,-5.01103037384209));
#7876=CARTESIAN_POINT('',(-7.56331774275203,8.,-5.06255668237038));
#7877=CARTESIAN_POINT('',(-7.76255668237038,8.,4.86331774275203));
#7878=CARTESIAN_POINT('',(-6.94535947469693,8.,5.06255668237038));
#7879=CARTESIAN_POINT('',(-4.30297685841645,8.,2.74024496149604));
#7880=CARTESIAN_POINT('Origin',(-8.2,3.,5.5));
#7881=CARTESIAN_POINT('Origin',(-8.2,3.,-5.5));
#7882=CARTESIAN_POINT('Origin',(-8.2,3.,-5.5));
#7883=CARTESIAN_POINT('Origin',(-6.7,3.,-5.5));
#7884=CARTESIAN_POINT('Origin',(-3.8,3.,-2.875));
#7885=CARTESIAN_POINT('Origin',(-3.8,3.,2.875));
#7886=CARTESIAN_POINT('Ctrl Pts',(-5.44847369147171,3.,-6.64307569724494));
#7887=CARTESIAN_POINT('Ctrl Pts',(-5.5,3.,-6.7));
#7888=CARTESIAN_POINT('Ctrl Pts',(-5.5,3.,-6.77678109607646));
#7889=CARTESIAN_POINT('Ctrl Pts',(-5.44847369147171,1.5,-6.64307569724494));
#7890=CARTESIAN_POINT('Ctrl Pts',(-5.5,1.5,-6.7));
#7891=CARTESIAN_POINT('Ctrl Pts',(-5.5,1.5,-6.77678109607646));
#7892=CARTESIAN_POINT('',(-5.44847369147171,3.,-6.64307569724494));
#7893=CARTESIAN_POINT('',(-5.5,3.,-6.77678109607646));
#7894=CARTESIAN_POINT('Origin',(-5.29923603249133,3.,-6.77736879902845));
#7895=CARTESIAN_POINT('',(-5.5,3.,-6.77678109607646));
#7896=CARTESIAN_POINT('',(-5.44847369147171,3.,-6.64307569724494));
#7897=CARTESIAN_POINT('Origin',(-2.93431915329842,3.,-3.86553354078683));
#7898=CARTESIAN_POINT('',(-2.93431915329842,3.,-3.86553354078683));
#7899=CARTESIAN_POINT('',(-5.44847369147171,3.,-6.64307569724494));
#7900=CARTESIAN_POINT('',(-2.93431915329842,3.,-3.86553354078683));
#7901=CARTESIAN_POINT('Ctrl Pts',(-2.78660652220836,3.,-3.8));
#7902=CARTESIAN_POINT('Ctrl Pts',(-2.875,3.,-3.8));
#7903=CARTESIAN_POINT('Ctrl Pts',(-2.93431915329842,3.,-3.86553354078683));
#7904=CARTESIAN_POINT('Ctrl Pts',(-2.78660652220836,1.5,-3.8));
#7905=CARTESIAN_POINT('Ctrl Pts',(-2.875,1.5,-3.8));
#7906=CARTESIAN_POINT('Ctrl Pts',(-2.93431915329842,1.5,-3.86553354078683));
#7907=CARTESIAN_POINT('',(-2.78660652220836,3.,-3.8));
#7908=CARTESIAN_POINT('Origin',(-2.78592993499497,3.,-4.00076396750867));
#7909=CARTESIAN_POINT('',(-2.78660652220836,3.,-3.8));
#7910=CARTESIAN_POINT('Origin',(2.78660652220836,3.,-3.8));
#7911=CARTESIAN_POINT('',(2.78660652220836,3.,-3.8));
#7912=CARTESIAN_POINT('',(-2.78660652220836,3.,-3.8));
#7913=CARTESIAN_POINT('',(2.78660652220836,3.,-3.8));
#7914=CARTESIAN_POINT('Ctrl Pts',(2.93431915329842,3.,-3.86553354078683));
#7915=CARTESIAN_POINT('Ctrl Pts',(2.875,3.,-3.8));
#7916=CARTESIAN_POINT('Ctrl Pts',(2.78660652220836,3.,-3.8));
#7917=CARTESIAN_POINT('Ctrl Pts',(2.93431915329842,1.5,-3.86553354078683));
#7918=CARTESIAN_POINT('Ctrl Pts',(2.875,1.5,-3.8));
#7919=CARTESIAN_POINT('Ctrl Pts',(2.78660652220836,1.5,-3.8));
#7920=CARTESIAN_POINT('',(2.93431915329842,3.,-3.86553354078683));
#7921=CARTESIAN_POINT('Origin',(2.78592993499497,3.,-4.00076396750867));
#7922=CARTESIAN_POINT('',(2.93431915329842,3.,-3.86553354078683));
#7923=CARTESIAN_POINT('Origin',(5.44847369147171,3.,-6.64307569724494));
#7924=CARTESIAN_POINT('',(5.44847369147171,3.,-6.64307569724494));
#7925=CARTESIAN_POINT('',(2.93431915329842,3.,-3.86553354078683));
#7926=CARTESIAN_POINT('',(5.44847369147171,3.,-6.64307569724494));
#7927=CARTESIAN_POINT('Ctrl Pts',(5.5,3.,-6.77678109607646));
#7928=CARTESIAN_POINT('Ctrl Pts',(5.5,3.,-6.7));
#7929=CARTESIAN_POINT('Ctrl Pts',(5.44847369147171,3.,-6.64307569724494));
#7930=CARTESIAN_POINT('Ctrl Pts',(5.5,1.5,-6.77678109607646));
#7931=CARTESIAN_POINT('Ctrl Pts',(5.5,1.5,-6.7));
#7932=CARTESIAN_POINT('Ctrl Pts',(5.44847369147171,1.5,-6.64307569724494));
#7933=CARTESIAN_POINT('',(5.5,3.,-6.77678109607646));
#7934=CARTESIAN_POINT('Origin',(5.29923603249133,3.,-6.77736879902845));
#7935=CARTESIAN_POINT('',(5.5,3.,-6.77678109607646));
#7936=CARTESIAN_POINT('Origin',(5.5,3.,-8.00076106038165));
#7937=CARTESIAN_POINT('',(5.5,3.,-8.00076106038165));
#7938=CARTESIAN_POINT('',(5.5,3.,-6.77678109607646));
#7939=CARTESIAN_POINT('',(5.5,3.,-8.00076106038165));
#7940=CARTESIAN_POINT('Ctrl Pts',(5.30076106038165,3.,-8.2));
#7941=CARTESIAN_POINT('Ctrl Pts',(5.5,3.,-8.2));
#7942=CARTESIAN_POINT('Ctrl Pts',(5.5,3.,-8.00076106038165));
#7943=CARTESIAN_POINT('Ctrl Pts',(5.30076106038165,1.5,-8.2));
#7944=CARTESIAN_POINT('Ctrl Pts',(5.5,1.5,-8.2));
#7945=CARTESIAN_POINT('Ctrl Pts',(5.5,1.5,-8.00076106038165));
#7946=CARTESIAN_POINT('',(5.30076106038165,3.,-8.2));
#7947=CARTESIAN_POINT('Origin',(5.29923603249133,3.,-7.99923603249133));
#7948=CARTESIAN_POINT('',(5.30076106038165,3.,-8.2));
#7949=CARTESIAN_POINT('Origin',(-5.30076106038165,3.,-8.2));
#7950=CARTESIAN_POINT('',(-5.30076106038165,3.,-8.2));
#7951=CARTESIAN_POINT('',(5.30076106038165,3.,-8.2));
#7952=CARTESIAN_POINT('',(-5.30076106038165,3.,-8.2));
#7953=CARTESIAN_POINT('Ctrl Pts',(-5.5,3.,-8.00076106038165));
#7954=CARTESIAN_POINT('Ctrl Pts',(-5.5,3.,-8.2));
#7955=CARTESIAN_POINT('Ctrl Pts',(-5.30076106038165,3.,-8.2));
#7956=CARTESIAN_POINT('Ctrl Pts',(-5.5,1.5,-8.00076106038165));
#7957=CARTESIAN_POINT('Ctrl Pts',(-5.5,1.5,-8.2));
#7958=CARTESIAN_POINT('Ctrl Pts',(-5.30076106038165,1.5,-8.2));
#7959=CARTESIAN_POINT('',(-5.5,3.,-8.00076106038165));
#7960=CARTESIAN_POINT('Origin',(-5.29923603249133,3.,-7.99923603249133));
#7961=CARTESIAN_POINT('',(-5.5,3.,-8.00076106038165));
#7962=CARTESIAN_POINT('Origin',(-5.5,3.,-6.77678109607646));
#7963=CARTESIAN_POINT('',(-5.5,3.,-8.00076106038165));
#7964=CARTESIAN_POINT('Origin',(-2.875,3.,-3.8));
#7965=CARTESIAN_POINT('',(-2.74024496149604,8.,-4.30297685841645));
#7966=CARTESIAN_POINT('',(-2.93431915329842,3.,-3.86553354078683));
#7967=CARTESIAN_POINT('',(-5.01103037384209,8.,-6.81165407586542));
#7968=CARTESIAN_POINT('',(-2.74024496149604,8.,-4.30297685841645));
#7969=CARTESIAN_POINT('',(-5.44847369147171,3.,-6.64307569724494));
#7970=CARTESIAN_POINT('Origin',(2.875,3.,-3.8));
#7971=CARTESIAN_POINT('',(2.59253233040598,8.,-4.23744331762962));
#7972=CARTESIAN_POINT('',(2.78660652220836,3.,-3.8));
#7973=CARTESIAN_POINT('',(-2.59253233040598,8.,-4.23744331762962));
#7974=CARTESIAN_POINT('',(2.59253233040598,8.,-4.23744331762962));
#7975=CARTESIAN_POINT('',(-2.78660652220836,3.,-3.8));
#7976=CARTESIAN_POINT('Origin',(5.5,3.,-6.7));
#7977=CARTESIAN_POINT('',(2.74024496149604,8.,-4.30297685841645));
#7978=CARTESIAN_POINT('',(5.01103037384209,8.,-6.81165407586542));
#7979=CARTESIAN_POINT('',(5.01103037384209,8.,-6.81165407586542));
#7980=CARTESIAN_POINT('',(2.93431915329842,3.,-3.86553354078683));
#7981=CARTESIAN_POINT('',(5.44847369147171,3.,-6.64307569724494));
#7982=CARTESIAN_POINT('Origin',(5.5,3.,-8.2));
#7983=CARTESIAN_POINT('',(5.06255668237038,8.,-6.94535947469694));
#7984=CARTESIAN_POINT('',(5.06255668237038,8.,-7.56331774275203));
#7985=CARTESIAN_POINT('',(5.06255668237038,8.,-7.56331774275203));
#7986=CARTESIAN_POINT('',(5.5,3.,-6.77678109607646));
#7987=CARTESIAN_POINT('',(5.5,3.,-8.00076106038165));
#7988=CARTESIAN_POINT('Origin',(5.5,3.,-8.2));
#7989=CARTESIAN_POINT('',(4.86331774275203,8.,-7.76255668237038));
#7990=CARTESIAN_POINT('',(-4.86331774275203,8.,-7.76255668237038));
#7991=CARTESIAN_POINT('',(-4.86331774275203,8.,-7.76255668237038));
#7992=CARTESIAN_POINT('',(5.30076106038165,3.,-8.2));
#7993=CARTESIAN_POINT('',(-5.30076106038165,3.,-8.2));
#7994=CARTESIAN_POINT('Origin',(-5.5,3.,-8.2));
#7995=CARTESIAN_POINT('',(-5.06255668237038,8.,-6.94535947469693));
#7996=CARTESIAN_POINT('',(-5.5,3.,-6.77678109607646));
#7997=CARTESIAN_POINT('',(-5.06255668237038,8.,-7.56331774275203));
#7998=CARTESIAN_POINT('',(-5.06255668237038,8.,-6.94535947469693));
#7999=CARTESIAN_POINT('',(-5.5,3.,-8.00076106038165));
#8000=CARTESIAN_POINT('Origin',(0.,8.,0.));
#8001=CARTESIAN_POINT('Origin',(2.59185574319259,8.,-4.43820728513829));
#8002=CARTESIAN_POINT('Origin',(4.86179271486171,8.,-6.94594717764893));
#8003=CARTESIAN_POINT('Origin',(4.86179271486171,8.,-7.56179271486171));
#8004=CARTESIAN_POINT('Origin',(-4.86179271486171,8.,-7.56179271486171));
#8005=CARTESIAN_POINT('Origin',(-4.86179271486171,8.,-6.94594717764893));
#8006=CARTESIAN_POINT('Origin',(-2.5918557431926,8.,-4.43820728513829));
#8007=CARTESIAN_POINT('',(-2.39254964701837,8.,-4.68744331762962));
#8008=CARTESIAN_POINT('',(2.39254964701837,8.,-4.68744331762962));
#8009=CARTESIAN_POINT('',(-2.39254964701837,8.,-4.68744331762962));
#8010=CARTESIAN_POINT('',(-2.54082651636229,8.,-4.7532271858959));
#8011=CARTESIAN_POINT('Origin',(-2.39254964701837,8.,-4.88744331762962));
#8012=CARTESIAN_POINT('',(-4.5608335517143,8.,-6.98485400590383));
#8013=CARTESIAN_POINT('',(-4.5608335517143,8.,-6.98485400590383));
#8014=CARTESIAN_POINT('',(-4.61253016492524,8.,-7.11581341000397));
#8015=CARTESIAN_POINT('Origin',(-4.41255668237038,8.,-7.11907013763756));
#8016=CARTESIAN_POINT('',(-4.41255668237038,8.,-7.31255668237038));
#8017=CARTESIAN_POINT('Origin',(-4.41255668237038,8.,-7.11255668237038));
#8018=CARTESIAN_POINT('',(4.41255668237038,8.,-7.31255668237038));
#8019=CARTESIAN_POINT('',(4.41255668237038,8.,-7.31255668237038));
#8020=CARTESIAN_POINT('',(4.61253016492524,8.,-7.11581341000397));
#8021=CARTESIAN_POINT('Origin',(4.41255668237038,8.,-7.11255668237038));
#8022=CARTESIAN_POINT('',(4.5608335517143,8.,-6.98485400590383));
#8023=CARTESIAN_POINT('Origin',(4.41255668237038,8.,-7.11907013763756));
#8024=CARTESIAN_POINT('',(2.54082651636229,8.,-4.7532271858959));
#8025=CARTESIAN_POINT('',(2.54082651636229,8.,-4.7532271858959));
#8026=CARTESIAN_POINT('Origin',(2.39254964701837,8.,-4.88744331762962));
#8027=CARTESIAN_POINT('Origin',(-2.48128077353506,-6.59134697370808,-4.68744331762962));
#8028=CARTESIAN_POINT('',(-2.39254964701837,3.,-4.68744331762962));
#8029=CARTESIAN_POINT('',(2.39254964701837,3.,-4.68744331762962));
#8030=CARTESIAN_POINT('Origin',(2.48128077353506,-6.59134697370808,-4.68744331762962));
#8031=CARTESIAN_POINT('',(2.54082651636229,3.,-4.7532271858959));
#8032=CARTESIAN_POINT('',(4.5608335517143,3.,-6.98485400590383));
#8033=CARTESIAN_POINT('Origin',(4.61255668237038,-6.59134697370808,-7.31255668237038));
#8034=CARTESIAN_POINT('',(-4.41255668237038,3.,-7.31255668237038));
#8035=CARTESIAN_POINT('',(4.41255668237038,3.,-7.31255668237038));
#8036=CARTESIAN_POINT('Origin',(-4.61255668237038,-6.59134697370808,-7.04199575024769));
#8037=CARTESIAN_POINT('',(-4.5608335517143,3.,-6.98485400590383));
#8038=CARTESIAN_POINT('',(-2.54082651636229,3.,-4.75322718589589));
#8039=CARTESIAN_POINT('Origin',(-4.41255668237038,-6.59134697370808,-7.11907013763756));
#8040=CARTESIAN_POINT('',(-4.61253016492524,0.5,-7.11581341000397));
#8041=CARTESIAN_POINT('Origin',(-4.41255668237038,-6.59134697370808,-7.11255668237038));
#8042=CARTESIAN_POINT('Origin',(-2.39254964701837,-6.59134697370808,-4.88744331762962));
#8043=CARTESIAN_POINT('Origin',(2.39254964701837,-6.59134697370808,-4.88744331762962));
#8044=CARTESIAN_POINT('Origin',(4.41255668237038,-6.59134697370808,-7.11255668237038));
#8045=CARTESIAN_POINT('',(4.61253016492524,0.5,-7.11581341000397));
#8046=CARTESIAN_POINT('Origin',(4.41255668237038,-6.59134697370808,-7.11907013763756));
#8047=CARTESIAN_POINT('Origin',(2.78089879673433,3.12961894144487,-4.01210415546332));
#8048=CARTESIAN_POINT('Origin',(5.29659951965195,3.03013547965101,-6.77838483708816));
#8049=CARTESIAN_POINT('Origin',(5.30226309433637,2.96540052478748,-8.00226309433637));
#8050=CARTESIAN_POINT('Origin',(-2.77815422325368,3.20032832982791,-4.01829042535169));
#8051=CARTESIAN_POINT('Origin',(-5.2895479149061,3.11073569071445,-6.78110232766766));
#8052=CARTESIAN_POINT('Origin',(-5.30226309433637,2.96540052478748,-8.00226309433637));
#8053=CARTESIAN_POINT('Ctrl Pts',(5.44847369147162,3.,6.64307569724501));
#8054=CARTESIAN_POINT('Ctrl Pts',(5.4999999999999,3.,6.70000000000008));
#8055=CARTESIAN_POINT('Ctrl Pts',(5.4999999999999,3.,6.77678109607653));
#8056=CARTESIAN_POINT('Ctrl Pts',(5.44847369147162,1.5,6.64307569724501));
#8057=CARTESIAN_POINT('Ctrl Pts',(5.4999999999999,1.5,6.70000000000008));
#8058=CARTESIAN_POINT('Ctrl Pts',(5.4999999999999,1.5,6.77678109607653));
#8059=CARTESIAN_POINT('',(5.44847369147162,3.,6.64307569724501));
#8060=CARTESIAN_POINT('',(5.4999999999999,3.,6.77678109607653));
#8061=CARTESIAN_POINT('Origin',(5.29923603249124,3.,6.77736879902853));
#8062=CARTESIAN_POINT('',(5.4999999999999,3.,6.77678109607653));
#8063=CARTESIAN_POINT('',(5.44847369147162,3.,6.64307569724501));
#8064=CARTESIAN_POINT('Origin',(2.93431915329837,3.,3.86553354078687));
#8065=CARTESIAN_POINT('',(2.93431915329837,3.,3.86553354078687));
#8066=CARTESIAN_POINT('',(5.44847369147162,3.,6.64307569724501));
#8067=CARTESIAN_POINT('',(2.93431915329837,3.,3.86553354078687));
#8068=CARTESIAN_POINT('Ctrl Pts',(2.78660652220831,3.,3.80000000000004));
#8069=CARTESIAN_POINT('Ctrl Pts',(2.87499999999995,3.,3.80000000000004));
#8070=CARTESIAN_POINT('Ctrl Pts',(2.93431915329837,3.,3.86553354078687));
#8071=CARTESIAN_POINT('Ctrl Pts',(2.78660652220831,1.5,3.80000000000004));
#8072=CARTESIAN_POINT('Ctrl Pts',(2.87499999999995,1.5,3.80000000000004));
#8073=CARTESIAN_POINT('Ctrl Pts',(2.93431915329837,1.5,3.86553354078687));
#8074=CARTESIAN_POINT('',(2.78660652220831,3.,3.80000000000004));
#8075=CARTESIAN_POINT('Origin',(2.78592993499492,3.,4.00076396750871));
#8076=CARTESIAN_POINT('',(2.78660652220831,3.,3.80000000000004));
#8077=CARTESIAN_POINT('Origin',(-2.78660652220842,3.,3.79999999999996));
#8078=CARTESIAN_POINT('',(-2.78660652220842,3.,3.79999999999996));
#8079=CARTESIAN_POINT('',(2.78660652220831,3.,3.80000000000004));
#8080=CARTESIAN_POINT('',(-2.78660652220842,3.,3.79999999999996));
#8081=CARTESIAN_POINT('Ctrl Pts',(-2.93431915329848,3.,3.86553354078679));
#8082=CARTESIAN_POINT('Ctrl Pts',(-2.87500000000005,3.,3.79999999999996));
#8083=CARTESIAN_POINT('Ctrl Pts',(-2.78660652220842,3.,3.79999999999996));
#8084=CARTESIAN_POINT('Ctrl Pts',(-2.93431915329848,1.5,3.86553354078679));
#8085=CARTESIAN_POINT('Ctrl Pts',(-2.87500000000005,1.5,3.79999999999996));
#8086=CARTESIAN_POINT('Ctrl Pts',(-2.78660652220842,1.5,3.79999999999996));
#8087=CARTESIAN_POINT('',(-2.93431915329848,3.,3.86553354078679));
#8088=CARTESIAN_POINT('Origin',(-2.78592993499503,3.,4.00076396750863));
#8089=CARTESIAN_POINT('',(-2.93431915329848,3.,3.86553354078679));
#8090=CARTESIAN_POINT('Origin',(-5.4484736914718,3.,6.64307569724486));
#8091=CARTESIAN_POINT('',(-5.4484736914718,3.,6.64307569724486));
#8092=CARTESIAN_POINT('',(-2.93431915329848,3.,3.86553354078679));
#8093=CARTESIAN_POINT('',(-5.4484736914718,3.,6.64307569724486));
#8094=CARTESIAN_POINT('Ctrl Pts',(-5.5000000000001,3.,6.77678109607638));
#8095=CARTESIAN_POINT('Ctrl Pts',(-5.5000000000001,3.,6.69999999999992));
#8096=CARTESIAN_POINT('Ctrl Pts',(-5.44847369147181,3.,6.64307569724486));
#8097=CARTESIAN_POINT('Ctrl Pts',(-5.5000000000001,1.5,6.77678109607638));
#8098=CARTESIAN_POINT('Ctrl Pts',(-5.5000000000001,1.5,6.69999999999992));
#8099=CARTESIAN_POINT('Ctrl Pts',(-5.44847369147181,1.5,6.64307569724486));
#8100=CARTESIAN_POINT('',(-5.5000000000001,3.,6.77678109607638));
#8101=CARTESIAN_POINT('Origin',(-5.29923603249143,3.,6.77736879902838));
#8102=CARTESIAN_POINT('',(-5.5000000000001,3.,6.77678109607638));
#8103=CARTESIAN_POINT('Origin',(-5.50000000000011,3.,8.00076106038157));
#8104=CARTESIAN_POINT('',(-5.50000000000011,3.,8.00076106038157));
#8105=CARTESIAN_POINT('',(-5.5000000000001,3.,6.77678109607638));
#8106=CARTESIAN_POINT('',(-5.50000000000011,3.,8.00076106038157));
#8107=CARTESIAN_POINT('Ctrl Pts',(-5.30076106038177,3.,8.19999999999993));
#8108=CARTESIAN_POINT('Ctrl Pts',(-5.50000000000011,3.,8.19999999999992));
#8109=CARTESIAN_POINT('Ctrl Pts',(-5.50000000000011,3.,8.00076106038157));
#8110=CARTESIAN_POINT('Ctrl Pts',(-5.30076106038177,1.5,8.19999999999993));
#8111=CARTESIAN_POINT('Ctrl Pts',(-5.50000000000011,1.5,8.19999999999992));
#8112=CARTESIAN_POINT('Ctrl Pts',(-5.50000000000011,1.5,8.00076106038157));
#8113=CARTESIAN_POINT('',(-5.30076106038177,3.,8.19999999999993));
#8114=CARTESIAN_POINT('Origin',(-5.29923603249144,3.,7.99923603249126));
#8115=CARTESIAN_POINT('',(-5.30076106038177,3.,8.19999999999993));
#8116=CARTESIAN_POINT('Origin',(5.30076106038153,3.,8.20000000000007));
#8117=CARTESIAN_POINT('',(5.30076106038153,3.,8.20000000000007));
#8118=CARTESIAN_POINT('',(-5.30076106038177,3.,8.19999999999993));
#8119=CARTESIAN_POINT('',(5.30076106038153,3.,8.20000000000007));
#8120=CARTESIAN_POINT('Ctrl Pts',(5.49999999999989,3.,8.00076106038173));
#8121=CARTESIAN_POINT('Ctrl Pts',(5.49999999999988,3.,8.20000000000008));
#8122=CARTESIAN_POINT('Ctrl Pts',(5.30076106038153,3.,8.20000000000008));
#8123=CARTESIAN_POINT('Ctrl Pts',(5.49999999999989,1.5,8.00076106038173));
#8124=CARTESIAN_POINT('Ctrl Pts',(5.49999999999988,1.5,8.20000000000008));
#8125=CARTESIAN_POINT('Ctrl Pts',(5.30076106038153,1.5,8.20000000000008));
#8126=CARTESIAN_POINT('',(5.49999999999989,3.,8.00076106038173));
#8127=CARTESIAN_POINT('Origin',(5.29923603249122,3.,7.99923603249141));
#8128=CARTESIAN_POINT('',(5.49999999999989,3.,8.00076106038173));
#8129=CARTESIAN_POINT('Origin',(5.4999999999999,3.,6.77678109607653));
#8130=CARTESIAN_POINT('',(5.49999999999989,3.,8.00076106038173));
#8131=CARTESIAN_POINT('Origin',(2.87499999999995,3.,3.80000000000004));
#8132=CARTESIAN_POINT('',(2.74024496149598,8.,4.30297685841649));
#8133=CARTESIAN_POINT('',(2.93431915329837,3.,3.86553354078687));
#8134=CARTESIAN_POINT('',(5.01103037384199,8.,6.81165407586549));
#8135=CARTESIAN_POINT('',(2.74024496149598,8.,4.30297685841649));
#8136=CARTESIAN_POINT('',(5.44847369147162,3.,6.64307569724501));
#8137=CARTESIAN_POINT('Origin',(-2.87500000000005,3.,3.79999999999996));
#8138=CARTESIAN_POINT('',(-2.59253233040604,8.,4.23744331762959));
#8139=CARTESIAN_POINT('',(-2.78660652220842,3.,3.79999999999996));
#8140=CARTESIAN_POINT('',(2.59253233040592,8.,4.23744331762966));
#8141=CARTESIAN_POINT('',(-2.59253233040604,8.,4.23744331762959));
#8142=CARTESIAN_POINT('',(2.78660652220831,3.,3.80000000000004));
#8143=CARTESIAN_POINT('Origin',(-5.50000000000009,3.,6.69999999999992));
#8144=CARTESIAN_POINT('',(-2.7402449614961,8.,4.30297685841641));
#8145=CARTESIAN_POINT('',(-5.01103037384219,8.,6.81165407586534));
#8146=CARTESIAN_POINT('',(-5.01103037384219,8.,6.81165407586534));
#8147=CARTESIAN_POINT('',(-2.93431915329848,3.,3.86553354078679));
#8148=CARTESIAN_POINT('',(-5.4484736914718,3.,6.64307569724486));
#8149=CARTESIAN_POINT('Origin',(-5.50000000000011,3.,8.19999999999992));
#8150=CARTESIAN_POINT('',(-5.06255668237048,8.,6.94535947469686));
#8151=CARTESIAN_POINT('',(-5.06255668237049,8.,7.56331774275196));
#8152=CARTESIAN_POINT('',(-5.06255668237049,8.,7.56331774275196));
#8153=CARTESIAN_POINT('',(-5.5000000000001,3.,6.77678109607638));
#8154=CARTESIAN_POINT('',(-5.50000000000011,3.,8.00076106038157));
#8155=CARTESIAN_POINT('Origin',(-5.50000000000011,3.,8.19999999999992));
#8156=CARTESIAN_POINT('',(-4.86331774275214,8.,7.76255668237031));
#8157=CARTESIAN_POINT('',(4.86331774275192,8.,7.76255668237045));
#8158=CARTESIAN_POINT('',(4.86331774275192,8.,7.76255668237045));
#8159=CARTESIAN_POINT('',(-5.30076106038177,3.,8.19999999999993));
#8160=CARTESIAN_POINT('',(5.30076106038154,3.,8.20000000000007));
#8161=CARTESIAN_POINT('Origin',(5.49999999999988,3.,8.20000000000008));
#8162=CARTESIAN_POINT('',(5.06255668237028,8.,6.94535947469701));
#8163=CARTESIAN_POINT('',(5.4999999999999,3.,6.77678109607653));
#8164=CARTESIAN_POINT('',(5.06255668237027,8.,7.5633177427521));
#8165=CARTESIAN_POINT('',(5.06255668237028,8.,6.94535947469701));
#8166=CARTESIAN_POINT('',(5.49999999999989,3.,8.00076106038173));
#8167=CARTESIAN_POINT('Origin',(0.,8.,0.));
#8168=CARTESIAN_POINT('Origin',(-2.59185574319266,8.,4.43820728513825));
#8169=CARTESIAN_POINT('Origin',(-4.86179271486181,8.,6.94594717764886));
#8170=CARTESIAN_POINT('Origin',(-4.86179271486182,8.,7.56179271486164));
#8171=CARTESIAN_POINT('Origin',(4.8617927148616,8.,7.56179271486178));
#8172=CARTESIAN_POINT('Origin',(4.86179271486161,8.,6.945947177649));
#8173=CARTESIAN_POINT('Origin',(2.59185574319253,8.,4.43820728513833));
#8174=CARTESIAN_POINT('',(2.3925496470183,8.,4.68744331762966));
#8175=CARTESIAN_POINT('',(-2.39254964701843,8.,4.68744331762959));
#8176=CARTESIAN_POINT('',(2.3925496470183,8.,4.68744331762966));
#8177=CARTESIAN_POINT('',(2.54082651636223,8.,4.75322718589593));
#8178=CARTESIAN_POINT('Origin',(2.3925496470183,8.,4.88744331762965));
#8179=CARTESIAN_POINT('',(4.56083355171421,8.,6.9848540059039));
#8180=CARTESIAN_POINT('',(4.56083355171421,8.,6.9848540059039));
#8181=CARTESIAN_POINT('',(4.61253016492514,8.,7.11581341000403));
#8182=CARTESIAN_POINT('Origin',(4.41255668237028,8.,7.11907013763762));
#8183=CARTESIAN_POINT('',(4.41255668237028,8.,7.31255668237044));
#8184=CARTESIAN_POINT('Origin',(4.41255668237028,8.,7.11255668237044));
#8185=CARTESIAN_POINT('',(-4.41255668237048,8.,7.31255668237031));
#8186=CARTESIAN_POINT('',(-4.41255668237048,8.,7.31255668237031));
#8187=CARTESIAN_POINT('',(-4.61253016492534,8.,7.1158134100039));
#8188=CARTESIAN_POINT('Origin',(-4.41255668237048,8.,7.11255668237032));
#8189=CARTESIAN_POINT('',(-4.5608335517144,8.,6.98485400590377));
#8190=CARTESIAN_POINT('Origin',(-4.41255668237048,8.,7.11907013763749));
#8191=CARTESIAN_POINT('',(-2.54082651636236,8.,4.75322718589586));
#8192=CARTESIAN_POINT('',(-2.54082651636236,8.,4.75322718589586));
#8193=CARTESIAN_POINT('Origin',(-2.39254964701844,8.,4.88744331762959));
#8194=CARTESIAN_POINT('Origin',(2.48128077353499,-6.59134697370811,4.68744331762966));
#8195=CARTESIAN_POINT('',(2.3925496470183,3.,4.68744331762966));
#8196=CARTESIAN_POINT('',(-2.39254964701843,3.,4.68744331762959));
#8197=CARTESIAN_POINT('Origin',(-2.48128077353513,-6.59134697370811,4.68744331762959));
#8198=CARTESIAN_POINT('',(-2.54082651636236,3.,4.75322718589586));
#8199=CARTESIAN_POINT('',(-4.5608335517144,3.,6.98485400590377));
#8200=CARTESIAN_POINT('Origin',(-4.61255668237048,-6.59134697370811,7.31255668237031));
#8201=CARTESIAN_POINT('',(4.41255668237028,3.,7.31255668237044));
#8202=CARTESIAN_POINT('',(-4.41255668237048,3.,7.31255668237031));
#8203=CARTESIAN_POINT('Origin',(4.61255668237028,-6.59134697370811,7.04199575024775));
#8204=CARTESIAN_POINT('',(4.56083355171421,3.,6.9848540059039));
#8205=CARTESIAN_POINT('',(2.54082651636222,3.,4.75322718589593));
#8206=CARTESIAN_POINT('Origin',(4.41255668237028,-6.59134697370811,7.11907013763762));
#8207=CARTESIAN_POINT('',(4.61253016492514,0.5,7.11581341000403));
#8208=CARTESIAN_POINT('Origin',(4.41255668237028,-6.59134697370811,7.11255668237044));
#8209=CARTESIAN_POINT('Origin',(2.3925496470183,-6.59134697370811,4.88744331762965));
#8210=CARTESIAN_POINT('Origin',(-2.39254964701844,-6.59134697370811,4.88744331762959));
#8211=CARTESIAN_POINT('Origin',(-4.41255668237048,-6.59134697370811,7.11255668237032));
#8212=CARTESIAN_POINT('',(-4.61253016492534,0.5,7.11581341000391));
#8213=CARTESIAN_POINT('Origin',(-4.41255668237048,-6.59134697370811,7.11907013763749));
#8214=CARTESIAN_POINT('Origin',(-2.78089879673439,3.12961894144487,4.01210415546329));
#8215=CARTESIAN_POINT('Origin',(-5.29659951965205,3.03013547965101,6.77838483708808));
#8216=CARTESIAN_POINT('Origin',(-5.30226309433648,2.96540052478748,8.0022630943363));
#8217=CARTESIAN_POINT('Origin',(2.77815422325363,3.20032832982791,4.01829042535173));
#8218=CARTESIAN_POINT('Origin',(5.28954791490601,3.11073569071445,6.78110232766774));
#8219=CARTESIAN_POINT('Origin',(5.30226309433626,2.96540052478748,8.00226309433645));
#8220=CARTESIAN_POINT('',(0.,0.,0.));
#8221=UNCERTAINTY_MEASURE_WITH_UNIT(LENGTH_MEASURE(0.01),#8227,
'DISTANCE_ACCURACY_VALUE',
'Maximum model space distance between geometric entities at asserted c
onnectivities');
#8222=UNCERTAINTY_MEASURE_WITH_UNIT(LENGTH_MEASURE(0.01),#8227,
'DISTANCE_ACCURACY_VALUE',
'Maximum model space distance between geometric entities at asserted c
onnectivities');
#8223=UNCERTAINTY_MEASURE_WITH_UNIT(LENGTH_MEASURE(0.01),#8227,
'DISTANCE_ACCURACY_VALUE',
'Maximum model space distance between geometric entities at asserted c
onnectivities');
#8224=(
GEOMETRIC_REPRESENTATION_CONTEXT(3)
GLOBAL_UNCERTAINTY_ASSIGNED_CONTEXT((#8221))
GLOBAL_UNIT_ASSIGNED_CONTEXT((#8227,#8229,#8230))
REPRESENTATION_CONTEXT('','3D')
);
#8225=(
GEOMETRIC_REPRESENTATION_CONTEXT(3)
GLOBAL_UNCERTAINTY_ASSIGNED_CONTEXT((#8222))
GLOBAL_UNIT_ASSIGNED_CONTEXT((#8227,#8229,#8230))
REPRESENTATION_CONTEXT('','3D')
);
#8226=(
GEOMETRIC_REPRESENTATION_CONTEXT(3)
GLOBAL_UNCERTAINTY_ASSIGNED_CONTEXT((#8223))
GLOBAL_UNIT_ASSIGNED_CONTEXT((#8227,#8229,#8230))
REPRESENTATION_CONTEXT('','3D')
);
#8227=(
LENGTH_UNIT()
NAMED_UNIT(*)
SI_UNIT(.MILLI.,.METRE.)
);
#8228=(
LENGTH_UNIT()
NAMED_UNIT(*)
SI_UNIT($,.METRE.)
);
#8229=(
NAMED_UNIT(*)
PLANE_ANGLE_UNIT()
SI_UNIT($,.RADIAN.)
);
#8230=(
NAMED_UNIT(*)
SI_UNIT($,.STERADIAN.)
SOLID_ANGLE_UNIT()
);
#8231=SHAPE_DEFINITION_REPRESENTATION(#8233,#8236);
#8232=SHAPE_DEFINITION_REPRESENTATION(#8234,#8237);
#8233=PRODUCT_DEFINITION_SHAPE('',$,#8239);
#8234=PRODUCT_DEFINITION_SHAPE('',$,#8240);
#8235=PRODUCT_DEFINITION_SHAPE($,$,#14);
#8236=SHAPE_REPRESENTATION('',(#4353,#4719),#8224);
#8237=SHAPE_REPRESENTATION('',(#4354),#8225);
#8238=PRODUCT_DEFINITION_CONTEXT('part definition',#8246,'design');
#8239=PRODUCT_DEFINITION('2026-10-01-13-38-48-592',
'2020 T-slot End Cap with cover',#8241,#8238);
#8240=PRODUCT_DEFINITION('2026-10-01-13-38-48-602','Cap',#8242,#8238);
#8241=PRODUCT_DEFINITION_FORMATION('',$,#8248);
#8242=PRODUCT_DEFINITION_FORMATION('',$,#8249);
#8243=PRODUCT_RELATED_PRODUCT_CATEGORY('2020 T-slot End Cap with cover',
'2020 T-slot End Cap with cover',(#8248));
#8244=PRODUCT_RELATED_PRODUCT_CATEGORY('Cap','Cap',(#8249));
#8245=APPLICATION_PROTOCOL_DEFINITION('international standard',
'automotive_design',2009,#8246);
#8246=APPLICATION_CONTEXT(
'Core Data for Automotive Mechanical Design Process');
#8247=PRODUCT_CONTEXT('part definition',#8246,'mechanical');
#8248=PRODUCT('2026-10-01-13-38-48-592',
'2020 T-slot End Cap with cover',$,(#8247));
#8249=PRODUCT('2026-10-01-13-38-48-602','Cap',$,(#8247));
#8250=PRESENTATION_STYLE_ASSIGNMENT((#8252));
#8251=PRESENTATION_STYLE_ASSIGNMENT((#8253));
#8252=SURFACE_STYLE_USAGE(.BOTH.,#8254);
#8253=SURFACE_STYLE_USAGE(.BOTH.,#8255);
#8254=SURFACE_SIDE_STYLE('',(#8256));
#8255=SURFACE_SIDE_STYLE('',(#8257));
#8256=SURFACE_STYLE_FILL_AREA(#8258);
#8257=SURFACE_STYLE_FILL_AREA(#8259);
#8258=FILL_AREA_STYLE('Steel - Satin',(#8260));
#8259=FILL_AREA_STYLE('Nylon 12 (with Formlabs Fuse 1 3D Printer)',(#8261));
#8260=FILL_AREA_STYLE_COLOUR('Steel - Satin',#8262);
#8261=FILL_AREA_STYLE_COLOUR(
'Nylon 12 (with Formlabs Fuse 1 3D Printer)',#8263);
#8262=COLOUR_RGB('Steel - Satin',0.627450980392157,0.627450980392157,0.627450980392157);
#8263=COLOUR_RGB('Nylon 12 (with Formlabs Fuse 1 3D Printer)',0.247058823529412,
0.247058823529412,0.247058823529412);
ENDSEC;
END-ISO-10303-21;
