ISO-10303-21;
HEADER;
/* Generated by software containing ST-Developer
 * from STEP Tools, Inc. (www.steptools.com) 
 */

FILE_DESCRIPTION(
/* description */ (''),
/* implementation_level */ '2;1');

FILE_NAME(
/* name */ 'M5_thumb screw 25mm.step',
/* time_stamp */ '2026-10-02T00:30:16-05:00',
/* author */ (''),
/* organization */ (''),
/* preprocessor_version */ 'ST-DEVELOPER v20.1',
/* originating_system */ 'Autodesk Translation Framework v15.8.0.0',
/* authorisation */ '');

FILE_SCHEMA (('AUTOMOTIVE_DESIGN { 1 0 10303 214 3 1 1 }'));
ENDSEC;

DATA;
#10=MECHANICAL_DESIGN_GEOMETRIC_PRESENTATION_REPRESENTATION('',(#110,#111,
#112),#9521);
#11=ITEM_DEFINED_TRANSFORMATION($,$,#2402,#2551);
#12=ITEM_DEFINED_TRANSFORMATION($,$,#2424,#2552);
#13=(
REPRESENTATION_RELATIONSHIP($,$,#9535,#9534)
REPRESENTATION_RELATIONSHIP_WITH_TRANSFORMATION(#11)
SHAPE_REPRESENTATION_RELATIONSHIP()
);
#14=(
REPRESENTATION_RELATIONSHIP($,$,#9536,#9534)
REPRESENTATION_RELATIONSHIP_WITH_TRANSFORMATION(#12)
SHAPE_REPRESENTATION_RELATIONSHIP()
);
#15=CONTEXT_DEPENDENT_SHAPE_REPRESENTATION(#13,#9532);
#16=CONTEXT_DEPENDENT_SHAPE_REPRESENTATION(#14,#9533);
#17=NEXT_ASSEMBLY_USAGE_OCCURRENCE('M5_thumb screw cap:1',
'M5_thumb screw cap:1','M5_thumb screw cap:1',#9538,#9539,
'M5_thumb screw cap:1');
#18=NEXT_ASSEMBLY_USAGE_OCCURRENCE(
'91287A126_18-8 Stainless Steel Hex Head Screw:1',
'91287A126_18-8 Stainless Steel Hex Head Screw:1',
'91287A126_18-8 Stainless Steel Hex Head Screw:1',#9538,#9540,
'91287A126_18-8 Stainless Steel Hex Head Screw:1');
#19=(
BOUNDED_SURFACE()
B_SPLINE_SURFACE(1,2,((#7089,#7090,#7091,#7092,#7093,#7094,#7095,#7096,
#7097,#7098,#7099,#7100,#7101,#7102,#7103,#7104,#7105,#7106,#7107,#7108,
#7109,#7110,#7111,#7112,#7113,#7114,#7115,#7116,#7117,#7118,#7119,#7120,
#7121,#7122,#7123,#7124,#7125,#7126,#7127,#7128,#7129,#7130,#7131,#7132,
#7133,#7134,#7135,#7136,#7137,#7138,#7139,#7140,#7141,#7142,#7143,#7144,
#7145,#7146,#7147,#7148,#7149,#7150,#7151,#7152,#7153,#7154,#7155,#7156,
#7157,#7158,#7159,#7160,#7161,#7162,#7163,#7164,#7165,#7166,#7167,#7168,
#7169,#7170,#7171,#7172,#7173,#7174,#7175,#7176,#7177,#7178,#7179,#7180,
#7181,#7182,#7183,#7184,#7185,#7186,#7187,#7188,#7189,#7190,#7191,#7192,
#7193,#7194,#7195,#7196,#7197,#7198,#7199,#7200,#7201,#7202,#7203,#7204,
#7205,#7206,#7207,#7208,#7209,#7210,#7211,#7212,#7213,#7214,#7215,#7216,
#7217,#7218,#7219,#7220,#7221,#7222,#7223,#7224,#7225,#7226,#7227,#7228,
#7229,#7230,#7231,#7232,#7233,#7234,#7235,#7236,#7237,#7238,#7239,#7240,
#7241,#7242,#7243,#7244,#7245,#7246,#7247,#7248,#7249,#7250,#7251,#7252,
#7253,#7254,#7255,#7256,#7257,#7258,#7259,#7260,#7261,#7262,#7263,#7264,
#7265,#7266,#7267,#7268,#7269,#7270,#7271,#7272,#7273,#7274,#7275,#7276,
#7277,#7278,#7279,#7280,#7281,#7282,#7283,#7284,#7285,#7286,#7287,#7288,
#7289,#7290,#7291,#7292,#7293,#7294,#7295,#7296,#7297,#7298,#7299,#7300,
#7301,#7302,#7303,#7304,#7305,#7306,#7307,#7308,#7309,#7310,#7311,#7312,
#7313,#7314,#7315,#7316,#7317,#7318,#7319,#7320,#7321,#7322,#7323,#7324,
#7325,#7326,#7327,#7328,#7329,#7330,#7331,#7332,#7333,#7334,#7335,#7336,
#7337,#7338,#7339,#7340,#7341,#7342,#7343,#7344,#7345,#7346,#7347,#7348,
#7349,#7350,#7351,#7352,#7353,#7354,#7355,#7356,#7357,#7358,#7359,#7360,
#7361,#7362,#7363,#7364,#7365,#7366,#7367,#7368,#7369,#7370,#7371,#7372,
#7373,#7374,#7375,#7376,#7377,#7378,#7379,#7380,#7381,#7382,#7383,#7384,
#7385,#7386,#7387,#7388,#7389,#7390,#7391,#7392,#7393,#7394,#7395,#7396,
#7397,#7398,#7399,#7400,#7401,#7402,#7403,#7404,#7405,#7406,#7407,#7408,
#7409,#7410,#7411,#7412,#7413,#7414,#7415,#7416,#7417,#7418,#7419,#7420,
#7421,#7422,#7423,#7424,#7425,#7426,#7427,#7428,#7429,#7430,#7431,#7432,
#7433,#7434,#7435,#7436,#7437,#7438,#7439,#7440,#7441,#7442,#7443,#7444,
#7445,#7446,#7447,#7448,#7449,#7450,#7451,#7452,#7453,#7454,#7455,#7456,
#7457,#7458,#7459,#7460,#7461,#7462,#7463,#7464,#7465,#7466,#7467,#7468,
#7469,#7470,#7471,#7472,#7473,#7474,#7475,#7476,#7477,#7478,#7479,#7480,
#7481,#7482,#7483,#7484,#7485,#7486,#7487,#7488,#7489,#7490,#7491,#7492,
#7493,#7494,#7495,#7496,#7497,#7498,#7499,#7500,#7501,#7502,#7503,#7504,
#7505,#7506,#7507,#7508,#7509,#7510,#7511,#7512,#7513,#7514,#7515,#7516,
#7517,#7518,#7519,#7520,#7521,#7522,#7523,#7524,#7525,#7526,#7527,#7528,
#7529,#7530,#7531,#7532,#7533,#7534,#7535,#7536,#7537,#7538,#7539,#7540,
#7541,#7542,#7543,#7544,#7545,#7546,#7547,#7548,#7549,#7550,#7551,#7552,
#7553,#7554,#7555,#7556,#7557,#7558,#7559,#7560,#7561,#7562,#7563,#7564,
#7565,#7566,#7567,#7568,#7569,#7570,#7571,#7572,#7573,#7574,#7575,#7576,
#7577,#7578,#7579,#7580,#7581,#7582,#7583,#7584,#7585,#7586,#7587,#7588,
#7589,#7590,#7591,#7592,#7593,#7594,#7595,#7596,#7597,#7598,#7599,#7600,
#7601,#7602,#7603,#7604,#7605),(#7606,#7607,#7608,#7609,#7610,#7611,#7612,
#7613,#7614,#7615,#7616,#7617,#7618,#7619,#7620,#7621,#7622,#7623,#7624,
#7625,#7626,#7627,#7628,#7629,#7630,#7631,#7632,#7633,#7634,#7635,#7636,
#7637,#7638,#7639,#7640,#7641,#7642,#7643,#7644,#7645,#7646,#7647,#7648,
#7649,#7650,#7651,#7652,#7653,#7654,#7655,#7656,#7657,#7658,#7659,#7660,
#7661,#7662,#7663,#7664,#7665,#7666,#7667,#7668,#7669,#7670,#7671,#7672,
#7673,#7674,#7675,#7676,#7677,#7678,#7679,#7680,#7681,#7682,#7683,#7684,
#7685,#7686,#7687,#7688,#7689,#7690,#7691,#7692,#7693,#7694,#7695,#7696,
#7697,#7698,#7699,#7700,#7701,#7702,#7703,#7704,#7705,#7706,#7707,#7708,
#7709,#7710,#7711,#7712,#7713,#7714,#7715,#7716,#7717,#7718,#7719,#7720,
#7721,#7722,#7723,#7724,#7725,#7726,#7727,#7728,#7729,#7730,#7731,#7732,
#7733,#7734,#7735,#7736,#7737,#7738,#7739,#7740,#7741,#7742,#7743,#7744,
#7745,#7746,#7747,#7748,#7749,#7750,#7751,#7752,#7753,#7754,#7755,#7756,
#7757,#7758,#7759,#7760,#7761,#7762,#7763,#7764,#7765,#7766,#7767,#7768,
#7769,#7770,#7771,#7772,#7773,#7774,#7775,#7776,#7777,#7778,#7779,#7780,
#7781,#7782,#7783,#7784,#7785,#7786,#7787,#7788,#7789,#7790,#7791,#7792,
#7793,#7794,#7795,#7796,#7797,#7798,#7799,#7800,#7801,#7802,#7803,#7804,
#7805,#7806,#7807,#7808,#7809,#7810,#7811,#7812,#7813,#7814,#7815,#7816,
#7817,#7818,#7819,#7820,#7821,#7822,#7823,#7824,#7825,#7826,#7827,#7828,
#7829,#7830,#7831,#7832,#7833,#7834,#7835,#7836,#7837,#7838,#7839,#7840,
#7841,#7842,#7843,#7844,#7845,#7846,#7847,#7848,#7849,#7850,#7851,#7852,
#7853,#7854,#7855,#7856,#7857,#7858,#7859,#7860,#7861,#7862,#7863,#7864,
#7865,#7866,#7867,#7868,#7869,#7870,#7871,#7872,#7873,#7874,#7875,#7876,
#7877,#7878,#7879,#7880,#7881,#7882,#7883,#7884,#7885,#7886,#7887,#7888,
#7889,#7890,#7891,#7892,#7893,#7894,#7895,#7896,#7897,#7898,#7899,#7900,
#7901,#7902,#7903,#7904,#7905,#7906,#7907,#7908,#7909,#7910,#7911,#7912,
#7913,#7914,#7915,#7916,#7917,#7918,#7919,#7920,#7921,#7922,#7923,#7924,
#7925,#7926,#7927,#7928,#7929,#7930,#7931,#7932,#7933,#7934,#7935,#7936,
#7937,#7938,#7939,#7940,#7941,#7942,#7943,#7944,#7945,#7946,#7947,#7948,
#7949,#7950,#7951,#7952,#7953,#7954,#7955,#7956,#7957,#7958,#7959,#7960,
#7961,#7962,#7963,#7964,#7965,#7966,#7967,#7968,#7969,#7970,#7971,#7972,
#7973,#7974,#7975,#7976,#7977,#7978,#7979,#7980,#7981,#7982,#7983,#7984,
#7985,#7986,#7987,#7988,#7989,#7990,#7991,#7992,#7993,#7994,#7995,#7996,
#7997,#7998,#7999,#8000,#8001,#8002,#8003,#8004,#8005,#8006,#8007,#8008,
#8009,#8010,#8011,#8012,#8013,#8014,#8015,#8016,#8017,#8018,#8019,#8020,
#8021,#8022,#8023,#8024,#8025,#8026,#8027,#8028,#8029,#8030,#8031,#8032,
#8033,#8034,#8035,#8036,#8037,#8038,#8039,#8040,#8041,#8042,#8043,#8044,
#8045,#8046,#8047,#8048,#8049,#8050,#8051,#8052,#8053,#8054,#8055,#8056,
#8057,#8058,#8059,#8060,#8061,#8062,#8063,#8064,#8065,#8066,#8067,#8068,
#8069,#8070,#8071,#8072,#8073,#8074,#8075,#8076,#8077,#8078,#8079,#8080,
#8081,#8082,#8083,#8084,#8085,#8086,#8087,#8088,#8089,#8090,#8091,#8092,
#8093,#8094,#8095,#8096,#8097,#8098,#8099,#8100,#8101,#8102,#8103,#8104,
#8105,#8106,#8107,#8108,#8109,#8110,#8111,#8112,#8113,#8114,#8115,#8116,
#8117,#8118,#8119,#8120,#8121,#8122)),.UNSPECIFIED.,.F.,.F.,.F.)
B_SPLINE_SURFACE_WITH_KNOTS((2,2),(3,2,2,2,2,2,2,2,2,2,2,2,2,2,2,2,2,2,
2,2,2,2,2,2,2,2,2,2,2,2,2,2,2,2,2,2,2,2,2,2,2,2,2,2,2,2,2,2,2,2,2,2,2,2,
2,2,2,2,2,2,2,2,2,2,2,2,2,2,2,2,2,2,2,2,2,2,2,2,2,2,2,2,2,2,2,2,2,2,2,2,
2,2,2,2,2,2,2,2,2,2,2,2,2,2,2,2,2,2,2,2,2,2,2,2,2,2,2,2,2,2,2,2,2,2,2,2,
2,2,2,2,2,2,2,2,2,2,2,2,2,2,2,2,2,2,2,2,2,2,2,2,2,2,2,2,2,2,2,2,2,2,2,2,
2,2,2,2,2,2,2,2,2,2,2,2,2,2,2,2,2,2,2,2,2,2,2,2,2,2,2,2,2,2,2,2,2,2,2,2,
2,2,2,2,2,2,2,2,2,2,2,2,2,2,2,2,2,2,2,2,2,2,2,2,2,2,2,2,2,2,2,2,2,2,2,2,
2,2,2,2,2,2,2,2,2,2,2,2,2,2,2,2,2,2,2,2,2,2,2,2,3),(0.,1.000016004099),
(0.,0.00378787878787879,0.00757575757575758,0.0113636363636364,0.0151515151515152,
0.0189393939393939,0.0227272727272727,0.0265151515151515,0.0303030303030303,
0.0340909090909091,0.0378787878787879,0.0416666666666667,0.0454545454545455,
0.0492424242424242,0.053030303030303,0.0568181818181818,0.0606060606060606,
0.0643939393939394,0.0681818181818182,0.071969696969697,0.0757575757575758,
0.0795454545454545,0.0833333333333333,0.0871212121212121,0.0909090909090909,
0.0946969696969697,0.0984848484848485,0.102272727272727,0.106060606060606,
0.109848484848485,0.113636363636364,0.117424242424242,0.121212121212121,
0.125,0.128787878787879,0.132575757575758,0.136363636363636,0.140151515151515,
0.143939393939394,0.147727272727273,0.151515151515152,0.15530303030303,
0.159090909090909,0.162878787878788,0.166666666666667,0.170454545454545,
0.174242424242424,0.178030303030303,0.181818181818182,0.185606060606061,
0.189393939393939,0.193181818181818,0.196969696969697,0.200757575757576,
0.204545454545455,0.208333333333333,0.212121212121212,0.215909090909091,
0.21969696969697,0.223484848484848,0.227272727272727,0.231060606060606,
0.234848484848485,0.238636363636364,0.242424242424242,0.246212121212121,
0.25,0.253787878787879,0.257575757575758,0.261363636363636,0.265151515151515,
0.268939393939394,0.272727272727273,0.276515151515151,0.28030303030303,
0.284090909090909,0.287878787878788,0.291666666666667,0.295454545454545,
0.299242424242424,0.303030303030303,0.306818181818182,0.310606060606061,
0.314393939393939,0.318181818181818,0.321969696969697,0.325757575757576,
0.329545454545455,0.333333333333333,0.337121212121212,0.340909090909091,
0.34469696969697,0.348484848484849,0.352272727272727,0.356060606060606,
0.359848484848485,0.363636363636364,0.367424242424242,0.371212121212121,
0.375,0.378787878787879,0.382575757575758,0.386363636363636,0.390151515151515,
0.393939393939394,0.397727272727273,0.401515151515151,0.40530303030303,
0.409090909090909,0.412878787878788,0.416666666666667,0.420454545454545,
0.424242424242424,0.428030303030303,0.431818181818182,0.435606060606061,
0.439393939393939,0.443181818181818,0.446969696969697,0.450757575757576,
0.454545454545455,0.458333333333333,0.462121212121212,0.465909090909091,
0.46969696969697,0.473484848484849,0.477272727272727,0.481060606060606,
0.484848484848485,0.488636363636364,0.492424242424242,0.496212121212121,
0.5,0.503787878787879,0.507575757575758,0.511363636363636,0.515151515151515,
0.518939393939394,0.522727272727273,0.526515151515151,0.53030303030303,
0.534090909090909,0.537878787878788,0.541666666666667,0.545454545454545,
0.549242424242424,0.553030303030303,0.556818181818182,0.560606060606061,
0.564393939393939,0.568181818181818,0.571969696969697,0.575757575757576,
0.579545454545455,0.583333333333333,0.587121212121212,0.590909090909091,
0.59469696969697,0.598484848484849,0.602272727272727,0.606060606060606,
0.609848484848485,0.613636363636364,0.617424242424242,0.621212121212121,
0.625,0.628787878787879,0.632575757575758,0.636363636363636,0.640151515151515,
0.643939393939394,0.647727272727273,0.651515151515151,0.65530303030303,
0.659090909090909,0.662878787878788,0.666666666666667,0.670454545454545,
0.674242424242424,0.678030303030303,0.681818181818182,0.685606060606061,
0.689393939393939,0.693181818181818,0.696969696969697,0.700757575757576,
0.704545454545455,0.708333333333333,0.712121212121212,0.715909090909091,
0.71969696969697,0.723484848484849,0.727272727272727,0.731060606060606,
0.734848484848485,0.738636363636364,0.742424242424242,0.746212121212121,
0.75,0.753787878787879,0.757575757575758,0.761363636363636,0.765151515151515,
0.768939393939394,0.772727272727273,0.776515151515151,0.78030303030303,
0.784090909090909,0.787878787878788,0.791666666666667,0.795454545454545,
0.799242424242424,0.803030303030303,0.806818181818182,0.810606060606061,
0.814393939393939,0.818181818181818,0.821969696969697,0.825757575757576,
0.829545454545455,0.833333333333333,0.837121212121212,0.840909090909091,
0.84469696969697,0.848484848484849,0.852272727272727,0.856060606060606,
0.859848484848485,0.863636363636364,0.867424242424242,0.871212121212121,
0.875,0.878787878787879,0.882575757575758,0.886363636363636,0.890151515151515,
0.893939393939394,0.897727272727273,0.901515151515151,0.90530303030303,
0.909090909090909,0.912878787878788,0.916666666666667,0.920454545454545,
0.924242424242424,0.928030303030303,0.931818181818182,0.935606060606061,
0.939393939393939,0.943181818181818,0.946969696969697,0.950757575757576,
0.954545454545455,0.958333333333333,0.962121212121212,0.965909090909091,
0.96969696969697,0.973484848484849,0.977272727272727),.UNSPECIFIED.)
GEOMETRIC_REPRESENTATION_ITEM()
RATIONAL_B_SPLINE_SURFACE(((1.,0.923879532511287,1.,0.923879532511287,1.,
0.923879532511287,1.,0.923879532511287,1.,0.923879532511287,1.,0.923879532511287,
1.,0.923879532511287,1.,0.923879532511287,1.,0.923879532511287,1.,0.923879532511287,
1.,0.923879532511287,1.,0.923879532511287,1.,0.923879532511287,1.,0.923879532511287,
1.,0.923879532511287,1.,0.923879532511287,1.,0.923879532511287,1.,0.923879532511287,
1.,0.923879532511287,1.,0.923879532511287,1.,0.923879532511287,1.,0.923879532511287,
1.,0.923879532511287,1.,0.923879532511287,1.,0.923879532511287,1.,0.923879532511287,
1.,0.923879532511287,1.,0.923879532511287,1.,0.923879532511287,1.,0.923879532511287,
1.,0.923879532511287,1.,0.923879532511287,1.,0.923879532511287,1.,0.923879532511287,
1.,0.923879532511287,1.,0.923879532511287,1.,0.923879532511287,1.,0.923879532511287,
1.,0.923879532511287,1.,0.923879532511287,1.,0.923879532511287,1.,0.923879532511287,
1.,0.923879532511287,1.,0.923879532511287,1.,0.923879532511287,1.,0.923879532511287,
1.,0.923879532511287,1.,0.923879532511287,1.,0.923879532511287,1.,0.923879532511287,
1.,0.923879532511287,1.,0.923879532511287,1.,0.923879532511287,1.,0.923879532511287,
1.,0.923879532511287,1.,0.923879532511287,1.,0.923879532511287,1.,0.923879532511287,
1.,0.923879532511287,1.,0.923879532511287,1.,0.923879532511287,1.,0.923879532511287,
1.,0.923879532511287,1.,0.923879532511287,1.,0.923879532511287,1.,0.923879532511287,
1.,0.923879532511287,1.,0.923879532511287,1.,0.923879532511287,1.,0.923879532511287,
1.,0.923879532511287,1.,0.923879532511287,1.,0.923879532511287,1.,0.923879532511287,
1.,0.923879532511287,1.,0.923879532511287,1.,0.923879532511287,1.,0.923879532511287,
1.,0.923879532511287,1.,0.923879532511287,1.,0.923879532511287,1.,0.923879532511287,
1.,0.923879532511287,1.,0.923879532511287,1.,0.923879532511287,1.,0.923879532511287,
1.,0.923879532511287,1.,0.923879532511287,1.,0.923879532511287,1.,0.923879532511287,
1.,0.923879532511287,1.,0.923879532511287,1.,0.923879532511287,1.,0.923879532511287,
1.,0.923879532511287,1.,0.923879532511287,1.,0.923879532511287,1.,0.923879532511287,
1.,0.923879532511287,1.,0.923879532511287,1.,0.923879532511287,1.,0.923879532511287,
1.,0.923879532511287,1.,0.923879532511287,1.,0.923879532511287,1.,0.923879532511287,
1.,0.923879532511287,1.,0.923879532511287,1.,0.923879532511287,1.,0.923879532511287,
1.,0.923879532511287,1.,0.923879532511287,1.,0.923879532511287,1.,0.923879532511287,
1.,0.923879532511287,1.,0.923879532511287,1.,0.923879532511287,1.,0.923879532511287,
1.,0.923879532511287,1.,0.923879532511287,1.,0.923879532511287,1.,0.923879532511287,
1.,0.923879532511287,1.,0.923879532511287,1.,0.923879532511287,1.,0.923879532511287,
1.,0.923879532511287,1.,0.923879532511287,1.,0.923879532511287,1.,0.923879532511287,
1.,0.923879532511287,1.,0.923879532511287,1.,0.923879532511287,1.,0.923879532511287,
1.,0.923879532511287,1.,0.923879532511287,1.,0.923879532511287,1.,0.923879532511287,
1.,0.923879532511287,1.,0.923879532511287,1.,0.923879532511287,1.,0.923879532511287,
1.,0.923879532511287,1.,0.923879532511287,1.,0.923879532511287,1.,0.923879532511287,
1.,0.923879532511287,1.,0.923879532511287,1.,0.923879532511287,1.,0.923879532511287,
1.,0.923879532511287,1.,0.923879532511287,1.,0.923879532511287,1.,0.923879532511287,
1.,0.923879532511287,1.,0.923879532511287,1.,0.923879532511287,1.,0.923879532511287,
1.,0.923879532511287,1.,0.923879532511287,1.,0.923879532511287,1.,0.923879532511287,
1.,0.923879532511287,1.,0.923879532511287,1.,0.923879532511287,1.,0.923879532511287,
1.,0.923879532511287,1.,0.923879532511287,1.,0.923879532511287,1.,0.923879532511287,
1.,0.923879532511287,1.,0.923879532511287,1.,0.923879532511287,1.,0.923879532511287,
1.,0.923879532511287,1.,0.923879532511287,1.,0.923879532511287,1.,0.923879532511287,
1.,0.923879532511287,1.,0.923879532511287,1.,0.923879532511287,1.,0.923879532511287,
1.,0.923879532511287,1.,0.923879532511287,1.,0.923879532511287,1.,0.923879532511287,
1.,0.923879532511287,1.,0.923879532511287,1.,0.923879532511287,1.,0.923879532511287,
1.,0.923879532511287,1.,0.923879532511287,1.,0.923879532511287,1.,0.923879532511287,
1.,0.923879532511287,1.,0.923879532511287,1.,0.923879532511287,1.,0.923879532511287,
1.,0.923879532511287,1.,0.923879532511287,1.,0.923879532511287,1.,0.923879532511287,
1.,0.923879532511287,1.,0.923879532511287,1.,0.923879532511287,1.,0.923879532511287,
1.,0.923879532511287,1.,0.923879532511287,1.,0.923879532511287,1.,0.923879532511287,
1.,0.923879532511287,1.,0.923879532511287,1.,0.923879532511287,1.,0.923879532511287,
1.,0.923879532511287,1.,0.923879532511287,1.,0.923879532511287,1.,0.923879532511287,
1.,0.923879532511287,1.,0.923879532511287,1.,0.923879532511287,1.,0.923879532511287,
1.,0.923879532511287,1.,0.923879532511287,1.,0.923879532511287,1.,0.923879532511287,
1.,0.923879532511287,1.,0.923879532511287,1.,0.923879532511287,1.,0.923879532511287,
1.,0.923879532511287,1.,0.923879532511287,1.,0.923879532511287,1.,0.923879532511287,
1.,0.923879532511287,1.,0.923879532511287,1.,0.923879532511287,1.,0.923879532511287,
1.,0.923879532511287,1.,0.923879532511287,1.,0.923879532511287,1.,0.923879532511287,
1.,0.923879532511287,1.,0.923879532511287,1.,0.923879532511287,1.,0.923879532511287,
1.,0.923879532511287,1.,0.923879532511287,1.,0.923879532511287,1.,0.923879532511287,
1.,0.923879532511287,1.,0.923879532511287,1.,0.923879532511287,1.,0.923879532511287,
1.,0.923879532511287,1.,0.923879532511287,1.,0.923879532511287,1.,0.923879532511287,
1.),(1.,0.923879532511287,1.,0.923879532511287,1.,0.923879532511287,1.,
0.923879532511287,1.,0.923879532511287,1.,0.923879532511287,1.,0.923879532511287,
1.,0.923879532511287,1.,0.923879532511287,1.,0.923879532511287,1.,0.923879532511287,
1.,0.923879532511287,1.,0.923879532511287,1.,0.923879532511287,1.,0.923879532511287,
1.,0.923879532511287,1.,0.923879532511287,1.,0.923879532511287,1.,0.923879532511287,
1.,0.923879532511287,1.,0.923879532511287,1.,0.923879532511287,1.,0.923879532511287,
1.,0.923879532511287,1.,0.923879532511287,1.,0.923879532511287,1.,0.923879532511287,
1.,0.923879532511287,1.,0.923879532511287,1.,0.923879532511287,1.,0.923879532511287,
1.,0.923879532511287,1.,0.923879532511287,1.,0.923879532511287,1.,0.923879532511287,
1.,0.923879532511287,1.,0.923879532511287,1.,0.923879532511287,1.,0.923879532511287,
1.,0.923879532511287,1.,0.923879532511287,1.,0.923879532511287,1.,0.923879532511287,
1.,0.923879532511287,1.,0.923879532511287,1.,0.923879532511287,1.,0.923879532511287,
1.,0.923879532511287,1.,0.923879532511287,1.,0.923879532511287,1.,0.923879532511287,
1.,0.923879532511287,1.,0.923879532511287,1.,0.923879532511287,1.,0.923879532511287,
1.,0.923879532511287,1.,0.923879532511287,1.,0.923879532511287,1.,0.923879532511287,
1.,0.923879532511287,1.,0.923879532511287,1.,0.923879532511287,1.,0.923879532511287,
1.,0.923879532511287,1.,0.923879532511287,1.,0.923879532511287,1.,0.923879532511287,
1.,0.923879532511287,1.,0.923879532511287,1.,0.923879532511287,1.,0.923879532511287,
1.,0.923879532511287,1.,0.923879532511287,1.,0.923879532511287,1.,0.923879532511287,
1.,0.923879532511287,1.,0.923879532511287,1.,0.923879532511287,1.,0.923879532511287,
1.,0.923879532511287,1.,0.923879532511287,1.,0.923879532511287,1.,0.923879532511287,
1.,0.923879532511287,1.,0.923879532511287,1.,0.923879532511287,1.,0.923879532511287,
1.,0.923879532511287,1.,0.923879532511287,1.,0.923879532511287,1.,0.923879532511287,
1.,0.923879532511287,1.,0.923879532511287,1.,0.923879532511287,1.,0.923879532511287,
1.,0.923879532511287,1.,0.923879532511287,1.,0.923879532511287,1.,0.923879532511287,
1.,0.923879532511287,1.,0.923879532511287,1.,0.923879532511287,1.,0.923879532511287,
1.,0.923879532511287,1.,0.923879532511287,1.,0.923879532511287,1.,0.923879532511287,
1.,0.923879532511287,1.,0.923879532511287,1.,0.923879532511287,1.,0.923879532511287,
1.,0.923879532511287,1.,0.923879532511287,1.,0.923879532511287,1.,0.923879532511287,
1.,0.923879532511287,1.,0.923879532511287,1.,0.923879532511287,1.,0.923879532511287,
1.,0.923879532511287,1.,0.923879532511287,1.,0.923879532511287,1.,0.923879532511287,
1.,0.923879532511287,1.,0.923879532511287,1.,0.923879532511287,1.,0.923879532511287,
1.,0.923879532511287,1.,0.923879532511287,1.,0.923879532511287,1.,0.923879532511287,
1.,0.923879532511287,1.,0.923879532511287,1.,0.923879532511287,1.,0.923879532511287,
1.,0.923879532511287,1.,0.923879532511287,1.,0.923879532511287,1.,0.923879532511287,
1.,0.923879532511287,1.,0.923879532511287,1.,0.923879532511287,1.,0.923879532511287,
1.,0.923879532511287,1.,0.923879532511287,1.,0.923879532511287,1.,0.923879532511287,
1.,0.923879532511287,1.,0.923879532511287,1.,0.923879532511287,1.,0.923879532511287,
1.,0.923879532511287,1.,0.923879532511287,1.,0.923879532511287,1.,0.923879532511287,
1.,0.923879532511287,1.,0.923879532511287,1.,0.923879532511287,1.,0.923879532511287,
1.,0.923879532511287,1.,0.923879532511287,1.,0.923879532511287,1.,0.923879532511287,
1.,0.923879532511287,1.,0.923879532511287,1.,0.923879532511287,1.,0.923879532511287,
1.,0.923879532511287,1.,0.923879532511287,1.,0.923879532511287,1.,0.923879532511287,
1.,0.923879532511287,1.,0.923879532511287,1.,0.923879532511287,1.,0.923879532511287,
1.,0.923879532511287,1.,0.923879532511287,1.,0.923879532511287,1.,0.923879532511287,
1.,0.923879532511287,1.,0.923879532511287,1.,0.923879532511287,1.,0.923879532511287,
1.,0.923879532511287,1.,0.923879532511287,1.,0.923879532511287,1.,0.923879532511287,
1.,0.923879532511287,1.,0.923879532511287,1.,0.923879532511287,1.,0.923879532511287,
1.,0.923879532511287,1.,0.923879532511287,1.,0.923879532511287,1.,0.923879532511287,
1.,0.923879532511287,1.,0.923879532511287,1.,0.923879532511287,1.,0.923879532511287,
1.,0.923879532511287,1.,0.923879532511287,1.,0.923879532511287,1.,0.923879532511287,
1.,0.923879532511287,1.,0.923879532511287,1.,0.923879532511287,1.,0.923879532511287,
1.,0.923879532511287,1.,0.923879532511287,1.,0.923879532511287,1.,0.923879532511287,
1.,0.923879532511287,1.,0.923879532511287,1.,0.923879532511287,1.,0.923879532511287,
1.,0.923879532511287,1.,0.923879532511287,1.,0.923879532511287,1.,0.923879532511287,
1.,0.923879532511287,1.,0.923879532511287,1.,0.923879532511287,1.,0.923879532511287,
1.,0.923879532511287,1.,0.923879532511287,1.,0.923879532511287,1.,0.923879532511287,
1.,0.923879532511287,1.,0.923879532511287,1.,0.923879532511287,1.,0.923879532511287,
1.,0.923879532511287,1.,0.923879532511287,1.,0.923879532511287,1.,0.923879532511287,
1.,0.923879532511287,1.,0.923879532511287,1.,0.923879532511287,1.,0.923879532511287,
1.,0.923879532511287,1.,0.923879532511287,1.,0.923879532511287,1.,0.923879532511287,
1.,0.923879532511287,1.,0.923879532511287,1.,0.923879532511287,1.,0.923879532511287,
1.,0.923879532511287,1.,0.923879532511287,1.,0.923879532511287,1.,0.923879532511287,
1.,0.923879532511287,1.,0.923879532511287,1.,0.923879532511287,1.,0.923879532511287,
1.,0.923879532511287,1.,0.923879532511287,1.,0.923879532511287,1.)))
REPRESENTATION_ITEM('')
SURFACE()
);
#20=(
BOUNDED_SURFACE()
B_SPLINE_SURFACE(1,2,((#8123,#8124,#8125,#8126,#8127,#8128,#8129,#8130,
#8131,#8132,#8133,#8134,#8135,#8136,#8137,#8138,#8139,#8140,#8141,#8142,
#8143,#8144,#8145,#8146,#8147,#8148,#8149,#8150,#8151,#8152,#8153,#8154,
#8155,#8156,#8157,#8158,#8159,#8160,#8161,#8162,#8163,#8164,#8165,#8166,
#8167,#8168,#8169,#8170,#8171,#8172,#8173,#8174,#8175,#8176,#8177,#8178,
#8179,#8180,#8181,#8182,#8183,#8184,#8185,#8186,#8187,#8188,#8189,#8190,
#8191,#8192,#8193,#8194,#8195,#8196,#8197,#8198,#8199,#8200,#8201,#8202,
#8203,#8204,#8205,#8206,#8207,#8208,#8209,#8210,#8211,#8212,#8213,#8214,
#8215,#8216,#8217,#8218,#8219,#8220,#8221,#8222,#8223,#8224,#8225,#8226,
#8227,#8228,#8229,#8230,#8231,#8232,#8233,#8234,#8235,#8236,#8237,#8238,
#8239,#8240,#8241,#8242,#8243,#8244,#8245,#8246,#8247,#8248,#8249,#8250,
#8251,#8252,#8253,#8254,#8255,#8256,#8257,#8258,#8259,#8260,#8261,#8262,
#8263,#8264,#8265,#8266,#8267,#8268,#8269,#8270,#8271,#8272,#8273,#8274,
#8275,#8276,#8277,#8278,#8279,#8280,#8281,#8282,#8283,#8284,#8285,#8286,
#8287,#8288,#8289,#8290,#8291,#8292,#8293,#8294,#8295,#8296,#8297,#8298,
#8299,#8300,#8301,#8302,#8303,#8304,#8305,#8306,#8307,#8308,#8309,#8310,
#8311,#8312,#8313,#8314,#8315,#8316,#8317,#8318,#8319,#8320,#8321,#8322,
#8323,#8324,#8325,#8326,#8327,#8328,#8329,#8330,#8331,#8332,#8333,#8334,
#8335,#8336,#8337,#8338,#8339,#8340,#8341,#8342,#8343,#8344,#8345,#8346,
#8347,#8348,#8349,#8350,#8351,#8352,#8353,#8354,#8355,#8356,#8357,#8358,
#8359,#8360,#8361,#8362,#8363,#8364,#8365,#8366,#8367,#8368,#8369,#8370,
#8371,#8372,#8373,#8374,#8375,#8376,#8377,#8378,#8379,#8380,#8381,#8382,
#8383,#8384,#8385,#8386,#8387,#8388,#8389,#8390,#8391,#8392,#8393,#8394,
#8395,#8396,#8397,#8398,#8399,#8400,#8401,#8402,#8403,#8404,#8405,#8406,
#8407,#8408,#8409,#8410,#8411,#8412,#8413,#8414,#8415,#8416,#8417,#8418,
#8419,#8420,#8421,#8422,#8423,#8424,#8425,#8426,#8427,#8428,#8429,#8430,
#8431,#8432,#8433,#8434,#8435,#8436,#8437,#8438,#8439,#8440,#8441,#8442,
#8443,#8444,#8445,#8446,#8447,#8448,#8449,#8450,#8451,#8452,#8453,#8454,
#8455,#8456,#8457,#8458,#8459,#8460,#8461,#8462,#8463,#8464,#8465,#8466,
#8467,#8468,#8469,#8470,#8471,#8472,#8473,#8474,#8475,#8476,#8477,#8478,
#8479,#8480,#8481,#8482,#8483,#8484,#8485,#8486,#8487,#8488,#8489,#8490,
#8491,#8492,#8493,#8494,#8495,#8496,#8497,#8498,#8499,#8500,#8501,#8502,
#8503,#8504,#8505,#8506,#8507,#8508,#8509,#8510,#8511,#8512,#8513,#8514,
#8515,#8516,#8517,#8518,#8519,#8520,#8521,#8522,#8523,#8524,#8525,#8526,
#8527,#8528,#8529,#8530,#8531,#8532,#8533,#8534,#8535,#8536,#8537,#8538,
#8539,#8540,#8541,#8542,#8543,#8544,#8545,#8546,#8547,#8548,#8549,#8550,
#8551,#8552,#8553,#8554,#8555,#8556,#8557,#8558,#8559,#8560,#8561,#8562,
#8563,#8564,#8565,#8566,#8567,#8568,#8569,#8570,#8571,#8572,#8573,#8574,
#8575,#8576,#8577,#8578,#8579,#8580,#8581,#8582,#8583,#8584,#8585,#8586,
#8587,#8588,#8589,#8590,#8591,#8592,#8593,#8594,#8595,#8596,#8597,#8598,
#8599,#8600,#8601,#8602,#8603,#8604,#8605,#8606,#8607,#8608,#8609,#8610,
#8611,#8612,#8613,#8614,#8615,#8616,#8617,#8618,#8619,#8620,#8621,#8622,
#8623,#8624,#8625,#8626,#8627,#8628,#8629,#8630,#8631,#8632,#8633,#8634,
#8635,#8636,#8637,#8638,#8639),(#8640,#8641,#8642,#8643,#8644,#8645,#8646,
#8647,#8648,#8649,#8650,#8651,#8652,#8653,#8654,#8655,#8656,#8657,#8658,
#8659,#8660,#8661,#8662,#8663,#8664,#8665,#8666,#8667,#8668,#8669,#8670,
#8671,#8672,#8673,#8674,#8675,#8676,#8677,#8678,#8679,#8680,#8681,#8682,
#8683,#8684,#8685,#8686,#8687,#8688,#8689,#8690,#8691,#8692,#8693,#8694,
#8695,#8696,#8697,#8698,#8699,#8700,#8701,#8702,#8703,#8704,#8705,#8706,
#8707,#8708,#8709,#8710,#8711,#8712,#8713,#8714,#8715,#8716,#8717,#8718,
#8719,#8720,#8721,#8722,#8723,#8724,#8725,#8726,#8727,#8728,#8729,#8730,
#8731,#8732,#8733,#8734,#8735,#8736,#8737,#8738,#8739,#8740,#8741,#8742,
#8743,#8744,#8745,#8746,#8747,#8748,#8749,#8750,#8751,#8752,#8753,#8754,
#8755,#8756,#8757,#8758,#8759,#8760,#8761,#8762,#8763,#8764,#8765,#8766,
#8767,#8768,#8769,#8770,#8771,#8772,#8773,#8774,#8775,#8776,#8777,#8778,
#8779,#8780,#8781,#8782,#8783,#8784,#8785,#8786,#8787,#8788,#8789,#8790,
#8791,#8792,#8793,#8794,#8795,#8796,#8797,#8798,#8799,#8800,#8801,#8802,
#8803,#8804,#8805,#8806,#8807,#8808,#8809,#8810,#8811,#8812,#8813,#8814,
#8815,#8816,#8817,#8818,#8819,#8820,#8821,#8822,#8823,#8824,#8825,#8826,
#8827,#8828,#8829,#8830,#8831,#8832,#8833,#8834,#8835,#8836,#8837,#8838,
#8839,#8840,#8841,#8842,#8843,#8844,#8845,#8846,#8847,#8848,#8849,#8850,
#8851,#8852,#8853,#8854,#8855,#8856,#8857,#8858,#8859,#8860,#8861,#8862,
#8863,#8864,#8865,#8866,#8867,#8868,#8869,#8870,#8871,#8872,#8873,#8874,
#8875,#8876,#8877,#8878,#8879,#8880,#8881,#8882,#8883,#8884,#8885,#8886,
#8887,#8888,#8889,#8890,#8891,#8892,#8893,#8894,#8895,#8896,#8897,#8898,
#8899,#8900,#8901,#8902,#8903,#8904,#8905,#8906,#8907,#8908,#8909,#8910,
#8911,#8912,#8913,#8914,#8915,#8916,#8917,#8918,#8919,#8920,#8921,#8922,
#8923,#8924,#8925,#8926,#8927,#8928,#8929,#8930,#8931,#8932,#8933,#8934,
#8935,#8936,#8937,#8938,#8939,#8940,#8941,#8942,#8943,#8944,#8945,#8946,
#8947,#8948,#8949,#8950,#8951,#8952,#8953,#8954,#8955,#8956,#8957,#8958,
#8959,#8960,#8961,#8962,#8963,#8964,#8965,#8966,#8967,#8968,#8969,#8970,
#8971,#8972,#8973,#8974,#8975,#8976,#8977,#8978,#8979,#8980,#8981,#8982,
#8983,#8984,#8985,#8986,#8987,#8988,#8989,#8990,#8991,#8992,#8993,#8994,
#8995,#8996,#8997,#8998,#8999,#9000,#9001,#9002,#9003,#9004,#9005,#9006,
#9007,#9008,#9009,#9010,#9011,#9012,#9013,#9014,#9015,#9016,#9017,#9018,
#9019,#9020,#9021,#9022,#9023,#9024,#9025,#9026,#9027,#9028,#9029,#9030,
#9031,#9032,#9033,#9034,#9035,#9036,#9037,#9038,#9039,#9040,#9041,#9042,
#9043,#9044,#9045,#9046,#9047,#9048,#9049,#9050,#9051,#9052,#9053,#9054,
#9055,#9056,#9057,#9058,#9059,#9060,#9061,#9062,#9063,#9064,#9065,#9066,
#9067,#9068,#9069,#9070,#9071,#9072,#9073,#9074,#9075,#9076,#9077,#9078,
#9079,#9080,#9081,#9082,#9083,#9084,#9085,#9086,#9087,#9088,#9089,#9090,
#9091,#9092,#9093,#9094,#9095,#9096,#9097,#9098,#9099,#9100,#9101,#9102,
#9103,#9104,#9105,#9106,#9107,#9108,#9109,#9110,#9111,#9112,#9113,#9114,
#9115,#9116,#9117,#9118,#9119,#9120,#9121,#9122,#9123,#9124,#9125,#9126,
#9127,#9128,#9129,#9130,#9131,#9132,#9133,#9134,#9135,#9136,#9137,#9138,
#9139,#9140,#9141,#9142,#9143,#9144,#9145,#9146,#9147,#9148,#9149,#9150,
#9151,#9152,#9153,#9154,#9155,#9156)),.UNSPECIFIED.,.F.,.F.,.F.)
B_SPLINE_SURFACE_WITH_KNOTS((2,2),(3,2,2,2,2,2,2,2,2,2,2,2,2,2,2,2,2,2,
2,2,2,2,2,2,2,2,2,2,2,2,2,2,2,2,2,2,2,2,2,2,2,2,2,2,2,2,2,2,2,2,2,2,2,2,
2,2,2,2,2,2,2,2,2,2,2,2,2,2,2,2,2,2,2,2,2,2,2,2,2,2,2,2,2,2,2,2,2,2,2,2,
2,2,2,2,2,2,2,2,2,2,2,2,2,2,2,2,2,2,2,2,2,2,2,2,2,2,2,2,2,2,2,2,2,2,2,2,
2,2,2,2,2,2,2,2,2,2,2,2,2,2,2,2,2,2,2,2,2,2,2,2,2,2,2,2,2,2,2,2,2,2,2,2,
2,2,2,2,2,2,2,2,2,2,2,2,2,2,2,2,2,2,2,2,2,2,2,2,2,2,2,2,2,2,2,2,2,2,2,2,
2,2,2,2,2,2,2,2,2,2,2,2,2,2,2,2,2,2,2,2,2,2,2,2,2,2,2,2,2,2,2,2,2,2,2,2,
2,2,2,2,2,2,2,2,2,2,2,2,2,2,2,2,2,2,2,2,2,2,2,2,3),(-1.45336671897304E-5,
1.),(0.,0.00378787878787879,0.00757575757575758,0.0113636363636364,0.0151515151515152,
0.0189393939393939,0.0227272727272727,0.0265151515151515,0.0303030303030303,
0.0340909090909091,0.0378787878787879,0.0416666666666667,0.0454545454545455,
0.0492424242424242,0.053030303030303,0.0568181818181818,0.0606060606060606,
0.0643939393939394,0.0681818181818182,0.071969696969697,0.0757575757575758,
0.0795454545454545,0.0833333333333333,0.0871212121212121,0.0909090909090909,
0.0946969696969697,0.0984848484848485,0.102272727272727,0.106060606060606,
0.109848484848485,0.113636363636364,0.117424242424242,0.121212121212121,
0.125,0.128787878787879,0.132575757575758,0.136363636363636,0.140151515151515,
0.143939393939394,0.147727272727273,0.151515151515152,0.15530303030303,
0.159090909090909,0.162878787878788,0.166666666666667,0.170454545454545,
0.174242424242424,0.178030303030303,0.181818181818182,0.185606060606061,
0.189393939393939,0.193181818181818,0.196969696969697,0.200757575757576,
0.204545454545455,0.208333333333333,0.212121212121212,0.215909090909091,
0.21969696969697,0.223484848484848,0.227272727272727,0.231060606060606,
0.234848484848485,0.238636363636364,0.242424242424242,0.246212121212121,
0.25,0.253787878787879,0.257575757575758,0.261363636363636,0.265151515151515,
0.268939393939394,0.272727272727273,0.276515151515151,0.28030303030303,
0.284090909090909,0.287878787878788,0.291666666666667,0.295454545454545,
0.299242424242424,0.303030303030303,0.306818181818182,0.310606060606061,
0.314393939393939,0.318181818181818,0.321969696969697,0.325757575757576,
0.329545454545455,0.333333333333333,0.337121212121212,0.340909090909091,
0.34469696969697,0.348484848484849,0.352272727272727,0.356060606060606,
0.359848484848485,0.363636363636364,0.367424242424242,0.371212121212121,
0.375,0.378787878787879,0.382575757575758,0.386363636363636,0.390151515151515,
0.393939393939394,0.397727272727273,0.401515151515151,0.40530303030303,
0.409090909090909,0.412878787878788,0.416666666666667,0.420454545454545,
0.424242424242424,0.428030303030303,0.431818181818182,0.435606060606061,
0.439393939393939,0.443181818181818,0.446969696969697,0.450757575757576,
0.454545454545455,0.458333333333333,0.462121212121212,0.465909090909091,
0.46969696969697,0.473484848484849,0.477272727272727,0.481060606060606,
0.484848484848485,0.488636363636364,0.492424242424242,0.496212121212121,
0.5,0.503787878787879,0.507575757575758,0.511363636363636,0.515151515151515,
0.518939393939394,0.522727272727273,0.526515151515151,0.53030303030303,
0.534090909090909,0.537878787878788,0.541666666666667,0.545454545454545,
0.549242424242424,0.553030303030303,0.556818181818182,0.560606060606061,
0.564393939393939,0.568181818181818,0.571969696969697,0.575757575757576,
0.579545454545455,0.583333333333333,0.587121212121212,0.590909090909091,
0.59469696969697,0.598484848484849,0.602272727272727,0.606060606060606,
0.609848484848485,0.613636363636364,0.617424242424242,0.621212121212121,
0.625,0.628787878787879,0.632575757575758,0.636363636363636,0.640151515151515,
0.643939393939394,0.647727272727273,0.651515151515151,0.65530303030303,
0.659090909090909,0.662878787878788,0.666666666666667,0.670454545454545,
0.674242424242424,0.678030303030303,0.681818181818182,0.685606060606061,
0.689393939393939,0.693181818181818,0.696969696969697,0.700757575757576,
0.704545454545455,0.708333333333333,0.712121212121212,0.715909090909091,
0.71969696969697,0.723484848484849,0.727272727272727,0.731060606060606,
0.734848484848485,0.738636363636364,0.742424242424242,0.746212121212121,
0.75,0.753787878787879,0.757575757575758,0.761363636363636,0.765151515151515,
0.768939393939394,0.772727272727273,0.776515151515151,0.78030303030303,
0.784090909090909,0.787878787878788,0.791666666666667,0.795454545454545,
0.799242424242424,0.803030303030303,0.806818181818182,0.810606060606061,
0.814393939393939,0.818181818181818,0.821969696969697,0.825757575757576,
0.829545454545455,0.833333333333333,0.837121212121212,0.840909090909091,
0.84469696969697,0.848484848484849,0.852272727272727,0.856060606060606,
0.859848484848485,0.863636363636364,0.867424242424242,0.871212121212121,
0.875,0.878787878787879,0.882575757575758,0.886363636363636,0.890151515151515,
0.893939393939394,0.897727272727273,0.901515151515151,0.90530303030303,
0.909090909090909,0.912878787878788,0.916666666666667,0.920454545454545,
0.924242424242424,0.928030303030303,0.931818181818182,0.935606060606061,
0.939393939393939,0.943181818181818,0.946969696969697,0.950757575757576,
0.954545454545455,0.958333333333333,0.962121212121212,0.965909090909091,
0.96969696969697,0.973484848484849,0.977272727272727),.UNSPECIFIED.)
GEOMETRIC_REPRESENTATION_ITEM()
RATIONAL_B_SPLINE_SURFACE(((1.,0.923879532511287,1.,0.923879532511287,1.,
0.923879532511287,1.,0.923879532511287,1.,0.923879532511287,1.,0.923879532511287,
1.,0.923879532511287,1.,0.923879532511287,1.,0.923879532511287,1.,0.923879532511287,
1.,0.923879532511287,1.,0.923879532511287,1.,0.923879532511287,1.,0.923879532511287,
1.,0.923879532511287,1.,0.923879532511287,1.,0.923879532511287,1.,0.923879532511287,
1.,0.923879532511287,1.,0.923879532511287,1.,0.923879532511287,1.,0.923879532511287,
1.,0.923879532511287,1.,0.923879532511287,1.,0.923879532511287,1.,0.923879532511287,
1.,0.923879532511287,1.,0.923879532511287,1.,0.923879532511287,1.,0.923879532511287,
1.,0.923879532511287,1.,0.923879532511287,1.,0.923879532511287,1.,0.923879532511287,
1.,0.923879532511287,1.,0.923879532511287,1.,0.923879532511287,1.,0.923879532511287,
1.,0.923879532511287,1.,0.923879532511287,1.,0.923879532511287,1.,0.923879532511287,
1.,0.923879532511287,1.,0.923879532511287,1.,0.923879532511287,1.,0.923879532511287,
1.,0.923879532511287,1.,0.923879532511287,1.,0.923879532511287,1.,0.923879532511287,
1.,0.923879532511287,1.,0.923879532511287,1.,0.923879532511287,1.,0.923879532511287,
1.,0.923879532511287,1.,0.923879532511287,1.,0.923879532511287,1.,0.923879532511287,
1.,0.923879532511287,1.,0.923879532511287,1.,0.923879532511287,1.,0.923879532511287,
1.,0.923879532511287,1.,0.923879532511287,1.,0.923879532511287,1.,0.923879532511287,
1.,0.923879532511287,1.,0.923879532511287,1.,0.923879532511287,1.,0.923879532511287,
1.,0.923879532511287,1.,0.923879532511287,1.,0.923879532511287,1.,0.923879532511287,
1.,0.923879532511287,1.,0.923879532511287,1.,0.923879532511287,1.,0.923879532511287,
1.,0.923879532511287,1.,0.923879532511287,1.,0.923879532511287,1.,0.923879532511287,
1.,0.923879532511287,1.,0.923879532511287,1.,0.923879532511287,1.,0.923879532511287,
1.,0.923879532511287,1.,0.923879532511287,1.,0.923879532511287,1.,0.923879532511287,
1.,0.923879532511287,1.,0.923879532511287,1.,0.923879532511287,1.,0.923879532511287,
1.,0.923879532511287,1.,0.923879532511287,1.,0.923879532511287,1.,0.923879532511287,
1.,0.923879532511287,1.,0.923879532511287,1.,0.923879532511287,1.,0.923879532511287,
1.,0.923879532511287,1.,0.923879532511287,1.,0.923879532511287,1.,0.923879532511287,
1.,0.923879532511287,1.,0.923879532511287,1.,0.923879532511287,1.,0.923879532511287,
1.,0.923879532511287,1.,0.923879532511287,1.,0.923879532511287,1.,0.923879532511287,
1.,0.923879532511287,1.,0.923879532511287,1.,0.923879532511287,1.,0.923879532511287,
1.,0.923879532511287,1.,0.923879532511287,1.,0.923879532511287,1.,0.923879532511287,
1.,0.923879532511287,1.,0.923879532511287,1.,0.923879532511287,1.,0.923879532511287,
1.,0.923879532511287,1.,0.923879532511287,1.,0.923879532511287,1.,0.923879532511287,
1.,0.923879532511287,1.,0.923879532511287,1.,0.923879532511287,1.,0.923879532511287,
1.,0.923879532511287,1.,0.923879532511287,1.,0.923879532511287,1.,0.923879532511287,
1.,0.923879532511287,1.,0.923879532511287,1.,0.923879532511287,1.,0.923879532511287,
1.,0.923879532511287,1.,0.923879532511287,1.,0.923879532511287,1.,0.923879532511287,
1.,0.923879532511287,1.,0.923879532511287,1.,0.923879532511287,1.,0.923879532511287,
1.,0.923879532511287,1.,0.923879532511287,1.,0.923879532511287,1.,0.923879532511287,
1.,0.923879532511287,1.,0.923879532511287,1.,0.923879532511287,1.,0.923879532511287,
1.,0.923879532511287,1.,0.923879532511287,1.,0.923879532511287,1.,0.923879532511287,
1.,0.923879532511287,1.,0.923879532511287,1.,0.923879532511287,1.,0.923879532511287,
1.,0.923879532511287,1.,0.923879532511287,1.,0.923879532511287,1.,0.923879532511287,
1.,0.923879532511287,1.,0.923879532511287,1.,0.923879532511287,1.,0.923879532511287,
1.,0.923879532511287,1.,0.923879532511287,1.,0.923879532511287,1.,0.923879532511287,
1.,0.923879532511287,1.,0.923879532511287,1.,0.923879532511287,1.,0.923879532511287,
1.,0.923879532511287,1.,0.923879532511287,1.,0.923879532511287,1.,0.923879532511287,
1.,0.923879532511287,1.,0.923879532511287,1.,0.923879532511287,1.,0.923879532511287,
1.,0.923879532511287,1.,0.923879532511287,1.,0.923879532511287,1.,0.923879532511287,
1.,0.923879532511287,1.,0.923879532511287,1.,0.923879532511287,1.,0.923879532511287,
1.,0.923879532511287,1.,0.923879532511287,1.,0.923879532511287,1.,0.923879532511287,
1.,0.923879532511287,1.,0.923879532511287,1.,0.923879532511287,1.,0.923879532511287,
1.,0.923879532511287,1.,0.923879532511287,1.,0.923879532511287,1.,0.923879532511287,
1.,0.923879532511287,1.,0.923879532511287,1.,0.923879532511287,1.,0.923879532511287,
1.,0.923879532511287,1.,0.923879532511287,1.,0.923879532511287,1.,0.923879532511287,
1.,0.923879532511287,1.,0.923879532511287,1.,0.923879532511287,1.,0.923879532511287,
1.,0.923879532511287,1.,0.923879532511287,1.,0.923879532511287,1.,0.923879532511287,
1.,0.923879532511287,1.,0.923879532511287,1.,0.923879532511287,1.,0.923879532511287,
1.,0.923879532511287,1.,0.923879532511287,1.,0.923879532511287,1.,0.923879532511287,
1.,0.923879532511287,1.,0.923879532511287,1.,0.923879532511287,1.,0.923879532511287,
1.,0.923879532511287,1.,0.923879532511287,1.,0.923879532511287,1.,0.923879532511287,
1.,0.923879532511287,1.,0.923879532511287,1.,0.923879532511287,1.,0.923879532511287,
1.,0.923879532511287,1.,0.923879532511287,1.,0.923879532511287,1.,0.923879532511287,
1.,0.923879532511287,1.,0.923879532511287,1.,0.923879532511287,1.,0.923879532511287,
1.,0.923879532511287,1.,0.923879532511287,1.,0.923879532511287,1.,0.923879532511287,
1.),(1.,0.923879532511287,1.,0.923879532511287,1.,0.923879532511287,1.,
0.923879532511287,1.,0.923879532511287,1.,0.923879532511287,1.,0.923879532511287,
1.,0.923879532511287,1.,0.923879532511287,1.,0.923879532511287,1.,0.923879532511287,
1.,0.923879532511287,1.,0.923879532511287,1.,0.923879532511287,1.,0.923879532511287,
1.,0.923879532511287,1.,0.923879532511287,1.,0.923879532511287,1.,0.923879532511287,
1.,0.923879532511287,1.,0.923879532511287,1.,0.923879532511287,1.,0.923879532511287,
1.,0.923879532511287,1.,0.923879532511287,1.,0.923879532511287,1.,0.923879532511287,
1.,0.923879532511287,1.,0.923879532511287,1.,0.923879532511287,1.,0.923879532511287,
1.,0.923879532511287,1.,0.923879532511287,1.,0.923879532511287,1.,0.923879532511287,
1.,0.923879532511287,1.,0.923879532511287,1.,0.923879532511287,1.,0.923879532511287,
1.,0.923879532511287,1.,0.923879532511287,1.,0.923879532511287,1.,0.923879532511287,
1.,0.923879532511287,1.,0.923879532511287,1.,0.923879532511287,1.,0.923879532511287,
1.,0.923879532511287,1.,0.923879532511287,1.,0.923879532511287,1.,0.923879532511287,
1.,0.923879532511287,1.,0.923879532511287,1.,0.923879532511287,1.,0.923879532511287,
1.,0.923879532511287,1.,0.923879532511287,1.,0.923879532511287,1.,0.923879532511287,
1.,0.923879532511287,1.,0.923879532511287,1.,0.923879532511287,1.,0.923879532511287,
1.,0.923879532511287,1.,0.923879532511287,1.,0.923879532511287,1.,0.923879532511287,
1.,0.923879532511287,1.,0.923879532511287,1.,0.923879532511287,1.,0.923879532511287,
1.,0.923879532511287,1.,0.923879532511287,1.,0.923879532511287,1.,0.923879532511287,
1.,0.923879532511287,1.,0.923879532511287,1.,0.923879532511287,1.,0.923879532511287,
1.,0.923879532511287,1.,0.923879532511287,1.,0.923879532511287,1.,0.923879532511287,
1.,0.923879532511287,1.,0.923879532511287,1.,0.923879532511287,1.,0.923879532511287,
1.,0.923879532511287,1.,0.923879532511287,1.,0.923879532511287,1.,0.923879532511287,
1.,0.923879532511287,1.,0.923879532511287,1.,0.923879532511287,1.,0.923879532511287,
1.,0.923879532511287,1.,0.923879532511287,1.,0.923879532511287,1.,0.923879532511287,
1.,0.923879532511287,1.,0.923879532511287,1.,0.923879532511287,1.,0.923879532511287,
1.,0.923879532511287,1.,0.923879532511287,1.,0.923879532511287,1.,0.923879532511287,
1.,0.923879532511287,1.,0.923879532511287,1.,0.923879532511287,1.,0.923879532511287,
1.,0.923879532511287,1.,0.923879532511287,1.,0.923879532511287,1.,0.923879532511287,
1.,0.923879532511287,1.,0.923879532511287,1.,0.923879532511287,1.,0.923879532511287,
1.,0.923879532511287,1.,0.923879532511287,1.,0.923879532511287,1.,0.923879532511287,
1.,0.923879532511287,1.,0.923879532511287,1.,0.923879532511287,1.,0.923879532511287,
1.,0.923879532511287,1.,0.923879532511287,1.,0.923879532511287,1.,0.923879532511287,
1.,0.923879532511287,1.,0.923879532511287,1.,0.923879532511287,1.,0.923879532511287,
1.,0.923879532511287,1.,0.923879532511287,1.,0.923879532511287,1.,0.923879532511287,
1.,0.923879532511287,1.,0.923879532511287,1.,0.923879532511287,1.,0.923879532511287,
1.,0.923879532511287,1.,0.923879532511287,1.,0.923879532511287,1.,0.923879532511287,
1.,0.923879532511287,1.,0.923879532511287,1.,0.923879532511287,1.,0.923879532511287,
1.,0.923879532511287,1.,0.923879532511287,1.,0.923879532511287,1.,0.923879532511287,
1.,0.923879532511287,1.,0.923879532511287,1.,0.923879532511287,1.,0.923879532511287,
1.,0.923879532511287,1.,0.923879532511287,1.,0.923879532511287,1.,0.923879532511287,
1.,0.923879532511287,1.,0.923879532511287,1.,0.923879532511287,1.,0.923879532511287,
1.,0.923879532511287,1.,0.923879532511287,1.,0.923879532511287,1.,0.923879532511287,
1.,0.923879532511287,1.,0.923879532511287,1.,0.923879532511287,1.,0.923879532511287,
1.,0.923879532511287,1.,0.923879532511287,1.,0.923879532511287,1.,0.923879532511287,
1.,0.923879532511287,1.,0.923879532511287,1.,0.923879532511287,1.,0.923879532511287,
1.,0.923879532511287,1.,0.923879532511287,1.,0.923879532511287,1.,0.923879532511287,
1.,0.923879532511287,1.,0.923879532511287,1.,0.923879532511287,1.,0.923879532511287,
1.,0.923879532511287,1.,0.923879532511287,1.,0.923879532511287,1.,0.923879532511287,
1.,0.923879532511287,1.,0.923879532511287,1.,0.923879532511287,1.,0.923879532511287,
1.,0.923879532511287,1.,0.923879532511287,1.,0.923879532511287,1.,0.923879532511287,
1.,0.923879532511287,1.,0.923879532511287,1.,0.923879532511287,1.,0.923879532511287,
1.,0.923879532511287,1.,0.923879532511287,1.,0.923879532511287,1.,0.923879532511287,
1.,0.923879532511287,1.,0.923879532511287,1.,0.923879532511287,1.,0.923879532511287,
1.,0.923879532511287,1.,0.923879532511287,1.,0.923879532511287,1.,0.923879532511287,
1.,0.923879532511287,1.,0.923879532511287,1.,0.923879532511287,1.,0.923879532511287,
1.,0.923879532511287,1.,0.923879532511287,1.,0.923879532511287,1.,0.923879532511287,
1.,0.923879532511287,1.,0.923879532511287,1.,0.923879532511287,1.,0.923879532511287,
1.,0.923879532511287,1.,0.923879532511287,1.,0.923879532511287,1.,0.923879532511287,
1.,0.923879532511287,1.,0.923879532511287,1.,0.923879532511287,1.,0.923879532511287,
1.,0.923879532511287,1.,0.923879532511287,1.,0.923879532511287,1.,0.923879532511287,
1.,0.923879532511287,1.,0.923879532511287,1.,0.923879532511287,1.,0.923879532511287,
1.,0.923879532511287,1.,0.923879532511287,1.,0.923879532511287,1.,0.923879532511287,
1.,0.923879532511287,1.,0.923879532511287,1.,0.923879532511287,1.,0.923879532511287,
1.,0.923879532511287,1.,0.923879532511287,1.,0.923879532511287,1.)))
REPRESENTATION_ITEM('')
SURFACE()
);
#21=CONICAL_SURFACE('',#2457,2.5,0.349065850398867);
#22=CONICAL_SURFACE('',#2459,2.5,0.349065850398867);
#23=CONICAL_SURFACE('',#2494,1.9,0.785398163397457);
#24=CONICAL_SURFACE('',#2496,2.5,0.349065850398867);
#25=CONICAL_SURFACE('',#2505,4.,1.0471975511966);
#26=CONICAL_SURFACE('',#2507,4.,1.0471975511966);
#27=CONICAL_SURFACE('',#2509,4.,1.0471975511966);
#28=CONICAL_SURFACE('',#2511,4.,1.0471975511966);
#29=CONICAL_SURFACE('',#2513,4.,1.0471975511966);
#30=CONICAL_SURFACE('',#2515,4.,1.0471975511966);
#31=(
BOUNDED_CURVE()
B_SPLINE_CURVE(2,(#3332,#3333,#3334),.UNSPECIFIED.,.F.,.F.)
B_SPLINE_CURVE_WITH_KNOTS((3,3),(0.0143800965083158,0.0151515151515152),
 .UNSPECIFIED.)
CURVE()
GEOMETRIC_REPRESENTATION_ITEM()
RATIONAL_B_SPLINE_CURVE((0.975309662972068,0.984497722594041,1.))
REPRESENTATION_ITEM('')
);
#32=(
BOUNDED_CURVE()
B_SPLINE_CURVE(2,(#3340,#3341,#3342,#3343,#3344,#3345,#3346,#3347,#3348,
#3349,#3350,#3351,#3352,#3353,#3354,#3355,#3356),.UNSPECIFIED.,.F.,.F.)
B_SPLINE_CURVE_WITH_KNOTS((3,2,2,2,2,2,2,2,3),(0.0151515151515152,0.0189393939393939,
0.0227272727272727,0.0265151515151515,0.0303030303030303,0.0340909090909091,
0.0378787878787879,0.0416666666666667,0.0454545454545455),.UNSPECIFIED.)
CURVE()
GEOMETRIC_REPRESENTATION_ITEM()
RATIONAL_B_SPLINE_CURVE((1.,0.923879532511287,1.,0.923879532511287,1.,0.923879532511287,
1.,0.923879532511287,1.,0.923879532511287,1.,0.923879532511287,1.,0.923879532511287,
1.,0.923879532511287,1.))
REPRESENTATION_ITEM('')
);
#33=(
BOUNDED_CURVE()
B_SPLINE_CURVE(2,(#3359,#3360,#3361,#3362,#3363,#3364,#3365,#3366,#3367,
#3368,#3369,#3370,#3371,#3372,#3373,#3374,#3375),.UNSPECIFIED.,.F.,.F.)
B_SPLINE_CURVE_WITH_KNOTS((3,2,2,2,2,2,2,2,3),(0.0181679752962303,0.0189393939393939,
0.0227272727272727,0.0265151515151515,0.0303030303030303,0.0340909090909091,
0.0378787878787879,0.0416666666666667,0.0454545454545455),.UNSPECIFIED.)
CURVE()
GEOMETRIC_REPRESENTATION_ITEM()
RATIONAL_B_SPLINE_CURVE((0.97530966297292,0.984497722594759,1.,0.923879532511287,
1.,0.923879532511287,1.,0.923879532511287,1.,0.923879532511287,1.,0.923879532511287,
1.,0.923879532511287,1.,0.923879532511287,1.))
REPRESENTATION_ITEM('')
);
#34=(
BOUNDED_CURVE()
B_SPLINE_CURVE(2,(#3380,#3381,#3382,#3383,#3384,#3385,#3386,#3387,#3388,
#3389,#3390,#3391,#3392,#3393,#3394,#3395,#3396),.UNSPECIFIED.,.F.,.F.)
B_SPLINE_CURVE_WITH_KNOTS((3,2,2,2,2,2,2,2,3),(0.0454545454545455,0.0492424242424242,
0.053030303030303,0.0568181818181818,0.0606060606060606,0.0643939393939394,
0.0681818181818182,0.071969696969697,0.0757575757575758),.UNSPECIFIED.)
CURVE()
GEOMETRIC_REPRESENTATION_ITEM()
RATIONAL_B_SPLINE_CURVE((1.,0.923879532511287,1.,0.923879532511287,1.,0.923879532511287,
1.,0.923879532511287,1.,0.923879532511287,1.,0.923879532511287,1.,0.923879532511287,
1.,0.923879532511287,1.))
REPRESENTATION_ITEM('')
);
#35=(
BOUNDED_CURVE()
B_SPLINE_CURVE(2,(#3397,#3398,#3399,#3400,#3401,#3402,#3403,#3404,#3405,
#3406,#3407,#3408,#3409,#3410,#3411,#3412,#3413),.UNSPECIFIED.,.F.,.F.)
B_SPLINE_CURVE_WITH_KNOTS((3,2,2,2,2,2,2,2,3),(0.0454545454545455,0.0492424242424242,
0.053030303030303,0.0568181818181818,0.0606060606060606,0.0643939393939394,
0.0681818181818182,0.071969696969697,0.0757575757575758),.UNSPECIFIED.)
CURVE()
GEOMETRIC_REPRESENTATION_ITEM()
RATIONAL_B_SPLINE_CURVE((1.,0.923879532511287,1.,0.923879532511287,1.,0.923879532511287,
1.,0.923879532511287,1.,0.923879532511287,1.,0.923879532511287,1.,0.923879532511287,
1.,0.923879532511287,1.))
REPRESENTATION_ITEM('')
);
#36=(
BOUNDED_CURVE()
B_SPLINE_CURVE(2,(#3418,#3419,#3420,#3421,#3422,#3423,#3424,#3425,#3426,
#3427,#3428,#3429,#3430,#3431,#3432,#3433,#3434),.UNSPECIFIED.,.F.,.F.)
B_SPLINE_CURVE_WITH_KNOTS((3,2,2,2,2,2,2,2,3),(0.0757575757575758,0.0795454545454545,
0.0833333333333333,0.0871212121212121,0.0909090909090909,0.0946969696969697,
0.0984848484848485,0.102272727272727,0.106060606060606),.UNSPECIFIED.)
CURVE()
GEOMETRIC_REPRESENTATION_ITEM()
RATIONAL_B_SPLINE_CURVE((1.,0.923879532511287,1.,0.923879532511287,1.,0.923879532511287,
1.,0.923879532511287,1.,0.923879532511287,1.,0.923879532511287,1.,0.923879532511287,
1.,0.923879532511287,1.))
REPRESENTATION_ITEM('')
);
#37=(
BOUNDED_CURVE()
B_SPLINE_CURVE(2,(#3435,#3436,#3437,#3438,#3439,#3440,#3441,#3442,#3443,
#3444,#3445,#3446,#3447,#3448,#3449,#3450,#3451),.UNSPECIFIED.,.F.,.F.)
B_SPLINE_CURVE_WITH_KNOTS((3,2,2,2,2,2,2,2,3),(0.0757575757575758,0.0795454545454545,
0.0833333333333333,0.0871212121212121,0.0909090909090909,0.0946969696969697,
0.0984848484848485,0.102272727272727,0.106060606060606),.UNSPECIFIED.)
CURVE()
GEOMETRIC_REPRESENTATION_ITEM()
RATIONAL_B_SPLINE_CURVE((1.,0.923879532511287,1.,0.923879532511287,1.,0.923879532511287,
1.,0.923879532511287,1.,0.923879532511287,1.,0.923879532511287,1.,0.923879532511287,
1.,0.923879532511287,1.))
REPRESENTATION_ITEM('')
);
#38=(
BOUNDED_CURVE()
B_SPLINE_CURVE(2,(#3456,#3457,#3458,#3459,#3460,#3461,#3462,#3463,#3464,
#3465,#3466,#3467,#3468,#3469,#3470,#3471,#3472),.UNSPECIFIED.,.F.,.F.)
B_SPLINE_CURVE_WITH_KNOTS((3,2,2,2,2,2,2,2,3),(0.106060606060606,0.109848484848485,
0.113636363636364,0.117424242424242,0.121212121212121,0.125,0.128787878787879,
0.132575757575758,0.136363636363636),.UNSPECIFIED.)
CURVE()
GEOMETRIC_REPRESENTATION_ITEM()
RATIONAL_B_SPLINE_CURVE((1.,0.923879532511287,1.,0.923879532511287,1.,0.923879532511287,
1.,0.923879532511287,1.,0.923879532511287,1.,0.923879532511287,1.,0.923879532511287,
1.,0.923879532511287,1.))
REPRESENTATION_ITEM('')
);
#39=(
BOUNDED_CURVE()
B_SPLINE_CURVE(2,(#3473,#3474,#3475,#3476,#3477,#3478,#3479,#3480,#3481,
#3482,#3483,#3484,#3485,#3486,#3487,#3488,#3489),.UNSPECIFIED.,.F.,.F.)
B_SPLINE_CURVE_WITH_KNOTS((3,2,2,2,2,2,2,2,3),(0.106060606060606,0.109848484848485,
0.113636363636364,0.117424242424242,0.121212121212121,0.125,0.128787878787879,
0.132575757575758,0.136363636363636),.UNSPECIFIED.)
CURVE()
GEOMETRIC_REPRESENTATION_ITEM()
RATIONAL_B_SPLINE_CURVE((1.,0.923879532511287,1.,0.923879532511287,1.,0.923879532511287,
1.,0.923879532511287,1.,0.923879532511287,1.,0.923879532511287,1.,0.923879532511287,
1.,0.923879532511287,1.))
REPRESENTATION_ITEM('')
);
#40=(
BOUNDED_CURVE()
B_SPLINE_CURVE(2,(#3494,#3495,#3496,#3497,#3498,#3499,#3500,#3501,#3502,
#3503,#3504,#3505,#3506,#3507,#3508,#3509,#3510),.UNSPECIFIED.,.F.,.F.)
B_SPLINE_CURVE_WITH_KNOTS((3,2,2,2,2,2,2,2,3),(0.136363636363636,0.140151515151515,
0.143939393939394,0.147727272727273,0.151515151515152,0.15530303030303,
0.159090909090909,0.162878787878788,0.166666666666667),.UNSPECIFIED.)
CURVE()
GEOMETRIC_REPRESENTATION_ITEM()
RATIONAL_B_SPLINE_CURVE((1.,0.923879532511287,1.,0.923879532511287,1.,0.923879532511287,
1.,0.923879532511287,1.,0.923879532511287,1.,0.923879532511287,1.,0.923879532511287,
1.,0.923879532511287,1.))
REPRESENTATION_ITEM('')
);
#41=(
BOUNDED_CURVE()
B_SPLINE_CURVE(2,(#3511,#3512,#3513,#3514,#3515,#3516,#3517,#3518,#3519,
#3520,#3521,#3522,#3523,#3524,#3525,#3526,#3527),.UNSPECIFIED.,.F.,.F.)
B_SPLINE_CURVE_WITH_KNOTS((3,2,2,2,2,2,2,2,3),(0.136363636363636,0.140151515151515,
0.143939393939394,0.147727272727273,0.151515151515152,0.15530303030303,
0.159090909090909,0.162878787878788,0.166666666666667),.UNSPECIFIED.)
CURVE()
GEOMETRIC_REPRESENTATION_ITEM()
RATIONAL_B_SPLINE_CURVE((1.,0.923879532511287,1.,0.923879532511287,1.,0.923879532511287,
1.,0.923879532511287,1.,0.923879532511287,1.,0.923879532511287,1.,0.923879532511287,
1.,0.923879532511287,1.))
REPRESENTATION_ITEM('')
);
#42=(
BOUNDED_CURVE()
B_SPLINE_CURVE(2,(#3532,#3533,#3534,#3535,#3536,#3537,#3538,#3539,#3540,
#3541,#3542,#3543,#3544,#3545,#3546,#3547,#3548),.UNSPECIFIED.,.F.,.F.)
B_SPLINE_CURVE_WITH_KNOTS((3,2,2,2,2,2,2,2,3),(0.166666666666667,0.170454545454545,
0.174242424242424,0.178030303030303,0.181818181818182,0.185606060606061,
0.189393939393939,0.193181818181818,0.196969696969697),.UNSPECIFIED.)
CURVE()
GEOMETRIC_REPRESENTATION_ITEM()
RATIONAL_B_SPLINE_CURVE((1.,0.923879532511287,1.,0.923879532511287,1.,0.923879532511287,
1.,0.923879532511287,1.,0.923879532511287,1.,0.923879532511287,1.,0.923879532511287,
1.,0.923879532511287,1.))
REPRESENTATION_ITEM('')
);
#43=(
BOUNDED_CURVE()
B_SPLINE_CURVE(2,(#3549,#3550,#3551,#3552,#3553,#3554,#3555,#3556,#3557,
#3558,#3559,#3560,#3561,#3562,#3563,#3564,#3565),.UNSPECIFIED.,.F.,.F.)
B_SPLINE_CURVE_WITH_KNOTS((3,2,2,2,2,2,2,2,3),(0.166666666666667,0.170454545454545,
0.174242424242424,0.178030303030303,0.181818181818182,0.185606060606061,
0.189393939393939,0.193181818181818,0.196969696969697),.UNSPECIFIED.)
CURVE()
GEOMETRIC_REPRESENTATION_ITEM()
RATIONAL_B_SPLINE_CURVE((1.,0.923879532511287,1.,0.923879532511287,1.,0.923879532511287,
1.,0.923879532511287,1.,0.923879532511287,1.,0.923879532511287,1.,0.923879532511287,
1.,0.923879532511287,1.))
REPRESENTATION_ITEM('')
);
#44=(
BOUNDED_CURVE()
B_SPLINE_CURVE(2,(#3570,#3571,#3572,#3573,#3574,#3575,#3576,#3577,#3578,
#3579,#3580,#3581,#3582,#3583,#3584,#3585,#3586),.UNSPECIFIED.,.F.,.F.)
B_SPLINE_CURVE_WITH_KNOTS((3,2,2,2,2,2,2,2,3),(0.196969696969697,0.200757575757576,
0.204545454545455,0.208333333333333,0.212121212121212,0.215909090909091,
0.21969696969697,0.223484848484848,0.227272727272727),.UNSPECIFIED.)
CURVE()
GEOMETRIC_REPRESENTATION_ITEM()
RATIONAL_B_SPLINE_CURVE((1.,0.923879532511287,1.,0.923879532511287,1.,0.923879532511287,
1.,0.923879532511287,1.,0.923879532511287,1.,0.923879532511287,1.,0.923879532511287,
1.,0.923879532511287,1.))
REPRESENTATION_ITEM('')
);
#45=(
BOUNDED_CURVE()
B_SPLINE_CURVE(2,(#3587,#3588,#3589,#3590,#3591,#3592,#3593,#3594,#3595,
#3596,#3597,#3598,#3599,#3600,#3601,#3602,#3603),.UNSPECIFIED.,.F.,.F.)
B_SPLINE_CURVE_WITH_KNOTS((3,2,2,2,2,2,2,2,3),(0.196969696969697,0.200757575757576,
0.204545454545455,0.208333333333333,0.212121212121212,0.215909090909091,
0.21969696969697,0.223484848484848,0.227272727272727),.UNSPECIFIED.)
CURVE()
GEOMETRIC_REPRESENTATION_ITEM()
RATIONAL_B_SPLINE_CURVE((1.,0.923879532511287,1.,0.923879532511287,1.,0.923879532511287,
1.,0.923879532511287,1.,0.923879532511287,1.,0.923879532511287,1.,0.923879532511287,
1.,0.923879532511287,1.))
REPRESENTATION_ITEM('')
);
#46=(
BOUNDED_CURVE()
B_SPLINE_CURVE(2,(#3608,#3609,#3610,#3611,#3612,#3613,#3614,#3615,#3616,
#3617,#3618,#3619,#3620,#3621,#3622,#3623,#3624),.UNSPECIFIED.,.F.,.F.)
B_SPLINE_CURVE_WITH_KNOTS((3,2,2,2,2,2,2,2,3),(0.227272727272727,0.231060606060606,
0.234848484848485,0.238636363636364,0.242424242424242,0.246212121212121,
0.25,0.253787878787879,0.257575757575758),.UNSPECIFIED.)
CURVE()
GEOMETRIC_REPRESENTATION_ITEM()
RATIONAL_B_SPLINE_CURVE((1.,0.923879532511287,1.,0.923879532511287,1.,0.923879532511287,
1.,0.923879532511287,1.,0.923879532511287,1.,0.923879532511287,1.,0.923879532511287,
1.,0.923879532511287,1.))
REPRESENTATION_ITEM('')
);
#47=(
BOUNDED_CURVE()
B_SPLINE_CURVE(2,(#3625,#3626,#3627,#3628,#3629,#3630,#3631,#3632,#3633,
#3634,#3635,#3636,#3637,#3638,#3639,#3640,#3641),.UNSPECIFIED.,.F.,.F.)
B_SPLINE_CURVE_WITH_KNOTS((3,2,2,2,2,2,2,2,3),(0.227272727272727,0.231060606060606,
0.234848484848485,0.238636363636364,0.242424242424242,0.246212121212121,
0.25,0.253787878787879,0.257575757575758),.UNSPECIFIED.)
CURVE()
GEOMETRIC_REPRESENTATION_ITEM()
RATIONAL_B_SPLINE_CURVE((1.,0.923879532511287,1.,0.923879532511287,1.,0.923879532511287,
1.,0.923879532511287,1.,0.923879532511287,1.,0.923879532511287,1.,0.923879532511287,
1.,0.923879532511287,1.))
REPRESENTATION_ITEM('')
);
#48=(
BOUNDED_CURVE()
B_SPLINE_CURVE(2,(#3646,#3647,#3648,#3649,#3650,#3651,#3652,#3653,#3654,
#3655,#3656,#3657,#3658,#3659,#3660,#3661,#3662),.UNSPECIFIED.,.F.,.F.)
B_SPLINE_CURVE_WITH_KNOTS((3,2,2,2,2,2,2,2,3),(0.257575757575758,0.261363636363636,
0.265151515151515,0.268939393939394,0.272727272727273,0.276515151515151,
0.28030303030303,0.284090909090909,0.287878787878788),.UNSPECIFIED.)
CURVE()
GEOMETRIC_REPRESENTATION_ITEM()
RATIONAL_B_SPLINE_CURVE((1.,0.923879532511287,1.,0.923879532511287,1.,0.923879532511287,
1.,0.923879532511287,1.,0.923879532511287,1.,0.923879532511287,1.,0.923879532511287,
1.,0.923879532511287,1.))
REPRESENTATION_ITEM('')
);
#49=(
BOUNDED_CURVE()
B_SPLINE_CURVE(2,(#3663,#3664,#3665,#3666,#3667,#3668,#3669,#3670,#3671,
#3672,#3673,#3674,#3675,#3676,#3677,#3678,#3679),.UNSPECIFIED.,.F.,.F.)
B_SPLINE_CURVE_WITH_KNOTS((3,2,2,2,2,2,2,2,3),(0.257575757575758,0.261363636363636,
0.265151515151515,0.268939393939394,0.272727272727273,0.276515151515151,
0.28030303030303,0.284090909090909,0.287878787878788),.UNSPECIFIED.)
CURVE()
GEOMETRIC_REPRESENTATION_ITEM()
RATIONAL_B_SPLINE_CURVE((1.,0.923879532511287,1.,0.923879532511287,1.,0.923879532511287,
1.,0.923879532511287,1.,0.923879532511287,1.,0.923879532511287,1.,0.923879532511287,
1.,0.923879532511287,1.))
REPRESENTATION_ITEM('')
);
#50=(
BOUNDED_CURVE()
B_SPLINE_CURVE(2,(#3684,#3685,#3686,#3687,#3688,#3689,#3690,#3691,#3692,
#3693,#3694,#3695,#3696,#3697,#3698,#3699,#3700),.UNSPECIFIED.,.F.,.F.)
B_SPLINE_CURVE_WITH_KNOTS((3,2,2,2,2,2,2,2,3),(0.287878787878788,0.291666666666667,
0.295454545454545,0.299242424242424,0.303030303030303,0.306818181818182,
0.310606060606061,0.314393939393939,0.318181818181818),.UNSPECIFIED.)
CURVE()
GEOMETRIC_REPRESENTATION_ITEM()
RATIONAL_B_SPLINE_CURVE((1.,0.923879532511287,1.,0.923879532511287,1.,0.923879532511287,
1.,0.923879532511287,1.,0.923879532511287,1.,0.923879532511287,1.,0.923879532511287,
1.,0.923879532511287,1.))
REPRESENTATION_ITEM('')
);
#51=(
BOUNDED_CURVE()
B_SPLINE_CURVE(2,(#3701,#3702,#3703,#3704,#3705,#3706,#3707,#3708,#3709,
#3710,#3711,#3712,#3713,#3714,#3715,#3716,#3717),.UNSPECIFIED.,.F.,.F.)
B_SPLINE_CURVE_WITH_KNOTS((3,2,2,2,2,2,2,2,3),(0.287878787878788,0.291666666666667,
0.295454545454545,0.299242424242424,0.303030303030303,0.306818181818182,
0.310606060606061,0.314393939393939,0.318181818181818),.UNSPECIFIED.)
CURVE()
GEOMETRIC_REPRESENTATION_ITEM()
RATIONAL_B_SPLINE_CURVE((1.,0.923879532511287,1.,0.923879532511287,1.,0.923879532511287,
1.,0.923879532511287,1.,0.923879532511287,1.,0.923879532511287,1.,0.923879532511287,
1.,0.923879532511287,1.))
REPRESENTATION_ITEM('')
);
#52=(
BOUNDED_CURVE()
B_SPLINE_CURVE(2,(#3722,#3723,#3724,#3725,#3726,#3727,#3728,#3729,#3730,
#3731,#3732,#3733,#3734,#3735,#3736,#3737,#3738),.UNSPECIFIED.,.F.,.F.)
B_SPLINE_CURVE_WITH_KNOTS((3,2,2,2,2,2,2,2,3),(0.318181818181818,0.321969696969697,
0.325757575757576,0.329545454545455,0.333333333333333,0.337121212121212,
0.340909090909091,0.34469696969697,0.348484848484849),.UNSPECIFIED.)
CURVE()
GEOMETRIC_REPRESENTATION_ITEM()
RATIONAL_B_SPLINE_CURVE((1.,0.923879532511287,1.,0.923879532511287,1.,0.923879532511287,
1.,0.923879532511287,1.,0.923879532511287,1.,0.923879532511287,1.,0.923879532511287,
1.,0.923879532511287,1.))
REPRESENTATION_ITEM('')
);
#53=(
BOUNDED_CURVE()
B_SPLINE_CURVE(2,(#3739,#3740,#3741,#3742,#3743,#3744,#3745,#3746,#3747,
#3748,#3749,#3750,#3751,#3752,#3753,#3754,#3755),.UNSPECIFIED.,.F.,.F.)
B_SPLINE_CURVE_WITH_KNOTS((3,2,2,2,2,2,2,2,3),(0.318181818181818,0.321969696969697,
0.325757575757576,0.329545454545455,0.333333333333333,0.337121212121212,
0.340909090909091,0.34469696969697,0.348484848484849),.UNSPECIFIED.)
CURVE()
GEOMETRIC_REPRESENTATION_ITEM()
RATIONAL_B_SPLINE_CURVE((1.,0.923879532511287,1.,0.923879532511287,1.,0.923879532511287,
1.,0.923879532511287,1.,0.923879532511287,1.,0.923879532511287,1.,0.923879532511287,
1.,0.923879532511287,1.))
REPRESENTATION_ITEM('')
);
#54=(
BOUNDED_CURVE()
B_SPLINE_CURVE(2,(#3760,#3761,#3762,#3763,#3764,#3765,#3766,#3767,#3768,
#3769,#3770,#3771,#3772,#3773,#3774,#3775,#3776),.UNSPECIFIED.,.F.,.F.)
B_SPLINE_CURVE_WITH_KNOTS((3,2,2,2,2,2,2,2,3),(0.348484848484849,0.352272727272727,
0.356060606060606,0.359848484848485,0.363636363636364,0.367424242424242,
0.371212121212121,0.375,0.378787878787879),.UNSPECIFIED.)
CURVE()
GEOMETRIC_REPRESENTATION_ITEM()
RATIONAL_B_SPLINE_CURVE((1.,0.923879532511287,1.,0.923879532511287,1.,0.923879532511287,
1.,0.923879532511287,1.,0.923879532511287,1.,0.923879532511287,1.,0.923879532511287,
1.,0.923879532511287,1.))
REPRESENTATION_ITEM('')
);
#55=(
BOUNDED_CURVE()
B_SPLINE_CURVE(2,(#3777,#3778,#3779,#3780,#3781,#3782,#3783,#3784,#3785,
#3786,#3787,#3788,#3789,#3790,#3791,#3792,#3793),.UNSPECIFIED.,.F.,.F.)
B_SPLINE_CURVE_WITH_KNOTS((3,2,2,2,2,2,2,2,3),(0.348484848484849,0.352272727272727,
0.356060606060606,0.359848484848485,0.363636363636364,0.367424242424242,
0.371212121212121,0.375,0.378787878787879),.UNSPECIFIED.)
CURVE()
GEOMETRIC_REPRESENTATION_ITEM()
RATIONAL_B_SPLINE_CURVE((1.,0.923879532511287,1.,0.923879532511287,1.,0.923879532511287,
1.,0.923879532511287,1.,0.923879532511287,1.,0.923879532511287,1.,0.923879532511287,
1.,0.923879532511287,1.))
REPRESENTATION_ITEM('')
);
#56=(
BOUNDED_CURVE()
B_SPLINE_CURVE(2,(#3798,#3799,#3800,#3801,#3802,#3803,#3804,#3805,#3806,
#3807,#3808,#3809,#3810,#3811,#3812,#3813,#3814),.UNSPECIFIED.,.F.,.F.)
B_SPLINE_CURVE_WITH_KNOTS((3,2,2,2,2,2,2,2,3),(0.378787878787879,0.382575757575758,
0.386363636363636,0.390151515151515,0.393939393939394,0.397727272727273,
0.401515151515151,0.40530303030303,0.409090909090909),.UNSPECIFIED.)
CURVE()
GEOMETRIC_REPRESENTATION_ITEM()
RATIONAL_B_SPLINE_CURVE((1.,0.923879532511287,1.,0.923879532511287,1.,0.923879532511287,
1.,0.923879532511287,1.,0.923879532511287,1.,0.923879532511287,1.,0.923879532511287,
1.,0.923879532511287,1.))
REPRESENTATION_ITEM('')
);
#57=(
BOUNDED_CURVE()
B_SPLINE_CURVE(2,(#3815,#3816,#3817,#3818,#3819,#3820,#3821,#3822,#3823,
#3824,#3825,#3826,#3827,#3828,#3829,#3830,#3831),.UNSPECIFIED.,.F.,.F.)
B_SPLINE_CURVE_WITH_KNOTS((3,2,2,2,2,2,2,2,3),(0.378787878787879,0.382575757575758,
0.386363636363636,0.390151515151515,0.393939393939394,0.397727272727273,
0.401515151515151,0.40530303030303,0.409090909090909),.UNSPECIFIED.)
CURVE()
GEOMETRIC_REPRESENTATION_ITEM()
RATIONAL_B_SPLINE_CURVE((1.,0.923879532511287,1.,0.923879532511287,1.,0.923879532511287,
1.,0.923879532511287,1.,0.923879532511287,1.,0.923879532511287,1.,0.923879532511287,
1.,0.923879532511287,1.))
REPRESENTATION_ITEM('')
);
#58=(
BOUNDED_CURVE()
B_SPLINE_CURVE(2,(#3836,#3837,#3838,#3839,#3840,#3841,#3842,#3843,#3844,
#3845,#3846,#3847,#3848,#3849,#3850,#3851,#3852),.UNSPECIFIED.,.F.,.F.)
B_SPLINE_CURVE_WITH_KNOTS((3,2,2,2,2,2,2,2,3),(0.409090909090909,0.412878787878788,
0.416666666666667,0.420454545454545,0.424242424242424,0.428030303030303,
0.431818181818182,0.435606060606061,0.439393939393939),.UNSPECIFIED.)
CURVE()
GEOMETRIC_REPRESENTATION_ITEM()
RATIONAL_B_SPLINE_CURVE((1.,0.923879532511287,1.,0.923879532511287,1.,0.923879532511287,
1.,0.923879532511287,1.,0.923879532511287,1.,0.923879532511287,1.,0.923879532511287,
1.,0.923879532511287,1.))
REPRESENTATION_ITEM('')
);
#59=(
BOUNDED_CURVE()
B_SPLINE_CURVE(2,(#3853,#3854,#3855,#3856,#3857,#3858,#3859,#3860,#3861,
#3862,#3863,#3864,#3865,#3866,#3867,#3868,#3869),.UNSPECIFIED.,.F.,.F.)
B_SPLINE_CURVE_WITH_KNOTS((3,2,2,2,2,2,2,2,3),(0.409090909090909,0.412878787878788,
0.416666666666667,0.420454545454545,0.424242424242424,0.428030303030303,
0.431818181818182,0.435606060606061,0.439393939393939),.UNSPECIFIED.)
CURVE()
GEOMETRIC_REPRESENTATION_ITEM()
RATIONAL_B_SPLINE_CURVE((1.,0.923879532511287,1.,0.923879532511287,1.,0.923879532511287,
1.,0.923879532511287,1.,0.923879532511287,1.,0.923879532511287,1.,0.923879532511287,
1.,0.923879532511287,1.))
REPRESENTATION_ITEM('')
);
#60=(
BOUNDED_CURVE()
B_SPLINE_CURVE(2,(#3874,#3875,#3876,#3877,#3878,#3879,#3880,#3881,#3882,
#3883,#3884,#3885,#3886,#3887,#3888,#3889,#3890),.UNSPECIFIED.,.F.,.F.)
B_SPLINE_CURVE_WITH_KNOTS((3,2,2,2,2,2,2,2,3),(0.439393939393939,0.443181818181818,
0.446969696969697,0.450757575757576,0.454545454545455,0.458333333333333,
0.462121212121212,0.465909090909091,0.46969696969697),.UNSPECIFIED.)
CURVE()
GEOMETRIC_REPRESENTATION_ITEM()
RATIONAL_B_SPLINE_CURVE((1.,0.923879532511287,1.,0.923879532511287,1.,0.923879532511287,
1.,0.923879532511287,1.,0.923879532511287,1.,0.923879532511287,1.,0.923879532511287,
1.,0.923879532511287,1.))
REPRESENTATION_ITEM('')
);
#61=(
BOUNDED_CURVE()
B_SPLINE_CURVE(2,(#3891,#3892,#3893,#3894,#3895,#3896,#3897,#3898,#3899,
#3900,#3901,#3902,#3903,#3904,#3905,#3906,#3907),.UNSPECIFIED.,.F.,.F.)
B_SPLINE_CURVE_WITH_KNOTS((3,2,2,2,2,2,2,2,3),(0.439393939393939,0.443181818181818,
0.446969696969697,0.450757575757576,0.454545454545455,0.458333333333333,
0.462121212121212,0.465909090909091,0.46969696969697),.UNSPECIFIED.)
CURVE()
GEOMETRIC_REPRESENTATION_ITEM()
RATIONAL_B_SPLINE_CURVE((1.,0.923879532511287,1.,0.923879532511287,1.,0.923879532511287,
1.,0.923879532511287,1.,0.923879532511287,1.,0.923879532511287,1.,0.923879532511287,
1.,0.923879532511287,1.))
REPRESENTATION_ITEM('')
);
#62=(
BOUNDED_CURVE()
B_SPLINE_CURVE(2,(#3912,#3913,#3914,#3915,#3916,#3917,#3918,#3919,#3920,
#3921,#3922,#3923,#3924,#3925,#3926,#3927,#3928),.UNSPECIFIED.,.F.,.F.)
B_SPLINE_CURVE_WITH_KNOTS((3,2,2,2,2,2,2,2,3),(0.46969696969697,0.473484848484849,
0.477272727272727,0.481060606060606,0.484848484848485,0.488636363636364,
0.492424242424242,0.496212121212121,0.5),.UNSPECIFIED.)
CURVE()
GEOMETRIC_REPRESENTATION_ITEM()
RATIONAL_B_SPLINE_CURVE((1.,0.923879532511287,1.,0.923879532511287,1.,0.923879532511287,
1.,0.923879532511287,1.,0.923879532511287,1.,0.923879532511287,1.,0.923879532511287,
1.,0.923879532511287,1.))
REPRESENTATION_ITEM('')
);
#63=(
BOUNDED_CURVE()
B_SPLINE_CURVE(2,(#3929,#3930,#3931,#3932,#3933,#3934,#3935,#3936,#3937,
#3938,#3939,#3940,#3941,#3942,#3943,#3944,#3945),.UNSPECIFIED.,.F.,.F.)
B_SPLINE_CURVE_WITH_KNOTS((3,2,2,2,2,2,2,2,3),(0.46969696969697,0.473484848484848,
0.477272727272727,0.481060606060606,0.484848484848485,0.488636363636364,
0.492424242424242,0.496212121212121,0.5),.UNSPECIFIED.)
CURVE()
GEOMETRIC_REPRESENTATION_ITEM()
RATIONAL_B_SPLINE_CURVE((1.,0.923879532511287,1.,0.923879532511287,1.,0.923879532511287,
1.,0.923879532511287,1.,0.923879532511287,1.,0.923879532511287,1.,0.923879532511287,
1.,0.923879532511287,1.))
REPRESENTATION_ITEM('')
);
#64=(
BOUNDED_CURVE()
B_SPLINE_CURVE(2,(#3950,#3951,#3952,#3953,#3954,#3955,#3956,#3957,#3958,
#3959,#3960,#3961,#3962,#3963,#3964,#3965,#3966),.UNSPECIFIED.,.F.,.F.)
B_SPLINE_CURVE_WITH_KNOTS((3,2,2,2,2,2,2,2,3),(0.5,0.503787878787879,0.507575757575758,
0.511363636363636,0.515151515151515,0.518939393939394,0.522727272727273,
0.526515151515151,0.53030303030303),.UNSPECIFIED.)
CURVE()
GEOMETRIC_REPRESENTATION_ITEM()
RATIONAL_B_SPLINE_CURVE((1.,0.923879532511287,1.,0.923879532511287,1.,0.923879532511287,
1.,0.923879532511287,1.,0.923879532511287,1.,0.923879532511287,1.,0.923879532511287,
1.,0.923879532511287,1.))
REPRESENTATION_ITEM('')
);
#65=(
BOUNDED_CURVE()
B_SPLINE_CURVE(2,(#3967,#3968,#3969,#3970,#3971,#3972,#3973,#3974,#3975,
#3976,#3977,#3978,#3979,#3980,#3981,#3982,#3983),.UNSPECIFIED.,.F.,.F.)
B_SPLINE_CURVE_WITH_KNOTS((3,2,2,2,2,2,2,2,3),(0.5,0.503787878787879,0.507575757575758,
0.511363636363636,0.515151515151515,0.518939393939394,0.522727272727273,
0.526515151515151,0.53030303030303),.UNSPECIFIED.)
CURVE()
GEOMETRIC_REPRESENTATION_ITEM()
RATIONAL_B_SPLINE_CURVE((1.,0.923879532511287,1.,0.923879532511287,1.,0.923879532511287,
1.,0.923879532511287,1.,0.923879532511287,1.,0.923879532511287,1.,0.923879532511287,
1.,0.923879532511287,1.))
REPRESENTATION_ITEM('')
);
#66=(
BOUNDED_CURVE()
B_SPLINE_CURVE(2,(#3988,#3989,#3990,#3991,#3992,#3993,#3994,#3995,#3996,
#3997,#3998,#3999,#4000,#4001,#4002,#4003,#4004),.UNSPECIFIED.,.F.,.F.)
B_SPLINE_CURVE_WITH_KNOTS((3,2,2,2,2,2,2,2,3),(0.53030303030303,0.534090909090909,
0.537878787878788,0.541666666666667,0.545454545454545,0.549242424242424,
0.553030303030303,0.556818181818182,0.560606060606061),.UNSPECIFIED.)
CURVE()
GEOMETRIC_REPRESENTATION_ITEM()
RATIONAL_B_SPLINE_CURVE((1.,0.923879532511287,1.,0.923879532511287,1.,0.923879532511287,
1.,0.923879532511287,1.,0.923879532511287,1.,0.923879532511287,1.,0.923879532511287,
1.,0.923879532511287,1.))
REPRESENTATION_ITEM('')
);
#67=(
BOUNDED_CURVE()
B_SPLINE_CURVE(2,(#4005,#4006,#4007,#4008,#4009,#4010,#4011,#4012,#4013,
#4014,#4015,#4016,#4017,#4018,#4019,#4020,#4021),.UNSPECIFIED.,.F.,.F.)
B_SPLINE_CURVE_WITH_KNOTS((3,2,2,2,2,2,2,2,3),(0.53030303030303,0.534090909090909,
0.537878787878788,0.541666666666667,0.545454545454545,0.549242424242424,
0.553030303030303,0.556818181818182,0.560606060606061),.UNSPECIFIED.)
CURVE()
GEOMETRIC_REPRESENTATION_ITEM()
RATIONAL_B_SPLINE_CURVE((1.,0.923879532511287,1.,0.923879532511287,1.,0.923879532511287,
1.,0.923879532511287,1.,0.923879532511287,1.,0.923879532511287,1.,0.923879532511287,
1.,0.923879532511287,1.))
REPRESENTATION_ITEM('')
);
#68=(
BOUNDED_CURVE()
B_SPLINE_CURVE(2,(#4026,#4027,#4028,#4029,#4030,#4031,#4032,#4033,#4034,
#4035,#4036,#4037,#4038,#4039,#4040,#4041,#4042),.UNSPECIFIED.,.F.,.F.)
B_SPLINE_CURVE_WITH_KNOTS((3,2,2,2,2,2,2,2,3),(0.560606060606061,0.564393939393939,
0.568181818181818,0.571969696969697,0.575757575757576,0.579545454545455,
0.583333333333333,0.587121212121212,0.590909090909091),.UNSPECIFIED.)
CURVE()
GEOMETRIC_REPRESENTATION_ITEM()
RATIONAL_B_SPLINE_CURVE((1.,0.923879532511287,1.,0.923879532511287,1.,0.923879532511287,
1.,0.923879532511287,1.,0.923879532511287,1.,0.923879532511287,1.,0.923879532511287,
1.,0.923879532511287,1.))
REPRESENTATION_ITEM('')
);
#69=(
BOUNDED_CURVE()
B_SPLINE_CURVE(2,(#4043,#4044,#4045,#4046,#4047,#4048,#4049,#4050,#4051,
#4052,#4053,#4054,#4055,#4056,#4057,#4058,#4059),.UNSPECIFIED.,.F.,.F.)
B_SPLINE_CURVE_WITH_KNOTS((3,2,2,2,2,2,2,2,3),(0.560606060606061,0.564393939393939,
0.568181818181818,0.571969696969697,0.575757575757576,0.579545454545455,
0.583333333333333,0.587121212121212,0.590909090909091),.UNSPECIFIED.)
CURVE()
GEOMETRIC_REPRESENTATION_ITEM()
RATIONAL_B_SPLINE_CURVE((1.,0.923879532511287,1.,0.923879532511287,1.,0.923879532511287,
1.,0.923879532511287,1.,0.923879532511287,1.,0.923879532511287,1.,0.923879532511287,
1.,0.923879532511287,1.))
REPRESENTATION_ITEM('')
);
#70=(
BOUNDED_CURVE()
B_SPLINE_CURVE(2,(#4064,#4065,#4066,#4067,#4068,#4069,#4070,#4071,#4072,
#4073,#4074,#4075,#4076,#4077,#4078,#4079,#4080),.UNSPECIFIED.,.F.,.F.)
B_SPLINE_CURVE_WITH_KNOTS((3,2,2,2,2,2,2,2,3),(0.590909090909091,0.59469696969697,
0.598484848484849,0.602272727272727,0.606060606060606,0.609848484848485,
0.613636363636364,0.617424242424242,0.621212121212121),.UNSPECIFIED.)
CURVE()
GEOMETRIC_REPRESENTATION_ITEM()
RATIONAL_B_SPLINE_CURVE((1.,0.923879532511287,1.,0.923879532511287,1.,0.923879532511287,
1.,0.923879532511287,1.,0.923879532511287,1.,0.923879532511287,1.,0.923879532511287,
1.,0.923879532511287,1.))
REPRESENTATION_ITEM('')
);
#71=(
BOUNDED_CURVE()
B_SPLINE_CURVE(2,(#4081,#4082,#4083,#4084,#4085,#4086,#4087,#4088,#4089,
#4090,#4091,#4092,#4093,#4094,#4095,#4096,#4097),.UNSPECIFIED.,.F.,.F.)
B_SPLINE_CURVE_WITH_KNOTS((3,2,2,2,2,2,2,2,3),(0.590909090909091,0.59469696969697,
0.598484848484849,0.602272727272727,0.606060606060606,0.609848484848485,
0.613636363636364,0.617424242424242,0.621212121212121),.UNSPECIFIED.)
CURVE()
GEOMETRIC_REPRESENTATION_ITEM()
RATIONAL_B_SPLINE_CURVE((1.,0.923879532511287,1.,0.923879532511287,1.,0.923879532511287,
1.,0.923879532511287,1.,0.923879532511287,1.,0.923879532511287,1.,0.923879532511287,
1.,0.923879532511287,1.))
REPRESENTATION_ITEM('')
);
#72=(
BOUNDED_CURVE()
B_SPLINE_CURVE(2,(#4102,#4103,#4104,#4105,#4106,#4107,#4108,#4109,#4110,
#4111,#4112,#4113,#4114,#4115,#4116,#4117,#4118),.UNSPECIFIED.,.F.,.F.)
B_SPLINE_CURVE_WITH_KNOTS((3,2,2,2,2,2,2,2,3),(0.621212121212121,0.625,
0.628787878787879,0.632575757575758,0.636363636363636,0.640151515151515,
0.643939393939394,0.647727272727273,0.651515151515151),.UNSPECIFIED.)
CURVE()
GEOMETRIC_REPRESENTATION_ITEM()
RATIONAL_B_SPLINE_CURVE((1.,0.923879532511287,1.,0.923879532511287,1.,0.923879532511287,
1.,0.923879532511287,1.,0.923879532511287,1.,0.923879532511287,1.,0.923879532511287,
1.,0.923879532511287,1.))
REPRESENTATION_ITEM('')
);
#73=(
BOUNDED_CURVE()
B_SPLINE_CURVE(2,(#4119,#4120,#4121,#4122,#4123,#4124,#4125,#4126,#4127,
#4128,#4129,#4130,#4131,#4132,#4133,#4134,#4135),.UNSPECIFIED.,.F.,.F.)
B_SPLINE_CURVE_WITH_KNOTS((3,2,2,2,2,2,2,2,3),(0.621212121212121,0.625,
0.628787878787879,0.632575757575758,0.636363636363636,0.640151515151515,
0.643939393939394,0.647727272727273,0.651515151515151),.UNSPECIFIED.)
CURVE()
GEOMETRIC_REPRESENTATION_ITEM()
RATIONAL_B_SPLINE_CURVE((1.,0.923879532511287,1.,0.923879532511287,1.,0.923879532511287,
1.,0.923879532511287,1.,0.923879532511287,1.,0.923879532511287,1.,0.923879532511287,
1.,0.923879532511287,1.))
REPRESENTATION_ITEM('')
);
#74=(
BOUNDED_CURVE()
B_SPLINE_CURVE(2,(#4140,#4141,#4142,#4143,#4144,#4145,#4146,#4147,#4148,
#4149,#4150,#4151,#4152,#4153,#4154,#4155,#4156),.UNSPECIFIED.,.F.,.F.)
B_SPLINE_CURVE_WITH_KNOTS((3,2,2,2,2,2,2,2,3),(0.651515151515151,0.65530303030303,
0.659090909090909,0.662878787878788,0.666666666666667,0.670454545454545,
0.674242424242424,0.678030303030303,0.681818181818182),.UNSPECIFIED.)
CURVE()
GEOMETRIC_REPRESENTATION_ITEM()
RATIONAL_B_SPLINE_CURVE((1.,0.923879532511287,1.,0.923879532511287,1.,0.923879532511287,
1.,0.923879532511287,1.,0.923879532511287,1.,0.923879532511287,1.,0.923879532511287,
1.,0.923879532511287,1.))
REPRESENTATION_ITEM('')
);
#75=(
BOUNDED_CURVE()
B_SPLINE_CURVE(2,(#4157,#4158,#4159,#4160,#4161,#4162,#4163,#4164,#4165,
#4166,#4167,#4168,#4169,#4170,#4171,#4172,#4173),.UNSPECIFIED.,.F.,.F.)
B_SPLINE_CURVE_WITH_KNOTS((3,2,2,2,2,2,2,2,3),(0.651515151515151,0.65530303030303,
0.659090909090909,0.662878787878788,0.666666666666667,0.670454545454545,
0.674242424242424,0.678030303030303,0.681818181818182),.UNSPECIFIED.)
CURVE()
GEOMETRIC_REPRESENTATION_ITEM()
RATIONAL_B_SPLINE_CURVE((1.,0.923879532511287,1.,0.923879532511287,1.,0.923879532511287,
1.,0.923879532511287,1.,0.923879532511287,1.,0.923879532511287,1.,0.923879532511287,
1.,0.923879532511287,1.))
REPRESENTATION_ITEM('')
);
#76=(
BOUNDED_CURVE()
B_SPLINE_CURVE(2,(#4178,#4179,#4180,#4181,#4182,#4183,#4184,#4185,#4186,
#4187,#4188,#4189,#4190,#4191,#4192,#4193,#4194),.UNSPECIFIED.,.F.,.F.)
B_SPLINE_CURVE_WITH_KNOTS((3,2,2,2,2,2,2,2,3),(0.681818181818182,0.685606060606061,
0.68939393939394,0.693181818181818,0.696969696969697,0.700757575757576,
0.704545454545455,0.708333333333333,0.712121212121212),.UNSPECIFIED.)
CURVE()
GEOMETRIC_REPRESENTATION_ITEM()
RATIONAL_B_SPLINE_CURVE((1.,0.923879532511287,1.,0.923879532511287,1.,0.923879532511287,
1.,0.923879532511287,1.,0.923879532511287,1.,0.923879532511287,1.,0.923879532511287,
1.,0.923879532511287,1.))
REPRESENTATION_ITEM('')
);
#77=(
BOUNDED_CURVE()
B_SPLINE_CURVE(2,(#4195,#4196,#4197,#4198,#4199,#4200,#4201,#4202,#4203,
#4204,#4205,#4206,#4207,#4208,#4209,#4210,#4211),.UNSPECIFIED.,.F.,.F.)
B_SPLINE_CURVE_WITH_KNOTS((3,2,2,2,2,2,2,2,3),(0.681818181818182,0.685606060606061,
0.689393939393939,0.693181818181818,0.696969696969697,0.700757575757576,
0.704545454545455,0.708333333333333,0.712121212121212),.UNSPECIFIED.)
CURVE()
GEOMETRIC_REPRESENTATION_ITEM()
RATIONAL_B_SPLINE_CURVE((1.,0.923879532511287,1.,0.923879532511287,1.,0.923879532511287,
1.,0.923879532511287,1.,0.923879532511287,1.,0.923879532511287,1.,0.923879532511287,
1.,0.923879532511287,1.))
REPRESENTATION_ITEM('')
);
#78=(
BOUNDED_CURVE()
B_SPLINE_CURVE(2,(#4216,#4217,#4218,#4219,#4220,#4221,#4222,#4223,#4224,
#4225,#4226,#4227,#4228,#4229,#4230,#4231,#4232),.UNSPECIFIED.,.F.,.F.)
B_SPLINE_CURVE_WITH_KNOTS((3,2,2,2,2,2,2,2,3),(0.712121212121212,0.715909090909091,
0.71969696969697,0.723484848484849,0.727272727272727,0.731060606060606,
0.734848484848485,0.738636363636364,0.742424242424242),.UNSPECIFIED.)
CURVE()
GEOMETRIC_REPRESENTATION_ITEM()
RATIONAL_B_SPLINE_CURVE((1.,0.923879532511287,1.,0.923879532511287,1.,0.923879532511287,
1.,0.923879532511287,1.,0.923879532511287,1.,0.923879532511287,1.,0.923879532511287,
1.,0.923879532511287,1.))
REPRESENTATION_ITEM('')
);
#79=(
BOUNDED_CURVE()
B_SPLINE_CURVE(2,(#4233,#4234,#4235,#4236,#4237,#4238,#4239,#4240,#4241,
#4242,#4243,#4244,#4245,#4246,#4247,#4248,#4249),.UNSPECIFIED.,.F.,.F.)
B_SPLINE_CURVE_WITH_KNOTS((3,2,2,2,2,2,2,2,3),(0.712121212121212,0.715909090909091,
0.71969696969697,0.723484848484849,0.727272727272727,0.731060606060606,
0.734848484848485,0.738636363636364,0.742424242424242),.UNSPECIFIED.)
CURVE()
GEOMETRIC_REPRESENTATION_ITEM()
RATIONAL_B_SPLINE_CURVE((1.,0.923879532511287,1.,0.923879532511287,1.,0.923879532511287,
1.,0.923879532511287,1.,0.923879532511287,1.,0.923879532511287,1.,0.923879532511287,
1.,0.923879532511287,1.))
REPRESENTATION_ITEM('')
);
#80=(
BOUNDED_CURVE()
B_SPLINE_CURVE(2,(#4254,#4255,#4256,#4257,#4258,#4259,#4260,#4261,#4262,
#4263,#4264,#4265,#4266,#4267,#4268,#4269,#4270),.UNSPECIFIED.,.F.,.F.)
B_SPLINE_CURVE_WITH_KNOTS((3,2,2,2,2,2,2,2,3),(0.742424242424242,0.746212121212121,
0.75,0.753787878787879,0.757575757575758,0.761363636363636,0.765151515151515,
0.768939393939394,0.772727272727273),.UNSPECIFIED.)
CURVE()
GEOMETRIC_REPRESENTATION_ITEM()
RATIONAL_B_SPLINE_CURVE((1.,0.923879532511287,1.,0.923879532511287,1.,0.923879532511287,
1.,0.923879532511287,1.,0.923879532511287,1.,0.923879532511287,1.,0.923879532511287,
1.,0.923879532511287,1.))
REPRESENTATION_ITEM('')
);
#81=(
BOUNDED_CURVE()
B_SPLINE_CURVE(2,(#4271,#4272,#4273,#4274,#4275,#4276,#4277,#4278,#4279,
#4280,#4281,#4282,#4283,#4284,#4285,#4286,#4287),.UNSPECIFIED.,.F.,.F.)
B_SPLINE_CURVE_WITH_KNOTS((3,2,2,2,2,2,2,2,3),(0.742424242424242,0.746212121212121,
0.75,0.753787878787879,0.757575757575758,0.761363636363636,0.765151515151515,
0.768939393939394,0.772727272727273),.UNSPECIFIED.)
CURVE()
GEOMETRIC_REPRESENTATION_ITEM()
RATIONAL_B_SPLINE_CURVE((1.,0.923879532511287,1.,0.923879532511287,1.,0.923879532511287,
1.,0.923879532511287,1.,0.923879532511287,1.,0.923879532511287,1.,0.923879532511287,
1.,0.923879532511287,1.))
REPRESENTATION_ITEM('')
);
#82=(
BOUNDED_CURVE()
B_SPLINE_CURVE(2,(#4292,#4293,#4294,#4295,#4296,#4297,#4298,#4299,#4300,
#4301,#4302,#4303,#4304,#4305,#4306,#4307,#4308),.UNSPECIFIED.,.F.,.F.)
B_SPLINE_CURVE_WITH_KNOTS((3,2,2,2,2,2,2,2,3),(0.772727272727273,0.776515151515151,
0.78030303030303,0.784090909090909,0.787878787878788,0.791666666666667,
0.795454545454545,0.799242424242424,0.803030303030303),.UNSPECIFIED.)
CURVE()
GEOMETRIC_REPRESENTATION_ITEM()
RATIONAL_B_SPLINE_CURVE((1.,0.923879532511287,1.,0.923879532511287,1.,0.923879532511287,
1.,0.923879532511287,1.,0.923879532511287,1.,0.923879532511287,1.,0.923879532511287,
1.,0.923879532511287,1.))
REPRESENTATION_ITEM('')
);
#83=(
BOUNDED_CURVE()
B_SPLINE_CURVE(2,(#4309,#4310,#4311,#4312,#4313,#4314,#4315,#4316,#4317,
#4318,#4319,#4320,#4321,#4322,#4323,#4324,#4325),.UNSPECIFIED.,.F.,.F.)
B_SPLINE_CURVE_WITH_KNOTS((3,2,2,2,2,2,2,2,3),(0.772727272727273,0.776515151515151,
0.78030303030303,0.784090909090909,0.787878787878788,0.791666666666667,
0.795454545454545,0.799242424242424,0.803030303030303),.UNSPECIFIED.)
CURVE()
GEOMETRIC_REPRESENTATION_ITEM()
RATIONAL_B_SPLINE_CURVE((1.,0.923879532511287,1.,0.923879532511287,1.,0.923879532511287,
1.,0.923879532511287,1.,0.923879532511287,1.,0.923879532511287,1.,0.923879532511287,
1.,0.923879532511287,1.))
REPRESENTATION_ITEM('')
);
#84=(
BOUNDED_CURVE()
B_SPLINE_CURVE(2,(#4330,#4331,#4332,#4333,#4334,#4335,#4336,#4337,#4338,
#4339,#4340,#4341,#4342,#4343,#4344,#4345,#4346),.UNSPECIFIED.,.F.,.F.)
B_SPLINE_CURVE_WITH_KNOTS((3,2,2,2,2,2,2,2,3),(0.803030303030303,0.806818181818182,
0.81060606060606,0.814393939393939,0.818181818181818,0.821969696969697,
0.825757575757576,0.829545454545454,0.833333333333333),.UNSPECIFIED.)
CURVE()
GEOMETRIC_REPRESENTATION_ITEM()
RATIONAL_B_SPLINE_CURVE((1.,0.923879532511287,1.,0.923879532511287,1.,0.923879532511287,
1.,0.923879532511287,1.,0.923879532511287,1.,0.923879532511287,1.,0.923879532511287,
1.,0.923879532511287,1.))
REPRESENTATION_ITEM('')
);
#85=(
BOUNDED_CURVE()
B_SPLINE_CURVE(2,(#4347,#4348,#4349,#4350,#4351,#4352,#4353,#4354,#4355,
#4356,#4357,#4358,#4359,#4360,#4361,#4362,#4363),.UNSPECIFIED.,.F.,.F.)
B_SPLINE_CURVE_WITH_KNOTS((3,2,2,2,2,2,2,2,3),(0.803030303030303,0.806818181818182,
0.810606060606061,0.814393939393939,0.818181818181818,0.821969696969697,
0.825757575757576,0.829545454545455,0.833333333333333),.UNSPECIFIED.)
CURVE()
GEOMETRIC_REPRESENTATION_ITEM()
RATIONAL_B_SPLINE_CURVE((1.,0.923879532511287,1.,0.923879532511287,1.,0.923879532511287,
1.,0.923879532511287,1.,0.923879532511287,1.,0.923879532511287,1.,0.923879532511287,
1.,0.923879532511287,1.))
REPRESENTATION_ITEM('')
);
#86=(
BOUNDED_CURVE()
B_SPLINE_CURVE(2,(#4368,#4369,#4370,#4371,#4372,#4373,#4374,#4375,#4376,
#4377,#4378,#4379,#4380,#4381,#4382,#4383,#4384),.UNSPECIFIED.,.F.,.F.)
B_SPLINE_CURVE_WITH_KNOTS((3,2,2,2,2,2,2,2,3),(0.833333333333333,0.837121212121212,
0.840909090909091,0.84469696969697,0.848484848484849,0.852272727272727,
0.856060606060606,0.859848484848485,0.863636363636364),.UNSPECIFIED.)
CURVE()
GEOMETRIC_REPRESENTATION_ITEM()
RATIONAL_B_SPLINE_CURVE((1.,0.923879532511287,1.,0.923879532511287,1.,0.923879532511287,
1.,0.923879532511287,1.,0.923879532511287,1.,0.923879532511287,1.,0.923879532511287,
1.,0.923879532511287,1.))
REPRESENTATION_ITEM('')
);
#87=(
BOUNDED_CURVE()
B_SPLINE_CURVE(2,(#4385,#4386,#4387,#4388,#4389,#4390,#4391,#4392,#4393,
#4394,#4395,#4396,#4397,#4398,#4399,#4400,#4401),.UNSPECIFIED.,.F.,.F.)
B_SPLINE_CURVE_WITH_KNOTS((3,2,2,2,2,2,2,2,3),(0.833333333333333,0.837121212121212,
0.840909090909091,0.84469696969697,0.848484848484849,0.852272727272727,
0.856060606060606,0.859848484848485,0.863636363636364),.UNSPECIFIED.)
CURVE()
GEOMETRIC_REPRESENTATION_ITEM()
RATIONAL_B_SPLINE_CURVE((1.,0.923879532511287,1.,0.923879532511287,1.,0.923879532511287,
1.,0.923879532511287,1.,0.923879532511287,1.,0.923879532511287,1.,0.923879532511287,
1.,0.923879532511287,1.))
REPRESENTATION_ITEM('')
);
#88=(
BOUNDED_CURVE()
B_SPLINE_CURVE(2,(#4406,#4407,#4408,#4409,#4410,#4411,#4412,#4413,#4414,
#4415,#4416,#4417,#4418,#4419,#4420,#4421,#4422),.UNSPECIFIED.,.F.,.F.)
B_SPLINE_CURVE_WITH_KNOTS((3,2,2,2,2,2,2,2,3),(0.863636363636364,0.867424242424242,
0.871212121212121,0.875,0.878787878787879,0.882575757575758,0.886363636363636,
0.890151515151515,0.893939393939394),.UNSPECIFIED.)
CURVE()
GEOMETRIC_REPRESENTATION_ITEM()
RATIONAL_B_SPLINE_CURVE((1.,0.923879532511287,1.,0.923879532511287,1.,0.923879532511287,
1.,0.923879532511287,1.,0.923879532511287,1.,0.923879532511287,1.,0.923879532511287,
1.,0.923879532511287,1.))
REPRESENTATION_ITEM('')
);
#89=(
BOUNDED_CURVE()
B_SPLINE_CURVE(2,(#4423,#4424,#4425,#4426,#4427,#4428,#4429,#4430,#4431,
#4432,#4433,#4434,#4435,#4436,#4437,#4438,#4439),.UNSPECIFIED.,.F.,.F.)
B_SPLINE_CURVE_WITH_KNOTS((3,2,2,2,2,2,2,2,3),(0.863636363636364,0.867424242424242,
0.871212121212121,0.875,0.878787878787879,0.882575757575757,0.886363636363636,
0.890151515151515,0.893939393939394),.UNSPECIFIED.)
CURVE()
GEOMETRIC_REPRESENTATION_ITEM()
RATIONAL_B_SPLINE_CURVE((1.,0.923879532511287,1.,0.923879532511287,1.,0.923879532511287,
1.,0.923879532511287,1.,0.923879532511287,1.,0.923879532511287,1.,0.923879532511287,
1.,0.923879532511287,1.))
REPRESENTATION_ITEM('')
);
#90=(
BOUNDED_CURVE()
B_SPLINE_CURVE(2,(#7003,#7004,#7005),.UNSPECIFIED.,.F.,.F.)
B_SPLINE_CURVE_WITH_KNOTS((3,3),(0.74061644587058,1.19730459396296),
 .UNSPECIFIED.)
CURVE()
GEOMETRIC_REPRESENTATION_ITEM()
RATIONAL_B_SPLINE_CURVE((1.83253175472883,1.9742785792575,1.9742785792575))
REPRESENTATION_ITEM('')
);
#91=(
BOUNDED_CURVE()
B_SPLINE_CURVE(2,(#7007,#7008,#7009),.UNSPECIFIED.,.F.,.F.)
B_SPLINE_CURVE_WITH_KNOTS((3,3),(1.19730459396296,1.65399274205534),
 .UNSPECIFIED.)
CURVE()
GEOMETRIC_REPRESENTATION_ITEM()
RATIONAL_B_SPLINE_CURVE((1.9742785792575,1.9742785792575,1.83253175472883))
REPRESENTATION_ITEM('')
);
#92=(
BOUNDED_CURVE()
B_SPLINE_CURVE(2,(#7013,#7014,#7015),.UNSPECIFIED.,.F.,.F.)
B_SPLINE_CURVE_WITH_KNOTS((3,3),(0.740616445870578,1.19730459396296),
 .UNSPECIFIED.)
CURVE()
GEOMETRIC_REPRESENTATION_ITEM()
RATIONAL_B_SPLINE_CURVE((1.83253175472883,1.9742785792575,1.9742785792575))
REPRESENTATION_ITEM('')
);
#93=(
BOUNDED_CURVE()
B_SPLINE_CURVE(2,(#7017,#7018,#7019),.UNSPECIFIED.,.F.,.F.)
B_SPLINE_CURVE_WITH_KNOTS((3,3),(1.19730459396296,1.65399274205534),
 .UNSPECIFIED.)
CURVE()
GEOMETRIC_REPRESENTATION_ITEM()
RATIONAL_B_SPLINE_CURVE((1.9742785792575,1.9742785792575,1.83253175472883))
REPRESENTATION_ITEM('')
);
#94=(
BOUNDED_CURVE()
B_SPLINE_CURVE(2,(#7023,#7024,#7025),.UNSPECIFIED.,.F.,.F.)
B_SPLINE_CURVE_WITH_KNOTS((3,3),(0.74061644587058,1.19730459396296),
 .UNSPECIFIED.)
CURVE()
GEOMETRIC_REPRESENTATION_ITEM()
RATIONAL_B_SPLINE_CURVE((1.83253175472883,1.9742785792575,1.9742785792575))
REPRESENTATION_ITEM('')
);
#95=(
BOUNDED_CURVE()
B_SPLINE_CURVE(2,(#7027,#7028,#7029),.UNSPECIFIED.,.F.,.F.)
B_SPLINE_CURVE_WITH_KNOTS((3,3),(1.19730459396296,1.65399274205534),
 .UNSPECIFIED.)
CURVE()
GEOMETRIC_REPRESENTATION_ITEM()
RATIONAL_B_SPLINE_CURVE((1.9742785792575,1.9742785792575,1.83253175472883))
REPRESENTATION_ITEM('')
);
#96=(
BOUNDED_CURVE()
B_SPLINE_CURVE(2,(#7033,#7034,#7035),.UNSPECIFIED.,.F.,.F.)
B_SPLINE_CURVE_WITH_KNOTS((3,3),(0.740616445870581,1.19730459396296),
 .UNSPECIFIED.)
CURVE()
GEOMETRIC_REPRESENTATION_ITEM()
RATIONAL_B_SPLINE_CURVE((1.83253175472883,1.9742785792575,1.9742785792575))
REPRESENTATION_ITEM('')
);
#97=(
BOUNDED_CURVE()
B_SPLINE_CURVE(2,(#7037,#7038,#7039),.UNSPECIFIED.,.F.,.F.)
B_SPLINE_CURVE_WITH_KNOTS((3,3),(1.19730459396296,1.65399274205532),
 .UNSPECIFIED.)
CURVE()
GEOMETRIC_REPRESENTATION_ITEM()
RATIONAL_B_SPLINE_CURVE((1.9742785792575,1.9742785792575,1.83253175472884))
REPRESENTATION_ITEM('')
);
#98=(
BOUNDED_CURVE()
B_SPLINE_CURVE(2,(#7043,#7044,#7045),.UNSPECIFIED.,.F.,.F.)
B_SPLINE_CURVE_WITH_KNOTS((3,3),(0.740616445870562,1.19730459396296),
 .UNSPECIFIED.)
CURVE()
GEOMETRIC_REPRESENTATION_ITEM()
RATIONAL_B_SPLINE_CURVE((1.83253175472882,1.9742785792575,1.9742785792575))
REPRESENTATION_ITEM('')
);
#99=(
BOUNDED_CURVE()
B_SPLINE_CURVE(2,(#7047,#7048,#7049),.UNSPECIFIED.,.F.,.F.)
B_SPLINE_CURVE_WITH_KNOTS((3,3),(1.19730459396296,1.65399274205534),
 .UNSPECIFIED.)
CURVE()
GEOMETRIC_REPRESENTATION_ITEM()
RATIONAL_B_SPLINE_CURVE((1.9742785792575,1.9742785792575,1.83253175472883))
REPRESENTATION_ITEM('')
);
#100=(
BOUNDED_CURVE()
B_SPLINE_CURVE(2,(#7053,#7054,#7055),.UNSPECIFIED.,.F.,.F.)
B_SPLINE_CURVE_WITH_KNOTS((3,3),(0.740616445870582,1.19730459396296),
 .UNSPECIFIED.)
CURVE()
GEOMETRIC_REPRESENTATION_ITEM()
RATIONAL_B_SPLINE_CURVE((1.83253175472883,1.9742785792575,1.9742785792575))
REPRESENTATION_ITEM('')
);
#101=(
BOUNDED_CURVE()
B_SPLINE_CURVE(2,(#7056,#7057,#7058),.UNSPECIFIED.,.F.,.F.)
B_SPLINE_CURVE_WITH_KNOTS((3,3),(1.19730459396296,1.65399274205534),
 .UNSPECIFIED.)
CURVE()
GEOMETRIC_REPRESENTATION_ITEM()
RATIONAL_B_SPLINE_CURVE((1.9742785792575,1.9742785792575,1.83253175472883))
REPRESENTATION_ITEM('')
);
#102=(
BOUNDED_CURVE()
B_SPLINE_CURVE(2,(#7073,#7074,#7075,#7076,#7077,#7078,#7079,#7080,#7081),
 .UNSPECIFIED.,.F.,.F.)
B_SPLINE_CURVE_WITH_KNOTS((3,2,2,2,3),(0.893939393939394,0.897727272727273,
0.901515151515151,0.90530303030303,0.908018087825698),.UNSPECIFIED.)
CURVE()
GEOMETRIC_REPRESENTATION_ITEM()
RATIONAL_B_SPLINE_CURVE((1.,0.923879532511287,1.,0.923879532511287,1.,0.923879532511287,
1.,0.945438737758569,0.969093793298413))
REPRESENTATION_ITEM('')
);
#103=(
BOUNDED_CURVE()
B_SPLINE_CURVE(2,(#7082,#7083,#7084,#7085,#7086,#7087,#7088),
 .UNSPECIFIED.,.F.,.F.)
B_SPLINE_CURVE_WITH_KNOTS((3,2,2,3),(0.893939393939394,0.897727272727273,
0.901515151515151,0.904230209037819),.UNSPECIFIED.)
CURVE()
GEOMETRIC_REPRESENTATION_ITEM()
RATIONAL_B_SPLINE_CURVE((1.,0.923879532511287,1.,0.923879532511287,1.,0.945438737758578,
0.969093793298406))
REPRESENTATION_ITEM('')
);
#104=SHAPE_REPRESENTATION_RELATIONSHIP('SRR','None',#9535,#107);
#105=SHAPE_REPRESENTATION_RELATIONSHIP('SRR','None',#9536,#108);
#106=SHAPE_REPRESENTATION_RELATIONSHIP('SRR','None',#9534,#109);
#107=ADVANCED_BREP_SHAPE_REPRESENTATION('',(#113),#9519);
#108=ADVANCED_BREP_SHAPE_REPRESENTATION('',(#114),#9520);
#109=ADVANCED_BREP_SHAPE_REPRESENTATION('',(#115),#9518);
#110=STYLED_ITEM('',(#9555),#113);
#111=STYLED_ITEM('',(#9556),#114);
#112=STYLED_ITEM('',(#9554),#115);
#113=MANIFOLD_SOLID_BREP('thumb screw cap ',#2375);
#114=MANIFOLD_SOLID_BREP('Body1',#2376);
#115=MANIFOLD_SOLID_BREP('thumb screw bottom',#2377);
#116=CYLINDRICAL_SURFACE('',#2408,9.);
#117=CYLINDRICAL_SURFACE('',#2410,9.);
#118=CYLINDRICAL_SURFACE('',#2413,9.);
#119=CYLINDRICAL_SURFACE('',#2425,1.98038475772928);
#120=CYLINDRICAL_SURFACE('',#2427,1.98038475772928);
#121=CYLINDRICAL_SURFACE('',#2429,1.98038475772928);
#122=CYLINDRICAL_SURFACE('',#2430,1.98038475772928);
#123=CYLINDRICAL_SURFACE('',#2431,1.98038475772928);
#124=CYLINDRICAL_SURFACE('',#2432,1.98038475772928);
#125=CYLINDRICAL_SURFACE('',#2433,1.98038475772928);
#126=CYLINDRICAL_SURFACE('',#2434,1.98038475772928);
#127=CYLINDRICAL_SURFACE('',#2435,1.98038475772928);
#128=CYLINDRICAL_SURFACE('',#2436,1.98038475772928);
#129=CYLINDRICAL_SURFACE('',#2437,1.98038475772928);
#130=CYLINDRICAL_SURFACE('',#2438,1.98038475772928);
#131=CYLINDRICAL_SURFACE('',#2439,1.98038475772928);
#132=CYLINDRICAL_SURFACE('',#2440,1.98038475772928);
#133=CYLINDRICAL_SURFACE('',#2441,1.98038475772928);
#134=CYLINDRICAL_SURFACE('',#2442,1.98038475772928);
#135=CYLINDRICAL_SURFACE('',#2443,1.98038475772928);
#136=CYLINDRICAL_SURFACE('',#2444,1.98038475772928);
#137=CYLINDRICAL_SURFACE('',#2445,1.98038475772928);
#138=CYLINDRICAL_SURFACE('',#2446,1.98038475772928);
#139=CYLINDRICAL_SURFACE('',#2447,1.98038475772928);
#140=CYLINDRICAL_SURFACE('',#2448,1.98038475772928);
#141=CYLINDRICAL_SURFACE('',#2449,1.98038475772928);
#142=CYLINDRICAL_SURFACE('',#2450,1.98038475772928);
#143=CYLINDRICAL_SURFACE('',#2451,1.98038475772928);
#144=CYLINDRICAL_SURFACE('',#2452,1.98038475772928);
#145=CYLINDRICAL_SURFACE('',#2453,1.98038475772928);
#146=CYLINDRICAL_SURFACE('',#2454,1.98038475772928);
#147=CYLINDRICAL_SURFACE('',#2455,1.98038475772928);
#148=CYLINDRICAL_SURFACE('',#2456,1.98038475772928);
#149=CYLINDRICAL_SURFACE('',#2461,2.5);
#150=CYLINDRICAL_SURFACE('',#2463,2.5);
#151=CYLINDRICAL_SURFACE('',#2464,2.5);
#152=CYLINDRICAL_SURFACE('',#2465,2.5);
#153=CYLINDRICAL_SURFACE('',#2466,2.5);
#154=CYLINDRICAL_SURFACE('',#2467,2.5);
#155=CYLINDRICAL_SURFACE('',#2468,2.5);
#156=CYLINDRICAL_SURFACE('',#2469,2.5);
#157=CYLINDRICAL_SURFACE('',#2470,2.5);
#158=CYLINDRICAL_SURFACE('',#2471,2.5);
#159=CYLINDRICAL_SURFACE('',#2472,2.5);
#160=CYLINDRICAL_SURFACE('',#2473,2.5);
#161=CYLINDRICAL_SURFACE('',#2474,2.5);
#162=CYLINDRICAL_SURFACE('',#2475,2.5);
#163=CYLINDRICAL_SURFACE('',#2476,2.5);
#164=CYLINDRICAL_SURFACE('',#2477,2.5);
#165=CYLINDRICAL_SURFACE('',#2478,2.5);
#166=CYLINDRICAL_SURFACE('',#2479,2.5);
#167=CYLINDRICAL_SURFACE('',#2480,2.5);
#168=CYLINDRICAL_SURFACE('',#2481,2.5);
#169=CYLINDRICAL_SURFACE('',#2482,2.5);
#170=CYLINDRICAL_SURFACE('',#2483,2.5);
#171=CYLINDRICAL_SURFACE('',#2484,2.5);
#172=CYLINDRICAL_SURFACE('',#2485,2.5);
#173=CYLINDRICAL_SURFACE('',#2486,2.5);
#174=CYLINDRICAL_SURFACE('',#2487,2.5);
#175=CYLINDRICAL_SURFACE('',#2488,2.5);
#176=CYLINDRICAL_SURFACE('',#2489,2.5);
#177=CYLINDRICAL_SURFACE('',#2490,2.5);
#178=CYLINDRICAL_SURFACE('',#2491,2.5);
#179=CYLINDRICAL_SURFACE('',#2492,2.5);
#180=CYLINDRICAL_SURFACE('',#2518,1.98038475772928);
#181=CYLINDRICAL_SURFACE('',#2525,9.);
#182=CYLINDRICAL_SURFACE('',#2527,9.);
#183=CYLINDRICAL_SURFACE('',#2531,9.);
#184=CYLINDRICAL_SURFACE('',#2546,2.6);
#185=FACE_BOUND('',#474,.T.);
#186=FACE_BOUND('',#558,.T.);
#187=FACE_BOUND('',#580,.T.);
#188=FACE_BOUND('',#603,.T.);
#189=FACE_BOUND('',#606,.T.);
#190=FACE_BOUND('',#608,.T.);
#191=CIRCLE('',#2405,9.);
#192=CIRCLE('',#2406,9.);
#193=CIRCLE('',#2407,9.);
#194=CIRCLE('',#2409,9.);
#195=CIRCLE('',#2411,9.);
#196=CIRCLE('',#2414,9.);
#197=CIRCLE('',#2426,1.98038475772623);
#198=CIRCLE('',#2428,1.98038475772623);
#199=CIRCLE('',#2458,1.98038475772925);
#200=CIRCLE('',#2460,2.5);
#201=CIRCLE('',#2462,2.5);
#202=CIRCLE('',#2493,2.5);
#203=CIRCLE('',#2495,1.9);
#204=CIRCLE('',#2497,2.5);
#205=CIRCLE('',#2506,4.);
#206=CIRCLE('',#2508,4.);
#207=CIRCLE('',#2510,4.);
#208=CIRCLE('',#2512,4.);
#209=CIRCLE('',#2514,4.);
#210=CIRCLE('',#2516,4.);
#211=CIRCLE('',#2522,9.);
#212=CIRCLE('',#2523,9.);
#213=CIRCLE('',#2524,9.);
#214=CIRCLE('',#2526,9.);
#215=CIRCLE('',#2528,9.);
#216=CIRCLE('',#2532,9.);
#217=CIRCLE('',#2547,2.6);
#218=CIRCLE('',#2548,2.6);
#219=B_SPLINE_CURVE_WITH_KNOTS('',3,(#3036,#3037,#3038,#3039,#3040,#3041,
#3042),.UNSPECIFIED.,.F.,.F.,(4,3,4),(0.0745032098194566,0.140915312256109,
0.194221696980041),.UNSPECIFIED.);
#220=B_SPLINE_CURVE_WITH_KNOTS('',3,(#3043,#3044,#3045,#3046,#3047),
 .UNSPECIFIED.,.F.,.F.,(4,1,4),(0.795339912301214,1.08394602208761,1.5707963267949),
 .UNSPECIFIED.);
#221=B_SPLINE_CURVE_WITH_KNOTS('',3,(#3049,#3050,#3051,#3052,#3053,#3054,
#3055),.UNSPECIFIED.,.F.,.F.,(4,3,4),(0.,0.0639624681876301,0.119456085304111),
 .UNSPECIFIED.);
#222=B_SPLINE_CURVE_WITH_KNOTS('',3,(#3056,#3057,#3058,#3059,#3060,#3061,
#3062),.UNSPECIFIED.,.F.,.F.,(4,3,4),(-2.91471993706601,-2.50440125110279,
-2.13926352257233),.UNSPECIFIED.);
#223=B_SPLINE_CURVE_WITH_KNOTS('',3,(#3080,#3081,#3082,#3083,#3084,#3085,
#3086),.UNSPECIFIED.,.F.,.F.,(4,3,4),(0.,0.0630149934810372,0.119507304602526),
 .UNSPECIFIED.);
#224=B_SPLINE_CURVE_WITH_KNOTS('',3,(#3087,#3088,#3089,#3090),
 .UNSPECIFIED.,.F.,.F.,(4,4),(1.45797272244857,2.15689751819819),
 .UNSPECIFIED.);
#225=B_SPLINE_CURVE_WITH_KNOTS('',3,(#3095,#3096,#3097,#3098,#3099,#3100,
#3101),.UNSPECIFIED.,.F.,.F.,(4,3,4),(0.,0.0635630564552828,0.119390172943852),
 .UNSPECIFIED.);
#226=B_SPLINE_CURVE_WITH_KNOTS('',3,(#3103,#3104,#3105,#3106,#3107,#3108,
#3109,#3110,#3111,#3112,#3113,#3114,#3115),.UNSPECIFIED.,.F.,.F.,(4,3,3,
3,4),(0.1907061010771,0.203205093336245,0.214910240882239,0.281598624863042,
0.31019525469422),.UNSPECIFIED.);
#227=B_SPLINE_CURVE_WITH_KNOTS('',3,(#3119,#3120,#3121,#3122,#3123,#3124,
#3125,#3126,#3127,#3128,#3129,#3130,#3131),.UNSPECIFIED.,.F.,.F.,(4,3,3,
3,4),(0.,0.0364433588884171,0.0596362246556523,0.0810581202294085,0.119321390735233),
 .UNSPECIFIED.);
#228=B_SPLINE_CURVE_WITH_KNOTS('',3,(#3133,#3134,#3135,#3136,#3137,#3138,
#3139,#3140,#3141,#3142),.UNSPECIFIED.,.F.,.F.,(4,3,3,4),(0.,0.0404929280136296,
0.060450102623881,0.119317382146387),.UNSPECIFIED.);
#229=B_SPLINE_CURVE_WITH_KNOTS('',3,(#3161,#3162,#3163,#3164),
 .UNSPECIFIED.,.F.,.F.,(4,4),(1.45797272244857,2.15689751819819),
 .UNSPECIFIED.);
#230=B_SPLINE_CURVE_WITH_KNOTS('',3,(#3167,#3168,#3169,#3170,#3171),
 .UNSPECIFIED.,.F.,.F.,(4,1,4),(0.718808293557153,1.08394602208761,1.49426470805084),
 .UNSPECIFIED.);
#231=B_SPLINE_CURVE_WITH_KNOTS('',3,(#3197,#3198,#3199,#3200,#3201),
 .UNSPECIFIED.,.F.,.F.,(4,1,4),(0.795339912301214,1.08394602208761,1.5707963267949),
 .UNSPECIFIED.);
#232=B_SPLINE_CURVE_WITH_KNOTS('',3,(#3203,#3204,#3205,#3206,#3207,#3208,
#3209),.UNSPECIFIED.,.F.,.F.,(4,3,4),(0.,0.0640083383353919,0.119446757583072),
 .UNSPECIFIED.);
#233=B_SPLINE_CURVE_WITH_KNOTS('',3,(#3210,#3211,#3212,#3213,#3214,#3215,
#3216),.UNSPECIFIED.,.F.,.F.,(4,3,4),(-2.91471993706601,-2.50440125110279,
-2.13926352257233),.UNSPECIFIED.);
#234=B_SPLINE_CURVE_WITH_KNOTS('',3,(#3238,#3239,#3240,#3241),
 .UNSPECIFIED.,.F.,.F.,(4,4),(-1.5707963267949,-0.871871531045273),
 .UNSPECIFIED.);
#235=B_SPLINE_CURVE_WITH_KNOTS('',3,(#3266,#3267,#3268,#3269,#3270),
 .UNSPECIFIED.,.F.,.F.,(4,1,4),(0.795339912301214,1.08394602208761,1.5707963267949),
 .UNSPECIFIED.);
#236=B_SPLINE_CURVE_WITH_KNOTS('',3,(#3271,#3272,#3273,#3274,#3275,#3276,
#3277,#3278,#3279,#3280,#3281,#3282,#3283),.UNSPECIFIED.,.F.,.F.,(4,3,3,
3,4),(0.,0.0370152384399224,0.0582021187663475,0.0808273346442254,0.119321390735252),
 .UNSPECIFIED.);
#237=B_SPLINE_CURVE_WITH_KNOTS('',3,(#4445,#4446,#4447,#4448,#4449,#4450,
#4451,#4452,#4453,#4454,#4455,#4456,#4457,#4458,#4459,#4460,#4461,#4462,
#4463,#4464,#4465,#4466,#4467,#4468,#4469,#4470,#4471,#4472,#4473,#4474,
#4475,#4476,#4477,#4478),.UNSPECIFIED.,.F.,.F.,(4,2,2,2,2,2,2,2,2,2,2,2,
2,2,2,2,4),(1.2264570665544,1.24931778560129,1.40121083513851,1.55278170672096,
1.71046641580684,1.89400855651138,2.08148487914314,2.30896435404165,2.54866954339362,
2.80668742661428,3.11670887442007,3.59927297088047,4.17460433729803,5.0288046188836,
6.05854866127406,7.28950384898032,8.55022808894034),.UNSPECIFIED.);
#238=B_SPLINE_CURVE_WITH_KNOTS('',3,(#4481,#4482,#4483,#4484,#4485,#4486,
#4487,#4488,#4489,#4490,#4491,#4492,#4493,#4494,#4495,#4496,#4497,#4498,
#4499,#4500,#4501,#4502,#4503,#4504,#4505,#4506,#4507,#4508,#4509,#4510),
 .UNSPECIFIED.,.F.,.F.,(4,2,2,2,2,2,2,2,2,2,2,2,2,2,4),(9.99999995963064E-7,
0.0683588017073321,0.134782013060526,0.212462862503894,0.293116845631458,
0.371281058937129,0.452883573050775,0.524473895039427,0.593910951506224,
0.651887341973888,0.70693975934889,0.75812307208016,0.807669285889847,0.849265705518548,
0.851359340238385),.UNSPECIFIED.);
#239=B_SPLINE_CURVE_WITH_KNOTS('',3,(#4517,#4518,#4519,#4520,#4521,#4522,
#4523,#4524,#4525,#4526,#4527,#4528,#4529,#4530,#4531,#4532,#4533,#4534,
#4535,#4536),.UNSPECIFIED.,.F.,.F.,(4,2,2,2,2,2,2,2,2,4),(9.9999999880674E-7,
0.0770937186998297,0.175291639393166,0.331473003286096,0.490404847204375,
0.643190911131789,0.799539892316182,0.949028236848263,1.10301289675407,
1.2264570665544),.UNSPECIFIED.);
#240=B_SPLINE_CURVE_WITH_KNOTS('',3,(#4537,#4538,#4539,#4540,#4541,#4542,
#4543,#4544,#4545,#4546,#4547,#4548,#4549,#4550,#4551,#4552,#4553,#4554,
#4555,#4556,#4557,#4558,#4559,#4560,#4561,#4562,#4563,#4564,#4565,#4566,
#4567,#4568,#4569,#4570,#4571,#4572),.UNSPECIFIED.,.F.,.F.,(4,2,2,2,2,2,
2,2,2,2,2,2,2,2,2,2,2,4),(0.851359340238385,0.890899114657985,0.926737067680281,
0.963112375157977,0.995484027904991,1.03022810622147,1.06514126406603,1.09836142084284,
1.13348767187981,1.16723800339998,1.2026396386041,1.23693004869555,1.27265567170182,
1.30749533160179,1.34358374248704,1.37898108486204,1.41546386920442,1.42396619051232),
 .UNSPECIFIED.);
#241=B_SPLINE_CURVE_WITH_KNOTS('',3,(#4578,#4579,#4580,#4581,#4582,#4583,
#4584,#4585,#4586,#4587,#4588,#4589,#4590,#4591,#4592,#4593,#4594,#4595,
#4596,#4597,#4598,#4599,#4600,#4601),.UNSPECIFIED.,.F.,.F.,(4,2,2,2,2,2,
2,2,2,2,2,4),(-0.986415495274444,-0.888999783182584,-0.792118559383646,
-0.691903930312835,-0.595057652956952,-0.494934103189007,-0.398120846217532,
-0.298090087391794,-0.201307809820326,-0.101371632578113,-0.0501976141620406,
-1.00000004366052E-6),.UNSPECIFIED.);
#242=B_SPLINE_CURVE_WITH_KNOTS('',3,(#4604,#4605,#4606,#4607,#4608,#4609,
#4610,#4611,#4612,#4613,#4614,#4615,#4616,#4617,#4618,#4619,#4620,#4621,
#4622,#4623),.UNSPECIFIED.,.F.,.F.,(4,2,2,2,2,2,2,2,2,4),(-48.2361586471104,
-48.1511940122901,-48.0654786452219,-47.9695347416936,-47.8704104503191,
-47.7744684315001,-47.6754208515139,-47.5794746571099,-47.4805044561907,
-47.449482885859),.UNSPECIFIED.);
#243=B_SPLINE_CURVE_WITH_KNOTS('',3,(#4628,#4629,#4630,#4631,#4632,#4633,
#4634,#4635,#4636,#4637,#4638,#4639,#4640,#4641,#4642,#4643,#4644,#4645,
#4646,#4647,#4648,#4649,#4650,#4651,#4652,#4653,#4654,#4655,#4656,#4657,
#4658,#4659,#4660,#4661,#4662,#4663),.UNSPECIFIED.,.F.,.F.,(4,2,2,2,2,2,
2,2,2,2,2,2,2,2,2,2,2,4),(-2.5703627073856,-2.47032258749005,-2.373104681099,
-2.27221343097351,-2.17504227829208,-2.0742312412335,-1.97710567361127,
-1.87637594638155,-1.77929471650128,-1.67864746631061,-1.58160924370882,
-1.48104571072979,-1.38404907722723,-1.28357057687031,-1.18661402194116,
-1.08622194681822,-0.989303862933143,-0.986415495274444),.UNSPECIFIED.);
#244=B_SPLINE_CURVE_WITH_KNOTS('',3,(#4664,#4665,#4666,#4667,#4668,#4669,
#4670,#4671,#4672,#4673,#4674,#4675,#4676,#4677,#4678,#4679,#4680,#4681,
#4682,#4683,#4684,#4685,#4686,#4687,#4688,#4689,#4690,#4691,#4692,#4693,
#4694,#4695,#4696,#4697,#4698,#4699),.UNSPECIFIED.,.F.,.F.,(4,2,2,2,2,2,
2,2,2,2,2,2,2,2,2,2,2,4),(-47.449482885859,-47.3845476295026,-47.2856553048622,
-47.1896812305333,-47.0908674673361,-46.9948692795388,-46.8961345546226,
-46.8001051456003,-46.7014498320958,-46.605381942255,-46.5068062877669,
-46.4106925621053,-46.3121966665122,-46.2160297156938,-46.1176135091252,
-46.0213859739231,-45.9230491955281,-45.8764678186271),.UNSPECIFIED.);
#245=B_SPLINE_CURVE_WITH_KNOTS('',3,(#4704,#4705,#4706,#4707,#4708,#4709,
#4710,#4711,#4712,#4713,#4714,#4715,#4716,#4717,#4718,#4719,#4720,#4721,
#4722,#4723,#4724,#4725,#4726,#4727,#4728,#4729,#4730,#4731,#4732,#4733,
#4734,#4735,#4736,#4737,#4738,#4739,#4740,#4741),.UNSPECIFIED.,.F.,.F.,
(4,2,2,2,2,2,2,2,2,2,2,2,2,2,2,2,2,2,4),(-4.16124052585968,-4.16104348105392,
-4.05964688722037,-3.96210851835676,-3.86064673361766,-3.76307455594016,
-3.66164719230532,-3.56412809488196,-3.46277500368445,-3.36530825445344,
-3.26403011851167,-3.1666149341673,-3.06541248677672,-2.96804802933759,
-2.86692205712035,-2.76960743032796,-2.66855877612955,-2.57129302167929,
-2.5703627073856),.UNSPECIFIED.);
#246=B_SPLINE_CURVE_WITH_KNOTS('',3,(#4742,#4743,#4744,#4745,#4746,#4747,
#4748,#4749,#4750,#4751,#4752,#4753,#4754,#4755,#4756,#4757,#4758,#4759,
#4760,#4761,#4762,#4763,#4764,#4765,#4766,#4767,#4768,#4769,#4770,#4771,
#4772,#4773,#4774,#4775,#4776,#4777),.UNSPECIFIED.,.F.,.F.,(4,2,2,2,2,2,
2,2,2,2,2,2,2,2,2,2,2,4),(-45.8764678186271,-45.8267538131751,-45.728495991317,
-45.6321256112471,-45.5339460374126,-45.4374936096403,-45.3393913370881,
-45.2428502758185,-45.1448241054214,-45.0481881687038,-44.9502366376485,
-44.8534999797001,-44.755621357218,-44.6587785738098,-44.5609708610704,
-44.4640170270301,-44.3662779612506,-44.303530034824),.UNSPECIFIED.);
#247=B_SPLINE_CURVE_WITH_KNOTS('',3,(#4782,#4783,#4784,#4785,#4786,#4787,
#4788,#4789,#4790,#4791,#4792,#4793,#4794,#4795,#4796,#4797,#4798,#4799,
#4800,#4801,#4802,#4803,#4804,#4805,#4806,#4807,#4808,#4809,#4810,#4811,
#4812,#4813,#4814,#4815,#4816,#4817),.UNSPECIFIED.,.F.,.F.,(4,2,2,2,2,2,
2,2,2,2,2,2,2,2,2,2,2,4),(-5.74963426093137,-5.74793720229232,-5.64706237608471,
-5.55002070224116,-5.44908058597185,-5.35197715391602,-5.2509717788703,
-5.15380647089015,-5.05273586188567,-4.95550857466146,-4.85437275065045,
-4.75708339303192,-4.65588236764573,-4.5585308587381,-4.45726464077917,
-4.35985090829936,-4.25851950218566,-4.16124052585968),.UNSPECIFIED.);
#248=B_SPLINE_CURVE_WITH_KNOTS('',3,(#4818,#4819,#4820,#4821,#4822,#4823,
#4824,#4825,#4826,#4827,#4828,#4829,#4830,#4831,#4832,#4833,#4834,#4835,
#4836,#4837,#4838,#4839,#4840,#4841,#4842,#4843,#4844,#4845,#4846,#4847,
#4848,#4849,#4850,#4851,#4852,#4853),.UNSPECIFIED.,.F.,.F.,(4,2,2,2,2,2,
2,2,2,2,2,2,2,2,2,2,2,4),(-44.303530034824,-44.269208659425,-44.1715357221034,
-44.0743470634245,-43.9767374924732,-43.8794261270727,-43.7818769325051,
-43.6844400521063,-43.5869480348332,-43.4893833669025,-43.3919451401156,
-43.294250934471,-43.1968629470456,-43.0990379557836,-43.0016965171077,
-42.9037399688282,-42.80644127447,-42.7298044037933),.UNSPECIFIED.);
#249=B_SPLINE_CURVE_WITH_KNOTS('',3,(#4858,#4859,#4860,#4861,#4862,#4863,
#4864,#4865,#4866,#4867,#4868,#4869,#4870,#4871,#4872,#4873,#4874,#4875,
#4876,#4877,#4878,#4879,#4880,#4881,#4882,#4883,#4884,#4885,#4886,#4887,
#4888,#4889,#4890,#4891,#4892,#4893),.UNSPECIFIED.,.F.,.F.,(4,2,2,2,2,2,
2,2,2,2,2,2,2,2,2,2,2,4),(-7.33113416507479,-7.32671030803235,-7.2263599591561,
-7.12980532598726,-7.0293891079872,-6.93277458362548,-6.83229261006966,
-6.73561782816499,-6.63507019855296,-6.53833484221152,-6.43772164324916,
-6.34092543839583,-6.24024674516704,-6.14338945468946,-6.04264533172897,
-5.9457267503302,-5.84491725260285,-5.74963426093137),.UNSPECIFIED.);
#250=B_SPLINE_CURVE_WITH_KNOTS('',3,(#4894,#4895,#4896,#4897,#4898,#4899,
#4900,#4901,#4902,#4903,#4904,#4905,#4906,#4907,#4908,#4909,#4910,#4911,
#4912,#4913,#4914,#4915,#4916,#4917,#4918,#4919,#4920,#4921,#4922,#4923,
#4924,#4925,#4926,#4927,#4928,#4929),.UNSPECIFIED.,.F.,.F.,(4,2,2,2,2,2,
2,2,2,2,2,2,2,2,2,2,2,4),(-42.7298044037933,-42.7083528438457,-42.6110930014929,
-42.5128727752491,-42.4156478304009,-42.3172962707515,-42.2201022316965,
-42.1216201382269,-42.02445299991,-41.9258414708141,-41.8286972372656,-41.7299576307455,
-41.6328323358171,-41.5339662323387,-41.4368559585658,-41.3378651245472,
-41.2407660200186,-41.1539206893256),.UNSPECIFIED.);
#251=B_SPLINE_CURVE_WITH_KNOTS('',3,(#4934,#4935,#4936,#4937,#4938,#4939,
#4940,#4941,#4942,#4943,#4944,#4945,#4946,#4947,#4948,#4949,#4950,#4951,
#4952,#4953,#4954,#4955,#4956,#4957,#4958,#4959,#4960,#4961,#4962,#4963,
#4964,#4965,#4966,#4967,#4968,#4969),.UNSPECIFIED.,.F.,.F.,(4,2,2,2,2,2,
2,2,2,2,2,2,2,2,2,2,2,4),(-8.9066828309152,-8.89747046412115,-8.79765334837908,
-8.70155578714217,-8.60167120016728,-8.50551957044121,-8.4055677963941,
-8.3093609800573,-8.20934227535397,-8.1130792932246,-8.01299388848077,-7.91667388511183,
-7.81652198706235,-7.72014421673964,-7.61992601010287,-7.5234898240433,
-7.42320547330866,-7.33113416507479),.UNSPECIFIED.);
#252=B_SPLINE_CURVE_WITH_KNOTS('',3,(#4970,#4971,#4972,#4973,#4974,#4975,
#4976,#4977,#4978,#4979,#4980,#4981,#4982,#4983,#4984,#4985,#4986,#4987,
#4988,#4989,#4990,#4991,#4992,#4993,#4994,#4995,#4996,#4997,#4998,#4999,
#5000,#5001,#5002,#5003,#5004,#5005),.UNSPECIFIED.,.F.,.F.,(4,2,2,2,2,2,
2,2,2,2,2,2,2,2,2,2,2,4),(-41.1539206893256,-41.1416523734092,-41.0445606665904,
-40.9453262446884,-40.8482382571927,-40.7488851869419,-40.6517973442917,
-40.5523278152072,-40.4552366556611,-40.3556528954513,-40.2585550770034,
-40.1588593298872,-40.0617516355633,-39.9619461432246,-39.864825484815,
-39.7649124698934,-39.6677758902712,-39.5741701235501),.UNSPECIFIED.);
#253=B_SPLINE_CURVE_WITH_KNOTS('',3,(#5010,#5011,#5012,#5013,#5014,#5015,
#5016,#5017,#5018,#5019,#5020,#5021,#5022,#5023,#5024,#5025,#5026,#5027,
#5028,#5029,#5030,#5031,#5032,#5033,#5034,#5035,#5036,#5037,#5038,#5039,
#5040,#5041,#5042,#5043,#5044,#5045),.UNSPECIFIED.,.F.,.F.,(4,2,2,2,2,2,
2,2,2,2,2,2,2,2,2,2,2,4),(-10.4776797166661,-10.4605616891513,-10.3612984731412,
-10.2655706896747,-10.1662365324472,-10.0704707844086,-9.97106624579701,
-9.87525964263877,-9.77578524589308,-9.67993518749098,-9.58039141882542,
-9.4844955758758,-9.38488288471255,-9.28893917860511,-9.18925797836746,
-9.09326456098405,-8.99351523030904,-8.9066828309152),.UNSPECIFIED.);
#254=B_SPLINE_CURVE_WITH_KNOTS('',3,(#5046,#5047,#5048,#5049,#5050,#5051,
#5052,#5053,#5054,#5055,#5056,#5057,#5058,#5059,#5060,#5061,#5062,#5063,
#5064,#5065,#5066,#5067,#5068,#5069,#5070,#5071,#5072,#5073,#5074,#5075,
#5076,#5077,#5078,#5079,#5080,#5081),.UNSPECIFIED.,.F.,.F.,(4,2,2,2,2,2,
2,2,2,2,2,2,2,2,2,2,2,4),(-39.5741701235501,-39.5677575422521,-39.4706022164263,
-39.3704806797731,-39.2733039148272,-39.1730812791787,-39.0758805132407,
-38.9755588054927,-38.8783316058745,-38.7779127839593,-38.6806568445967,
-38.5801427927784,-38.4828559310924,-38.3822484565999,-38.2849286098894,
-38.1842294407209,-38.0868746621869,-37.9890201672632),.UNSPECIFIED.);
#255=B_SPLINE_CURVE_WITH_KNOTS('',3,(#5086,#5087,#5088,#5089,#5090,#5091,
#5092,#5093,#5094,#5095,#5096,#5097,#5098,#5099,#5100,#5101,#5102,#5103,
#5104,#5105,#5106,#5107,#5108,#5109,#5110,#5111,#5112,#5113,#5114,#5115,
#5116,#5117,#5118,#5119,#5120,#5121),.UNSPECIFIED.,.F.,.F.,(4,2,2,2,2,2,
2,2,2,2,2,2,2,2,2,2,2,4),(-12.0458602462563,-12.0169472738398,-11.9182751398964,
-11.8227071284886,-11.723958676376,-11.6283879814567,-11.5295639076328,
-11.4339848755369,-11.3350858889549,-11.2394932186315,-11.1405200286925,
-11.0449087798094,-10.9458620862576,-10.8502276813346,-10.7511081660088,
-10.6554463872537,-10.5562547075672,-10.4776797166661),.UNSPECIFIED.);
#256=B_SPLINE_CURVE_WITH_KNOTS('',3,(#5122,#5123,#5124,#5125,#5126,#5127,
#5128,#5129,#5130,#5131,#5132,#5133,#5134,#5135,#5136,#5137,#5138,#5139,
#5140,#5141,#5142,#5143,#5144,#5145,#5146,#5147,#5148,#5149,#5150,#5151,
#5152,#5153,#5154,#5155,#5156,#5157),.UNSPECIFIED.,.F.,.F.,(4,2,2,2,2,2,
2,2,2,2,2,2,2,2,2,2,2,4),(-37.9890201672632,-37.9860854459257,-37.8886939004166,
-37.7878162039143,-37.6903861634696,-37.5894214732619,-37.491951312525,
-37.3909010358599,-37.2933892274188,-37.1922546937875,-37.0946998034947,
-36.9934822665691,-36.8958829488835,-36.7945835887756,-36.696938582163,
-36.5955585079305,-36.4978666303521,-36.3973598181454),.UNSPECIFIED.);
#257=B_SPLINE_CURVE_WITH_KNOTS('',3,(#5162,#5163,#5164,#5165,#5166,#5167,
#5168,#5169,#5170,#5171,#5172,#5173,#5174,#5175,#5176,#5177,#5178,#5179,
#5180,#5181,#5182,#5183,#5184,#5185,#5186,#5187,#5188,#5189,#5190,#5191,
#5192,#5193,#5194,#5195,#5196,#5197),.UNSPECIFIED.,.F.,.F.,(4,2,2,2,2,2,
2,2,2,2,2,2,2,2,2,2,2,4),(-13.6128199093413,-13.5687343552457,-13.4706909009167,
-13.3749066073451,-13.2767837542332,-13.1810514641374,-13.0828491672307,
-12.9871615210431,-12.8888799014255,-12.7932295823939,-12.6948689052495,
-12.5992486997063,-12.5008093522257,-12.4052122050715,-12.3066946748105,
-12.2111137391994,-12.1125185933653,-12.0458602462563),.UNSPECIFIED.);
#258=B_SPLINE_CURVE_WITH_KNOTS('',3,(#5198,#5199,#5200,#5201,#5202,#5203,
#5204,#5205,#5206,#5207,#5208,#5209,#5210,#5211,#5212,#5213,#5214,#5215,
#5216,#5217,#5218,#5219,#5220,#5221,#5222,#5223,#5224,#5225,#5226,#5227,
#5228,#5229,#5230,#5231,#5232,#5233,#5234,#5235),.UNSPECIFIED.,.F.,.F.,
(4,2,2,2,2,2,2,2,2,2,2,2,2,2,2,2,2,2,4),(-36.3973598181454,-36.3964068826864,
-36.2986670271992,-36.1971285812394,-36.0993397117272,-35.9977234799532,
-35.8998846270032,-35.7981914621677,-35.7003017191029,-35.5985324171682,
-35.5005909362435,-35.398746239296,-35.3007522280621,-35.1988328271818,
-35.1007855450196,-34.9988296728648,-34.900816351846,-34.7989259843763,
-34.7987415204011),.UNSPECIFIED.);
#259=B_SPLINE_CURVE_WITH_KNOTS('',3,(#5240,#5241,#5242,#5243,#5244,#5245,
#5246,#5247,#5248,#5249,#5250,#5251,#5252,#5253,#5254,#5255,#5256,#5257,
#5258,#5259,#5260,#5261,#5262,#5263,#5264,#5265,#5266,#5267,#5268,#5269,
#5270,#5271,#5272,#5273,#5274,#5275),.UNSPECIFIED.,.F.,.F.,(4,2,2,2,2,2,
2,2,2,2,2,2,2,2,2,2,2,4),(-15.179590390511,-15.1192954383166,-15.0218594280068,
-14.9254090650222,-14.8279021312369,-14.7315567656218,-14.6339769539767,
-14.5377311395448,-14.4400767629075,-14.3439246194231,-14.2461942572292,
-14.1501295166304,-14.0523220100715,-13.9563380694543,-13.8584525081282,
-13.7625422788128,-13.6645779908633,-13.6128199093413),.UNSPECIFIED.);
#260=B_SPLINE_CURVE_WITH_KNOTS('',3,(#5276,#5277,#5278,#5279,#5280,#5281,
#5282,#5283,#5284,#5285,#5286,#5287,#5288,#5289,#5290,#5291,#5292,#5293,
#5294,#5295,#5296,#5297,#5298,#5299,#5300,#5301,#5302,#5303,#5304,#5305,
#5306,#5307,#5308,#5309,#5310,#5311),.UNSPECIFIED.,.F.,.F.,(4,2,2,2,2,2,
2,2,2,2,2,2,2,2,2,2,2,4),(-34.7987415204011,-34.7009753163147,-34.599150449986,
-34.5012623760578,-34.3995030109297,-34.3016774663928,-34.1999836064893,
-34.1022205194926,-34.0005921732012,-33.902891463391,-33.801328643905,-33.7036902207989,
-33.6021929466064,-33.5046167076982,-33.4031850031242,-33.3056708316836,
-33.2043047274888,-33.2026243938503),.UNSPECIFIED.);
#261=B_SPLINE_CURVE_WITH_KNOTS('',3,(#5316,#5317,#5318,#5319,#5320,#5321,
#5322,#5323,#5324,#5325,#5326,#5327,#5328,#5329,#5330,#5331,#5332,#5333,
#5334,#5335,#5336,#5337,#5338,#5339,#5340,#5341,#5342,#5343,#5344,#5345,
#5346,#5347,#5348,#5349,#5350,#5351),.UNSPECIFIED.,.F.,.F.,(4,2,2,2,2,2,
2,2,2,2,2,2,2,2,2,2,2,4),(-16.7469996844865,-16.6724172119537,-16.5754490972633,
-16.4780234947023,-16.3810084987307,-16.2837130294188,-16.1866474935861,
-16.0894808469347,-15.992361255076,-15.8953216170601,-15.7981446199969,
-15.7012296540216,-15.6039920926311,-15.5071989271799,-15.4098978533729,
-15.3132230772767,-15.2158557723229,-15.179590390511),.UNSPECIFIED.);
#262=B_SPLINE_CURVE_WITH_KNOTS('',3,(#5352,#5353,#5354,#5355,#5356,#5357,
#5358,#5359,#5360,#5361,#5362,#5363,#5364,#5365,#5366,#5367,#5368,#5369,
#5370,#5371,#5372,#5373,#5374,#5375,#5376,#5377,#5378,#5379,#5380,#5381,
#5382,#5383,#5384,#5385,#5386,#5387),.UNSPECIFIED.,.F.,.F.,(4,2,2,2,2,2,
2,2,2,2,2,2,2,2,2,2,2,4),(-33.2026243938503,-33.1068524900109,-33.0055520240541,
-32.9081615673127,-32.806926785282,-32.7095979329338,-32.6084288891525,
-32.5111614378344,-32.4100581961489,-32.3128519110075,-32.2118145457622,
-32.1146691553486,-32.013697752454,-31.9166129429136,-31.8157076010139,
-31.7186830094986,-31.617843841242,-31.6134434263794),.UNSPECIFIED.);
#263=B_SPLINE_CURVE_WITH_KNOTS('',3,(#5392,#5393,#5394,#5395,#5396,#5397,
#5398,#5399,#5400,#5401,#5402,#5403,#5404,#5405,#5406,#5407,#5408,#5409,
#5410,#5411,#5412,#5413,#5414,#5415,#5416,#5417,#5418,#5419,#5420,#5421,
#5422,#5423,#5424,#5425,#5426,#5427),.UNSPECIFIED.,.F.,.F.,(4,2,2,2,2,2,
2,2,2,2,2,2,2,2,2,2,2,4),(-18.3163320025208,-18.2310444218072,-18.1343109059876,
-18.0358475044691,-17.9390984917454,-17.8407613228146,-17.7439929032667,
-17.6457835128999,-17.5489917305878,-17.450911438255,-17.3540923102724,
-17.2561421711859,-17.1592917085613,-17.0614724751596,-16.964586705411,
-16.8668987887859,-16.7699737798683,-16.7469996844865),.UNSPECIFIED.);
#264=B_SPLINE_CURVE_WITH_KNOTS('',3,(#5428,#5429,#5430,#5431,#5432,#5433,
#5434,#5435,#5436,#5437,#5438,#5439,#5440,#5441,#5442,#5443,#5444,#5445,
#5446,#5447,#5448,#5449,#5450,#5451,#5452,#5453,#5454,#5455,#5456,#5457,
#5458,#5459,#5460,#5461,#5462,#5463),.UNSPECIFIED.,.F.,.F.,(4,2,2,2,2,2,
2,2,2,2,2,2,2,2,2,2,2,4),(-31.6134434263794,-31.5208790484688,-31.4201061818848,
-31.3232007037668,-31.2224942837509,-31.1256475620265,-31.0250077519329,
-30.9282191437259,-30.8276461270608,-30.7309148933119,-30.6304088755219,
-30.5337341682439,-30.4332953785819,-30.3366762269112,-30.2363049203609,
-30.1397402153989,-30.0394366746278,-30.0302568069745),.UNSPECIFIED.);
#265=B_SPLINE_CURVE_WITH_KNOTS('',3,(#5468,#5469,#5470,#5471,#5472,#5473,
#5474,#5475,#5476,#5477,#5478,#5479,#5480,#5481,#5482,#5483,#5484,#5485,
#5486,#5487,#5488,#5489,#5490,#5491,#5492,#5493,#5494,#5495,#5496,#5497,
#5498,#5499,#5500,#5501,#5502,#5503),.UNSPECIFIED.,.F.,.F.,(4,2,2,2,2,2,
2,2,2,2,2,2,2,2,2,2,2,4),(-19.8892744442149,-19.7968152252448,-19.7000751557567,
-19.6006736963943,-19.5039461241875,-19.4046542891792,-19.3079361202382,
-19.2087561439092,-19.1120441563811,-19.01297827312,-18.9162691212389,-18.817319546169,
-18.7206097657579,-18.6217786727714,-18.5250646884573,-18.4263541855609,
-18.3296323198278,-18.3163320025208),.UNSPECIFIED.);
#266=B_SPLINE_CURVE_WITH_KNOTS('',3,(#5504,#5505,#5506,#5507,#5508,#5509,
#5510,#5511,#5512,#5513,#5514,#5515,#5516,#5517,#5518,#5519,#5520,#5521,
#5522,#5523,#5524,#5525,#5526,#5527,#5528,#5529,#5530,#5531,#5532,#5533,
#5534,#5535,#5536,#5537,#5538,#5539),.UNSPECIFIED.,.F.,.F.,(4,2,2,2,2,2,
2,2,2,2,2,2,2,2,2,2,2,4),(-30.0302568069745,-29.942925153098,-29.8426896903991,
-29.746229917184,-29.6460628763566,-29.5496532260215,-29.4495549841268,
-29.3531936215951,-29.253164590508,-29.1568494511102,-29.0568900787731,
-28.9606188479628,-28.8607296192304,-28.7644997123342,-28.6646811492792,
-28.5684896917246,-28.4687423532598,-28.4516640040661),.UNSPECIFIED.);
#267=B_SPLINE_CURVE_WITH_KNOTS('',3,(#5544,#5545,#5546,#5547,#5548,#5549,
#5550,#5551,#5552,#5553,#5554,#5555,#5556,#5557,#5558,#5559,#5560,#5561,
#5562,#5563,#5564,#5565,#5566,#5567,#5568,#5569,#5570,#5571,#5572,#5573,
#5574,#5575,#5576,#5577,#5578,#5579),.UNSPECIFIED.,.F.,.F.,(4,2,2,2,2,2,
2,2,2,2,2,2,2,2,2,2,2,4),(-21.4674018580287,-21.370415120451,-21.2734793277056,
-21.1732767998972,-21.0763735873442,-20.9762643614604,-20.8793916582103,
-20.7793775451653,-20.6825331603986,-20.582616047452,-20.4857976668845,
-20.3859795141142,-20.2891846969431,-20.1894675323611,-20.0926937088038,
-19.9930796219384,-19.8963240914849,-19.8892744442149),.UNSPECIFIED.);
#268=B_SPLINE_CURVE_WITH_KNOTS('',3,(#5580,#5581,#5582,#5583,#5584,#5585,
#5586,#5587,#5588,#5589,#5590,#5591,#5592,#5593,#5594,#5595,#5596,#5597,
#5598,#5599,#5600,#5601,#5602,#5603,#5604,#5605,#5606,#5607,#5608,#5609,
#5610,#5611,#5612,#5613,#5614,#5615),.UNSPECIFIED.,.F.,.F.,(4,2,2,2,2,2,
2,2,2,2,2,2,2,2,2,2,2,4),(-28.4516640040661,-28.3725861618049,-28.27291064246,
-28.1767862080228,-28.077183135702,-27.9810866084363,-27.8836753295699,
-27.7856354756945,-27.6881807392817,-27.5902724840843,-27.4927704994338,
-27.3949929900916,-27.2974400849624,-27.1997919867982,-27.1021846329707,
-27.0046641045653,-26.9069989424924,-26.8758771898749),.UNSPECIFIED.);
#269=B_SPLINE_CURVE_WITH_KNOTS('',3,(#5620,#5621,#5622,#5623,#5624,#5625,
#5626,#5627,#5628,#5629,#5630,#5631,#5632,#5633,#5634,#5635,#5636,#5637,
#5638,#5639,#5640,#5641,#5642,#5643,#5644,#5645,#5646,#5647,#5648,#5649,
#5650,#5651,#5652,#5653,#5654,#5655),.UNSPECIFIED.,.F.,.F.,(4,2,2,2,2,2,
2,2,2,2,2,2,2,2,2,2,2,4),(-23.051883165035,-22.9520745767492,-22.8548165898056,
-22.7539233180972,-22.6567106735674,-22.5558990638032,-22.4587304938071,
-22.358001731454,-22.2608758838051,-22.1602312279296,-22.0631466615438,
-21.9625874470226,-21.8655426272727,-21.7650702666727,-21.6680635607268,
-21.5676795457667,-21.4707092179538,-21.4674018580287),.UNSPECIFIED.);
#270=B_SPLINE_CURVE_WITH_KNOTS('',3,(#5656,#5657,#5658,#5659,#5660,#5661,
#5662,#5663,#5664,#5665,#5666,#5667,#5668,#5669,#5670,#5671,#5672,#5673,
#5674,#5675,#5676,#5677,#5678,#5679,#5680,#5681,#5682,#5683,#5684,#5685,
#5686,#5687,#5688,#5689,#5690,#5691),.UNSPECIFIED.,.F.,.F.,(4,2,2,2,2,2,
2,2,2,2,2,2,2,2,2,2,2,4),(-26.8758771898749,-26.8096036166815,-26.711877478609,
-26.6146044503267,-26.5168143812912,-26.4196602031008,-26.3218034792419,
-26.2247641652155,-26.126838308893,-26.0299093472814,-25.9319121385671,
-25.8350885134434,-25.7370179976605,-25.6402942194292,-25.5421487105372,
-25.4455188549008,-25.3472969346592,-25.3011436238036),.UNSPECIFIED.);
#271=B_SPLINE_CURVE_WITH_KNOTS('',3,(#5696,#5697,#5698,#5699,#5700,#5701,
#5702,#5703,#5704,#5705,#5706,#5707,#5708,#5709,#5710,#5711,#5712,#5713,
#5714,#5715,#5716,#5717,#5718,#5719,#5720,#5721,#5722,#5723,#5724,#5725,
#5726,#5727,#5728,#5729,#5730,#5731,#5732,#5733),.UNSPECIFIED.,.F.,.F.,
(4,2,2,2,2,2,2,2,2,2,2,2,2,2,2,2,2,2,4),(-24.6434486223914,-24.6433925436481,
-24.5457360445783,-24.4441865727563,-24.3465639105081,-24.2450796855664,
-24.1475194250949,-24.0461004447256,-23.9447383038462,-23.8472372284079,
-23.7459510347297,-23.6485005301008,-23.5472910832039,-23.4498902378581,
-23.3487583951966,-23.251406234581,-23.150352913507,-23.0530483960683,-23.051883165035),
 .UNSPECIFIED.);
#272=B_SPLINE_CURVE_WITH_KNOTS('',3,(#5734,#5735,#5736,#5737,#5738,#5739,
#5740,#5741,#5742,#5743,#5744,#5745,#5746,#5747,#5748,#5749,#5750,#5751,
#5752,#5753,#5754,#5755,#5756,#5757,#5758,#5759,#5760,#5761,#5762,#5763,
#5764,#5765,#5766,#5767,#5768,#5769),.UNSPECIFIED.,.F.,.F.,(4,2,2,2,2,2,
2,2,2,2,2,2,2,2,2,2,2,4),(-25.3011436238036,-25.2507546893316,-25.15245520232,
-25.0559939204954,-24.9576159601566,-24.861228500775,-24.7627714006038,
-24.6664506119766,-24.5679139377249,-24.4716525276901,-24.373036052819,
-24.2768266442279,-24.1781303297877,-24.0819655267076,-23.9831894999003,
-23.8870619516431,-23.7882064837028,-23.7265101856535),.UNSPECIFIED.);
#273=B_SPLINE_CURVE_WITH_KNOTS('',3,(#5774,#5775,#5776,#5777,#5778,#5779,
#5780,#5781,#5782,#5783,#5784,#5785,#5786,#5787,#5788,#5789,#5790,#5791,
#5792,#5793,#5794,#5795,#5796,#5797,#5798,#5799,#5800,#5801,#5802,#5803,
#5804,#5805,#5806,#5807,#5808,#5809),.UNSPECIFIED.,.F.,.F.,(4,2,2,2,2,2,
2,2,2,2,2,2,2,2,2,2,2,4),(-26.234118184363,-26.2327957943852,-26.135540597129,
-26.0345623998204,-25.9372604194176,-25.8362029593004,-25.7388530997336,
-25.6377173423309,-25.5403185777518,-25.4391054264398,-25.3416567970754,
-25.2403670960049,-25.1428677042205,-25.0415022412413,-24.9439512477667,
-24.8425107573267,-24.7449073776497,-24.6434486223914),.UNSPECIFIED.);
#274=B_SPLINE_CURVE_WITH_KNOTS('',3,(#5810,#5811,#5812,#5813,#5814,#5815,
#5816,#5817,#5818,#5819,#5820,#5821,#5822,#5823,#5824,#5825,#5826,#5827,
#5828,#5829,#5830,#5831,#5832,#5833,#5834,#5835,#5836,#5837,#5838,#5839,
#5840,#5841,#5842,#5843,#5844,#5845),.UNSPECIFIED.,.F.,.F.,(4,2,2,2,2,2,
2,2,2,2,2,2,2,2,2,2,2,4),(-23.7265101856535,-23.6921089452458,-23.593174429242,
-23.4970998167982,-23.398086745911,-23.3020281866409,-23.2029371333854,
-23.1068880085041,-23.0077196052902,-22.9116735860929,-22.8124285074192,
-22.7163795840155,-22.6170585304974,-22.5210010332909,-22.421604717639,
-22.3255333318091,-22.2260624667912,-22.1511007142945),.UNSPECIFIED.);
#275=B_SPLINE_CURVE_WITH_KNOTS('',3,(#5850,#5851,#5852,#5853,#5854,#5855,
#5856,#5857,#5858,#5859,#5860,#5861,#5862,#5863,#5864,#5865,#5866,#5867,
#5868,#5869,#5870,#5871,#5872,#5873,#5874,#5875,#5876,#5877,#5878,#5879,
#5880,#5881,#5882,#5883,#5884,#5885),.UNSPECIFIED.,.F.,.F.,(4,2,2,2,2,2,
2,2,2,2,2,2,2,2,2,2,2,4),(-27.8177307508751,-27.8141448891915,-27.7172146306515,
-27.6169136459363,-27.5199484290837,-27.4195579029494,-27.322555909737,
-27.2220773955553,-27.125036914292,-27.0244718855113,-26.927391306284,-26.8267411575016,
-26.7296189675317,-26.6288850160588,-26.5317197950404,-26.4309032828637,
-26.3336936983287,-26.234118184363),.UNSPECIFIED.);
#276=B_SPLINE_CURVE_WITH_KNOTS('',3,(#5886,#5887,#5888,#5889,#5890,#5891,
#5892,#5893,#5894,#5895,#5896,#5897,#5898,#5899,#5900,#5901,#5902,#5903,
#5904,#5905,#5906,#5907,#5908,#5909,#5910,#5911,#5912,#5913,#5914,#5915,
#5916,#5917,#5918,#5919,#5920,#5921),.UNSPECIFIED.,.F.,.F.,(4,2,2,2,2,2,
2,2,2,2,2,2,2,2,2,2,2,4),(-22.1511007142945,-22.1299722402155,-22.0304275285689,
-21.9343138737655,-21.8346959999719,-21.7385546907452,-21.6388643145358,
-21.542691478064,-21.442929229498,-21.3467213346302,-21.2468878105676,-21.1506416530852,
-21.0507374148736,-20.9544501004413,-20.8544756726319,-20.758144598107,
-20.6581004680277,-20.5735043521118),.UNSPECIFIED.);
#277=B_SPLINE_CURVE_WITH_KNOTS('',3,(#5926,#5927,#5928,#5929,#5930,#5931,
#5932,#5933,#5934,#5935,#5936,#5937,#5938,#5939,#5940,#5941,#5942,#5943,
#5944,#5945,#5946,#5947,#5948,#5949,#5950,#5951,#5952,#5953,#5954,#5955,
#5956,#5957,#5958,#5959,#5960,#5961),.UNSPECIFIED.,.F.,.F.,(4,2,2,2,2,2,
2,2,2,2,2,2,2,2,2,2,2,4),(-29.3950841134825,-29.3875570092184,-29.2908268641458,
-29.1913074822107,-29.0945612239451,-28.9949371262611,-28.8981719529542,
-28.7984452708322,-28.7016585121231,-28.6018313214942,-28.5050204374041,
-28.4050947510911,-28.3082573301031,-28.2082350917673,-28.1113688482204,
-28.0112519278012,-27.9143546987187,-27.8177307508751),.UNSPECIFIED.);
#278=B_SPLINE_CURVE_WITH_KNOTS('',3,(#5962,#5963,#5964,#5965,#5966,#5967,
#5968,#5969,#5970,#5971,#5972,#5973,#5974,#5975,#5976,#5977,#5978,#5979,
#5980,#5981,#5982,#5983,#5984,#5985,#5986,#5987,#5988,#5989,#5990,#5991,
#5992,#5993,#5994,#5995,#5996,#5997),.UNSPECIFIED.,.F.,.F.,(4,2,2,2,2,2,
2,2,2,2,2,2,2,2,2,2,2,4),(-20.5735043521118,-20.5617233017318,-20.4616099197542,
-20.3651845812357,-20.265002361589,-20.1685270013252,-20.0682763233279,
-19.9717493027397,-19.8714305123357,-19.7748503844113,-19.6744637959151,
-19.5778292866707,-19.4773751846427,-19.3806851755872,-19.2801638167738,
-19.1834173284886,-19.0828289437756,-18.991958534368),.UNSPECIFIED.);
#279=B_SPLINE_CURVE_WITH_KNOTS('',3,(#6002,#6003,#6004,#6005,#6006,#6007,
#6008,#6009,#6010,#6011,#6012,#6013,#6014,#6015,#6016,#6017,#6018,#6019,
#6020,#6021,#6022,#6023,#6024,#6025,#6026,#6027,#6028,#6029,#6030,#6031,
#6032,#6033,#6034,#6035,#6036,#6037),.UNSPECIFIED.,.F.,.F.,(4,2,2,2,2,2,
2,2,2,2,2,2,2,2,2,2,2,4),(-30.9673895640183,-30.9533175628686,-30.8566002032225,
-30.7579977381175,-30.6612911642899,-30.5625665585919,-30.4658670220486,
-30.3670223139606,-30.2703261599756,-30.1713634744728,-30.0746671526703,
-29.9755886747724,-29.8788887477522,-29.7796966984843,-29.6829898486356,
-29.5836864636697,-29.4869694983015,-29.3950841134825),.UNSPECIFIED.);
#280=B_SPLINE_CURVE_WITH_KNOTS('',3,(#6038,#6039,#6040,#6041,#6042,#6043,
#6044,#6045,#6046,#6047,#6048,#6049,#6050,#6051,#6052,#6053,#6054,#6055,
#6056,#6057,#6058,#6059,#6060,#6061,#6062,#6063,#6064,#6065,#6066,#6067,
#6068,#6069,#6070,#6071,#6072,#6073),.UNSPECIFIED.,.F.,.F.,(4,2,2,2,2,2,
2,2,2,2,2,2,2,2,2,2,2,4),(-18.991958534368,-18.9860251206765,-18.8853699170172,
-18.7885080133252,-18.6877861756111,-18.5908655425291,-18.4900772353838,
-18.3930973094516,-18.2922426789312,-18.1952029715129,-18.0942821467055,
-17.9971822345507,-17.8961953290683,-17.7990348458795,-17.6979819592422,
-17.6007605881747,-17.4996418070887,-17.4048987125981),.UNSPECIFIED.);
#281=B_SPLINE_CURVE_WITH_KNOTS('',3,(#6078,#6079,#6080,#6081,#6082,#6083,
#6084,#6085,#6086,#6087,#6088,#6089,#6090,#6091,#6092,#6093,#6094,#6095,
#6096,#6097,#6098,#6099,#6100,#6101,#6102,#6103,#6104,#6105,#6106,#6107,
#6108,#6109,#6110,#6111,#6112,#6113),.UNSPECIFIED.,.F.,.F.,(4,2,2,2,2,2,
2,2,2,2,2,2,2,2,2,2,2,4),(-32.5362512362368,-32.5121457396221,-32.4152009521649,
-32.317627881224,-32.2207253231776,-32.1230208934981,-32.026156681699,-31.9283210145082,
-31.8314912061081,-31.733524793271,-31.6367254105311,-31.5386290764944,
-31.4418561304402,-31.3436309936093,-31.2468805062277,-31.1485279405716,
-31.0517959653037,-30.9673895640183),.UNSPECIFIED.);
#282=B_SPLINE_CURVE_WITH_KNOTS('',3,(#6114,#6115,#6116,#6117,#6118,#6119,
#6120,#6121,#6122,#6123,#6124,#6125,#6126,#6127,#6128,#6129,#6130,#6131,
#6132,#6133,#6134,#6135,#6136,#6137,#6138,#6139,#6140,#6141,#6142,#6143,
#6144,#6145,#6146,#6147,#6148,#6149),.UNSPECIFIED.,.F.,.F.,(4,2,2,2,2,2,
2,2,2,2,2,2,2,2,2,2,2,4),(-17.4048987125981,-17.4023592741091,-17.3011746736404,
-17.2038307416679,-17.1025803863167,-17.005174850074,-16.9038587947563,
-16.8063914762593,-16.7050097671995,-16.6074805118197,-16.5060331873623,
-16.4084418603998,-16.3069289517451,-16.2092754354537,-16.1076969673246,
-16.0099811583374,-15.9083371495825,-15.8112119166414),.UNSPECIFIED.);
#283=B_SPLINE_CURVE_WITH_KNOTS('',3,(#6154,#6155,#6156,#6157,#6158,#6159,
#6160,#6161,#6162,#6163,#6164,#6165,#6166,#6167,#6168,#6169,#6170,#6171,
#6172,#6173,#6174,#6175,#6176,#6177,#6178,#6179,#6180,#6181,#6182,#6183,
#6184,#6185,#6186,#6187,#6188,#6189),.UNSPECIFIED.,.F.,.F.,(4,2,2,2,2,2,
2,2,2,2,2,2,2,2,2,2,2,4),(-34.1033390923029,-34.0656398249438,-33.9682328846622,
-33.871660104513,-33.7743213207979,-33.6776331717568,-33.5803600140904,
-33.4835526703411,-33.3863423668578,-33.289412540168,-33.1922620935734,
-33.0952070349226,-32.9981132414651,-32.900930734519,-32.8038902054908,
-32.7065785526331,-32.6095877378285,-32.5362512362368),.UNSPECIFIED.);
#284=B_SPLINE_CURVE_WITH_KNOTS('',3,(#6190,#6191,#6192,#6193,#6194,#6195,
#6196,#6197,#6198,#6199,#6200,#6201,#6202,#6203,#6204,#6205,#6206,#6207,
#6208,#6209,#6210,#6211,#6212,#6213,#6214,#6215,#6216,#6217,#6218,#6219,
#6220,#6221,#6222,#6223,#6224,#6225,#6226,#6227),.UNSPECIFIED.,.F.,.F.,
(4,2,2,2,2,2,2,2,2,2,2,2,2,2,2,2,2,2,4),(-15.8112119166414,-15.8105589566898,
-15.7088494208283,-15.6110087630641,-15.5092337087791,-15.4113305137782,
-15.3094899453612,-15.2115241479517,-15.1096180657048,-15.0115896067049,
-14.9096180073038,-14.8115555739818,-14.7096192415691,-14.6116101309728,
-14.509748469153,-14.4117919437572,-14.3100056405452,-14.2121009112028,
-14.2116492307825),.UNSPECIFIED.);
#285=B_SPLINE_CURVE_WITH_KNOTS('',3,(#6232,#6233,#6234,#6235,#6236,#6237,
#6238,#6239,#6240,#6241,#6242,#6243,#6244,#6245,#6246,#6247,#6248,#6249,
#6250,#6251,#6252,#6253,#6254,#6255,#6256,#6257,#6258,#6259,#6260,#6261,
#6262,#6263,#6264,#6265,#6266,#6267),.UNSPECIFIED.,.F.,.F.,(4,2,2,2,2,2,
2,2,2,2,2,2,2,2,2,2,2,4),(-35.6698811262609,-35.6166166984224,-35.5186045946828,
-35.4227595328201,-35.3248265037402,-35.2289132304177,-35.131058786653,
-35.03507017752,-34.9372935913398,-34.8412226682397,-34.7435229754841,-34.6473632074512,
-34.5497391906919,-34.453484394115,-34.3559345727581,-34.2595789629224,
-34.1621015893198,-34.1033390923029),.UNSPECIFIED.);
#286=B_SPLINE_CURVE_WITH_KNOTS('',3,(#6268,#6269,#6270,#6271,#6272,#6273,
#6274,#6275,#6276,#6277,#6278,#6279,#6280,#6281,#6282,#6283,#6284,#6285,
#6286,#6287,#6288,#6289,#6290,#6291,#6292,#6293,#6294,#6295,#6296,#6297,
#6298,#6299,#6300,#6301,#6302,#6303),.UNSPECIFIED.,.F.,.F.,(4,2,2,2,2,2,
2,2,2,2,2,2,2,2,2,2,2,4),(-14.2116492307825,-14.1103907054458,-14.0125369279327,
-13.910903612176,-13.8130998835655,-13.7115443069655,-13.6137896618342,
-13.5123127330947,-13.4146061395652,-13.313208829871,-13.2155491854969,
-13.1142325314107,-13.0166186589166,-12.9153837652002,-12.817814408089,
-12.7166624504006,-12.619136268448,-12.6170972926731),.UNSPECIFIED.);
#287=B_SPLINE_CURVE_WITH_KNOTS('',3,(#6308,#6309,#6310,#6311,#6312,#6313,
#6314,#6315,#6316,#6317,#6318,#6319,#6320,#6321,#6322,#6323,#6324,#6325,
#6326,#6327,#6328,#6329,#6330,#6331,#6332,#6333,#6334,#6335,#6336,#6337,
#6338,#6339,#6340,#6341,#6342,#6343),.UNSPECIFIED.,.F.,.F.,(4,2,2,2,2,2,
2,2,2,2,2,2,2,2,2,2,2,4),(-37.2366910342325,-37.1687353914824,-37.0700941143632,
-36.9745341954773,-36.8759700427236,-36.7803990362126,-36.6819126231486,
-36.5863238739746,-36.4879157514068,-36.3923023623635,-36.2939729968599,
-36.1983278732403,-36.1000776261712,-36.0043935268382,-35.9062226325907,
-35.8104922266361,-35.7124007704953,-35.6698811262609),.UNSPECIFIED.);
#288=B_SPLINE_CURVE_WITH_KNOTS('',3,(#6344,#6345,#6346,#6347,#6348,#6349,
#6350,#6351,#6352,#6353,#6354,#6355,#6356,#6357,#6358,#6359,#6360,#6361,
#6362,#6363,#6364,#6365,#6366,#6367,#6368,#6369,#6370,#6371,#6372,#6373,
#6374,#6375,#6376,#6377,#6378,#6379),.UNSPECIFIED.,.F.,.F.,(4,2,2,2,2,2,
2,2,2,2,2,2,2,2,2,2,2,4),(-12.6170972926731,-12.5180684958621,-12.4205840605213,
-12.3196017978055,-12.2221575875514,-12.1212622371275,-12.0238566327761,
-11.9230496762797,-11.8256809563256,-11.7249639556695,-11.6276302916915,
-11.5270048895237,-11.4297043417184,-11.329172261156,-11.231902774067,-11.1314658175713,
-11.0342252160926,-11.0293716372462),.UNSPECIFIED.);
#289=B_SPLINE_CURVE_WITH_KNOTS('',3,(#6384,#6385,#6386,#6387,#6388,#6389,
#6390,#6391,#6392,#6393,#6394,#6395,#6396,#6397,#6398,#6399,#6400,#6401,
#6402,#6403,#6404,#6405,#6406,#6407,#6408,#6409,#6410,#6411,#6412,#6413,
#6414,#6415,#6416,#6417,#6418,#6419),.UNSPECIFIED.,.F.,.F.,(4,2,2,2,2,2,
2,2,2,2,2,2,2,2,2,2,2,4),(-38.804853435707,-38.7253352282096,-38.6261017163003,
-38.5304291447018,-38.4312672991271,-38.3356251158862,-38.236535571624,
-38.1409198324446,-38.0419032528498,-37.9463096594066,-37.8473667309208,
-37.751790624104,-37.6529220493559,-37.5573584072474,-37.458564896395,-37.3630083377001,
-37.2642905978918,-37.2366910342325),.UNSPECIFIED.);
#290=B_SPLINE_CURVE_WITH_KNOTS('',3,(#6420,#6421,#6422,#6423,#6424,#6425,
#6426,#6427,#6428,#6429,#6430,#6431,#6432,#6433,#6434,#6435,#6436,#6437,
#6438,#6439,#6440,#6441,#6442,#6443,#6444,#6445,#6446,#6447,#6448,#6449,
#6450,#6451,#6452,#6453,#6454,#6455),.UNSPECIFIED.,.F.,.F.,(4,2,2,2,2,2,
2,2,2,2,2,2,2,2,2,2,2,4),(-11.0293716372462,-10.9338852633417,-10.8366712490842,
-10.7364302536857,-10.6392404018044,-10.5391003866798,-10.4419321432739,
-10.3418951945394,-10.2447458747429,-10.1448141339035,-10.0476809207981,
-9.94785657506929,-9.85073651955739,-9.75102179013217,-9.65391181191469,
-9.55430893999989,-9.45720582980968,-9.44752376037833),.UNSPECIFIED.);
#291=B_SPLINE_CURVE_WITH_KNOTS('',3,(#6460,#6461,#6462,#6463,#6464,#6465,
#6466,#6467,#6468,#6469,#6470,#6471,#6472,#6473,#6474,#6475,#6476,#6477,
#6478,#6479,#6480,#6481,#6482,#6483,#6484,#6485,#6486,#6487,#6488,#6489,
#6490,#6491,#6492,#6493,#6494,#6495),.UNSPECIFIED.,.F.,.F.,(4,2,2,2,2,2,
2,2,2,2,2,2,2,2,2,2,2,4),(-40.3760031735267,-40.2885604673548,-40.1887723045891,
-40.0927524092297,-39.9930320978506,-39.8970631901121,-39.7974110828472,
-39.7014914793484,-39.6019079625543,-39.5060357648787,-39.4065212599994,
-39.310694334699,-39.2112492993936,-39.1154652577718,-39.016090186595,-38.9203463646588,
-38.82104178916,-38.804853435707),.UNSPECIFIED.);
#292=B_SPLINE_CURVE_WITH_KNOTS('',3,(#6496,#6497,#6498,#6499,#6500,#6501,
#6502,#6503,#6504,#6505,#6506,#6507,#6508,#6509,#6510,#6511,#6512,#6513,
#6514,#6515,#6516,#6517,#6518,#6519,#6520,#6521,#6522,#6523,#6524,#6525,
#6526,#6527,#6528,#6529,#6530,#6531),.UNSPECIFIED.,.F.,.F.,(4,2,2,2,2,2,
2,2,2,2,2,2,2,2,2,2,2,4),(-9.44752376037833,-9.35771706027134,-9.26061748351227,
-9.16124504599272,-9.06414554793292,-8.96489163533526,-8.86778864799472,
-8.7686553922739,-8.67154524313335,-8.57253468838898,-8.47541361102654,
-8.3765276839598,-8.27939183069455,-8.18063230857316,-8.0834777651588,-7.98484624152533,
-7.88766904389344,-7.87017240843452),.UNSPECIFIED.);
#293=B_SPLINE_CURVE_WITH_KNOTS('',3,(#6536,#6537,#6538,#6539,#6540,#6541,
#6542,#6543,#6544,#6545,#6546,#6547,#6548,#6549,#6550,#6551,#6552,#6553,
#6554,#6555,#6556,#6557,#6558,#6559,#6560,#6561,#6562,#6563,#6564,#6565,
#6566,#6567,#6568,#6569,#6570,#6571),.UNSPECIFIED.,.F.,.F.,(4,2,2,2,2,2,
2,2,2,2,2,2,2,2,2,2,2,4),(-41.9518585311769,-41.8594160982636,-41.7590943861774,
-41.6626257968277,-41.5623701054772,-41.4659603663451,-41.3657708457293,
-41.2694193750121,-41.1692961940368,-41.0730023221022,-40.9729456702976,
-40.876708627794,-40.7767187171208,-40.6805376219068,-40.580614688635,-40.4844885315053,
-40.3846328381422,-40.3760031735267),.UNSPECIFIED.);
#294=B_SPLINE_CURVE_WITH_KNOTS('',3,(#6572,#6573,#6574,#6575,#6576,#6577,
#6578,#6579,#6580,#6581,#6582,#6583,#6584,#6585,#6586,#6587,#6588,#6589,
#6590,#6591,#6592,#6593,#6594,#6595,#6596,#6597,#6598,#6599,#6600,#6601,
#6602,#6603,#6604,#6605,#6606,#6607),.UNSPECIFIED.,.F.,.F.,(4,2,2,2,2,2,
2,2,2,2,2,2,2,2,2,2,2,4),(-7.87017240843452,-7.7891668923571,-7.69196304535662,
-7.59359138191861,-7.49635687994198,-7.39811652442818,-7.30084737374105,
-7.20273881101939,-7.10543105354741,-7.00745439533975,-6.91010413359069,
-6.81225908177703,-6.71486250450309,-6.61714831690489,-6.51970172504499,
-6.42211718473078,-6.3246170171143,-6.29562385903619),.UNSPECIFIED.);
#295=B_SPLINE_CURVE_WITH_KNOTS('',3,(#6612,#6613,#6614,#6615,#6616,#6617,
#6618,#6619,#6620,#6621,#6622,#6623,#6624,#6625,#6626,#6627,#6628,#6629,
#6630,#6631,#6632,#6633,#6634,#6635,#6636,#6637,#6638,#6639,#6640,#6641,
#6642,#6643,#6644,#6645,#6646,#6647),.UNSPECIFIED.,.F.,.F.,(4,2,2,2,2,2,
2,2,2,2,2,2,2,2,2,2,2,4),(-43.5337747144089,-43.4382693176092,-43.337423055913,
-43.2404701815863,-43.1396892492583,-43.0427977972564,-42.9420822424726,
-42.8452520289966,-42.7446019088049,-42.6478327217825,-42.547248103014,
-42.4505396974519,-42.3500206577204,-42.2533727504033,-42.1529193792,-42.0563316426647,
-41.955944042553,-41.9518585311769),.UNSPECIFIED.);
#296=B_SPLINE_CURVE_WITH_KNOTS('',3,(#6648,#6649,#6650,#6651,#6652,#6653,
#6654,#6655,#6656,#6657,#6658,#6659,#6660,#6661,#6662,#6663,#6664,#6665,
#6666,#6667,#6668,#6669,#6670,#6671,#6672,#6673,#6674,#6675,#6676,#6677,
#6678,#6679,#6680,#6681,#6682,#6683),.UNSPECIFIED.,.F.,.F.,(4,2,2,2,2,2,
2,2,2,2,2,2,2,2,2,2,2,4),(-6.29562385903619,-6.22716040629402,-6.12960326454383,
-6.03227234410079,-5.93465501614703,-5.83744701179228,-5.73976649340454,
-5.64267808932572,-5.54493160309181,-5.44795894380444,-5.35014395503118,
-5.25328265593008,-5.15539688501541,-5.05864205187253,-4.96068348279617,
-4.86402974016811,-4.76599662486744,-4.72231888288787),.UNSPECIFIED.);
#297=B_SPLINE_CURVE_WITH_KNOTS('',3,(#6688,#6689,#6690,#6691,#6692,#6693,
#6694,#6695,#6696,#6697,#6698,#6699,#6700,#6701,#6702,#6703,#6704,#6705,
#6706,#6707,#6708,#6709,#6710,#6711,#6712,#6713,#6714,#6715,#6716,#6717,
#6718,#6719,#6720,#6721,#6722,#6723),.UNSPECIFIED.,.F.,.F.,(4,2,2,2,2,2,
2,2,2,2,2,2,2,2,2,2,2,4),(-45.122653440612,-45.0252375257297,-44.9238695393324,
-44.8264209388291,-44.7251181310403,-44.6277317965,-44.5264941686255,-44.4291700334549,
-44.3279975908705,-44.2307355809733,-44.1296283335355,-44.0324283658538,
-43.9313863283547,-43.8342483091671,-43.7332715018378,-43.6361953247789,
-43.5352837738466,-43.5337747144089),.UNSPECIFIED.);
#298=B_SPLINE_CURVE_WITH_KNOTS('',3,(#6724,#6725,#6726,#6727,#6728,#6729,
#6730,#6731,#6732,#6733,#6734,#6735,#6736,#6737,#6738,#6739,#6740,#6741,
#6742,#6743,#6744,#6745,#6746,#6747,#6748,#6749,#6750,#6751,#6752,#6753,
#6754,#6755,#6756,#6757,#6758,#6759),.UNSPECIFIED.,.F.,.F.,(4,2,2,2,2,2,
2,2,2,2,2,2,2,2,2,2,2,4),(-4.72231888288787,-4.66943815307647,-4.57132901160833,
-4.47485959165741,-4.37667320818866,-4.28028627368356,-4.18202168616128,
-4.0857102172937,-3.98736670132416,-3.89112354473469,-3.79270061459655,
-3.69651851504179,-3.5980158970205,-3.50188749853901,-3.40330511123236,
-3.30722302357131,-3.20856095672626,-3.14923578384549),.UNSPECIFIED.);
#299=B_SPLINE_CURVE_WITH_KNOTS('',3,(#6764,#6765,#6766,#6767,#6768,#6769,
#6770,#6771,#6772,#6773,#6774,#6775,#6776,#6777,#6778,#6779,#6780,#6781,
#6782,#6783,#6784,#6785,#6786,#6787,#6788,#6789,#6790,#6791,#6792,#6793,
#6794,#6795,#6796,#6797,#6798,#6799,#6800,#6801),.UNSPECIFIED.,.F.,.F.,
(4,2,2,2,2,2,2,2,2,2,2,2,2,2,2,2,2,2,4),(-46.7124064432858,-46.7113339335633,
-46.6141447144482,-46.5131972773952,-46.4159599861194,-46.3149345755973,
-46.2176482039558,-46.1165457076095,-46.0192093124229,-45.918030559455,
-45.8206432586756,-45.7193890227632,-45.6219499917465,-45.5206209939277,
-45.4231294618713,-45.3217263733797,-45.2241816199329,-45.1227484525336,
-45.122653440612),.UNSPECIFIED.);
#300=B_SPLINE_CURVE_WITH_KNOTS('',3,(#6802,#6803,#6804,#6805,#6806,#6807,
#6808,#6809,#6810,#6811,#6812,#6813,#6814,#6815,#6816,#6817,#6818,#6819,
#6820,#6821,#6822,#6823,#6824,#6825,#6826,#6827,#6828,#6829,#6830,#6831,
#6832,#6833,#6834,#6835,#6836,#6837),.UNSPECIFIED.,.F.,.F.,(4,2,2,2,2,2,
2,2,2,2,2,2,2,2,2,2,2,4),(-3.14923578384549,-3.11251781995875,-3.01377631247835,
-2.9177648583398,-2.81894427607387,-2.72295738472668,-2.62405819861069,
-2.52808894977192,-2.42911171480788,-2.33315343243066,-2.23409876791988,
-2.13814505788855,-2.03901362923396,-1.94305840980132,-1.84385091210368,
-1.74788843705113,-1.64860558063335,-1.57553955982862),.UNSPECIFIED.);
#301=B_SPLINE_CURVE_WITH_KNOTS('',3,(#6839,#6840,#6841,#6842,#6843,#6844,
#6845,#6846,#6847,#6848,#6849,#6850,#6851,#6852,#6853,#6854,#6855,#6856,
#6857,#6858,#6859,#6860,#6861,#6862,#6863,#6864,#6865,#6866,#6867,#6868,
#6869,#6870,#6871,#6872,#6873,#6874),.UNSPECIFIED.,.F.,.F.,(4,2,2,2,2,2,
2,2,2,2,2,2,2,2,2,2,2,4),(-1.57553955982862,-1.55263046990158,-1.45327303087631,
-1.35728028274902,-1.25784890334483,-1.16183380222239,-1.06232917122936,
-0.966287410058715,-0.866710192928967,-0.77063781993361,-0.670988653507416,
-0.574882061323381,-0.475161549992241,-0.379017461595192,-0.279226174719886,
-0.183041626876311,-0.091293905403912,-9.99999997475243E-7),
 .UNSPECIFIED.);
#302=B_SPLINE_CURVE_WITH_KNOTS('',3,(#6877,#6878,#6879,#6880,#6881,#6882,
#6883,#6884,#6885,#6886,#6887,#6888,#6889,#6890,#6891,#6892,#6893,#6894,
#6895,#6896,#6897,#6898,#6899,#6900,#6901,#6902,#6903,#6904,#6905,#6906),
 .UNSPECIFIED.,.F.,.F.,(4,2,2,2,2,2,2,2,2,2,2,2,2,2,4),(-48.0976414784441,
-47.997527449116,-47.8975139603693,-47.8005879027201,-47.7001306537614,
-47.6031641751466,-47.5026222402157,-47.4056138525583,-47.3049885288911,
-47.2079368353451,-47.1072293454735,-47.0101330358067,-46.9093445298941,
-46.8122023759385,-46.7124064432858),.UNSPECIFIED.);
#303=B_SPLINE_CURVE_WITH_KNOTS('',3,(#6909,#6910,#6911,#6912,#6913,#6914,
#6915,#6916,#6917,#6918,#6919,#6920,#6921,#6922,#6923,#6924,#6925,#6926,
#6927,#6928,#6929,#6930,#6931,#6932,#6933,#6934),.UNSPECIFIED.,.F.,.F.,
(4,2,2,2,2,2,2,2,2,2,2,2,4),(-0.419838173888275,-0.419779185487674,-0.408926983069101,
-0.398693426574402,-0.384929516722212,-0.365588141445154,-0.340015191504136,
-0.305099085769683,-0.260302574256007,-0.195212675222851,-0.12468638077541,
-0.0631938979662335,-9.99999999973245E-7),.UNSPECIFIED.);
#304=B_SPLINE_CURVE_WITH_KNOTS('',3,(#6935,#6936,#6937,#6938,#6939,#6940,
#6941,#6942,#6943,#6944,#6945,#6946,#6947,#6948),.UNSPECIFIED.,.F.,.F.,
(4,2,2,2,2,2,4),(9.99974976918785E-7,0.0339736829938872,0.0575071734446129,
0.103252644553274,0.166336874057558,0.213412624554027,0.254511572272807),
 .UNSPECIFIED.);
#305=B_SPLINE_CURVE_WITH_KNOTS('',3,(#6949,#6950,#6951,#6952,#6953,#6954,
#6955,#6956,#6957,#6958,#6959,#6960,#6961,#6962,#6963,#6964),
 .UNSPECIFIED.,.F.,.F.,(4,2,2,2,2,2,2,4),(-0.468250796607631,-0.465066091779779,
-0.461194617237892,-0.454334307753466,-0.446616758336444,-0.438668969376594,
-0.429187869359031,-0.419838173888275),.UNSPECIFIED.);
#306=B_SPLINE_CURVE_WITH_KNOTS('',3,(#6969,#6970,#6971,#6972,#6973,#6974,
#6975,#6976,#6977,#6978,#6979,#6980,#6981,#6982,#6983,#6984),
 .UNSPECIFIED.,.F.,.F.,(4,2,2,2,2,2,2,4),(1.42396619051232,1.45142659109245,
1.48832983919976,1.5248650966759,1.56221085308301,1.59932523802595,1.62305512489219,
1.64770006747567),.UNSPECIFIED.);
#307=B_SPLINE_CURVE_WITH_KNOTS('',3,(#9183,#9184,#9185,#9186,#9187,#9188,
#9189),.UNSPECIFIED.,.F.,.F.,(4,3,4),(0.,0.0634878905936578,0.119392499099639),
 .UNSPECIFIED.);
#308=B_SPLINE_CURVE_WITH_KNOTS('',3,(#9190,#9191,#9192,#9193),
 .UNSPECIFIED.,.F.,.F.,(4,4),(-0.718808293557154,0.),.UNSPECIFIED.);
#309=B_SPLINE_CURVE_WITH_KNOTS('',3,(#9194,#9195,#9196,#9197),
 .UNSPECIFIED.,.F.,.F.,(4,4),(0.,0.795339912301213),.UNSPECIFIED.);
#310=B_SPLINE_CURVE_WITH_KNOTS('',3,(#9219,#9220,#9221,#9222,#9223,#9224,
#9225),.UNSPECIFIED.,.F.,.F.,(4,3,4),(0.,0.0644564716359313,0.119446757583073),
 .UNSPECIFIED.);
#311=B_SPLINE_CURVE_WITH_KNOTS('',3,(#9227,#9228,#9229,#9230,#9231),
 .UNSPECIFIED.,.F.,.F.,(4,1,4),(0.0765316187440598,0.373659227590831,0.871871531045273),
 .UNSPECIFIED.);
#312=B_SPLINE_CURVE_WITH_KNOTS('',3,(#9232,#9233,#9234,#9235,#9236,#9237,
#9238,#9239,#9240,#9241),.UNSPECIFIED.,.F.,.F.,(4,3,3,4),(0.213477071783439,
0.219148395902056,0.286196180655095,0.333003658278977),.UNSPECIFIED.);
#313=B_SPLINE_CURVE_WITH_KNOTS('',3,(#9246,#9247,#9248,#9249,#9250,#9251,
#9252,#9253,#9254,#9255,#9256,#9257,#9258),.UNSPECIFIED.,.F.,.F.,(4,3,3,
3,4),(0.,0.0363991875318579,0.0594680310699439,0.0810288737337685,0.119321390735289),
 .UNSPECIFIED.);
#314=B_SPLINE_CURVE_WITH_KNOTS('',3,(#9260,#9261,#9262,#9263,#9264,#9265,
#9266,#9267,#9268,#9269),.UNSPECIFIED.,.F.,.F.,(4,3,3,4),(0.,0.040503875911947,
0.0619378512340268,0.119317382146368),.UNSPECIFIED.);
#315=B_SPLINE_CURVE_WITH_KNOTS('',3,(#9273,#9274,#9275,#9276,#9277,#9278,
#9279),.UNSPECIFIED.,.F.,.F.,(4,3,4),(0.,0.0630303662797435,0.119487498720474),
 .UNSPECIFIED.);
#316=B_SPLINE_CURVE_WITH_KNOTS('',3,(#9281,#9282,#9283,#9284,#9285,#9286,
#9287),.UNSPECIFIED.,.F.,.F.,(4,3,4),(0.0714774678429355,0.138067302323414,
0.191187227418634),.UNSPECIFIED.);
#317=B_SPLINE_CURVE_WITH_KNOTS('',3,(#9306,#9307,#9308,#9309),
 .UNSPECIFIED.,.F.,.F.,(4,4),(0.,0.718808293557154),.UNSPECIFIED.);
#318=B_SPLINE_CURVE_WITH_KNOTS('',3,(#9312,#9313,#9314,#9315,#9316),
 .UNSPECIFIED.,.F.,.F.,(4,1,4),(0.0765316187440598,0.373659227590831,0.871871531045273),
 .UNSPECIFIED.);
#319=B_SPLINE_CURVE_WITH_KNOTS('',3,(#9341,#9342,#9343,#9344),
 .UNSPECIFIED.,.F.,.F.,(4,4),(-0.718808293557154,0.),.UNSPECIFIED.);
#320=B_SPLINE_CURVE_WITH_KNOTS('',3,(#9345,#9346,#9347,#9348),
 .UNSPECIFIED.,.F.,.F.,(4,4),(0.,0.795339912301213),.UNSPECIFIED.);
#321=B_SPLINE_CURVE_WITH_KNOTS('',3,(#9369,#9370,#9371,#9372,#9373,#9374,
#9375),.UNSPECIFIED.,.F.,.F.,(4,3,4),(0.,0.064408410292042,0.119456085304112),
 .UNSPECIFIED.);
#322=B_SPLINE_CURVE_WITH_KNOTS('',3,(#9396,#9397,#9398,#9399),
 .UNSPECIFIED.,.F.,.F.,(4,4),(0.,0.795339912301213),.UNSPECIFIED.);
#323=B_SPLINE_CURVE_WITH_KNOTS('',3,(#9421,#9422,#9423,#9424,#9425,#9426,
#9427,#9428,#9429,#9430,#9431,#9432,#9433),.UNSPECIFIED.,.F.,.F.,(4,3,3,
3,4),(0.,0.0369905194757368,0.0581515246264259,0.080822617201847,0.119321390735242),
 .UNSPECIFIED.);
#324=B_SPLINE_CURVE_WITH_KNOTS('',3,(#9434,#9435,#9436,#9437,#9438,#9439,
#9440),.UNSPECIFIED.,.F.,.F.,(4,3,4),(-0.871871531045273,-0.498212303454442,
-0.0765316187440598),.UNSPECIFIED.);
#325=B_SPLINE_SURFACE_WITH_KNOTS('',3,3,((#3014,#3015,#3016,#3017,#3018),
(#3019,#3020,#3021,#3022,#3023),(#3024,#3025,#3026,#3027,#3028),(#3029,
#3030,#3031,#3032,#3033)),.UNSPECIFIED.,.F.,.F.,.F.,(4,4),(4,1,4),(-1.32187925601011E-16,
0.115470053837926),(0.718808293557153,1.08394602208761,1.5707963267949),
 .UNSPECIFIED.);
#326=B_SPLINE_SURFACE_WITH_KNOTS('',3,3,((#3063,#3064,#3065,#3066),(#3067,
#3068,#3069,#3070),(#3071,#3072,#3073,#3074),(#3075,#3076,#3077,#3078)),
 .UNSPECIFIED.,.F.,.F.,.F.,(4,4),(4,4),(-6.24162910806512E-17,0.115470053837925),
(0.795339912301213,1.5707963267949),.UNSPECIFIED.);
#327=B_SPLINE_SURFACE_WITH_KNOTS('',3,3,((#3177,#3178,#3179,#3180,#3181),
(#3182,#3183,#3184,#3185,#3186),(#3187,#3188,#3189,#3190,#3191),(#3192,
#3193,#3194,#3195,#3196)),.UNSPECIFIED.,.F.,.F.,.F.,(4,4),(4,1,4),(-1.7310092872346E-16,
0.115470053837925),(0.718808293557154,1.08394602208761,1.5707963267949),
 .UNSPECIFIED.);
#328=B_SPLINE_SURFACE_WITH_KNOTS('',3,3,((#3217,#3218,#3219,#3220),(#3221,
#3222,#3223,#3224),(#3225,#3226,#3227,#3228),(#3229,#3230,#3231,#3232)),
 .UNSPECIFIED.,.F.,.F.,.F.,(4,4),(4,4),(-1.86141484438307E-18,0.115470053837925),
(0.795339912301213,1.5707963267949),.UNSPECIFIED.);
#329=B_SPLINE_SURFACE_WITH_KNOTS('',3,3,((#3246,#3247,#3248,#3249,#3250),
(#3251,#3252,#3253,#3254,#3255),(#3256,#3257,#3258,#3259,#3260),(#3261,
#3262,#3263,#3264,#3265)),.UNSPECIFIED.,.F.,.F.,.F.,(4,4),(4,1,4),(0.,0.115470053837925),
(0.718808293557153,1.08394602208761,1.5707963267949),.UNSPECIFIED.);
#330=B_SPLINE_SURFACE_WITH_KNOTS('',3,3,((#3284,#3285,#3286,#3287),(#3288,
#3289,#3290,#3291),(#3292,#3293,#3294,#3295),(#3296,#3297,#3298,#3299)),
 .UNSPECIFIED.,.F.,.F.,.F.,(4,4),(4,4),(0.,0.115470053837925),(0.795339912301213,
1.5707963267949),.UNSPECIFIED.);
#331=B_SPLINE_SURFACE_WITH_KNOTS('',3,3,((#9165,#9166,#9167,#9168),(#9169,
#9170,#9171,#9172),(#9173,#9174,#9175,#9176),(#9177,#9178,#9179,#9180)),
 .UNSPECIFIED.,.F.,.F.,.F.,(4,4),(4,4),(-5.5832811925401E-17,0.115470053837925),
(0.,0.795339912301213),.UNSPECIFIED.);
#332=B_SPLINE_SURFACE_WITH_KNOTS('',3,3,((#9198,#9199,#9200,#9201,#9202),
(#9203,#9204,#9205,#9206,#9207),(#9208,#9209,#9210,#9211,#9212),(#9213,
#9214,#9215,#9216,#9217)),.UNSPECIFIED.,.F.,.F.,.F.,(4,4),(4,1,4),(-1.32177797353139E-16,
0.115470053837926),(-4.44089209850063E-16,0.373659227590831,0.871871531045273),
 .UNSPECIFIED.);
#333=B_SPLINE_SURFACE_WITH_KNOTS('',3,3,((#9325,#9326,#9327,#9328),(#9329,
#9330,#9331,#9332),(#9333,#9334,#9335,#9336),(#9337,#9338,#9339,#9340)),
 .UNSPECIFIED.,.F.,.F.,.F.,(4,4),(4,4),(-5.5832811925401E-17,0.115470053837925),
(0.,0.795339912301213),.UNSPECIFIED.);
#334=B_SPLINE_SURFACE_WITH_KNOTS('',3,3,((#9349,#9350,#9351,#9352,#9353),
(#9354,#9355,#9356,#9357,#9358),(#9359,#9360,#9361,#9362,#9363),(#9364,
#9365,#9366,#9367,#9368)),.UNSPECIFIED.,.F.,.F.,.F.,(4,4),(4,1,4),(-1.6601139707719E-16,
0.115470053837926),(-4.44089209850063E-16,0.373659227590831,0.871871531045273),
 .UNSPECIFIED.);
#335=B_SPLINE_SURFACE_WITH_KNOTS('',3,3,((#9380,#9381,#9382,#9383),(#9384,
#9385,#9386,#9387),(#9388,#9389,#9390,#9391),(#9392,#9393,#9394,#9395)),
 .UNSPECIFIED.,.F.,.F.,.F.,(4,4),(4,4),(0.,0.115470053837925),(0.,0.795339912301213),
 .UNSPECIFIED.);
#336=B_SPLINE_SURFACE_WITH_KNOTS('',3,3,((#9400,#9401,#9402,#9403,#9404),
(#9405,#9406,#9407,#9408,#9409),(#9410,#9411,#9412,#9413,#9414),(#9415,
#9416,#9417,#9418,#9419)),.UNSPECIFIED.,.F.,.F.,.F.,(4,4),(4,1,4),(0.,0.115470053837925),
(0.,0.498212303454442,0.871871531045273),.UNSPECIFIED.);
#337=FACE_OUTER_BOUND('',#470,.T.);
#338=FACE_OUTER_BOUND('',#471,.T.);
#339=FACE_OUTER_BOUND('',#472,.T.);
#340=FACE_OUTER_BOUND('',#473,.T.);
#341=FACE_OUTER_BOUND('',#475,.T.);
#342=FACE_OUTER_BOUND('',#476,.T.);
#343=FACE_OUTER_BOUND('',#477,.T.);
#344=FACE_OUTER_BOUND('',#478,.T.);
#345=FACE_OUTER_BOUND('',#479,.T.);
#346=FACE_OUTER_BOUND('',#480,.T.);
#347=FACE_OUTER_BOUND('',#481,.T.);
#348=FACE_OUTER_BOUND('',#482,.T.);
#349=FACE_OUTER_BOUND('',#483,.T.);
#350=FACE_OUTER_BOUND('',#484,.T.);
#351=FACE_OUTER_BOUND('',#485,.T.);
#352=FACE_OUTER_BOUND('',#486,.T.);
#353=FACE_OUTER_BOUND('',#487,.T.);
#354=FACE_OUTER_BOUND('',#488,.T.);
#355=FACE_OUTER_BOUND('',#489,.T.);
#356=FACE_OUTER_BOUND('',#490,.T.);
#357=FACE_OUTER_BOUND('',#491,.T.);
#358=FACE_OUTER_BOUND('',#492,.T.);
#359=FACE_OUTER_BOUND('',#493,.T.);
#360=FACE_OUTER_BOUND('',#494,.T.);
#361=FACE_OUTER_BOUND('',#495,.T.);
#362=FACE_OUTER_BOUND('',#496,.T.);
#363=FACE_OUTER_BOUND('',#497,.T.);
#364=FACE_OUTER_BOUND('',#498,.T.);
#365=FACE_OUTER_BOUND('',#499,.T.);
#366=FACE_OUTER_BOUND('',#500,.T.);
#367=FACE_OUTER_BOUND('',#501,.T.);
#368=FACE_OUTER_BOUND('',#502,.T.);
#369=FACE_OUTER_BOUND('',#503,.T.);
#370=FACE_OUTER_BOUND('',#504,.T.);
#371=FACE_OUTER_BOUND('',#505,.T.);
#372=FACE_OUTER_BOUND('',#506,.T.);
#373=FACE_OUTER_BOUND('',#507,.T.);
#374=FACE_OUTER_BOUND('',#508,.T.);
#375=FACE_OUTER_BOUND('',#509,.T.);
#376=FACE_OUTER_BOUND('',#510,.T.);
#377=FACE_OUTER_BOUND('',#511,.T.);
#378=FACE_OUTER_BOUND('',#512,.T.);
#379=FACE_OUTER_BOUND('',#513,.T.);
#380=FACE_OUTER_BOUND('',#514,.T.);
#381=FACE_OUTER_BOUND('',#515,.T.);
#382=FACE_OUTER_BOUND('',#516,.T.);
#383=FACE_OUTER_BOUND('',#517,.T.);
#384=FACE_OUTER_BOUND('',#518,.T.);
#385=FACE_OUTER_BOUND('',#519,.T.);
#386=FACE_OUTER_BOUND('',#520,.T.);
#387=FACE_OUTER_BOUND('',#521,.T.);
#388=FACE_OUTER_BOUND('',#522,.T.);
#389=FACE_OUTER_BOUND('',#523,.T.);
#390=FACE_OUTER_BOUND('',#524,.T.);
#391=FACE_OUTER_BOUND('',#525,.T.);
#392=FACE_OUTER_BOUND('',#526,.T.);
#393=FACE_OUTER_BOUND('',#527,.T.);
#394=FACE_OUTER_BOUND('',#528,.T.);
#395=FACE_OUTER_BOUND('',#529,.T.);
#396=FACE_OUTER_BOUND('',#530,.T.);
#397=FACE_OUTER_BOUND('',#531,.T.);
#398=FACE_OUTER_BOUND('',#532,.T.);
#399=FACE_OUTER_BOUND('',#533,.T.);
#400=FACE_OUTER_BOUND('',#534,.T.);
#401=FACE_OUTER_BOUND('',#535,.T.);
#402=FACE_OUTER_BOUND('',#536,.T.);
#403=FACE_OUTER_BOUND('',#537,.T.);
#404=FACE_OUTER_BOUND('',#538,.T.);
#405=FACE_OUTER_BOUND('',#539,.T.);
#406=FACE_OUTER_BOUND('',#540,.T.);
#407=FACE_OUTER_BOUND('',#541,.T.);
#408=FACE_OUTER_BOUND('',#542,.T.);
#409=FACE_OUTER_BOUND('',#543,.T.);
#410=FACE_OUTER_BOUND('',#544,.T.);
#411=FACE_OUTER_BOUND('',#545,.T.);
#412=FACE_OUTER_BOUND('',#546,.T.);
#413=FACE_OUTER_BOUND('',#547,.T.);
#414=FACE_OUTER_BOUND('',#548,.T.);
#415=FACE_OUTER_BOUND('',#549,.T.);
#416=FACE_OUTER_BOUND('',#550,.T.);
#417=FACE_OUTER_BOUND('',#551,.T.);
#418=FACE_OUTER_BOUND('',#552,.T.);
#419=FACE_OUTER_BOUND('',#553,.T.);
#420=FACE_OUTER_BOUND('',#554,.T.);
#421=FACE_OUTER_BOUND('',#555,.T.);
#422=FACE_OUTER_BOUND('',#556,.T.);
#423=FACE_OUTER_BOUND('',#557,.T.);
#424=FACE_OUTER_BOUND('',#559,.T.);
#425=FACE_OUTER_BOUND('',#560,.T.);
#426=FACE_OUTER_BOUND('',#561,.T.);
#427=FACE_OUTER_BOUND('',#562,.T.);
#428=FACE_OUTER_BOUND('',#563,.T.);
#429=FACE_OUTER_BOUND('',#564,.T.);
#430=FACE_OUTER_BOUND('',#565,.T.);
#431=FACE_OUTER_BOUND('',#566,.T.);
#432=FACE_OUTER_BOUND('',#567,.T.);
#433=FACE_OUTER_BOUND('',#568,.T.);
#434=FACE_OUTER_BOUND('',#569,.T.);
#435=FACE_OUTER_BOUND('',#570,.T.);
#436=FACE_OUTER_BOUND('',#571,.T.);
#437=FACE_OUTER_BOUND('',#572,.T.);
#438=FACE_OUTER_BOUND('',#573,.T.);
#439=FACE_OUTER_BOUND('',#574,.T.);
#440=FACE_OUTER_BOUND('',#575,.T.);
#441=FACE_OUTER_BOUND('',#576,.T.);
#442=FACE_OUTER_BOUND('',#577,.T.);
#443=FACE_OUTER_BOUND('',#578,.T.);
#444=FACE_OUTER_BOUND('',#579,.T.);
#445=FACE_OUTER_BOUND('',#581,.T.);
#446=FACE_OUTER_BOUND('',#582,.T.);
#447=FACE_OUTER_BOUND('',#583,.T.);
#448=FACE_OUTER_BOUND('',#584,.T.);
#449=FACE_OUTER_BOUND('',#585,.T.);
#450=FACE_OUTER_BOUND('',#586,.T.);
#451=FACE_OUTER_BOUND('',#587,.T.);
#452=FACE_OUTER_BOUND('',#588,.T.);
#453=FACE_OUTER_BOUND('',#589,.T.);
#454=FACE_OUTER_BOUND('',#590,.T.);
#455=FACE_OUTER_BOUND('',#591,.T.);
#456=FACE_OUTER_BOUND('',#592,.T.);
#457=FACE_OUTER_BOUND('',#593,.T.);
#458=FACE_OUTER_BOUND('',#594,.T.);
#459=FACE_OUTER_BOUND('',#595,.T.);
#460=FACE_OUTER_BOUND('',#596,.T.);
#461=FACE_OUTER_BOUND('',#597,.T.);
#462=FACE_OUTER_BOUND('',#598,.T.);
#463=FACE_OUTER_BOUND('',#599,.T.);
#464=FACE_OUTER_BOUND('',#600,.T.);
#465=FACE_OUTER_BOUND('',#601,.T.);
#466=FACE_OUTER_BOUND('',#602,.T.);
#467=FACE_OUTER_BOUND('',#604,.T.);
#468=FACE_OUTER_BOUND('',#605,.T.);
#469=FACE_OUTER_BOUND('',#607,.T.);
#470=EDGE_LOOP('',(#1492,#1493,#1494));
#471=EDGE_LOOP('',(#1495,#1496,#1497,#1498));
#472=EDGE_LOOP('',(#1499,#1500,#1501,#1502));
#473=EDGE_LOOP('',(#1503,#1504,#1505,#1506,#1507,#1508,#1509,#1510,#1511));
#474=EDGE_LOOP('',(#1512,#1513,#1514,#1515,#1516,#1517));
#475=EDGE_LOOP('',(#1518,#1519,#1520,#1521,#1522));
#476=EDGE_LOOP('',(#1523,#1524,#1525,#1526,#1527));
#477=EDGE_LOOP('',(#1528,#1529,#1530));
#478=EDGE_LOOP('',(#1531,#1532,#1533,#1534));
#479=EDGE_LOOP('',(#1535,#1536,#1537,#1538));
#480=EDGE_LOOP('',(#1539,#1540,#1541,#1542,#1543));
#481=EDGE_LOOP('',(#1544,#1545,#1546));
#482=EDGE_LOOP('',(#1547,#1548,#1549,#1550));
#483=EDGE_LOOP('',(#1551,#1552,#1553,#1554));
#484=EDGE_LOOP('',(#1555,#1556,#1557,#1558,#1559,#1560,#1561,#1562,#1563));
#485=EDGE_LOOP('',(#1564,#1565,#1566,#1567));
#486=EDGE_LOOP('',(#1568,#1569,#1570,#1571));
#487=EDGE_LOOP('',(#1572,#1573,#1574,#1575));
#488=EDGE_LOOP('',(#1576,#1577,#1578,#1579));
#489=EDGE_LOOP('',(#1580,#1581,#1582,#1583));
#490=EDGE_LOOP('',(#1584,#1585,#1586,#1587));
#491=EDGE_LOOP('',(#1588,#1589,#1590,#1591,#1592,#1593));
#492=EDGE_LOOP('',(#1594,#1595,#1596));
#493=EDGE_LOOP('',(#1597,#1598,#1599,#1600,#1601));
#494=EDGE_LOOP('',(#1602,#1603,#1604,#1605));
#495=EDGE_LOOP('',(#1606,#1607,#1608,#1609));
#496=EDGE_LOOP('',(#1610,#1611,#1612,#1613));
#497=EDGE_LOOP('',(#1614,#1615,#1616,#1617));
#498=EDGE_LOOP('',(#1618,#1619,#1620,#1621));
#499=EDGE_LOOP('',(#1622,#1623,#1624,#1625));
#500=EDGE_LOOP('',(#1626,#1627,#1628,#1629));
#501=EDGE_LOOP('',(#1630,#1631,#1632,#1633));
#502=EDGE_LOOP('',(#1634,#1635,#1636,#1637));
#503=EDGE_LOOP('',(#1638,#1639,#1640,#1641));
#504=EDGE_LOOP('',(#1642,#1643,#1644,#1645));
#505=EDGE_LOOP('',(#1646,#1647,#1648,#1649));
#506=EDGE_LOOP('',(#1650,#1651,#1652,#1653));
#507=EDGE_LOOP('',(#1654,#1655,#1656,#1657));
#508=EDGE_LOOP('',(#1658,#1659,#1660,#1661));
#509=EDGE_LOOP('',(#1662,#1663,#1664,#1665));
#510=EDGE_LOOP('',(#1666,#1667,#1668,#1669));
#511=EDGE_LOOP('',(#1670,#1671,#1672,#1673));
#512=EDGE_LOOP('',(#1674,#1675,#1676,#1677));
#513=EDGE_LOOP('',(#1678,#1679,#1680,#1681));
#514=EDGE_LOOP('',(#1682,#1683,#1684,#1685));
#515=EDGE_LOOP('',(#1686,#1687,#1688,#1689));
#516=EDGE_LOOP('',(#1690,#1691,#1692,#1693));
#517=EDGE_LOOP('',(#1694,#1695,#1696,#1697));
#518=EDGE_LOOP('',(#1698,#1699,#1700,#1701));
#519=EDGE_LOOP('',(#1702,#1703,#1704,#1705));
#520=EDGE_LOOP('',(#1706,#1707,#1708,#1709));
#521=EDGE_LOOP('',(#1710,#1711,#1712,#1713));
#522=EDGE_LOOP('',(#1714,#1715,#1716,#1717));
#523=EDGE_LOOP('',(#1718,#1719,#1720,#1721,#1722));
#524=EDGE_LOOP('',(#1723,#1724,#1725,#1726));
#525=EDGE_LOOP('',(#1727,#1728,#1729,#1730));
#526=EDGE_LOOP('',(#1731,#1732,#1733,#1734));
#527=EDGE_LOOP('',(#1735,#1736,#1737,#1738));
#528=EDGE_LOOP('',(#1739,#1740,#1741,#1742));
#529=EDGE_LOOP('',(#1743,#1744,#1745,#1746));
#530=EDGE_LOOP('',(#1747,#1748,#1749,#1750));
#531=EDGE_LOOP('',(#1751,#1752,#1753,#1754));
#532=EDGE_LOOP('',(#1755,#1756,#1757,#1758));
#533=EDGE_LOOP('',(#1759,#1760,#1761,#1762));
#534=EDGE_LOOP('',(#1763,#1764,#1765,#1766));
#535=EDGE_LOOP('',(#1767,#1768,#1769,#1770));
#536=EDGE_LOOP('',(#1771,#1772,#1773,#1774));
#537=EDGE_LOOP('',(#1775,#1776,#1777,#1778));
#538=EDGE_LOOP('',(#1779,#1780,#1781,#1782));
#539=EDGE_LOOP('',(#1783,#1784,#1785,#1786));
#540=EDGE_LOOP('',(#1787,#1788,#1789,#1790));
#541=EDGE_LOOP('',(#1791,#1792,#1793,#1794));
#542=EDGE_LOOP('',(#1795,#1796,#1797,#1798));
#543=EDGE_LOOP('',(#1799,#1800,#1801,#1802));
#544=EDGE_LOOP('',(#1803,#1804,#1805,#1806));
#545=EDGE_LOOP('',(#1807,#1808,#1809,#1810));
#546=EDGE_LOOP('',(#1811,#1812,#1813,#1814));
#547=EDGE_LOOP('',(#1815,#1816,#1817,#1818));
#548=EDGE_LOOP('',(#1819,#1820,#1821,#1822));
#549=EDGE_LOOP('',(#1823,#1824,#1825,#1826));
#550=EDGE_LOOP('',(#1827,#1828,#1829,#1830));
#551=EDGE_LOOP('',(#1831,#1832,#1833,#1834));
#552=EDGE_LOOP('',(#1835,#1836,#1837,#1838));
#553=EDGE_LOOP('',(#1839,#1840,#1841,#1842));
#554=EDGE_LOOP('',(#1843,#1844,#1845,#1846));
#555=EDGE_LOOP('',(#1847,#1848,#1849,#1850,#1851,#1852,#1853,#1854,#1855));
#556=EDGE_LOOP('',(#1856,#1857,#1858));
#557=EDGE_LOOP('',(#1859,#1860,#1861,#1862,#1863,#1864));
#558=EDGE_LOOP('',(#1865,#1866,#1867));
#559=EDGE_LOOP('',(#1868,#1869,#1870,#1871,#1872));
#560=EDGE_LOOP('',(#1873,#1874,#1875,#1876,#1877));
#561=EDGE_LOOP('',(#1878,#1879,#1880,#1881,#1882));
#562=EDGE_LOOP('',(#1883,#1884,#1885,#1886,#1887));
#563=EDGE_LOOP('',(#1888,#1889,#1890,#1891,#1892));
#564=EDGE_LOOP('',(#1893,#1894,#1895,#1896,#1897));
#565=EDGE_LOOP('',(#1898,#1899,#1900));
#566=EDGE_LOOP('',(#1901,#1902,#1903));
#567=EDGE_LOOP('',(#1904,#1905,#1906));
#568=EDGE_LOOP('',(#1907,#1908,#1909));
#569=EDGE_LOOP('',(#1910,#1911,#1912));
#570=EDGE_LOOP('',(#1913,#1914,#1915));
#571=EDGE_LOOP('',(#1916,#1917,#1918,#1919,#1920,#1921));
#572=EDGE_LOOP('',(#1922,#1923,#1924,#1925));
#573=EDGE_LOOP('',(#1926,#1927,#1928,#1929,#1930,#1931,#1932,#1933,#1934,
#1935,#1936,#1937,#1938,#1939,#1940,#1941,#1942,#1943,#1944,#1945,#1946,
#1947,#1948,#1949,#1950,#1951,#1952,#1953,#1954,#1955,#1956,#1957,#1958,
#1959,#1960,#1961,#1962,#1963,#1964,#1965,#1966,#1967,#1968,#1969,#1970,
#1971,#1972,#1973,#1974,#1975,#1976,#1977,#1978,#1979,#1980,#1981,#1982,
#1983,#1984,#1985,#1986,#1987,#1988,#1989,#1990));
#574=EDGE_LOOP('',(#1991,#1992,#1993,#1994,#1995,#1996,#1997,#1998,#1999,
#2000,#2001,#2002,#2003,#2004,#2005,#2006,#2007,#2008,#2009,#2010,#2011,
#2012,#2013,#2014,#2015,#2016,#2017,#2018,#2019,#2020,#2021,#2022,#2023,
#2024,#2025,#2026,#2027,#2028,#2029,#2030,#2031,#2032,#2033,#2034,#2035,
#2036,#2037,#2038,#2039,#2040,#2041,#2042,#2043,#2044,#2045,#2046,#2047,
#2048,#2049,#2050,#2051,#2052,#2053,#2054,#2055,#2056));
#575=EDGE_LOOP('',(#2057));
#576=EDGE_LOOP('',(#2058,#2059,#2060));
#577=EDGE_LOOP('',(#2061,#2062,#2063,#2064));
#578=EDGE_LOOP('',(#2065,#2066,#2067,#2068));
#579=EDGE_LOOP('',(#2069,#2070,#2071,#2072,#2073,#2074,#2075,#2076,#2077));
#580=EDGE_LOOP('',(#2078,#2079,#2080,#2081,#2082,#2083));
#581=EDGE_LOOP('',(#2084,#2085,#2086,#2087,#2088));
#582=EDGE_LOOP('',(#2089,#2090,#2091,#2092,#2093));
#583=EDGE_LOOP('',(#2094,#2095,#2096));
#584=EDGE_LOOP('',(#2097,#2098,#2099,#2100));
#585=EDGE_LOOP('',(#2101,#2102,#2103,#2104));
#586=EDGE_LOOP('',(#2105,#2106,#2107));
#587=EDGE_LOOP('',(#2108,#2109,#2110,#2111));
#588=EDGE_LOOP('',(#2112,#2113,#2114,#2115));
#589=EDGE_LOOP('',(#2116,#2117,#2118,#2119,#2120));
#590=EDGE_LOOP('',(#2121,#2122,#2123,#2124));
#591=EDGE_LOOP('',(#2125,#2126,#2127,#2128));
#592=EDGE_LOOP('',(#2129,#2130,#2131,#2132));
#593=EDGE_LOOP('',(#2133,#2134,#2135,#2136));
#594=EDGE_LOOP('',(#2137,#2138,#2139,#2140));
#595=EDGE_LOOP('',(#2141,#2142,#2143,#2144));
#596=EDGE_LOOP('',(#2145,#2146,#2147,#2148));
#597=EDGE_LOOP('',(#2149,#2150,#2151,#2152));
#598=EDGE_LOOP('',(#2153,#2154,#2155,#2156));
#599=EDGE_LOOP('',(#2157,#2158,#2159,#2160));
#600=EDGE_LOOP('',(#2161,#2162,#2163,#2164));
#601=EDGE_LOOP('',(#2165,#2166,#2167,#2168));
#602=EDGE_LOOP('',(#2169,#2170,#2171,#2172,#2173,#2174));
#603=EDGE_LOOP('',(#2175,#2176,#2177,#2178,#2179,#2180));
#604=EDGE_LOOP('',(#2181,#2182,#2183,#2184));
#605=EDGE_LOOP('',(#2185,#2186,#2187,#2188,#2189,#2190));
#606=EDGE_LOOP('',(#2191));
#607=EDGE_LOOP('',(#2192,#2193,#2194,#2195,#2196,#2197,#2198,#2199,#2200));
#608=EDGE_LOOP('',(#2201));
#609=LINE('',#3010,#757);
#610=LINE('',#3012,#758);
#611=LINE('',#3013,#759);
#612=LINE('',#3146,#760);
#613=LINE('',#3148,#761);
#614=LINE('',#3150,#762);
#615=LINE('',#3152,#763);
#616=LINE('',#3154,#764);
#617=LINE('',#3155,#765);
#618=LINE('',#3160,#766);
#619=LINE('',#3175,#767);
#620=LINE('',#3176,#768);
#621=LINE('',#3237,#769);
#622=LINE('',#3244,#770);
#623=LINE('',#3245,#771);
#624=LINE('',#3303,#772);
#625=LINE('',#3305,#773);
#626=LINE('',#3306,#774);
#627=LINE('',#3309,#775);
#628=LINE('',#3310,#776);
#629=LINE('',#3313,#777);
#630=LINE('',#3314,#778);
#631=LINE('',#3317,#779);
#632=LINE('',#3318,#780);
#633=LINE('',#3321,#781);
#634=LINE('',#3322,#782);
#635=LINE('',#3324,#783);
#636=LINE('',#3330,#784);
#637=LINE('',#3339,#785);
#638=LINE('',#3379,#786);
#639=LINE('',#3417,#787);
#640=LINE('',#3455,#788);
#641=LINE('',#3493,#789);
#642=LINE('',#3531,#790);
#643=LINE('',#3569,#791);
#644=LINE('',#3607,#792);
#645=LINE('',#3645,#793);
#646=LINE('',#3683,#794);
#647=LINE('',#3721,#795);
#648=LINE('',#3759,#796);
#649=LINE('',#3797,#797);
#650=LINE('',#3835,#798);
#651=LINE('',#3873,#799);
#652=LINE('',#3911,#800);
#653=LINE('',#3949,#801);
#654=LINE('',#3987,#802);
#655=LINE('',#4025,#803);
#656=LINE('',#4063,#804);
#657=LINE('',#4101,#805);
#658=LINE('',#4139,#806);
#659=LINE('',#4177,#807);
#660=LINE('',#4215,#808);
#661=LINE('',#4253,#809);
#662=LINE('',#4291,#810);
#663=LINE('',#4329,#811);
#664=LINE('',#4367,#812);
#665=LINE('',#4405,#813);
#666=LINE('',#4443,#814);
#667=LINE('',#4514,#815);
#668=LINE('',#4576,#816);
#669=LINE('',#4627,#817);
#670=LINE('',#4703,#818);
#671=LINE('',#4781,#819);
#672=LINE('',#4857,#820);
#673=LINE('',#4933,#821);
#674=LINE('',#5009,#822);
#675=LINE('',#5085,#823);
#676=LINE('',#5161,#824);
#677=LINE('',#5239,#825);
#678=LINE('',#5315,#826);
#679=LINE('',#5391,#827);
#680=LINE('',#5467,#828);
#681=LINE('',#5543,#829);
#682=LINE('',#5619,#830);
#683=LINE('',#5695,#831);
#684=LINE('',#5773,#832);
#685=LINE('',#5849,#833);
#686=LINE('',#5925,#834);
#687=LINE('',#6001,#835);
#688=LINE('',#6077,#836);
#689=LINE('',#6153,#837);
#690=LINE('',#6231,#838);
#691=LINE('',#6307,#839);
#692=LINE('',#6383,#840);
#693=LINE('',#6459,#841);
#694=LINE('',#6535,#842);
#695=LINE('',#6611,#843);
#696=LINE('',#6687,#844);
#697=LINE('',#6763,#845);
#698=LINE('',#6966,#846);
#699=LINE('',#6989,#847);
#700=LINE('',#6991,#848);
#701=LINE('',#6993,#849);
#702=LINE('',#6995,#850);
#703=LINE('',#6997,#851);
#704=LINE('',#6998,#852);
#705=LINE('',#7001,#853);
#706=LINE('',#7010,#854);
#707=LINE('',#7020,#855);
#708=LINE('',#7030,#856);
#709=LINE('',#7040,#857);
#710=LINE('',#7050,#858);
#711=LINE('',#9161,#859);
#712=LINE('',#9163,#860);
#713=LINE('',#9164,#861);
#714=LINE('',#9291,#862);
#715=LINE('',#9293,#863);
#716=LINE('',#9295,#864);
#717=LINE('',#9297,#865);
#718=LINE('',#9299,#866);
#719=LINE('',#9300,#867);
#720=LINE('',#9305,#868);
#721=LINE('',#9321,#869);
#722=LINE('',#9323,#870);
#723=LINE('',#9324,#871);
#724=LINE('',#9378,#872);
#725=LINE('',#9379,#873);
#726=LINE('',#9445,#874);
#727=LINE('',#9447,#875);
#728=LINE('',#9448,#876);
#729=LINE('',#9451,#877);
#730=LINE('',#9452,#878);
#731=LINE('',#9455,#879);
#732=LINE('',#9456,#880);
#733=LINE('',#9460,#881);
#734=LINE('',#9462,#882);
#735=LINE('',#9464,#883);
#736=LINE('',#9465,#884);
#737=LINE('',#9468,#885);
#738=LINE('',#9470,#886);
#739=LINE('',#9471,#887);
#740=LINE('',#9474,#888);
#741=LINE('',#9476,#889);
#742=LINE('',#9477,#890);
#743=LINE('',#9480,#891);
#744=LINE('',#9482,#892);
#745=LINE('',#9483,#893);
#746=LINE('',#9486,#894);
#747=LINE('',#9488,#895);
#748=LINE('',#9489,#896);
#749=LINE('',#9491,#897);
#750=LINE('',#9492,#898);
#751=LINE('',#9495,#899);
#752=LINE('',#9496,#900);
#753=LINE('',#9499,#901);
#754=LINE('',#9500,#902);
#755=LINE('',#9502,#903);
#756=LINE('',#9508,#904);
#757=VECTOR('',#2559,10.);
#758=VECTOR('',#2560,10.);
#759=VECTOR('',#2561,10.);
#760=VECTOR('',#2570,10.);
#761=VECTOR('',#2571,10.);
#762=VECTOR('',#2572,10.);
#763=VECTOR('',#2573,10.);
#764=VECTOR('',#2574,10.);
#765=VECTOR('',#2575,10.);
#766=VECTOR('',#2580,10.);
#767=VECTOR('',#2587,10.);
#768=VECTOR('',#2588,10.);
#769=VECTOR('',#2593,10.);
#770=VECTOR('',#2596,10.);
#771=VECTOR('',#2597,10.);
#772=VECTOR('',#2602,10.);
#773=VECTOR('',#2603,10.);
#774=VECTOR('',#2604,10.);
#775=VECTOR('',#2607,10.);
#776=VECTOR('',#2608,10.);
#777=VECTOR('',#2611,10.);
#778=VECTOR('',#2612,10.);
#779=VECTOR('',#2615,10.);
#780=VECTOR('',#2616,10.);
#781=VECTOR('',#2619,10.);
#782=VECTOR('',#2620,10.);
#783=VECTOR('',#2623,10.);
#784=VECTOR('',#2630,1.98038475772928);
#785=VECTOR('',#2635,1.98038475772928);
#786=VECTOR('',#2640,1.98038475772928);
#787=VECTOR('',#2643,1.98038475772928);
#788=VECTOR('',#2646,1.98038475772928);
#789=VECTOR('',#2649,1.98038475772928);
#790=VECTOR('',#2652,1.98038475772928);
#791=VECTOR('',#2655,1.98038475772928);
#792=VECTOR('',#2658,1.98038475772928);
#793=VECTOR('',#2661,1.98038475772928);
#794=VECTOR('',#2664,1.98038475772928);
#795=VECTOR('',#2667,1.98038475772928);
#796=VECTOR('',#2670,1.98038475772928);
#797=VECTOR('',#2673,1.98038475772928);
#798=VECTOR('',#2676,1.98038475772928);
#799=VECTOR('',#2679,1.98038475772928);
#800=VECTOR('',#2682,1.98038475772928);
#801=VECTOR('',#2685,1.98038475772928);
#802=VECTOR('',#2688,1.98038475772928);
#803=VECTOR('',#2691,1.98038475772928);
#804=VECTOR('',#2694,1.98038475772928);
#805=VECTOR('',#2697,1.98038475772928);
#806=VECTOR('',#2700,1.98038475772928);
#807=VECTOR('',#2703,1.98038475772928);
#808=VECTOR('',#2706,1.98038475772928);
#809=VECTOR('',#2709,1.98038475772928);
#810=VECTOR('',#2712,1.98038475772928);
#811=VECTOR('',#2715,1.98038475772928);
#812=VECTOR('',#2718,1.98038475772928);
#813=VECTOR('',#2721,1.98038475772928);
#814=VECTOR('',#2724,2.5);
#815=VECTOR('',#2729,2.5);
#816=VECTOR('',#2734,2.5);
#817=VECTOR('',#2739,2.5);
#818=VECTOR('',#2742,2.5);
#819=VECTOR('',#2745,2.5);
#820=VECTOR('',#2748,2.5);
#821=VECTOR('',#2751,2.5);
#822=VECTOR('',#2754,2.5);
#823=VECTOR('',#2757,2.5);
#824=VECTOR('',#2760,2.5);
#825=VECTOR('',#2763,2.5);
#826=VECTOR('',#2766,2.5);
#827=VECTOR('',#2769,2.5);
#828=VECTOR('',#2772,2.5);
#829=VECTOR('',#2775,2.5);
#830=VECTOR('',#2778,2.5);
#831=VECTOR('',#2781,2.5);
#832=VECTOR('',#2784,2.5);
#833=VECTOR('',#2787,2.5);
#834=VECTOR('',#2790,2.5);
#835=VECTOR('',#2793,2.5);
#836=VECTOR('',#2796,2.5);
#837=VECTOR('',#2799,2.5);
#838=VECTOR('',#2802,2.5);
#839=VECTOR('',#2805,2.5);
#840=VECTOR('',#2808,2.5);
#841=VECTOR('',#2811,2.5);
#842=VECTOR('',#2814,2.5);
#843=VECTOR('',#2817,2.5);
#844=VECTOR('',#2820,2.5);
#845=VECTOR('',#2823,2.5);
#846=VECTOR('',#2830,1.9);
#847=VECTOR('',#2839,1000.);
#848=VECTOR('',#2840,1000.);
#849=VECTOR('',#2841,1000.);
#850=VECTOR('',#2842,1000.);
#851=VECTOR('',#2843,1000.);
#852=VECTOR('',#2844,1000.);
#853=VECTOR('',#2847,1000.);
#854=VECTOR('',#2848,1000.);
#855=VECTOR('',#2851,1000.);
#856=VECTOR('',#2854,1000.);
#857=VECTOR('',#2857,1000.);
#858=VECTOR('',#2860,1000.);
#859=VECTOR('',#2895,10.);
#860=VECTOR('',#2896,10.);
#861=VECTOR('',#2897,10.);
#862=VECTOR('',#2906,10.);
#863=VECTOR('',#2907,10.);
#864=VECTOR('',#2908,10.);
#865=VECTOR('',#2909,10.);
#866=VECTOR('',#2910,10.);
#867=VECTOR('',#2911,10.);
#868=VECTOR('',#2916,10.);
#869=VECTOR('',#2923,10.);
#870=VECTOR('',#2924,10.);
#871=VECTOR('',#2925,10.);
#872=VECTOR('',#2928,10.);
#873=VECTOR('',#2929,10.);
#874=VECTOR('',#2936,10.);
#875=VECTOR('',#2937,10.);
#876=VECTOR('',#2938,10.);
#877=VECTOR('',#2941,10.);
#878=VECTOR('',#2942,10.);
#879=VECTOR('',#2945,10.);
#880=VECTOR('',#2946,10.);
#881=VECTOR('',#2949,10.);
#882=VECTOR('',#2950,10.);
#883=VECTOR('',#2951,10.);
#884=VECTOR('',#2952,10.);
#885=VECTOR('',#2955,10.);
#886=VECTOR('',#2956,10.);
#887=VECTOR('',#2957,10.);
#888=VECTOR('',#2960,10.);
#889=VECTOR('',#2961,10.);
#890=VECTOR('',#2962,10.);
#891=VECTOR('',#2965,10.);
#892=VECTOR('',#2966,10.);
#893=VECTOR('',#2967,10.);
#894=VECTOR('',#2970,10.);
#895=VECTOR('',#2971,10.);
#896=VECTOR('',#2972,10.);
#897=VECTOR('',#2975,10.);
#898=VECTOR('',#2976,10.);
#899=VECTOR('',#2979,10.);
#900=VECTOR('',#2980,10.);
#901=VECTOR('',#2983,10.);
#902=VECTOR('',#2984,10.);
#903=VECTOR('',#2987,10.);
#904=VECTOR('',#2994,2.6);
#905=VERTEX_POINT('',#3008);
#906=VERTEX_POINT('',#3009);
#907=VERTEX_POINT('',#3011);
#908=VERTEX_POINT('',#3034);
#909=VERTEX_POINT('',#3035);
#910=VERTEX_POINT('',#3048);
#911=VERTEX_POINT('',#3079);
#912=VERTEX_POINT('',#3092);
#913=VERTEX_POINT('',#3094);
#914=VERTEX_POINT('',#3102);
#915=VERTEX_POINT('',#3116);
#916=VERTEX_POINT('',#3118);
#917=VERTEX_POINT('',#3132);
#918=VERTEX_POINT('',#3144);
#919=VERTEX_POINT('',#3145);
#920=VERTEX_POINT('',#3147);
#921=VERTEX_POINT('',#3149);
#922=VERTEX_POINT('',#3151);
#923=VERTEX_POINT('',#3153);
#924=VERTEX_POINT('',#3157);
#925=VERTEX_POINT('',#3159);
#926=VERTEX_POINT('',#3166);
#927=VERTEX_POINT('',#3174);
#928=VERTEX_POINT('',#3202);
#929=VERTEX_POINT('',#3234);
#930=VERTEX_POINT('',#3236);
#931=VERTEX_POINT('',#3243);
#932=VERTEX_POINT('',#3302);
#933=VERTEX_POINT('',#3304);
#934=VERTEX_POINT('',#3308);
#935=VERTEX_POINT('',#3312);
#936=VERTEX_POINT('',#3316);
#937=VERTEX_POINT('',#3320);
#938=VERTEX_POINT('',#3328);
#939=VERTEX_POINT('',#3329);
#940=VERTEX_POINT('',#3331);
#941=VERTEX_POINT('',#3337);
#942=VERTEX_POINT('',#3338);
#943=VERTEX_POINT('',#3357);
#944=VERTEX_POINT('',#3377);
#945=VERTEX_POINT('',#3378);
#946=VERTEX_POINT('',#3415);
#947=VERTEX_POINT('',#3416);
#948=VERTEX_POINT('',#3453);
#949=VERTEX_POINT('',#3454);
#950=VERTEX_POINT('',#3491);
#951=VERTEX_POINT('',#3492);
#952=VERTEX_POINT('',#3529);
#953=VERTEX_POINT('',#3530);
#954=VERTEX_POINT('',#3567);
#955=VERTEX_POINT('',#3568);
#956=VERTEX_POINT('',#3605);
#957=VERTEX_POINT('',#3606);
#958=VERTEX_POINT('',#3643);
#959=VERTEX_POINT('',#3644);
#960=VERTEX_POINT('',#3681);
#961=VERTEX_POINT('',#3682);
#962=VERTEX_POINT('',#3719);
#963=VERTEX_POINT('',#3720);
#964=VERTEX_POINT('',#3757);
#965=VERTEX_POINT('',#3758);
#966=VERTEX_POINT('',#3795);
#967=VERTEX_POINT('',#3796);
#968=VERTEX_POINT('',#3833);
#969=VERTEX_POINT('',#3834);
#970=VERTEX_POINT('',#3871);
#971=VERTEX_POINT('',#3872);
#972=VERTEX_POINT('',#3909);
#973=VERTEX_POINT('',#3910);
#974=VERTEX_POINT('',#3947);
#975=VERTEX_POINT('',#3948);
#976=VERTEX_POINT('',#3985);
#977=VERTEX_POINT('',#3986);
#978=VERTEX_POINT('',#4023);
#979=VERTEX_POINT('',#4024);
#980=VERTEX_POINT('',#4061);
#981=VERTEX_POINT('',#4062);
#982=VERTEX_POINT('',#4099);
#983=VERTEX_POINT('',#4100);
#984=VERTEX_POINT('',#4137);
#985=VERTEX_POINT('',#4138);
#986=VERTEX_POINT('',#4175);
#987=VERTEX_POINT('',#4176);
#988=VERTEX_POINT('',#4213);
#989=VERTEX_POINT('',#4214);
#990=VERTEX_POINT('',#4251);
#991=VERTEX_POINT('',#4252);
#992=VERTEX_POINT('',#4289);
#993=VERTEX_POINT('',#4290);
#994=VERTEX_POINT('',#4327);
#995=VERTEX_POINT('',#4328);
#996=VERTEX_POINT('',#4365);
#997=VERTEX_POINT('',#4366);
#998=VERTEX_POINT('',#4403);
#999=VERTEX_POINT('',#4404);
#1000=VERTEX_POINT('',#4441);
#1001=VERTEX_POINT('',#4442);
#1002=VERTEX_POINT('',#4444);
#1003=VERTEX_POINT('',#4479);
#1004=VERTEX_POINT('',#4512);
#1005=VERTEX_POINT('',#4513);
#1006=VERTEX_POINT('',#4515);
#1007=VERTEX_POINT('',#4574);
#1008=VERTEX_POINT('',#4575);
#1009=VERTEX_POINT('',#4577);
#1010=VERTEX_POINT('',#4602);
#1011=VERTEX_POINT('',#4625);
#1012=VERTEX_POINT('',#4626);
#1013=VERTEX_POINT('',#4701);
#1014=VERTEX_POINT('',#4702);
#1015=VERTEX_POINT('',#4779);
#1016=VERTEX_POINT('',#4780);
#1017=VERTEX_POINT('',#4855);
#1018=VERTEX_POINT('',#4856);
#1019=VERTEX_POINT('',#4931);
#1020=VERTEX_POINT('',#4932);
#1021=VERTEX_POINT('',#5007);
#1022=VERTEX_POINT('',#5008);
#1023=VERTEX_POINT('',#5083);
#1024=VERTEX_POINT('',#5084);
#1025=VERTEX_POINT('',#5159);
#1026=VERTEX_POINT('',#5160);
#1027=VERTEX_POINT('',#5237);
#1028=VERTEX_POINT('',#5238);
#1029=VERTEX_POINT('',#5313);
#1030=VERTEX_POINT('',#5314);
#1031=VERTEX_POINT('',#5389);
#1032=VERTEX_POINT('',#5390);
#1033=VERTEX_POINT('',#5465);
#1034=VERTEX_POINT('',#5466);
#1035=VERTEX_POINT('',#5541);
#1036=VERTEX_POINT('',#5542);
#1037=VERTEX_POINT('',#5617);
#1038=VERTEX_POINT('',#5618);
#1039=VERTEX_POINT('',#5693);
#1040=VERTEX_POINT('',#5694);
#1041=VERTEX_POINT('',#5771);
#1042=VERTEX_POINT('',#5772);
#1043=VERTEX_POINT('',#5847);
#1044=VERTEX_POINT('',#5848);
#1045=VERTEX_POINT('',#5923);
#1046=VERTEX_POINT('',#5924);
#1047=VERTEX_POINT('',#5999);
#1048=VERTEX_POINT('',#6000);
#1049=VERTEX_POINT('',#6075);
#1050=VERTEX_POINT('',#6076);
#1051=VERTEX_POINT('',#6151);
#1052=VERTEX_POINT('',#6152);
#1053=VERTEX_POINT('',#6229);
#1054=VERTEX_POINT('',#6230);
#1055=VERTEX_POINT('',#6305);
#1056=VERTEX_POINT('',#6306);
#1057=VERTEX_POINT('',#6381);
#1058=VERTEX_POINT('',#6382);
#1059=VERTEX_POINT('',#6457);
#1060=VERTEX_POINT('',#6458);
#1061=VERTEX_POINT('',#6533);
#1062=VERTEX_POINT('',#6534);
#1063=VERTEX_POINT('',#6609);
#1064=VERTEX_POINT('',#6610);
#1065=VERTEX_POINT('',#6685);
#1066=VERTEX_POINT('',#6686);
#1067=VERTEX_POINT('',#6761);
#1068=VERTEX_POINT('',#6762);
#1069=VERTEX_POINT('',#6875);
#1070=VERTEX_POINT('',#6908);
#1071=VERTEX_POINT('',#6965);
#1072=VERTEX_POINT('',#6987);
#1073=VERTEX_POINT('',#6988);
#1074=VERTEX_POINT('',#6990);
#1075=VERTEX_POINT('',#6992);
#1076=VERTEX_POINT('',#6994);
#1077=VERTEX_POINT('',#6996);
#1078=VERTEX_POINT('',#7000);
#1079=VERTEX_POINT('',#7002);
#1080=VERTEX_POINT('',#7006);
#1081=VERTEX_POINT('',#7012);
#1082=VERTEX_POINT('',#7016);
#1083=VERTEX_POINT('',#7022);
#1084=VERTEX_POINT('',#7026);
#1085=VERTEX_POINT('',#7032);
#1086=VERTEX_POINT('',#7036);
#1087=VERTEX_POINT('',#7042);
#1088=VERTEX_POINT('',#7046);
#1089=VERTEX_POINT('',#7052);
#1090=VERTEX_POINT('',#9159);
#1091=VERTEX_POINT('',#9160);
#1092=VERTEX_POINT('',#9162);
#1093=VERTEX_POINT('',#9181);
#1094=VERTEX_POINT('',#9182);
#1095=VERTEX_POINT('',#9218);
#1096=VERTEX_POINT('',#9226);
#1097=VERTEX_POINT('',#9243);
#1098=VERTEX_POINT('',#9245);
#1099=VERTEX_POINT('',#9259);
#1100=VERTEX_POINT('',#9270);
#1101=VERTEX_POINT('',#9272);
#1102=VERTEX_POINT('',#9280);
#1103=VERTEX_POINT('',#9289);
#1104=VERTEX_POINT('',#9290);
#1105=VERTEX_POINT('',#9292);
#1106=VERTEX_POINT('',#9294);
#1107=VERTEX_POINT('',#9296);
#1108=VERTEX_POINT('',#9298);
#1109=VERTEX_POINT('',#9302);
#1110=VERTEX_POINT('',#9304);
#1111=VERTEX_POINT('',#9311);
#1112=VERTEX_POINT('',#9319);
#1113=VERTEX_POINT('',#9320);
#1114=VERTEX_POINT('',#9322);
#1115=VERTEX_POINT('',#9377);
#1116=VERTEX_POINT('',#9420);
#1117=VERTEX_POINT('',#9444);
#1118=VERTEX_POINT('',#9446);
#1119=VERTEX_POINT('',#9450);
#1120=VERTEX_POINT('',#9454);
#1121=VERTEX_POINT('',#9458);
#1122=VERTEX_POINT('',#9459);
#1123=VERTEX_POINT('',#9461);
#1124=VERTEX_POINT('',#9463);
#1125=VERTEX_POINT('',#9467);
#1126=VERTEX_POINT('',#9469);
#1127=VERTEX_POINT('',#9473);
#1128=VERTEX_POINT('',#9475);
#1129=VERTEX_POINT('',#9479);
#1130=VERTEX_POINT('',#9481);
#1131=VERTEX_POINT('',#9485);
#1132=VERTEX_POINT('',#9487);
#1133=VERTEX_POINT('',#9494);
#1134=VERTEX_POINT('',#9498);
#1135=VERTEX_POINT('',#9505);
#1136=VERTEX_POINT('',#9507);
#1137=EDGE_CURVE('',#905,#906,#609,.T.);
#1138=EDGE_CURVE('',#907,#906,#610,.T.);
#1139=EDGE_CURVE('',#907,#905,#611,.T.);
#1140=EDGE_CURVE('',#908,#909,#219,.T.);
#1141=EDGE_CURVE('',#909,#906,#220,.T.);
#1142=EDGE_CURVE('',#906,#910,#221,.T.);
#1143=EDGE_CURVE('',#910,#908,#222,.T.);
#1144=EDGE_CURVE('',#909,#911,#223,.T.);
#1145=EDGE_CURVE('',#911,#907,#224,.T.);
#1146=EDGE_CURVE('',#912,#908,#191,.T.);
#1147=EDGE_CURVE('',#913,#912,#225,.T.);
#1148=EDGE_CURVE('',#914,#913,#226,.T.);
#1149=EDGE_CURVE('',#915,#914,#192,.T.);
#1150=EDGE_CURVE('',#915,#916,#227,.T.);
#1151=EDGE_CURVE('',#916,#917,#228,.T.);
#1152=EDGE_CURVE('',#911,#917,#193,.T.);
#1153=EDGE_CURVE('',#918,#919,#612,.T.);
#1154=EDGE_CURVE('',#919,#920,#613,.T.);
#1155=EDGE_CURVE('',#920,#921,#614,.T.);
#1156=EDGE_CURVE('',#921,#922,#615,.T.);
#1157=EDGE_CURVE('',#922,#923,#616,.T.);
#1158=EDGE_CURVE('',#923,#918,#617,.T.);
#1159=EDGE_CURVE('',#924,#910,#194,.T.);
#1160=EDGE_CURVE('',#925,#924,#618,.T.);
#1161=EDGE_CURVE('',#912,#925,#229,.T.);
#1162=EDGE_CURVE('',#917,#926,#230,.T.);
#1163=EDGE_CURVE('',#905,#926,#195,.T.);
#1164=EDGE_CURVE('',#924,#927,#619,.T.);
#1165=EDGE_CURVE('',#925,#927,#620,.T.);
#1166=EDGE_CURVE('',#913,#927,#231,.T.);
#1167=EDGE_CURVE('',#927,#928,#232,.T.);
#1168=EDGE_CURVE('',#928,#914,#233,.T.);
#1169=EDGE_CURVE('',#929,#928,#196,.T.);
#1170=EDGE_CURVE('',#929,#930,#621,.T.);
#1171=EDGE_CURVE('',#930,#915,#234,.T.);
#1172=EDGE_CURVE('',#931,#929,#622,.T.);
#1173=EDGE_CURVE('',#930,#931,#623,.T.);
#1174=EDGE_CURVE('',#916,#931,#235,.T.);
#1175=EDGE_CURVE('',#926,#931,#236,.T.);
#1176=EDGE_CURVE('',#921,#932,#624,.T.);
#1177=EDGE_CURVE('',#932,#933,#625,.T.);
#1178=EDGE_CURVE('',#922,#933,#626,.T.);
#1179=EDGE_CURVE('',#920,#934,#627,.T.);
#1180=EDGE_CURVE('',#934,#932,#628,.T.);
#1181=EDGE_CURVE('',#919,#935,#629,.T.);
#1182=EDGE_CURVE('',#935,#934,#630,.T.);
#1183=EDGE_CURVE('',#918,#936,#631,.T.);
#1184=EDGE_CURVE('',#936,#935,#632,.T.);
#1185=EDGE_CURVE('',#923,#937,#633,.T.);
#1186=EDGE_CURVE('',#937,#936,#634,.T.);
#1187=EDGE_CURVE('',#933,#937,#635,.T.);
#1188=EDGE_CURVE('',#938,#939,#636,.T.);
#1189=EDGE_CURVE('',#940,#938,#31,.T.);
#1190=EDGE_CURVE('',#940,#939,#197,.T.);
#1191=EDGE_CURVE('',#941,#942,#637,.T.);
#1192=EDGE_CURVE('',#938,#941,#32,.T.);
#1193=EDGE_CURVE('',#939,#943,#198,.T.);
#1194=EDGE_CURVE('',#943,#942,#33,.T.);
#1195=EDGE_CURVE('',#944,#945,#638,.T.);
#1196=EDGE_CURVE('',#941,#944,#34,.T.);
#1197=EDGE_CURVE('',#942,#945,#35,.T.);
#1198=EDGE_CURVE('',#946,#947,#639,.T.);
#1199=EDGE_CURVE('',#944,#946,#36,.T.);
#1200=EDGE_CURVE('',#945,#947,#37,.T.);
#1201=EDGE_CURVE('',#948,#949,#640,.T.);
#1202=EDGE_CURVE('',#946,#948,#38,.T.);
#1203=EDGE_CURVE('',#947,#949,#39,.T.);
#1204=EDGE_CURVE('',#950,#951,#641,.T.);
#1205=EDGE_CURVE('',#948,#950,#40,.T.);
#1206=EDGE_CURVE('',#949,#951,#41,.T.);
#1207=EDGE_CURVE('',#952,#953,#642,.T.);
#1208=EDGE_CURVE('',#950,#952,#42,.T.);
#1209=EDGE_CURVE('',#951,#953,#43,.T.);
#1210=EDGE_CURVE('',#954,#955,#643,.T.);
#1211=EDGE_CURVE('',#952,#954,#44,.T.);
#1212=EDGE_CURVE('',#953,#955,#45,.T.);
#1213=EDGE_CURVE('',#956,#957,#644,.T.);
#1214=EDGE_CURVE('',#954,#956,#46,.T.);
#1215=EDGE_CURVE('',#955,#957,#47,.T.);
#1216=EDGE_CURVE('',#958,#959,#645,.T.);
#1217=EDGE_CURVE('',#956,#958,#48,.T.);
#1218=EDGE_CURVE('',#957,#959,#49,.T.);
#1219=EDGE_CURVE('',#960,#961,#646,.T.);
#1220=EDGE_CURVE('',#958,#960,#50,.T.);
#1221=EDGE_CURVE('',#959,#961,#51,.T.);
#1222=EDGE_CURVE('',#962,#963,#647,.T.);
#1223=EDGE_CURVE('',#960,#962,#52,.T.);
#1224=EDGE_CURVE('',#961,#963,#53,.T.);
#1225=EDGE_CURVE('',#964,#965,#648,.T.);
#1226=EDGE_CURVE('',#962,#964,#54,.T.);
#1227=EDGE_CURVE('',#963,#965,#55,.T.);
#1228=EDGE_CURVE('',#966,#967,#649,.T.);
#1229=EDGE_CURVE('',#964,#966,#56,.T.);
#1230=EDGE_CURVE('',#965,#967,#57,.T.);
#1231=EDGE_CURVE('',#968,#969,#650,.T.);
#1232=EDGE_CURVE('',#966,#968,#58,.T.);
#1233=EDGE_CURVE('',#967,#969,#59,.T.);
#1234=EDGE_CURVE('',#970,#971,#651,.T.);
#1235=EDGE_CURVE('',#968,#970,#60,.T.);
#1236=EDGE_CURVE('',#969,#971,#61,.T.);
#1237=EDGE_CURVE('',#972,#973,#652,.T.);
#1238=EDGE_CURVE('',#970,#972,#62,.T.);
#1239=EDGE_CURVE('',#971,#973,#63,.T.);
#1240=EDGE_CURVE('',#974,#975,#653,.T.);
#1241=EDGE_CURVE('',#972,#974,#64,.T.);
#1242=EDGE_CURVE('',#973,#975,#65,.T.);
#1243=EDGE_CURVE('',#976,#977,#654,.T.);
#1244=EDGE_CURVE('',#974,#976,#66,.T.);
#1245=EDGE_CURVE('',#975,#977,#67,.T.);
#1246=EDGE_CURVE('',#978,#979,#655,.T.);
#1247=EDGE_CURVE('',#976,#978,#68,.T.);
#1248=EDGE_CURVE('',#977,#979,#69,.T.);
#1249=EDGE_CURVE('',#980,#981,#656,.T.);
#1250=EDGE_CURVE('',#978,#980,#70,.T.);
#1251=EDGE_CURVE('',#979,#981,#71,.T.);
#1252=EDGE_CURVE('',#982,#983,#657,.T.);
#1253=EDGE_CURVE('',#980,#982,#72,.T.);
#1254=EDGE_CURVE('',#981,#983,#73,.T.);
#1255=EDGE_CURVE('',#984,#985,#658,.T.);
#1256=EDGE_CURVE('',#982,#984,#74,.T.);
#1257=EDGE_CURVE('',#983,#985,#75,.T.);
#1258=EDGE_CURVE('',#986,#987,#659,.T.);
#1259=EDGE_CURVE('',#984,#986,#76,.T.);
#1260=EDGE_CURVE('',#985,#987,#77,.T.);
#1261=EDGE_CURVE('',#988,#989,#660,.T.);
#1262=EDGE_CURVE('',#986,#988,#78,.T.);
#1263=EDGE_CURVE('',#987,#989,#79,.T.);
#1264=EDGE_CURVE('',#990,#991,#661,.T.);
#1265=EDGE_CURVE('',#988,#990,#80,.T.);
#1266=EDGE_CURVE('',#989,#991,#81,.T.);
#1267=EDGE_CURVE('',#992,#993,#662,.T.);
#1268=EDGE_CURVE('',#990,#992,#82,.T.);
#1269=EDGE_CURVE('',#991,#993,#83,.T.);
#1270=EDGE_CURVE('',#994,#995,#663,.T.);
#1271=EDGE_CURVE('',#992,#994,#84,.T.);
#1272=EDGE_CURVE('',#993,#995,#85,.T.);
#1273=EDGE_CURVE('',#996,#997,#664,.T.);
#1274=EDGE_CURVE('',#994,#996,#86,.T.);
#1275=EDGE_CURVE('',#995,#997,#87,.T.);
#1276=EDGE_CURVE('',#998,#999,#665,.T.);
#1277=EDGE_CURVE('',#996,#998,#88,.T.);
#1278=EDGE_CURVE('',#997,#999,#89,.T.);
#1279=EDGE_CURVE('',#1000,#1001,#666,.T.);
#1280=EDGE_CURVE('',#1000,#1002,#237,.T.);
#1281=EDGE_CURVE('',#1002,#1003,#199,.T.);
#1282=EDGE_CURVE('',#1003,#1001,#238,.T.);
#1283=EDGE_CURVE('',#1004,#1005,#667,.T.);
#1284=EDGE_CURVE('',#1004,#1006,#200,.T.);
#1285=EDGE_CURVE('',#1006,#1000,#239,.T.);
#1286=EDGE_CURVE('',#1001,#1005,#240,.T.);
#1287=EDGE_CURVE('',#1007,#1008,#668,.T.);
#1288=EDGE_CURVE('',#1007,#1009,#241,.T.);
#1289=EDGE_CURVE('',#1009,#1010,#201,.T.);
#1290=EDGE_CURVE('',#1010,#1008,#242,.T.);
#1291=EDGE_CURVE('',#1011,#1012,#669,.T.);
#1292=EDGE_CURVE('',#1011,#1007,#243,.T.);
#1293=EDGE_CURVE('',#1008,#1012,#244,.T.);
#1294=EDGE_CURVE('',#1013,#1014,#670,.T.);
#1295=EDGE_CURVE('',#1013,#1011,#245,.T.);
#1296=EDGE_CURVE('',#1012,#1014,#246,.T.);
#1297=EDGE_CURVE('',#1015,#1016,#671,.T.);
#1298=EDGE_CURVE('',#1015,#1013,#247,.T.);
#1299=EDGE_CURVE('',#1014,#1016,#248,.T.);
#1300=EDGE_CURVE('',#1017,#1018,#672,.T.);
#1301=EDGE_CURVE('',#1017,#1015,#249,.T.);
#1302=EDGE_CURVE('',#1016,#1018,#250,.T.);
#1303=EDGE_CURVE('',#1019,#1020,#673,.T.);
#1304=EDGE_CURVE('',#1019,#1017,#251,.T.);
#1305=EDGE_CURVE('',#1018,#1020,#252,.T.);
#1306=EDGE_CURVE('',#1021,#1022,#674,.T.);
#1307=EDGE_CURVE('',#1021,#1019,#253,.T.);
#1308=EDGE_CURVE('',#1020,#1022,#254,.T.);
#1309=EDGE_CURVE('',#1023,#1024,#675,.T.);
#1310=EDGE_CURVE('',#1023,#1021,#255,.T.);
#1311=EDGE_CURVE('',#1022,#1024,#256,.T.);
#1312=EDGE_CURVE('',#1025,#1026,#676,.T.);
#1313=EDGE_CURVE('',#1025,#1023,#257,.T.);
#1314=EDGE_CURVE('',#1024,#1026,#258,.T.);
#1315=EDGE_CURVE('',#1027,#1028,#677,.T.);
#1316=EDGE_CURVE('',#1027,#1025,#259,.T.);
#1317=EDGE_CURVE('',#1026,#1028,#260,.T.);
#1318=EDGE_CURVE('',#1029,#1030,#678,.T.);
#1319=EDGE_CURVE('',#1029,#1027,#261,.T.);
#1320=EDGE_CURVE('',#1028,#1030,#262,.T.);
#1321=EDGE_CURVE('',#1031,#1032,#679,.T.);
#1322=EDGE_CURVE('',#1031,#1029,#263,.T.);
#1323=EDGE_CURVE('',#1030,#1032,#264,.T.);
#1324=EDGE_CURVE('',#1033,#1034,#680,.T.);
#1325=EDGE_CURVE('',#1033,#1031,#265,.T.);
#1326=EDGE_CURVE('',#1032,#1034,#266,.T.);
#1327=EDGE_CURVE('',#1035,#1036,#681,.T.);
#1328=EDGE_CURVE('',#1035,#1033,#267,.T.);
#1329=EDGE_CURVE('',#1034,#1036,#268,.T.);
#1330=EDGE_CURVE('',#1037,#1038,#682,.T.);
#1331=EDGE_CURVE('',#1037,#1035,#269,.T.);
#1332=EDGE_CURVE('',#1036,#1038,#270,.T.);
#1333=EDGE_CURVE('',#1039,#1040,#683,.T.);
#1334=EDGE_CURVE('',#1039,#1037,#271,.T.);
#1335=EDGE_CURVE('',#1038,#1040,#272,.T.);
#1336=EDGE_CURVE('',#1041,#1042,#684,.T.);
#1337=EDGE_CURVE('',#1041,#1039,#273,.T.);
#1338=EDGE_CURVE('',#1040,#1042,#274,.T.);
#1339=EDGE_CURVE('',#1043,#1044,#685,.T.);
#1340=EDGE_CURVE('',#1043,#1041,#275,.T.);
#1341=EDGE_CURVE('',#1042,#1044,#276,.T.);
#1342=EDGE_CURVE('',#1045,#1046,#686,.T.);
#1343=EDGE_CURVE('',#1045,#1043,#277,.T.);
#1344=EDGE_CURVE('',#1044,#1046,#278,.T.);
#1345=EDGE_CURVE('',#1047,#1048,#687,.T.);
#1346=EDGE_CURVE('',#1047,#1045,#279,.T.);
#1347=EDGE_CURVE('',#1046,#1048,#280,.T.);
#1348=EDGE_CURVE('',#1049,#1050,#688,.T.);
#1349=EDGE_CURVE('',#1049,#1047,#281,.T.);
#1350=EDGE_CURVE('',#1048,#1050,#282,.T.);
#1351=EDGE_CURVE('',#1051,#1052,#689,.T.);
#1352=EDGE_CURVE('',#1051,#1049,#283,.T.);
#1353=EDGE_CURVE('',#1050,#1052,#284,.T.);
#1354=EDGE_CURVE('',#1053,#1054,#690,.T.);
#1355=EDGE_CURVE('',#1053,#1051,#285,.T.);
#1356=EDGE_CURVE('',#1052,#1054,#286,.T.);
#1357=EDGE_CURVE('',#1055,#1056,#691,.T.);
#1358=EDGE_CURVE('',#1055,#1053,#287,.T.);
#1359=EDGE_CURVE('',#1054,#1056,#288,.T.);
#1360=EDGE_CURVE('',#1057,#1058,#692,.T.);
#1361=EDGE_CURVE('',#1057,#1055,#289,.T.);
#1362=EDGE_CURVE('',#1056,#1058,#290,.T.);
#1363=EDGE_CURVE('',#1059,#1060,#693,.T.);
#1364=EDGE_CURVE('',#1059,#1057,#291,.T.);
#1365=EDGE_CURVE('',#1058,#1060,#292,.T.);
#1366=EDGE_CURVE('',#1061,#1062,#694,.T.);
#1367=EDGE_CURVE('',#1061,#1059,#293,.T.);
#1368=EDGE_CURVE('',#1060,#1062,#294,.T.);
#1369=EDGE_CURVE('',#1063,#1064,#695,.T.);
#1370=EDGE_CURVE('',#1063,#1061,#295,.T.);
#1371=EDGE_CURVE('',#1062,#1064,#296,.T.);
#1372=EDGE_CURVE('',#1065,#1066,#696,.T.);
#1373=EDGE_CURVE('',#1065,#1063,#297,.T.);
#1374=EDGE_CURVE('',#1064,#1066,#298,.T.);
#1375=EDGE_CURVE('',#1067,#1068,#697,.T.);
#1376=EDGE_CURVE('',#1067,#1065,#299,.T.);
#1377=EDGE_CURVE('',#1066,#1068,#300,.T.);
#1378=EDGE_CURVE('',#1068,#1006,#301,.T.);
#1379=EDGE_CURVE('',#1069,#1006,#202,.T.);
#1380=EDGE_CURVE('',#1069,#1067,#302,.T.);
#1381=EDGE_CURVE('',#943,#1070,#303,.F.);
#1382=EDGE_CURVE('',#1010,#940,#304,.T.);
#1383=EDGE_CURVE('',#1070,#1009,#305,.F.);
#1384=EDGE_CURVE('',#1070,#1071,#698,.T.);
#1385=EDGE_CURVE('',#1071,#1071,#203,.T.);
#1386=EDGE_CURVE('',#1005,#1069,#306,.T.);
#1387=EDGE_CURVE('',#1069,#1004,#204,.T.);
#1388=EDGE_CURVE('',#1072,#1073,#699,.T.);
#1389=EDGE_CURVE('',#1073,#1074,#700,.T.);
#1390=EDGE_CURVE('',#1074,#1075,#701,.T.);
#1391=EDGE_CURVE('',#1075,#1076,#702,.T.);
#1392=EDGE_CURVE('',#1076,#1077,#703,.T.);
#1393=EDGE_CURVE('',#1077,#1072,#704,.T.);
#1394=EDGE_CURVE('',#1073,#1078,#705,.T.);
#1395=EDGE_CURVE('',#1078,#1079,#90,.T.);
#1396=EDGE_CURVE('',#1079,#1080,#91,.T.);
#1397=EDGE_CURVE('',#1074,#1080,#706,.T.);
#1398=EDGE_CURVE('',#1080,#1081,#92,.T.);
#1399=EDGE_CURVE('',#1081,#1082,#93,.T.);
#1400=EDGE_CURVE('',#1075,#1082,#707,.T.);
#1401=EDGE_CURVE('',#1082,#1083,#94,.T.);
#1402=EDGE_CURVE('',#1083,#1084,#95,.T.);
#1403=EDGE_CURVE('',#1076,#1084,#708,.T.);
#1404=EDGE_CURVE('',#1084,#1085,#96,.T.);
#1405=EDGE_CURVE('',#1085,#1086,#97,.T.);
#1406=EDGE_CURVE('',#1077,#1086,#709,.T.);
#1407=EDGE_CURVE('',#1086,#1087,#98,.T.);
#1408=EDGE_CURVE('',#1087,#1088,#99,.T.);
#1409=EDGE_CURVE('',#1072,#1088,#710,.T.);
#1410=EDGE_CURVE('',#1088,#1089,#100,.T.);
#1411=EDGE_CURVE('',#1089,#1078,#101,.T.);
#1412=EDGE_CURVE('',#1085,#1087,#205,.T.);
#1413=EDGE_CURVE('',#1083,#1085,#206,.T.);
#1414=EDGE_CURVE('',#1081,#1083,#207,.T.);
#1415=EDGE_CURVE('',#1081,#1079,#208,.T.);
#1416=EDGE_CURVE('',#1089,#1079,#209,.T.);
#1417=EDGE_CURVE('',#1087,#1089,#210,.T.);
#1418=EDGE_CURVE('',#999,#1003,#102,.T.);
#1419=EDGE_CURVE('',#998,#1002,#103,.T.);
#1420=EDGE_CURVE('',#1090,#1091,#711,.T.);
#1421=EDGE_CURVE('',#1091,#1092,#712,.T.);
#1422=EDGE_CURVE('',#1092,#1090,#713,.T.);
#1423=EDGE_CURVE('',#1093,#1094,#307,.T.);
#1424=EDGE_CURVE('',#1094,#1092,#308,.T.);
#1425=EDGE_CURVE('',#1091,#1093,#309,.T.);
#1426=EDGE_CURVE('',#1091,#1095,#310,.T.);
#1427=EDGE_CURVE('',#1095,#1096,#311,.T.);
#1428=EDGE_CURVE('',#1096,#1093,#312,.T.);
#1429=EDGE_CURVE('',#1096,#1097,#211,.T.);
#1430=EDGE_CURVE('',#1097,#1098,#313,.T.);
#1431=EDGE_CURVE('',#1098,#1099,#314,.T.);
#1432=EDGE_CURVE('',#1099,#1100,#212,.T.);
#1433=EDGE_CURVE('',#1101,#1100,#315,.T.);
#1434=EDGE_CURVE('',#1102,#1101,#316,.T.);
#1435=EDGE_CURVE('',#1102,#1094,#213,.T.);
#1436=EDGE_CURVE('',#1103,#1104,#714,.T.);
#1437=EDGE_CURVE('',#1104,#1105,#715,.T.);
#1438=EDGE_CURVE('',#1105,#1106,#716,.T.);
#1439=EDGE_CURVE('',#1106,#1107,#717,.T.);
#1440=EDGE_CURVE('',#1107,#1108,#718,.T.);
#1441=EDGE_CURVE('',#1108,#1103,#719,.T.);
#1442=EDGE_CURVE('',#1095,#1109,#214,.T.);
#1443=EDGE_CURVE('',#1109,#1110,#720,.T.);
#1444=EDGE_CURVE('',#1110,#1097,#317,.T.);
#1445=EDGE_CURVE('',#1111,#1102,#318,.T.);
#1446=EDGE_CURVE('',#1111,#1090,#215,.T.);
#1447=EDGE_CURVE('',#1112,#1113,#721,.T.);
#1448=EDGE_CURVE('',#1113,#1114,#722,.T.);
#1449=EDGE_CURVE('',#1114,#1112,#723,.T.);
#1450=EDGE_CURVE('',#1100,#1114,#319,.T.);
#1451=EDGE_CURVE('',#1113,#1101,#320,.T.);
#1452=EDGE_CURVE('',#1113,#1111,#321,.T.);
#1453=EDGE_CURVE('',#1115,#1109,#724,.T.);
#1454=EDGE_CURVE('',#1115,#1110,#725,.T.);
#1455=EDGE_CURVE('',#1115,#1098,#322,.T.);
#1456=EDGE_CURVE('',#1116,#1115,#323,.T.);
#1457=EDGE_CURVE('',#1099,#1116,#324,.T.);
#1458=EDGE_CURVE('',#1116,#1112,#216,.T.);
#1459=EDGE_CURVE('',#1105,#1117,#726,.F.);
#1460=EDGE_CURVE('',#1118,#1117,#727,.F.);
#1461=EDGE_CURVE('',#1106,#1118,#728,.F.);
#1462=EDGE_CURVE('',#1104,#1119,#729,.F.);
#1463=EDGE_CURVE('',#1117,#1119,#730,.F.);
#1464=EDGE_CURVE('',#1103,#1120,#731,.T.);
#1465=EDGE_CURVE('',#1119,#1120,#732,.F.);
#1466=EDGE_CURVE('',#1121,#1122,#733,.T.);
#1467=EDGE_CURVE('',#1121,#1123,#734,.T.);
#1468=EDGE_CURVE('',#1124,#1123,#735,.T.);
#1469=EDGE_CURVE('',#1122,#1124,#736,.T.);
#1470=EDGE_CURVE('',#1125,#1121,#737,.T.);
#1471=EDGE_CURVE('',#1125,#1126,#738,.T.);
#1472=EDGE_CURVE('',#1123,#1126,#739,.T.);
#1473=EDGE_CURVE('',#1127,#1125,#740,.T.);
#1474=EDGE_CURVE('',#1127,#1128,#741,.T.);
#1475=EDGE_CURVE('',#1126,#1128,#742,.T.);
#1476=EDGE_CURVE('',#1129,#1127,#743,.T.);
#1477=EDGE_CURVE('',#1129,#1130,#744,.T.);
#1478=EDGE_CURVE('',#1128,#1130,#745,.T.);
#1479=EDGE_CURVE('',#1131,#1129,#746,.T.);
#1480=EDGE_CURVE('',#1131,#1132,#747,.T.);
#1481=EDGE_CURVE('',#1130,#1132,#748,.T.);
#1482=EDGE_CURVE('',#1122,#1131,#749,.T.);
#1483=EDGE_CURVE('',#1132,#1124,#750,.T.);
#1484=EDGE_CURVE('',#1133,#1118,#751,.F.);
#1485=EDGE_CURVE('',#1107,#1133,#752,.F.);
#1486=EDGE_CURVE('',#1134,#1133,#753,.F.);
#1487=EDGE_CURVE('',#1108,#1134,#754,.F.);
#1488=EDGE_CURVE('',#1120,#1134,#755,.F.);
#1489=EDGE_CURVE('',#1135,#1135,#217,.T.);
#1490=EDGE_CURVE('',#1135,#1136,#756,.T.);
#1491=EDGE_CURVE('',#1136,#1136,#218,.T.);
#1492=ORIENTED_EDGE('',*,*,#1137,.T.);
#1493=ORIENTED_EDGE('',*,*,#1138,.F.);
#1494=ORIENTED_EDGE('',*,*,#1139,.T.);
#1495=ORIENTED_EDGE('',*,*,#1140,.T.);
#1496=ORIENTED_EDGE('',*,*,#1141,.T.);
#1497=ORIENTED_EDGE('',*,*,#1142,.T.);
#1498=ORIENTED_EDGE('',*,*,#1143,.T.);
#1499=ORIENTED_EDGE('',*,*,#1144,.T.);
#1500=ORIENTED_EDGE('',*,*,#1145,.T.);
#1501=ORIENTED_EDGE('',*,*,#1138,.T.);
#1502=ORIENTED_EDGE('',*,*,#1141,.F.);
#1503=ORIENTED_EDGE('',*,*,#1144,.F.);
#1504=ORIENTED_EDGE('',*,*,#1140,.F.);
#1505=ORIENTED_EDGE('',*,*,#1146,.F.);
#1506=ORIENTED_EDGE('',*,*,#1147,.F.);
#1507=ORIENTED_EDGE('',*,*,#1148,.F.);
#1508=ORIENTED_EDGE('',*,*,#1149,.F.);
#1509=ORIENTED_EDGE('',*,*,#1150,.T.);
#1510=ORIENTED_EDGE('',*,*,#1151,.T.);
#1511=ORIENTED_EDGE('',*,*,#1152,.F.);
#1512=ORIENTED_EDGE('',*,*,#1153,.T.);
#1513=ORIENTED_EDGE('',*,*,#1154,.T.);
#1514=ORIENTED_EDGE('',*,*,#1155,.T.);
#1515=ORIENTED_EDGE('',*,*,#1156,.T.);
#1516=ORIENTED_EDGE('',*,*,#1157,.T.);
#1517=ORIENTED_EDGE('',*,*,#1158,.T.);
#1518=ORIENTED_EDGE('',*,*,#1143,.F.);
#1519=ORIENTED_EDGE('',*,*,#1159,.F.);
#1520=ORIENTED_EDGE('',*,*,#1160,.F.);
#1521=ORIENTED_EDGE('',*,*,#1161,.F.);
#1522=ORIENTED_EDGE('',*,*,#1146,.T.);
#1523=ORIENTED_EDGE('',*,*,#1139,.F.);
#1524=ORIENTED_EDGE('',*,*,#1145,.F.);
#1525=ORIENTED_EDGE('',*,*,#1152,.T.);
#1526=ORIENTED_EDGE('',*,*,#1162,.T.);
#1527=ORIENTED_EDGE('',*,*,#1163,.F.);
#1528=ORIENTED_EDGE('',*,*,#1164,.T.);
#1529=ORIENTED_EDGE('',*,*,#1165,.F.);
#1530=ORIENTED_EDGE('',*,*,#1160,.T.);
#1531=ORIENTED_EDGE('',*,*,#1148,.T.);
#1532=ORIENTED_EDGE('',*,*,#1166,.T.);
#1533=ORIENTED_EDGE('',*,*,#1167,.T.);
#1534=ORIENTED_EDGE('',*,*,#1168,.T.);
#1535=ORIENTED_EDGE('',*,*,#1147,.T.);
#1536=ORIENTED_EDGE('',*,*,#1161,.T.);
#1537=ORIENTED_EDGE('',*,*,#1165,.T.);
#1538=ORIENTED_EDGE('',*,*,#1166,.F.);
#1539=ORIENTED_EDGE('',*,*,#1168,.F.);
#1540=ORIENTED_EDGE('',*,*,#1169,.F.);
#1541=ORIENTED_EDGE('',*,*,#1170,.T.);
#1542=ORIENTED_EDGE('',*,*,#1171,.T.);
#1543=ORIENTED_EDGE('',*,*,#1149,.T.);
#1544=ORIENTED_EDGE('',*,*,#1172,.F.);
#1545=ORIENTED_EDGE('',*,*,#1173,.F.);
#1546=ORIENTED_EDGE('',*,*,#1170,.F.);
#1547=ORIENTED_EDGE('',*,*,#1151,.F.);
#1548=ORIENTED_EDGE('',*,*,#1174,.T.);
#1549=ORIENTED_EDGE('',*,*,#1175,.F.);
#1550=ORIENTED_EDGE('',*,*,#1162,.F.);
#1551=ORIENTED_EDGE('',*,*,#1150,.F.);
#1552=ORIENTED_EDGE('',*,*,#1171,.F.);
#1553=ORIENTED_EDGE('',*,*,#1173,.T.);
#1554=ORIENTED_EDGE('',*,*,#1174,.F.);
#1555=ORIENTED_EDGE('',*,*,#1137,.F.);
#1556=ORIENTED_EDGE('',*,*,#1163,.T.);
#1557=ORIENTED_EDGE('',*,*,#1175,.T.);
#1558=ORIENTED_EDGE('',*,*,#1172,.T.);
#1559=ORIENTED_EDGE('',*,*,#1169,.T.);
#1560=ORIENTED_EDGE('',*,*,#1167,.F.);
#1561=ORIENTED_EDGE('',*,*,#1164,.F.);
#1562=ORIENTED_EDGE('',*,*,#1159,.T.);
#1563=ORIENTED_EDGE('',*,*,#1142,.F.);
#1564=ORIENTED_EDGE('',*,*,#1156,.F.);
#1565=ORIENTED_EDGE('',*,*,#1176,.T.);
#1566=ORIENTED_EDGE('',*,*,#1177,.T.);
#1567=ORIENTED_EDGE('',*,*,#1178,.F.);
#1568=ORIENTED_EDGE('',*,*,#1155,.F.);
#1569=ORIENTED_EDGE('',*,*,#1179,.T.);
#1570=ORIENTED_EDGE('',*,*,#1180,.T.);
#1571=ORIENTED_EDGE('',*,*,#1176,.F.);
#1572=ORIENTED_EDGE('',*,*,#1154,.F.);
#1573=ORIENTED_EDGE('',*,*,#1181,.T.);
#1574=ORIENTED_EDGE('',*,*,#1182,.T.);
#1575=ORIENTED_EDGE('',*,*,#1179,.F.);
#1576=ORIENTED_EDGE('',*,*,#1153,.F.);
#1577=ORIENTED_EDGE('',*,*,#1183,.T.);
#1578=ORIENTED_EDGE('',*,*,#1184,.T.);
#1579=ORIENTED_EDGE('',*,*,#1181,.F.);
#1580=ORIENTED_EDGE('',*,*,#1158,.F.);
#1581=ORIENTED_EDGE('',*,*,#1185,.T.);
#1582=ORIENTED_EDGE('',*,*,#1186,.T.);
#1583=ORIENTED_EDGE('',*,*,#1183,.F.);
#1584=ORIENTED_EDGE('',*,*,#1157,.F.);
#1585=ORIENTED_EDGE('',*,*,#1178,.T.);
#1586=ORIENTED_EDGE('',*,*,#1187,.T.);
#1587=ORIENTED_EDGE('',*,*,#1185,.F.);
#1588=ORIENTED_EDGE('',*,*,#1187,.F.);
#1589=ORIENTED_EDGE('',*,*,#1177,.F.);
#1590=ORIENTED_EDGE('',*,*,#1180,.F.);
#1591=ORIENTED_EDGE('',*,*,#1182,.F.);
#1592=ORIENTED_EDGE('',*,*,#1184,.F.);
#1593=ORIENTED_EDGE('',*,*,#1186,.F.);
#1594=ORIENTED_EDGE('',*,*,#1188,.F.);
#1595=ORIENTED_EDGE('',*,*,#1189,.F.);
#1596=ORIENTED_EDGE('',*,*,#1190,.T.);
#1597=ORIENTED_EDGE('',*,*,#1191,.F.);
#1598=ORIENTED_EDGE('',*,*,#1192,.F.);
#1599=ORIENTED_EDGE('',*,*,#1188,.T.);
#1600=ORIENTED_EDGE('',*,*,#1193,.T.);
#1601=ORIENTED_EDGE('',*,*,#1194,.T.);
#1602=ORIENTED_EDGE('',*,*,#1195,.F.);
#1603=ORIENTED_EDGE('',*,*,#1196,.F.);
#1604=ORIENTED_EDGE('',*,*,#1191,.T.);
#1605=ORIENTED_EDGE('',*,*,#1197,.T.);
#1606=ORIENTED_EDGE('',*,*,#1198,.F.);
#1607=ORIENTED_EDGE('',*,*,#1199,.F.);
#1608=ORIENTED_EDGE('',*,*,#1195,.T.);
#1609=ORIENTED_EDGE('',*,*,#1200,.T.);
#1610=ORIENTED_EDGE('',*,*,#1201,.F.);
#1611=ORIENTED_EDGE('',*,*,#1202,.F.);
#1612=ORIENTED_EDGE('',*,*,#1198,.T.);
#1613=ORIENTED_EDGE('',*,*,#1203,.T.);
#1614=ORIENTED_EDGE('',*,*,#1204,.F.);
#1615=ORIENTED_EDGE('',*,*,#1205,.F.);
#1616=ORIENTED_EDGE('',*,*,#1201,.T.);
#1617=ORIENTED_EDGE('',*,*,#1206,.T.);
#1618=ORIENTED_EDGE('',*,*,#1207,.F.);
#1619=ORIENTED_EDGE('',*,*,#1208,.F.);
#1620=ORIENTED_EDGE('',*,*,#1204,.T.);
#1621=ORIENTED_EDGE('',*,*,#1209,.T.);
#1622=ORIENTED_EDGE('',*,*,#1210,.F.);
#1623=ORIENTED_EDGE('',*,*,#1211,.F.);
#1624=ORIENTED_EDGE('',*,*,#1207,.T.);
#1625=ORIENTED_EDGE('',*,*,#1212,.T.);
#1626=ORIENTED_EDGE('',*,*,#1213,.F.);
#1627=ORIENTED_EDGE('',*,*,#1214,.F.);
#1628=ORIENTED_EDGE('',*,*,#1210,.T.);
#1629=ORIENTED_EDGE('',*,*,#1215,.T.);
#1630=ORIENTED_EDGE('',*,*,#1216,.F.);
#1631=ORIENTED_EDGE('',*,*,#1217,.F.);
#1632=ORIENTED_EDGE('',*,*,#1213,.T.);
#1633=ORIENTED_EDGE('',*,*,#1218,.T.);
#1634=ORIENTED_EDGE('',*,*,#1219,.F.);
#1635=ORIENTED_EDGE('',*,*,#1220,.F.);
#1636=ORIENTED_EDGE('',*,*,#1216,.T.);
#1637=ORIENTED_EDGE('',*,*,#1221,.T.);
#1638=ORIENTED_EDGE('',*,*,#1222,.F.);
#1639=ORIENTED_EDGE('',*,*,#1223,.F.);
#1640=ORIENTED_EDGE('',*,*,#1219,.T.);
#1641=ORIENTED_EDGE('',*,*,#1224,.T.);
#1642=ORIENTED_EDGE('',*,*,#1225,.F.);
#1643=ORIENTED_EDGE('',*,*,#1226,.F.);
#1644=ORIENTED_EDGE('',*,*,#1222,.T.);
#1645=ORIENTED_EDGE('',*,*,#1227,.T.);
#1646=ORIENTED_EDGE('',*,*,#1228,.F.);
#1647=ORIENTED_EDGE('',*,*,#1229,.F.);
#1648=ORIENTED_EDGE('',*,*,#1225,.T.);
#1649=ORIENTED_EDGE('',*,*,#1230,.T.);
#1650=ORIENTED_EDGE('',*,*,#1231,.F.);
#1651=ORIENTED_EDGE('',*,*,#1232,.F.);
#1652=ORIENTED_EDGE('',*,*,#1228,.T.);
#1653=ORIENTED_EDGE('',*,*,#1233,.T.);
#1654=ORIENTED_EDGE('',*,*,#1234,.F.);
#1655=ORIENTED_EDGE('',*,*,#1235,.F.);
#1656=ORIENTED_EDGE('',*,*,#1231,.T.);
#1657=ORIENTED_EDGE('',*,*,#1236,.T.);
#1658=ORIENTED_EDGE('',*,*,#1237,.F.);
#1659=ORIENTED_EDGE('',*,*,#1238,.F.);
#1660=ORIENTED_EDGE('',*,*,#1234,.T.);
#1661=ORIENTED_EDGE('',*,*,#1239,.T.);
#1662=ORIENTED_EDGE('',*,*,#1240,.F.);
#1663=ORIENTED_EDGE('',*,*,#1241,.F.);
#1664=ORIENTED_EDGE('',*,*,#1237,.T.);
#1665=ORIENTED_EDGE('',*,*,#1242,.T.);
#1666=ORIENTED_EDGE('',*,*,#1243,.F.);
#1667=ORIENTED_EDGE('',*,*,#1244,.F.);
#1668=ORIENTED_EDGE('',*,*,#1240,.T.);
#1669=ORIENTED_EDGE('',*,*,#1245,.T.);
#1670=ORIENTED_EDGE('',*,*,#1246,.F.);
#1671=ORIENTED_EDGE('',*,*,#1247,.F.);
#1672=ORIENTED_EDGE('',*,*,#1243,.T.);
#1673=ORIENTED_EDGE('',*,*,#1248,.T.);
#1674=ORIENTED_EDGE('',*,*,#1249,.F.);
#1675=ORIENTED_EDGE('',*,*,#1250,.F.);
#1676=ORIENTED_EDGE('',*,*,#1246,.T.);
#1677=ORIENTED_EDGE('',*,*,#1251,.T.);
#1678=ORIENTED_EDGE('',*,*,#1252,.F.);
#1679=ORIENTED_EDGE('',*,*,#1253,.F.);
#1680=ORIENTED_EDGE('',*,*,#1249,.T.);
#1681=ORIENTED_EDGE('',*,*,#1254,.T.);
#1682=ORIENTED_EDGE('',*,*,#1255,.F.);
#1683=ORIENTED_EDGE('',*,*,#1256,.F.);
#1684=ORIENTED_EDGE('',*,*,#1252,.T.);
#1685=ORIENTED_EDGE('',*,*,#1257,.T.);
#1686=ORIENTED_EDGE('',*,*,#1258,.F.);
#1687=ORIENTED_EDGE('',*,*,#1259,.F.);
#1688=ORIENTED_EDGE('',*,*,#1255,.T.);
#1689=ORIENTED_EDGE('',*,*,#1260,.T.);
#1690=ORIENTED_EDGE('',*,*,#1261,.F.);
#1691=ORIENTED_EDGE('',*,*,#1262,.F.);
#1692=ORIENTED_EDGE('',*,*,#1258,.T.);
#1693=ORIENTED_EDGE('',*,*,#1263,.T.);
#1694=ORIENTED_EDGE('',*,*,#1264,.F.);
#1695=ORIENTED_EDGE('',*,*,#1265,.F.);
#1696=ORIENTED_EDGE('',*,*,#1261,.T.);
#1697=ORIENTED_EDGE('',*,*,#1266,.T.);
#1698=ORIENTED_EDGE('',*,*,#1267,.F.);
#1699=ORIENTED_EDGE('',*,*,#1268,.F.);
#1700=ORIENTED_EDGE('',*,*,#1264,.T.);
#1701=ORIENTED_EDGE('',*,*,#1269,.T.);
#1702=ORIENTED_EDGE('',*,*,#1270,.F.);
#1703=ORIENTED_EDGE('',*,*,#1271,.F.);
#1704=ORIENTED_EDGE('',*,*,#1267,.T.);
#1705=ORIENTED_EDGE('',*,*,#1272,.T.);
#1706=ORIENTED_EDGE('',*,*,#1273,.F.);
#1707=ORIENTED_EDGE('',*,*,#1274,.F.);
#1708=ORIENTED_EDGE('',*,*,#1270,.T.);
#1709=ORIENTED_EDGE('',*,*,#1275,.T.);
#1710=ORIENTED_EDGE('',*,*,#1276,.F.);
#1711=ORIENTED_EDGE('',*,*,#1277,.F.);
#1712=ORIENTED_EDGE('',*,*,#1273,.T.);
#1713=ORIENTED_EDGE('',*,*,#1278,.T.);
#1714=ORIENTED_EDGE('',*,*,#1279,.F.);
#1715=ORIENTED_EDGE('',*,*,#1280,.T.);
#1716=ORIENTED_EDGE('',*,*,#1281,.T.);
#1717=ORIENTED_EDGE('',*,*,#1282,.T.);
#1718=ORIENTED_EDGE('',*,*,#1283,.F.);
#1719=ORIENTED_EDGE('',*,*,#1284,.T.);
#1720=ORIENTED_EDGE('',*,*,#1285,.T.);
#1721=ORIENTED_EDGE('',*,*,#1279,.T.);
#1722=ORIENTED_EDGE('',*,*,#1286,.T.);
#1723=ORIENTED_EDGE('',*,*,#1287,.F.);
#1724=ORIENTED_EDGE('',*,*,#1288,.T.);
#1725=ORIENTED_EDGE('',*,*,#1289,.T.);
#1726=ORIENTED_EDGE('',*,*,#1290,.T.);
#1727=ORIENTED_EDGE('',*,*,#1291,.F.);
#1728=ORIENTED_EDGE('',*,*,#1292,.T.);
#1729=ORIENTED_EDGE('',*,*,#1287,.T.);
#1730=ORIENTED_EDGE('',*,*,#1293,.T.);
#1731=ORIENTED_EDGE('',*,*,#1294,.F.);
#1732=ORIENTED_EDGE('',*,*,#1295,.T.);
#1733=ORIENTED_EDGE('',*,*,#1291,.T.);
#1734=ORIENTED_EDGE('',*,*,#1296,.T.);
#1735=ORIENTED_EDGE('',*,*,#1297,.F.);
#1736=ORIENTED_EDGE('',*,*,#1298,.T.);
#1737=ORIENTED_EDGE('',*,*,#1294,.T.);
#1738=ORIENTED_EDGE('',*,*,#1299,.T.);
#1739=ORIENTED_EDGE('',*,*,#1300,.F.);
#1740=ORIENTED_EDGE('',*,*,#1301,.T.);
#1741=ORIENTED_EDGE('',*,*,#1297,.T.);
#1742=ORIENTED_EDGE('',*,*,#1302,.T.);
#1743=ORIENTED_EDGE('',*,*,#1303,.F.);
#1744=ORIENTED_EDGE('',*,*,#1304,.T.);
#1745=ORIENTED_EDGE('',*,*,#1300,.T.);
#1746=ORIENTED_EDGE('',*,*,#1305,.T.);
#1747=ORIENTED_EDGE('',*,*,#1306,.F.);
#1748=ORIENTED_EDGE('',*,*,#1307,.T.);
#1749=ORIENTED_EDGE('',*,*,#1303,.T.);
#1750=ORIENTED_EDGE('',*,*,#1308,.T.);
#1751=ORIENTED_EDGE('',*,*,#1309,.F.);
#1752=ORIENTED_EDGE('',*,*,#1310,.T.);
#1753=ORIENTED_EDGE('',*,*,#1306,.T.);
#1754=ORIENTED_EDGE('',*,*,#1311,.T.);
#1755=ORIENTED_EDGE('',*,*,#1312,.F.);
#1756=ORIENTED_EDGE('',*,*,#1313,.T.);
#1757=ORIENTED_EDGE('',*,*,#1309,.T.);
#1758=ORIENTED_EDGE('',*,*,#1314,.T.);
#1759=ORIENTED_EDGE('',*,*,#1315,.F.);
#1760=ORIENTED_EDGE('',*,*,#1316,.T.);
#1761=ORIENTED_EDGE('',*,*,#1312,.T.);
#1762=ORIENTED_EDGE('',*,*,#1317,.T.);
#1763=ORIENTED_EDGE('',*,*,#1318,.F.);
#1764=ORIENTED_EDGE('',*,*,#1319,.T.);
#1765=ORIENTED_EDGE('',*,*,#1315,.T.);
#1766=ORIENTED_EDGE('',*,*,#1320,.T.);
#1767=ORIENTED_EDGE('',*,*,#1321,.F.);
#1768=ORIENTED_EDGE('',*,*,#1322,.T.);
#1769=ORIENTED_EDGE('',*,*,#1318,.T.);
#1770=ORIENTED_EDGE('',*,*,#1323,.T.);
#1771=ORIENTED_EDGE('',*,*,#1324,.F.);
#1772=ORIENTED_EDGE('',*,*,#1325,.T.);
#1773=ORIENTED_EDGE('',*,*,#1321,.T.);
#1774=ORIENTED_EDGE('',*,*,#1326,.T.);
#1775=ORIENTED_EDGE('',*,*,#1327,.F.);
#1776=ORIENTED_EDGE('',*,*,#1328,.T.);
#1777=ORIENTED_EDGE('',*,*,#1324,.T.);
#1778=ORIENTED_EDGE('',*,*,#1329,.T.);
#1779=ORIENTED_EDGE('',*,*,#1330,.F.);
#1780=ORIENTED_EDGE('',*,*,#1331,.T.);
#1781=ORIENTED_EDGE('',*,*,#1327,.T.);
#1782=ORIENTED_EDGE('',*,*,#1332,.T.);
#1783=ORIENTED_EDGE('',*,*,#1333,.F.);
#1784=ORIENTED_EDGE('',*,*,#1334,.T.);
#1785=ORIENTED_EDGE('',*,*,#1330,.T.);
#1786=ORIENTED_EDGE('',*,*,#1335,.T.);
#1787=ORIENTED_EDGE('',*,*,#1336,.F.);
#1788=ORIENTED_EDGE('',*,*,#1337,.T.);
#1789=ORIENTED_EDGE('',*,*,#1333,.T.);
#1790=ORIENTED_EDGE('',*,*,#1338,.T.);
#1791=ORIENTED_EDGE('',*,*,#1339,.F.);
#1792=ORIENTED_EDGE('',*,*,#1340,.T.);
#1793=ORIENTED_EDGE('',*,*,#1336,.T.);
#1794=ORIENTED_EDGE('',*,*,#1341,.T.);
#1795=ORIENTED_EDGE('',*,*,#1342,.F.);
#1796=ORIENTED_EDGE('',*,*,#1343,.T.);
#1797=ORIENTED_EDGE('',*,*,#1339,.T.);
#1798=ORIENTED_EDGE('',*,*,#1344,.T.);
#1799=ORIENTED_EDGE('',*,*,#1345,.F.);
#1800=ORIENTED_EDGE('',*,*,#1346,.T.);
#1801=ORIENTED_EDGE('',*,*,#1342,.T.);
#1802=ORIENTED_EDGE('',*,*,#1347,.T.);
#1803=ORIENTED_EDGE('',*,*,#1348,.F.);
#1804=ORIENTED_EDGE('',*,*,#1349,.T.);
#1805=ORIENTED_EDGE('',*,*,#1345,.T.);
#1806=ORIENTED_EDGE('',*,*,#1350,.T.);
#1807=ORIENTED_EDGE('',*,*,#1351,.F.);
#1808=ORIENTED_EDGE('',*,*,#1352,.T.);
#1809=ORIENTED_EDGE('',*,*,#1348,.T.);
#1810=ORIENTED_EDGE('',*,*,#1353,.T.);
#1811=ORIENTED_EDGE('',*,*,#1354,.F.);
#1812=ORIENTED_EDGE('',*,*,#1355,.T.);
#1813=ORIENTED_EDGE('',*,*,#1351,.T.);
#1814=ORIENTED_EDGE('',*,*,#1356,.T.);
#1815=ORIENTED_EDGE('',*,*,#1357,.F.);
#1816=ORIENTED_EDGE('',*,*,#1358,.T.);
#1817=ORIENTED_EDGE('',*,*,#1354,.T.);
#1818=ORIENTED_EDGE('',*,*,#1359,.T.);
#1819=ORIENTED_EDGE('',*,*,#1360,.F.);
#1820=ORIENTED_EDGE('',*,*,#1361,.T.);
#1821=ORIENTED_EDGE('',*,*,#1357,.T.);
#1822=ORIENTED_EDGE('',*,*,#1362,.T.);
#1823=ORIENTED_EDGE('',*,*,#1363,.F.);
#1824=ORIENTED_EDGE('',*,*,#1364,.T.);
#1825=ORIENTED_EDGE('',*,*,#1360,.T.);
#1826=ORIENTED_EDGE('',*,*,#1365,.T.);
#1827=ORIENTED_EDGE('',*,*,#1366,.F.);
#1828=ORIENTED_EDGE('',*,*,#1367,.T.);
#1829=ORIENTED_EDGE('',*,*,#1363,.T.);
#1830=ORIENTED_EDGE('',*,*,#1368,.T.);
#1831=ORIENTED_EDGE('',*,*,#1369,.F.);
#1832=ORIENTED_EDGE('',*,*,#1370,.T.);
#1833=ORIENTED_EDGE('',*,*,#1366,.T.);
#1834=ORIENTED_EDGE('',*,*,#1371,.T.);
#1835=ORIENTED_EDGE('',*,*,#1372,.F.);
#1836=ORIENTED_EDGE('',*,*,#1373,.T.);
#1837=ORIENTED_EDGE('',*,*,#1369,.T.);
#1838=ORIENTED_EDGE('',*,*,#1374,.T.);
#1839=ORIENTED_EDGE('',*,*,#1375,.F.);
#1840=ORIENTED_EDGE('',*,*,#1376,.T.);
#1841=ORIENTED_EDGE('',*,*,#1372,.T.);
#1842=ORIENTED_EDGE('',*,*,#1377,.T.);
#1843=ORIENTED_EDGE('',*,*,#1375,.T.);
#1844=ORIENTED_EDGE('',*,*,#1378,.T.);
#1845=ORIENTED_EDGE('',*,*,#1379,.F.);
#1846=ORIENTED_EDGE('',*,*,#1380,.T.);
#1847=ORIENTED_EDGE('',*,*,#1381,.F.);
#1848=ORIENTED_EDGE('',*,*,#1193,.F.);
#1849=ORIENTED_EDGE('',*,*,#1190,.F.);
#1850=ORIENTED_EDGE('',*,*,#1382,.F.);
#1851=ORIENTED_EDGE('',*,*,#1289,.F.);
#1852=ORIENTED_EDGE('',*,*,#1383,.F.);
#1853=ORIENTED_EDGE('',*,*,#1384,.T.);
#1854=ORIENTED_EDGE('',*,*,#1385,.T.);
#1855=ORIENTED_EDGE('',*,*,#1384,.F.);
#1856=ORIENTED_EDGE('',*,*,#1283,.T.);
#1857=ORIENTED_EDGE('',*,*,#1386,.T.);
#1858=ORIENTED_EDGE('',*,*,#1387,.T.);
#1859=ORIENTED_EDGE('',*,*,#1388,.T.);
#1860=ORIENTED_EDGE('',*,*,#1389,.T.);
#1861=ORIENTED_EDGE('',*,*,#1390,.T.);
#1862=ORIENTED_EDGE('',*,*,#1391,.T.);
#1863=ORIENTED_EDGE('',*,*,#1392,.T.);
#1864=ORIENTED_EDGE('',*,*,#1393,.T.);
#1865=ORIENTED_EDGE('',*,*,#1387,.F.);
#1866=ORIENTED_EDGE('',*,*,#1379,.T.);
#1867=ORIENTED_EDGE('',*,*,#1284,.F.);
#1868=ORIENTED_EDGE('',*,*,#1394,.T.);
#1869=ORIENTED_EDGE('',*,*,#1395,.T.);
#1870=ORIENTED_EDGE('',*,*,#1396,.T.);
#1871=ORIENTED_EDGE('',*,*,#1397,.F.);
#1872=ORIENTED_EDGE('',*,*,#1389,.F.);
#1873=ORIENTED_EDGE('',*,*,#1397,.T.);
#1874=ORIENTED_EDGE('',*,*,#1398,.T.);
#1875=ORIENTED_EDGE('',*,*,#1399,.T.);
#1876=ORIENTED_EDGE('',*,*,#1400,.F.);
#1877=ORIENTED_EDGE('',*,*,#1390,.F.);
#1878=ORIENTED_EDGE('',*,*,#1400,.T.);
#1879=ORIENTED_EDGE('',*,*,#1401,.T.);
#1880=ORIENTED_EDGE('',*,*,#1402,.T.);
#1881=ORIENTED_EDGE('',*,*,#1403,.F.);
#1882=ORIENTED_EDGE('',*,*,#1391,.F.);
#1883=ORIENTED_EDGE('',*,*,#1403,.T.);
#1884=ORIENTED_EDGE('',*,*,#1404,.T.);
#1885=ORIENTED_EDGE('',*,*,#1405,.T.);
#1886=ORIENTED_EDGE('',*,*,#1406,.F.);
#1887=ORIENTED_EDGE('',*,*,#1392,.F.);
#1888=ORIENTED_EDGE('',*,*,#1406,.T.);
#1889=ORIENTED_EDGE('',*,*,#1407,.T.);
#1890=ORIENTED_EDGE('',*,*,#1408,.T.);
#1891=ORIENTED_EDGE('',*,*,#1409,.F.);
#1892=ORIENTED_EDGE('',*,*,#1393,.F.);
#1893=ORIENTED_EDGE('',*,*,#1409,.T.);
#1894=ORIENTED_EDGE('',*,*,#1410,.T.);
#1895=ORIENTED_EDGE('',*,*,#1411,.T.);
#1896=ORIENTED_EDGE('',*,*,#1394,.F.);
#1897=ORIENTED_EDGE('',*,*,#1388,.F.);
#1898=ORIENTED_EDGE('',*,*,#1412,.T.);
#1899=ORIENTED_EDGE('',*,*,#1407,.F.);
#1900=ORIENTED_EDGE('',*,*,#1405,.F.);
#1901=ORIENTED_EDGE('',*,*,#1413,.T.);
#1902=ORIENTED_EDGE('',*,*,#1404,.F.);
#1903=ORIENTED_EDGE('',*,*,#1402,.F.);
#1904=ORIENTED_EDGE('',*,*,#1414,.T.);
#1905=ORIENTED_EDGE('',*,*,#1401,.F.);
#1906=ORIENTED_EDGE('',*,*,#1399,.F.);
#1907=ORIENTED_EDGE('',*,*,#1415,.F.);
#1908=ORIENTED_EDGE('',*,*,#1398,.F.);
#1909=ORIENTED_EDGE('',*,*,#1396,.F.);
#1910=ORIENTED_EDGE('',*,*,#1411,.F.);
#1911=ORIENTED_EDGE('',*,*,#1416,.T.);
#1912=ORIENTED_EDGE('',*,*,#1395,.F.);
#1913=ORIENTED_EDGE('',*,*,#1417,.T.);
#1914=ORIENTED_EDGE('',*,*,#1410,.F.);
#1915=ORIENTED_EDGE('',*,*,#1408,.F.);
#1916=ORIENTED_EDGE('',*,*,#1417,.F.);
#1917=ORIENTED_EDGE('',*,*,#1412,.F.);
#1918=ORIENTED_EDGE('',*,*,#1413,.F.);
#1919=ORIENTED_EDGE('',*,*,#1414,.F.);
#1920=ORIENTED_EDGE('',*,*,#1415,.T.);
#1921=ORIENTED_EDGE('',*,*,#1416,.F.);
#1922=ORIENTED_EDGE('',*,*,#1276,.T.);
#1923=ORIENTED_EDGE('',*,*,#1418,.T.);
#1924=ORIENTED_EDGE('',*,*,#1281,.F.);
#1925=ORIENTED_EDGE('',*,*,#1419,.F.);
#1926=ORIENTED_EDGE('',*,*,#1285,.F.);
#1927=ORIENTED_EDGE('',*,*,#1378,.F.);
#1928=ORIENTED_EDGE('',*,*,#1377,.F.);
#1929=ORIENTED_EDGE('',*,*,#1374,.F.);
#1930=ORIENTED_EDGE('',*,*,#1371,.F.);
#1931=ORIENTED_EDGE('',*,*,#1368,.F.);
#1932=ORIENTED_EDGE('',*,*,#1365,.F.);
#1933=ORIENTED_EDGE('',*,*,#1362,.F.);
#1934=ORIENTED_EDGE('',*,*,#1359,.F.);
#1935=ORIENTED_EDGE('',*,*,#1356,.F.);
#1936=ORIENTED_EDGE('',*,*,#1353,.F.);
#1937=ORIENTED_EDGE('',*,*,#1350,.F.);
#1938=ORIENTED_EDGE('',*,*,#1347,.F.);
#1939=ORIENTED_EDGE('',*,*,#1344,.F.);
#1940=ORIENTED_EDGE('',*,*,#1341,.F.);
#1941=ORIENTED_EDGE('',*,*,#1338,.F.);
#1942=ORIENTED_EDGE('',*,*,#1335,.F.);
#1943=ORIENTED_EDGE('',*,*,#1332,.F.);
#1944=ORIENTED_EDGE('',*,*,#1329,.F.);
#1945=ORIENTED_EDGE('',*,*,#1326,.F.);
#1946=ORIENTED_EDGE('',*,*,#1323,.F.);
#1947=ORIENTED_EDGE('',*,*,#1320,.F.);
#1948=ORIENTED_EDGE('',*,*,#1317,.F.);
#1949=ORIENTED_EDGE('',*,*,#1314,.F.);
#1950=ORIENTED_EDGE('',*,*,#1311,.F.);
#1951=ORIENTED_EDGE('',*,*,#1308,.F.);
#1952=ORIENTED_EDGE('',*,*,#1305,.F.);
#1953=ORIENTED_EDGE('',*,*,#1302,.F.);
#1954=ORIENTED_EDGE('',*,*,#1299,.F.);
#1955=ORIENTED_EDGE('',*,*,#1296,.F.);
#1956=ORIENTED_EDGE('',*,*,#1293,.F.);
#1957=ORIENTED_EDGE('',*,*,#1290,.F.);
#1958=ORIENTED_EDGE('',*,*,#1382,.T.);
#1959=ORIENTED_EDGE('',*,*,#1189,.T.);
#1960=ORIENTED_EDGE('',*,*,#1192,.T.);
#1961=ORIENTED_EDGE('',*,*,#1196,.T.);
#1962=ORIENTED_EDGE('',*,*,#1199,.T.);
#1963=ORIENTED_EDGE('',*,*,#1202,.T.);
#1964=ORIENTED_EDGE('',*,*,#1205,.T.);
#1965=ORIENTED_EDGE('',*,*,#1208,.T.);
#1966=ORIENTED_EDGE('',*,*,#1211,.T.);
#1967=ORIENTED_EDGE('',*,*,#1214,.T.);
#1968=ORIENTED_EDGE('',*,*,#1217,.T.);
#1969=ORIENTED_EDGE('',*,*,#1220,.T.);
#1970=ORIENTED_EDGE('',*,*,#1223,.T.);
#1971=ORIENTED_EDGE('',*,*,#1226,.T.);
#1972=ORIENTED_EDGE('',*,*,#1229,.T.);
#1973=ORIENTED_EDGE('',*,*,#1232,.T.);
#1974=ORIENTED_EDGE('',*,*,#1235,.T.);
#1975=ORIENTED_EDGE('',*,*,#1238,.T.);
#1976=ORIENTED_EDGE('',*,*,#1241,.T.);
#1977=ORIENTED_EDGE('',*,*,#1244,.T.);
#1978=ORIENTED_EDGE('',*,*,#1247,.T.);
#1979=ORIENTED_EDGE('',*,*,#1250,.T.);
#1980=ORIENTED_EDGE('',*,*,#1253,.T.);
#1981=ORIENTED_EDGE('',*,*,#1256,.T.);
#1982=ORIENTED_EDGE('',*,*,#1259,.T.);
#1983=ORIENTED_EDGE('',*,*,#1262,.T.);
#1984=ORIENTED_EDGE('',*,*,#1265,.T.);
#1985=ORIENTED_EDGE('',*,*,#1268,.T.);
#1986=ORIENTED_EDGE('',*,*,#1271,.T.);
#1987=ORIENTED_EDGE('',*,*,#1274,.T.);
#1988=ORIENTED_EDGE('',*,*,#1277,.T.);
#1989=ORIENTED_EDGE('',*,*,#1419,.T.);
#1990=ORIENTED_EDGE('',*,*,#1280,.F.);
#1991=ORIENTED_EDGE('',*,*,#1282,.F.);
#1992=ORIENTED_EDGE('',*,*,#1418,.F.);
#1993=ORIENTED_EDGE('',*,*,#1278,.F.);
#1994=ORIENTED_EDGE('',*,*,#1275,.F.);
#1995=ORIENTED_EDGE('',*,*,#1272,.F.);
#1996=ORIENTED_EDGE('',*,*,#1269,.F.);
#1997=ORIENTED_EDGE('',*,*,#1266,.F.);
#1998=ORIENTED_EDGE('',*,*,#1263,.F.);
#1999=ORIENTED_EDGE('',*,*,#1260,.F.);
#2000=ORIENTED_EDGE('',*,*,#1257,.F.);
#2001=ORIENTED_EDGE('',*,*,#1254,.F.);
#2002=ORIENTED_EDGE('',*,*,#1251,.F.);
#2003=ORIENTED_EDGE('',*,*,#1248,.F.);
#2004=ORIENTED_EDGE('',*,*,#1245,.F.);
#2005=ORIENTED_EDGE('',*,*,#1242,.F.);
#2006=ORIENTED_EDGE('',*,*,#1239,.F.);
#2007=ORIENTED_EDGE('',*,*,#1236,.F.);
#2008=ORIENTED_EDGE('',*,*,#1233,.F.);
#2009=ORIENTED_EDGE('',*,*,#1230,.F.);
#2010=ORIENTED_EDGE('',*,*,#1227,.F.);
#2011=ORIENTED_EDGE('',*,*,#1224,.F.);
#2012=ORIENTED_EDGE('',*,*,#1221,.F.);
#2013=ORIENTED_EDGE('',*,*,#1218,.F.);
#2014=ORIENTED_EDGE('',*,*,#1215,.F.);
#2015=ORIENTED_EDGE('',*,*,#1212,.F.);
#2016=ORIENTED_EDGE('',*,*,#1209,.F.);
#2017=ORIENTED_EDGE('',*,*,#1206,.F.);
#2018=ORIENTED_EDGE('',*,*,#1203,.F.);
#2019=ORIENTED_EDGE('',*,*,#1200,.F.);
#2020=ORIENTED_EDGE('',*,*,#1197,.F.);
#2021=ORIENTED_EDGE('',*,*,#1194,.F.);
#2022=ORIENTED_EDGE('',*,*,#1381,.T.);
#2023=ORIENTED_EDGE('',*,*,#1383,.T.);
#2024=ORIENTED_EDGE('',*,*,#1288,.F.);
#2025=ORIENTED_EDGE('',*,*,#1292,.F.);
#2026=ORIENTED_EDGE('',*,*,#1295,.F.);
#2027=ORIENTED_EDGE('',*,*,#1298,.F.);
#2028=ORIENTED_EDGE('',*,*,#1301,.F.);
#2029=ORIENTED_EDGE('',*,*,#1304,.F.);
#2030=ORIENTED_EDGE('',*,*,#1307,.F.);
#2031=ORIENTED_EDGE('',*,*,#1310,.F.);
#2032=ORIENTED_EDGE('',*,*,#1313,.F.);
#2033=ORIENTED_EDGE('',*,*,#1316,.F.);
#2034=ORIENTED_EDGE('',*,*,#1319,.F.);
#2035=ORIENTED_EDGE('',*,*,#1322,.F.);
#2036=ORIENTED_EDGE('',*,*,#1325,.F.);
#2037=ORIENTED_EDGE('',*,*,#1328,.F.);
#2038=ORIENTED_EDGE('',*,*,#1331,.F.);
#2039=ORIENTED_EDGE('',*,*,#1334,.F.);
#2040=ORIENTED_EDGE('',*,*,#1337,.F.);
#2041=ORIENTED_EDGE('',*,*,#1340,.F.);
#2042=ORIENTED_EDGE('',*,*,#1343,.F.);
#2043=ORIENTED_EDGE('',*,*,#1346,.F.);
#2044=ORIENTED_EDGE('',*,*,#1349,.F.);
#2045=ORIENTED_EDGE('',*,*,#1352,.F.);
#2046=ORIENTED_EDGE('',*,*,#1355,.F.);
#2047=ORIENTED_EDGE('',*,*,#1358,.F.);
#2048=ORIENTED_EDGE('',*,*,#1361,.F.);
#2049=ORIENTED_EDGE('',*,*,#1364,.F.);
#2050=ORIENTED_EDGE('',*,*,#1367,.F.);
#2051=ORIENTED_EDGE('',*,*,#1370,.F.);
#2052=ORIENTED_EDGE('',*,*,#1373,.F.);
#2053=ORIENTED_EDGE('',*,*,#1376,.F.);
#2054=ORIENTED_EDGE('',*,*,#1380,.F.);
#2055=ORIENTED_EDGE('',*,*,#1386,.F.);
#2056=ORIENTED_EDGE('',*,*,#1286,.F.);
#2057=ORIENTED_EDGE('',*,*,#1385,.F.);
#2058=ORIENTED_EDGE('',*,*,#1420,.T.);
#2059=ORIENTED_EDGE('',*,*,#1421,.T.);
#2060=ORIENTED_EDGE('',*,*,#1422,.T.);
#2061=ORIENTED_EDGE('',*,*,#1423,.T.);
#2062=ORIENTED_EDGE('',*,*,#1424,.T.);
#2063=ORIENTED_EDGE('',*,*,#1421,.F.);
#2064=ORIENTED_EDGE('',*,*,#1425,.T.);
#2065=ORIENTED_EDGE('',*,*,#1426,.T.);
#2066=ORIENTED_EDGE('',*,*,#1427,.T.);
#2067=ORIENTED_EDGE('',*,*,#1428,.T.);
#2068=ORIENTED_EDGE('',*,*,#1425,.F.);
#2069=ORIENTED_EDGE('',*,*,#1423,.F.);
#2070=ORIENTED_EDGE('',*,*,#1428,.F.);
#2071=ORIENTED_EDGE('',*,*,#1429,.T.);
#2072=ORIENTED_EDGE('',*,*,#1430,.T.);
#2073=ORIENTED_EDGE('',*,*,#1431,.T.);
#2074=ORIENTED_EDGE('',*,*,#1432,.T.);
#2075=ORIENTED_EDGE('',*,*,#1433,.F.);
#2076=ORIENTED_EDGE('',*,*,#1434,.F.);
#2077=ORIENTED_EDGE('',*,*,#1435,.T.);
#2078=ORIENTED_EDGE('',*,*,#1436,.T.);
#2079=ORIENTED_EDGE('',*,*,#1437,.T.);
#2080=ORIENTED_EDGE('',*,*,#1438,.T.);
#2081=ORIENTED_EDGE('',*,*,#1439,.T.);
#2082=ORIENTED_EDGE('',*,*,#1440,.T.);
#2083=ORIENTED_EDGE('',*,*,#1441,.T.);
#2084=ORIENTED_EDGE('',*,*,#1427,.F.);
#2085=ORIENTED_EDGE('',*,*,#1442,.T.);
#2086=ORIENTED_EDGE('',*,*,#1443,.T.);
#2087=ORIENTED_EDGE('',*,*,#1444,.T.);
#2088=ORIENTED_EDGE('',*,*,#1429,.F.);
#2089=ORIENTED_EDGE('',*,*,#1422,.F.);
#2090=ORIENTED_EDGE('',*,*,#1424,.F.);
#2091=ORIENTED_EDGE('',*,*,#1435,.F.);
#2092=ORIENTED_EDGE('',*,*,#1445,.F.);
#2093=ORIENTED_EDGE('',*,*,#1446,.T.);
#2094=ORIENTED_EDGE('',*,*,#1447,.T.);
#2095=ORIENTED_EDGE('',*,*,#1448,.T.);
#2096=ORIENTED_EDGE('',*,*,#1449,.T.);
#2097=ORIENTED_EDGE('',*,*,#1433,.T.);
#2098=ORIENTED_EDGE('',*,*,#1450,.T.);
#2099=ORIENTED_EDGE('',*,*,#1448,.F.);
#2100=ORIENTED_EDGE('',*,*,#1451,.T.);
#2101=ORIENTED_EDGE('',*,*,#1452,.T.);
#2102=ORIENTED_EDGE('',*,*,#1445,.T.);
#2103=ORIENTED_EDGE('',*,*,#1434,.T.);
#2104=ORIENTED_EDGE('',*,*,#1451,.F.);
#2105=ORIENTED_EDGE('',*,*,#1453,.F.);
#2106=ORIENTED_EDGE('',*,*,#1454,.T.);
#2107=ORIENTED_EDGE('',*,*,#1443,.F.);
#2108=ORIENTED_EDGE('',*,*,#1430,.F.);
#2109=ORIENTED_EDGE('',*,*,#1444,.F.);
#2110=ORIENTED_EDGE('',*,*,#1454,.F.);
#2111=ORIENTED_EDGE('',*,*,#1455,.T.);
#2112=ORIENTED_EDGE('',*,*,#1456,.F.);
#2113=ORIENTED_EDGE('',*,*,#1457,.F.);
#2114=ORIENTED_EDGE('',*,*,#1431,.F.);
#2115=ORIENTED_EDGE('',*,*,#1455,.F.);
#2116=ORIENTED_EDGE('',*,*,#1450,.F.);
#2117=ORIENTED_EDGE('',*,*,#1432,.F.);
#2118=ORIENTED_EDGE('',*,*,#1457,.T.);
#2119=ORIENTED_EDGE('',*,*,#1458,.T.);
#2120=ORIENTED_EDGE('',*,*,#1449,.F.);
#2121=ORIENTED_EDGE('',*,*,#1438,.F.);
#2122=ORIENTED_EDGE('',*,*,#1459,.T.);
#2123=ORIENTED_EDGE('',*,*,#1460,.F.);
#2124=ORIENTED_EDGE('',*,*,#1461,.F.);
#2125=ORIENTED_EDGE('',*,*,#1437,.F.);
#2126=ORIENTED_EDGE('',*,*,#1462,.T.);
#2127=ORIENTED_EDGE('',*,*,#1463,.F.);
#2128=ORIENTED_EDGE('',*,*,#1459,.F.);
#2129=ORIENTED_EDGE('',*,*,#1436,.F.);
#2130=ORIENTED_EDGE('',*,*,#1464,.T.);
#2131=ORIENTED_EDGE('',*,*,#1465,.F.);
#2132=ORIENTED_EDGE('',*,*,#1462,.F.);
#2133=ORIENTED_EDGE('',*,*,#1466,.F.);
#2134=ORIENTED_EDGE('',*,*,#1467,.T.);
#2135=ORIENTED_EDGE('',*,*,#1468,.F.);
#2136=ORIENTED_EDGE('',*,*,#1469,.F.);
#2137=ORIENTED_EDGE('',*,*,#1470,.F.);
#2138=ORIENTED_EDGE('',*,*,#1471,.T.);
#2139=ORIENTED_EDGE('',*,*,#1472,.F.);
#2140=ORIENTED_EDGE('',*,*,#1467,.F.);
#2141=ORIENTED_EDGE('',*,*,#1473,.F.);
#2142=ORIENTED_EDGE('',*,*,#1474,.T.);
#2143=ORIENTED_EDGE('',*,*,#1475,.F.);
#2144=ORIENTED_EDGE('',*,*,#1471,.F.);
#2145=ORIENTED_EDGE('',*,*,#1476,.F.);
#2146=ORIENTED_EDGE('',*,*,#1477,.T.);
#2147=ORIENTED_EDGE('',*,*,#1478,.F.);
#2148=ORIENTED_EDGE('',*,*,#1474,.F.);
#2149=ORIENTED_EDGE('',*,*,#1479,.F.);
#2150=ORIENTED_EDGE('',*,*,#1480,.T.);
#2151=ORIENTED_EDGE('',*,*,#1481,.F.);
#2152=ORIENTED_EDGE('',*,*,#1477,.F.);
#2153=ORIENTED_EDGE('',*,*,#1482,.F.);
#2154=ORIENTED_EDGE('',*,*,#1469,.T.);
#2155=ORIENTED_EDGE('',*,*,#1483,.F.);
#2156=ORIENTED_EDGE('',*,*,#1480,.F.);
#2157=ORIENTED_EDGE('',*,*,#1439,.F.);
#2158=ORIENTED_EDGE('',*,*,#1461,.T.);
#2159=ORIENTED_EDGE('',*,*,#1484,.F.);
#2160=ORIENTED_EDGE('',*,*,#1485,.F.);
#2161=ORIENTED_EDGE('',*,*,#1440,.F.);
#2162=ORIENTED_EDGE('',*,*,#1485,.T.);
#2163=ORIENTED_EDGE('',*,*,#1486,.F.);
#2164=ORIENTED_EDGE('',*,*,#1487,.F.);
#2165=ORIENTED_EDGE('',*,*,#1441,.F.);
#2166=ORIENTED_EDGE('',*,*,#1487,.T.);
#2167=ORIENTED_EDGE('',*,*,#1488,.F.);
#2168=ORIENTED_EDGE('',*,*,#1464,.F.);
#2169=ORIENTED_EDGE('',*,*,#1488,.T.);
#2170=ORIENTED_EDGE('',*,*,#1486,.T.);
#2171=ORIENTED_EDGE('',*,*,#1484,.T.);
#2172=ORIENTED_EDGE('',*,*,#1460,.T.);
#2173=ORIENTED_EDGE('',*,*,#1463,.T.);
#2174=ORIENTED_EDGE('',*,*,#1465,.T.);
#2175=ORIENTED_EDGE('',*,*,#1468,.T.);
#2176=ORIENTED_EDGE('',*,*,#1472,.T.);
#2177=ORIENTED_EDGE('',*,*,#1475,.T.);
#2178=ORIENTED_EDGE('',*,*,#1478,.T.);
#2179=ORIENTED_EDGE('',*,*,#1481,.T.);
#2180=ORIENTED_EDGE('',*,*,#1483,.T.);
#2181=ORIENTED_EDGE('',*,*,#1489,.F.);
#2182=ORIENTED_EDGE('',*,*,#1490,.T.);
#2183=ORIENTED_EDGE('',*,*,#1491,.F.);
#2184=ORIENTED_EDGE('',*,*,#1490,.F.);
#2185=ORIENTED_EDGE('',*,*,#1466,.T.);
#2186=ORIENTED_EDGE('',*,*,#1482,.T.);
#2187=ORIENTED_EDGE('',*,*,#1479,.T.);
#2188=ORIENTED_EDGE('',*,*,#1476,.T.);
#2189=ORIENTED_EDGE('',*,*,#1473,.T.);
#2190=ORIENTED_EDGE('',*,*,#1470,.T.);
#2191=ORIENTED_EDGE('',*,*,#1491,.T.);
#2192=ORIENTED_EDGE('',*,*,#1420,.F.);
#2193=ORIENTED_EDGE('',*,*,#1446,.F.);
#2194=ORIENTED_EDGE('',*,*,#1452,.F.);
#2195=ORIENTED_EDGE('',*,*,#1447,.F.);
#2196=ORIENTED_EDGE('',*,*,#1458,.F.);
#2197=ORIENTED_EDGE('',*,*,#1456,.T.);
#2198=ORIENTED_EDGE('',*,*,#1453,.T.);
#2199=ORIENTED_EDGE('',*,*,#1442,.F.);
#2200=ORIENTED_EDGE('',*,*,#1426,.F.);
#2201=ORIENTED_EDGE('',*,*,#1489,.T.);
#2202=PLANE('',#2403);
#2203=PLANE('',#2404);
#2204=PLANE('',#2412);
#2205=PLANE('',#2415);
#2206=PLANE('',#2416);
#2207=PLANE('',#2417);
#2208=PLANE('',#2418);
#2209=PLANE('',#2419);
#2210=PLANE('',#2420);
#2211=PLANE('',#2421);
#2212=PLANE('',#2422);
#2213=PLANE('',#2423);
#2214=PLANE('',#2498);
#2215=PLANE('',#2499);
#2216=PLANE('',#2500);
#2217=PLANE('',#2501);
#2218=PLANE('',#2502);
#2219=PLANE('',#2503);
#2220=PLANE('',#2504);
#2221=PLANE('',#2517);
#2222=PLANE('',#2519);
#2223=PLANE('',#2520);
#2224=PLANE('',#2521);
#2225=PLANE('',#2529);
#2226=PLANE('',#2530);
#2227=PLANE('',#2533);
#2228=PLANE('',#2534);
#2229=PLANE('',#2535);
#2230=PLANE('',#2536);
#2231=PLANE('',#2537);
#2232=PLANE('',#2538);
#2233=PLANE('',#2539);
#2234=PLANE('',#2540);
#2235=PLANE('',#2541);
#2236=PLANE('',#2542);
#2237=PLANE('',#2543);
#2238=PLANE('',#2544);
#2239=PLANE('',#2545);
#2240=PLANE('',#2549);
#2241=PLANE('',#2550);
#2242=ADVANCED_FACE('',(#337),#2202,.T.);
#2243=ADVANCED_FACE('',(#338),#325,.F.);
#2244=ADVANCED_FACE('',(#339),#326,.F.);
#2245=ADVANCED_FACE('',(#340,#185),#2203,.F.);
#2246=ADVANCED_FACE('',(#341),#116,.T.);
#2247=ADVANCED_FACE('',(#342),#117,.T.);
#2248=ADVANCED_FACE('',(#343),#2204,.T.);
#2249=ADVANCED_FACE('',(#344),#327,.F.);
#2250=ADVANCED_FACE('',(#345),#328,.F.);
#2251=ADVANCED_FACE('',(#346),#118,.T.);
#2252=ADVANCED_FACE('',(#347),#2205,.T.);
#2253=ADVANCED_FACE('',(#348),#329,.F.);
#2254=ADVANCED_FACE('',(#349),#330,.F.);
#2255=ADVANCED_FACE('',(#350),#2206,.T.);
#2256=ADVANCED_FACE('',(#351),#2207,.F.);
#2257=ADVANCED_FACE('',(#352),#2208,.F.);
#2258=ADVANCED_FACE('',(#353),#2209,.F.);
#2259=ADVANCED_FACE('',(#354),#2210,.F.);
#2260=ADVANCED_FACE('',(#355),#2211,.F.);
#2261=ADVANCED_FACE('',(#356),#2212,.F.);
#2262=ADVANCED_FACE('',(#357),#2213,.F.);
#2263=ADVANCED_FACE('',(#358),#119,.T.);
#2264=ADVANCED_FACE('',(#359),#120,.T.);
#2265=ADVANCED_FACE('',(#360),#121,.T.);
#2266=ADVANCED_FACE('',(#361),#122,.T.);
#2267=ADVANCED_FACE('',(#362),#123,.T.);
#2268=ADVANCED_FACE('',(#363),#124,.T.);
#2269=ADVANCED_FACE('',(#364),#125,.T.);
#2270=ADVANCED_FACE('',(#365),#126,.T.);
#2271=ADVANCED_FACE('',(#366),#127,.T.);
#2272=ADVANCED_FACE('',(#367),#128,.T.);
#2273=ADVANCED_FACE('',(#368),#129,.T.);
#2274=ADVANCED_FACE('',(#369),#130,.T.);
#2275=ADVANCED_FACE('',(#370),#131,.T.);
#2276=ADVANCED_FACE('',(#371),#132,.T.);
#2277=ADVANCED_FACE('',(#372),#133,.T.);
#2278=ADVANCED_FACE('',(#373),#134,.T.);
#2279=ADVANCED_FACE('',(#374),#135,.T.);
#2280=ADVANCED_FACE('',(#375),#136,.T.);
#2281=ADVANCED_FACE('',(#376),#137,.T.);
#2282=ADVANCED_FACE('',(#377),#138,.T.);
#2283=ADVANCED_FACE('',(#378),#139,.T.);
#2284=ADVANCED_FACE('',(#379),#140,.T.);
#2285=ADVANCED_FACE('',(#380),#141,.T.);
#2286=ADVANCED_FACE('',(#381),#142,.T.);
#2287=ADVANCED_FACE('',(#382),#143,.T.);
#2288=ADVANCED_FACE('',(#383),#144,.T.);
#2289=ADVANCED_FACE('',(#384),#145,.T.);
#2290=ADVANCED_FACE('',(#385),#146,.T.);
#2291=ADVANCED_FACE('',(#386),#147,.T.);
#2292=ADVANCED_FACE('',(#387),#148,.T.);
#2293=ADVANCED_FACE('',(#388),#21,.T.);
#2294=ADVANCED_FACE('',(#389),#22,.T.);
#2295=ADVANCED_FACE('',(#390),#149,.T.);
#2296=ADVANCED_FACE('',(#391),#150,.T.);
#2297=ADVANCED_FACE('',(#392),#151,.T.);
#2298=ADVANCED_FACE('',(#393),#152,.T.);
#2299=ADVANCED_FACE('',(#394),#153,.T.);
#2300=ADVANCED_FACE('',(#395),#154,.T.);
#2301=ADVANCED_FACE('',(#396),#155,.T.);
#2302=ADVANCED_FACE('',(#397),#156,.T.);
#2303=ADVANCED_FACE('',(#398),#157,.T.);
#2304=ADVANCED_FACE('',(#399),#158,.T.);
#2305=ADVANCED_FACE('',(#400),#159,.T.);
#2306=ADVANCED_FACE('',(#401),#160,.T.);
#2307=ADVANCED_FACE('',(#402),#161,.T.);
#2308=ADVANCED_FACE('',(#403),#162,.T.);
#2309=ADVANCED_FACE('',(#404),#163,.T.);
#2310=ADVANCED_FACE('',(#405),#164,.T.);
#2311=ADVANCED_FACE('',(#406),#165,.T.);
#2312=ADVANCED_FACE('',(#407),#166,.T.);
#2313=ADVANCED_FACE('',(#408),#167,.T.);
#2314=ADVANCED_FACE('',(#409),#168,.T.);
#2315=ADVANCED_FACE('',(#410),#169,.T.);
#2316=ADVANCED_FACE('',(#411),#170,.T.);
#2317=ADVANCED_FACE('',(#412),#171,.T.);
#2318=ADVANCED_FACE('',(#413),#172,.T.);
#2319=ADVANCED_FACE('',(#414),#173,.T.);
#2320=ADVANCED_FACE('',(#415),#174,.T.);
#2321=ADVANCED_FACE('',(#416),#175,.T.);
#2322=ADVANCED_FACE('',(#417),#176,.T.);
#2323=ADVANCED_FACE('',(#418),#177,.T.);
#2324=ADVANCED_FACE('',(#419),#178,.T.);
#2325=ADVANCED_FACE('',(#420),#179,.T.);
#2326=ADVANCED_FACE('',(#421),#23,.T.);
#2327=ADVANCED_FACE('',(#422),#24,.T.);
#2328=ADVANCED_FACE('',(#423,#186),#2214,.T.);
#2329=ADVANCED_FACE('',(#424),#2215,.T.);
#2330=ADVANCED_FACE('',(#425),#2216,.T.);
#2331=ADVANCED_FACE('',(#426),#2217,.T.);
#2332=ADVANCED_FACE('',(#427),#2218,.T.);
#2333=ADVANCED_FACE('',(#428),#2219,.T.);
#2334=ADVANCED_FACE('',(#429),#2220,.T.);
#2335=ADVANCED_FACE('',(#430),#25,.T.);
#2336=ADVANCED_FACE('',(#431),#26,.T.);
#2337=ADVANCED_FACE('',(#432),#27,.T.);
#2338=ADVANCED_FACE('',(#433),#28,.T.);
#2339=ADVANCED_FACE('',(#434),#29,.T.);
#2340=ADVANCED_FACE('',(#435),#30,.T.);
#2341=ADVANCED_FACE('',(#436),#2221,.F.);
#2342=ADVANCED_FACE('',(#437),#180,.T.);
#2343=ADVANCED_FACE('',(#438),#19,.T.);
#2344=ADVANCED_FACE('',(#439),#20,.T.);
#2345=ADVANCED_FACE('',(#440),#2222,.F.);
#2346=ADVANCED_FACE('',(#441),#2223,.F.);
#2347=ADVANCED_FACE('',(#442),#331,.F.);
#2348=ADVANCED_FACE('',(#443),#332,.F.);
#2349=ADVANCED_FACE('',(#444,#187),#2224,.T.);
#2350=ADVANCED_FACE('',(#445),#181,.T.);
#2351=ADVANCED_FACE('',(#446),#182,.T.);
#2352=ADVANCED_FACE('',(#447),#2225,.F.);
#2353=ADVANCED_FACE('',(#448),#333,.F.);
#2354=ADVANCED_FACE('',(#449),#334,.F.);
#2355=ADVANCED_FACE('',(#450),#2226,.F.);
#2356=ADVANCED_FACE('',(#451),#335,.F.);
#2357=ADVANCED_FACE('',(#452),#336,.F.);
#2358=ADVANCED_FACE('',(#453),#183,.T.);
#2359=ADVANCED_FACE('',(#454),#2227,.T.);
#2360=ADVANCED_FACE('',(#455),#2228,.T.);
#2361=ADVANCED_FACE('',(#456),#2229,.T.);
#2362=ADVANCED_FACE('',(#457),#2230,.F.);
#2363=ADVANCED_FACE('',(#458),#2231,.F.);
#2364=ADVANCED_FACE('',(#459),#2232,.F.);
#2365=ADVANCED_FACE('',(#460),#2233,.F.);
#2366=ADVANCED_FACE('',(#461),#2234,.F.);
#2367=ADVANCED_FACE('',(#462),#2235,.F.);
#2368=ADVANCED_FACE('',(#463),#2236,.T.);
#2369=ADVANCED_FACE('',(#464),#2237,.T.);
#2370=ADVANCED_FACE('',(#465),#2238,.T.);
#2371=ADVANCED_FACE('',(#466,#188),#2239,.T.);
#2372=ADVANCED_FACE('',(#467),#184,.F.);
#2373=ADVANCED_FACE('',(#468,#189),#2240,.T.);
#2374=ADVANCED_FACE('',(#469,#190),#2241,.F.);
#2375=CLOSED_SHELL('',(#2242,#2243,#2244,#2245,#2246,#2247,#2248,#2249,
#2250,#2251,#2252,#2253,#2254,#2255,#2256,#2257,#2258,#2259,#2260,#2261,
#2262));
#2376=CLOSED_SHELL('',(#2263,#2264,#2265,#2266,#2267,#2268,#2269,#2270,
#2271,#2272,#2273,#2274,#2275,#2276,#2277,#2278,#2279,#2280,#2281,#2282,
#2283,#2284,#2285,#2286,#2287,#2288,#2289,#2290,#2291,#2292,#2293,#2294,
#2295,#2296,#2297,#2298,#2299,#2300,#2301,#2302,#2303,#2304,#2305,#2306,
#2307,#2308,#2309,#2310,#2311,#2312,#2313,#2314,#2315,#2316,#2317,#2318,
#2319,#2320,#2321,#2322,#2323,#2324,#2325,#2326,#2327,#2328,#2329,#2330,
#2331,#2332,#2333,#2334,#2335,#2336,#2337,#2338,#2339,#2340,#2341,#2342,
#2343,#2344,#2345));
#2377=CLOSED_SHELL('',(#2346,#2347,#2348,#2349,#2350,#2351,#2352,#2353,
#2354,#2355,#2356,#2357,#2358,#2359,#2360,#2361,#2362,#2363,#2364,#2365,
#2366,#2367,#2368,#2369,#2370,#2371,#2372,#2373,#2374));
#2378=DERIVED_UNIT_ELEMENT(#2382,1.);
#2379=DERIVED_UNIT_ELEMENT(#9523,-3.);
#2380=DERIVED_UNIT_ELEMENT(#2382,1.);
#2381=DERIVED_UNIT_ELEMENT(#9523,-3.);
#2382=(
MASS_UNIT()
NAMED_UNIT(*)
SI_UNIT(.KILO.,.GRAM.)
);
#2383=DERIVED_UNIT((#2378,#2379));
#2384=DERIVED_UNIT((#2380,#2381));
#2385=MEASURE_REPRESENTATION_ITEM('density measure',
POSITIVE_RATIO_MEASURE(7850.),#2383);
#2386=MEASURE_REPRESENTATION_ITEM('density measure',
POSITIVE_RATIO_MEASURE(7850.),#2384);
#2387=PROPERTY_DEFINITION_REPRESENTATION(#2397,#2391);
#2388=PROPERTY_DEFINITION_REPRESENTATION(#2398,#2392);
#2389=PROPERTY_DEFINITION_REPRESENTATION(#2399,#2393);
#2390=PROPERTY_DEFINITION_REPRESENTATION(#2400,#2394);
#2391=REPRESENTATION('material name',(#2395),#9519);
#2392=REPRESENTATION('density',(#2385),#9519);
#2393=REPRESENTATION('material name',(#2396),#9520);
#2394=REPRESENTATION('density',(#2386),#9520);
#2395=DESCRIPTIVE_REPRESENTATION_ITEM('Steel','Steel');
#2396=DESCRIPTIVE_REPRESENTATION_ITEM('Steel','Steel');
#2397=PROPERTY_DEFINITION('material property','material name',#9539);
#2398=PROPERTY_DEFINITION('material property','density of part',#9539);
#2399=PROPERTY_DEFINITION('material property','material name',#9540);
#2400=PROPERTY_DEFINITION('material property','density of part',#9540);
#2401=AXIS2_PLACEMENT_3D('',#3005,#2553,#2554);
#2402=AXIS2_PLACEMENT_3D('',#3006,#2555,#2556);
#2403=AXIS2_PLACEMENT_3D('',#3007,#2557,#2558);
#2404=AXIS2_PLACEMENT_3D('',#3091,#2562,#2563);
#2405=AXIS2_PLACEMENT_3D('',#3093,#2564,#2565);
#2406=AXIS2_PLACEMENT_3D('',#3117,#2566,#2567);
#2407=AXIS2_PLACEMENT_3D('',#3143,#2568,#2569);
#2408=AXIS2_PLACEMENT_3D('',#3156,#2576,#2577);
#2409=AXIS2_PLACEMENT_3D('',#3158,#2578,#2579);
#2410=AXIS2_PLACEMENT_3D('',#3165,#2581,#2582);
#2411=AXIS2_PLACEMENT_3D('',#3172,#2583,#2584);
#2412=AXIS2_PLACEMENT_3D('',#3173,#2585,#2586);
#2413=AXIS2_PLACEMENT_3D('',#3233,#2589,#2590);
#2414=AXIS2_PLACEMENT_3D('',#3235,#2591,#2592);
#2415=AXIS2_PLACEMENT_3D('',#3242,#2594,#2595);
#2416=AXIS2_PLACEMENT_3D('',#3300,#2598,#2599);
#2417=AXIS2_PLACEMENT_3D('',#3301,#2600,#2601);
#2418=AXIS2_PLACEMENT_3D('',#3307,#2605,#2606);
#2419=AXIS2_PLACEMENT_3D('',#3311,#2609,#2610);
#2420=AXIS2_PLACEMENT_3D('',#3315,#2613,#2614);
#2421=AXIS2_PLACEMENT_3D('',#3319,#2617,#2618);
#2422=AXIS2_PLACEMENT_3D('',#3323,#2621,#2622);
#2423=AXIS2_PLACEMENT_3D('',#3325,#2624,#2625);
#2424=AXIS2_PLACEMENT_3D('',#3326,#2626,#2627);
#2425=AXIS2_PLACEMENT_3D('',#3327,#2628,#2629);
#2426=AXIS2_PLACEMENT_3D('',#3335,#2631,#2632);
#2427=AXIS2_PLACEMENT_3D('',#3336,#2633,#2634);
#2428=AXIS2_PLACEMENT_3D('',#3358,#2636,#2637);
#2429=AXIS2_PLACEMENT_3D('',#3376,#2638,#2639);
#2430=AXIS2_PLACEMENT_3D('',#3414,#2641,#2642);
#2431=AXIS2_PLACEMENT_3D('',#3452,#2644,#2645);
#2432=AXIS2_PLACEMENT_3D('',#3490,#2647,#2648);
#2433=AXIS2_PLACEMENT_3D('',#3528,#2650,#2651);
#2434=AXIS2_PLACEMENT_3D('',#3566,#2653,#2654);
#2435=AXIS2_PLACEMENT_3D('',#3604,#2656,#2657);
#2436=AXIS2_PLACEMENT_3D('',#3642,#2659,#2660);
#2437=AXIS2_PLACEMENT_3D('',#3680,#2662,#2663);
#2438=AXIS2_PLACEMENT_3D('',#3718,#2665,#2666);
#2439=AXIS2_PLACEMENT_3D('',#3756,#2668,#2669);
#2440=AXIS2_PLACEMENT_3D('',#3794,#2671,#2672);
#2441=AXIS2_PLACEMENT_3D('',#3832,#2674,#2675);
#2442=AXIS2_PLACEMENT_3D('',#3870,#2677,#2678);
#2443=AXIS2_PLACEMENT_3D('',#3908,#2680,#2681);
#2444=AXIS2_PLACEMENT_3D('',#3946,#2683,#2684);
#2445=AXIS2_PLACEMENT_3D('',#3984,#2686,#2687);
#2446=AXIS2_PLACEMENT_3D('',#4022,#2689,#2690);
#2447=AXIS2_PLACEMENT_3D('',#4060,#2692,#2693);
#2448=AXIS2_PLACEMENT_3D('',#4098,#2695,#2696);
#2449=AXIS2_PLACEMENT_3D('',#4136,#2698,#2699);
#2450=AXIS2_PLACEMENT_3D('',#4174,#2701,#2702);
#2451=AXIS2_PLACEMENT_3D('',#4212,#2704,#2705);
#2452=AXIS2_PLACEMENT_3D('',#4250,#2707,#2708);
#2453=AXIS2_PLACEMENT_3D('',#4288,#2710,#2711);
#2454=AXIS2_PLACEMENT_3D('',#4326,#2713,#2714);
#2455=AXIS2_PLACEMENT_3D('',#4364,#2716,#2717);
#2456=AXIS2_PLACEMENT_3D('',#4402,#2719,#2720);
#2457=AXIS2_PLACEMENT_3D('',#4440,#2722,#2723);
#2458=AXIS2_PLACEMENT_3D('',#4480,#2725,#2726);
#2459=AXIS2_PLACEMENT_3D('',#4511,#2727,#2728);
#2460=AXIS2_PLACEMENT_3D('',#4516,#2730,#2731);
#2461=AXIS2_PLACEMENT_3D('',#4573,#2732,#2733);
#2462=AXIS2_PLACEMENT_3D('',#4603,#2735,#2736);
#2463=AXIS2_PLACEMENT_3D('',#4624,#2737,#2738);
#2464=AXIS2_PLACEMENT_3D('',#4700,#2740,#2741);
#2465=AXIS2_PLACEMENT_3D('',#4778,#2743,#2744);
#2466=AXIS2_PLACEMENT_3D('',#4854,#2746,#2747);
#2467=AXIS2_PLACEMENT_3D('',#4930,#2749,#2750);
#2468=AXIS2_PLACEMENT_3D('',#5006,#2752,#2753);
#2469=AXIS2_PLACEMENT_3D('',#5082,#2755,#2756);
#2470=AXIS2_PLACEMENT_3D('',#5158,#2758,#2759);
#2471=AXIS2_PLACEMENT_3D('',#5236,#2761,#2762);
#2472=AXIS2_PLACEMENT_3D('',#5312,#2764,#2765);
#2473=AXIS2_PLACEMENT_3D('',#5388,#2767,#2768);
#2474=AXIS2_PLACEMENT_3D('',#5464,#2770,#2771);
#2475=AXIS2_PLACEMENT_3D('',#5540,#2773,#2774);
#2476=AXIS2_PLACEMENT_3D('',#5616,#2776,#2777);
#2477=AXIS2_PLACEMENT_3D('',#5692,#2779,#2780);
#2478=AXIS2_PLACEMENT_3D('',#5770,#2782,#2783);
#2479=AXIS2_PLACEMENT_3D('',#5846,#2785,#2786);
#2480=AXIS2_PLACEMENT_3D('',#5922,#2788,#2789);
#2481=AXIS2_PLACEMENT_3D('',#5998,#2791,#2792);
#2482=AXIS2_PLACEMENT_3D('',#6074,#2794,#2795);
#2483=AXIS2_PLACEMENT_3D('',#6150,#2797,#2798);
#2484=AXIS2_PLACEMENT_3D('',#6228,#2800,#2801);
#2485=AXIS2_PLACEMENT_3D('',#6304,#2803,#2804);
#2486=AXIS2_PLACEMENT_3D('',#6380,#2806,#2807);
#2487=AXIS2_PLACEMENT_3D('',#6456,#2809,#2810);
#2488=AXIS2_PLACEMENT_3D('',#6532,#2812,#2813);
#2489=AXIS2_PLACEMENT_3D('',#6608,#2815,#2816);
#2490=AXIS2_PLACEMENT_3D('',#6684,#2818,#2819);
#2491=AXIS2_PLACEMENT_3D('',#6760,#2821,#2822);
#2492=AXIS2_PLACEMENT_3D('',#6838,#2824,#2825);
#2493=AXIS2_PLACEMENT_3D('',#6876,#2826,#2827);
#2494=AXIS2_PLACEMENT_3D('',#6907,#2828,#2829);
#2495=AXIS2_PLACEMENT_3D('',#6967,#2831,#2832);
#2496=AXIS2_PLACEMENT_3D('',#6968,#2833,#2834);
#2497=AXIS2_PLACEMENT_3D('',#6985,#2835,#2836);
#2498=AXIS2_PLACEMENT_3D('',#6986,#2837,#2838);
#2499=AXIS2_PLACEMENT_3D('',#6999,#2845,#2846);
#2500=AXIS2_PLACEMENT_3D('',#7011,#2849,#2850);
#2501=AXIS2_PLACEMENT_3D('',#7021,#2852,#2853);
#2502=AXIS2_PLACEMENT_3D('',#7031,#2855,#2856);
#2503=AXIS2_PLACEMENT_3D('',#7041,#2858,#2859);
#2504=AXIS2_PLACEMENT_3D('',#7051,#2861,#2862);
#2505=AXIS2_PLACEMENT_3D('',#7059,#2863,#2864);
#2506=AXIS2_PLACEMENT_3D('',#7060,#2865,#2866);
#2507=AXIS2_PLACEMENT_3D('',#7061,#2867,#2868);
#2508=AXIS2_PLACEMENT_3D('',#7062,#2869,#2870);
#2509=AXIS2_PLACEMENT_3D('',#7063,#2871,#2872);
#2510=AXIS2_PLACEMENT_3D('',#7064,#2873,#2874);
#2511=AXIS2_PLACEMENT_3D('',#7065,#2875,#2876);
#2512=AXIS2_PLACEMENT_3D('',#7066,#2877,#2878);
#2513=AXIS2_PLACEMENT_3D('',#7067,#2879,#2880);
#2514=AXIS2_PLACEMENT_3D('',#7068,#2881,#2882);
#2515=AXIS2_PLACEMENT_3D('',#7069,#2883,#2884);
#2516=AXIS2_PLACEMENT_3D('',#7070,#2885,#2886);
#2517=AXIS2_PLACEMENT_3D('',#7071,#2887,#2888);
#2518=AXIS2_PLACEMENT_3D('',#7072,#2889,#2890);
#2519=AXIS2_PLACEMENT_3D('',#9157,#2891,#2892);
#2520=AXIS2_PLACEMENT_3D('',#9158,#2893,#2894);
#2521=AXIS2_PLACEMENT_3D('',#9242,#2898,#2899);
#2522=AXIS2_PLACEMENT_3D('',#9244,#2900,#2901);
#2523=AXIS2_PLACEMENT_3D('',#9271,#2902,#2903);
#2524=AXIS2_PLACEMENT_3D('',#9288,#2904,#2905);
#2525=AXIS2_PLACEMENT_3D('',#9301,#2912,#2913);
#2526=AXIS2_PLACEMENT_3D('',#9303,#2914,#2915);
#2527=AXIS2_PLACEMENT_3D('',#9310,#2917,#2918);
#2528=AXIS2_PLACEMENT_3D('',#9317,#2919,#2920);
#2529=AXIS2_PLACEMENT_3D('',#9318,#2921,#2922);
#2530=AXIS2_PLACEMENT_3D('',#9376,#2926,#2927);
#2531=AXIS2_PLACEMENT_3D('',#9441,#2930,#2931);
#2532=AXIS2_PLACEMENT_3D('',#9442,#2932,#2933);
#2533=AXIS2_PLACEMENT_3D('',#9443,#2934,#2935);
#2534=AXIS2_PLACEMENT_3D('',#9449,#2939,#2940);
#2535=AXIS2_PLACEMENT_3D('',#9453,#2943,#2944);
#2536=AXIS2_PLACEMENT_3D('',#9457,#2947,#2948);
#2537=AXIS2_PLACEMENT_3D('',#9466,#2953,#2954);
#2538=AXIS2_PLACEMENT_3D('',#9472,#2958,#2959);
#2539=AXIS2_PLACEMENT_3D('',#9478,#2963,#2964);
#2540=AXIS2_PLACEMENT_3D('',#9484,#2968,#2969);
#2541=AXIS2_PLACEMENT_3D('',#9490,#2973,#2974);
#2542=AXIS2_PLACEMENT_3D('',#9493,#2977,#2978);
#2543=AXIS2_PLACEMENT_3D('',#9497,#2981,#2982);
#2544=AXIS2_PLACEMENT_3D('',#9501,#2985,#2986);
#2545=AXIS2_PLACEMENT_3D('',#9503,#2988,#2989);
#2546=AXIS2_PLACEMENT_3D('',#9504,#2990,#2991);
#2547=AXIS2_PLACEMENT_3D('',#9506,#2992,#2993);
#2548=AXIS2_PLACEMENT_3D('',#9509,#2995,#2996);
#2549=AXIS2_PLACEMENT_3D('',#9510,#2997,#2998);
#2550=AXIS2_PLACEMENT_3D('',#9511,#2999,#3000);
#2551=AXIS2_PLACEMENT_3D('',#9512,#3001,#3002);
#2552=AXIS2_PLACEMENT_3D('',#9513,#3003,#3004);
#2553=DIRECTION('axis',(0.,0.,1.));
#2554=DIRECTION('refdir',(1.,0.,0.));
#2555=DIRECTION('axis',(0.,0.,1.));
#2556=DIRECTION('refdir',(1.,0.,0.));
#2557=DIRECTION('center_axis',(-0.5,1.0605752387249E-16,-0.866025403784438));
#2558=DIRECTION('ref_axis',(0.866025403784438,6.12323399573678E-17,-0.5));
#2559=DIRECTION('',(-0.866025403784438,-6.12323399573678E-17,0.5));
#2560=DIRECTION('',(-0.75,-0.5,0.43301270189222));
#2561=DIRECTION('',(1.57909434436729E-46,-1.,-1.22464679914735E-16));
#2562=DIRECTION('center_axis',(1.57909434436729E-46,-1.,-1.22464679914735E-16));
#2563=DIRECTION('ref_axis',(1.,1.82916618707745E-46,-1.97215226305253E-31));
#2564=DIRECTION('center_axis',(1.57909434436729E-46,-1.,-1.22464679914735E-16));
#2565=DIRECTION('ref_axis',(1.,1.82916618707745E-46,-1.97215226305253E-31));
#2566=DIRECTION('center_axis',(1.57909434436729E-46,-1.,-1.22464679914735E-16));
#2567=DIRECTION('ref_axis',(1.,1.82916618707745E-46,-1.97215226305253E-31));
#2568=DIRECTION('center_axis',(1.57909434436729E-46,-1.,-1.22464679914735E-16));
#2569=DIRECTION('ref_axis',(1.,1.82916618707745E-46,-1.97215226305253E-31));
#2570=DIRECTION('',(-0.866025403784439,6.12323399573677E-17,-0.5));
#2571=DIRECTION('',(1.59980256770679E-16,1.22464679914735E-16,-1.));
#2572=DIRECTION('',(0.866025403784439,6.12323399573677E-17,-0.5));
#2573=DIRECTION('',(0.866025403784439,-6.12323399573677E-17,0.5));
#2574=DIRECTION('',(-6.39921027082715E-16,-1.22464679914735E-16,1.));
#2575=DIRECTION('',(-0.866025403784439,-6.12323399573676E-17,0.5));
#2576=DIRECTION('center_axis',(1.57909434436729E-46,-1.,-1.22464679914735E-16));
#2577=DIRECTION('ref_axis',(-0.378086234147219,1.13374173463838E-16,-0.925770381654314));
#2578=DIRECTION('center_axis',(1.57909434436729E-46,-1.,-1.22464679914735E-16));
#2579=DIRECTION('ref_axis',(1.,1.82916618707745E-46,-1.97215226305253E-31));
#2580=DIRECTION('',(1.57909434436729E-46,-1.,-1.22464679914735E-16));
#2581=DIRECTION('center_axis',(1.57909434436729E-46,-1.,-1.22464679914735E-16));
#2582=DIRECTION('ref_axis',(1.,1.82916618707745E-46,-1.97215226305253E-31));
#2583=DIRECTION('center_axis',(1.57909434436729E-46,-1.,-1.22464679914735E-16));
#2584=DIRECTION('ref_axis',(1.,1.82916618707745E-46,-1.97215226305253E-31));
#2585=DIRECTION('center_axis',(-0.5,-1.06057523872491E-16,0.866025403784439));
#2586=DIRECTION('ref_axis',(-0.866025403784439,6.12323399573676E-17,-0.5));
#2587=DIRECTION('',(0.866025403784439,-6.12323399573676E-17,0.5));
#2588=DIRECTION('',(0.75,-0.5,0.433012701892219));
#2589=DIRECTION('center_axis',(1.57909434436729E-46,-1.,-1.22464679914735E-16));
#2590=DIRECTION('ref_axis',(-0.612697551510242,-9.67859765358478E-17,0.79031747441984));
#2591=DIRECTION('center_axis',(1.57909434436729E-46,-1.,-1.22464679914735E-16));
#2592=DIRECTION('ref_axis',(1.,1.82916618707745E-46,-1.97215226305253E-31));
#2593=DIRECTION('',(-1.57909434436729E-46,1.,1.22464679914735E-16));
#2594=DIRECTION('center_axis',(1.,7.49879891330947E-33,-6.12323399573679E-17));
#2595=DIRECTION('ref_axis',(6.12323399573679E-17,-1.22464679914735E-16,
1.));
#2596=DIRECTION('',(6.12323399573679E-17,-1.22464679914735E-16,1.));
#2597=DIRECTION('',(-5.30287619362455E-17,-0.5,-0.866025403784439));
#2598=DIRECTION('center_axis',(1.57909434436729E-46,-1.,-1.22464679914735E-16));
#2599=DIRECTION('ref_axis',(1.,1.82916618707745E-46,-1.97215226305253E-31));
#2600=DIRECTION('center_axis',(0.5,1.06057523872491E-16,-0.866025403784439));
#2601=DIRECTION('ref_axis',(0.866025403784439,-6.12323399573677E-17,0.5));
#2602=DIRECTION('',(1.57909434436729E-46,-1.,-1.22464679914735E-16));
#2603=DIRECTION('',(0.866025403784439,-6.12323399573677E-17,0.5));
#2604=DIRECTION('',(1.57909434436729E-46,-1.,-1.22464679914735E-16));
#2605=DIRECTION('center_axis',(-0.5,1.06057523872491E-16,-0.866025403784439));
#2606=DIRECTION('ref_axis',(0.866025403784439,6.12323399573677E-17,-0.5));
#2607=DIRECTION('',(1.57909434436729E-46,-1.,-1.22464679914735E-16));
#2608=DIRECTION('',(0.866025403784439,6.12323399573677E-17,-0.5));
#2609=DIRECTION('center_axis',(-1.,1.95919309380982E-32,-1.59980256770679E-16));
#2610=DIRECTION('ref_axis',(1.59980256770679E-16,1.22464679914735E-16,-1.));
#2611=DIRECTION('',(1.57909434436729E-46,-1.,-1.22464679914735E-16));
#2612=DIRECTION('',(1.59980256770679E-16,1.22464679914735E-16,-1.));
#2613=DIRECTION('center_axis',(-0.5,-1.06057523872491E-16,0.866025403784439));
#2614=DIRECTION('ref_axis',(-0.866025403784439,6.12323399573677E-17,-0.5));
#2615=DIRECTION('',(1.57909434436729E-46,-1.,-1.22464679914735E-16));
#2616=DIRECTION('',(-0.866025403784439,6.12323399573677E-17,-0.5));
#2617=DIRECTION('center_axis',(0.5,-1.06057523872491E-16,0.866025403784439));
#2618=DIRECTION('ref_axis',(-0.866025403784439,-6.12323399573676E-17,0.5));
#2619=DIRECTION('',(1.57909434436729E-46,-1.,-1.22464679914735E-16));
#2620=DIRECTION('',(-0.866025403784439,-6.12323399573676E-17,0.5));
#2621=DIRECTION('center_axis',(1.,-7.83677237523933E-32,6.39921027082715E-16));
#2622=DIRECTION('ref_axis',(-6.39921027082715E-16,-1.22464679914735E-16,
1.));
#2623=DIRECTION('',(-6.39921027082715E-16,-1.22464679914735E-16,1.));
#2624=DIRECTION('center_axis',(1.57909434436729E-46,-1.,-1.22464679914735E-16));
#2625=DIRECTION('ref_axis',(-1.97215226305253E-31,1.22464679914735E-16,
-1.));
#2626=DIRECTION('axis',(0.,0.,1.));
#2627=DIRECTION('refdir',(1.,0.,0.));
#2628=DIRECTION('center_axis',(0.,0.,1.));
#2629=DIRECTION('ref_axis',(-2.7467698153101E-16,1.,0.));
#2630=DIRECTION('',(0.,0.,-1.));
#2631=DIRECTION('center_axis',(-6.55880412693244E-13,1.4327371171109E-12,
1.));
#2632=DIRECTION('ref_axis',(0.587044189617316,-0.809554889699611,1.54504049979661E-12));
#2633=DIRECTION('center_axis',(0.,0.,1.));
#2634=DIRECTION('ref_axis',(-2.7467698153101E-16,1.,0.));
#2635=DIRECTION('',(0.,0.,-1.));
#2636=DIRECTION('center_axis',(-6.55880412693244E-13,1.4327371171109E-12,
1.));
#2637=DIRECTION('ref_axis',(0.587044189617316,-0.809554889699611,1.54504049979661E-12));
#2638=DIRECTION('center_axis',(0.,0.,1.));
#2639=DIRECTION('ref_axis',(-2.7467698153101E-16,1.,0.));
#2640=DIRECTION('',(0.,0.,-1.));
#2641=DIRECTION('center_axis',(0.,0.,1.));
#2642=DIRECTION('ref_axis',(-2.7467698153101E-16,1.,0.));
#2643=DIRECTION('',(0.,0.,-1.));
#2644=DIRECTION('center_axis',(0.,0.,1.));
#2645=DIRECTION('ref_axis',(-2.7467698153101E-16,1.,0.));
#2646=DIRECTION('',(0.,0.,-1.));
#2647=DIRECTION('center_axis',(0.,0.,1.));
#2648=DIRECTION('ref_axis',(-2.7467698153101E-16,1.,0.));
#2649=DIRECTION('',(0.,0.,-1.));
#2650=DIRECTION('center_axis',(0.,0.,1.));
#2651=DIRECTION('ref_axis',(-2.7467698153101E-16,1.,0.));
#2652=DIRECTION('',(0.,0.,-1.));
#2653=DIRECTION('center_axis',(0.,0.,1.));
#2654=DIRECTION('ref_axis',(-2.7467698153101E-16,1.,0.));
#2655=DIRECTION('',(0.,0.,-1.));
#2656=DIRECTION('center_axis',(0.,0.,1.));
#2657=DIRECTION('ref_axis',(-2.7467698153101E-16,1.,0.));
#2658=DIRECTION('',(0.,0.,-1.));
#2659=DIRECTION('center_axis',(0.,0.,1.));
#2660=DIRECTION('ref_axis',(-2.7467698153101E-16,1.,0.));
#2661=DIRECTION('',(0.,0.,-1.));
#2662=DIRECTION('center_axis',(0.,0.,1.));
#2663=DIRECTION('ref_axis',(-2.7467698153101E-16,1.,0.));
#2664=DIRECTION('',(0.,0.,-1.));
#2665=DIRECTION('center_axis',(0.,0.,1.));
#2666=DIRECTION('ref_axis',(-2.7467698153101E-16,1.,0.));
#2667=DIRECTION('',(0.,0.,-1.));
#2668=DIRECTION('center_axis',(0.,0.,1.));
#2669=DIRECTION('ref_axis',(-2.7467698153101E-16,1.,0.));
#2670=DIRECTION('',(0.,0.,-1.));
#2671=DIRECTION('center_axis',(0.,0.,1.));
#2672=DIRECTION('ref_axis',(-2.7467698153101E-16,1.,0.));
#2673=DIRECTION('',(0.,0.,-1.));
#2674=DIRECTION('center_axis',(0.,0.,1.));
#2675=DIRECTION('ref_axis',(-2.7467698153101E-16,1.,0.));
#2676=DIRECTION('',(0.,0.,-1.));
#2677=DIRECTION('center_axis',(0.,0.,1.));
#2678=DIRECTION('ref_axis',(-2.7467698153101E-16,1.,0.));
#2679=DIRECTION('',(0.,0.,-1.));
#2680=DIRECTION('center_axis',(0.,0.,1.));
#2681=DIRECTION('ref_axis',(-2.7467698153101E-16,1.,0.));
#2682=DIRECTION('',(0.,0.,-1.));
#2683=DIRECTION('center_axis',(0.,0.,1.));
#2684=DIRECTION('ref_axis',(-2.7467698153101E-16,1.,0.));
#2685=DIRECTION('',(0.,0.,-1.));
#2686=DIRECTION('center_axis',(0.,0.,1.));
#2687=DIRECTION('ref_axis',(-2.7467698153101E-16,1.,0.));
#2688=DIRECTION('',(0.,0.,-1.));
#2689=DIRECTION('center_axis',(0.,0.,1.));
#2690=DIRECTION('ref_axis',(-2.7467698153101E-16,1.,0.));
#2691=DIRECTION('',(0.,0.,-1.));
#2692=DIRECTION('center_axis',(0.,0.,1.));
#2693=DIRECTION('ref_axis',(-2.7467698153101E-16,1.,0.));
#2694=DIRECTION('',(0.,0.,-1.));
#2695=DIRECTION('center_axis',(0.,0.,1.));
#2696=DIRECTION('ref_axis',(-2.7467698153101E-16,1.,0.));
#2697=DIRECTION('',(0.,0.,-1.));
#2698=DIRECTION('center_axis',(0.,0.,1.));
#2699=DIRECTION('ref_axis',(-2.7467698153101E-16,1.,0.));
#2700=DIRECTION('',(0.,0.,-1.));
#2701=DIRECTION('center_axis',(0.,0.,1.));
#2702=DIRECTION('ref_axis',(-2.7467698153101E-16,1.,0.));
#2703=DIRECTION('',(0.,0.,-1.));
#2704=DIRECTION('center_axis',(0.,0.,1.));
#2705=DIRECTION('ref_axis',(-2.7467698153101E-16,1.,0.));
#2706=DIRECTION('',(0.,0.,-1.));
#2707=DIRECTION('center_axis',(0.,0.,1.));
#2708=DIRECTION('ref_axis',(-2.7467698153101E-16,1.,0.));
#2709=DIRECTION('',(0.,0.,-1.));
#2710=DIRECTION('center_axis',(0.,0.,1.));
#2711=DIRECTION('ref_axis',(-2.7467698153101E-16,1.,0.));
#2712=DIRECTION('',(0.,0.,-1.));
#2713=DIRECTION('center_axis',(0.,0.,1.));
#2714=DIRECTION('ref_axis',(-2.7467698153101E-16,1.,0.));
#2715=DIRECTION('',(0.,0.,-1.));
#2716=DIRECTION('center_axis',(0.,0.,1.));
#2717=DIRECTION('ref_axis',(-2.7467698153101E-16,1.,0.));
#2718=DIRECTION('',(0.,0.,-1.));
#2719=DIRECTION('center_axis',(0.,0.,1.));
#2720=DIRECTION('ref_axis',(-2.7467698153101E-16,1.,0.));
#2721=DIRECTION('',(0.,0.,-1.));
#2722=DIRECTION('center_axis',(0.,0.,1.));
#2723=DIRECTION('ref_axis',(-1.,0.,0.));
#2724=DIRECTION('',(-0.342020143325669,-4.188538737677E-17,-0.939692620785908));
#2725=DIRECTION('center_axis',(-2.63176973895642E-14,-3.10251558268195E-14,
1.));
#2726=DIRECTION('ref_axis',(0.218861663667083,0.975755897843757,3.5879024668662E-14));
#2727=DIRECTION('center_axis',(0.,0.,1.));
#2728=DIRECTION('ref_axis',(-1.,0.,0.));
#2729=DIRECTION('',(-0.342020143325669,-4.188538737677E-17,-0.939692620785908));
#2730=DIRECTION('center_axis',(0.,0.,-1.));
#2731=DIRECTION('ref_axis',(-1.,0.,0.));
#2732=DIRECTION('center_axis',(0.,0.,1.));
#2733=DIRECTION('ref_axis',(1.,0.,0.));
#2734=DIRECTION('',(0.,0.,-1.));
#2735=DIRECTION('center_axis',(0.,0.,1.));
#2736=DIRECTION('ref_axis',(1.,0.,0.));
#2737=DIRECTION('center_axis',(0.,0.,1.));
#2738=DIRECTION('ref_axis',(1.,0.,0.));
#2739=DIRECTION('',(0.,0.,-1.));
#2740=DIRECTION('center_axis',(0.,0.,1.));
#2741=DIRECTION('ref_axis',(1.,0.,0.));
#2742=DIRECTION('',(0.,0.,-1.));
#2743=DIRECTION('center_axis',(0.,0.,1.));
#2744=DIRECTION('ref_axis',(1.,0.,0.));
#2745=DIRECTION('',(0.,0.,-1.));
#2746=DIRECTION('center_axis',(0.,0.,1.));
#2747=DIRECTION('ref_axis',(1.,0.,0.));
#2748=DIRECTION('',(0.,0.,-1.));
#2749=DIRECTION('center_axis',(0.,0.,1.));
#2750=DIRECTION('ref_axis',(1.,0.,0.));
#2751=DIRECTION('',(0.,0.,-1.));
#2752=DIRECTION('center_axis',(0.,0.,1.));
#2753=DIRECTION('ref_axis',(1.,0.,0.));
#2754=DIRECTION('',(0.,0.,-1.));
#2755=DIRECTION('center_axis',(0.,0.,1.));
#2756=DIRECTION('ref_axis',(1.,0.,0.));
#2757=DIRECTION('',(0.,0.,-1.));
#2758=DIRECTION('center_axis',(0.,0.,1.));
#2759=DIRECTION('ref_axis',(1.,0.,0.));
#2760=DIRECTION('',(0.,0.,-1.));
#2761=DIRECTION('center_axis',(0.,0.,1.));
#2762=DIRECTION('ref_axis',(1.,0.,0.));
#2763=DIRECTION('',(0.,0.,-1.));
#2764=DIRECTION('center_axis',(0.,0.,1.));
#2765=DIRECTION('ref_axis',(1.,0.,0.));
#2766=DIRECTION('',(0.,0.,-1.));
#2767=DIRECTION('center_axis',(0.,0.,1.));
#2768=DIRECTION('ref_axis',(1.,0.,0.));
#2769=DIRECTION('',(0.,0.,-1.));
#2770=DIRECTION('center_axis',(0.,0.,1.));
#2771=DIRECTION('ref_axis',(1.,0.,0.));
#2772=DIRECTION('',(0.,0.,-1.));
#2773=DIRECTION('center_axis',(0.,0.,1.));
#2774=DIRECTION('ref_axis',(1.,0.,0.));
#2775=DIRECTION('',(0.,0.,-1.));
#2776=DIRECTION('center_axis',(0.,0.,1.));
#2777=DIRECTION('ref_axis',(1.,0.,0.));
#2778=DIRECTION('',(0.,0.,-1.));
#2779=DIRECTION('center_axis',(0.,0.,1.));
#2780=DIRECTION('ref_axis',(1.,0.,0.));
#2781=DIRECTION('',(0.,0.,-1.));
#2782=DIRECTION('center_axis',(0.,0.,1.));
#2783=DIRECTION('ref_axis',(1.,0.,0.));
#2784=DIRECTION('',(0.,0.,-1.));
#2785=DIRECTION('center_axis',(0.,0.,1.));
#2786=DIRECTION('ref_axis',(1.,0.,0.));
#2787=DIRECTION('',(0.,0.,-1.));
#2788=DIRECTION('center_axis',(0.,0.,1.));
#2789=DIRECTION('ref_axis',(1.,0.,0.));
#2790=DIRECTION('',(0.,0.,-1.));
#2791=DIRECTION('center_axis',(0.,0.,1.));
#2792=DIRECTION('ref_axis',(1.,0.,0.));
#2793=DIRECTION('',(0.,0.,-1.));
#2794=DIRECTION('center_axis',(0.,0.,1.));
#2795=DIRECTION('ref_axis',(1.,0.,0.));
#2796=DIRECTION('',(0.,0.,-1.));
#2797=DIRECTION('center_axis',(0.,0.,1.));
#2798=DIRECTION('ref_axis',(1.,0.,0.));
#2799=DIRECTION('',(0.,0.,-1.));
#2800=DIRECTION('center_axis',(0.,0.,1.));
#2801=DIRECTION('ref_axis',(1.,0.,0.));
#2802=DIRECTION('',(0.,0.,-1.));
#2803=DIRECTION('center_axis',(0.,0.,1.));
#2804=DIRECTION('ref_axis',(1.,0.,0.));
#2805=DIRECTION('',(0.,0.,-1.));
#2806=DIRECTION('center_axis',(0.,0.,1.));
#2807=DIRECTION('ref_axis',(1.,0.,0.));
#2808=DIRECTION('',(0.,0.,-1.));
#2809=DIRECTION('center_axis',(0.,0.,1.));
#2810=DIRECTION('ref_axis',(1.,0.,0.));
#2811=DIRECTION('',(0.,0.,-1.));
#2812=DIRECTION('center_axis',(0.,0.,1.));
#2813=DIRECTION('ref_axis',(1.,0.,0.));
#2814=DIRECTION('',(0.,0.,-1.));
#2815=DIRECTION('center_axis',(0.,0.,1.));
#2816=DIRECTION('ref_axis',(1.,0.,0.));
#2817=DIRECTION('',(0.,0.,-1.));
#2818=DIRECTION('center_axis',(0.,0.,1.));
#2819=DIRECTION('ref_axis',(1.,0.,0.));
#2820=DIRECTION('',(0.,0.,-1.));
#2821=DIRECTION('center_axis',(0.,0.,1.));
#2822=DIRECTION('ref_axis',(1.,0.,0.));
#2823=DIRECTION('',(0.,0.,-1.));
#2824=DIRECTION('center_axis',(0.,0.,1.));
#2825=DIRECTION('ref_axis',(1.,0.,0.));
#2826=DIRECTION('center_axis',(0.,0.,1.));
#2827=DIRECTION('ref_axis',(1.,0.,0.));
#2828=DIRECTION('center_axis',(0.,0.,1.));
#2829=DIRECTION('ref_axis',(1.,0.,0.));
#2830=DIRECTION('',(0.707106781186554,8.65956056235501E-17,-0.707106781186541));
#2831=DIRECTION('center_axis',(0.,0.,1.));
#2832=DIRECTION('ref_axis',(1.,0.,0.));
#2833=DIRECTION('center_axis',(0.,0.,1.));
#2834=DIRECTION('ref_axis',(-1.,0.,0.));
#2835=DIRECTION('center_axis',(0.,0.,-1.));
#2836=DIRECTION('ref_axis',(-1.,0.,0.));
#2837=DIRECTION('center_axis',(0.,0.,-1.));
#2838=DIRECTION('ref_axis',(-1.,0.,0.));
#2839=DIRECTION('',(0.866025403784438,0.500000000000001,0.));
#2840=DIRECTION('',(0.866025403784438,-0.5,0.));
#2841=DIRECTION('',(3.75578649684289E-16,-1.,0.));
#2842=DIRECTION('',(-0.866025403784438,-0.500000000000001,0.));
#2843=DIRECTION('',(-0.866025403784439,0.499999999999999,0.));
#2844=DIRECTION('',(7.5115729936858E-16,1.,0.));
#2845=DIRECTION('center_axis',(0.5,0.866025403784439,0.));
#2846=DIRECTION('ref_axis',(-0.866025403784439,0.5,0.));
#2847=DIRECTION('',(0.,0.,1.));
#2848=DIRECTION('',(0.,0.,1.));
#2849=DIRECTION('center_axis',(1.,3.75578649684289E-16,0.));
#2850=DIRECTION('ref_axis',(-3.75578649684289E-16,1.,0.));
#2851=DIRECTION('',(0.,0.,1.));
#2852=DIRECTION('center_axis',(0.500000000000001,-0.866025403784438,0.));
#2853=DIRECTION('ref_axis',(0.866025403784438,0.500000000000001,0.));
#2854=DIRECTION('',(0.,0.,1.));
#2855=DIRECTION('center_axis',(-0.499999999999999,-0.866025403784439,0.));
#2856=DIRECTION('ref_axis',(0.866025403784439,-0.499999999999999,0.));
#2857=DIRECTION('',(0.,0.,1.));
#2858=DIRECTION('center_axis',(-1.,7.5115729936858E-16,0.));
#2859=DIRECTION('ref_axis',(-7.5115729936858E-16,-1.,0.));
#2860=DIRECTION('',(0.,0.,1.));
#2861=DIRECTION('center_axis',(-0.500000000000001,0.866025403784438,0.));
#2862=DIRECTION('ref_axis',(-0.866025403784438,-0.500000000000001,0.));
#2863=DIRECTION('center_axis',(0.,0.,-1.));
#2864=DIRECTION('ref_axis',(1.,0.,0.));
#2865=DIRECTION('center_axis',(0.,0.,-1.));
#2866=DIRECTION('ref_axis',(-1.,0.,0.));
#2867=DIRECTION('center_axis',(0.,0.,-1.));
#2868=DIRECTION('ref_axis',(1.,0.,0.));
#2869=DIRECTION('center_axis',(0.,0.,-1.));
#2870=DIRECTION('ref_axis',(-1.,0.,0.));
#2871=DIRECTION('center_axis',(0.,0.,-1.));
#2872=DIRECTION('ref_axis',(1.,0.,0.));
#2873=DIRECTION('center_axis',(0.,0.,-1.));
#2874=DIRECTION('ref_axis',(-1.,0.,0.));
#2875=DIRECTION('center_axis',(0.,0.,-1.));
#2876=DIRECTION('ref_axis',(1.,0.,0.));
#2877=DIRECTION('center_axis',(0.,0.,1.));
#2878=DIRECTION('ref_axis',(1.,0.,0.));
#2879=DIRECTION('center_axis',(0.,0.,-1.));
#2880=DIRECTION('ref_axis',(1.,0.,0.));
#2881=DIRECTION('center_axis',(0.,0.,-1.));
#2882=DIRECTION('ref_axis',(-1.,0.,0.));
#2883=DIRECTION('center_axis',(0.,0.,-1.));
#2884=DIRECTION('ref_axis',(1.,0.,0.));
#2885=DIRECTION('center_axis',(0.,0.,-1.));
#2886=DIRECTION('ref_axis',(-1.,0.,0.));
#2887=DIRECTION('center_axis',(0.,0.,-1.));
#2888=DIRECTION('ref_axis',(-1.,0.,0.));
#2889=DIRECTION('center_axis',(0.,0.,1.));
#2890=DIRECTION('ref_axis',(-2.7467698153101E-16,1.,0.));
#2891=DIRECTION('center_axis',(0.,0.,1.));
#2892=DIRECTION('ref_axis',(1.,0.,0.));
#2893=DIRECTION('center_axis',(-0.819152044288992,0.,-0.573576436351046));
#2894=DIRECTION('ref_axis',(-0.573576436351046,0.,0.819152044288992));
#2895=DIRECTION('',(0.573576436351046,0.,-0.819152044288992));
#2896=DIRECTION('',(-0.496731764892154,0.5,0.709406479916222));
#2897=DIRECTION('',(0.,-1.,0.));
#2898=DIRECTION('center_axis',(0.,1.,0.));
#2899=DIRECTION('ref_axis',(0.996194698091746,0.,0.0871557427476581));
#2900=DIRECTION('center_axis',(0.,1.,0.));
#2901=DIRECTION('ref_axis',(0.996194698091746,0.,0.0871557427476581));
#2902=DIRECTION('center_axis',(0.,1.,0.));
#2903=DIRECTION('ref_axis',(0.996194698091746,0.,0.0871557427476581));
#2904=DIRECTION('center_axis',(0.,1.,0.));
#2905=DIRECTION('ref_axis',(0.996194698091746,0.,0.0871557427476581));
#2906=DIRECTION('',(-0.0732171780241427,0.,0.997316020548242));
#2907=DIRECTION('',(-0.900309598408052,0.,0.435250074111806));
#2908=DIRECTION('',(-0.827092420383909,0.,-0.562065946436436));
#2909=DIRECTION('',(0.0732171780241426,0.,-0.997316020548242));
#2910=DIRECTION('',(0.900309598408052,0.,-0.435250074111806));
#2911=DIRECTION('',(0.827092420383909,0.,0.562065946436436));
#2912=DIRECTION('center_axis',(0.,1.,0.));
#2913=DIRECTION('ref_axis',(0.996194698091746,0.,0.0871557427476581));
#2914=DIRECTION('center_axis',(0.,1.,0.));
#2915=DIRECTION('ref_axis',(0.996194698091746,0.,0.0871557427476581));
#2916=DIRECTION('',(0.,1.,0.));
#2917=DIRECTION('center_axis',(0.,1.,0.));
#2918=DIRECTION('ref_axis',(-0.952210403173299,0.,0.305442872053914));
#2919=DIRECTION('center_axis',(0.,1.,0.));
#2920=DIRECTION('ref_axis',(0.996194698091746,0.,0.0871557427476581));
#2921=DIRECTION('center_axis',(0.90630778703665,0.,-0.422618261740699));
#2922=DIRECTION('ref_axis',(-0.422618261740699,0.,-0.90630778703665));
#2923=DIRECTION('',(0.422618261740699,0.,0.90630778703665));
#2924=DIRECTION('',(-0.365998150770667,0.5,-0.784885567221396));
#2925=DIRECTION('',(0.,-1.,0.));
#2926=DIRECTION('center_axis',(-0.0871557427476581,0.,0.996194698091746));
#2927=DIRECTION('ref_axis',(0.996194698091746,0.,0.0871557427476581));
#2928=DIRECTION('',(0.996194698091746,0.,0.0871557427476581));
#2929=DIRECTION('',(0.862729915662821,0.5,0.0754790873051733));
#2930=DIRECTION('center_axis',(0.,1.,0.));
#2931=DIRECTION('ref_axis',(0.996194698091746,0.,0.0871557427476581));
#2932=DIRECTION('center_axis',(0.,1.,0.));
#2933=DIRECTION('ref_axis',(0.996194698091746,0.,0.0871557427476581));
#2934=DIRECTION('center_axis',(-0.562065946436436,0.,0.82709242038391));
#2935=DIRECTION('ref_axis',(0.827092420383909,0.,0.562065946436436));
#2936=DIRECTION('',(0.,-1.,0.));
#2937=DIRECTION('',(-0.827092420383909,0.,-0.562065946436436));
#2938=DIRECTION('',(0.,-1.,0.));
#2939=DIRECTION('center_axis',(0.435250074111806,0.,0.900309598408052));
#2940=DIRECTION('ref_axis',(0.900309598408052,0.,-0.435250074111806));
#2941=DIRECTION('',(0.,-1.,0.));
#2942=DIRECTION('',(-0.900309598408052,0.,0.435250074111806));
#2943=DIRECTION('center_axis',(0.997316020548242,0.,0.0732171780241427));
#2944=DIRECTION('ref_axis',(0.0732171780241427,0.,-0.997316020548242));
#2945=DIRECTION('',(0.,1.,0.));
#2946=DIRECTION('',(-0.0732171780241427,0.,0.997316020548242));
#2947=DIRECTION('center_axis',(0.997316020548242,0.,0.0732171780241427));
#2948=DIRECTION('ref_axis',(0.0732171780241427,0.,-0.997316020548242));
#2949=DIRECTION('',(0.0732171780241427,0.,-0.997316020548242));
#2950=DIRECTION('',(0.,1.,0.));
#2951=DIRECTION('',(-0.0732171780241427,0.,0.997316020548242));
#2952=DIRECTION('',(0.,1.,0.));
#2953=DIRECTION('center_axis',(0.435250074111806,0.,0.900309598408052));
#2954=DIRECTION('ref_axis',(0.900309598408052,0.,-0.435250074111806));
#2955=DIRECTION('',(0.900309598408052,0.,-0.435250074111806));
#2956=DIRECTION('',(0.,1.,0.));
#2957=DIRECTION('',(-0.900309598408052,0.,0.435250074111806));
#2958=DIRECTION('center_axis',(-0.562065946436436,0.,0.82709242038391));
#2959=DIRECTION('ref_axis',(0.827092420383909,0.,0.562065946436436));
#2960=DIRECTION('',(0.827092420383909,0.,0.562065946436436));
#2961=DIRECTION('',(0.,1.,0.));
#2962=DIRECTION('',(-0.827092420383909,0.,-0.562065946436436));
#2963=DIRECTION('center_axis',(-0.997316020548242,0.,-0.0732171780241426));
#2964=DIRECTION('ref_axis',(-0.0732171780241426,0.,0.997316020548242));
#2965=DIRECTION('',(-0.0732171780241426,0.,0.997316020548242));
#2966=DIRECTION('',(0.,1.,0.));
#2967=DIRECTION('',(0.0732171780241426,0.,-0.997316020548242));
#2968=DIRECTION('center_axis',(-0.435250074111806,0.,-0.900309598408052));
#2969=DIRECTION('ref_axis',(-0.900309598408052,0.,0.435250074111806));
#2970=DIRECTION('',(-0.900309598408052,0.,0.435250074111806));
#2971=DIRECTION('',(0.,1.,0.));
#2972=DIRECTION('',(0.900309598408052,0.,-0.435250074111806));
#2973=DIRECTION('center_axis',(0.562065946436436,0.,-0.827092420383909));
#2974=DIRECTION('ref_axis',(-0.827092420383909,0.,-0.562065946436436));
#2975=DIRECTION('',(-0.827092420383909,0.,-0.562065946436436));
#2976=DIRECTION('',(0.827092420383909,0.,0.562065946436436));
#2977=DIRECTION('center_axis',(-0.997316020548242,0.,-0.0732171780241426));
#2978=DIRECTION('ref_axis',(-0.0732171780241426,0.,0.997316020548242));
#2979=DIRECTION('',(0.0732171780241426,0.,-0.997316020548242));
#2980=DIRECTION('',(0.,-1.,0.));
#2981=DIRECTION('center_axis',(-0.435250074111806,0.,-0.900309598408052));
#2982=DIRECTION('ref_axis',(-0.900309598408052,0.,0.435250074111806));
#2983=DIRECTION('',(0.900309598408052,0.,-0.435250074111806));
#2984=DIRECTION('',(0.,-1.,0.));
#2985=DIRECTION('center_axis',(0.562065946436436,0.,-0.827092420383909));
#2986=DIRECTION('ref_axis',(-0.827092420383909,0.,-0.562065946436436));
#2987=DIRECTION('',(0.827092420383909,0.,0.562065946436436));
#2988=DIRECTION('center_axis',(0.,1.,0.));
#2989=DIRECTION('ref_axis',(-0.0871557427476581,0.,0.996194698091746));
#2990=DIRECTION('center_axis',(0.,1.,0.));
#2991=DIRECTION('ref_axis',(0.996194698091746,0.,0.0871557427476581));
#2992=DIRECTION('center_axis',(0.,1.,0.));
#2993=DIRECTION('ref_axis',(0.996194698091746,0.,0.0871557427476581));
#2994=DIRECTION('',(0.,1.,0.));
#2995=DIRECTION('center_axis',(0.,-1.,0.));
#2996=DIRECTION('ref_axis',(0.996194698091746,0.,0.0871557427476581));
#2997=DIRECTION('center_axis',(0.,1.,0.));
#2998=DIRECTION('ref_axis',(0.996194698091746,0.,0.0871557427476581));
#2999=DIRECTION('center_axis',(0.,1.,0.));
#3000=DIRECTION('ref_axis',(0.996194698091746,0.,0.0871557427476581));
#3001=DIRECTION('',(0.819152044288991,-2.49270580068799E-15,0.573576436351046));
#3002=DIRECTION('',(-0.573576436351046,4.10537804736815E-15,0.819152044288992));
#3003=DIRECTION('',(-2.82429232654073E-32,1.,-1.01455213825962E-31));
#3004=DIRECTION('',(0.996194698091744,-6.16297582203915E-32,0.0871557427476581));
#3005=CARTESIAN_POINT('',(0.,0.,0.));
#3006=CARTESIAN_POINT('',(0.,0.,0.));
#3007=CARTESIAN_POINT('Origin',(17.9055534994653,-1.33226762955019E-14,
70.3205024361718));
#3008=CARTESIAN_POINT('',(18.1942286340601,-1.33226762955019E-14,70.1538357695051));
#3009=CARTESIAN_POINT('',(17.3282032302756,-1.33226762955019E-14,70.6538357695051));
#3010=CARTESIAN_POINT('',(14.1527767497327,-8.88178419700125E-15,72.4871691028385));
#3011=CARTESIAN_POINT('',(18.1942286340601,0.577350269189616,70.1538357695051));
#3012=CARTESIAN_POINT('',(18.1942286340601,0.577350269189616,70.1538357695051));
#3013=CARTESIAN_POINT('',(18.1942286340601,5.84999999999999,70.1538357695051));
#3014=CARTESIAN_POINT('Ctrl Pts',(11.9517766225059,6.42735026918962,66.8057793659206));
#3015=CARTESIAN_POINT('Ctrl Pts',(12.9069837853672,5.5091573735911,66.9946500962967));
#3016=CARTESIAN_POINT('Ctrl Pts',(15.055061843542,3.36670728386123,67.8461601111629));
#3017=CARTESIAN_POINT('Ctrl Pts',(16.6790694906659,1.22425719413135,69.5295031515939));
#3018=CARTESIAN_POINT('Ctrl Pts',(17.3282032302756,-1.11022302462516E-14,
70.6538357695051));
#3019=CARTESIAN_POINT('Ctrl Pts',(12.016433981777,6.23490017945974,66.4787770157712));
#3020=CARTESIAN_POINT('Ctrl Pts',(13.0114414430908,5.31670728386122,66.675517359913));
#3021=CARTESIAN_POINT('Ctrl Pts',(15.2490227536896,3.17425719413135,67.5625069587319));
#3022=CARTESIAN_POINT('Ctrl Pts',(16.9406973861103,1.03180710440147,69.3159892925143));
#3023=CARTESIAN_POINT('Ctrl Pts',(17.6168783648705,-0.192450089729887,70.4871691028385));
#3024=CARTESIAN_POINT('Ctrl Pts',(12.081091341048,6.04245008972987,66.1517746656219));
#3025=CARTESIAN_POINT('Ctrl Pts',(13.1158991008144,5.12425719413135,66.3563846235294));
#3026=CARTESIAN_POINT('Ctrl Pts',(15.4429836638372,2.98180710440147,67.278853806301));
#3027=CARTESIAN_POINT('Ctrl Pts',(17.2023252815547,0.839357014671595,69.1024754334347));
#3028=CARTESIAN_POINT('Ctrl Pts',(17.9055534994653,-0.384900179459762,70.3205024361718));
#3029=CARTESIAN_POINT('Ctrl Pts',(12.1457487003191,5.84999999999999,65.8247723154725));
#3030=CARTESIAN_POINT('Ctrl Pts',(13.220356758538,4.93180710440147,66.0372518871457));
#3031=CARTESIAN_POINT('Ctrl Pts',(15.6369445739848,2.7893570146716,66.9952006538701));
#3032=CARTESIAN_POINT('Ctrl Pts',(17.4639531769992,0.64690692494172,68.888961574355));
#3033=CARTESIAN_POINT('Ctrl Pts',(18.1942286340601,-0.577350269189638,70.1538357695051));
#3034=CARTESIAN_POINT('',(12.1457487003191,5.84999999999999,65.8247723154725));
#3035=CARTESIAN_POINT('',(12.5472727073294,5.84999999999999,66.9473956107575));
#3036=CARTESIAN_POINT('Ctrl Pts',(12.1457487003191,5.84999999999999,65.8247723154725));
#3037=CARTESIAN_POINT('Ctrl Pts',(12.2333497288611,5.84999999999999,66.0274606896981));
#3038=CARTESIAN_POINT('Ctrl Pts',(12.3137776532835,5.84999999999999,66.2330778404644));
#3039=CARTESIAN_POINT('Ctrl Pts',(12.3866436947589,5.84999999999999,66.4412980801205));
#3040=CARTESIAN_POINT('Ctrl Pts',(12.4451304027186,5.84999999999999,66.6084282837306));
#3041=CARTESIAN_POINT('Ctrl Pts',(12.4987446551641,5.84999999999999,66.7772349572762));
#3042=CARTESIAN_POINT('Ctrl Pts',(12.547273065481,5.84999999999999,66.9475286312126));
#3043=CARTESIAN_POINT('Ctrl Pts',(12.547273065481,5.84999999999999,66.9475286312126));
#3044=CARTESIAN_POINT('Ctrl Pts',(13.2886663766823,5.12425719413135,67.1543394406249));
#3045=CARTESIAN_POINT('Ctrl Pts',(15.2009417494074,3.17425719413135,67.9973699436486));
#3046=CARTESIAN_POINT('Ctrl Pts',(16.6790694906659,1.22425719413135,69.5295031515939));
#3047=CARTESIAN_POINT('Ctrl Pts',(17.3282032302756,-1.11022302462516E-14,
70.6538357695051));
#3048=CARTESIAN_POINT('',(17.8273578353851,-8.88178419700125E-15,69.571084980302));
#3049=CARTESIAN_POINT('Ctrl Pts',(17.3282032302756,-1.34007488355787E-14,
70.6538357695051));
#3050=CARTESIAN_POINT('Ctrl Pts',(17.4299926133174,-1.35143690034087E-14,
70.4665410178162));
#3051=CARTESIAN_POINT('Ctrl Pts',(17.5249035143081,-1.12908455555691E-14,
70.275772617387));
#3052=CARTESIAN_POINT('Ctrl Pts',(17.6130132424303,-1.0325074129014E-14,
70.0820327318826));
#3053=CARTESIAN_POINT('Ctrl Pts',(17.6894569391041,-9.48717416539664E-15,
69.9139446744482));
#3054=CARTESIAN_POINT('Ctrl Pts',(17.7607818236667,-1.08264187218114E-14,
69.743619015901));
#3055=CARTESIAN_POINT('Ctrl Pts',(17.8270494687043,-1.0547118733939E-14,
69.5713540107041));
#3056=CARTESIAN_POINT('Ctrl Pts',(17.8270494687043,-1.02695629777827E-14,
69.5713540107041));
#3057=CARTESIAN_POINT('Ctrl Pts',(17.1309661278831,1.03180710440147,68.556290434222));
#3058=CARTESIAN_POINT('Ctrl Pts',(16.2255703989063,2.06361420880295,67.6847364421553));
#3059=CARTESIAN_POINT('Ctrl Pts',(15.1834276837803,3.09542131320444,67.0302346950287));
#3060=CARTESIAN_POINT('Ctrl Pts',(14.2560372508723,4.01361420880295,66.447801358599));
#3061=CARTESIAN_POINT('Ctrl Pts',(13.220356758538,4.93180710440147,66.0372518871457));
#3062=CARTESIAN_POINT('Ctrl Pts',(12.1457487003191,5.84999999999999,65.8247723154725));
#3063=CARTESIAN_POINT('Ctrl Pts',(12.8156817957456,6.42735026918962,65.984090590914));
#3064=CARTESIAN_POINT('Ctrl Pts',(15.0566849660003,4.47735026918961,66.6085092388762));
#3065=CARTESIAN_POINT('Ctrl Pts',(17.0310440123196,2.52735026918961,68.1391409060678));
#3066=CARTESIAN_POINT('Ctrl Pts',(18.1942286340601,0.577350269189614,70.1538357695051));
#3067=CARTESIAN_POINT('Ctrl Pts',(12.7262120996069,6.23490017945974,66.3051922641952));
#3068=CARTESIAN_POINT('Ctrl Pts',(14.8842151524448,4.28490017945974,66.9064842955661));
#3069=CARTESIAN_POINT('Ctrl Pts',(16.7854497896411,2.33490017945974,68.3804259010099));
#3070=CARTESIAN_POINT('Ctrl Pts',(17.9055534994653,0.384900179459738,70.3205024361718));
#3071=CARTESIAN_POINT('Ctrl Pts',(12.6367424034682,6.04245008972986,66.6262939374763));
#3072=CARTESIAN_POINT('Ctrl Pts',(14.7117453388892,4.09245008972986,67.2044593522561));
#3073=CARTESIAN_POINT('Ctrl Pts',(16.5398555669626,2.14245008972986,68.621710895952));
#3074=CARTESIAN_POINT('Ctrl Pts',(17.6168783648704,0.192450089729863,70.4871691028385));
#3075=CARTESIAN_POINT('Ctrl Pts',(12.5472727073294,5.84999999999999,66.9473956107575));
#3076=CARTESIAN_POINT('Ctrl Pts',(14.5392755253336,3.89999999999999,67.5024344089461));
#3077=CARTESIAN_POINT('Ctrl Pts',(16.2942613442841,1.94999999999999,68.8629958908941));
#3078=CARTESIAN_POINT('Ctrl Pts',(17.3282032302756,-1.33226762955019E-14,
70.6538357695051));
#3079=CARTESIAN_POINT('',(13.4714729332821,5.84999999999999,66.194163552444));
#3080=CARTESIAN_POINT('Ctrl Pts',(12.5472727073294,5.84999999999999,66.9473956107575));
#3081=CARTESIAN_POINT('Ctrl Pts',(12.7009552124881,5.84999999999999,66.8043188424267));
#3082=CARTESIAN_POINT('Ctrl Pts',(12.8595042481759,5.84999999999999,66.6669344093015));
#3083=CARTESIAN_POINT('Ctrl Pts',(13.0224347044458,5.84999999999999,66.5352831823965));
#3084=CARTESIAN_POINT('Ctrl Pts',(13.1685002281936,5.84999999999999,66.4172591747913));
#3085=CARTESIAN_POINT('Ctrl Pts',(13.3180877053843,5.84999999999999,66.3038421439731));
#3086=CARTESIAN_POINT('Ctrl Pts',(13.470876495702,5.84999999999999,66.1950408599849));
#3087=CARTESIAN_POINT('Ctrl Pts',(13.470876495702,5.84999999999999,66.1950408599849));
#3088=CARTESIAN_POINT('Ctrl Pts',(15.438492263232,4.09245008972986,66.9153473856575));
#3089=CARTESIAN_POINT('Ctrl Pts',(17.1458414404356,2.33490017945974,68.3379758841431));
#3090=CARTESIAN_POINT('Ctrl Pts',(18.1942286340601,0.577350269189615,70.1538357695051));
#3091=CARTESIAN_POINT('Origin',(10.4000000000001,5.84999999999999,74.6538357695051));
#3092=CARTESIAN_POINT('',(1.53797248569477,5.84999999999999,76.2236982907773));
#3093=CARTESIAN_POINT('Origin',(10.4000000000001,5.84999999999999,74.6538357695051));
#3094=CARTESIAN_POINT('',(2.65239069611543,5.84999999999999,76.6474631354788));
#3095=CARTESIAN_POINT('Ctrl Pts',(2.65239069611543,5.84999999999999,76.6474631354788));
#3096=CARTESIAN_POINT('Ctrl Pts',(2.44983109559327,5.84999999999999,76.5853535055655));
#3097=CARTESIAN_POINT('Ctrl Pts',(2.24974322206808,5.84999999999999,76.5160337768429));
#3098=CARTESIAN_POINT('Ctrl Pts',(2.05241567747098,5.84999999999999,76.4398992116202));
#3099=CARTESIAN_POINT('Ctrl Pts',(1.87910387604155,5.84999999999999,76.3730306014789));
#3100=CARTESIAN_POINT('Ctrl Pts',(1.70792036182745,5.84999999999999,76.3009048148902));
#3101=CARTESIAN_POINT('Ctrl Pts',(1.53903047510218,5.84999999999999,76.223776167103));
#3102=CARTESIAN_POINT('',(1.8809324070236,5.84999999999999,77.5565047734215));
#3103=CARTESIAN_POINT('Ctrl Pts',(1.8809324070236,5.84999999999999,77.5565047734216));
#3104=CARTESIAN_POINT('Ctrl Pts',(1.90576675499746,5.84999999999999,77.523097234267));
#3105=CARTESIAN_POINT('Ctrl Pts',(1.93082466754878,5.84999999999999,77.4898504645661));
#3106=CARTESIAN_POINT('Ctrl Pts',(1.95610577960832,5.84999999999999,77.4567681311714));
#3107=CARTESIAN_POINT('Ctrl Pts',(1.97978122004771,5.84999999999999,77.4257869460068));
#3108=CARTESIAN_POINT('Ctrl Pts',(2.00365461370317,5.84999999999999,77.3949472128394));
#3109=CARTESIAN_POINT('Ctrl Pts',(2.02771427796996,5.84999999999999,77.364266311401));
#3110=CARTESIAN_POINT('Ctrl Pts',(2.16479073281753,5.84999999999999,77.1894663161028));
#3111=CARTESIAN_POINT('Ctrl Pts',(2.30799709032463,5.84999999999999,77.0197102401821));
#3112=CARTESIAN_POINT('Ctrl Pts',(2.45722460898164,5.84999999999999,76.8555130729545));
#3113=CARTESIAN_POINT('Ctrl Pts',(2.52121482522212,5.84999999999999,76.7851037253253));
#3114=CARTESIAN_POINT('Ctrl Pts',(2.58631189192869,5.84999999999999,76.7157170938463));
#3115=CARTESIAN_POINT('Ctrl Pts',(2.65250567176897,5.84999999999999,76.6473963128416));
#3116=CARTESIAN_POINT('',(16.1905545810235,5.84999999999999,81.5436454652942));
#3117=CARTESIAN_POINT('Origin',(10.4000000000001,5.84999999999999,74.6538357695051));
#3118=CARTESIAN_POINT('',(16.0003365965555,5.84999999999999,80.3666485622791));
#3119=CARTESIAN_POINT('Ctrl Pts',(16.1900930291963,5.84999999999999,81.5426902814276));
#3120=CARTESIAN_POINT('Ctrl Pts',(16.1785633235446,5.84999999999999,81.4219506115764));
#3121=CARTESIAN_POINT('Ctrl Pts',(16.1646949543191,5.84999999999999,81.3014275590844));
#3122=CARTESIAN_POINT('Ctrl Pts',(16.1484493297615,5.84999999999999,81.1811967160797));
#3123=CARTESIAN_POINT('Ctrl Pts',(16.1381104751343,5.84999999999999,81.1046807777046));
#3124=CARTESIAN_POINT('Ctrl Pts',(16.1268087999008,5.84999999999999,81.0282832902519));
#3125=CARTESIAN_POINT('Ctrl Pts',(16.1145344709918,5.84999999999999,80.9520248530807));
#3126=CARTESIAN_POINT('Ctrl Pts',(16.1031973902376,5.84999999999999,80.8815893883954));
#3127=CARTESIAN_POINT('Ctrl Pts',(16.0910320610003,5.84999999999999,80.8112821511867));
#3128=CARTESIAN_POINT('Ctrl Pts',(16.078031684049,5.84999999999999,80.7411207277542));
#3129=CARTESIAN_POINT('Ctrl Pts',(16.0548107259293,5.84999999999999,80.6158000942638));
#3130=CARTESIAN_POINT('Ctrl Pts',(16.0289253358027,5.84999999999999,80.4909430557588));
#3131=CARTESIAN_POINT('Ctrl Pts',(16.0003365965555,5.84999999999999,80.3666485622791));
#3132=CARTESIAN_POINT('',(17.1733188926577,5.84999999999999,80.5802302196214));
#3133=CARTESIAN_POINT('Ctrl Pts',(16.0002207487611,5.84999999999999,80.3665814448019));
#3134=CARTESIAN_POINT('Ctrl Pts',(16.1311531417866,5.84999999999999,80.3994551980959));
#3135=CARTESIAN_POINT('Ctrl Pts',(16.2628170768014,5.84999999999999,80.4293372276856));
#3136=CARTESIAN_POINT('Ctrl Pts',(16.3950880394435,5.84999999999999,80.4562666292525));
#3137=CARTESIAN_POINT('Ctrl Pts',(16.4602785511404,5.84999999999999,80.4695389411248));
#3138=CARTESIAN_POINT('Ctrl Pts',(16.5256177937547,5.84999999999999,80.4820942661622));
#3139=CARTESIAN_POINT('Ctrl Pts',(16.5910878787843,5.84999999999999,80.4939367063204));
#3140=CARTESIAN_POINT('Ctrl Pts',(16.7842036815503,5.84999999999999,80.5288681156323));
#3141=CARTESIAN_POINT('Ctrl Pts',(16.9783988305427,5.84999999999999,80.5575868323566));
#3142=CARTESIAN_POINT('Ctrl Pts',(17.1733188926577,5.84999999999999,80.5802302196214));
#3143=CARTESIAN_POINT('Origin',(10.4000000000001,5.84999999999999,74.6538357695051));
#3144=CARTESIAN_POINT('',(10.4000000000001,5.84999999999999,81.5935860051644));
#3145=CARTESIAN_POINT('',(4.39000000000012,5.84999999999999,78.1237108873348));
#3146=CARTESIAN_POINT('',(8.89750000000012,5.84999999999999,80.726117225707));
#3147=CARTESIAN_POINT('',(4.39000000000012,5.84999999999999,71.1839606516755));
#3148=CARTESIAN_POINT('',(4.39000000000012,5.84999999999999,76.38877332842));
#3149=CARTESIAN_POINT('',(10.4000000000001,5.84999999999999,67.7140855338458));
#3150=CARTESIAN_POINT('',(5.89250000000012,5.84999999999999,70.3164918722181));
#3151=CARTESIAN_POINT('',(16.4100000000001,5.84999999999999,71.1839606516755));
#3152=CARTESIAN_POINT('',(11.9025000000001,5.84999999999999,68.5815543133032));
#3153=CARTESIAN_POINT('',(16.4100000000001,5.84999999999999,78.1237108873348));
#3154=CARTESIAN_POINT('',(16.4100000000001,5.84999999999999,72.9188982105903));
#3155=CARTESIAN_POINT('',(14.9075000000001,5.84999999999999,78.9911796667922));
#3156=CARTESIAN_POINT('Origin',(10.4000000000001,5.84999999999999,74.6538357695051));
#3157=CARTESIAN_POINT('',(2.60577136594017,-1.33226762955019E-14,70.1538357695052));
#3158=CARTESIAN_POINT('Origin',(10.4000000000001,-1.33226762955019E-14,
74.6538357695051));
#3159=CARTESIAN_POINT('',(2.60577136594017,0.577350269189616,70.1538357695052));
#3160=CARTESIAN_POINT('',(2.60577136594017,5.84999999999999,70.1538357695051));
#3161=CARTESIAN_POINT('Ctrl Pts',(1.53903047510218,5.84999999999999,76.223776167103));
#3162=CARTESIAN_POINT('Ctrl Pts',(1.1790263410813,4.09245008972986,74.1596176646988));
#3163=CARTESIAN_POINT('Ctrl Pts',(1.55738417231575,2.33490017945974,71.9696956548672));
#3164=CARTESIAN_POINT('Ctrl Pts',(2.60577136594018,0.577350269189614,70.1538357695051));
#3165=CARTESIAN_POINT('Origin',(10.4000000000001,5.84999999999999,74.6538357695051));
#3166=CARTESIAN_POINT('',(11.088112386863,-1.33226762955019E-14,83.6274917325475));
#3167=CARTESIAN_POINT('Ctrl Pts',(17.1733188926577,5.84999999999999,80.5802302196214));
#3168=CARTESIAN_POINT('Ctrl Pts',(16.452002156694,4.93180710440147,81.4046283113139));
#3169=CARTESIAN_POINT('Ctrl Pts',(14.5971493247433,2.98180710440147,82.8734935969989));
#3170=CARTESIAN_POINT('Ctrl Pts',(12.3151443395874,1.03180710440147,83.5317926625062));
#3171=CARTESIAN_POINT('Ctrl Pts',(11.0880331788415,-7.91033905045424E-15,
83.6270893743596));
#3172=CARTESIAN_POINT('Origin',(10.4000000000001,-1.33226762955019E-14,
74.6538357695051));
#3173=CARTESIAN_POINT('Origin',(2.89444650053499,-1.33226762955019E-14,
70.3205024361718));
#3174=CARTESIAN_POINT('',(3.47179676972461,-1.33226762955019E-14,70.6538357695052));
#3175=CARTESIAN_POINT('',(6.64722325026755,-8.88178419700125E-15,72.4871691028385));
#3176=CARTESIAN_POINT('',(2.60577136594017,0.577350269189616,70.1538357695052));
#3177=CARTESIAN_POINT('Ctrl Pts',(2.82749547290988,6.42735026918962,77.2339859952086));
#3178=CARTESIAN_POINT('Ctrl Pts',(2.51345874201631,5.5091573735911,76.3123169611058));
#3179=CARTESIAN_POINT('Ctrl Pts',(2.17684811482436,3.36670728386122,74.026271740384));
#3180=CARTESIAN_POINT('Ctrl Pts',(2.82266303011492,1.22425719413135,71.7781683874164));
#3181=CARTESIAN_POINT('Ctrl Pts',(3.47179676972462,-1.11022302462516E-14,
70.6538357695052));
#3182=CARTESIAN_POINT('Ctrl Pts',(2.51197445094779,6.23490017945974,77.3414922546129));
#3183=CARTESIAN_POINT('Ctrl Pts',(2.18485285626698,5.31670728386122,76.3814203440892));
#3184=CARTESIAN_POINT('Ctrl Pts',(1.83421678627537,3.17425719413135,74.0001232391706));
#3185=CARTESIAN_POINT('Ctrl Pts',(2.5069406563697,1.03180710440147,71.6583489131626));
#3186=CARTESIAN_POINT('Ctrl Pts',(3.18312163512981,-0.192450089729887,70.4871691028385));
#3187=CARTESIAN_POINT('Ctrl Pts',(2.1964534289857,6.04245008972986,77.4489985140172));
#3188=CARTESIAN_POINT('Ctrl Pts',(1.85624697051766,5.12425719413135,76.4505237270726));
#3189=CARTESIAN_POINT('Ctrl Pts',(1.49158545772638,2.98180710440147,73.9739747379572));
#3190=CARTESIAN_POINT('Ctrl Pts',(2.19121828262448,0.839357014671597,71.5385294389089));
#3191=CARTESIAN_POINT('Ctrl Pts',(2.894446500535,-0.384900179459761,70.3205024361718));
#3192=CARTESIAN_POINT('Ctrl Pts',(1.8809324070236,5.84999999999999,77.5565047734216));
#3193=CARTESIAN_POINT('Ctrl Pts',(1.52764108476833,4.93180710440147,76.5196271100559));
#3194=CARTESIAN_POINT('Ctrl Pts',(1.14895412917738,2.7893570146716,73.9478262367439));
#3195=CARTESIAN_POINT('Ctrl Pts',(1.87549590887926,0.646906924941721,71.4187099646552));
#3196=CARTESIAN_POINT('Ctrl Pts',(2.60577136594018,-0.577350269189636,70.1538357695051));
#3197=CARTESIAN_POINT('Ctrl Pts',(2.65250567176897,5.84999999999999,76.6473963128417));
#3198=CARTESIAN_POINT('Ctrl Pts',(2.46091232767802,5.12425719413135,75.9019254612246));
#3199=CARTESIAN_POINT('Ctrl Pts',(2.23485979920027,3.17425719413135,73.8243311238559));
#3200=CARTESIAN_POINT('Ctrl Pts',(2.82266303011492,1.22425719413135,71.7781683874164));
#3201=CARTESIAN_POINT('Ctrl Pts',(3.47179676972462,-1.11022302462516E-14,
70.6538357695052));
#3202=CARTESIAN_POINT('',(2.28452977775227,-1.33226762955019E-14,70.762930595666));
#3203=CARTESIAN_POINT('Ctrl Pts',(3.47179676972462,-1.3605313851191E-14,
70.6538357695052));
#3204=CARTESIAN_POINT('Ctrl Pts',(3.25854165171637,-1.40980209993741E-14,
70.6593350388538));
#3205=CARTESIAN_POINT('Ctrl Pts',(3.04571235110543,-1.24073147144143E-14,
70.6725396675672));
#3206=CARTESIAN_POINT('Ctrl Pts',(2.83370587652507,-1.19904086659517E-14,
70.6931321552423));
#3207=CARTESIAN_POINT('Ctrl Pts',(2.65008442771596,-1.16293211435658E-14,
70.7109675653588));
#3208=CARTESIAN_POINT('Ctrl Pts',(2.46707914802992,-1.06658794002675E-14,
70.7343449188773));
#3209=CARTESIAN_POINT('Ctrl Pts',(2.28491691007198,-1.04360964314765E-14,
70.7630631319151));
#3210=CARTESIAN_POINT('Ctrl Pts',(2.28491691007197,-1.06858966120171E-14,
70.7630631319151));
#3211=CARTESIAN_POINT('Ctrl Pts',(1.75388760894571,1.03180710440147,71.8734207699995));
#3212=CARTESIAN_POINT('Ctrl Pts',(1.45179717438061,2.06361420880295,73.0932934475384));
#3213=CARTESIAN_POINT('Ctrl Pts',(1.40605346196865,3.09542131320443,74.3230663902989));
#3214=CARTESIAN_POINT('Ctrl Pts',(1.36534667522935,4.01361420880295,75.4174267357793));
#3215=CARTESIAN_POINT('Ctrl Pts',(1.52764108476833,4.93180710440147,76.5196271100559));
#3216=CARTESIAN_POINT('Ctrl Pts',(1.8809324070236,5.84999999999999,77.5565047734216));
#3217=CARTESIAN_POINT('Ctrl Pts',(1.68393953312984,6.42735026918962,76.8966665562255));
#3218=CARTESIAN_POINT('Ctrl Pts',(1.10420035973443,4.47735026918962,74.6436915568424));
#3219=CARTESIAN_POINT('Ctrl Pts',(1.44258674419966,2.52735026918961,72.1685306329425));
#3220=CARTESIAN_POINT('Ctrl Pts',(2.60577136594018,0.577350269189614,70.1538357695051));
#3221=CARTESIAN_POINT('Ctrl Pts',(2.00675658745837,6.23490017945974,76.8135987493099));
#3222=CARTESIAN_POINT('Ctrl Pts',(1.44848923529983,4.28490017945974,74.6440672684225));
#3223=CARTESIAN_POINT('Ctrl Pts',(1.77434279071079,2.33490017945974,72.2605789713337));
#3224=CARTESIAN_POINT('Ctrl Pts',(2.894446500535,0.384900179459738,70.3205024361718));
#3225=CARTESIAN_POINT('Ctrl Pts',(2.3295736417869,6.04245008972986,76.7305309423944));
#3226=CARTESIAN_POINT('Ctrl Pts',(1.79277811086522,4.09245008972986,74.6444429800026));
#3227=CARTESIAN_POINT('Ctrl Pts',(2.10609883722192,2.14245008972986,72.3526273097249));
#3228=CARTESIAN_POINT('Ctrl Pts',(3.18312163512981,0.192450089729862,70.4871691028385));
#3229=CARTESIAN_POINT('Ctrl Pts',(2.65239069611543,5.84999999999999,76.6474631354788));
#3230=CARTESIAN_POINT('Ctrl Pts',(2.13706698643062,3.89999999999999,74.6448186915827));
#3231=CARTESIAN_POINT('Ctrl Pts',(2.43785488373305,1.94999999999999,72.4446756481161));
#3232=CARTESIAN_POINT('Ctrl Pts',(3.47179676972463,-1.33226762955019E-14,
70.6538357695052));
#3233=CARTESIAN_POINT('Origin',(10.4000000000001,5.84999999999999,74.6538357695051));
#3234=CARTESIAN_POINT('',(10.4000000000001,-1.33226762955019E-14,83.6538357695052));
#3235=CARTESIAN_POINT('Origin',(10.4000000000001,-1.33226762955019E-14,
74.6538357695051));
#3236=CARTESIAN_POINT('',(10.4000000000001,0.577350269189614,83.6538357695051));
#3237=CARTESIAN_POINT('',(10.4000000000001,5.84999999999999,83.6538357695051));
#3238=CARTESIAN_POINT('Ctrl Pts',(10.4000000000001,0.577350269189614,83.6538357695051));
#3239=CARTESIAN_POINT('Ctrl Pts',(12.496774387249,2.33490017945974,83.6538357695051));
#3240=CARTESIAN_POINT('Ctrl Pts',(14.5824813956871,4.09245008972986,82.8865422581592));
#3241=CARTESIAN_POINT('Ctrl Pts',(16.1900930291963,5.84999999999999,81.5426902814276));
#3242=CARTESIAN_POINT('Origin',(10.4000000000001,-1.33226762955019E-14,
83.3205024361718));
#3243=CARTESIAN_POINT('',(10.4000000000001,-1.33226762955019E-14,82.6538357695051));
#3244=CARTESIAN_POINT('',(10.4000000000001,-1.33226762955019E-14,78.9871691028385));
#3245=CARTESIAN_POINT('',(10.4000000000001,0.577350269189614,83.6538357695051));
#3246=CARTESIAN_POINT('Ctrl Pts',(16.4207279045846,6.42735026918962,79.9217419473862));
#3247=CARTESIAN_POINT('Ctrl Pts',(15.7795574726169,5.5091573735911,80.6545402511129));
#3248=CARTESIAN_POINT('Ctrl Pts',(13.9680795848683,3.36670728386122,82.0890567471207));
#3249=CARTESIAN_POINT('Ctrl Pts',(11.6982674792196,1.22425719413135,82.6538357695051));
#3250=CARTESIAN_POINT('Ctrl Pts',(10.4000000000001,-1.11022302462516E-14,
82.6538357695051));
#3251=CARTESIAN_POINT('Ctrl Pts',(16.6715915672756,6.23490017945974,80.1412380381313));
#3252=CARTESIAN_POINT('Ctrl Pts',(16.0037057006426,5.31670728386122,80.9045696045132));
#3253=CARTESIAN_POINT('Ctrl Pts',(14.1167495675712,3.17425719413135,82.398857621188));
#3254=CARTESIAN_POINT('Ctrl Pts',(11.7523619575204,1.03180710440147,82.9871691028385));
#3255=CARTESIAN_POINT('Ctrl Pts',(10.4000000000001,-0.192450089729886,82.9871691028385));
#3256=CARTESIAN_POINT('Ctrl Pts',(16.9224552299667,6.04245008972986,80.3607341288763));
#3257=CARTESIAN_POINT('Ctrl Pts',(16.2278539286683,5.12425719413135,81.1545989579135));
#3258=CARTESIAN_POINT('Ctrl Pts',(14.265419550274,2.98180710440147,82.7086584952553));
#3259=CARTESIAN_POINT('Ctrl Pts',(11.8064564358212,0.839357014671595,83.3205024361718));
#3260=CARTESIAN_POINT('Ctrl Pts',(10.4000000000001,-0.384900179459761,83.3205024361718));
#3261=CARTESIAN_POINT('Ctrl Pts',(17.1733188926577,5.84999999999999,80.5802302196214));
#3262=CARTESIAN_POINT('Ctrl Pts',(16.452002156694,4.93180710440147,81.4046283113139));
#3263=CARTESIAN_POINT('Ctrl Pts',(14.4140895329768,2.7893570146716,83.0184593693226));
#3264=CARTESIAN_POINT('Ctrl Pts',(11.860550914122,0.646906924941721,83.6538357695051));
#3265=CARTESIAN_POINT('Ctrl Pts',(10.4000000000001,-0.577350269189636,83.6538357695051));
#3266=CARTESIAN_POINT('Ctrl Pts',(16.0002207487611,5.84999999999999,80.3665814448019));
#3267=CARTESIAN_POINT('Ctrl Pts',(15.4504195857874,5.12425719413134,80.9052393472991));
#3268=CARTESIAN_POINT('Ctrl Pts',(13.7641889339281,3.17425719413135,82.1397892118145));
#3269=CARTESIAN_POINT('Ctrl Pts',(11.6982674792196,1.22425719413135,82.6538357695051));
#3270=CARTESIAN_POINT('Ctrl Pts',(10.4000000000001,-1.11022302462516E-14,
82.6538357695051));
#3271=CARTESIAN_POINT('Ctrl Pts',(11.0880331788415,-1.12132525487141E-14,
83.6270893743596));
#3272=CARTESIAN_POINT('Ctrl Pts',(11.0104944151305,-1.17721468604148E-14,
83.5311969773304));
#3273=CARTESIAN_POINT('Ctrl Pts',(10.9348421971485,-1.18294828803374E-14,
83.4337920929072));
#3274=CARTESIAN_POINT('Ctrl Pts',(10.8611614675714,-9.71445146547012E-15,
83.3349043419488));
#3275=CARTESIAN_POINT('Ctrl Pts',(10.818987896207,-8.50384417609243E-15,
83.2783027088483));
#3276=CARTESIAN_POINT('Ctrl Pts',(10.7774602909618,-8.23635218897054E-15,
83.2212153276041));
#3277=CARTESIAN_POINT('Ctrl Pts',(10.7365950851107,-8.10462807976364E-15,
83.1636483681467));
#3278=CARTESIAN_POINT('Ctrl Pts',(10.6929556209692,-7.96396148037713E-15,
83.1021733012615));
#3279=CARTESIAN_POINT('Ctrl Pts',(10.6500763029104,-1.30152301646587E-14,
83.0401579557567));
#3280=CARTESIAN_POINT('Ctrl Pts',(10.6079796858667,-1.17961196366423E-14,
82.9776148711336));
#3281=CARTESIAN_POINT('Ctrl Pts',(10.5363574062619,-9.72195118229787E-15,
82.8712054109727));
#3282=CARTESIAN_POINT('Ctrl Pts',(10.4669977862667,-1.05327792067433E-14,
82.7632640479181));
#3283=CARTESIAN_POINT('Ctrl Pts',(10.4000000000001,-1.06581410364015E-14,
82.6538357695051));
#3284=CARTESIAN_POINT('Ctrl Pts',(16.700378671125,6.42735026918961,81.0807501613759));
#3285=CARTESIAN_POINT('Ctrl Pts',(15.0391146742657,4.47735026918961,82.7093065127969));
#3286=CARTESIAN_POINT('Ctrl Pts',(12.7263692434812,2.52735026918961,83.6538357695051));
#3287=CARTESIAN_POINT('Ctrl Pts',(10.4000000000001,0.577350269189614,83.6538357695051));
#3288=CARTESIAN_POINT('Ctrl Pts',(16.4670313129352,6.23490017945974,80.8427162950103));
#3289=CARTESIAN_POINT('Ctrl Pts',(14.8672956122558,4.28490017945974,82.4109557445268));
#3290=CARTESIAN_POINT('Ctrl Pts',(12.6402074196486,2.33490017945974,83.3205024361718));
#3291=CARTESIAN_POINT('Ctrl Pts',(10.4000000000001,0.384900179459738,83.3205024361718));
#3292=CARTESIAN_POINT('Ctrl Pts',(16.2336839547453,6.04245008972986,80.6046824286447));
#3293=CARTESIAN_POINT('Ctrl Pts',(14.695476550246,4.09245008972986,82.1126049762567));
#3294=CARTESIAN_POINT('Ctrl Pts',(12.5540455958159,2.14245008972986,82.9871691028385));
#3295=CARTESIAN_POINT('Ctrl Pts',(10.4000000000001,0.192450089729864,82.9871691028385));
#3296=CARTESIAN_POINT('Ctrl Pts',(16.0003365965555,5.84999999999999,80.3666485622791));
#3297=CARTESIAN_POINT('Ctrl Pts',(14.5236574882361,3.89999999999999,81.8142542079867));
#3298=CARTESIAN_POINT('Ctrl Pts',(12.4678837719833,1.94999999999999,82.6538357695051));
#3299=CARTESIAN_POINT('Ctrl Pts',(10.4000000000001,-1.11022302462516E-14,
82.6538357695051));
#3300=CARTESIAN_POINT('Origin',(10.4000000000001,-1.33226762955019E-14,
74.6538357695051));
#3301=CARTESIAN_POINT('Origin',(10.4000000000001,5.84999999999999,67.7140855338458));
#3302=CARTESIAN_POINT('',(10.4000000000001,1.64999999999999,67.7140855338458));
#3303=CARTESIAN_POINT('',(10.4000000000001,5.84999999999999,67.7140855338458));
#3304=CARTESIAN_POINT('',(16.4100000000001,1.64999999999999,71.1839606516755));
#3305=CARTESIAN_POINT('',(16.4100000000001,1.64999999999999,71.1839606516755));
#3306=CARTESIAN_POINT('',(16.4100000000001,5.84999999999999,71.1839606516755));
#3307=CARTESIAN_POINT('Origin',(4.39000000000012,5.84999999999999,71.1839606516755));
#3308=CARTESIAN_POINT('',(4.39000000000012,1.64999999999999,71.1839606516755));
#3309=CARTESIAN_POINT('',(4.39000000000012,5.84999999999999,71.1839606516755));
#3310=CARTESIAN_POINT('',(10.4000000000001,1.64999999999999,67.7140855338458));
#3311=CARTESIAN_POINT('Origin',(4.39000000000012,5.84999999999999,78.1237108873348));
#3312=CARTESIAN_POINT('',(4.39000000000012,1.64999999999999,78.1237108873348));
#3313=CARTESIAN_POINT('',(4.39000000000012,5.84999999999999,78.1237108873348));
#3314=CARTESIAN_POINT('',(4.39000000000012,1.64999999999999,71.1839606516755));
#3315=CARTESIAN_POINT('Origin',(10.4000000000001,5.84999999999999,81.5935860051644));
#3316=CARTESIAN_POINT('',(10.4000000000001,1.64999999999999,81.5935860051644));
#3317=CARTESIAN_POINT('',(10.4000000000001,5.84999999999999,81.5935860051644));
#3318=CARTESIAN_POINT('',(4.39000000000012,1.64999999999999,78.1237108873348));
#3319=CARTESIAN_POINT('Origin',(16.4100000000001,5.84999999999999,78.1237108873348));
#3320=CARTESIAN_POINT('',(16.4100000000001,1.64999999999999,78.1237108873348));
#3321=CARTESIAN_POINT('',(16.4100000000001,5.84999999999999,78.1237108873348));
#3322=CARTESIAN_POINT('',(10.4000000000001,1.64999999999999,81.5935860051644));
#3323=CARTESIAN_POINT('Origin',(16.4100000000001,5.84999999999999,71.1839606516755));
#3324=CARTESIAN_POINT('',(16.4100000000001,1.64999999999999,78.1237108873348));
#3325=CARTESIAN_POINT('Origin',(10.4000000000001,1.64999999999999,74.6538357695051));
#3326=CARTESIAN_POINT('',(0.,0.,0.));
#3327=CARTESIAN_POINT('Origin',(5.43966107523098E-16,2.77555756156289E-16,
-14.6));
#3328=CARTESIAN_POINT('',(5.43966107523099E-16,-1.98038475772928,-14.15));
#3329=CARTESIAN_POINT('',(1.33045940050953E-15,-1.98038475772928,-14.1696152422716));
#3330=CARTESIAN_POINT('',(1.33045940050953E-15,-1.98038475772928,-14.6));
#3331=CARTESIAN_POINT('',(-0.311591410675307,-1.95571843102217,-14.1696152422716));
#3332=CARTESIAN_POINT('Ctrl Pts',(-0.311591410675307,-1.95571843102217,
-14.1696152422716));
#3333=CARTESIAN_POINT('Ctrl Pts',(-0.156772028259879,-1.98038475772928,
-14.1595557480774));
#3334=CARTESIAN_POINT('Ctrl Pts',(-2.42527185463337E-16,-1.98038475772928,
-14.15));
#3335=CARTESIAN_POINT('Origin',(1.29340982368831E-12,-2.82385226313409E-12,
-14.1696152422738));
#3336=CARTESIAN_POINT('Origin',(5.43966107523098E-16,2.77555756156289E-16,
-14.6));
#3337=CARTESIAN_POINT('',(5.43966107523099E-16,-1.98038475772928,-13.35));
#3338=CARTESIAN_POINT('',(5.43966107523099E-16,-1.98038475772928,-13.45));
#3339=CARTESIAN_POINT('',(1.33045940050953E-15,-1.98038475772928,-14.6));
#3340=CARTESIAN_POINT('Ctrl Pts',(-2.42527185463337E-16,-1.98038475772928,
-14.15));
#3341=CARTESIAN_POINT('Ctrl Pts',(0.820302225368424,-1.98038475772928,-14.1));
#3342=CARTESIAN_POINT('Ctrl Pts',(1.40034349154885,-1.40034349154885,-14.05));
#3343=CARTESIAN_POINT('Ctrl Pts',(1.98038475772928,-0.820302225368425,-14.));
#3344=CARTESIAN_POINT('Ctrl Pts',(1.98038475772928,-3.63790778195005E-16,
-13.95));
#3345=CARTESIAN_POINT('Ctrl Pts',(1.98038475772928,0.820302225368425,-13.9));
#3346=CARTESIAN_POINT('Ctrl Pts',(1.40034349154885,1.40034349154885,-13.85));
#3347=CARTESIAN_POINT('Ctrl Pts',(0.820302225368425,1.98038475772928,-13.8));
#3348=CARTESIAN_POINT('Ctrl Pts',(0.,1.98038475772928,-13.75));
#3349=CARTESIAN_POINT('Ctrl Pts',(-0.820302225368424,1.98038475772928,-13.7));
#3350=CARTESIAN_POINT('Ctrl Pts',(-1.40034349154885,1.40034349154885,-13.65));
#3351=CARTESIAN_POINT('Ctrl Pts',(-1.98038475772928,0.820302225368424,-13.6));
#3352=CARTESIAN_POINT('Ctrl Pts',(-1.98038475772928,1.21263592731668E-16,
-13.55));
#3353=CARTESIAN_POINT('Ctrl Pts',(-1.98038475772928,-0.820302225368424,
-13.5));
#3354=CARTESIAN_POINT('Ctrl Pts',(-1.40034349154885,-1.40034349154885,-13.45));
#3355=CARTESIAN_POINT('Ctrl Pts',(-0.820302225368424,-1.98038475772928,
-13.4));
#3356=CARTESIAN_POINT('Ctrl Pts',(-2.42527185463337E-16,-1.98038475772928,
-13.35));
#3357=CARTESIAN_POINT('',(1.16257336523117,-1.60323016410668,-14.1696152422707));
#3358=CARTESIAN_POINT('Origin',(1.29340982368831E-12,-2.82385226313409E-12,
-14.1696152422738));
#3359=CARTESIAN_POINT('Ctrl Pts',(1.16257336523117,-1.60323016410668,-14.1696152422707));
#3360=CARTESIAN_POINT('Ctrl Pts',(1.28948892727114,-1.51119805582656,-14.159555748077));
#3361=CARTESIAN_POINT('Ctrl Pts',(1.40034349154885,-1.40034349154885,-14.15));
#3362=CARTESIAN_POINT('Ctrl Pts',(1.98038475772928,-0.820302225368425,-14.1));
#3363=CARTESIAN_POINT('Ctrl Pts',(1.98038475772928,-3.63790778195005E-16,
-14.05));
#3364=CARTESIAN_POINT('Ctrl Pts',(1.98038475772928,0.820302225368425,-14.));
#3365=CARTESIAN_POINT('Ctrl Pts',(1.40034349154885,1.40034349154885,-13.95));
#3366=CARTESIAN_POINT('Ctrl Pts',(0.820302225368425,1.98038475772928,-13.9));
#3367=CARTESIAN_POINT('Ctrl Pts',(0.,1.98038475772928,-13.85));
#3368=CARTESIAN_POINT('Ctrl Pts',(-0.820302225368424,1.98038475772928,-13.8));
#3369=CARTESIAN_POINT('Ctrl Pts',(-1.40034349154885,1.40034349154885,-13.75));
#3370=CARTESIAN_POINT('Ctrl Pts',(-1.98038475772928,0.820302225368424,-13.7));
#3371=CARTESIAN_POINT('Ctrl Pts',(-1.98038475772928,1.21263592731668E-16,
-13.65));
#3372=CARTESIAN_POINT('Ctrl Pts',(-1.98038475772928,-0.820302225368424,
-13.6));
#3373=CARTESIAN_POINT('Ctrl Pts',(-1.40034349154885,-1.40034349154885,-13.55));
#3374=CARTESIAN_POINT('Ctrl Pts',(-0.820302225368424,-1.98038475772928,
-13.5));
#3375=CARTESIAN_POINT('Ctrl Pts',(-2.42527185463337E-16,-1.98038475772928,
-13.45));
#3376=CARTESIAN_POINT('Origin',(5.43966107523098E-16,2.77555756156289E-16,
-14.6));
#3377=CARTESIAN_POINT('',(5.43966107523099E-16,-1.98038475772928,-12.55));
#3378=CARTESIAN_POINT('',(5.43966107523099E-16,-1.98038475772928,-12.65));
#3379=CARTESIAN_POINT('',(1.33045940050953E-15,-1.98038475772928,-14.6));
#3380=CARTESIAN_POINT('Ctrl Pts',(-2.42527185463337E-16,-1.98038475772928,
-13.35));
#3381=CARTESIAN_POINT('Ctrl Pts',(0.820302225368424,-1.98038475772928,-13.3));
#3382=CARTESIAN_POINT('Ctrl Pts',(1.40034349154885,-1.40034349154885,-13.25));
#3383=CARTESIAN_POINT('Ctrl Pts',(1.98038475772928,-0.820302225368425,-13.2));
#3384=CARTESIAN_POINT('Ctrl Pts',(1.98038475772928,-3.63790778195005E-16,
-13.15));
#3385=CARTESIAN_POINT('Ctrl Pts',(1.98038475772928,0.820302225368425,-13.1));
#3386=CARTESIAN_POINT('Ctrl Pts',(1.40034349154885,1.40034349154885,-13.05));
#3387=CARTESIAN_POINT('Ctrl Pts',(0.820302225368425,1.98038475772928,-13.));
#3388=CARTESIAN_POINT('Ctrl Pts',(0.,1.98038475772928,-12.95));
#3389=CARTESIAN_POINT('Ctrl Pts',(-0.820302225368424,1.98038475772928,-12.9));
#3390=CARTESIAN_POINT('Ctrl Pts',(-1.40034349154885,1.40034349154885,-12.85));
#3391=CARTESIAN_POINT('Ctrl Pts',(-1.98038475772928,0.820302225368424,-12.8));
#3392=CARTESIAN_POINT('Ctrl Pts',(-1.98038475772928,1.21263592731668E-16,
-12.75));
#3393=CARTESIAN_POINT('Ctrl Pts',(-1.98038475772928,-0.820302225368424,
-12.7));
#3394=CARTESIAN_POINT('Ctrl Pts',(-1.40034349154885,-1.40034349154885,-12.65));
#3395=CARTESIAN_POINT('Ctrl Pts',(-0.820302225368424,-1.98038475772928,
-12.6));
#3396=CARTESIAN_POINT('Ctrl Pts',(-2.42527185463337E-16,-1.98038475772928,
-12.55));
#3397=CARTESIAN_POINT('Ctrl Pts',(-2.42527185463337E-16,-1.98038475772928,
-13.45));
#3398=CARTESIAN_POINT('Ctrl Pts',(0.820302225368424,-1.98038475772928,-13.4));
#3399=CARTESIAN_POINT('Ctrl Pts',(1.40034349154885,-1.40034349154885,-13.35));
#3400=CARTESIAN_POINT('Ctrl Pts',(1.98038475772928,-0.820302225368425,-13.3));
#3401=CARTESIAN_POINT('Ctrl Pts',(1.98038475772928,-3.63790778195005E-16,
-13.25));
#3402=CARTESIAN_POINT('Ctrl Pts',(1.98038475772928,0.820302225368425,-13.2));
#3403=CARTESIAN_POINT('Ctrl Pts',(1.40034349154885,1.40034349154885,-13.15));
#3404=CARTESIAN_POINT('Ctrl Pts',(0.820302225368425,1.98038475772928,-13.1));
#3405=CARTESIAN_POINT('Ctrl Pts',(0.,1.98038475772928,-13.05));
#3406=CARTESIAN_POINT('Ctrl Pts',(-0.820302225368424,1.98038475772928,-13.));
#3407=CARTESIAN_POINT('Ctrl Pts',(-1.40034349154885,1.40034349154885,-12.95));
#3408=CARTESIAN_POINT('Ctrl Pts',(-1.98038475772928,0.820302225368424,-12.9));
#3409=CARTESIAN_POINT('Ctrl Pts',(-1.98038475772928,1.21263592731668E-16,
-12.85));
#3410=CARTESIAN_POINT('Ctrl Pts',(-1.98038475772928,-0.820302225368424,
-12.8));
#3411=CARTESIAN_POINT('Ctrl Pts',(-1.40034349154885,-1.40034349154885,-12.75));
#3412=CARTESIAN_POINT('Ctrl Pts',(-0.820302225368424,-1.98038475772928,
-12.7));
#3413=CARTESIAN_POINT('Ctrl Pts',(-2.42527185463337E-16,-1.98038475772928,
-12.65));
#3414=CARTESIAN_POINT('Origin',(5.43966107523098E-16,2.77555756156289E-16,
-14.6));
#3415=CARTESIAN_POINT('',(5.43966107523099E-16,-1.98038475772928,-11.75));
#3416=CARTESIAN_POINT('',(5.43966107523099E-16,-1.98038475772928,-11.85));
#3417=CARTESIAN_POINT('',(1.33045940050953E-15,-1.98038475772928,-14.6));
#3418=CARTESIAN_POINT('Ctrl Pts',(-2.42527185463337E-16,-1.98038475772928,
-12.55));
#3419=CARTESIAN_POINT('Ctrl Pts',(0.820302225368424,-1.98038475772928,-12.5));
#3420=CARTESIAN_POINT('Ctrl Pts',(1.40034349154885,-1.40034349154885,-12.45));
#3421=CARTESIAN_POINT('Ctrl Pts',(1.98038475772928,-0.820302225368425,-12.4));
#3422=CARTESIAN_POINT('Ctrl Pts',(1.98038475772928,-3.63790778195005E-16,
-12.35));
#3423=CARTESIAN_POINT('Ctrl Pts',(1.98038475772928,0.820302225368425,-12.3));
#3424=CARTESIAN_POINT('Ctrl Pts',(1.40034349154885,1.40034349154885,-12.25));
#3425=CARTESIAN_POINT('Ctrl Pts',(0.820302225368425,1.98038475772928,-12.2));
#3426=CARTESIAN_POINT('Ctrl Pts',(0.,1.98038475772928,-12.15));
#3427=CARTESIAN_POINT('Ctrl Pts',(-0.820302225368424,1.98038475772928,-12.1));
#3428=CARTESIAN_POINT('Ctrl Pts',(-1.40034349154885,1.40034349154885,-12.05));
#3429=CARTESIAN_POINT('Ctrl Pts',(-1.98038475772928,0.820302225368424,-12.));
#3430=CARTESIAN_POINT('Ctrl Pts',(-1.98038475772928,1.21263592731668E-16,
-11.95));
#3431=CARTESIAN_POINT('Ctrl Pts',(-1.98038475772928,-0.820302225368424,
-11.9));
#3432=CARTESIAN_POINT('Ctrl Pts',(-1.40034349154885,-1.40034349154885,-11.85));
#3433=CARTESIAN_POINT('Ctrl Pts',(-0.820302225368424,-1.98038475772928,
-11.8));
#3434=CARTESIAN_POINT('Ctrl Pts',(-2.42527185463337E-16,-1.98038475772928,
-11.75));
#3435=CARTESIAN_POINT('Ctrl Pts',(-2.42527185463337E-16,-1.98038475772928,
-12.65));
#3436=CARTESIAN_POINT('Ctrl Pts',(0.820302225368424,-1.98038475772928,-12.6));
#3437=CARTESIAN_POINT('Ctrl Pts',(1.40034349154885,-1.40034349154885,-12.55));
#3438=CARTESIAN_POINT('Ctrl Pts',(1.98038475772928,-0.820302225368425,-12.5));
#3439=CARTESIAN_POINT('Ctrl Pts',(1.98038475772928,-3.63790778195005E-16,
-12.45));
#3440=CARTESIAN_POINT('Ctrl Pts',(1.98038475772928,0.820302225368425,-12.4));
#3441=CARTESIAN_POINT('Ctrl Pts',(1.40034349154885,1.40034349154885,-12.35));
#3442=CARTESIAN_POINT('Ctrl Pts',(0.820302225368425,1.98038475772928,-12.3));
#3443=CARTESIAN_POINT('Ctrl Pts',(0.,1.98038475772928,-12.25));
#3444=CARTESIAN_POINT('Ctrl Pts',(-0.820302225368424,1.98038475772928,-12.2));
#3445=CARTESIAN_POINT('Ctrl Pts',(-1.40034349154885,1.40034349154885,-12.15));
#3446=CARTESIAN_POINT('Ctrl Pts',(-1.98038475772928,0.820302225368424,-12.1));
#3447=CARTESIAN_POINT('Ctrl Pts',(-1.98038475772928,1.21263592731668E-16,
-12.05));
#3448=CARTESIAN_POINT('Ctrl Pts',(-1.98038475772928,-0.820302225368424,
-12.));
#3449=CARTESIAN_POINT('Ctrl Pts',(-1.40034349154885,-1.40034349154885,-11.95));
#3450=CARTESIAN_POINT('Ctrl Pts',(-0.820302225368424,-1.98038475772928,
-11.9));
#3451=CARTESIAN_POINT('Ctrl Pts',(-2.42527185463337E-16,-1.98038475772928,
-11.85));
#3452=CARTESIAN_POINT('Origin',(5.43966107523098E-16,2.77555756156289E-16,
-14.6));
#3453=CARTESIAN_POINT('',(5.43966107523099E-16,-1.98038475772928,-10.95));
#3454=CARTESIAN_POINT('',(5.43966107523099E-16,-1.98038475772928,-11.05));
#3455=CARTESIAN_POINT('',(1.33045940050953E-15,-1.98038475772928,-14.6));
#3456=CARTESIAN_POINT('Ctrl Pts',(-2.42527185463337E-16,-1.98038475772928,
-11.75));
#3457=CARTESIAN_POINT('Ctrl Pts',(0.820302225368424,-1.98038475772928,-11.7));
#3458=CARTESIAN_POINT('Ctrl Pts',(1.40034349154885,-1.40034349154885,-11.65));
#3459=CARTESIAN_POINT('Ctrl Pts',(1.98038475772928,-0.820302225368425,-11.6));
#3460=CARTESIAN_POINT('Ctrl Pts',(1.98038475772928,-3.63790778195005E-16,
-11.55));
#3461=CARTESIAN_POINT('Ctrl Pts',(1.98038475772928,0.820302225368425,-11.5));
#3462=CARTESIAN_POINT('Ctrl Pts',(1.40034349154885,1.40034349154885,-11.45));
#3463=CARTESIAN_POINT('Ctrl Pts',(0.820302225368425,1.98038475772928,-11.4));
#3464=CARTESIAN_POINT('Ctrl Pts',(0.,1.98038475772928,-11.35));
#3465=CARTESIAN_POINT('Ctrl Pts',(-0.820302225368424,1.98038475772928,-11.3));
#3466=CARTESIAN_POINT('Ctrl Pts',(-1.40034349154885,1.40034349154885,-11.25));
#3467=CARTESIAN_POINT('Ctrl Pts',(-1.98038475772928,0.820302225368424,-11.2));
#3468=CARTESIAN_POINT('Ctrl Pts',(-1.98038475772928,1.21263592731668E-16,
-11.15));
#3469=CARTESIAN_POINT('Ctrl Pts',(-1.98038475772928,-0.820302225368424,
-11.1));
#3470=CARTESIAN_POINT('Ctrl Pts',(-1.40034349154885,-1.40034349154885,-11.05));
#3471=CARTESIAN_POINT('Ctrl Pts',(-0.820302225368424,-1.98038475772928,
-11.));
#3472=CARTESIAN_POINT('Ctrl Pts',(-2.42527185463337E-16,-1.98038475772928,
-10.95));
#3473=CARTESIAN_POINT('Ctrl Pts',(-2.42527185463337E-16,-1.98038475772928,
-11.85));
#3474=CARTESIAN_POINT('Ctrl Pts',(0.820302225368424,-1.98038475772928,-11.8));
#3475=CARTESIAN_POINT('Ctrl Pts',(1.40034349154885,-1.40034349154885,-11.75));
#3476=CARTESIAN_POINT('Ctrl Pts',(1.98038475772928,-0.820302225368425,-11.7));
#3477=CARTESIAN_POINT('Ctrl Pts',(1.98038475772928,-3.63790778195005E-16,
-11.65));
#3478=CARTESIAN_POINT('Ctrl Pts',(1.98038475772928,0.820302225368425,-11.6));
#3479=CARTESIAN_POINT('Ctrl Pts',(1.40034349154885,1.40034349154885,-11.55));
#3480=CARTESIAN_POINT('Ctrl Pts',(0.820302225368425,1.98038475772928,-11.5));
#3481=CARTESIAN_POINT('Ctrl Pts',(0.,1.98038475772928,-11.45));
#3482=CARTESIAN_POINT('Ctrl Pts',(-0.820302225368424,1.98038475772928,-11.4));
#3483=CARTESIAN_POINT('Ctrl Pts',(-1.40034349154885,1.40034349154885,-11.35));
#3484=CARTESIAN_POINT('Ctrl Pts',(-1.98038475772928,0.820302225368424,-11.3));
#3485=CARTESIAN_POINT('Ctrl Pts',(-1.98038475772928,1.21263592731668E-16,
-11.25));
#3486=CARTESIAN_POINT('Ctrl Pts',(-1.98038475772928,-0.820302225368424,
-11.2));
#3487=CARTESIAN_POINT('Ctrl Pts',(-1.40034349154885,-1.40034349154885,-11.15));
#3488=CARTESIAN_POINT('Ctrl Pts',(-0.820302225368424,-1.98038475772928,
-11.1));
#3489=CARTESIAN_POINT('Ctrl Pts',(-2.42527185463337E-16,-1.98038475772928,
-11.05));
#3490=CARTESIAN_POINT('Origin',(5.43966107523098E-16,2.77555756156289E-16,
-14.6));
#3491=CARTESIAN_POINT('',(5.43966107523099E-16,-1.98038475772928,-10.15));
#3492=CARTESIAN_POINT('',(5.43966107523099E-16,-1.98038475772928,-10.25));
#3493=CARTESIAN_POINT('',(1.33045940050953E-15,-1.98038475772928,-14.6));
#3494=CARTESIAN_POINT('Ctrl Pts',(-2.42527185463337E-16,-1.98038475772928,
-10.95));
#3495=CARTESIAN_POINT('Ctrl Pts',(0.820302225368424,-1.98038475772928,-10.9));
#3496=CARTESIAN_POINT('Ctrl Pts',(1.40034349154885,-1.40034349154885,-10.85));
#3497=CARTESIAN_POINT('Ctrl Pts',(1.98038475772928,-0.820302225368425,-10.8));
#3498=CARTESIAN_POINT('Ctrl Pts',(1.98038475772928,-3.63790778195005E-16,
-10.75));
#3499=CARTESIAN_POINT('Ctrl Pts',(1.98038475772928,0.820302225368425,-10.7));
#3500=CARTESIAN_POINT('Ctrl Pts',(1.40034349154885,1.40034349154885,-10.65));
#3501=CARTESIAN_POINT('Ctrl Pts',(0.820302225368425,1.98038475772928,-10.6));
#3502=CARTESIAN_POINT('Ctrl Pts',(0.,1.98038475772928,-10.55));
#3503=CARTESIAN_POINT('Ctrl Pts',(-0.820302225368424,1.98038475772928,-10.5));
#3504=CARTESIAN_POINT('Ctrl Pts',(-1.40034349154885,1.40034349154885,-10.45));
#3505=CARTESIAN_POINT('Ctrl Pts',(-1.98038475772928,0.820302225368424,-10.4));
#3506=CARTESIAN_POINT('Ctrl Pts',(-1.98038475772928,1.21263592731668E-16,
-10.35));
#3507=CARTESIAN_POINT('Ctrl Pts',(-1.98038475772928,-0.820302225368424,
-10.3));
#3508=CARTESIAN_POINT('Ctrl Pts',(-1.40034349154885,-1.40034349154885,-10.25));
#3509=CARTESIAN_POINT('Ctrl Pts',(-0.820302225368424,-1.98038475772928,
-10.2));
#3510=CARTESIAN_POINT('Ctrl Pts',(-2.42527185463337E-16,-1.98038475772928,
-10.15));
#3511=CARTESIAN_POINT('Ctrl Pts',(-2.42527185463337E-16,-1.98038475772928,
-11.05));
#3512=CARTESIAN_POINT('Ctrl Pts',(0.820302225368424,-1.98038475772928,-11.));
#3513=CARTESIAN_POINT('Ctrl Pts',(1.40034349154885,-1.40034349154885,-10.95));
#3514=CARTESIAN_POINT('Ctrl Pts',(1.98038475772928,-0.820302225368425,-10.9));
#3515=CARTESIAN_POINT('Ctrl Pts',(1.98038475772928,-3.63790778195005E-16,
-10.85));
#3516=CARTESIAN_POINT('Ctrl Pts',(1.98038475772928,0.820302225368425,-10.8));
#3517=CARTESIAN_POINT('Ctrl Pts',(1.40034349154885,1.40034349154885,-10.75));
#3518=CARTESIAN_POINT('Ctrl Pts',(0.820302225368425,1.98038475772928,-10.7));
#3519=CARTESIAN_POINT('Ctrl Pts',(0.,1.98038475772928,-10.65));
#3520=CARTESIAN_POINT('Ctrl Pts',(-0.820302225368424,1.98038475772928,-10.6));
#3521=CARTESIAN_POINT('Ctrl Pts',(-1.40034349154885,1.40034349154885,-10.55));
#3522=CARTESIAN_POINT('Ctrl Pts',(-1.98038475772928,0.820302225368424,-10.5));
#3523=CARTESIAN_POINT('Ctrl Pts',(-1.98038475772928,1.21263592731668E-16,
-10.45));
#3524=CARTESIAN_POINT('Ctrl Pts',(-1.98038475772928,-0.820302225368424,
-10.4));
#3525=CARTESIAN_POINT('Ctrl Pts',(-1.40034349154885,-1.40034349154885,-10.35));
#3526=CARTESIAN_POINT('Ctrl Pts',(-0.820302225368424,-1.98038475772928,
-10.3));
#3527=CARTESIAN_POINT('Ctrl Pts',(-2.42527185463337E-16,-1.98038475772928,
-10.25));
#3528=CARTESIAN_POINT('Origin',(5.43966107523098E-16,2.77555756156289E-16,
-14.6));
#3529=CARTESIAN_POINT('',(5.43966107523099E-16,-1.98038475772928,-9.34999999999999));
#3530=CARTESIAN_POINT('',(5.43966107523099E-16,-1.98038475772928,-9.45000000000001));
#3531=CARTESIAN_POINT('',(1.33045940050953E-15,-1.98038475772928,-14.6));
#3532=CARTESIAN_POINT('Ctrl Pts',(-2.42527185463337E-16,-1.98038475772928,
-10.15));
#3533=CARTESIAN_POINT('Ctrl Pts',(0.820302225368424,-1.98038475772928,-10.1));
#3534=CARTESIAN_POINT('Ctrl Pts',(1.40034349154885,-1.40034349154885,-10.05));
#3535=CARTESIAN_POINT('Ctrl Pts',(1.98038475772928,-0.820302225368425,-9.99999999999999));
#3536=CARTESIAN_POINT('Ctrl Pts',(1.98038475772928,-3.63790778195005E-16,
-9.94999999999999));
#3537=CARTESIAN_POINT('Ctrl Pts',(1.98038475772928,0.820302225368425,-9.89999999999999));
#3538=CARTESIAN_POINT('Ctrl Pts',(1.40034349154885,1.40034349154885,-9.84999999999999));
#3539=CARTESIAN_POINT('Ctrl Pts',(0.820302225368425,1.98038475772928,-9.79999999999999));
#3540=CARTESIAN_POINT('Ctrl Pts',(0.,1.98038475772928,-9.74999999999999));
#3541=CARTESIAN_POINT('Ctrl Pts',(-0.820302225368424,1.98038475772928,-9.7));
#3542=CARTESIAN_POINT('Ctrl Pts',(-1.40034349154885,1.40034349154885,-9.65));
#3543=CARTESIAN_POINT('Ctrl Pts',(-1.98038475772928,0.820302225368424,-9.6));
#3544=CARTESIAN_POINT('Ctrl Pts',(-1.98038475772928,1.21263592731668E-16,
-9.54999999999999));
#3545=CARTESIAN_POINT('Ctrl Pts',(-1.98038475772928,-0.820302225368424,
-9.49999999999999));
#3546=CARTESIAN_POINT('Ctrl Pts',(-1.40034349154885,-1.40034349154885,-9.44999999999999));
#3547=CARTESIAN_POINT('Ctrl Pts',(-0.820302225368424,-1.98038475772928,
-9.39999999999999));
#3548=CARTESIAN_POINT('Ctrl Pts',(-2.42527185463337E-16,-1.98038475772928,
-9.34999999999999));
#3549=CARTESIAN_POINT('Ctrl Pts',(-2.42527185463337E-16,-1.98038475772928,
-10.25));
#3550=CARTESIAN_POINT('Ctrl Pts',(0.820302225368424,-1.98038475772928,-10.2));
#3551=CARTESIAN_POINT('Ctrl Pts',(1.40034349154885,-1.40034349154885,-10.15));
#3552=CARTESIAN_POINT('Ctrl Pts',(1.98038475772928,-0.820302225368425,-10.1));
#3553=CARTESIAN_POINT('Ctrl Pts',(1.98038475772928,-3.63790778195005E-16,
-10.05));
#3554=CARTESIAN_POINT('Ctrl Pts',(1.98038475772928,0.820302225368425,-10.));
#3555=CARTESIAN_POINT('Ctrl Pts',(1.40034349154885,1.40034349154885,-9.95000000000001));
#3556=CARTESIAN_POINT('Ctrl Pts',(0.820302225368425,1.98038475772928,-9.90000000000001));
#3557=CARTESIAN_POINT('Ctrl Pts',(0.,1.98038475772928,-9.85000000000001));
#3558=CARTESIAN_POINT('Ctrl Pts',(-0.820302225368424,1.98038475772928,-9.80000000000001));
#3559=CARTESIAN_POINT('Ctrl Pts',(-1.40034349154885,1.40034349154885,-9.75000000000001));
#3560=CARTESIAN_POINT('Ctrl Pts',(-1.98038475772928,0.820302225368424,-9.70000000000001));
#3561=CARTESIAN_POINT('Ctrl Pts',(-1.98038475772928,1.21263592731668E-16,
-9.65000000000001));
#3562=CARTESIAN_POINT('Ctrl Pts',(-1.98038475772928,-0.820302225368424,
-9.60000000000001));
#3563=CARTESIAN_POINT('Ctrl Pts',(-1.40034349154885,-1.40034349154885,-9.55000000000001));
#3564=CARTESIAN_POINT('Ctrl Pts',(-0.820302225368424,-1.98038475772928,
-9.50000000000001));
#3565=CARTESIAN_POINT('Ctrl Pts',(-2.42527185463337E-16,-1.98038475772928,
-9.45000000000001));
#3566=CARTESIAN_POINT('Origin',(5.43966107523098E-16,2.77555756156289E-16,
-14.6));
#3567=CARTESIAN_POINT('',(5.43966107523099E-16,-1.98038475772928,-8.54999999999999));
#3568=CARTESIAN_POINT('',(5.43966107523099E-16,-1.98038475772928,-8.65000000000001));
#3569=CARTESIAN_POINT('',(1.33045940050953E-15,-1.98038475772928,-14.6));
#3570=CARTESIAN_POINT('Ctrl Pts',(-2.42527185463337E-16,-1.98038475772928,
-9.34999999999999));
#3571=CARTESIAN_POINT('Ctrl Pts',(0.820302225368424,-1.98038475772928,-9.29999999999999));
#3572=CARTESIAN_POINT('Ctrl Pts',(1.40034349154885,-1.40034349154885,-9.24999999999999));
#3573=CARTESIAN_POINT('Ctrl Pts',(1.98038475772928,-0.820302225368425,-9.2));
#3574=CARTESIAN_POINT('Ctrl Pts',(1.98038475772928,-3.63790778195005E-16,
-9.14999999999999));
#3575=CARTESIAN_POINT('Ctrl Pts',(1.98038475772928,0.820302225368425,-9.1));
#3576=CARTESIAN_POINT('Ctrl Pts',(1.40034349154885,1.40034349154885,-9.04999999999999));
#3577=CARTESIAN_POINT('Ctrl Pts',(0.820302225368425,1.98038475772928,-8.99999999999999));
#3578=CARTESIAN_POINT('Ctrl Pts',(0.,1.98038475772928,-8.94999999999999));
#3579=CARTESIAN_POINT('Ctrl Pts',(-0.820302225368424,1.98038475772928,-8.89999999999999));
#3580=CARTESIAN_POINT('Ctrl Pts',(-1.40034349154885,1.40034349154885,-8.84999999999999));
#3581=CARTESIAN_POINT('Ctrl Pts',(-1.98038475772928,0.820302225368424,-8.79999999999999));
#3582=CARTESIAN_POINT('Ctrl Pts',(-1.98038475772928,1.21263592731668E-16,
-8.75));
#3583=CARTESIAN_POINT('Ctrl Pts',(-1.98038475772928,-0.820302225368424,
-8.69999999999999));
#3584=CARTESIAN_POINT('Ctrl Pts',(-1.40034349154885,-1.40034349154885,-8.65));
#3585=CARTESIAN_POINT('Ctrl Pts',(-0.820302225368424,-1.98038475772928,
-8.59999999999999));
#3586=CARTESIAN_POINT('Ctrl Pts',(-2.42527185463337E-16,-1.98038475772928,
-8.54999999999999));
#3587=CARTESIAN_POINT('Ctrl Pts',(-2.42527185463337E-16,-1.98038475772928,
-9.45000000000001));
#3588=CARTESIAN_POINT('Ctrl Pts',(0.820302225368424,-1.98038475772928,-9.40000000000001));
#3589=CARTESIAN_POINT('Ctrl Pts',(1.40034349154885,-1.40034349154885,-9.35000000000001));
#3590=CARTESIAN_POINT('Ctrl Pts',(1.98038475772928,-0.820302225368425,-9.30000000000001));
#3591=CARTESIAN_POINT('Ctrl Pts',(1.98038475772928,-3.63790778195005E-16,
-9.25000000000001));
#3592=CARTESIAN_POINT('Ctrl Pts',(1.98038475772928,0.820302225368425,-9.20000000000001));
#3593=CARTESIAN_POINT('Ctrl Pts',(1.40034349154885,1.40034349154885,-9.15000000000001));
#3594=CARTESIAN_POINT('Ctrl Pts',(0.820302225368425,1.98038475772928,-9.10000000000001));
#3595=CARTESIAN_POINT('Ctrl Pts',(0.,1.98038475772928,-9.05000000000001));
#3596=CARTESIAN_POINT('Ctrl Pts',(-0.820302225368424,1.98038475772928,-9.00000000000001));
#3597=CARTESIAN_POINT('Ctrl Pts',(-1.40034349154885,1.40034349154885,-8.95000000000001));
#3598=CARTESIAN_POINT('Ctrl Pts',(-1.98038475772928,0.820302225368424,-8.90000000000001));
#3599=CARTESIAN_POINT('Ctrl Pts',(-1.98038475772928,1.21263592731668E-16,
-8.85000000000001));
#3600=CARTESIAN_POINT('Ctrl Pts',(-1.98038475772928,-0.820302225368424,
-8.80000000000001));
#3601=CARTESIAN_POINT('Ctrl Pts',(-1.40034349154885,-1.40034349154885,-8.75000000000001));
#3602=CARTESIAN_POINT('Ctrl Pts',(-0.820302225368424,-1.98038475772928,
-8.70000000000001));
#3603=CARTESIAN_POINT('Ctrl Pts',(-2.42527185463337E-16,-1.98038475772928,
-8.65000000000001));
#3604=CARTESIAN_POINT('Origin',(5.43966107523098E-16,2.77555756156289E-16,
-14.6));
#3605=CARTESIAN_POINT('',(5.43966107523099E-16,-1.98038475772928,-7.74999999999999));
#3606=CARTESIAN_POINT('',(5.43966107523099E-16,-1.98038475772928,-7.85000000000001));
#3607=CARTESIAN_POINT('',(1.33045940050953E-15,-1.98038475772928,-14.6));
#3608=CARTESIAN_POINT('Ctrl Pts',(-2.42527185463337E-16,-1.98038475772928,
-8.54999999999999));
#3609=CARTESIAN_POINT('Ctrl Pts',(0.820302225368424,-1.98038475772928,-8.49999999999999));
#3610=CARTESIAN_POINT('Ctrl Pts',(1.40034349154885,-1.40034349154885,-8.44999999999999));
#3611=CARTESIAN_POINT('Ctrl Pts',(1.98038475772928,-0.820302225368425,-8.4));
#3612=CARTESIAN_POINT('Ctrl Pts',(1.98038475772928,-3.63790778195005E-16,
-8.34999999999999));
#3613=CARTESIAN_POINT('Ctrl Pts',(1.98038475772928,0.820302225368425,-8.29999999999999));
#3614=CARTESIAN_POINT('Ctrl Pts',(1.40034349154885,1.40034349154885,-8.24999999999999));
#3615=CARTESIAN_POINT('Ctrl Pts',(0.820302225368425,1.98038475772928,-8.19999999999999));
#3616=CARTESIAN_POINT('Ctrl Pts',(0.,1.98038475772928,-8.14999999999999));
#3617=CARTESIAN_POINT('Ctrl Pts',(-0.820302225368424,1.98038475772928,-8.09999999999999));
#3618=CARTESIAN_POINT('Ctrl Pts',(-1.40034349154885,1.40034349154885,-8.04999999999999));
#3619=CARTESIAN_POINT('Ctrl Pts',(-1.98038475772928,0.820302225368424,-7.99999999999999));
#3620=CARTESIAN_POINT('Ctrl Pts',(-1.98038475772928,1.21263592731668E-16,
-7.94999999999999));
#3621=CARTESIAN_POINT('Ctrl Pts',(-1.98038475772928,-0.820302225368424,
-7.9));
#3622=CARTESIAN_POINT('Ctrl Pts',(-1.40034349154885,-1.40034349154885,-7.84999999999999));
#3623=CARTESIAN_POINT('Ctrl Pts',(-0.820302225368424,-1.98038475772928,
-7.79999999999999));
#3624=CARTESIAN_POINT('Ctrl Pts',(-2.42527185463337E-16,-1.98038475772928,
-7.74999999999999));
#3625=CARTESIAN_POINT('Ctrl Pts',(-2.42527185463337E-16,-1.98038475772928,
-8.65000000000001));
#3626=CARTESIAN_POINT('Ctrl Pts',(0.820302225368424,-1.98038475772928,-8.60000000000001));
#3627=CARTESIAN_POINT('Ctrl Pts',(1.40034349154885,-1.40034349154885,-8.55000000000001));
#3628=CARTESIAN_POINT('Ctrl Pts',(1.98038475772928,-0.820302225368425,-8.50000000000001));
#3629=CARTESIAN_POINT('Ctrl Pts',(1.98038475772928,-3.63790778195005E-16,
-8.45000000000001));
#3630=CARTESIAN_POINT('Ctrl Pts',(1.98038475772928,0.820302225368425,-8.40000000000001));
#3631=CARTESIAN_POINT('Ctrl Pts',(1.40034349154885,1.40034349154885,-8.35000000000001));
#3632=CARTESIAN_POINT('Ctrl Pts',(0.820302225368425,1.98038475772928,-8.30000000000001));
#3633=CARTESIAN_POINT('Ctrl Pts',(0.,1.98038475772928,-8.25000000000001));
#3634=CARTESIAN_POINT('Ctrl Pts',(-0.820302225368424,1.98038475772928,-8.20000000000001));
#3635=CARTESIAN_POINT('Ctrl Pts',(-1.40034349154885,1.40034349154885,-8.15000000000001));
#3636=CARTESIAN_POINT('Ctrl Pts',(-1.98038475772928,0.820302225368424,-8.10000000000001));
#3637=CARTESIAN_POINT('Ctrl Pts',(-1.98038475772928,1.21263592731668E-16,
-8.05000000000001));
#3638=CARTESIAN_POINT('Ctrl Pts',(-1.98038475772928,-0.820302225368424,
-8.00000000000001));
#3639=CARTESIAN_POINT('Ctrl Pts',(-1.40034349154885,-1.40034349154885,-7.95000000000001));
#3640=CARTESIAN_POINT('Ctrl Pts',(-0.820302225368424,-1.98038475772928,
-7.90000000000001));
#3641=CARTESIAN_POINT('Ctrl Pts',(-2.42527185463337E-16,-1.98038475772928,
-7.85000000000001));
#3642=CARTESIAN_POINT('Origin',(5.43966107523098E-16,2.77555756156289E-16,
-14.6));
#3643=CARTESIAN_POINT('',(5.43966107523099E-16,-1.98038475772928,-6.94999999999999));
#3644=CARTESIAN_POINT('',(5.43966107523099E-16,-1.98038475772928,-7.05000000000001));
#3645=CARTESIAN_POINT('',(1.33045940050953E-15,-1.98038475772928,-14.6));
#3646=CARTESIAN_POINT('Ctrl Pts',(-2.42527185463337E-16,-1.98038475772928,
-7.74999999999999));
#3647=CARTESIAN_POINT('Ctrl Pts',(0.820302225368424,-1.98038475772928,-7.69999999999999));
#3648=CARTESIAN_POINT('Ctrl Pts',(1.40034349154885,-1.40034349154885,-7.64999999999999));
#3649=CARTESIAN_POINT('Ctrl Pts',(1.98038475772928,-0.820302225368425,-7.59999999999999));
#3650=CARTESIAN_POINT('Ctrl Pts',(1.98038475772928,-3.63790778195005E-16,
-7.54999999999999));
#3651=CARTESIAN_POINT('Ctrl Pts',(1.98038475772928,0.820302225368425,-7.5));
#3652=CARTESIAN_POINT('Ctrl Pts',(1.40034349154885,1.40034349154885,-7.44999999999999));
#3653=CARTESIAN_POINT('Ctrl Pts',(0.820302225368425,1.98038475772928,-7.39999999999999));
#3654=CARTESIAN_POINT('Ctrl Pts',(0.,1.98038475772928,-7.34999999999999));
#3655=CARTESIAN_POINT('Ctrl Pts',(-0.820302225368424,1.98038475772928,-7.29999999999999));
#3656=CARTESIAN_POINT('Ctrl Pts',(-1.40034349154885,1.40034349154885,-7.24999999999999));
#3657=CARTESIAN_POINT('Ctrl Pts',(-1.98038475772928,0.820302225368424,-7.19999999999999));
#3658=CARTESIAN_POINT('Ctrl Pts',(-1.98038475772928,1.21263592731668E-16,
-7.14999999999999));
#3659=CARTESIAN_POINT('Ctrl Pts',(-1.98038475772928,-0.820302225368424,
-7.09999999999999));
#3660=CARTESIAN_POINT('Ctrl Pts',(-1.40034349154885,-1.40034349154885,-7.04999999999999));
#3661=CARTESIAN_POINT('Ctrl Pts',(-0.820302225368424,-1.98038475772928,
-6.99999999999999));
#3662=CARTESIAN_POINT('Ctrl Pts',(-2.42527185463337E-16,-1.98038475772928,
-6.94999999999999));
#3663=CARTESIAN_POINT('Ctrl Pts',(-2.42527185463337E-16,-1.98038475772928,
-7.85000000000001));
#3664=CARTESIAN_POINT('Ctrl Pts',(0.820302225368424,-1.98038475772928,-7.80000000000001));
#3665=CARTESIAN_POINT('Ctrl Pts',(1.40034349154885,-1.40034349154885,-7.75000000000001));
#3666=CARTESIAN_POINT('Ctrl Pts',(1.98038475772928,-0.820302225368425,-7.70000000000001));
#3667=CARTESIAN_POINT('Ctrl Pts',(1.98038475772928,-3.63790778195005E-16,
-7.65000000000001));
#3668=CARTESIAN_POINT('Ctrl Pts',(1.98038475772928,0.820302225368425,-7.60000000000001));
#3669=CARTESIAN_POINT('Ctrl Pts',(1.40034349154885,1.40034349154885,-7.55000000000001));
#3670=CARTESIAN_POINT('Ctrl Pts',(0.820302225368425,1.98038475772928,-7.50000000000001));
#3671=CARTESIAN_POINT('Ctrl Pts',(0.,1.98038475772928,-7.45000000000001));
#3672=CARTESIAN_POINT('Ctrl Pts',(-0.820302225368424,1.98038475772928,-7.40000000000001));
#3673=CARTESIAN_POINT('Ctrl Pts',(-1.40034349154885,1.40034349154885,-7.35000000000001));
#3674=CARTESIAN_POINT('Ctrl Pts',(-1.98038475772928,0.820302225368424,-7.30000000000001));
#3675=CARTESIAN_POINT('Ctrl Pts',(-1.98038475772928,1.21263592731668E-16,
-7.25000000000001));
#3676=CARTESIAN_POINT('Ctrl Pts',(-1.98038475772928,-0.820302225368424,
-7.20000000000001));
#3677=CARTESIAN_POINT('Ctrl Pts',(-1.40034349154885,-1.40034349154885,-7.15000000000001));
#3678=CARTESIAN_POINT('Ctrl Pts',(-0.820302225368424,-1.98038475772928,
-7.10000000000001));
#3679=CARTESIAN_POINT('Ctrl Pts',(-2.42527185463337E-16,-1.98038475772928,
-7.05000000000001));
#3680=CARTESIAN_POINT('Origin',(5.43966107523098E-16,2.77555756156289E-16,
-14.6));
#3681=CARTESIAN_POINT('',(5.43966107523099E-16,-1.98038475772928,-6.14999999999999));
#3682=CARTESIAN_POINT('',(5.43966107523099E-16,-1.98038475772928,-6.25000000000001));
#3683=CARTESIAN_POINT('',(1.33045940050953E-15,-1.98038475772928,-14.6));
#3684=CARTESIAN_POINT('Ctrl Pts',(-2.42527185463337E-16,-1.98038475772928,
-6.94999999999999));
#3685=CARTESIAN_POINT('Ctrl Pts',(0.820302225368424,-1.98038475772928,-6.89999999999999));
#3686=CARTESIAN_POINT('Ctrl Pts',(1.40034349154885,-1.40034349154885,-6.84999999999999));
#3687=CARTESIAN_POINT('Ctrl Pts',(1.98038475772928,-0.820302225368425,-6.79999999999999));
#3688=CARTESIAN_POINT('Ctrl Pts',(1.98038475772928,-3.63790778195005E-16,
-6.74999999999999));
#3689=CARTESIAN_POINT('Ctrl Pts',(1.98038475772928,0.820302225368425,-6.69999999999999));
#3690=CARTESIAN_POINT('Ctrl Pts',(1.40034349154885,1.40034349154885,-6.64999999999999));
#3691=CARTESIAN_POINT('Ctrl Pts',(0.820302225368425,1.98038475772928,-6.59999999999999));
#3692=CARTESIAN_POINT('Ctrl Pts',(0.,1.98038475772928,-6.54999999999999));
#3693=CARTESIAN_POINT('Ctrl Pts',(-0.820302225368424,1.98038475772928,-6.49999999999999));
#3694=CARTESIAN_POINT('Ctrl Pts',(-1.40034349154885,1.40034349154885,-6.44999999999999));
#3695=CARTESIAN_POINT('Ctrl Pts',(-1.98038475772928,0.820302225368424,-6.39999999999999));
#3696=CARTESIAN_POINT('Ctrl Pts',(-1.98038475772928,1.21263592731668E-16,
-6.34999999999999));
#3697=CARTESIAN_POINT('Ctrl Pts',(-1.98038475772928,-0.820302225368424,
-6.29999999999999));
#3698=CARTESIAN_POINT('Ctrl Pts',(-1.40034349154885,-1.40034349154885,-6.24999999999999));
#3699=CARTESIAN_POINT('Ctrl Pts',(-0.820302225368424,-1.98038475772928,
-6.19999999999999));
#3700=CARTESIAN_POINT('Ctrl Pts',(-2.42527185463337E-16,-1.98038475772928,
-6.14999999999999));
#3701=CARTESIAN_POINT('Ctrl Pts',(-2.42527185463337E-16,-1.98038475772928,
-7.05000000000001));
#3702=CARTESIAN_POINT('Ctrl Pts',(0.820302225368424,-1.98038475772928,-7.00000000000001));
#3703=CARTESIAN_POINT('Ctrl Pts',(1.40034349154885,-1.40034349154885,-6.95000000000001));
#3704=CARTESIAN_POINT('Ctrl Pts',(1.98038475772928,-0.820302225368425,-6.90000000000001));
#3705=CARTESIAN_POINT('Ctrl Pts',(1.98038475772928,-3.63790778195005E-16,
-6.85000000000001));
#3706=CARTESIAN_POINT('Ctrl Pts',(1.98038475772928,0.820302225368425,-6.80000000000001));
#3707=CARTESIAN_POINT('Ctrl Pts',(1.40034349154885,1.40034349154885,-6.75000000000001));
#3708=CARTESIAN_POINT('Ctrl Pts',(0.820302225368425,1.98038475772928,-6.70000000000001));
#3709=CARTESIAN_POINT('Ctrl Pts',(0.,1.98038475772928,-6.65000000000001));
#3710=CARTESIAN_POINT('Ctrl Pts',(-0.820302225368424,1.98038475772928,-6.60000000000001));
#3711=CARTESIAN_POINT('Ctrl Pts',(-1.40034349154885,1.40034349154885,-6.55000000000001));
#3712=CARTESIAN_POINT('Ctrl Pts',(-1.98038475772928,0.820302225368424,-6.50000000000001));
#3713=CARTESIAN_POINT('Ctrl Pts',(-1.98038475772928,1.21263592731668E-16,
-6.45000000000001));
#3714=CARTESIAN_POINT('Ctrl Pts',(-1.98038475772928,-0.820302225368424,
-6.40000000000001));
#3715=CARTESIAN_POINT('Ctrl Pts',(-1.40034349154885,-1.40034349154885,-6.35000000000001));
#3716=CARTESIAN_POINT('Ctrl Pts',(-0.820302225368424,-1.98038475772928,
-6.30000000000001));
#3717=CARTESIAN_POINT('Ctrl Pts',(-2.42527185463337E-16,-1.98038475772928,
-6.25000000000001));
#3718=CARTESIAN_POINT('Origin',(5.43966107523098E-16,2.77555756156289E-16,
-14.6));
#3719=CARTESIAN_POINT('',(5.43966107523099E-16,-1.98038475772928,-5.34999999999999));
#3720=CARTESIAN_POINT('',(5.43966107523099E-16,-1.98038475772928,-5.45000000000001));
#3721=CARTESIAN_POINT('',(1.33045940050953E-15,-1.98038475772928,-14.6));
#3722=CARTESIAN_POINT('Ctrl Pts',(-2.42527185463337E-16,-1.98038475772928,
-6.14999999999999));
#3723=CARTESIAN_POINT('Ctrl Pts',(0.820302225368424,-1.98038475772928,-6.09999999999999));
#3724=CARTESIAN_POINT('Ctrl Pts',(1.40034349154885,-1.40034349154885,-6.04999999999999));
#3725=CARTESIAN_POINT('Ctrl Pts',(1.98038475772928,-0.820302225368425,-5.99999999999999));
#3726=CARTESIAN_POINT('Ctrl Pts',(1.98038475772928,-3.63790778195005E-16,
-5.94999999999999));
#3727=CARTESIAN_POINT('Ctrl Pts',(1.98038475772928,0.820302225368425,-5.9));
#3728=CARTESIAN_POINT('Ctrl Pts',(1.40034349154885,1.40034349154885,-5.84999999999999));
#3729=CARTESIAN_POINT('Ctrl Pts',(0.820302225368425,1.98038475772928,-5.79999999999999));
#3730=CARTESIAN_POINT('Ctrl Pts',(0.,1.98038475772928,-5.74999999999999));
#3731=CARTESIAN_POINT('Ctrl Pts',(-0.820302225368424,1.98038475772928,-5.69999999999999));
#3732=CARTESIAN_POINT('Ctrl Pts',(-1.40034349154885,1.40034349154885,-5.64999999999999));
#3733=CARTESIAN_POINT('Ctrl Pts',(-1.98038475772928,0.820302225368424,-5.6));
#3734=CARTESIAN_POINT('Ctrl Pts',(-1.98038475772928,1.21263592731668E-16,
-5.54999999999999));
#3735=CARTESIAN_POINT('Ctrl Pts',(-1.98038475772928,-0.820302225368424,
-5.49999999999999));
#3736=CARTESIAN_POINT('Ctrl Pts',(-1.40034349154885,-1.40034349154885,-5.44999999999999));
#3737=CARTESIAN_POINT('Ctrl Pts',(-0.820302225368424,-1.98038475772928,
-5.4));
#3738=CARTESIAN_POINT('Ctrl Pts',(-2.42527185463337E-16,-1.98038475772928,
-5.34999999999999));
#3739=CARTESIAN_POINT('Ctrl Pts',(-2.42527185463337E-16,-1.98038475772928,
-6.25000000000001));
#3740=CARTESIAN_POINT('Ctrl Pts',(0.820302225368424,-1.98038475772928,-6.20000000000001));
#3741=CARTESIAN_POINT('Ctrl Pts',(1.40034349154885,-1.40034349154885,-6.15000000000001));
#3742=CARTESIAN_POINT('Ctrl Pts',(1.98038475772928,-0.820302225368425,-6.10000000000001));
#3743=CARTESIAN_POINT('Ctrl Pts',(1.98038475772928,-3.63790778195005E-16,
-6.05000000000001));
#3744=CARTESIAN_POINT('Ctrl Pts',(1.98038475772928,0.820302225368425,-6.00000000000001));
#3745=CARTESIAN_POINT('Ctrl Pts',(1.40034349154885,1.40034349154885,-5.95000000000001));
#3746=CARTESIAN_POINT('Ctrl Pts',(0.820302225368425,1.98038475772928,-5.90000000000001));
#3747=CARTESIAN_POINT('Ctrl Pts',(0.,1.98038475772928,-5.85000000000001));
#3748=CARTESIAN_POINT('Ctrl Pts',(-0.820302225368424,1.98038475772928,-5.80000000000001));
#3749=CARTESIAN_POINT('Ctrl Pts',(-1.40034349154885,1.40034349154885,-5.75000000000001));
#3750=CARTESIAN_POINT('Ctrl Pts',(-1.98038475772928,0.820302225368424,-5.70000000000001));
#3751=CARTESIAN_POINT('Ctrl Pts',(-1.98038475772928,1.21263592731668E-16,
-5.65000000000001));
#3752=CARTESIAN_POINT('Ctrl Pts',(-1.98038475772928,-0.820302225368424,
-5.60000000000001));
#3753=CARTESIAN_POINT('Ctrl Pts',(-1.40034349154885,-1.40034349154885,-5.55000000000001));
#3754=CARTESIAN_POINT('Ctrl Pts',(-0.820302225368424,-1.98038475772928,
-5.50000000000001));
#3755=CARTESIAN_POINT('Ctrl Pts',(-2.42527185463337E-16,-1.98038475772928,
-5.45000000000001));
#3756=CARTESIAN_POINT('Origin',(5.43966107523098E-16,2.77555756156289E-16,
-14.6));
#3757=CARTESIAN_POINT('',(5.43966107523099E-16,-1.98038475772928,-4.54999999999999));
#3758=CARTESIAN_POINT('',(5.43966107523099E-16,-1.98038475772928,-4.65000000000001));
#3759=CARTESIAN_POINT('',(1.33045940050953E-15,-1.98038475772928,-14.6));
#3760=CARTESIAN_POINT('Ctrl Pts',(-2.42527185463337E-16,-1.98038475772928,
-5.34999999999999));
#3761=CARTESIAN_POINT('Ctrl Pts',(0.820302225368424,-1.98038475772928,-5.29999999999999));
#3762=CARTESIAN_POINT('Ctrl Pts',(1.40034349154885,-1.40034349154885,-5.24999999999999));
#3763=CARTESIAN_POINT('Ctrl Pts',(1.98038475772928,-0.820302225368425,-5.19999999999999));
#3764=CARTESIAN_POINT('Ctrl Pts',(1.98038475772928,-3.63790778195005E-16,
-5.14999999999999));
#3765=CARTESIAN_POINT('Ctrl Pts',(1.98038475772928,0.820302225368425,-5.09999999999999));
#3766=CARTESIAN_POINT('Ctrl Pts',(1.40034349154885,1.40034349154885,-5.04999999999999));
#3767=CARTESIAN_POINT('Ctrl Pts',(0.820302225368425,1.98038475772928,-4.99999999999999));
#3768=CARTESIAN_POINT('Ctrl Pts',(0.,1.98038475772928,-4.94999999999999));
#3769=CARTESIAN_POINT('Ctrl Pts',(-0.820302225368424,1.98038475772928,-4.89999999999999));
#3770=CARTESIAN_POINT('Ctrl Pts',(-1.40034349154885,1.40034349154885,-4.84999999999999));
#3771=CARTESIAN_POINT('Ctrl Pts',(-1.98038475772928,0.820302225368424,-4.79999999999999));
#3772=CARTESIAN_POINT('Ctrl Pts',(-1.98038475772928,1.21263592731668E-16,
-4.74999999999999));
#3773=CARTESIAN_POINT('Ctrl Pts',(-1.98038475772928,-0.820302225368424,
-4.69999999999999));
#3774=CARTESIAN_POINT('Ctrl Pts',(-1.40034349154885,-1.40034349154885,-4.64999999999999));
#3775=CARTESIAN_POINT('Ctrl Pts',(-0.820302225368424,-1.98038475772928,
-4.59999999999999));
#3776=CARTESIAN_POINT('Ctrl Pts',(-2.42527185463337E-16,-1.98038475772928,
-4.54999999999999));
#3777=CARTESIAN_POINT('Ctrl Pts',(-2.42527185463337E-16,-1.98038475772928,
-5.45000000000001));
#3778=CARTESIAN_POINT('Ctrl Pts',(0.820302225368424,-1.98038475772928,-5.40000000000001));
#3779=CARTESIAN_POINT('Ctrl Pts',(1.40034349154885,-1.40034349154885,-5.35000000000001));
#3780=CARTESIAN_POINT('Ctrl Pts',(1.98038475772928,-0.820302225368425,-5.30000000000001));
#3781=CARTESIAN_POINT('Ctrl Pts',(1.98038475772928,-3.63790778195005E-16,
-5.25000000000001));
#3782=CARTESIAN_POINT('Ctrl Pts',(1.98038475772928,0.820302225368425,-5.20000000000001));
#3783=CARTESIAN_POINT('Ctrl Pts',(1.40034349154885,1.40034349154885,-5.15000000000001));
#3784=CARTESIAN_POINT('Ctrl Pts',(0.820302225368425,1.98038475772928,-5.10000000000001));
#3785=CARTESIAN_POINT('Ctrl Pts',(0.,1.98038475772928,-5.05000000000001));
#3786=CARTESIAN_POINT('Ctrl Pts',(-0.820302225368424,1.98038475772928,-5.00000000000001));
#3787=CARTESIAN_POINT('Ctrl Pts',(-1.40034349154885,1.40034349154885,-4.95000000000001));
#3788=CARTESIAN_POINT('Ctrl Pts',(-1.98038475772928,0.820302225368424,-4.90000000000001));
#3789=CARTESIAN_POINT('Ctrl Pts',(-1.98038475772928,1.21263592731668E-16,
-4.85000000000001));
#3790=CARTESIAN_POINT('Ctrl Pts',(-1.98038475772928,-0.820302225368424,
-4.80000000000001));
#3791=CARTESIAN_POINT('Ctrl Pts',(-1.40034349154885,-1.40034349154885,-4.75000000000001));
#3792=CARTESIAN_POINT('Ctrl Pts',(-0.820302225368424,-1.98038475772928,
-4.70000000000001));
#3793=CARTESIAN_POINT('Ctrl Pts',(-2.42527185463337E-16,-1.98038475772928,
-4.65000000000001));
#3794=CARTESIAN_POINT('Origin',(5.43966107523098E-16,2.77555756156289E-16,
-14.6));
#3795=CARTESIAN_POINT('',(5.43966107523099E-16,-1.98038475772928,-3.74999999999999));
#3796=CARTESIAN_POINT('',(5.43966107523099E-16,-1.98038475772928,-3.85000000000001));
#3797=CARTESIAN_POINT('',(1.33045940050953E-15,-1.98038475772928,-14.6));
#3798=CARTESIAN_POINT('Ctrl Pts',(-2.42527185463337E-16,-1.98038475772928,
-4.54999999999999));
#3799=CARTESIAN_POINT('Ctrl Pts',(0.820302225368424,-1.98038475772928,-4.49999999999999));
#3800=CARTESIAN_POINT('Ctrl Pts',(1.40034349154885,-1.40034349154885,-4.44999999999999));
#3801=CARTESIAN_POINT('Ctrl Pts',(1.98038475772928,-0.820302225368425,-4.39999999999999));
#3802=CARTESIAN_POINT('Ctrl Pts',(1.98038475772928,-3.63790778195005E-16,
-4.34999999999999));
#3803=CARTESIAN_POINT('Ctrl Pts',(1.98038475772928,0.820302225368425,-4.29999999999999));
#3804=CARTESIAN_POINT('Ctrl Pts',(1.40034349154885,1.40034349154885,-4.24999999999999));
#3805=CARTESIAN_POINT('Ctrl Pts',(0.820302225368425,1.98038475772928,-4.19999999999999));
#3806=CARTESIAN_POINT('Ctrl Pts',(0.,1.98038475772928,-4.14999999999999));
#3807=CARTESIAN_POINT('Ctrl Pts',(-0.820302225368424,1.98038475772928,-4.09999999999999));
#3808=CARTESIAN_POINT('Ctrl Pts',(-1.40034349154885,1.40034349154885,-4.04999999999999));
#3809=CARTESIAN_POINT('Ctrl Pts',(-1.98038475772928,0.820302225368424,-3.99999999999999));
#3810=CARTESIAN_POINT('Ctrl Pts',(-1.98038475772928,1.21263592731668E-16,
-3.94999999999999));
#3811=CARTESIAN_POINT('Ctrl Pts',(-1.98038475772928,-0.820302225368424,
-3.89999999999999));
#3812=CARTESIAN_POINT('Ctrl Pts',(-1.40034349154885,-1.40034349154885,-3.84999999999999));
#3813=CARTESIAN_POINT('Ctrl Pts',(-0.820302225368424,-1.98038475772928,
-3.79999999999999));
#3814=CARTESIAN_POINT('Ctrl Pts',(-2.42527185463337E-16,-1.98038475772928,
-3.74999999999999));
#3815=CARTESIAN_POINT('Ctrl Pts',(-2.42527185463337E-16,-1.98038475772928,
-4.65000000000001));
#3816=CARTESIAN_POINT('Ctrl Pts',(0.820302225368424,-1.98038475772928,-4.60000000000001));
#3817=CARTESIAN_POINT('Ctrl Pts',(1.40034349154885,-1.40034349154885,-4.55000000000001));
#3818=CARTESIAN_POINT('Ctrl Pts',(1.98038475772928,-0.820302225368425,-4.50000000000001));
#3819=CARTESIAN_POINT('Ctrl Pts',(1.98038475772928,-3.63790778195005E-16,
-4.45000000000001));
#3820=CARTESIAN_POINT('Ctrl Pts',(1.98038475772928,0.820302225368425,-4.40000000000001));
#3821=CARTESIAN_POINT('Ctrl Pts',(1.40034349154885,1.40034349154885,-4.35000000000001));
#3822=CARTESIAN_POINT('Ctrl Pts',(0.820302225368425,1.98038475772928,-4.30000000000001));
#3823=CARTESIAN_POINT('Ctrl Pts',(0.,1.98038475772928,-4.25000000000001));
#3824=CARTESIAN_POINT('Ctrl Pts',(-0.820302225368424,1.98038475772928,-4.20000000000001));
#3825=CARTESIAN_POINT('Ctrl Pts',(-1.40034349154885,1.40034349154885,-4.15000000000001));
#3826=CARTESIAN_POINT('Ctrl Pts',(-1.98038475772928,0.820302225368424,-4.10000000000001));
#3827=CARTESIAN_POINT('Ctrl Pts',(-1.98038475772928,1.21263592731668E-16,
-4.05000000000001));
#3828=CARTESIAN_POINT('Ctrl Pts',(-1.98038475772928,-0.820302225368424,
-4.00000000000001));
#3829=CARTESIAN_POINT('Ctrl Pts',(-1.40034349154885,-1.40034349154885,-3.95000000000001));
#3830=CARTESIAN_POINT('Ctrl Pts',(-0.820302225368424,-1.98038475772928,
-3.90000000000001));
#3831=CARTESIAN_POINT('Ctrl Pts',(-2.42527185463337E-16,-1.98038475772928,
-3.85000000000001));
#3832=CARTESIAN_POINT('Origin',(5.43966107523098E-16,2.77555756156289E-16,
-14.6));
#3833=CARTESIAN_POINT('',(5.43966107523099E-16,-1.98038475772928,-2.94999999999999));
#3834=CARTESIAN_POINT('',(5.43966107523099E-16,-1.98038475772928,-3.05000000000001));
#3835=CARTESIAN_POINT('',(1.33045940050953E-15,-1.98038475772928,-14.6));
#3836=CARTESIAN_POINT('Ctrl Pts',(-2.42527185463337E-16,-1.98038475772928,
-3.74999999999999));
#3837=CARTESIAN_POINT('Ctrl Pts',(0.820302225368424,-1.98038475772928,-3.69999999999999));
#3838=CARTESIAN_POINT('Ctrl Pts',(1.40034349154885,-1.40034349154885,-3.64999999999999));
#3839=CARTESIAN_POINT('Ctrl Pts',(1.98038475772928,-0.820302225368425,-3.59999999999999));
#3840=CARTESIAN_POINT('Ctrl Pts',(1.98038475772928,-3.63790778195005E-16,
-3.54999999999999));
#3841=CARTESIAN_POINT('Ctrl Pts',(1.98038475772928,0.820302225368425,-3.49999999999999));
#3842=CARTESIAN_POINT('Ctrl Pts',(1.40034349154885,1.40034349154885,-3.44999999999999));
#3843=CARTESIAN_POINT('Ctrl Pts',(0.820302225368425,1.98038475772928,-3.39999999999999));
#3844=CARTESIAN_POINT('Ctrl Pts',(0.,1.98038475772928,-3.34999999999999));
#3845=CARTESIAN_POINT('Ctrl Pts',(-0.820302225368424,1.98038475772928,-3.29999999999999));
#3846=CARTESIAN_POINT('Ctrl Pts',(-1.40034349154885,1.40034349154885,-3.24999999999999));
#3847=CARTESIAN_POINT('Ctrl Pts',(-1.98038475772928,0.820302225368424,-3.19999999999999));
#3848=CARTESIAN_POINT('Ctrl Pts',(-1.98038475772928,1.21263592731668E-16,
-3.14999999999999));
#3849=CARTESIAN_POINT('Ctrl Pts',(-1.98038475772928,-0.820302225368424,
-3.09999999999999));
#3850=CARTESIAN_POINT('Ctrl Pts',(-1.40034349154885,-1.40034349154885,-3.04999999999999));
#3851=CARTESIAN_POINT('Ctrl Pts',(-0.820302225368424,-1.98038475772928,
-2.99999999999999));
#3852=CARTESIAN_POINT('Ctrl Pts',(-2.42527185463337E-16,-1.98038475772928,
-2.94999999999999));
#3853=CARTESIAN_POINT('Ctrl Pts',(-2.42527185463337E-16,-1.98038475772928,
-3.85000000000001));
#3854=CARTESIAN_POINT('Ctrl Pts',(0.820302225368424,-1.98038475772928,-3.80000000000001));
#3855=CARTESIAN_POINT('Ctrl Pts',(1.40034349154885,-1.40034349154885,-3.75000000000001));
#3856=CARTESIAN_POINT('Ctrl Pts',(1.98038475772928,-0.820302225368425,-3.70000000000001));
#3857=CARTESIAN_POINT('Ctrl Pts',(1.98038475772928,-3.63790778195005E-16,
-3.65000000000001));
#3858=CARTESIAN_POINT('Ctrl Pts',(1.98038475772928,0.820302225368425,-3.60000000000001));
#3859=CARTESIAN_POINT('Ctrl Pts',(1.40034349154885,1.40034349154885,-3.55000000000001));
#3860=CARTESIAN_POINT('Ctrl Pts',(0.820302225368425,1.98038475772928,-3.50000000000001));
#3861=CARTESIAN_POINT('Ctrl Pts',(0.,1.98038475772928,-3.45000000000001));
#3862=CARTESIAN_POINT('Ctrl Pts',(-0.820302225368424,1.98038475772928,-3.40000000000001));
#3863=CARTESIAN_POINT('Ctrl Pts',(-1.40034349154885,1.40034349154885,-3.35000000000001));
#3864=CARTESIAN_POINT('Ctrl Pts',(-1.98038475772928,0.820302225368424,-3.30000000000001));
#3865=CARTESIAN_POINT('Ctrl Pts',(-1.98038475772928,1.21263592731668E-16,
-3.25000000000001));
#3866=CARTESIAN_POINT('Ctrl Pts',(-1.98038475772928,-0.820302225368424,
-3.20000000000001));
#3867=CARTESIAN_POINT('Ctrl Pts',(-1.40034349154885,-1.40034349154885,-3.15000000000001));
#3868=CARTESIAN_POINT('Ctrl Pts',(-0.820302225368424,-1.98038475772928,
-3.10000000000001));
#3869=CARTESIAN_POINT('Ctrl Pts',(-2.42527185463337E-16,-1.98038475772928,
-3.05000000000001));
#3870=CARTESIAN_POINT('Origin',(5.43966107523098E-16,2.77555756156289E-16,
-14.6));
#3871=CARTESIAN_POINT('',(5.43966107523099E-16,-1.98038475772928,-2.14999999999999));
#3872=CARTESIAN_POINT('',(5.43966107523099E-16,-1.98038475772928,-2.25000000000001));
#3873=CARTESIAN_POINT('',(1.33045940050953E-15,-1.98038475772928,-14.6));
#3874=CARTESIAN_POINT('Ctrl Pts',(-2.42527185463337E-16,-1.98038475772928,
-2.94999999999999));
#3875=CARTESIAN_POINT('Ctrl Pts',(0.820302225368424,-1.98038475772928,-2.89999999999999));
#3876=CARTESIAN_POINT('Ctrl Pts',(1.40034349154885,-1.40034349154885,-2.84999999999999));
#3877=CARTESIAN_POINT('Ctrl Pts',(1.98038475772928,-0.820302225368425,-2.79999999999999));
#3878=CARTESIAN_POINT('Ctrl Pts',(1.98038475772928,-3.63790778195005E-16,
-2.74999999999999));
#3879=CARTESIAN_POINT('Ctrl Pts',(1.98038475772928,0.820302225368425,-2.69999999999999));
#3880=CARTESIAN_POINT('Ctrl Pts',(1.40034349154885,1.40034349154885,-2.64999999999999));
#3881=CARTESIAN_POINT('Ctrl Pts',(0.820302225368425,1.98038475772928,-2.59999999999999));
#3882=CARTESIAN_POINT('Ctrl Pts',(0.,1.98038475772928,-2.54999999999999));
#3883=CARTESIAN_POINT('Ctrl Pts',(-0.820302225368424,1.98038475772928,-2.49999999999999));
#3884=CARTESIAN_POINT('Ctrl Pts',(-1.40034349154885,1.40034349154885,-2.44999999999999));
#3885=CARTESIAN_POINT('Ctrl Pts',(-1.98038475772928,0.820302225368424,-2.39999999999999));
#3886=CARTESIAN_POINT('Ctrl Pts',(-1.98038475772928,1.21263592731668E-16,
-2.34999999999999));
#3887=CARTESIAN_POINT('Ctrl Pts',(-1.98038475772928,-0.820302225368424,
-2.29999999999999));
#3888=CARTESIAN_POINT('Ctrl Pts',(-1.40034349154885,-1.40034349154885,-2.24999999999999));
#3889=CARTESIAN_POINT('Ctrl Pts',(-0.820302225368424,-1.98038475772928,
-2.19999999999999));
#3890=CARTESIAN_POINT('Ctrl Pts',(-2.42527185463337E-16,-1.98038475772928,
-2.14999999999999));
#3891=CARTESIAN_POINT('Ctrl Pts',(-2.42527185463337E-16,-1.98038475772928,
-3.05000000000001));
#3892=CARTESIAN_POINT('Ctrl Pts',(0.820302225368424,-1.98038475772928,-3.00000000000001));
#3893=CARTESIAN_POINT('Ctrl Pts',(1.40034349154885,-1.40034349154885,-2.95000000000001));
#3894=CARTESIAN_POINT('Ctrl Pts',(1.98038475772928,-0.820302225368425,-2.90000000000001));
#3895=CARTESIAN_POINT('Ctrl Pts',(1.98038475772928,-3.63790778195005E-16,
-2.85000000000001));
#3896=CARTESIAN_POINT('Ctrl Pts',(1.98038475772928,0.820302225368425,-2.80000000000001));
#3897=CARTESIAN_POINT('Ctrl Pts',(1.40034349154885,1.40034349154885,-2.75000000000001));
#3898=CARTESIAN_POINT('Ctrl Pts',(0.820302225368425,1.98038475772928,-2.70000000000001));
#3899=CARTESIAN_POINT('Ctrl Pts',(0.,1.98038475772928,-2.65000000000001));
#3900=CARTESIAN_POINT('Ctrl Pts',(-0.820302225368424,1.98038475772928,-2.60000000000001));
#3901=CARTESIAN_POINT('Ctrl Pts',(-1.40034349154885,1.40034349154885,-2.55000000000001));
#3902=CARTESIAN_POINT('Ctrl Pts',(-1.98038475772928,0.820302225368424,-2.50000000000001));
#3903=CARTESIAN_POINT('Ctrl Pts',(-1.98038475772928,1.21263592731668E-16,
-2.45000000000001));
#3904=CARTESIAN_POINT('Ctrl Pts',(-1.98038475772928,-0.820302225368424,
-2.40000000000001));
#3905=CARTESIAN_POINT('Ctrl Pts',(-1.40034349154885,-1.40034349154885,-2.35000000000001));
#3906=CARTESIAN_POINT('Ctrl Pts',(-0.820302225368424,-1.98038475772928,
-2.30000000000001));
#3907=CARTESIAN_POINT('Ctrl Pts',(-2.42527185463337E-16,-1.98038475772928,
-2.25000000000001));
#3908=CARTESIAN_POINT('Origin',(5.43966107523098E-16,2.77555756156289E-16,
-14.6));
#3909=CARTESIAN_POINT('',(5.43966107523099E-16,-1.98038475772928,-1.34999999999999));
#3910=CARTESIAN_POINT('',(5.43966107523099E-16,-1.98038475772928,-1.45000000000001));
#3911=CARTESIAN_POINT('',(1.33045940050953E-15,-1.98038475772928,-14.6));
#3912=CARTESIAN_POINT('Ctrl Pts',(-2.42527185463337E-16,-1.98038475772928,
-2.14999999999999));
#3913=CARTESIAN_POINT('Ctrl Pts',(0.820302225368424,-1.98038475772928,-2.09999999999999));
#3914=CARTESIAN_POINT('Ctrl Pts',(1.40034349154885,-1.40034349154885,-2.04999999999999));
#3915=CARTESIAN_POINT('Ctrl Pts',(1.98038475772928,-0.820302225368425,-1.99999999999999));
#3916=CARTESIAN_POINT('Ctrl Pts',(1.98038475772928,-3.63790778195005E-16,
-1.94999999999999));
#3917=CARTESIAN_POINT('Ctrl Pts',(1.98038475772928,0.820302225368425,-1.89999999999999));
#3918=CARTESIAN_POINT('Ctrl Pts',(1.40034349154885,1.40034349154885,-1.84999999999999));
#3919=CARTESIAN_POINT('Ctrl Pts',(0.820302225368425,1.98038475772928,-1.79999999999999));
#3920=CARTESIAN_POINT('Ctrl Pts',(0.,1.98038475772928,-1.74999999999999));
#3921=CARTESIAN_POINT('Ctrl Pts',(-0.820302225368424,1.98038475772928,-1.69999999999999));
#3922=CARTESIAN_POINT('Ctrl Pts',(-1.40034349154885,1.40034349154885,-1.64999999999999));
#3923=CARTESIAN_POINT('Ctrl Pts',(-1.98038475772928,0.820302225368424,-1.59999999999999));
#3924=CARTESIAN_POINT('Ctrl Pts',(-1.98038475772928,1.21263592731668E-16,
-1.54999999999999));
#3925=CARTESIAN_POINT('Ctrl Pts',(-1.98038475772928,-0.820302225368424,
-1.49999999999999));
#3926=CARTESIAN_POINT('Ctrl Pts',(-1.40034349154885,-1.40034349154885,-1.44999999999999));
#3927=CARTESIAN_POINT('Ctrl Pts',(-0.820302225368424,-1.98038475772928,
-1.39999999999999));
#3928=CARTESIAN_POINT('Ctrl Pts',(-2.42527185463337E-16,-1.98038475772928,
-1.34999999999999));
#3929=CARTESIAN_POINT('Ctrl Pts',(-2.42527185463337E-16,-1.98038475772928,
-2.25000000000001));
#3930=CARTESIAN_POINT('Ctrl Pts',(0.820302225368424,-1.98038475772928,-2.20000000000001));
#3931=CARTESIAN_POINT('Ctrl Pts',(1.40034349154885,-1.40034349154885,-2.15000000000001));
#3932=CARTESIAN_POINT('Ctrl Pts',(1.98038475772928,-0.820302225368425,-2.10000000000001));
#3933=CARTESIAN_POINT('Ctrl Pts',(1.98038475772928,-3.63790778195005E-16,
-2.05000000000001));
#3934=CARTESIAN_POINT('Ctrl Pts',(1.98038475772928,0.820302225368425,-2.00000000000001));
#3935=CARTESIAN_POINT('Ctrl Pts',(1.40034349154885,1.40034349154885,-1.95000000000001));
#3936=CARTESIAN_POINT('Ctrl Pts',(0.820302225368425,1.98038475772928,-1.90000000000001));
#3937=CARTESIAN_POINT('Ctrl Pts',(0.,1.98038475772928,-1.85000000000001));
#3938=CARTESIAN_POINT('Ctrl Pts',(-0.820302225368424,1.98038475772928,-1.80000000000001));
#3939=CARTESIAN_POINT('Ctrl Pts',(-1.40034349154885,1.40034349154885,-1.75000000000001));
#3940=CARTESIAN_POINT('Ctrl Pts',(-1.98038475772928,0.820302225368424,-1.70000000000001));
#3941=CARTESIAN_POINT('Ctrl Pts',(-1.98038475772928,1.21263592731668E-16,
-1.65000000000001));
#3942=CARTESIAN_POINT('Ctrl Pts',(-1.98038475772928,-0.820302225368424,
-1.60000000000001));
#3943=CARTESIAN_POINT('Ctrl Pts',(-1.40034349154885,-1.40034349154885,-1.55000000000001));
#3944=CARTESIAN_POINT('Ctrl Pts',(-0.820302225368424,-1.98038475772928,
-1.50000000000001));
#3945=CARTESIAN_POINT('Ctrl Pts',(-2.42527185463337E-16,-1.98038475772928,
-1.45000000000001));
#3946=CARTESIAN_POINT('Origin',(5.43966107523098E-16,2.77555756156289E-16,
-14.6));
#3947=CARTESIAN_POINT('',(5.43966107523099E-16,-1.98038475772928,-0.549999999999993));
#3948=CARTESIAN_POINT('',(5.43966107523099E-16,-1.98038475772928,-0.65000000000001));
#3949=CARTESIAN_POINT('',(1.33045940050953E-15,-1.98038475772928,-14.6));
#3950=CARTESIAN_POINT('Ctrl Pts',(-2.42527185463337E-16,-1.98038475772928,
-1.34999999999999));
#3951=CARTESIAN_POINT('Ctrl Pts',(0.820302225368424,-1.98038475772928,-1.29999999999999));
#3952=CARTESIAN_POINT('Ctrl Pts',(1.40034349154885,-1.40034349154885,-1.24999999999999));
#3953=CARTESIAN_POINT('Ctrl Pts',(1.98038475772928,-0.820302225368425,-1.19999999999999));
#3954=CARTESIAN_POINT('Ctrl Pts',(1.98038475772928,-3.63790778195005E-16,
-1.14999999999999));
#3955=CARTESIAN_POINT('Ctrl Pts',(1.98038475772928,0.820302225368425,-1.09999999999999));
#3956=CARTESIAN_POINT('Ctrl Pts',(1.40034349154885,1.40034349154885,-1.04999999999999));
#3957=CARTESIAN_POINT('Ctrl Pts',(0.820302225368425,1.98038475772928,-0.999999999999992));
#3958=CARTESIAN_POINT('Ctrl Pts',(0.,1.98038475772928,-0.949999999999993));
#3959=CARTESIAN_POINT('Ctrl Pts',(-0.820302225368424,1.98038475772928,-0.899999999999993));
#3960=CARTESIAN_POINT('Ctrl Pts',(-1.40034349154885,1.40034349154885,-0.849999999999993));
#3961=CARTESIAN_POINT('Ctrl Pts',(-1.98038475772928,0.820302225368424,-0.799999999999993));
#3962=CARTESIAN_POINT('Ctrl Pts',(-1.98038475772928,1.21263592731668E-16,
-0.749999999999992));
#3963=CARTESIAN_POINT('Ctrl Pts',(-1.98038475772928,-0.820302225368424,
-0.699999999999992));
#3964=CARTESIAN_POINT('Ctrl Pts',(-1.40034349154885,-1.40034349154885,-0.649999999999993));
#3965=CARTESIAN_POINT('Ctrl Pts',(-0.820302225368424,-1.98038475772928,
-0.599999999999993));
#3966=CARTESIAN_POINT('Ctrl Pts',(-2.42527185463337E-16,-1.98038475772928,
-0.549999999999993));
#3967=CARTESIAN_POINT('Ctrl Pts',(-2.42527185463337E-16,-1.98038475772928,
-1.45000000000001));
#3968=CARTESIAN_POINT('Ctrl Pts',(0.820302225368424,-1.98038475772928,-1.40000000000001));
#3969=CARTESIAN_POINT('Ctrl Pts',(1.40034349154885,-1.40034349154885,-1.35000000000001));
#3970=CARTESIAN_POINT('Ctrl Pts',(1.98038475772928,-0.820302225368425,-1.30000000000001));
#3971=CARTESIAN_POINT('Ctrl Pts',(1.98038475772928,-3.63790778195005E-16,
-1.25000000000001));
#3972=CARTESIAN_POINT('Ctrl Pts',(1.98038475772928,0.820302225368425,-1.20000000000001));
#3973=CARTESIAN_POINT('Ctrl Pts',(1.40034349154885,1.40034349154885,-1.15000000000001));
#3974=CARTESIAN_POINT('Ctrl Pts',(0.820302225368425,1.98038475772928,-1.10000000000001));
#3975=CARTESIAN_POINT('Ctrl Pts',(0.,1.98038475772928,-1.05000000000001));
#3976=CARTESIAN_POINT('Ctrl Pts',(-0.820302225368424,1.98038475772928,-1.00000000000001));
#3977=CARTESIAN_POINT('Ctrl Pts',(-1.40034349154885,1.40034349154885,-0.95000000000001));
#3978=CARTESIAN_POINT('Ctrl Pts',(-1.98038475772928,0.820302225368424,-0.90000000000001));
#3979=CARTESIAN_POINT('Ctrl Pts',(-1.98038475772928,1.21263592731668E-16,
-0.850000000000009));
#3980=CARTESIAN_POINT('Ctrl Pts',(-1.98038475772928,-0.820302225368424,
-0.800000000000009));
#3981=CARTESIAN_POINT('Ctrl Pts',(-1.40034349154885,-1.40034349154885,-0.750000000000009));
#3982=CARTESIAN_POINT('Ctrl Pts',(-0.820302225368424,-1.98038475772928,
-0.70000000000001));
#3983=CARTESIAN_POINT('Ctrl Pts',(-2.42527185463337E-16,-1.98038475772928,
-0.65000000000001));
#3984=CARTESIAN_POINT('Origin',(5.43966107523098E-16,2.77555756156289E-16,
-14.6));
#3985=CARTESIAN_POINT('',(5.43966107523099E-16,-1.98038475772928,0.250000000000007));
#3986=CARTESIAN_POINT('',(5.43966107523099E-16,-1.98038475772928,0.14999999999999));
#3987=CARTESIAN_POINT('',(1.33045940050953E-15,-1.98038475772928,-14.6));
#3988=CARTESIAN_POINT('Ctrl Pts',(-2.42527185463337E-16,-1.98038475772928,
-0.549999999999993));
#3989=CARTESIAN_POINT('Ctrl Pts',(0.820302225368424,-1.98038475772928,-0.499999999999994));
#3990=CARTESIAN_POINT('Ctrl Pts',(1.40034349154885,-1.40034349154885,-0.449999999999992));
#3991=CARTESIAN_POINT('Ctrl Pts',(1.98038475772928,-0.820302225368425,-0.399999999999992));
#3992=CARTESIAN_POINT('Ctrl Pts',(1.98038475772928,-3.63790778195005E-16,
-0.349999999999993));
#3993=CARTESIAN_POINT('Ctrl Pts',(1.98038475772928,0.820302225368425,-0.299999999999993));
#3994=CARTESIAN_POINT('Ctrl Pts',(1.40034349154885,1.40034349154885,-0.249999999999993));
#3995=CARTESIAN_POINT('Ctrl Pts',(0.820302225368425,1.98038475772928,-0.199999999999994));
#3996=CARTESIAN_POINT('Ctrl Pts',(0.,1.98038475772928,-0.149999999999992));
#3997=CARTESIAN_POINT('Ctrl Pts',(-0.820302225368424,1.98038475772928,-0.0999999999999925));
#3998=CARTESIAN_POINT('Ctrl Pts',(-1.40034349154885,1.40034349154885,-0.0499999999999928));
#3999=CARTESIAN_POINT('Ctrl Pts',(-1.98038475772928,0.820302225368424,6.93889390390723E-15));
#4000=CARTESIAN_POINT('Ctrl Pts',(-1.98038475772928,1.21263592731668E-16,
0.0500000000000066));
#4001=CARTESIAN_POINT('Ctrl Pts',(-1.98038475772928,-0.820302225368424,
0.100000000000008));
#4002=CARTESIAN_POINT('Ctrl Pts',(-1.40034349154885,-1.40034349154885,0.150000000000008));
#4003=CARTESIAN_POINT('Ctrl Pts',(-0.820302225368424,-1.98038475772928,
0.200000000000007));
#4004=CARTESIAN_POINT('Ctrl Pts',(-2.42527185463337E-16,-1.98038475772928,
0.250000000000007));
#4005=CARTESIAN_POINT('Ctrl Pts',(-2.42527185463337E-16,-1.98038475772928,
-0.65000000000001));
#4006=CARTESIAN_POINT('Ctrl Pts',(0.820302225368424,-1.98038475772928,-0.60000000000001));
#4007=CARTESIAN_POINT('Ctrl Pts',(1.40034349154885,-1.40034349154885,-0.550000000000009));
#4008=CARTESIAN_POINT('Ctrl Pts',(1.98038475772928,-0.820302225368425,-0.500000000000009));
#4009=CARTESIAN_POINT('Ctrl Pts',(1.98038475772928,-3.63790778195005E-16,
-0.450000000000009));
#4010=CARTESIAN_POINT('Ctrl Pts',(1.98038475772928,0.820302225368425,-0.40000000000001));
#4011=CARTESIAN_POINT('Ctrl Pts',(1.40034349154885,1.40034349154885,-0.35000000000001));
#4012=CARTESIAN_POINT('Ctrl Pts',(0.820302225368425,1.98038475772928,-0.30000000000001));
#4013=CARTESIAN_POINT('Ctrl Pts',(0.,1.98038475772928,-0.250000000000009));
#4014=CARTESIAN_POINT('Ctrl Pts',(-0.820302225368424,1.98038475772928,-0.200000000000009));
#4015=CARTESIAN_POINT('Ctrl Pts',(-1.40034349154885,1.40034349154885,-0.15000000000001));
#4016=CARTESIAN_POINT('Ctrl Pts',(-1.98038475772928,0.820302225368424,-0.10000000000001));
#4017=CARTESIAN_POINT('Ctrl Pts',(-1.98038475772928,1.21263592731668E-16,
-0.0500000000000101));
#4018=CARTESIAN_POINT('Ctrl Pts',(-1.98038475772928,-0.820302225368424,
-8.67361737988404E-15));
#4019=CARTESIAN_POINT('Ctrl Pts',(-1.40034349154885,-1.40034349154885,0.049999999999991));
#4020=CARTESIAN_POINT('Ctrl Pts',(-0.820302225368424,-1.98038475772928,
0.0999999999999907));
#4021=CARTESIAN_POINT('Ctrl Pts',(-2.42527185463337E-16,-1.98038475772928,
0.14999999999999));
#4022=CARTESIAN_POINT('Origin',(5.43966107523098E-16,2.77555756156289E-16,
-14.6));
#4023=CARTESIAN_POINT('',(5.43966107523099E-16,-1.98038475772928,1.05000000000001));
#4024=CARTESIAN_POINT('',(5.43966107523099E-16,-1.98038475772928,0.949999999999991));
#4025=CARTESIAN_POINT('',(1.33045940050953E-15,-1.98038475772928,-14.6));
#4026=CARTESIAN_POINT('Ctrl Pts',(-2.42527185463337E-16,-1.98038475772928,
0.250000000000007));
#4027=CARTESIAN_POINT('Ctrl Pts',(0.820302225368424,-1.98038475772928,0.300000000000007));
#4028=CARTESIAN_POINT('Ctrl Pts',(1.40034349154885,-1.40034349154885,0.350000000000007));
#4029=CARTESIAN_POINT('Ctrl Pts',(1.98038475772928,-0.820302225368425,0.400000000000008));
#4030=CARTESIAN_POINT('Ctrl Pts',(1.98038475772928,-3.63790778195005E-16,
0.450000000000008));
#4031=CARTESIAN_POINT('Ctrl Pts',(1.98038475772928,0.820302225368425,0.500000000000007));
#4032=CARTESIAN_POINT('Ctrl Pts',(1.40034349154885,1.40034349154885,0.550000000000007));
#4033=CARTESIAN_POINT('Ctrl Pts',(0.820302225368425,1.98038475772928,0.600000000000007));
#4034=CARTESIAN_POINT('Ctrl Pts',(0.,1.98038475772928,0.650000000000007));
#4035=CARTESIAN_POINT('Ctrl Pts',(-0.820302225368424,1.98038475772928,0.700000000000008));
#4036=CARTESIAN_POINT('Ctrl Pts',(-1.40034349154885,1.40034349154885,0.750000000000008));
#4037=CARTESIAN_POINT('Ctrl Pts',(-1.98038475772928,0.820302225368424,0.800000000000007));
#4038=CARTESIAN_POINT('Ctrl Pts',(-1.98038475772928,1.21263592731668E-16,
0.850000000000007));
#4039=CARTESIAN_POINT('Ctrl Pts',(-1.98038475772928,-0.820302225368424,
0.900000000000007));
#4040=CARTESIAN_POINT('Ctrl Pts',(-1.40034349154885,-1.40034349154885,0.950000000000006));
#4041=CARTESIAN_POINT('Ctrl Pts',(-0.820302225368424,-1.98038475772928,
1.00000000000001));
#4042=CARTESIAN_POINT('Ctrl Pts',(-2.42527185463337E-16,-1.98038475772928,
1.05000000000001));
#4043=CARTESIAN_POINT('Ctrl Pts',(-2.42527185463337E-16,-1.98038475772928,
0.14999999999999));
#4044=CARTESIAN_POINT('Ctrl Pts',(0.820302225368424,-1.98038475772928,0.19999999999999));
#4045=CARTESIAN_POINT('Ctrl Pts',(1.40034349154885,-1.40034349154885,0.24999999999999));
#4046=CARTESIAN_POINT('Ctrl Pts',(1.98038475772928,-0.820302225368425,0.299999999999991));
#4047=CARTESIAN_POINT('Ctrl Pts',(1.98038475772928,-3.63790778195005E-16,
0.349999999999991));
#4048=CARTESIAN_POINT('Ctrl Pts',(1.98038475772928,0.820302225368425,0.399999999999991));
#4049=CARTESIAN_POINT('Ctrl Pts',(1.40034349154885,1.40034349154885,0.44999999999999));
#4050=CARTESIAN_POINT('Ctrl Pts',(0.820302225368425,1.98038475772928,0.49999999999999));
#4051=CARTESIAN_POINT('Ctrl Pts',(0.,1.98038475772928,0.54999999999999));
#4052=CARTESIAN_POINT('Ctrl Pts',(-0.820302225368424,1.98038475772928,0.599999999999991));
#4053=CARTESIAN_POINT('Ctrl Pts',(-1.40034349154885,1.40034349154885,0.649999999999991));
#4054=CARTESIAN_POINT('Ctrl Pts',(-1.98038475772928,0.820302225368424,0.699999999999991));
#4055=CARTESIAN_POINT('Ctrl Pts',(-1.98038475772928,1.21263592731668E-16,
0.74999999999999));
#4056=CARTESIAN_POINT('Ctrl Pts',(-1.98038475772928,-0.820302225368424,
0.79999999999999));
#4057=CARTESIAN_POINT('Ctrl Pts',(-1.40034349154885,-1.40034349154885,0.84999999999999));
#4058=CARTESIAN_POINT('Ctrl Pts',(-0.820302225368424,-1.98038475772928,
0.899999999999991));
#4059=CARTESIAN_POINT('Ctrl Pts',(-2.42527185463337E-16,-1.98038475772928,
0.949999999999991));
#4060=CARTESIAN_POINT('Origin',(5.43966107523098E-16,2.77555756156289E-16,
-14.6));
#4061=CARTESIAN_POINT('',(5.43966107523099E-16,-1.98038475772928,1.85000000000001));
#4062=CARTESIAN_POINT('',(5.43966107523099E-16,-1.98038475772928,1.74999999999999));
#4063=CARTESIAN_POINT('',(1.33045940050953E-15,-1.98038475772928,-14.6));
#4064=CARTESIAN_POINT('Ctrl Pts',(-2.42527185463337E-16,-1.98038475772928,
1.05000000000001));
#4065=CARTESIAN_POINT('Ctrl Pts',(0.820302225368424,-1.98038475772928,1.10000000000001));
#4066=CARTESIAN_POINT('Ctrl Pts',(1.40034349154885,-1.40034349154885,1.15000000000001));
#4067=CARTESIAN_POINT('Ctrl Pts',(1.98038475772928,-0.820302225368425,1.20000000000001));
#4068=CARTESIAN_POINT('Ctrl Pts',(1.98038475772928,-3.63790778195005E-16,
1.25000000000001));
#4069=CARTESIAN_POINT('Ctrl Pts',(1.98038475772928,0.820302225368425,1.30000000000001));
#4070=CARTESIAN_POINT('Ctrl Pts',(1.40034349154885,1.40034349154885,1.35000000000001));
#4071=CARTESIAN_POINT('Ctrl Pts',(0.820302225368425,1.98038475772928,1.40000000000001));
#4072=CARTESIAN_POINT('Ctrl Pts',(0.,1.98038475772928,1.45000000000001));
#4073=CARTESIAN_POINT('Ctrl Pts',(-0.820302225368424,1.98038475772928,1.50000000000001));
#4074=CARTESIAN_POINT('Ctrl Pts',(-1.40034349154885,1.40034349154885,1.55000000000001));
#4075=CARTESIAN_POINT('Ctrl Pts',(-1.98038475772928,0.820302225368424,1.60000000000001));
#4076=CARTESIAN_POINT('Ctrl Pts',(-1.98038475772928,1.21263592731668E-16,
1.65000000000001));
#4077=CARTESIAN_POINT('Ctrl Pts',(-1.98038475772928,-0.820302225368424,
1.70000000000001));
#4078=CARTESIAN_POINT('Ctrl Pts',(-1.40034349154885,-1.40034349154885,1.75000000000001));
#4079=CARTESIAN_POINT('Ctrl Pts',(-0.820302225368424,-1.98038475772928,
1.80000000000001));
#4080=CARTESIAN_POINT('Ctrl Pts',(-2.42527185463337E-16,-1.98038475772928,
1.85000000000001));
#4081=CARTESIAN_POINT('Ctrl Pts',(-2.42527185463337E-16,-1.98038475772928,
0.949999999999991));
#4082=CARTESIAN_POINT('Ctrl Pts',(0.820302225368424,-1.98038475772928,0.99999999999999));
#4083=CARTESIAN_POINT('Ctrl Pts',(1.40034349154885,-1.40034349154885,1.04999999999999));
#4084=CARTESIAN_POINT('Ctrl Pts',(1.98038475772928,-0.820302225368425,1.09999999999999));
#4085=CARTESIAN_POINT('Ctrl Pts',(1.98038475772928,-3.63790778195005E-16,
1.14999999999999));
#4086=CARTESIAN_POINT('Ctrl Pts',(1.98038475772928,0.820302225368425,1.19999999999999));
#4087=CARTESIAN_POINT('Ctrl Pts',(1.40034349154885,1.40034349154885,1.24999999999999));
#4088=CARTESIAN_POINT('Ctrl Pts',(0.820302225368425,1.98038475772928,1.29999999999999));
#4089=CARTESIAN_POINT('Ctrl Pts',(0.,1.98038475772928,1.34999999999999));
#4090=CARTESIAN_POINT('Ctrl Pts',(-0.820302225368424,1.98038475772928,1.39999999999999));
#4091=CARTESIAN_POINT('Ctrl Pts',(-1.40034349154885,1.40034349154885,1.44999999999999));
#4092=CARTESIAN_POINT('Ctrl Pts',(-1.98038475772928,0.820302225368424,1.49999999999999));
#4093=CARTESIAN_POINT('Ctrl Pts',(-1.98038475772928,1.21263592731668E-16,
1.54999999999999));
#4094=CARTESIAN_POINT('Ctrl Pts',(-1.98038475772928,-0.820302225368424,
1.59999999999999));
#4095=CARTESIAN_POINT('Ctrl Pts',(-1.40034349154885,-1.40034349154885,1.64999999999999));
#4096=CARTESIAN_POINT('Ctrl Pts',(-0.820302225368424,-1.98038475772928,
1.69999999999999));
#4097=CARTESIAN_POINT('Ctrl Pts',(-2.42527185463337E-16,-1.98038475772928,
1.74999999999999));
#4098=CARTESIAN_POINT('Origin',(5.43966107523098E-16,2.77555756156289E-16,
-14.6));
#4099=CARTESIAN_POINT('',(5.43966107523099E-16,-1.98038475772928,2.65000000000001));
#4100=CARTESIAN_POINT('',(5.43966107523099E-16,-1.98038475772928,2.54999999999999));
#4101=CARTESIAN_POINT('',(1.33045940050953E-15,-1.98038475772928,-14.6));
#4102=CARTESIAN_POINT('Ctrl Pts',(-2.42527185463337E-16,-1.98038475772928,
1.85000000000001));
#4103=CARTESIAN_POINT('Ctrl Pts',(0.820302225368424,-1.98038475772928,1.90000000000001));
#4104=CARTESIAN_POINT('Ctrl Pts',(1.40034349154885,-1.40034349154885,1.95000000000001));
#4105=CARTESIAN_POINT('Ctrl Pts',(1.98038475772928,-0.820302225368425,2.00000000000001));
#4106=CARTESIAN_POINT('Ctrl Pts',(1.98038475772928,-3.63790778195005E-16,
2.05000000000001));
#4107=CARTESIAN_POINT('Ctrl Pts',(1.98038475772928,0.820302225368425,2.10000000000001));
#4108=CARTESIAN_POINT('Ctrl Pts',(1.40034349154885,1.40034349154885,2.15000000000001));
#4109=CARTESIAN_POINT('Ctrl Pts',(0.820302225368425,1.98038475772928,2.20000000000001));
#4110=CARTESIAN_POINT('Ctrl Pts',(0.,1.98038475772928,2.25000000000001));
#4111=CARTESIAN_POINT('Ctrl Pts',(-0.820302225368424,1.98038475772928,2.30000000000001));
#4112=CARTESIAN_POINT('Ctrl Pts',(-1.40034349154885,1.40034349154885,2.35000000000001));
#4113=CARTESIAN_POINT('Ctrl Pts',(-1.98038475772928,0.820302225368424,2.40000000000001));
#4114=CARTESIAN_POINT('Ctrl Pts',(-1.98038475772928,1.21263592731668E-16,
2.45000000000001));
#4115=CARTESIAN_POINT('Ctrl Pts',(-1.98038475772928,-0.820302225368424,
2.50000000000001));
#4116=CARTESIAN_POINT('Ctrl Pts',(-1.40034349154885,-1.40034349154885,2.55000000000001));
#4117=CARTESIAN_POINT('Ctrl Pts',(-0.820302225368424,-1.98038475772928,
2.60000000000001));
#4118=CARTESIAN_POINT('Ctrl Pts',(-2.42527185463337E-16,-1.98038475772928,
2.65000000000001));
#4119=CARTESIAN_POINT('Ctrl Pts',(-2.42527185463337E-16,-1.98038475772928,
1.74999999999999));
#4120=CARTESIAN_POINT('Ctrl Pts',(0.820302225368424,-1.98038475772928,1.79999999999999));
#4121=CARTESIAN_POINT('Ctrl Pts',(1.40034349154885,-1.40034349154885,1.84999999999999));
#4122=CARTESIAN_POINT('Ctrl Pts',(1.98038475772928,-0.820302225368425,1.89999999999999));
#4123=CARTESIAN_POINT('Ctrl Pts',(1.98038475772928,-3.63790778195005E-16,
1.94999999999999));
#4124=CARTESIAN_POINT('Ctrl Pts',(1.98038475772928,0.820302225368425,1.99999999999999));
#4125=CARTESIAN_POINT('Ctrl Pts',(1.40034349154885,1.40034349154885,2.04999999999999));
#4126=CARTESIAN_POINT('Ctrl Pts',(0.820302225368425,1.98038475772928,2.09999999999999));
#4127=CARTESIAN_POINT('Ctrl Pts',(0.,1.98038475772928,2.14999999999999));
#4128=CARTESIAN_POINT('Ctrl Pts',(-0.820302225368424,1.98038475772928,2.19999999999999));
#4129=CARTESIAN_POINT('Ctrl Pts',(-1.40034349154885,1.40034349154885,2.24999999999999));
#4130=CARTESIAN_POINT('Ctrl Pts',(-1.98038475772928,0.820302225368424,2.29999999999999));
#4131=CARTESIAN_POINT('Ctrl Pts',(-1.98038475772928,1.21263592731668E-16,
2.34999999999999));
#4132=CARTESIAN_POINT('Ctrl Pts',(-1.98038475772928,-0.820302225368424,
2.39999999999999));
#4133=CARTESIAN_POINT('Ctrl Pts',(-1.40034349154885,-1.40034349154885,2.44999999999999));
#4134=CARTESIAN_POINT('Ctrl Pts',(-0.820302225368424,-1.98038475772928,
2.49999999999999));
#4135=CARTESIAN_POINT('Ctrl Pts',(-2.42527185463337E-16,-1.98038475772928,
2.54999999999999));
#4136=CARTESIAN_POINT('Origin',(5.43966107523098E-16,2.77555756156289E-16,
-14.6));
#4137=CARTESIAN_POINT('',(5.43966107523099E-16,-1.98038475772928,3.45000000000001));
#4138=CARTESIAN_POINT('',(5.43966107523099E-16,-1.98038475772928,3.34999999999999));
#4139=CARTESIAN_POINT('',(1.33045940050953E-15,-1.98038475772928,-14.6));
#4140=CARTESIAN_POINT('Ctrl Pts',(-2.42527185463337E-16,-1.98038475772928,
2.65000000000001));
#4141=CARTESIAN_POINT('Ctrl Pts',(0.820302225368424,-1.98038475772928,2.70000000000001));
#4142=CARTESIAN_POINT('Ctrl Pts',(1.40034349154885,-1.40034349154885,2.75000000000001));
#4143=CARTESIAN_POINT('Ctrl Pts',(1.98038475772928,-0.820302225368425,2.80000000000001));
#4144=CARTESIAN_POINT('Ctrl Pts',(1.98038475772928,-3.63790778195005E-16,
2.85000000000001));
#4145=CARTESIAN_POINT('Ctrl Pts',(1.98038475772928,0.820302225368425,2.90000000000001));
#4146=CARTESIAN_POINT('Ctrl Pts',(1.40034349154885,1.40034349154885,2.95000000000001));
#4147=CARTESIAN_POINT('Ctrl Pts',(0.820302225368425,1.98038475772928,3.00000000000001));
#4148=CARTESIAN_POINT('Ctrl Pts',(0.,1.98038475772928,3.05000000000001));
#4149=CARTESIAN_POINT('Ctrl Pts',(-0.820302225368424,1.98038475772928,3.10000000000001));
#4150=CARTESIAN_POINT('Ctrl Pts',(-1.40034349154885,1.40034349154885,3.15000000000001));
#4151=CARTESIAN_POINT('Ctrl Pts',(-1.98038475772928,0.820302225368424,3.20000000000001));
#4152=CARTESIAN_POINT('Ctrl Pts',(-1.98038475772928,1.21263592731668E-16,
3.25000000000001));
#4153=CARTESIAN_POINT('Ctrl Pts',(-1.98038475772928,-0.820302225368424,
3.30000000000001));
#4154=CARTESIAN_POINT('Ctrl Pts',(-1.40034349154885,-1.40034349154885,3.35000000000001));
#4155=CARTESIAN_POINT('Ctrl Pts',(-0.820302225368424,-1.98038475772928,
3.40000000000001));
#4156=CARTESIAN_POINT('Ctrl Pts',(-2.42527185463337E-16,-1.98038475772928,
3.45000000000001));
#4157=CARTESIAN_POINT('Ctrl Pts',(-2.42527185463337E-16,-1.98038475772928,
2.54999999999999));
#4158=CARTESIAN_POINT('Ctrl Pts',(0.820302225368424,-1.98038475772928,2.59999999999999));
#4159=CARTESIAN_POINT('Ctrl Pts',(1.40034349154885,-1.40034349154885,2.64999999999999));
#4160=CARTESIAN_POINT('Ctrl Pts',(1.98038475772928,-0.820302225368425,2.69999999999999));
#4161=CARTESIAN_POINT('Ctrl Pts',(1.98038475772928,-3.63790778195005E-16,
2.74999999999999));
#4162=CARTESIAN_POINT('Ctrl Pts',(1.98038475772928,0.820302225368425,2.79999999999999));
#4163=CARTESIAN_POINT('Ctrl Pts',(1.40034349154885,1.40034349154885,2.84999999999999));
#4164=CARTESIAN_POINT('Ctrl Pts',(0.820302225368425,1.98038475772928,2.89999999999999));
#4165=CARTESIAN_POINT('Ctrl Pts',(0.,1.98038475772928,2.94999999999999));
#4166=CARTESIAN_POINT('Ctrl Pts',(-0.820302225368424,1.98038475772928,2.99999999999999));
#4167=CARTESIAN_POINT('Ctrl Pts',(-1.40034349154885,1.40034349154885,3.04999999999999));
#4168=CARTESIAN_POINT('Ctrl Pts',(-1.98038475772928,0.820302225368424,3.09999999999999));
#4169=CARTESIAN_POINT('Ctrl Pts',(-1.98038475772928,1.21263592731668E-16,
3.14999999999999));
#4170=CARTESIAN_POINT('Ctrl Pts',(-1.98038475772928,-0.820302225368424,
3.19999999999999));
#4171=CARTESIAN_POINT('Ctrl Pts',(-1.40034349154885,-1.40034349154885,3.24999999999999));
#4172=CARTESIAN_POINT('Ctrl Pts',(-0.820302225368424,-1.98038475772928,
3.29999999999999));
#4173=CARTESIAN_POINT('Ctrl Pts',(-2.42527185463337E-16,-1.98038475772928,
3.34999999999999));
#4174=CARTESIAN_POINT('Origin',(5.43966107523098E-16,2.77555756156289E-16,
-14.6));
#4175=CARTESIAN_POINT('',(5.43966107523099E-16,-1.98038475772928,4.25000000000001));
#4176=CARTESIAN_POINT('',(5.43966107523099E-16,-1.98038475772928,4.14999999999999));
#4177=CARTESIAN_POINT('',(1.33045940050953E-15,-1.98038475772928,-14.6));
#4178=CARTESIAN_POINT('Ctrl Pts',(-2.42527185463337E-16,-1.98038475772928,
3.45000000000001));
#4179=CARTESIAN_POINT('Ctrl Pts',(0.820302225368424,-1.98038475772928,3.50000000000001));
#4180=CARTESIAN_POINT('Ctrl Pts',(1.40034349154885,-1.40034349154885,3.55000000000001));
#4181=CARTESIAN_POINT('Ctrl Pts',(1.98038475772928,-0.820302225368425,3.60000000000001));
#4182=CARTESIAN_POINT('Ctrl Pts',(1.98038475772928,-3.63790778195005E-16,
3.65000000000001));
#4183=CARTESIAN_POINT('Ctrl Pts',(1.98038475772928,0.820302225368425,3.70000000000001));
#4184=CARTESIAN_POINT('Ctrl Pts',(1.40034349154885,1.40034349154885,3.75000000000001));
#4185=CARTESIAN_POINT('Ctrl Pts',(0.820302225368425,1.98038475772928,3.80000000000001));
#4186=CARTESIAN_POINT('Ctrl Pts',(0.,1.98038475772928,3.85000000000001));
#4187=CARTESIAN_POINT('Ctrl Pts',(-0.820302225368424,1.98038475772928,3.90000000000001));
#4188=CARTESIAN_POINT('Ctrl Pts',(-1.40034349154885,1.40034349154885,3.95000000000001));
#4189=CARTESIAN_POINT('Ctrl Pts',(-1.98038475772928,0.820302225368424,4.00000000000001));
#4190=CARTESIAN_POINT('Ctrl Pts',(-1.98038475772928,1.21263592731668E-16,
4.05000000000001));
#4191=CARTESIAN_POINT('Ctrl Pts',(-1.98038475772928,-0.820302225368424,
4.10000000000001));
#4192=CARTESIAN_POINT('Ctrl Pts',(-1.40034349154885,-1.40034349154885,4.15000000000001));
#4193=CARTESIAN_POINT('Ctrl Pts',(-0.820302225368424,-1.98038475772928,
4.20000000000001));
#4194=CARTESIAN_POINT('Ctrl Pts',(-2.42527185463337E-16,-1.98038475772928,
4.25000000000001));
#4195=CARTESIAN_POINT('Ctrl Pts',(-2.42527185463337E-16,-1.98038475772928,
3.34999999999999));
#4196=CARTESIAN_POINT('Ctrl Pts',(0.820302225368424,-1.98038475772928,3.39999999999999));
#4197=CARTESIAN_POINT('Ctrl Pts',(1.40034349154885,-1.40034349154885,3.44999999999999));
#4198=CARTESIAN_POINT('Ctrl Pts',(1.98038475772928,-0.820302225368425,3.49999999999999));
#4199=CARTESIAN_POINT('Ctrl Pts',(1.98038475772928,-3.63790778195005E-16,
3.54999999999999));
#4200=CARTESIAN_POINT('Ctrl Pts',(1.98038475772928,0.820302225368425,3.59999999999999));
#4201=CARTESIAN_POINT('Ctrl Pts',(1.40034349154885,1.40034349154885,3.64999999999999));
#4202=CARTESIAN_POINT('Ctrl Pts',(0.820302225368425,1.98038475772928,3.69999999999999));
#4203=CARTESIAN_POINT('Ctrl Pts',(0.,1.98038475772928,3.74999999999999));
#4204=CARTESIAN_POINT('Ctrl Pts',(-0.820302225368424,1.98038475772928,3.79999999999999));
#4205=CARTESIAN_POINT('Ctrl Pts',(-1.40034349154885,1.40034349154885,3.84999999999999));
#4206=CARTESIAN_POINT('Ctrl Pts',(-1.98038475772928,0.820302225368424,3.89999999999999));
#4207=CARTESIAN_POINT('Ctrl Pts',(-1.98038475772928,1.21263592731668E-16,
3.94999999999999));
#4208=CARTESIAN_POINT('Ctrl Pts',(-1.98038475772928,-0.820302225368424,
3.99999999999999));
#4209=CARTESIAN_POINT('Ctrl Pts',(-1.40034349154885,-1.40034349154885,4.04999999999999));
#4210=CARTESIAN_POINT('Ctrl Pts',(-0.820302225368424,-1.98038475772928,
4.09999999999999));
#4211=CARTESIAN_POINT('Ctrl Pts',(-2.42527185463337E-16,-1.98038475772928,
4.14999999999999));
#4212=CARTESIAN_POINT('Origin',(5.43966107523098E-16,2.77555756156289E-16,
-14.6));
#4213=CARTESIAN_POINT('',(5.43966107523099E-16,-1.98038475772928,5.05000000000001));
#4214=CARTESIAN_POINT('',(5.43966107523099E-16,-1.98038475772928,4.94999999999999));
#4215=CARTESIAN_POINT('',(1.33045940050953E-15,-1.98038475772928,-14.6));
#4216=CARTESIAN_POINT('Ctrl Pts',(-2.42527185463337E-16,-1.98038475772928,
4.25000000000001));
#4217=CARTESIAN_POINT('Ctrl Pts',(0.820302225368424,-1.98038475772928,4.30000000000001));
#4218=CARTESIAN_POINT('Ctrl Pts',(1.40034349154885,-1.40034349154885,4.35000000000001));
#4219=CARTESIAN_POINT('Ctrl Pts',(1.98038475772928,-0.820302225368425,4.40000000000001));
#4220=CARTESIAN_POINT('Ctrl Pts',(1.98038475772928,-3.63790778195005E-16,
4.45000000000001));
#4221=CARTESIAN_POINT('Ctrl Pts',(1.98038475772928,0.820302225368425,4.50000000000001));
#4222=CARTESIAN_POINT('Ctrl Pts',(1.40034349154885,1.40034349154885,4.55000000000001));
#4223=CARTESIAN_POINT('Ctrl Pts',(0.820302225368425,1.98038475772928,4.60000000000001));
#4224=CARTESIAN_POINT('Ctrl Pts',(0.,1.98038475772928,4.65000000000001));
#4225=CARTESIAN_POINT('Ctrl Pts',(-0.820302225368424,1.98038475772928,4.70000000000001));
#4226=CARTESIAN_POINT('Ctrl Pts',(-1.40034349154885,1.40034349154885,4.75000000000001));
#4227=CARTESIAN_POINT('Ctrl Pts',(-1.98038475772928,0.820302225368424,4.80000000000001));
#4228=CARTESIAN_POINT('Ctrl Pts',(-1.98038475772928,1.21263592731668E-16,
4.85000000000001));
#4229=CARTESIAN_POINT('Ctrl Pts',(-1.98038475772928,-0.820302225368424,
4.90000000000001));
#4230=CARTESIAN_POINT('Ctrl Pts',(-1.40034349154885,-1.40034349154885,4.95000000000001));
#4231=CARTESIAN_POINT('Ctrl Pts',(-0.820302225368424,-1.98038475772928,
5.00000000000001));
#4232=CARTESIAN_POINT('Ctrl Pts',(-2.42527185463337E-16,-1.98038475772928,
5.05000000000001));
#4233=CARTESIAN_POINT('Ctrl Pts',(-2.42527185463337E-16,-1.98038475772928,
4.14999999999999));
#4234=CARTESIAN_POINT('Ctrl Pts',(0.820302225368424,-1.98038475772928,4.19999999999999));
#4235=CARTESIAN_POINT('Ctrl Pts',(1.40034349154885,-1.40034349154885,4.24999999999999));
#4236=CARTESIAN_POINT('Ctrl Pts',(1.98038475772928,-0.820302225368425,4.29999999999999));
#4237=CARTESIAN_POINT('Ctrl Pts',(1.98038475772928,-3.63790778195005E-16,
4.34999999999999));
#4238=CARTESIAN_POINT('Ctrl Pts',(1.98038475772928,0.820302225368425,4.39999999999999));
#4239=CARTESIAN_POINT('Ctrl Pts',(1.40034349154885,1.40034349154885,4.44999999999999));
#4240=CARTESIAN_POINT('Ctrl Pts',(0.820302225368425,1.98038475772928,4.49999999999999));
#4241=CARTESIAN_POINT('Ctrl Pts',(0.,1.98038475772928,4.54999999999999));
#4242=CARTESIAN_POINT('Ctrl Pts',(-0.820302225368424,1.98038475772928,4.59999999999999));
#4243=CARTESIAN_POINT('Ctrl Pts',(-1.40034349154885,1.40034349154885,4.64999999999999));
#4244=CARTESIAN_POINT('Ctrl Pts',(-1.98038475772928,0.820302225368424,4.69999999999999));
#4245=CARTESIAN_POINT('Ctrl Pts',(-1.98038475772928,1.21263592731668E-16,
4.74999999999999));
#4246=CARTESIAN_POINT('Ctrl Pts',(-1.98038475772928,-0.820302225368424,
4.79999999999999));
#4247=CARTESIAN_POINT('Ctrl Pts',(-1.40034349154885,-1.40034349154885,4.84999999999999));
#4248=CARTESIAN_POINT('Ctrl Pts',(-0.820302225368424,-1.98038475772928,
4.89999999999999));
#4249=CARTESIAN_POINT('Ctrl Pts',(-2.42527185463337E-16,-1.98038475772928,
4.94999999999999));
#4250=CARTESIAN_POINT('Origin',(5.43966107523098E-16,2.77555756156289E-16,
-14.6));
#4251=CARTESIAN_POINT('',(5.43966107523099E-16,-1.98038475772928,5.85000000000001));
#4252=CARTESIAN_POINT('',(5.43966107523099E-16,-1.98038475772928,5.74999999999999));
#4253=CARTESIAN_POINT('',(1.33045940050953E-15,-1.98038475772928,-14.6));
#4254=CARTESIAN_POINT('Ctrl Pts',(-2.42527185463337E-16,-1.98038475772928,
5.05000000000001));
#4255=CARTESIAN_POINT('Ctrl Pts',(0.820302225368424,-1.98038475772928,5.10000000000001));
#4256=CARTESIAN_POINT('Ctrl Pts',(1.40034349154885,-1.40034349154885,5.15000000000001));
#4257=CARTESIAN_POINT('Ctrl Pts',(1.98038475772928,-0.820302225368425,5.20000000000001));
#4258=CARTESIAN_POINT('Ctrl Pts',(1.98038475772928,-3.63790778195005E-16,
5.25000000000001));
#4259=CARTESIAN_POINT('Ctrl Pts',(1.98038475772928,0.820302225368425,5.30000000000001));
#4260=CARTESIAN_POINT('Ctrl Pts',(1.40034349154885,1.40034349154885,5.35000000000001));
#4261=CARTESIAN_POINT('Ctrl Pts',(0.820302225368425,1.98038475772928,5.40000000000001));
#4262=CARTESIAN_POINT('Ctrl Pts',(0.,1.98038475772928,5.45000000000001));
#4263=CARTESIAN_POINT('Ctrl Pts',(-0.820302225368424,1.98038475772928,5.50000000000001));
#4264=CARTESIAN_POINT('Ctrl Pts',(-1.40034349154885,1.40034349154885,5.55000000000001));
#4265=CARTESIAN_POINT('Ctrl Pts',(-1.98038475772928,0.820302225368424,5.60000000000001));
#4266=CARTESIAN_POINT('Ctrl Pts',(-1.98038475772928,1.21263592731668E-16,
5.65000000000001));
#4267=CARTESIAN_POINT('Ctrl Pts',(-1.98038475772928,-0.820302225368424,
5.70000000000001));
#4268=CARTESIAN_POINT('Ctrl Pts',(-1.40034349154885,-1.40034349154885,5.75000000000001));
#4269=CARTESIAN_POINT('Ctrl Pts',(-0.820302225368424,-1.98038475772928,
5.80000000000001));
#4270=CARTESIAN_POINT('Ctrl Pts',(-2.42527185463337E-16,-1.98038475772928,
5.85000000000001));
#4271=CARTESIAN_POINT('Ctrl Pts',(-2.42527185463337E-16,-1.98038475772928,
4.94999999999999));
#4272=CARTESIAN_POINT('Ctrl Pts',(0.820302225368424,-1.98038475772928,4.99999999999999));
#4273=CARTESIAN_POINT('Ctrl Pts',(1.40034349154885,-1.40034349154885,5.04999999999999));
#4274=CARTESIAN_POINT('Ctrl Pts',(1.98038475772928,-0.820302225368425,5.09999999999999));
#4275=CARTESIAN_POINT('Ctrl Pts',(1.98038475772928,-3.63790778195005E-16,
5.14999999999999));
#4276=CARTESIAN_POINT('Ctrl Pts',(1.98038475772928,0.820302225368425,5.19999999999999));
#4277=CARTESIAN_POINT('Ctrl Pts',(1.40034349154885,1.40034349154885,5.24999999999999));
#4278=CARTESIAN_POINT('Ctrl Pts',(0.820302225368425,1.98038475772928,5.29999999999999));
#4279=CARTESIAN_POINT('Ctrl Pts',(0.,1.98038475772928,5.34999999999999));
#4280=CARTESIAN_POINT('Ctrl Pts',(-0.820302225368424,1.98038475772928,5.39999999999999));
#4281=CARTESIAN_POINT('Ctrl Pts',(-1.40034349154885,1.40034349154885,5.44999999999999));
#4282=CARTESIAN_POINT('Ctrl Pts',(-1.98038475772928,0.820302225368424,5.49999999999999));
#4283=CARTESIAN_POINT('Ctrl Pts',(-1.98038475772928,1.21263592731668E-16,
5.54999999999999));
#4284=CARTESIAN_POINT('Ctrl Pts',(-1.98038475772928,-0.820302225368424,
5.59999999999999));
#4285=CARTESIAN_POINT('Ctrl Pts',(-1.40034349154885,-1.40034349154885,5.64999999999999));
#4286=CARTESIAN_POINT('Ctrl Pts',(-0.820302225368424,-1.98038475772928,
5.69999999999999));
#4287=CARTESIAN_POINT('Ctrl Pts',(-2.42527185463337E-16,-1.98038475772928,
5.74999999999999));
#4288=CARTESIAN_POINT('Origin',(5.43966107523098E-16,2.77555756156289E-16,
-14.6));
#4289=CARTESIAN_POINT('',(5.43966107523099E-16,-1.98038475772928,6.65000000000001));
#4290=CARTESIAN_POINT('',(5.43966107523099E-16,-1.98038475772928,6.54999999999999));
#4291=CARTESIAN_POINT('',(1.33045940050953E-15,-1.98038475772928,-14.6));
#4292=CARTESIAN_POINT('Ctrl Pts',(-2.42527185463337E-16,-1.98038475772928,
5.85000000000001));
#4293=CARTESIAN_POINT('Ctrl Pts',(0.820302225368424,-1.98038475772928,5.90000000000001));
#4294=CARTESIAN_POINT('Ctrl Pts',(1.40034349154885,-1.40034349154885,5.95000000000001));
#4295=CARTESIAN_POINT('Ctrl Pts',(1.98038475772928,-0.820302225368425,6.00000000000001));
#4296=CARTESIAN_POINT('Ctrl Pts',(1.98038475772928,-3.63790778195005E-16,
6.05000000000001));
#4297=CARTESIAN_POINT('Ctrl Pts',(1.98038475772928,0.820302225368425,6.10000000000001));
#4298=CARTESIAN_POINT('Ctrl Pts',(1.40034349154885,1.40034349154885,6.15000000000001));
#4299=CARTESIAN_POINT('Ctrl Pts',(0.820302225368425,1.98038475772928,6.20000000000001));
#4300=CARTESIAN_POINT('Ctrl Pts',(0.,1.98038475772928,6.25000000000001));
#4301=CARTESIAN_POINT('Ctrl Pts',(-0.820302225368424,1.98038475772928,6.30000000000001));
#4302=CARTESIAN_POINT('Ctrl Pts',(-1.40034349154885,1.40034349154885,6.35000000000001));
#4303=CARTESIAN_POINT('Ctrl Pts',(-1.98038475772928,0.820302225368424,6.40000000000001));
#4304=CARTESIAN_POINT('Ctrl Pts',(-1.98038475772928,1.21263592731668E-16,
6.45000000000001));
#4305=CARTESIAN_POINT('Ctrl Pts',(-1.98038475772928,-0.820302225368424,
6.50000000000001));
#4306=CARTESIAN_POINT('Ctrl Pts',(-1.40034349154885,-1.40034349154885,6.55000000000001));
#4307=CARTESIAN_POINT('Ctrl Pts',(-0.820302225368424,-1.98038475772928,
6.60000000000001));
#4308=CARTESIAN_POINT('Ctrl Pts',(-2.42527185463337E-16,-1.98038475772928,
6.65000000000001));
#4309=CARTESIAN_POINT('Ctrl Pts',(-2.42527185463337E-16,-1.98038475772928,
5.74999999999999));
#4310=CARTESIAN_POINT('Ctrl Pts',(0.820302225368424,-1.98038475772928,5.79999999999999));
#4311=CARTESIAN_POINT('Ctrl Pts',(1.40034349154885,-1.40034349154885,5.84999999999999));
#4312=CARTESIAN_POINT('Ctrl Pts',(1.98038475772928,-0.820302225368425,5.89999999999999));
#4313=CARTESIAN_POINT('Ctrl Pts',(1.98038475772928,-3.63790778195005E-16,
5.94999999999999));
#4314=CARTESIAN_POINT('Ctrl Pts',(1.98038475772928,0.820302225368425,5.99999999999999));
#4315=CARTESIAN_POINT('Ctrl Pts',(1.40034349154885,1.40034349154885,6.04999999999999));
#4316=CARTESIAN_POINT('Ctrl Pts',(0.820302225368425,1.98038475772928,6.09999999999999));
#4317=CARTESIAN_POINT('Ctrl Pts',(0.,1.98038475772928,6.14999999999999));
#4318=CARTESIAN_POINT('Ctrl Pts',(-0.820302225368424,1.98038475772928,6.19999999999999));
#4319=CARTESIAN_POINT('Ctrl Pts',(-1.40034349154885,1.40034349154885,6.24999999999999));
#4320=CARTESIAN_POINT('Ctrl Pts',(-1.98038475772928,0.820302225368424,6.29999999999999));
#4321=CARTESIAN_POINT('Ctrl Pts',(-1.98038475772928,1.21263592731668E-16,
6.34999999999999));
#4322=CARTESIAN_POINT('Ctrl Pts',(-1.98038475772928,-0.820302225368424,
6.39999999999999));
#4323=CARTESIAN_POINT('Ctrl Pts',(-1.40034349154885,-1.40034349154885,6.44999999999999));
#4324=CARTESIAN_POINT('Ctrl Pts',(-0.820302225368424,-1.98038475772928,
6.49999999999999));
#4325=CARTESIAN_POINT('Ctrl Pts',(-2.42527185463337E-16,-1.98038475772928,
6.54999999999999));
#4326=CARTESIAN_POINT('Origin',(5.43966107523098E-16,2.77555756156289E-16,
-14.6));
#4327=CARTESIAN_POINT('',(5.43966107523099E-16,-1.98038475772928,7.45000000000001));
#4328=CARTESIAN_POINT('',(5.43966107523099E-16,-1.98038475772928,7.34999999999999));
#4329=CARTESIAN_POINT('',(1.33045940050953E-15,-1.98038475772928,-14.6));
#4330=CARTESIAN_POINT('Ctrl Pts',(-2.42527185463337E-16,-1.98038475772928,
6.65000000000001));
#4331=CARTESIAN_POINT('Ctrl Pts',(0.820302225368424,-1.98038475772928,6.70000000000001));
#4332=CARTESIAN_POINT('Ctrl Pts',(1.40034349154885,-1.40034349154885,6.75000000000001));
#4333=CARTESIAN_POINT('Ctrl Pts',(1.98038475772928,-0.820302225368425,6.80000000000001));
#4334=CARTESIAN_POINT('Ctrl Pts',(1.98038475772928,-3.63790778195005E-16,
6.85000000000001));
#4335=CARTESIAN_POINT('Ctrl Pts',(1.98038475772928,0.820302225368425,6.90000000000001));
#4336=CARTESIAN_POINT('Ctrl Pts',(1.40034349154885,1.40034349154885,6.95000000000001));
#4337=CARTESIAN_POINT('Ctrl Pts',(0.820302225368425,1.98038475772928,7.00000000000001));
#4338=CARTESIAN_POINT('Ctrl Pts',(0.,1.98038475772928,7.05000000000001));
#4339=CARTESIAN_POINT('Ctrl Pts',(-0.820302225368424,1.98038475772928,7.10000000000001));
#4340=CARTESIAN_POINT('Ctrl Pts',(-1.40034349154885,1.40034349154885,7.15000000000001));
#4341=CARTESIAN_POINT('Ctrl Pts',(-1.98038475772928,0.820302225368424,7.20000000000001));
#4342=CARTESIAN_POINT('Ctrl Pts',(-1.98038475772928,1.21263592731668E-16,
7.25000000000001));
#4343=CARTESIAN_POINT('Ctrl Pts',(-1.98038475772928,-0.820302225368424,
7.30000000000001));
#4344=CARTESIAN_POINT('Ctrl Pts',(-1.40034349154885,-1.40034349154885,7.35000000000001));
#4345=CARTESIAN_POINT('Ctrl Pts',(-0.820302225368424,-1.98038475772928,
7.40000000000001));
#4346=CARTESIAN_POINT('Ctrl Pts',(-2.42527185463337E-16,-1.98038475772928,
7.45000000000001));
#4347=CARTESIAN_POINT('Ctrl Pts',(-2.42527185463337E-16,-1.98038475772928,
6.54999999999999));
#4348=CARTESIAN_POINT('Ctrl Pts',(0.820302225368424,-1.98038475772928,6.59999999999999));
#4349=CARTESIAN_POINT('Ctrl Pts',(1.40034349154885,-1.40034349154885,6.64999999999999));
#4350=CARTESIAN_POINT('Ctrl Pts',(1.98038475772928,-0.820302225368425,6.69999999999999));
#4351=CARTESIAN_POINT('Ctrl Pts',(1.98038475772928,-3.63790778195005E-16,
6.74999999999999));
#4352=CARTESIAN_POINT('Ctrl Pts',(1.98038475772928,0.820302225368425,6.79999999999999));
#4353=CARTESIAN_POINT('Ctrl Pts',(1.40034349154885,1.40034349154885,6.84999999999999));
#4354=CARTESIAN_POINT('Ctrl Pts',(0.820302225368425,1.98038475772928,6.89999999999999));
#4355=CARTESIAN_POINT('Ctrl Pts',(0.,1.98038475772928,6.94999999999999));
#4356=CARTESIAN_POINT('Ctrl Pts',(-0.820302225368424,1.98038475772928,6.99999999999999));
#4357=CARTESIAN_POINT('Ctrl Pts',(-1.40034349154885,1.40034349154885,7.04999999999999));
#4358=CARTESIAN_POINT('Ctrl Pts',(-1.98038475772928,0.820302225368424,7.09999999999999));
#4359=CARTESIAN_POINT('Ctrl Pts',(-1.98038475772928,1.21263592731668E-16,
7.14999999999999));
#4360=CARTESIAN_POINT('Ctrl Pts',(-1.98038475772928,-0.820302225368424,
7.19999999999999));
#4361=CARTESIAN_POINT('Ctrl Pts',(-1.40034349154885,-1.40034349154885,7.24999999999999));
#4362=CARTESIAN_POINT('Ctrl Pts',(-0.820302225368424,-1.98038475772928,
7.29999999999999));
#4363=CARTESIAN_POINT('Ctrl Pts',(-2.42527185463337E-16,-1.98038475772928,
7.34999999999999));
#4364=CARTESIAN_POINT('Origin',(5.43966107523098E-16,2.77555756156289E-16,
-14.6));
#4365=CARTESIAN_POINT('',(5.43966107523099E-16,-1.98038475772928,8.25000000000001));
#4366=CARTESIAN_POINT('',(5.43966107523099E-16,-1.98038475772928,8.14999999999999));
#4367=CARTESIAN_POINT('',(1.33045940050953E-15,-1.98038475772928,-14.6));
#4368=CARTESIAN_POINT('Ctrl Pts',(-2.42527185463337E-16,-1.98038475772928,
7.45000000000001));
#4369=CARTESIAN_POINT('Ctrl Pts',(0.820302225368424,-1.98038475772928,7.50000000000001));
#4370=CARTESIAN_POINT('Ctrl Pts',(1.40034349154885,-1.40034349154885,7.55000000000001));
#4371=CARTESIAN_POINT('Ctrl Pts',(1.98038475772928,-0.820302225368425,7.60000000000001));
#4372=CARTESIAN_POINT('Ctrl Pts',(1.98038475772928,-3.63790778195005E-16,
7.65000000000001));
#4373=CARTESIAN_POINT('Ctrl Pts',(1.98038475772928,0.820302225368425,7.70000000000001));
#4374=CARTESIAN_POINT('Ctrl Pts',(1.40034349154885,1.40034349154885,7.75000000000001));
#4375=CARTESIAN_POINT('Ctrl Pts',(0.820302225368425,1.98038475772928,7.80000000000001));
#4376=CARTESIAN_POINT('Ctrl Pts',(0.,1.98038475772928,7.85000000000001));
#4377=CARTESIAN_POINT('Ctrl Pts',(-0.820302225368424,1.98038475772928,7.90000000000001));
#4378=CARTESIAN_POINT('Ctrl Pts',(-1.40034349154885,1.40034349154885,7.95000000000001));
#4379=CARTESIAN_POINT('Ctrl Pts',(-1.98038475772928,0.820302225368424,8.00000000000001));
#4380=CARTESIAN_POINT('Ctrl Pts',(-1.98038475772928,1.21263592731668E-16,
8.05000000000001));
#4381=CARTESIAN_POINT('Ctrl Pts',(-1.98038475772928,-0.820302225368424,
8.10000000000001));
#4382=CARTESIAN_POINT('Ctrl Pts',(-1.40034349154885,-1.40034349154885,8.15000000000001));
#4383=CARTESIAN_POINT('Ctrl Pts',(-0.820302225368424,-1.98038475772928,
8.20000000000001));
#4384=CARTESIAN_POINT('Ctrl Pts',(-2.42527185463337E-16,-1.98038475772928,
8.25000000000001));
#4385=CARTESIAN_POINT('Ctrl Pts',(-2.42527185463337E-16,-1.98038475772928,
7.34999999999999));
#4386=CARTESIAN_POINT('Ctrl Pts',(0.820302225368424,-1.98038475772928,7.39999999999999));
#4387=CARTESIAN_POINT('Ctrl Pts',(1.40034349154885,-1.40034349154885,7.44999999999999));
#4388=CARTESIAN_POINT('Ctrl Pts',(1.98038475772928,-0.820302225368425,7.49999999999999));
#4389=CARTESIAN_POINT('Ctrl Pts',(1.98038475772928,-3.63790778195005E-16,
7.54999999999999));
#4390=CARTESIAN_POINT('Ctrl Pts',(1.98038475772928,0.820302225368425,7.59999999999999));
#4391=CARTESIAN_POINT('Ctrl Pts',(1.40034349154885,1.40034349154885,7.64999999999999));
#4392=CARTESIAN_POINT('Ctrl Pts',(0.820302225368425,1.98038475772928,7.69999999999999));
#4393=CARTESIAN_POINT('Ctrl Pts',(0.,1.98038475772928,7.74999999999999));
#4394=CARTESIAN_POINT('Ctrl Pts',(-0.820302225368424,1.98038475772928,7.79999999999999));
#4395=CARTESIAN_POINT('Ctrl Pts',(-1.40034349154885,1.40034349154885,7.84999999999999));
#4396=CARTESIAN_POINT('Ctrl Pts',(-1.98038475772928,0.820302225368424,7.89999999999999));
#4397=CARTESIAN_POINT('Ctrl Pts',(-1.98038475772928,1.21263592731668E-16,
7.94999999999999));
#4398=CARTESIAN_POINT('Ctrl Pts',(-1.98038475772928,-0.820302225368424,
7.99999999999999));
#4399=CARTESIAN_POINT('Ctrl Pts',(-1.40034349154885,-1.40034349154885,8.04999999999999));
#4400=CARTESIAN_POINT('Ctrl Pts',(-0.820302225368424,-1.98038475772928,
8.09999999999999));
#4401=CARTESIAN_POINT('Ctrl Pts',(-2.42527185463337E-16,-1.98038475772928,
8.14999999999999));
#4402=CARTESIAN_POINT('Origin',(5.43966107523098E-16,2.77555756156289E-16,
-14.6));
#4403=CARTESIAN_POINT('',(5.43966107523099E-16,-1.98038475772928,9.05000000000001));
#4404=CARTESIAN_POINT('',(5.43966107523099E-16,-1.98038475772928,8.94999999999999));
#4405=CARTESIAN_POINT('',(1.33045940050953E-15,-1.98038475772928,-14.6));
#4406=CARTESIAN_POINT('Ctrl Pts',(-2.42527185463337E-16,-1.98038475772928,
8.25000000000001));
#4407=CARTESIAN_POINT('Ctrl Pts',(0.820302225368424,-1.98038475772928,8.30000000000001));
#4408=CARTESIAN_POINT('Ctrl Pts',(1.40034349154885,-1.40034349154885,8.35000000000001));
#4409=CARTESIAN_POINT('Ctrl Pts',(1.98038475772928,-0.820302225368425,8.40000000000001));
#4410=CARTESIAN_POINT('Ctrl Pts',(1.98038475772928,-3.63790778195005E-16,
8.45000000000001));
#4411=CARTESIAN_POINT('Ctrl Pts',(1.98038475772928,0.820302225368425,8.50000000000001));
#4412=CARTESIAN_POINT('Ctrl Pts',(1.40034349154885,1.40034349154885,8.55000000000001));
#4413=CARTESIAN_POINT('Ctrl Pts',(0.820302225368425,1.98038475772928,8.60000000000001));
#4414=CARTESIAN_POINT('Ctrl Pts',(0.,1.98038475772928,8.65000000000001));
#4415=CARTESIAN_POINT('Ctrl Pts',(-0.820302225368424,1.98038475772928,8.70000000000001));
#4416=CARTESIAN_POINT('Ctrl Pts',(-1.40034349154885,1.40034349154885,8.75000000000001));
#4417=CARTESIAN_POINT('Ctrl Pts',(-1.98038475772928,0.820302225368424,8.80000000000001));
#4418=CARTESIAN_POINT('Ctrl Pts',(-1.98038475772928,1.21263592731668E-16,
8.85000000000001));
#4419=CARTESIAN_POINT('Ctrl Pts',(-1.98038475772928,-0.820302225368424,
8.90000000000001));
#4420=CARTESIAN_POINT('Ctrl Pts',(-1.40034349154885,-1.40034349154885,8.95000000000001));
#4421=CARTESIAN_POINT('Ctrl Pts',(-0.820302225368424,-1.98038475772928,
9.00000000000001));
#4422=CARTESIAN_POINT('Ctrl Pts',(-2.42527185463337E-16,-1.98038475772928,
9.05000000000001));
#4423=CARTESIAN_POINT('Ctrl Pts',(-2.42527185463337E-16,-1.98038475772928,
8.14999999999999));
#4424=CARTESIAN_POINT('Ctrl Pts',(0.820302225368424,-1.98038475772928,8.19999999999999));
#4425=CARTESIAN_POINT('Ctrl Pts',(1.40034349154885,-1.40034349154885,8.24999999999999));
#4426=CARTESIAN_POINT('Ctrl Pts',(1.98038475772928,-0.820302225368425,8.29999999999999));
#4427=CARTESIAN_POINT('Ctrl Pts',(1.98038475772928,-3.63790778195005E-16,
8.34999999999999));
#4428=CARTESIAN_POINT('Ctrl Pts',(1.98038475772928,0.820302225368425,8.39999999999999));
#4429=CARTESIAN_POINT('Ctrl Pts',(1.40034349154885,1.40034349154885,8.44999999999999));
#4430=CARTESIAN_POINT('Ctrl Pts',(0.820302225368425,1.98038475772928,8.49999999999999));
#4431=CARTESIAN_POINT('Ctrl Pts',(0.,1.98038475772928,8.54999999999999));
#4432=CARTESIAN_POINT('Ctrl Pts',(-0.820302225368424,1.98038475772928,8.59999999999999));
#4433=CARTESIAN_POINT('Ctrl Pts',(-1.40034349154885,1.40034349154885,8.64999999999999));
#4434=CARTESIAN_POINT('Ctrl Pts',(-1.98038475772928,0.820302225368424,8.69999999999999));
#4435=CARTESIAN_POINT('Ctrl Pts',(-1.98038475772928,1.21263592731668E-16,
8.74999999999999));
#4436=CARTESIAN_POINT('Ctrl Pts',(-1.98038475772928,-0.820302225368424,
8.79999999999999));
#4437=CARTESIAN_POINT('Ctrl Pts',(-1.40034349154885,-1.40034349154885,8.84999999999999));
#4438=CARTESIAN_POINT('Ctrl Pts',(-0.820302225368424,-1.98038475772928,
8.89999999999999));
#4439=CARTESIAN_POINT('Ctrl Pts',(-2.42527185463337E-16,-1.98038475772928,
8.94999999999999));
#4440=CARTESIAN_POINT('Origin',(0.,0.,10.75));
#4441=CARTESIAN_POINT('',(2.31567900297863,7.98696853998366E-14,10.2435822227524));
#4442=CARTESIAN_POINT('',(2.16915578700304,1.75147517138579E-14,9.84101299543362));
#4443=CARTESIAN_POINT('',(2.5,3.06161699786838E-16,10.75));
#4444=CARTESIAN_POINT('',(1.67287492715177,1.05991191461999,9.32236885505675));
#4445=CARTESIAN_POINT('Ctrl Pts',(2.31567900297863,1.55433331443432E-13,
10.2435822227524));
#4446=CARTESIAN_POINT('Ctrl Pts',(2.31457760528605,-0.0458523934997334,
10.2405561574622));
#4447=CARTESIAN_POINT('Ctrl Pts',(2.31209966627787,-0.0916818175814938,
10.2374900557469));
#4448=CARTESIAN_POINT('Ctrl Pts',(2.28263735492431,-0.441327573036578,10.2137769131148));
#4449=CARTESIAN_POINT('Ctrl Pts',(2.19663549290526,-0.737033414471726,10.1918569782649));
#4450=CARTESIAN_POINT('Ctrl Pts',(1.91432558914902,-1.27679752061228,10.1479368276887));
#4451=CARTESIAN_POINT('Ctrl Pts',(1.72904779876168,-1.50071922152718,10.1281660374715));
#4452=CARTESIAN_POINT('Ctrl Pts',(1.31440517201821,-1.85955469674485,10.0905318149638));
#4453=CARTESIAN_POINT('Ctrl Pts',(1.07071096459318,-2.00140781174438,10.0701422499268));
#4454=CARTESIAN_POINT('Ctrl Pts',(0.500707806418256,-2.20369842012745,10.0256076587245));
#4455=CARTESIAN_POINT('Ctrl Pts',(0.199219250040124,-2.23568281513587,10.0042928992592));
#4456=CARTESIAN_POINT('Ctrl Pts',(-0.340165351126783,-2.2055700518915,9.96669504273969));
#4457=CARTESIAN_POINT('Ctrl Pts',(-0.607458731571824,-2.13976299213508,
9.94644566131823));
#4458=CARTESIAN_POINT('Ctrl Pts',(-1.1572172015232,-1.88968487797988,9.90105333045835));
#4459=CARTESIAN_POINT('Ctrl Pts',(-1.39153192245346,-1.70098599075569,9.8792466723723));
#4460=CARTESIAN_POINT('Ctrl Pts',(-1.74332201345616,-1.31889211999533,9.84256086928944));
#4461=CARTESIAN_POINT('Ctrl Pts',(-1.88583629832444,-1.09109007927758,9.82244243980896));
#4462=CARTESIAN_POINT('Ctrl Pts',(-2.08793606958746,-0.576249927538467,
9.78000536971369));
#4463=CARTESIAN_POINT('Ctrl Pts',(-2.1383731723056,-0.291062751986363,9.75804978275782));
#4464=CARTESIAN_POINT('Ctrl Pts',(-2.12316796702223,0.340200277996949,9.71275297601346));
#4465=CARTESIAN_POINT('Ctrl Pts',(-2.03492907344779,0.602603990844007,9.69126217692724));
#4466=CARTESIAN_POINT('Ctrl Pts',(-1.85535231798514,1.02587862590019,9.65522971679285));
#4467=CARTESIAN_POINT('Ctrl Pts',(-1.69574016837197,1.25927688308576,9.63328511141265));
#4468=CARTESIAN_POINT('Ctrl Pts',(-1.2559931131158,1.68765832526257,9.58807440697634));
#4469=CARTESIAN_POINT('Ctrl Pts',(-1.01504162420836,1.81266884665597,9.56680829747323));
#4470=CARTESIAN_POINT('Ctrl Pts',(-0.592476877771802,1.9876694248469,9.53018392209287));
#4471=CARTESIAN_POINT('Ctrl Pts',(-0.321649643155628,2.04100299901522,9.50825048641643));
#4472=CARTESIAN_POINT('Ctrl Pts',(0.281300401370356,2.03867784333351,9.46267954009274));
#4473=CARTESIAN_POINT('Ctrl Pts',(0.536976703791245,1.95939146323377,9.4414312748275));
#4474=CARTESIAN_POINT('Ctrl Pts',(0.901687276493607,1.81134351662239,9.4092087952071));
#4475=CARTESIAN_POINT('Ctrl Pts',(1.08616312553993,1.69955928500637,9.39158360040721));
#4476=CARTESIAN_POINT('Ctrl Pts',(1.41691349318642,1.41869637549,9.35712072129635));
#4477=CARTESIAN_POINT('Ctrl Pts',(1.56038274668387,1.24980668977929,9.34052419143686));
#4478=CARTESIAN_POINT('Ctrl Pts',(1.67287492715177,1.05991191461999,9.32236885505675));
#4479=CARTESIAN_POINT('',(0.433430302777575,1.93237210735422,9.32236885505674));
#4480=CARTESIAN_POINT('Origin',(1.85962356624714E-14,2.2065682614425E-14,
9.32236885505668));
#4481=CARTESIAN_POINT('Ctrl Pts',(0.433430302778942,1.93237210735389,9.32236885505667));
#4482=CARTESIAN_POINT('Ctrl Pts',(0.212430662982863,1.9865001894606,9.3345881139414));
#4483=CARTESIAN_POINT('Ctrl Pts',(-0.0158810554627058,2.0017028016507,9.34575796590706));
#4484=CARTESIAN_POINT('Ctrl Pts',(-0.460428633730605,1.95602586230769,9.3690753341098));
#4485=CARTESIAN_POINT('Ctrl Pts',(-0.674297499390066,1.89754382567106,9.38097916515665));
#4486=CARTESIAN_POINT('Ctrl Pts',(-1.10828090929693,1.69775539976373,9.40664469438783));
#4487=CARTESIAN_POINT('Ctrl Pts',(-1.31847124894443,1.54657971240937,9.41967911775229));
#4488=CARTESIAN_POINT('Ctrl Pts',(-1.67982186785281,1.16303982160623,9.44617697301695));
#4489=CARTESIAN_POINT('Ctrl Pts',(-1.82338402314411,0.933159853317312,9.46045257411721));
#4490=CARTESIAN_POINT('Ctrl Pts',(-2.01000967738993,0.438718146695101,9.48843894296203));
#4491=CARTESIAN_POINT('Ctrl Pts',(-2.05424257290945,0.181066757443942,9.50149757283329));
#4492=CARTESIAN_POINT('Ctrl Pts',(-2.04293488435969,-0.353045513655599,
9.52788598776828));
#4493=CARTESIAN_POINT('Ctrl Pts',(-1.98310996443367,-0.62199100284272,9.54217021111875));
#4494=CARTESIAN_POINT('Ctrl Pts',(-1.77587873670566,-1.090375135027,9.56891262721512));
#4495=CARTESIAN_POINT('Ctrl Pts',(-1.63211584442956,-1.31274943794086,9.58213754510688));
#4496=CARTESIAN_POINT('Ctrl Pts',(-1.229278757095,-1.70660937087281,9.60946385163264));
#4497=CARTESIAN_POINT('Ctrl Pts',(-0.994377721052523,-1.85917958063007,
9.62375673805759));
#4498=CARTESIAN_POINT('Ctrl Pts',(-0.521373150150777,-2.04699239211381,
9.64996206882109));
#4499=CARTESIAN_POINT('Ctrl Pts',(-0.260901141869101,-2.10925364999152,
9.66331711722514));
#4500=CARTESIAN_POINT('Ctrl Pts',(0.318128908192772,-2.10937689872394,9.6908813385874));
#4501=CARTESIAN_POINT('Ctrl Pts',(0.597336496258747,-2.05326061730561,9.70518263970009));
#4502=CARTESIAN_POINT('Ctrl Pts',(1.09919569984009,-1.8429388827675,9.73281912578881));
#4503=CARTESIAN_POINT('Ctrl Pts',(1.32016723694009,-1.69769625403428,9.74591688018188));
#4504=CARTESIAN_POINT('Ctrl Pts',(1.69201386767776,-1.33987882902673,9.77000079467745));
#4505=CARTESIAN_POINT('Ctrl Pts',(1.86885275547218,-1.10653433374825,9.78430454977496));
#4506=CARTESIAN_POINT('Ctrl Pts',(2.09969420088539,-0.569600996592492,9.81359049004701));
#4507=CARTESIAN_POINT('Ctrl Pts',(2.15862188190823,-0.307078438039167,9.82678155058855));
#4508=CARTESIAN_POINT('Ctrl Pts',(2.16857514938273,-0.027043144086148,9.83976678998049));
#4509=CARTESIAN_POINT('Ctrl Pts',(2.16892892100379,-0.0135545033474575,
9.84038968622343));
#4510=CARTESIAN_POINT('Ctrl Pts',(2.16915578700304,4.83199433278953E-14,
9.84101299543362));
#4511=CARTESIAN_POINT('Origin',(0.,0.,10.75));
#4512=CARTESIAN_POINT('',(2.50000000000055,3.06161699786906E-16,10.7500000000015));
#4513=CARTESIAN_POINT('',(2.40976976009175,-1.82929086107881E-16,10.5020944533001));
#4514=CARTESIAN_POINT('',(2.5,3.06161699786838E-16,10.75));
#4515=CARTESIAN_POINT('',(-2.5,1.53080849893419E-16,10.75));
#4516=CARTESIAN_POINT('Origin',(0.,0.,10.75));
#4517=CARTESIAN_POINT('Ctrl Pts',(-2.50000000000055,-2.52032422709547E-11,
10.7500000000015));
#4518=CARTESIAN_POINT('Ctrl Pts',(-2.49429447056738,0.256433907235773,10.7343241867107));
#4519=CARTESIAN_POINT('Ctrl Pts',(-2.45103826773293,0.462006864723572,10.7206781476095));
#4520=CARTESIAN_POINT('Ctrl Pts',(-2.35554053335008,0.803347310459199,10.697339985861));
#4521=CARTESIAN_POINT('Ctrl Pts',(-2.27923861717931,0.987433500378316,10.6840483084764));
#4522=CARTESIAN_POINT('Ctrl Pts',(-2.02677413591342,1.43555281198867,10.6497880254903));
#4523=CARTESIAN_POINT('Ctrl Pts',(-1.81989265401865,1.67970224677732,10.6300941390529));
#4524=CARTESIAN_POINT('Ctrl Pts',(-1.32201167523149,2.07751289654073,10.5890443004575));
#4525=CARTESIAN_POINT('Ctrl Pts',(-1.03360624970982,2.22633226025017,10.5671625091785));
#4526=CARTESIAN_POINT('Ctrl Pts',(-0.427639723593412,2.39971253313421,10.5243624144938));
#4527=CARTESIAN_POINT('Ctrl Pts',(-0.116034207084531,2.42760196358905,10.5046524953132));
#4528=CARTESIAN_POINT('Ctrl Pts',(0.505213752694438,2.36314192497604,10.4637659804993));
#4529=CARTESIAN_POINT('Ctrl Pts',(0.809781755863583,2.26842607201455,10.4418711343512));
#4530=CARTESIAN_POINT('Ctrl Pts',(1.35205987537009,1.97250097888053,10.3990891343387));
#4531=CARTESIAN_POINT('Ctrl Pts',(1.58799741616059,1.77839902276421,10.3793577707317));
#4532=CARTESIAN_POINT('Ctrl Pts',(1.97786509699186,1.30697696795188,10.3386638932058));
#4533=CARTESIAN_POINT('Ctrl Pts',(2.12605651016683,1.03079840014297,10.3167561877401));
#4534=CARTESIAN_POINT('Ctrl Pts',(2.28810159500859,0.495702051375627,10.2772557108837));
#4535=CARTESIAN_POINT('Ctrl Pts',(2.32162636106829,0.247595037877617,10.2599224548092));
#4536=CARTESIAN_POINT('Ctrl Pts',(2.31567900297863,1.49463774690162E-13,
10.2435822227524));
#4537=CARTESIAN_POINT('Ctrl Pts',(2.16915578700304,4.83640905102334E-14,
9.84101299543362));
#4538=CARTESIAN_POINT('Ctrl Pts',(2.17344030703538,0.255986094488628,9.85278461747569));
#4539=CARTESIAN_POINT('Ctrl Pts',(2.13268180701663,0.535380867095379,9.86643196152212));
#4540=CARTESIAN_POINT('Ctrl Pts',(1.92936328859012,1.06834666957581,9.89462837464222));
#4541=CARTESIAN_POINT('Ctrl Pts',(1.78632662126921,1.30155049441545,9.90789652199626));
#4542=CARTESIAN_POINT('Ctrl Pts',(1.41941233596335,1.7066593539449,9.9330196747406));
#4543=CARTESIAN_POINT('Ctrl Pts',(1.18477644337335,1.88841871611615,9.9468140922949));
#4544=CARTESIAN_POINT('Ctrl Pts',(0.654436436637164,2.13718587099688,9.97537554503491));
#4545=CARTESIAN_POINT('Ctrl Pts',(0.384986668609162,2.20663729220388,9.98873107783693));
#4546=CARTESIAN_POINT('Ctrl Pts',(-0.185740911145135,2.24429274898757,10.0148321656983));
#4547=CARTESIAN_POINT('Ctrl Pts',(-0.483306248165277,2.20468163094431,10.0284677906201));
#4548=CARTESIAN_POINT('Ctrl Pts',(-1.04699463595542,2.01138042139813,10.0571243694066));
#4549=CARTESIAN_POINT('Ctrl Pts',(-1.30737527520588,1.85904980088092,10.0714196687351));
#4550=CARTESIAN_POINT('Ctrl Pts',(-1.74241414263398,1.47100198667755,10.0975827908859));
#4551=CARTESIAN_POINT('Ctrl Pts',(-1.91775835589424,1.24263913261938,10.11054330161));
#4552=CARTESIAN_POINT('Ctrl Pts',(-2.18219542227155,0.718109523726196,10.1384062626335));
#4553=CARTESIAN_POINT('Ctrl Pts',(-2.26307592800499,0.424130711593438,10.1526946403976));
#4554=CARTESIAN_POINT('Ctrl Pts',(-2.30446599797283,-0.166470870121483,
10.1790458168666));
#4555=CARTESIAN_POINT('Ctrl Pts',(-2.26946256032893,-0.458155258438267,
10.1919733174511));
#4556=CARTESIAN_POINT('Ctrl Pts',(-2.08863675986557,-1.02625215211518,10.2198694005043));
#4557=CARTESIAN_POINT('Ctrl Pts',(-1.93919098486192,-1.29582789761132,10.2341499591367));
#4558=CARTESIAN_POINT('Ctrl Pts',(-1.55011838228924,-1.75377229352172,10.2606567270473));
#4559=CARTESIAN_POINT('Ctrl Pts',(-1.31656202682003,-1.94097637552037,10.2735594097054));
#4560=CARTESIAN_POINT('Ctrl Pts',(-0.781868838624784,-2.22357578856595,
10.3014787386193));
#4561=CARTESIAN_POINT('Ctrl Pts',(-0.483124080204205,-2.31225580453833,
10.3157510502009));
#4562=CARTESIAN_POINT('Ctrl Pts',(0.123950540400161,-2.3675753457334,10.3423884161596));
#4563=CARTESIAN_POINT('Ctrl Pts',(0.427018789086172,-2.336806341581,10.3552723230899));
#4564=CARTESIAN_POINT('Ctrl Pts',(1.01443866469085,-2.16068571046298,10.3832077898047));
#4565=CARTESIAN_POINT('Ctrl Pts',(1.29265762326295,-2.01278550317716,10.3974717157404));
#4566=CARTESIAN_POINT('Ctrl Pts',(1.7709840403343,-1.62125455904959,10.4242200712537));
#4567=CARTESIAN_POINT('Ctrl Pts',(1.96857477194511,-1.38272187304513,10.4370897321623));
#4568=CARTESIAN_POINT('Ctrl Pts',(2.26720993877349,-0.83752260108977,10.4650361402018));
#4569=CARTESIAN_POINT('Ctrl Pts',(2.3626102261297,-0.533546538355963,10.4792917205075));
#4570=CARTESIAN_POINT('Ctrl Pts',(2.40418802468732,-0.146701003556491,10.4959603363082));
#4571=CARTESIAN_POINT('Ctrl Pts',(2.40866471305301,-0.073346563083757,10.4990583615137));
#4572=CARTESIAN_POINT('Ctrl Pts',(2.40976976009175,-6.60969854553606E-16,
10.5020944533001));
#4573=CARTESIAN_POINT('Origin',(0.,0.,14.25));
#4574=CARTESIAN_POINT('',(-2.5,-7.65404249467096E-17,-13.15));
#4575=CARTESIAN_POINT('',(-2.5,8.1266165495078E-14,-13.25));
#4576=CARTESIAN_POINT('',(-2.5,-3.06161699786838E-16,14.25));
#4577=CARTESIAN_POINT('',(1.76776695296637,-1.76776695296637,-13.65));
#4578=CARTESIAN_POINT('Ctrl Pts',(-2.5,9.0205620750794E-16,-13.15));
#4579=CARTESIAN_POINT('Ctrl Pts',(-2.5,0.323558215500765,-13.1656227726415));
#4580=CARTESIAN_POINT('Ctrl Pts',(-2.43718568504499,0.64420209425915,-13.1823611149566));
#4581=CARTESIAN_POINT('Ctrl Pts',(-2.19327893472906,1.24227625494162,-13.2161168249634));
#4582=CARTESIAN_POINT('Ctrl Pts',(-2.01516223015325,1.51422627840532,-13.2328100677536));
#4583=CARTESIAN_POINT('Ctrl Pts',(-1.55777400994605,1.98352292080865,-13.2646174785351));
#4584=CARTESIAN_POINT('Ctrl Pts',(-1.27979537018694,2.17329677196917,-13.2816719486442));
#4585=CARTESIAN_POINT('Ctrl Pts',(-0.676029831929672,2.42831960552158,-13.3159247843343));
#4586=CARTESIAN_POINT('Ctrl Pts',(-0.357835658792338,2.49514389894643,-13.3326250439679));
#4587=CARTESIAN_POINT('Ctrl Pts',(0.297326868359011,2.50450184249311,-13.364446248011));
#4588=CARTESIAN_POINT('Ctrl Pts',(0.628033058405636,2.44265785273895,-13.3814709614898));
#4589=CARTESIAN_POINT('Ctrl Pts',(1.23559839385871,2.1970618745227,-13.4157187305117));
#4590=CARTESIAN_POINT('Ctrl Pts',(1.50816792290096,2.01971545050259,-13.4324264800662));
#4591=CARTESIAN_POINT('Ctrl Pts',(1.97868740135217,1.56385185298153,-13.4642624421413));
#4592=CARTESIAN_POINT('Ctrl Pts',(2.16916636493341,1.28670973862887,-13.4812554852621));
#4593=CARTESIAN_POINT('Ctrl Pts',(2.42611176317498,0.683959154658968,-13.5154977659179));
#4594=CARTESIAN_POINT('Ctrl Pts',(2.49398996181511,0.365880982900396,-13.5322135026138));
#4595=CARTESIAN_POINT('Ctrl Pts',(2.50543075232432,-0.289051225184892,-13.5640652428079));
#4596=CARTESIAN_POINT('Ctrl Pts',(2.44475451583571,-0.619657485640754,-13.5810246198006));
#4597=CARTESIAN_POINT('Ctrl Pts',(2.25778175609293,-1.08695662761838,-13.6073272735205));
#4598=CARTESIAN_POINT('Ctrl Pts',(2.17844239202132,-1.23832336567408,-13.6162226934398));
#4599=CARTESIAN_POINT('Ctrl Pts',(1.99199431633958,-1.51984056365594,-13.6335445077016));
#4600=CARTESIAN_POINT('Ctrl Pts',(1.88594395012644,-1.6495899558063,-13.6419303698707));
#4601=CARTESIAN_POINT('Ctrl Pts',(1.76776695296637,-1.76776695296637,-13.65));
#4602=CARTESIAN_POINT('',(2.5,-4.59242549680258E-16,-13.65));
#4603=CARTESIAN_POINT('Origin',(0.,0.,-13.65));
#4604=CARTESIAN_POINT('Ctrl Pts',(2.5,-1.12410081243297E-14,-13.65));
#4605=CARTESIAN_POINT('Ctrl Pts',(2.5,0.283427163749499,-13.6363149259466));
#4606=CARTESIAN_POINT('Ctrl Pts',(2.45180284649546,0.564852929159294,-13.6217625448835));
#4607=CARTESIAN_POINT('Ctrl Pts',(2.262192683811,1.10195612316408,-13.5920367053226));
#4608=CARTESIAN_POINT('Ctrl Pts',(2.1213743822191,1.3533701211043,-13.5770809976186));
#4609=CARTESIAN_POINT('Ctrl Pts',(1.73929171775379,1.82411672615034,-13.5467096875624));
#4610=CARTESIAN_POINT('Ctrl Pts',(1.49160344432536,2.03166497940168,-13.5313876857112));
#4611=CARTESIAN_POINT('Ctrl Pts',(0.922094079885621,2.34716784888617,-13.4975792836909));
#4612=CARTESIAN_POINT('Ctrl Pts',(0.603717592137628,2.44846850266542,-13.4801806939221));
#4613=CARTESIAN_POINT('Ctrl Pts',(-0.0434471275426945,2.52005339380094,
-13.4475011192326));
#4614=CARTESIAN_POINT('Ctrl Pts',(-0.36555516915052,2.49377835954627,-13.4322250022475));
#4615=CARTESIAN_POINT('Ctrl Pts',(-0.992328122237197,2.31831686255254,-13.3984524970303));
#4616=CARTESIAN_POINT('Ctrl Pts',(-1.28989807765572,2.16690751584837,-13.3810563616537));
#4617=CARTESIAN_POINT('Ctrl Pts',(-1.80074853911376,1.76348822475767,-13.3483219335839));
#4618=CARTESIAN_POINT('Ctrl Pts',(-2.01162741907561,1.518533539973,-13.3330887369607));
#4619=CARTESIAN_POINT('Ctrl Pts',(-2.33448359647584,0.953595289411086,-13.2993539816845));
#4620=CARTESIAN_POINT('Ctrl Pts',(-2.43994378740669,0.637061599860003,-13.2819611793406));
#4621=CARTESIAN_POINT('Ctrl Pts',(-2.4936157136709,0.206413644921109,-13.2600942181469));
#4622=CARTESIAN_POINT('Ctrl Pts',(-2.5,0.103156183718424,-13.2549808211555));
#4623=CARTESIAN_POINT('Ctrl Pts',(-2.5,1.61606839021999E-13,-13.25));
#4624=CARTESIAN_POINT('Origin',(0.,0.,14.25));
#4625=CARTESIAN_POINT('',(-2.5,1.58332436601872E-8,-12.350000001529));
#4626=CARTESIAN_POINT('',(-2.5,1.57716806595737E-14,-12.45));
#4627=CARTESIAN_POINT('',(-2.5,-3.06161699786838E-16,14.25));
#4628=CARTESIAN_POINT('Ctrl Pts',(-2.5,1.58701806557415E-8,-12.3500000007662));
#4629=CARTESIAN_POINT('Ctrl Pts',(-2.49999999789911,0.330948982220263,-12.3659796304686));
#4630=CARTESIAN_POINT('Ctrl Pts',(-2.43428246273176,0.658723777029094,-12.3831203482727));
#4631=CARTESIAN_POINT('Ctrl Pts',(-2.18245458439964,1.26112681641053,-12.4172434975932));
#4632=CARTESIAN_POINT('Ctrl Pts',(-2.00216763518117,1.53131068201685,-12.4338948676312));
#4633=CARTESIAN_POINT('Ctrl Pts',(-1.54046688048951,1.99712928180613,-12.4656205943493));
#4634=CARTESIAN_POINT('Ctrl Pts',(-1.26011172636958,2.18489484425147,-12.482854320487));
#4635=CARTESIAN_POINT('Ctrl Pts',(-0.653483583390927,2.43444545307001,-12.5171359304653));
#4636=CARTESIAN_POINT('Ctrl Pts',(-0.334978873277286,2.49827805724272,-12.5337913503655));
#4637=CARTESIAN_POINT('Ctrl Pts',(0.320820903124301,2.50171643503025,-12.5655249322091));
#4638=CARTESIAN_POINT('Ctrl Pts',(0.651807551157107,2.43654271700935,-12.5827411982612));
#4639=CARTESIAN_POINT('Ctrl Pts',(1.25739539180124,2.18461441811214,-12.6170201318009));
#4640=CARTESIAN_POINT('Ctrl Pts',(1.52793091407265,2.00475657667424,-12.6336798991691));
#4641=CARTESIAN_POINT('Ctrl Pts',(1.99444108506788,1.54391052368796,-12.6654219238649));
#4642=CARTESIAN_POINT('Ctrl Pts',(2.18260631229028,1.26402758523065,-12.6826194754564));
#4643=CARTESIAN_POINT('Ctrl Pts',(2.43324548255775,0.657965790460432,-12.7168955109532));
#4644=CARTESIAN_POINT('Ctrl Pts',(2.497672250552,0.339520548580092,-12.7335599427495));
#4645=CARTESIAN_POINT('Ctrl Pts',(2.50228713650568,-0.316154617612724,-12.7653110380432));
#4646=CARTESIAN_POINT('Ctrl Pts',(2.43777649206364,-0.647085957303643,-12.7824885440417));
#4647=CARTESIAN_POINT('Ctrl Pts',(2.18710724091286,-1.25307029715529,-12.8167614413019));
#4648=CARTESIAN_POINT('Ctrl Pts',(2.00774707981922,-1.52401215518482,-12.8334308746891));
#4649=CARTESIAN_POINT('Ctrl Pts',(1.54789106022767,-1.99132200100001,-12.8651917104329));
#4650=CARTESIAN_POINT('Ctrl Pts',(1.26855435635891,-2.17994915435351,-12.8823477604526));
#4651=CARTESIAN_POINT('Ctrl Pts',(0.663149202894116,-2.43184675586449,-12.9166172591274));
#4652=CARTESIAN_POINT('Ctrl Pts',(0.34477413282003,-2.49696100170258,-12.933292052286));
#4653=CARTESIAN_POINT('Ctrl Pts',(-0.310755645717584,-2.5029366319333,-12.9650633425283));
#4654=CARTESIAN_POINT('Ctrl Pts',(-0.641622743995152,-2.43919209296518,
-12.9821964447504));
#4655=CARTESIAN_POINT('Ctrl Pts',(-1.24806351899255,-2.18997874205244,-13.0164622626442));
#4656=CARTESIAN_POINT('Ctrl Pts',(-1.51947405920557,-2.01119510452482,-13.0331427955378));
#4657=CARTESIAN_POINT('Ctrl Pts',(-1.98770705249547,-1.55248429439138,-13.0649253005955));
#4658=CARTESIAN_POINT('Ctrl Pts',(-2.17686717679193,-1.27377843660917,-13.0820338799936));
#4659=CARTESIAN_POINT('Ctrl Pts',(-2.43021712893813,-0.669133664130457,
-13.1162957112392));
#4660=CARTESIAN_POINT('Ctrl Pts',(-2.49612557964022,-0.350841481966557,
-13.1329823863128));
#4661=CARTESIAN_POINT('Ctrl Pts',(-2.49994477930691,-0.019189384611547,
-13.1490723501346));
#4662=CARTESIAN_POINT('Ctrl Pts',(-2.5,-0.00959346411235858,-13.1495367865766));
#4663=CARTESIAN_POINT('Ctrl Pts',(-2.5,1.53080849893419E-16,-13.15));
#4664=CARTESIAN_POINT('Ctrl Pts',(-2.5,1.61468061143921E-13,-13.25));
#4665=CARTESIAN_POINT('Ctrl Pts',(-2.5,-0.215929260324974,-13.2395740130242));
#4666=CARTESIAN_POINT('Ctrl Pts',(-2.4720286510813,-0.431360464283563,-13.2286126473585));
#4667=CARTESIAN_POINT('Ctrl Pts',(-2.33181275512576,-0.960027275385689,
-13.2002820377326));
#4668=CARTESIAN_POINT('Ctrl Pts',(-2.18478678304323,-1.25925524370088,-13.182893513904));
#4669=CARTESIAN_POINT('Ctrl Pts',(-1.78888538426591,-1.77554696388004,-13.1500467164685));
#4670=CARTESIAN_POINT('Ctrl Pts',(-1.54683534564084,-1.98996966767886,-13.1348884240503));
#4671=CARTESIAN_POINT('Ctrl Pts',(-0.986787277561846,-2.32058091129505,
-13.1012346863473));
#4672=CARTESIAN_POINT('Ctrl Pts',(-0.672263545944863,-2.43041539202524,
-13.0838514475615));
#4673=CARTESIAN_POINT('Ctrl Pts',(-0.0280356589354096,-2.52030873725368,
-13.0509475066154));
#4674=CARTESIAN_POINT('Ctrl Pts',(0.294975515759313,-2.50314438608462,-13.0358202099072));
#4675=CARTESIAN_POINT('Ctrl Pts',(0.925793358361041,-2.34554686459312,-13.0022096796575));
#4676=CARTESIAN_POINT('Ctrl Pts',(1.22670068502495,-2.2031567312385,-12.9848327860094));
#4677=CARTESIAN_POINT('Ctrl Pts',(1.74866308724799,-1.81521259286988,-12.9518713290321));
#4678=CARTESIAN_POINT('Ctrl Pts',(1.96681559602689,-1.57621557321677,-12.936770108361));
#4679=CARTESIAN_POINT('Ctrl Pts',(2.30551089596005,-1.02134159220174,-12.9032045165548));
#4680=CARTESIAN_POINT('Ctrl Pts',(2.41988989307535,-0.708985961219568,-12.8858350726005));
#4681=CARTESIAN_POINT('Ctrl Pts',(2.51962196205763,-0.066447649212304,-12.852815937077));
#4682=CARTESIAN_POINT('Ctrl Pts',(2.5073557700362,0.25705380581323,-12.8377354597155));
#4683=CARTESIAN_POINT('Ctrl Pts',(2.35931534815066,0.889934577926299,-12.8042164644098));
#4684=CARTESIAN_POINT('Ctrl Pts',(2.22177040905567,1.19251669630161,-12.7868556085496));
#4685=CARTESIAN_POINT('Ctrl Pts',(1.84215287650748,1.72031613767145,-12.7537788465073));
#4686=CARTESIAN_POINT('Ctrl Pts',(1.60632871539192,1.94234968040585,-12.7387134177983));
#4687=CARTESIAN_POINT('Ctrl Pts',(1.05686592406428,2.28937072542911,-12.705242586441));
#4688=CARTESIAN_POINT('Ctrl Pts',(0.746821174098123,2.40841185847061,-12.687891478974));
#4689=CARTESIAN_POINT('Ctrl Pts',(0.106111450667398,2.51830778297067,-12.654757358407));
#4690=CARTESIAN_POINT('Ctrl Pts',(-0.217899853944984,2.5111058937569,-12.6397009822224));
#4691=CARTESIAN_POINT('Ctrl Pts',(-0.852832190694542,2.37290775358742,-12.6062797742476));
#4692=CARTESIAN_POINT('Ctrl Pts',(-1.15705817633089,2.24036475876879,-12.5889395843402));
#4693=CARTESIAN_POINT('Ctrl Pts',(-1.69078988167332,1.86935723437619,-12.5557485874182));
#4694=CARTESIAN_POINT('Ctrl Pts',(-1.91681440723415,1.63679228877265,-12.5406950347021));
#4695=CARTESIAN_POINT('Ctrl Pts',(-2.27230449349122,1.09292059918734,-12.5073247847932));
#4696=CARTESIAN_POINT('Ctrl Pts',(-2.3960669764491,0.785307828217936,-12.4899966766613));
#4697=CARTESIAN_POINT('Ctrl Pts',(-2.48561472002585,0.309706760303157,-12.465241670821));
#4698=CARTESIAN_POINT('Ctrl Pts',(-2.5,0.154849144707892,-12.4574767781055));
#4699=CARTESIAN_POINT('Ctrl Pts',(-2.5,3.57699980746418E-14,-12.45));
#4700=CARTESIAN_POINT('Origin',(0.,0.,14.25));
#4701=CARTESIAN_POINT('',(-2.5,-7.26973530410481E-10,-11.5499999999298));
#4702=CARTESIAN_POINT('',(-2.5,-4.7979407082574E-14,-11.65));
#4703=CARTESIAN_POINT('',(-2.5,-3.06161699786838E-16,14.25));
#4704=CARTESIAN_POINT('Ctrl Pts',(-2.5,-1.45394081734487E-9,-11.5499999999298));
#4705=CARTESIAN_POINT('Ctrl Pts',(-2.50000000000038,0.000650056900853389,
-11.5500313875237));
#4706=CARTESIAN_POINT('Ctrl Pts',(-2.49999974645553,0.00130012669546865,
-11.550062780741));
#4707=CARTESIAN_POINT('Ctrl Pts',(-2.49973828356063,0.336473149646947,-11.566251595154));
#4708=CARTESIAN_POINT('Ctrl Pts',(-2.43233736699688,0.667531352783117,-11.5835845175642));
#4709=CARTESIAN_POINT('Ctrl Pts',(-2.17629640699014,1.27170991641352,-11.6178776584125));
#4710=CARTESIAN_POINT('Ctrl Pts',(-1.99477201460813,1.54088090920812,-11.6345015051541));
#4711=CARTESIAN_POINT('Ctrl Pts',(-1.53068588219299,2.00472397096307,-11.6661864270889));
#4712=CARTESIAN_POINT('Ctrl Pts',(-1.24901233285158,2.19131080770454,-11.6835185658834));
#4713=CARTESIAN_POINT('Ctrl Pts',(-0.640924288514969,2.43776080346058,-11.7178086538736));
#4714=CARTESIAN_POINT('Ctrl Pts',(-0.322258911180452,2.49993008233167,-11.7344385649674));
#4715=CARTESIAN_POINT('Ctrl Pts',(0.333884552199891,2.50007255998666,-11.7661228234836));
#4716=CARTESIAN_POINT('Ctrl Pts',(0.665024947767133,2.43303784629296,-11.7834494880386));
#4717=CARTESIAN_POINT('Ctrl Pts',(1.26949279327123,2.17758112532693,-11.8177449118706));
#4718=CARTESIAN_POINT('Ctrl Pts',(1.53888453037976,1.99633298077319,-11.834377258468));
#4719=CARTESIAN_POINT('Ctrl Pts',(2.00314696648259,1.53271403952862,-11.8660662106877));
#4720=CARTESIAN_POINT('Ctrl Pts',(2.19001257058902,1.2512969146849,-11.8833822917722));
#4721=CARTESIAN_POINT('Ctrl Pts',(2.43711286559899,0.643399558028688,-11.9176761785318));
#4722=CARTESIAN_POINT('Ctrl Pts',(2.49960978421869,0.324765151722365,-11.934311147007));
#4723=CARTESIAN_POINT('Ctrl Pts',(2.50040176077131,-0.331311213564683,-11.9660051557186));
#4724=CARTESIAN_POINT('Ctrl Pts',(2.43373418283961,-0.662421453091478,-11.9833098534646));
#4725=CARTESIAN_POINT('Ctrl Pts',(2.17897293101219,-1.26711108702912,-12.0176020768067));
#4726=CARTESIAN_POINT('Ctrl Pts',(1.99799830478521,-1.53672885758371,-12.0342398668978));
#4727=CARTESIAN_POINT('Ctrl Pts',(1.53492572331268,-2.00143511512045,-12.0659393215166));
#4728=CARTESIAN_POINT('Ctrl Pts',(1.25381138963231,-2.18855748071131,-12.0832317803842));
#4729=CARTESIAN_POINT('Ctrl Pts',(0.646275285101013,-2.43635673040994,-12.117522203442));
#4730=CARTESIAN_POINT('Ctrl Pts',(0.327677288082823,-2.4992344060114,-12.134163029061));
#4731=CARTESIAN_POINT('Ctrl Pts',(-0.328320730558786,-2.50078100702497,
-12.1658683473511));
#4732=CARTESIAN_POINT('Ctrl Pts',(-0.659395844864568,-2.4345397393086,-12.1831476530469));
#4733=CARTESIAN_POINT('Ctrl Pts',(-1.26434249902173,-2.18058643160983,-12.2174361275404));
#4734=CARTESIAN_POINT('Ctrl Pts',(-1.53422249625387,-1.9999298778088,-12.2340802176071));
#4735=CARTESIAN_POINT('Ctrl Pts',(-1.99944386957776,-1.53749213328497,-12.2657918474772));
#4736=CARTESIAN_POINT('Ctrl Pts',(-2.18686415040179,-1.256729315838,-12.2830570238376));
#4737=CARTESIAN_POINT('Ctrl Pts',(-2.43547451348004,-0.649613225029186,
-12.3173433891065));
#4738=CARTESIAN_POINT('Ctrl Pts',(-2.49879429393463,-0.331058066390203,
-12.3339909884026));
#4739=CARTESIAN_POINT('Ctrl Pts',(-2.49999431695302,-0.00615550930208209,
-12.3497026720584));
#4740=CARTESIAN_POINT('Ctrl Pts',(-2.50000000001954,-0.00307761492637631,
-12.3498513996064));
#4741=CARTESIAN_POINT('Ctrl Pts',(-2.5,1.58701806311461E-8,-12.3500000007662));
#4742=CARTESIAN_POINT('Ctrl Pts',(-2.5,3.48679418671338E-14,-12.45));
#4743=CARTESIAN_POINT('Ctrl Pts',(-2.5,-0.165262852590872,-12.4420204035984));
#4744=CARTESIAN_POINT('Ctrl Pts',(-2.48361494354072,-0.330484171635734,
-12.4337151114845));
#4745=CARTESIAN_POINT('Ctrl Pts',(-2.3861197440214,-0.814926122546582,-12.4083742809326));
#4746=CARTESIAN_POINT('Ctrl Pts',(-2.25867540675808,-1.12073988402637,-12.3910593995769));
#4747=CARTESIAN_POINT('Ctrl Pts',(-1.89646245323972,-1.66042337876992,-12.3577569162585));
#4748=CARTESIAN_POINT('Ctrl Pts',(-1.66720619362307,-1.8905023672492,-12.3426897887333));
#4749=CARTESIAN_POINT('Ctrl Pts',(-1.12903995485982,-2.25449992239232,-12.3094248729817));
#4750=CARTESIAN_POINT('Ctrl Pts',(-0.823952901766706,-2.38298163494472,
-12.292124332705));
#4751=CARTESIAN_POINT('Ctrl Pts',(-0.187257454959971,-2.51369957606201,
-12.2587675982271));
#4752=CARTESIAN_POINT('Ctrl Pts',(0.137805590772221,-2.5168950813242,-12.2436840591021));
#4753=CARTESIAN_POINT('Ctrl Pts',(0.776694833012939,-2.39876553872468,-12.2104731667807));
#4754=CARTESIAN_POINT('Ctrl Pts',(1.08401774327825,-2.27645196039999,-12.1931880324544));
#4755=CARTESIAN_POINT('Ctrl Pts',(1.62959693959044,-1.92311022329555,-12.1597783038106));
#4756=CARTESIAN_POINT('Ctrl Pts',(1.86374299918808,-1.69717461827722,-12.1446719796393));
#4757=CARTESIAN_POINT('Ctrl Pts',(2.23618074477735,-1.16475652872879,-12.1115158052748));
#4758=CARTESIAN_POINT('Ctrl Pts',(2.36931853112396,-0.862256990028735,-12.094247079769));
#4759=CARTESIAN_POINT('Ctrl Pts',(2.51043633429163,-0.227703562815783,-12.0607857739051));
#4760=CARTESIAN_POINT('Ctrl Pts',(2.51884070620387,0.0978860112590367,-12.045650459405));
#4761=CARTESIAN_POINT('Ctrl Pts',(2.41068854107278,0.738630994830665,-12.0125495115152));
#4762=CARTESIAN_POINT('Ctrl Pts',(2.29347177711589,1.04736614630141,-11.9952981244388));
#4763=CARTESIAN_POINT('Ctrl Pts',(1.9489680770953,1.59871029654817,-11.9617867999372));
#4764=CARTESIAN_POINT('Ctrl Pts',(1.72632395118372,1.8368879904791,-11.9466165341103));
#4765=CARTESIAN_POINT('Ctrl Pts',(1.19962537109434,2.21759534349048,-11.9135711299434));
#4766=CARTESIAN_POINT('Ctrl Pts',(0.899740143469613,2.35526852231829,-11.8963379266931));
#4767=CARTESIAN_POINT('Ctrl Pts',(0.267383288344876,2.50660713001393,-11.8627782646211));
#4768=CARTESIAN_POINT('Ctrl Pts',(-0.058724643428877,2.52014386792929,-11.8475674007463));
#4769=CARTESIAN_POINT('Ctrl Pts',(-0.701216161494004,2.42176875320916,-11.8145776637194));
#4770=CARTESIAN_POINT('Ctrl Pts',(-1.0112531647201,2.30955091282452,-11.7973633961512));
#4771=CARTESIAN_POINT('Ctrl Pts',(-1.56816472627597,1.97374355203408,-11.7637571800364));
#4772=CARTESIAN_POINT('Ctrl Pts',(-1.81029049094948,1.75432403745726,-11.7485004478615));
#4773=CARTESIAN_POINT('Ctrl Pts',(-2.19900299144773,1.23324565153443,-11.7155663077244));
#4774=CARTESIAN_POINT('Ctrl Pts',(-2.34103954788174,0.935965614459694,-11.6983716266492));
#4775=CARTESIAN_POINT('Ctrl Pts',(-2.47389014745943,0.41684687976775,-11.6706493448621));
#4776=CARTESIAN_POINT('Ctrl Pts',(-2.50000000000001,0.208620539400747,-11.6600730907122));
#4777=CARTESIAN_POINT('Ctrl Pts',(-2.5,-9.87751547221194E-14,-11.65));
#4778=CARTESIAN_POINT('Origin',(0.,0.,14.25));
#4779=CARTESIAN_POINT('',(-2.5,-4.89974413348108E-17,-10.75));
#4780=CARTESIAN_POINT('',(-2.5,-9.82201146661924E-14,-10.85));
#4781=CARTESIAN_POINT('',(-2.5,-3.06161699786838E-16,14.25));
#4782=CARTESIAN_POINT('Ctrl Pts',(-2.5,1.53080849893419E-16,-10.75));
#4783=CARTESIAN_POINT('Ctrl Pts',(-2.5,0.00562271040087012,-10.7502714884741));
#4784=CARTESIAN_POINT('Ctrl Pts',(-2.49998103108098,0.0112462507981966,
-10.7505433964025));
#4785=CARTESIAN_POINT('Ctrl Pts',(-2.49768701407169,0.351182994671277,-10.7670028746908));
#4786=CARTESIAN_POINT('Ctrl Pts',(-2.42839424058705,0.681637836629415,-10.7843445013847));
#4787=CARTESIAN_POINT('Ctrl Pts',(-2.16904581064808,1.28399343701361,-10.8186157711798));
#4788=CARTESIAN_POINT('Ctrl Pts',(-1.98611054321929,1.55199494672896,-10.8351419987384));
#4789=CARTESIAN_POINT('Ctrl Pts',(-1.51971948288304,2.01301873873274,-10.8668818270432));
#4790=CARTESIAN_POINT('Ctrl Pts',(-1.23720122405956,2.1979725844878,-10.8842220921996));
#4791=CARTESIAN_POINT('Ctrl Pts',(-0.628052730899987,2.44109942743283,-10.9184969201322));
#4792=CARTESIAN_POINT('Ctrl Pts',(-0.309219784109814,2.50154415339651,-10.9350386650011));
#4793=CARTESIAN_POINT('Ctrl Pts',(0.346620788142162,2.49833264792196,-10.9667696791963));
#4794=CARTESIAN_POINT('Ctrl Pts',(0.677263923425612,2.4296263036807,-10.9841086689113));
#4795=CARTESIAN_POINT('Ctrl Pts',(1.28018592134368,2.17130313050668,-11.0183867816633));
#4796=CARTESIAN_POINT('Ctrl Pts',(1.54855023784306,1.98880560672137,-11.0349429753836));
#4797=CARTESIAN_POINT('Ctrl Pts',(2.01044975808552,1.52312918653495,-11.0666658123742));
#4798=CARTESIAN_POINT('Ctrl Pts',(2.19591099468218,1.24087222499416,-11.0840036087987));
#4799=CARTESIAN_POINT('Ctrl Pts',(2.44008061913786,0.632024836179954,-11.1182847537576));
#4800=CARTESIAN_POINT('Ctrl Pts',(2.50104982217338,0.313240970730337,-11.1348543915601));
#4801=CARTESIAN_POINT('Ctrl Pts',(2.49888007118503,-0.342704706725736,-11.1665696455937));
#4802=CARTESIAN_POINT('Ctrl Pts',(2.4306773347922,-0.673508633897777,-11.1839063268709));
#4803=CARTESIAN_POINT('Ctrl Pts',(2.17323460353114,-1.27691608654344,-11.2181902706124));
#4804=CARTESIAN_POINT('Ctrl Pts',(1.99111270709722,-1.54559175743469,-11.2347724091151));
#4805=CARTESIAN_POINT('Ctrl Pts',(1.52604987643012,-2.00824201576444,-11.2664806341447));
#4806=CARTESIAN_POINT('Ctrl Pts',(1.24401769870455,-2.19413811998097,-11.2838162743988));
#4807=CARTESIAN_POINT('Ctrl Pts',(0.635429269560709,-2.43920202406354,-11.3181028012713));
#4808=CARTESIAN_POINT('Ctrl Pts',(0.316687474947169,-2.50062100247564,-11.3346965560096));
#4809=CARTESIAN_POINT('Ctrl Pts',(-0.339347678710373,-2.49934436825014,
-11.3663982680012));
#4810=CARTESIAN_POINT('Ctrl Pts',(-0.670288830186724,-2.43157351610047,
-11.383732937369));
#4811=CARTESIAN_POINT('Ctrl Pts',(-1.27411190163419,-2.17488582416118,-11.418021848175));
#4812=CARTESIAN_POINT('Ctrl Pts',(-1.54305442865653,-1.99308584488146,-11.4346263910195));
#4813=CARTESIAN_POINT('Ctrl Pts',(-2.00634754495038,-1.52854912791319,-11.4663220701919));
#4814=CARTESIAN_POINT('Ctrl Pts',(-2.19261594872122,-1.24671000578853,-11.4836558348881));
#4815=CARTESIAN_POINT('Ctrl Pts',(-2.4382022180381,-0.638946907412943,-11.5179129585706));
#4816=CARTESIAN_POINT('Ctrl Pts',(-2.49999999981336,-0.320927067066454,
-11.5345042704393));
#4817=CARTESIAN_POINT('Ctrl Pts',(-2.5,-1.45393960759854E-9,-11.5499999999298));
#4818=CARTESIAN_POINT('Ctrl Pts',(-2.5,-9.75261538194161E-14,-11.65));
#4819=CARTESIAN_POINT('Ctrl Pts',(-2.5,-0.114109648820168,-11.6444902987644));
#4820=CARTESIAN_POINT('Ctrl Pts',(-2.49218801357791,-0.22832205291869,-11.6388193963366));
#4821=CARTESIAN_POINT('Ctrl Pts',(-2.43192638206228,-0.664896668693778,
-11.6165344765384));
#4822=CARTESIAN_POINT('Ctrl Pts',(-2.32455085162528,-0.976116852147456,
-11.5993599261741));
#4823=CARTESIAN_POINT('Ctrl Pts',(-1.99719693122052,-1.53834108460348,-11.5656662604242));
#4824=CARTESIAN_POINT('Ctrl Pts',(-1.78090059033257,-1.78428725934315,-11.5503037419814));
#4825=CARTESIAN_POINT('Ctrl Pts',(-1.26527766330236,-2.18065914911173,-11.5174798269159));
#4826=CARTESIAN_POINT('Ctrl Pts',(-0.970558767635601,-2.32684407203376,
-11.5003258413574));
#4827=CARTESIAN_POINT('Ctrl Pts',(-0.342635865441583,-2.49762697117585,
-11.4665913836425));
#4828=CARTESIAN_POINT('Ctrl Pts',(-0.0155433300557526,-2.52097131094366,
-11.4511699245833));
#4829=CARTESIAN_POINT('Ctrl Pts',(0.630063492498846,-2.44112155400231,-11.418400274505));
#4830=CARTESIAN_POINT('Ctrl Pts',(0.942344960575266,-2.3383807943359,-11.4012671762016));
#4831=CARTESIAN_POINT('Ctrl Pts',(1.5095814614367,-2.01914797339597,-11.3674939187137));
#4832=CARTESIAN_POINT('Ctrl Pts',(1.75918215300764,-1.80584324616963,-11.3520101820682));
#4833=CARTESIAN_POINT('Ctrl Pts',(2.16280168289707,-1.29545371232714,-11.3192940047765));
#4834=CARTESIAN_POINT('Ctrl Pts',(2.31288659394593,-1.00321979748526,-11.3021820049436));
#4835=CARTESIAN_POINT('Ctrl Pts',(2.49270265745053,-0.377472784399281,-11.2683719451614));
#4836=CARTESIAN_POINT('Ctrl Pts',(2.52062596182759,-0.0499254114747329,
-11.2528231313463));
#4837=CARTESIAN_POINT('Ctrl Pts',(2.44935071731453,0.597037819393692,-11.2201594783296));
#4838=CARTESIAN_POINT('Ctrl Pts',(2.3509958534996,0.910259941198074,-11.2030686791634));
#4839=CARTESIAN_POINT('Ctrl Pts',(2.03947739371052,1.48217509353354,-11.1692238036217));
#4840=CARTESIAN_POINT('Ctrl Pts',(1.82900799311303,1.73523333293652,-11.1536076513944));
#4841=CARTESIAN_POINT('Ctrl Pts',(1.32358258046707,2.14563947093168,-11.120995430915));
#4842=CARTESIAN_POINT('Ctrl Pts',(1.03372966315219,2.29935270098845,-11.1039258294323));
#4843=CARTESIAN_POINT('Ctrl Pts',(0.410093419594808,2.48764813799473,-11.0700480991486));
#4844=CARTESIAN_POINT('Ctrl Pts',(0.0821217137947678,2.51988451213403,-11.0543628773468));
#4845=CARTESIAN_POINT('Ctrl Pts',(-0.566063127566281,2.45664071253162,-11.021800868656));
#4846=CARTESIAN_POINT('Ctrl Pts',(-0.88011018394224,2.36239203987084,-11.0047523619482));
#4847=CARTESIAN_POINT('Ctrl Pts',(-1.45634953806807,2.05812378746702,-10.9708436996221));
#4848=CARTESIAN_POINT('Ctrl Pts',(-1.71264511902647,1.85031462180068,-10.9550881907116));
#4849=CARTESIAN_POINT('Ctrl Pts',(-2.12934438495946,1.34954810477147,-10.922575059053));
#4850=CARTESIAN_POINT('Ctrl Pts',(-2.28640074214905,1.06194966263058,-10.9055474507186));
#4851=CARTESIAN_POINT('Ctrl Pts',(-2.46103864294753,0.508582312016166,-10.875335753446));
#4852=CARTESIAN_POINT('Ctrl Pts',(-2.50000000000002,0.254838589189754,-10.8623046955648));
#4853=CARTESIAN_POINT('Ctrl Pts',(-2.5,-1.97411531566161E-13,-10.85));
#4854=CARTESIAN_POINT('Origin',(0.,0.,14.25));
#4855=CARTESIAN_POINT('',(-2.5,1.96328179079829E-15,-9.94999999999996));
#4856=CARTESIAN_POINT('',(-2.5,-4.21380722426232E-14,-10.05));
#4857=CARTESIAN_POINT('',(-2.5,-3.06161699786838E-16,14.25));
#4858=CARTESIAN_POINT('Ctrl Pts',(-2.5,1.53080849893419E-16,-9.94999999999996));
#4859=CARTESIAN_POINT('Ctrl Pts',(-2.5,0.0147105841343378,-9.95071028983451));
#4860=CARTESIAN_POINT('Ctrl Pts',(-2.49987015942752,0.0294265236888879,
-9.95142343506317));
#4861=CARTESIAN_POINT('Ctrl Pts',(-2.49371315161163,0.378044187060817,-9.96837932503939));
#4862=CARTESIAN_POINT('Ctrl Pts',(-2.42097351597334,0.707369157883375,-9.98573533397191));
#4863=CARTESIAN_POINT('Ctrl Pts',(-2.15559819145879,1.30637136837757,-10.0199652256715));
#4864=CARTESIAN_POINT('Ctrl Pts',(-1.97008227474788,1.57223483697416,-10.0363207098058));
#4865=CARTESIAN_POINT('Ctrl Pts',(-1.4994875603431,2.02807766926714,-10.0681598892896));
#4866=CARTESIAN_POINT('Ctrl Pts',(-1.2154434727962,2.21002714026969,-10.085513740479));
#4867=CARTESIAN_POINT('Ctrl Pts',(-0.604534826102532,2.44699324197348,-10.1197503413174));
#4868=CARTESIAN_POINT('Ctrl Pts',(-0.285411325674317,2.50433895993825,-10.1361323429353));
#4869=CARTESIAN_POINT('Ctrl Pts',(0.36979126689901,2.49496552647275,-10.1679557913065));
#4870=CARTESIAN_POINT('Ctrl Pts',(0.699467252582723,2.42328384386772,-10.1853075896751));
#4871=CARTESIAN_POINT('Ctrl Pts',(1.29950316226352,2.15975853370255,-10.2195503924997));
#4872=CARTESIAN_POINT('Ctrl Pts',(1.56602389705298,1.97503613799489,-10.2359572973306));
#4873=CARTESIAN_POINT('Ctrl Pts',(2.02346311361135,1.5057322568474,-10.2677660775566));
#4874=CARTESIAN_POINT('Ctrl Pts',(2.20633875997482,1.22215466064607,-10.2851159280586));
#4875=CARTESIAN_POINT('Ctrl Pts',(2.44520158257975,0.611784504717567,-10.3193644626809));
#4876=CARTESIAN_POINT('Ctrl Pts',(2.5035014863027,0.292750569208072,-10.3357947223825));
#4877=CARTESIAN_POINT('Ctrl Pts',(2.49602646432557,-0.362651551325537,-10.3675898365861));
#4878=CARTESIAN_POINT('Ctrl Pts',(2.42526079865296,-0.692628434161489,-10.3849378432158));
#4879=CARTESIAN_POINT('Ctrl Pts',(2.16333717212561,-1.2935561786998,-10.4191916739637));
#4880=CARTESIAN_POINT('Ctrl Pts',(1.97930079808467,-1.56064525416809,-10.4356438084684));
#4881=CARTESIAN_POINT('Ctrl Pts',(1.5111141390793,-2.01946223975083,-10.4674261998179));
#4882=CARTESIAN_POINT('Ctrl Pts',(1.22794176770149,-2.20313690932206,-10.4847724647987));
#4883=CARTESIAN_POINT('Ctrl Pts',(0.618039116053738,-2.4436378253169,-10.5190311881853));
#4884=CARTESIAN_POINT('Ctrl Pts',(0.299082451040402,-2.50276173926004,-10.5355037870235));
#4885=CARTESIAN_POINT('Ctrl Pts',(-0.356489759330359,-2.49692532084342,
-10.5672743418197));
#4886=CARTESIAN_POINT('Ctrl Pts',(-0.686724261411665,-2.42695077793706,
-10.5846189649515));
#4887=CARTESIAN_POINT('Ctrl Pts',(-1.28841987900951,-2.16641037274019,-10.618882207464));
#4888=CARTESIAN_POINT('Ctrl Pts',(-1.55599925791189,-1.98296572499834,-10.6353739302181));
#4889=CARTESIAN_POINT('Ctrl Pts',(-2.01600287150351,-1.51574364515841,-10.6671334801257));
#4890=CARTESIAN_POINT('Ctrl Pts',(-2.20036547011676,-1.23292222482785,-10.6844765582718));
#4891=CARTESIAN_POINT('Ctrl Pts',(-2.44020241176413,-0.628653841334938,
-10.7184499556396));
#4892=CARTESIAN_POINT('Ctrl Pts',(-2.5,-0.31569249050778,-10.7347570181575));
#4893=CARTESIAN_POINT('Ctrl Pts',(-2.5,4.16333634234434E-16,-10.75));
#4894=CARTESIAN_POINT('Ctrl Pts',(-2.5,-1.96134067632598E-13,-10.85));
#4895=CARTESIAN_POINT('Ctrl Pts',(-2.5,-0.071332313346252,-10.8465557712337));
#4896=CARTESIAN_POINT('Ctrl Pts',(-2.49694713021525,-0.142744524296748,
-10.843046627274));
#4897=CARTESIAN_POINT('Ctrl Pts',(-2.46304163211086,-0.537303630129633,
-10.8233175184227));
#4898=CARTESIAN_POINT('Ctrl Pts',(-2.37259920015206,-0.852067495428265,
-10.8063105259326));
#4899=CARTESIAN_POINT('Ctrl Pts',(-2.07507714955438,-1.43226727648529,-10.7723455613143));
#4900=CARTESIAN_POINT('Ctrl Pts',(-1.86974035673929,-1.6915646804613,-10.7564477569378));
#4901=CARTESIAN_POINT('Ctrl Pts',(-1.37330305091123,-2.11404702803248,-10.7240279964545));
#4902=CARTESIAN_POINT('Ctrl Pts',(-1.08781578752924,-2.2741566673797,-10.7070412592047));
#4903=CARTESIAN_POINT('Ctrl Pts',(-0.468115043238121,-2.47758968174764,
-10.6730508000877));
#4904=CARTESIAN_POINT('Ctrl Pts',(-0.139394724015701,-2.51756513638731,
-10.6570818753925));
#4905=CARTESIAN_POINT('Ctrl Pts',(0.510848166836473,-2.46861950110218,-10.6247064585682));
#4906=CARTESIAN_POINT('Ctrl Pts',(0.826230033903692,-2.38167307255863,-10.6077395463813));
#4907=CARTESIAN_POINT('Ctrl Pts',(1.41002720027643,-2.09037031132197,-10.5737252704219));
#4908=CARTESIAN_POINT('Ctrl Pts',(1.67208309657349,-1.88731103847151,-10.5576857761784));
#4909=CARTESIAN_POINT('Ctrl Pts',(2.09983604242534,-1.39485977190873,-10.5253530667305));
#4910=CARTESIAN_POINT('Ctrl Pts',(2.26271204798152,-1.11132938652385,-10.5084054885845));
#4911=CARTESIAN_POINT('Ctrl Pts',(2.47277131284956,-0.493419978037546,-10.4743689978014));
#4912=CARTESIAN_POINT('Ctrl Pts',(2.51615160189137,-0.16437658746296,-10.4582598357736));
#4913=CARTESIAN_POINT('Ctrl Pts',(2.47344956712632,0.486718167149851,-10.4259681593387));
#4914=CARTESIAN_POINT('Ctrl Pts',(2.38968743890372,0.802629420568027,-10.4090393721241));
#4915=CARTESIAN_POINT('Ctrl Pts',(2.10406953744935,1.3896699449526,-10.3749821901824));
#4916=CARTESIAN_POINT('Ctrl Pts',(1.90309117720243,1.65423988134643,-10.3588045729817));
#4917=CARTESIAN_POINT('Ctrl Pts',(1.41427915727688,2.08676038634276,-10.3265522307227));
#4918=CARTESIAN_POINT('Ctrl Pts',(1.13254573190976,2.2521248733613,-10.3096416478524));
#4919=CARTESIAN_POINT('Ctrl Pts',(0.516296082174361,2.46818807336135,-10.2755652186084));
#4920=CARTESIAN_POINT('Ctrl Pts',(0.186962910870757,2.51466307827787,-10.2593206294672));
#4921=CARTESIAN_POINT('Ctrl Pts',(-0.464878155831768,2.47761068561037,-10.227105910739));
#4922=CARTESIAN_POINT('Ctrl Pts',(-0.781240553858695,2.39672706387687,-10.2102129104655));
#4923=CARTESIAN_POINT('Ctrl Pts',(-1.37118582059435,2.11626528519244,-10.1761185976115));
#4924=CARTESIAN_POINT('Ctrl Pts',(-1.63802986256448,1.91717397292718,-10.159808750886));
#4925=CARTESIAN_POINT('Ctrl Pts',(-2.07483375480113,1.43165917535966,-10.1276299448609));
#4926=CARTESIAN_POINT('Ctrl Pts',(-2.24242246571469,1.1515619073901,-10.1107538781803));
#4927=CARTESIAN_POINT('Ctrl Pts',(-2.45004073535493,0.575271912990171,-10.0787757703807));
#4928=CARTESIAN_POINT('Ctrl Pts',(-2.50000000000001,0.288565885401729,-10.0639331934835));
#4929=CARTESIAN_POINT('Ctrl Pts',(-2.5,-8.50708392619026E-14,-10.05));
#4930=CARTESIAN_POINT('Origin',(0.,0.,14.25));
#4931=CARTESIAN_POINT('',(-2.5,1.39439701809454E-14,-9.14999999999996));
#4932=CARTESIAN_POINT('',(-2.5,6.93371487799936E-15,-9.25000000000002));
#4933=CARTESIAN_POINT('',(-2.5,-3.06161699786838E-16,14.25));
#4934=CARTESIAN_POINT('Ctrl Pts',(-2.5,2.81941020616777E-14,-9.14999999999996));
#4935=CARTESIAN_POINT('Ctrl Pts',(-2.5,0.0307141029533838,-9.15148300807808));
#4936=CARTESIAN_POINT('Ctrl Pts',(-2.49943399017331,0.0614490214433209,
-9.15297834141584));
#4937=CARTESIAN_POINT('Ctrl Pts',(-2.48600890237262,0.425264347349309,-9.17081340105188));
#4938=CARTESIAN_POINT('Ctrl Pts',(-2.40723432325563,0.752514688576584,-9.18818993687586));
#4939=CARTESIAN_POINT('Ctrl Pts',(-2.13130120066305,1.34554382057515,-9.22234257879478));
#4940=CARTESIAN_POINT('Ctrl Pts',(-1.941232580192,1.60763936745754,-9.2384217868928));
#4941=CARTESIAN_POINT('Ctrl Pts',(-1.46326364991867,2.05426795042508,-9.27043274002932));
#4942=CARTESIAN_POINT('Ctrl Pts',(-1.17659051925046,2.23086459221401,-9.28780647606564));
#4943=CARTESIAN_POINT('Ctrl Pts',(-0.562640044215591,2.45691017343332,-9.32197153895912));
#4944=CARTESIAN_POINT('Ctrl Pts',(-0.24299864523579,2.50875980197772,-9.33809179146116));
#4945=CARTESIAN_POINT('Ctrl Pts',(0.411000717365514,2.48843301733105,-9.3700762097736));
#4946=CARTESIAN_POINT('Ctrl Pts',(0.738889650462343,2.41147811444067,-9.3874471860161));
#4947=CARTESIAN_POINT('Ctrl Pts',(1.33373365179162,2.13872943364335,-9.42162376874215));
#4948=CARTESIAN_POINT('Ctrl Pts',(1.59696877401935,1.95003843670727,-9.43778319065948));
#4949=CARTESIAN_POINT('Ctrl Pts',(2.04639533192617,1.47429502045964,-9.46974264597192));
#4950=CARTESIAN_POINT('Ctrl Pts',(2.22461857265873,1.18840878118831,-9.48711091950946));
#4951=CARTESIAN_POINT('Ctrl Pts',(2.45397532687787,0.575370110321563,-9.52129818006316));
#4952=CARTESIAN_POINT('Ctrl Pts',(2.50749189598557,0.255886169277522,-9.53749488487447));
#4953=CARTESIAN_POINT('Ctrl Pts',(2.49049041151165,-0.398487877468828,-9.56943088853435));
#4954=CARTESIAN_POINT('Ctrl Pts',(2.41513416483892,-0.726928516011674,-9.58679653034789));
#4955=CARTESIAN_POINT('Ctrl Pts',(2.14518234745338,-1.3233570347656,-9.62099368307484));
#4956=CARTESIAN_POINT('Ctrl Pts',(1.95769810507996,-1.58759081103464,-9.63722578989443));
#4957=CARTESIAN_POINT('Ctrl Pts',(1.48390842713805,-2.03946137161926,-9.66913979043011));
#4958=CARTESIAN_POINT('Ctrl Pts',(1.19871768711591,-2.2191046239389,-9.68650288252499));
#4959=CARTESIAN_POINT('Ctrl Pts',(0.586483909532043,-2.45135717176737,-9.72070919526528));
#4960=CARTESIAN_POINT('Ctrl Pts',(0.267137358927866,-2.50633118977989,-9.73697484350566));
#4961=CARTESIAN_POINT('Ctrl Pts',(-0.387557315988547,-2.49223487204633,
-9.76886822512826));
#4962=CARTESIAN_POINT('Ctrl Pts',(-0.716473406267413,-2.4182769148795,-9.78622885799227));
#4963=CARTESIAN_POINT('Ctrl Pts',(-1.31428031593247,-2.15077090342013,-9.82044364920133));
#4964=CARTESIAN_POINT('Ctrl Pts',(-1.57938571858982,-1.96433954624876,-9.83674101089866));
#4965=CARTESIAN_POINT('Ctrl Pts',(-2.03338329757182,-1.49225765121718,-9.86861509274902));
#4966=CARTESIAN_POINT('Ctrl Pts',(-2.21426173248987,-1.2076784017226,-9.88597336312137));
#4967=CARTESIAN_POINT('Ctrl Pts',(-2.44375910301301,-0.609899481534289,
-9.91942663006022));
#4968=CARTESIAN_POINT('Ctrl Pts',(-2.5,-0.306163312498807,-9.93521712757324));
#4969=CARTESIAN_POINT('Ctrl Pts',(-2.5,-1.11022302462516E-15,-9.94999999999996));
#4970=CARTESIAN_POINT('Ctrl Pts',(-2.5,-8.39699827854597E-14,-10.05));
#4971=CARTESIAN_POINT('Ctrl Pts',(-2.5,-0.0407646262219563,-10.0480317097302));
#4972=CARTESIAN_POINT('Ctrl Pts',(-2.49900295957909,-0.0815644631671952,
-10.0460417785278));
#4973=CARTESIAN_POINT('Ctrl Pts',(-2.48118100265027,-0.44524737373388,-10.0281251750874));
#4974=CARTESIAN_POINT('Ctrl Pts',(-2.40288181074747,-0.76199271780525,-10.0112653731398));
#4975=CARTESIAN_POINT('Ctrl Pts',(-2.12706382106344,-1.3545241037205,-9.97713906718596));
#4976=CARTESIAN_POINT('Ctrl Pts',(-1.92967208991283,-1.62341131542891,-9.96070458429938));
#4977=CARTESIAN_POINT('Ctrl Pts',(-1.44712399423898,-2.0640402772479,-9.92859252192154));
#4978=CARTESIAN_POINT('Ctrl Pts',(-1.16850512012569,-2.23360576764376,-9.91174830282128));
#4979=CARTESIAN_POINT('Ctrl Pts',(-0.555165752228149,-2.45990204080718,
-9.8776077329517));
#4980=CARTESIAN_POINT('Ctrl Pts',(-0.225346115922318,-2.51167391920056,
-9.86111415136972));
#4981=CARTESIAN_POINT('Ctrl Pts',(0.427711348863297,-2.48423491933909,-9.82903296760261));
#4982=CARTESIAN_POINT('Ctrl Pts',(0.744780810612402,-2.40824206676157,-9.81220364265568));
#4983=CARTESIAN_POINT('Ctrl Pts',(1.33960263418027,-2.13658009015651,-9.77804986485052));
#4984=CARTESIAN_POINT('Ctrl Pts',(1.61031440625009,-1.94070966250143,-9.76149946363174));
#4985=CARTESIAN_POINT('Ctrl Pts',(2.05434071521841,-1.46081432303444,-9.72944754071116));
#4986=CARTESIAN_POINT('Ctrl Pts',(2.22565430298907,-1.18352218189613,-9.71263241999824));
#4987=CARTESIAN_POINT('Ctrl Pts',(2.45624621573647,-0.571435438930704,-9.67846641941897));
#4988=CARTESIAN_POINT('Ctrl Pts',(2.51025034482368,-0.241414725188093,-9.66186154097054));
#4989=CARTESIAN_POINT('Ctrl Pts',(2.48684118282504,0.41213258326554,-9.62983730221615));
#4990=CARTESIAN_POINT('Ctrl Pts',(2.41289542810244,0.729475833758583,-9.61303569953634));
#4991=CARTESIAN_POINT('Ctrl Pts',(2.14493198610232,1.32631692226917,-9.57885839368706));
#4992=CARTESIAN_POINT('Ctrl Pts',(1.95041574418214,1.59864923285894,-9.56220141818019));
#4993=CARTESIAN_POINT('Ctrl Pts',(1.47287930709449,2.04567854964702,-9.53020333298555));
#4994=CARTESIAN_POINT('Ctrl Pts',(1.19677057216082,2.21853123779447,-9.51341457017127));
#4995=CARTESIAN_POINT('Ctrl Pts',(0.585807638952597,2.45292413481505,-9.47922681224169));
#4996=CARTESIAN_POINT('Ctrl Pts',(0.255610698552253,2.5089079294179,-9.46252013489097));
#4997=CARTESIAN_POINT('Ctrl Pts',(-0.398359847306046,2.48906188337522,-9.43054672274604));
#4998=CARTESIAN_POINT('Ctrl Pts',(-0.715934101138618,2.41692448527587,-9.4137701333708));
#4999=CARTESIAN_POINT('Ctrl Pts',(-1.31454824788351,2.15223599254144,-9.37957271568211));
#5000=CARTESIAN_POINT('Ctrl Pts',(-1.58831299411306,1.95891921461266,-9.36281872682792));
#5001=CARTESIAN_POINT('Ctrl Pts',(-2.03798553764115,1.48347006902501,-9.33086856044743));
#5002=CARTESIAN_POINT('Ctrl Pts',(-2.21218812820321,1.20841122820995,-9.31410349295727));
#5003=CARTESIAN_POINT('Ctrl Pts',(-2.44219699181418,0.618289789778062,-9.28100973208286));
#5004=CARTESIAN_POINT('Ctrl Pts',(-2.5,0.310386988281092,-9.26498680953387));
#5005=CARTESIAN_POINT('Ctrl Pts',(-2.5,1.69309011255336E-14,-9.25000000000002));
#5006=CARTESIAN_POINT('Origin',(0.,0.,14.25));
#5007=CARTESIAN_POINT('',(-2.5,7.70362679074596E-14,-8.34999999999996));
#5008=CARTESIAN_POINT('',(-2.5,6.93371487799935E-15,-8.45000000000002));
#5009=CARTESIAN_POINT('',(-2.5,-3.06161699786838E-16,14.25));
#5010=CARTESIAN_POINT('Ctrl Pts',(-2.5,1.54378697514706E-13,-8.34999999999996));
#5011=CARTESIAN_POINT('Ctrl Pts',(-2.5,0.0571448562576254,-8.3527591977399));
#5012=CARTESIAN_POINT('Ctrl Pts',(-2.49804072477248,0.114347043750519,-8.35556034918137));
#5013=CARTESIAN_POINT('Ctrl Pts',(-2.47131759717715,0.502963409900765,-8.37485886976768));
#5014=CARTESIAN_POINT('Ctrl Pts',(-2.38268041698626,0.826552644894558,-8.3922558837667));
#5015=CARTESIAN_POINT('Ctrl Pts',(-2.08946370424564,1.40953030310816,-8.4262688694019));
#5016=CARTESIAN_POINT('Ctrl Pts',(-1.89184637333994,1.66539159332788,-8.44196140841771));
#5017=CARTESIAN_POINT('Ctrl Pts',(-1.40178162663781,2.09654410945152,-8.47424687789877));
#5018=CARTESIAN_POINT('Ctrl Pts',(-1.11093559143507,2.2641294968809,-8.49164187450234));
#5019=CARTESIAN_POINT('Ctrl Pts',(-0.492124900568877,2.47193845090084,-8.52567687683135));
#5020=CARTESIAN_POINT('Ctrl Pts',(-0.171608431798064,2.51459579459348,-8.54142209603888));
#5021=CARTESIAN_POINT('Ctrl Pts',(0.480170675543909,2.47588890440477,-8.57366691305498));
#5022=CARTESIAN_POINT('Ctrl Pts',(0.804865981540287,2.39013615393337,-8.59105964429191));
#5023=CARTESIAN_POINT('Ctrl Pts',(1.39082156752883,2.10197927515438,-8.62511522032032));
#5024=CARTESIAN_POINT('Ctrl Pts',(1.64851682961628,1.90658485088709,-8.64091227649583));
#5025=CARTESIAN_POINT('Ctrl Pts',(2.08425143512449,1.42006384731707,-8.67311828070995));
#5026=CARTESIAN_POINT('Ctrl Pts',(2.25450694509061,1.13042169269259,-8.69050855126786));
#5027=CARTESIAN_POINT('Ctrl Pts',(2.46770151455283,0.513018040910346,-8.72458332804893));
#5028=CARTESIAN_POINT('Ctrl Pts',(2.51307589853322,0.192761483953067,-8.74043113425212));
#5029=CARTESIAN_POINT('Ctrl Pts',(2.479808610504,-0.459701187011198,-8.77260016459639));
#5030=CARTESIAN_POINT('Ctrl Pts',(2.39665245936856,-0.785367057975599,-8.78998782686878));
#5031=CARTESIAN_POINT('Ctrl Pts',(2.11304662725438,-1.37397609995521,-8.82408050215271));
#5032=CARTESIAN_POINT('Ctrl Pts',(1.91964223222477,-1.63331454921496,-8.83997776474551));
#5033=CARTESIAN_POINT('Ctrl Pts',(1.43630686610325,-2.07313388526776,-8.87211164738787));
#5034=CARTESIAN_POINT('Ctrl Pts',(1.14776031357699,-2.24576834080647,-8.88949659650834));
#5035=CARTESIAN_POINT('Ctrl Pts',(0.531633507910297,-2.46377375444329,-8.92360593858872));
#5036=CARTESIAN_POINT('Ctrl Pts',(0.211608035109858,-2.5115733827246,-8.93955119258016));
#5037=CARTESIAN_POINT('Ctrl Pts',(-0.44144538227566,-2.48315691634817,-8.97165173025182));
#5038=CARTESIAN_POINT('Ctrl Pts',(-0.767958756117553,-2.40232148346568,
-8.98903389921797));
#5039=CARTESIAN_POINT('Ctrl Pts',(-1.35891780589335,-2.12278049217048,-9.02315874609939));
#5040=CARTESIAN_POINT('Ctrl Pts',(-1.61971893458345,-1.93114627015908,-9.03915038836483));
#5041=CARTESIAN_POINT('Ctrl Pts',(-2.06315765904603,-1.45065464009736,-9.07121935105211));
#5042=CARTESIAN_POINT('Ctrl Pts',(-2.23789877653298,-1.16309655417611,-9.08859870602187));
#5043=CARTESIAN_POINT('Ctrl Pts',(-2.44971630834207,-0.57705455403629,-9.12113166755521));
#5044=CARTESIAN_POINT('Ctrl Pts',(-2.5,-0.289499898809097,-9.13602170835975));
#5045=CARTESIAN_POINT('Ctrl Pts',(-2.5,2.62984078958084E-14,-9.14999999999996));
#5046=CARTESIAN_POINT('Ctrl Pts',(-2.5,1.41735914557855E-14,-9.25000000000002));
#5047=CARTESIAN_POINT('Ctrl Pts',(-2.5,-0.0212634527327971,-9.24897330968061));
#5048=CARTESIAN_POINT('Ctrl Pts',(-2.49972872028343,-0.0425380467482363,
-9.2479406558181));
#5049=CARTESIAN_POINT('Ctrl Pts',(-2.49095212485771,-0.38623584969376,-9.23116992596501));
#5050=CARTESIAN_POINT('Ctrl Pts',(-2.42040550214698,-0.704004904573575,
-9.21441574627093));
#5051=CARTESIAN_POINT('Ctrl Pts',(-2.15860405799279,-1.30417047996685,-9.18020115995217));
#5052=CARTESIAN_POINT('Ctrl Pts',(-1.96634503113849,-1.57919604052686,-9.16335961603902));
#5053=CARTESIAN_POINT('Ctrl Pts',(-1.49273482053849,-2.03118649590374,-9.1314518830573));
#5054=CARTESIAN_POINT('Ctrl Pts',(-1.21860301692286,-2.20656909909321,-9.11470797663018));
#5055=CARTESIAN_POINT('Ctrl Pts',(-0.609531144455318,-2.44724950517508,
-9.08048577700912));
#5056=CARTESIAN_POINT('Ctrl Pts',(-0.279046441412836,-2.50651748072906,
-9.06360390368236));
#5057=CARTESIAN_POINT('Ctrl Pts',(0.375603259621149,-2.49256015773475,-9.03171547348568));
#5058=CARTESIAN_POINT('Ctrl Pts',(0.693536584077151,-2.42340777716848,-9.01498124699772));
#5059=CARTESIAN_POINT('Ctrl Pts',(1.29505553784217,-2.16414151250146,-8.9807520173803));
#5060=CARTESIAN_POINT('Ctrl Pts',(1.57118673087217,-1.97281164195302,-8.96383203782273));
#5061=CARTESIAN_POINT('Ctrl Pts',(2.0252032122935,-1.50081537051339,-8.93196171219633));
#5062=CARTESIAN_POINT('Ctrl Pts',(2.20161432989997,-1.22749872413517,-8.91523659475403));
#5063=CARTESIAN_POINT('Ctrl Pts',(2.44486529765951,-0.619211590525886,-8.88100087444331));
#5064=CARTESIAN_POINT('Ctrl Pts',(2.50547944160742,-0.288610665809553,-8.86404494450498));
#5065=CARTESIAN_POINT('Ctrl Pts',(2.49392780147021,0.366309195725169,-8.83219158346254));
#5066=CARTESIAN_POINT('Ctrl Pts',(2.42599349601491,0.684381095346947,-8.8154750274759));
#5067=CARTESIAN_POINT('Ctrl Pts',(2.16894582059691,1.28707755082502,-8.78123331483136));
#5068=CARTESIAN_POINT('Ctrl Pts',(1.97842935239838,1.56417514048208,-8.76424351668548));
#5069=CARTESIAN_POINT('Ctrl Pts',(1.50784480813234,2.01995749143994,-8.73240603788611));
#5070=CARTESIAN_POINT('Ctrl Pts',(1.23524233765952,2.19726282352279,-8.71569751961742));
#5071=CARTESIAN_POINT('Ctrl Pts',(0.627645125512254,2.44275562608011,-8.68145027496575));
#5072=CARTESIAN_POINT('Ctrl Pts',(0.296943551383935,2.50454546880042,-8.66442861235619));
#5073=CARTESIAN_POINT('Ctrl Pts',(-0.358208374959053,2.4950910249399,-8.63260599015913));
#5074=CARTESIAN_POINT('Ctrl Pts',(-0.676397251248856,2.42821791715678,-8.61590500999277));
#5075=CARTESIAN_POINT('Ctrl Pts',(-1.28011585433656,2.17310597609629,-8.58165265838294));
#5076=CARTESIAN_POINT('Ctrl Pts',(-1.55805574073704,1.98329943922757,-8.56460105327384));
#5077=CARTESIAN_POINT('Ctrl Pts',(-2.01537340699355,1.51394613077155,-8.53279231749232));
#5078=CARTESIAN_POINT('Ctrl Pts',(-2.19345450047293,1.24196738243579,-8.51609839996455));
#5079=CARTESIAN_POINT('Ctrl Pts',(-2.43723256998996,0.643964744741008,-8.48234871700905));
#5080=CARTESIAN_POINT('Ctrl Pts',(-2.5,0.323437474256475,-8.46561694273861));
#5081=CARTESIAN_POINT('Ctrl Pts',(-2.5,1.58206781009085E-14,-8.45000000000002));
#5082=CARTESIAN_POINT('Origin',(0.,0.,14.25));
#5083=CARTESIAN_POINT('',(-2.5,7.00260126045125E-14,-7.54999999999996));
#5084=CARTESIAN_POINT('',(-2.5,1.64401261211389E-8,-7.65000000158762));
#5085=CARTESIAN_POINT('',(-2.5,-3.06161699786838E-16,14.25));
#5086=CARTESIAN_POINT('Ctrl Pts',(-2.5,1.40358186908812E-13,-7.54999999999996));
#5087=CARTESIAN_POINT('Ctrl Pts',(-2.5,0.0965254137222986,-7.5546606592584));
#5088=CARTESIAN_POINT('Ctrl Pts',(-2.49441004589644,0.193150403413404,-7.55943792555204));
#5089=CARTESIAN_POINT('Ctrl Pts',(-2.4449157076132,0.617845481704099,-7.58093390467536));
#5090=CARTESIAN_POINT('Ctrl Pts',(-2.34185074296959,0.935448390760128,-7.59833042897807));
#5091=CARTESIAN_POINT('Ctrl Pts',(-2.02323122748199,1.50302809877961,-7.63210799186439));
#5092=CARTESIAN_POINT('Ctrl Pts',(-1.81427475010627,1.74956013428788,-7.64739026853421));
#5093=CARTESIAN_POINT('Ctrl Pts',(-1.30639697002825,2.1570396141764,-7.68006236662583));
#5094=CARTESIAN_POINT('Ctrl Pts',(-1.00975148041884,2.31081720419406,-7.69746122971082));
#5095=CARTESIAN_POINT('Ctrl Pts',(-0.384086135868547,2.49098767188969,-7.73127443427113));
#5096=CARTESIAN_POINT('Ctrl Pts',(-0.0622132385069649,2.51965575130059,
-7.74660296409074));
#5097=CARTESIAN_POINT('Ctrl Pts',(0.585678702700906,2.45287908810866,-7.77922148758291));
#5098=CARTESIAN_POINT('Ctrl Pts',(0.905027565464193,2.35383523343338,-7.79662189178865));
#5099=CARTESIAN_POINT('Ctrl Pts',(1.47698574885905,2.04231430471711,-7.83046889443221));
#5100=CARTESIAN_POINT('Ctrl Pts',(1.72614633128586,1.83655805456296,-7.8458460593575));
#5101=CARTESIAN_POINT('Ctrl Pts',(2.14035573067616,1.33366047206392,-7.87841229062839));
#5102=CARTESIAN_POINT('Ctrl Pts',(2.29805944398099,1.03859239431889,-7.89581351199679));
#5103=CARTESIAN_POINT('Ctrl Pts',(2.4860554214626,0.414806249432595,-7.92969249096652));
#5104=CARTESIAN_POINT('Ctrl Pts',(2.51869348830273,0.0933214528923431,-7.9451201718893));
#5105=CARTESIAN_POINT('Ctrl Pts',(2.4598906913558,-0.55573661764617,-7.97763552376147));
#5106=CARTESIAN_POINT('Ctrl Pts',(2.36460288996479,-0.876661686188361,-7.9950369128489));
#5107=CARTESIAN_POINT('Ctrl Pts',(2.05969854281297,-1.45264800095826,-8.02894607924911));
#5108=CARTESIAN_POINT('Ctrl Pts',(1.85690260875843,-1.70424317450991,-8.04442567424881));
#5109=CARTESIAN_POINT('Ctrl Pts',(1.35864572842945,-2.12464455781633,-8.07689167227565));
#5110=CARTESIAN_POINT('Ctrl Pts',(1.06507887132375,-2.28596053732035,-8.09429265362349));
#5111=CARTESIAN_POINT('Ctrl Pts',(0.443070058570202,-2.48117879079575,-8.1282302609263));
#5112=CARTESIAN_POINT('Ctrl Pts',(0.121940550203006,-2.51747397247461,-8.14376270994846));
#5113=CARTESIAN_POINT('Ctrl Pts',(-0.528147432498846,-2.46601197114313,
-8.17618097446659));
#5114=CARTESIAN_POINT('Ctrl Pts',(-0.850483343394853,-2.37419617712049,
-8.19358104490154));
#5115=CARTESIAN_POINT('Ctrl Pts',(-1.43014163402951,-2.07539748209006,-8.22754539693799));
#5116=CARTESIAN_POINT('Ctrl Pts',(-1.68397075887869,-1.87531469794991,-8.24313121162743));
#5117=CARTESIAN_POINT('Ctrl Pts',(-2.11001792866808,-1.38133841341035,-8.27550343993574));
#5118=CARTESIAN_POINT('Ctrl Pts',(-2.27462679256971,-1.08918222455135,-8.29290216588327));
#5119=CARTESIAN_POINT('Ctrl Pts',(-2.45872145884196,-0.523324194881535,
-8.32390610180084));
#5120=CARTESIAN_POINT('Ctrl Pts',(-2.5,-0.262305721649081,-8.33733475938608));
#5121=CARTESIAN_POINT('Ctrl Pts',(-2.5,1.55500612386561E-13,-8.34999999999996));
#5122=CARTESIAN_POINT('Ctrl Pts',(-2.5,1.41735914557855E-14,-8.45000000000002));
#5123=CARTESIAN_POINT('Ctrl Pts',(-2.5,-0.00970010481175234,-8.44953163750816));
#5124=CARTESIAN_POINT('Ctrl Pts',(-2.49994354482062,-0.0194027191686048,
-8.44906202474112));
#5125=CARTESIAN_POINT('Ctrl Pts',(-2.49608059175996,-0.351165147068055,
-8.43296585862149));
#5126=CARTESIAN_POINT('Ctrl Pts',(-2.43012976669682,-0.669452851882673,
-8.41627855224622));
#5127=CARTESIAN_POINT('Ctrl Pts',(-2.17670236847675,-1.27405700043031,-8.38201713357601));
#5128=CARTESIAN_POINT('Ctrl Pts',(-1.98751382767602,-1.55272920538122,-8.36491107265594));
#5129=CARTESIAN_POINT('Ctrl Pts',(-1.51923160047077,-2.01137886872062,-8.33312741331041));
#5130=CARTESIAN_POINT('Ctrl Pts',(-1.24779607615656,-2.19013169842612,-8.31644629023412));
#5131=CARTESIAN_POINT('Ctrl Pts',(-0.641330997008792,-2.43926732841538,
-8.28218085325065));
#5132=CARTESIAN_POINT('Ctrl Pts',(-0.310467336672039,-2.50297098926302,
-8.26505010888259));
#5133=CARTESIAN_POINT('Ctrl Pts',(0.345054641519822,-2.49692270907371,-8.23327774227512));
#5134=CARTESIAN_POINT('Ctrl Pts',(0.663425923138411,-2.43177175080476,-8.21660239779067));
#5135=CARTESIAN_POINT('Ctrl Pts',(1.26879597023031,-2.17980697975901,-8.18233325081088));
#5136=CARTESIAN_POINT('Ctrl Pts',(1.54810350856378,-1.99115517394224,-8.16517940634312));
#5137=CARTESIAN_POINT('Ctrl Pts',(2.00790662543464,-1.52380263943975,-8.1334175674616));
#5138=CARTESIAN_POINT('Ctrl Pts',(2.18724017390225,-1.25283909901125,-8.11674761940803));
#5139=CARTESIAN_POINT('Ctrl Pts',(2.43784215848517,-0.646833622043297,-8.082475046889));
#5140=CARTESIAN_POINT('Ctrl Pts',(2.50231739167449,-0.31590524376834,-8.06529960231208));
#5141=CARTESIAN_POINT('Ctrl Pts',(2.49763964247029,0.339763235717702,-8.03354757261608));
#5142=CARTESIAN_POINT('Ctrl Pts',(2.43318112094652,0.658205268708585,-8.01688266068808));
#5143=CARTESIAN_POINT('Ctrl Pts',(2.18248380000434,1.26423676608572,-7.98260692506537));
#5144=CARTESIAN_POINT('Ctrl Pts',(1.99429722521936,1.54409447145378,-7.96541129874146));
#5145=CARTESIAN_POINT('Ctrl Pts',(1.52775010651386,2.00489482238742,-7.93366840409349));
#5146=CARTESIAN_POINT('Ctrl Pts',(1.25719580324605,2.18472970467156,-7.91700818908166));
#5147=CARTESIAN_POINT('Ctrl Pts',(0.65158962025561,2.43659987463121,-7.88272953247382));
#5148=CARTESIAN_POINT('Ctrl Pts',(0.320605520653802,2.50174296787701,-7.86551506328021));
#5149=CARTESIAN_POINT('Ctrl Pts',(-0.335188525477088,2.498250276974,-7.8337806718563));
#5150=CARTESIAN_POINT('Ctrl Pts',(-0.653690514798415,2.43439024824306,-7.81712483483643));
#5151=CARTESIAN_POINT('Ctrl Pts',(-1.26029254086185,2.18478937586176,-7.7828434806231));
#5152=CARTESIAN_POINT('Ctrl Pts',(-1.54062589658696,1.99700535725451,-7.76561143042056));
#5153=CARTESIAN_POINT('Ctrl Pts',(-2.0022872205112,1.5311548278973,-7.73388495062182));
#5154=CARTESIAN_POINT('Ctrl Pts',(-2.18255438438555,1.2609547213595,-7.71723319210917));
#5155=CARTESIAN_POINT('Ctrl Pts',(-2.43430934215015,0.658590877344798,-7.68311339371981));
#5156=CARTESIAN_POINT('Ctrl Pts',(-2.49999999781904,0.330881312314292,-7.66597636307814));
#5157=CARTESIAN_POINT('Ctrl Pts',(-2.5,1.64784421524677E-8,-7.65000000079567));
#5158=CARTESIAN_POINT('Origin',(0.,0.,14.25));
#5159=CARTESIAN_POINT('',(-2.5,1.02653111377081E-15,-6.74999999999996));
#5160=CARTESIAN_POINT('',(-2.5,-6.31302247014988E-10,-6.84999999993906));
#5161=CARTESIAN_POINT('',(-2.5,-3.06161699786838E-16,14.25));
#5162=CARTESIAN_POINT('Ctrl Pts',(-2.5,-8.67361737988404E-16,-6.74999999999996));
#5163=CARTESIAN_POINT('Ctrl Pts',(-2.5,0.147128978287438,-6.75710401549595));
#5164=CARTESIAN_POINT('Ctrl Pts',(-2.48701327921124,0.294295200823103,-6.76446956371914));
#5165=CARTESIAN_POINT('Ctrl Pts',(-2.40318996180353,0.763360732352812,-6.78879451742451));
#5166=CARTESIAN_POINT('Ctrl Pts',(-2.28211722753185,1.07237045780514,-6.80613628151178));
#5167=CARTESIAN_POINT('Ctrl Pts',(-1.9314568245743,1.61944139861266,-6.83956441126849));
#5168=CARTESIAN_POINT('Ctrl Pts',(-1.70771369621599,1.85386904249755,-6.85462166952885));
#5169=CARTESIAN_POINT('Ctrl Pts',(-1.1773642464686,2.22980414849631,-6.88774790833637));
#5170=CARTESIAN_POINT('Ctrl Pts',(-0.874068170181454,2.36520867167691,-6.90510042881573));
#5171=CARTESIAN_POINT('Ctrl Pts',(-0.240299895217727,2.50903465848479,-6.93857798784827));
#5172=CARTESIAN_POINT('Ctrl Pts',(0.0834192789745726,2.51913492824396,-6.9536451405284));
#5173=CARTESIAN_POINT('Ctrl Pts',(0.725185710591416,2.41505462403242,-6.98671397107433));
#5174=CARTESIAN_POINT('Ctrl Pts',(1.03656153467643,2.29867695551501,-7.0040760791947));
#5175=CARTESIAN_POINT('Ctrl Pts',(1.58912877567098,1.95641663418758,-7.03760159216789));
#5176=CARTESIAN_POINT('Ctrl Pts',(1.82677085818504,1.73660733085308,-7.05268459775046));
#5177=CARTESIAN_POINT('Ctrl Pts',(2.21116611472139,1.21214505280519,-7.08569578177351));
#5178=CARTESIAN_POINT('Ctrl Pts',(2.35149034704555,0.910513637331345,-7.10306631950149));
#5179=CARTESIAN_POINT('Ctrl Pts',(2.50500986138194,0.278806978862548,-7.13663820543455));
#5180=CARTESIAN_POINT('Ctrl Pts',(2.52008639036727,-0.044412804371808,-7.1517427120858));
#5181=CARTESIAN_POINT('Ctrl Pts',(2.42599858246345,-0.687930004450081,-7.18469622728487));
#5182=CARTESIAN_POINT('Ctrl Pts',(2.31422298495777,-1.0015377399807,-7.20207406020264));
#5183=CARTESIAN_POINT('Ctrl Pts',(1.98016235519958,-1.55938766587075,-7.23569064993486));
#5184=CARTESIAN_POINT('Ctrl Pts',(1.76415272266579,-1.80013824249528,-7.25082193626677));
#5185=CARTESIAN_POINT('Ctrl Pts',(1.24544111481219,-2.19265955248141,-7.2837179744393));
#5186=CARTESIAN_POINT('Ctrl Pts',(0.945490329581234,-2.33771575278831,-7.30110200352041));
#5187=CARTESIAN_POINT('Ctrl Pts',(0.315840036586675,-2.5005831695402,-7.33476155739344));
#5188=CARTESIAN_POINT('Ctrl Pts',(-0.00690289169101257,-2.52044091964035,
-7.349924482702));
#5189=CARTESIAN_POINT('Ctrl Pts',(-0.6520268132369,-2.43595973597718,-7.38276344479141));
#5190=CARTESIAN_POINT('Ctrl Pts',(-0.967714150978046,-2.32863778685059,
-7.40015261681882));
#5191=CARTESIAN_POINT('Ctrl Pts',(-1.53058165666753,-2.00248388387946,-7.43385334219934));
#5192=CARTESIAN_POINT('Ctrl Pts',(-1.77430398003939,-1.79010204329923,-7.4490523069815));
#5193=CARTESIAN_POINT('Ctrl Pts',(-2.174540065315,-1.27693769575498,-7.48183479523836));
#5194=CARTESIAN_POINT('Ctrl Pts',(-2.32409309174977,-0.978657209120959,
-7.49922811169152));
#5195=CARTESIAN_POINT('Ctrl Pts',(-2.47029028958324,-0.444488380293884,
-7.52794400827121));
#5196=CARTESIAN_POINT('Ctrl Pts',(-2.5,-0.222537636049764,-7.53925493241815));
#5197=CARTESIAN_POINT('Ctrl Pts',(-2.5,1.40443212615082E-13,-7.54999999999996));
#5198=CARTESIAN_POINT('Ctrl Pts',(-2.5,1.64784464624894E-8,-7.65000000079567));
#5199=CARTESIAN_POINT('Ctrl Pts',(-2.50000000002068,-0.00313716907750474,
-7.64984852407775));
#5200=CARTESIAN_POINT('Ctrl Pts',(-2.49999409488193,-0.00627462841006465,
-7.6496969160375));
#5201=CARTESIAN_POINT('Ctrl Pts',(-2.49877061567683,-0.331238947562236,
-7.63398178112171));
#5202=CARTESIAN_POINT('Ctrl Pts',(-2.43542717913294,-0.649791796963392,
-7.61733382020369));
#5203=CARTESIAN_POINT('Ctrl Pts',(-2.18677342891869,-1.25688539688195,-7.58304767314834));
#5204=CARTESIAN_POINT('Ctrl Pts',(-1.99933721378569,-1.53762940727786,-7.5657839522));
#5205=CARTESIAN_POINT('Ctrl Pts',(-1.53408828418434,-2.00003316944501,-7.5340716714422));
#5206=CARTESIAN_POINT('Ctrl Pts',(-1.26419426259592,-2.18067268917476,-7.51742724490117));
#5207=CARTESIAN_POINT('Ctrl Pts',(-0.65923387105638,-2.43458275273188,-7.48313897199096));
#5208=CARTESIAN_POINT('Ctrl Pts',(-0.328160639558306,-2.5008012088241,-7.46586102150965));
#5209=CARTESIAN_POINT('Ctrl Pts',(0.327833173646732,-2.49921421494024,-7.43415509841853));
#5210=CARTESIAN_POINT('Ctrl Pts',(0.6464292088822,-2.43631615590393,-7.41751395985412));
#5211=CARTESIAN_POINT('Ctrl Pts',(1.25394596164623,-2.18847949867907,-7.38322372303179));
#5212=CARTESIAN_POINT('Ctrl Pts',(1.53504408708402,-2.00134339249086,-7.36593252548066));
#5213=CARTESIAN_POINT('Ctrl Pts',(1.99808740970736,-1.53661338025924,-7.33423250906077));
#5214=CARTESIAN_POINT('Ctrl Pts',(2.17904738252472,-1.26698351430082,-7.31759442802007));
#5215=CARTESIAN_POINT('Ctrl Pts',(2.4337713936884,-0.662282018454682,-7.28330237674762));
#5216=CARTESIAN_POINT('Ctrl Pts',(2.50041931691641,-0.331173395786847,-7.26599885241044));
#5217=CARTESIAN_POINT('Ctrl Pts',(2.49959255938627,0.324899367642906,-7.23430432199232));
#5218=CARTESIAN_POINT('Ctrl Pts',(2.43707809354979,0.643532105882822,-7.2176690831141));
#5219=CARTESIAN_POINT('Ctrl Pts',(2.1899455791189,1.25141282395237,-7.18337535534811));
#5220=CARTESIAN_POINT('Ctrl Pts',(2.00306813833609,1.53281599356833,-7.1660603654472));
#5221=CARTESIAN_POINT('Ctrl Pts',(1.53878524491387,1.99640976359279,-7.13437092888516));
#5222=CARTESIAN_POINT('Ctrl Pts',(1.26938308708904,2.17764531151315,-7.11773833106369));
#5223=CARTESIAN_POINT('Ctrl Pts',(0.664905011629905,2.4330699890718,-7.0834430541539));
#5224=CARTESIAN_POINT('Ctrl Pts',(0.333766003865181,2.50008778364006,-7.06611740393661));
#5225=CARTESIAN_POINT('Ctrl Pts',(-0.322374374950801,2.49991538211678,-7.03443269587898));
#5226=CARTESIAN_POINT('Ctrl Pts',(-0.641038332820899,2.43773100967238,-7.0178025514515));
#5227=CARTESIAN_POINT('Ctrl Pts',(-1.24911760756912,2.19125105339815,-6.98351228768412));
#5228=CARTESIAN_POINT('Ctrl Pts',(-1.53078357541427,2.00464965485211,-6.96618022372058));
#5229=CARTESIAN_POINT('Ctrl Pts',(-1.99484908970652,1.54078144209775,-6.93449579429682));
#5230=CARTESIAN_POINT('Ctrl Pts',(-2.17636087415205,1.2715999967927,-6.91787106168037));
#5231=CARTESIAN_POINT('Ctrl Pts',(-2.4323722386865,0.667405176487519,-6.88357772779976));
#5232=CARTESIAN_POINT('Ctrl Pts',(-2.49975622635274,0.336341627659867,-6.86624488585469));
#5233=CARTESIAN_POINT('Ctrl Pts',(-2.49999977994305,0.00121122733078016,
-6.85005848763013));
#5234=CARTESIAN_POINT('Ctrl Pts',(-2.50000000000031,0.000605608068311954,
-6.85002924134426));
#5235=CARTESIAN_POINT('Ctrl Pts',(-2.5,-1.26260290908556E-9,-6.84999999993906));
#5236=CARTESIAN_POINT('Origin',(0.,0.,14.25));
#5237=CARTESIAN_POINT('',(-2.5,-3.39801886314412E-14,-5.94999999999995));
#5238=CARTESIAN_POINT('',(-2.5,-4.96701441231406E-8,-6.04999999520345));
#5239=CARTESIAN_POINT('',(-2.5,-3.06161699786838E-16,14.25));
#5240=CARTESIAN_POINT('Ctrl Pts',(-2.5,-6.26929064218018E-14,-5.94999999999995));
#5241=CARTESIAN_POINT('Ctrl Pts',(-2.5,0.20124086863599,-5.95971676868725));
#5242=CARTESIAN_POINT('Ctrl Pts',(-2.47570467975434,0.402166556859885,-5.96990422552298));
#5243=CARTESIAN_POINT('Ctrl Pts',(-2.34914408962658,0.915534171584326,-5.99722301848455));
#5244=CARTESIAN_POINT('Ctrl Pts',(-2.20956610184396,1.21429313227084,-6.0144399369356));
#5245=CARTESIAN_POINT('Ctrl Pts',(-1.82537033205298,1.73855276483346,-6.04743734663417));
#5246=CARTESIAN_POINT('Ctrl Pts',(-1.58547773866202,1.95979649626865,-6.06264229273499));
#5247=CARTESIAN_POINT('Ctrl Pts',(-1.03170573959178,2.30052780904311,-6.09619539640284));
#5248=CARTESIAN_POINT('Ctrl Pts',(-0.722395236961086,2.41557401665038,-6.1134311527637));
#5249=CARTESIAN_POINT('Ctrl Pts',(-0.080883026528114,2.51948010615958,-6.14648422413098));
#5250=CARTESIAN_POINT('Ctrl Pts',(0.244931436741528,2.50885032624755,-6.1616493294037));
#5251=CARTESIAN_POINT('Ctrl Pts',(0.878542893789408,2.36329730643303,-6.19515385725759));
#5252=CARTESIAN_POINT('Ctrl Pts',(1.17991662531826,2.22818640476217,-6.212407686291));
#5253=CARTESIAN_POINT('Ctrl Pts',(1.7098613861977,1.85215709118412,-6.24551626914304));
#5254=CARTESIAN_POINT('Ctrl Pts',(1.93437224467867,1.61626582250859,-6.26064722751156));
#5255=CARTESIAN_POINT('Ctrl Pts',(2.28389350308472,1.06818130497724,-6.2941015141907));
#5256=CARTESIAN_POINT('Ctrl Pts',(2.40400192841226,0.760236808383741,-6.31137255829993));
#5257=CARTESIAN_POINT('Ctrl Pts',(2.51781337428881,0.12053529074516,-6.34453630881254));
#5258=CARTESIAN_POINT('Ctrl Pts',(2.51236695555518,-0.204755257054388,-6.35963911925985));
#5259=CARTESIAN_POINT('Ctrl Pts',(2.37715188007714,-0.840535875225295,-6.39304162459105));
#5260=CARTESIAN_POINT('Ctrl Pts',(2.24665177962181,-1.14451305881237,-6.41032894338552));
#5261=CARTESIAN_POINT('Ctrl Pts',(1.87900128942115,-1.68020249086197,-6.44354732703101));
#5262=CARTESIAN_POINT('Ctrl Pts',(1.64716788707701,-1.90802618527723,-6.4586282226558));
#5263=CARTESIAN_POINT('Ctrl Pts',(1.10493140779879,-2.26641792251842,-6.49197755064636));
#5264=CARTESIAN_POINT('Ctrl Pts',(0.798456256371563,-2.39165052792258,-6.50928013209657));
#5265=CARTESIAN_POINT('Ctrl Pts',(0.160664486003878,-2.51549984461847,-6.54255242927031));
#5266=CARTESIAN_POINT('Ctrl Pts',(-0.164098240187862,-2.51527817354587,
-6.55761780046954));
#5267=CARTESIAN_POINT('Ctrl Pts',(-0.801977101588281,-2.39050811199556,
-6.59091271766742));
#5268=CARTESIAN_POINT('Ctrl Pts',(-1.10851079945885,-2.26470735667452,-6.60822948898831));
#5269=CARTESIAN_POINT('Ctrl Pts',(-1.64993287187849,-1.90554831525507,-6.64155484002078));
#5270=CARTESIAN_POINT('Ctrl Pts',(-1.88107536573703,-1.67778084606286,-6.65661108184964));
#5271=CARTESIAN_POINT('Ctrl Pts',(-2.24830814498844,-1.1414813347513,-6.68985056850872));
#5272=CARTESIAN_POINT('Ctrl Pts',(-2.37866132845716,-0.836562612650307,
-6.70718041046444));
#5273=CARTESIAN_POINT('Ctrl Pts',(-2.48209991257298,-0.345383626989632,
-6.73296540152145));
#5274=CARTESIAN_POINT('Ctrl Pts',(-2.5,-0.172734897148482,-6.74165962137214));
#5275=CARTESIAN_POINT('Ctrl Pts',(-2.5,-2.28983498828939E-15,-6.74999999999996));
#5276=CARTESIAN_POINT('Ctrl Pts',(-2.5,-1.26260155108859E-9,-6.84999999993906));
#5277=CARTESIAN_POINT('Ctrl Pts',(-2.4999999998379,-0.320973922448812,-6.8345020080619));
#5278=CARTESIAN_POINT('Ctrl Pts',(-2.43818416537206,-0.639039012616564,
-6.81790815028456));
#5279=CARTESIAN_POINT('Ctrl Pts',(-2.19254621214688,-1.24683316660965,-6.78364849342603));
#5280=CARTESIAN_POINT('Ctrl Pts',(-2.0062607755266,-1.52866344281467,-6.76631481519159));
#5281=CARTESIAN_POINT('Ctrl Pts',(-1.54293824522321,-1.99317607203727,-6.73461971079827));
#5282=CARTESIAN_POINT('Ctrl Pts',(-1.27398350280544,-2.17496131605951,-6.71801413869306));
#5283=CARTESIAN_POINT('Ctrl Pts',(-0.670141416404681,-2.43161443645727,
-6.6837250011947));
#5284=CARTESIAN_POINT('Ctrl Pts',(-0.339193996446675,-2.4993655134942,-6.66639042466006));
#5285=CARTESIAN_POINT('Ctrl Pts',(0.316845239578583,-2.50060125964787,-6.63468933331577));
#5286=CARTESIAN_POINT('Ctrl Pts',(0.635585108290823,-2.43916168700797,-6.6180944699706));
#5287=CARTESIAN_POINT('Ctrl Pts',(1.24416166383722,-2.19405683537763,-6.58380769745515));
#5288=CARTESIAN_POINT('Ctrl Pts',(1.52618353367659,-2.00814082521133,-6.56647215679078));
#5289=CARTESIAN_POINT('Ctrl Pts',(1.99121825317664,-1.54545619799975,-6.53476460171072));
#5290=CARTESIAN_POINT('Ctrl Pts',(2.17332294531663,-1.27676626595508,-6.51818126979866));
#5291=CARTESIAN_POINT('Ctrl Pts',(2.43072533625369,-0.673336591430299,-6.4838970598964));
#5292=CARTESIAN_POINT('Ctrl Pts',(2.49890499801474,-0.342525317084019,-6.46656048535892));
#5293=CARTESIAN_POINT('Ctrl Pts',(2.50102702541497,0.313425156286322,-6.4348459542298));
#5294=CARTESIAN_POINT('Ctrl Pts',(2.44003379175268,0.63220677351476,-6.41827503249819));
#5295=CARTESIAN_POINT('Ctrl Pts',(2.19581638816288,1.24104034393789,-6.38399359916752));
#5296=CARTESIAN_POINT('Ctrl Pts',(2.01033191144926,1.52328531212469,-6.36665591703109));
#5297=CARTESIAN_POINT('Ctrl Pts',(1.54839227464871,1.9889289665853,-6.33493385977844));
#5298=CARTESIAN_POINT('Ctrl Pts',(1.28001132828227,2.17140642675212,-6.31837628563957));
#5299=CARTESIAN_POINT('Ctrl Pts',(0.677063387116801,2.42968258794803,-6.28409786047632));
#5300=CARTESIAN_POINT('Ctrl Pts',(0.346411645070873,2.49836204181953,-6.2667589929975));
#5301=CARTESIAN_POINT('Ctrl Pts',(-0.30943456029072,2.50151791365724,-6.23502881948445));
#5302=CARTESIAN_POINT('Ctrl Pts',(-0.628264885697706,2.44104518275121,-6.21848559149875));
#5303=CARTESIAN_POINT('Ctrl Pts',(-1.23739732464551,2.19786266028958,-6.18421042514174));
#5304=CARTESIAN_POINT('Ctrl Pts',(-1.51990165359914,2.01288171389306,-6.16687029056602));
#5305=CARTESIAN_POINT('Ctrl Pts',(-1.98625457844919,1.55181115337493,-6.13513136823516));
#5306=CARTESIAN_POINT('Ctrl Pts',(-2.16916647948498,1.28379027831083,-6.11860354843313));
#5307=CARTESIAN_POINT('Ctrl Pts',(-2.4284602033823,0.681404426094526,-6.08433191207114));
#5308=CARTESIAN_POINT('Ctrl Pts',(-2.49772168632089,0.35093950843606,-6.06699042469037));
#5309=CARTESIAN_POINT('Ctrl Pts',(-2.49998158264266,0.0110815452705155,
-6.05053543268484));
#5310=CARTESIAN_POINT('Ctrl Pts',(-2.50000000011033,0.00554034459746194,
-6.05026751149916));
#5311=CARTESIAN_POINT('Ctrl Pts',(-2.5,-4.97862442456043E-8,-6.04999999759613));
#5312=CARTESIAN_POINT('Origin',(0.,0.,14.25));
#5313=CARTESIAN_POINT('',(-2.5,-1.12240625272085E-13,-5.14999999999995));
#5314=CARTESIAN_POINT('',(-2.5,-4.35111166175729E-15,-5.25000000000002));
#5315=CARTESIAN_POINT('',(-2.5,-3.06161699786838E-16,14.25));
#5316=CARTESIAN_POINT('Ctrl Pts',(-2.5,-2.26277330206415E-13,-5.14999999999995));
#5317=CARTESIAN_POINT('Ctrl Pts',(-2.50000000000002,0.248981475559118,-5.16202188910145));
#5318=CARTESIAN_POINT('Ctrl Pts',(-2.46280925891475,0.496977960067161,-5.17474003344957));
#5319=CARTESIAN_POINT('Ctrl Pts',(-2.29368978637093,1.0461810710746,-5.20464029488228));
#5320=CARTESIAN_POINT('Ctrl Pts',(-2.13849994679585,1.33504548538054,-5.22169169940787));
#5321=CARTESIAN_POINT('Ctrl Pts',(-1.72531909973736,1.838423393399,-5.25426055179978));
#5322=CARTESIAN_POINT('Ctrl Pts',(-1.47083721011049,2.04772364926339,-5.26993617017141));
#5323=CARTESIAN_POINT('Ctrl Pts',(-0.897013695215883,2.35605699723421,-5.30380948737217));
#5324=CARTESIAN_POINT('Ctrl Pts',(-0.583422159262742,2.45260601784145,-5.32088200656718));
#5325=CARTESIAN_POINT('Ctrl Pts',(0.0640840496924744,2.52034972407319,-5.35350124611942));
#5326=CARTESIAN_POINT('Ctrl Pts',(0.391818261783104,2.49053283398263,-5.36910800255197));
#5327=CARTESIAN_POINT('Ctrl Pts',(1.01664587381763,2.30699041997555,-5.40294819673449));
#5328=CARTESIAN_POINT('Ctrl Pts',(1.30783917567914,2.15530707066447,-5.42004192009323));
#5329=CARTESIAN_POINT('Ctrl Pts',(1.81605335911709,1.7487031170577,-5.45271275065029));
#5330=CARTESIAN_POINT('Ctrl Pts',(2.02811541315625,1.49758622908749,-5.46825244856138));
#5331=CARTESIAN_POINT('Ctrl Pts',(2.34396904421466,0.9282904212142,-5.50205755438994));
#5332=CARTESIAN_POINT('Ctrl Pts',(2.44478653843646,0.615588872301629,-5.51917247068157));
#5333=CARTESIAN_POINT('Ctrl Pts',(2.52087663138122,-0.0306193382994302,
-5.55189596506347));
#5334=CARTESIAN_POINT('Ctrl Pts',(2.49552775684001,-0.357911474925309,-5.56737093960105));
#5335=CARTESIAN_POINT('Ctrl Pts',(2.32078661789565,-0.984890094785373,-5.60113896812762));
#5336=CARTESIAN_POINT('Ctrl Pts',(2.17288841405319,-1.27852667151987,-5.61827496032369));
#5337=CARTESIAN_POINT('Ctrl Pts',(1.77333840440211,-1.79186331487356,-5.65105204624566));
#5338=CARTESIAN_POINT('Ctrl Pts',(1.52579448360544,-2.00685230248421,-5.66646517133537));
#5339=CARTESIAN_POINT('Ctrl Pts',(0.961370463689944,-2.33065985241833,-5.70019412481024));
#5340=CARTESIAN_POINT('Ctrl Pts',(0.649677807309268,-2.43600929641641,-5.71735096645673));
#5341=CARTESIAN_POINT('Ctrl Pts',(0.0049032244463626,-2.52095811234435,
-5.75018241362771));
#5342=CARTESIAN_POINT('Ctrl Pts',(-0.321918336631889,-2.50032463032057,
-5.76553709967904));
#5343=CARTESIAN_POINT('Ctrl Pts',(-0.951097752207597,-2.33490369269781,
-5.79922498799647));
#5344=CARTESIAN_POINT('Ctrl Pts',(-1.24726635422535,-2.19105028635379,-5.81640234123815));
#5345=CARTESIAN_POINT('Ctrl Pts',(-1.7659692017931,-1.7989892988092,-5.84928874997784));
#5346=CARTESIAN_POINT('Ctrl Pts',(-1.98402804472117,-1.55519856644117,-5.8645889314687));
#5347=CARTESIAN_POINT('Ctrl Pts',(-2.31615591620167,-0.995962598767119,
-5.89823379005282));
#5348=CARTESIAN_POINT('Ctrl Pts',(-2.42626391818756,-0.685400691096234,
-5.91543120548164));
#5349=CARTESIAN_POINT('Ctrl Pts',(-2.49121041095183,-0.24217613246816,-5.93813091014927));
#5350=CARTESIAN_POINT('Ctrl Pts',(-2.5,-0.121039600690039,-5.94415569108855));
#5351=CARTESIAN_POINT('Ctrl Pts',(-2.5,-5.7141791298676E-14,-5.94999999999995));
#5352=CARTESIAN_POINT('Ctrl Pts',(-2.5,-4.97862474163613E-8,-6.04999999759613));
#5353=CARTESIAN_POINT('Ctrl Pts',(-2.49999999371142,-0.315779074843508,
-6.03475283737023));
#5354=CARTESIAN_POINT('Ctrl Pts',(-2.44016960096181,-0.628824101106908,
-6.01844107855446));
#5355=CARTESIAN_POINT('Ctrl Pts',(-2.20023800158417,-1.23315065890858,-5.98446297912797));
#5356=CARTESIAN_POINT('Ctrl Pts',(-2.01584384413444,-1.5159559333167,-5.96712004939924));
#5357=CARTESIAN_POINT('Ctrl Pts',(-1.55578578429758,-1.98313370292681,-5.93536155005386));
#5358=CARTESIAN_POINT('Ctrl Pts',(-1.28818389066013,-2.16655118075581,-5.91886799677814));
#5359=CARTESIAN_POINT('Ctrl Pts',(-0.686453045971529,-2.42702803603548,
-5.88460432434964));
#5360=CARTESIAN_POINT('Ctrl Pts',(-0.356206757740361,-2.49696623115821,
-5.86725985908776));
#5361=CARTESIAN_POINT('Ctrl Pts',(0.299373217732939,-2.50272738593853,-5.835490434632));
#5362=CARTESIAN_POINT('Ctrl Pts',(0.618326334357568,-2.44356561464222,-5.81901587584528));
#5363=CARTESIAN_POINT('Ctrl Pts',(1.22820745235444,-2.20298943733013,-5.78475668696898));
#5364=CARTESIAN_POINT('Ctrl Pts',(1.51136115379034,-2.01927807642707,-5.76741058962607));
#5365=CARTESIAN_POINT('Ctrl Pts',(1.97949642912493,-1.56039781087615,-5.73562941370029));
#5366=CARTESIAN_POINT('Ctrl Pts',(2.16350126844268,-1.29328260769114,-5.71917518286054));
#5367=CARTESIAN_POINT('Ctrl Pts',(2.42535121873239,-0.692313908788357,-5.68492084818569));
#5368=CARTESIAN_POINT('Ctrl Pts',(2.49607474685554,-0.362323251816475,-5.66757301923287));
#5369=CARTESIAN_POINT('Ctrl Pts',(2.50346246946551,0.293087980319651,-5.63577921106958));
#5370=CARTESIAN_POINT('Ctrl Pts',(2.44511867487201,0.61211779828151,-5.61934671168983));
#5371=CARTESIAN_POINT('Ctrl Pts',(2.20616860225159,1.22246311051852,-5.58509763162676));
#5372=CARTESIAN_POINT('Ctrl Pts',(2.02325037714212,1.50601917786838,-5.56774796905478));
#5373=CARTESIAN_POINT('Ctrl Pts',(1.56573775432337,1.97526360836544,-5.53594059123492));
#5374=CARTESIAN_POINT('Ctrl Pts',(1.29918676424778,2.15994948090628,-5.51953129650794));
#5375=CARTESIAN_POINT('Ctrl Pts',(0.699103331183812,2.42338957230256,-5.48528790342685));
#5376=CARTESIAN_POINT('Ctrl Pts',(0.369411265956227,2.4950225191747,-5.46793630338382));
#5377=CARTESIAN_POINT('Ctrl Pts',(-0.285802012386786,2.50429491886654,-5.43611435973353));
#5378=CARTESIAN_POINT('Ctrl Pts',(-0.604920744922112,2.44689843162907,-5.41972981130156));
#5379=CARTESIAN_POINT('Ctrl Pts',(-1.21580081771836,2.20983141587148,-5.38549257185185));
#5380=CARTESIAN_POINT('Ctrl Pts',(-1.49982015919504,2.02783264133874,-5.36813892943781));
#5381=CARTESIAN_POINT('Ctrl Pts',(-1.97034627055895,1.57190484475604,-5.33630136311605));
#5382=CARTESIAN_POINT('Ctrl Pts',(-2.15581999006356,1.30600642828947,-5.31994316883321));
#5383=CARTESIAN_POINT('Ctrl Pts',(-2.42109700810384,0.706949191949477,-5.28571258638021));
#5384=CARTESIAN_POINT('Ctrl Pts',(-2.49378042860545,0.377605475256167,-5.26835679661971));
#5385=CARTESIAN_POINT('Ctrl Pts',(-2.4998727678267,0.02912939701497,-5.25140903635023));
#5386=CARTESIAN_POINT('Ctrl Pts',(-2.5,0.0145620719707229,-5.25070311903298));
#5387=CARTESIAN_POINT('Ctrl Pts',(-2.5,1.53080849893419E-16,-5.25000000000002));
#5388=CARTESIAN_POINT('Origin',(0.,0.,14.25));
#5389=CARTESIAN_POINT('',(-2.5,-5.61585828485155E-14,-4.34999999999995));
#5390=CARTESIAN_POINT('',(-2.5,1.39439701809454E-14,-4.45000000000002));
#5391=CARTESIAN_POINT('',(-2.5,-3.06161699786838E-16,14.25));
#5392=CARTESIAN_POINT('Ctrl Pts',(-2.5,-1.10883524584438E-13,-4.34999999999995));
#5393=CARTESIAN_POINT('Ctrl Pts',(-2.50000000000001,0.284552021242899,-4.36373938697766));
#5394=CARTESIAN_POINT('Ctrl Pts',(-2.45142124689339,0.567347567746847,-4.37836553891478));
#5395=CARTESIAN_POINT('Ctrl Pts',(-2.24783320034029,1.14100626004263,-4.41013599174811));
#5396=CARTESIAN_POINT('Ctrl Pts',(-2.08147840216931,1.42201473981346,-4.42703137737162));
#5397=CARTESIAN_POINT('Ctrl Pts',(-1.64705339577998,1.90936396996639,-4.45925117992035));
#5398=CARTESIAN_POINT('Ctrl Pts',(-1.3814741391046,2.10950537774849,-4.47548663550105));
#5399=CARTESIAN_POINT('Ctrl Pts',(-0.793140981962512,2.39283645322505,-4.50956049475391));
#5400=CARTESIAN_POINT('Ctrl Pts',(-0.477026251680059,2.4753207694737,-4.52647355046116));
#5401=CARTESIAN_POINT('Ctrl Pts',(0.174402582955728,2.51551554777515,-4.55873121257716));
#5402=CARTESIAN_POINT('Ctrl Pts',(0.503574897542446,2.47076348853311,-4.57489947717566));
#5403=CARTESIAN_POINT('Ctrl Pts',(1.12075230180376,2.2580406626862,-4.60895389488775));
#5404=CARTESIAN_POINT('Ctrl Pts',(1.40348828123251,2.09405854017093,-4.62588523806021));
#5405=CARTESIAN_POINT('Ctrl Pts',(1.89432829870109,1.66418959650612,-4.65818246947607));
#5406=CARTESIAN_POINT('Ctrl Pts',(2.09646647673029,1.40102010444474,-4.67428209478842));
#5407=CARTESIAN_POINT('Ctrl Pts',(2.38525309723692,0.815782135005132,-4.70831561605928));
#5408=CARTESIAN_POINT('Ctrl Pts',(2.47078878977388,0.500161799647263,-4.72526582779366));
#5409=CARTESIAN_POINT('Ctrl Pts',(2.51696908119896,-0.150461898601999,-4.75760432474845));
#5410=CARTESIAN_POINT('Ctrl Pts',(2.47548754642272,-0.479325646630452,-4.77363413860928));
#5411=CARTESIAN_POINT('Ctrl Pts',(2.2691208810289,-1.09823851767769,-4.80764522886135));
#5412=CARTESIAN_POINT('Ctrl Pts',(2.10778392226005,-1.38286283141118,-4.82461484560466));
#5413=CARTESIAN_POINT('Ctrl Pts',(1.68296695735929,-1.8775393072394,-4.8569962780413));
#5414=CARTESIAN_POINT('Ctrl Pts',(1.42245035944505,-2.08187018410781,-4.87295542469063));
#5415=CARTESIAN_POINT('Ctrl Pts',(0.840655636364652,-2.37664580302248,-4.90694247128848));
#5416=CARTESIAN_POINT('Ctrl Pts',(0.525613827629677,-2.46554284114722,-4.92393197619822));
#5417=CARTESIAN_POINT('Ctrl Pts',(-0.124093583983083,-2.51831028839656,
-4.95635797403701));
#5418=CARTESIAN_POINT('Ctrl Pts',(-0.452614874676908,-2.4804112597561,-4.97224595418438));
#5419=CARTESIAN_POINT('Ctrl Pts',(-1.07339012928943,-2.28102954099426,-5.00620726933704));
#5420=CARTESIAN_POINT('Ctrl Pts',(-1.36006012679368,-2.12262142788523,-5.02321708351723));
#5421=CARTESIAN_POINT('Ctrl Pts',(-1.85891892347381,-1.70336616892143,-5.05568922214959));
#5422=CARTESIAN_POINT('Ctrl Pts',(-2.06563871069847,-1.44574704222697,-5.07150593187184));
#5423=CARTESIAN_POINT('Ctrl Pts',(-2.36693525143435,-0.86775562669796,-5.10543975697266));
#5424=CARTESIAN_POINT('Ctrl Pts',(-2.45950550626098,-0.55338682082505,-5.1224702307637));
#5425=CARTESIAN_POINT('Ctrl Pts',(-2.49647084406727,-0.153477222846207,
-5.1425188810231));
#5426=CARTESIAN_POINT('Ctrl Pts',(-2.49999999999999,-0.0766952874256764,
-5.14629682393849));
#5427=CARTESIAN_POINT('Ctrl Pts',(-2.5,-2.24175088844383E-13,-5.14999999999995));
#5428=CARTESIAN_POINT('Ctrl Pts',(-2.5,3.05311331771918E-15,-5.25000000000002));
#5429=CARTESIAN_POINT('Ctrl Pts',(-2.5,-0.306318648385726,-5.23520962729321));
#5430=CARTESIAN_POINT('Ctrl Pts',(-2.44370200002619,-0.610205366543809,
-5.21941071856569));
#5431=CARTESIAN_POINT('Ctrl Pts',(-2.21403740641938,-1.20809138198107,-5.18594893614911));
#5432=CARTESIAN_POINT('Ctrl Pts',(-2.03310202475268,-1.49264229259566,-5.16859089516395));
#5433=CARTESIAN_POINT('Ctrl Pts',(-1.57900635551171,-1.96464526354684,-5.13671866230012));
#5434=CARTESIAN_POINT('Ctrl Pts',(-1.31386070014569,-2.15102800536371,-5.12041824631996));
#5435=CARTESIAN_POINT('Ctrl Pts',(-0.715990238663538,-2.41842096145932,
-5.086202647665));
#5436=CARTESIAN_POINT('Ctrl Pts',(-0.387052328773415,-2.4923142779727,-5.06884225407002));
#5437=CARTESIAN_POINT('Ctrl Pts',(0.267657009010874,-2.50627636858437,-5.03695084900397));
#5438=CARTESIAN_POINT('Ctrl Pts',(0.58699721541846,-2.45123498620885,-5.02068196695343));
#5439=CARTESIAN_POINT('Ctrl Pts',(1.19919361690454,-2.21884857741301,-4.98647478167144));
#5440=CARTESIAN_POINT('Ctrl Pts',(1.48435204182937,-2.03913974154728,-4.96911193821655));
#5441=CARTESIAN_POINT('Ctrl Pts',(1.95805123887448,-1.58715627128896,-4.93720004829156));
#5442=CARTESIAN_POINT('Ctrl Pts',(2.14547965268744,-1.32287628466254,-4.92096452430175));
#5443=CARTESIAN_POINT('Ctrl Pts',(2.41530191226273,-0.726374581241741,-4.8867664290627));
#5444=CARTESIAN_POINT('Ctrl Pts',(2.49058409600377,-0.397908593573633,-4.86940104454375));
#5445=CARTESIAN_POINT('Ctrl Pts',(2.50743162546909,0.25648260138795,-4.83746729199497));
#5446=CARTESIAN_POINT('Ctrl Pts',(2.45383784762352,0.575959257720315,-4.82126698392524));
#5447=CARTESIAN_POINT('Ctrl Pts',(2.22432770458633,1.18895546893577,-4.7870787057285));
#5448=CARTESIAN_POINT('Ctrl Pts',(2.04602918678599,1.47480503914895,-4.76971069718835));
#5449=CARTESIAN_POINT('Ctrl Pts',(1.59647310179664,1.95044514032754,-4.73775363982708));
#5450=CARTESIAN_POINT('Ctrl Pts',(1.33318512934499,2.13907226232347,-4.72159042716193));
#5451=CARTESIAN_POINT('Ctrl Pts',(0.738257133714794,2.41167307396002,-4.68741274621548));
#5452=CARTESIAN_POINT('Ctrl Pts',(0.410338817817767,2.48854346642862,-4.67004204145432));
#5453=CARTESIAN_POINT('Ctrl Pts',(-0.243680569638336,2.50869435950853,-4.6380601740877));
#5454=CARTESIAN_POINT('Ctrl Pts',(-0.563313634236236,2.45675659136169,-4.6219359435144));
#5455=CARTESIAN_POINT('Ctrl Pts',(-1.17721613209616,2.23053595670631,-4.58776969609513));
#5456=CARTESIAN_POINT('Ctrl Pts',(-1.46384788573513,2.05385324425488,-4.57039623650526));
#5457=CARTESIAN_POINT('Ctrl Pts',(-1.94169938474896,1.60707664822502,-4.53838799319027));
#5458=CARTESIAN_POINT('Ctrl Pts',(-2.13169523189067,1.34492091620452,-4.52230462168661));
#5459=CARTESIAN_POINT('Ctrl Pts',(-2.40746036274013,0.751795755698849,-4.48815070293607));
#5460=CARTESIAN_POINT('Ctrl Pts',(-2.48613896200317,0.42451144817468,-4.47077444667128));
#5461=CARTESIAN_POINT('Ctrl Pts',(-2.49944336707178,0.0609377576579637,
-4.45295346787855));
#5462=CARTESIAN_POINT('Ctrl Pts',(-2.5,0.030458623484169,-4.45147067243816));
#5463=CARTESIAN_POINT('Ctrl Pts',(-2.5,2.81941020616777E-14,-4.45000000000002));
#5464=CARTESIAN_POINT('Origin',(0.,0.,14.25));
#5465=CARTESIAN_POINT('',(-2.5,-1.40970510308389E-14,-3.54999999999995));
#5466=CARTESIAN_POINT('',(-2.5,8.40465232104055E-14,-3.65000000000003));
#5467=CARTESIAN_POINT('',(-2.5,-3.06161699786838E-16,14.25));
#5468=CARTESIAN_POINT('Ctrl Pts',(-2.5,-3.04617442381527E-14,-3.54999999999995));
#5469=CARTESIAN_POINT('Ctrl Pts',(-2.50000000000001,0.307899241101016,-3.56486669047417));
#5470=CARTESIAN_POINT('Ctrl Pts',(-2.44312012103446,0.613390934042133,-3.5807547318193));
#5471=CARTESIAN_POINT('Ctrl Pts',(-2.21570431046601,1.20197645212968,-3.61372247083833));
#5472=CARTESIAN_POINT('Ctrl Pts',(-2.04224764415909,1.47761683088386,-3.63050069897899));
#5473=CARTESIAN_POINT('Ctrl Pts',(-1.59403678147012,1.95422150787618,-3.66247742573448));
#5474=CARTESIAN_POINT('Ctrl Pts',(-1.32106486055878,2.14820245803166,-3.67917739509788));
#5475=CARTESIAN_POINT('Ctrl Pts',(-0.723430694832493,2.41470423730576,-3.71336376084804));
#5476=CARTESIAN_POINT('Ctrl Pts',(-0.405983022250032,2.48784239146819,-3.73015425346114));
#5477=CARTESIAN_POINT('Ctrl Pts',(0.247754400530453,2.50966067717913,-3.76215585422151));
#5478=CARTESIAN_POINT('Ctrl Pts',(0.577853984282498,2.45477335179118,-3.77880579148266));
#5479=CARTESIAN_POINT('Ctrl Pts',(1.18944085627546,2.22248468416849,-3.81298159125381));
#5480=CARTESIAN_POINT('Ctrl Pts',(1.46620582001381,2.05048314676715,-3.82978501658277));
#5481=CARTESIAN_POINT('Ctrl Pts',(1.94504950153208,1.60511593768582,-3.86181297896796));
#5482=CARTESIAN_POINT('Ctrl Pts',(2.14031637016888,1.33368146602603,-3.87841048974003));
#5483=CARTESIAN_POINT('Ctrl Pts',(2.41032978403328,0.737957373669728,-3.91257486168129));
#5484=CARTESIAN_POINT('Ctrl Pts',(2.48540954537832,0.420764177402342,-3.92939189923462));
#5485=CARTESIAN_POINT('Ctrl Pts',(2.5110515375264,-0.232513185368,-3.96144776046141));
#5486=CARTESIAN_POINT('Ctrl Pts',(2.45828511783625,-0.562422710733184,-3.97799046836401));
#5487=CARTESIAN_POINT('Ctrl Pts',(2.23007373810385,-1.17520590324179,-4.01214248584163));
#5488=CARTESIAN_POINT('Ctrl Pts',(2.05972776567219,-1.45323468913792,-4.02897382260308));
#5489=CARTESIAN_POINT('Ctrl Pts',(1.61758371415708,-1.93460183209336,-4.06105916533345));
#5490=CARTESIAN_POINT('Ctrl Pts',(1.34788396563577,-2.13131650563123,-4.07754473510573));
#5491=CARTESIAN_POINT('Ctrl Pts',(0.754330357617727,-2.40528474887701,-4.1116834033801));
#5492=CARTESIAN_POINT('Ctrl Pts',(0.43743859569546,-2.48255666084479,-4.12852972940819));
#5493=CARTESIAN_POINT('Ctrl Pts',(-0.215307026072151,-2.5125116886123,-4.16064617662056));
#5494=CARTESIAN_POINT('Ctrl Pts',(-0.545000227356487,-2.46212993529301,
-4.17707234010171));
#5495=CARTESIAN_POINT('Ctrl Pts',(-1.15911183988718,-2.23851386425619,-4.2111965931981));
#5496=CARTESIAN_POINT('Ctrl Pts',(-1.43855274351663,-2.07004371385613,-4.22805859659458));
#5497=CARTESIAN_POINT('Ctrl Pts',(-1.92274897875046,-1.63153639084537,-4.26020780541382));
#5498=CARTESIAN_POINT('Ctrl Pts',(-2.12108512029158,-1.36378390571863,-4.27657239037916));
#5499=CARTESIAN_POINT('Ctrl Pts',(-2.39948347919486,-0.772686019138845,
-4.31068108824664));
#5500=CARTESIAN_POINT('Ctrl Pts',(-2.47921778202284,-0.456150741969347,
-4.32755944948545));
#5501=CARTESIAN_POINT('Ctrl Pts',(-2.49881853562115,-0.0887903580276143,
-4.34568919298123));
#5502=CARTESIAN_POINT('Ctrl Pts',(-2.5,-0.0443749505054502,-4.34785738785316));
#5503=CARTESIAN_POINT('Ctrl Pts',(-2.5,-1.12011003997244E-13,-4.34999999999995));
#5504=CARTESIAN_POINT('Ctrl Pts',(-2.5,2.90045765183322E-14,-4.45000000000002));
#5505=CARTESIAN_POINT('Ctrl Pts',(-2.5,-0.289764739988739,-4.43600892069646));
#5506=CARTESIAN_POINT('Ctrl Pts',(-2.44962423729093,-0.577577058494352,
-4.42110459738719));
#5507=CARTESIAN_POINT('Ctrl Pts',(-2.23752975934144,-1.16380941333516,-4.38855690579302));
#5508=CARTESIAN_POINT('Ctrl Pts',(-2.06269066352057,-1.45132110693906,-4.37117783127582));
#5509=CARTESIAN_POINT('Ctrl Pts',(-1.61908355059709,-1.93167995275963,-4.33911191220963));
#5510=CARTESIAN_POINT('Ctrl Pts',(-1.35821421682808,-2.12323165899177,-4.32311575047767));
#5511=CARTESIAN_POINT('Ctrl Pts',(-0.767145864651908,-2.4025827934931,-4.28898942314538));
#5512=CARTESIAN_POINT('Ctrl Pts',(-0.440593352144807,-2.48330980091658,
-4.27160753290648));
#5513=CARTESIAN_POINT('Ctrl Pts',(0.212487203887457,-2.51149987536295,-4.23951021270364));
#5514=CARTESIAN_POINT('Ctrl Pts',(0.532501906874506,-2.46358700210401,-4.22356027353078));
#5515=CARTESIAN_POINT('Ctrl Pts',(1.14856860840362,-2.24535687405784,-4.1894493392467));
#5516=CARTESIAN_POINT('Ctrl Pts',(1.43706352037098,-2.07261144487988,-4.17206466408019));
#5517=CARTESIAN_POINT('Ctrl Pts',(1.92024962142989,-1.6326015025283,-4.13993417646663));
#5518=CARTESIAN_POINT('Ctrl Pts',(2.11356095713377,-1.37318618289477,-4.1240320749855));
#5519=CARTESIAN_POINT('Ctrl Pts',(2.39695348382139,-0.784453354702333,-4.08993768888302));
#5520=CARTESIAN_POINT('Ctrl Pts',(2.47998788734762,-0.458742556580351,-4.07255029228775));
#5521=CARTESIAN_POINT('Ctrl Pts',(2.5130004460163,0.193751576756135,-4.04038483739298));
#5522=CARTESIAN_POINT('Ctrl Pts',(2.46749876210771,0.513995983074656,-4.02453205377529));
#5523=CARTESIAN_POINT('Ctrl Pts',(2.25405175426514,1.13133310476629,-3.99045544058355));
#5524=CARTESIAN_POINT('Ctrl Pts',(2.0836712667184,1.42091824347742,-3.97306542344586));
#5525=CARTESIAN_POINT('Ctrl Pts',(1.64772212892,1.90727255942137,-3.94086317697648));
#5526=CARTESIAN_POINT('Ctrl Pts',(1.38994076190813,2.10256266605689,-3.92506102344476));
#5527=CARTESIAN_POINT('Ctrl Pts',(0.803845783854337,2.39048147434231,-3.89100347838193));
#5528=CARTESIAN_POINT('Ctrl Pts',(0.479099137176994,2.47609844279568,-3.87361098383799));
#5529=CARTESIAN_POINT('Ctrl Pts',(-0.172716312099396,2.51452055617537,-3.84137010761424));
#5530=CARTESIAN_POINT('Ctrl Pts',(-0.493219152346335,2.47172103132741,-3.82561969329023));
#5531=CARTESIAN_POINT('Ctrl Pts',(-1.11195682684684,2.26363036664715,-3.79158258229002));
#5532=CARTESIAN_POINT('Ctrl Pts',(-1.40274048292695,2.09590513272137,-3.77418780068701));
#5533=CARTESIAN_POINT('Ctrl Pts',(-1.89262045208345,1.66451269094206,-3.74190645454197));
#5534=CARTESIAN_POINT('Ctrl Pts',(-2.09012162957615,1.40855561044135,-3.72620864857018));
#5535=CARTESIAN_POINT('Ctrl Pts',(-2.38307458033281,0.825421991365287,-3.69219340771807));
#5536=CARTESIAN_POINT('Ctrl Pts',(-2.47156146937876,0.501774394333533,-3.67479658157348));
#5537=CARTESIAN_POINT('Ctrl Pts',(-2.49806843449007,0.113535371328067,-3.65552060397561));
#5538=CARTESIAN_POINT('Ctrl Pts',(-2.5,0.0567393130003136,-3.65273961637932));
#5539=CARTESIAN_POINT('Ctrl Pts',(-2.5,1.68399208120598E-13,-3.65000000000003));
#5540=CARTESIAN_POINT('Origin',(0.,0.,14.25));
#5541=CARTESIAN_POINT('',(-2.5,-7.65404249467096E-17,-2.74999999999996));
#5542=CARTESIAN_POINT('',(-2.5,7.21935617157193E-14,-2.85000000000003));
#5543=CARTESIAN_POINT('',(-2.5,-3.06161699786838E-16,14.25));
#5544=CARTESIAN_POINT('Ctrl Pts',(-2.5,-9.0205620750794E-16,-2.74999999999996));
#5545=CARTESIAN_POINT('Ctrl Pts',(-2.5,0.32198868387494,-2.76554698895079));
#5546=CARTESIAN_POINT('Ctrl Pts',(-2.43779378369999,0.641116478458215,-2.78219996627305));
#5547=CARTESIAN_POINT('Ctrl Pts',(-2.19555794276962,1.23825889849023,-2.81587726967385));
#5548=CARTESIAN_POINT('Ctrl Pts',(-2.0179045423194,1.51058199640767,-2.83257926000965));
#5549=CARTESIAN_POINT('Ctrl Pts',(-1.56143371587843,1.98061486343904,-2.86440387098543));
#5550=CARTESIAN_POINT('Ctrl Pts',(-1.28395865713792,2.17081329559101,-2.88142125784));
#5551=CARTESIAN_POINT('Ctrl Pts',(-0.680803656056979,2.42699372211643,-2.91566776604697));
#5552=CARTESIAN_POINT('Ctrl Pts',(-0.362678896505665,2.49445240621109,-2.93237736190957));
#5553=CARTESIAN_POINT('Ctrl Pts',(0.292345355197387,2.50506425479319,-2.96421696752411));
#5554=CARTESIAN_POINT('Ctrl Pts',(0.622991461143343,2.44392350774379,-2.98120221853978));
#5555=CARTESIAN_POINT('Ctrl Pts',(1.23097009934661,2.19966803621022,-3.01544313345012));
#5556=CARTESIAN_POINT('Ctrl Pts',(1.50396711864074,2.02285592585198,-3.03216083778663));
#5557=CARTESIAN_POINT('Ctrl Pts',(1.97533131729328,1.56804808500309,-3.06401647142769));
#5558=CARTESIAN_POINT('Ctrl Pts',(2.16629708097265,1.29148412487627,-3.0809675718221));
#5559=CARTESIAN_POINT('Ctrl Pts',(2.42457013686101,0.68943723996986,-3.11520242803437));
#5560=CARTESIAN_POINT('Ctrl Pts',(2.49317697631268,0.371441282449293,-3.13192876789193));
#5561=CARTESIAN_POINT('Ctrl Pts',(2.50605706333603,-0.283329916280645,-3.1638015197969));
#5562=CARTESIAN_POINT('Ctrl Pts',(2.4461866148583,-0.613866761520788,-3.18071637692586));
#5563=CARTESIAN_POINT('Ctrl Pts',(2.20435528020372,-1.22258811602197,-3.21494467061381));
#5564=CARTESIAN_POINT('Ctrl Pts',(2.02851175706435,-1.4963554405679,-3.23168019683367));
#5565=CARTESIAN_POINT('Ctrl Pts',(1.57561401857224,-1.96924366680079,-3.26357121498867));
#5566=CARTESIAN_POINT('Ctrl Pts',(1.30009375440093,-2.16108713956668,-3.28044766330667));
#5567=CARTESIAN_POINT('Ctrl Pts',(0.699321803386671,-2.42175464657075,-3.31466884928739));
#5568=CARTESIAN_POINT('Ctrl Pts',(0.381478491351381,-2.49167734330094,-3.3314141359145));
#5569=CARTESIAN_POINT('Ctrl Pts',(-0.272998270253693,-2.50715520257161,
-3.36332462658241));
#5570=CARTESIAN_POINT('Ctrl Pts',(-0.603409104794112,-2.44873673338907,
-3.38016043422125));
#5571=CARTESIAN_POINT('Ctrl Pts',(-1.2129733200252,-2.2096804961858,-3.41437392287628));
#5572=CARTESIAN_POINT('Ctrl Pts',(-1.48761810250673,-2.03494948657307,-3.43112956624257));
#5573=CARTESIAN_POINT('Ctrl Pts',(-1.9622454269837,-1.58423981989641,-3.46306079405261));
#5574=CARTESIAN_POINT('Ctrl Pts',(-2.15508961541088,-1.3099114775591,-3.47985367121555));
#5575=CARTESIAN_POINT('Ctrl Pts',(-2.41848808924759,-0.710602761949323,
-3.51405882527776));
#5576=CARTESIAN_POINT('Ctrl Pts',(-2.48991428653568,-0.392940444682224,
-3.53082544271554));
#5577=CARTESIAN_POINT('Ctrl Pts',(-2.49966932527922,-0.0469655478773622,
-3.54772568925255));
#5578=CARTESIAN_POINT('Ctrl Pts',(-2.5,-0.0234760910662867,-3.54886647405108));
#5579=CARTESIAN_POINT('Ctrl Pts',(-2.5,-2.78879403618909E-14,-3.54999999999995));
#5580=CARTESIAN_POINT('Ctrl Pts',(-2.5,1.6757428777936E-13,-3.65000000000003));
#5581=CARTESIAN_POINT('Ctrl Pts',(-2.5,-0.262719914703599,-3.63731476037637));
#5582=CARTESIAN_POINT('Ctrl Pts',(-2.45859096810558,-0.52414369987692,-3.62386392278463));
#5583=CARTESIAN_POINT('Ctrl Pts',(-2.27408482936612,-1.09031846343409,-3.59283646415278));
#5584=CARTESIAN_POINT('Ctrl Pts',(-2.10932060396684,-1.38240709373571,-3.57543789299101));
#5585=CARTESIAN_POINT('Ctrl Pts',(-1.68300701148024,-1.87618021257844,-3.54307014593637));
#5586=CARTESIAN_POINT('Ctrl Pts',(-1.42907212499795,-2.0761346238631,-3.52747901363835));
#5587=CARTESIAN_POINT('Ctrl Pts',(-0.849240583332828,-2.37464345961452,
-3.49351209348773));
#5588=CARTESIAN_POINT('Ctrl Pts',(-0.526838732999512,-2.46629429373949,
-3.47611213841305));
#5589=CARTESIAN_POINT('Ctrl Pts',(0.123297053498022,-2.51740821082221,-3.44369852740846));
#5590=CARTESIAN_POINT('Ctrl Pts',(0.444409761261034,-2.48093954758318,-3.42816078950907));
#5591=CARTESIAN_POINT('Ctrl Pts',(1.05959755747914,-2.28749637865138,-3.39458803170912));
#5592=CARTESIAN_POINT('Ctrl Pts',(1.3473858434555,-2.13071819123427,-3.37755682028431));
#5593=CARTESIAN_POINT('Ctrl Pts',(1.84854320582785,-1.71454407563522,-3.34503531994988));
#5594=CARTESIAN_POINT('Ctrl Pts',(2.05657554637062,-1.45851980477335,-3.32929205494608));
#5595=CARTESIAN_POINT('Ctrl Pts',(2.36145242023946,-0.882640738578369,-3.29538861643081));
#5596=CARTESIAN_POINT('Ctrl Pts',(2.45604517827754,-0.568660747938234,-3.2783364662357));
#5597=CARTESIAN_POINT('Ctrl Pts',(2.51996217813329,0.0794235105972706,-3.24576585010825));
#5598=CARTESIAN_POINT('Ctrl Pts',(2.48808824723244,0.407359733037012,-3.23009269709942));
#5599=CARTESIAN_POINT('Ctrl Pts',(2.30050422212097,1.03117563206186,-3.19622052052019));
#5600=CARTESIAN_POINT('Ctrl Pts',(2.14709417216369,1.32123010175566,-3.17914725082981));
#5601=CARTESIAN_POINT('Ctrl Pts',(1.7372568092889,1.8270739332193,-3.14652620280507));
#5602=CARTESIAN_POINT('Ctrl Pts',(1.48448967498232,2.03778226841658,-3.13092185676259));
#5603=CARTESIAN_POINT('Ctrl Pts',(0.912966042980985,2.34995138816901,-3.09708287229566));
#5604=CARTESIAN_POINT('Ctrl Pts',(0.599820743318228,2.44867551929763,-3.0799883970843));
#5605=CARTESIAN_POINT('Ctrl Pts',(-0.0470303457438946,2.52067281595617,
-3.04731571771014));
#5606=CARTESIAN_POINT('Ctrl Pts',(-0.374539476102964,2.49313611232992,-3.03177835658958));
#5607=CARTESIAN_POINT('Ctrl Pts',(-1.00047279052699,2.31408151173011,-2.99797453064111));
#5608=CARTESIAN_POINT('Ctrl Pts',(-1.29291823838771,2.16432398666048,-2.98085886481013));
#5609=CARTESIAN_POINT('Ctrl Pts',(-1.803751106807,1.76131469390553,-2.94813348617415));
#5610=CARTESIAN_POINT('Ctrl Pts',(-2.01730913908244,1.51202320543409,-2.93266075580201));
#5611=CARTESIAN_POINT('Ctrl Pts',(-2.33723037980006,0.945208124966175,-2.89889407789519));
#5612=CARTESIAN_POINT('Ctrl Pts',(-2.44036334076529,0.633013781169676,-2.88175734229809));
#5613=CARTESIAN_POINT('Ctrl Pts',(-2.49358958504821,0.206839550254112,-2.86011530524823));
#5614=CARTESIAN_POINT('Ctrl Pts',(-2.5,0.103367075877123,-2.85499100392973));
#5615=CARTESIAN_POINT('Ctrl Pts',(-2.5,1.41830991395864E-13,-2.85000000000003));
#5616=CARTESIAN_POINT('Origin',(0.,0.,14.25));
#5617=CARTESIAN_POINT('',(-2.5,2.45903052291297E-8,-1.95000000237461));
#5618=CARTESIAN_POINT('',(-2.5,-2.56434648150118E-15,-2.05000000000002));
#5619=CARTESIAN_POINT('',(-2.5,-3.06161699786838E-16,14.25));
#5620=CARTESIAN_POINT('Ctrl Pts',(-2.5,2.46477179638438E-8,-1.95000000119005));
#5621=CARTESIAN_POINT('Ctrl Pts',(-2.49999999674583,0.330067646911404,-1.96593707585852));
#5622=CARTESIAN_POINT('Ctrl Pts',(-2.4346321110572,0.656992795930925,-1.98302977614517));
#5623=CARTESIAN_POINT('Ctrl Pts',(-2.1837533860387,1.25888471342258,-2.01710926325136));
#5624=CARTESIAN_POINT('Ctrl Pts',(-2.00372424610603,1.52928000098341,-2.03376568545864));
#5625=CARTESIAN_POINT('Ctrl Pts',(-1.54253711917907,1.99551433055962,-2.06550121283131));
#5626=CARTESIAN_POINT('Ctrl Pts',(-1.26246581220945,2.18352016733917,-2.08271316162937));
#5627=CARTESIAN_POINT('Ctrl Pts',(-0.656177953074307,2.43372517974159,-2.11699142932194));
#5628=CARTESIAN_POINT('Ctrl Pts',(-0.337708856332207,2.4979149162715,-2.13365227230357));
#5629=CARTESIAN_POINT('Ctrl Pts',(0.318016137001293,2.50206050632494,-2.1653963875465));
#5630=CARTESIAN_POINT('Ctrl Pts',(0.6489695649525,2.43728544655316,-2.18258931357441));
#5631=CARTESIAN_POINT('Ctrl Pts',(1.25479595304421,2.18611400491013,-2.21686462805876));
#5632=CARTESIAN_POINT('Ctrl Pts',(1.52557585161757,2.00655523714201,-2.2335302134852));
#5633=CARTESIAN_POINT('Ctrl Pts',(1.99256688478473,1.54630429067948,-2.26528355413002));
#5634=CARTESIAN_POINT('Ctrl Pts',(2.18100990550105,1.2667497889959,-2.28245610769544));
#5635=CARTESIAN_POINT('Ctrl Pts',(2.43240583560382,0.661082620448819,-2.3167282241493));
#5636=CARTESIAN_POINT('Ctrl Pts',(2.49724594330882,0.342679393274168,-2.33339889409037));
#5637=CARTESIAN_POINT('Ctrl Pts',(2.5026790325305,-0.312908515127987,-2.36516214027065));
#5638=CARTESIAN_POINT('Ctrl Pts',(2.43862914340906,-0.643801261670298,-2.38231289187972));
#5639=CARTESIAN_POINT('Ctrl Pts',(2.18883535193469,-1.2500603284652,-2.41658154493657));
#5640=CARTESIAN_POINT('Ctrl Pts',(2.00982173276943,-1.52128416612277,-2.43325766266611));
#5641=CARTESIAN_POINT('Ctrl Pts',(1.55065429930583,-1.98914931736526,-2.46503153920521));
#5642=CARTESIAN_POINT('Ctrl Pts',(1.27169703667008,-2.17809710669191,-2.48215897747062));
#5643=CARTESIAN_POINT('Ctrl Pts',(0.666748976874167,-2.43086839752724,-2.51642387949714));
#5644=CARTESIAN_POINT('Ctrl Pts',(0.348423524865957,-2.49646031140284,-2.53310583024439));
#5645=CARTESIAN_POINT('Ctrl Pts',(-0.307004474506582,-2.503381069914,-2.5648911087195));
#5646=CARTESIAN_POINT('Ctrl Pts',(-0.637826784018395,-2.44016813763048,
-2.58199363869579));
#5647=CARTESIAN_POINT('Ctrl Pts',(-1.24458322722295,-2.19196580993443,-2.61625447793454));
#5648=CARTESIAN_POINT('Ctrl Pts',(-1.51631848676728,-2.01358317745359,-2.6329426695635));
#5649=CARTESIAN_POINT('Ctrl Pts',(-1.98519156328801,-1.55566788001713,-2.66474017031959));
#5650=CARTESIAN_POINT('Ctrl Pts',(-2.17472106217937,-1.27739960200199,-2.68181611236908));
#5651=CARTESIAN_POINT('Ctrl Pts',(-2.42907778772364,-0.673283534683709,
-2.71607255093931));
#5652=CARTESIAN_POINT('Ctrl Pts',(-2.49553727751625,-0.355050010544356,
-2.73276741453474));
#5653=CARTESIAN_POINT('Ctrl Pts',(-2.49992766136891,-0.0219635616418929,
-2.74893805865946));
#5654=CARTESIAN_POINT('Ctrl Pts',(-2.5,-0.0109801865285149,-2.74946982969526));
#5655=CARTESIAN_POINT('Ctrl Pts',(-2.5,1.53080849893419E-16,-2.74999999999996));
#5656=CARTESIAN_POINT('Ctrl Pts',(-2.5,1.36765598846011E-13,-2.85000000000003));
#5657=CARTESIAN_POINT('Ctrl Pts',(-2.5,-0.220119527106731,-2.83937168904634));
#5658=CARTESIAN_POINT('Ctrl Pts',(-2.47093243648787,-0.43970467491639,-2.82818782893734));
#5659=CARTESIAN_POINT('Ctrl Pts',(-2.32806728765477,-0.967634536644506,
-2.79983981731736));
#5660=CARTESIAN_POINT('Ctrl Pts',(-2.18223233430904,-1.26257273390597,-2.78268224233264));
#5661=CARTESIAN_POINT('Ctrl Pts',(-1.78650854649013,-1.77866025695378,-2.74984885662599));
#5662=CARTESIAN_POINT('Ctrl Pts',(-1.54088728523849,-1.99522236084229,-2.7344961724254));
#5663=CARTESIAN_POINT('Ctrl Pts',(-0.979111992715324,-2.32329666917544,
-2.70080977565442));
#5664=CARTESIAN_POINT('Ctrl Pts',(-0.667989502864624,-2.43108416238102,
-2.68363170309917));
#5665=CARTESIAN_POINT('Ctrl Pts',(-0.0240100192609689,-2.52079842503491,
-2.65074333778198));
#5666=CARTESIAN_POINT('Ctrl Pts',(0.302558177540399,-2.50269052303702,-2.63544500934826));
#5667=CARTESIAN_POINT('Ctrl Pts',(0.932886976287604,-2.34227395180654,-2.60180171122986));
#5668=CARTESIAN_POINT('Ctrl Pts',(1.23039145323969,-2.20060745565005,-2.58460359444424));
#5669=CARTESIAN_POINT('Ctrl Pts',(1.75195110737465,-1.81257585497676,-2.55165983461879));
#5670=CARTESIAN_POINT('Ctrl Pts',(1.97164643600904,-1.57078767070678,-2.53641140924441));
#5671=CARTESIAN_POINT('Ctrl Pts',(2.30819896129638,-1.01434909922184,-2.50281312782054));
#5672=CARTESIAN_POINT('Ctrl Pts',(2.42084447373186,-0.704420267657626,-2.48559552980117));
#5673=CARTESIAN_POINT('Ctrl Pts',(2.52005580070977,-0.062075352279824,-2.45259614713309));
#5674=CARTESIAN_POINT('Ctrl Pts',(2.50695915881197,0.26398817970351,-2.43739270630133));
#5675=CARTESIAN_POINT('Ctrl Pts',(2.35649585097797,0.896536729350991,-2.40384129439628));
#5676=CARTESIAN_POINT('Ctrl Pts',(2.21920946655767,1.19664859639072,-2.38660488391515));
#5677=CARTESIAN_POINT('Ctrl Pts',(1.83920934362321,1.72383973375182,-2.35354984158086));
#5678=CARTESIAN_POINT('Ctrl Pts',(1.60137828585726,1.94676688922859,-2.33838604573957));
#5679=CARTESIAN_POINT('Ctrl Pts',(1.050526656133,2.29203217161728,-2.30488327058509));
#5680=CARTESIAN_POINT('Ctrl Pts',(0.741909642434982,2.4096875060047,-2.28762881629636));
#5681=CARTESIAN_POINT('Ctrl Pts',(0.101321344511951,2.51869779598748,-2.25451827136184));
#5682=CARTESIAN_POINT('Ctrl Pts',(-0.224222831528565,2.51074253307986,-2.23938841464422));
#5683=CARTESIAN_POINT('Ctrl Pts',(-0.858964411489451,2.37052040687119,-2.20593593750117));
#5684=CARTESIAN_POINT('Ctrl Pts',(-1.16168968854912,2.23778200682614,-2.18866430010926));
#5685=CARTESIAN_POINT('Ctrl Pts',(-1.69460566381453,1.86607013761557,-2.15549860322322));
#5686=CARTESIAN_POINT('Ctrl Pts',(-1.92082835058132,1.63227573022071,-2.14039667709702));
#5687=CARTESIAN_POINT('Ctrl Pts',(-2.27493890519757,1.08720314285184,-2.10699603334662));
#5688=CARTESIAN_POINT('Ctrl Pts',(-2.39769657740462,0.780007372074137,-2.08970815598017));
#5689=CARTESIAN_POINT('Ctrl Pts',(-2.48590875969764,0.306532630898365,-2.06508252950256));
#5690=CARTESIAN_POINT('Ctrl Pts',(-2.5,0.153258308972578,-2.05739996576138));
#5691=CARTESIAN_POINT('Ctrl Pts',(-2.5,-3.05311331771918E-15,-2.05000000000002));
#5692=CARTESIAN_POINT('Origin',(0.,0.,14.25));
#5693=CARTESIAN_POINT('',(-2.5,-5.90676262157383E-11,-1.14999999999425));
#5694=CARTESIAN_POINT('',(-2.5,-3.41883554485584E-14,-1.25000000000002));
#5695=CARTESIAN_POINT('',(-2.5,-3.06161699786838E-16,14.25));
#5696=CARTESIAN_POINT('Ctrl Pts',(-2.5,-1.18108672254689E-10,-1.14999999999425));
#5697=CARTESIAN_POINT('Ctrl Pts',(-2.50000000000001,0.000184741824934573,
-1.15000892012434));
#5698=CARTESIAN_POINT('Ctrl Pts',(-2.49999997952227,0.000369484734898499,
-1.15001784071067));
#5699=CARTESIAN_POINT('Ctrl Pts',(-2.49992861683668,0.322270423911202,-1.16556202022639));
#5700=CARTESIAN_POINT('Ctrl Pts',(-2.43775783301068,0.640935659744915,-1.18219195458704));
#5701=CARTESIAN_POINT('Ctrl Pts',(-2.19130484992954,1.24902282974499,-1.21648206010705));
#5702=CARTESIAN_POINT('Ctrl Pts',(-2.00471656124255,1.53069562318059,-1.23381419144206));
#5703=CARTESIAN_POINT('Ctrl Pts',(-1.54087099171092,1.9947796998311,-1.26549906427131));
#5704=CARTESIAN_POINT('Ctrl Pts',(-1.27169895672425,2.17630283510763,-1.28212299933052));
#5705=CARTESIAN_POINT('Ctrl Pts',(-0.6675187721548,2.43234084425552,-1.31641615942757));
#5706=CARTESIAN_POINT('Ctrl Pts',(-0.33646003597651,2.49974007289956,-1.33374907381693));
#5707=CARTESIAN_POINT('Ctrl Pts',(0.319651622509578,2.50024840518307,-1.36543911374956));
#5708=CARTESIAN_POINT('Ctrl Pts',(0.638357230911181,2.43844241071671,-1.38205376547572));
#5709=CARTESIAN_POINT('Ctrl Pts',(1.24672228308897,2.19260899697852,-1.41634489694731));
#5710=CARTESIAN_POINT('Ctrl Pts',(1.52856052494228,2.00633889553369,-1.43367865335038));
#5711=CARTESIAN_POINT('Ctrl Pts',(2.00211903629806,1.53404270409473,-1.46599000427991));
#5712=CARTESIAN_POINT('Ctrl Pts',(2.18913889254369,1.25280746659895,-1.48329188231272));
#5713=CARTESIAN_POINT('Ctrl Pts',(2.43665907878398,0.645127049990181,-1.51758369210484));
#5714=CARTESIAN_POINT('Ctrl Pts',(2.49938470951942,0.326514460127695,-1.53422218143132));
#5715=CARTESIAN_POINT('Ctrl Pts',(2.50062999398185,-0.329514891860423,-1.56592298629826));
#5716=CARTESIAN_POINT('Ctrl Pts',(2.43421853546398,-0.660604042749361,-1.58321241407796));
#5717=CARTESIAN_POINT('Ctrl Pts',(2.17994263281955,-1.26544815623798,-1.61750238936896));
#5718=CARTESIAN_POINT('Ctrl Pts',(1.99915903832749,-1.53522349862025,-1.63414396706626));
#5719=CARTESIAN_POINT('Ctrl Pts',(1.53646780179346,-2.0002392593218,-1.665850738921));
#5720=CARTESIAN_POINT('Ctrl Pts',(1.2555646628127,-2.18754063663417,-1.68312678798466));
#5721=CARTESIAN_POINT('Ctrl Pts',(0.648280825972994,-2.43582725268149,-1.71741477780778));
#5722=CARTESIAN_POINT('Ctrl Pts',(0.329708493227979,-2.49897053976352,-1.73405967647561));
#5723=CARTESIAN_POINT('Ctrl Pts',(-0.32623463598843,-2.50104344921248,-1.76577287063859));
#5724=CARTESIAN_POINT('Ctrl Pts',(-0.657285196783452,-2.43509935102127,
-1.78303454970796));
#5725=CARTESIAN_POINT('Ctrl Pts',(-1.26241068492197,-2.18170948086011,-1.81732039031922));
#5726=CARTESIAN_POINT('Ctrl Pts',(-1.53247332113189,-2.00127494465454,-1.8339688586239));
#5727=CARTESIAN_POINT('Ctrl Pts',(-1.99805361507444,-1.53927999209311,-1.86568896287532));
#5728=CARTESIAN_POINT('Ctrl Pts',(-2.18568141854002,-1.25876215705673,-1.88293521494339));
#5729=CARTESIAN_POINT('Ctrl Pts',(-2.43485687039399,-0.65193918614765,-1.91721872890703));
#5730=CARTESIAN_POINT('Ctrl Pts',(-2.4984848155555,-0.333414245308136,-1.93387103245284));
#5731=CARTESIAN_POINT('Ctrl Pts',(-2.49999109074056,-0.00770723910442112,
-1.94962768339128));
#5732=CARTESIAN_POINT('Ctrl Pts',(-2.50000000003799,-0.00385340162701574,
-1.94981394131133));
#5733=CARTESIAN_POINT('Ctrl Pts',(-2.5,2.46477213611421E-8,-1.95000000119005));
#5734=CARTESIAN_POINT('Ctrl Pts',(-2.5,4.26741975090295E-15,-2.05000000000002));
#5735=CARTESIAN_POINT('Ctrl Pts',(-2.5,-0.167323269878848,-2.04192091785118));
#5736=CARTESIAN_POINT('Ctrl Pts',(-2.48320386023619,-0.33459476763975,-2.03350841268604));
#5737=CARTESIAN_POINT('Ctrl Pts',(-2.38414067452656,-0.820611339520312,
-2.00806019298441));
#5738=CARTESIAN_POINT('Ctrl Pts',(-2.2560661640245,-1.1259201368526,-1.99075708998974));
#5739=CARTESIAN_POINT('Ctrl Pts',(-1.89280452750539,-1.66458332803816,-1.95748289762513));
#5740=CARTESIAN_POINT('Ctrl Pts',(-1.66307791909619,-1.89412736034036,-1.94241795814452));
#5741=CARTESIAN_POINT('Ctrl Pts',(-1.12390896748049,-2.25710679057197,-1.90912498963186));
#5742=CARTESIAN_POINT('Ctrl Pts',(-0.818229951114359,-2.38499505574501,
-1.89180773578752));
#5743=CARTESIAN_POINT('Ctrl Pts',(-0.181458152925529,-2.51405258495083,
-1.85848052297692));
#5744=CARTESIAN_POINT('Ctrl Pts',(0.143030848294337,-2.5165313194383,-1.84342448611299));
#5745=CARTESIAN_POINT('Ctrl Pts',(0.781960146686018,-2.39716782949227,-1.81018698076257));
#5746=CARTESIAN_POINT('Ctrl Pts',(1.0897877431704,-2.27381517613522,-1.79285669652932));
#5747=CARTESIAN_POINT('Ctrl Pts',(1.63414932217574,-1.91906183736988,-1.75947752761663));
#5748=CARTESIAN_POINT('Ctrl Pts',(1.86699912348968,-1.69338627405815,-1.74442393971358));
#5749=CARTESIAN_POINT('Ctrl Pts',(2.238761355143,-1.16017037205284,-1.71124275383463));
#5750=CARTESIAN_POINT('Ctrl Pts',(2.37174241281273,-0.856084927048648,-1.69390058857224));
#5751=CARTESIAN_POINT('Ctrl Pts',(2.51080165087633,-0.221329140040688,-1.66047068321518));
#5752=CARTESIAN_POINT('Ctrl Pts',(2.51844747385215,0.102637365646954,-1.64541317907404));
#5753=CARTESIAN_POINT('Ctrl Pts',(2.40944204948126,0.743510708684897,-1.61228896825611));
#5754=CARTESIAN_POINT('Ctrl Pts',(2.29080802179555,1.05376080179693,-1.59493608805202));
#5755=CARTESIAN_POINT('Ctrl Pts',(1.94451540317851,1.60370038434228,-1.56145680370635));
#5756=CARTESIAN_POINT('Ctrl Pts',(1.72282306846484,1.83980334670475,-1.54638918941506));
#5757=CARTESIAN_POINT('Ctrl Pts',(1.19553413941706,2.22015478427301,-1.51332239898777));
#5758=CARTESIAN_POINT('Ctrl Pts',(0.893096264747187,2.35812649266357,-1.49595997244389));
#5759=CARTESIAN_POINT('Ctrl Pts',(0.260394181031953,2.50700773933386,-1.46243278848155));
#5760=CARTESIAN_POINT('Ctrl Pts',(-0.0630639462032146,2.51970560649158,
-1.44734911544544));
#5761=CARTESIAN_POINT('Ctrl Pts',(-0.705754279911412,2.42084035529591,-1.41433997602064));
#5762=CARTESIAN_POINT('Ctrl Pts',(-1.01830365414361,2.30686051985061,-1.39696916054808));
#5763=CARTESIAN_POINT('Ctrl Pts',(-1.57363601158618,1.96887647019634,-1.36339566137574));
#5764=CARTESIAN_POINT('Ctrl Pts',(-1.81290271206827,1.75105361689173,-1.3482902935655));
#5765=CARTESIAN_POINT('Ctrl Pts',(-2.20155194745254,1.22959003463441,-1.31533881980643));
#5766=CARTESIAN_POINT('Ctrl Pts',(-2.34435266984616,0.928828394855602,-1.29796074876265));
#5767=CARTESIAN_POINT('Ctrl Pts',(-2.47480860321181,0.409470962104499,-1.27027483493799));
#5768=CARTESIAN_POINT('Ctrl Pts',(-2.5,0.204918534843495,-1.25989434212004));
#5769=CARTESIAN_POINT('Ctrl Pts',(-2.5,-5.39499001028787E-14,-1.25000000000002));
#5770=CARTESIAN_POINT('Origin',(0.,0.,14.25));
#5771=CARTESIAN_POINT('',(-2.5,-3.15051148160139E-8,-0.349999996957554));
#5772=CARTESIAN_POINT('',(-2.5,-1.12285637430745E-13,-0.450000000000009));
#5773=CARTESIAN_POINT('',(-2.5,-3.06161699786838E-16,14.25));
#5774=CARTESIAN_POINT('Ctrl Pts',(-2.5,-3.15786762040728E-8,-0.349999998475204));
#5775=CARTESIAN_POINT('Ctrl Pts',(-2.50000000005527,0.00437548245326401,
-0.350211266980464));
#5776=CARTESIAN_POINT('Ctrl Pts',(-2.49998851303839,0.0087515249176779,
-0.350422790742143));
#5777=CARTESIAN_POINT('Ctrl Pts',(-2.49827528787545,0.334999779203808,-0.366209714449365));
#5778=CARTESIAN_POINT('Ctrl Pts',(-2.43443994901677,0.653504218113526,-0.382865175948376));
#5779=CARTESIAN_POINT('Ctrl Pts',(-2.1848843279984,1.2601297569033,-0.417146760429307));
#5780=CARTESIAN_POINT('Ctrl Pts',(-1.99711692512651,1.54048273734848,-0.434380319421221));
#5781=CARTESIAN_POINT('Ctrl Pts',(-1.5312951413873,2.00217956021857,-0.466106121237664));
#5782=CARTESIAN_POINT('Ctrl Pts',(-1.26110965624719,2.18246453659839,-0.482757530016892));
#5783=CARTESIAN_POINT('Ctrl Pts',(-0.655863961084827,2.43547509091945,-0.517041588419891));
#5784=CARTESIAN_POINT('Ctrl Pts',(-0.324829956870978,2.50121918819417,-0.534291438489214));
#5785=CARTESIAN_POINT('Ctrl Pts',(0.331076102871439,2.49879193346541,-0.566009929685247));
#5786=CARTESIAN_POINT('Ctrl Pts',(0.649631031324554,2.43546979416514,-0.582657565043898));
#5787=CARTESIAN_POINT('Ctrl Pts',(1.25674487955128,2.18685510471475,-0.616943908558776));
#5788=CARTESIAN_POINT('Ctrl Pts',(1.53750582166171,1.99943323498587,-0.634208939773943));
#5789=CARTESIAN_POINT('Ctrl Pts',(1.9999401777274,1.53420911388307,-0.665920634549446));
#5790=CARTESIAN_POINT('Ctrl Pts',(2.18059503305832,1.26432771819369,-0.682564758170175));
#5791=CARTESIAN_POINT('Ctrl Pts',(2.43454402876465,0.659379694156403,-0.716853212567534));
#5792=CARTESIAN_POINT('Ctrl Pts',(2.50078302184353,0.328304767577956,-0.734132383113518));
#5793=CARTESIAN_POINT('Ctrl Pts',(2.49923239315748,-0.327692831782906,-0.765837761712462));
#5794=CARTESIAN_POINT('Ctrl Pts',(2.43635268508546,-0.646290633245738,-0.782478618538578));
#5795=CARTESIAN_POINT('Ctrl Pts',(2.1885497053652,-1.25382480823307,-0.816769023030174));
#5796=CARTESIAN_POINT('Ctrl Pts',(2.00142596965143,-1.53493752575285,-0.834061356114648));
#5797=CARTESIAN_POINT('Ctrl Pts',(1.53671734346742,-1.9980071898164,-0.865760866753625));
#5798=CARTESIAN_POINT('Ctrl Pts',(1.26709836683428,-2.17898035497403,-0.882398685857995));
#5799=CARTESIAN_POINT('Ctrl Pts',(0.662407550071878,-2.43373789350796,-0.916690892046079));
#5800=CARTESIAN_POINT('Ctrl Pts',(0.331297471753829,-2.50040351163437,-0.93399547277751));
#5801=CARTESIAN_POINT('Ctrl Pts',(-0.324778534430156,-2.49960806705405,
-0.965689533510655));
#5802=CARTESIAN_POINT('Ctrl Pts',(-0.643412774456379,-2.43710939880194,
-0.982324528949852));
#5803=CARTESIAN_POINT('Ctrl Pts',(-1.25130847212192,-2.19000589115966,-1.01661839985895));
#5804=CARTESIAN_POINT('Ctrl Pts',(-1.53272420548568,-2.00313910680209,-1.03393437213044));
#5805=CARTESIAN_POINT('Ctrl Pts',(-1.99634063694257,-1.53887463088417,-1.06562337264536));
#5806=CARTESIAN_POINT('Ctrl Pts',(-2.17758752552314,-1.26948185470924,-1.08225574429391));
#5807=CARTESIAN_POINT('Ctrl Pts',(-2.43296910671078,-0.66518322898588,-1.11654149467655));
#5808=CARTESIAN_POINT('Ctrl Pts',(-2.49999999998421,-0.334238723999037,
-1.13386152678866));
#5809=CARTESIAN_POINT('Ctrl Pts',(-2.5,-1.1811593370048E-10,-1.14999999999425));
#5810=CARTESIAN_POINT('Ctrl Pts',(-2.5,-5.39845945723982E-14,-1.25000000000002));
#5811=CARTESIAN_POINT('Ctrl Pts',(-2.5,-0.114260531085539,-1.24448301352421));
#5812=CARTESIAN_POINT('Ctrl Pts',(-2.49216734247057,-0.228619666270406,
-1.23880461287072));
#5813=CARTESIAN_POINT('Ctrl Pts',(-2.43128066014538,-0.669148369842588,
-1.21631627180865));
#5814=CARTESIAN_POINT('Ctrl Pts',(-2.32183257286655,-0.983852659756589,
-1.19893204276612));
#5815=CARTESIAN_POINT('Ctrl Pts',(-1.99190734378286,-1.54433619933375,-1.16527099892977));
#5816=CARTESIAN_POINT('Ctrl Pts',(-1.77779945541274,-1.78664411470566,-1.15010686883464));
#5817=CARTESIAN_POINT('Ctrl Pts',(-1.26198903735836,-2.18321507175959,-1.11726991955596));
#5818=CARTESIAN_POINT('Ctrl Pts',(-0.962905913579004,-2.33063131906117,
-1.09988058393582));
#5819=CARTESIAN_POINT('Ctrl Pts',(-0.334308697616885,-2.49817094787901,
-1.06617843287855));
#5820=CARTESIAN_POINT('Ctrl Pts',(-0.0118023219069766,-2.52041248291357,
-1.05097811617059));
#5821=CARTESIAN_POINT('Ctrl Pts',(0.634095131226857,-2.44072185618315,-1.01819761581082));
#5822=CARTESIAN_POINT('Ctrl Pts',(0.950795165504921,-2.3356310862206,-1.00080417005241));
#5823=CARTESIAN_POINT('Ctrl Pts',(1.51614246512374,-2.01342876852249,-0.967062741334633));
#5824=CARTESIAN_POINT('Ctrl Pts',(1.76134101641296,-1.80284719800542,-0.951822342797974));
#5825=CARTESIAN_POINT('Ctrl Pts',(2.1653890773502,-1.29245552712428,-0.919097491699959));
#5826=CARTESIAN_POINT('Ctrl Pts',(2.31716514328444,-0.995027401192861,-0.901700870072178));
#5827=CARTESIAN_POINT('Ctrl Pts',(2.49335528176359,-0.368424698454868,-0.8679220124392));
#5828=CARTESIAN_POINT('Ctrl Pts',(2.52000081764487,-0.0463531214054103,
-0.852638143040014));
#5829=CARTESIAN_POINT('Ctrl Pts',(2.44916041660955,0.600925388463669,-0.819967963876137));
#5830=CARTESIAN_POINT('Ctrl Pts',(2.34820878929387,0.91945351283653,-0.80256903297266));
#5831=CARTESIAN_POINT('Ctrl Pts',(2.03332208463133,1.4893430220091,-0.768754599237438));
#5832=CARTESIAN_POINT('Ctrl Pts',(1.82605164960459,1.73725947965237,-0.753424383568349));
#5833=CARTESIAN_POINT('Ctrl Pts',(1.32079285226778,2.14828921796287,-0.720807735981362));
#5834=CARTESIAN_POINT('Ctrl Pts',(1.02497247840263,2.30413791432493,-0.70340729088189));
#5835=CARTESIAN_POINT('Ctrl Pts',(0.400291704517726,2.48843345861873,-0.669559124066681));
#5836=CARTESIAN_POINT('Ctrl Pts',(0.0786237997409625,2.5191952642695,-0.654180198158601));
#5837=CARTESIAN_POINT('Ctrl Pts',(-0.569889401558851,2.45662446482754,-0.621615794850643));
#5838=CARTESIAN_POINT('Ctrl Pts',(-0.890075304913557,2.35955971655785,-0.604214556878057));
#5839=CARTESIAN_POINT('Ctrl Pts',(-1.46416327269996,2.0515267182275,-0.570334477754948));
#5840=CARTESIAN_POINT('Ctrl Pts',(-1.71460906383821,1.84733365860262,-0.554904978179786));
#5841=CARTESIAN_POINT('Ctrl Pts',(-2.13209220862187,1.34688262906845,-0.522391402028013));
#5842=CARTESIAN_POINT('Ctrl Pts',(-2.29170581124534,1.05260228433358,-0.504990017987568));
#5843=CARTESIAN_POINT('Ctrl Pts',(-2.46279419926742,0.497043140885479,-0.47474348185087));
#5844=CARTESIAN_POINT('Ctrl Pts',(-2.50000000000002,0.249031820749823,-0.462024319982353));
#5845=CARTESIAN_POINT('Ctrl Pts',(-2.5,-2.25652829755063E-13,-0.450000000000009));
#5846=CARTESIAN_POINT('Origin',(0.,0.,14.25));
#5847=CARTESIAN_POINT('',(-2.5,-2.8245550028977E-15,0.450000000000044));
#5848=CARTESIAN_POINT('',(-2.5,-2.8119499818704E-14,0.349999999999982));
#5849=CARTESIAN_POINT('',(-2.5,-3.06161699786838E-16,14.25));
#5850=CARTESIAN_POINT('Ctrl Pts',(-2.5,2.77555756156289E-16,0.450000000000044));
#5851=CARTESIAN_POINT('Ctrl Pts',(-2.5,0.0119104403714759,0.44942491306647));
#5852=CARTESIAN_POINT('Ctrl Pts',(-2.49991488493838,0.0238246093843427,
0.448847943796926));
#5853=CARTESIAN_POINT('Ctrl Pts',(-2.49513862822616,0.357872830787264,0.432623143730731));
#5854=CARTESIAN_POINT('Ctrl Pts',(-2.42830946645631,0.676066475991914,0.415922812221055));
#5855=CARTESIAN_POINT('Ctrl Pts',(-2.17327774579159,1.27982733364644,0.381670024788169));
#5856=CARTESIAN_POINT('Ctrl Pts',(-1.9835006347089,1.55780210842938,0.364615840497248));
#5857=CARTESIAN_POINT('Ctrl Pts',(-1.51419834077738,2.01518329243575,0.332808297559876));
#5858=CARTESIAN_POINT('Ctrl Pts',(-1.24224545239538,2.19329644574127,0.316114987464599));
#5859=CARTESIAN_POINT('Ctrl Pts',(-0.635277705678386,2.44082010688087,0.281857518920863));
#5860=CARTESIAN_POINT('Ctrl Pts',(-0.304485541946506,2.50367637260289,0.264775389950371));
#5861=CARTESIAN_POINT('Ctrl Pts',(0.350873760422886,2.49612109501025,0.232980738078368));
#5862=CARTESIAN_POINT('Ctrl Pts',(0.669165496323134,2.43020841843281,0.216294000034787));
#5863=CARTESIAN_POINT('Ctrl Pts',(1.27380621773858,2.17685074261204,0.182032209918288));
#5864=CARTESIAN_POINT('Ctrl Pts',(1.55250871939356,1.98768778432803,0.164923881745931));
#5865=CARTESIAN_POINT('Ctrl Pts',(2.01121343173403,1.51944988098767,0.133141261565894));
#5866=CARTESIAN_POINT('Ctrl Pts',(2.18999399710177,1.24803684907987,0.116460669805807));
#5867=CARTESIAN_POINT('Ctrl Pts',(2.43919959731855,0.641593650076892,0.0821948898846332));
#5868=CARTESIAN_POINT('Ctrl Pts',(2.50294005964113,0.31072689460844,0.06506202285602));
#5869=CARTESIAN_POINT('Ctrl Pts',(2.49695718445506,-0.3448021062198,0.0332906252657305));
#5870=CARTESIAN_POINT('Ctrl Pts',(2.43183927753757,-0.663176798684524,0.0166157771180872));
#5871=CARTESIAN_POINT('Ctrl Pts',(2.1799349775201,-1.26857845141619,-0.0176536864964194));
#5872=CARTESIAN_POINT('Ctrl Pts',(1.99130536567665,-1.54791224678636,-0.034809516522828));
#5873=CARTESIAN_POINT('Ctrl Pts',(1.52399126274172,-2.00776299090379,-0.0665704523090502));
#5874=CARTESIAN_POINT('Ctrl Pts',(1.25304724239941,-2.18712049826498,-0.0832399370273595));
#5875=CARTESIAN_POINT('Ctrl Pts',(0.647060794521353,-2.43778304152456,-0.11751280191418));
#5876=CARTESIAN_POINT('Ctrl Pts',(0.316129750116548,-2.5022901546543,-0.13469010230285));
#5877=CARTESIAN_POINT('Ctrl Pts',(-0.339544749404017,-2.49766899994235,
-0.166441290781984));
#5878=CARTESIAN_POINT('Ctrl Pts',(-0.657989671435018,-2.43323906549632,
-0.183105770463626));
#5879=CARTESIAN_POINT('Ctrl Pts',(-1.26404844509736,-2.18259409635018,-0.217381776065966));
#5880=CARTESIAN_POINT('Ctrl Pts',(-1.54392886730436,-1.99442674030363,-0.234579135634031));
#5881=CARTESIAN_POINT('Ctrl Pts',(-2.00477036300956,-1.52791288484227,-0.266321247085931));
#5882=CARTESIAN_POINT('Ctrl Pts',(-2.18462591508927,-1.2573754896795,-0.282981059098146));
#5883=CARTESIAN_POINT('Ctrl Pts',(-2.43486680618805,-0.655828199619822,
-0.317031149441539));
#5884=CARTESIAN_POINT('Ctrl Pts',(-2.49999999583825,-0.329474744716318,
-0.33409155197365));
#5885=CARTESIAN_POINT('Ctrl Pts',(-2.5,-3.15786705812338E-8,-0.349999998475204));
#5886=CARTESIAN_POINT('Ctrl Pts',(-2.5,-2.24265113161702E-13,-0.450000000000009));
#5887=CARTESIAN_POINT('Ctrl Pts',(-2.49999999999999,-0.0701912934844567,
-0.446610864546206));
#5888=CARTESIAN_POINT('Ctrl Pts',(-2.49704401089192,-0.140457959258494,
-0.443158970014148));
#5889=CARTESIAN_POINT('Ctrl Pts',(-2.46316645746587,-0.541154442535109,
-0.423134081259195));
#5890=CARTESIAN_POINT('Ctrl Pts',(-2.36971244795821,-0.862830148834116,
-0.405733124012381));
#5891=CARTESIAN_POINT('Ctrl Pts',(-2.06803406500702,-1.44076195545752,-0.371794540239817));
#5892=CARTESIAN_POINT('Ctrl Pts',(-1.86667381757911,-1.69353893072131,-0.35626020632411));
#5893=CARTESIAN_POINT('Ctrl Pts',(-1.37067886475324,-2.11693137099164,-0.323843602679086));
#5894=CARTESIAN_POINT('Ctrl Pts',(-1.07785437406743,-2.27999200406021,-0.306443572881541));
#5895=CARTESIAN_POINT('Ctrl Pts',(-0.456720911378397,-2.47870664467311,
-0.27247830347593));
#5896=CARTESIAN_POINT('Ctrl Pts',(-0.135762431479245,-2.5167701570987,-0.256890593208742));
#5897=CARTESIAN_POINT('Ctrl Pts',(0.514808371935403,-2.4688555750287,-0.22451996442959));
#5898=CARTESIAN_POINT('Ctrl Pts',(0.837812214597364,-2.37872227366056,-0.207121293249165));
#5899=CARTESIAN_POINT('Ctrl Pts',(1.41923247818827,-2.08287906615264,-0.173130975383011));
#5900=CARTESIAN_POINT('Ctrl Pts',(1.67413875940603,-1.88410341230322,-0.157489785029802));
#5901=CARTESIAN_POINT('Ctrl Pts',(2.10289568604646,-1.39219842016736,-0.125163372428726));
#5902=CARTESIAN_POINT('Ctrl Pts',(2.26908456272424,-1.10073352951202,-0.107766425055657));
#5903=CARTESIAN_POINT('Ctrl Pts',(2.47408246844934,-0.481197758836427,-0.0737526337423494));
#5904=CARTESIAN_POINT('Ctrl Pts',(2.51532068184262,-0.160545092709412,-0.0580582164406896));
#5905=CARTESIAN_POINT('Ctrl Pts',(2.47377068127281,0.490867813505046,-0.0257742189715367));
#5906=CARTESIAN_POINT('Ctrl Pts',(2.38666330086859,0.815047349051675,-0.00837929873624295));
#5907=CARTESIAN_POINT('Ctrl Pts',(2.09613075125748,1.39960840724732,0.0256564569506008));
#5908=CARTESIAN_POINT('Ctrl Pts',(1.89969402347056,1.65644353338124,0.0414035291511839));
#5909=CARTESIAN_POINT('Ctrl Pts',(1.4115094205727,2.09003214743205,0.0736469392173541));
#5910=CARTESIAN_POINT('Ctrl Pts',(1.12130013296484,2.25903730316327,0.0910395862933696));
#5911=CARTESIAN_POINT('Ctrl Pts',(0.503234193321082,2.46970810559624,0.125095865820606));
#5912=CARTESIAN_POINT('Ctrl Pts',(0.182856003073236,2.51380953678951,0.140894740412591));
#5913=CARTESIAN_POINT('Ctrl Pts',(-0.469289280518466,2.47799439902901,0.173099402933495));
#5914=CARTESIAN_POINT('Ctrl Pts',(-0.794503206041244,2.39362124969673,0.190489583313534));
#5915=CARTESIAN_POINT('Ctrl Pts',(-1.38187179319495,2.10788281290068,0.224565016233823));
#5916=CARTESIAN_POINT('Ctrl Pts',(-1.64044099026423,1.91354698105102,0.240414598327451));
#5917=CARTESIAN_POINT('Ctrl Pts',(-2.07835052362902,1.42871905715328,0.27258235198057));
#5918=CARTESIAN_POINT('Ctrl Pts',(-2.24987288600224,1.13965762847715,0.289969919657412));
#5919=CARTESIAN_POINT('Ctrl Pts',(-2.45268720095536,0.559921492593007,0.322018342793459));
#5920=CARTESIAN_POINT('Ctrl Pts',(-2.50000000000001,0.280819932141441,0.336440814224768));
#5921=CARTESIAN_POINT('Ctrl Pts',(-2.5,-5.74540415243519E-14,0.349999999999982));
#5922=CARTESIAN_POINT('Origin',(0.,0.,14.25));
#5923=CARTESIAN_POINT('',(-2.5,2.8018835459198E-14,1.25000000000004));
#5924=CARTESIAN_POINT('',(-2.5,-1.43029718152746E-17,1.14999999999998));
#5925=CARTESIAN_POINT('',(-2.5,-3.06161699786838E-16,14.25));
#5926=CARTESIAN_POINT('Ctrl Pts',(-2.5,5.63438326181829E-14,1.25000000000004));
#5927=CARTESIAN_POINT('Ctrl Pts',(-2.5,0.0250754620323196,1.24878924958962));
#5928=CARTESIAN_POINT('Ctrl Pts',(-2.49962273453037,0.0501659956177107,
1.24757022615083));
#5929=CARTESIAN_POINT('Ctrl Pts',(-2.48915280583735,0.39778542099607,1.23057627695111));
#5930=CARTESIAN_POINT('Ctrl Pts',(-2.41709080080467,0.715369084788429,1.21380074108415));
#5931=CARTESIAN_POINT('Ctrl Pts',(-2.15253900591198,1.31405693499923,1.17960249863416));
#5932=CARTESIAN_POINT('Ctrl Pts',(-1.95927230301337,1.58788142047151,1.16284440691693));
#5933=CARTESIAN_POINT('Ctrl Pts',(-1.48391025231949,2.03766397182789,1.13089624569335));
#5934=CARTESIAN_POINT('Ctrl Pts',(-1.20889527436607,2.2119226452348,1.1141321744326));
#5935=CARTESIAN_POINT('Ctrl Pts',(-0.598976472513348,2.4498036226155,1.0799250700174));
#5936=CARTESIAN_POINT('Ctrl Pts',(-0.268619295121174,2.50760788474559,1.06312224460287));
#5937=CARTESIAN_POINT('Ctrl Pts',(0.385731242114547,2.49102948842312,1.03119583784561));
#5938=CARTESIAN_POINT('Ctrl Pts',(0.703508231590046,2.42054905234277,1.01444259876797));
#5939=CARTESIAN_POINT('Ctrl Pts',(1.30373818841859,2.15886785443127,0.980227308763379));
#5940=CARTESIAN_POINT('Ctrl Pts',(1.57881622234381,1.96665289129896,0.963382077206238));
#5941=CARTESIAN_POINT('Ctrl Pts',(2.03090297193388,1.49311924988378,0.931476115427548));
#5942=CARTESIAN_POINT('Ctrl Pts',(2.20633452054003,1.21902608704592,0.914733095833887));
#5943=CARTESIAN_POINT('Ctrl Pts',(2.44713706425649,0.609991347643411,0.880510246403121));
#5944=CARTESIAN_POINT('Ctrl Pts',(2.50646895545311,0.279501103174562,0.86362488618874));
#5945=CARTESIAN_POINT('Ctrl Pts',(2.49262595977876,-0.375161532672125,0.831738117990453));
#5946=CARTESIAN_POINT('Ctrl Pts',(2.42353148537039,-0.693101549096514,0.815004726508828));
#5947=CARTESIAN_POINT('Ctrl Pts',(2.16437061103002,-1.29467658305509,0.780774896906665));
#5948=CARTESIAN_POINT('Ctrl Pts',(1.97307937369067,-1.5708537077598,0.76385162551689));
#5949=CARTESIAN_POINT('Ctrl Pts',(1.50115017799287,-2.02495422442216,0.731982857888974));
#5950=CARTESIAN_POINT('Ctrl Pts',(1.22786744037719,-2.20140794368836,0.715258525673366));
#5951=CARTESIAN_POINT('Ctrl Pts',(0.619613013334296,-2.44476556870501,0.681022251430225));
#5952=CARTESIAN_POINT('Ctrl Pts',(0.289007284979343,-2.50543561191836,0.664063218378837));
#5953=CARTESIAN_POINT('Ctrl Pts',(-0.36592369208154,-2.49398376542155,0.632211316504129));
#5954=CARTESIAN_POINT('Ctrl Pts',(-0.684001238713156,-2.42609997084549,
0.615495498073319));
#5955=CARTESIAN_POINT('Ctrl Pts',(-1.28674642449219,-2.16914437142905,0.581253274041734));
#5956=CARTESIAN_POINT('Ctrl Pts',(-1.56388409803432,-1.97866166709193,0.56426055468017));
#5957=CARTESIAN_POINT('Ctrl Pts',(-2.01973959261658,-1.50813569900405,0.532424441316395));
#5958=CARTESIAN_POINT('Ctrl Pts',(-2.19708191862627,-1.23556288429791,0.515716615076247));
#5959=CARTESIAN_POINT('Ctrl Pts',(-2.43819979921808,-0.639047534360435,
0.482091948504756));
#5960=CARTESIAN_POINT('Ctrl Pts',(-2.5,-0.320936464026726,0.465496183282311));
#5961=CARTESIAN_POINT('Ctrl Pts',(-2.5,1.38777878078145E-15,0.450000000000044));
#5962=CARTESIAN_POINT('Ctrl Pts',(-2.5,-5.59328379376212E-14,0.349999999999982));
#5963=CARTESIAN_POINT('Ctrl Pts',(-2.5,-0.0391076319810021,0.351888283510396));
#5964=CARTESIAN_POINT('Ctrl Pts',(-2.4990823659914,-0.0782468366353381,
0.353796444164525));
#5965=CARTESIAN_POINT('Ctrl Pts',(-2.48160854414988,-0.44998166356455,0.372094865816934));
#5966=CARTESIAN_POINT('Ctrl Pts',(-2.39968738186165,-0.776100871311521,
0.38947971734856));
#5967=CARTESIAN_POINT('Ctrl Pts',(-2.11824497616645,-1.36596299727694,0.423589628351184));
#5968=CARTESIAN_POINT('Ctrl Pts',(-1.92578355707249,-1.62608050173688,0.439536554401146));
#5969=CARTESIAN_POINT('Ctrl Pts',(-1.44396190253832,-2.06782956185692,0.471635943063976));
#5970=CARTESIAN_POINT('Ctrl Pts',(-1.1559402946416,-2.24158737173306,0.489018012702314));
#5971=CARTESIAN_POINT('Ctrl Pts',(-0.540424154085948,-2.46186875170479,
0.523143388589528));
#5972=CARTESIAN_POINT('Ctrl Pts',(-0.220507664237281,-2.51081520852569,
0.539136643957308));
#5973=CARTESIAN_POINT('Ctrl Pts',(0.432818751497528,-2.48469091702303,0.571204519657833));
#5974=CARTESIAN_POINT('Ctrl Pts',(0.759726686370439,-2.40495373731012,0.588583774652442));
#5975=CARTESIAN_POINT('Ctrl Pts',(1.35179085795121,-2.12733561597954,0.622723524135564));
#5976=CARTESIAN_POINT('Ctrl Pts',(1.61328230960472,-1.93653644792163,0.638761395060051));
#5977=CARTESIAN_POINT('Ctrl Pts',(2.05842375413518,-1.45738949284435,0.670799485497008));
#5978=CARTESIAN_POINT('Ctrl Pts',(2.2341554749982,-1.17030217922493,0.688175921636774));
#5979=CARTESIAN_POINT('Ctrl Pts',(2.45844290306562,-0.555871250475006,0.722329019824714));
#5980=CARTESIAN_POINT('Ctrl Pts',(2.50940721567491,-0.236146081364935,0.738409714239857));
#5981=CARTESIAN_POINT('Ctrl Pts',(2.48731329414332,0.417650818019152,0.770419699501099));
#5982=CARTESIAN_POINT('Ctrl Pts',(2.40950965461932,0.745243308067391,0.7877933369397));
#5983=CARTESIAN_POINT('Ctrl Pts',(2.13527580968804,1.33924231740538,0.821958823125924));
#5984=CARTESIAN_POINT('Ctrl Pts',(1.94594280261032,1.60194630111176,0.838080495908959));
#5985=CARTESIAN_POINT('Ctrl Pts',(1.46916158228311,2.0500699697272,0.870064003049242));
#5986=CARTESIAN_POINT('Ctrl Pts',(1.18290768386891,2.22753589567482,0.887434882444868));
#5987=CARTESIAN_POINT('Ctrl Pts',(0.569443147968417,2.45535025230219,0.921611857629533));
#5988=CARTESIAN_POINT('Ctrl Pts',(0.249885909589309,2.5080903950071,0.937772633060335));
#5989=CARTESIAN_POINT('Ctrl Pts',(-0.404314676760111,2.48954038555896,0.969731231810844));
#5990=CARTESIAN_POINT('Ctrl Pts',(-0.732499392518441,2.41343942797657,0.987099410797438));
#5991=CARTESIAN_POINT('Ctrl Pts',(-1.32819093450602,2.14218481646672,1.02128703502078));
#5992=CARTESIAN_POINT('Ctrl Pts',(-1.59195978881167,1.95413882904247,1.03748502649956));
#5993=CARTESIAN_POINT('Ctrl Pts',(-2.04269347589419,1.47943919740454,1.06942022601629));
#5994=CARTESIAN_POINT('Ctrl Pts',(-2.22167628048958,1.19392398617362,1.08678577601254));
#5995=CARTESIAN_POINT('Ctrl Pts',(-2.44564061007673,0.599729238010332,1.11995532299842));
#5996=CARTESIAN_POINT('Ctrl Pts',(-2.5,0.301000204983823,1.135466424457));
#5997=CARTESIAN_POINT('Ctrl Pts',(-2.5,3.60822483003176E-15,1.14999999999998));
#5998=CARTESIAN_POINT('Origin',(0.,0.,14.25));
#5999=CARTESIAN_POINT('',(-2.5,5.60519738902116E-14,2.05000000000004));
#6000=CARTESIAN_POINT('',(-2.5,-1.43029718152746E-17,1.94999999999998));
#6001=CARTESIAN_POINT('',(-2.5,-3.06161699786838E-16,14.25));
#6002=CARTESIAN_POINT('Ctrl Pts',(-2.5,1.1241010948021E-13,2.05000000000004));
#6003=CARTESIAN_POINT('Ctrl Pts',(-2.5,0.0469611916857281,2.04773251308259));
#6004=CARTESIAN_POINT('Ctrl Pts',(-2.49867680957043,0.0939666755604156,
2.04543642374045));
#6005=CARTESIAN_POINT('Ctrl Pts',(-2.47778186357111,0.46395670937678,2.02715382566882));
#6006=CARTESIAN_POINT('Ctrl Pts',(-2.39701961333663,0.780337559227005,2.01026236189246));
#6007=CARTESIAN_POINT('Ctrl Pts',(-2.11677560956432,1.37040473912616,1.97616651804853));
#6008=CARTESIAN_POINT('Ctrl Pts',(-1.91776399778508,1.63734470279173,1.95985094300186));
#6009=CARTESIAN_POINT('Ctrl Pts',(-1.43238838787888,2.07432866450046,1.92767525616207));
#6010=CARTESIAN_POINT('Ctrl Pts',(-1.15236035114804,2.24201063626344,1.91080066704441));
#6011=CARTESIAN_POINT('Ctrl Pts',(-0.537698976432344,2.46370344285881,1.87668833437039));
#6012=CARTESIAN_POINT('Ctrl Pts',(-0.208096943479259,2.51308890261853,1.86030958731711));
#6013=CARTESIAN_POINT('Ctrl Pts',(0.444421957191869,2.48132761150605,1.82816796190076));
#6014=CARTESIAN_POINT('Ctrl Pts',(0.761182936895175,2.40313702729643,1.81130957715197));
#6015=CARTESIAN_POINT('Ctrl Pts',(1.35382254967091,2.12751449346934,1.77718195466017));
#6016=CARTESIAN_POINT('Ctrl Pts',(1.62279565449125,1.93019430199616,1.76074211214808));
#6017=CARTESIAN_POINT('Ctrl Pts',(2.06358493906044,1.44777101380924,1.72863286955379));
#6018=CARTESIAN_POINT('Ctrl Pts',(2.23323308583897,1.16921446044684,1.71179000643791));
#6019=CARTESIAN_POINT('Ctrl Pts',(2.45973196560805,0.555933759647774,1.67764821713432));
#6020=CARTESIAN_POINT('Ctrl Pts',(2.51160901108232,0.226104595475145,1.66114947583989));
#6021=CARTESIAN_POINT('Ctrl Pts',(2.48436015462106,-0.42697624844434,1.62907096609633));
#6022=CARTESIAN_POINT('Ctrl Pts',(2.40846393500411,-0.744058928073777,1.6122429355929));
#6023=CARTESIAN_POINT('Ctrl Pts',(2.13697634065368,-1.33897636065142,1.57808802902147));
#6024=CARTESIAN_POINT('Ctrl Pts',(1.94116975321697,-1.60976460685353,1.56153267476465));
#6025=CARTESIAN_POINT('Ctrl Pts',(1.46138567275086,-2.0539329339257,1.52948328354177));
#6026=CARTESIAN_POINT('Ctrl Pts',(1.18414927181129,-2.22531943830147,1.51266939587162));
#6027=CARTESIAN_POINT('Ctrl Pts',(0.572115324294152,-2.45609102366182,1.47850235102984));
#6028=CARTESIAN_POINT('Ctrl Pts',(0.242086243656893,-2.51018863636194,1.46189273058127));
#6029=CARTESIAN_POINT('Ctrl Pts',(-0.411481286651989,-2.48694795883636,
1.42987088511879));
#6030=CARTESIAN_POINT('Ctrl Pts',(-0.728835694202386,-2.41308774924438,
1.41307045463121));
#6031=CARTESIAN_POINT('Ctrl Pts',(-1.32576088432241,-2.14527906494982,1.37889218315112));
#6032=CARTESIAN_POINT('Ctrl Pts',(-1.59816093768015,-1.95081949512676,1.36223067890396));
#6033=CARTESIAN_POINT('Ctrl Pts',(-2.04531549413926,-1.47338172363797,1.33023485291243));
#6034=CARTESIAN_POINT('Ctrl Pts',(-2.21823224452354,-1.19732255953503,1.31344720234485));
#6035=CARTESIAN_POINT('Ctrl Pts',(-2.4437820660489,-0.609852708035703,1.28057065225485));
#6036=CARTESIAN_POINT('Ctrl Pts',(-2.5,-0.306102904584548,1.26477995567464));
#6037=CARTESIAN_POINT('Ctrl Pts',(-2.5,5.78009862195472E-14,1.25000000000004));
#6038=CARTESIAN_POINT('Ctrl Pts',(-2.5,2.77555756156289E-16,1.14999999999998));
#6039=CARTESIAN_POINT('Ctrl Pts',(-2.5,-0.0196539087811645,1.15094897466264));
#6040=CARTESIAN_POINT('Ctrl Pts',(-2.4997682349601,-0.0393170585307359,
1.15190303081956));
#6041=CARTESIAN_POINT('Ctrl Pts',(-2.49142950836135,-0.392641929129874,
1.16912983924202));
#6042=CARTESIAN_POINT('Ctrl Pts',(-2.41682089591876,-0.721337603612321,
1.18649284259545));
#6043=CARTESIAN_POINT('Ctrl Pts',(-2.14817685087852,-1.31850398759048,1.22069946716012));
#6044=CARTESIAN_POINT('Ctrl Pts',(-1.96125586177798,-1.58320401582471,1.23696627030075));
#6045=CARTESIAN_POINT('Ctrl Pts',(-1.48837942112773,-2.03621307462879,1.26885894580372));
#6046=CARTESIAN_POINT('Ctrl Pts',(-1.20351526714613,-2.21651754346671,1.28621949326));
#6047=CARTESIAN_POINT('Ctrl Pts',(-0.591659137938207,-2.45012016677691,
1.3204345730333));
#6048=CARTESIAN_POINT('Ctrl Pts',(-0.272376545919594,-2.50577356969107,
1.33673302558156));
#6049=CARTESIAN_POINT('Ctrl Pts',(0.382465373644517,-2.49303074899273,1.36860644686397));
#6050=CARTESIAN_POINT('Ctrl Pts',(0.71160088758941,-2.41972474648425,1.38596463534663));
#6051=CARTESIAN_POINT('Ctrl Pts',(1.31004808865389,-2.15335895421709,1.42018753817545));
#6052=CARTESIAN_POINT('Ctrl Pts',(1.57555930889136,-1.96741769274115,1.43651585664447));
#6053=CARTESIAN_POINT('Ctrl Pts',(2.03054525078481,-1.49613171703755,1.46837127536834));
#6054=CARTESIAN_POINT('Ctrl Pts',(2.21199742086074,-1.21183857300952,1.4857272060499));
#6055=CARTESIAN_POINT('Ctrl Pts',(2.44794599438718,-0.600642290401922,1.5199573446153));
#6056=CARTESIAN_POINT('Ctrl Pts',(2.5047797842484,-0.281470697779854,1.53631379679524));
#6057=CARTESIAN_POINT('Ctrl Pts',(2.49438742825679,0.373623708621009,1.56815239992642));
#6058=CARTESIAN_POINT('Ctrl Pts',(2.42221434151172,0.703137119458825,1.58550617656989));
#6059=CARTESIAN_POINT('Ctrl Pts',(2.15782974788792,1.3026933817962,1.61974300564118));
#6060=CARTESIAN_POINT('Ctrl Pts',(1.97273893480309,1.56890894172972,1.63612591700615));
#6061=CARTESIAN_POINT('Ctrl Pts',(1.50283554712356,2.02560734757831,1.66794882775394));
#6062=CARTESIAN_POINT('Ctrl Pts',(1.21904106845491,2.20805324564966,1.68530055530194));
#6063=CARTESIAN_POINT('Ctrl Pts',(0.608420597387989,2.44603571181366,1.71954356907947));
#6064=CARTESIAN_POINT('Ctrl Pts',(0.289345103553322,2.50389274467591,1.73595132764241));
#6065=CARTESIAN_POINT('Ctrl Pts',(-0.365964752128338,2.49553672852155,1.76775960678837));
#6066=CARTESIAN_POINT('Ctrl Pts',(-0.695802322411901,2.42434589465853,1.7851093901768));
#6067=CARTESIAN_POINT('Ctrl Pts',(-1.29631648906186,2.16167886219197,1.8193581197366));
#6068=CARTESIAN_POINT('Ctrl Pts',(-1.56314185507342,1.97732419054442,1.83578917954108));
#6069=CARTESIAN_POINT('Ctrl Pts',(-2.02131986100823,1.5086190234042,1.86758382708506));
#6070=CARTESIAN_POINT('Ctrl Pts',(-2.20462399810331,1.22525841594326,1.88493177025845));
#6071=CARTESIAN_POINT('Ctrl Pts',(-2.44129650608155,0.622947858554926,1.91874734674616));
#6072=CARTESIAN_POINT('Ctrl Pts',(-2.5,0.312792114364674,1.93489706070593));
#6073=CARTESIAN_POINT('Ctrl Pts',(-2.5,3.7470027081099E-15,1.94999999999998));
#6074=CARTESIAN_POINT('Origin',(0.,0.,14.25));
#6075=CARTESIAN_POINT('',(-2.5,8.40851123212254E-14,2.85000000000003));
#6076=CARTESIAN_POINT('',(-2.5,7.78368344041772E-9,2.74999999924832));
#6077=CARTESIAN_POINT('',(-2.5,-3.06161699786838E-16,14.25));
#6078=CARTESIAN_POINT('Ctrl Pts',(-2.5,1.68476386342238E-13,2.85000000000003));
#6079=CARTESIAN_POINT('Ctrl Pts',(-2.5,0.0804832452199337,2.84611392515696));
#6080=CARTESIAN_POINT('Ctrl Pts',(-2.49611364149837,0.161057453851296,2.8421457310418));
#6081=CARTESIAN_POINT('Ctrl Pts',(-2.45694455748463,0.564732929458368,2.82187117320137));
#6082=CARTESIAN_POINT('Ctrl Pts',(-2.36287206608183,0.878814179684633,2.80482453909365));
#6083=CARTESIAN_POINT('Ctrl Pts',(-2.0589155227479,1.45523786547495,2.77091321062881));
#6084=CARTESIAN_POINT('Ctrl Pts',(-1.85122064853331,1.71167236769558,2.75515139257879));
#6085=CARTESIAN_POINT('Ctrl Pts',(-1.35065428754236,2.12864037205023,2.72264255054026));
#6086=CARTESIAN_POINT('Ctrl Pts',(-1.06315311574602,2.28583902100768,2.70561679299813));
#6087=CARTESIAN_POINT('Ctrl Pts',(-0.44162643244926,2.48235201182731,2.6716765702179));
#6088=CARTESIAN_POINT('Ctrl Pts',(-0.113246698100425,2.51878306913392,2.65584369567166));
#6089=CARTESIAN_POINT('Ctrl Pts',(0.53607478763975,2.46330728798877,2.62338216530447));
#6090=CARTESIAN_POINT('Ctrl Pts',(0.850868234158252,2.37302735582576,2.60637699450259));
#6091=CARTESIAN_POINT('Ctrl Pts',(1.43123607869431,2.07579389143019,2.57240968678579));
#6092=CARTESIAN_POINT('Ctrl Pts',(1.69066166959718,1.87056281123544,2.55650552877118));
#6093=CARTESIAN_POINT('Ctrl Pts',(2.11338986419794,1.37431057218246,2.52408978716157));
#6094=CARTESIAN_POINT('Ctrl Pts',(2.27362889144606,1.08891389293605,2.50710483594275));
#6095=CARTESIAN_POINT('Ctrl Pts',(2.47737072491688,0.469295698062928,2.47311218628222));
#6096=CARTESIAN_POINT('Ctrl Pts',(2.51750462201196,0.140560252119864,2.45713694178023));
#6097=CARTESIAN_POINT('Ctrl Pts',(2.46885017213724,-0.509722999942009,2.4247653998525));
#6098=CARTESIAN_POINT('Ctrl Pts',(2.38205231862967,-0.825130277109512,2.40780023225816));
#6099=CARTESIAN_POINT('Ctrl Pts',(2.09101437224127,-1.40907947815786,2.37378391171224));
#6100=CARTESIAN_POINT('Ctrl Pts',(1.88805204836283,-1.67125264169417,2.35773816439861));
#6101=CARTESIAN_POINT('Ctrl Pts',(1.39577039768829,-2.09922872903487,2.32540918190048));
#6102=CARTESIAN_POINT('Ctrl Pts',(1.1123235491352,-2.26222150257168,2.30846330190997));
#6103=CARTESIAN_POINT('Ctrl Pts',(0.494490985192038,-2.4725615628272,2.27442490560191));
#6104=CARTESIAN_POINT('Ctrl Pts',(0.165433976698881,-2.51608637945255,2.25830958659354));
#6105=CARTESIAN_POINT('Ctrl Pts',(-0.485696222142395,-2.47364872869163,
2.22602148644006));
#6106=CARTESIAN_POINT('Ctrl Pts',(-0.80162917757708,-2.3900213685529,2.20909434672107));
#6107=CARTESIAN_POINT('Ctrl Pts',(-1.38880627257501,-2.10464450085365,2.17503539124191));
#6108=CARTESIAN_POINT('Ctrl Pts',(-1.65348264621272,-1.90375435843128,2.1588517389068));
#6109=CARTESIAN_POINT('Ctrl Pts',(-2.08620424602583,-1.4150965493223,2.12660282070833));
#6110=CARTESIAN_POINT('Ctrl Pts',(-2.25167340167818,-1.13343947886535,2.10969383120657));
#6111=CARTESIAN_POINT('Ctrl Pts',(-2.45239658119289,-0.561678741588565,
2.07807231708896));
#6112=CARTESIAN_POINT('Ctrl Pts',(-2.5,-0.281681698862978,2.0636007955534));
#6113=CARTESIAN_POINT('Ctrl Pts',(-2.5,1.04985464766116E-13,2.05000000000004));
#6114=CARTESIAN_POINT('Ctrl Pts',(-2.5,2.77555756156289E-16,1.94999999999998));
#6115=CARTESIAN_POINT('Ctrl Pts',(-2.5,-0.0083838968794713,1.95040481035102));
#6116=CARTESIAN_POINT('Ctrl Pts',(-2.49995782618462,-0.0167696070403892,
1.95081055173138));
#6117=CARTESIAN_POINT('Ctrl Pts',(-2.49651038443771,-0.359347440373576,
1.96742062159435));
#6118=CARTESIAN_POINT('Ctrl Pts',(-2.42616887315472,-0.689462702935379,
1.98476682670047));
#6119=CARTESIAN_POINT('Ctrl Pts',(-2.16498685852238,-1.29080240858143,2.0190257164524));
#6120=CARTESIAN_POINT('Ctrl Pts',(-1.9812678206333,-1.55815441893484,2.0354990155134));
#6121=CARTESIAN_POINT('Ctrl Pts',(-1.51359834931564,-2.01760798349573,2.06726916641187));
#6122=CARTESIAN_POINT('Ctrl Pts',(-1.23061402555551,-2.20165172827183,2.08461373315461));
#6123=CARTESIAN_POINT('Ctrl Pts',(-0.620928243063026,-2.44290985161927,
2.11887712931914));
#6124=CARTESIAN_POINT('Ctrl Pts',(-0.302007271641555,-2.50241464500771,
2.13536950607723));
#6125=CARTESIAN_POINT('Ctrl Pts',(0.353642865497784,-2.49733537279021,2.16712868058665));
#6126=CARTESIAN_POINT('Ctrl Pts',(0.683995748362708,-2.42772652644472,2.18447170571719));
#6127=CARTESIAN_POINT('Ctrl Pts',(1.28604557740523,-2.16782549392755,2.21873926361751));
#6128=CARTESIAN_POINT('Ctrl Pts',(1.55385143015985,-1.98465413759495,2.2352494498912));
#6129=CARTESIAN_POINT('Ctrl Pts',(2.01440253901829,-1.51787783731767,2.26699842556284));
#6130=CARTESIAN_POINT('Ctrl Pts',(2.19908246156526,-1.23521894810859,2.28434000249085));
#6131=CARTESIAN_POINT('Ctrl Pts',(2.44164662574188,-0.625908363861206,2.31861140329814));
#6132=CARTESIAN_POINT('Ctrl Pts',(2.50180834038011,-0.307048921888379,2.33513819976173));
#6133=CARTESIAN_POINT('Ctrl Pts',(2.49803456302702,0.348734590966781,2.3668777043231));
#6134=CARTESIAN_POINT('Ctrl Pts',(2.42905647292292,0.679290614565694,2.38421792283112));
#6135=CARTESIAN_POINT('Ctrl Pts',(2.17025820836145,1.28195029739658,2.41849287171806));
#6136=CARTESIAN_POINT('Ctrl Pts',(1.98755788429103,1.55014652598759,2.43503514651465));
#6137=CARTESIAN_POINT('Ctrl Pts',(1.52155032562657,2.01164044663116,2.46676586029344));
#6138=CARTESIAN_POINT('Ctrl Pts',(1.23917222052928,2.19686669787649,2.48410480633921));
#6139=CARTESIAN_POINT('Ctrl Pts',(0.63018524349875,2.44055329909484,2.51838303074869));
#6140=CARTESIAN_POINT('Ctrl Pts',(0.311378646555995,2.50127956278243,2.53493971771342));
#6141=CARTESIAN_POINT('Ctrl Pts',(-0.344518448741976,2.49862730834065,2.56666227606204));
#6142=CARTESIAN_POINT('Ctrl Pts',(-0.675248000571275,2.43019129818186,2.58400003165529));
#6143=CARTESIAN_POINT('Ctrl Pts',(-1.27843069709476,2.17234074347664,2.61828127968011));
#6144=CARTESIAN_POINT('Ctrl Pts',(-1.54696217136759,1.99004488801631,2.63485137625979));
#6145=CARTESIAN_POINT('Ctrl Pts',(-2.0092648341301,1.52469785342062,2.66656637195766));
#6146=CARTESIAN_POINT('Ctrl Pts',(-2.19495960455489,1.24256151003192,2.6839030150991));
#6147=CARTESIAN_POINT('Ctrl Pts',(-2.43880836774358,0.635846154832926,2.7180747991433));
#6148=CARTESIAN_POINT('Ctrl Pts',(-2.49999999801143,0.319349825172415,2.73458042637875));
#6149=CARTESIAN_POINT('Ctrl Pts',(-2.5,1.55673667012746E-8,2.74999999924832));
#6150=CARTESIAN_POINT('Origin',(0.,0.,14.25));
#6151=CARTESIAN_POINT('',(-2.5,1.71247649708356E-14,3.65000000000004));
#6152=CARTESIAN_POINT('',(-2.5,-3.75401600125943E-9,3.5500000003625));
#6153=CARTESIAN_POINT('',(-2.5,-3.06161699786838E-16,14.25));
#6154=CARTESIAN_POINT('Ctrl Pts',(-2.5,5.39152056333592E-14,3.65000000000004));
#6155=CARTESIAN_POINT('Ctrl Pts',(-2.5,0.12583905511755,3.64392395292922));
#6156=CARTESIAN_POINT('Ctrl Pts',(-2.49049958923654,0.25176888146245,3.63765351482054));
#6157=CARTESIAN_POINT('Ctrl Pts',(-2.42224166567808,0.699570584032383,3.61466657747741));
#6158=CARTESIAN_POINT('Ctrl Pts',(-2.31024344019352,1.00966290242273,3.5974540313548));
#6159=CARTESIAN_POINT('Ctrl Pts',(-1.97481881873856,1.56681711068611,3.56384375400725));
#6160=CARTESIAN_POINT('Ctrl Pts',(-1.75554093684792,1.80911621525471,3.54858269047571));
#6161=CARTESIAN_POINT('Ctrl Pts',(-1.23470972192407,2.19817808299405,3.51565349746539));
#6162=CARTESIAN_POINT('Ctrl Pts',(-0.937545049571983,2.34040443637121,3.49846059075284));
#6163=CARTESIAN_POINT('Ctrl Pts',(-0.307507844159815,2.50209987951582,3.46480579456783));
#6164=CARTESIAN_POINT('Ctrl Pts',(0.019125134107176,2.52085279826588,3.44949361280245));
#6165=CARTESIAN_POINT('Ctrl Pts',(0.663309499526914,2.43235695067882,3.41661972321741));
#6166=CARTESIAN_POINT('Ctrl Pts',(0.97457959683154,2.32519280167126,3.39944699042778));
#6167=CARTESIAN_POINT('Ctrl Pts',(1.53703396594056,1.99820860804922,3.36574960723296));
#6168=CARTESIAN_POINT('Ctrl Pts',(1.78314684999166,1.78204863921063,3.350381982872));
#6169=CARTESIAN_POINT('Ctrl Pts',(2.1798510357703,1.26666413540169,3.31756293397777));
#6170=CARTESIAN_POINT('Ctrl Pts',(2.32621531920123,0.972057865957956,3.30041079928413));
#6171=CARTESIAN_POINT('Ctrl Pts',(2.49741187348361,0.34423297950978,3.26667280108532));
#6172=CARTESIAN_POINT('Ctrl Pts',(2.52096556059674,0.017119565856497,3.2512459169734));
#6173=CARTESIAN_POINT('Ctrl Pts',(2.44150888406412,-0.628550619163747,3.21848106909283));
#6174=CARTESIAN_POINT('Ctrl Pts',(2.33896921537994,-0.940876566040387,3.20134984498254));
#6175=CARTESIAN_POINT('Ctrl Pts',(2.02008945223383,-1.50832894483778,3.16757322514174));
#6176=CARTESIAN_POINT('Ctrl Pts',(1.80691461372736,-1.75808817006004,3.15208379192903));
#6177=CARTESIAN_POINT('Ctrl Pts',(1.29675242355127,-2.16202036651973,3.11937233842917));
#6178=CARTESIAN_POINT('Ctrl Pts',(1.00462705554004,-2.31227294849792,3.10226222628229));
#6179=CARTESIAN_POINT('Ctrl Pts',(0.378975719550504,-2.49247922504399,3.06844898193811));
#6180=CARTESIAN_POINT('Ctrl Pts',(0.051408757090469,-2.52060068857055,3.05289424814328));
#6181=CARTESIAN_POINT('Ctrl Pts',(-0.595611784786514,-2.44969540834755,
3.02023522719215));
#6182=CARTESIAN_POINT('Ctrl Pts',(-0.908873098563493,-2.35152974346066,
3.00314631964867));
#6183=CARTESIAN_POINT('Ctrl Pts',(-1.48098868157635,-2.04034474213821,2.96929843562712));
#6184=CARTESIAN_POINT('Ctrl Pts',(-1.73419607340255,-1.82999778020356,2.95367618773356));
#6185=CARTESIAN_POINT('Ctrl Pts',(-2.14489344699338,-1.32478678432268,2.92106849549943));
#6186=CARTESIAN_POINT('Ctrl Pts',(-2.29876185234122,-1.03503721170644,2.90400078043444));
#6187=CARTESIAN_POINT('Ctrl Pts',(-2.4640318527023,-0.48879923812129,2.87432067794497));
#6188=CARTESIAN_POINT('Ctrl Pts',(-2.5,-0.244855342974989,2.86182266179665));
#6189=CARTESIAN_POINT('Ctrl Pts',(-2.5,1.67296732023203E-13,2.85000000000004));
#6190=CARTESIAN_POINT('Ctrl Pts',(-2.5,1.55673653779496E-8,2.74999999924832));
#6191=CARTESIAN_POINT('Ctrl Pts',(-2.50000000001337,-0.00214693049323529,
2.750103662974));
#6192=CARTESIAN_POINT('Ctrl Pts',(-2.4999972344005,-0.0042940002039038,
2.75020738798261));
#6193=CARTESIAN_POINT('Ctrl Pts',(-2.49912996935521,-0.340901985027765,
2.76647760452682));
#6194=CARTESIAN_POINT('Ctrl Pts',(-2.43115913491563,-0.671779671907748,
2.78381320919865));
#6195=CARTESIAN_POINT('Ctrl Pts',(-2.17412182605607,-1.27541037269414,2.81809982386591));
#6196=CARTESIAN_POINT('Ctrl Pts',(-1.9921728086718,-1.54422935077958,2.83469397474991));
#6197=CARTESIAN_POINT('Ctrl Pts',(-1.52739248695322,-2.00722490421647,2.86639546494299));
#6198=CARTESIAN_POINT('Ctrl Pts',(-1.24546393850907,-2.19332098887426,2.88373010114163));
#6199=CARTESIAN_POINT('Ctrl Pts',(-0.636994873521338,-2.43879631128836,
2.91801909296947));
#6200=CARTESIAN_POINT('Ctrl Pts',(-0.318272427531626,-2.50042220829294,
2.93462400361266));
#6201=CARTESIAN_POINT('Ctrl Pts',(0.337803685454117,-2.49955637003654,2.96631947737618));
#6202=CARTESIAN_POINT('Ctrl Pts',(0.668807760344444,-2.43198420670085,2.98365321117891));
#6203=CARTESIAN_POINT('Ctrl Pts',(1.27282182175085,-2.17564386880025,3.01794439671515));
#6204=CARTESIAN_POINT('Ctrl Pts',(1.54188706843208,-1.99399192226391,3.03455929452886));
#6205=CARTESIAN_POINT('Ctrl Pts',(2.00547563548353,-1.52969721723465,3.06624919734628));
#6206=CARTESIAN_POINT('Ctrl Pts',(2.19191511974916,-1.24794699874968,3.08358209100495));
#6207=CARTESIAN_POINT('Ctrl Pts',(2.4380971672963,-0.639683311004849,3.11787530084495));
#6208=CARTESIAN_POINT('Ctrl Pts',(2.50007850037381,-0.320994092594702,3.13449946415691));
#6209=CARTESIAN_POINT('Ctrl Pts',(2.49991818975859,0.335152078653294,3.16618421007974));
#6210=CARTESIAN_POINT('Ctrl Pts',(2.43268732628546,0.666263937091603,3.18351632213529));
#6211=CARTESIAN_POINT('Ctrl Pts',(2.17698039720678,1.27051893533056,3.21780647295446));
#6212=CARTESIAN_POINT('Ctrl Pts',(1.99561443959533,1.53981315889177,3.23443646744249));
#6213=CARTESIAN_POINT('Ctrl Pts',(1.53176003567251,2.00388418084232,3.2661208866229));
#6214=CARTESIAN_POINT('Ctrl Pts',(1.25021234220284,2.1906390244313,3.28344718864084));
#6215=CARTESIAN_POINT('Ctrl Pts',(0.642159362368388,2.43743784035948,3.31774255997056));
#6216=CARTESIAN_POINT('Ctrl Pts',(0.323509395957911,2.49977058913079,3.33437499635714));
#6217=CARTESIAN_POINT('Ctrl Pts',(-0.332600626926062,2.50023713962155,3.36606412168006));
#6218=CARTESIAN_POINT('Ctrl Pts',(-0.66372598471438,2.43338563613541,3.38337981275729));
#6219=CARTESIAN_POINT('Ctrl Pts',(-1.26830455973165,2.17827593427419,3.41767364270106));
#6220=CARTESIAN_POINT('Ctrl Pts',(-1.53780911706124,1.99716423569755,3.43430870782112));
#6221=CARTESIAN_POINT('Ctrl Pts',(-2.00229305540556,1.53381790063848,3.4660029029914));
#6222=CARTESIAN_POINT('Ctrl Pts',(-2.18928681313897,1.25255188416667,3.48330718133623));
#6223=CARTESIAN_POINT('Ctrl Pts',(-2.43673595412321,0.644834748214131,3.51759934318997));
#6224=CARTESIAN_POINT('Ctrl Pts',(-2.49942288241174,0.326218455218354,3.53423723727061));
#6225=CARTESIAN_POINT('Ctrl Pts',(-2.4999986780642,0.00296871841480129,
3.54985663115615));
#6226=CARTESIAN_POINT('Ctrl Pts',(-2.50000000000446,0.00148432449191637,
3.54992833047368));
#6227=CARTESIAN_POINT('Ctrl Pts',(-2.5,-7.50803932420926E-9,3.5500000003625));
#6228=CARTESIAN_POINT('Origin',(0.,0.,14.25));
#6229=CARTESIAN_POINT('',(-2.5,-1.75697045487006E-14,4.45000000000005));
#6230=CARTESIAN_POINT('',(-2.5,-1.43029718152746E-17,4.34999999999998));
#6231=CARTESIAN_POINT('',(-2.5,-3.06161699786838E-16,14.25));
#6232=CARTESIAN_POINT('Ctrl Pts',(-2.5,-5.85989590184965E-14,4.45000000000005));
#6233=CARTESIAN_POINT('Ctrl Pts',(-2.5,0.1777899786963,4.44141554044359));
#6234=CARTESIAN_POINT('Ctrl Pts',(-2.4810369539416,0.355459503022524,4.4324576360174));
#6235=CARTESIAN_POINT('Ctrl Pts',(-2.37350630862578,0.851156010041626,4.40637267850975));
#6236=CARTESIAN_POINT('Ctrl Pts',(-2.24118901992054,1.15545415170474,4.38903351872349));
#6237=CARTESIAN_POINT('Ctrl Pts',(-1.87057040119527,1.68945134054734,4.35583748123753));
#6238=CARTESIAN_POINT('Ctrl Pts',(-1.6381521834637,1.91565562506357,4.34078387186971));
#6239=CARTESIAN_POINT('Ctrl Pts',(-1.0945329214898,2.27152494557842,4.30741822555892));
#6240=CARTESIAN_POINT('Ctrl Pts',(-0.787030972365355,2.39549831605217,4.2900912506288));
#6241=CARTESIAN_POINT('Ctrl Pts',(-0.148365274997451,2.51623047584314,4.25683909966482));
#6242=CARTESIAN_POINT('Ctrl Pts',(0.17619298394078,2.51443510863274,4.24178135234416));
#6243=CARTESIAN_POINT('Ctrl Pts',(0.813225054740026,2.38669683304846,4.20846795753267));
#6244=CARTESIAN_POINT('Ctrl Pts',(1.11910792395378,2.25948103016084,4.19115431004785));
#6245=CARTESIAN_POINT('Ctrl Pts',(1.65905602848571,1.89766272414839,4.15784694318883));
#6246=CARTESIAN_POINT('Ctrl Pts',(1.88931639021778,1.66855457836749,4.14277861404873));
#6247=CARTESIAN_POINT('Ctrl Pts',(2.25369244062856,1.13064419446299,4.10951848215725));
#6248=CARTESIAN_POINT('Ctrl Pts',(2.38238350927642,0.825671429691904,4.092219273087));
#6249=CARTESIAN_POINT('Ctrl Pts',(2.51356713605672,0.189069910310772,4.05885776011305));
#6250=CARTESIAN_POINT('Ctrl Pts',(2.51699562603676,-0.136016678046811,4.04377244634374));
#6251=CARTESIAN_POINT('Ctrl Pts',(2.39931349037901,-0.774990730251454,4.01056640717385));
#6252=CARTESIAN_POINT('Ctrl Pts',(2.2772283379327,-1.08237878036993,3.99328269613478));
#6253=CARTESIAN_POINT('Ctrl Pts',(1.9242821279546,-1.62821828766998,3.95986830910716));
#6254=CARTESIAN_POINT('Ctrl Pts',(1.69849416610385,-1.86254519932481,3.94475964904189));
#6255=CARTESIAN_POINT('Ctrl Pts',(1.16633219863951,-2.23535597131143,3.91160838081753));
#6256=CARTESIAN_POINT('Ctrl Pts',(0.863948901066595,-2.36869892266842,3.89434116462968));
#6257=CARTESIAN_POINT('Ctrl Pts',(0.229492455358054,-2.51027710477335,3.86087533386829));
#6258=CARTESIAN_POINT('Ctrl Pts',(-0.0961204560578099,-2.51891235820732,
3.84573714099142));
#6259=CARTESIAN_POINT('Ctrl Pts',(-0.736945747372429,-2.41120118560047,
3.81264113535122));
#6260=CARTESIAN_POINT('Ctrl Pts',(-1.04574136679135,-2.29420981731696,3.7953913365375));
#6261=CARTESIAN_POINT('Ctrl Pts',(-1.59733838198409,-1.95009760245975,3.7618756323395));
#6262=CARTESIAN_POINT('Ctrl Pts',(-1.83569420537799,-1.72759892380029,3.74670197093604));
#6263=CARTESIAN_POINT('Ctrl Pts',(-2.21676471374807,-1.20115351617632,3.71366152790995));
#6264=CARTESIAN_POINT('Ctrl Pts',(-2.35463642705565,-0.901384887805976,
3.69642998388008));
#6265=CARTESIAN_POINT('Ctrl Pts',(-2.4769189199403,-0.392029575945176,3.66939048398317));
#6266=CARTESIAN_POINT('Ctrl Pts',(-2.5,-0.196147501502358,3.6594708391671));
#6267=CARTESIAN_POINT('Ctrl Pts',(-2.5,5.41580669199959E-14,3.65000000000004));
#6268=CARTESIAN_POINT('Ctrl Pts',(-2.5,-7.50804363125468E-9,3.5500000003625));
#6269=CARTESIAN_POINT('Ctrl Pts',(-2.49999999900065,-0.332760212878153,
3.56606708439894));
#6270=CARTESIAN_POINT('Ctrl Pts',(-2.43356097605677,-0.662280490640483,
3.58330651133092));
#6271=CARTESIAN_POINT('Ctrl Pts',(-2.17977864834398,-1.26572957643254,3.61751925722759));
#6272=CARTESIAN_POINT('Ctrl Pts',(-1.99896272189241,-1.53547826696653,3.63416019469901));
#6273=CARTESIAN_POINT('Ctrl Pts',(-1.53620695722563,-2.0004416717682,3.66586572914993));
#6274=CARTESIAN_POINT('Ctrl Pts',(-1.25526808998748,-2.1877127697506,3.68314455044984));
#6275=CARTESIAN_POINT('Ctrl Pts',(-0.64794155934234,-2.43591694562535,3.71743295290879));
#6276=CARTESIAN_POINT('Ctrl Pts',(-0.329364869374635,-2.49901529656555,
3.73407716323911));
#6277=CARTESIAN_POINT('Ctrl Pts',(0.326587559645903,-2.5009991714071,3.7657890257442));
#6278=CARTESIAN_POINT('Ctrl Pts',(0.657642277306621,-2.43500481072455,3.78305368188686));
#6279=CARTESIAN_POINT('Ctrl Pts',(1.26273753686188,-2.18151962828161,3.81733996917863));
#6280=CARTESIAN_POINT('Ctrl Pts',(1.53276929079651,-2.00104752340921,3.83398769772849));
#6281=CARTESIAN_POINT('Ctrl Pts',(1.99828888666131,-1.53897766291939,3.86570636937603));
#6282=CARTESIAN_POINT('Ctrl Pts',(2.18588159869813,-1.25841839509859,3.8829558168423));
#6283=CARTESIAN_POINT('Ctrl Pts',(2.43496149118553,-0.651545827075333,3.91723981437913));
#6284=CARTESIAN_POINT('Ctrl Pts',(2.49853731504538,-0.33301575471062,3.93389132327086));
#6285=CARTESIAN_POINT('Ctrl Pts',(2.50146710573984,0.322837575002251,3.96561731915515));
#6286=CARTESIAN_POINT('Ctrl Pts',(2.43600655104703,0.653848063482725,3.98285044623097));
#6287=CARTESIAN_POINT('Ctrl Pts',(2.18353390849932,1.25926396760086,4.01713196481389));
#6288=CARTESIAN_POINT('Ctrl Pts',(2.00346115372177,1.52962351869611,4.03378753380886));
#6289=CARTESIAN_POINT('Ctrl Pts',(1.54218715938523,1.99578756631087,4.06552140501643));
#6290=CARTESIAN_POINT('Ctrl Pts',(1.26206786194858,2.18375278744896,4.08273702877003));
#6291=CARTESIAN_POINT('Ctrl Pts',(0.655722439589467,2.4338471743476,4.11701586335084));
#6292=CARTESIAN_POINT('Ctrl Pts',(0.337247293537696,2.49797652628014,4.13367579072703));
#6293=CARTESIAN_POINT('Ctrl Pts',(-0.318490368820275,2.50200255058189,4.16541812636953));
#6294=CARTESIAN_POINT('Ctrl Pts',(-0.649449418768798,2.43716010750869,4.18261498974724));
#6295=CARTESIAN_POINT('Ctrl Pts',(-1.25523552043701,2.18586071305734,4.21689091808716));
#6296=CARTESIAN_POINT('Ctrl Pts',(-1.52597412931505,2.0062513634598,4.23355552150734));
#6297=CARTESIAN_POINT('Ctrl Pts',(-1.99288390061644,1.54589980164771,4.26530695078919));
#6298=CARTESIAN_POINT('Ctrl Pts',(-2.18127998220658,1.26628979122418,4.28248371988686));
#6299=CARTESIAN_POINT('Ctrl Pts',(-2.43254803383518,0.660555885971458,4.31675650110443));
#6300=CARTESIAN_POINT('Ctrl Pts',(-2.49731827856782,0.342145520288945,4.33342611846371));
#6301=CARTESIAN_POINT('Ctrl Pts',(-2.49997283387436,0.0134588522936125,
4.34934960580275));
#6302=CARTESIAN_POINT('Ctrl Pts',(-2.5,0.00672881059359539,4.34967510428411));
#6303=CARTESIAN_POINT('Ctrl Pts',(-2.5,2.77555756156289E-16,4.34999999999998));
#6304=CARTESIAN_POINT('Origin',(0.,0.,14.25));
#6305=CARTESIAN_POINT('',(-2.5,-8.4220470439973E-14,5.25000000000005));
#6306=CARTESIAN_POINT('',(-2.5,-1.43029718152747E-17,5.14999999999998));
#6307=CARTESIAN_POINT('',(-2.5,-3.06161699786838E-16,14.25));
#6308=CARTESIAN_POINT('Ctrl Pts',(-2.5,-1.65423230669148E-13,5.25000000000005));
#6309=CARTESIAN_POINT('Ctrl Pts',(-2.50000000000001,0.226906169988734,5.23904400094059));
#6310=CARTESIAN_POINT('Ctrl Pts',(-2.46911233530862,0.453162616875434,5.22750161999373));
#6311=CARTESIAN_POINT('Ctrl Pts',(-2.31891077118462,0.990932773437454,5.19853174860302));
#6312=CARTESIAN_POINT('Ctrl Pts',(-2.1676909688582,1.2885758460565,5.18113587370323));
#6313=CARTESIAN_POINT('Ctrl Pts',(-1.76459667619553,1.79966322250387,5.14839650633444));
#6314=CARTESIAN_POINT('Ctrl Pts',(-1.51976798351758,2.01069571918437,5.13316697516567));
#6315=CARTESIAN_POINT('Ctrl Pts',(-0.955041159802459,2.33388954320252,5.09943567554833));
#6316=CARTESIAN_POINT('Ctrl Pts',(-0.638593558936401,2.43954046382617,5.08204321534003));
#6317=CARTESIAN_POINT('Ctrl Pts',(0.00711163309603219,2.52043244360681,
5.04924797110643));
#6318=CARTESIAN_POINT('Ctrl Pts',(0.329677251579294,2.4987886923864,5.03405754800834));
#6319=CARTESIAN_POINT('Ctrl Pts',(0.958540293667438,2.33242141086035,5.00036600867614));
#6320=CARTESIAN_POINT('Ctrl Pts',(1.25784286041248,2.18559701018795,4.98297791434491));
#6321=CARTESIAN_POINT('Ctrl Pts',(1.77438292629583,1.79004144634397,4.95012604241674));
#6322=CARTESIAN_POINT('Ctrl Pts',(1.98896817571316,1.54812454305241,4.93497070184732));
#6323=CARTESIAN_POINT('Ctrl Pts',(2.31993339957097,0.988301395925414,4.90132074468368));
#6324=CARTESIAN_POINT('Ctrl Pts',(2.42996721351954,0.673871041048109,4.88393802786138));
#6325=CARTESIAN_POINT('Ctrl Pts',(2.52029075154119,0.029715388641867,4.85102897085458));
#6326=CARTESIAN_POINT('Ctrl Pts',(2.50334051165688,-0.293317152884678,4.83590420526171));
#6327=CARTESIAN_POINT('Ctrl Pts',(2.34616148724797,-0.924226796852011,4.80229761239158));
#6328=CARTESIAN_POINT('Ctrl Pts',(2.2039832524971,-1.22520907929825,4.78492133753025));
#6329=CARTESIAN_POINT('Ctrl Pts',(1.81640303216396,-1.74742865692023,4.75195474138695));
#6330=CARTESIAN_POINT('Ctrl Pts',(1.57754513857355,-1.96575124615478,4.7368555924529));
#6331=CARTESIAN_POINT('Ctrl Pts',(1.02290772826308,-2.30481325656657,4.70329408908125));
#6332=CARTESIAN_POINT('Ctrl Pts',(0.71065221409902,-2.4193980030736,4.68592536420669));
#6333=CARTESIAN_POINT('Ctrl Pts',(0.0681925382199499,-2.5195770805708,4.65290108540104));
#6334=CARTESIAN_POINT('Ctrl Pts',(-0.255331270250259,-2.50753351093586,
4.63782218590799));
#6335=CARTESIAN_POINT('Ctrl Pts',(-0.888303960190954,-2.35992660467437,
4.60430742272943));
#6336=CARTESIAN_POINT('Ctrl Pts',(-1.19096021420482,-2.22260173625404,4.58694738869748));
#6337=CARTESIAN_POINT('Ctrl Pts',(-1.71902263905707,-1.84336269431777,4.5538654985016));
#6338=CARTESIAN_POINT('Ctrl Pts',(-1.94123208610797,-1.60768225440417,4.53880112432922));
#6339=CARTESIAN_POINT('Ctrl Pts',(-2.28862839163805,-1.05846534230065,4.50533465986092));
#6340=CARTESIAN_POINT('Ctrl Pts',(-2.40787919040496,-0.748526614950997,
4.48798447830414));
#6341=CARTESIAN_POINT('Ctrl Pts',(-2.48791562579396,-0.283903724029069,
4.4639497719033));
#6342=CARTESIAN_POINT('Ctrl Pts',(-2.5,-0.141925238839251,4.45685275672902));
#6343=CARTESIAN_POINT('Ctrl Pts',(-2.5,-5.63438184997267E-14,4.45000000000005));
#6344=CARTESIAN_POINT('Ctrl Pts',(-2.5,4.09394740330526E-15,4.34999999999998));
#6345=CARTESIAN_POINT('Ctrl Pts',(-2.5,-0.326804283425817,4.36577950666574));
#6346=CARTESIAN_POINT('Ctrl Pts',(-2.43591864665626,-0.650581775539154,
4.38269449398575));
#6347=CARTESIAN_POINT('Ctrl Pts',(-2.18854361437071,-1.250569141351,4.41661194734737));
#6348=CARTESIAN_POINT('Ctrl Pts',(-2.00947140389016,-1.52174535860061,4.43328693758652));
#6349=CARTESIAN_POINT('Ctrl Pts',(-1.55018759349822,-1.98951670927874,4.46505861257229));
#6350=CARTESIAN_POINT('Ctrl Pts',(-1.27116622940039,-2.17841034523639,4.48219087188384));
#6351=CARTESIAN_POINT('Ctrl Pts',(-0.666140894670513,-2.43103406556886,
4.51645655366417));
#6352=CARTESIAN_POINT('Ctrl Pts',(-0.347807010077665,-2.49654527747356,
4.5331372975332));
#6353=CARTESIAN_POINT('Ctrl Pts',(0.307638228720426,-2.50330637567616,4.56492021519523));
#6354=CARTESIAN_POINT('Ctrl Pts',(0.638468113998059,-2.44000366819832,4.58202789423526));
#6355=CARTESIAN_POINT('Ctrl Pts',(1.24517130940065,-2.19163056000773,4.61628957805259));
#6356=CARTESIAN_POINT('Ctrl Pts',(1.51685176095225,-2.01318015309379,4.63297647880622));
#6357=CARTESIAN_POINT('Ctrl Pts',(1.98561677185898,-1.55513046486594,4.66477144950872));
#6358=CARTESIAN_POINT('Ctrl Pts',(2.17508391877837,-1.27678830028655,4.68185288575904));
#6359=CARTESIAN_POINT('Ctrl Pts',(2.42927068421206,-0.672582886381463,4.71611023916189));
#6360=CARTESIAN_POINT('Ctrl Pts',(2.49563712112679,-0.354339390745543,4.73280372316621));
#6361=CARTESIAN_POINT('Ctrl Pts',(2.50408980217195,0.300922250131921,4.76461160759329));
#6362=CARTESIAN_POINT('Ctrl Pts',(2.44173765472931,0.631671674912988,4.78166505339635));
#6363=CARTESIAN_POINT('Ctrl Pts',(2.19517370841068,1.23893741646692,4.8159177161072));
#6364=CARTESIAN_POINT('Ctrl Pts',(2.017442038049,1.51119758483569,4.83261823333383));
#6365=CARTESIAN_POINT('Ctrl Pts',(1.56081630748207,1.98110622801049,4.86443994433375));
#6366=CARTESIAN_POINT('Ctrl Pts',(1.28325626627158,2.17123303275114,4.88146356701446));
#6367=CARTESIAN_POINT('Ctrl Pts',(0.679998136326631,2.42721815610724,4.91571114866008));
#6368=CARTESIAN_POINT('Ctrl Pts',(0.361861574079455,2.49456977189528,4.93241917304112));
#6369=CARTESIAN_POINT('Ctrl Pts',(-0.293186091968421,2.50497002661611,4.964255677323));
#6370=CARTESIAN_POINT('Ctrl Pts',(-0.623842352983142,2.44371065932618,4.98124756020067));
#6371=CARTESIAN_POINT('Ctrl Pts',(-1.23175138334658,2.19922900087241,5.01548963788559));
#6372=CARTESIAN_POINT('Ctrl Pts',(-1.50467634723785,2.02232666950647,5.03220566749964));
#6373=CARTESIAN_POINT('Ctrl Pts',(-1.97589811222907,1.56734066348749,5.06405798713856));
#6374=CARTESIAN_POINT('Ctrl Pts',(-2.16678180936658,1.29067920037867,5.0810161315829));
#6375=CARTESIAN_POINT('Ctrl Pts',(-2.42483102487701,0.688513512475893,5.11525224730372));
#6376=CARTESIAN_POINT('Ctrl Pts',(-2.49331496850267,0.370503572858104,5.13197680436012));
#6377=CARTESIAN_POINT('Ctrl Pts',(-2.49984497303173,0.0321549332739035,
5.14844432194059));
#6378=CARTESIAN_POINT('Ctrl Pts',(-2.5,0.0160741653331874,5.14922387064096));
#6379=CARTESIAN_POINT('Ctrl Pts',(-2.5,2.77555756156289E-16,5.14999999999998));
#6380=CARTESIAN_POINT('Origin',(0.,0.,14.25));
#6381=CARTESIAN_POINT('',(-2.5,-5.61873320089604E-14,6.05000000000005));
#6382=CARTESIAN_POINT('',(-2.5,2.79494472343591E-14,5.94999999999998));
#6383=CARTESIAN_POINT('',(-2.5,-3.06161699786838E-16,14.25));
#6384=CARTESIAN_POINT('Ctrl Pts',(-2.5,-1.12548859121375E-13,6.05000000000005));
#6385=CARTESIAN_POINT('Ctrl Pts',(-2.50000000000001,0.265473824678497,6.03718178984017));
#6386=CARTESIAN_POINT('Ctrl Pts',(-2.457718111027,0.529591596486471,6.02358341792537));
#6387=CARTESIAN_POINT('Ctrl Pts',(-2.27046756395564,1.09786507159875,5.99239973636889));
#6388=CARTESIAN_POINT('Ctrl Pts',(-2.1046711587546,1.38950255677865,5.97500230482452));
#6389=CARTESIAN_POINT('Ctrl Pts',(-1.67658738595933,1.88192311491504,5.94266446157173));
#6390=CARTESIAN_POINT('Ctrl Pts',(-1.42194899512911,2.08102378873345,5.92703729520616));
#6391=CARTESIAN_POINT('Ctrl Pts',(-0.840966407132444,2.37760272091287,5.89305339569369));
#6392=CARTESIAN_POINT('Ctrl Pts',(-0.518127923328514,2.46815495882986,5.87565433001425));
#6393=CARTESIAN_POINT('Ctrl Pts',(0.13232364108153,2.51695225632562,5.84327180429503));
#6394=CARTESIAN_POINT('Ctrl Pts',(0.453324639076077,2.47932883434934,5.82769812685065));
#6395=CARTESIAN_POINT('Ctrl Pts',(1.07467692673233,2.28148459189351,5.79373969960411));
#6396=CARTESIAN_POINT('Ctrl Pts',(1.36768717397463,2.11885802035313,5.77633938191717));
#6397=CARTESIAN_POINT('Ctrl Pts',(1.86424614974295,1.69620978229563,5.74391042887966));
#6398=CARTESIAN_POINT('Ctrl Pts',(2.06596396400052,1.44372720810622,5.7283900368435));
#6399=CARTESIAN_POINT('Ctrl Pts',(2.36844682660898,0.866279432486263,5.69445873456206));
#6400=CARTESIAN_POINT('Ctrl Pts',(2.46235828456364,0.544789824343757,5.67705761396018));
#6401=CARTESIAN_POINT('Ctrl Pts',(2.51824775684031,-0.10468196997874,5.64458055223));
#6402=CARTESIAN_POINT('Ctrl Pts',(2.48415861223023,-0.426025538678756,5.62911283957667));
#6403=CARTESIAN_POINT('Ctrl Pts',(2.2932984262572,-1.04911178593832,5.59521037048397));
#6404=CARTESIAN_POINT('Ctrl Pts',(2.13416083125385,-1.34358971573769,5.57780896634507));
#6405=CARTESIAN_POINT('Ctrl Pts',(1.7174936259303,-1.84465198895116,5.5452821955269));
#6406=CARTESIAN_POINT('Ctrl Pts',(1.46736856789446,-2.04923505898037,5.52986612077258));
#6407=CARTESIAN_POINT('Ctrl Pts',(0.893811407580788,-2.35813953395945,5.49599424176849));
#6408=CARTESIAN_POINT('Ctrl Pts',(0.573833358171539,-2.45569896409097,5.47859314623496));
#6409=CARTESIAN_POINT('Ctrl Pts',(-0.0745259882383262,-2.51932010885601,
5.44601516479178));
#6410=CARTESIAN_POINT('Ctrl Pts',(-0.396245026308962,-2.48908122748195,
5.43064922221886));
#6411=CARTESIAN_POINT('Ctrl Pts',(-1.02117306176062,-2.30581638258443,5.39680973054702));
#6412=CARTESIAN_POINT('Ctrl Pts',(-1.31720093638935,-2.15048486377592,5.37940960997547));
#6413=CARTESIAN_POINT('Ctrl Pts',(-1.8231154214338,-1.74034163400128,5.34677903315607));
#6414=CARTESIAN_POINT('Ctrl Pts',(-2.03080731754707,-1.49277133052959,5.33146122948277));
#6415=CARTESIAN_POINT('Ctrl Pts',(-2.34662860008508,-0.923458586567478,
5.2976559528779));
#6416=CARTESIAN_POINT('Ctrl Pts',(-2.44810959088412,-0.605160627703136,
5.28025754807861));
#6417=CARTESIAN_POINT('Ctrl Pts',(-2.49490466320863,-0.184409034981598,
5.25900596260135));
#6418=CARTESIAN_POINT('Ctrl Pts',(-2.49999999999999,-0.092155868590993,
5.25444967895614));
#6419=CARTESIAN_POINT('Ctrl Pts',(-2.5,-1.68134779180159E-13,5.25000000000005));
#6420=CARTESIAN_POINT('Ctrl Pts',(-2.5,5.82867087928207E-15,5.14999999999998));
#6421=CARTESIAN_POINT('Ctrl Pts',(-2.5,-0.316233404206916,5.16526909946622));
#6422=CARTESIAN_POINT('Ctrl Pts',(-2.43999829763924,-0.62979680146771,5.18160931364018));
#6423=CARTESIAN_POINT('Ctrl Pts',(-2.20385538416164,-1.22348563654807,5.21499800465933));
#6424=CARTESIAN_POINT('Ctrl Pts',(-2.02790809019004,-1.49717071793358,5.23173163524477));
#6425=CARTESIAN_POINT('Ctrl Pts',(-1.57480593918679,-1.96989610969264,5.26361887930609));
#6426=CARTESIAN_POINT('Ctrl Pts',(-1.29917412469285,-2.16164583781922,5.28050324092214));
#6427=CARTESIAN_POINT('Ctrl Pts',(-0.69826562612884,-2.42205756432148,5.31472590439175));
#6428=CARTESIAN_POINT('Ctrl Pts',(-0.380405739223509,-2.49183959185016,
5.33146917794035));
#6429=CARTESIAN_POINT('Ctrl Pts',(0.2741027239686,-2.50703982959999,5.36337564686587));
#6430=CARTESIAN_POINT('Ctrl Pts',(0.6045270687138,-2.44846633434568,5.38021982227541));
#6431=CARTESIAN_POINT('Ctrl Pts',(1.21400160235438,-2.20911358816337,5.41443491089978));
#6432=CARTESIAN_POINT('Ctrl Pts',(1.48855285472095,-2.03426352290135,5.43118841934561));
#6433=CARTESIAN_POINT('Ctrl Pts',(1.96299464588933,-1.58331999570471,5.46311536602545));
#6434=CARTESIAN_POINT('Ctrl Pts',(2.15573211648727,-1.30886444731239,5.47991707632967));
#6435=CARTESIAN_POINT('Ctrl Pts',(2.41883931147354,-0.709399202719136,5.51412396270276));
#6436=CARTESIAN_POINT('Ctrl Pts',(2.49010501190341,-0.39171722961151,5.53088831927131));
#6437=CARTESIAN_POINT('Ctrl Pts',(2.50823235376069,0.262454154689521,5.56283705467038));
#6438=CARTESIAN_POINT('Ctrl Pts',(2.45129163275313,0.592735545104185,5.57959397118288));
#6439=CARTESIAN_POINT('Ctrl Pts',(2.21506435938022,1.20315090787882,5.61379197760017));
#6440=CARTESIAN_POINT('Ctrl Pts',(2.04147149734923,1.47868536267473,5.63056781519417));
#6441=CARTESIAN_POINT('Ctrl Pts',(1.59299395431419,1.95507945167601,5.6625397074689));
#6442=CARTESIAN_POINT('Ctrl Pts',(1.31987751368409,2.14893938796865,5.67924946387535));
#6443=CARTESIAN_POINT('Ctrl Pts',(0.722064459026139,2.41511075648303,5.71343785893202));
#6444=CARTESIAN_POINT('Ctrl Pts',(0.404593477251023,2.48806646335633,5.73022582806671));
#6445=CARTESIAN_POINT('Ctrl Pts',(-0.249186649152131,2.50952526364897,5.76222230103201));
#6446=CARTESIAN_POINT('Ctrl Pts',(-0.57930401341931,2.45443821033989,5.77888250791202));
#6447=CARTESIAN_POINT('Ctrl Pts',(-1.19077750860942,2.22176605910201,5.81306050303916));
#6448=CARTESIAN_POINT('Ctrl Pts',(-1.46742308042429,2.0496092383671,5.82986126928278));
#6449=CARTESIAN_POINT('Ctrl Pts',(-1.94602877468091,1.60393905317037,5.86188380014878));
#6450=CARTESIAN_POINT('Ctrl Pts',(-2.14115902192896,1.33234108629754,5.87849206203379));
#6451=CARTESIAN_POINT('Ctrl Pts',(-2.41079929543262,0.736413266166026,5.912658808015));
#6452=CARTESIAN_POINT('Ctrl Pts',(-2.48567252540881,0.419192442852241,5.92947304889274));
#6453=CARTESIAN_POINT('Ctrl Pts',(-2.49937995513598,0.0643170613937646,
5.94688209666467));
#6454=CARTESIAN_POINT('Ctrl Pts',(-2.5,0.0321467914628717,5.94844781560125));
#6455=CARTESIAN_POINT('Ctrl Pts',(-2.5,5.6205056168505E-14,5.94999999999998));
#6456=CARTESIAN_POINT('Origin',(0.,0.,14.25));
#6457=CARTESIAN_POINT('',(-2.5,-2.81541935779476E-14,6.85000000000005));
#6458=CARTESIAN_POINT('',(-2.5,8.40157255247866E-14,6.74999999999997));
#6459=CARTESIAN_POINT('',(-2.5,-3.06161699786838E-16,14.25));
#6460=CARTESIAN_POINT('Ctrl Pts',(-2.5,-5.57887069874141E-14,6.85000000000005));
#6461=CARTESIAN_POINT('Ctrl Pts',(-2.50000000000001,0.291516623843219,6.83592433226126));
#6462=CARTESIAN_POINT('Ctrl Pts',(-2.4490130778666,0.581032959963635,6.82092550851468));
#6463=CARTESIAN_POINT('Ctrl Pts',(-2.23508332059126,1.16852140693026,6.78828046184109));
#6464=CARTESIAN_POINT('Ctrl Pts',(-2.05959646190036,1.45572544505823,6.77090328698694));
#6465=CARTESIAN_POINT('Ctrl Pts',(-1.61487595417587,1.93520523211277,6.73885754473664));
#6466=CARTESIAN_POINT('Ctrl Pts',(-1.35355529331861,2.12621097548848,6.72283121142122));
#6467=CARTESIAN_POINT('Ctrl Pts',(-0.761764296803634,2.40430509161714,6.68869513210111));
#6468=CARTESIAN_POINT('Ctrl Pts',(-0.43495365392914,2.48431416158909,6.67131513697456));
#6469=CARTESIAN_POINT('Ctrl Pts',(0.21830556716219,2.51100571773659,6.63923916042554));
#6470=CARTESIAN_POINT('Ctrl Pts',(0.538249015840733,2.4623431277165,6.62325790107475));
#6471=CARTESIAN_POINT('Ctrl Pts',(1.153916722052,2.24262516150016,6.58913647522542));
#6472=CARTESIAN_POINT('Ctrl Pts',(1.44206867535765,2.06914530946721,6.57175367111087));
#6473=CARTESIAN_POINT('Ctrl Pts',(1.92426544411233,1.62787378869776,6.53964572111828));
#6474=CARTESIAN_POINT('Ctrl Pts',(2.11696038909249,1.36794924081081,6.52371122441418));
#6475=CARTESIAN_POINT('Ctrl Pts',(2.39893897288868,0.77839717904844,6.48960556107362));
#6476=CARTESIAN_POINT('Ctrl Pts',(2.48116624771837,0.452389843088186,6.47221998893886));
#6477=CARTESIAN_POINT('Ctrl Pts',(2.51249077755432,-0.200311547879002,6.44007828733709));
#6478=CARTESIAN_POINT('Ctrl Pts',(2.46614535453776,-0.520475479910078,6.42419212784108));
#6479=CARTESIAN_POINT('Ctrl Pts',(2.25102496294102,-1.13737026811413,6.39010340472436));
#6480=CARTESIAN_POINT('Ctrl Pts',(2.07981642481459,-1.42657612862685,6.37271513974648));
#6481=CARTESIAN_POINT('Ctrl Pts',(1.64244572547054,-1.91182417183381,6.3405378776191));
#6482=CARTESIAN_POINT('Ctrl Pts',(1.38409325212543,-2.1064224796807,6.32470148442375));
#6483=CARTESIAN_POINT('Ctrl Pts',(0.797074700398493,-2.39276109196388,6.29063094919922));
#6484=CARTESIAN_POINT('Ctrl Pts',(0.471988873539969,-2.47747666410469,6.27324010551366));
#6485=CARTESIAN_POINT('Ctrl Pts',(-0.180066158362596,-2.5140091978577,6.24102545280994));
#6486=CARTESIAN_POINT('Ctrl Pts',(-0.500478630318288,-2.47026608721674,
6.22524007580445));
#6487=CARTESIAN_POINT('Ctrl Pts',(-1.11873001620343,-2.26030551688333,6.19118904678258));
#6488=CARTESIAN_POINT('Ctrl Pts',(-1.40909795786305,-2.09165251996431,6.17379578238755));
#6489=CARTESIAN_POINT('Ctrl Pts',(-1.8977497861938,-1.65866821709472,6.14154189890546));
#6490=CARTESIAN_POINT('Ctrl Pts',(-2.09447963686352,-1.40207491994,6.12580857300634));
#6491=CARTESIAN_POINT('Ctrl Pts',(-2.38567928618822,-0.817906614839766,
6.09177843912222));
#6492=CARTESIAN_POINT('Ctrl Pts',(-2.4731669453775,-0.493873038626457,6.07438296085126));
#6493=CARTESIAN_POINT('Ctrl Pts',(-2.49824750092653,-0.108143406827976,
6.05525667557035));
#6494=CARTESIAN_POINT('Ctrl Pts',(-2.5,-0.0540452839883422,6.05260953715179));
#6495=CARTESIAN_POINT('Ctrl Pts',(-2.5,-1.12068502318134E-13,6.05000000000005));
#6496=CARTESIAN_POINT('Ctrl Pts',(-2.5,5.73152636462737E-14,5.94999999999998));
#6497=CARTESIAN_POINT('Ctrl Pts',(-2.5,-0.298179772493239,5.96439739301555));
#6498=CARTESIAN_POINT('Ctrl Pts',(-2.44665546032053,-0.594237796966653,
5.97975922976796));
#6499=CARTESIAN_POINT('Ctrl Pts',(-2.22927156077439,-1.17672098129169,6.01223168382792));
#6500=CARTESIAN_POINT('Ctrl Pts',(-2.05874922064265,-1.45461591839293,6.02906008515184));
#6501=CARTESIAN_POINT('Ctrl Pts',(-1.61626241274314,-1.9357154330115,6.0611393607707));
#6502=CARTESIAN_POINT('Ctrl Pts',(-1.34637858893757,-2.13227662840742,6.07763662357826));
#6503=CARTESIAN_POINT('Ctrl Pts',(-0.752593896606005,-2.40582558594565,
6.11177806387615));
#6504=CARTESIAN_POINT('Ctrl Pts',(-0.435669428298572,-2.48286481598358,
6.12862131546962));
#6505=CARTESIAN_POINT('Ctrl Pts',(0.217133253611327,-2.51236224076087,6.16073136572957));
#6506=CARTESIAN_POINT('Ctrl Pts',(0.546849499318617,-2.46172786156031,6.17716967232558));
#6507=CARTESIAN_POINT('Ctrl Pts',(1.16082121971719,-2.23762443154141,6.21129691801196));
#6508=CARTESIAN_POINT('Ctrl Pts',(1.44011297871406,-2.06895484425425,6.22815570880629));
#6509=CARTESIAN_POINT('Ctrl Pts',(1.92400992075424,-1.63006161967705,6.26029818450312));
#6510=CARTESIAN_POINT('Ctrl Pts',(2.12217460346715,-1.36210300961514,6.27667534088627));
#6511=CARTESIAN_POINT('Ctrl Pts',(2.40010447994805,-0.77074421124931,6.31078726704076));
#6512=CARTESIAN_POINT('Ctrl Pts',(2.47957805122662,-0.454170290348217,6.327662279533));
#6513=CARTESIAN_POINT('Ctrl Pts',(2.51386076885753,0.198028141965215,6.3598388598986));
#6514=CARTESIAN_POINT('Ctrl Pts',(2.4658637393104,0.527502376078909,6.37615279302425));
#6515=CARTESIAN_POINT('Ctrl Pts',(2.24685446433906,1.142924735567,6.41024819866095));
#6516=CARTESIAN_POINT('Ctrl Pts',(2.0802752690079,1.42376816176508,6.42714010273618));
#6517=CARTESIAN_POINT('Ctrl Pts',(1.64541813362169,1.91078476622542,6.45935248727569));
#6518=CARTESIAN_POINT('Ctrl Pts',(1.37960946177991,2.11073581010847,6.47560127873422));
#6519=CARTESIAN_POINT('Ctrl Pts',(0.790983253457147,2.39354673622845,6.50967888476264));
#6520=CARTESIAN_POINT('Ctrl Pts',(0.474822996185372,2.47574066219497,6.52658833090174));
#6521=CARTESIAN_POINT('Ctrl Pts',(-0.176681140833409,2.51536549791786,6.55883823008686));
#6522=CARTESIAN_POINT('Ctrl Pts',(-0.505882691843584,2.47030124896568,6.57502015213327));
#6523=CARTESIAN_POINT('Ctrl Pts',(-1.12289268105683,2.25697274234705,6.6090785999472));
#6524=CARTESIAN_POINT('Ctrl Pts',(-1.40544739486391,2.09273956883787,6.6260062118611));
#6525=CARTESIAN_POINT('Ctrl Pts',(-1.89592029973239,1.6623896666476,6.6582953366831));
#6526=CARTESIAN_POINT('Ctrl Pts',(-2.09784856693065,1.39896656545641,6.6744088902262));
#6527=CARTESIAN_POINT('Ctrl Pts',(-2.38606172622151,0.813401392290909,6.70844674106621));
#6528=CARTESIAN_POINT('Ctrl Pts',(-2.47127619274806,0.497727632894642,6.72539310782114));
#6529=CARTESIAN_POINT('Ctrl Pts',(-2.49797009550457,0.116392708306602,6.74433946481121));
#6530=CARTESIAN_POINT('Ctrl Pts',(-2.5,0.0581657754750929,6.74719150791962));
#6531=CARTESIAN_POINT('Ctrl Pts',(-2.5,1.6833761274936E-13,6.74999999999997));
#6532=CARTESIAN_POINT('Origin',(0.,0.,14.25));
#6533=CARTESIAN_POINT('',(-2.5,-1.43029718152746E-17,7.65000000000005));
#6534=CARTESIAN_POINT('',(-2.5,8.40157255247867E-14,7.54999999999997));
#6535=CARTESIAN_POINT('',(-2.5,-3.06161699786838E-16,14.25));
#6536=CARTESIAN_POINT('Ctrl Pts',(-2.5,-4.02455846426619E-15,7.65000000000005));
#6537=CARTESIAN_POINT('Ctrl Pts',(-2.5,0.307342943277068,7.63516016996086));
#6538=CARTESIAN_POINT('Ctrl Pts',(-2.44332473316114,0.61222225333212,7.61930578931953));
#6539=CARTESIAN_POINT('Ctrl Pts',(-2.21255635614076,1.21081337972208,7.58578788546618));
#6540=CARTESIAN_POINT('Ctrl Pts',(-2.03124558845281,1.49517715942564,7.56843137224027));
#6541=CARTESIAN_POINT('Ctrl Pts',(-1.57650326049115,1.96665945453653,7.53657134665553));
#6542=CARTESIAN_POINT('Ctrl Pts',(-1.31109211437138,2.15272156645277,7.52025069595158));
#6543=CARTESIAN_POINT('Ctrl Pts',(-0.712802721282734,2.41936862270293,7.48602978748621));
#6544=CARTESIAN_POINT('Ctrl Pts',(-0.383721202199154,2.49283545075986,7.46867098959512));
#6545=CARTESIAN_POINT('Ctrl Pts',(0.271084527195082,2.50591209432297,7.4367926392714));
#6546=CARTESIAN_POINT('Ctrl Pts',(0.590382890939797,2.45042627531677,7.42050231786027));
#6547=CARTESIAN_POINT('Ctrl Pts',(1.2023323194979,2.21715668680372,7.38628939389178));
#6548=CARTESIAN_POINT('Ctrl Pts',(1.48727717286967,2.03701527709831,7.3689282111069));
#6549=CARTESIAN_POINT('Ctrl Pts',(1.96037902958922,1.58428700588464,7.33703026730511));
#6550=CARTESIAN_POINT('Ctrl Pts',(2.14743899968249,1.3197020313759,7.32077207085506));
#6551=CARTESIAN_POINT('Ctrl Pts',(2.41640587070179,0.722717611324372,7.28656777576641));
#6552=CARTESIAN_POINT('Ctrl Pts',(2.4911990448875,0.394084719381296,7.26920411258727));
#6553=CARTESIAN_POINT('Ctrl Pts',(2.50703028686641,-0.260419233267791,7.23728524136546));
#6554=CARTESIAN_POINT('Ctrl Pts',(2.45292676479903,-0.579847812969216,7.22106100621227));
#6555=CARTESIAN_POINT('Ctrl Pts',(2.2224038767251,-1.19256319422506,7.18686603278474));
#6556=CARTESIAN_POINT('Ctrl Pts',(2.04360851145413,-1.47817017721702,7.16949980044237));
#6557=CARTESIAN_POINT('Ctrl Pts',(1.59319742291407,-1.95312765674747,7.13755860289892));
#6558=CARTESIAN_POINT('Ctrl Pts',(1.32956037417434,-2.14133291733024,7.12137019539985));
#6559=CARTESIAN_POINT('Ctrl Pts',(0.73407798543341,-2.41295664409238,7.08718528768355));
#6560=CARTESIAN_POINT('Ctrl Pts',(0.40596611662451,-2.48926858259029,7.06981640644052));
#6561=CARTESIAN_POINT('Ctrl Pts',(-0.248184985102438,-2.50825746159965,
7.03785141962773));
#6562=CARTESIAN_POINT('Ctrl Pts',(-0.56776300542285,-2.45573731398282,7.02170072332149));
#6563=CARTESIAN_POINT('Ctrl Pts',(-1.18134783768492,-2.22835994726455,6.98752667951286));
#6564=CARTESIAN_POINT('Ctrl Pts',(-1.46770554816274,-2.05110870384866,6.97015508127803));
#6565=CARTESIAN_POINT('Ctrl Pts',(-1.94478044126789,-1.60335431130664,6.93816477988315));
#6566=CARTESIAN_POINT('Ctrl Pts',(-2.13429524901637,-1.34080071170639,6.92205368027244));
#6567=CARTESIAN_POINT('Ctrl Pts',(-2.40894929723412,-0.747041232511572,
6.8878913555589));
#6568=CARTESIAN_POINT('Ctrl Pts',(-2.48699305026997,-0.419533055231623,
6.87051698683064));
#6569=CARTESIAN_POINT('Ctrl Pts',(-2.499503389416,-0.0575577121719082,6.85278906439853));
#6570=CARTESIAN_POINT('Ctrl Pts',(-2.5,-0.0287695887257197,6.85138911862575));
#6571=CARTESIAN_POINT('Ctrl Pts',(-2.5,-5.60022254561084E-14,6.85000000000005));
#6572=CARTESIAN_POINT('Ctrl Pts',(-2.5,1.6757428777936E-13,6.74999999999997));
#6573=CARTESIAN_POINT('Ctrl Pts',(-2.5,-0.269294555027377,6.76300269134038));
#6574=CARTESIAN_POINT('Ctrl Pts',(-2.45649217187897,-0.53719465991528,6.77680820923469));
#6575=CARTESIAN_POINT('Ctrl Pts',(-2.26796656344591,-1.10061055916248,6.80778284750774));
#6576=CARTESIAN_POINT('Ctrl Pts',(-2.10635052888893,-1.38503748904542,6.82474851523118));
#6577=CARTESIAN_POINT('Ctrl Pts',(-1.68100188106811,-1.87931189242599,6.8571211675511));
#6578=CARTESIAN_POINT('Ctrl Pts',(-1.4202070297433,-2.08341303944737,6.87309459933725));
#6579=CARTESIAN_POINT('Ctrl Pts',(-0.838049401018491,-2.3775613239893,6.90708662188222));
#6580=CARTESIAN_POINT('Ctrl Pts',(-0.522945224203437,-2.4661057110734,6.92407208516844));
#6581=CARTESIAN_POINT('Ctrl Pts',(0.126859765905154,-2.51818235863534,6.95648897852004));
#6582=CARTESIAN_POINT('Ctrl Pts',(0.45541709653634,-2.4799084411603,6.97239131379667));
#6583=CARTESIAN_POINT('Ctrl Pts',(1.07599936025317,-2.27979471424609,7.00635795068762));
#6584=CARTESIAN_POINT('Ctrl Pts',(1.36245642813391,-2.12107859477277,7.02336364384339));
#6585=CARTESIAN_POINT('Ctrl Pts',(1.86087856810006,-1.70123998708929,7.05582636579893));
#6586=CARTESIAN_POINT('Ctrl Pts',(2.067348989198,-1.44331808282336,7.07165741797653));
#6587=CARTESIAN_POINT('Ctrl Pts',(2.36796509715832,-0.864927157804508,7.10559692444642));
#6588=CARTESIAN_POINT('Ctrl Pts',(2.46015143267618,-0.550486011512481,7.12262321275571));
#6589=CARTESIAN_POINT('Ctrl Pts',(2.51935940208011,0.0982948726660545,7.15513328433563));
#6590=CARTESIAN_POINT('Ctrl Pts',(2.48494658932363,0.426478912265032,7.17089329169464));
#6591=CARTESIAN_POINT('Ctrl Pts',(2.29238373291506,1.04902756329364,7.20480385675382));
#6592=CARTESIAN_POINT('Ctrl Pts',(2.1368566680644,1.33766461930147,7.22185102795518));
#6593=CARTESIAN_POINT('Ctrl Pts',(1.72304106692123,1.84057265957949,7.25440988820736));
#6594=CARTESIAN_POINT('Ctrl Pts',(1.46823267224616,2.0496046251386,7.27009954790165));
#6595=CARTESIAN_POINT('Ctrl Pts',(0.893972979941601,2.35720677268698,7.30397930160233));
#6596=CARTESIAN_POINT('Ctrl Pts',(0.580298191646556,2.45334165454952,7.32104755780111));
#6597=CARTESIAN_POINT('Ctrl Pts',(-0.0673312700405045,2.52027534524397,
7.35365654821095));
#6598=CARTESIAN_POINT('Ctrl Pts',(-0.395108284075037,2.49002348578083,7.36927704584478));
#6599=CARTESIAN_POINT('Ctrl Pts',(-1.01972308875651,2.30562589505126,7.40312406831379));
#6600=CARTESIAN_POINT('Ctrl Pts',(-1.31067630378701,2.15357658020786,7.42021351856551));
#6601=CARTESIAN_POINT('Ctrl Pts',(-1.81838989056774,1.7462881563311,7.45287386758319));
#6602=CARTESIAN_POINT('Ctrl Pts',(-2.03016602623044,1.49482259061546,7.46842690109249));
#6603=CARTESIAN_POINT('Ctrl Pts',(-2.34524173244169,0.925054890713715,7.50223923338681));
#6604=CARTESIAN_POINT('Ctrl Pts',(-2.4456169240719,0.612258412931317,7.51934988719791));
#6605=CARTESIAN_POINT('Ctrl Pts',(-2.49442523244922,0.192891943528029,7.54057485772621));
#6606=CARTESIAN_POINT('Ctrl Pts',(-2.5,0.0963942091853976,7.54534567585699));
#6607=CARTESIAN_POINT('Ctrl Pts',(-2.5,1.6833761274936E-13,7.54999999999997));
#6608=CARTESIAN_POINT('Origin',(0.,0.,14.25));
#6609=CARTESIAN_POINT('',(-2.5,4.0708388486096E-8,8.44999999606889));
#6610=CARTESIAN_POINT('',(-2.5,2.25818478171434E-15,8.34999999999998));
#6611=CARTESIAN_POINT('',(-2.5,-3.06161699786838E-16,14.25));
#6612=CARTESIAN_POINT('Ctrl Pts',(-2.5,4.08035022436692E-8,8.44999999802988));
#6613=CARTESIAN_POINT('Ctrl Pts',(-2.49999999483675,0.316348768033754,8.43472533017224));
#6614=CARTESIAN_POINT('Ctrl Pts',(-2.4399534504245,0.629944636941214,8.41838265128738));
#6615=CARTESIAN_POINT('Ctrl Pts',(-2.1993984176092,1.23465387429687,8.38437360578876));
#6616=CARTESIAN_POINT('Ctrl Pts',(-2.01479657291714,1.51735279234849,8.36703165765435));
#6617=CARTESIAN_POINT('Ctrl Pts',(-1.55438018375347,1.9842388266687,8.33528007794832));
#6618=CARTESIAN_POINT('Ctrl Pts',(-1.28663007331596,2.16747744684471,8.31877444651809));
#6619=CARTESIAN_POINT('Ctrl Pts',(-0.684667399001228,2.42753587566567,8.28450794889422));
#6620=CARTESIAN_POINT('Ctrl Pts',(-0.354343617271105,2.49723474729215,8.26716452838515));
#6621=CARTESIAN_POINT('Ctrl Pts',(0.301287377095266,2.50250039248064,8.23540255071116));
#6622=CARTESIAN_POINT('Ctrl Pts',(0.620217133967593,2.44308936102818,8.21891505489161));
#6623=CARTESIAN_POINT('Ctrl Pts',(1.22995634916321,2.20201764311084,8.18465280687655));
#6624=CARTESIAN_POINT('Ctrl Pts',(1.51298700848571,2.01806473932069,8.16730781967468));
#6625=CARTESIAN_POINT('Ctrl Pts',(1.98078384259641,1.55876786731339,8.13553465300764));
#6626=CARTESIAN_POINT('Ctrl Pts',(2.16458101387506,1.29148059787706,8.11906657922111));
#6627=CARTESIAN_POINT('Ctrl Pts',(2.42594566730892,0.690242289688124,8.08480893259548));
#6628=CARTESIAN_POINT('Ctrl Pts',(2.49639163733247,0.360161051000799,8.06746228113253));
#6629=CARTESIAN_POINT('Ctrl Pts',(2.50320438645814,-0.295310052212542,8.0356770816076));
#6630=CARTESIAN_POINT('Ctrl Pts',(2.44457148955543,-0.614312753452928,8.0192297861725));
#6631=CARTESIAN_POINT('Ctrl Pts',(2.20504670614464,-1.22449426138281,7.98497712106522));
#6632=CARTESIAN_POINT('Ctrl Pts',(2.02184807414248,-1.50790836560746,7.96762870494144));
#6633=CARTESIAN_POINT('Ctrl Pts',(1.56385199027355,-1.97676104036505,7.93583057354097));
#6634=CARTESIAN_POINT('Ctrl Pts',(1.29710166456012,-2.16120629067766,7.9194054827935));
#6635=CARTESIAN_POINT('Ctrl Pts',(0.696705257913982,-2.42408479268261,7.8851582097989));
#6636=CARTESIAN_POINT('Ctrl Pts',(0.366907425990837,-2.49539656764327,7.86780792632629));
#6637=CARTESIAN_POINT('Ctrl Pts',(-0.288376075140728,-2.50400323448521,
7.83599590667684));
#6638=CARTESIAN_POINT('Ctrl Pts',(-0.607463394558425,-2.44627218241646,
7.81959451633247));
#6639=CARTESIAN_POINT('Ctrl Pts',(-1.2181549501008,-2.2085401390427,7.78535307874867));
#6640=CARTESIAN_POINT('Ctrl Pts',(-1.50201100773579,-2.02621652759707,7.76800082363767));
#6641=CARTESIAN_POINT('Ctrl Pts',(-1.97208481137451,-1.56972889593048,7.73617389996313));
#6642=CARTESIAN_POINT('Ctrl Pts',(-2.15728038897105,-1.30360011093352,7.71979777357503));
#6643=CARTESIAN_POINT('Ctrl Pts',(-2.42190921923015,-0.704180331776575,
7.68556264976195));
#6644=CARTESIAN_POINT('Ctrl Pts',(-2.49422197533414,-0.374713276417148,
7.66820831797179));
#6645=CARTESIAN_POINT('Ctrl Pts',(-2.49988930008413,-0.0271707633381632,
7.65131413450527));
#6646=CARTESIAN_POINT('Ctrl Pts',(-2.5,-0.0135830814004026,7.65065584918676));
#6647=CARTESIAN_POINT('Ctrl Pts',(-2.5,2.77555756156289E-16,7.65000000000005));
#6648=CARTESIAN_POINT('Ctrl Pts',(-2.5,1.70141678523805E-13,7.54999999999997));
#6649=CARTESIAN_POINT('Ctrl Pts',(-2.5,-0.227621991622538,7.56099056198536));
#6650=CARTESIAN_POINT('Ctrl Pts',(-2.46891710382987,-0.454606447655403,
7.57257199895283));
#6651=CARTESIAN_POINT('Ctrl Pts',(-2.31937964622245,-0.988183942043554,
7.60132614857556));
#6652=CARTESIAN_POINT('Ctrl Pts',(-2.17108811218449,-1.28156998568146,7.61845791056755));
#6653=CARTESIAN_POINT('Ctrl Pts',(-1.77080721060776,-1.79437894665886,7.65122413556904));
#6654=CARTESIAN_POINT('Ctrl Pts',(-1.52289479472325,-2.00906629329483,7.66664946051611));
#6655=CARTESIAN_POINT('Ctrl Pts',(-0.957965284972772,-2.33205501104328,
7.70038644455557));
#6656=CARTESIAN_POINT('Ctrl Pts',(-0.646165530443109,-2.43693711355668,
7.71753911052843));
#6657=CARTESIAN_POINT('Ctrl Pts',(-0.00124044980501392,-2.5209724624504,
7.75035955503413));
#6658=CARTESIAN_POINT('Ctrl Pts',(0.325629669628383,-2.49985399662762,7.76572571136198));
#6659=CARTESIAN_POINT('Ctrl Pts',(0.95458602295987,-2.33347304264674,7.79942202960867));
#6660=CARTESIAN_POINT('Ctrl Pts',(1.2504964607492,-2.18920130437176,7.81659528421735));
#6661=CARTESIAN_POINT('Ctrl Pts',(1.76864931907381,-1.79636799846948,7.84947058349439));
#6662=CARTESIAN_POINT('Ctrl Pts',(1.98639330145578,-1.55219210018942,7.86478140163538));
#6663=CARTESIAN_POINT('Ctrl Pts',(2.31766896400825,-0.992420412903121,7.89843508287201));
#6664=CARTESIAN_POINT('Ctrl Pts',(2.42728877118157,-0.681739114570467,7.91562849909568));
#6665=CARTESIAN_POINT('Ctrl Pts',(2.52058471698341,-0.0383682522861096,
7.94855911123897));
#6666=CARTESIAN_POINT('Ctrl Pts',(2.50437012016534,0.288009536187362,7.96381892816379));
#6667=CARTESIAN_POINT('Ctrl Pts',(2.3477104268209,0.919186501860088,7.99742804184637));
#6668=CARTESIAN_POINT('Ctrl Pts',(2.2076924861275,1.21768291388701,8.01464108238494));
#6669=CARTESIAN_POINT('Ctrl Pts',(1.82268965329952,1.74137604956846,8.04762728045517));
#6670=CARTESIAN_POINT('Ctrl Pts',(1.58239909111856,1.96229474762742,8.06284090801521));
#6671=CARTESIAN_POINT('Ctrl Pts',(1.02806576757025,2.30214952113476,8.09640358404107));
#6672=CARTESIAN_POINT('Ctrl Pts',(0.718623913079682,2.41669183304344,8.11363560471679));
#6673=CARTESIAN_POINT('Ctrl Pts',(0.0769355434160719,2.51961239281264,8.14667747120935));
#6674=CARTESIAN_POINT('Ctrl Pts',(-0.248931172262528,2.50846532094297,8.16185015382458));
#6675=CARTESIAN_POINT('Ctrl Pts',(-0.882321372885964,2.36188208276378,8.19536460284055));
#6676=CARTESIAN_POINT('Ctrl Pts',(-1.18343170009026,2.22631395957116,8.21261485801855));
#6677=CARTESIAN_POINT('Ctrl Pts',(-1.71280006907872,1.8494510632465,8.24571228186311));
#6678=CARTESIAN_POINT('Ctrl Pts',(-1.93697921540668,1.61315348074759,8.2608496440799));
#6679=CARTESIAN_POINT('Ctrl Pts',(-2.2856098322907,1.06448782214846,8.29431417790154));
#6680=CARTESIAN_POINT('Ctrl Pts',(-2.40520459786981,0.756400855614272,8.31158182787306));
#6681=CARTESIAN_POINT('Ctrl Pts',(-2.48735523768132,0.290403467912308,8.3357251849377));
#6682=CARTESIAN_POINT('Ctrl Pts',(-2.5,0.14517888315373,8.34299014342638));
#6683=CARTESIAN_POINT('Ctrl Pts',(-2.5,-9.67975699595058E-15,8.34999999999998));
#6684=CARTESIAN_POINT('Origin',(0.,0.,14.25));
#6685=CARTESIAN_POINT('',(-2.5,1.69648551725552E-10,9.24999999998366));
#6686=CARTESIAN_POINT('',(-2.5,-3.06148250880462E-14,9.14999999999998));
#6687=CARTESIAN_POINT('',(-2.5,-3.06161699786838E-16,14.25));
#6688=CARTESIAN_POINT('Ctrl Pts',(-2.5,3.39309136343502E-10,9.24999999998366));
#6689=CARTESIAN_POINT('Ctrl Pts',(-2.4999999999564,0.321282029387182,9.23448713134531));
#6690=CARTESIAN_POINT('Ctrl Pts',(-2.43806539081387,0.639644655319606,9.21787653177664));
#6691=CARTESIAN_POINT('Ctrl Pts',(-2.19208748278697,1.24764292122942,9.18360022042694));
#6692=CARTESIAN_POINT('Ctrl Pts',(-2.00569005502003,1.52941500588098,9.16626711210632));
#6693=CARTESIAN_POINT('Ctrl Pts',(-1.54217412073073,1.99376921902003,9.13457578863844));
#6694=CARTESIAN_POINT('Ctrl Pts',(-1.27313904750358,2.17545756235653,9.11796343985808));
#6695=CARTESIAN_POINT('Ctrl Pts',(-0.669171937102487,2.43188331298476,9.08367281306237));
#6696=CARTESIAN_POINT('Ctrl Pts',(-0.338183322735242,2.49950433304409,9.06633884862526));
#6697=CARTESIAN_POINT('Ctrl Pts',(0.317882730453876,2.50047117941411,9.03464184042942));
#6698=CARTESIAN_POINT('Ctrl Pts',(0.636609933836032,2.4388961627617,9.01803967653088));
#6699=CARTESIAN_POINT('Ctrl Pts',(1.2451083633781,2.19352200660034,8.98375129018199));
#6700=CARTESIAN_POINT('Ctrl Pts',(1.5270624065111,2.0074750915465,8.96641640638297));
#6701=CARTESIAN_POINT('Ctrl Pts',(1.99191220921228,1.5445644398763,8.93471325938661));
#6702=CARTESIAN_POINT('Ctrl Pts',(2.17390374100202,1.27578070441789,8.91812206676417));
#6703=CARTESIAN_POINT('Ctrl Pts',(2.43104076338908,0.672204894372197,8.88383610818578));
#6704=CARTESIAN_POINT('Ctrl Pts',(2.49906863418553,0.341345332242027,8.86650023792714));
#6705=CARTESIAN_POINT('Ctrl Pts',(2.50087674113367,-0.314636646567451,8.8347904639899));
#6706=CARTESIAN_POINT('Ctrl Pts',(2.43972542807079,-0.633403475736402,8.81821108332969));
#6707=CARTESIAN_POINT('Ctrl Pts',(2.1951937201041,-1.24214609662893,8.7839277553433));
#6708=CARTESIAN_POINT('Ctrl Pts',(2.00955638095747,-1.52431212338065,8.76659082758787));
#6709=CARTESIAN_POINT('Ctrl Pts',(1.54735286459886,-1.98974018845924,8.73487390232027));
#6710=CARTESIAN_POINT('Ctrl Pts',(1.27886250824141,-2.1720856499392,8.71830723123718));
#6711=CARTESIAN_POINT('Ctrl Pts',(0.67574392378858,-2.43005247501865,8.68402675340949));
#6712=CARTESIAN_POINT('Ctrl Pts',(0.345035609216655,-2.49855499115899,8.6666886931221));
#6713=CARTESIAN_POINT('Ctrl Pts',(-0.310847602794517,-2.50134482002393,
8.63496405362941));
#6714=CARTESIAN_POINT('Ctrl Pts',(-0.629660681467963,-2.44068781830156,
8.618411049228));
#6715=CARTESIAN_POINT('Ctrl Pts',(-1.23868741846812,-2.19713892576878,8.58413365921107));
#6716=CARTESIAN_POINT('Ctrl Pts',(-1.52110002684439,-2.0119796813477,8.56679438733611));
#6717=CARTESIAN_POINT('Ctrl Pts',(-1.98720195667729,-1.55060140984726,8.53506142989709));
#6718=CARTESIAN_POINT('Ctrl Pts',(-2.1699600876465,-1.2824530921117,8.51852311120857));
#6719=CARTESIAN_POINT('Ctrl Pts',(-2.42889374080412,-0.679868208551155,
8.48424906617797));
#6720=CARTESIAN_POINT('Ctrl Pts',(-2.49794927081885,-0.349337054120075,
8.46690849966139));
#6721=CARTESIAN_POINT('Ctrl Pts',(-2.4999850088315,-0.00999772884844107,
8.45048303287479));
#6722=CARTESIAN_POINT('Ctrl Pts',(-2.50000000008158,-0.00499851475908993,
8.45024134964087));
#6723=CARTESIAN_POINT('Ctrl Pts',(-2.5,4.0803499495752E-8,8.44999999802988));
#6724=CARTESIAN_POINT('Ctrl Pts',(-2.5,2.67147415300428E-15,8.34999999999998));
#6725=CARTESIAN_POINT('Ctrl Pts',(-2.5,-0.175768364993885,8.35848684741207));
#6726=CARTESIAN_POINT('Ctrl Pts',(-2.48146572215509,-0.351433675189192,
8.36733940445518));
#6727=CARTESIAN_POINT('Ctrl Pts',(-2.37577606810123,-0.844396341206902,
8.39325554061713));
#6728=CARTESIAN_POINT('Ctrl Pts',(-2.24480666971495,-1.14811289017205,8.41053966081743));
#6729=CARTESIAN_POINT('Ctrl Pts',(-1.87630556749663,-1.68322317365121,8.44374709293661));
#6730=CARTESIAN_POINT('Ctrl Pts',(-1.64406236773214,-1.91071228403668,8.45883189236936));
#6731=CARTESIAN_POINT('Ctrl Pts',(-1.10123168408844,-2.26821023711527,8.49219203540143));
#6732=CARTESIAN_POINT('Ctrl Pts',(-0.794604315212682,-2.39292587774288,
8.50949162726468));
#6733=CARTESIAN_POINT('Ctrl Pts',(-0.156616322982032,-2.5157618695754,8.54275313237082));
#6734=CARTESIAN_POINT('Ctrl Pts',(0.168199515726292,-2.51501397683839,8.55782111150421));
#6735=CARTESIAN_POINT('Ctrl Pts',(0.805871060027365,-2.38919093557129,8.59112707814137));
#6736=CARTESIAN_POINT('Ctrl Pts',(1.11215042701777,-2.26291461767676,8.60844108053253));
#6737=CARTESIAN_POINT('Ctrl Pts',(1.65299777731027,-1.90289838109344,8.64175582542919));
#6738=CARTESIAN_POINT('Ctrl Pts',(1.88380699044284,-1.67472245731228,8.65681338641574));
#6739=CARTESIAN_POINT('Ctrl Pts',(2.25015391385491,-1.13782323680812,8.69006411247935));
#6740=CARTESIAN_POINT('Ctrl Pts',(2.37999349512538,-0.832744399002231,8.70739141346124));
#6741=CARTESIAN_POINT('Ctrl Pts',(2.51288091993471,-0.196735637127744,8.74075838153154));
#6742=CARTESIAN_POINT('Ctrl Pts',(2.51734108532721,0.127552741070809,8.75581196944164));
#6743=CARTESIAN_POINT('Ctrl Pts',(2.40194777664332,0.767237775648902,8.78900656133783));
#6744=CARTESIAN_POINT('Ctrl Pts',(2.28039938277116,1.07600268018887,8.80634601761778));
#6745=CARTESIAN_POINT('Ctrl Pts',(1.92888584895918,1.62251058115603,8.83976402402319));
#6746=CARTESIAN_POINT('Ctrl Pts',(1.70474078472579,1.85660998284579,8.85482003320057));
#6747=CARTESIAN_POINT('Ctrl Pts',(1.17379372552631,2.23167805860797,8.88795778654024));
#6748=CARTESIAN_POINT('Ctrl Pts',(0.870331918438493,2.36657885609821,8.90530823469672));
#6749=CARTESIAN_POINT('Ctrl Pts',(0.236356874579775,2.50941363360734,8.9387759532287));
#6750=CARTESIAN_POINT('Ctrl Pts',(-0.0874136370944192,2.51900393517118,
8.95384062506074));
#6751=CARTESIAN_POINT('Ctrl Pts',(-0.728996117105787,2.41390010319612,8.98692104419273));
#6752=CARTESIAN_POINT('Ctrl Pts',(-1.0401393855046,2.29705286343944,9.00428131495605));
#6753=CARTESIAN_POINT('Ctrl Pts',(-1.59216185442257,1.95395406128417,9.03779729362309));
#6754=CARTESIAN_POINT('Ctrl Pts',(-1.82948447299589,1.73375399756395,9.05287664116514));
#6755=CARTESIAN_POINT('Ctrl Pts',(-2.21304146662366,1.20870385808954,9.0858994443906));
#6756=CARTESIAN_POINT('Ctrl Pts',(-2.35287789593175,0.906903641436876,9.10326837650016));
#6757=CARTESIAN_POINT('Ctrl Pts',(-2.47666557009501,0.394157044712194,9.1305017257409));
#6758=CARTESIAN_POINT('Ctrl Pts',(-2.5,0.197221177796901,9.14047731915549));
#6759=CARTESIAN_POINT('Ctrl Pts',(-2.5,-5.98826543907194E-14,9.14999999999998));
#6760=CARTESIAN_POINT('Origin',(0.,0.,14.25));
#6761=CARTESIAN_POINT('',(-2.5,-2.09576765113162E-8,10.0500000020239));
#6762=CARTESIAN_POINT('',(-2.5,-8.41857781091296E-14,9.94999999999999));
#6763=CARTESIAN_POINT('',(-2.5,-3.06161699786838E-16,14.25));
#6764=CARTESIAN_POINT('Ctrl Pts',(-2.5,-2.1006538176273E-8,10.0500000010143));
#6765=CARTESIAN_POINT('Ctrl Pts',(-2.50000000002984,0.00355091521537026,
10.0498285466472));
#6766=CARTESIAN_POINT('Ctrl Pts',(-2.49999243457191,0.00710220128090955,
10.0496569240782));
#6767=CARTESIAN_POINT('Ctrl Pts',(-2.49860574987621,0.332495570930022,10.033917808662));
#6768=CARTESIAN_POINT('Ctrl Pts',(-2.43509796274173,0.651032329098395,10.0172673376856));
#6769=CARTESIAN_POINT('Ctrl Pts',(-2.18614281921883,1.25796962638751,9.98298270972266));
#6770=CARTESIAN_POINT('Ctrl Pts',(-1.99859591868786,1.53858297999049,9.96572908785202));
#6771=CARTESIAN_POINT('Ctrl Pts',(-1.53315556004903,2.00075061169229,9.93401228669195));
#6772=CARTESIAN_POINT('Ctrl Pts',(-1.26316412347955,2.18127174603854,9.91736552424722));
#6773=CARTESIAN_POINT('Ctrl Pts',(-0.658108334196453,2.43488133519025,9.88307865461459));
#6774=CARTESIAN_POINT('Ctrl Pts',(-0.327048192816042,2.50094130566509,9.86581010976605));
#6775=CARTESIAN_POINT('Ctrl Pts',(0.32891636586753,2.49907364163465,9.83409998580525));
#6776=CARTESIAN_POINT('Ctrl Pts',(0.647498733435023,2.43603394085481,9.81745667433936));
#6777=CARTESIAN_POINT('Ctrl Pts',(1.25488097827632,2.18793737261459,9.78316773391375));
#6778=CARTESIAN_POINT('Ctrl Pts',(1.53586647865789,2.00070579847298,9.7658852918865));
#6779=CARTESIAN_POINT('Ctrl Pts',(1.99870645725364,1.53581073159126,9.73418137280366));
#6780=CARTESIAN_POINT('Ctrl Pts',(2.17956457492575,1.26609683052551,9.71754127129196));
#6781=CARTESIAN_POINT('Ctrl Pts',(2.43402977919892,0.661312939600028,9.68325041777096));
#6782=CARTESIAN_POINT('Ctrl Pts',(2.50054112318981,0.330215559229067,9.66595504009556));
#6783=CARTESIAN_POINT('Ctrl Pts',(2.49947264717645,-0.325832147764482,9.63425688513954));
#6784=CARTESIAN_POINT('Ctrl Pts',(2.43683622741999,-0.644453266555004,9.61761976821957));
#6785=CARTESIAN_POINT('Ctrl Pts',(2.18947980808284,-1.25221831970454,9.58332714715183));
#6786=CARTESIAN_POINT('Ctrl Pts',(2.00252011205021,-1.53352450274677,9.56601973421361));
#6787=CARTESIAN_POINT('Ctrl Pts',(1.53809504944889,-1.99694331085212,9.53432693235474));
#6788=CARTESIAN_POINT('Ctrl Pts',(1.26862047772404,-2.17809128899022,9.51769258947653));
#6789=CARTESIAN_POINT('Ctrl Pts',(0.664071327172361,-2.43329324388392,9.483398335211));
#6790=CARTESIAN_POINT('Ctrl Pts',(0.332941969882217,-2.50019344885602,9.46607972936039));
#6791=CARTESIAN_POINT('Ctrl Pts',(-0.323176950646916,-2.49981305290224,
9.4343918975119));
#6792=CARTESIAN_POINT('Ctrl Pts',(-0.641831022266334,-2.43752376417468,
9.41776013210917));
#6793=CARTESIAN_POINT('Ctrl Pts',(-1.24992518581708,-2.19080476903739,9.38346436866955));
#6794=CARTESIAN_POINT('Ctrl Pts',(-1.53150744573523,-2.00407925205943,9.36613535729295));
#6795=CARTESIAN_POINT('Ctrl Pts',(-1.99542417173793,-1.54005890779075,9.33445213860589));
#6796=CARTESIAN_POINT('Ctrl Pts',(-2.17682130554451,-1.27079050419333,9.31782276729209));
#6797=CARTESIAN_POINT('Ctrl Pts',(-2.43260135743317,-0.666575521162444,
9.28353308612188));
#6798=CARTESIAN_POINT('Ctrl Pts',(-2.49987402827939,-0.335476844991385,
9.26620077441504));
#6799=CARTESIAN_POINT('Ctrl Pts',(-2.49999994108623,-0.000626709428488172,
9.25003026138613));
#6800=CARTESIAN_POINT('Ctrl Pts',(-2.50000000000004,-0.000313353212789841,
9.25001513003157));
#6801=CARTESIAN_POINT('Ctrl Pts',(-2.5,3.39296689053977E-10,9.24999999998367));
#6802=CARTESIAN_POINT('Ctrl Pts',(-2.5,-5.17641485231479E-14,9.14999999999998));
#6803=CARTESIAN_POINT('Ctrl Pts',(-2.5,-0.122065553835073,9.15589384631133));
#6804=CARTESIAN_POINT('Ctrl Pts',(-2.49106078542886,-0.244223021177247,
9.1619709148908));
#6805=CARTESIAN_POINT('Ctrl Pts',(-2.42494027860329,-0.691627303385838,
9.18489591474675));
#6806=CARTESIAN_POINT('Ctrl Pts',(-2.31270708366236,-1.00501692292255,9.20227236804142));
#6807=CARTESIAN_POINT('Ctrl Pts',(-1.97783253359069,-1.56234609517608,9.23588009197007));
#6808=CARTESIAN_POINT('Ctrl Pts',(-1.76144746885993,-1.80278935523612,9.25100557973012));
#6809=CARTESIAN_POINT('Ctrl Pts',(-1.24216491273738,-2.19450981006908,9.28391316862068));
#6810=CARTESIAN_POINT('Ctrl Pts',(-0.942044917836379,-2.33909942007694,
9.30129603606142));
#6811=CARTESIAN_POINT('Ctrl Pts',(-0.312188609023734,-2.50104394047984,
9.33494707933112));
#6812=CARTESIAN_POINT('Ctrl Pts',(0.0106011868469224,-2.52043037173653,
9.35010326314653));
#6813=CARTESIAN_POINT('Ctrl Pts',(0.655569999825061,-2.43500204869973,9.38295367871926));
#6814=CARTESIAN_POINT('Ctrl Pts',(0.971055196326139,-2.3272397699506,9.40034189709666));
#6815=CARTESIAN_POINT('Ctrl Pts',(1.53343066416904,-2.00030528869195,9.43403447635408));
#6816=CARTESIAN_POINT('Ctrl Pts',(1.77686068523753,-1.78756683458796,9.44922585179055));
#6817=CARTESIAN_POINT('Ctrl Pts',(2.17634034989076,-1.27385479571173,9.48201965651181));
#6818=CARTESIAN_POINT('Ctrl Pts',(2.3254523256131,-0.975407304349969,9.4994122156523));
#6819=CARTESIAN_POINT('Ctrl Pts',(2.49635344294031,-0.347578211477779,9.53314450821613));
#6820=CARTESIAN_POINT('Ctrl Pts',(2.52030774241704,-0.0252412835325062,
9.54837508817098));
#6821=CARTESIAN_POINT('Ctrl Pts',(2.44405920840534,0.621200673862071,9.58111303766779));
#6822=CARTESIAN_POINT('Ctrl Pts',(2.34057565524535,0.938618310916105,9.59850898801724));
#6823=CARTESIAN_POINT('Ctrl Pts',(2.02121621067305,1.50573821684905,9.63227914827659));
#6824=CARTESIAN_POINT('Ctrl Pts',(1.81192466618671,1.75199523905002,9.64755244271892));
#6825=CARTESIAN_POINT('Ctrl Pts',(1.30352771960059,2.15876797452421,9.68023547349876));
#6826=CARTESIAN_POINT('Ctrl Pts',(1.00671984310507,2.31213330006352,9.69763393202664));
#6827=CARTESIAN_POINT('Ctrl Pts',(0.380860295611778,2.49148343252741,9.7314401068299));
#6828=CARTESIAN_POINT('Ctrl Pts',(0.0589465218673977,2.51973485918992,9.74675911296533));
#6829=CARTESIAN_POINT('Ctrl Pts',(-0.588820119234396,2.45212110868555,9.77938832817943));
#6830=CARTESIAN_POINT('Ctrl Pts',(-0.908000880897115,2.35268391093029,9.79678848260764));
#6831=CARTESIAN_POINT('Ctrl Pts',(-1.47953381198248,2.04046932319608,9.8306288254337));
#6832=CARTESIAN_POINT('Ctrl Pts',(-1.7284383090855,1.83440147706803,9.84599602768629));
#6833=CARTESIAN_POINT('Ctrl Pts',(-2.14199406529845,1.33101729196721,9.87857268134564));
#6834=CARTESIAN_POINT('Ctrl Pts',(-2.29931644020947,1.03579353590077,9.89597379276047));
#6835=CARTESIAN_POINT('Ctrl Pts',(-2.46458349168801,0.48503136605416,9.92587228379176));
#6836=CARTESIAN_POINT('Ctrl Pts',(-2.50000000000002,0.242970665120231,9.93826833850014));
#6837=CARTESIAN_POINT('Ctrl Pts',(-2.5,-1.69933511706688E-13,9.94999999999999));
#6838=CARTESIAN_POINT('Origin',(0.,0.,14.25));
#6839=CARTESIAN_POINT('Ctrl Pts',(-2.5,-1.68065394518472E-13,9.94999999999999));
#6840=CARTESIAN_POINT('Ctrl Pts',(-2.5,-0.0761809701485591,9.95367834262653));
#6841=CARTESIAN_POINT('Ctrl Pts',(-2.49651801496702,-0.152444671813008,
9.95743031958481));
#6842=CARTESIAN_POINT('Ctrl Pts',(-2.45922605935583,-0.558646863986699,
9.97778933552526));
#6843=CARTESIAN_POINT('Ctrl Pts',(-2.36357263409135,-0.879420794012232,
9.99519073947702));
#6844=CARTESIAN_POINT('Ctrl Pts',(-2.05802475918273,-1.45501757009393,10.0290939678407));
#6845=CARTESIAN_POINT('Ctrl Pts',(-1.85494183738109,-1.7063765910102,10.0445630169959));
#6846=CARTESIAN_POINT('Ctrl Pts',(-1.35623367979839,-2.12617913131724,10.0770388277561));
#6847=CARTESIAN_POINT('Ctrl Pts',(-1.0625195404548,-2.28714578417946,10.0944399339866));
#6848=CARTESIAN_POINT('Ctrl Pts',(-0.440336793942094,-2.48166462009284,
10.128371951203));
#6849=CARTESIAN_POINT('Ctrl Pts',(-0.119172997923148,-2.5176059052526,10.143893700538));
#6850=CARTESIAN_POINT('Ctrl Pts',(0.530817171798942,-2.46543378119485,10.1763214446822));
#6851=CARTESIAN_POINT('Ctrl Pts',(0.853018290751545,-2.37328154417407,10.1937217356463));
#6852=CARTESIAN_POINT('Ctrl Pts',(1.43232289071148,-2.07389160681047,10.227680834833));
#6853=CARTESIAN_POINT('Ctrl Pts',(1.68593620632527,-1.87354685363514,10.2432558796509));
#6854=CARTESIAN_POINT('Ctrl Pts',(2.11143948994783,-1.37915614516926,10.2756372403931));
#6855=CARTESIAN_POINT('Ctrl Pts',(2.27573118324071,-1.086862316717,10.2930362687559));
#6856=CARTESIAN_POINT('Ctrl Pts',(2.47691628345597,-0.46635325285802,10.3270207987111));
#6857=CARTESIAN_POINT('Ctrl Pts',(2.51622848657062,-0.145515245398369,10.3426493326892));
#6858=CARTESIAN_POINT('Ctrl Pts',(2.47081792829778,0.505390559208666,10.3749860562809));
#6859=CARTESIAN_POINT('Ctrl Pts',(2.38187401856396,0.828860432501068,10.392383441578));
#6860=CARTESIAN_POINT('Ctrl Pts',(2.08811894917015,1.41151951557958,10.426391812178));
#6861=CARTESIAN_POINT('Ctrl Pts',(1.89026444545677,1.66718522621585,10.4420736633106));
#6862=CARTESIAN_POINT('Ctrl Pts',(1.39982253955711,2.09784767093855,10.4743675422206));
#6863=CARTESIAN_POINT('Ctrl Pts',(1.10884931469214,2.26514739756265,10.4917629668682));
#6864=CARTESIAN_POINT('Ctrl Pts',(0.489889706006231,2.47238102954501,10.5257936531449));
#6865=CARTESIAN_POINT('Ctrl Pts',(0.169345392898713,2.51474798358499,10.5415283214432));
#6866=CARTESIAN_POINT('Ctrl Pts',(-0.482359293538488,2.47545942638777,10.5737811784403));
#6867=CARTESIAN_POINT('Ctrl Pts',(-0.806949552744608,2.38942939080426,10.5911743832718));
#6868=CARTESIAN_POINT('Ctrl Pts',(-1.39262026171059,2.10078630899023,10.6252259282815));
#6869=CARTESIAN_POINT('Ctrl Pts',(-1.650139623467,1.90517876520675,10.6410126241953));
#6870=CARTESIAN_POINT('Ctrl Pts',(-2.06742009048652,1.43846718339011,10.6718930621465));
#6871=CARTESIAN_POINT('Ctrl Pts',(-2.22762007471183,1.17520036921047,10.6878087080971));
#6872=CARTESIAN_POINT('Ctrl Pts',(-2.444567856353,0.605434975753294,10.7196583705351));
#6873=CARTESIAN_POINT('Ctrl Pts',(-2.50000000000011,0.303955767288136,10.735323717285));
#6874=CARTESIAN_POINT('Ctrl Pts',(-2.5,-8.66667848598013E-13,10.75));
#6875=CARTESIAN_POINT('',(-1.76776695296637,1.76776695296637,10.75));
#6876=CARTESIAN_POINT('Origin',(0.,0.,10.75));
#6877=CARTESIAN_POINT('Ctrl Pts',(-1.76776695296705,1.76776695296569,10.7500000000001));
#6878=CARTESIAN_POINT('Ctrl Pts',(-1.53258432058488,2.00294958534803,10.7339407253378));
#6879=CARTESIAN_POINT('Ctrl Pts',(-1.25277223334599,2.18889753694363,10.7167112435873));
#6880=CARTESIAN_POINT('Ctrl Pts',(-0.636959623335909,2.44023992283197,10.6819503327702));
#6881=CARTESIAN_POINT('Ctrl Pts',(-0.307277565498821,2.50319670258144,10.6649006073723));
#6882=CARTESIAN_POINT('Ctrl Pts',(0.347001797389484,2.49665601579566,10.6331783914072));
#6883=CARTESIAN_POINT('Ctrl Pts',(0.66534666474834,2.43125020249337,10.6164992252154));
#6884=CARTESIAN_POINT('Ctrl Pts',(1.27047289229049,2.17881923657423,10.5822325269874));
#6885=CARTESIAN_POINT('Ctrl Pts',(1.54957797746583,1.98999633717159,10.565093963376));
#6886=CARTESIAN_POINT('Ctrl Pts',(2.0090137540246,1.52234750330592,10.5333251647019));
#6887=CARTESIAN_POINT('Ctrl Pts',(2.18816245969862,1.25123349165242,10.5166516481107));
#6888=CARTESIAN_POINT('Ctrl Pts',(2.43829739664667,0.645081384527859,10.4823813366142));
#6889=CARTESIAN_POINT('Ctrl Pts',(2.50252680153201,0.314173586062871,10.4652201786787));
#6890=CARTESIAN_POINT('Ctrl Pts',(2.49741255971207,-0.34144838430325,10.4334616647894));
#6891=CARTESIAN_POINT('Ctrl Pts',(2.43273353967536,-0.65986804845404,10.4167934229543));
#6892=CARTESIAN_POINT('Ctrl Pts',(2.18163248553218,-1.26568907375465,10.3825197751584));
#6893=CARTESIAN_POINT('Ctrl Pts',(1.99329770385058,-1.54537156797555,10.36533749565));
#6894=CARTESIAN_POINT('Ctrl Pts',(1.52649404997451,-2.00585449149323,10.3335885629366));
#6895=CARTESIAN_POINT('Ctrl Pts',(1.25580936494277,-2.18552986940919,10.3169252426237));
#6896=CARTESIAN_POINT('Ctrl Pts',(0.650075888144802,-2.43699632297178,10.282648514055));
#6897=CARTESIAN_POINT('Ctrl Pts',(0.319109501535805,-2.50192675175678,10.2654465047648));
#6898=CARTESIAN_POINT('Ctrl Pts',(-0.336644685752705,-2.49805683259301,
10.2337064933308));
#6899=CARTESIAN_POINT('Ctrl Pts',(-0.655127712459281,-2.43400631544022,
10.2170477621385));
#6900=CARTESIAN_POINT('Ctrl Pts',(-1.26154826938443,-2.18405636868513,10.1827681885428));
#6901=CARTESIAN_POINT('Ctrl Pts',(-1.5417302223055,-1.99614417942673,10.1655477625622));
#6902=CARTESIAN_POINT('Ctrl Pts',(-2.00311761225572,-1.53007189440293,10.1338160541322));
#6903=CARTESIAN_POINT('Ctrl Pts',(-2.18324729346566,-1.25975900568416,10.1171615996674));
#6904=CARTESIAN_POINT('Ctrl Pts',(-2.43449590835422,-0.657667657864736,
10.0830650854158));
#6905=CARTESIAN_POINT('Ctrl Pts',(-2.49999999722368,-0.330411243411236,
10.0659536661557));
#6906=CARTESIAN_POINT('Ctrl Pts',(-2.5,-2.10065388001057E-8,10.0500000010143));
#6907=CARTESIAN_POINT('Origin',(0.,0.,-14.25));
#6908=CARTESIAN_POINT('',(-2.30980762151033,-5.65917310127152E-9,-13.8401923784897));
#6909=CARTESIAN_POINT('Ctrl Pts',(-2.30980762151033,-1.13183459196732E-8,
-13.8401923784897));
#6910=CARTESIAN_POINT('Ctrl Pts',(-2.30975329700328,0.00163964989673874,
-13.8402467030047));
#6911=CARTESIAN_POINT('Ctrl Pts',(-2.30969722742765,0.00327844655584207,
-13.8403010266678));
#6912=CARTESIAN_POINT('Ctrl Pts',(-2.29900413724062,0.306249054307008,-13.8503491807938));
#6913=CARTESIAN_POINT('Ctrl Pts',(-2.22863052700075,0.602464669374341,-13.8611174372069));
#6914=CARTESIAN_POINT('Ctrl Pts',(-1.98377049269378,1.13462072059763,-13.8824044261289));
#6915=CARTESIAN_POINT('Ctrl Pts',(-1.8175980066807,1.36836170470158,-13.8927156947707));
#6916=CARTESIAN_POINT('Ctrl Pts',(-1.33710092655355,1.83058204361093,-13.9155410860706));
#6917=CARTESIAN_POINT('Ctrl Pts',(-1.06177695373165,1.96330007570333,-13.9267087852871));
#6918=CARTESIAN_POINT('Ctrl Pts',(-0.61921074315978,2.13491967184803,-13.9444382991815));
#6919=CARTESIAN_POINT('Ctrl Pts',(-0.344089826305937,2.18569915878861,-13.9548108200634));
#6920=CARTESIAN_POINT('Ctrl Pts',(0.299947244404176,2.18255525431219,-13.9776245820806));
#6921=CARTESIAN_POINT('Ctrl Pts',(0.581775870426978,2.09101380121635,-13.9885914861185));
#6922=CARTESIAN_POINT('Ctrl Pts',(1.01278554696271,1.90825978651471,-14.0065747022817));
#6923=CARTESIAN_POINT('Ctrl Pts',(1.2394682327863,1.7567976581556,-14.0170015685));
#6924=CARTESIAN_POINT('Ctrl Pts',(1.67936909342081,1.32419416753108,-14.0396175262983));
#6925=CARTESIAN_POINT('Ctrl Pts',(1.81250289308824,1.07684462698079,-14.0501731497966));
#6926=CARTESIAN_POINT('Ctrl Pts',(1.99561644975079,0.652173265580975,-14.0684403721776));
#6927=CARTESIAN_POINT('Ctrl Pts',(2.05348230853716,0.381710794577932,-14.0793601596264));
#6928=CARTESIAN_POINT('Ctrl Pts',(2.06173539853085,-0.189019380061497,-14.100976751385));
#6929=CARTESIAN_POINT('Ctrl Pts',(2.00232182258052,-0.448233527340752,-14.1111312221483));
#6930=CARTESIAN_POINT('Ctrl Pts',(1.84457683737834,-0.850615764650912,-14.1287252360809));
#6931=CARTESIAN_POINT('Ctrl Pts',(1.74353455945451,-1.02602300482216,-14.1369990469494));
#6932=CARTESIAN_POINT('Ctrl Pts',(1.4895306790035,-1.34556825889825,-14.1533719156056));
#6933=CARTESIAN_POINT('Ctrl Pts',(1.33784138447171,-1.48670283360758,-14.1610604401395));
#6934=CARTESIAN_POINT('Ctrl Pts',(1.16257336522741,-1.60323016410918,-14.1696152422709));
#6935=CARTESIAN_POINT('Ctrl Pts',(2.49999999999995,1.00561404047386E-14,
-13.6500000000001));
#6936=CARTESIAN_POINT('Ctrl Pts',(2.48722796608225,-0.111798243149476,-13.6627720339178));
#6937=CARTESIAN_POINT('Ctrl Pts',(2.45649484952125,-0.317785964808377,-13.6867375008826));
#6938=CARTESIAN_POINT('Ctrl Pts',(2.30062383029151,-0.733385375200978,-13.7420462625215));
#6939=CARTESIAN_POINT('Ctrl Pts',(2.21749052155326,-0.895478492188816,-13.765310445399));
#6940=CARTESIAN_POINT('Ctrl Pts',(1.92059279357758,-1.33982523613748,-13.8345351495237));
#6941=CARTESIAN_POINT('Ctrl Pts',(1.69923766448743,-1.53016124473928,-13.8711215052835));
#6942=CARTESIAN_POINT('Ctrl Pts',(1.33339205140376,-1.79561628687794,-13.9285966069253));
#6943=CARTESIAN_POINT('Ctrl Pts',(1.09509096887616,-1.90897800442529,-13.9644942301519));
#6944=CARTESIAN_POINT('Ctrl Pts',(0.653832615302695,-2.02637855657123,-14.0295272106086));
#6945=CARTESIAN_POINT('Ctrl Pts',(0.459312238726531,-2.05031151933862,-14.0577628594855));
#6946=CARTESIAN_POINT('Ctrl Pts',(0.0939057898198951,-2.04475416878077,
-14.1100449727205));
#6947=CARTESIAN_POINT('Ctrl Pts',(-0.103323111754283,-2.02212584426814,
-14.1368036440556));
#6948=CARTESIAN_POINT('Ctrl Pts',(-0.311591410674447,-1.95571843102017,
-14.1696152422728));
#6949=CARTESIAN_POINT('Ctrl Pts',(1.76776695298564,-1.76776695294828,-13.6499999999992));
#6950=CARTESIAN_POINT('Ctrl Pts',(1.59623580600594,-1.92910853244608,-13.6572051122655));
#6951=CARTESIAN_POINT('Ctrl Pts',(1.43455112939079,-2.03664135995125,-13.6635009218764));
#6952=CARTESIAN_POINT('Ctrl Pts',(1.14165793295772,-2.20417477407719,-13.6746146317611));
#6953=CARTESIAN_POINT('Ctrl Pts',(0.971123898338863,-2.27771242239422,-13.6808257024366));
#6954=CARTESIAN_POINT('Ctrl Pts',(0.480066826637855,-2.42675585292514,-13.6980389907502));
#6955=CARTESIAN_POINT('Ctrl Pts',(0.169931119929462,-2.45276402421219,-13.7078998898094));
#6956=CARTESIAN_POINT('Ctrl Pts',(-0.433548082478418,-2.40503861600079,
-13.7272800230851));
#6957=CARTESIAN_POINT('Ctrl Pts',(-0.744754641498857,-2.31614293104806,
-13.7382354983264));
#6958=CARTESIAN_POINT('Ctrl Pts',(-1.32244525134624,-2.01717007434976,-13.7606369559269));
#6959=CARTESIAN_POINT('Ctrl Pts',(-1.55251230066063,-1.82178406072008,-13.7705538101025));
#6960=CARTESIAN_POINT('Ctrl Pts',(-1.92976523048102,-1.39484322142705,-13.7891468031501));
#6961=CARTESIAN_POINT('Ctrl Pts',(-2.08681307515115,-1.1241470979184,-13.7999834833606));
#6962=CARTESIAN_POINT('Ctrl Pts',(-2.28492496943927,-0.541396578395365,
-13.8217571348368));
#6963=CARTESIAN_POINT('Ctrl Pts',(-2.31841807470631,-0.259886881168681,
-13.8315819240202));
#6964=CARTESIAN_POINT('Ctrl Pts',(-2.30980762151033,-1.13183459196732E-8,
-13.8401923784897));
#6965=CARTESIAN_POINT('',(-1.9,-2.32682891837997E-16,-14.25));
#6966=CARTESIAN_POINT('',(-1.9,-2.32682891837997E-16,-14.25));
#6967=CARTESIAN_POINT('Origin',(0.,0.,-14.25));
#6968=CARTESIAN_POINT('Origin',(0.,0.,10.75));
#6969=CARTESIAN_POINT('Ctrl Pts',(2.40976976009175,-6.60969854553606E-16,
10.5020944533001));
#6970=CARTESIAN_POINT('Ctrl Pts',(2.41333879555319,0.236891711794954,10.5119002976397));
#6971=CARTESIAN_POINT('Ctrl Pts',(2.38210266587293,0.473646110784145,10.5222560205869));
#6972=CARTESIAN_POINT('Ctrl Pts',(2.22939371508355,1.00870975843129,10.5469477895102));
#6973=CARTESIAN_POINT('Ctrl Pts',(2.08213646044214,1.29522473495662,10.5611951734083));
#6974=CARTESIAN_POINT('Ctrl Pts',(1.68709538942839,1.79230021385452,10.588121590006));
#6975=CARTESIAN_POINT('Ctrl Pts',(1.44364587412393,1.99929725358276,10.6009722961764));
#6976=CARTESIAN_POINT('Ctrl Pts',(0.887629920186189,2.31252270268307,10.6289300110391));
#6977=CARTESIAN_POINT('Ctrl Pts',(0.578088236884676,2.41391048618131,10.6431694127641));
#6978=CARTESIAN_POINT('Ctrl Pts',(-0.0605092469900892,2.49091735650009,
10.6701681800903));
#6979=CARTESIAN_POINT('Ctrl Pts',(-0.383895856844762,2.46653817692741,10.6830127944626));
#6980=CARTESIAN_POINT('Ctrl Pts',(-0.890176607657839,2.32790935230638,10.7057191448798));
#6981=CARTESIAN_POINT('Ctrl Pts',(-1.0801950728755,2.24964527719553,10.7146439411402));
#6982=CARTESIAN_POINT('Ctrl Pts',(-1.44358502536106,2.04440008177145,10.7325660397041));
#6983=CARTESIAN_POINT('Ctrl Pts',(-1.61392397435514,1.91720557370479,10.7414433900752));
#6984=CARTESIAN_POINT('Ctrl Pts',(-1.76776695296827,1.76776695296454,10.7500000000001));
#6985=CARTESIAN_POINT('Origin',(0.,0.,10.75));
#6986=CARTESIAN_POINT('Origin',(9.41027789619126E-17,4.61880215351701,10.75));
#6987=CARTESIAN_POINT('',(-4.,2.3094010767585,10.75));
#6988=CARTESIAN_POINT('',(9.41027789619126E-17,4.61880215351701,10.75));
#6989=CARTESIAN_POINT('',(9.41027789619126E-17,4.61880215351701,10.75));
#6990=CARTESIAN_POINT('',(3.99999999999999,2.30940107675851,10.75));
#6991=CARTESIAN_POINT('',(3.99999999999999,2.30940107675851,10.75));
#6992=CARTESIAN_POINT('',(3.99999999999999,-2.3094010767585,10.75));
#6993=CARTESIAN_POINT('',(3.99999999999999,-2.3094010767585,10.75));
#6994=CARTESIAN_POINT('',(4.33680868994202E-15,-4.618802153517,10.75));
#6995=CARTESIAN_POINT('',(4.27400959765353E-15,-4.618802153517,10.75));
#6996=CARTESIAN_POINT('',(-4.,-2.3094010767585,10.75));
#6997=CARTESIAN_POINT('',(-4.,-2.3094010767585,10.75));
#6998=CARTESIAN_POINT('',(-4.,2.3094010767585,10.75));
#6999=CARTESIAN_POINT('Origin',(3.99999999999999,2.30940107675851,-1.47020185321558));
#7000=CARTESIAN_POINT('',(9.41027789619126E-17,4.61880215351701,13.8927344100918));
#7001=CARTESIAN_POINT('',(9.41027789619126E-17,4.61880215351701,-1.47020185321558));
#7002=CARTESIAN_POINT('',(2.,3.46410161513776,14.25));
#7003=CARTESIAN_POINT('Ctrl Pts',(-1.40416999705142E-11,4.61880215352512,
13.8927344100872));
#7004=CARTESIAN_POINT('Ctrl Pts',(1.07179676971886,4.00000000000326,14.25));
#7005=CARTESIAN_POINT('Ctrl Pts',(2.00000000000002,3.46410161513775,14.25));
#7006=CARTESIAN_POINT('',(3.99999999999999,2.30940107675851,13.8927344100918));
#7007=CARTESIAN_POINT('Ctrl Pts',(2.00000000000002,3.46410161513775,14.25));
#7008=CARTESIAN_POINT('Ctrl Pts',(2.92820323028116,2.92820323027225,14.25));
#7009=CARTESIAN_POINT('Ctrl Pts',(4.00000000001403,2.30940107675041,13.8927344100872));
#7010=CARTESIAN_POINT('',(3.99999999999999,2.30940107675851,-1.47020185321558));
#7011=CARTESIAN_POINT('Origin',(3.99999999999999,-2.3094010767585,-1.47020185321558));
#7012=CARTESIAN_POINT('',(4.,1.50231459873716E-15,14.25));
#7013=CARTESIAN_POINT('Ctrl Pts',(3.99999999999999,2.30940107677473,13.8927344100872));
#7014=CARTESIAN_POINT('Ctrl Pts',(3.99999999999999,1.07179676973102,14.25));
#7015=CARTESIAN_POINT('Ctrl Pts',(3.99999999999999,8.54762349731261E-15,
14.25));
#7016=CARTESIAN_POINT('',(3.99999999999999,-2.3094010767585,13.8927344100918));
#7017=CARTESIAN_POINT('Ctrl Pts',(3.99999999999999,8.54762349731261E-15,
14.25));
#7018=CARTESIAN_POINT('Ctrl Pts',(3.99999999999999,-1.071796769731,14.25));
#7019=CARTESIAN_POINT('Ctrl Pts',(3.99999999999999,-2.30940107677471,13.8927344100872));
#7020=CARTESIAN_POINT('',(3.99999999999999,-2.3094010767585,-1.47020185321558));
#7021=CARTESIAN_POINT('Origin',(4.27400959765353E-15,-4.618802153517,-1.47020185321558));
#7022=CARTESIAN_POINT('',(2.,-3.46410161513776,14.25));
#7023=CARTESIAN_POINT('Ctrl Pts',(4.00000000001404,-2.30940107675039,13.8927344100872));
#7024=CARTESIAN_POINT('Ctrl Pts',(2.92820323028115,-2.92820323027225,14.25));
#7025=CARTESIAN_POINT('Ctrl Pts',(2.,-3.46410161513775,14.25));
#7026=CARTESIAN_POINT('',(4.42783731293579E-15,-4.618802153517,13.8927344100918));
#7027=CARTESIAN_POINT('Ctrl Pts',(2.,-3.46410161513775,14.25));
#7028=CARTESIAN_POINT('Ctrl Pts',(1.07179676971885,-4.00000000000326,14.25));
#7029=CARTESIAN_POINT('Ctrl Pts',(-1.40353992232413E-11,-4.61880215352511,
13.8927344100872));
#7030=CARTESIAN_POINT('',(4.27400959765353E-15,-4.618802153517,-1.47020185321558));
#7031=CARTESIAN_POINT('Origin',(-4.,-2.3094010767585,-1.47020185321558));
#7032=CARTESIAN_POINT('',(-2.,-3.46410161513776,14.25));
#7033=CARTESIAN_POINT('Ctrl Pts',(1.40429116526821E-11,-4.61880215352511,
13.8927344100872));
#7034=CARTESIAN_POINT('Ctrl Pts',(-1.07179676971884,-4.00000000000326,14.25));
#7035=CARTESIAN_POINT('Ctrl Pts',(-1.99999999999999,-3.46410161513776,14.25));
#7036=CARTESIAN_POINT('',(-4.,-2.30940107675864,13.8927344100919));
#7037=CARTESIAN_POINT('Ctrl Pts',(-1.99999999999999,-3.46410161513776,14.25));
#7038=CARTESIAN_POINT('Ctrl Pts',(-2.92820323028112,-2.92820323027227,14.25));
#7039=CARTESIAN_POINT('Ctrl Pts',(-4.00000000001396,-2.30940107675044,13.8927344100872));
#7040=CARTESIAN_POINT('',(-4.,-2.3094010767585,-1.47020185321558));
#7041=CARTESIAN_POINT('Origin',(-4.,2.3094010767585,-1.47020185321558));
#7042=CARTESIAN_POINT('',(-4.,3.00462919747432E-15,14.25));
#7043=CARTESIAN_POINT('Ctrl Pts',(-4.,-2.30940107677482,13.8927344100871));
#7044=CARTESIAN_POINT('Ctrl Pts',(-4.,-1.07179676973106,14.25));
#7045=CARTESIAN_POINT('Ctrl Pts',(-4.,-1.12468730227798E-14,14.25));
#7046=CARTESIAN_POINT('',(-4.,2.3094010767585,13.8927344100918));
#7047=CARTESIAN_POINT('Ctrl Pts',(-4.,-1.12468730227798E-14,14.25));
#7048=CARTESIAN_POINT('Ctrl Pts',(-4.,1.071796769731,14.25));
#7049=CARTESIAN_POINT('Ctrl Pts',(-4.,2.30940107677472,13.8927344100872));
#7050=CARTESIAN_POINT('',(-4.,2.3094010767585,-1.47020185321558));
#7051=CARTESIAN_POINT('Origin',(9.41027789619126E-17,4.61880215351701,-1.47020185321558));
#7052=CARTESIAN_POINT('',(-2.,3.46410161513775,14.25));
#7053=CARTESIAN_POINT('Ctrl Pts',(-4.00000000001404,2.3094010767504,13.8927344100872));
#7054=CARTESIAN_POINT('Ctrl Pts',(-2.92820323028115,2.92820323027226,14.25));
#7055=CARTESIAN_POINT('Ctrl Pts',(-1.99999999999999,3.46410161513776,14.25));
#7056=CARTESIAN_POINT('Ctrl Pts',(-1.99999999999999,3.46410161513776,14.25));
#7057=CARTESIAN_POINT('Ctrl Pts',(-1.07179676971884,4.00000000000327,14.25));
#7058=CARTESIAN_POINT('Ctrl Pts',(1.40416999705142E-11,4.61880215352512,
13.8927344100871));
#7059=CARTESIAN_POINT('Origin',(0.,0.,14.25));
#7060=CARTESIAN_POINT('Origin',(0.,0.,14.25));
#7061=CARTESIAN_POINT('Origin',(0.,0.,14.25));
#7062=CARTESIAN_POINT('Origin',(0.,0.,14.25));
#7063=CARTESIAN_POINT('Origin',(0.,0.,14.25));
#7064=CARTESIAN_POINT('Origin',(0.,0.,14.25));
#7065=CARTESIAN_POINT('Origin',(0.,0.,14.25));
#7066=CARTESIAN_POINT('Origin',(0.,0.,14.25));
#7067=CARTESIAN_POINT('Origin',(0.,0.,14.25));
#7068=CARTESIAN_POINT('Origin',(0.,0.,14.25));
#7069=CARTESIAN_POINT('Origin',(0.,0.,14.25));
#7070=CARTESIAN_POINT('Origin',(0.,0.,14.25));
#7071=CARTESIAN_POINT('Origin',(0.,4.,14.25));
#7072=CARTESIAN_POINT('Origin',(5.43966107523098E-16,2.77555756156289E-16,
-14.6));
#7073=CARTESIAN_POINT('Ctrl Pts',(-2.42527185463337E-16,-1.98038475772928,
8.94999999999999));
#7074=CARTESIAN_POINT('Ctrl Pts',(0.820302225368424,-1.98038475772928,8.99999999999999));
#7075=CARTESIAN_POINT('Ctrl Pts',(1.40034349154885,-1.40034349154885,9.04999999999999));
#7076=CARTESIAN_POINT('Ctrl Pts',(1.98038475772928,-0.820302225368425,9.09999999999999));
#7077=CARTESIAN_POINT('Ctrl Pts',(1.98038475772928,-3.63790778195005E-16,
9.14999999999999));
#7078=CARTESIAN_POINT('Ctrl Pts',(1.98038475772928,0.820302225368425,9.19999999999999));
#7079=CARTESIAN_POINT('Ctrl Pts',(1.40034349154885,1.40034349154885,9.24999999999999));
#7080=CARTESIAN_POINT('Ctrl Pts',(0.994065022654353,1.80662196044335,9.28502151420792));
#7081=CARTESIAN_POINT('Ctrl Pts',(0.433430302777575,1.93237210735422,9.32236885505675));
#7082=CARTESIAN_POINT('Ctrl Pts',(-2.42527185463337E-16,-1.98038475772928,
9.05000000000001));
#7083=CARTESIAN_POINT('Ctrl Pts',(0.820302225368424,-1.98038475772928,9.10000000000001));
#7084=CARTESIAN_POINT('Ctrl Pts',(1.40034349154885,-1.40034349154885,9.15000000000001));
#7085=CARTESIAN_POINT('Ctrl Pts',(1.98038475772928,-0.820302225368425,9.20000000000001));
#7086=CARTESIAN_POINT('Ctrl Pts',(1.98038475772928,-3.63790778195005E-16,
9.25000000000001));
#7087=CARTESIAN_POINT('Ctrl Pts',(1.98038475772928,0.574564520810679,9.28502151420793));
#7088=CARTESIAN_POINT('Ctrl Pts',(1.67287492715177,1.05991191461999,9.32236885505675));
#7089=CARTESIAN_POINT('Ctrl Pts',(0.,2.54330127018919,-14.225));
#7090=CARTESIAN_POINT('Ctrl Pts',(-1.05346987931308,2.54330127018919,-14.175));
#7091=CARTESIAN_POINT('Ctrl Pts',(-1.79838557475114,1.79838557475114,-14.125));
#7092=CARTESIAN_POINT('Ctrl Pts',(-2.54330127018919,1.05346987931308,-14.075));
#7093=CARTESIAN_POINT('Ctrl Pts',(-2.54330127018919,1.5573228799023E-16,
-14.025));
#7094=CARTESIAN_POINT('Ctrl Pts',(-2.54330127018919,-1.05346987931308,-13.975));
#7095=CARTESIAN_POINT('Ctrl Pts',(-1.79838557475114,-1.79838557475114,-13.925));
#7096=CARTESIAN_POINT('Ctrl Pts',(-1.05346987931308,-2.54330127018919,-13.875));
#7097=CARTESIAN_POINT('Ctrl Pts',(-3.11464575980459E-16,-2.54330127018919,
-13.825));
#7098=CARTESIAN_POINT('Ctrl Pts',(1.05346987931308,-2.54330127018919,-13.775));
#7099=CARTESIAN_POINT('Ctrl Pts',(1.79838557475114,-1.79838557475114,-13.725));
#7100=CARTESIAN_POINT('Ctrl Pts',(2.54330127018919,-1.05346987931308,-13.675));
#7101=CARTESIAN_POINT('Ctrl Pts',(2.54330127018919,-4.67196863970689E-16,
-13.625));
#7102=CARTESIAN_POINT('Ctrl Pts',(2.54330127018919,1.05346987931308,-13.575));
#7103=CARTESIAN_POINT('Ctrl Pts',(1.79838557475114,1.79838557475114,-13.525));
#7104=CARTESIAN_POINT('Ctrl Pts',(1.05346987931309,2.54330127018919,-13.475));
#7105=CARTESIAN_POINT('Ctrl Pts',(0.,2.54330127018919,-13.425));
#7106=CARTESIAN_POINT('Ctrl Pts',(-1.05346987931308,2.54330127018919,-13.375));
#7107=CARTESIAN_POINT('Ctrl Pts',(-1.79838557475114,1.79838557475114,-13.325));
#7108=CARTESIAN_POINT('Ctrl Pts',(-2.54330127018919,1.05346987931308,-13.275));
#7109=CARTESIAN_POINT('Ctrl Pts',(-2.54330127018919,1.5573228799023E-16,
-13.225));
#7110=CARTESIAN_POINT('Ctrl Pts',(-2.54330127018919,-1.05346987931308,-13.175));
#7111=CARTESIAN_POINT('Ctrl Pts',(-1.79838557475114,-1.79838557475114,-13.125));
#7112=CARTESIAN_POINT('Ctrl Pts',(-1.05346987931308,-2.54330127018919,-13.075));
#7113=CARTESIAN_POINT('Ctrl Pts',(-3.11464575980459E-16,-2.54330127018919,
-13.025));
#7114=CARTESIAN_POINT('Ctrl Pts',(1.05346987931308,-2.54330127018919,-12.975));
#7115=CARTESIAN_POINT('Ctrl Pts',(1.79838557475114,-1.79838557475114,-12.925));
#7116=CARTESIAN_POINT('Ctrl Pts',(2.54330127018919,-1.05346987931308,-12.875));
#7117=CARTESIAN_POINT('Ctrl Pts',(2.54330127018919,-4.67196863970689E-16,
-12.825));
#7118=CARTESIAN_POINT('Ctrl Pts',(2.54330127018919,1.05346987931308,-12.775));
#7119=CARTESIAN_POINT('Ctrl Pts',(1.79838557475114,1.79838557475114,-12.725));
#7120=CARTESIAN_POINT('Ctrl Pts',(1.05346987931309,2.54330127018919,-12.675));
#7121=CARTESIAN_POINT('Ctrl Pts',(0.,2.54330127018919,-12.625));
#7122=CARTESIAN_POINT('Ctrl Pts',(-1.05346987931308,2.54330127018919,-12.575));
#7123=CARTESIAN_POINT('Ctrl Pts',(-1.79838557475114,1.79838557475114,-12.525));
#7124=CARTESIAN_POINT('Ctrl Pts',(-2.54330127018919,1.05346987931308,-12.475));
#7125=CARTESIAN_POINT('Ctrl Pts',(-2.54330127018919,1.5573228799023E-16,
-12.425));
#7126=CARTESIAN_POINT('Ctrl Pts',(-2.54330127018919,-1.05346987931308,-12.375));
#7127=CARTESIAN_POINT('Ctrl Pts',(-1.79838557475114,-1.79838557475114,-12.325));
#7128=CARTESIAN_POINT('Ctrl Pts',(-1.05346987931308,-2.54330127018919,-12.275));
#7129=CARTESIAN_POINT('Ctrl Pts',(-3.11464575980459E-16,-2.54330127018919,
-12.225));
#7130=CARTESIAN_POINT('Ctrl Pts',(1.05346987931308,-2.54330127018919,-12.175));
#7131=CARTESIAN_POINT('Ctrl Pts',(1.79838557475114,-1.79838557475114,-12.125));
#7132=CARTESIAN_POINT('Ctrl Pts',(2.54330127018919,-1.05346987931308,-12.075));
#7133=CARTESIAN_POINT('Ctrl Pts',(2.54330127018919,-4.67196863970689E-16,
-12.025));
#7134=CARTESIAN_POINT('Ctrl Pts',(2.54330127018919,1.05346987931308,-11.975));
#7135=CARTESIAN_POINT('Ctrl Pts',(1.79838557475114,1.79838557475114,-11.925));
#7136=CARTESIAN_POINT('Ctrl Pts',(1.05346987931309,2.54330127018919,-11.875));
#7137=CARTESIAN_POINT('Ctrl Pts',(0.,2.54330127018919,-11.825));
#7138=CARTESIAN_POINT('Ctrl Pts',(-1.05346987931308,2.54330127018919,-11.775));
#7139=CARTESIAN_POINT('Ctrl Pts',(-1.79838557475114,1.79838557475114,-11.725));
#7140=CARTESIAN_POINT('Ctrl Pts',(-2.54330127018919,1.05346987931308,-11.675));
#7141=CARTESIAN_POINT('Ctrl Pts',(-2.54330127018919,1.5573228799023E-16,
-11.625));
#7142=CARTESIAN_POINT('Ctrl Pts',(-2.54330127018919,-1.05346987931308,-11.575));
#7143=CARTESIAN_POINT('Ctrl Pts',(-1.79838557475114,-1.79838557475114,-11.525));
#7144=CARTESIAN_POINT('Ctrl Pts',(-1.05346987931308,-2.54330127018919,-11.475));
#7145=CARTESIAN_POINT('Ctrl Pts',(-3.11464575980459E-16,-2.54330127018919,
-11.425));
#7146=CARTESIAN_POINT('Ctrl Pts',(1.05346987931308,-2.54330127018919,-11.375));
#7147=CARTESIAN_POINT('Ctrl Pts',(1.79838557475114,-1.79838557475114,-11.325));
#7148=CARTESIAN_POINT('Ctrl Pts',(2.54330127018919,-1.05346987931308,-11.275));
#7149=CARTESIAN_POINT('Ctrl Pts',(2.54330127018919,-4.67196863970689E-16,
-11.225));
#7150=CARTESIAN_POINT('Ctrl Pts',(2.54330127018919,1.05346987931308,-11.175));
#7151=CARTESIAN_POINT('Ctrl Pts',(1.79838557475114,1.79838557475114,-11.125));
#7152=CARTESIAN_POINT('Ctrl Pts',(1.05346987931309,2.54330127018919,-11.075));
#7153=CARTESIAN_POINT('Ctrl Pts',(0.,2.54330127018919,-11.025));
#7154=CARTESIAN_POINT('Ctrl Pts',(-1.05346987931308,2.54330127018919,-10.975));
#7155=CARTESIAN_POINT('Ctrl Pts',(-1.79838557475114,1.79838557475114,-10.925));
#7156=CARTESIAN_POINT('Ctrl Pts',(-2.54330127018919,1.05346987931308,-10.875));
#7157=CARTESIAN_POINT('Ctrl Pts',(-2.54330127018919,1.5573228799023E-16,
-10.825));
#7158=CARTESIAN_POINT('Ctrl Pts',(-2.54330127018919,-1.05346987931308,-10.775));
#7159=CARTESIAN_POINT('Ctrl Pts',(-1.79838557475114,-1.79838557475114,-10.725));
#7160=CARTESIAN_POINT('Ctrl Pts',(-1.05346987931308,-2.54330127018919,-10.675));
#7161=CARTESIAN_POINT('Ctrl Pts',(-3.11464575980459E-16,-2.54330127018919,
-10.625));
#7162=CARTESIAN_POINT('Ctrl Pts',(1.05346987931308,-2.54330127018919,-10.575));
#7163=CARTESIAN_POINT('Ctrl Pts',(1.79838557475114,-1.79838557475114,-10.525));
#7164=CARTESIAN_POINT('Ctrl Pts',(2.54330127018919,-1.05346987931308,-10.475));
#7165=CARTESIAN_POINT('Ctrl Pts',(2.54330127018919,-4.67196863970689E-16,
-10.425));
#7166=CARTESIAN_POINT('Ctrl Pts',(2.54330127018919,1.05346987931308,-10.375));
#7167=CARTESIAN_POINT('Ctrl Pts',(1.79838557475114,1.79838557475114,-10.325));
#7168=CARTESIAN_POINT('Ctrl Pts',(1.05346987931309,2.54330127018919,-10.275));
#7169=CARTESIAN_POINT('Ctrl Pts',(0.,2.54330127018919,-10.225));
#7170=CARTESIAN_POINT('Ctrl Pts',(-1.05346987931308,2.54330127018919,-10.175));
#7171=CARTESIAN_POINT('Ctrl Pts',(-1.79838557475114,1.79838557475114,-10.125));
#7172=CARTESIAN_POINT('Ctrl Pts',(-2.54330127018919,1.05346987931308,-10.075));
#7173=CARTESIAN_POINT('Ctrl Pts',(-2.54330127018919,1.5573228799023E-16,
-10.025));
#7174=CARTESIAN_POINT('Ctrl Pts',(-2.54330127018919,-1.05346987931308,-9.97500000000004));
#7175=CARTESIAN_POINT('Ctrl Pts',(-1.79838557475114,-1.79838557475114,-9.92500000000004));
#7176=CARTESIAN_POINT('Ctrl Pts',(-1.05346987931308,-2.54330127018919,-9.87500000000004));
#7177=CARTESIAN_POINT('Ctrl Pts',(-3.11464575980459E-16,-2.54330127018919,
-9.82500000000004));
#7178=CARTESIAN_POINT('Ctrl Pts',(1.05346987931308,-2.54330127018919,-9.77500000000004));
#7179=CARTESIAN_POINT('Ctrl Pts',(1.79838557475114,-1.79838557475114,-9.72500000000004));
#7180=CARTESIAN_POINT('Ctrl Pts',(2.54330127018919,-1.05346987931308,-9.67500000000004));
#7181=CARTESIAN_POINT('Ctrl Pts',(2.54330127018919,-4.67196863970689E-16,
-9.62500000000004));
#7182=CARTESIAN_POINT('Ctrl Pts',(2.54330127018919,1.05346987931308,-9.57500000000004));
#7183=CARTESIAN_POINT('Ctrl Pts',(1.79838557475114,1.79838557475114,-9.52500000000004));
#7184=CARTESIAN_POINT('Ctrl Pts',(1.05346987931309,2.54330127018919,-9.47500000000004));
#7185=CARTESIAN_POINT('Ctrl Pts',(0.,2.54330127018919,-9.42500000000004));
#7186=CARTESIAN_POINT('Ctrl Pts',(-1.05346987931308,2.54330127018919,-9.37500000000004));
#7187=CARTESIAN_POINT('Ctrl Pts',(-1.79838557475114,1.79838557475114,-9.32500000000004));
#7188=CARTESIAN_POINT('Ctrl Pts',(-2.54330127018919,1.05346987931308,-9.27500000000004));
#7189=CARTESIAN_POINT('Ctrl Pts',(-2.54330127018919,1.5573228799023E-16,
-9.22500000000004));
#7190=CARTESIAN_POINT('Ctrl Pts',(-2.54330127018919,-1.05346987931308,-9.17500000000004));
#7191=CARTESIAN_POINT('Ctrl Pts',(-1.79838557475114,-1.79838557475114,-9.12500000000004));
#7192=CARTESIAN_POINT('Ctrl Pts',(-1.05346987931308,-2.54330127018919,-9.07500000000004));
#7193=CARTESIAN_POINT('Ctrl Pts',(-3.11464575980459E-16,-2.54330127018919,
-9.02500000000004));
#7194=CARTESIAN_POINT('Ctrl Pts',(1.05346987931308,-2.54330127018919,-8.97500000000004));
#7195=CARTESIAN_POINT('Ctrl Pts',(1.79838557475114,-1.79838557475114,-8.92500000000004));
#7196=CARTESIAN_POINT('Ctrl Pts',(2.54330127018919,-1.05346987931308,-8.87500000000004));
#7197=CARTESIAN_POINT('Ctrl Pts',(2.54330127018919,-4.67196863970689E-16,
-8.82500000000004));
#7198=CARTESIAN_POINT('Ctrl Pts',(2.54330127018919,1.05346987931308,-8.77500000000004));
#7199=CARTESIAN_POINT('Ctrl Pts',(1.79838557475114,1.79838557475114,-8.72500000000004));
#7200=CARTESIAN_POINT('Ctrl Pts',(1.05346987931309,2.54330127018919,-8.67500000000004));
#7201=CARTESIAN_POINT('Ctrl Pts',(0.,2.54330127018919,-8.62500000000004));
#7202=CARTESIAN_POINT('Ctrl Pts',(-1.05346987931308,2.54330127018919,-8.57500000000004));
#7203=CARTESIAN_POINT('Ctrl Pts',(-1.79838557475114,1.79838557475114,-8.52500000000004));
#7204=CARTESIAN_POINT('Ctrl Pts',(-2.54330127018919,1.05346987931308,-8.47500000000004));
#7205=CARTESIAN_POINT('Ctrl Pts',(-2.54330127018919,1.5573228799023E-16,
-8.42500000000004));
#7206=CARTESIAN_POINT('Ctrl Pts',(-2.54330127018919,-1.05346987931308,-8.37500000000004));
#7207=CARTESIAN_POINT('Ctrl Pts',(-1.79838557475114,-1.79838557475114,-8.32500000000005));
#7208=CARTESIAN_POINT('Ctrl Pts',(-1.05346987931308,-2.54330127018919,-8.27500000000004));
#7209=CARTESIAN_POINT('Ctrl Pts',(-3.11464575980459E-16,-2.54330127018919,
-8.22500000000004));
#7210=CARTESIAN_POINT('Ctrl Pts',(1.05346987931308,-2.54330127018919,-8.17500000000005));
#7211=CARTESIAN_POINT('Ctrl Pts',(1.79838557475114,-1.79838557475114,-8.12500000000004));
#7212=CARTESIAN_POINT('Ctrl Pts',(2.54330127018919,-1.05346987931308,-8.07500000000004));
#7213=CARTESIAN_POINT('Ctrl Pts',(2.54330127018919,-4.67196863970689E-16,
-8.02500000000004));
#7214=CARTESIAN_POINT('Ctrl Pts',(2.54330127018919,1.05346987931308,-7.97500000000004));
#7215=CARTESIAN_POINT('Ctrl Pts',(1.79838557475114,1.79838557475114,-7.92500000000004));
#7216=CARTESIAN_POINT('Ctrl Pts',(1.05346987931309,2.54330127018919,-7.87500000000004));
#7217=CARTESIAN_POINT('Ctrl Pts',(0.,2.54330127018919,-7.82500000000004));
#7218=CARTESIAN_POINT('Ctrl Pts',(-1.05346987931308,2.54330127018919,-7.77500000000004));
#7219=CARTESIAN_POINT('Ctrl Pts',(-1.79838557475114,1.79838557475114,-7.72500000000004));
#7220=CARTESIAN_POINT('Ctrl Pts',(-2.54330127018919,1.05346987931308,-7.67500000000004));
#7221=CARTESIAN_POINT('Ctrl Pts',(-2.54330127018919,1.5573228799023E-16,
-7.62500000000004));
#7222=CARTESIAN_POINT('Ctrl Pts',(-2.54330127018919,-1.05346987931308,-7.57500000000004));
#7223=CARTESIAN_POINT('Ctrl Pts',(-1.79838557475114,-1.79838557475114,-7.52500000000004));
#7224=CARTESIAN_POINT('Ctrl Pts',(-1.05346987931308,-2.54330127018919,-7.47500000000004));
#7225=CARTESIAN_POINT('Ctrl Pts',(-3.11464575980459E-16,-2.54330127018919,
-7.42500000000004));
#7226=CARTESIAN_POINT('Ctrl Pts',(1.05346987931308,-2.54330127018919,-7.37500000000004));
#7227=CARTESIAN_POINT('Ctrl Pts',(1.79838557475114,-1.79838557475114,-7.32500000000004));
#7228=CARTESIAN_POINT('Ctrl Pts',(2.54330127018919,-1.05346987931308,-7.27500000000004));
#7229=CARTESIAN_POINT('Ctrl Pts',(2.54330127018919,-4.67196863970689E-16,
-7.22500000000004));
#7230=CARTESIAN_POINT('Ctrl Pts',(2.54330127018919,1.05346987931308,-7.17500000000004));
#7231=CARTESIAN_POINT('Ctrl Pts',(1.79838557475114,1.79838557475114,-7.12500000000004));
#7232=CARTESIAN_POINT('Ctrl Pts',(1.05346987931309,2.54330127018919,-7.07500000000004));
#7233=CARTESIAN_POINT('Ctrl Pts',(0.,2.54330127018919,-7.02500000000004));
#7234=CARTESIAN_POINT('Ctrl Pts',(-1.05346987931308,2.54330127018919,-6.97500000000004));
#7235=CARTESIAN_POINT('Ctrl Pts',(-1.79838557475114,1.79838557475114,-6.92500000000004));
#7236=CARTESIAN_POINT('Ctrl Pts',(-2.54330127018919,1.05346987931308,-6.87500000000004));
#7237=CARTESIAN_POINT('Ctrl Pts',(-2.54330127018919,1.5573228799023E-16,
-6.82500000000004));
#7238=CARTESIAN_POINT('Ctrl Pts',(-2.54330127018919,-1.05346987931308,-6.77500000000004));
#7239=CARTESIAN_POINT('Ctrl Pts',(-1.79838557475114,-1.79838557475114,-6.72500000000004));
#7240=CARTESIAN_POINT('Ctrl Pts',(-1.05346987931308,-2.54330127018919,-6.67500000000004));
#7241=CARTESIAN_POINT('Ctrl Pts',(-3.11464575980459E-16,-2.54330127018919,
-6.62500000000004));
#7242=CARTESIAN_POINT('Ctrl Pts',(1.05346987931308,-2.54330127018919,-6.57500000000004));
#7243=CARTESIAN_POINT('Ctrl Pts',(1.79838557475114,-1.79838557475114,-6.52500000000004));
#7244=CARTESIAN_POINT('Ctrl Pts',(2.54330127018919,-1.05346987931308,-6.47500000000004));
#7245=CARTESIAN_POINT('Ctrl Pts',(2.54330127018919,-4.67196863970689E-16,
-6.42500000000004));
#7246=CARTESIAN_POINT('Ctrl Pts',(2.54330127018919,1.05346987931308,-6.37500000000004));
#7247=CARTESIAN_POINT('Ctrl Pts',(1.79838557475114,1.79838557475114,-6.32500000000004));
#7248=CARTESIAN_POINT('Ctrl Pts',(1.05346987931309,2.54330127018919,-6.27500000000004));
#7249=CARTESIAN_POINT('Ctrl Pts',(0.,2.54330127018919,-6.22500000000004));
#7250=CARTESIAN_POINT('Ctrl Pts',(-1.05346987931308,2.54330127018919,-6.17500000000004));
#7251=CARTESIAN_POINT('Ctrl Pts',(-1.79838557475114,1.79838557475114,-6.12500000000004));
#7252=CARTESIAN_POINT('Ctrl Pts',(-2.54330127018919,1.05346987931308,-6.07500000000004));
#7253=CARTESIAN_POINT('Ctrl Pts',(-2.54330127018919,1.5573228799023E-16,
-6.02500000000004));
#7254=CARTESIAN_POINT('Ctrl Pts',(-2.54330127018919,-1.05346987931308,-5.97500000000004));
#7255=CARTESIAN_POINT('Ctrl Pts',(-1.79838557475114,-1.79838557475114,-5.92500000000004));
#7256=CARTESIAN_POINT('Ctrl Pts',(-1.05346987931308,-2.54330127018919,-5.87500000000004));
#7257=CARTESIAN_POINT('Ctrl Pts',(-3.11464575980459E-16,-2.54330127018919,
-5.82500000000004));
#7258=CARTESIAN_POINT('Ctrl Pts',(1.05346987931308,-2.54330127018919,-5.77500000000004));
#7259=CARTESIAN_POINT('Ctrl Pts',(1.79838557475114,-1.79838557475114,-5.72500000000004));
#7260=CARTESIAN_POINT('Ctrl Pts',(2.54330127018919,-1.05346987931308,-5.67500000000004));
#7261=CARTESIAN_POINT('Ctrl Pts',(2.54330127018919,-4.67196863970689E-16,
-5.62500000000004));
#7262=CARTESIAN_POINT('Ctrl Pts',(2.54330127018919,1.05346987931308,-5.57500000000004));
#7263=CARTESIAN_POINT('Ctrl Pts',(1.79838557475114,1.79838557475114,-5.52500000000004));
#7264=CARTESIAN_POINT('Ctrl Pts',(1.05346987931309,2.54330127018919,-5.47500000000004));
#7265=CARTESIAN_POINT('Ctrl Pts',(0.,2.54330127018919,-5.42500000000004));
#7266=CARTESIAN_POINT('Ctrl Pts',(-1.05346987931308,2.54330127018919,-5.37500000000004));
#7267=CARTESIAN_POINT('Ctrl Pts',(-1.79838557475114,1.79838557475114,-5.32500000000004));
#7268=CARTESIAN_POINT('Ctrl Pts',(-2.54330127018919,1.05346987931308,-5.27500000000004));
#7269=CARTESIAN_POINT('Ctrl Pts',(-2.54330127018919,1.5573228799023E-16,
-5.22500000000004));
#7270=CARTESIAN_POINT('Ctrl Pts',(-2.54330127018919,-1.05346987931308,-5.17500000000004));
#7271=CARTESIAN_POINT('Ctrl Pts',(-1.79838557475114,-1.79838557475114,-5.12500000000004));
#7272=CARTESIAN_POINT('Ctrl Pts',(-1.05346987931308,-2.54330127018919,-5.07500000000004));
#7273=CARTESIAN_POINT('Ctrl Pts',(-3.11464575980459E-16,-2.54330127018919,
-5.02500000000004));
#7274=CARTESIAN_POINT('Ctrl Pts',(1.05346987931308,-2.54330127018919,-4.97500000000004));
#7275=CARTESIAN_POINT('Ctrl Pts',(1.79838557475114,-1.79838557475114,-4.92500000000004));
#7276=CARTESIAN_POINT('Ctrl Pts',(2.54330127018919,-1.05346987931308,-4.87500000000004));
#7277=CARTESIAN_POINT('Ctrl Pts',(2.54330127018919,-4.67196863970689E-16,
-4.82500000000004));
#7278=CARTESIAN_POINT('Ctrl Pts',(2.54330127018919,1.05346987931308,-4.77500000000004));
#7279=CARTESIAN_POINT('Ctrl Pts',(1.79838557475114,1.79838557475114,-4.72500000000004));
#7280=CARTESIAN_POINT('Ctrl Pts',(1.05346987931309,2.54330127018919,-4.67500000000004));
#7281=CARTESIAN_POINT('Ctrl Pts',(0.,2.54330127018919,-4.62500000000004));
#7282=CARTESIAN_POINT('Ctrl Pts',(-1.05346987931308,2.54330127018919,-4.57500000000004));
#7283=CARTESIAN_POINT('Ctrl Pts',(-1.79838557475114,1.79838557475114,-4.52500000000004));
#7284=CARTESIAN_POINT('Ctrl Pts',(-2.54330127018919,1.05346987931308,-4.47500000000004));
#7285=CARTESIAN_POINT('Ctrl Pts',(-2.54330127018919,1.5573228799023E-16,
-4.42500000000004));
#7286=CARTESIAN_POINT('Ctrl Pts',(-2.54330127018919,-1.05346987931308,-4.37500000000004));
#7287=CARTESIAN_POINT('Ctrl Pts',(-1.79838557475114,-1.79838557475114,-4.32500000000004));
#7288=CARTESIAN_POINT('Ctrl Pts',(-1.05346987931308,-2.54330127018919,-4.27500000000004));
#7289=CARTESIAN_POINT('Ctrl Pts',(-3.11464575980459E-16,-2.54330127018919,
-4.22500000000004));
#7290=CARTESIAN_POINT('Ctrl Pts',(1.05346987931308,-2.54330127018919,-4.17500000000004));
#7291=CARTESIAN_POINT('Ctrl Pts',(1.79838557475114,-1.79838557475114,-4.12500000000004));
#7292=CARTESIAN_POINT('Ctrl Pts',(2.54330127018919,-1.05346987931308,-4.07500000000004));
#7293=CARTESIAN_POINT('Ctrl Pts',(2.54330127018919,-4.67196863970689E-16,
-4.02500000000004));
#7294=CARTESIAN_POINT('Ctrl Pts',(2.54330127018919,1.05346987931308,-3.97500000000004));
#7295=CARTESIAN_POINT('Ctrl Pts',(1.79838557475114,1.79838557475114,-3.92500000000004));
#7296=CARTESIAN_POINT('Ctrl Pts',(1.05346987931309,2.54330127018919,-3.87500000000004));
#7297=CARTESIAN_POINT('Ctrl Pts',(0.,2.54330127018919,-3.82500000000004));
#7298=CARTESIAN_POINT('Ctrl Pts',(-1.05346987931308,2.54330127018919,-3.77500000000004));
#7299=CARTESIAN_POINT('Ctrl Pts',(-1.79838557475114,1.79838557475114,-3.72500000000004));
#7300=CARTESIAN_POINT('Ctrl Pts',(-2.54330127018919,1.05346987931308,-3.67500000000004));
#7301=CARTESIAN_POINT('Ctrl Pts',(-2.54330127018919,1.5573228799023E-16,
-3.62500000000004));
#7302=CARTESIAN_POINT('Ctrl Pts',(-2.54330127018919,-1.05346987931308,-3.57500000000004));
#7303=CARTESIAN_POINT('Ctrl Pts',(-1.79838557475114,-1.79838557475114,-3.52500000000004));
#7304=CARTESIAN_POINT('Ctrl Pts',(-1.05346987931308,-2.54330127018919,-3.47500000000004));
#7305=CARTESIAN_POINT('Ctrl Pts',(-3.11464575980459E-16,-2.54330127018919,
-3.42500000000004));
#7306=CARTESIAN_POINT('Ctrl Pts',(1.05346987931308,-2.54330127018919,-3.37500000000004));
#7307=CARTESIAN_POINT('Ctrl Pts',(1.79838557475114,-1.79838557475114,-3.32500000000004));
#7308=CARTESIAN_POINT('Ctrl Pts',(2.54330127018919,-1.05346987931308,-3.27500000000004));
#7309=CARTESIAN_POINT('Ctrl Pts',(2.54330127018919,-4.67196863970689E-16,
-3.22500000000004));
#7310=CARTESIAN_POINT('Ctrl Pts',(2.54330127018919,1.05346987931308,-3.17500000000004));
#7311=CARTESIAN_POINT('Ctrl Pts',(1.79838557475114,1.79838557475114,-3.12500000000004));
#7312=CARTESIAN_POINT('Ctrl Pts',(1.05346987931309,2.54330127018919,-3.07500000000004));
#7313=CARTESIAN_POINT('Ctrl Pts',(0.,2.54330127018919,-3.02500000000004));
#7314=CARTESIAN_POINT('Ctrl Pts',(-1.05346987931308,2.54330127018919,-2.97500000000004));
#7315=CARTESIAN_POINT('Ctrl Pts',(-1.79838557475114,1.79838557475114,-2.92500000000004));
#7316=CARTESIAN_POINT('Ctrl Pts',(-2.54330127018919,1.05346987931308,-2.87500000000004));
#7317=CARTESIAN_POINT('Ctrl Pts',(-2.54330127018919,1.5573228799023E-16,
-2.82500000000004));
#7318=CARTESIAN_POINT('Ctrl Pts',(-2.54330127018919,-1.05346987931308,-2.77500000000004));
#7319=CARTESIAN_POINT('Ctrl Pts',(-1.79838557475114,-1.79838557475114,-2.72500000000004));
#7320=CARTESIAN_POINT('Ctrl Pts',(-1.05346987931308,-2.54330127018919,-2.67500000000004));
#7321=CARTESIAN_POINT('Ctrl Pts',(-3.11464575980459E-16,-2.54330127018919,
-2.62500000000004));
#7322=CARTESIAN_POINT('Ctrl Pts',(1.05346987931308,-2.54330127018919,-2.57500000000004));
#7323=CARTESIAN_POINT('Ctrl Pts',(1.79838557475114,-1.79838557475114,-2.52500000000004));
#7324=CARTESIAN_POINT('Ctrl Pts',(2.54330127018919,-1.05346987931308,-2.47500000000004));
#7325=CARTESIAN_POINT('Ctrl Pts',(2.54330127018919,-4.67196863970689E-16,
-2.42500000000004));
#7326=CARTESIAN_POINT('Ctrl Pts',(2.54330127018919,1.05346987931308,-2.37500000000004));
#7327=CARTESIAN_POINT('Ctrl Pts',(1.79838557475114,1.79838557475114,-2.32500000000004));
#7328=CARTESIAN_POINT('Ctrl Pts',(1.05346987931309,2.54330127018919,-2.27500000000004));
#7329=CARTESIAN_POINT('Ctrl Pts',(0.,2.54330127018919,-2.22500000000004));
#7330=CARTESIAN_POINT('Ctrl Pts',(-1.05346987931308,2.54330127018919,-2.17500000000004));
#7331=CARTESIAN_POINT('Ctrl Pts',(-1.79838557475114,1.79838557475114,-2.12500000000004));
#7332=CARTESIAN_POINT('Ctrl Pts',(-2.54330127018919,1.05346987931308,-2.07500000000004));
#7333=CARTESIAN_POINT('Ctrl Pts',(-2.54330127018919,1.5573228799023E-16,
-2.02500000000004));
#7334=CARTESIAN_POINT('Ctrl Pts',(-2.54330127018919,-1.05346987931308,-1.97500000000004));
#7335=CARTESIAN_POINT('Ctrl Pts',(-1.79838557475114,-1.79838557475114,-1.92500000000004));
#7336=CARTESIAN_POINT('Ctrl Pts',(-1.05346987931308,-2.54330127018919,-1.87500000000004));
#7337=CARTESIAN_POINT('Ctrl Pts',(-3.11464575980459E-16,-2.54330127018919,
-1.82500000000004));
#7338=CARTESIAN_POINT('Ctrl Pts',(1.05346987931308,-2.54330127018919,-1.77500000000004));
#7339=CARTESIAN_POINT('Ctrl Pts',(1.79838557475114,-1.79838557475114,-1.72500000000004));
#7340=CARTESIAN_POINT('Ctrl Pts',(2.54330127018919,-1.05346987931308,-1.67500000000004));
#7341=CARTESIAN_POINT('Ctrl Pts',(2.54330127018919,-4.67196863970689E-16,
-1.62500000000004));
#7342=CARTESIAN_POINT('Ctrl Pts',(2.54330127018919,1.05346987931308,-1.57500000000004));
#7343=CARTESIAN_POINT('Ctrl Pts',(1.79838557475114,1.79838557475114,-1.52500000000004));
#7344=CARTESIAN_POINT('Ctrl Pts',(1.05346987931309,2.54330127018919,-1.47500000000004));
#7345=CARTESIAN_POINT('Ctrl Pts',(0.,2.54330127018919,-1.42500000000004));
#7346=CARTESIAN_POINT('Ctrl Pts',(-1.05346987931308,2.54330127018919,-1.37500000000004));
#7347=CARTESIAN_POINT('Ctrl Pts',(-1.79838557475114,1.79838557475114,-1.32500000000004));
#7348=CARTESIAN_POINT('Ctrl Pts',(-2.54330127018919,1.05346987931308,-1.27500000000004));
#7349=CARTESIAN_POINT('Ctrl Pts',(-2.54330127018919,1.5573228799023E-16,
-1.22500000000004));
#7350=CARTESIAN_POINT('Ctrl Pts',(-2.54330127018919,-1.05346987931308,-1.17500000000004));
#7351=CARTESIAN_POINT('Ctrl Pts',(-1.79838557475114,-1.79838557475114,-1.12500000000004));
#7352=CARTESIAN_POINT('Ctrl Pts',(-1.05346987931308,-2.54330127018919,-1.07500000000004));
#7353=CARTESIAN_POINT('Ctrl Pts',(-3.11464575980459E-16,-2.54330127018919,
-1.02500000000004));
#7354=CARTESIAN_POINT('Ctrl Pts',(1.05346987931308,-2.54330127018919,-0.975000000000042));
#7355=CARTESIAN_POINT('Ctrl Pts',(1.79838557475114,-1.79838557475114,-0.925000000000042));
#7356=CARTESIAN_POINT('Ctrl Pts',(2.54330127018919,-1.05346987931308,-0.875000000000042));
#7357=CARTESIAN_POINT('Ctrl Pts',(2.54330127018919,-4.67196863970689E-16,
-0.825000000000043));
#7358=CARTESIAN_POINT('Ctrl Pts',(2.54330127018919,1.05346987931308,-0.775000000000043));
#7359=CARTESIAN_POINT('Ctrl Pts',(1.79838557475114,1.79838557475114,-0.725000000000043));
#7360=CARTESIAN_POINT('Ctrl Pts',(1.05346987931309,2.54330127018919,-0.675000000000042));
#7361=CARTESIAN_POINT('Ctrl Pts',(0.,2.54330127018919,-0.625000000000042));
#7362=CARTESIAN_POINT('Ctrl Pts',(-1.05346987931308,2.54330127018919,-0.575000000000042));
#7363=CARTESIAN_POINT('Ctrl Pts',(-1.79838557475114,1.79838557475114,-0.525000000000043));
#7364=CARTESIAN_POINT('Ctrl Pts',(-2.54330127018919,1.05346987931308,-0.475000000000043));
#7365=CARTESIAN_POINT('Ctrl Pts',(-2.54330127018919,1.5573228799023E-16,
-0.425000000000042));
#7366=CARTESIAN_POINT('Ctrl Pts',(-2.54330127018919,-1.05346987931308,-0.375000000000042));
#7367=CARTESIAN_POINT('Ctrl Pts',(-1.79838557475114,-1.79838557475114,-0.325000000000042));
#7368=CARTESIAN_POINT('Ctrl Pts',(-1.05346987931308,-2.54330127018919,-0.275000000000043));
#7369=CARTESIAN_POINT('Ctrl Pts',(-3.11464575980459E-16,-2.54330127018919,
-0.225000000000043));
#7370=CARTESIAN_POINT('Ctrl Pts',(1.05346987931308,-2.54330127018919,-0.175000000000043));
#7371=CARTESIAN_POINT('Ctrl Pts',(1.79838557475114,-1.79838557475114,-0.125000000000042));
#7372=CARTESIAN_POINT('Ctrl Pts',(2.54330127018919,-1.05346987931308,-0.075000000000042));
#7373=CARTESIAN_POINT('Ctrl Pts',(2.54330127018919,-4.67196863970689E-16,
-0.0250000000000423));
#7374=CARTESIAN_POINT('Ctrl Pts',(2.54330127018919,1.05346987931308,0.0249999999999573));
#7375=CARTESIAN_POINT('Ctrl Pts',(1.79838557475114,1.79838557475114,0.074999999999957));
#7376=CARTESIAN_POINT('Ctrl Pts',(1.05346987931309,2.54330127018919,0.124999999999957));
#7377=CARTESIAN_POINT('Ctrl Pts',(0.,2.54330127018919,0.174999999999958));
#7378=CARTESIAN_POINT('Ctrl Pts',(-1.05346987931308,2.54330127018919,0.224999999999958));
#7379=CARTESIAN_POINT('Ctrl Pts',(-1.79838557475114,1.79838557475114,0.274999999999958));
#7380=CARTESIAN_POINT('Ctrl Pts',(-2.54330127018919,1.05346987931308,0.324999999999957));
#7381=CARTESIAN_POINT('Ctrl Pts',(-2.54330127018919,1.5573228799023E-16,
0.374999999999957));
#7382=CARTESIAN_POINT('Ctrl Pts',(-2.54330127018919,-1.05346987931308,0.424999999999958));
#7383=CARTESIAN_POINT('Ctrl Pts',(-1.79838557475114,-1.79838557475114,0.474999999999958));
#7384=CARTESIAN_POINT('Ctrl Pts',(-1.05346987931308,-2.54330127018919,0.524999999999958));
#7385=CARTESIAN_POINT('Ctrl Pts',(-3.11464575980459E-16,-2.54330127018919,
0.574999999999958));
#7386=CARTESIAN_POINT('Ctrl Pts',(1.05346987931308,-2.54330127018919,0.624999999999957));
#7387=CARTESIAN_POINT('Ctrl Pts',(1.79838557475114,-1.79838557475114,0.674999999999957));
#7388=CARTESIAN_POINT('Ctrl Pts',(2.54330127018919,-1.05346987931308,0.724999999999958));
#7389=CARTESIAN_POINT('Ctrl Pts',(2.54330127018919,-4.67196863970689E-16,
0.774999999999958));
#7390=CARTESIAN_POINT('Ctrl Pts',(2.54330127018919,1.05346987931308,0.824999999999958));
#7391=CARTESIAN_POINT('Ctrl Pts',(1.79838557475114,1.79838557475114,0.874999999999957));
#7392=CARTESIAN_POINT('Ctrl Pts',(1.05346987931309,2.54330127018919,0.924999999999957));
#7393=CARTESIAN_POINT('Ctrl Pts',(0.,2.54330127018919,0.974999999999957));
#7394=CARTESIAN_POINT('Ctrl Pts',(-1.05346987931308,2.54330127018919,1.02499999999996));
#7395=CARTESIAN_POINT('Ctrl Pts',(-1.79838557475114,1.79838557475114,1.07499999999996));
#7396=CARTESIAN_POINT('Ctrl Pts',(-2.54330127018919,1.05346987931308,1.12499999999996));
#7397=CARTESIAN_POINT('Ctrl Pts',(-2.54330127018919,1.5573228799023E-16,
1.17499999999996));
#7398=CARTESIAN_POINT('Ctrl Pts',(-2.54330127018919,-1.05346987931308,1.22499999999996));
#7399=CARTESIAN_POINT('Ctrl Pts',(-1.79838557475114,-1.79838557475114,1.27499999999996));
#7400=CARTESIAN_POINT('Ctrl Pts',(-1.05346987931308,-2.54330127018919,1.32499999999996));
#7401=CARTESIAN_POINT('Ctrl Pts',(-3.11464575980459E-16,-2.54330127018919,
1.37499999999996));
#7402=CARTESIAN_POINT('Ctrl Pts',(1.05346987931308,-2.54330127018919,1.42499999999996));
#7403=CARTESIAN_POINT('Ctrl Pts',(1.79838557475114,-1.79838557475114,1.47499999999996));
#7404=CARTESIAN_POINT('Ctrl Pts',(2.54330127018919,-1.05346987931308,1.52499999999996));
#7405=CARTESIAN_POINT('Ctrl Pts',(2.54330127018919,-4.67196863970689E-16,
1.57499999999996));
#7406=CARTESIAN_POINT('Ctrl Pts',(2.54330127018919,1.05346987931308,1.62499999999996));
#7407=CARTESIAN_POINT('Ctrl Pts',(1.79838557475114,1.79838557475114,1.67499999999996));
#7408=CARTESIAN_POINT('Ctrl Pts',(1.05346987931309,2.54330127018919,1.72499999999996));
#7409=CARTESIAN_POINT('Ctrl Pts',(0.,2.54330127018919,1.77499999999996));
#7410=CARTESIAN_POINT('Ctrl Pts',(-1.05346987931308,2.54330127018919,1.82499999999996));
#7411=CARTESIAN_POINT('Ctrl Pts',(-1.79838557475114,1.79838557475114,1.87499999999996));
#7412=CARTESIAN_POINT('Ctrl Pts',(-2.54330127018919,1.05346987931308,1.92499999999996));
#7413=CARTESIAN_POINT('Ctrl Pts',(-2.54330127018919,1.5573228799023E-16,
1.97499999999996));
#7414=CARTESIAN_POINT('Ctrl Pts',(-2.54330127018919,-1.05346987931308,2.02499999999996));
#7415=CARTESIAN_POINT('Ctrl Pts',(-1.79838557475114,-1.79838557475114,2.07499999999996));
#7416=CARTESIAN_POINT('Ctrl Pts',(-1.05346987931308,-2.54330127018919,2.12499999999996));
#7417=CARTESIAN_POINT('Ctrl Pts',(-3.11464575980459E-16,-2.54330127018919,
2.17499999999996));
#7418=CARTESIAN_POINT('Ctrl Pts',(1.05346987931308,-2.54330127018919,2.22499999999996));
#7419=CARTESIAN_POINT('Ctrl Pts',(1.79838557475114,-1.79838557475114,2.27499999999996));
#7420=CARTESIAN_POINT('Ctrl Pts',(2.54330127018919,-1.05346987931308,2.32499999999996));
#7421=CARTESIAN_POINT('Ctrl Pts',(2.54330127018919,-4.67196863970689E-16,
2.37499999999996));
#7422=CARTESIAN_POINT('Ctrl Pts',(2.54330127018919,1.05346987931308,2.42499999999996));
#7423=CARTESIAN_POINT('Ctrl Pts',(1.79838557475114,1.79838557475114,2.47499999999996));
#7424=CARTESIAN_POINT('Ctrl Pts',(1.05346987931309,2.54330127018919,2.52499999999996));
#7425=CARTESIAN_POINT('Ctrl Pts',(0.,2.54330127018919,2.57499999999996));
#7426=CARTESIAN_POINT('Ctrl Pts',(-1.05346987931308,2.54330127018919,2.62499999999996));
#7427=CARTESIAN_POINT('Ctrl Pts',(-1.79838557475114,1.79838557475114,2.67499999999996));
#7428=CARTESIAN_POINT('Ctrl Pts',(-2.54330127018919,1.05346987931308,2.72499999999996));
#7429=CARTESIAN_POINT('Ctrl Pts',(-2.54330127018919,1.5573228799023E-16,
2.77499999999996));
#7430=CARTESIAN_POINT('Ctrl Pts',(-2.54330127018919,-1.05346987931308,2.82499999999996));
#7431=CARTESIAN_POINT('Ctrl Pts',(-1.79838557475114,-1.79838557475114,2.87499999999996));
#7432=CARTESIAN_POINT('Ctrl Pts',(-1.05346987931308,-2.54330127018919,2.92499999999996));
#7433=CARTESIAN_POINT('Ctrl Pts',(-3.11464575980459E-16,-2.54330127018919,
2.97499999999996));
#7434=CARTESIAN_POINT('Ctrl Pts',(1.05346987931308,-2.54330127018919,3.02499999999996));
#7435=CARTESIAN_POINT('Ctrl Pts',(1.79838557475114,-1.79838557475114,3.07499999999996));
#7436=CARTESIAN_POINT('Ctrl Pts',(2.54330127018919,-1.05346987931308,3.12499999999996));
#7437=CARTESIAN_POINT('Ctrl Pts',(2.54330127018919,-4.67196863970689E-16,
3.17499999999996));
#7438=CARTESIAN_POINT('Ctrl Pts',(2.54330127018919,1.05346987931308,3.22499999999996));
#7439=CARTESIAN_POINT('Ctrl Pts',(1.79838557475114,1.79838557475114,3.27499999999996));
#7440=CARTESIAN_POINT('Ctrl Pts',(1.05346987931309,2.54330127018919,3.32499999999996));
#7441=CARTESIAN_POINT('Ctrl Pts',(0.,2.54330127018919,3.37499999999996));
#7442=CARTESIAN_POINT('Ctrl Pts',(-1.05346987931308,2.54330127018919,3.42499999999996));
#7443=CARTESIAN_POINT('Ctrl Pts',(-1.79838557475114,1.79838557475114,3.47499999999996));
#7444=CARTESIAN_POINT('Ctrl Pts',(-2.54330127018919,1.05346987931308,3.52499999999996));
#7445=CARTESIAN_POINT('Ctrl Pts',(-2.54330127018919,1.5573228799023E-16,
3.57499999999996));
#7446=CARTESIAN_POINT('Ctrl Pts',(-2.54330127018919,-1.05346987931308,3.62499999999996));
#7447=CARTESIAN_POINT('Ctrl Pts',(-1.79838557475114,-1.79838557475114,3.67499999999996));
#7448=CARTESIAN_POINT('Ctrl Pts',(-1.05346987931308,-2.54330127018919,3.72499999999996));
#7449=CARTESIAN_POINT('Ctrl Pts',(-3.11464575980459E-16,-2.54330127018919,
3.77499999999996));
#7450=CARTESIAN_POINT('Ctrl Pts',(1.05346987931308,-2.54330127018919,3.82499999999996));
#7451=CARTESIAN_POINT('Ctrl Pts',(1.79838557475114,-1.79838557475114,3.87499999999996));
#7452=CARTESIAN_POINT('Ctrl Pts',(2.54330127018919,-1.05346987931308,3.92499999999996));
#7453=CARTESIAN_POINT('Ctrl Pts',(2.54330127018919,-4.67196863970689E-16,
3.97499999999996));
#7454=CARTESIAN_POINT('Ctrl Pts',(2.54330127018919,1.05346987931308,4.02499999999996));
#7455=CARTESIAN_POINT('Ctrl Pts',(1.79838557475114,1.79838557475114,4.07499999999996));
#7456=CARTESIAN_POINT('Ctrl Pts',(1.05346987931309,2.54330127018919,4.12499999999996));
#7457=CARTESIAN_POINT('Ctrl Pts',(0.,2.54330127018919,4.17499999999996));
#7458=CARTESIAN_POINT('Ctrl Pts',(-1.05346987931308,2.54330127018919,4.22499999999996));
#7459=CARTESIAN_POINT('Ctrl Pts',(-1.79838557475114,1.79838557475114,4.27499999999996));
#7460=CARTESIAN_POINT('Ctrl Pts',(-2.54330127018919,1.05346987931308,4.32499999999996));
#7461=CARTESIAN_POINT('Ctrl Pts',(-2.54330127018919,1.5573228799023E-16,
4.37499999999996));
#7462=CARTESIAN_POINT('Ctrl Pts',(-2.54330127018919,-1.05346987931308,4.42499999999996));
#7463=CARTESIAN_POINT('Ctrl Pts',(-1.79838557475114,-1.79838557475114,4.47499999999996));
#7464=CARTESIAN_POINT('Ctrl Pts',(-1.05346987931308,-2.54330127018919,4.52499999999996));
#7465=CARTESIAN_POINT('Ctrl Pts',(-3.11464575980459E-16,-2.54330127018919,
4.57499999999996));
#7466=CARTESIAN_POINT('Ctrl Pts',(1.05346987931308,-2.54330127018919,4.62499999999996));
#7467=CARTESIAN_POINT('Ctrl Pts',(1.79838557475114,-1.79838557475114,4.67499999999996));
#7468=CARTESIAN_POINT('Ctrl Pts',(2.54330127018919,-1.05346987931308,4.72499999999996));
#7469=CARTESIAN_POINT('Ctrl Pts',(2.54330127018919,-4.67196863970689E-16,
4.77499999999996));
#7470=CARTESIAN_POINT('Ctrl Pts',(2.54330127018919,1.05346987931308,4.82499999999996));
#7471=CARTESIAN_POINT('Ctrl Pts',(1.79838557475114,1.79838557475114,4.87499999999996));
#7472=CARTESIAN_POINT('Ctrl Pts',(1.05346987931309,2.54330127018919,4.92499999999996));
#7473=CARTESIAN_POINT('Ctrl Pts',(0.,2.54330127018919,4.97499999999996));
#7474=CARTESIAN_POINT('Ctrl Pts',(-1.05346987931308,2.54330127018919,5.02499999999996));
#7475=CARTESIAN_POINT('Ctrl Pts',(-1.79838557475114,1.79838557475114,5.07499999999996));
#7476=CARTESIAN_POINT('Ctrl Pts',(-2.54330127018919,1.05346987931308,5.12499999999996));
#7477=CARTESIAN_POINT('Ctrl Pts',(-2.54330127018919,1.5573228799023E-16,
5.17499999999996));
#7478=CARTESIAN_POINT('Ctrl Pts',(-2.54330127018919,-1.05346987931308,5.22499999999996));
#7479=CARTESIAN_POINT('Ctrl Pts',(-1.79838557475114,-1.79838557475114,5.27499999999996));
#7480=CARTESIAN_POINT('Ctrl Pts',(-1.05346987931308,-2.54330127018919,5.32499999999996));
#7481=CARTESIAN_POINT('Ctrl Pts',(-3.11464575980459E-16,-2.54330127018919,
5.37499999999996));
#7482=CARTESIAN_POINT('Ctrl Pts',(1.05346987931308,-2.54330127018919,5.42499999999996));
#7483=CARTESIAN_POINT('Ctrl Pts',(1.79838557475114,-1.79838557475114,5.47499999999996));
#7484=CARTESIAN_POINT('Ctrl Pts',(2.54330127018919,-1.05346987931308,5.52499999999996));
#7485=CARTESIAN_POINT('Ctrl Pts',(2.54330127018919,-4.67196863970689E-16,
5.57499999999996));
#7486=CARTESIAN_POINT('Ctrl Pts',(2.54330127018919,1.05346987931308,5.62499999999996));
#7487=CARTESIAN_POINT('Ctrl Pts',(1.79838557475114,1.79838557475114,5.67499999999996));
#7488=CARTESIAN_POINT('Ctrl Pts',(1.05346987931309,2.54330127018919,5.72499999999996));
#7489=CARTESIAN_POINT('Ctrl Pts',(0.,2.54330127018919,5.77499999999996));
#7490=CARTESIAN_POINT('Ctrl Pts',(-1.05346987931308,2.54330127018919,5.82499999999996));
#7491=CARTESIAN_POINT('Ctrl Pts',(-1.79838557475114,1.79838557475114,5.87499999999996));
#7492=CARTESIAN_POINT('Ctrl Pts',(-2.54330127018919,1.05346987931308,5.92499999999996));
#7493=CARTESIAN_POINT('Ctrl Pts',(-2.54330127018919,1.5573228799023E-16,
5.97499999999996));
#7494=CARTESIAN_POINT('Ctrl Pts',(-2.54330127018919,-1.05346987931308,6.02499999999996));
#7495=CARTESIAN_POINT('Ctrl Pts',(-1.79838557475114,-1.79838557475114,6.07499999999996));
#7496=CARTESIAN_POINT('Ctrl Pts',(-1.05346987931308,-2.54330127018919,6.12499999999996));
#7497=CARTESIAN_POINT('Ctrl Pts',(-3.11464575980459E-16,-2.54330127018919,
6.17499999999996));
#7498=CARTESIAN_POINT('Ctrl Pts',(1.05346987931308,-2.54330127018919,6.22499999999996));
#7499=CARTESIAN_POINT('Ctrl Pts',(1.79838557475114,-1.79838557475114,6.27499999999996));
#7500=CARTESIAN_POINT('Ctrl Pts',(2.54330127018919,-1.05346987931308,6.32499999999996));
#7501=CARTESIAN_POINT('Ctrl Pts',(2.54330127018919,-4.67196863970689E-16,
6.37499999999996));
#7502=CARTESIAN_POINT('Ctrl Pts',(2.54330127018919,1.05346987931308,6.42499999999996));
#7503=CARTESIAN_POINT('Ctrl Pts',(1.79838557475114,1.79838557475114,6.47499999999996));
#7504=CARTESIAN_POINT('Ctrl Pts',(1.05346987931309,2.54330127018919,6.52499999999996));
#7505=CARTESIAN_POINT('Ctrl Pts',(0.,2.54330127018919,6.57499999999996));
#7506=CARTESIAN_POINT('Ctrl Pts',(-1.05346987931308,2.54330127018919,6.62499999999996));
#7507=CARTESIAN_POINT('Ctrl Pts',(-1.79838557475114,1.79838557475114,6.67499999999996));
#7508=CARTESIAN_POINT('Ctrl Pts',(-2.54330127018919,1.05346987931308,6.72499999999996));
#7509=CARTESIAN_POINT('Ctrl Pts',(-2.54330127018919,1.5573228799023E-16,
6.77499999999996));
#7510=CARTESIAN_POINT('Ctrl Pts',(-2.54330127018919,-1.05346987931308,6.82499999999996));
#7511=CARTESIAN_POINT('Ctrl Pts',(-1.79838557475114,-1.79838557475114,6.87499999999996));
#7512=CARTESIAN_POINT('Ctrl Pts',(-1.05346987931308,-2.54330127018919,6.92499999999996));
#7513=CARTESIAN_POINT('Ctrl Pts',(-3.11464575980459E-16,-2.54330127018919,
6.97499999999996));
#7514=CARTESIAN_POINT('Ctrl Pts',(1.05346987931308,-2.54330127018919,7.02499999999996));
#7515=CARTESIAN_POINT('Ctrl Pts',(1.79838557475114,-1.79838557475114,7.07499999999996));
#7516=CARTESIAN_POINT('Ctrl Pts',(2.54330127018919,-1.05346987931308,7.12499999999996));
#7517=CARTESIAN_POINT('Ctrl Pts',(2.54330127018919,-4.67196863970689E-16,
7.17499999999996));
#7518=CARTESIAN_POINT('Ctrl Pts',(2.54330127018919,1.05346987931308,7.22499999999996));
#7519=CARTESIAN_POINT('Ctrl Pts',(1.79838557475114,1.79838557475114,7.27499999999996));
#7520=CARTESIAN_POINT('Ctrl Pts',(1.05346987931309,2.54330127018919,7.32499999999996));
#7521=CARTESIAN_POINT('Ctrl Pts',(0.,2.54330127018919,7.37499999999996));
#7522=CARTESIAN_POINT('Ctrl Pts',(-1.05346987931308,2.54330127018919,7.42499999999996));
#7523=CARTESIAN_POINT('Ctrl Pts',(-1.79838557475114,1.79838557475114,7.47499999999996));
#7524=CARTESIAN_POINT('Ctrl Pts',(-2.54330127018919,1.05346987931308,7.52499999999996));
#7525=CARTESIAN_POINT('Ctrl Pts',(-2.54330127018919,1.5573228799023E-16,
7.57499999999996));
#7526=CARTESIAN_POINT('Ctrl Pts',(-2.54330127018919,-1.05346987931308,7.62499999999996));
#7527=CARTESIAN_POINT('Ctrl Pts',(-1.79838557475114,-1.79838557475114,7.67499999999996));
#7528=CARTESIAN_POINT('Ctrl Pts',(-1.05346987931308,-2.54330127018919,7.72499999999996));
#7529=CARTESIAN_POINT('Ctrl Pts',(-3.11464575980459E-16,-2.54330127018919,
7.77499999999996));
#7530=CARTESIAN_POINT('Ctrl Pts',(1.05346987931308,-2.54330127018919,7.82499999999996));
#7531=CARTESIAN_POINT('Ctrl Pts',(1.79838557475114,-1.79838557475114,7.87499999999996));
#7532=CARTESIAN_POINT('Ctrl Pts',(2.54330127018919,-1.05346987931308,7.92499999999996));
#7533=CARTESIAN_POINT('Ctrl Pts',(2.54330127018919,-4.67196863970689E-16,
7.97499999999996));
#7534=CARTESIAN_POINT('Ctrl Pts',(2.54330127018919,1.05346987931308,8.02499999999996));
#7535=CARTESIAN_POINT('Ctrl Pts',(1.79838557475114,1.79838557475114,8.07499999999996));
#7536=CARTESIAN_POINT('Ctrl Pts',(1.05346987931309,2.54330127018919,8.12499999999996));
#7537=CARTESIAN_POINT('Ctrl Pts',(0.,2.54330127018919,8.17499999999996));
#7538=CARTESIAN_POINT('Ctrl Pts',(-1.05346987931308,2.54330127018919,8.22499999999996));
#7539=CARTESIAN_POINT('Ctrl Pts',(-1.79838557475114,1.79838557475114,8.27499999999996));
#7540=CARTESIAN_POINT('Ctrl Pts',(-2.54330127018919,1.05346987931308,8.32499999999996));
#7541=CARTESIAN_POINT('Ctrl Pts',(-2.54330127018919,1.5573228799023E-16,
8.37499999999996));
#7542=CARTESIAN_POINT('Ctrl Pts',(-2.54330127018919,-1.05346987931308,8.42499999999996));
#7543=CARTESIAN_POINT('Ctrl Pts',(-1.79838557475114,-1.79838557475114,8.47499999999996));
#7544=CARTESIAN_POINT('Ctrl Pts',(-1.05346987931308,-2.54330127018919,8.52499999999996));
#7545=CARTESIAN_POINT('Ctrl Pts',(-3.11464575980459E-16,-2.54330127018919,
8.57499999999996));
#7546=CARTESIAN_POINT('Ctrl Pts',(1.05346987931308,-2.54330127018919,8.62499999999996));
#7547=CARTESIAN_POINT('Ctrl Pts',(1.79838557475114,-1.79838557475114,8.67499999999996));
#7548=CARTESIAN_POINT('Ctrl Pts',(2.54330127018919,-1.05346987931308,8.72499999999996));
#7549=CARTESIAN_POINT('Ctrl Pts',(2.54330127018919,-4.67196863970689E-16,
8.77499999999996));
#7550=CARTESIAN_POINT('Ctrl Pts',(2.54330127018919,1.05346987931308,8.82499999999996));
#7551=CARTESIAN_POINT('Ctrl Pts',(1.79838557475114,1.79838557475114,8.87499999999996));
#7552=CARTESIAN_POINT('Ctrl Pts',(1.05346987931309,2.54330127018919,8.92499999999996));
#7553=CARTESIAN_POINT('Ctrl Pts',(0.,2.54330127018919,8.97499999999996));
#7554=CARTESIAN_POINT('Ctrl Pts',(-1.05346987931308,2.54330127018919,9.02499999999996));
#7555=CARTESIAN_POINT('Ctrl Pts',(-1.79838557475114,1.79838557475114,9.07499999999996));
#7556=CARTESIAN_POINT('Ctrl Pts',(-2.54330127018919,1.05346987931308,9.12499999999996));
#7557=CARTESIAN_POINT('Ctrl Pts',(-2.54330127018919,1.5573228799023E-16,
9.17499999999996));
#7558=CARTESIAN_POINT('Ctrl Pts',(-2.54330127018919,-1.05346987931308,9.22499999999996));
#7559=CARTESIAN_POINT('Ctrl Pts',(-1.79838557475114,-1.79838557475114,9.27499999999996));
#7560=CARTESIAN_POINT('Ctrl Pts',(-1.05346987931308,-2.54330127018919,9.32499999999996));
#7561=CARTESIAN_POINT('Ctrl Pts',(-3.11464575980459E-16,-2.54330127018919,
9.37499999999996));
#7562=CARTESIAN_POINT('Ctrl Pts',(1.05346987931308,-2.54330127018919,9.42499999999996));
#7563=CARTESIAN_POINT('Ctrl Pts',(1.79838557475114,-1.79838557475114,9.47499999999996));
#7564=CARTESIAN_POINT('Ctrl Pts',(2.54330127018919,-1.05346987931308,9.52499999999996));
#7565=CARTESIAN_POINT('Ctrl Pts',(2.54330127018919,-4.67196863970689E-16,
9.57499999999996));
#7566=CARTESIAN_POINT('Ctrl Pts',(2.54330127018919,1.05346987931308,9.62499999999996));
#7567=CARTESIAN_POINT('Ctrl Pts',(1.79838557475114,1.79838557475114,9.67499999999996));
#7568=CARTESIAN_POINT('Ctrl Pts',(1.05346987931309,2.54330127018919,9.72499999999996));
#7569=CARTESIAN_POINT('Ctrl Pts',(0.,2.54330127018919,9.77499999999996));
#7570=CARTESIAN_POINT('Ctrl Pts',(-1.05346987931308,2.54330127018919,9.82499999999996));
#7571=CARTESIAN_POINT('Ctrl Pts',(-1.79838557475114,1.79838557475114,9.87499999999996));
#7572=CARTESIAN_POINT('Ctrl Pts',(-2.54330127018919,1.05346987931308,9.92499999999996));
#7573=CARTESIAN_POINT('Ctrl Pts',(-2.54330127018919,1.5573228799023E-16,
9.97499999999996));
#7574=CARTESIAN_POINT('Ctrl Pts',(-2.54330127018919,-1.05346987931308,10.025));
#7575=CARTESIAN_POINT('Ctrl Pts',(-1.79838557475114,-1.79838557475114,10.075));
#7576=CARTESIAN_POINT('Ctrl Pts',(-1.05346987931308,-2.54330127018919,10.125));
#7577=CARTESIAN_POINT('Ctrl Pts',(-3.11464575980459E-16,-2.54330127018919,
10.175));
#7578=CARTESIAN_POINT('Ctrl Pts',(1.05346987931308,-2.54330127018919,10.225));
#7579=CARTESIAN_POINT('Ctrl Pts',(1.79838557475114,-1.79838557475114,10.275));
#7580=CARTESIAN_POINT('Ctrl Pts',(2.54330127018919,-1.05346987931308,10.325));
#7581=CARTESIAN_POINT('Ctrl Pts',(2.54330127018919,-4.67196863970689E-16,
10.375));
#7582=CARTESIAN_POINT('Ctrl Pts',(2.54330127018919,1.05346987931308,10.425));
#7583=CARTESIAN_POINT('Ctrl Pts',(1.79838557475114,1.79838557475114,10.475));
#7584=CARTESIAN_POINT('Ctrl Pts',(1.05346987931309,2.54330127018919,10.525));
#7585=CARTESIAN_POINT('Ctrl Pts',(0.,2.54330127018919,10.575));
#7586=CARTESIAN_POINT('Ctrl Pts',(-1.05346987931308,2.54330127018919,10.625));
#7587=CARTESIAN_POINT('Ctrl Pts',(-1.79838557475114,1.79838557475114,10.675));
#7588=CARTESIAN_POINT('Ctrl Pts',(-2.54330127018919,1.05346987931308,10.725));
#7589=CARTESIAN_POINT('Ctrl Pts',(-2.54330127018919,1.5573228799023E-16,
10.775));
#7590=CARTESIAN_POINT('Ctrl Pts',(-2.54330127018919,-1.05346987931308,10.825));
#7591=CARTESIAN_POINT('Ctrl Pts',(-1.79838557475114,-1.79838557475114,10.875));
#7592=CARTESIAN_POINT('Ctrl Pts',(-1.05346987931308,-2.54330127018919,10.925));
#7593=CARTESIAN_POINT('Ctrl Pts',(-3.11464575980459E-16,-2.54330127018919,
10.975));
#7594=CARTESIAN_POINT('Ctrl Pts',(1.05346987931308,-2.54330127018919,11.025));
#7595=CARTESIAN_POINT('Ctrl Pts',(1.79838557475114,-1.79838557475114,11.075));
#7596=CARTESIAN_POINT('Ctrl Pts',(2.54330127018919,-1.05346987931308,11.125));
#7597=CARTESIAN_POINT('Ctrl Pts',(2.54330127018919,-4.67196863970689E-16,
11.175));
#7598=CARTESIAN_POINT('Ctrl Pts',(2.54330127018919,1.05346987931308,11.225));
#7599=CARTESIAN_POINT('Ctrl Pts',(1.79838557475114,1.79838557475114,11.275));
#7600=CARTESIAN_POINT('Ctrl Pts',(1.05346987931309,2.54330127018919,11.325));
#7601=CARTESIAN_POINT('Ctrl Pts',(0.,2.54330127018919,11.375));
#7602=CARTESIAN_POINT('Ctrl Pts',(-1.05346987931308,2.54330127018919,11.425));
#7603=CARTESIAN_POINT('Ctrl Pts',(-1.79838557475114,1.79838557475114,11.475));
#7604=CARTESIAN_POINT('Ctrl Pts',(-2.54330127018919,1.05346987931308,11.525));
#7605=CARTESIAN_POINT('Ctrl Pts',(-2.54330127018919,1.5573228799023E-16,
11.575));
#7606=CARTESIAN_POINT('Ctrl Pts',(0.,1.98037574875769,-14.5500052013322));
#7607=CARTESIAN_POINT('Ctrl Pts',(-0.820298493730208,1.98037574875769,-14.5000052013322));
#7608=CARTESIAN_POINT('Ctrl Pts',(-1.40033712124395,1.40033712124395,-14.4500052013322));
#7609=CARTESIAN_POINT('Ctrl Pts',(-1.98037574875769,0.820298493730208,-14.4000052013322));
#7610=CARTESIAN_POINT('Ctrl Pts',(-1.98037574875769,1.21263041091257E-16,
-14.3500052013322));
#7611=CARTESIAN_POINT('Ctrl Pts',(-1.98037574875769,-0.820298493730208,
-14.3000052013322));
#7612=CARTESIAN_POINT('Ctrl Pts',(-1.40033712124395,-1.40033712124395,-14.2500052013322));
#7613=CARTESIAN_POINT('Ctrl Pts',(-0.820298493730208,-1.98037574875769,
-14.2000052013322));
#7614=CARTESIAN_POINT('Ctrl Pts',(-2.42526082182515E-16,-1.98037574875769,
-14.1500052013322));
#7615=CARTESIAN_POINT('Ctrl Pts',(0.820298493730207,-1.98037574875769,-14.1000052013322));
#7616=CARTESIAN_POINT('Ctrl Pts',(1.40033712124395,-1.40033712124395,-14.0500052013322));
#7617=CARTESIAN_POINT('Ctrl Pts',(1.98037574875769,-0.820298493730209,-14.0000052013322));
#7618=CARTESIAN_POINT('Ctrl Pts',(1.98037574875769,-3.63789123273772E-16,
-13.9500052013322));
#7619=CARTESIAN_POINT('Ctrl Pts',(1.98037574875769,0.820298493730208,-13.9000052013322));
#7620=CARTESIAN_POINT('Ctrl Pts',(1.40033712124395,1.40033712124395,-13.8500052013322));
#7621=CARTESIAN_POINT('Ctrl Pts',(0.820298493730209,1.98037574875769,-13.8000052013322));
#7622=CARTESIAN_POINT('Ctrl Pts',(0.,1.98037574875769,-13.7500052013322));
#7623=CARTESIAN_POINT('Ctrl Pts',(-0.820298493730208,1.98037574875769,-13.7000052013322));
#7624=CARTESIAN_POINT('Ctrl Pts',(-1.40033712124395,1.40033712124395,-13.6500052013322));
#7625=CARTESIAN_POINT('Ctrl Pts',(-1.98037574875769,0.820298493730208,-13.6000052013322));
#7626=CARTESIAN_POINT('Ctrl Pts',(-1.98037574875769,1.21263041091257E-16,
-13.5500052013322));
#7627=CARTESIAN_POINT('Ctrl Pts',(-1.98037574875769,-0.820298493730208,
-13.5000052013322));
#7628=CARTESIAN_POINT('Ctrl Pts',(-1.40033712124395,-1.40033712124395,-13.4500052013322));
#7629=CARTESIAN_POINT('Ctrl Pts',(-0.820298493730208,-1.98037574875769,
-13.4000052013322));
#7630=CARTESIAN_POINT('Ctrl Pts',(-2.42526082182515E-16,-1.98037574875769,
-13.3500052013322));
#7631=CARTESIAN_POINT('Ctrl Pts',(0.820298493730207,-1.98037574875769,-13.3000052013322));
#7632=CARTESIAN_POINT('Ctrl Pts',(1.40033712124395,-1.40033712124395,-13.2500052013322));
#7633=CARTESIAN_POINT('Ctrl Pts',(1.98037574875769,-0.820298493730209,-13.2000052013322));
#7634=CARTESIAN_POINT('Ctrl Pts',(1.98037574875769,-3.63789123273772E-16,
-13.1500052013322));
#7635=CARTESIAN_POINT('Ctrl Pts',(1.98037574875769,0.820298493730208,-13.1000052013322));
#7636=CARTESIAN_POINT('Ctrl Pts',(1.40033712124395,1.40033712124395,-13.0500052013322));
#7637=CARTESIAN_POINT('Ctrl Pts',(0.820298493730209,1.98037574875769,-13.0000052013322));
#7638=CARTESIAN_POINT('Ctrl Pts',(0.,1.98037574875769,-12.9500052013322));
#7639=CARTESIAN_POINT('Ctrl Pts',(-0.820298493730208,1.98037574875769,-12.9000052013322));
#7640=CARTESIAN_POINT('Ctrl Pts',(-1.40033712124395,1.40033712124395,-12.8500052013322));
#7641=CARTESIAN_POINT('Ctrl Pts',(-1.98037574875769,0.820298493730208,-12.8000052013322));
#7642=CARTESIAN_POINT('Ctrl Pts',(-1.98037574875769,1.21263041091257E-16,
-12.7500052013322));
#7643=CARTESIAN_POINT('Ctrl Pts',(-1.98037574875769,-0.820298493730208,
-12.7000052013322));
#7644=CARTESIAN_POINT('Ctrl Pts',(-1.40033712124395,-1.40033712124395,-12.6500052013322));
#7645=CARTESIAN_POINT('Ctrl Pts',(-0.820298493730208,-1.98037574875769,
-12.6000052013322));
#7646=CARTESIAN_POINT('Ctrl Pts',(-2.42526082182515E-16,-1.98037574875769,
-12.5500052013322));
#7647=CARTESIAN_POINT('Ctrl Pts',(0.820298493730207,-1.98037574875769,-12.5000052013322));
#7648=CARTESIAN_POINT('Ctrl Pts',(1.40033712124395,-1.40033712124395,-12.4500052013322));
#7649=CARTESIAN_POINT('Ctrl Pts',(1.98037574875769,-0.820298493730209,-12.4000052013322));
#7650=CARTESIAN_POINT('Ctrl Pts',(1.98037574875769,-3.63789123273772E-16,
-12.3500052013322));
#7651=CARTESIAN_POINT('Ctrl Pts',(1.98037574875769,0.820298493730208,-12.3000052013322));
#7652=CARTESIAN_POINT('Ctrl Pts',(1.40033712124395,1.40033712124395,-12.2500052013322));
#7653=CARTESIAN_POINT('Ctrl Pts',(0.820298493730209,1.98037574875769,-12.2000052013322));
#7654=CARTESIAN_POINT('Ctrl Pts',(0.,1.98037574875769,-12.1500052013322));
#7655=CARTESIAN_POINT('Ctrl Pts',(-0.820298493730208,1.98037574875769,-12.1000052013322));
#7656=CARTESIAN_POINT('Ctrl Pts',(-1.40033712124395,1.40033712124395,-12.0500052013322));
#7657=CARTESIAN_POINT('Ctrl Pts',(-1.98037574875769,0.820298493730208,-12.0000052013322));
#7658=CARTESIAN_POINT('Ctrl Pts',(-1.98037574875769,1.21263041091257E-16,
-11.9500052013322));
#7659=CARTESIAN_POINT('Ctrl Pts',(-1.98037574875769,-0.820298493730208,
-11.9000052013322));
#7660=CARTESIAN_POINT('Ctrl Pts',(-1.40033712124395,-1.40033712124395,-11.8500052013322));
#7661=CARTESIAN_POINT('Ctrl Pts',(-0.820298493730208,-1.98037574875769,
-11.8000052013322));
#7662=CARTESIAN_POINT('Ctrl Pts',(-2.42526082182515E-16,-1.98037574875769,
-11.7500052013322));
#7663=CARTESIAN_POINT('Ctrl Pts',(0.820298493730207,-1.98037574875769,-11.7000052013322));
#7664=CARTESIAN_POINT('Ctrl Pts',(1.40033712124395,-1.40033712124395,-11.6500052013322));
#7665=CARTESIAN_POINT('Ctrl Pts',(1.98037574875769,-0.820298493730209,-11.6000052013322));
#7666=CARTESIAN_POINT('Ctrl Pts',(1.98037574875769,-3.63789123273772E-16,
-11.5500052013322));
#7667=CARTESIAN_POINT('Ctrl Pts',(1.98037574875769,0.820298493730208,-11.5000052013322));
#7668=CARTESIAN_POINT('Ctrl Pts',(1.40033712124395,1.40033712124395,-11.4500052013322));
#7669=CARTESIAN_POINT('Ctrl Pts',(0.820298493730209,1.98037574875769,-11.4000052013322));
#7670=CARTESIAN_POINT('Ctrl Pts',(0.,1.98037574875769,-11.3500052013322));
#7671=CARTESIAN_POINT('Ctrl Pts',(-0.820298493730208,1.98037574875769,-11.3000052013322));
#7672=CARTESIAN_POINT('Ctrl Pts',(-1.40033712124395,1.40033712124395,-11.2500052013322));
#7673=CARTESIAN_POINT('Ctrl Pts',(-1.98037574875769,0.820298493730208,-11.2000052013322));
#7674=CARTESIAN_POINT('Ctrl Pts',(-1.98037574875769,1.21263041091257E-16,
-11.1500052013322));
#7675=CARTESIAN_POINT('Ctrl Pts',(-1.98037574875769,-0.820298493730208,
-11.1000052013322));
#7676=CARTESIAN_POINT('Ctrl Pts',(-1.40033712124395,-1.40033712124395,-11.0500052013322));
#7677=CARTESIAN_POINT('Ctrl Pts',(-0.820298493730208,-1.98037574875769,
-11.0000052013322));
#7678=CARTESIAN_POINT('Ctrl Pts',(-2.42526082182515E-16,-1.98037574875769,
-10.9500052013322));
#7679=CARTESIAN_POINT('Ctrl Pts',(0.820298493730207,-1.98037574875769,-10.9000052013322));
#7680=CARTESIAN_POINT('Ctrl Pts',(1.40033712124395,-1.40033712124395,-10.8500052013322));
#7681=CARTESIAN_POINT('Ctrl Pts',(1.98037574875769,-0.820298493730209,-10.8000052013322));
#7682=CARTESIAN_POINT('Ctrl Pts',(1.98037574875769,-3.63789123273772E-16,
-10.7500052013322));
#7683=CARTESIAN_POINT('Ctrl Pts',(1.98037574875769,0.820298493730208,-10.7000052013322));
#7684=CARTESIAN_POINT('Ctrl Pts',(1.40033712124395,1.40033712124395,-10.6500052013322));
#7685=CARTESIAN_POINT('Ctrl Pts',(0.820298493730209,1.98037574875769,-10.6000052013322));
#7686=CARTESIAN_POINT('Ctrl Pts',(0.,1.98037574875769,-10.5500052013322));
#7687=CARTESIAN_POINT('Ctrl Pts',(-0.820298493730208,1.98037574875769,-10.5000052013322));
#7688=CARTESIAN_POINT('Ctrl Pts',(-1.40033712124395,1.40033712124395,-10.4500052013322));
#7689=CARTESIAN_POINT('Ctrl Pts',(-1.98037574875769,0.820298493730208,-10.4000052013322));
#7690=CARTESIAN_POINT('Ctrl Pts',(-1.98037574875769,1.21263041091257E-16,
-10.3500052013322));
#7691=CARTESIAN_POINT('Ctrl Pts',(-1.98037574875769,-0.820298493730208,
-10.3000052013322));
#7692=CARTESIAN_POINT('Ctrl Pts',(-1.40033712124395,-1.40033712124395,-10.2500052013322));
#7693=CARTESIAN_POINT('Ctrl Pts',(-0.820298493730208,-1.98037574875769,
-10.2000052013322));
#7694=CARTESIAN_POINT('Ctrl Pts',(-2.42526082182515E-16,-1.98037574875769,
-10.1500052013322));
#7695=CARTESIAN_POINT('Ctrl Pts',(0.820298493730207,-1.98037574875769,-10.1000052013322));
#7696=CARTESIAN_POINT('Ctrl Pts',(1.40033712124395,-1.40033712124395,-10.0500052013322));
#7697=CARTESIAN_POINT('Ctrl Pts',(1.98037574875769,-0.820298493730209,-10.0000052013322));
#7698=CARTESIAN_POINT('Ctrl Pts',(1.98037574875769,-3.63789123273772E-16,
-9.95000520133217));
#7699=CARTESIAN_POINT('Ctrl Pts',(1.98037574875769,0.820298493730208,-9.90000520133217));
#7700=CARTESIAN_POINT('Ctrl Pts',(1.40033712124395,1.40033712124395,-9.85000520133217));
#7701=CARTESIAN_POINT('Ctrl Pts',(0.820298493730209,1.98037574875769,-9.80000520133217));
#7702=CARTESIAN_POINT('Ctrl Pts',(0.,1.98037574875769,-9.75000520133217));
#7703=CARTESIAN_POINT('Ctrl Pts',(-0.820298493730208,1.98037574875769,-9.70000520133217));
#7704=CARTESIAN_POINT('Ctrl Pts',(-1.40033712124395,1.40033712124395,-9.65000520133217));
#7705=CARTESIAN_POINT('Ctrl Pts',(-1.98037574875769,0.820298493730208,-9.60000520133217));
#7706=CARTESIAN_POINT('Ctrl Pts',(-1.98037574875769,1.21263041091257E-16,
-9.55000520133217));
#7707=CARTESIAN_POINT('Ctrl Pts',(-1.98037574875769,-0.820298493730208,
-9.50000520133217));
#7708=CARTESIAN_POINT('Ctrl Pts',(-1.40033712124395,-1.40033712124395,-9.45000520133217));
#7709=CARTESIAN_POINT('Ctrl Pts',(-0.820298493730208,-1.98037574875769,
-9.40000520133217));
#7710=CARTESIAN_POINT('Ctrl Pts',(-2.42526082182515E-16,-1.98037574875769,
-9.35000520133217));
#7711=CARTESIAN_POINT('Ctrl Pts',(0.820298493730207,-1.98037574875769,-9.30000520133217));
#7712=CARTESIAN_POINT('Ctrl Pts',(1.40033712124395,-1.40033712124395,-9.25000520133217));
#7713=CARTESIAN_POINT('Ctrl Pts',(1.98037574875769,-0.820298493730209,-9.20000520133217));
#7714=CARTESIAN_POINT('Ctrl Pts',(1.98037574875769,-3.63789123273772E-16,
-9.15000520133217));
#7715=CARTESIAN_POINT('Ctrl Pts',(1.98037574875769,0.820298493730208,-9.10000520133217));
#7716=CARTESIAN_POINT('Ctrl Pts',(1.40033712124395,1.40033712124395,-9.05000520133217));
#7717=CARTESIAN_POINT('Ctrl Pts',(0.820298493730209,1.98037574875769,-9.00000520133217));
#7718=CARTESIAN_POINT('Ctrl Pts',(0.,1.98037574875769,-8.95000520133217));
#7719=CARTESIAN_POINT('Ctrl Pts',(-0.820298493730208,1.98037574875769,-8.90000520133217));
#7720=CARTESIAN_POINT('Ctrl Pts',(-1.40033712124395,1.40033712124395,-8.85000520133217));
#7721=CARTESIAN_POINT('Ctrl Pts',(-1.98037574875769,0.820298493730208,-8.80000520133217));
#7722=CARTESIAN_POINT('Ctrl Pts',(-1.98037574875769,1.21263041091257E-16,
-8.75000520133217));
#7723=CARTESIAN_POINT('Ctrl Pts',(-1.98037574875769,-0.820298493730208,
-8.70000520133216));
#7724=CARTESIAN_POINT('Ctrl Pts',(-1.40033712124395,-1.40033712124395,-8.65000520133217));
#7725=CARTESIAN_POINT('Ctrl Pts',(-0.820298493730208,-1.98037574875769,
-8.60000520133217));
#7726=CARTESIAN_POINT('Ctrl Pts',(-2.42526082182515E-16,-1.98037574875769,
-8.55000520133217));
#7727=CARTESIAN_POINT('Ctrl Pts',(0.820298493730207,-1.98037574875769,-8.50000520133217));
#7728=CARTESIAN_POINT('Ctrl Pts',(1.40033712124395,-1.40033712124395,-8.45000520133217));
#7729=CARTESIAN_POINT('Ctrl Pts',(1.98037574875769,-0.820298493730209,-8.40000520133217));
#7730=CARTESIAN_POINT('Ctrl Pts',(1.98037574875769,-3.63789123273772E-16,
-8.35000520133217));
#7731=CARTESIAN_POINT('Ctrl Pts',(1.98037574875769,0.820298493730208,-8.30000520133217));
#7732=CARTESIAN_POINT('Ctrl Pts',(1.40033712124395,1.40033712124395,-8.25000520133217));
#7733=CARTESIAN_POINT('Ctrl Pts',(0.820298493730209,1.98037574875769,-8.20000520133217));
#7734=CARTESIAN_POINT('Ctrl Pts',(0.,1.98037574875769,-8.15000520133217));
#7735=CARTESIAN_POINT('Ctrl Pts',(-0.820298493730208,1.98037574875769,-8.10000520133217));
#7736=CARTESIAN_POINT('Ctrl Pts',(-1.40033712124395,1.40033712124395,-8.05000520133217));
#7737=CARTESIAN_POINT('Ctrl Pts',(-1.98037574875769,0.820298493730208,-8.00000520133217));
#7738=CARTESIAN_POINT('Ctrl Pts',(-1.98037574875769,1.21263041091257E-16,
-7.95000520133217));
#7739=CARTESIAN_POINT('Ctrl Pts',(-1.98037574875769,-0.820298493730208,
-7.90000520133217));
#7740=CARTESIAN_POINT('Ctrl Pts',(-1.40033712124395,-1.40033712124395,-7.85000520133217));
#7741=CARTESIAN_POINT('Ctrl Pts',(-0.820298493730208,-1.98037574875769,
-7.80000520133217));
#7742=CARTESIAN_POINT('Ctrl Pts',(-2.42526082182515E-16,-1.98037574875769,
-7.75000520133217));
#7743=CARTESIAN_POINT('Ctrl Pts',(0.820298493730207,-1.98037574875769,-7.70000520133217));
#7744=CARTESIAN_POINT('Ctrl Pts',(1.40033712124395,-1.40033712124395,-7.65000520133217));
#7745=CARTESIAN_POINT('Ctrl Pts',(1.98037574875769,-0.820298493730209,-7.60000520133217));
#7746=CARTESIAN_POINT('Ctrl Pts',(1.98037574875769,-3.63789123273772E-16,
-7.55000520133217));
#7747=CARTESIAN_POINT('Ctrl Pts',(1.98037574875769,0.820298493730208,-7.50000520133217));
#7748=CARTESIAN_POINT('Ctrl Pts',(1.40033712124395,1.40033712124395,-7.45000520133217));
#7749=CARTESIAN_POINT('Ctrl Pts',(0.820298493730209,1.98037574875769,-7.40000520133217));
#7750=CARTESIAN_POINT('Ctrl Pts',(0.,1.98037574875769,-7.35000520133217));
#7751=CARTESIAN_POINT('Ctrl Pts',(-0.820298493730208,1.98037574875769,-7.30000520133217));
#7752=CARTESIAN_POINT('Ctrl Pts',(-1.40033712124395,1.40033712124395,-7.25000520133217));
#7753=CARTESIAN_POINT('Ctrl Pts',(-1.98037574875769,0.820298493730208,-7.20000520133217));
#7754=CARTESIAN_POINT('Ctrl Pts',(-1.98037574875769,1.21263041091257E-16,
-7.15000520133217));
#7755=CARTESIAN_POINT('Ctrl Pts',(-1.98037574875769,-0.820298493730208,
-7.10000520133217));
#7756=CARTESIAN_POINT('Ctrl Pts',(-1.40033712124395,-1.40033712124395,-7.05000520133217));
#7757=CARTESIAN_POINT('Ctrl Pts',(-0.820298493730208,-1.98037574875769,
-7.00000520133217));
#7758=CARTESIAN_POINT('Ctrl Pts',(-2.42526082182515E-16,-1.98037574875769,
-6.95000520133217));
#7759=CARTESIAN_POINT('Ctrl Pts',(0.820298493730207,-1.98037574875769,-6.90000520133217));
#7760=CARTESIAN_POINT('Ctrl Pts',(1.40033712124395,-1.40033712124395,-6.85000520133217));
#7761=CARTESIAN_POINT('Ctrl Pts',(1.98037574875769,-0.820298493730209,-6.80000520133217));
#7762=CARTESIAN_POINT('Ctrl Pts',(1.98037574875769,-3.63789123273772E-16,
-6.75000520133217));
#7763=CARTESIAN_POINT('Ctrl Pts',(1.98037574875769,0.820298493730208,-6.70000520133217));
#7764=CARTESIAN_POINT('Ctrl Pts',(1.40033712124395,1.40033712124395,-6.65000520133217));
#7765=CARTESIAN_POINT('Ctrl Pts',(0.820298493730209,1.98037574875769,-6.60000520133217));
#7766=CARTESIAN_POINT('Ctrl Pts',(0.,1.98037574875769,-6.55000520133217));
#7767=CARTESIAN_POINT('Ctrl Pts',(-0.820298493730208,1.98037574875769,-6.50000520133217));
#7768=CARTESIAN_POINT('Ctrl Pts',(-1.40033712124395,1.40033712124395,-6.45000520133217));
#7769=CARTESIAN_POINT('Ctrl Pts',(-1.98037574875769,0.820298493730208,-6.40000520133217));
#7770=CARTESIAN_POINT('Ctrl Pts',(-1.98037574875769,1.21263041091257E-16,
-6.35000520133217));
#7771=CARTESIAN_POINT('Ctrl Pts',(-1.98037574875769,-0.820298493730208,
-6.30000520133217));
#7772=CARTESIAN_POINT('Ctrl Pts',(-1.40033712124395,-1.40033712124395,-6.25000520133217));
#7773=CARTESIAN_POINT('Ctrl Pts',(-0.820298493730208,-1.98037574875769,
-6.20000520133217));
#7774=CARTESIAN_POINT('Ctrl Pts',(-2.42526082182515E-16,-1.98037574875769,
-6.15000520133217));
#7775=CARTESIAN_POINT('Ctrl Pts',(0.820298493730207,-1.98037574875769,-6.10000520133217));
#7776=CARTESIAN_POINT('Ctrl Pts',(1.40033712124395,-1.40033712124395,-6.05000520133217));
#7777=CARTESIAN_POINT('Ctrl Pts',(1.98037574875769,-0.820298493730209,-6.00000520133217));
#7778=CARTESIAN_POINT('Ctrl Pts',(1.98037574875769,-3.63789123273772E-16,
-5.95000520133217));
#7779=CARTESIAN_POINT('Ctrl Pts',(1.98037574875769,0.820298493730208,-5.90000520133217));
#7780=CARTESIAN_POINT('Ctrl Pts',(1.40033712124395,1.40033712124395,-5.85000520133217));
#7781=CARTESIAN_POINT('Ctrl Pts',(0.820298493730209,1.98037574875769,-5.80000520133217));
#7782=CARTESIAN_POINT('Ctrl Pts',(0.,1.98037574875769,-5.75000520133217));
#7783=CARTESIAN_POINT('Ctrl Pts',(-0.820298493730208,1.98037574875769,-5.70000520133217));
#7784=CARTESIAN_POINT('Ctrl Pts',(-1.40033712124395,1.40033712124395,-5.65000520133217));
#7785=CARTESIAN_POINT('Ctrl Pts',(-1.98037574875769,0.820298493730208,-5.60000520133217));
#7786=CARTESIAN_POINT('Ctrl Pts',(-1.98037574875769,1.21263041091257E-16,
-5.55000520133217));
#7787=CARTESIAN_POINT('Ctrl Pts',(-1.98037574875769,-0.820298493730208,
-5.50000520133217));
#7788=CARTESIAN_POINT('Ctrl Pts',(-1.40033712124395,-1.40033712124395,-5.45000520133217));
#7789=CARTESIAN_POINT('Ctrl Pts',(-0.820298493730208,-1.98037574875769,
-5.40000520133217));
#7790=CARTESIAN_POINT('Ctrl Pts',(-2.42526082182515E-16,-1.98037574875769,
-5.35000520133217));
#7791=CARTESIAN_POINT('Ctrl Pts',(0.820298493730207,-1.98037574875769,-5.30000520133217));
#7792=CARTESIAN_POINT('Ctrl Pts',(1.40033712124395,-1.40033712124395,-5.25000520133217));
#7793=CARTESIAN_POINT('Ctrl Pts',(1.98037574875769,-0.820298493730209,-5.20000520133217));
#7794=CARTESIAN_POINT('Ctrl Pts',(1.98037574875769,-3.63789123273772E-16,
-5.15000520133217));
#7795=CARTESIAN_POINT('Ctrl Pts',(1.98037574875769,0.820298493730208,-5.10000520133217));
#7796=CARTESIAN_POINT('Ctrl Pts',(1.40033712124395,1.40033712124395,-5.05000520133217));
#7797=CARTESIAN_POINT('Ctrl Pts',(0.820298493730209,1.98037574875769,-5.00000520133217));
#7798=CARTESIAN_POINT('Ctrl Pts',(0.,1.98037574875769,-4.95000520133217));
#7799=CARTESIAN_POINT('Ctrl Pts',(-0.820298493730208,1.98037574875769,-4.90000520133217));
#7800=CARTESIAN_POINT('Ctrl Pts',(-1.40033712124395,1.40033712124395,-4.85000520133217));
#7801=CARTESIAN_POINT('Ctrl Pts',(-1.98037574875769,0.820298493730208,-4.80000520133217));
#7802=CARTESIAN_POINT('Ctrl Pts',(-1.98037574875769,1.21263041091257E-16,
-4.75000520133217));
#7803=CARTESIAN_POINT('Ctrl Pts',(-1.98037574875769,-0.820298493730208,
-4.70000520133217));
#7804=CARTESIAN_POINT('Ctrl Pts',(-1.40033712124395,-1.40033712124395,-4.65000520133217));
#7805=CARTESIAN_POINT('Ctrl Pts',(-0.820298493730208,-1.98037574875769,
-4.60000520133217));
#7806=CARTESIAN_POINT('Ctrl Pts',(-2.42526082182515E-16,-1.98037574875769,
-4.55000520133217));
#7807=CARTESIAN_POINT('Ctrl Pts',(0.820298493730207,-1.98037574875769,-4.50000520133217));
#7808=CARTESIAN_POINT('Ctrl Pts',(1.40033712124395,-1.40033712124395,-4.45000520133217));
#7809=CARTESIAN_POINT('Ctrl Pts',(1.98037574875769,-0.820298493730209,-4.40000520133217));
#7810=CARTESIAN_POINT('Ctrl Pts',(1.98037574875769,-3.63789123273772E-16,
-4.35000520133217));
#7811=CARTESIAN_POINT('Ctrl Pts',(1.98037574875769,0.820298493730208,-4.30000520133217));
#7812=CARTESIAN_POINT('Ctrl Pts',(1.40033712124395,1.40033712124395,-4.25000520133217));
#7813=CARTESIAN_POINT('Ctrl Pts',(0.820298493730209,1.98037574875769,-4.20000520133217));
#7814=CARTESIAN_POINT('Ctrl Pts',(0.,1.98037574875769,-4.15000520133217));
#7815=CARTESIAN_POINT('Ctrl Pts',(-0.820298493730208,1.98037574875769,-4.10000520133217));
#7816=CARTESIAN_POINT('Ctrl Pts',(-1.40033712124395,1.40033712124395,-4.05000520133217));
#7817=CARTESIAN_POINT('Ctrl Pts',(-1.98037574875769,0.820298493730208,-4.00000520133217));
#7818=CARTESIAN_POINT('Ctrl Pts',(-1.98037574875769,1.21263041091257E-16,
-3.95000520133217));
#7819=CARTESIAN_POINT('Ctrl Pts',(-1.98037574875769,-0.820298493730208,
-3.90000520133217));
#7820=CARTESIAN_POINT('Ctrl Pts',(-1.40033712124395,-1.40033712124395,-3.85000520133217));
#7821=CARTESIAN_POINT('Ctrl Pts',(-0.820298493730208,-1.98037574875769,
-3.80000520133217));
#7822=CARTESIAN_POINT('Ctrl Pts',(-2.42526082182515E-16,-1.98037574875769,
-3.75000520133217));
#7823=CARTESIAN_POINT('Ctrl Pts',(0.820298493730207,-1.98037574875769,-3.70000520133217));
#7824=CARTESIAN_POINT('Ctrl Pts',(1.40033712124395,-1.40033712124395,-3.65000520133217));
#7825=CARTESIAN_POINT('Ctrl Pts',(1.98037574875769,-0.820298493730209,-3.60000520133217));
#7826=CARTESIAN_POINT('Ctrl Pts',(1.98037574875769,-3.63789123273772E-16,
-3.55000520133217));
#7827=CARTESIAN_POINT('Ctrl Pts',(1.98037574875769,0.820298493730208,-3.50000520133217));
#7828=CARTESIAN_POINT('Ctrl Pts',(1.40033712124395,1.40033712124395,-3.45000520133217));
#7829=CARTESIAN_POINT('Ctrl Pts',(0.820298493730209,1.98037574875769,-3.40000520133217));
#7830=CARTESIAN_POINT('Ctrl Pts',(0.,1.98037574875769,-3.35000520133217));
#7831=CARTESIAN_POINT('Ctrl Pts',(-0.820298493730208,1.98037574875769,-3.30000520133217));
#7832=CARTESIAN_POINT('Ctrl Pts',(-1.40033712124395,1.40033712124395,-3.25000520133217));
#7833=CARTESIAN_POINT('Ctrl Pts',(-1.98037574875769,0.820298493730208,-3.20000520133217));
#7834=CARTESIAN_POINT('Ctrl Pts',(-1.98037574875769,1.21263041091257E-16,
-3.15000520133217));
#7835=CARTESIAN_POINT('Ctrl Pts',(-1.98037574875769,-0.820298493730208,
-3.10000520133217));
#7836=CARTESIAN_POINT('Ctrl Pts',(-1.40033712124395,-1.40033712124395,-3.05000520133217));
#7837=CARTESIAN_POINT('Ctrl Pts',(-0.820298493730208,-1.98037574875769,
-3.00000520133217));
#7838=CARTESIAN_POINT('Ctrl Pts',(-2.42526082182515E-16,-1.98037574875769,
-2.95000520133217));
#7839=CARTESIAN_POINT('Ctrl Pts',(0.820298493730207,-1.98037574875769,-2.90000520133217));
#7840=CARTESIAN_POINT('Ctrl Pts',(1.40033712124395,-1.40033712124395,-2.85000520133217));
#7841=CARTESIAN_POINT('Ctrl Pts',(1.98037574875769,-0.820298493730209,-2.80000520133217));
#7842=CARTESIAN_POINT('Ctrl Pts',(1.98037574875769,-3.63789123273772E-16,
-2.75000520133217));
#7843=CARTESIAN_POINT('Ctrl Pts',(1.98037574875769,0.820298493730208,-2.70000520133217));
#7844=CARTESIAN_POINT('Ctrl Pts',(1.40033712124395,1.40033712124395,-2.65000520133217));
#7845=CARTESIAN_POINT('Ctrl Pts',(0.820298493730209,1.98037574875769,-2.60000520133217));
#7846=CARTESIAN_POINT('Ctrl Pts',(0.,1.98037574875769,-2.55000520133217));
#7847=CARTESIAN_POINT('Ctrl Pts',(-0.820298493730208,1.98037574875769,-2.50000520133217));
#7848=CARTESIAN_POINT('Ctrl Pts',(-1.40033712124395,1.40033712124395,-2.45000520133217));
#7849=CARTESIAN_POINT('Ctrl Pts',(-1.98037574875769,0.820298493730208,-2.40000520133217));
#7850=CARTESIAN_POINT('Ctrl Pts',(-1.98037574875769,1.21263041091257E-16,
-2.35000520133217));
#7851=CARTESIAN_POINT('Ctrl Pts',(-1.98037574875769,-0.820298493730208,
-2.30000520133217));
#7852=CARTESIAN_POINT('Ctrl Pts',(-1.40033712124395,-1.40033712124395,-2.25000520133217));
#7853=CARTESIAN_POINT('Ctrl Pts',(-0.820298493730208,-1.98037574875769,
-2.20000520133217));
#7854=CARTESIAN_POINT('Ctrl Pts',(-2.42526082182515E-16,-1.98037574875769,
-2.15000520133217));
#7855=CARTESIAN_POINT('Ctrl Pts',(0.820298493730207,-1.98037574875769,-2.10000520133217));
#7856=CARTESIAN_POINT('Ctrl Pts',(1.40033712124395,-1.40033712124395,-2.05000520133217));
#7857=CARTESIAN_POINT('Ctrl Pts',(1.98037574875769,-0.820298493730209,-2.00000520133217));
#7858=CARTESIAN_POINT('Ctrl Pts',(1.98037574875769,-3.63789123273772E-16,
-1.95000520133217));
#7859=CARTESIAN_POINT('Ctrl Pts',(1.98037574875769,0.820298493730208,-1.90000520133217));
#7860=CARTESIAN_POINT('Ctrl Pts',(1.40033712124395,1.40033712124395,-1.85000520133217));
#7861=CARTESIAN_POINT('Ctrl Pts',(0.820298493730209,1.98037574875769,-1.80000520133217));
#7862=CARTESIAN_POINT('Ctrl Pts',(0.,1.98037574875769,-1.75000520133217));
#7863=CARTESIAN_POINT('Ctrl Pts',(-0.820298493730208,1.98037574875769,-1.70000520133217));
#7864=CARTESIAN_POINT('Ctrl Pts',(-1.40033712124395,1.40033712124395,-1.65000520133217));
#7865=CARTESIAN_POINT('Ctrl Pts',(-1.98037574875769,0.820298493730208,-1.60000520133217));
#7866=CARTESIAN_POINT('Ctrl Pts',(-1.98037574875769,1.21263041091257E-16,
-1.55000520133217));
#7867=CARTESIAN_POINT('Ctrl Pts',(-1.98037574875769,-0.820298493730208,
-1.50000520133217));
#7868=CARTESIAN_POINT('Ctrl Pts',(-1.40033712124395,-1.40033712124395,-1.45000520133217));
#7869=CARTESIAN_POINT('Ctrl Pts',(-0.820298493730208,-1.98037574875769,
-1.40000520133217));
#7870=CARTESIAN_POINT('Ctrl Pts',(-2.42526082182515E-16,-1.98037574875769,
-1.35000520133217));
#7871=CARTESIAN_POINT('Ctrl Pts',(0.820298493730207,-1.98037574875769,-1.30000520133217));
#7872=CARTESIAN_POINT('Ctrl Pts',(1.40033712124395,-1.40033712124395,-1.25000520133217));
#7873=CARTESIAN_POINT('Ctrl Pts',(1.98037574875769,-0.820298493730209,-1.20000520133217));
#7874=CARTESIAN_POINT('Ctrl Pts',(1.98037574875769,-3.63789123273772E-16,
-1.15000520133217));
#7875=CARTESIAN_POINT('Ctrl Pts',(1.98037574875769,0.820298493730208,-1.10000520133217));
#7876=CARTESIAN_POINT('Ctrl Pts',(1.40033712124395,1.40033712124395,-1.05000520133217));
#7877=CARTESIAN_POINT('Ctrl Pts',(0.820298493730209,1.98037574875769,-1.00000520133217));
#7878=CARTESIAN_POINT('Ctrl Pts',(0.,1.98037574875769,-0.950005201332166));
#7879=CARTESIAN_POINT('Ctrl Pts',(-0.820298493730208,1.98037574875769,-0.900005201332167));
#7880=CARTESIAN_POINT('Ctrl Pts',(-1.40033712124395,1.40033712124395,-0.850005201332167));
#7881=CARTESIAN_POINT('Ctrl Pts',(-1.98037574875769,0.820298493730208,-0.800005201332167));
#7882=CARTESIAN_POINT('Ctrl Pts',(-1.98037574875769,1.21263041091257E-16,
-0.750005201332166));
#7883=CARTESIAN_POINT('Ctrl Pts',(-1.98037574875769,-0.820298493730208,
-0.700005201332166));
#7884=CARTESIAN_POINT('Ctrl Pts',(-1.40033712124395,-1.40033712124395,-0.650005201332166));
#7885=CARTESIAN_POINT('Ctrl Pts',(-0.820298493730208,-1.98037574875769,
-0.600005201332167));
#7886=CARTESIAN_POINT('Ctrl Pts',(-2.42526082182515E-16,-1.98037574875769,
-0.550005201332167));
#7887=CARTESIAN_POINT('Ctrl Pts',(0.820298493730207,-1.98037574875769,-0.500005201332167));
#7888=CARTESIAN_POINT('Ctrl Pts',(1.40033712124395,-1.40033712124395,-0.450005201332166));
#7889=CARTESIAN_POINT('Ctrl Pts',(1.98037574875769,-0.820298493730209,-0.400005201332166));
#7890=CARTESIAN_POINT('Ctrl Pts',(1.98037574875769,-3.63789123273772E-16,
-0.350005201332166));
#7891=CARTESIAN_POINT('Ctrl Pts',(1.98037574875769,0.820298493730208,-0.300005201332167));
#7892=CARTESIAN_POINT('Ctrl Pts',(1.40033712124395,1.40033712124395,-0.250005201332167));
#7893=CARTESIAN_POINT('Ctrl Pts',(0.820298493730209,1.98037574875769,-0.200005201332167));
#7894=CARTESIAN_POINT('Ctrl Pts',(0.,1.98037574875769,-0.150005201332166));
#7895=CARTESIAN_POINT('Ctrl Pts',(-0.820298493730208,1.98037574875769,-0.100005201332166));
#7896=CARTESIAN_POINT('Ctrl Pts',(-1.40033712124395,1.40033712124395,-0.0500052013321665));
#7897=CARTESIAN_POINT('Ctrl Pts',(-1.98037574875769,0.820298493730208,-5.20133216684791E-6));
#7898=CARTESIAN_POINT('Ctrl Pts',(-1.98037574875769,1.21263041091257E-16,
0.0499947986678328));
#7899=CARTESIAN_POINT('Ctrl Pts',(-1.98037574875769,-0.820298493730208,
0.0999947986678343));
#7900=CARTESIAN_POINT('Ctrl Pts',(-1.40033712124395,-1.40033712124395,0.149994798667834));
#7901=CARTESIAN_POINT('Ctrl Pts',(-0.820298493730208,-1.98037574875769,
0.199994798667834));
#7902=CARTESIAN_POINT('Ctrl Pts',(-2.42526082182515E-16,-1.98037574875769,
0.249994798667833));
#7903=CARTESIAN_POINT('Ctrl Pts',(0.820298493730207,-1.98037574875769,0.299994798667833));
#7904=CARTESIAN_POINT('Ctrl Pts',(1.40033712124395,-1.40033712124395,0.349994798667833));
#7905=CARTESIAN_POINT('Ctrl Pts',(1.98037574875769,-0.820298493730209,0.399994798667834));
#7906=CARTESIAN_POINT('Ctrl Pts',(1.98037574875769,-3.63789123273772E-16,
0.449994798667834));
#7907=CARTESIAN_POINT('Ctrl Pts',(1.98037574875769,0.820298493730208,0.499994798667834));
#7908=CARTESIAN_POINT('Ctrl Pts',(1.40033712124395,1.40033712124395,0.549994798667833));
#7909=CARTESIAN_POINT('Ctrl Pts',(0.820298493730209,1.98037574875769,0.599994798667833));
#7910=CARTESIAN_POINT('Ctrl Pts',(0.,1.98037574875769,0.649994798667833));
#7911=CARTESIAN_POINT('Ctrl Pts',(-0.820298493730208,1.98037574875769,0.699994798667834));
#7912=CARTESIAN_POINT('Ctrl Pts',(-1.40033712124395,1.40033712124395,0.749994798667834));
#7913=CARTESIAN_POINT('Ctrl Pts',(-1.98037574875769,0.820298493730208,0.799994798667834));
#7914=CARTESIAN_POINT('Ctrl Pts',(-1.98037574875769,1.21263041091257E-16,
0.849994798667833));
#7915=CARTESIAN_POINT('Ctrl Pts',(-1.98037574875769,-0.820298493730208,
0.899994798667833));
#7916=CARTESIAN_POINT('Ctrl Pts',(-1.40033712124395,-1.40033712124395,0.949994798667833));
#7917=CARTESIAN_POINT('Ctrl Pts',(-0.820298493730208,-1.98037574875769,
0.999994798667834));
#7918=CARTESIAN_POINT('Ctrl Pts',(-2.42526082182515E-16,-1.98037574875769,
1.04999479866783));
#7919=CARTESIAN_POINT('Ctrl Pts',(0.820298493730207,-1.98037574875769,1.09999479866783));
#7920=CARTESIAN_POINT('Ctrl Pts',(1.40033712124395,-1.40033712124395,1.14999479866783));
#7921=CARTESIAN_POINT('Ctrl Pts',(1.98037574875769,-0.820298493730209,1.19999479866783));
#7922=CARTESIAN_POINT('Ctrl Pts',(1.98037574875769,-3.63789123273772E-16,
1.24999479866783));
#7923=CARTESIAN_POINT('Ctrl Pts',(1.98037574875769,0.820298493730208,1.29999479866783));
#7924=CARTESIAN_POINT('Ctrl Pts',(1.40033712124395,1.40033712124395,1.34999479866783));
#7925=CARTESIAN_POINT('Ctrl Pts',(0.820298493730209,1.98037574875769,1.39999479866783));
#7926=CARTESIAN_POINT('Ctrl Pts',(0.,1.98037574875769,1.44999479866783));
#7927=CARTESIAN_POINT('Ctrl Pts',(-0.820298493730208,1.98037574875769,1.49999479866783));
#7928=CARTESIAN_POINT('Ctrl Pts',(-1.40033712124395,1.40033712124395,1.54999479866783));
#7929=CARTESIAN_POINT('Ctrl Pts',(-1.98037574875769,0.820298493730208,1.59999479866783));
#7930=CARTESIAN_POINT('Ctrl Pts',(-1.98037574875769,1.21263041091257E-16,
1.64999479866783));
#7931=CARTESIAN_POINT('Ctrl Pts',(-1.98037574875769,-0.820298493730208,
1.69999479866783));
#7932=CARTESIAN_POINT('Ctrl Pts',(-1.40033712124395,-1.40033712124395,1.74999479866783));
#7933=CARTESIAN_POINT('Ctrl Pts',(-0.820298493730208,-1.98037574875769,
1.79999479866783));
#7934=CARTESIAN_POINT('Ctrl Pts',(-2.42526082182515E-16,-1.98037574875769,
1.84999479866783));
#7935=CARTESIAN_POINT('Ctrl Pts',(0.820298493730207,-1.98037574875769,1.89999479866783));
#7936=CARTESIAN_POINT('Ctrl Pts',(1.40033712124395,-1.40033712124395,1.94999479866783));
#7937=CARTESIAN_POINT('Ctrl Pts',(1.98037574875769,-0.820298493730209,1.99999479866783));
#7938=CARTESIAN_POINT('Ctrl Pts',(1.98037574875769,-3.63789123273772E-16,
2.04999479866783));
#7939=CARTESIAN_POINT('Ctrl Pts',(1.98037574875769,0.820298493730208,2.09999479866783));
#7940=CARTESIAN_POINT('Ctrl Pts',(1.40033712124395,1.40033712124395,2.14999479866783));
#7941=CARTESIAN_POINT('Ctrl Pts',(0.820298493730209,1.98037574875769,2.19999479866783));
#7942=CARTESIAN_POINT('Ctrl Pts',(0.,1.98037574875769,2.24999479866784));
#7943=CARTESIAN_POINT('Ctrl Pts',(-0.820298493730208,1.98037574875769,2.29999479866783));
#7944=CARTESIAN_POINT('Ctrl Pts',(-1.40033712124395,1.40033712124395,2.34999479866783));
#7945=CARTESIAN_POINT('Ctrl Pts',(-1.98037574875769,0.820298493730208,2.39999479866783));
#7946=CARTESIAN_POINT('Ctrl Pts',(-1.98037574875769,1.21263041091257E-16,
2.44999479866783));
#7947=CARTESIAN_POINT('Ctrl Pts',(-1.98037574875769,-0.820298493730208,
2.49999479866783));
#7948=CARTESIAN_POINT('Ctrl Pts',(-1.40033712124395,-1.40033712124395,2.54999479866783));
#7949=CARTESIAN_POINT('Ctrl Pts',(-0.820298493730208,-1.98037574875769,
2.59999479866783));
#7950=CARTESIAN_POINT('Ctrl Pts',(-2.42526082182515E-16,-1.98037574875769,
2.64999479866783));
#7951=CARTESIAN_POINT('Ctrl Pts',(0.820298493730207,-1.98037574875769,2.69999479866783));
#7952=CARTESIAN_POINT('Ctrl Pts',(1.40033712124395,-1.40033712124395,2.74999479866783));
#7953=CARTESIAN_POINT('Ctrl Pts',(1.98037574875769,-0.820298493730209,2.79999479866783));
#7954=CARTESIAN_POINT('Ctrl Pts',(1.98037574875769,-3.63789123273772E-16,
2.84999479866784));
#7955=CARTESIAN_POINT('Ctrl Pts',(1.98037574875769,0.820298493730208,2.89999479866783));
#7956=CARTESIAN_POINT('Ctrl Pts',(1.40033712124395,1.40033712124395,2.94999479866783));
#7957=CARTESIAN_POINT('Ctrl Pts',(0.820298493730209,1.98037574875769,2.99999479866783));
#7958=CARTESIAN_POINT('Ctrl Pts',(0.,1.98037574875769,3.04999479866783));
#7959=CARTESIAN_POINT('Ctrl Pts',(-0.820298493730208,1.98037574875769,3.09999479866784));
#7960=CARTESIAN_POINT('Ctrl Pts',(-1.40033712124395,1.40033712124395,3.14999479866783));
#7961=CARTESIAN_POINT('Ctrl Pts',(-1.98037574875769,0.820298493730208,3.19999479866784));
#7962=CARTESIAN_POINT('Ctrl Pts',(-1.98037574875769,1.21263041091257E-16,
3.24999479866783));
#7963=CARTESIAN_POINT('Ctrl Pts',(-1.98037574875769,-0.820298493730208,
3.29999479866783));
#7964=CARTESIAN_POINT('Ctrl Pts',(-1.40033712124395,-1.40033712124395,3.34999479866783));
#7965=CARTESIAN_POINT('Ctrl Pts',(-0.820298493730208,-1.98037574875769,
3.39999479866783));
#7966=CARTESIAN_POINT('Ctrl Pts',(-2.42526082182515E-16,-1.98037574875769,
3.44999479866783));
#7967=CARTESIAN_POINT('Ctrl Pts',(0.820298493730207,-1.98037574875769,3.49999479866783));
#7968=CARTESIAN_POINT('Ctrl Pts',(1.40033712124395,-1.40033712124395,3.54999479866783));
#7969=CARTESIAN_POINT('Ctrl Pts',(1.98037574875769,-0.820298493730209,3.59999479866783));
#7970=CARTESIAN_POINT('Ctrl Pts',(1.98037574875769,-3.63789123273772E-16,
3.64999479866783));
#7971=CARTESIAN_POINT('Ctrl Pts',(1.98037574875769,0.820298493730208,3.69999479866784));
#7972=CARTESIAN_POINT('Ctrl Pts',(1.40033712124395,1.40033712124395,3.74999479866783));
#7973=CARTESIAN_POINT('Ctrl Pts',(0.820298493730209,1.98037574875769,3.79999479866783));
#7974=CARTESIAN_POINT('Ctrl Pts',(0.,1.98037574875769,3.84999479866783));
#7975=CARTESIAN_POINT('Ctrl Pts',(-0.820298493730208,1.98037574875769,3.89999479866783));
#7976=CARTESIAN_POINT('Ctrl Pts',(-1.40033712124395,1.40033712124395,3.94999479866784));
#7977=CARTESIAN_POINT('Ctrl Pts',(-1.98037574875769,0.820298493730208,3.99999479866783));
#7978=CARTESIAN_POINT('Ctrl Pts',(-1.98037574875769,1.21263041091257E-16,
4.04999479866784));
#7979=CARTESIAN_POINT('Ctrl Pts',(-1.98037574875769,-0.820298493730208,
4.09999479866783));
#7980=CARTESIAN_POINT('Ctrl Pts',(-1.40033712124395,-1.40033712124395,4.14999479866783));
#7981=CARTESIAN_POINT('Ctrl Pts',(-0.820298493730208,-1.98037574875769,
4.19999479866783));
#7982=CARTESIAN_POINT('Ctrl Pts',(-2.42526082182515E-16,-1.98037574875769,
4.24999479866783));
#7983=CARTESIAN_POINT('Ctrl Pts',(0.820298493730207,-1.98037574875769,4.29999479866784));
#7984=CARTESIAN_POINT('Ctrl Pts',(1.40033712124395,-1.40033712124395,4.34999479866783));
#7985=CARTESIAN_POINT('Ctrl Pts',(1.98037574875769,-0.820298493730209,4.39999479866783));
#7986=CARTESIAN_POINT('Ctrl Pts',(1.98037574875769,-3.63789123273772E-16,
4.44999479866783));
#7987=CARTESIAN_POINT('Ctrl Pts',(1.98037574875769,0.820298493730208,4.49999479866783));
#7988=CARTESIAN_POINT('Ctrl Pts',(1.40033712124395,1.40033712124395,4.54999479866783));
#7989=CARTESIAN_POINT('Ctrl Pts',(0.820298493730209,1.98037574875769,4.59999479866783));
#7990=CARTESIAN_POINT('Ctrl Pts',(0.,1.98037574875769,4.64999479866783));
#7991=CARTESIAN_POINT('Ctrl Pts',(-0.820298493730208,1.98037574875769,4.69999479866783));
#7992=CARTESIAN_POINT('Ctrl Pts',(-1.40033712124395,1.40033712124395,4.74999479866783));
#7993=CARTESIAN_POINT('Ctrl Pts',(-1.98037574875769,0.820298493730208,4.79999479866784));
#7994=CARTESIAN_POINT('Ctrl Pts',(-1.98037574875769,1.21263041091257E-16,
4.84999479866783));
#7995=CARTESIAN_POINT('Ctrl Pts',(-1.98037574875769,-0.820298493730208,
4.89999479866784));
#7996=CARTESIAN_POINT('Ctrl Pts',(-1.40033712124395,-1.40033712124395,4.94999479866783));
#7997=CARTESIAN_POINT('Ctrl Pts',(-0.820298493730208,-1.98037574875769,
4.99999479866783));
#7998=CARTESIAN_POINT('Ctrl Pts',(-2.42526082182515E-16,-1.98037574875769,
5.04999479866783));
#7999=CARTESIAN_POINT('Ctrl Pts',(0.820298493730207,-1.98037574875769,5.09999479866783));
#8000=CARTESIAN_POINT('Ctrl Pts',(1.40033712124395,-1.40033712124395,5.14999479866784));
#8001=CARTESIAN_POINT('Ctrl Pts',(1.98037574875769,-0.820298493730209,5.19999479866783));
#8002=CARTESIAN_POINT('Ctrl Pts',(1.98037574875769,-3.63789123273772E-16,
5.24999479866783));
#8003=CARTESIAN_POINT('Ctrl Pts',(1.98037574875769,0.820298493730208,5.29999479866783));
#8004=CARTESIAN_POINT('Ctrl Pts',(1.40033712124395,1.40033712124395,5.34999479866783));
#8005=CARTESIAN_POINT('Ctrl Pts',(0.820298493730209,1.98037574875769,5.39999479866784));
#8006=CARTESIAN_POINT('Ctrl Pts',(0.,1.98037574875769,5.44999479866783));
#8007=CARTESIAN_POINT('Ctrl Pts',(-0.820298493730208,1.98037574875769,5.49999479866784));
#8008=CARTESIAN_POINT('Ctrl Pts',(-1.40033712124395,1.40033712124395,5.54999479866783));
#8009=CARTESIAN_POINT('Ctrl Pts',(-1.98037574875769,0.820298493730208,5.59999479866784));
#8010=CARTESIAN_POINT('Ctrl Pts',(-1.98037574875769,1.21263041091257E-16,
5.64999479866784));
#8011=CARTESIAN_POINT('Ctrl Pts',(-1.98037574875769,-0.820298493730208,
5.69999479866783));
#8012=CARTESIAN_POINT('Ctrl Pts',(-1.40033712124395,-1.40033712124395,5.74999479866784));
#8013=CARTESIAN_POINT('Ctrl Pts',(-0.820298493730208,-1.98037574875769,
5.79999479866783));
#8014=CARTESIAN_POINT('Ctrl Pts',(-2.42526082182515E-16,-1.98037574875769,
5.84999479866783));
#8015=CARTESIAN_POINT('Ctrl Pts',(0.820298493730207,-1.98037574875769,5.89999479866783));
#8016=CARTESIAN_POINT('Ctrl Pts',(1.40033712124395,-1.40033712124395,5.94999479866783));
#8017=CARTESIAN_POINT('Ctrl Pts',(1.98037574875769,-0.820298493730209,5.99999479866784));
#8018=CARTESIAN_POINT('Ctrl Pts',(1.98037574875769,-3.63789123273772E-16,
6.04999479866783));
#8019=CARTESIAN_POINT('Ctrl Pts',(1.98037574875769,0.820298493730208,6.09999479866783));
#8020=CARTESIAN_POINT('Ctrl Pts',(1.40033712124395,1.40033712124395,6.14999479866783));
#8021=CARTESIAN_POINT('Ctrl Pts',(0.820298493730209,1.98037574875769,6.19999479866784));
#8022=CARTESIAN_POINT('Ctrl Pts',(0.,1.98037574875769,6.24999479866784));
#8023=CARTESIAN_POINT('Ctrl Pts',(-0.820298493730208,1.98037574875769,6.29999479866783));
#8024=CARTESIAN_POINT('Ctrl Pts',(-1.40033712124395,1.40033712124395,6.34999479866784));
#8025=CARTESIAN_POINT('Ctrl Pts',(-1.98037574875769,0.820298493730208,6.39999479866783));
#8026=CARTESIAN_POINT('Ctrl Pts',(-1.98037574875769,1.21263041091257E-16,
6.44999479866784));
#8027=CARTESIAN_POINT('Ctrl Pts',(-1.98037574875769,-0.820298493730208,
6.49999479866784));
#8028=CARTESIAN_POINT('Ctrl Pts',(-1.40033712124395,-1.40033712124395,6.54999479866783));
#8029=CARTESIAN_POINT('Ctrl Pts',(-0.820298493730208,-1.98037574875769,
6.59999479866784));
#8030=CARTESIAN_POINT('Ctrl Pts',(-2.42526082182515E-16,-1.98037574875769,
6.64999479866783));
#8031=CARTESIAN_POINT('Ctrl Pts',(0.820298493730207,-1.98037574875769,6.69999479866784));
#8032=CARTESIAN_POINT('Ctrl Pts',(1.40033712124395,-1.40033712124395,6.74999479866783));
#8033=CARTESIAN_POINT('Ctrl Pts',(1.98037574875769,-0.820298493730209,6.79999479866783));
#8034=CARTESIAN_POINT('Ctrl Pts',(1.98037574875769,-3.63789123273772E-16,
6.84999479866784));
#8035=CARTESIAN_POINT('Ctrl Pts',(1.98037574875769,0.820298493730208,6.89999479866783));
#8036=CARTESIAN_POINT('Ctrl Pts',(1.40033712124395,1.40033712124395,6.94999479866783));
#8037=CARTESIAN_POINT('Ctrl Pts',(0.820298493730209,1.98037574875769,6.99999479866783));
#8038=CARTESIAN_POINT('Ctrl Pts',(0.,1.98037574875769,7.04999479866783));
#8039=CARTESIAN_POINT('Ctrl Pts',(-0.820298493730208,1.98037574875769,7.09999479866784));
#8040=CARTESIAN_POINT('Ctrl Pts',(-1.40033712124395,1.40033712124395,7.14999479866783));
#8041=CARTESIAN_POINT('Ctrl Pts',(-1.98037574875769,0.820298493730208,7.19999479866783));
#8042=CARTESIAN_POINT('Ctrl Pts',(-1.98037574875769,1.21263041091257E-16,
7.24999479866783));
#8043=CARTESIAN_POINT('Ctrl Pts',(-1.98037574875769,-0.820298493730208,
7.29999479866783));
#8044=CARTESIAN_POINT('Ctrl Pts',(-1.40033712124395,-1.40033712124395,7.34999479866783));
#8045=CARTESIAN_POINT('Ctrl Pts',(-0.820298493730208,-1.98037574875769,
7.39999479866784));
#8046=CARTESIAN_POINT('Ctrl Pts',(-2.42526082182515E-16,-1.98037574875769,
7.44999479866784));
#8047=CARTESIAN_POINT('Ctrl Pts',(0.820298493730207,-1.98037574875769,7.49999479866783));
#8048=CARTESIAN_POINT('Ctrl Pts',(1.40033712124395,-1.40033712124395,7.54999479866783));
#8049=CARTESIAN_POINT('Ctrl Pts',(1.98037574875769,-0.820298493730209,7.59999479866783));
#8050=CARTESIAN_POINT('Ctrl Pts',(1.98037574875769,-3.63789123273772E-16,
7.64999479866783));
#8051=CARTESIAN_POINT('Ctrl Pts',(1.98037574875769,0.820298493730208,7.69999479866784));
#8052=CARTESIAN_POINT('Ctrl Pts',(1.40033712124395,1.40033712124395,7.74999479866783));
#8053=CARTESIAN_POINT('Ctrl Pts',(0.820298493730209,1.98037574875769,7.79999479866784));
#8054=CARTESIAN_POINT('Ctrl Pts',(0.,1.98037574875769,7.84999479866783));
#8055=CARTESIAN_POINT('Ctrl Pts',(-0.820298493730208,1.98037574875769,7.89999479866784));
#8056=CARTESIAN_POINT('Ctrl Pts',(-1.40033712124395,1.40033712124395,7.94999479866784));
#8057=CARTESIAN_POINT('Ctrl Pts',(-1.98037574875769,0.820298493730208,7.99999479866783));
#8058=CARTESIAN_POINT('Ctrl Pts',(-1.98037574875769,1.21263041091257E-16,
8.04999479866783));
#8059=CARTESIAN_POINT('Ctrl Pts',(-1.98037574875769,-0.820298493730208,
8.09999479866783));
#8060=CARTESIAN_POINT('Ctrl Pts',(-1.40033712124395,-1.40033712124395,8.14999479866783));
#8061=CARTESIAN_POINT('Ctrl Pts',(-0.820298493730208,-1.98037574875769,
8.19999479866783));
#8062=CARTESIAN_POINT('Ctrl Pts',(-2.42526082182515E-16,-1.98037574875769,
8.24999479866783));
#8063=CARTESIAN_POINT('Ctrl Pts',(0.820298493730207,-1.98037574875769,8.29999479866783));
#8064=CARTESIAN_POINT('Ctrl Pts',(1.40033712124395,-1.40033712124395,8.34999479866783));
#8065=CARTESIAN_POINT('Ctrl Pts',(1.98037574875769,-0.820298493730209,8.39999479866784));
#8066=CARTESIAN_POINT('Ctrl Pts',(1.98037574875769,-3.63789123273772E-16,
8.44999479866783));
#8067=CARTESIAN_POINT('Ctrl Pts',(1.98037574875769,0.820298493730208,8.49999479866784));
#8068=CARTESIAN_POINT('Ctrl Pts',(1.40033712124395,1.40033712124395,8.54999479866784));
#8069=CARTESIAN_POINT('Ctrl Pts',(0.820298493730209,1.98037574875769,8.59999479866783));
#8070=CARTESIAN_POINT('Ctrl Pts',(0.,1.98037574875769,8.64999479866784));
#8071=CARTESIAN_POINT('Ctrl Pts',(-0.820298493730208,1.98037574875769,8.69999479866783));
#8072=CARTESIAN_POINT('Ctrl Pts',(-1.40033712124395,1.40033712124395,8.74999479866783));
#8073=CARTESIAN_POINT('Ctrl Pts',(-1.98037574875769,0.820298493730208,8.79999479866784));
#8074=CARTESIAN_POINT('Ctrl Pts',(-1.98037574875769,1.21263041091257E-16,
8.84999479866783));
#8075=CARTESIAN_POINT('Ctrl Pts',(-1.98037574875769,-0.820298493730208,
8.89999479866784));
#8076=CARTESIAN_POINT('Ctrl Pts',(-1.40033712124395,-1.40033712124395,8.94999479866783));
#8077=CARTESIAN_POINT('Ctrl Pts',(-0.820298493730208,-1.98037574875769,
8.99999479866784));
#8078=CARTESIAN_POINT('Ctrl Pts',(-2.42526082182515E-16,-1.98037574875769,
9.04999479866783));
#8079=CARTESIAN_POINT('Ctrl Pts',(0.820298493730207,-1.98037574875769,9.09999479866783));
#8080=CARTESIAN_POINT('Ctrl Pts',(1.40033712124395,-1.40033712124395,9.14999479866784));
#8081=CARTESIAN_POINT('Ctrl Pts',(1.98037574875769,-0.820298493730209,9.19999479866783));
#8082=CARTESIAN_POINT('Ctrl Pts',(1.98037574875769,-3.63789123273772E-16,
9.24999479866784));
#8083=CARTESIAN_POINT('Ctrl Pts',(1.98037574875769,0.820298493730208,9.29999479866783));
#8084=CARTESIAN_POINT('Ctrl Pts',(1.40033712124395,1.40033712124395,9.34999479866783));
#8085=CARTESIAN_POINT('Ctrl Pts',(0.820298493730209,1.98037574875769,9.39999479866784));
#8086=CARTESIAN_POINT('Ctrl Pts',(0.,1.98037574875769,9.44999479866783));
#8087=CARTESIAN_POINT('Ctrl Pts',(-0.820298493730208,1.98037574875769,9.49999479866784));
#8088=CARTESIAN_POINT('Ctrl Pts',(-1.40033712124395,1.40033712124395,9.54999479866783));
#8089=CARTESIAN_POINT('Ctrl Pts',(-1.98037574875769,0.820298493730208,9.59999479866783));
#8090=CARTESIAN_POINT('Ctrl Pts',(-1.98037574875769,1.21263041091257E-16,
9.64999479866784));
#8091=CARTESIAN_POINT('Ctrl Pts',(-1.98037574875769,-0.820298493730208,
9.69999479866784));
#8092=CARTESIAN_POINT('Ctrl Pts',(-1.40033712124395,-1.40033712124395,9.74999479866784));
#8093=CARTESIAN_POINT('Ctrl Pts',(-0.820298493730208,-1.98037574875769,
9.79999479866784));
#8094=CARTESIAN_POINT('Ctrl Pts',(-2.42526082182515E-16,-1.98037574875769,
9.84999479866783));
#8095=CARTESIAN_POINT('Ctrl Pts',(0.820298493730207,-1.98037574875769,9.89999479866783));
#8096=CARTESIAN_POINT('Ctrl Pts',(1.40033712124395,-1.40033712124395,9.94999479866783));
#8097=CARTESIAN_POINT('Ctrl Pts',(1.98037574875769,-0.820298493730209,9.99999479866784));
#8098=CARTESIAN_POINT('Ctrl Pts',(1.98037574875769,-3.63789123273772E-16,
10.0499947986678));
#8099=CARTESIAN_POINT('Ctrl Pts',(1.98037574875769,0.820298493730208,10.0999947986678));
#8100=CARTESIAN_POINT('Ctrl Pts',(1.40033712124395,1.40033712124395,10.1499947986678));
#8101=CARTESIAN_POINT('Ctrl Pts',(0.820298493730209,1.98037574875769,10.1999947986678));
#8102=CARTESIAN_POINT('Ctrl Pts',(0.,1.98037574875769,10.2499947986678));
#8103=CARTESIAN_POINT('Ctrl Pts',(-0.820298493730208,1.98037574875769,10.2999947986678));
#8104=CARTESIAN_POINT('Ctrl Pts',(-1.40033712124395,1.40033712124395,10.3499947986678));
#8105=CARTESIAN_POINT('Ctrl Pts',(-1.98037574875769,0.820298493730208,10.3999947986678));
#8106=CARTESIAN_POINT('Ctrl Pts',(-1.98037574875769,1.21263041091257E-16,
10.4499947986678));
#8107=CARTESIAN_POINT('Ctrl Pts',(-1.98037574875769,-0.820298493730208,
10.4999947986678));
#8108=CARTESIAN_POINT('Ctrl Pts',(-1.40033712124395,-1.40033712124395,10.5499947986678));
#8109=CARTESIAN_POINT('Ctrl Pts',(-0.820298493730208,-1.98037574875769,
10.5999947986678));
#8110=CARTESIAN_POINT('Ctrl Pts',(-2.42526082182515E-16,-1.98037574875769,
10.6499947986678));
#8111=CARTESIAN_POINT('Ctrl Pts',(0.820298493730207,-1.98037574875769,10.6999947986678));
#8112=CARTESIAN_POINT('Ctrl Pts',(1.40033712124395,-1.40033712124395,10.7499947986678));
#8113=CARTESIAN_POINT('Ctrl Pts',(1.98037574875769,-0.820298493730209,10.7999947986678));
#8114=CARTESIAN_POINT('Ctrl Pts',(1.98037574875769,-3.63789123273772E-16,
10.8499947986678));
#8115=CARTESIAN_POINT('Ctrl Pts',(1.98037574875769,0.820298493730208,10.8999947986678));
#8116=CARTESIAN_POINT('Ctrl Pts',(1.40033712124395,1.40033712124395,10.9499947986678));
#8117=CARTESIAN_POINT('Ctrl Pts',(0.820298493730209,1.98037574875769,10.9999947986678));
#8118=CARTESIAN_POINT('Ctrl Pts',(0.,1.98037574875769,11.0499947986678));
#8119=CARTESIAN_POINT('Ctrl Pts',(-0.820298493730208,1.98037574875769,11.0999947986678));
#8120=CARTESIAN_POINT('Ctrl Pts',(-1.40033712124395,1.40033712124395,11.1499947986678));
#8121=CARTESIAN_POINT('Ctrl Pts',(-1.98037574875769,0.820298493730208,11.1999947986678));
#8122=CARTESIAN_POINT('Ctrl Pts',(-1.98037574875769,1.21263041091257E-16,
11.2499947986678));
#8123=CARTESIAN_POINT('Ctrl Pts',(0.,1.98037657648803,-14.6499952765582));
#8124=CARTESIAN_POINT('Ctrl Pts',(-0.820298836587342,1.98037657648803,-14.5999952765582));
#8125=CARTESIAN_POINT('Ctrl Pts',(-1.40033770653769,1.40033770653769,-14.5499952765582));
#8126=CARTESIAN_POINT('Ctrl Pts',(-1.98037657648803,0.820298836587342,-14.4999952765582));
#8127=CARTESIAN_POINT('Ctrl Pts',(-1.98037657648803,1.21263091775123E-16,
-14.4499952765582));
#8128=CARTESIAN_POINT('Ctrl Pts',(-1.98037657648803,-0.820298836587342,
-14.3999952765582));
#8129=CARTESIAN_POINT('Ctrl Pts',(-1.40033770653769,-1.40033770653769,-14.3499952765582));
#8130=CARTESIAN_POINT('Ctrl Pts',(-0.820298836587343,-1.98037657648803,
-14.2999952765582));
#8131=CARTESIAN_POINT('Ctrl Pts',(-2.42526183550246E-16,-1.98037657648803,
-14.2499952765582));
#8132=CARTESIAN_POINT('Ctrl Pts',(0.820298836587342,-1.98037657648803,-14.1999952765582));
#8133=CARTESIAN_POINT('Ctrl Pts',(1.40033770653769,-1.40033770653769,-14.1499952765582));
#8134=CARTESIAN_POINT('Ctrl Pts',(1.98037657648803,-0.820298836587343,-14.0999952765582));
#8135=CARTESIAN_POINT('Ctrl Pts',(1.98037657648803,-3.63789275325369E-16,
-14.0499952765582));
#8136=CARTESIAN_POINT('Ctrl Pts',(1.98037657648803,0.820298836587343,-13.9999952765582));
#8137=CARTESIAN_POINT('Ctrl Pts',(1.40033770653769,1.40033770653769,-13.9499952765582));
#8138=CARTESIAN_POINT('Ctrl Pts',(0.820298836587344,1.98037657648803,-13.8999952765582));
#8139=CARTESIAN_POINT('Ctrl Pts',(0.,1.98037657648803,-13.8499952765582));
#8140=CARTESIAN_POINT('Ctrl Pts',(-0.820298836587342,1.98037657648803,-13.7999952765582));
#8141=CARTESIAN_POINT('Ctrl Pts',(-1.40033770653769,1.40033770653769,-13.7499952765582));
#8142=CARTESIAN_POINT('Ctrl Pts',(-1.98037657648803,0.820298836587342,-13.6999952765582));
#8143=CARTESIAN_POINT('Ctrl Pts',(-1.98037657648803,1.21263091775123E-16,
-13.6499952765582));
#8144=CARTESIAN_POINT('Ctrl Pts',(-1.98037657648803,-0.820298836587342,
-13.5999952765582));
#8145=CARTESIAN_POINT('Ctrl Pts',(-1.40033770653769,-1.40033770653769,-13.5499952765582));
#8146=CARTESIAN_POINT('Ctrl Pts',(-0.820298836587343,-1.98037657648803,
-13.4999952765582));
#8147=CARTESIAN_POINT('Ctrl Pts',(-2.42526183550246E-16,-1.98037657648803,
-13.4499952765582));
#8148=CARTESIAN_POINT('Ctrl Pts',(0.820298836587342,-1.98037657648803,-13.3999952765582));
#8149=CARTESIAN_POINT('Ctrl Pts',(1.40033770653769,-1.40033770653769,-13.3499952765582));
#8150=CARTESIAN_POINT('Ctrl Pts',(1.98037657648803,-0.820298836587343,-13.2999952765582));
#8151=CARTESIAN_POINT('Ctrl Pts',(1.98037657648803,-3.63789275325369E-16,
-13.2499952765582));
#8152=CARTESIAN_POINT('Ctrl Pts',(1.98037657648803,0.820298836587343,-13.1999952765582));
#8153=CARTESIAN_POINT('Ctrl Pts',(1.40033770653769,1.40033770653769,-13.1499952765582));
#8154=CARTESIAN_POINT('Ctrl Pts',(0.820298836587344,1.98037657648803,-13.0999952765582));
#8155=CARTESIAN_POINT('Ctrl Pts',(0.,1.98037657648803,-13.0499952765582));
#8156=CARTESIAN_POINT('Ctrl Pts',(-0.820298836587342,1.98037657648803,-12.9999952765582));
#8157=CARTESIAN_POINT('Ctrl Pts',(-1.40033770653769,1.40033770653769,-12.9499952765582));
#8158=CARTESIAN_POINT('Ctrl Pts',(-1.98037657648803,0.820298836587342,-12.8999952765582));
#8159=CARTESIAN_POINT('Ctrl Pts',(-1.98037657648803,1.21263091775123E-16,
-12.8499952765582));
#8160=CARTESIAN_POINT('Ctrl Pts',(-1.98037657648803,-0.820298836587342,
-12.7999952765582));
#8161=CARTESIAN_POINT('Ctrl Pts',(-1.40033770653769,-1.40033770653769,-12.7499952765582));
#8162=CARTESIAN_POINT('Ctrl Pts',(-0.820298836587343,-1.98037657648803,
-12.6999952765582));
#8163=CARTESIAN_POINT('Ctrl Pts',(-2.42526183550246E-16,-1.98037657648803,
-12.6499952765582));
#8164=CARTESIAN_POINT('Ctrl Pts',(0.820298836587342,-1.98037657648803,-12.5999952765582));
#8165=CARTESIAN_POINT('Ctrl Pts',(1.40033770653769,-1.40033770653769,-12.5499952765582));
#8166=CARTESIAN_POINT('Ctrl Pts',(1.98037657648803,-0.820298836587343,-12.4999952765582));
#8167=CARTESIAN_POINT('Ctrl Pts',(1.98037657648803,-3.63789275325369E-16,
-12.4499952765582));
#8168=CARTESIAN_POINT('Ctrl Pts',(1.98037657648803,0.820298836587343,-12.3999952765582));
#8169=CARTESIAN_POINT('Ctrl Pts',(1.40033770653769,1.40033770653769,-12.3499952765582));
#8170=CARTESIAN_POINT('Ctrl Pts',(0.820298836587344,1.98037657648803,-12.2999952765582));
#8171=CARTESIAN_POINT('Ctrl Pts',(0.,1.98037657648803,-12.2499952765582));
#8172=CARTESIAN_POINT('Ctrl Pts',(-0.820298836587342,1.98037657648803,-12.1999952765582));
#8173=CARTESIAN_POINT('Ctrl Pts',(-1.40033770653769,1.40033770653769,-12.1499952765582));
#8174=CARTESIAN_POINT('Ctrl Pts',(-1.98037657648803,0.820298836587342,-12.0999952765582));
#8175=CARTESIAN_POINT('Ctrl Pts',(-1.98037657648803,1.21263091775123E-16,
-12.0499952765582));
#8176=CARTESIAN_POINT('Ctrl Pts',(-1.98037657648803,-0.820298836587342,
-11.9999952765582));
#8177=CARTESIAN_POINT('Ctrl Pts',(-1.40033770653769,-1.40033770653769,-11.9499952765582));
#8178=CARTESIAN_POINT('Ctrl Pts',(-0.820298836587343,-1.98037657648803,
-11.8999952765582));
#8179=CARTESIAN_POINT('Ctrl Pts',(-2.42526183550246E-16,-1.98037657648803,
-11.8499952765582));
#8180=CARTESIAN_POINT('Ctrl Pts',(0.820298836587342,-1.98037657648803,-11.7999952765582));
#8181=CARTESIAN_POINT('Ctrl Pts',(1.40033770653769,-1.40033770653769,-11.7499952765582));
#8182=CARTESIAN_POINT('Ctrl Pts',(1.98037657648803,-0.820298836587343,-11.6999952765582));
#8183=CARTESIAN_POINT('Ctrl Pts',(1.98037657648803,-3.63789275325369E-16,
-11.6499952765582));
#8184=CARTESIAN_POINT('Ctrl Pts',(1.98037657648803,0.820298836587343,-11.5999952765582));
#8185=CARTESIAN_POINT('Ctrl Pts',(1.40033770653769,1.40033770653769,-11.5499952765582));
#8186=CARTESIAN_POINT('Ctrl Pts',(0.820298836587344,1.98037657648803,-11.4999952765582));
#8187=CARTESIAN_POINT('Ctrl Pts',(0.,1.98037657648803,-11.4499952765582));
#8188=CARTESIAN_POINT('Ctrl Pts',(-0.820298836587342,1.98037657648803,-11.3999952765582));
#8189=CARTESIAN_POINT('Ctrl Pts',(-1.40033770653769,1.40033770653769,-11.3499952765582));
#8190=CARTESIAN_POINT('Ctrl Pts',(-1.98037657648803,0.820298836587342,-11.2999952765582));
#8191=CARTESIAN_POINT('Ctrl Pts',(-1.98037657648803,1.21263091775123E-16,
-11.2499952765582));
#8192=CARTESIAN_POINT('Ctrl Pts',(-1.98037657648803,-0.820298836587342,
-11.1999952765582));
#8193=CARTESIAN_POINT('Ctrl Pts',(-1.40033770653769,-1.40033770653769,-11.1499952765582));
#8194=CARTESIAN_POINT('Ctrl Pts',(-0.820298836587343,-1.98037657648803,
-11.0999952765582));
#8195=CARTESIAN_POINT('Ctrl Pts',(-2.42526183550246E-16,-1.98037657648803,
-11.0499952765582));
#8196=CARTESIAN_POINT('Ctrl Pts',(0.820298836587342,-1.98037657648803,-10.9999952765582));
#8197=CARTESIAN_POINT('Ctrl Pts',(1.40033770653769,-1.40033770653769,-10.9499952765582));
#8198=CARTESIAN_POINT('Ctrl Pts',(1.98037657648803,-0.820298836587343,-10.8999952765582));
#8199=CARTESIAN_POINT('Ctrl Pts',(1.98037657648803,-3.63789275325369E-16,
-10.8499952765582));
#8200=CARTESIAN_POINT('Ctrl Pts',(1.98037657648803,0.820298836587343,-10.7999952765582));
#8201=CARTESIAN_POINT('Ctrl Pts',(1.40033770653769,1.40033770653769,-10.7499952765582));
#8202=CARTESIAN_POINT('Ctrl Pts',(0.820298836587344,1.98037657648803,-10.6999952765582));
#8203=CARTESIAN_POINT('Ctrl Pts',(0.,1.98037657648803,-10.6499952765582));
#8204=CARTESIAN_POINT('Ctrl Pts',(-0.820298836587342,1.98037657648803,-10.5999952765582));
#8205=CARTESIAN_POINT('Ctrl Pts',(-1.40033770653769,1.40033770653769,-10.5499952765582));
#8206=CARTESIAN_POINT('Ctrl Pts',(-1.98037657648803,0.820298836587342,-10.4999952765582));
#8207=CARTESIAN_POINT('Ctrl Pts',(-1.98037657648803,1.21263091775123E-16,
-10.4499952765582));
#8208=CARTESIAN_POINT('Ctrl Pts',(-1.98037657648803,-0.820298836587342,
-10.3999952765582));
#8209=CARTESIAN_POINT('Ctrl Pts',(-1.40033770653769,-1.40033770653769,-10.3499952765582));
#8210=CARTESIAN_POINT('Ctrl Pts',(-0.820298836587343,-1.98037657648803,
-10.2999952765582));
#8211=CARTESIAN_POINT('Ctrl Pts',(-2.42526183550246E-16,-1.98037657648803,
-10.2499952765582));
#8212=CARTESIAN_POINT('Ctrl Pts',(0.820298836587342,-1.98037657648803,-10.1999952765582));
#8213=CARTESIAN_POINT('Ctrl Pts',(1.40033770653769,-1.40033770653769,-10.1499952765582));
#8214=CARTESIAN_POINT('Ctrl Pts',(1.98037657648803,-0.820298836587343,-10.0999952765582));
#8215=CARTESIAN_POINT('Ctrl Pts',(1.98037657648803,-3.63789275325369E-16,
-10.0499952765582));
#8216=CARTESIAN_POINT('Ctrl Pts',(1.98037657648803,0.820298836587343,-9.99999527655817));
#8217=CARTESIAN_POINT('Ctrl Pts',(1.40033770653769,1.40033770653769,-9.94999527655817));
#8218=CARTESIAN_POINT('Ctrl Pts',(0.820298836587344,1.98037657648803,-9.89999527655817));
#8219=CARTESIAN_POINT('Ctrl Pts',(0.,1.98037657648803,-9.84999527655818));
#8220=CARTESIAN_POINT('Ctrl Pts',(-0.820298836587342,1.98037657648803,-9.79999527655818));
#8221=CARTESIAN_POINT('Ctrl Pts',(-1.40033770653769,1.40033770653769,-9.74999527655817));
#8222=CARTESIAN_POINT('Ctrl Pts',(-1.98037657648803,0.820298836587342,-9.69999527655817));
#8223=CARTESIAN_POINT('Ctrl Pts',(-1.98037657648803,1.21263091775123E-16,
-9.64999527655817));
#8224=CARTESIAN_POINT('Ctrl Pts',(-1.98037657648803,-0.820298836587342,
-9.59999527655817));
#8225=CARTESIAN_POINT('Ctrl Pts',(-1.40033770653769,-1.40033770653769,-9.54999527655817));
#8226=CARTESIAN_POINT('Ctrl Pts',(-0.820298836587343,-1.98037657648803,
-9.49999527655817));
#8227=CARTESIAN_POINT('Ctrl Pts',(-2.42526183550246E-16,-1.98037657648803,
-9.44999527655817));
#8228=CARTESIAN_POINT('Ctrl Pts',(0.820298836587342,-1.98037657648803,-9.39999527655817));
#8229=CARTESIAN_POINT('Ctrl Pts',(1.40033770653769,-1.40033770653769,-9.34999527655817));
#8230=CARTESIAN_POINT('Ctrl Pts',(1.98037657648803,-0.820298836587343,-9.29999527655817));
#8231=CARTESIAN_POINT('Ctrl Pts',(1.98037657648803,-3.63789275325369E-16,
-9.24999527655818));
#8232=CARTESIAN_POINT('Ctrl Pts',(1.98037657648803,0.820298836587343,-9.19999527655817));
#8233=CARTESIAN_POINT('Ctrl Pts',(1.40033770653769,1.40033770653769,-9.14999527655817));
#8234=CARTESIAN_POINT('Ctrl Pts',(0.820298836587344,1.98037657648803,-9.09999527655817));
#8235=CARTESIAN_POINT('Ctrl Pts',(0.,1.98037657648803,-9.04999527655817));
#8236=CARTESIAN_POINT('Ctrl Pts',(-0.820298836587342,1.98037657648803,-8.99999527655817));
#8237=CARTESIAN_POINT('Ctrl Pts',(-1.40033770653769,1.40033770653769,-8.94999527655817));
#8238=CARTESIAN_POINT('Ctrl Pts',(-1.98037657648803,0.820298836587342,-8.89999527655817));
#8239=CARTESIAN_POINT('Ctrl Pts',(-1.98037657648803,1.21263091775123E-16,
-8.84999527655818));
#8240=CARTESIAN_POINT('Ctrl Pts',(-1.98037657648803,-0.820298836587342,
-8.79999527655817));
#8241=CARTESIAN_POINT('Ctrl Pts',(-1.40033770653769,-1.40033770653769,-8.74999527655817));
#8242=CARTESIAN_POINT('Ctrl Pts',(-0.820298836587343,-1.98037657648803,
-8.69999527655817));
#8243=CARTESIAN_POINT('Ctrl Pts',(-2.42526183550246E-16,-1.98037657648803,
-8.64999527655817));
#8244=CARTESIAN_POINT('Ctrl Pts',(0.820298836587342,-1.98037657648803,-8.59999527655818));
#8245=CARTESIAN_POINT('Ctrl Pts',(1.40033770653769,-1.40033770653769,-8.54999527655817));
#8246=CARTESIAN_POINT('Ctrl Pts',(1.98037657648803,-0.820298836587343,-8.49999527655817));
#8247=CARTESIAN_POINT('Ctrl Pts',(1.98037657648803,-3.63789275325369E-16,
-8.44999527655817));
#8248=CARTESIAN_POINT('Ctrl Pts',(1.98037657648803,0.820298836587343,-8.39999527655818));
#8249=CARTESIAN_POINT('Ctrl Pts',(1.40033770653769,1.40033770653769,-8.34999527655817));
#8250=CARTESIAN_POINT('Ctrl Pts',(0.820298836587344,1.98037657648803,-8.29999527655817));
#8251=CARTESIAN_POINT('Ctrl Pts',(0.,1.98037657648803,-8.24999527655817));
#8252=CARTESIAN_POINT('Ctrl Pts',(-0.820298836587342,1.98037657648803,-8.19999527655817));
#8253=CARTESIAN_POINT('Ctrl Pts',(-1.40033770653769,1.40033770653769,-8.14999527655817));
#8254=CARTESIAN_POINT('Ctrl Pts',(-1.98037657648803,0.820298836587342,-8.09999527655817));
#8255=CARTESIAN_POINT('Ctrl Pts',(-1.98037657648803,1.21263091775123E-16,
-8.04999527655817));
#8256=CARTESIAN_POINT('Ctrl Pts',(-1.98037657648803,-0.820298836587342,
-7.99999527655817));
#8257=CARTESIAN_POINT('Ctrl Pts',(-1.40033770653769,-1.40033770653769,-7.94999527655817));
#8258=CARTESIAN_POINT('Ctrl Pts',(-0.820298836587343,-1.98037657648803,
-7.89999527655818));
#8259=CARTESIAN_POINT('Ctrl Pts',(-2.42526183550246E-16,-1.98037657648803,
-7.84999527655817));
#8260=CARTESIAN_POINT('Ctrl Pts',(0.820298836587342,-1.98037657648803,-7.79999527655818));
#8261=CARTESIAN_POINT('Ctrl Pts',(1.40033770653769,-1.40033770653769,-7.74999527655817));
#8262=CARTESIAN_POINT('Ctrl Pts',(1.98037657648803,-0.820298836587343,-7.69999527655817));
#8263=CARTESIAN_POINT('Ctrl Pts',(1.98037657648803,-3.63789275325369E-16,
-7.64999527655817));
#8264=CARTESIAN_POINT('Ctrl Pts',(1.98037657648803,0.820298836587343,-7.59999527655817));
#8265=CARTESIAN_POINT('Ctrl Pts',(1.40033770653769,1.40033770653769,-7.54999527655817));
#8266=CARTESIAN_POINT('Ctrl Pts',(0.820298836587344,1.98037657648803,-7.49999527655817));
#8267=CARTESIAN_POINT('Ctrl Pts',(0.,1.98037657648803,-7.44999527655817));
#8268=CARTESIAN_POINT('Ctrl Pts',(-0.820298836587342,1.98037657648803,-7.39999527655817));
#8269=CARTESIAN_POINT('Ctrl Pts',(-1.40033770653769,1.40033770653769,-7.34999527655817));
#8270=CARTESIAN_POINT('Ctrl Pts',(-1.98037657648803,0.820298836587342,-7.29999527655817));
#8271=CARTESIAN_POINT('Ctrl Pts',(-1.98037657648803,1.21263091775123E-16,
-7.24999527655817));
#8272=CARTESIAN_POINT('Ctrl Pts',(-1.98037657648803,-0.820298836587342,
-7.19999527655817));
#8273=CARTESIAN_POINT('Ctrl Pts',(-1.40033770653769,-1.40033770653769,-7.14999527655817));
#8274=CARTESIAN_POINT('Ctrl Pts',(-0.820298836587343,-1.98037657648803,
-7.09999527655818));
#8275=CARTESIAN_POINT('Ctrl Pts',(-2.42526183550246E-16,-1.98037657648803,
-7.04999527655817));
#8276=CARTESIAN_POINT('Ctrl Pts',(0.820298836587342,-1.98037657648803,-6.99999527655817));
#8277=CARTESIAN_POINT('Ctrl Pts',(1.40033770653769,-1.40033770653769,-6.94999527655817));
#8278=CARTESIAN_POINT('Ctrl Pts',(1.98037657648803,-0.820298836587343,-6.89999527655817));
#8279=CARTESIAN_POINT('Ctrl Pts',(1.98037657648803,-3.63789275325369E-16,
-6.84999527655817));
#8280=CARTESIAN_POINT('Ctrl Pts',(1.98037657648803,0.820298836587343,-6.79999527655817));
#8281=CARTESIAN_POINT('Ctrl Pts',(1.40033770653769,1.40033770653769,-6.74999527655817));
#8282=CARTESIAN_POINT('Ctrl Pts',(0.820298836587344,1.98037657648803,-6.69999527655817));
#8283=CARTESIAN_POINT('Ctrl Pts',(0.,1.98037657648803,-6.64999527655817));
#8284=CARTESIAN_POINT('Ctrl Pts',(-0.820298836587342,1.98037657648803,-6.59999527655818));
#8285=CARTESIAN_POINT('Ctrl Pts',(-1.40033770653769,1.40033770653769,-6.54999527655817));
#8286=CARTESIAN_POINT('Ctrl Pts',(-1.98037657648803,0.820298836587342,-6.49999527655817));
#8287=CARTESIAN_POINT('Ctrl Pts',(-1.98037657648803,1.21263091775123E-16,
-6.44999527655817));
#8288=CARTESIAN_POINT('Ctrl Pts',(-1.98037657648803,-0.820298836587342,
-6.39999527655817));
#8289=CARTESIAN_POINT('Ctrl Pts',(-1.40033770653769,-1.40033770653769,-6.34999527655817));
#8290=CARTESIAN_POINT('Ctrl Pts',(-0.820298836587343,-1.98037657648803,
-6.29999527655818));
#8291=CARTESIAN_POINT('Ctrl Pts',(-2.42526183550246E-16,-1.98037657648803,
-6.24999527655817));
#8292=CARTESIAN_POINT('Ctrl Pts',(0.820298836587342,-1.98037657648803,-6.19999527655817));
#8293=CARTESIAN_POINT('Ctrl Pts',(1.40033770653769,-1.40033770653769,-6.14999527655817));
#8294=CARTESIAN_POINT('Ctrl Pts',(1.98037657648803,-0.820298836587343,-6.09999527655817));
#8295=CARTESIAN_POINT('Ctrl Pts',(1.98037657648803,-3.63789275325369E-16,
-6.04999527655817));
#8296=CARTESIAN_POINT('Ctrl Pts',(1.98037657648803,0.820298836587343,-5.99999527655817));
#8297=CARTESIAN_POINT('Ctrl Pts',(1.40033770653769,1.40033770653769,-5.94999527655817));
#8298=CARTESIAN_POINT('Ctrl Pts',(0.820298836587344,1.98037657648803,-5.89999527655817));
#8299=CARTESIAN_POINT('Ctrl Pts',(0.,1.98037657648803,-5.84999527655817));
#8300=CARTESIAN_POINT('Ctrl Pts',(-0.820298836587342,1.98037657648803,-5.79999527655817));
#8301=CARTESIAN_POINT('Ctrl Pts',(-1.40033770653769,1.40033770653769,-5.74999527655817));
#8302=CARTESIAN_POINT('Ctrl Pts',(-1.98037657648803,0.820298836587342,-5.69999527655817));
#8303=CARTESIAN_POINT('Ctrl Pts',(-1.98037657648803,1.21263091775123E-16,
-5.64999527655817));
#8304=CARTESIAN_POINT('Ctrl Pts',(-1.98037657648803,-0.820298836587342,
-5.59999527655817));
#8305=CARTESIAN_POINT('Ctrl Pts',(-1.40033770653769,-1.40033770653769,-5.54999527655817));
#8306=CARTESIAN_POINT('Ctrl Pts',(-0.820298836587343,-1.98037657648803,
-5.49999527655817));
#8307=CARTESIAN_POINT('Ctrl Pts',(-2.42526183550246E-16,-1.98037657648803,
-5.44999527655817));
#8308=CARTESIAN_POINT('Ctrl Pts',(0.820298836587342,-1.98037657648803,-5.39999527655817));
#8309=CARTESIAN_POINT('Ctrl Pts',(1.40033770653769,-1.40033770653769,-5.34999527655817));
#8310=CARTESIAN_POINT('Ctrl Pts',(1.98037657648803,-0.820298836587343,-5.29999527655817));
#8311=CARTESIAN_POINT('Ctrl Pts',(1.98037657648803,-3.63789275325369E-16,
-5.24999527655817));
#8312=CARTESIAN_POINT('Ctrl Pts',(1.98037657648803,0.820298836587343,-5.19999527655817));
#8313=CARTESIAN_POINT('Ctrl Pts',(1.40033770653769,1.40033770653769,-5.14999527655817));
#8314=CARTESIAN_POINT('Ctrl Pts',(0.820298836587344,1.98037657648803,-5.09999527655817));
#8315=CARTESIAN_POINT('Ctrl Pts',(0.,1.98037657648803,-5.04999527655817));
#8316=CARTESIAN_POINT('Ctrl Pts',(-0.820298836587342,1.98037657648803,-4.99999527655817));
#8317=CARTESIAN_POINT('Ctrl Pts',(-1.40033770653769,1.40033770653769,-4.94999527655817));
#8318=CARTESIAN_POINT('Ctrl Pts',(-1.98037657648803,0.820298836587342,-4.89999527655817));
#8319=CARTESIAN_POINT('Ctrl Pts',(-1.98037657648803,1.21263091775123E-16,
-4.84999527655817));
#8320=CARTESIAN_POINT('Ctrl Pts',(-1.98037657648803,-0.820298836587342,
-4.79999527655817));
#8321=CARTESIAN_POINT('Ctrl Pts',(-1.40033770653769,-1.40033770653769,-4.74999527655817));
#8322=CARTESIAN_POINT('Ctrl Pts',(-0.820298836587343,-1.98037657648803,
-4.69999527655817));
#8323=CARTESIAN_POINT('Ctrl Pts',(-2.42526183550246E-16,-1.98037657648803,
-4.64999527655817));
#8324=CARTESIAN_POINT('Ctrl Pts',(0.820298836587342,-1.98037657648803,-4.59999527655817));
#8325=CARTESIAN_POINT('Ctrl Pts',(1.40033770653769,-1.40033770653769,-4.54999527655817));
#8326=CARTESIAN_POINT('Ctrl Pts',(1.98037657648803,-0.820298836587343,-4.49999527655817));
#8327=CARTESIAN_POINT('Ctrl Pts',(1.98037657648803,-3.63789275325369E-16,
-4.44999527655817));
#8328=CARTESIAN_POINT('Ctrl Pts',(1.98037657648803,0.820298836587343,-4.39999527655817));
#8329=CARTESIAN_POINT('Ctrl Pts',(1.40033770653769,1.40033770653769,-4.34999527655817));
#8330=CARTESIAN_POINT('Ctrl Pts',(0.820298836587344,1.98037657648803,-4.29999527655817));
#8331=CARTESIAN_POINT('Ctrl Pts',(0.,1.98037657648803,-4.24999527655817));
#8332=CARTESIAN_POINT('Ctrl Pts',(-0.820298836587342,1.98037657648803,-4.19999527655817));
#8333=CARTESIAN_POINT('Ctrl Pts',(-1.40033770653769,1.40033770653769,-4.14999527655817));
#8334=CARTESIAN_POINT('Ctrl Pts',(-1.98037657648803,0.820298836587342,-4.09999527655817));
#8335=CARTESIAN_POINT('Ctrl Pts',(-1.98037657648803,1.21263091775123E-16,
-4.04999527655817));
#8336=CARTESIAN_POINT('Ctrl Pts',(-1.98037657648803,-0.820298836587342,
-3.99999527655817));
#8337=CARTESIAN_POINT('Ctrl Pts',(-1.40033770653769,-1.40033770653769,-3.94999527655817));
#8338=CARTESIAN_POINT('Ctrl Pts',(-0.820298836587343,-1.98037657648803,
-3.89999527655817));
#8339=CARTESIAN_POINT('Ctrl Pts',(-2.42526183550246E-16,-1.98037657648803,
-3.84999527655817));
#8340=CARTESIAN_POINT('Ctrl Pts',(0.820298836587342,-1.98037657648803,-3.79999527655817));
#8341=CARTESIAN_POINT('Ctrl Pts',(1.40033770653769,-1.40033770653769,-3.74999527655817));
#8342=CARTESIAN_POINT('Ctrl Pts',(1.98037657648803,-0.820298836587343,-3.69999527655817));
#8343=CARTESIAN_POINT('Ctrl Pts',(1.98037657648803,-3.63789275325369E-16,
-3.64999527655817));
#8344=CARTESIAN_POINT('Ctrl Pts',(1.98037657648803,0.820298836587343,-3.59999527655817));
#8345=CARTESIAN_POINT('Ctrl Pts',(1.40033770653769,1.40033770653769,-3.54999527655817));
#8346=CARTESIAN_POINT('Ctrl Pts',(0.820298836587344,1.98037657648803,-3.49999527655817));
#8347=CARTESIAN_POINT('Ctrl Pts',(0.,1.98037657648803,-3.44999527655817));
#8348=CARTESIAN_POINT('Ctrl Pts',(-0.820298836587342,1.98037657648803,-3.39999527655817));
#8349=CARTESIAN_POINT('Ctrl Pts',(-1.40033770653769,1.40033770653769,-3.34999527655817));
#8350=CARTESIAN_POINT('Ctrl Pts',(-1.98037657648803,0.820298836587342,-3.29999527655817));
#8351=CARTESIAN_POINT('Ctrl Pts',(-1.98037657648803,1.21263091775123E-16,
-3.24999527655817));
#8352=CARTESIAN_POINT('Ctrl Pts',(-1.98037657648803,-0.820298836587342,
-3.19999527655817));
#8353=CARTESIAN_POINT('Ctrl Pts',(-1.40033770653769,-1.40033770653769,-3.14999527655817));
#8354=CARTESIAN_POINT('Ctrl Pts',(-0.820298836587343,-1.98037657648803,
-3.09999527655817));
#8355=CARTESIAN_POINT('Ctrl Pts',(-2.42526183550246E-16,-1.98037657648803,
-3.04999527655817));
#8356=CARTESIAN_POINT('Ctrl Pts',(0.820298836587342,-1.98037657648803,-2.99999527655817));
#8357=CARTESIAN_POINT('Ctrl Pts',(1.40033770653769,-1.40033770653769,-2.94999527655817));
#8358=CARTESIAN_POINT('Ctrl Pts',(1.98037657648803,-0.820298836587343,-2.89999527655817));
#8359=CARTESIAN_POINT('Ctrl Pts',(1.98037657648803,-3.63789275325369E-16,
-2.84999527655817));
#8360=CARTESIAN_POINT('Ctrl Pts',(1.98037657648803,0.820298836587343,-2.79999527655817));
#8361=CARTESIAN_POINT('Ctrl Pts',(1.40033770653769,1.40033770653769,-2.74999527655817));
#8362=CARTESIAN_POINT('Ctrl Pts',(0.820298836587344,1.98037657648803,-2.69999527655817));
#8363=CARTESIAN_POINT('Ctrl Pts',(0.,1.98037657648803,-2.64999527655817));
#8364=CARTESIAN_POINT('Ctrl Pts',(-0.820298836587342,1.98037657648803,-2.59999527655817));
#8365=CARTESIAN_POINT('Ctrl Pts',(-1.40033770653769,1.40033770653769,-2.54999527655817));
#8366=CARTESIAN_POINT('Ctrl Pts',(-1.98037657648803,0.820298836587342,-2.49999527655817));
#8367=CARTESIAN_POINT('Ctrl Pts',(-1.98037657648803,1.21263091775123E-16,
-2.44999527655817));
#8368=CARTESIAN_POINT('Ctrl Pts',(-1.98037657648803,-0.820298836587342,
-2.39999527655817));
#8369=CARTESIAN_POINT('Ctrl Pts',(-1.40033770653769,-1.40033770653769,-2.34999527655817));
#8370=CARTESIAN_POINT('Ctrl Pts',(-0.820298836587343,-1.98037657648803,
-2.29999527655817));
#8371=CARTESIAN_POINT('Ctrl Pts',(-2.42526183550246E-16,-1.98037657648803,
-2.24999527655817));
#8372=CARTESIAN_POINT('Ctrl Pts',(0.820298836587342,-1.98037657648803,-2.19999527655817));
#8373=CARTESIAN_POINT('Ctrl Pts',(1.40033770653769,-1.40033770653769,-2.14999527655817));
#8374=CARTESIAN_POINT('Ctrl Pts',(1.98037657648803,-0.820298836587343,-2.09999527655817));
#8375=CARTESIAN_POINT('Ctrl Pts',(1.98037657648803,-3.63789275325369E-16,
-2.04999527655817));
#8376=CARTESIAN_POINT('Ctrl Pts',(1.98037657648803,0.820298836587343,-1.99999527655817));
#8377=CARTESIAN_POINT('Ctrl Pts',(1.40033770653769,1.40033770653769,-1.94999527655817));
#8378=CARTESIAN_POINT('Ctrl Pts',(0.820298836587344,1.98037657648803,-1.89999527655817));
#8379=CARTESIAN_POINT('Ctrl Pts',(0.,1.98037657648803,-1.84999527655817));
#8380=CARTESIAN_POINT('Ctrl Pts',(-0.820298836587342,1.98037657648803,-1.79999527655817));
#8381=CARTESIAN_POINT('Ctrl Pts',(-1.40033770653769,1.40033770653769,-1.74999527655817));
#8382=CARTESIAN_POINT('Ctrl Pts',(-1.98037657648803,0.820298836587342,-1.69999527655817));
#8383=CARTESIAN_POINT('Ctrl Pts',(-1.98037657648803,1.21263091775123E-16,
-1.64999527655817));
#8384=CARTESIAN_POINT('Ctrl Pts',(-1.98037657648803,-0.820298836587342,
-1.59999527655817));
#8385=CARTESIAN_POINT('Ctrl Pts',(-1.40033770653769,-1.40033770653769,-1.54999527655817));
#8386=CARTESIAN_POINT('Ctrl Pts',(-0.820298836587343,-1.98037657648803,
-1.49999527655817));
#8387=CARTESIAN_POINT('Ctrl Pts',(-2.42526183550246E-16,-1.98037657648803,
-1.44999527655817));
#8388=CARTESIAN_POINT('Ctrl Pts',(0.820298836587342,-1.98037657648803,-1.39999527655817));
#8389=CARTESIAN_POINT('Ctrl Pts',(1.40033770653769,-1.40033770653769,-1.34999527655817));
#8390=CARTESIAN_POINT('Ctrl Pts',(1.98037657648803,-0.820298836587343,-1.29999527655817));
#8391=CARTESIAN_POINT('Ctrl Pts',(1.98037657648803,-3.63789275325369E-16,
-1.24999527655817));
#8392=CARTESIAN_POINT('Ctrl Pts',(1.98037657648803,0.820298836587343,-1.19999527655817));
#8393=CARTESIAN_POINT('Ctrl Pts',(1.40033770653769,1.40033770653769,-1.14999527655817));
#8394=CARTESIAN_POINT('Ctrl Pts',(0.820298836587344,1.98037657648803,-1.09999527655817));
#8395=CARTESIAN_POINT('Ctrl Pts',(0.,1.98037657648803,-1.04999527655817));
#8396=CARTESIAN_POINT('Ctrl Pts',(-0.820298836587342,1.98037657648803,-0.999995276558173));
#8397=CARTESIAN_POINT('Ctrl Pts',(-1.40033770653769,1.40033770653769,-0.949995276558173));
#8398=CARTESIAN_POINT('Ctrl Pts',(-1.98037657648803,0.820298836587342,-0.899995276558174));
#8399=CARTESIAN_POINT('Ctrl Pts',(-1.98037657648803,1.21263091775123E-16,
-0.849995276558172));
#8400=CARTESIAN_POINT('Ctrl Pts',(-1.98037657648803,-0.820298836587342,
-0.799995276558172));
#8401=CARTESIAN_POINT('Ctrl Pts',(-1.40033770653769,-1.40033770653769,-0.749995276558173));
#8402=CARTESIAN_POINT('Ctrl Pts',(-0.820298836587343,-1.98037657648803,
-0.699995276558173));
#8403=CARTESIAN_POINT('Ctrl Pts',(-2.42526183550246E-16,-1.98037657648803,
-0.649995276558173));
#8404=CARTESIAN_POINT('Ctrl Pts',(0.820298836587342,-1.98037657648803,-0.599995276558174));
#8405=CARTESIAN_POINT('Ctrl Pts',(1.40033770653769,-1.40033770653769,-0.549995276558172));
#8406=CARTESIAN_POINT('Ctrl Pts',(1.98037657648803,-0.820298836587343,-0.499995276558172));
#8407=CARTESIAN_POINT('Ctrl Pts',(1.98037657648803,-3.63789275325369E-16,
-0.449995276558173));
#8408=CARTESIAN_POINT('Ctrl Pts',(1.98037657648803,0.820298836587343,-0.399995276558173));
#8409=CARTESIAN_POINT('Ctrl Pts',(1.40033770653769,1.40033770653769,-0.349995276558173));
#8410=CARTESIAN_POINT('Ctrl Pts',(0.820298836587344,1.98037657648803,-0.299995276558174));
#8411=CARTESIAN_POINT('Ctrl Pts',(0.,1.98037657648803,-0.249995276558172));
#8412=CARTESIAN_POINT('Ctrl Pts',(-0.820298836587342,1.98037657648803,-0.199995276558173));
#8413=CARTESIAN_POINT('Ctrl Pts',(-1.40033770653769,1.40033770653769,-0.149995276558173));
#8414=CARTESIAN_POINT('Ctrl Pts',(-1.98037657648803,0.820298836587342,-0.0999952765581731));
#8415=CARTESIAN_POINT('Ctrl Pts',(-1.98037657648803,1.21263091775123E-16,
-0.0499952765581734));
#8416=CARTESIAN_POINT('Ctrl Pts',(-1.98037657648803,-0.820298836587342,
4.72344182798763E-6));
#8417=CARTESIAN_POINT('Ctrl Pts',(-1.40033770653769,-1.40033770653769,0.0500047234418277));
#8418=CARTESIAN_POINT('Ctrl Pts',(-0.820298836587343,-1.98037657648803,
0.100004723441827));
#8419=CARTESIAN_POINT('Ctrl Pts',(-2.42526183550246E-16,-1.98037657648803,
0.150004723441827));
#8420=CARTESIAN_POINT('Ctrl Pts',(0.820298836587342,-1.98037657648803,0.200004723441827));
#8421=CARTESIAN_POINT('Ctrl Pts',(1.40033770653769,-1.40033770653769,0.250004723441826));
#8422=CARTESIAN_POINT('Ctrl Pts',(1.98037657648803,-0.820298836587343,0.300004723441828));
#8423=CARTESIAN_POINT('Ctrl Pts',(1.98037657648803,-3.63789275325369E-16,
0.350004723441828));
#8424=CARTESIAN_POINT('Ctrl Pts',(1.98037657648803,0.820298836587343,0.400004723441827));
#8425=CARTESIAN_POINT('Ctrl Pts',(1.40033770653769,1.40033770653769,0.450004723441827));
#8426=CARTESIAN_POINT('Ctrl Pts',(0.820298836587344,1.98037657648803,0.500004723441827));
#8427=CARTESIAN_POINT('Ctrl Pts',(0.,1.98037657648803,0.550004723441826));
#8428=CARTESIAN_POINT('Ctrl Pts',(-0.820298836587342,1.98037657648803,0.600004723441828));
#8429=CARTESIAN_POINT('Ctrl Pts',(-1.40033770653769,1.40033770653769,0.650004723441828));
#8430=CARTESIAN_POINT('Ctrl Pts',(-1.98037657648803,0.820298836587342,0.700004723441827));
#8431=CARTESIAN_POINT('Ctrl Pts',(-1.98037657648803,1.21263091775123E-16,
0.750004723441827));
#8432=CARTESIAN_POINT('Ctrl Pts',(-1.98037657648803,-0.820298836587342,
0.800004723441827));
#8433=CARTESIAN_POINT('Ctrl Pts',(-1.40033770653769,-1.40033770653769,0.850004723441826));
#8434=CARTESIAN_POINT('Ctrl Pts',(-0.820298836587343,-1.98037657648803,
0.900004723441828));
#8435=CARTESIAN_POINT('Ctrl Pts',(-2.42526183550246E-16,-1.98037657648803,
0.950004723441828));
#8436=CARTESIAN_POINT('Ctrl Pts',(0.820298836587342,-1.98037657648803,1.00000472344183));
#8437=CARTESIAN_POINT('Ctrl Pts',(1.40033770653769,-1.40033770653769,1.05000472344183));
#8438=CARTESIAN_POINT('Ctrl Pts',(1.98037657648803,-0.820298836587343,1.10000472344183));
#8439=CARTESIAN_POINT('Ctrl Pts',(1.98037657648803,-3.63789275325369E-16,
1.15000472344183));
#8440=CARTESIAN_POINT('Ctrl Pts',(1.98037657648803,0.820298836587343,1.20000472344183));
#8441=CARTESIAN_POINT('Ctrl Pts',(1.40033770653769,1.40033770653769,1.25000472344183));
#8442=CARTESIAN_POINT('Ctrl Pts',(0.820298836587344,1.98037657648803,1.30000472344183));
#8443=CARTESIAN_POINT('Ctrl Pts',(0.,1.98037657648803,1.35000472344183));
#8444=CARTESIAN_POINT('Ctrl Pts',(-0.820298836587342,1.98037657648803,1.40000472344183));
#8445=CARTESIAN_POINT('Ctrl Pts',(-1.40033770653769,1.40033770653769,1.45000472344183));
#8446=CARTESIAN_POINT('Ctrl Pts',(-1.98037657648803,0.820298836587342,1.50000472344183));
#8447=CARTESIAN_POINT('Ctrl Pts',(-1.98037657648803,1.21263091775123E-16,
1.55000472344183));
#8448=CARTESIAN_POINT('Ctrl Pts',(-1.98037657648803,-0.820298836587342,
1.60000472344183));
#8449=CARTESIAN_POINT('Ctrl Pts',(-1.40033770653769,-1.40033770653769,1.65000472344183));
#8450=CARTESIAN_POINT('Ctrl Pts',(-0.820298836587343,-1.98037657648803,
1.70000472344183));
#8451=CARTESIAN_POINT('Ctrl Pts',(-2.42526183550246E-16,-1.98037657648803,
1.75000472344183));
#8452=CARTESIAN_POINT('Ctrl Pts',(0.820298836587342,-1.98037657648803,1.80000472344183));
#8453=CARTESIAN_POINT('Ctrl Pts',(1.40033770653769,-1.40033770653769,1.85000472344183));
#8454=CARTESIAN_POINT('Ctrl Pts',(1.98037657648803,-0.820298836587343,1.90000472344183));
#8455=CARTESIAN_POINT('Ctrl Pts',(1.98037657648803,-3.63789275325369E-16,
1.95000472344183));
#8456=CARTESIAN_POINT('Ctrl Pts',(1.98037657648803,0.820298836587343,2.00000472344183));
#8457=CARTESIAN_POINT('Ctrl Pts',(1.40033770653769,1.40033770653769,2.05000472344183));
#8458=CARTESIAN_POINT('Ctrl Pts',(0.820298836587344,1.98037657648803,2.10000472344183));
#8459=CARTESIAN_POINT('Ctrl Pts',(0.,1.98037657648803,2.15000472344183));
#8460=CARTESIAN_POINT('Ctrl Pts',(-0.820298836587342,1.98037657648803,2.20000472344183));
#8461=CARTESIAN_POINT('Ctrl Pts',(-1.40033770653769,1.40033770653769,2.25000472344183));
#8462=CARTESIAN_POINT('Ctrl Pts',(-1.98037657648803,0.820298836587342,2.30000472344183));
#8463=CARTESIAN_POINT('Ctrl Pts',(-1.98037657648803,1.21263091775123E-16,
2.35000472344183));
#8464=CARTESIAN_POINT('Ctrl Pts',(-1.98037657648803,-0.820298836587342,
2.40000472344183));
#8465=CARTESIAN_POINT('Ctrl Pts',(-1.40033770653769,-1.40033770653769,2.45000472344183));
#8466=CARTESIAN_POINT('Ctrl Pts',(-0.820298836587343,-1.98037657648803,
2.50000472344183));
#8467=CARTESIAN_POINT('Ctrl Pts',(-2.42526183550246E-16,-1.98037657648803,
2.55000472344183));
#8468=CARTESIAN_POINT('Ctrl Pts',(0.820298836587342,-1.98037657648803,2.60000472344183));
#8469=CARTESIAN_POINT('Ctrl Pts',(1.40033770653769,-1.40033770653769,2.65000472344183));
#8470=CARTESIAN_POINT('Ctrl Pts',(1.98037657648803,-0.820298836587343,2.70000472344183));
#8471=CARTESIAN_POINT('Ctrl Pts',(1.98037657648803,-3.63789275325369E-16,
2.75000472344183));
#8472=CARTESIAN_POINT('Ctrl Pts',(1.98037657648803,0.820298836587343,2.80000472344183));
#8473=CARTESIAN_POINT('Ctrl Pts',(1.40033770653769,1.40033770653769,2.85000472344183));
#8474=CARTESIAN_POINT('Ctrl Pts',(0.820298836587344,1.98037657648803,2.90000472344183));
#8475=CARTESIAN_POINT('Ctrl Pts',(0.,1.98037657648803,2.95000472344183));
#8476=CARTESIAN_POINT('Ctrl Pts',(-0.820298836587342,1.98037657648803,3.00000472344183));
#8477=CARTESIAN_POINT('Ctrl Pts',(-1.40033770653769,1.40033770653769,3.05000472344183));
#8478=CARTESIAN_POINT('Ctrl Pts',(-1.98037657648803,0.820298836587342,3.10000472344183));
#8479=CARTESIAN_POINT('Ctrl Pts',(-1.98037657648803,1.21263091775123E-16,
3.15000472344183));
#8480=CARTESIAN_POINT('Ctrl Pts',(-1.98037657648803,-0.820298836587342,
3.20000472344183));
#8481=CARTESIAN_POINT('Ctrl Pts',(-1.40033770653769,-1.40033770653769,3.25000472344183));
#8482=CARTESIAN_POINT('Ctrl Pts',(-0.820298836587343,-1.98037657648803,
3.30000472344183));
#8483=CARTESIAN_POINT('Ctrl Pts',(-2.42526183550246E-16,-1.98037657648803,
3.35000472344183));
#8484=CARTESIAN_POINT('Ctrl Pts',(0.820298836587342,-1.98037657648803,3.40000472344183));
#8485=CARTESIAN_POINT('Ctrl Pts',(1.40033770653769,-1.40033770653769,3.45000472344183));
#8486=CARTESIAN_POINT('Ctrl Pts',(1.98037657648803,-0.820298836587343,3.50000472344183));
#8487=CARTESIAN_POINT('Ctrl Pts',(1.98037657648803,-3.63789275325369E-16,
3.55000472344183));
#8488=CARTESIAN_POINT('Ctrl Pts',(1.98037657648803,0.820298836587343,3.60000472344183));
#8489=CARTESIAN_POINT('Ctrl Pts',(1.40033770653769,1.40033770653769,3.65000472344183));
#8490=CARTESIAN_POINT('Ctrl Pts',(0.820298836587344,1.98037657648803,3.70000472344183));
#8491=CARTESIAN_POINT('Ctrl Pts',(0.,1.98037657648803,3.75000472344183));
#8492=CARTESIAN_POINT('Ctrl Pts',(-0.820298836587342,1.98037657648803,3.80000472344183));
#8493=CARTESIAN_POINT('Ctrl Pts',(-1.40033770653769,1.40033770653769,3.85000472344183));
#8494=CARTESIAN_POINT('Ctrl Pts',(-1.98037657648803,0.820298836587342,3.90000472344183));
#8495=CARTESIAN_POINT('Ctrl Pts',(-1.98037657648803,1.21263091775123E-16,
3.95000472344183));
#8496=CARTESIAN_POINT('Ctrl Pts',(-1.98037657648803,-0.820298836587342,
4.00000472344183));
#8497=CARTESIAN_POINT('Ctrl Pts',(-1.40033770653769,-1.40033770653769,4.05000472344183));
#8498=CARTESIAN_POINT('Ctrl Pts',(-0.820298836587343,-1.98037657648803,
4.10000472344183));
#8499=CARTESIAN_POINT('Ctrl Pts',(-2.42526183550246E-16,-1.98037657648803,
4.15000472344183));
#8500=CARTESIAN_POINT('Ctrl Pts',(0.820298836587342,-1.98037657648803,4.20000472344183));
#8501=CARTESIAN_POINT('Ctrl Pts',(1.40033770653769,-1.40033770653769,4.25000472344183));
#8502=CARTESIAN_POINT('Ctrl Pts',(1.98037657648803,-0.820298836587343,4.30000472344183));
#8503=CARTESIAN_POINT('Ctrl Pts',(1.98037657648803,-3.63789275325369E-16,
4.35000472344183));
#8504=CARTESIAN_POINT('Ctrl Pts',(1.98037657648803,0.820298836587343,4.40000472344183));
#8505=CARTESIAN_POINT('Ctrl Pts',(1.40033770653769,1.40033770653769,4.45000472344183));
#8506=CARTESIAN_POINT('Ctrl Pts',(0.820298836587344,1.98037657648803,4.50000472344183));
#8507=CARTESIAN_POINT('Ctrl Pts',(0.,1.98037657648803,4.55000472344183));
#8508=CARTESIAN_POINT('Ctrl Pts',(-0.820298836587342,1.98037657648803,4.60000472344183));
#8509=CARTESIAN_POINT('Ctrl Pts',(-1.40033770653769,1.40033770653769,4.65000472344183));
#8510=CARTESIAN_POINT('Ctrl Pts',(-1.98037657648803,0.820298836587342,4.70000472344183));
#8511=CARTESIAN_POINT('Ctrl Pts',(-1.98037657648803,1.21263091775123E-16,
4.75000472344183));
#8512=CARTESIAN_POINT('Ctrl Pts',(-1.98037657648803,-0.820298836587342,
4.80000472344183));
#8513=CARTESIAN_POINT('Ctrl Pts',(-1.40033770653769,-1.40033770653769,4.85000472344183));
#8514=CARTESIAN_POINT('Ctrl Pts',(-0.820298836587343,-1.98037657648803,
4.90000472344183));
#8515=CARTESIAN_POINT('Ctrl Pts',(-2.42526183550246E-16,-1.98037657648803,
4.95000472344183));
#8516=CARTESIAN_POINT('Ctrl Pts',(0.820298836587342,-1.98037657648803,5.00000472344183));
#8517=CARTESIAN_POINT('Ctrl Pts',(1.40033770653769,-1.40033770653769,5.05000472344183));
#8518=CARTESIAN_POINT('Ctrl Pts',(1.98037657648803,-0.820298836587343,5.10000472344183));
#8519=CARTESIAN_POINT('Ctrl Pts',(1.98037657648803,-3.63789275325369E-16,
5.15000472344183));
#8520=CARTESIAN_POINT('Ctrl Pts',(1.98037657648803,0.820298836587343,5.20000472344183));
#8521=CARTESIAN_POINT('Ctrl Pts',(1.40033770653769,1.40033770653769,5.25000472344183));
#8522=CARTESIAN_POINT('Ctrl Pts',(0.820298836587344,1.98037657648803,5.30000472344183));
#8523=CARTESIAN_POINT('Ctrl Pts',(0.,1.98037657648803,5.35000472344183));
#8524=CARTESIAN_POINT('Ctrl Pts',(-0.820298836587342,1.98037657648803,5.40000472344183));
#8525=CARTESIAN_POINT('Ctrl Pts',(-1.40033770653769,1.40033770653769,5.45000472344183));
#8526=CARTESIAN_POINT('Ctrl Pts',(-1.98037657648803,0.820298836587342,5.50000472344183));
#8527=CARTESIAN_POINT('Ctrl Pts',(-1.98037657648803,1.21263091775123E-16,
5.55000472344183));
#8528=CARTESIAN_POINT('Ctrl Pts',(-1.98037657648803,-0.820298836587342,
5.60000472344183));
#8529=CARTESIAN_POINT('Ctrl Pts',(-1.40033770653769,-1.40033770653769,5.65000472344183));
#8530=CARTESIAN_POINT('Ctrl Pts',(-0.820298836587343,-1.98037657648803,
5.70000472344183));
#8531=CARTESIAN_POINT('Ctrl Pts',(-2.42526183550246E-16,-1.98037657648803,
5.75000472344183));
#8532=CARTESIAN_POINT('Ctrl Pts',(0.820298836587342,-1.98037657648803,5.80000472344183));
#8533=CARTESIAN_POINT('Ctrl Pts',(1.40033770653769,-1.40033770653769,5.85000472344183));
#8534=CARTESIAN_POINT('Ctrl Pts',(1.98037657648803,-0.820298836587343,5.90000472344183));
#8535=CARTESIAN_POINT('Ctrl Pts',(1.98037657648803,-3.63789275325369E-16,
5.95000472344183));
#8536=CARTESIAN_POINT('Ctrl Pts',(1.98037657648803,0.820298836587343,6.00000472344183));
#8537=CARTESIAN_POINT('Ctrl Pts',(1.40033770653769,1.40033770653769,6.05000472344183));
#8538=CARTESIAN_POINT('Ctrl Pts',(0.820298836587344,1.98037657648803,6.10000472344183));
#8539=CARTESIAN_POINT('Ctrl Pts',(0.,1.98037657648803,6.15000472344183));
#8540=CARTESIAN_POINT('Ctrl Pts',(-0.820298836587342,1.98037657648803,6.20000472344183));
#8541=CARTESIAN_POINT('Ctrl Pts',(-1.40033770653769,1.40033770653769,6.25000472344183));
#8542=CARTESIAN_POINT('Ctrl Pts',(-1.98037657648803,0.820298836587342,6.30000472344183));
#8543=CARTESIAN_POINT('Ctrl Pts',(-1.98037657648803,1.21263091775123E-16,
6.35000472344183));
#8544=CARTESIAN_POINT('Ctrl Pts',(-1.98037657648803,-0.820298836587342,
6.40000472344183));
#8545=CARTESIAN_POINT('Ctrl Pts',(-1.40033770653769,-1.40033770653769,6.45000472344183));
#8546=CARTESIAN_POINT('Ctrl Pts',(-0.820298836587343,-1.98037657648803,
6.50000472344183));
#8547=CARTESIAN_POINT('Ctrl Pts',(-2.42526183550246E-16,-1.98037657648803,
6.55000472344183));
#8548=CARTESIAN_POINT('Ctrl Pts',(0.820298836587342,-1.98037657648803,6.60000472344183));
#8549=CARTESIAN_POINT('Ctrl Pts',(1.40033770653769,-1.40033770653769,6.65000472344183));
#8550=CARTESIAN_POINT('Ctrl Pts',(1.98037657648803,-0.820298836587343,6.70000472344183));
#8551=CARTESIAN_POINT('Ctrl Pts',(1.98037657648803,-3.63789275325369E-16,
6.75000472344183));
#8552=CARTESIAN_POINT('Ctrl Pts',(1.98037657648803,0.820298836587343,6.80000472344183));
#8553=CARTESIAN_POINT('Ctrl Pts',(1.40033770653769,1.40033770653769,6.85000472344183));
#8554=CARTESIAN_POINT('Ctrl Pts',(0.820298836587344,1.98037657648803,6.90000472344183));
#8555=CARTESIAN_POINT('Ctrl Pts',(0.,1.98037657648803,6.95000472344183));
#8556=CARTESIAN_POINT('Ctrl Pts',(-0.820298836587342,1.98037657648803,7.00000472344183));
#8557=CARTESIAN_POINT('Ctrl Pts',(-1.40033770653769,1.40033770653769,7.05000472344183));
#8558=CARTESIAN_POINT('Ctrl Pts',(-1.98037657648803,0.820298836587342,7.10000472344183));
#8559=CARTESIAN_POINT('Ctrl Pts',(-1.98037657648803,1.21263091775123E-16,
7.15000472344183));
#8560=CARTESIAN_POINT('Ctrl Pts',(-1.98037657648803,-0.820298836587342,
7.20000472344183));
#8561=CARTESIAN_POINT('Ctrl Pts',(-1.40033770653769,-1.40033770653769,7.25000472344183));
#8562=CARTESIAN_POINT('Ctrl Pts',(-0.820298836587343,-1.98037657648803,
7.30000472344183));
#8563=CARTESIAN_POINT('Ctrl Pts',(-2.42526183550246E-16,-1.98037657648803,
7.35000472344183));
#8564=CARTESIAN_POINT('Ctrl Pts',(0.820298836587342,-1.98037657648803,7.40000472344183));
#8565=CARTESIAN_POINT('Ctrl Pts',(1.40033770653769,-1.40033770653769,7.45000472344183));
#8566=CARTESIAN_POINT('Ctrl Pts',(1.98037657648803,-0.820298836587343,7.50000472344183));
#8567=CARTESIAN_POINT('Ctrl Pts',(1.98037657648803,-3.63789275325369E-16,
7.55000472344183));
#8568=CARTESIAN_POINT('Ctrl Pts',(1.98037657648803,0.820298836587343,7.60000472344183));
#8569=CARTESIAN_POINT('Ctrl Pts',(1.40033770653769,1.40033770653769,7.65000472344183));
#8570=CARTESIAN_POINT('Ctrl Pts',(0.820298836587344,1.98037657648803,7.70000472344183));
#8571=CARTESIAN_POINT('Ctrl Pts',(0.,1.98037657648803,7.75000472344183));
#8572=CARTESIAN_POINT('Ctrl Pts',(-0.820298836587342,1.98037657648803,7.80000472344183));
#8573=CARTESIAN_POINT('Ctrl Pts',(-1.40033770653769,1.40033770653769,7.85000472344183));
#8574=CARTESIAN_POINT('Ctrl Pts',(-1.98037657648803,0.820298836587342,7.90000472344183));
#8575=CARTESIAN_POINT('Ctrl Pts',(-1.98037657648803,1.21263091775123E-16,
7.95000472344183));
#8576=CARTESIAN_POINT('Ctrl Pts',(-1.98037657648803,-0.820298836587342,
8.00000472344183));
#8577=CARTESIAN_POINT('Ctrl Pts',(-1.40033770653769,-1.40033770653769,8.05000472344183));
#8578=CARTESIAN_POINT('Ctrl Pts',(-0.820298836587343,-1.98037657648803,
8.10000472344183));
#8579=CARTESIAN_POINT('Ctrl Pts',(-2.42526183550246E-16,-1.98037657648803,
8.15000472344183));
#8580=CARTESIAN_POINT('Ctrl Pts',(0.820298836587342,-1.98037657648803,8.20000472344183));
#8581=CARTESIAN_POINT('Ctrl Pts',(1.40033770653769,-1.40033770653769,8.25000472344183));
#8582=CARTESIAN_POINT('Ctrl Pts',(1.98037657648803,-0.820298836587343,8.30000472344183));
#8583=CARTESIAN_POINT('Ctrl Pts',(1.98037657648803,-3.63789275325369E-16,
8.35000472344183));
#8584=CARTESIAN_POINT('Ctrl Pts',(1.98037657648803,0.820298836587343,8.40000472344183));
#8585=CARTESIAN_POINT('Ctrl Pts',(1.40033770653769,1.40033770653769,8.45000472344183));
#8586=CARTESIAN_POINT('Ctrl Pts',(0.820298836587344,1.98037657648803,8.50000472344183));
#8587=CARTESIAN_POINT('Ctrl Pts',(0.,1.98037657648803,8.55000472344183));
#8588=CARTESIAN_POINT('Ctrl Pts',(-0.820298836587342,1.98037657648803,8.60000472344183));
#8589=CARTESIAN_POINT('Ctrl Pts',(-1.40033770653769,1.40033770653769,8.65000472344183));
#8590=CARTESIAN_POINT('Ctrl Pts',(-1.98037657648803,0.820298836587342,8.70000472344183));
#8591=CARTESIAN_POINT('Ctrl Pts',(-1.98037657648803,1.21263091775123E-16,
8.75000472344183));
#8592=CARTESIAN_POINT('Ctrl Pts',(-1.98037657648803,-0.820298836587342,
8.80000472344183));
#8593=CARTESIAN_POINT('Ctrl Pts',(-1.40033770653769,-1.40033770653769,8.85000472344183));
#8594=CARTESIAN_POINT('Ctrl Pts',(-0.820298836587343,-1.98037657648803,
8.90000472344183));
#8595=CARTESIAN_POINT('Ctrl Pts',(-2.42526183550246E-16,-1.98037657648803,
8.95000472344183));
#8596=CARTESIAN_POINT('Ctrl Pts',(0.820298836587342,-1.98037657648803,9.00000472344183));
#8597=CARTESIAN_POINT('Ctrl Pts',(1.40033770653769,-1.40033770653769,9.05000472344183));
#8598=CARTESIAN_POINT('Ctrl Pts',(1.98037657648803,-0.820298836587343,9.10000472344183));
#8599=CARTESIAN_POINT('Ctrl Pts',(1.98037657648803,-3.63789275325369E-16,
9.15000472344183));
#8600=CARTESIAN_POINT('Ctrl Pts',(1.98037657648803,0.820298836587343,9.20000472344183));
#8601=CARTESIAN_POINT('Ctrl Pts',(1.40033770653769,1.40033770653769,9.25000472344183));
#8602=CARTESIAN_POINT('Ctrl Pts',(0.820298836587344,1.98037657648803,9.30000472344183));
#8603=CARTESIAN_POINT('Ctrl Pts',(0.,1.98037657648803,9.35000472344183));
#8604=CARTESIAN_POINT('Ctrl Pts',(-0.820298836587342,1.98037657648803,9.40000472344183));
#8605=CARTESIAN_POINT('Ctrl Pts',(-1.40033770653769,1.40033770653769,9.45000472344183));
#8606=CARTESIAN_POINT('Ctrl Pts',(-1.98037657648803,0.820298836587342,9.50000472344183));
#8607=CARTESIAN_POINT('Ctrl Pts',(-1.98037657648803,1.21263091775123E-16,
9.55000472344183));
#8608=CARTESIAN_POINT('Ctrl Pts',(-1.98037657648803,-0.820298836587342,
9.60000472344183));
#8609=CARTESIAN_POINT('Ctrl Pts',(-1.40033770653769,-1.40033770653769,9.65000472344183));
#8610=CARTESIAN_POINT('Ctrl Pts',(-0.820298836587343,-1.98037657648803,
9.70000472344183));
#8611=CARTESIAN_POINT('Ctrl Pts',(-2.42526183550246E-16,-1.98037657648803,
9.75000472344183));
#8612=CARTESIAN_POINT('Ctrl Pts',(0.820298836587342,-1.98037657648803,9.80000472344182));
#8613=CARTESIAN_POINT('Ctrl Pts',(1.40033770653769,-1.40033770653769,9.85000472344183));
#8614=CARTESIAN_POINT('Ctrl Pts',(1.98037657648803,-0.820298836587343,9.90000472344183));
#8615=CARTESIAN_POINT('Ctrl Pts',(1.98037657648803,-3.63789275325369E-16,
9.95000472344183));
#8616=CARTESIAN_POINT('Ctrl Pts',(1.98037657648803,0.820298836587343,10.0000047234418));
#8617=CARTESIAN_POINT('Ctrl Pts',(1.40033770653769,1.40033770653769,10.0500047234418));
#8618=CARTESIAN_POINT('Ctrl Pts',(0.820298836587344,1.98037657648803,10.1000047234418));
#8619=CARTESIAN_POINT('Ctrl Pts',(0.,1.98037657648803,10.1500047234418));
#8620=CARTESIAN_POINT('Ctrl Pts',(-0.820298836587342,1.98037657648803,10.2000047234418));
#8621=CARTESIAN_POINT('Ctrl Pts',(-1.40033770653769,1.40033770653769,10.2500047234418));
#8622=CARTESIAN_POINT('Ctrl Pts',(-1.98037657648803,0.820298836587342,10.3000047234418));
#8623=CARTESIAN_POINT('Ctrl Pts',(-1.98037657648803,1.21263091775123E-16,
10.3500047234418));
#8624=CARTESIAN_POINT('Ctrl Pts',(-1.98037657648803,-0.820298836587342,
10.4000047234418));
#8625=CARTESIAN_POINT('Ctrl Pts',(-1.40033770653769,-1.40033770653769,10.4500047234418));
#8626=CARTESIAN_POINT('Ctrl Pts',(-0.820298836587343,-1.98037657648803,
10.5000047234418));
#8627=CARTESIAN_POINT('Ctrl Pts',(-2.42526183550246E-16,-1.98037657648803,
10.5500047234418));
#8628=CARTESIAN_POINT('Ctrl Pts',(0.820298836587342,-1.98037657648803,10.6000047234418));
#8629=CARTESIAN_POINT('Ctrl Pts',(1.40033770653769,-1.40033770653769,10.6500047234418));
#8630=CARTESIAN_POINT('Ctrl Pts',(1.98037657648803,-0.820298836587343,10.7000047234418));
#8631=CARTESIAN_POINT('Ctrl Pts',(1.98037657648803,-3.63789275325369E-16,
10.7500047234418));
#8632=CARTESIAN_POINT('Ctrl Pts',(1.98037657648803,0.820298836587343,10.8000047234418));
#8633=CARTESIAN_POINT('Ctrl Pts',(1.40033770653769,1.40033770653769,10.8500047234418));
#8634=CARTESIAN_POINT('Ctrl Pts',(0.820298836587344,1.98037657648803,10.9000047234418));
#8635=CARTESIAN_POINT('Ctrl Pts',(0.,1.98037657648803,10.9500047234418));
#8636=CARTESIAN_POINT('Ctrl Pts',(-0.820298836587342,1.98037657648803,11.0000047234418));
#8637=CARTESIAN_POINT('Ctrl Pts',(-1.40033770653769,1.40033770653769,11.0500047234418));
#8638=CARTESIAN_POINT('Ctrl Pts',(-1.98037657648803,0.820298836587342,11.1000047234418));
#8639=CARTESIAN_POINT('Ctrl Pts',(-1.98037657648803,1.21263091775123E-16,
11.1500047234418));
#8640=CARTESIAN_POINT('Ctrl Pts',(0.,2.54330127018919,-14.9749999999999));
#8641=CARTESIAN_POINT('Ctrl Pts',(-1.05346987931308,2.54330127018919,-14.9249999999999));
#8642=CARTESIAN_POINT('Ctrl Pts',(-1.79838557475114,1.79838557475114,-14.8749999999999));
#8643=CARTESIAN_POINT('Ctrl Pts',(-2.54330127018919,1.05346987931308,-14.8249999999999));
#8644=CARTESIAN_POINT('Ctrl Pts',(-2.54330127018919,1.5573228799023E-16,
-14.7749999999999));
#8645=CARTESIAN_POINT('Ctrl Pts',(-2.54330127018919,-1.05346987931308,-14.7249999999999));
#8646=CARTESIAN_POINT('Ctrl Pts',(-1.79838557475114,-1.79838557475114,-14.6749999999999));
#8647=CARTESIAN_POINT('Ctrl Pts',(-1.05346987931308,-2.54330127018919,-14.6249999999999));
#8648=CARTESIAN_POINT('Ctrl Pts',(-3.11464575980459E-16,-2.54330127018919,
-14.5749999999999));
#8649=CARTESIAN_POINT('Ctrl Pts',(1.05346987931308,-2.54330127018919,-14.5249999999999));
#8650=CARTESIAN_POINT('Ctrl Pts',(1.79838557475114,-1.79838557475114,-14.4749999999999));
#8651=CARTESIAN_POINT('Ctrl Pts',(2.54330127018919,-1.05346987931308,-14.4249999999999));
#8652=CARTESIAN_POINT('Ctrl Pts',(2.54330127018919,-4.67196863970689E-16,
-14.3749999999999));
#8653=CARTESIAN_POINT('Ctrl Pts',(2.54330127018919,1.05346987931308,-14.3249999999999));
#8654=CARTESIAN_POINT('Ctrl Pts',(1.79838557475114,1.79838557475114,-14.2749999999999));
#8655=CARTESIAN_POINT('Ctrl Pts',(1.05346987931309,2.54330127018919,-14.2249999999999));
#8656=CARTESIAN_POINT('Ctrl Pts',(0.,2.54330127018919,-14.1749999999999));
#8657=CARTESIAN_POINT('Ctrl Pts',(-1.05346987931308,2.54330127018919,-14.1249999999999));
#8658=CARTESIAN_POINT('Ctrl Pts',(-1.79838557475114,1.79838557475114,-14.0749999999999));
#8659=CARTESIAN_POINT('Ctrl Pts',(-2.54330127018919,1.05346987931308,-14.0249999999999));
#8660=CARTESIAN_POINT('Ctrl Pts',(-2.54330127018919,1.5573228799023E-16,
-13.9749999999999));
#8661=CARTESIAN_POINT('Ctrl Pts',(-2.54330127018919,-1.05346987931308,-13.9249999999999));
#8662=CARTESIAN_POINT('Ctrl Pts',(-1.79838557475114,-1.79838557475114,-13.8749999999999));
#8663=CARTESIAN_POINT('Ctrl Pts',(-1.05346987931308,-2.54330127018919,-13.8249999999999));
#8664=CARTESIAN_POINT('Ctrl Pts',(-3.11464575980459E-16,-2.54330127018919,
-13.7749999999999));
#8665=CARTESIAN_POINT('Ctrl Pts',(1.05346987931308,-2.54330127018919,-13.7249999999999));
#8666=CARTESIAN_POINT('Ctrl Pts',(1.79838557475114,-1.79838557475114,-13.6749999999999));
#8667=CARTESIAN_POINT('Ctrl Pts',(2.54330127018919,-1.05346987931308,-13.6249999999999));
#8668=CARTESIAN_POINT('Ctrl Pts',(2.54330127018919,-4.67196863970689E-16,
-13.5749999999999));
#8669=CARTESIAN_POINT('Ctrl Pts',(2.54330127018919,1.05346987931308,-13.5249999999999));
#8670=CARTESIAN_POINT('Ctrl Pts',(1.79838557475114,1.79838557475114,-13.4749999999999));
#8671=CARTESIAN_POINT('Ctrl Pts',(1.05346987931309,2.54330127018919,-13.4249999999999));
#8672=CARTESIAN_POINT('Ctrl Pts',(0.,2.54330127018919,-13.3749999999999));
#8673=CARTESIAN_POINT('Ctrl Pts',(-1.05346987931308,2.54330127018919,-13.3249999999999));
#8674=CARTESIAN_POINT('Ctrl Pts',(-1.79838557475114,1.79838557475114,-13.2749999999999));
#8675=CARTESIAN_POINT('Ctrl Pts',(-2.54330127018919,1.05346987931308,-13.2249999999999));
#8676=CARTESIAN_POINT('Ctrl Pts',(-2.54330127018919,1.5573228799023E-16,
-13.1749999999999));
#8677=CARTESIAN_POINT('Ctrl Pts',(-2.54330127018919,-1.05346987931308,-13.1249999999999));
#8678=CARTESIAN_POINT('Ctrl Pts',(-1.79838557475114,-1.79838557475114,-13.0749999999999));
#8679=CARTESIAN_POINT('Ctrl Pts',(-1.05346987931308,-2.54330127018919,-13.0249999999999));
#8680=CARTESIAN_POINT('Ctrl Pts',(-3.11464575980459E-16,-2.54330127018919,
-12.9749999999999));
#8681=CARTESIAN_POINT('Ctrl Pts',(1.05346987931308,-2.54330127018919,-12.9249999999999));
#8682=CARTESIAN_POINT('Ctrl Pts',(1.79838557475114,-1.79838557475114,-12.8749999999999));
#8683=CARTESIAN_POINT('Ctrl Pts',(2.54330127018919,-1.05346987931308,-12.8249999999999));
#8684=CARTESIAN_POINT('Ctrl Pts',(2.54330127018919,-4.67196863970689E-16,
-12.7749999999999));
#8685=CARTESIAN_POINT('Ctrl Pts',(2.54330127018919,1.05346987931308,-12.7249999999999));
#8686=CARTESIAN_POINT('Ctrl Pts',(1.79838557475114,1.79838557475114,-12.6749999999999));
#8687=CARTESIAN_POINT('Ctrl Pts',(1.05346987931309,2.54330127018919,-12.6249999999999));
#8688=CARTESIAN_POINT('Ctrl Pts',(0.,2.54330127018919,-12.5749999999999));
#8689=CARTESIAN_POINT('Ctrl Pts',(-1.05346987931308,2.54330127018919,-12.5249999999999));
#8690=CARTESIAN_POINT('Ctrl Pts',(-1.79838557475114,1.79838557475114,-12.4749999999999));
#8691=CARTESIAN_POINT('Ctrl Pts',(-2.54330127018919,1.05346987931308,-12.4249999999999));
#8692=CARTESIAN_POINT('Ctrl Pts',(-2.54330127018919,1.5573228799023E-16,
-12.3749999999999));
#8693=CARTESIAN_POINT('Ctrl Pts',(-2.54330127018919,-1.05346987931308,-12.3249999999999));
#8694=CARTESIAN_POINT('Ctrl Pts',(-1.79838557475114,-1.79838557475114,-12.2749999999999));
#8695=CARTESIAN_POINT('Ctrl Pts',(-1.05346987931308,-2.54330127018919,-12.2249999999999));
#8696=CARTESIAN_POINT('Ctrl Pts',(-3.11464575980459E-16,-2.54330127018919,
-12.1749999999999));
#8697=CARTESIAN_POINT('Ctrl Pts',(1.05346987931308,-2.54330127018919,-12.1249999999999));
#8698=CARTESIAN_POINT('Ctrl Pts',(1.79838557475114,-1.79838557475114,-12.0749999999999));
#8699=CARTESIAN_POINT('Ctrl Pts',(2.54330127018919,-1.05346987931308,-12.0249999999999));
#8700=CARTESIAN_POINT('Ctrl Pts',(2.54330127018919,-4.67196863970689E-16,
-11.9749999999999));
#8701=CARTESIAN_POINT('Ctrl Pts',(2.54330127018919,1.05346987931308,-11.9249999999999));
#8702=CARTESIAN_POINT('Ctrl Pts',(1.79838557475114,1.79838557475114,-11.8749999999999));
#8703=CARTESIAN_POINT('Ctrl Pts',(1.05346987931309,2.54330127018919,-11.8249999999999));
#8704=CARTESIAN_POINT('Ctrl Pts',(0.,2.54330127018919,-11.7749999999999));
#8705=CARTESIAN_POINT('Ctrl Pts',(-1.05346987931308,2.54330127018919,-11.7249999999999));
#8706=CARTESIAN_POINT('Ctrl Pts',(-1.79838557475114,1.79838557475114,-11.6749999999999));
#8707=CARTESIAN_POINT('Ctrl Pts',(-2.54330127018919,1.05346987931308,-11.6249999999999));
#8708=CARTESIAN_POINT('Ctrl Pts',(-2.54330127018919,1.5573228799023E-16,
-11.5749999999999));
#8709=CARTESIAN_POINT('Ctrl Pts',(-2.54330127018919,-1.05346987931308,-11.5249999999999));
#8710=CARTESIAN_POINT('Ctrl Pts',(-1.79838557475114,-1.79838557475114,-11.4749999999999));
#8711=CARTESIAN_POINT('Ctrl Pts',(-1.05346987931308,-2.54330127018919,-11.4249999999999));
#8712=CARTESIAN_POINT('Ctrl Pts',(-3.11464575980459E-16,-2.54330127018919,
-11.3749999999999));
#8713=CARTESIAN_POINT('Ctrl Pts',(1.05346987931308,-2.54330127018919,-11.3249999999999));
#8714=CARTESIAN_POINT('Ctrl Pts',(1.79838557475114,-1.79838557475114,-11.2749999999999));
#8715=CARTESIAN_POINT('Ctrl Pts',(2.54330127018919,-1.05346987931308,-11.2249999999999));
#8716=CARTESIAN_POINT('Ctrl Pts',(2.54330127018919,-4.67196863970689E-16,
-11.1749999999999));
#8717=CARTESIAN_POINT('Ctrl Pts',(2.54330127018919,1.05346987931308,-11.1249999999999));
#8718=CARTESIAN_POINT('Ctrl Pts',(1.79838557475114,1.79838557475114,-11.0749999999999));
#8719=CARTESIAN_POINT('Ctrl Pts',(1.05346987931309,2.54330127018919,-11.0249999999999));
#8720=CARTESIAN_POINT('Ctrl Pts',(0.,2.54330127018919,-10.9749999999999));
#8721=CARTESIAN_POINT('Ctrl Pts',(-1.05346987931308,2.54330127018919,-10.9249999999999));
#8722=CARTESIAN_POINT('Ctrl Pts',(-1.79838557475114,1.79838557475114,-10.8749999999999));
#8723=CARTESIAN_POINT('Ctrl Pts',(-2.54330127018919,1.05346987931308,-10.8249999999999));
#8724=CARTESIAN_POINT('Ctrl Pts',(-2.54330127018919,1.5573228799023E-16,
-10.7749999999999));
#8725=CARTESIAN_POINT('Ctrl Pts',(-2.54330127018919,-1.05346987931308,-10.7249999999999));
#8726=CARTESIAN_POINT('Ctrl Pts',(-1.79838557475114,-1.79838557475114,-10.6749999999999));
#8727=CARTESIAN_POINT('Ctrl Pts',(-1.05346987931308,-2.54330127018919,-10.6249999999999));
#8728=CARTESIAN_POINT('Ctrl Pts',(-3.11464575980459E-16,-2.54330127018919,
-10.5749999999999));
#8729=CARTESIAN_POINT('Ctrl Pts',(1.05346987931308,-2.54330127018919,-10.5249999999999));
#8730=CARTESIAN_POINT('Ctrl Pts',(1.79838557475114,-1.79838557475114,-10.4749999999999));
#8731=CARTESIAN_POINT('Ctrl Pts',(2.54330127018919,-1.05346987931308,-10.4249999999999));
#8732=CARTESIAN_POINT('Ctrl Pts',(2.54330127018919,-4.67196863970689E-16,
-10.3749999999999));
#8733=CARTESIAN_POINT('Ctrl Pts',(2.54330127018919,1.05346987931308,-10.3249999999999));
#8734=CARTESIAN_POINT('Ctrl Pts',(1.79838557475114,1.79838557475114,-10.2749999999999));
#8735=CARTESIAN_POINT('Ctrl Pts',(1.05346987931309,2.54330127018919,-10.2249999999999));
#8736=CARTESIAN_POINT('Ctrl Pts',(0.,2.54330127018919,-10.1749999999999));
#8737=CARTESIAN_POINT('Ctrl Pts',(-1.05346987931308,2.54330127018919,-10.1249999999999));
#8738=CARTESIAN_POINT('Ctrl Pts',(-1.79838557475114,1.79838557475114,-10.0749999999999));
#8739=CARTESIAN_POINT('Ctrl Pts',(-2.54330127018919,1.05346987931308,-10.0249999999999));
#8740=CARTESIAN_POINT('Ctrl Pts',(-2.54330127018919,1.5573228799023E-16,
-9.97499999999993));
#8741=CARTESIAN_POINT('Ctrl Pts',(-2.54330127018919,-1.05346987931308,-9.92499999999993));
#8742=CARTESIAN_POINT('Ctrl Pts',(-1.79838557475114,-1.79838557475114,-9.87499999999993));
#8743=CARTESIAN_POINT('Ctrl Pts',(-1.05346987931308,-2.54330127018919,-9.82499999999993));
#8744=CARTESIAN_POINT('Ctrl Pts',(-3.11464575980459E-16,-2.54330127018919,
-9.77499999999993));
#8745=CARTESIAN_POINT('Ctrl Pts',(1.05346987931308,-2.54330127018919,-9.72499999999993));
#8746=CARTESIAN_POINT('Ctrl Pts',(1.79838557475114,-1.79838557475114,-9.67499999999993));
#8747=CARTESIAN_POINT('Ctrl Pts',(2.54330127018919,-1.05346987931308,-9.62499999999993));
#8748=CARTESIAN_POINT('Ctrl Pts',(2.54330127018919,-4.67196863970689E-16,
-9.57499999999993));
#8749=CARTESIAN_POINT('Ctrl Pts',(2.54330127018919,1.05346987931308,-9.52499999999993));
#8750=CARTESIAN_POINT('Ctrl Pts',(1.79838557475114,1.79838557475114,-9.47499999999993));
#8751=CARTESIAN_POINT('Ctrl Pts',(1.05346987931309,2.54330127018919,-9.42499999999993));
#8752=CARTESIAN_POINT('Ctrl Pts',(0.,2.54330127018919,-9.37499999999993));
#8753=CARTESIAN_POINT('Ctrl Pts',(-1.05346987931308,2.54330127018919,-9.32499999999993));
#8754=CARTESIAN_POINT('Ctrl Pts',(-1.79838557475114,1.79838557475114,-9.27499999999993));
#8755=CARTESIAN_POINT('Ctrl Pts',(-2.54330127018919,1.05346987931308,-9.22499999999993));
#8756=CARTESIAN_POINT('Ctrl Pts',(-2.54330127018919,1.5573228799023E-16,
-9.17499999999993));
#8757=CARTESIAN_POINT('Ctrl Pts',(-2.54330127018919,-1.05346987931308,-9.12499999999993));
#8758=CARTESIAN_POINT('Ctrl Pts',(-1.79838557475114,-1.79838557475114,-9.07499999999993));
#8759=CARTESIAN_POINT('Ctrl Pts',(-1.05346987931308,-2.54330127018919,-9.02499999999993));
#8760=CARTESIAN_POINT('Ctrl Pts',(-3.11464575980459E-16,-2.54330127018919,
-8.97499999999993));
#8761=CARTESIAN_POINT('Ctrl Pts',(1.05346987931308,-2.54330127018919,-8.92499999999993));
#8762=CARTESIAN_POINT('Ctrl Pts',(1.79838557475114,-1.79838557475114,-8.87499999999993));
#8763=CARTESIAN_POINT('Ctrl Pts',(2.54330127018919,-1.05346987931308,-8.82499999999993));
#8764=CARTESIAN_POINT('Ctrl Pts',(2.54330127018919,-4.67196863970689E-16,
-8.77499999999993));
#8765=CARTESIAN_POINT('Ctrl Pts',(2.54330127018919,1.05346987931308,-8.72499999999993));
#8766=CARTESIAN_POINT('Ctrl Pts',(1.79838557475114,1.79838557475114,-8.67499999999993));
#8767=CARTESIAN_POINT('Ctrl Pts',(1.05346987931309,2.54330127018919,-8.62499999999993));
#8768=CARTESIAN_POINT('Ctrl Pts',(0.,2.54330127018919,-8.57499999999993));
#8769=CARTESIAN_POINT('Ctrl Pts',(-1.05346987931308,2.54330127018919,-8.52499999999993));
#8770=CARTESIAN_POINT('Ctrl Pts',(-1.79838557475114,1.79838557475114,-8.47499999999993));
#8771=CARTESIAN_POINT('Ctrl Pts',(-2.54330127018919,1.05346987931308,-8.42499999999993));
#8772=CARTESIAN_POINT('Ctrl Pts',(-2.54330127018919,1.5573228799023E-16,
-8.37499999999993));
#8773=CARTESIAN_POINT('Ctrl Pts',(-2.54330127018919,-1.05346987931308,-8.32499999999993));
#8774=CARTESIAN_POINT('Ctrl Pts',(-1.79838557475114,-1.79838557475114,-8.27499999999993));
#8775=CARTESIAN_POINT('Ctrl Pts',(-1.05346987931308,-2.54330127018919,-8.22499999999993));
#8776=CARTESIAN_POINT('Ctrl Pts',(-3.11464575980459E-16,-2.54330127018919,
-8.17499999999993));
#8777=CARTESIAN_POINT('Ctrl Pts',(1.05346987931308,-2.54330127018919,-8.12499999999993));
#8778=CARTESIAN_POINT('Ctrl Pts',(1.79838557475114,-1.79838557475114,-8.07499999999994));
#8779=CARTESIAN_POINT('Ctrl Pts',(2.54330127018919,-1.05346987931308,-8.02499999999993));
#8780=CARTESIAN_POINT('Ctrl Pts',(2.54330127018919,-4.67196863970689E-16,
-7.97499999999993));
#8781=CARTESIAN_POINT('Ctrl Pts',(2.54330127018919,1.05346987931308,-7.92499999999993));
#8782=CARTESIAN_POINT('Ctrl Pts',(1.79838557475114,1.79838557475114,-7.87499999999993));
#8783=CARTESIAN_POINT('Ctrl Pts',(1.05346987931309,2.54330127018919,-7.82499999999993));
#8784=CARTESIAN_POINT('Ctrl Pts',(0.,2.54330127018919,-7.77499999999993));
#8785=CARTESIAN_POINT('Ctrl Pts',(-1.05346987931308,2.54330127018919,-7.72499999999993));
#8786=CARTESIAN_POINT('Ctrl Pts',(-1.79838557475114,1.79838557475114,-7.67499999999993));
#8787=CARTESIAN_POINT('Ctrl Pts',(-2.54330127018919,1.05346987931308,-7.62499999999993));
#8788=CARTESIAN_POINT('Ctrl Pts',(-2.54330127018919,1.5573228799023E-16,
-7.57499999999993));
#8789=CARTESIAN_POINT('Ctrl Pts',(-2.54330127018919,-1.05346987931308,-7.52499999999993));
#8790=CARTESIAN_POINT('Ctrl Pts',(-1.79838557475114,-1.79838557475114,-7.47499999999993));
#8791=CARTESIAN_POINT('Ctrl Pts',(-1.05346987931308,-2.54330127018919,-7.42499999999994));
#8792=CARTESIAN_POINT('Ctrl Pts',(-3.11464575980459E-16,-2.54330127018919,
-7.37499999999993));
#8793=CARTESIAN_POINT('Ctrl Pts',(1.05346987931308,-2.54330127018919,-7.32499999999993));
#8794=CARTESIAN_POINT('Ctrl Pts',(1.79838557475114,-1.79838557475114,-7.27499999999993));
#8795=CARTESIAN_POINT('Ctrl Pts',(2.54330127018919,-1.05346987931308,-7.22499999999993));
#8796=CARTESIAN_POINT('Ctrl Pts',(2.54330127018919,-4.67196863970689E-16,
-7.17499999999993));
#8797=CARTESIAN_POINT('Ctrl Pts',(2.54330127018919,1.05346987931308,-7.12499999999993));
#8798=CARTESIAN_POINT('Ctrl Pts',(1.79838557475114,1.79838557475114,-7.07499999999993));
#8799=CARTESIAN_POINT('Ctrl Pts',(1.05346987931309,2.54330127018919,-7.02499999999993));
#8800=CARTESIAN_POINT('Ctrl Pts',(0.,2.54330127018919,-6.97499999999993));
#8801=CARTESIAN_POINT('Ctrl Pts',(-1.05346987931308,2.54330127018919,-6.92499999999993));
#8802=CARTESIAN_POINT('Ctrl Pts',(-1.79838557475114,1.79838557475114,-6.87499999999993));
#8803=CARTESIAN_POINT('Ctrl Pts',(-2.54330127018919,1.05346987931308,-6.82499999999993));
#8804=CARTESIAN_POINT('Ctrl Pts',(-2.54330127018919,1.5573228799023E-16,
-6.77499999999993));
#8805=CARTESIAN_POINT('Ctrl Pts',(-2.54330127018919,-1.05346987931308,-6.72499999999993));
#8806=CARTESIAN_POINT('Ctrl Pts',(-1.79838557475114,-1.79838557475114,-6.67499999999993));
#8807=CARTESIAN_POINT('Ctrl Pts',(-1.05346987931308,-2.54330127018919,-6.62499999999993));
#8808=CARTESIAN_POINT('Ctrl Pts',(-3.11464575980459E-16,-2.54330127018919,
-6.57499999999993));
#8809=CARTESIAN_POINT('Ctrl Pts',(1.05346987931308,-2.54330127018919,-6.52499999999993));
#8810=CARTESIAN_POINT('Ctrl Pts',(1.79838557475114,-1.79838557475114,-6.47499999999993));
#8811=CARTESIAN_POINT('Ctrl Pts',(2.54330127018919,-1.05346987931308,-6.42499999999993));
#8812=CARTESIAN_POINT('Ctrl Pts',(2.54330127018919,-4.67196863970689E-16,
-6.37499999999993));
#8813=CARTESIAN_POINT('Ctrl Pts',(2.54330127018919,1.05346987931308,-6.32499999999993));
#8814=CARTESIAN_POINT('Ctrl Pts',(1.79838557475114,1.79838557475114,-6.27499999999993));
#8815=CARTESIAN_POINT('Ctrl Pts',(1.05346987931309,2.54330127018919,-6.22499999999993));
#8816=CARTESIAN_POINT('Ctrl Pts',(0.,2.54330127018919,-6.17499999999993));
#8817=CARTESIAN_POINT('Ctrl Pts',(-1.05346987931308,2.54330127018919,-6.12499999999994));
#8818=CARTESIAN_POINT('Ctrl Pts',(-1.79838557475114,1.79838557475114,-6.07499999999993));
#8819=CARTESIAN_POINT('Ctrl Pts',(-2.54330127018919,1.05346987931308,-6.02499999999993));
#8820=CARTESIAN_POINT('Ctrl Pts',(-2.54330127018919,1.5573228799023E-16,
-5.97499999999993));
#8821=CARTESIAN_POINT('Ctrl Pts',(-2.54330127018919,-1.05346987931308,-5.92499999999993));
#8822=CARTESIAN_POINT('Ctrl Pts',(-1.79838557475114,-1.79838557475114,-5.87499999999993));
#8823=CARTESIAN_POINT('Ctrl Pts',(-1.05346987931308,-2.54330127018919,-5.82499999999993));
#8824=CARTESIAN_POINT('Ctrl Pts',(-3.11464575980459E-16,-2.54330127018919,
-5.77499999999993));
#8825=CARTESIAN_POINT('Ctrl Pts',(1.05346987931308,-2.54330127018919,-5.72499999999993));
#8826=CARTESIAN_POINT('Ctrl Pts',(1.79838557475114,-1.79838557475114,-5.67499999999993));
#8827=CARTESIAN_POINT('Ctrl Pts',(2.54330127018919,-1.05346987931308,-5.62499999999993));
#8828=CARTESIAN_POINT('Ctrl Pts',(2.54330127018919,-4.67196863970689E-16,
-5.57499999999993));
#8829=CARTESIAN_POINT('Ctrl Pts',(2.54330127018919,1.05346987931308,-5.52499999999993));
#8830=CARTESIAN_POINT('Ctrl Pts',(1.79838557475114,1.79838557475114,-5.47499999999993));
#8831=CARTESIAN_POINT('Ctrl Pts',(1.05346987931309,2.54330127018919,-5.42499999999993));
#8832=CARTESIAN_POINT('Ctrl Pts',(0.,2.54330127018919,-5.37499999999993));
#8833=CARTESIAN_POINT('Ctrl Pts',(-1.05346987931308,2.54330127018919,-5.32499999999993));
#8834=CARTESIAN_POINT('Ctrl Pts',(-1.79838557475114,1.79838557475114,-5.27499999999993));
#8835=CARTESIAN_POINT('Ctrl Pts',(-2.54330127018919,1.05346987931308,-5.22499999999993));
#8836=CARTESIAN_POINT('Ctrl Pts',(-2.54330127018919,1.5573228799023E-16,
-5.17499999999993));
#8837=CARTESIAN_POINT('Ctrl Pts',(-2.54330127018919,-1.05346987931308,-5.12499999999993));
#8838=CARTESIAN_POINT('Ctrl Pts',(-1.79838557475114,-1.79838557475114,-5.07499999999993));
#8839=CARTESIAN_POINT('Ctrl Pts',(-1.05346987931308,-2.54330127018919,-5.02499999999993));
#8840=CARTESIAN_POINT('Ctrl Pts',(-3.11464575980459E-16,-2.54330127018919,
-4.97499999999993));
#8841=CARTESIAN_POINT('Ctrl Pts',(1.05346987931308,-2.54330127018919,-4.92499999999993));
#8842=CARTESIAN_POINT('Ctrl Pts',(1.79838557475114,-1.79838557475114,-4.87499999999993));
#8843=CARTESIAN_POINT('Ctrl Pts',(2.54330127018919,-1.05346987931308,-4.82499999999993));
#8844=CARTESIAN_POINT('Ctrl Pts',(2.54330127018919,-4.67196863970689E-16,
-4.77499999999993));
#8845=CARTESIAN_POINT('Ctrl Pts',(2.54330127018919,1.05346987931308,-4.72499999999993));
#8846=CARTESIAN_POINT('Ctrl Pts',(1.79838557475114,1.79838557475114,-4.67499999999993));
#8847=CARTESIAN_POINT('Ctrl Pts',(1.05346987931309,2.54330127018919,-4.62499999999993));
#8848=CARTESIAN_POINT('Ctrl Pts',(0.,2.54330127018919,-4.57499999999993));
#8849=CARTESIAN_POINT('Ctrl Pts',(-1.05346987931308,2.54330127018919,-4.52499999999993));
#8850=CARTESIAN_POINT('Ctrl Pts',(-1.79838557475114,1.79838557475114,-4.47499999999993));
#8851=CARTESIAN_POINT('Ctrl Pts',(-2.54330127018919,1.05346987931308,-4.42499999999993));
#8852=CARTESIAN_POINT('Ctrl Pts',(-2.54330127018919,1.5573228799023E-16,
-4.37499999999993));
#8853=CARTESIAN_POINT('Ctrl Pts',(-2.54330127018919,-1.05346987931308,-4.32499999999993));
#8854=CARTESIAN_POINT('Ctrl Pts',(-1.79838557475114,-1.79838557475114,-4.27499999999993));
#8855=CARTESIAN_POINT('Ctrl Pts',(-1.05346987931308,-2.54330127018919,-4.22499999999993));
#8856=CARTESIAN_POINT('Ctrl Pts',(-3.11464575980459E-16,-2.54330127018919,
-4.17499999999993));
#8857=CARTESIAN_POINT('Ctrl Pts',(1.05346987931308,-2.54330127018919,-4.12499999999993));
#8858=CARTESIAN_POINT('Ctrl Pts',(1.79838557475114,-1.79838557475114,-4.07499999999993));
#8859=CARTESIAN_POINT('Ctrl Pts',(2.54330127018919,-1.05346987931308,-4.02499999999993));
#8860=CARTESIAN_POINT('Ctrl Pts',(2.54330127018919,-4.67196863970689E-16,
-3.97499999999993));
#8861=CARTESIAN_POINT('Ctrl Pts',(2.54330127018919,1.05346987931308,-3.92499999999993));
#8862=CARTESIAN_POINT('Ctrl Pts',(1.79838557475114,1.79838557475114,-3.87499999999993));
#8863=CARTESIAN_POINT('Ctrl Pts',(1.05346987931309,2.54330127018919,-3.82499999999993));
#8864=CARTESIAN_POINT('Ctrl Pts',(0.,2.54330127018919,-3.77499999999993));
#8865=CARTESIAN_POINT('Ctrl Pts',(-1.05346987931308,2.54330127018919,-3.72499999999993));
#8866=CARTESIAN_POINT('Ctrl Pts',(-1.79838557475114,1.79838557475114,-3.67499999999993));
#8867=CARTESIAN_POINT('Ctrl Pts',(-2.54330127018919,1.05346987931308,-3.62499999999993));
#8868=CARTESIAN_POINT('Ctrl Pts',(-2.54330127018919,1.5573228799023E-16,
-3.57499999999993));
#8869=CARTESIAN_POINT('Ctrl Pts',(-2.54330127018919,-1.05346987931308,-3.52499999999993));
#8870=CARTESIAN_POINT('Ctrl Pts',(-1.79838557475114,-1.79838557475114,-3.47499999999993));
#8871=CARTESIAN_POINT('Ctrl Pts',(-1.05346987931308,-2.54330127018919,-3.42499999999993));
#8872=CARTESIAN_POINT('Ctrl Pts',(-3.11464575980459E-16,-2.54330127018919,
-3.37499999999993));
#8873=CARTESIAN_POINT('Ctrl Pts',(1.05346987931308,-2.54330127018919,-3.32499999999993));
#8874=CARTESIAN_POINT('Ctrl Pts',(1.79838557475114,-1.79838557475114,-3.27499999999993));
#8875=CARTESIAN_POINT('Ctrl Pts',(2.54330127018919,-1.05346987931308,-3.22499999999993));
#8876=CARTESIAN_POINT('Ctrl Pts',(2.54330127018919,-4.67196863970689E-16,
-3.17499999999993));
#8877=CARTESIAN_POINT('Ctrl Pts',(2.54330127018919,1.05346987931308,-3.12499999999993));
#8878=CARTESIAN_POINT('Ctrl Pts',(1.79838557475114,1.79838557475114,-3.07499999999993));
#8879=CARTESIAN_POINT('Ctrl Pts',(1.05346987931309,2.54330127018919,-3.02499999999993));
#8880=CARTESIAN_POINT('Ctrl Pts',(0.,2.54330127018919,-2.97499999999993));
#8881=CARTESIAN_POINT('Ctrl Pts',(-1.05346987931308,2.54330127018919,-2.92499999999993));
#8882=CARTESIAN_POINT('Ctrl Pts',(-1.79838557475114,1.79838557475114,-2.87499999999993));
#8883=CARTESIAN_POINT('Ctrl Pts',(-2.54330127018919,1.05346987931308,-2.82499999999993));
#8884=CARTESIAN_POINT('Ctrl Pts',(-2.54330127018919,1.5573228799023E-16,
-2.77499999999993));
#8885=CARTESIAN_POINT('Ctrl Pts',(-2.54330127018919,-1.05346987931308,-2.72499999999993));
#8886=CARTESIAN_POINT('Ctrl Pts',(-1.79838557475114,-1.79838557475114,-2.67499999999993));
#8887=CARTESIAN_POINT('Ctrl Pts',(-1.05346987931308,-2.54330127018919,-2.62499999999993));
#8888=CARTESIAN_POINT('Ctrl Pts',(-3.11464575980459E-16,-2.54330127018919,
-2.57499999999993));
#8889=CARTESIAN_POINT('Ctrl Pts',(1.05346987931308,-2.54330127018919,-2.52499999999993));
#8890=CARTESIAN_POINT('Ctrl Pts',(1.79838557475114,-1.79838557475114,-2.47499999999993));
#8891=CARTESIAN_POINT('Ctrl Pts',(2.54330127018919,-1.05346987931308,-2.42499999999993));
#8892=CARTESIAN_POINT('Ctrl Pts',(2.54330127018919,-4.67196863970689E-16,
-2.37499999999993));
#8893=CARTESIAN_POINT('Ctrl Pts',(2.54330127018919,1.05346987931308,-2.32499999999993));
#8894=CARTESIAN_POINT('Ctrl Pts',(1.79838557475114,1.79838557475114,-2.27499999999993));
#8895=CARTESIAN_POINT('Ctrl Pts',(1.05346987931309,2.54330127018919,-2.22499999999993));
#8896=CARTESIAN_POINT('Ctrl Pts',(0.,2.54330127018919,-2.17499999999993));
#8897=CARTESIAN_POINT('Ctrl Pts',(-1.05346987931308,2.54330127018919,-2.12499999999993));
#8898=CARTESIAN_POINT('Ctrl Pts',(-1.79838557475114,1.79838557475114,-2.07499999999993));
#8899=CARTESIAN_POINT('Ctrl Pts',(-2.54330127018919,1.05346987931308,-2.02499999999993));
#8900=CARTESIAN_POINT('Ctrl Pts',(-2.54330127018919,1.5573228799023E-16,
-1.97499999999993));
#8901=CARTESIAN_POINT('Ctrl Pts',(-2.54330127018919,-1.05346987931308,-1.92499999999993));
#8902=CARTESIAN_POINT('Ctrl Pts',(-1.79838557475114,-1.79838557475114,-1.87499999999993));
#8903=CARTESIAN_POINT('Ctrl Pts',(-1.05346987931308,-2.54330127018919,-1.82499999999993));
#8904=CARTESIAN_POINT('Ctrl Pts',(-3.11464575980459E-16,-2.54330127018919,
-1.77499999999993));
#8905=CARTESIAN_POINT('Ctrl Pts',(1.05346987931308,-2.54330127018919,-1.72499999999993));
#8906=CARTESIAN_POINT('Ctrl Pts',(1.79838557475114,-1.79838557475114,-1.67499999999993));
#8907=CARTESIAN_POINT('Ctrl Pts',(2.54330127018919,-1.05346987931308,-1.62499999999993));
#8908=CARTESIAN_POINT('Ctrl Pts',(2.54330127018919,-4.67196863970689E-16,
-1.57499999999993));
#8909=CARTESIAN_POINT('Ctrl Pts',(2.54330127018919,1.05346987931308,-1.52499999999993));
#8910=CARTESIAN_POINT('Ctrl Pts',(1.79838557475114,1.79838557475114,-1.47499999999993));
#8911=CARTESIAN_POINT('Ctrl Pts',(1.05346987931309,2.54330127018919,-1.42499999999993));
#8912=CARTESIAN_POINT('Ctrl Pts',(0.,2.54330127018919,-1.37499999999993));
#8913=CARTESIAN_POINT('Ctrl Pts',(-1.05346987931308,2.54330127018919,-1.32499999999993));
#8914=CARTESIAN_POINT('Ctrl Pts',(-1.79838557475114,1.79838557475114,-1.27499999999993));
#8915=CARTESIAN_POINT('Ctrl Pts',(-2.54330127018919,1.05346987931308,-1.22499999999993));
#8916=CARTESIAN_POINT('Ctrl Pts',(-2.54330127018919,1.5573228799023E-16,
-1.17499999999993));
#8917=CARTESIAN_POINT('Ctrl Pts',(-2.54330127018919,-1.05346987931308,-1.12499999999993));
#8918=CARTESIAN_POINT('Ctrl Pts',(-1.79838557475114,-1.79838557475114,-1.07499999999993));
#8919=CARTESIAN_POINT('Ctrl Pts',(-1.05346987931308,-2.54330127018919,-1.02499999999993));
#8920=CARTESIAN_POINT('Ctrl Pts',(-3.11464575980459E-16,-2.54330127018919,
-0.974999999999933));
#8921=CARTESIAN_POINT('Ctrl Pts',(1.05346987931308,-2.54330127018919,-0.924999999999933));
#8922=CARTESIAN_POINT('Ctrl Pts',(1.79838557475114,-1.79838557475114,-0.874999999999931));
#8923=CARTESIAN_POINT('Ctrl Pts',(2.54330127018919,-1.05346987931308,-0.824999999999932));
#8924=CARTESIAN_POINT('Ctrl Pts',(2.54330127018919,-4.67196863970689E-16,
-0.774999999999932));
#8925=CARTESIAN_POINT('Ctrl Pts',(2.54330127018919,1.05346987931308,-0.724999999999932));
#8926=CARTESIAN_POINT('Ctrl Pts',(1.79838557475114,1.79838557475114,-0.674999999999933));
#8927=CARTESIAN_POINT('Ctrl Pts',(1.05346987931309,2.54330127018919,-0.624999999999933));
#8928=CARTESIAN_POINT('Ctrl Pts',(0.,2.54330127018919,-0.574999999999931));
#8929=CARTESIAN_POINT('Ctrl Pts',(-1.05346987931308,2.54330127018919,-0.524999999999932));
#8930=CARTESIAN_POINT('Ctrl Pts',(-1.79838557475114,1.79838557475114,-0.474999999999932));
#8931=CARTESIAN_POINT('Ctrl Pts',(-2.54330127018919,1.05346987931308,-0.424999999999932));
#8932=CARTESIAN_POINT('Ctrl Pts',(-2.54330127018919,1.5573228799023E-16,
-0.374999999999933));
#8933=CARTESIAN_POINT('Ctrl Pts',(-2.54330127018919,-1.05346987931308,-0.324999999999931));
#8934=CARTESIAN_POINT('Ctrl Pts',(-1.79838557475114,-1.79838557475114,-0.274999999999932));
#8935=CARTESIAN_POINT('Ctrl Pts',(-1.05346987931308,-2.54330127018919,-0.224999999999932));
#8936=CARTESIAN_POINT('Ctrl Pts',(-3.11464575980459E-16,-2.54330127018919,
-0.174999999999932));
#8937=CARTESIAN_POINT('Ctrl Pts',(1.05346987931308,-2.54330127018919,-0.124999999999932));
#8938=CARTESIAN_POINT('Ctrl Pts',(1.79838557475114,-1.79838557475114,-0.0749999999999328));
#8939=CARTESIAN_POINT('Ctrl Pts',(2.54330127018919,-1.05346987931308,-0.0249999999999313));
#8940=CARTESIAN_POINT('Ctrl Pts',(2.54330127018919,-4.67196863970689E-16,
0.0250000000000684));
#8941=CARTESIAN_POINT('Ctrl Pts',(2.54330127018919,1.05346987931308,0.0750000000000681));
#8942=CARTESIAN_POINT('Ctrl Pts',(1.79838557475114,1.79838557475114,0.125000000000068));
#8943=CARTESIAN_POINT('Ctrl Pts',(1.05346987931309,2.54330127018919,0.175000000000067));
#8944=CARTESIAN_POINT('Ctrl Pts',(0.,2.54330127018919,0.225000000000067));
#8945=CARTESIAN_POINT('Ctrl Pts',(-1.05346987931308,2.54330127018919,0.275000000000069));
#8946=CARTESIAN_POINT('Ctrl Pts',(-1.79838557475114,1.79838557475114,0.325000000000068));
#8947=CARTESIAN_POINT('Ctrl Pts',(-2.54330127018919,1.05346987931308,0.375000000000068));
#8948=CARTESIAN_POINT('Ctrl Pts',(-2.54330127018919,1.5573228799023E-16,
0.425000000000068));
#8949=CARTESIAN_POINT('Ctrl Pts',(-2.54330127018919,-1.05346987931308,0.475000000000067));
#8950=CARTESIAN_POINT('Ctrl Pts',(-1.79838557475114,-1.79838557475114,0.525000000000067));
#8951=CARTESIAN_POINT('Ctrl Pts',(-1.05346987931308,-2.54330127018919,0.575000000000069));
#8952=CARTESIAN_POINT('Ctrl Pts',(-3.11464575980459E-16,-2.54330127018919,
0.625000000000068));
#8953=CARTESIAN_POINT('Ctrl Pts',(1.05346987931308,-2.54330127018919,0.675000000000068));
#8954=CARTESIAN_POINT('Ctrl Pts',(1.79838557475114,-1.79838557475114,0.725000000000069));
#8955=CARTESIAN_POINT('Ctrl Pts',(2.54330127018919,-1.05346987931308,0.775000000000068));
#8956=CARTESIAN_POINT('Ctrl Pts',(2.54330127018919,-4.67196863970689E-16,
0.825000000000069));
#8957=CARTESIAN_POINT('Ctrl Pts',(2.54330127018919,1.05346987931308,0.875000000000067));
#8958=CARTESIAN_POINT('Ctrl Pts',(1.79838557475114,1.79838557475114,0.925000000000068));
#8959=CARTESIAN_POINT('Ctrl Pts',(1.05346987931309,2.54330127018919,0.97500000000007));
#8960=CARTESIAN_POINT('Ctrl Pts',(0.,2.54330127018919,1.02500000000007));
#8961=CARTESIAN_POINT('Ctrl Pts',(-1.05346987931308,2.54330127018919,1.07500000000007));
#8962=CARTESIAN_POINT('Ctrl Pts',(-1.79838557475114,1.79838557475114,1.12500000000007));
#8963=CARTESIAN_POINT('Ctrl Pts',(-2.54330127018919,1.05346987931308,1.17500000000007));
#8964=CARTESIAN_POINT('Ctrl Pts',(-2.54330127018919,1.5573228799023E-16,
1.22500000000007));
#8965=CARTESIAN_POINT('Ctrl Pts',(-2.54330127018919,-1.05346987931308,1.27500000000007));
#8966=CARTESIAN_POINT('Ctrl Pts',(-1.79838557475114,-1.79838557475114,1.32500000000007));
#8967=CARTESIAN_POINT('Ctrl Pts',(-1.05346987931308,-2.54330127018919,1.37500000000007));
#8968=CARTESIAN_POINT('Ctrl Pts',(-3.11464575980459E-16,-2.54330127018919,
1.42500000000007));
#8969=CARTESIAN_POINT('Ctrl Pts',(1.05346987931308,-2.54330127018919,1.47500000000007));
#8970=CARTESIAN_POINT('Ctrl Pts',(1.79838557475114,-1.79838557475114,1.52500000000007));
#8971=CARTESIAN_POINT('Ctrl Pts',(2.54330127018919,-1.05346987931308,1.57500000000007));
#8972=CARTESIAN_POINT('Ctrl Pts',(2.54330127018919,-4.67196863970689E-16,
1.62500000000007));
#8973=CARTESIAN_POINT('Ctrl Pts',(2.54330127018919,1.05346987931308,1.67500000000007));
#8974=CARTESIAN_POINT('Ctrl Pts',(1.79838557475114,1.79838557475114,1.72500000000007));
#8975=CARTESIAN_POINT('Ctrl Pts',(1.05346987931309,2.54330127018919,1.77500000000007));
#8976=CARTESIAN_POINT('Ctrl Pts',(0.,2.54330127018919,1.82500000000007));
#8977=CARTESIAN_POINT('Ctrl Pts',(-1.05346987931308,2.54330127018919,1.87500000000007));
#8978=CARTESIAN_POINT('Ctrl Pts',(-1.79838557475114,1.79838557475114,1.92500000000007));
#8979=CARTESIAN_POINT('Ctrl Pts',(-2.54330127018919,1.05346987931308,1.97500000000007));
#8980=CARTESIAN_POINT('Ctrl Pts',(-2.54330127018919,1.5573228799023E-16,
2.02500000000007));
#8981=CARTESIAN_POINT('Ctrl Pts',(-2.54330127018919,-1.05346987931308,2.07500000000007));
#8982=CARTESIAN_POINT('Ctrl Pts',(-1.79838557475114,-1.79838557475114,2.12500000000007));
#8983=CARTESIAN_POINT('Ctrl Pts',(-1.05346987931308,-2.54330127018919,2.17500000000007));
#8984=CARTESIAN_POINT('Ctrl Pts',(-3.11464575980459E-16,-2.54330127018919,
2.22500000000007));
#8985=CARTESIAN_POINT('Ctrl Pts',(1.05346987931308,-2.54330127018919,2.27500000000007));
#8986=CARTESIAN_POINT('Ctrl Pts',(1.79838557475114,-1.79838557475114,2.32500000000007));
#8987=CARTESIAN_POINT('Ctrl Pts',(2.54330127018919,-1.05346987931308,2.37500000000007));
#8988=CARTESIAN_POINT('Ctrl Pts',(2.54330127018919,-4.67196863970689E-16,
2.42500000000007));
#8989=CARTESIAN_POINT('Ctrl Pts',(2.54330127018919,1.05346987931308,2.47500000000007));
#8990=CARTESIAN_POINT('Ctrl Pts',(1.79838557475114,1.79838557475114,2.52500000000007));
#8991=CARTESIAN_POINT('Ctrl Pts',(1.05346987931309,2.54330127018919,2.57500000000007));
#8992=CARTESIAN_POINT('Ctrl Pts',(0.,2.54330127018919,2.62500000000007));
#8993=CARTESIAN_POINT('Ctrl Pts',(-1.05346987931308,2.54330127018919,2.67500000000007));
#8994=CARTESIAN_POINT('Ctrl Pts',(-1.79838557475114,1.79838557475114,2.72500000000007));
#8995=CARTESIAN_POINT('Ctrl Pts',(-2.54330127018919,1.05346987931308,2.77500000000007));
#8996=CARTESIAN_POINT('Ctrl Pts',(-2.54330127018919,1.5573228799023E-16,
2.82500000000007));
#8997=CARTESIAN_POINT('Ctrl Pts',(-2.54330127018919,-1.05346987931308,2.87500000000007));
#8998=CARTESIAN_POINT('Ctrl Pts',(-1.79838557475114,-1.79838557475114,2.92500000000007));
#8999=CARTESIAN_POINT('Ctrl Pts',(-1.05346987931308,-2.54330127018919,2.97500000000007));
#9000=CARTESIAN_POINT('Ctrl Pts',(-3.11464575980459E-16,-2.54330127018919,
3.02500000000007));
#9001=CARTESIAN_POINT('Ctrl Pts',(1.05346987931308,-2.54330127018919,3.07500000000007));
#9002=CARTESIAN_POINT('Ctrl Pts',(1.79838557475114,-1.79838557475114,3.12500000000007));
#9003=CARTESIAN_POINT('Ctrl Pts',(2.54330127018919,-1.05346987931308,3.17500000000007));
#9004=CARTESIAN_POINT('Ctrl Pts',(2.54330127018919,-4.67196863970689E-16,
3.22500000000007));
#9005=CARTESIAN_POINT('Ctrl Pts',(2.54330127018919,1.05346987931308,3.27500000000007));
#9006=CARTESIAN_POINT('Ctrl Pts',(1.79838557475114,1.79838557475114,3.32500000000007));
#9007=CARTESIAN_POINT('Ctrl Pts',(1.05346987931309,2.54330127018919,3.37500000000007));
#9008=CARTESIAN_POINT('Ctrl Pts',(0.,2.54330127018919,3.42500000000007));
#9009=CARTESIAN_POINT('Ctrl Pts',(-1.05346987931308,2.54330127018919,3.47500000000007));
#9010=CARTESIAN_POINT('Ctrl Pts',(-1.79838557475114,1.79838557475114,3.52500000000007));
#9011=CARTESIAN_POINT('Ctrl Pts',(-2.54330127018919,1.05346987931308,3.57500000000007));
#9012=CARTESIAN_POINT('Ctrl Pts',(-2.54330127018919,1.5573228799023E-16,
3.62500000000007));
#9013=CARTESIAN_POINT('Ctrl Pts',(-2.54330127018919,-1.05346987931308,3.67500000000007));
#9014=CARTESIAN_POINT('Ctrl Pts',(-1.79838557475114,-1.79838557475114,3.72500000000007));
#9015=CARTESIAN_POINT('Ctrl Pts',(-1.05346987931308,-2.54330127018919,3.77500000000007));
#9016=CARTESIAN_POINT('Ctrl Pts',(-3.11464575980459E-16,-2.54330127018919,
3.82500000000007));
#9017=CARTESIAN_POINT('Ctrl Pts',(1.05346987931308,-2.54330127018919,3.87500000000007));
#9018=CARTESIAN_POINT('Ctrl Pts',(1.79838557475114,-1.79838557475114,3.92500000000007));
#9019=CARTESIAN_POINT('Ctrl Pts',(2.54330127018919,-1.05346987931308,3.97500000000007));
#9020=CARTESIAN_POINT('Ctrl Pts',(2.54330127018919,-4.67196863970689E-16,
4.02500000000007));
#9021=CARTESIAN_POINT('Ctrl Pts',(2.54330127018919,1.05346987931308,4.07500000000007));
#9022=CARTESIAN_POINT('Ctrl Pts',(1.79838557475114,1.79838557475114,4.12500000000007));
#9023=CARTESIAN_POINT('Ctrl Pts',(1.05346987931309,2.54330127018919,4.17500000000007));
#9024=CARTESIAN_POINT('Ctrl Pts',(0.,2.54330127018919,4.22500000000007));
#9025=CARTESIAN_POINT('Ctrl Pts',(-1.05346987931308,2.54330127018919,4.27500000000007));
#9026=CARTESIAN_POINT('Ctrl Pts',(-1.79838557475114,1.79838557475114,4.32500000000007));
#9027=CARTESIAN_POINT('Ctrl Pts',(-2.54330127018919,1.05346987931308,4.37500000000007));
#9028=CARTESIAN_POINT('Ctrl Pts',(-2.54330127018919,1.5573228799023E-16,
4.42500000000007));
#9029=CARTESIAN_POINT('Ctrl Pts',(-2.54330127018919,-1.05346987931308,4.47500000000007));
#9030=CARTESIAN_POINT('Ctrl Pts',(-1.79838557475114,-1.79838557475114,4.52500000000007));
#9031=CARTESIAN_POINT('Ctrl Pts',(-1.05346987931308,-2.54330127018919,4.57500000000007));
#9032=CARTESIAN_POINT('Ctrl Pts',(-3.11464575980459E-16,-2.54330127018919,
4.62500000000007));
#9033=CARTESIAN_POINT('Ctrl Pts',(1.05346987931308,-2.54330127018919,4.67500000000007));
#9034=CARTESIAN_POINT('Ctrl Pts',(1.79838557475114,-1.79838557475114,4.72500000000007));
#9035=CARTESIAN_POINT('Ctrl Pts',(2.54330127018919,-1.05346987931308,4.77500000000007));
#9036=CARTESIAN_POINT('Ctrl Pts',(2.54330127018919,-4.67196863970689E-16,
4.82500000000007));
#9037=CARTESIAN_POINT('Ctrl Pts',(2.54330127018919,1.05346987931308,4.87500000000007));
#9038=CARTESIAN_POINT('Ctrl Pts',(1.79838557475114,1.79838557475114,4.92500000000007));
#9039=CARTESIAN_POINT('Ctrl Pts',(1.05346987931309,2.54330127018919,4.97500000000007));
#9040=CARTESIAN_POINT('Ctrl Pts',(0.,2.54330127018919,5.02500000000007));
#9041=CARTESIAN_POINT('Ctrl Pts',(-1.05346987931308,2.54330127018919,5.07500000000007));
#9042=CARTESIAN_POINT('Ctrl Pts',(-1.79838557475114,1.79838557475114,5.12500000000007));
#9043=CARTESIAN_POINT('Ctrl Pts',(-2.54330127018919,1.05346987931308,5.17500000000007));
#9044=CARTESIAN_POINT('Ctrl Pts',(-2.54330127018919,1.5573228799023E-16,
5.22500000000007));
#9045=CARTESIAN_POINT('Ctrl Pts',(-2.54330127018919,-1.05346987931308,5.27500000000007));
#9046=CARTESIAN_POINT('Ctrl Pts',(-1.79838557475114,-1.79838557475114,5.32500000000007));
#9047=CARTESIAN_POINT('Ctrl Pts',(-1.05346987931308,-2.54330127018919,5.37500000000007));
#9048=CARTESIAN_POINT('Ctrl Pts',(-3.11464575980459E-16,-2.54330127018919,
5.42500000000007));
#9049=CARTESIAN_POINT('Ctrl Pts',(1.05346987931308,-2.54330127018919,5.47500000000007));
#9050=CARTESIAN_POINT('Ctrl Pts',(1.79838557475114,-1.79838557475114,5.52500000000007));
#9051=CARTESIAN_POINT('Ctrl Pts',(2.54330127018919,-1.05346987931308,5.57500000000007));
#9052=CARTESIAN_POINT('Ctrl Pts',(2.54330127018919,-4.67196863970689E-16,
5.62500000000007));
#9053=CARTESIAN_POINT('Ctrl Pts',(2.54330127018919,1.05346987931308,5.67500000000007));
#9054=CARTESIAN_POINT('Ctrl Pts',(1.79838557475114,1.79838557475114,5.72500000000007));
#9055=CARTESIAN_POINT('Ctrl Pts',(1.05346987931309,2.54330127018919,5.77500000000007));
#9056=CARTESIAN_POINT('Ctrl Pts',(0.,2.54330127018919,5.82500000000007));
#9057=CARTESIAN_POINT('Ctrl Pts',(-1.05346987931308,2.54330127018919,5.87500000000007));
#9058=CARTESIAN_POINT('Ctrl Pts',(-1.79838557475114,1.79838557475114,5.92500000000007));
#9059=CARTESIAN_POINT('Ctrl Pts',(-2.54330127018919,1.05346987931308,5.97500000000007));
#9060=CARTESIAN_POINT('Ctrl Pts',(-2.54330127018919,1.5573228799023E-16,
6.02500000000007));
#9061=CARTESIAN_POINT('Ctrl Pts',(-2.54330127018919,-1.05346987931308,6.07500000000007));
#9062=CARTESIAN_POINT('Ctrl Pts',(-1.79838557475114,-1.79838557475114,6.12500000000007));
#9063=CARTESIAN_POINT('Ctrl Pts',(-1.05346987931308,-2.54330127018919,6.17500000000007));
#9064=CARTESIAN_POINT('Ctrl Pts',(-3.11464575980459E-16,-2.54330127018919,
6.22500000000007));
#9065=CARTESIAN_POINT('Ctrl Pts',(1.05346987931308,-2.54330127018919,6.27500000000007));
#9066=CARTESIAN_POINT('Ctrl Pts',(1.79838557475114,-1.79838557475114,6.32500000000007));
#9067=CARTESIAN_POINT('Ctrl Pts',(2.54330127018919,-1.05346987931308,6.37500000000007));
#9068=CARTESIAN_POINT('Ctrl Pts',(2.54330127018919,-4.67196863970689E-16,
6.42500000000007));
#9069=CARTESIAN_POINT('Ctrl Pts',(2.54330127018919,1.05346987931308,6.47500000000007));
#9070=CARTESIAN_POINT('Ctrl Pts',(1.79838557475114,1.79838557475114,6.52500000000007));
#9071=CARTESIAN_POINT('Ctrl Pts',(1.05346987931309,2.54330127018919,6.57500000000007));
#9072=CARTESIAN_POINT('Ctrl Pts',(0.,2.54330127018919,6.62500000000007));
#9073=CARTESIAN_POINT('Ctrl Pts',(-1.05346987931308,2.54330127018919,6.67500000000007));
#9074=CARTESIAN_POINT('Ctrl Pts',(-1.79838557475114,1.79838557475114,6.72500000000007));
#9075=CARTESIAN_POINT('Ctrl Pts',(-2.54330127018919,1.05346987931308,6.77500000000007));
#9076=CARTESIAN_POINT('Ctrl Pts',(-2.54330127018919,1.5573228799023E-16,
6.82500000000007));
#9077=CARTESIAN_POINT('Ctrl Pts',(-2.54330127018919,-1.05346987931308,6.87500000000007));
#9078=CARTESIAN_POINT('Ctrl Pts',(-1.79838557475114,-1.79838557475114,6.92500000000007));
#9079=CARTESIAN_POINT('Ctrl Pts',(-1.05346987931308,-2.54330127018919,6.97500000000007));
#9080=CARTESIAN_POINT('Ctrl Pts',(-3.11464575980459E-16,-2.54330127018919,
7.02500000000007));
#9081=CARTESIAN_POINT('Ctrl Pts',(1.05346987931308,-2.54330127018919,7.07500000000007));
#9082=CARTESIAN_POINT('Ctrl Pts',(1.79838557475114,-1.79838557475114,7.12500000000007));
#9083=CARTESIAN_POINT('Ctrl Pts',(2.54330127018919,-1.05346987931308,7.17500000000007));
#9084=CARTESIAN_POINT('Ctrl Pts',(2.54330127018919,-4.67196863970689E-16,
7.22500000000007));
#9085=CARTESIAN_POINT('Ctrl Pts',(2.54330127018919,1.05346987931308,7.27500000000007));
#9086=CARTESIAN_POINT('Ctrl Pts',(1.79838557475114,1.79838557475114,7.32500000000007));
#9087=CARTESIAN_POINT('Ctrl Pts',(1.05346987931309,2.54330127018919,7.37500000000007));
#9088=CARTESIAN_POINT('Ctrl Pts',(0.,2.54330127018919,7.42500000000007));
#9089=CARTESIAN_POINT('Ctrl Pts',(-1.05346987931308,2.54330127018919,7.47500000000007));
#9090=CARTESIAN_POINT('Ctrl Pts',(-1.79838557475114,1.79838557475114,7.52500000000007));
#9091=CARTESIAN_POINT('Ctrl Pts',(-2.54330127018919,1.05346987931308,7.57500000000007));
#9092=CARTESIAN_POINT('Ctrl Pts',(-2.54330127018919,1.5573228799023E-16,
7.62500000000007));
#9093=CARTESIAN_POINT('Ctrl Pts',(-2.54330127018919,-1.05346987931308,7.67500000000007));
#9094=CARTESIAN_POINT('Ctrl Pts',(-1.79838557475114,-1.79838557475114,7.72500000000007));
#9095=CARTESIAN_POINT('Ctrl Pts',(-1.05346987931308,-2.54330127018919,7.77500000000007));
#9096=CARTESIAN_POINT('Ctrl Pts',(-3.11464575980459E-16,-2.54330127018919,
7.82500000000007));
#9097=CARTESIAN_POINT('Ctrl Pts',(1.05346987931308,-2.54330127018919,7.87500000000007));
#9098=CARTESIAN_POINT('Ctrl Pts',(1.79838557475114,-1.79838557475114,7.92500000000007));
#9099=CARTESIAN_POINT('Ctrl Pts',(2.54330127018919,-1.05346987931308,7.97500000000007));
#9100=CARTESIAN_POINT('Ctrl Pts',(2.54330127018919,-4.67196863970689E-16,
8.02500000000007));
#9101=CARTESIAN_POINT('Ctrl Pts',(2.54330127018919,1.05346987931308,8.07500000000007));
#9102=CARTESIAN_POINT('Ctrl Pts',(1.79838557475114,1.79838557475114,8.12500000000007));
#9103=CARTESIAN_POINT('Ctrl Pts',(1.05346987931309,2.54330127018919,8.17500000000007));
#9104=CARTESIAN_POINT('Ctrl Pts',(0.,2.54330127018919,8.22500000000007));
#9105=CARTESIAN_POINT('Ctrl Pts',(-1.05346987931308,2.54330127018919,8.27500000000007));
#9106=CARTESIAN_POINT('Ctrl Pts',(-1.79838557475114,1.79838557475114,8.32500000000007));
#9107=CARTESIAN_POINT('Ctrl Pts',(-2.54330127018919,1.05346987931308,8.37500000000007));
#9108=CARTESIAN_POINT('Ctrl Pts',(-2.54330127018919,1.5573228799023E-16,
8.42500000000007));
#9109=CARTESIAN_POINT('Ctrl Pts',(-2.54330127018919,-1.05346987931308,8.47500000000007));
#9110=CARTESIAN_POINT('Ctrl Pts',(-1.79838557475114,-1.79838557475114,8.52500000000007));
#9111=CARTESIAN_POINT('Ctrl Pts',(-1.05346987931308,-2.54330127018919,8.57500000000007));
#9112=CARTESIAN_POINT('Ctrl Pts',(-3.11464575980459E-16,-2.54330127018919,
8.62500000000007));
#9113=CARTESIAN_POINT('Ctrl Pts',(1.05346987931308,-2.54330127018919,8.67500000000007));
#9114=CARTESIAN_POINT('Ctrl Pts',(1.79838557475114,-1.79838557475114,8.72500000000007));
#9115=CARTESIAN_POINT('Ctrl Pts',(2.54330127018919,-1.05346987931308,8.77500000000007));
#9116=CARTESIAN_POINT('Ctrl Pts',(2.54330127018919,-4.67196863970689E-16,
8.82500000000007));
#9117=CARTESIAN_POINT('Ctrl Pts',(2.54330127018919,1.05346987931308,8.87500000000007));
#9118=CARTESIAN_POINT('Ctrl Pts',(1.79838557475114,1.79838557475114,8.92500000000007));
#9119=CARTESIAN_POINT('Ctrl Pts',(1.05346987931309,2.54330127018919,8.97500000000007));
#9120=CARTESIAN_POINT('Ctrl Pts',(0.,2.54330127018919,9.02500000000007));
#9121=CARTESIAN_POINT('Ctrl Pts',(-1.05346987931308,2.54330127018919,9.07500000000007));
#9122=CARTESIAN_POINT('Ctrl Pts',(-1.79838557475114,1.79838557475114,9.12500000000007));
#9123=CARTESIAN_POINT('Ctrl Pts',(-2.54330127018919,1.05346987931308,9.17500000000007));
#9124=CARTESIAN_POINT('Ctrl Pts',(-2.54330127018919,1.5573228799023E-16,
9.22500000000007));
#9125=CARTESIAN_POINT('Ctrl Pts',(-2.54330127018919,-1.05346987931308,9.27500000000007));
#9126=CARTESIAN_POINT('Ctrl Pts',(-1.79838557475114,-1.79838557475114,9.32500000000007));
#9127=CARTESIAN_POINT('Ctrl Pts',(-1.05346987931308,-2.54330127018919,9.37500000000007));
#9128=CARTESIAN_POINT('Ctrl Pts',(-3.11464575980459E-16,-2.54330127018919,
9.42500000000007));
#9129=CARTESIAN_POINT('Ctrl Pts',(1.05346987931308,-2.54330127018919,9.47500000000007));
#9130=CARTESIAN_POINT('Ctrl Pts',(1.79838557475114,-1.79838557475114,9.52500000000007));
#9131=CARTESIAN_POINT('Ctrl Pts',(2.54330127018919,-1.05346987931308,9.57500000000007));
#9132=CARTESIAN_POINT('Ctrl Pts',(2.54330127018919,-4.67196863970689E-16,
9.62500000000007));
#9133=CARTESIAN_POINT('Ctrl Pts',(2.54330127018919,1.05346987931308,9.67500000000007));
#9134=CARTESIAN_POINT('Ctrl Pts',(1.79838557475114,1.79838557475114,9.72500000000007));
#9135=CARTESIAN_POINT('Ctrl Pts',(1.05346987931309,2.54330127018919,9.77500000000007));
#9136=CARTESIAN_POINT('Ctrl Pts',(0.,2.54330127018919,9.82500000000007));
#9137=CARTESIAN_POINT('Ctrl Pts',(-1.05346987931308,2.54330127018919,9.87500000000007));
#9138=CARTESIAN_POINT('Ctrl Pts',(-1.79838557475114,1.79838557475114,9.92500000000007));
#9139=CARTESIAN_POINT('Ctrl Pts',(-2.54330127018919,1.05346987931308,9.97500000000007));
#9140=CARTESIAN_POINT('Ctrl Pts',(-2.54330127018919,1.5573228799023E-16,
10.0250000000001));
#9141=CARTESIAN_POINT('Ctrl Pts',(-2.54330127018919,-1.05346987931308,10.0750000000001));
#9142=CARTESIAN_POINT('Ctrl Pts',(-1.79838557475114,-1.79838557475114,10.1250000000001));
#9143=CARTESIAN_POINT('Ctrl Pts',(-1.05346987931308,-2.54330127018919,10.1750000000001));
#9144=CARTESIAN_POINT('Ctrl Pts',(-3.11464575980459E-16,-2.54330127018919,
10.2250000000001));
#9145=CARTESIAN_POINT('Ctrl Pts',(1.05346987931308,-2.54330127018919,10.2750000000001));
#9146=CARTESIAN_POINT('Ctrl Pts',(1.79838557475114,-1.79838557475114,10.3250000000001));
#9147=CARTESIAN_POINT('Ctrl Pts',(2.54330127018919,-1.05346987931308,10.3750000000001));
#9148=CARTESIAN_POINT('Ctrl Pts',(2.54330127018919,-4.67196863970689E-16,
10.4250000000001));
#9149=CARTESIAN_POINT('Ctrl Pts',(2.54330127018919,1.05346987931308,10.4750000000001));
#9150=CARTESIAN_POINT('Ctrl Pts',(1.79838557475114,1.79838557475114,10.5250000000001));
#9151=CARTESIAN_POINT('Ctrl Pts',(1.05346987931309,2.54330127018919,10.5750000000001));
#9152=CARTESIAN_POINT('Ctrl Pts',(0.,2.54330127018919,10.6250000000001));
#9153=CARTESIAN_POINT('Ctrl Pts',(-1.05346987931308,2.54330127018919,10.6750000000001));
#9154=CARTESIAN_POINT('Ctrl Pts',(-1.79838557475114,1.79838557475114,10.7250000000001));
#9155=CARTESIAN_POINT('Ctrl Pts',(-2.54330127018919,1.05346987931308,10.7750000000001));
#9156=CARTESIAN_POINT('Ctrl Pts',(-2.54330127018919,1.5573228799023E-16,
10.8250000000001));
#9157=CARTESIAN_POINT('Origin',(0.,0.,-14.25));
#9158=CARTESIAN_POINT('Origin',(-18.9304857332212,-2.22044604925031E-15,
104.705865499172));
#9159=CARTESIAN_POINT('',(-19.1216778786715,-2.22044604925031E-15,104.978916180602));
#9160=CARTESIAN_POINT('',(-18.5481014423205,-2.22044604925031E-15,104.159764136313));
#9161=CARTESIAN_POINT('',(-16.4449878423667,-2.22044604925031E-15,101.156206640586));
#9162=CARTESIAN_POINT('',(-19.1216778786715,0.577350269189624,104.978916180602));
#9163=CARTESIAN_POINT('',(-18.5481014423205,-2.22044604925031E-15,104.159764136313));
#9164=CARTESIAN_POINT('',(-19.1216778786715,-2.22044604925031E-15,104.978916180602));
#9165=CARTESIAN_POINT('Ctrl Pts',(-18.5481014423205,-2.49961010887732E-15,
104.159764136313));
#9166=CARTESIAN_POINT('Ctrl Pts',(-16.810756602144,2.,105.376266089874));
#9167=CARTESIAN_POINT('Ctrl Pts',(-14.5769692575916,4.,105.859847934259));
#9168=CARTESIAN_POINT('Ctrl Pts',(-12.4920487810896,6.,105.470809756996));
#9169=CARTESIAN_POINT('Ctrl Pts',(-18.7392935877708,0.192450089729873,104.432814817742));
#9170=CARTESIAN_POINT('Ctrl Pts',(-16.9295593792537,2.19245008972987,105.700004352702));
#9171=CARTESIAN_POINT('Ctrl Pts',(-14.6026975620116,4.19245008972987,106.203735440603));
#9172=CARTESIAN_POINT('Ctrl Pts',(-12.4309053989887,6.19245008972987,105.798487339287));
#9173=CARTESIAN_POINT('Ctrl Pts',(-18.9304857332212,0.384900179459749,104.705865499172));
#9174=CARTESIAN_POINT('Ctrl Pts',(-17.0483621563634,2.38490017945975,106.02374261553));
#9175=CARTESIAN_POINT('Ctrl Pts',(-14.6284258664316,4.38490017945975,106.547622946947));
#9176=CARTESIAN_POINT('Ctrl Pts',(-12.3697620168877,6.38490017945975,106.126164921578));
#9177=CARTESIAN_POINT('Ctrl Pts',(-19.1216778786715,0.577350269189624,104.978916180602));
#9178=CARTESIAN_POINT('Ctrl Pts',(-17.167164933473,2.57735026918962,106.347480878358));
#9179=CARTESIAN_POINT('Ctrl Pts',(-14.6541541708516,4.57735026918962,106.891510453292));
#9180=CARTESIAN_POINT('Ctrl Pts',(-12.3086186347868,6.57735026918962,106.45384250387));
#9181=CARTESIAN_POINT('',(-12.4920487810896,6.,105.470809756996));
#9182=CARTESIAN_POINT('',(-12.9898879351562,6.,106.554166008651));
#9183=CARTESIAN_POINT('Ctrl Pts',(-12.4920487810896,6.,105.470809756996));
#9184=CARTESIAN_POINT('Ctrl Pts',(-12.5675665188306,6.,105.668492948042));
#9185=CARTESIAN_POINT('Ctrl Pts',(-12.6500926101531,6.,105.863224253275));
#9186=CARTESIAN_POINT('Ctrl Pts',(-12.739214419738,6.,106.054743550243));
#9187=CARTESIAN_POINT('Ctrl Pts',(-12.8176911154921,5.99999999999999,106.22338691228));
#9188=CARTESIAN_POINT('Ctrl Pts',(-12.9012822471403,6.,106.389540769893));
#9189=CARTESIAN_POINT('Ctrl Pts',(-12.9897216888659,6.,106.5530570098));
#9190=CARTESIAN_POINT('Ctrl Pts',(-12.9897216888659,6.,106.5530570098));
#9191=CARTESIAN_POINT('Ctrl Pts',(-15.132612041523,4.19245008972987,106.779177328309));
#9192=CARTESIAN_POINT('Ctrl Pts',(-17.3552380293139,2.38490017945975,106.215790678916));
#9193=CARTESIAN_POINT('Ctrl Pts',(-19.1216778786715,0.577350269189623,104.978916180602));
#9194=CARTESIAN_POINT('Ctrl Pts',(-18.5481014423205,-2.49961010887732E-15,
104.159764136313));
#9195=CARTESIAN_POINT('Ctrl Pts',(-16.810756602144,2.,105.376266089874));
#9196=CARTESIAN_POINT('Ctrl Pts',(-14.5769692575916,4.,105.859847934259));
#9197=CARTESIAN_POINT('Ctrl Pts',(-12.4920487810896,6.,105.470809756996));
#9198=CARTESIAN_POINT('Ctrl Pts',(-19.1216778786715,-0.577350269189632,
104.978916180602));
#9199=CARTESIAN_POINT('Ctrl Pts',(-18.2034267182261,0.362271197837458,105.621882565115));
#9200=CARTESIAN_POINT('Ctrl Pts',(-15.7772881984393,2.55472128756733,106.718200872607));
#9201=CARTESIAN_POINT('Ctrl Pts',(-13.0810286553368,4.74717137729721,106.687420275596));
#9202=CARTESIAN_POINT('Ctrl Pts',(-11.637013915524,6.,106.301724897061));
#9203=CARTESIAN_POINT('Ctrl Pts',(-18.9304857332212,-0.384900179459755,
104.705865499172));
#9204=CARTESIAN_POINT('Ctrl Pts',(-18.0462438750145,0.554721287567336,105.325018313889));
#9205=CARTESIAN_POINT('Ctrl Pts',(-15.709962337442,2.74717137729721,106.380732239622));
#9206=CARTESIAN_POINT('Ctrl Pts',(-13.1135642588989,4.93962146702709,106.351091664723));
#9207=CARTESIAN_POINT('Ctrl Pts',(-11.7230315464866,6.19245008972988,105.979681300207));
#9208=CARTESIAN_POINT('Ctrl Pts',(-18.7392935877708,-0.192450089729878,
104.432814817742));
#9209=CARTESIAN_POINT('Ctrl Pts',(-17.8890610318029,0.747171377297212,105.028154062662));
#9210=CARTESIAN_POINT('Ctrl Pts',(-15.6426364764447,2.93962146702709,106.043263606637));
#9211=CARTESIAN_POINT('Ctrl Pts',(-13.1460998624609,5.13207155675697,106.014763053849));
#9212=CARTESIAN_POINT('Ctrl Pts',(-11.8090491774491,6.38490017945975,105.657637703353));
#9213=CARTESIAN_POINT('Ctrl Pts',(-18.5481014423205,-2.08166817117217E-16,
104.159764136313));
#9214=CARTESIAN_POINT('Ctrl Pts',(-17.7318781885912,0.93962146702709,104.731289811436));
#9215=CARTESIAN_POINT('Ctrl Pts',(-15.5753106154474,3.13207155675697,105.705794973651));
#9216=CARTESIAN_POINT('Ctrl Pts',(-13.178635466023,5.32452164648684,105.678434442975));
#9217=CARTESIAN_POINT('Ctrl Pts',(-11.8950668084116,6.57735026918963,105.335594106498));
#9218=CARTESIAN_POINT('',(-18.542898891435,-2.22044604925031E-15,105.352021459539));
#9219=CARTESIAN_POINT('Ctrl Pts',(-18.5481014423205,-2.22044604925031E-16,
104.159764136313));
#9220=CARTESIAN_POINT('Ctrl Pts',(-18.5613012793585,-2.60210503003063E-16,
104.374177756755));
#9221=CARTESIAN_POINT('Ctrl Pts',(-18.5666850145144,-8.39586346307356E-16,
104.588870887286));
#9222=CARTESIAN_POINT('Ctrl Pts',(-18.5645393517652,-1.22124532708767E-15,
104.803406352391));
#9223=CARTESIAN_POINT('Ctrl Pts',(-18.5627088046512,-1.54685322889694E-15,
104.986434778745));
#9224=CARTESIAN_POINT('Ctrl Pts',(-18.5553981647921,-1.81343617198873E-15,
105.169349542034));
#9225=CARTESIAN_POINT('Ctrl Pts',(-18.5427828806924,-2.22044604925031E-15,
105.351908959179));
#9226=CARTESIAN_POINT('',(-11.637013915524,6.,106.301724897061));
#9227=CARTESIAN_POINT('Ctrl Pts',(-18.5427828806924,-2.96637714392034E-15,
105.351908959179));
#9228=CARTESIAN_POINT('Ctrl Pts',(-17.7754195732737,0.747171377297211,105.805664647486));
#9229=CARTESIAN_POINT('Ctrl Pts',(-15.5406144454377,2.74717137729721,106.715498996435));
#9230=CARTESIAN_POINT('Ctrl Pts',(-13.0810286553368,4.74717137729721,106.687420275596));
#9231=CARTESIAN_POINT('Ctrl Pts',(-11.637013915524,6.,106.301724897061));
#9232=CARTESIAN_POINT('Ctrl Pts',(-11.637013915524,6.,106.301724897061));
#9233=CARTESIAN_POINT('Ctrl Pts',(-11.6513801350729,6.,106.289460635644));
#9234=CARTESIAN_POINT('Ctrl Pts',(-11.6657102864261,6.,106.277152327883));
#9235=CARTESIAN_POINT('Ctrl Pts',(-11.6800040303292,6.,106.264800038287));
#9236=CARTESIAN_POINT('Ctrl Pts',(-11.8490040478477,6.,106.118754525501));
#9237=CARTESIAN_POINT('Ctrl Pts',(-12.0126392420874,6.,105.966799814202));
#9238=CARTESIAN_POINT('Ctrl Pts',(-12.1704086174672,6.,105.809087837581));
#9239=CARTESIAN_POINT('Ctrl Pts',(-12.2805507576591,6.,105.698985768678));
#9240=CARTESIAN_POINT('Ctrl Pts',(-12.3878331518212,6.,105.586078180202));
#9241=CARTESIAN_POINT('Ctrl Pts',(-12.492072600114,6.,105.47042497582));
#9242=CARTESIAN_POINT('Origin',(-13.9594899515121,6.,97.6065477820008));
#9243=CARTESIAN_POINT('',(-6.69542627204655,6.,92.293038690951));
#9244=CARTESIAN_POINT('Origin',(-13.9594899515121,6.,97.6065477820008));
#9245=CARTESIAN_POINT('',(-7.88255988436191,6.,92.4035754623583));
#9246=CARTESIAN_POINT('Ctrl Pts',(-6.69646981636924,6.,92.2934492168657));
#9247=CARTESIAN_POINT('Ctrl Pts',(-6.81755294930694,6.,92.2968161569264));
#9248=CARTESIAN_POINT('Ctrl Pts',(-6.93857927420937,6.,92.302525762593));
#9249=CARTESIAN_POINT('Ctrl Pts',(-7.05947631416615,6.,92.3106214882581));
#9250=CARTESIAN_POINT('Ctrl Pts',(-7.13609766447897,6.,92.3157523453282));
#9251=CARTESIAN_POINT('Ctrl Pts',(-7.21266698381405,6.,92.3218416339137));
#9252=CARTESIAN_POINT('Ctrl Pts',(-7.28916471871725,6.,92.3289003771148));
#9253=CARTESIAN_POINT('Ctrl Pts',(-7.36066182795308,6.,92.3354976931576));
#9254=CARTESIAN_POINT('Ctrl Pts',(-7.43208690903391,5.99999999999999,92.3429409979167));
#9255=CARTESIAN_POINT('Ctrl Pts',(-7.50342209316646,5.99999999999999,92.3512383760832));
#9256=CARTESIAN_POINT('Ctrl Pts',(-7.63011490354467,6.,92.365974696897));
#9257=CARTESIAN_POINT('Ctrl Pts',(-7.75652626480444,6.,92.383405191209));
#9258=CARTESIAN_POINT('Ctrl Pts',(-7.88255988436191,6.,92.4035754623583));
#9259=CARTESIAN_POINT('',(-7.59048369745922,6.,91.2476359776246));
#9260=CARTESIAN_POINT('Ctrl Pts',(-7.88263959107762,6.,92.403693914082));
#9261=CARTESIAN_POINT('Ctrl Pts',(-7.84101238725953,6.,92.2752359974149));
#9262=CARTESIAN_POINT('Ctrl Pts',(-7.80232247015167,6.,92.1458463540873));
#9263=CARTESIAN_POINT('Ctrl Pts',(-7.76653927388652,6.,92.0156520419256));
#9264=CARTESIAN_POINT('Ctrl Pts',(-7.7476034034686,6.,91.9467553842326));
#9265=CARTESIAN_POINT('Ctrl Pts',(-7.72948093715012,6.,91.8776310373856));
#9266=CARTESIAN_POINT('Ctrl Pts',(-7.71216899387789,6.,91.8083042714535));
#9267=CARTESIAN_POINT('Ctrl Pts',(-7.66582429257002,6.,91.62271399951));
#9268=CARTESIAN_POINT('Ctrl Pts',(-7.62529739613215,6.,91.4357125792909));
#9269=CARTESIAN_POINT('Ctrl Pts',(-7.59048369745922,6.,91.2476359776246));
#9270=CARTESIAN_POINT('',(-22.1931556473336,6.,93.9724386464007));
#9271=CARTESIAN_POINT('Origin',(-13.9594899515121,6.,97.6065477820008));
#9272=CARTESIAN_POINT('',(-21.5038611890849,6.,94.9452581266485));
#9273=CARTESIAN_POINT('Ctrl Pts',(-21.5038611890849,6.,94.9452581266485));
#9274=CARTESIAN_POINT('Ctrl Pts',(-21.6363070697695,6.,94.7822395944472));
#9275=CARTESIAN_POINT('Ctrl Pts',(-21.7627445937372,6.,94.6147422378648));
#9276=CARTESIAN_POINT('Ctrl Pts',(-21.8831642648697,6.,94.4432515254434));
#9277=CARTESIAN_POINT('Ctrl Pts',(-21.991025756447,6.,94.2896450269413));
#9278=CARTESIAN_POINT('Ctrl Pts',(-22.0940598378635,6.,94.1328339658089));
#9279=CARTESIAN_POINT('Ctrl Pts',(-22.1922783493012,6.,93.9731371193367));
#9280=CARTESIAN_POINT('',(-22.6509722415531,6.,95.2702824713171));
#9281=CARTESIAN_POINT('Ctrl Pts',(-22.6509722415531,6.,95.2702824713171));
#9282=CARTESIAN_POINT('Ctrl Pts',(-22.4422667909062,6.,95.1963225758675));
#9283=CARTESIAN_POINT('Ctrl Pts',(-22.2310834372663,6.,95.1297812914772));
#9284=CARTESIAN_POINT('Ctrl Pts',(-22.0177880652832,6.,95.0710175730908));
#9285=CARTESIAN_POINT('Ctrl Pts',(-21.8476384580453,6.,95.0241406834972));
#9286=CARTESIAN_POINT('Ctrl Pts',(-21.6761455113758,6.,94.9822136627786));
#9287=CARTESIAN_POINT('Ctrl Pts',(-21.5035161022055,6.,94.9454298403851));
#9288=CARTESIAN_POINT('Origin',(-13.9594899515121,6.,97.6065477820008));
#9289=CARTESIAN_POINT('',(-7.7219620835734,6.,94.5910468125617));
#9290=CARTESIAN_POINT('',(-8.22922557287193,6.,101.50065488773));
#9291=CARTESIAN_POINT('',(-8.06013774310575,6.,99.197452196007));
#9292=CARTESIAN_POINT('',(-14.4667534408106,6.,104.516155857169));
#9293=CARTESIAN_POINT('',(-12.3875774848311,6.,103.510988867356));
#9294=CARTESIAN_POINT('',(-20.1970178194508,6.,100.62204875144));
#9295=CARTESIAN_POINT('',(-18.2869296932374,6.,101.920084453349));
#9296=CARTESIAN_POINT('',(-19.6897543301523,6.,93.712440676272));
#9297=CARTESIAN_POINT('',(-19.8588421599185,6.,96.0156433679946));
#9298=CARTESIAN_POINT('',(-13.4522264622136,6.,90.6969397068329));
#9299=CARTESIAN_POINT('',(-15.5314024181932,6.,91.702106696646));
#9300=CARTESIAN_POINT('',(-9.6320502097868,6.,93.2930111106521));
#9301=CARTESIAN_POINT('Origin',(-13.9594899515121,-2.22044604925031E-15,
97.6065477820008));
#9302=CARTESIAN_POINT('',(-4.99373766868641,-2.22044604925031E-15,98.3909494667297));
#9303=CARTESIAN_POINT('Origin',(-13.9594899515121,-2.22044604925031E-15,
97.6065477820008));
#9304=CARTESIAN_POINT('',(-4.99373766868641,0.577350269189624,98.3909494667297));
#9305=CARTESIAN_POINT('',(-4.99373766868641,-2.22044604925031E-15,98.3909494667297));
#9306=CARTESIAN_POINT('Ctrl Pts',(-4.99373766868641,0.577350269189624,98.3909494667297));
#9307=CARTESIAN_POINT('Ctrl Pts',(-4.80579285653196,2.38490017945975,96.2427304337717));
#9308=CARTESIAN_POINT('Ctrl Pts',(-5.42919869989976,4.19245008972987,94.0361865405366));
#9309=CARTESIAN_POINT('Ctrl Pts',(-6.69646981636924,6.,92.2934492168657));
#9310=CARTESIAN_POINT('Origin',(-13.9594899515121,-2.22044604925031E-15,
97.6065477820008));
#9311=CARTESIAN_POINT('',(-18.3755624506424,-2.22044604925031E-15,89.7644623653259));
#9312=CARTESIAN_POINT('Ctrl Pts',(-18.3755231056807,-3.08780778723872E-15,
89.7646190117082));
#9313=CARTESIAN_POINT('Ctrl Pts',(-19.1521688994127,0.747171377297211,90.2022971127702));
#9314=CARTESIAN_POINT('Ctrl Pts',(-21.0575123657052,2.74717137729721,91.6827768010035));
#9315=CARTESIAN_POINT('Ctrl Pts',(-22.262986867581,4.74717137729721,93.8268813339322));
#9316=CARTESIAN_POINT('Ctrl Pts',(-22.6509722415531,6.,95.2702824713171));
#9317=CARTESIAN_POINT('Origin',(-13.9594899515121,-2.22044604925031E-15,
97.6065477820008));
#9318=CARTESIAN_POINT('Origin',(-17.6221815532648,-2.22044604925031E-15,
89.7518802943498));
#9319=CARTESIAN_POINT('',(-17.7630543071784,-2.22044604925031E-15,89.4497776986709));
#9320=CARTESIAN_POINT('',(-17.3404360454377,-2.22044604925031E-15,90.3560854857076));
#9321=CARTESIAN_POINT('',(-15.7908357523885,-2.22044604925031E-15,93.6792140381753));
#9322=CARTESIAN_POINT('',(-17.7630543071784,0.577350269189624,89.4497776986709));
#9323=CARTESIAN_POINT('',(-17.3404360454377,-2.22044604925031E-15,90.3560854857076));
#9324=CARTESIAN_POINT('',(-17.7630543071784,-2.22044604925031E-15,89.4497776986709));
#9325=CARTESIAN_POINT('Ctrl Pts',(-17.3404360454377,-2.49961010887732E-15,
90.3560854857076));
#9326=CARTESIAN_POINT('Ctrl Pts',(-19.2626300610634,2.,91.2524192756536));
#9327=CARTESIAN_POINT('Ctrl Pts',(-20.7983178953862,4.,92.9451449404955));
#9328=CARTESIAN_POINT('Ctrl Pts',(-21.5038611890849,6.,94.9452581266485));
#9329=CARTESIAN_POINT('Ctrl Pts',(-17.4813087993513,0.192450089729873,90.0539828900287));
#9330=CARTESIAN_POINT('Ctrl Pts',(-19.4835942322947,2.19245008972987,90.9876639212224));
#9331=CARTESIAN_POINT('Ctrl Pts',(-21.0832690597143,4.19245008972987,92.7509198220994));
#9332=CARTESIAN_POINT('Ctrl Pts',(-21.8182099906504,6.19245008972987,94.8343710576755));
#9333=CARTESIAN_POINT('Ctrl Pts',(-17.6221815532648,0.384900179459749,89.7518802943498));
#9334=CARTESIAN_POINT('Ctrl Pts',(-19.704558403526,2.38490017945975,90.7229085667913));
#9335=CARTESIAN_POINT('Ctrl Pts',(-21.3682202240423,4.38490017945975,92.5566947037034));
#9336=CARTESIAN_POINT('Ctrl Pts',(-22.1325587922159,6.38490017945975,94.7234839887024));
#9337=CARTESIAN_POINT('Ctrl Pts',(-17.7630543071784,0.577350269189624,89.4497776986709));
#9338=CARTESIAN_POINT('Ctrl Pts',(-19.9255225747573,2.57735026918962,90.4581532123602));
#9339=CARTESIAN_POINT('Ctrl Pts',(-21.6531713883704,4.57735026918962,92.3624695853074));
#9340=CARTESIAN_POINT('Ctrl Pts',(-22.4469075937814,6.57735026918962,94.6125969197294));
#9341=CARTESIAN_POINT('Ctrl Pts',(-22.1922783493012,6.,93.9731371193367));
#9342=CARTESIAN_POINT('Ctrl Pts',(-21.3166591131136,4.19245008972987,92.0042794771564));
#9343=CARTESIAN_POINT('Ctrl Pts',(-19.7174389686905,2.38490017945975,90.3611222333147));
#9344=CARTESIAN_POINT('Ctrl Pts',(-17.7630543071784,0.577350269189624,89.4497776986709));
#9345=CARTESIAN_POINT('Ctrl Pts',(-17.3404360454377,-2.49961010887732E-15,
90.3560854857076));
#9346=CARTESIAN_POINT('Ctrl Pts',(-19.2626300610634,2.,91.2524192756536));
#9347=CARTESIAN_POINT('Ctrl Pts',(-20.7983178953862,4.,92.9451449404955));
#9348=CARTESIAN_POINT('Ctrl Pts',(-21.5038611890849,6.,94.9452581266485));
#9349=CARTESIAN_POINT('Ctrl Pts',(-17.7630543071784,-0.577350269189632,
89.4497776986709));
#9350=CARTESIAN_POINT('Ctrl Pts',(-18.7790051101694,0.362271197837458,89.9235233384144));
#9351=CARTESIAN_POINT('Ctrl Pts',(-20.9415155276787,2.55472128756733,91.4764602461273));
#9352=CARTESIAN_POINT('Ctrl Pts',(-22.262986867581,4.74717137729721,93.8268813339322));
#9353=CARTESIAN_POINT('Ctrl Pts',(-22.6509722415531,6.,95.2702824713171));
#9354=CARTESIAN_POINT('Ctrl Pts',(-17.6221815532648,-0.384900179459755,
89.7518802943498));
#9355=CARTESIAN_POINT('Ctrl Pts',(-18.6005045487377,0.554721287567336,90.208079799288));
#9356=CARTESIAN_POINT('Ctrl Pts',(-20.6829219878206,2.74717137729721,91.7035005252338));
#9357=CARTESIAN_POINT('Ctrl Pts',(-21.9554499447636,4.93962146702709,93.9668689801569));
#9358=CARTESIAN_POINT('Ctrl Pts',(-22.3290654900701,6.19245008972988,95.3568108161573));
#9359=CARTESIAN_POINT('Ctrl Pts',(-17.4813087993513,-0.192450089729878,
90.0539828900287));
#9360=CARTESIAN_POINT('Ctrl Pts',(-18.4220039873059,0.747171377297212,90.4926362601615));
#9361=CARTESIAN_POINT('Ctrl Pts',(-20.4243284479626,2.93962146702709,91.9305408043402));
#9362=CARTESIAN_POINT('Ctrl Pts',(-21.6479130219462,5.13207155675697,94.1068566263817));
#9363=CARTESIAN_POINT('Ctrl Pts',(-22.0071587385871,6.38490017945975,95.4433391609974));
#9364=CARTESIAN_POINT('Ctrl Pts',(-17.3404360454377,-2.08166817117217E-16,
90.3560854857076));
#9365=CARTESIAN_POINT('Ctrl Pts',(-18.2435034258742,0.93962146702709,90.7771927210351));
#9366=CARTESIAN_POINT('Ctrl Pts',(-20.1657349081046,3.13207155675697,92.1575810834466));
#9367=CARTESIAN_POINT('Ctrl Pts',(-21.3403760991289,5.32452164648684,94.2468442726065));
#9368=CARTESIAN_POINT('Ctrl Pts',(-21.6852519871041,6.57735026918963,95.5298675058375));
#9369=CARTESIAN_POINT('Ctrl Pts',(-17.3404360454377,-2.22044604925031E-16,
90.3560854857076));
#9370=CARTESIAN_POINT('Ctrl Pts',(-17.5193855407036,-2.60182044970753E-16,
90.2375388519029));
#9371=CARTESIAN_POINT('Ctrl Pts',(-17.702473861003,-7.66986064213658E-16,
90.1256144072155));
#9372=CARTESIAN_POINT('Ctrl Pts',(-17.8891794370946,-1.11022302462516E-15,
90.02028154403));
#9373=CARTESIAN_POINT('Ctrl Pts',(-18.0487503351968,-1.40357596662748E-15,
89.930257132708));
#9374=CARTESIAN_POINT('Ctrl Pts',(-18.2109643433542,-1.54087696876783E-15,
89.8450468995186));
#9375=CARTESIAN_POINT('Ctrl Pts',(-18.3755231056807,-1.75274298243617E-15,
89.7646190117083));
#9376=CARTESIAN_POINT('Origin',(-5.32580256805032,-2.22044604925031E-15,
98.3618975524805));
#9377=CARTESIAN_POINT('',(-5.98993236677815,-2.22044604925031E-15,98.3037937239821));
#9378=CARTESIAN_POINT('',(-9.64264625978122,-2.22044604925031E-15,97.9842226672406));
#9379=CARTESIAN_POINT('',(-5.98993236677815,-2.22044604925031E-15,98.3037937239821));
#9380=CARTESIAN_POINT('Ctrl Pts',(-5.98993236677815,-2.22044604925031E-15,
98.3037937239821));
#9381=CARTESIAN_POINT('Ctrl Pts',(-5.8050831913289,2.,96.1909579804748));
#9382=CARTESIAN_POINT('Ctrl Pts',(-6.50318270155855,4.,94.0146504712476));
#9383=CARTESIAN_POINT('Ctrl Pts',(-7.88255988436191,6.,92.4035754623583));
#9384=CARTESIAN_POINT('Ctrl Pts',(-5.65786746741424,0.192450089729873,98.3328456382313));
#9385=CARTESIAN_POINT('Ctrl Pts',(-5.46531624298794,2.19245008972988,96.1319750720779));
#9386=CARTESIAN_POINT('Ctrl Pts',(-6.19250323281049,4.19245008972987,93.8649880832995));
#9387=CARTESIAN_POINT('Ctrl Pts',(-7.62935446489732,6.19245008972987,92.1867849490399));
#9388=CARTESIAN_POINT('Ctrl Pts',(-5.32580256805032,0.384900179459748,98.3618975524805));
#9389=CARTESIAN_POINT('Ctrl Pts',(-5.12554929464697,2.38490017945975,96.072992163681));
#9390=CARTESIAN_POINT('Ctrl Pts',(-5.88182376406242,4.38490017945975,93.7153256953515));
#9391=CARTESIAN_POINT('Ctrl Pts',(-7.37614904543273,6.38490017945975,91.9699944357214));
#9392=CARTESIAN_POINT('Ctrl Pts',(-4.99373766868641,0.577350269189624,98.3909494667297));
#9393=CARTESIAN_POINT('Ctrl Pts',(-4.785782346306,2.57735026918962,96.0140092552841));
#9394=CARTESIAN_POINT('Ctrl Pts',(-5.57114429531435,4.57735026918962,93.5656633074034));
#9395=CARTESIAN_POINT('Ctrl Pts',(-7.12294362596814,6.57735026918962,91.753203922403));
#9396=CARTESIAN_POINT('Ctrl Pts',(-5.98993236677815,-2.22044604925031E-15,
98.3037937239821));
#9397=CARTESIAN_POINT('Ctrl Pts',(-5.8050831913289,2.,96.1909579804748));
#9398=CARTESIAN_POINT('Ctrl Pts',(-6.50318270155855,4.,94.0146504712476));
#9399=CARTESIAN_POINT('Ctrl Pts',(-7.88255988436191,6.,92.4035754623583));
#9400=CARTESIAN_POINT('Ctrl Pts',(-4.99373766868641,-0.577350269189628,
98.3909494667297));
#9401=CARTESIAN_POINT('Ctrl Pts',(-4.86347147862563,0.675478353513158,96.9020001010536));
#9402=CARTESIAN_POINT('Ctrl Pts',(-5.29922580679253,2.86792844324303,94.2410017226475));
#9403=CARTESIAN_POINT('Ctrl Pts',(-6.79846167307874,5.06037853297291,92.0409152967615));
#9404=CARTESIAN_POINT('Ctrl Pts',(-7.59048369745922,6.,91.2476359776246));
#9405=CARTESIAN_POINT('Ctrl Pts',(-5.32580256805032,-0.384900179459753,
98.3618975524805));
#9406=CARTESIAN_POINT('Ctrl Pts',(-5.2003610516955,0.867928443243035,96.9280944596071));
#9407=CARTESIAN_POINT('Ctrl Pts',(-5.61997633067103,3.06037853297291,94.3656515766976));
#9408=CARTESIAN_POINT('Ctrl Pts',(-7.06368494265035,5.25282862270278,92.2470498332518));
#9409=CARTESIAN_POINT('Ctrl Pts',(-7.8263728179797,6.19245008972987,91.4831512296385));
#9410=CARTESIAN_POINT('Ctrl Pts',(-5.65786746741424,-0.192450089729878,
98.3328456382313));
#9411=CARTESIAN_POINT('Ctrl Pts',(-5.53725062476537,1.06037853297291,96.9541888181607));
#9412=CARTESIAN_POINT('Ctrl Pts',(-5.94072685454953,3.25282862270278,94.4903014307478));
#9413=CARTESIAN_POINT('Ctrl Pts',(-7.32890821222195,5.44527871243266,92.4531843697421));
#9414=CARTESIAN_POINT('Ctrl Pts',(-8.06226193850017,6.38490017945975,91.7186664816525));
#9415=CARTESIAN_POINT('Ctrl Pts',(-5.98993236677815,-2.22044604925031E-15,
98.3037937239821));
#9416=CARTESIAN_POINT('Ctrl Pts',(-5.87414019783524,1.25282862270278,96.9802831767144));
#9417=CARTESIAN_POINT('Ctrl Pts',(-6.26147737842804,3.44527871243266,94.6149512847979));
#9418=CARTESIAN_POINT('Ctrl Pts',(-7.59413148179356,5.63772880216253,92.6593189062325));
#9419=CARTESIAN_POINT('Ctrl Pts',(-8.29815105902065,6.57735026918962,91.9541817336664));
#9420=CARTESIAN_POINT('',(-4.96000851245903,-2.22044604925031E-15,97.7031595211376));
#9421=CARTESIAN_POINT('Ctrl Pts',(-4.96043867906782,-2.22044604925031E-15,
97.7032076117679));
#9422=CARTESIAN_POINT('Ctrl Pts',(-5.06265140764125,-2.001418175038E-15,
97.7720469086823));
#9423=CARTESIAN_POINT('Ctrl Pts',(-5.16620522124687,-2.01086120339226E-15,
97.8388778075949));
#9424=CARTESIAN_POINT('Ctrl Pts',(-5.271063362088,-2.1094237467878E-15,
97.903618451746));
#9425=CARTESIAN_POINT('Ctrl Pts',(-5.33104910140389,-2.16580799112981E-15,
97.9406543496938));
#9426=CARTESIAN_POINT('Ctrl Pts',(-5.39146161707324,-2.28222211651957E-15,
97.9770061360308));
#9427=CARTESIAN_POINT('Ctrl Pts',(-5.45229337205806,-2.27595720048157E-15,
98.0126580389134));
#9428=CARTESIAN_POINT('Ctrl Pts',(-5.51746619059694,-2.26924520875607E-15,
98.0508541257716));
#9429=CARTESIAN_POINT('Ctrl Pts',(-5.58311325014204,-2.11795095594053E-15,
98.0882427395489));
#9430=CARTESIAN_POINT('Ctrl Pts',(-5.64921992414877,-2.16493489801906E-15,
98.1248023202522));
#9431=CARTESIAN_POINT('Ctrl Pts',(-5.76147855761182,-2.24472038430605E-15,
98.1868857427114));
#9432=CARTESIAN_POINT('Ctrl Pts',(-5.87506717918602,-2.19765019602546E-15,
98.2465811768698));
#9433=CARTESIAN_POINT('Ctrl Pts',(-5.98993236677815,-2.22044604925031E-15,
98.3037937239821));
#9434=CARTESIAN_POINT('Ctrl Pts',(-7.59048369745922,6.,91.2476359776246));
#9435=CARTESIAN_POINT('Ctrl Pts',(-6.79846167307874,5.06037853297291,92.0409152967615));
#9436=CARTESIAN_POINT('Ctrl Pts',(-6.15593201609893,4.12075706594582,92.983809479284));
#9437=CARTESIAN_POINT('Ctrl Pts',(-5.70873570285533,3.18113559891873,94.0113609592083));
#9438=CARTESIAN_POINT('Ctrl Pts',(-5.20406718768349,2.12075706594582,95.1709699816411));
#9439=CARTESIAN_POINT('Ctrl Pts',(-4.94816544852449,1.06037853297291,96.4383943034885));
#9440=CARTESIAN_POINT('Ctrl Pts',(-4.96043867906782,-2.28983498828939E-15,
97.7032076117679));
#9441=CARTESIAN_POINT('Origin',(-13.9594899515121,-2.22044604925031E-15,
97.6065477820008));
#9442=CARTESIAN_POINT('Origin',(-13.9594899515121,-2.22044604925031E-15,
97.6065477820008));
#9443=CARTESIAN_POINT('Origin',(-19.2419737563441,6.,101.271066602395));
#9444=CARTESIAN_POINT('',(-14.4667534408106,10.05,104.516155857169));
#9445=CARTESIAN_POINT('',(-14.4667534408106,6.,104.516155857169));
#9446=CARTESIAN_POINT('',(-20.1970178194508,10.05,100.62204875144));
#9447=CARTESIAN_POINT('',(-18.2869296932374,10.05,101.920084453349));
#9448=CARTESIAN_POINT('',(-20.1970178194508,6.,100.62204875144));
#9449=CARTESIAN_POINT('Origin',(-13.4271654628209,6.,104.013572362262));
#9450=CARTESIAN_POINT('',(-8.22922557287193,10.05,101.50065488773));
#9451=CARTESIAN_POINT('',(-8.22922557287193,6.,101.50065488773));
#9452=CARTESIAN_POINT('',(-12.3875774848311,10.05,103.510988867356));
#9453=CARTESIAN_POINT('Origin',(-8.14468165798884,6.,100.349053541868));
#9454=CARTESIAN_POINT('',(-7.7219620835734,10.05,94.5910468125617));
#9455=CARTESIAN_POINT('',(-7.7219620835734,6.,94.5910468125617));
#9456=CARTESIAN_POINT('',(-8.06013774310575,10.05,99.197452196007));
#9457=CARTESIAN_POINT('Origin',(-10.1393136990853,6.,100.20261918582));
#9458=CARTESIAN_POINT('',(-10.1393136990853,6.,100.20261918582));
#9459=CARTESIAN_POINT('',(-9.80113803955297,6.,95.5962138023747));
#9460=CARTESIAN_POINT('',(-10.0547697842022,6.,99.0510178399587));
#9461=CARTESIAN_POINT('',(-10.1393136990853,10.05,100.20261918582));
#9462=CARTESIAN_POINT('',(-10.1393136990853,6.,100.20261918582));
#9463=CARTESIAN_POINT('',(-9.80113803955297,10.05,95.5962138023747));
#9464=CARTESIAN_POINT('',(-10.1393136990853,10.05,100.20261918582));
#9465=CARTESIAN_POINT('',(-9.80113803955297,6.,95.5962138023747));
#9466=CARTESIAN_POINT('Origin',(-14.2976656110445,6.,102.212953165446));
#9467=CARTESIAN_POINT('',(-14.2976656110445,6.,102.212953165446));
#9468=CARTESIAN_POINT('',(-13.2580776330547,6.,101.71036967054));
#9469=CARTESIAN_POINT('',(-14.2976656110445,10.05,102.212953165446));
#9470=CARTESIAN_POINT('',(-14.2976656110445,6.,102.212953165446));
#9471=CARTESIAN_POINT('',(-14.2976656110445,10.05,102.212953165446));
#9472=CARTESIAN_POINT('Origin',(-18.1178418634713,6.,99.6168817616268));
#9473=CARTESIAN_POINT('',(-18.1178418634713,6.,99.6168817616268));
#9474=CARTESIAN_POINT('',(-17.1627978003646,6.,100.265899612582));
#9475=CARTESIAN_POINT('',(-18.1178418634713,10.05,99.6168817616268));
#9476=CARTESIAN_POINT('',(-18.1178418634713,6.,99.6168817616268));
#9477=CARTESIAN_POINT('',(-18.1178418634713,10.05,99.6168817616268));
#9478=CARTESIAN_POINT('Origin',(-17.7796662039389,6.,95.0104763781816));
#9479=CARTESIAN_POINT('',(-17.7796662039389,6.,95.0104763781816));
#9480=CARTESIAN_POINT('',(-17.864210118822,6.,96.1620777240429));
#9481=CARTESIAN_POINT('',(-17.7796662039389,10.05,95.0104763781816));
#9482=CARTESIAN_POINT('',(-17.7796662039389,6.,95.0104763781816));
#9483=CARTESIAN_POINT('',(-17.7796662039389,10.05,95.0104763781816));
#9484=CARTESIAN_POINT('Origin',(-13.6213142919798,6.,93.0001423985556));
#9485=CARTESIAN_POINT('',(-13.6213142919798,6.,93.0001423985556));
#9486=CARTESIAN_POINT('',(-14.6609022699696,6.,93.5027258934621));
#9487=CARTESIAN_POINT('',(-13.6213142919798,10.05,93.0001423985556));
#9488=CARTESIAN_POINT('',(-13.6213142919798,6.,93.0001423985556));
#9489=CARTESIAN_POINT('',(-13.6213142919798,10.05,93.0001423985556));
#9490=CARTESIAN_POINT('Origin',(-9.80113803955297,6.,95.5962138023747));
#9491=CARTESIAN_POINT('',(-10.7561821026597,6.,94.9471959514199));
#9492=CARTESIAN_POINT('',(-9.80113803955297,10.05,95.5962138023747));
#9493=CARTESIAN_POINT('Origin',(-19.7742982450354,6.,94.8640420221333));
#9494=CARTESIAN_POINT('',(-19.6897543301523,10.05,93.712440676272));
#9495=CARTESIAN_POINT('',(-19.8588421599185,10.05,96.0156433679946));
#9496=CARTESIAN_POINT('',(-19.6897543301523,6.,93.712440676272));
#9497=CARTESIAN_POINT('Origin',(-14.4918144402034,6.,91.1995232017395));
#9498=CARTESIAN_POINT('',(-13.4522264622136,10.05,90.6969397068329));
#9499=CARTESIAN_POINT('',(-15.5314024181932,10.05,91.702106696646));
#9500=CARTESIAN_POINT('',(-13.4522264622136,6.,90.6969397068329));
#9501=CARTESIAN_POINT('Origin',(-8.6770061466801,6.,93.9420289616069));
#9502=CARTESIAN_POINT('',(-9.6320502097868,10.05,93.2930111106521));
#9503=CARTESIAN_POINT('Origin',(-13.9594899515121,10.05,97.6065477820008));
#9504=CARTESIAN_POINT('Origin',(-13.9594899515121,-2.22044604925031E-15,
97.6065477820008));
#9505=CARTESIAN_POINT('',(-16.5495961665507,-2.22044604925031E-15,97.3799428508569));
#9506=CARTESIAN_POINT('Origin',(-13.9594899515121,-2.22044604925031E-15,
97.6065477820008));
#9507=CARTESIAN_POINT('',(-16.5495961665507,6.,97.3799428508569));
#9508=CARTESIAN_POINT('',(-16.5495961665507,-2.22044604925031E-15,97.3799428508569));
#9509=CARTESIAN_POINT('Origin',(-13.9594899515121,6.,97.6065477820008));
#9510=CARTESIAN_POINT('Origin',(-13.9594899515121,6.,97.6065477820008));
#9511=CARTESIAN_POINT('Origin',(-13.9594899515121,-2.22044604925031E-15,
97.6065477820008));
#9512=CARTESIAN_POINT('',(-69.1471371980659,11.8500000000001,46.2676854407862));
#9513=CARTESIAN_POINT('',(-13.9594899515121,-4.74999999999996,97.6065477820008));
#9514=UNCERTAINTY_MEASURE_WITH_UNIT(LENGTH_MEASURE(0.01),#9522,
'DISTANCE_ACCURACY_VALUE',
'Maximum model space distance between geometric entities at asserted c
onnectivities');
#9515=UNCERTAINTY_MEASURE_WITH_UNIT(LENGTH_MEASURE(0.01),#9522,
'DISTANCE_ACCURACY_VALUE',
'Maximum model space distance between geometric entities at asserted c
onnectivities');
#9516=UNCERTAINTY_MEASURE_WITH_UNIT(LENGTH_MEASURE(0.01),#9522,
'DISTANCE_ACCURACY_VALUE',
'Maximum model space distance between geometric entities at asserted c
onnectivities');
#9517=UNCERTAINTY_MEASURE_WITH_UNIT(LENGTH_MEASURE(0.01),#9522,
'DISTANCE_ACCURACY_VALUE',
'Maximum model space distance between geometric entities at asserted c
onnectivities');
#9518=(
GEOMETRIC_REPRESENTATION_CONTEXT(3)
GLOBAL_UNCERTAINTY_ASSIGNED_CONTEXT((#9514))
GLOBAL_UNIT_ASSIGNED_CONTEXT((#9522,#9524,#9525))
REPRESENTATION_CONTEXT('','3D')
);
#9519=(
GEOMETRIC_REPRESENTATION_CONTEXT(3)
GLOBAL_UNCERTAINTY_ASSIGNED_CONTEXT((#9515))
GLOBAL_UNIT_ASSIGNED_CONTEXT((#9522,#9524,#9525))
REPRESENTATION_CONTEXT('','3D')
);
#9520=(
GEOMETRIC_REPRESENTATION_CONTEXT(3)
GLOBAL_UNCERTAINTY_ASSIGNED_CONTEXT((#9516))
GLOBAL_UNIT_ASSIGNED_CONTEXT((#9522,#9524,#9525))
REPRESENTATION_CONTEXT('','3D')
);
#9521=(
GEOMETRIC_REPRESENTATION_CONTEXT(3)
GLOBAL_UNCERTAINTY_ASSIGNED_CONTEXT((#9517))
GLOBAL_UNIT_ASSIGNED_CONTEXT((#9522,#9524,#9525))
REPRESENTATION_CONTEXT('','3D')
);
#9522=(
LENGTH_UNIT()
NAMED_UNIT(*)
SI_UNIT(.MILLI.,.METRE.)
);
#9523=(
LENGTH_UNIT()
NAMED_UNIT(*)
SI_UNIT($,.METRE.)
);
#9524=(
NAMED_UNIT(*)
PLANE_ANGLE_UNIT()
SI_UNIT($,.RADIAN.)
);
#9525=(
NAMED_UNIT(*)
SI_UNIT($,.STERADIAN.)
SOLID_ANGLE_UNIT()
);
#9526=SHAPE_DEFINITION_REPRESENTATION(#9529,#9534);
#9527=SHAPE_DEFINITION_REPRESENTATION(#9530,#9535);
#9528=SHAPE_DEFINITION_REPRESENTATION(#9531,#9536);
#9529=PRODUCT_DEFINITION_SHAPE('',$,#9538);
#9530=PRODUCT_DEFINITION_SHAPE('',$,#9539);
#9531=PRODUCT_DEFINITION_SHAPE('',$,#9540);
#9532=PRODUCT_DEFINITION_SHAPE($,$,#17);
#9533=PRODUCT_DEFINITION_SHAPE($,$,#18);
#9534=SHAPE_REPRESENTATION('',(#2401,#2551,#2552),#9518);
#9535=SHAPE_REPRESENTATION('',(#2402),#9519);
#9536=SHAPE_REPRESENTATION('',(#2424),#9520);
#9537=PRODUCT_DEFINITION_CONTEXT('part definition',#9548,'design');
#9538=PRODUCT_DEFINITION('M5_thumb screw 25mm','M5_thumb screw 25mm',#9541,
#9537);
#9539=PRODUCT_DEFINITION(
'Set 01. Alyona Minina. 2019. UHEI_bearing guide with switch_thumb scr
ew cap','M5_thumb screw cap',#9542,#9537);
#9540=PRODUCT_DEFINITION(
'91287A126_18-8 Stainless Steel Hex Head Screw',
'91287A126_18-8 Stainless Steel Hex Head Screw',#9543,#9537);
#9541=PRODUCT_DEFINITION_FORMATION('',$,#9550);
#9542=PRODUCT_DEFINITION_FORMATION('',$,#9551);
#9543=PRODUCT_DEFINITION_FORMATION('',$,#9552);
#9544=PRODUCT_RELATED_PRODUCT_CATEGORY('M5_thumb screw 25mm',
'M5_thumb screw 25mm',(#9550));
#9545=PRODUCT_RELATED_PRODUCT_CATEGORY('M5_thumb screw cap',
'M5_thumb screw cap',(#9551));
#9546=PRODUCT_RELATED_PRODUCT_CATEGORY(
'91287A126_18-8 Stainless Steel Hex Head Screw',
'91287A126_18-8 Stainless Steel Hex Head Screw',(#9552));
#9547=APPLICATION_PROTOCOL_DEFINITION('international standard',
'automotive_design',2009,#9548);
#9548=APPLICATION_CONTEXT(
'Core Data for Automotive Mechanical Design Process');
#9549=PRODUCT_CONTEXT('part definition',#9548,'mechanical');
#9550=PRODUCT('M5_thumb screw 25mm','M5_thumb screw 25mm',$,(#9549));
#9551=PRODUCT(
'Set 01. Alyona Minina. 2019. UHEI_bearing guide with switch_thumb scr
ew cap','M5_thumb screw cap',$,(#9549));
#9552=PRODUCT('91287A126_18-8 Stainless Steel Hex Head Screw',
'91287A126_18-8 Stainless Steel Hex Head Screw',$,(#9549));
#9553=PRESENTATION_STYLE_ASSIGNMENT((#9557));
#9554=PRESENTATION_STYLE_ASSIGNMENT((#9558));
#9555=PRESENTATION_STYLE_ASSIGNMENT((#9559));
#9556=PRESENTATION_STYLE_ASSIGNMENT((#9560));
#9557=SURFACE_STYLE_USAGE(.BOTH.,#9561);
#9558=SURFACE_STYLE_USAGE(.BOTH.,#9562);
#9559=SURFACE_STYLE_USAGE(.BOTH.,#9563);
#9560=SURFACE_STYLE_USAGE(.BOTH.,#9564);
#9561=SURFACE_SIDE_STYLE('',(#9565));
#9562=SURFACE_SIDE_STYLE('',(#9566));
#9563=SURFACE_SIDE_STYLE('',(#9567));
#9564=SURFACE_SIDE_STYLE('',(#9568));
#9565=SURFACE_STYLE_FILL_AREA(#9569);
#9566=SURFACE_STYLE_FILL_AREA(#9570);
#9567=SURFACE_STYLE_FILL_AREA(#9571);
#9568=SURFACE_STYLE_FILL_AREA(#9572);
#9569=FILL_AREA_STYLE('Steel - Satin',(#9573));
#9570=FILL_AREA_STYLE('Powder Coat - Rough (Dark Grey)',(#9574));
#9571=FILL_AREA_STYLE('Paint - Enamel Glossy (Dark Grey)',(#9575));
#9572=FILL_AREA_STYLE('Aluminum - Satin',(#9576));
#9573=FILL_AREA_STYLE_COLOUR('Steel - Satin',#9577);
#9574=FILL_AREA_STYLE_COLOUR('Powder Coat - Rough (Dark Grey)',#9578);
#9575=FILL_AREA_STYLE_COLOUR('Paint - Enamel Glossy (Dark Grey)',#9579);
#9576=FILL_AREA_STYLE_COLOUR('Aluminum - Satin',#9580);
#9577=COLOUR_RGB('Steel - Satin',0.627450980392157,0.627450980392157,0.627450980392157);
#9578=COLOUR_RGB('Powder Coat - Rough (Dark Grey)',0.349019607843137,0.349019607843137,
0.349019607843137);
#9579=COLOUR_RGB('Paint - Enamel Glossy (Dark Grey)',0.349019607843137,
0.349019607843137,0.349019607843137);
#9580=COLOUR_RGB('Aluminum - Satin',0.96078431372549,0.96078431372549,0.964705882352941);
ENDSEC;
END-ISO-10303-21;
