ISO-10303-21;
HEADER;
/* Generated by software containing ST-Developer
 * from STEP Tools, Inc. (www.steptools.com) 
 */

FILE_DESCRIPTION(
/* description */ (''),
/* implementation_level */ '2;1');

FILE_NAME(
/* name */ 'M5_thumb screw 15mm.step',
/* time_stamp */ '2026-10-03T15:25:53-05:00',
/* author */ (''),
/* organization */ (''),
/* preprocessor_version */ 'ST-DEVELOPER v20.1',
/* originating_system */ 'Autodesk Translation Framework v15.8.0.0',
/* authorisation */ '');

FILE_SCHEMA (('AUTOMOTIVE_DESIGN { 1 0 10303 214 3 1 1 }'));
ENDSEC;

DATA;
#10=MECHANICAL_DESIGN_GEOMETRIC_PRESENTATION_REPRESENTATION('',(#76,#77,
#78),#6658);
#11=ITEM_DEFINED_TRANSFORMATION($,$,#1912,#2031);
#12=ITEM_DEFINED_TRANSFORMATION($,$,#1934,#2032);
#13=(
REPRESENTATION_RELATIONSHIP($,$,#6672,#6671)
REPRESENTATION_RELATIONSHIP_WITH_TRANSFORMATION(#11)
SHAPE_REPRESENTATION_RELATIONSHIP()
);
#14=(
REPRESENTATION_RELATIONSHIP($,$,#6673,#6671)
REPRESENTATION_RELATIONSHIP_WITH_TRANSFORMATION(#12)
SHAPE_REPRESENTATION_RELATIONSHIP()
);
#15=CONTEXT_DEPENDENT_SHAPE_REPRESENTATION(#13,#6669);
#16=CONTEXT_DEPENDENT_SHAPE_REPRESENTATION(#14,#6670);
#17=NEXT_ASSEMBLY_USAGE_OCCURRENCE('M5_thumb screw cap:1',
'M5_thumb screw cap:1','M5_thumb screw cap:1',#6675,#6676,
'M5_thumb screw cap:1');
#18=NEXT_ASSEMBLY_USAGE_OCCURRENCE(
'92314A646_18-8 Stainless Steel Hex Head Screws:1',
'92314A646_18-8 Stainless Steel Hex Head Screws:1',
'92314A646_18-8 Stainless Steel Hex Head Screws:1',#6675,#6677,
'92314A646_18-8 Stainless Steel Hex Head Screws:1');
#19=(
BOUNDED_SURFACE()
B_SPLINE_SURFACE(1,2,((#5027,#5028,#5029,#5030,#5031,#5032,#5033,#5034,
#5035,#5036,#5037,#5038,#5039,#5040,#5041,#5042,#5043,#5044,#5045,#5046,
#5047,#5048,#5049,#5050,#5051,#5052,#5053,#5054,#5055,#5056,#5057,#5058,
#5059,#5060,#5061,#5062,#5063,#5064,#5065,#5066,#5067,#5068,#5069,#5070,
#5071,#5072,#5073,#5074,#5075,#5076,#5077,#5078,#5079,#5080,#5081,#5082,
#5083,#5084,#5085,#5086,#5087,#5088,#5089,#5090,#5091,#5092,#5093,#5094,
#5095,#5096,#5097,#5098,#5099,#5100,#5101,#5102,#5103,#5104,#5105,#5106,
#5107,#5108,#5109,#5110,#5111,#5112,#5113,#5114,#5115,#5116,#5117,#5118,
#5119,#5120,#5121,#5122,#5123,#5124,#5125,#5126,#5127,#5128,#5129,#5130,
#5131,#5132,#5133,#5134,#5135,#5136,#5137,#5138,#5139,#5140,#5141,#5142,
#5143,#5144,#5145,#5146,#5147,#5148,#5149,#5150,#5151,#5152,#5153,#5154,
#5155,#5156,#5157,#5158,#5159,#5160,#5161,#5162,#5163,#5164,#5165,#5166,
#5167,#5168,#5169,#5170,#5171,#5172,#5173,#5174,#5175,#5176,#5177,#5178,
#5179,#5180,#5181,#5182,#5183,#5184,#5185,#5186,#5187,#5188,#5189,#5190,
#5191,#5192,#5193,#5194,#5195,#5196,#5197,#5198,#5199,#5200,#5201,#5202,
#5203,#5204,#5205,#5206,#5207,#5208,#5209,#5210,#5211,#5212,#5213,#5214,
#5215,#5216,#5217,#5218,#5219,#5220,#5221,#5222,#5223,#5224,#5225,#5226,
#5227,#5228,#5229,#5230,#5231,#5232,#5233,#5234,#5235,#5236,#5237,#5238,
#5239,#5240,#5241,#5242,#5243,#5244,#5245,#5246,#5247,#5248,#5249,#5250,
#5251,#5252,#5253,#5254,#5255,#5256,#5257,#5258,#5259,#5260,#5261,#5262,
#5263,#5264,#5265,#5266,#5267,#5268,#5269,#5270,#5271,#5272,#5273,#5274,
#5275,#5276,#5277,#5278,#5279,#5280,#5281,#5282,#5283,#5284,#5285,#5286,
#5287,#5288,#5289,#5290,#5291,#5292,#5293,#5294,#5295,#5296,#5297,#5298,
#5299,#5300,#5301,#5302,#5303,#5304,#5305,#5306,#5307,#5308,#5309,#5310,
#5311,#5312,#5313,#5314,#5315,#5316,#5317,#5318,#5319,#5320,#5321,#5322,
#5323,#5324,#5325,#5326,#5327,#5328,#5329,#5330,#5331,#5332,#5333,#5334,
#5335,#5336,#5337,#5338,#5339,#5340,#5341,#5342,#5343),(#5344,#5345,#5346,
#5347,#5348,#5349,#5350,#5351,#5352,#5353,#5354,#5355,#5356,#5357,#5358,
#5359,#5360,#5361,#5362,#5363,#5364,#5365,#5366,#5367,#5368,#5369,#5370,
#5371,#5372,#5373,#5374,#5375,#5376,#5377,#5378,#5379,#5380,#5381,#5382,
#5383,#5384,#5385,#5386,#5387,#5388,#5389,#5390,#5391,#5392,#5393,#5394,
#5395,#5396,#5397,#5398,#5399,#5400,#5401,#5402,#5403,#5404,#5405,#5406,
#5407,#5408,#5409,#5410,#5411,#5412,#5413,#5414,#5415,#5416,#5417,#5418,
#5419,#5420,#5421,#5422,#5423,#5424,#5425,#5426,#5427,#5428,#5429,#5430,
#5431,#5432,#5433,#5434,#5435,#5436,#5437,#5438,#5439,#5440,#5441,#5442,
#5443,#5444,#5445,#5446,#5447,#5448,#5449,#5450,#5451,#5452,#5453,#5454,
#5455,#5456,#5457,#5458,#5459,#5460,#5461,#5462,#5463,#5464,#5465,#5466,
#5467,#5468,#5469,#5470,#5471,#5472,#5473,#5474,#5475,#5476,#5477,#5478,
#5479,#5480,#5481,#5482,#5483,#5484,#5485,#5486,#5487,#5488,#5489,#5490,
#5491,#5492,#5493,#5494,#5495,#5496,#5497,#5498,#5499,#5500,#5501,#5502,
#5503,#5504,#5505,#5506,#5507,#5508,#5509,#5510,#5511,#5512,#5513,#5514,
#5515,#5516,#5517,#5518,#5519,#5520,#5521,#5522,#5523,#5524,#5525,#5526,
#5527,#5528,#5529,#5530,#5531,#5532,#5533,#5534,#5535,#5536,#5537,#5538,
#5539,#5540,#5541,#5542,#5543,#5544,#5545,#5546,#5547,#5548,#5549,#5550,
#5551,#5552,#5553,#5554,#5555,#5556,#5557,#5558,#5559,#5560,#5561,#5562,
#5563,#5564,#5565,#5566,#5567,#5568,#5569,#5570,#5571,#5572,#5573,#5574,
#5575,#5576,#5577,#5578,#5579,#5580,#5581,#5582,#5583,#5584,#5585,#5586,
#5587,#5588,#5589,#5590,#5591,#5592,#5593,#5594,#5595,#5596,#5597,#5598,
#5599,#5600,#5601,#5602,#5603,#5604,#5605,#5606,#5607,#5608,#5609,#5610,
#5611,#5612,#5613,#5614,#5615,#5616,#5617,#5618,#5619,#5620,#5621,#5622,
#5623,#5624,#5625,#5626,#5627,#5628,#5629,#5630,#5631,#5632,#5633,#5634,
#5635,#5636,#5637,#5638,#5639,#5640,#5641,#5642,#5643,#5644,#5645,#5646,
#5647,#5648,#5649,#5650,#5651,#5652,#5653,#5654,#5655,#5656,#5657,#5658,
#5659,#5660)),.UNSPECIFIED.,.F.,.F.,.F.)
B_SPLINE_SURFACE_WITH_KNOTS((2,2),(3,2,2,2,2,2,2,2,2,2,2,2,2,2,2,2,2,2,
2,2,2,2,2,2,2,2,2,2,2,2,2,2,2,2,2,2,2,2,2,2,2,2,2,2,2,2,2,2,2,2,2,2,2,2,
2,2,2,2,2,2,2,2,2,2,2,2,2,2,2,2,2,2,2,2,2,2,2,2,2,2,2,2,2,2,2,2,2,2,2,2,
2,2,2,2,2,2,2,2,2,2,2,2,2,2,2,2,2,2,2,2,2,2,2,2,2,2,2,2,2,2,2,2,2,2,2,2,
2,2,2,2,2,2,2,2,2,2,2,2,2,2,2,2,2,2,2,2,2,2,2,2,2,2,2,2,2,2,2,2,3),(0.,
1.),(0.,0.00625,0.0125,0.01875,0.025,0.03125,0.0375,0.04375,0.05,0.05625,
0.0625,0.06875,0.075,0.08125,0.0875,0.09375,0.1,0.10625,0.1125,0.11875,
0.125,0.13125,0.1375,0.14375,0.15,0.15625,0.1625,0.16875,0.175,0.18125,
0.1875,0.19375,0.2,0.20625,0.2125,0.21875,0.225,0.23125,0.2375,0.24375,
0.25,0.25625,0.2625,0.26875,0.275,0.28125,0.2875,0.29375,0.3,0.30625,0.3125,
0.31875,0.325,0.33125,0.3375,0.34375,0.35,0.35625,0.3625,0.36875,0.375,
0.38125,0.3875,0.39375,0.4,0.40625,0.4125,0.41875,0.425,0.43125,0.4375,
0.44375,0.45,0.45625,0.4625,0.46875,0.475,0.48125,0.4875,0.49375,0.5,0.50625,
0.5125,0.51875,0.525,0.53125,0.5375,0.54375,0.55,0.55625,0.5625,0.56875,
0.575,0.58125,0.5875,0.59375,0.6,0.60625,0.6125,0.61875,0.625,0.63125,0.6375,
0.64375,0.65,0.65625,0.6625,0.66875,0.675,0.68125,0.6875,0.69375,0.7,0.70625,
0.7125,0.71875,0.725,0.73125,0.7375,0.74375,0.75,0.75625,0.7625,0.76875,
0.775,0.78125,0.7875,0.79375,0.8,0.80625,0.8125,0.81875,0.825,0.83125,0.8375,
0.84375,0.85,0.85625,0.8625,0.86875,0.875,0.88125,0.8875,0.89375,0.9,0.90625,
0.9125,0.91875,0.925,0.93125,0.9375,0.94375,0.95,0.95625,0.9625,0.96875,
0.975,0.98125,0.9875),.UNSPECIFIED.)
GEOMETRIC_REPRESENTATION_ITEM()
RATIONAL_B_SPLINE_SURFACE(((1.,0.923879532511287,1.,0.923879532511287,1.,
0.923879532511287,1.,0.923879532511287,1.,0.923879532511287,1.,0.923879532511287,
1.,0.923879532511287,1.,0.923879532511287,1.,0.923879532511287,1.,0.923879532511287,
1.,0.923879532511287,1.,0.923879532511287,1.,0.923879532511287,1.,0.923879532511287,
1.,0.923879532511287,1.,0.923879532511287,1.,0.923879532511287,1.,0.923879532511287,
1.,0.923879532511287,1.,0.923879532511287,1.,0.923879532511287,1.,0.923879532511287,
1.,0.923879532511287,1.,0.923879532511287,1.,0.923879532511287,1.,0.923879532511287,
1.,0.923879532511287,1.,0.923879532511287,1.,0.923879532511287,1.,0.923879532511287,
1.,0.923879532511287,1.,0.923879532511287,1.,0.923879532511287,1.,0.923879532511287,
1.,0.923879532511287,1.,0.923879532511287,1.,0.923879532511287,1.,0.923879532511287,
1.,0.923879532511287,1.,0.923879532511287,1.,0.923879532511287,1.,0.923879532511287,
1.,0.923879532511287,1.,0.923879532511287,1.,0.923879532511287,1.,0.923879532511287,
1.,0.923879532511287,1.,0.923879532511287,1.,0.923879532511287,1.,0.923879532511287,
1.,0.923879532511287,1.,0.923879532511287,1.,0.923879532511287,1.,0.923879532511287,
1.,0.923879532511287,1.,0.923879532511287,1.,0.923879532511287,1.,0.923879532511287,
1.,0.923879532511287,1.,0.923879532511287,1.,0.923879532511287,1.,0.923879532511287,
1.,0.923879532511287,1.,0.923879532511287,1.,0.923879532511287,1.,0.923879532511287,
1.,0.923879532511287,1.,0.923879532511287,1.,0.923879532511287,1.,0.923879532511287,
1.,0.923879532511287,1.,0.923879532511287,1.,0.923879532511287,1.,0.923879532511287,
1.,0.923879532511287,1.,0.923879532511287,1.,0.923879532511287,1.,0.923879532511287,
1.,0.923879532511287,1.,0.923879532511287,1.,0.923879532511287,1.,0.923879532511287,
1.,0.923879532511287,1.,0.923879532511287,1.,0.923879532511287,1.,0.923879532511287,
1.,0.923879532511287,1.,0.923879532511287,1.,0.923879532511287,1.,0.923879532511287,
1.,0.923879532511287,1.,0.923879532511287,1.,0.923879532511287,1.,0.923879532511287,
1.,0.923879532511287,1.,0.923879532511287,1.,0.923879532511287,1.,0.923879532511287,
1.,0.923879532511287,1.,0.923879532511287,1.,0.923879532511287,1.,0.923879532511287,
1.,0.923879532511287,1.,0.923879532511287,1.,0.923879532511287,1.,0.923879532511287,
1.,0.923879532511287,1.,0.923879532511287,1.,0.923879532511287,1.,0.923879532511287,
1.,0.923879532511287,1.,0.923879532511287,1.,0.923879532511287,1.,0.923879532511287,
1.,0.923879532511287,1.,0.923879532511287,1.,0.923879532511287,1.,0.923879532511287,
1.,0.923879532511287,1.,0.923879532511287,1.,0.923879532511287,1.,0.923879532511287,
1.,0.923879532511287,1.,0.923879532511287,1.,0.923879532511287,1.,0.923879532511287,
1.,0.923879532511287,1.,0.923879532511287,1.,0.923879532511287,1.,0.923879532511287,
1.,0.923879532511287,1.,0.923879532511287,1.,0.923879532511287,1.,0.923879532511287,
1.,0.923879532511287,1.,0.923879532511287,1.,0.923879532511287,1.,0.923879532511287,
1.,0.923879532511287,1.,0.923879532511287,1.,0.923879532511287,1.,0.923879532511287,
1.,0.923879532511287,1.,0.923879532511287,1.,0.923879532511287,1.,0.923879532511287,
1.,0.923879532511287,1.,0.923879532511287,1.,0.923879532511287,1.,0.923879532511287,
1.,0.923879532511287,1.,0.923879532511287,1.,0.923879532511287,1.,0.923879532511287,
1.,0.923879532511287,1.,0.923879532511287,1.,0.923879532511287,1.,0.923879532511287,
1.),(1.,0.923879532511287,1.,0.923879532511287,1.,0.923879532511287,1.,
0.923879532511287,1.,0.923879532511287,1.,0.923879532511287,1.,0.923879532511287,
1.,0.923879532511287,1.,0.923879532511287,1.,0.923879532511287,1.,0.923879532511287,
1.,0.923879532511287,1.,0.923879532511287,1.,0.923879532511287,1.,0.923879532511287,
1.,0.923879532511287,1.,0.923879532511287,1.,0.923879532511287,1.,0.923879532511287,
1.,0.923879532511287,1.,0.923879532511287,1.,0.923879532511287,1.,0.923879532511287,
1.,0.923879532511287,1.,0.923879532511287,1.,0.923879532511287,1.,0.923879532511287,
1.,0.923879532511287,1.,0.923879532511287,1.,0.923879532511287,1.,0.923879532511287,
1.,0.923879532511287,1.,0.923879532511287,1.,0.923879532511287,1.,0.923879532511287,
1.,0.923879532511287,1.,0.923879532511287,1.,0.923879532511287,1.,0.923879532511287,
1.,0.923879532511287,1.,0.923879532511287,1.,0.923879532511287,1.,0.923879532511287,
1.,0.923879532511287,1.,0.923879532511287,1.,0.923879532511287,1.,0.923879532511287,
1.,0.923879532511287,1.,0.923879532511287,1.,0.923879532511287,1.,0.923879532511287,
1.,0.923879532511287,1.,0.923879532511287,1.,0.923879532511287,1.,0.923879532511287,
1.,0.923879532511287,1.,0.923879532511287,1.,0.923879532511287,1.,0.923879532511287,
1.,0.923879532511287,1.,0.923879532511287,1.,0.923879532511287,1.,0.923879532511287,
1.,0.923879532511287,1.,0.923879532511287,1.,0.923879532511287,1.,0.923879532511287,
1.,0.923879532511287,1.,0.923879532511287,1.,0.923879532511287,1.,0.923879532511287,
1.,0.923879532511287,1.,0.923879532511287,1.,0.923879532511287,1.,0.923879532511287,
1.,0.923879532511287,1.,0.923879532511287,1.,0.923879532511287,1.,0.923879532511287,
1.,0.923879532511287,1.,0.923879532511287,1.,0.923879532511287,1.,0.923879532511287,
1.,0.923879532511287,1.,0.923879532511287,1.,0.923879532511287,1.,0.923879532511287,
1.,0.923879532511287,1.,0.923879532511287,1.,0.923879532511287,1.,0.923879532511287,
1.,0.923879532511287,1.,0.923879532511287,1.,0.923879532511287,1.,0.923879532511287,
1.,0.923879532511287,1.,0.923879532511287,1.,0.923879532511287,1.,0.923879532511287,
1.,0.923879532511287,1.,0.923879532511287,1.,0.923879532511287,1.,0.923879532511287,
1.,0.923879532511287,1.,0.923879532511287,1.,0.923879532511287,1.,0.923879532511287,
1.,0.923879532511287,1.,0.923879532511287,1.,0.923879532511287,1.,0.923879532511287,
1.,0.923879532511287,1.,0.923879532511287,1.,0.923879532511287,1.,0.923879532511287,
1.,0.923879532511287,1.,0.923879532511287,1.,0.923879532511287,1.,0.923879532511287,
1.,0.923879532511287,1.,0.923879532511287,1.,0.923879532511287,1.,0.923879532511287,
1.,0.923879532511287,1.,0.923879532511287,1.,0.923879532511287,1.,0.923879532511287,
1.,0.923879532511287,1.,0.923879532511287,1.,0.923879532511287,1.,0.923879532511287,
1.,0.923879532511287,1.,0.923879532511287,1.,0.923879532511287,1.,0.923879532511287,
1.,0.923879532511287,1.,0.923879532511287,1.,0.923879532511287,1.,0.923879532511287,
1.,0.923879532511287,1.,0.923879532511287,1.,0.923879532511287,1.,0.923879532511287,
1.,0.923879532511287,1.,0.923879532511287,1.,0.923879532511287,1.,0.923879532511287,
1.,0.923879532511287,1.,0.923879532511287,1.,0.923879532511287,1.,0.923879532511287,
1.,0.923879532511287,1.,0.923879532511287,1.,0.923879532511287,1.,0.923879532511287,
1.,0.923879532511287,1.,0.923879532511287,1.,0.923879532511287,1.)))
REPRESENTATION_ITEM('')
SURFACE()
);
#20=(
BOUNDED_SURFACE()
B_SPLINE_SURFACE(1,2,((#5661,#5662,#5663,#5664,#5665,#5666,#5667,#5668,
#5669,#5670,#5671,#5672,#5673,#5674,#5675,#5676,#5677,#5678,#5679,#5680,
#5681,#5682,#5683,#5684,#5685,#5686,#5687,#5688,#5689,#5690,#5691,#5692,
#5693,#5694,#5695,#5696,#5697,#5698,#5699,#5700,#5701,#5702,#5703,#5704,
#5705,#5706,#5707,#5708,#5709,#5710,#5711,#5712,#5713,#5714,#5715,#5716,
#5717,#5718,#5719,#5720,#5721,#5722,#5723,#5724,#5725,#5726,#5727,#5728,
#5729,#5730,#5731,#5732,#5733,#5734,#5735,#5736,#5737,#5738,#5739,#5740,
#5741,#5742,#5743,#5744,#5745,#5746,#5747,#5748,#5749,#5750,#5751,#5752,
#5753,#5754,#5755,#5756,#5757,#5758,#5759,#5760,#5761,#5762,#5763,#5764,
#5765,#5766,#5767,#5768,#5769,#5770,#5771,#5772,#5773,#5774,#5775,#5776,
#5777,#5778,#5779,#5780,#5781,#5782,#5783,#5784,#5785,#5786,#5787,#5788,
#5789,#5790,#5791,#5792,#5793,#5794,#5795,#5796,#5797,#5798,#5799,#5800,
#5801,#5802,#5803,#5804,#5805,#5806,#5807,#5808,#5809,#5810,#5811,#5812,
#5813,#5814,#5815,#5816,#5817,#5818,#5819,#5820,#5821,#5822,#5823,#5824,
#5825,#5826,#5827,#5828,#5829,#5830,#5831,#5832,#5833,#5834,#5835,#5836,
#5837,#5838,#5839,#5840,#5841,#5842,#5843,#5844,#5845,#5846,#5847,#5848,
#5849,#5850,#5851,#5852,#5853,#5854,#5855,#5856,#5857,#5858,#5859,#5860,
#5861,#5862,#5863,#5864,#5865,#5866,#5867,#5868,#5869,#5870,#5871,#5872,
#5873,#5874,#5875,#5876,#5877,#5878,#5879,#5880,#5881,#5882,#5883,#5884,
#5885,#5886,#5887,#5888,#5889,#5890,#5891,#5892,#5893,#5894,#5895,#5896,
#5897,#5898,#5899,#5900,#5901,#5902,#5903,#5904,#5905,#5906,#5907,#5908,
#5909,#5910,#5911,#5912,#5913,#5914,#5915,#5916,#5917,#5918,#5919,#5920,
#5921,#5922,#5923,#5924,#5925,#5926,#5927,#5928,#5929,#5930,#5931,#5932,
#5933,#5934,#5935,#5936,#5937,#5938,#5939,#5940,#5941,#5942,#5943,#5944,
#5945,#5946,#5947,#5948,#5949,#5950,#5951,#5952,#5953,#5954,#5955,#5956,
#5957,#5958,#5959,#5960,#5961,#5962,#5963,#5964,#5965,#5966,#5967,#5968,
#5969,#5970,#5971,#5972,#5973,#5974,#5975,#5976,#5977),(#5978,#5979,#5980,
#5981,#5982,#5983,#5984,#5985,#5986,#5987,#5988,#5989,#5990,#5991,#5992,
#5993,#5994,#5995,#5996,#5997,#5998,#5999,#6000,#6001,#6002,#6003,#6004,
#6005,#6006,#6007,#6008,#6009,#6010,#6011,#6012,#6013,#6014,#6015,#6016,
#6017,#6018,#6019,#6020,#6021,#6022,#6023,#6024,#6025,#6026,#6027,#6028,
#6029,#6030,#6031,#6032,#6033,#6034,#6035,#6036,#6037,#6038,#6039,#6040,
#6041,#6042,#6043,#6044,#6045,#6046,#6047,#6048,#6049,#6050,#6051,#6052,
#6053,#6054,#6055,#6056,#6057,#6058,#6059,#6060,#6061,#6062,#6063,#6064,
#6065,#6066,#6067,#6068,#6069,#6070,#6071,#6072,#6073,#6074,#6075,#6076,
#6077,#6078,#6079,#6080,#6081,#6082,#6083,#6084,#6085,#6086,#6087,#6088,
#6089,#6090,#6091,#6092,#6093,#6094,#6095,#6096,#6097,#6098,#6099,#6100,
#6101,#6102,#6103,#6104,#6105,#6106,#6107,#6108,#6109,#6110,#6111,#6112,
#6113,#6114,#6115,#6116,#6117,#6118,#6119,#6120,#6121,#6122,#6123,#6124,
#6125,#6126,#6127,#6128,#6129,#6130,#6131,#6132,#6133,#6134,#6135,#6136,
#6137,#6138,#6139,#6140,#6141,#6142,#6143,#6144,#6145,#6146,#6147,#6148,
#6149,#6150,#6151,#6152,#6153,#6154,#6155,#6156,#6157,#6158,#6159,#6160,
#6161,#6162,#6163,#6164,#6165,#6166,#6167,#6168,#6169,#6170,#6171,#6172,
#6173,#6174,#6175,#6176,#6177,#6178,#6179,#6180,#6181,#6182,#6183,#6184,
#6185,#6186,#6187,#6188,#6189,#6190,#6191,#6192,#6193,#6194,#6195,#6196,
#6197,#6198,#6199,#6200,#6201,#6202,#6203,#6204,#6205,#6206,#6207,#6208,
#6209,#6210,#6211,#6212,#6213,#6214,#6215,#6216,#6217,#6218,#6219,#6220,
#6221,#6222,#6223,#6224,#6225,#6226,#6227,#6228,#6229,#6230,#6231,#6232,
#6233,#6234,#6235,#6236,#6237,#6238,#6239,#6240,#6241,#6242,#6243,#6244,
#6245,#6246,#6247,#6248,#6249,#6250,#6251,#6252,#6253,#6254,#6255,#6256,
#6257,#6258,#6259,#6260,#6261,#6262,#6263,#6264,#6265,#6266,#6267,#6268,
#6269,#6270,#6271,#6272,#6273,#6274,#6275,#6276,#6277,#6278,#6279,#6280,
#6281,#6282,#6283,#6284,#6285,#6286,#6287,#6288,#6289,#6290,#6291,#6292,
#6293,#6294)),.UNSPECIFIED.,.F.,.F.,.F.)
B_SPLINE_SURFACE_WITH_KNOTS((2,2),(3,2,2,2,2,2,2,2,2,2,2,2,2,2,2,2,2,2,
2,2,2,2,2,2,2,2,2,2,2,2,2,2,2,2,2,2,2,2,2,2,2,2,2,2,2,2,2,2,2,2,2,2,2,2,
2,2,2,2,2,2,2,2,2,2,2,2,2,2,2,2,2,2,2,2,2,2,2,2,2,2,2,2,2,2,2,2,2,2,2,2,
2,2,2,2,2,2,2,2,2,2,2,2,2,2,2,2,2,2,2,2,2,2,2,2,2,2,2,2,2,2,2,2,2,2,2,2,
2,2,2,2,2,2,2,2,2,2,2,2,2,2,2,2,2,2,2,2,2,2,2,2,2,2,2,2,2,2,2,2,3),(0.,
1.00000712883852),(0.,0.00625,0.0125,0.01875,0.025,0.03125,0.0375,0.04375,
0.05,0.05625,0.0625,0.06875,0.075,0.08125,0.0875,0.09375,0.1,0.10625,0.1125,
0.11875,0.125,0.13125,0.1375,0.14375,0.15,0.15625,0.1625,0.16875,0.175,
0.18125,0.1875,0.19375,0.2,0.20625,0.2125,0.21875,0.225,0.23125,0.2375,
0.24375,0.25,0.25625,0.2625,0.26875,0.275,0.28125,0.2875,0.29375,0.3,0.30625,
0.3125,0.31875,0.325,0.33125,0.3375,0.34375,0.35,0.35625,0.3625,0.36875,
0.375,0.38125,0.3875,0.39375,0.4,0.40625,0.4125,0.41875,0.425,0.43125,0.4375,
0.44375,0.45,0.45625,0.4625,0.46875,0.475,0.48125,0.4875,0.49375,0.5,0.50625,
0.5125,0.51875,0.525,0.53125,0.5375,0.54375,0.55,0.55625,0.5625,0.56875,
0.575,0.58125,0.5875,0.59375,0.6,0.60625,0.6125,0.61875,0.625,0.63125,0.6375,
0.64375,0.65,0.65625,0.6625,0.66875,0.675,0.68125,0.6875,0.69375,0.7,0.70625,
0.7125,0.71875,0.725,0.73125,0.7375,0.74375,0.75,0.75625,0.7625,0.76875,
0.775,0.78125,0.7875,0.79375,0.8,0.80625,0.8125,0.81875,0.825,0.83125,0.8375,
0.84375,0.85,0.85625,0.8625,0.86875,0.875,0.88125,0.8875,0.89375,0.9,0.90625,
0.9125,0.91875,0.925,0.93125,0.9375,0.94375,0.95,0.95625,0.9625,0.96875,
0.975,0.98125,0.9875),.UNSPECIFIED.)
GEOMETRIC_REPRESENTATION_ITEM()
RATIONAL_B_SPLINE_SURFACE(((1.,0.923879532511287,1.,0.923879532511287,1.,
0.923879532511287,1.,0.923879532511287,1.,0.923879532511287,1.,0.923879532511287,
1.,0.923879532511287,1.,0.923879532511287,1.,0.923879532511287,1.,0.923879532511287,
1.,0.923879532511287,1.,0.923879532511287,1.,0.923879532511287,1.,0.923879532511287,
1.,0.923879532511287,1.,0.923879532511287,1.,0.923879532511287,1.,0.923879532511287,
1.,0.923879532511287,1.,0.923879532511287,1.,0.923879532511287,1.,0.923879532511287,
1.,0.923879532511287,1.,0.923879532511287,1.,0.923879532511287,1.,0.923879532511287,
1.,0.923879532511287,1.,0.923879532511287,1.,0.923879532511287,1.,0.923879532511287,
1.,0.923879532511287,1.,0.923879532511287,1.,0.923879532511287,1.,0.923879532511287,
1.,0.923879532511287,1.,0.923879532511287,1.,0.923879532511287,1.,0.923879532511287,
1.,0.923879532511287,1.,0.923879532511287,1.,0.923879532511287,1.,0.923879532511287,
1.,0.923879532511287,1.,0.923879532511287,1.,0.923879532511287,1.,0.923879532511287,
1.,0.923879532511287,1.,0.923879532511287,1.,0.923879532511287,1.,0.923879532511287,
1.,0.923879532511287,1.,0.923879532511287,1.,0.923879532511287,1.,0.923879532511287,
1.,0.923879532511287,1.,0.923879532511287,1.,0.923879532511287,1.,0.923879532511287,
1.,0.923879532511287,1.,0.923879532511287,1.,0.923879532511287,1.,0.923879532511287,
1.,0.923879532511287,1.,0.923879532511287,1.,0.923879532511287,1.,0.923879532511287,
1.,0.923879532511287,1.,0.923879532511287,1.,0.923879532511287,1.,0.923879532511287,
1.,0.923879532511287,1.,0.923879532511287,1.,0.923879532511287,1.,0.923879532511287,
1.,0.923879532511287,1.,0.923879532511287,1.,0.923879532511287,1.,0.923879532511287,
1.,0.923879532511287,1.,0.923879532511287,1.,0.923879532511287,1.,0.923879532511287,
1.,0.923879532511287,1.,0.923879532511287,1.,0.923879532511287,1.,0.923879532511287,
1.,0.923879532511287,1.,0.923879532511287,1.,0.923879532511287,1.,0.923879532511287,
1.,0.923879532511287,1.,0.923879532511287,1.,0.923879532511287,1.,0.923879532511287,
1.,0.923879532511287,1.,0.923879532511287,1.,0.923879532511287,1.,0.923879532511287,
1.,0.923879532511287,1.,0.923879532511287,1.,0.923879532511287,1.,0.923879532511287,
1.,0.923879532511287,1.,0.923879532511287,1.,0.923879532511287,1.,0.923879532511287,
1.,0.923879532511287,1.,0.923879532511287,1.,0.923879532511287,1.,0.923879532511287,
1.,0.923879532511287,1.,0.923879532511287,1.,0.923879532511287,1.,0.923879532511287,
1.,0.923879532511287,1.,0.923879532511287,1.,0.923879532511287,1.,0.923879532511287,
1.,0.923879532511287,1.,0.923879532511287,1.,0.923879532511287,1.,0.923879532511287,
1.,0.923879532511287,1.,0.923879532511287,1.,0.923879532511287,1.,0.923879532511287,
1.,0.923879532511287,1.,0.923879532511287,1.,0.923879532511287,1.,0.923879532511287,
1.,0.923879532511287,1.,0.923879532511287,1.,0.923879532511287,1.,0.923879532511287,
1.,0.923879532511287,1.,0.923879532511287,1.,0.923879532511287,1.,0.923879532511287,
1.,0.923879532511287,1.,0.923879532511287,1.,0.923879532511287,1.,0.923879532511287,
1.,0.923879532511287,1.,0.923879532511287,1.,0.923879532511287,1.,0.923879532511287,
1.,0.923879532511287,1.,0.923879532511287,1.,0.923879532511287,1.,0.923879532511287,
1.,0.923879532511287,1.,0.923879532511287,1.,0.923879532511287,1.,0.923879532511287,
1.,0.923879532511287,1.,0.923879532511287,1.,0.923879532511287,1.,0.923879532511287,
1.),(1.,0.923879532511287,1.,0.923879532511287,1.,0.923879532511287,1.,
0.923879532511287,1.,0.923879532511287,1.,0.923879532511287,1.,0.923879532511287,
1.,0.923879532511287,1.,0.923879532511287,1.,0.923879532511287,1.,0.923879532511287,
1.,0.923879532511287,1.,0.923879532511287,1.,0.923879532511287,1.,0.923879532511287,
1.,0.923879532511287,1.,0.923879532511287,1.,0.923879532511287,1.,0.923879532511287,
1.,0.923879532511287,1.,0.923879532511287,1.,0.923879532511287,1.,0.923879532511287,
1.,0.923879532511287,1.,0.923879532511287,1.,0.923879532511287,1.,0.923879532511287,
1.,0.923879532511287,1.,0.923879532511287,1.,0.923879532511287,1.,0.923879532511287,
1.,0.923879532511287,1.,0.923879532511287,1.,0.923879532511287,1.,0.923879532511287,
1.,0.923879532511287,1.,0.923879532511287,1.,0.923879532511287,1.,0.923879532511287,
1.,0.923879532511287,1.,0.923879532511287,1.,0.923879532511287,1.,0.923879532511287,
1.,0.923879532511287,1.,0.923879532511287,1.,0.923879532511287,1.,0.923879532511287,
1.,0.923879532511287,1.,0.923879532511287,1.,0.923879532511287,1.,0.923879532511287,
1.,0.923879532511287,1.,0.923879532511287,1.,0.923879532511287,1.,0.923879532511287,
1.,0.923879532511287,1.,0.923879532511287,1.,0.923879532511287,1.,0.923879532511287,
1.,0.923879532511287,1.,0.923879532511287,1.,0.923879532511287,1.,0.923879532511287,
1.,0.923879532511287,1.,0.923879532511287,1.,0.923879532511287,1.,0.923879532511287,
1.,0.923879532511287,1.,0.923879532511287,1.,0.923879532511287,1.,0.923879532511287,
1.,0.923879532511287,1.,0.923879532511287,1.,0.923879532511287,1.,0.923879532511287,
1.,0.923879532511287,1.,0.923879532511287,1.,0.923879532511287,1.,0.923879532511287,
1.,0.923879532511287,1.,0.923879532511287,1.,0.923879532511287,1.,0.923879532511287,
1.,0.923879532511287,1.,0.923879532511287,1.,0.923879532511287,1.,0.923879532511287,
1.,0.923879532511287,1.,0.923879532511287,1.,0.923879532511287,1.,0.923879532511287,
1.,0.923879532511287,1.,0.923879532511287,1.,0.923879532511287,1.,0.923879532511287,
1.,0.923879532511287,1.,0.923879532511287,1.,0.923879532511287,1.,0.923879532511287,
1.,0.923879532511287,1.,0.923879532511287,1.,0.923879532511287,1.,0.923879532511287,
1.,0.923879532511287,1.,0.923879532511287,1.,0.923879532511287,1.,0.923879532511287,
1.,0.923879532511287,1.,0.923879532511287,1.,0.923879532511287,1.,0.923879532511287,
1.,0.923879532511287,1.,0.923879532511287,1.,0.923879532511287,1.,0.923879532511287,
1.,0.923879532511287,1.,0.923879532511287,1.,0.923879532511287,1.,0.923879532511287,
1.,0.923879532511287,1.,0.923879532511287,1.,0.923879532511287,1.,0.923879532511287,
1.,0.923879532511287,1.,0.923879532511287,1.,0.923879532511287,1.,0.923879532511287,
1.,0.923879532511287,1.,0.923879532511287,1.,0.923879532511287,1.,0.923879532511287,
1.,0.923879532511287,1.,0.923879532511287,1.,0.923879532511287,1.,0.923879532511287,
1.,0.923879532511287,1.,0.923879532511287,1.,0.923879532511287,1.,0.923879532511287,
1.,0.923879532511287,1.,0.923879532511287,1.,0.923879532511287,1.,0.923879532511287,
1.,0.923879532511287,1.,0.923879532511287,1.,0.923879532511287,1.,0.923879532511287,
1.,0.923879532511287,1.,0.923879532511287,1.,0.923879532511287,1.,0.923879532511287,
1.,0.923879532511287,1.,0.923879532511287,1.,0.923879532511287,1.,0.923879532511287,
1.,0.923879532511287,1.,0.923879532511287,1.,0.923879532511287,1.)))
REPRESENTATION_ITEM('')
SURFACE()
);
#21=CONICAL_SURFACE('',#1955,2.5,0.5235987755983);
#22=CONICAL_SURFACE('',#1957,2.5,0.5235987755983);
#23=CONICAL_SURFACE('',#1980,1.93999999999999,0.785398163397452);
#24=CONICAL_SURFACE('',#1982,2.5,0.5235987755983);
#25=CONICAL_SURFACE('',#1984,4.61880215351701,1.0471975511966);
#26=(
BOUNDED_CURVE()
B_SPLINE_CURVE(2,(#2730,#2731,#2732),.UNSPECIFIED.,.F.,.F.)
B_SPLINE_CURVE_WITH_KNOTS((3,3),(0.0212961349428563,0.025),
 .UNSPECIFIED.)
CURVE()
GEOMETRIC_REPRESENTATION_ITEM()
RATIONAL_B_SPLINE_CURVE((0.96324571483302,0.954889609653618,1.))
REPRESENTATION_ITEM('')
);
#27=(
BOUNDED_CURVE()
B_SPLINE_CURVE(2,(#2738,#2739,#2740,#2741,#2742,#2743,#2744,#2745,#2746,
#2747,#2748,#2749,#2750,#2751,#2752,#2753,#2754),.UNSPECIFIED.,.F.,.F.)
B_SPLINE_CURVE_WITH_KNOTS((3,2,2,2,2,2,2,2,3),(0.025,0.03125,0.0375,0.04375,
0.05,0.05625,0.0625,0.06875,0.075),.UNSPECIFIED.)
CURVE()
GEOMETRIC_REPRESENTATION_ITEM()
RATIONAL_B_SPLINE_CURVE((1.,0.923879532511287,1.,0.923879532511287,1.,0.923879532511287,
1.,0.923879532511287,1.,0.923879532511287,1.,0.923879532511287,1.,0.923879532511287,
1.,0.923879532511287,1.))
REPRESENTATION_ITEM('')
);
#28=(
BOUNDED_CURVE()
B_SPLINE_CURVE(2,(#2757,#2758,#2759,#2760,#2761,#2762,#2763,#2764,#2765,
#2766,#2767,#2768,#2769,#2770,#2771,#2772,#2773),.UNSPECIFIED.,.F.,.F.)
B_SPLINE_CURVE_WITH_KNOTS((3,2,2,2,2,2,2,2,3),(0.0275461349428566,0.03125,
0.0375,0.04375,0.05,0.05625,0.0625,0.06875,0.075),.UNSPECIFIED.)
CURVE()
GEOMETRIC_REPRESENTATION_ITEM()
RATIONAL_B_SPLINE_CURVE((0.963245714833019,0.954889609653621,1.,0.923879532511287,
1.,0.923879532511287,1.,0.923879532511287,1.,0.923879532511287,1.,0.923879532511287,
1.,0.923879532511287,1.,0.923879532511287,1.))
REPRESENTATION_ITEM('')
);
#29=(
BOUNDED_CURVE()
B_SPLINE_CURVE(2,(#2778,#2779,#2780,#2781,#2782,#2783,#2784,#2785,#2786,
#2787,#2788,#2789,#2790,#2791,#2792,#2793,#2794),.UNSPECIFIED.,.F.,.F.)
B_SPLINE_CURVE_WITH_KNOTS((3,2,2,2,2,2,2,2,3),(0.075,0.08125,0.0875,0.09375,
0.1,0.10625,0.1125,0.11875,0.125),.UNSPECIFIED.)
CURVE()
GEOMETRIC_REPRESENTATION_ITEM()
RATIONAL_B_SPLINE_CURVE((1.,0.923879532511287,1.,0.923879532511287,1.,0.923879532511287,
1.,0.923879532511287,1.,0.923879532511287,1.,0.923879532511287,1.,0.923879532511287,
1.,0.923879532511287,1.))
REPRESENTATION_ITEM('')
);
#30=(
BOUNDED_CURVE()
B_SPLINE_CURVE(2,(#2795,#2796,#2797,#2798,#2799,#2800,#2801,#2802,#2803,
#2804,#2805,#2806,#2807,#2808,#2809,#2810,#2811),.UNSPECIFIED.,.F.,.F.)
B_SPLINE_CURVE_WITH_KNOTS((3,2,2,2,2,2,2,2,3),(0.075,0.08125,0.0875,0.09375,
0.1,0.10625,0.1125,0.11875,0.125),.UNSPECIFIED.)
CURVE()
GEOMETRIC_REPRESENTATION_ITEM()
RATIONAL_B_SPLINE_CURVE((1.,0.923879532511287,1.,0.923879532511287,1.,0.923879532511287,
1.,0.923879532511287,1.,0.923879532511287,1.,0.923879532511287,1.,0.923879532511287,
1.,0.923879532511287,1.))
REPRESENTATION_ITEM('')
);
#31=(
BOUNDED_CURVE()
B_SPLINE_CURVE(2,(#2816,#2817,#2818,#2819,#2820,#2821,#2822,#2823,#2824,
#2825,#2826,#2827,#2828,#2829,#2830,#2831,#2832),.UNSPECIFIED.,.F.,.F.)
B_SPLINE_CURVE_WITH_KNOTS((3,2,2,2,2,2,2,2,3),(0.125,0.13125,0.1375,0.14375,
0.15,0.15625,0.1625,0.16875,0.175),.UNSPECIFIED.)
CURVE()
GEOMETRIC_REPRESENTATION_ITEM()
RATIONAL_B_SPLINE_CURVE((1.,0.923879532511287,1.,0.923879532511287,1.,0.923879532511287,
1.,0.923879532511287,1.,0.923879532511287,1.,0.923879532511287,1.,0.923879532511287,
1.,0.923879532511287,1.))
REPRESENTATION_ITEM('')
);
#32=(
BOUNDED_CURVE()
B_SPLINE_CURVE(2,(#2833,#2834,#2835,#2836,#2837,#2838,#2839,#2840,#2841,
#2842,#2843,#2844,#2845,#2846,#2847,#2848,#2849),.UNSPECIFIED.,.F.,.F.)
B_SPLINE_CURVE_WITH_KNOTS((3,2,2,2,2,2,2,2,3),(0.125,0.13125,0.1375,0.14375,
0.15,0.15625,0.1625,0.16875,0.175),.UNSPECIFIED.)
CURVE()
GEOMETRIC_REPRESENTATION_ITEM()
RATIONAL_B_SPLINE_CURVE((1.,0.923879532511287,1.,0.923879532511287,1.,0.923879532511287,
1.,0.923879532511287,1.,0.923879532511287,1.,0.923879532511287,1.,0.923879532511287,
1.,0.923879532511287,1.))
REPRESENTATION_ITEM('')
);
#33=(
BOUNDED_CURVE()
B_SPLINE_CURVE(2,(#2854,#2855,#2856,#2857,#2858,#2859,#2860,#2861,#2862,
#2863,#2864,#2865,#2866,#2867,#2868,#2869,#2870),.UNSPECIFIED.,.F.,.F.)
B_SPLINE_CURVE_WITH_KNOTS((3,2,2,2,2,2,2,2,3),(0.175,0.18125,0.1875,0.19375,
0.2,0.20625,0.2125,0.21875,0.225),.UNSPECIFIED.)
CURVE()
GEOMETRIC_REPRESENTATION_ITEM()
RATIONAL_B_SPLINE_CURVE((1.,0.923879532511287,1.,0.923879532511287,1.,0.923879532511287,
1.,0.923879532511287,1.,0.923879532511287,1.,0.923879532511287,1.,0.923879532511287,
1.,0.923879532511287,1.))
REPRESENTATION_ITEM('')
);
#34=(
BOUNDED_CURVE()
B_SPLINE_CURVE(2,(#2871,#2872,#2873,#2874,#2875,#2876,#2877,#2878,#2879,
#2880,#2881,#2882,#2883,#2884,#2885,#2886,#2887),.UNSPECIFIED.,.F.,.F.)
B_SPLINE_CURVE_WITH_KNOTS((3,2,2,2,2,2,2,2,3),(0.175,0.18125,0.1875,0.19375,
0.2,0.20625,0.2125,0.21875,0.225),.UNSPECIFIED.)
CURVE()
GEOMETRIC_REPRESENTATION_ITEM()
RATIONAL_B_SPLINE_CURVE((1.,0.923879532511287,1.,0.923879532511287,1.,0.923879532511287,
1.,0.923879532511287,1.,0.923879532511287,1.,0.923879532511287,1.,0.923879532511287,
1.,0.923879532511287,1.))
REPRESENTATION_ITEM('')
);
#35=(
BOUNDED_CURVE()
B_SPLINE_CURVE(2,(#2892,#2893,#2894,#2895,#2896,#2897,#2898,#2899,#2900,
#2901,#2902,#2903,#2904,#2905,#2906,#2907,#2908),.UNSPECIFIED.,.F.,.F.)
B_SPLINE_CURVE_WITH_KNOTS((3,2,2,2,2,2,2,2,3),(0.225,0.23125,0.2375,0.24375,
0.25,0.25625,0.2625,0.26875,0.275),.UNSPECIFIED.)
CURVE()
GEOMETRIC_REPRESENTATION_ITEM()
RATIONAL_B_SPLINE_CURVE((1.,0.923879532511287,1.,0.923879532511287,1.,0.923879532511287,
1.,0.923879532511287,1.,0.923879532511287,1.,0.923879532511287,1.,0.923879532511287,
1.,0.923879532511287,1.))
REPRESENTATION_ITEM('')
);
#36=(
BOUNDED_CURVE()
B_SPLINE_CURVE(2,(#2909,#2910,#2911,#2912,#2913,#2914,#2915,#2916,#2917,
#2918,#2919,#2920,#2921,#2922,#2923,#2924,#2925),.UNSPECIFIED.,.F.,.F.)
B_SPLINE_CURVE_WITH_KNOTS((3,2,2,2,2,2,2,2,3),(0.225,0.23125,0.2375,0.24375,
0.25,0.25625,0.2625,0.26875,0.275),.UNSPECIFIED.)
CURVE()
GEOMETRIC_REPRESENTATION_ITEM()
RATIONAL_B_SPLINE_CURVE((1.,0.923879532511287,1.,0.923879532511287,1.,0.923879532511287,
1.,0.923879532511287,1.,0.923879532511287,1.,0.923879532511287,1.,0.923879532511287,
1.,0.923879532511287,1.))
REPRESENTATION_ITEM('')
);
#37=(
BOUNDED_CURVE()
B_SPLINE_CURVE(2,(#2930,#2931,#2932,#2933,#2934,#2935,#2936,#2937,#2938,
#2939,#2940,#2941,#2942,#2943,#2944,#2945,#2946),.UNSPECIFIED.,.F.,.F.)
B_SPLINE_CURVE_WITH_KNOTS((3,2,2,2,2,2,2,2,3),(0.275,0.28125,0.2875,0.29375,
0.3,0.30625,0.3125,0.31875,0.325),.UNSPECIFIED.)
CURVE()
GEOMETRIC_REPRESENTATION_ITEM()
RATIONAL_B_SPLINE_CURVE((1.,0.923879532511287,1.,0.923879532511287,1.,0.923879532511287,
1.,0.923879532511287,1.,0.923879532511287,1.,0.923879532511287,1.,0.923879532511287,
1.,0.923879532511287,1.))
REPRESENTATION_ITEM('')
);
#38=(
BOUNDED_CURVE()
B_SPLINE_CURVE(2,(#2947,#2948,#2949,#2950,#2951,#2952,#2953,#2954,#2955,
#2956,#2957,#2958,#2959,#2960,#2961,#2962,#2963),.UNSPECIFIED.,.F.,.F.)
B_SPLINE_CURVE_WITH_KNOTS((3,2,2,2,2,2,2,2,3),(0.275,0.28125,0.2875,0.29375,
0.3,0.30625,0.3125,0.31875,0.325),.UNSPECIFIED.)
CURVE()
GEOMETRIC_REPRESENTATION_ITEM()
RATIONAL_B_SPLINE_CURVE((1.,0.923879532511287,1.,0.923879532511287,1.,0.923879532511287,
1.,0.923879532511287,1.,0.923879532511287,1.,0.923879532511287,1.,0.923879532511287,
1.,0.923879532511287,1.))
REPRESENTATION_ITEM('')
);
#39=(
BOUNDED_CURVE()
B_SPLINE_CURVE(2,(#2968,#2969,#2970,#2971,#2972,#2973,#2974,#2975,#2976,
#2977,#2978,#2979,#2980,#2981,#2982,#2983,#2984),.UNSPECIFIED.,.F.,.F.)
B_SPLINE_CURVE_WITH_KNOTS((3,2,2,2,2,2,2,2,3),(0.325,0.33125,0.3375,0.34375,
0.35,0.35625,0.3625,0.36875,0.375),.UNSPECIFIED.)
CURVE()
GEOMETRIC_REPRESENTATION_ITEM()
RATIONAL_B_SPLINE_CURVE((1.,0.923879532511287,1.,0.923879532511287,1.,0.923879532511287,
1.,0.923879532511287,1.,0.923879532511287,1.,0.923879532511287,1.,0.923879532511287,
1.,0.923879532511287,1.))
REPRESENTATION_ITEM('')
);
#40=(
BOUNDED_CURVE()
B_SPLINE_CURVE(2,(#2985,#2986,#2987,#2988,#2989,#2990,#2991,#2992,#2993,
#2994,#2995,#2996,#2997,#2998,#2999,#3000,#3001),.UNSPECIFIED.,.F.,.F.)
B_SPLINE_CURVE_WITH_KNOTS((3,2,2,2,2,2,2,2,3),(0.325,0.33125,0.3375,0.34375,
0.35,0.35625,0.3625,0.36875,0.375),.UNSPECIFIED.)
CURVE()
GEOMETRIC_REPRESENTATION_ITEM()
RATIONAL_B_SPLINE_CURVE((1.,0.923879532511287,1.,0.923879532511287,1.,0.923879532511287,
1.,0.923879532511287,1.,0.923879532511287,1.,0.923879532511287,1.,0.923879532511287,
1.,0.923879532511287,1.))
REPRESENTATION_ITEM('')
);
#41=(
BOUNDED_CURVE()
B_SPLINE_CURVE(2,(#3006,#3007,#3008,#3009,#3010,#3011,#3012,#3013,#3014,
#3015,#3016,#3017,#3018,#3019,#3020,#3021,#3022),.UNSPECIFIED.,.F.,.F.)
B_SPLINE_CURVE_WITH_KNOTS((3,2,2,2,2,2,2,2,3),(0.375,0.38125,0.3875,0.39375,
0.4,0.40625,0.4125,0.41875,0.425),.UNSPECIFIED.)
CURVE()
GEOMETRIC_REPRESENTATION_ITEM()
RATIONAL_B_SPLINE_CURVE((1.,0.923879532511287,1.,0.923879532511287,1.,0.923879532511287,
1.,0.923879532511287,1.,0.923879532511287,1.,0.923879532511287,1.,0.923879532511287,
1.,0.923879532511287,1.))
REPRESENTATION_ITEM('')
);
#42=(
BOUNDED_CURVE()
B_SPLINE_CURVE(2,(#3023,#3024,#3025,#3026,#3027,#3028,#3029,#3030,#3031,
#3032,#3033,#3034,#3035,#3036,#3037,#3038,#3039),.UNSPECIFIED.,.F.,.F.)
B_SPLINE_CURVE_WITH_KNOTS((3,2,2,2,2,2,2,2,3),(0.375,0.38125,0.3875,0.39375,
0.4,0.40625,0.4125,0.41875,0.425),.UNSPECIFIED.)
CURVE()
GEOMETRIC_REPRESENTATION_ITEM()
RATIONAL_B_SPLINE_CURVE((1.,0.923879532511287,1.,0.923879532511287,1.,0.923879532511287,
1.,0.923879532511287,1.,0.923879532511287,1.,0.923879532511287,1.,0.923879532511287,
1.,0.923879532511287,1.))
REPRESENTATION_ITEM('')
);
#43=(
BOUNDED_CURVE()
B_SPLINE_CURVE(2,(#3044,#3045,#3046,#3047,#3048,#3049,#3050,#3051,#3052,
#3053,#3054,#3055,#3056,#3057,#3058,#3059,#3060),.UNSPECIFIED.,.F.,.F.)
B_SPLINE_CURVE_WITH_KNOTS((3,2,2,2,2,2,2,2,3),(0.425,0.43125,0.4375,0.44375,
0.45,0.45625,0.4625,0.46875,0.475),.UNSPECIFIED.)
CURVE()
GEOMETRIC_REPRESENTATION_ITEM()
RATIONAL_B_SPLINE_CURVE((1.,0.923879532511287,1.,0.923879532511287,1.,0.923879532511287,
1.,0.923879532511287,1.,0.923879532511287,1.,0.923879532511287,1.,0.923879532511287,
1.,0.923879532511287,1.))
REPRESENTATION_ITEM('')
);
#44=(
BOUNDED_CURVE()
B_SPLINE_CURVE(2,(#3061,#3062,#3063,#3064,#3065,#3066,#3067,#3068,#3069,
#3070,#3071,#3072,#3073,#3074,#3075,#3076,#3077),.UNSPECIFIED.,.F.,.F.)
B_SPLINE_CURVE_WITH_KNOTS((3,2,2,2,2,2,2,2,3),(0.425,0.43125,0.4375,0.44375,
0.45,0.45625,0.4625,0.46875,0.475),.UNSPECIFIED.)
CURVE()
GEOMETRIC_REPRESENTATION_ITEM()
RATIONAL_B_SPLINE_CURVE((1.,0.923879532511287,1.,0.923879532511287,1.,0.923879532511287,
1.,0.923879532511287,1.,0.923879532511287,1.,0.923879532511287,1.,0.923879532511287,
1.,0.923879532511287,1.))
REPRESENTATION_ITEM('')
);
#45=(
BOUNDED_CURVE()
B_SPLINE_CURVE(2,(#3082,#3083,#3084,#3085,#3086,#3087,#3088,#3089,#3090,
#3091,#3092,#3093,#3094,#3095,#3096,#3097,#3098),.UNSPECIFIED.,.F.,.F.)
B_SPLINE_CURVE_WITH_KNOTS((3,2,2,2,2,2,2,2,3),(0.475,0.48125,0.4875,0.49375,
0.5,0.50625,0.5125,0.51875,0.525),.UNSPECIFIED.)
CURVE()
GEOMETRIC_REPRESENTATION_ITEM()
RATIONAL_B_SPLINE_CURVE((1.,0.923879532511287,1.,0.923879532511287,1.,0.923879532511287,
1.,0.923879532511287,1.,0.923879532511287,1.,0.923879532511287,1.,0.923879532511287,
1.,0.923879532511287,1.))
REPRESENTATION_ITEM('')
);
#46=(
BOUNDED_CURVE()
B_SPLINE_CURVE(2,(#3099,#3100,#3101,#3102,#3103,#3104,#3105,#3106,#3107,
#3108,#3109,#3110,#3111,#3112,#3113,#3114,#3115),.UNSPECIFIED.,.F.,.F.)
B_SPLINE_CURVE_WITH_KNOTS((3,2,2,2,2,2,2,2,3),(0.475,0.48125,0.4875,0.49375,
0.5,0.50625,0.5125,0.51875,0.525),.UNSPECIFIED.)
CURVE()
GEOMETRIC_REPRESENTATION_ITEM()
RATIONAL_B_SPLINE_CURVE((1.,0.923879532511287,1.,0.923879532511287,1.,0.923879532511287,
1.,0.923879532511287,1.,0.923879532511287,1.,0.923879532511287,1.,0.923879532511287,
1.,0.923879532511287,1.))
REPRESENTATION_ITEM('')
);
#47=(
BOUNDED_CURVE()
B_SPLINE_CURVE(2,(#3120,#3121,#3122,#3123,#3124,#3125,#3126,#3127,#3128,
#3129,#3130,#3131,#3132,#3133,#3134,#3135,#3136),.UNSPECIFIED.,.F.,.F.)
B_SPLINE_CURVE_WITH_KNOTS((3,2,2,2,2,2,2,2,3),(0.525,0.53125,0.5375,0.54375,
0.55,0.55625,0.5625,0.56875,0.575),.UNSPECIFIED.)
CURVE()
GEOMETRIC_REPRESENTATION_ITEM()
RATIONAL_B_SPLINE_CURVE((1.,0.923879532511287,1.,0.923879532511287,1.,0.923879532511287,
1.,0.923879532511287,1.,0.923879532511287,1.,0.923879532511287,1.,0.923879532511287,
1.,0.923879532511287,1.))
REPRESENTATION_ITEM('')
);
#48=(
BOUNDED_CURVE()
B_SPLINE_CURVE(2,(#3137,#3138,#3139,#3140,#3141,#3142,#3143,#3144,#3145,
#3146,#3147,#3148,#3149,#3150,#3151,#3152,#3153),.UNSPECIFIED.,.F.,.F.)
B_SPLINE_CURVE_WITH_KNOTS((3,2,2,2,2,2,2,2,3),(0.525,0.53125,0.5375,0.54375,
0.55,0.55625,0.5625,0.56875,0.575),.UNSPECIFIED.)
CURVE()
GEOMETRIC_REPRESENTATION_ITEM()
RATIONAL_B_SPLINE_CURVE((1.,0.923879532511287,1.,0.923879532511287,1.,0.923879532511287,
1.,0.923879532511287,1.,0.923879532511287,1.,0.923879532511287,1.,0.923879532511287,
1.,0.923879532511287,1.))
REPRESENTATION_ITEM('')
);
#49=(
BOUNDED_CURVE()
B_SPLINE_CURVE(2,(#3158,#3159,#3160,#3161,#3162,#3163,#3164,#3165,#3166,
#3167,#3168,#3169,#3170,#3171,#3172,#3173,#3174),.UNSPECIFIED.,.F.,.F.)
B_SPLINE_CURVE_WITH_KNOTS((3,2,2,2,2,2,2,2,3),(0.575,0.58125,0.5875,0.59375,
0.6,0.60625,0.6125,0.61875,0.625),.UNSPECIFIED.)
CURVE()
GEOMETRIC_REPRESENTATION_ITEM()
RATIONAL_B_SPLINE_CURVE((1.,0.923879532511287,1.,0.923879532511287,1.,0.923879532511287,
1.,0.923879532511287,1.,0.923879532511287,1.,0.923879532511287,1.,0.923879532511287,
1.,0.923879532511287,1.))
REPRESENTATION_ITEM('')
);
#50=(
BOUNDED_CURVE()
B_SPLINE_CURVE(2,(#3175,#3176,#3177,#3178,#3179,#3180,#3181,#3182,#3183,
#3184,#3185,#3186,#3187,#3188,#3189,#3190,#3191),.UNSPECIFIED.,.F.,.F.)
B_SPLINE_CURVE_WITH_KNOTS((3,2,2,2,2,2,2,2,3),(0.575,0.58125,0.5875,0.59375,
0.6,0.60625,0.6125,0.61875,0.625),.UNSPECIFIED.)
CURVE()
GEOMETRIC_REPRESENTATION_ITEM()
RATIONAL_B_SPLINE_CURVE((1.,0.923879532511287,1.,0.923879532511287,1.,0.923879532511287,
1.,0.923879532511287,1.,0.923879532511287,1.,0.923879532511287,1.,0.923879532511287,
1.,0.923879532511287,1.))
REPRESENTATION_ITEM('')
);
#51=(
BOUNDED_CURVE()
B_SPLINE_CURVE(2,(#3196,#3197,#3198,#3199,#3200,#3201,#3202,#3203,#3204,
#3205,#3206,#3207,#3208,#3209,#3210,#3211,#3212),.UNSPECIFIED.,.F.,.F.)
B_SPLINE_CURVE_WITH_KNOTS((3,2,2,2,2,2,2,2,3),(0.625,0.63125,0.6375,0.64375,
0.65,0.65625,0.6625,0.66875,0.675),.UNSPECIFIED.)
CURVE()
GEOMETRIC_REPRESENTATION_ITEM()
RATIONAL_B_SPLINE_CURVE((1.,0.923879532511287,1.,0.923879532511287,1.,0.923879532511287,
1.,0.923879532511287,1.,0.923879532511287,1.,0.923879532511287,1.,0.923879532511287,
1.,0.923879532511287,1.))
REPRESENTATION_ITEM('')
);
#52=(
BOUNDED_CURVE()
B_SPLINE_CURVE(2,(#3213,#3214,#3215,#3216,#3217,#3218,#3219,#3220,#3221,
#3222,#3223,#3224,#3225,#3226,#3227,#3228,#3229),.UNSPECIFIED.,.F.,.F.)
B_SPLINE_CURVE_WITH_KNOTS((3,2,2,2,2,2,2,2,3),(0.625,0.63125,0.6375,0.64375,
0.65,0.65625,0.6625,0.66875,0.675),.UNSPECIFIED.)
CURVE()
GEOMETRIC_REPRESENTATION_ITEM()
RATIONAL_B_SPLINE_CURVE((1.,0.923879532511287,1.,0.923879532511287,1.,0.923879532511287,
1.,0.923879532511287,1.,0.923879532511287,1.,0.923879532511287,1.,0.923879532511287,
1.,0.923879532511287,1.))
REPRESENTATION_ITEM('')
);
#53=(
BOUNDED_CURVE()
B_SPLINE_CURVE(2,(#3234,#3235,#3236,#3237,#3238,#3239,#3240,#3241,#3242,
#3243,#3244,#3245,#3246,#3247,#3248,#3249,#3250),.UNSPECIFIED.,.F.,.F.)
B_SPLINE_CURVE_WITH_KNOTS((3,2,2,2,2,2,2,2,3),(0.675,0.68125,0.6875,0.69375,
0.7,0.70625,0.7125,0.71875,0.725),.UNSPECIFIED.)
CURVE()
GEOMETRIC_REPRESENTATION_ITEM()
RATIONAL_B_SPLINE_CURVE((1.,0.923879532511287,1.,0.923879532511287,1.,0.923879532511287,
1.,0.923879532511287,1.,0.923879532511287,1.,0.923879532511287,1.,0.923879532511287,
1.,0.923879532511287,1.))
REPRESENTATION_ITEM('')
);
#54=(
BOUNDED_CURVE()
B_SPLINE_CURVE(2,(#3251,#3252,#3253,#3254,#3255,#3256,#3257,#3258,#3259,
#3260,#3261,#3262,#3263,#3264,#3265,#3266,#3267),.UNSPECIFIED.,.F.,.F.)
B_SPLINE_CURVE_WITH_KNOTS((3,2,2,2,2,2,2,2,3),(0.675,0.68125,0.6875,0.69375,
0.7,0.70625,0.7125,0.71875,0.725),.UNSPECIFIED.)
CURVE()
GEOMETRIC_REPRESENTATION_ITEM()
RATIONAL_B_SPLINE_CURVE((1.,0.923879532511287,1.,0.923879532511287,1.,0.923879532511287,
1.,0.923879532511287,1.,0.923879532511287,1.,0.923879532511287,1.,0.923879532511287,
1.,0.923879532511287,1.))
REPRESENTATION_ITEM('')
);
#55=(
BOUNDED_CURVE()
B_SPLINE_CURVE(2,(#3272,#3273,#3274,#3275,#3276,#3277,#3278,#3279,#3280,
#3281,#3282,#3283,#3284,#3285,#3286,#3287,#3288),.UNSPECIFIED.,.F.,.F.)
B_SPLINE_CURVE_WITH_KNOTS((3,2,2,2,2,2,2,2,3),(0.725,0.73125,0.7375,0.74375,
0.75,0.75625,0.7625,0.76875,0.775),.UNSPECIFIED.)
CURVE()
GEOMETRIC_REPRESENTATION_ITEM()
RATIONAL_B_SPLINE_CURVE((1.,0.923879532511287,1.,0.923879532511287,1.,0.923879532511287,
1.,0.923879532511287,1.,0.923879532511287,1.,0.923879532511287,1.,0.923879532511287,
1.,0.923879532511287,1.))
REPRESENTATION_ITEM('')
);
#56=(
BOUNDED_CURVE()
B_SPLINE_CURVE(2,(#3289,#3290,#3291,#3292,#3293,#3294,#3295,#3296,#3297,
#3298,#3299,#3300,#3301,#3302,#3303,#3304,#3305),.UNSPECIFIED.,.F.,.F.)
B_SPLINE_CURVE_WITH_KNOTS((3,2,2,2,2,2,2,2,3),(0.725,0.73125,0.7375,0.74375,
0.75,0.75625,0.7625,0.76875,0.775),.UNSPECIFIED.)
CURVE()
GEOMETRIC_REPRESENTATION_ITEM()
RATIONAL_B_SPLINE_CURVE((1.,0.923879532511287,1.,0.923879532511287,1.,0.923879532511287,
1.,0.923879532511287,1.,0.923879532511287,1.,0.923879532511287,1.,0.923879532511287,
1.,0.923879532511287,1.))
REPRESENTATION_ITEM('')
);
#57=(
BOUNDED_CURVE()
B_SPLINE_CURVE(2,(#3310,#3311,#3312,#3313,#3314,#3315,#3316,#3317,#3318,
#3319,#3320,#3321,#3322,#3323,#3324,#3325,#3326),.UNSPECIFIED.,.F.,.F.)
B_SPLINE_CURVE_WITH_KNOTS((3,2,2,2,2,2,2,2,3),(0.775,0.78125,0.7875,0.79375,
0.8,0.80625,0.8125,0.81875,0.825),.UNSPECIFIED.)
CURVE()
GEOMETRIC_REPRESENTATION_ITEM()
RATIONAL_B_SPLINE_CURVE((1.,0.923879532511287,1.,0.923879532511287,1.,0.923879532511287,
1.,0.923879532511287,1.,0.923879532511287,1.,0.923879532511287,1.,0.923879532511287,
1.,0.923879532511287,1.))
REPRESENTATION_ITEM('')
);
#58=(
BOUNDED_CURVE()
B_SPLINE_CURVE(2,(#3327,#3328,#3329,#3330,#3331,#3332,#3333,#3334,#3335,
#3336,#3337,#3338,#3339,#3340,#3341,#3342,#3343),.UNSPECIFIED.,.F.,.F.)
B_SPLINE_CURVE_WITH_KNOTS((3,2,2,2,2,2,2,2,3),(0.775,0.78125,0.7875,0.79375,
0.8,0.80625,0.8125,0.81875,0.825),.UNSPECIFIED.)
CURVE()
GEOMETRIC_REPRESENTATION_ITEM()
RATIONAL_B_SPLINE_CURVE((1.,0.923879532511287,1.,0.923879532511287,1.,0.923879532511287,
1.,0.923879532511287,1.,0.923879532511287,1.,0.923879532511287,1.,0.923879532511287,
1.,0.923879532511287,1.))
REPRESENTATION_ITEM('')
);
#59=(
BOUNDED_CURVE()
B_SPLINE_CURVE(2,(#3348,#3349,#3350,#3351,#3352,#3353,#3354,#3355,#3356,
#3357,#3358,#3359,#3360,#3361,#3362,#3363,#3364),.UNSPECIFIED.,.F.,.F.)
B_SPLINE_CURVE_WITH_KNOTS((3,2,2,2,2,2,2,2,3),(0.825,0.83125,0.8375,0.84375,
0.85,0.85625,0.8625,0.86875,0.875),.UNSPECIFIED.)
CURVE()
GEOMETRIC_REPRESENTATION_ITEM()
RATIONAL_B_SPLINE_CURVE((1.,0.923879532511287,1.,0.923879532511287,1.,0.923879532511287,
1.,0.923879532511287,1.,0.923879532511287,1.,0.923879532511287,1.,0.923879532511287,
1.,0.923879532511287,1.))
REPRESENTATION_ITEM('')
);
#60=(
BOUNDED_CURVE()
B_SPLINE_CURVE(2,(#3365,#3366,#3367,#3368,#3369,#3370,#3371,#3372,#3373,
#3374,#3375,#3376,#3377,#3378,#3379,#3380,#3381),.UNSPECIFIED.,.F.,.F.)
B_SPLINE_CURVE_WITH_KNOTS((3,2,2,2,2,2,2,2,3),(0.825,0.83125,0.8375,0.84375,
0.85,0.85625,0.8625,0.86875,0.875),.UNSPECIFIED.)
CURVE()
GEOMETRIC_REPRESENTATION_ITEM()
RATIONAL_B_SPLINE_CURVE((1.,0.923879532511287,1.,0.923879532511287,1.,0.923879532511287,
1.,0.923879532511287,1.,0.923879532511287,1.,0.923879532511287,1.,0.923879532511287,
1.,0.923879532511287,1.))
REPRESENTATION_ITEM('')
);
#61=(
BOUNDED_CURVE()
B_SPLINE_CURVE(2,(#4943,#4944,#4945),.UNSPECIFIED.,.F.,.F.)
B_SPLINE_CURVE_WITH_KNOTS((3,3),(0.679287781533949,1.55017582731274),
 .UNSPECIFIED.)
CURVE()
GEOMETRIC_REPRESENTATION_ITEM()
RATIONAL_B_SPLINE_CURVE((1.75305734356232,2.02425625842287,1.75305734356232))
REPRESENTATION_ITEM('')
);
#62=(
BOUNDED_CURVE()
B_SPLINE_CURVE(2,(#4947,#4948,#4949),.UNSPECIFIED.,.F.,.F.)
B_SPLINE_CURVE_WITH_KNOTS((3,3),(0.679287781533949,1.55017582731274),
 .UNSPECIFIED.)
CURVE()
GEOMETRIC_REPRESENTATION_ITEM()
RATIONAL_B_SPLINE_CURVE((1.75305734356232,2.02425625842287,1.75305734356232))
REPRESENTATION_ITEM('')
);
#63=(
BOUNDED_CURVE()
B_SPLINE_CURVE(2,(#4951,#4952,#4953),.UNSPECIFIED.,.F.,.F.)
B_SPLINE_CURVE_WITH_KNOTS((3,3),(0.679287781533948,1.55017582731274),
 .UNSPECIFIED.)
CURVE()
GEOMETRIC_REPRESENTATION_ITEM()
RATIONAL_B_SPLINE_CURVE((1.75305734356232,2.02425625842287,1.75305734356232))
REPRESENTATION_ITEM('')
);
#64=(
BOUNDED_CURVE()
B_SPLINE_CURVE(2,(#4955,#4956,#4957),.UNSPECIFIED.,.F.,.F.)
B_SPLINE_CURVE_WITH_KNOTS((3,3),(-1.55017582731274,-1.11473180442334),
 .UNSPECIFIED.)
CURVE()
GEOMETRIC_REPRESENTATION_ITEM()
RATIONAL_B_SPLINE_CURVE((1.75305734356232,1.8886568009926,1.8886568009926))
REPRESENTATION_ITEM('')
);
#65=(
BOUNDED_CURVE()
B_SPLINE_CURVE(2,(#4962,#4963,#4964),.UNSPECIFIED.,.F.,.F.)
B_SPLINE_CURVE_WITH_KNOTS((3,3),(-1.11473180442334,-0.679287781533948),
 .UNSPECIFIED.)
CURVE()
GEOMETRIC_REPRESENTATION_ITEM()
RATIONAL_B_SPLINE_CURVE((1.8886568009926,1.8886568009926,1.75305734356232))
REPRESENTATION_ITEM('')
);
#66=(
BOUNDED_CURVE()
B_SPLINE_CURVE(2,(#4966,#4967,#4968),.UNSPECIFIED.,.F.,.F.)
B_SPLINE_CURVE_WITH_KNOTS((3,3),(-1.55017582731274,-0.679287781533948),
 .UNSPECIFIED.)
CURVE()
GEOMETRIC_REPRESENTATION_ITEM()
RATIONAL_B_SPLINE_CURVE((1.75305734356232,2.02425625842287,1.75305734356232))
REPRESENTATION_ITEM('')
);
#67=(
BOUNDED_CURVE()
B_SPLINE_CURVE(2,(#4969,#4970,#4971),.UNSPECIFIED.,.F.,.F.)
B_SPLINE_CURVE_WITH_KNOTS((3,3),(-1.55017582731274,-0.67928778153395),
 .UNSPECIFIED.)
CURVE()
GEOMETRIC_REPRESENTATION_ITEM()
RATIONAL_B_SPLINE_CURVE((1.75305734356232,2.02425625842286,1.75305734356232))
REPRESENTATION_ITEM('')
);
#68=(
BOUNDED_CURVE()
B_SPLINE_CURVE(2,(#5007,#5008,#5009,#5010,#5011,#5012,#5013,#5014,#5015,
#5016,#5017),.UNSPECIFIED.,.F.,.F.)
B_SPLINE_CURVE_WITH_KNOTS((3,2,2,2,2,3),(0.875,0.88125,0.8875,0.89375,0.9,
0.90625),.UNSPECIFIED.)
CURVE()
GEOMETRIC_REPRESENTATION_ITEM()
RATIONAL_B_SPLINE_CURVE((1.,0.923879532511287,1.,0.923879532511287,1.,0.923879532511287,
1.,0.923879532511287,1.,0.923879532511287,1.))
REPRESENTATION_ITEM('')
);
#69=(
BOUNDED_CURVE()
B_SPLINE_CURVE(2,(#5018,#5019,#5020,#5021,#5022,#5023,#5024,#5025,#5026),
 .UNSPECIFIED.,.F.,.F.)
B_SPLINE_CURVE_WITH_KNOTS((3,2,2,2,3),(0.875,0.88125,0.8875,0.89375,0.9),
 .UNSPECIFIED.)
CURVE()
GEOMETRIC_REPRESENTATION_ITEM()
RATIONAL_B_SPLINE_CURVE((1.,0.923879532511287,1.,0.923879532511287,1.,0.923879532511287,
1.,0.923879532511287,1.))
REPRESENTATION_ITEM('')
);
#70=SHAPE_REPRESENTATION_RELATIONSHIP('SRR','None',#6672,#73);
#71=SHAPE_REPRESENTATION_RELATIONSHIP('SRR','None',#6673,#74);
#72=SHAPE_REPRESENTATION_RELATIONSHIP('SRR','None',#6671,#75);
#73=ADVANCED_BREP_SHAPE_REPRESENTATION('',(#79),#6656);
#74=ADVANCED_BREP_SHAPE_REPRESENTATION('',(#80),#6657);
#75=ADVANCED_BREP_SHAPE_REPRESENTATION('',(#81),#6655);
#76=STYLED_ITEM('',(#6692),#79);
#77=STYLED_ITEM('',(#6693),#80);
#78=STYLED_ITEM('',(#6691),#81);
#79=MANIFOLD_SOLID_BREP('thumb screw cap ',#1885);
#80=MANIFOLD_SOLID_BREP('Body1',#1886);
#81=MANIFOLD_SOLID_BREP('thumb screw bottom',#1887);
#82=CYLINDRICAL_SURFACE('',#1918,9.);
#83=CYLINDRICAL_SURFACE('',#1920,9.);
#84=CYLINDRICAL_SURFACE('',#1923,9.);
#85=CYLINDRICAL_SURFACE('',#1935,1.98038475772933);
#86=CYLINDRICAL_SURFACE('',#1937,1.98038475772933);
#87=CYLINDRICAL_SURFACE('',#1939,1.98038475772933);
#88=CYLINDRICAL_SURFACE('',#1940,1.98038475772933);
#89=CYLINDRICAL_SURFACE('',#1941,1.98038475772933);
#90=CYLINDRICAL_SURFACE('',#1942,1.98038475772933);
#91=CYLINDRICAL_SURFACE('',#1943,1.98038475772933);
#92=CYLINDRICAL_SURFACE('',#1944,1.98038475772933);
#93=CYLINDRICAL_SURFACE('',#1945,1.98038475772933);
#94=CYLINDRICAL_SURFACE('',#1946,1.98038475772933);
#95=CYLINDRICAL_SURFACE('',#1947,1.98038475772933);
#96=CYLINDRICAL_SURFACE('',#1948,1.98038475772933);
#97=CYLINDRICAL_SURFACE('',#1949,1.98038475772933);
#98=CYLINDRICAL_SURFACE('',#1950,1.98038475772933);
#99=CYLINDRICAL_SURFACE('',#1951,1.98038475772933);
#100=CYLINDRICAL_SURFACE('',#1952,1.98038475772933);
#101=CYLINDRICAL_SURFACE('',#1953,1.98038475772933);
#102=CYLINDRICAL_SURFACE('',#1954,1.98038475772933);
#103=CYLINDRICAL_SURFACE('',#1959,2.5);
#104=CYLINDRICAL_SURFACE('',#1961,2.5);
#105=CYLINDRICAL_SURFACE('',#1962,2.5);
#106=CYLINDRICAL_SURFACE('',#1963,2.5);
#107=CYLINDRICAL_SURFACE('',#1964,2.5);
#108=CYLINDRICAL_SURFACE('',#1965,2.5);
#109=CYLINDRICAL_SURFACE('',#1966,2.5);
#110=CYLINDRICAL_SURFACE('',#1967,2.5);
#111=CYLINDRICAL_SURFACE('',#1968,2.5);
#112=CYLINDRICAL_SURFACE('',#1969,2.5);
#113=CYLINDRICAL_SURFACE('',#1970,2.5);
#114=CYLINDRICAL_SURFACE('',#1971,2.5);
#115=CYLINDRICAL_SURFACE('',#1972,2.5);
#116=CYLINDRICAL_SURFACE('',#1973,2.5);
#117=CYLINDRICAL_SURFACE('',#1974,2.5);
#118=CYLINDRICAL_SURFACE('',#1975,2.5);
#119=CYLINDRICAL_SURFACE('',#1976,2.5);
#120=CYLINDRICAL_SURFACE('',#1977,2.5);
#121=CYLINDRICAL_SURFACE('',#1978,2.5);
#122=CYLINDRICAL_SURFACE('',#1986,3.8);
#123=CYLINDRICAL_SURFACE('',#1999,1.98038475772933);
#124=CYLINDRICAL_SURFACE('',#2005,9.);
#125=CYLINDRICAL_SURFACE('',#2007,9.);
#126=CYLINDRICAL_SURFACE('',#2011,9.);
#127=CYLINDRICAL_SURFACE('',#2026,2.6);
#128=FACE_BOUND('',#364,.T.);
#129=FACE_BOUND('',#426,.T.);
#130=FACE_BOUND('',#435,.T.);
#131=FACE_BOUND('',#444,.T.);
#132=FACE_BOUND('',#467,.T.);
#133=FACE_BOUND('',#470,.T.);
#134=FACE_BOUND('',#472,.T.);
#135=CIRCLE('',#1915,9.);
#136=CIRCLE('',#1916,9.);
#137=CIRCLE('',#1917,9.);
#138=CIRCLE('',#1919,9.);
#139=CIRCLE('',#1921,9.);
#140=CIRCLE('',#1924,9.);
#141=CIRCLE('',#1936,1.98038475772936);
#142=CIRCLE('',#1938,1.98038475772936);
#143=CIRCLE('',#1956,1.98038475772939);
#144=CIRCLE('',#1958,2.5);
#145=CIRCLE('',#1960,2.5);
#146=CIRCLE('',#1979,2.5);
#147=CIRCLE('',#1981,1.93999999999999);
#148=CIRCLE('',#1983,2.5);
#149=CIRCLE('',#1985,3.8);
#150=CIRCLE('',#1987,3.8);
#151=CIRCLE('',#1988,3.8);
#152=CIRCLE('',#2002,9.);
#153=CIRCLE('',#2003,9.);
#154=CIRCLE('',#2004,9.);
#155=CIRCLE('',#2006,9.);
#156=CIRCLE('',#2008,9.);
#157=CIRCLE('',#2012,9.);
#158=CIRCLE('',#2027,2.6);
#159=CIRCLE('',#2028,2.6);
#160=B_SPLINE_CURVE_WITH_KNOTS('',3,(#2434,#2435,#2436,#2437,#2438,#2439,
#2440),.UNSPECIFIED.,.F.,.F.,(4,3,4),(0.0745032098194566,0.140915312256109,
0.194221696980041),.UNSPECIFIED.);
#161=B_SPLINE_CURVE_WITH_KNOTS('',3,(#2441,#2442,#2443,#2444,#2445),
 .UNSPECIFIED.,.F.,.F.,(4,1,4),(0.795339912301214,1.08394602208761,1.5707963267949),
 .UNSPECIFIED.);
#162=B_SPLINE_CURVE_WITH_KNOTS('',3,(#2447,#2448,#2449,#2450,#2451,#2452,
#2453),.UNSPECIFIED.,.F.,.F.,(4,3,4),(0.,0.0639624681876301,0.119456085304111),
 .UNSPECIFIED.);
#163=B_SPLINE_CURVE_WITH_KNOTS('',3,(#2454,#2455,#2456,#2457,#2458,#2459,
#2460),.UNSPECIFIED.,.F.,.F.,(4,3,4),(-2.91471993706601,-2.50440125110279,
-2.13926352257233),.UNSPECIFIED.);
#164=B_SPLINE_CURVE_WITH_KNOTS('',3,(#2478,#2479,#2480,#2481,#2482,#2483,
#2484),.UNSPECIFIED.,.F.,.F.,(4,3,4),(0.,0.0630149934810372,0.119507304602526),
 .UNSPECIFIED.);
#165=B_SPLINE_CURVE_WITH_KNOTS('',3,(#2485,#2486,#2487,#2488),
 .UNSPECIFIED.,.F.,.F.,(4,4),(1.45797272244857,2.15689751819819),
 .UNSPECIFIED.);
#166=B_SPLINE_CURVE_WITH_KNOTS('',3,(#2493,#2494,#2495,#2496,#2497,#2498,
#2499),.UNSPECIFIED.,.F.,.F.,(4,3,4),(0.,0.0635630564552828,0.119390172943852),
 .UNSPECIFIED.);
#167=B_SPLINE_CURVE_WITH_KNOTS('',3,(#2501,#2502,#2503,#2504,#2505,#2506,
#2507,#2508,#2509,#2510,#2511,#2512,#2513),.UNSPECIFIED.,.F.,.F.,(4,3,3,
3,4),(0.1907061010771,0.203205093336245,0.214910240882239,0.281598624863042,
0.31019525469422),.UNSPECIFIED.);
#168=B_SPLINE_CURVE_WITH_KNOTS('',3,(#2517,#2518,#2519,#2520,#2521,#2522,
#2523,#2524,#2525,#2526,#2527,#2528,#2529),.UNSPECIFIED.,.F.,.F.,(4,3,3,
3,4),(0.,0.0364433588884171,0.0596362246556523,0.0810581202294085,0.119321390735233),
 .UNSPECIFIED.);
#169=B_SPLINE_CURVE_WITH_KNOTS('',3,(#2531,#2532,#2533,#2534,#2535,#2536,
#2537,#2538,#2539,#2540),.UNSPECIFIED.,.F.,.F.,(4,3,3,4),(0.,0.0404929280136296,
0.060450102623881,0.119317382146387),.UNSPECIFIED.);
#170=B_SPLINE_CURVE_WITH_KNOTS('',3,(#2559,#2560,#2561,#2562),
 .UNSPECIFIED.,.F.,.F.,(4,4),(1.45797272244857,2.15689751819819),
 .UNSPECIFIED.);
#171=B_SPLINE_CURVE_WITH_KNOTS('',3,(#2565,#2566,#2567,#2568,#2569),
 .UNSPECIFIED.,.F.,.F.,(4,1,4),(0.718808293557153,1.08394602208761,1.49426470805084),
 .UNSPECIFIED.);
#172=B_SPLINE_CURVE_WITH_KNOTS('',3,(#2595,#2596,#2597,#2598,#2599),
 .UNSPECIFIED.,.F.,.F.,(4,1,4),(0.795339912301214,1.08394602208761,1.5707963267949),
 .UNSPECIFIED.);
#173=B_SPLINE_CURVE_WITH_KNOTS('',3,(#2601,#2602,#2603,#2604,#2605,#2606,
#2607),.UNSPECIFIED.,.F.,.F.,(4,3,4),(0.,0.0640083383353919,0.119446757583072),
 .UNSPECIFIED.);
#174=B_SPLINE_CURVE_WITH_KNOTS('',3,(#2608,#2609,#2610,#2611,#2612,#2613,
#2614),.UNSPECIFIED.,.F.,.F.,(4,3,4),(-2.91471993706601,-2.50440125110279,
-2.13926352257233),.UNSPECIFIED.);
#175=B_SPLINE_CURVE_WITH_KNOTS('',3,(#2636,#2637,#2638,#2639),
 .UNSPECIFIED.,.F.,.F.,(4,4),(-1.5707963267949,-0.871871531045273),
 .UNSPECIFIED.);
#176=B_SPLINE_CURVE_WITH_KNOTS('',3,(#2664,#2665,#2666,#2667,#2668),
 .UNSPECIFIED.,.F.,.F.,(4,1,4),(0.795339912301214,1.08394602208761,1.5707963267949),
 .UNSPECIFIED.);
#177=B_SPLINE_CURVE_WITH_KNOTS('',3,(#2669,#2670,#2671,#2672,#2673,#2674,
#2675,#2676,#2677,#2678,#2679,#2680,#2681),.UNSPECIFIED.,.F.,.F.,(4,3,3,
3,4),(0.,0.0370152384399224,0.0582021187663475,0.0808273346442254,0.119321390735252),
 .UNSPECIFIED.);
#178=B_SPLINE_CURVE_WITH_KNOTS('',3,(#3387,#3388,#3389,#3390,#3391,#3392,
#3393,#3394,#3395,#3396,#3397,#3398),.UNSPECIFIED.,.F.,.F.,(4,2,2,2,2,4),
(1.24414748973199,1.59942118135864,2.0557933815114,2.61569442774697,3.05674669432497,
3.5428253513468),.UNSPECIFIED.);
#179=B_SPLINE_CURVE_WITH_KNOTS('',3,(#3401,#3402,#3403,#3404,#3405,#3406,
#3407,#3408),.UNSPECIFIED.,.F.,.F.,(4,2,2,4),(0.,0.0682515719247226,0.135925167248012,
0.157831349630241),.UNSPECIFIED.);
#180=B_SPLINE_CURVE_WITH_KNOTS('',3,(#3415,#3416,#3417,#3418,#3419,#3420,
#3421,#3422,#3423,#3424,#3425,#3426,#3427,#3428,#3429,#3430,#3431,#3432,
#3433,#3434,#3435,#3436),.UNSPECIFIED.,.F.,.F.,(4,2,2,2,2,2,2,2,2,2,4),
(9.99999998725875E-7,0.0445937673862396,0.0818406984687384,0.152562378094756,
0.237656436323366,0.334711809317701,0.463673283109241,0.652525134155923,
0.882028867013535,1.22367870837245,1.24414748973199),.UNSPECIFIED.);
#181=B_SPLINE_CURVE_WITH_KNOTS('',3,(#3437,#3438,#3439,#3440,#3441,#3442,
#3443,#3444,#3445,#3446,#3447,#3448,#3449,#3450,#3451,#3452,#3453,#3454,
#3455,#3456,#3457,#3458,#3459,#3460,#3461,#3462,#3463,#3464,#3465,#3466,
#3467,#3468,#3469,#3470,#3471,#3472),.UNSPECIFIED.,.F.,.F.,(4,2,2,2,2,2,
2,2,2,2,2,2,2,2,2,2,2,4),(0.157831349630241,0.216814732816307,0.294428381001524,
0.377226893274802,0.456934970134893,0.541745339952408,0.623629056107889,
0.715142772431154,0.808615689339515,0.913411495377834,1.02136090700132,
1.14259799040513,1.27118162223581,1.41125005402996,1.56062082470444,1.72350278491853,
1.89692788750489,1.97333023980442),.UNSPECIFIED.);
#182=B_SPLINE_CURVE_WITH_KNOTS('',3,(#3478,#3479,#3480,#3481,#3482,#3483,
#3484,#3485,#3486,#3487,#3488,#3489,#3490,#3491,#3492,#3493,#3494,#3495,
#3496,#3497,#3498,#3499,#3500,#3501,#3502,#3503),.UNSPECIFIED.,.F.,.F.,
(4,2,2,2,2,2,2,2,2,2,2,2,4),(-1.06683837433949,-1.0666565331834,-0.966026361450831,
-0.869225285090602,-0.768530418937743,-0.671695801784286,-0.571037003277612,
-0.474254996480175,-0.373669979715857,-0.276939851689735,-0.176429299324526,
-0.087900726972081,-9.99999999917733E-7),.UNSPECIFIED.);
#183=B_SPLINE_CURVE_WITH_KNOTS('',3,(#3506,#3507,#3508,#3509,#3510,#3511,
#3512,#3513,#3514,#3515,#3516,#3517,#3518,#3519,#3520,#3521,#3522,#3523,
#3524,#3525,#3526,#3527),.UNSPECIFIED.,.F.,.F.,(4,2,2,2,2,2,2,2,2,2,4),
(-28.6347263092159,-28.545997953459,-28.4566599365395,-28.3547205333484,
-28.25672169456,-28.1548479341095,-28.0569116468854,-27.9551035396318,-27.8572297192243,
-27.7554872806482,-27.7543857832796),.UNSPECIFIED.);
#184=B_SPLINE_CURVE_WITH_KNOTS('',3,(#3532,#3533,#3534,#3535,#3536,#3537,
#3538,#3539,#3540,#3541,#3542,#3543,#3544,#3545,#3546,#3547,#3548,#3549,
#3550,#3551,#3552,#3553,#3554,#3555,#3556,#3557,#3558,#3559,#3560,#3561,
#3562,#3563,#3564,#3565,#3566,#3567),.UNSPECIFIED.,.F.,.F.,(4,2,2,2,2,2,
2,2,2,2,2,2,2,2,2,2,2,4),(-2.64321566251364,-2.64155674010354,-2.54144425249769,
-2.44513606277796,-2.34495878627982,-2.2485892964819,-2.14834726145478,
-2.05191635633088,-1.95160958678341,-1.8551171651282,-1.75474567930597,
-1.65819165178378,-1.55775546270411,-1.46113974997865,-1.36063886591382,
-1.26396139704215,-1.16339582195591,-1.06683837433949),.UNSPECIFIED.);
#185=B_SPLINE_CURVE_WITH_KNOTS('',3,(#3568,#3569,#3570,#3571,#3572,#3573,
#3574,#3575,#3576,#3577,#3578,#3579,#3580,#3581,#3582,#3583,#3584,#3585,
#3586,#3587,#3588,#3589,#3590,#3591,#3592,#3593,#3594,#3595,#3596,#3597,
#3598,#3599,#3600,#3601,#3602,#3603),.UNSPECIFIED.,.F.,.F.,(4,2,2,2,2,2,
2,2,2,2,2,2,2,2,2,2,2,4),(-27.7543857832796,-27.6576757199337,-27.5559988538995,
-27.4582495544434,-27.3566384053012,-27.2589512443784,-27.1574058459812,
-27.0597806815476,-26.9583010751731,-26.860737743991,-26.7593239791063,
-26.661822293127,-26.5604744282313,-26.4630341704431,-26.361752273995,-26.2643731936731,
-26.1631573451075,-26.1597990050497),.UNSPECIFIED.);
#186=B_SPLINE_CURVE_WITH_KNOTS('',3,(#3608,#3609,#3610,#3611,#3612,#3613,
#3614,#3615,#3616,#3617,#3618,#3619,#3620,#3621,#3622,#3623,#3624,#3625,
#3626,#3627,#3628,#3629,#3630,#3631,#3632,#3633,#3634,#3635,#3636,#3637,
#3638,#3639,#3640,#3641,#3642,#3643),.UNSPECIFIED.,.F.,.F.,(4,2,2,2,2,2,
2,2,2,2,2,2,2,2,2,2,2,4),(-4.21274235203781,-4.20839749251887,-4.10880542171012,
-4.01298076137134,-3.91332333571319,-3.81743920119635,-3.71771653190674,
-3.62177256498392,-3.52198474945328,-3.42598064026659,-3.32612776331243,
-3.23006324386948,-3.13014537888885,-3.03402021732647,-2.9340374273509,
-2.83785142289472,-2.73780376155291,-2.64321566251364),.UNSPECIFIED.);
#187=B_SPLINE_CURVE_WITH_KNOTS('',3,(#3644,#3645,#3646,#3647,#3648,#3649,
#3650,#3651,#3652,#3653,#3654,#3655,#3656,#3657,#3658,#3659,#3660,#3661,
#3662,#3663,#3664,#3665,#3666,#3667,#3668,#3669,#3670,#3671,#3672,#3673,
#3674,#3675,#3676,#3677,#3678,#3679),.UNSPECIFIED.,.F.,.F.,(4,2,2,2,2,2,
2,2,2,2,2,2,2,2,2,2,2,4),(-26.1597990050497,-26.0658391523982,-25.9646894432398,
-25.8674318030062,-25.766348338084,-25.6691508629392,-25.568133761706,-25.4709960041589,
-25.3700454021186,-25.2729668457567,-25.1720828959997,-25.0750629456379,
-24.9742458204822,-24.877283791213,-24.7765336839438,-24.6796287890337,
-24.5789459157317,-24.571568728383),.UNSPECIFIED.);
#188=B_SPLINE_CURVE_WITH_KNOTS('',3,(#3684,#3685,#3686,#3687,#3688,#3689,
#3690,#3691,#3692,#3693,#3694,#3695,#3696,#3697,#3698,#3699,#3700,#3701,
#3702,#3703,#3704,#3705,#3706,#3707,#3708,#3709,#3710,#3711,#3712,#3713,
#3714,#3715,#3716,#3717,#3718,#3719),.UNSPECIFIED.,.F.,.F.,(4,2,2,2,2,2,
2,2,2,2,2,2,2,2,2,2,2,4),(-5.77634847021071,-5.76728408365534,-5.66822101100735,
-5.57285056449311,-5.47372056499799,-5.37829634224138,-5.27909969499818,
-5.18362060118363,-5.08435755795508,-4.98882263455509,-4.88949342169622,
-4.79390183150343,-4.69450665186201,-4.5988576652158,-4.49939669997559,
-4.4036896821784,-4.30416309262436,-4.21274235203781),.UNSPECIFIED.);
#189=B_SPLINE_CURVE_WITH_KNOTS('',3,(#3720,#3721,#3722,#3723,#3724,#3725,
#3726,#3727,#3728,#3729,#3730,#3731,#3732,#3733,#3734,#3735,#3736,#3737,
#3738,#3739,#3740,#3741,#3742,#3743,#3744,#3745,#3746,#3747,#3748,#3749,
#3750,#3751,#3752,#3753,#3754,#3755),.UNSPECIFIED.,.F.,.F.,(4,2,2,2,2,2,
2,2,2,2,2,2,2,2,2,2,2,4),(-24.571568728383,-24.4820972533243,-24.3814818547645,
-24.2846883933713,-24.1841407369677,-24.0874012997536,-23.986921681517,
-23.8902349294217,-23.7898236758857,-23.6931880896642,-23.5928455597232,
-23.4962594210357,-23.3959860076257,-23.2994473793665,-23.1992435109018,
-23.1027502170214,-23.0026163584863,-22.9884408705446),.UNSPECIFIED.);
#190=B_SPLINE_CURVE_WITH_KNOTS('',3,(#3760,#3761,#3762,#3763,#3764,#3765,
#3766,#3767,#3768,#3769,#3770,#3771,#3772,#3773,#3774,#3775,#3776,#3777,
#3778,#3779,#3780,#3781,#3782,#3783,#3784,#3785,#3786,#3787,#3788,#3789,
#3790,#3791,#3792,#3793,#3794,#3795),.UNSPECIFIED.,.F.,.F.,(4,2,2,2,2,2,
2,2,2,2,2,2,2,2,2,2,2,4),(-7.33541708252987,-7.31855305102296,-7.22003929204599,
-7.12503751889398,-7.0264534177444,-6.93141366321243,-6.83275977179842,
-6.73767919762268,-6.63895603146603,-6.54383208564731,-6.445040123512,-6.34987052078643,
-6.25101020498245,-6.1557929068211,-6.05686464403959,-5.96159783861588,
-5.86260200116844,-5.77634847021071),.UNSPECIFIED.);
#191=B_SPLINE_CURVE_WITH_KNOTS('',3,(#3796,#3797,#3798,#3799,#3800,#3801,
#3802,#3803,#3804,#3805,#3806,#3807,#3808,#3809,#3810,#3811,#3812,#3813,
#3814,#3815,#3816,#3817,#3818,#3819,#3820,#3821,#3822,#3823,#3824,#3825,
#3826,#3827,#3828,#3829,#3830,#3831),.UNSPECIFIED.,.F.,.F.,(4,2,2,2,2,2,
2,2,2,2,2,2,2,2,2,2,2,4),(-22.9884408705446,-22.9061659636304,-22.806102617206,
-22.7096924065745,-22.609700111664,-22.5133270715686,-22.4134064040686,
-22.3170672037477,-22.2172187743968,-22.1209097497189,-22.0211342013474,
-21.9248513410949,-21.8251493445897,-21.7288882800647,-21.6292605288695,
-21.5330165275852,-21.4334637305625,-21.408744512593),.UNSPECIFIED.);
#192=B_SPLINE_CURVE_WITH_KNOTS('',3,(#3836,#3837,#3838,#3839,#3840,#3841,
#3842,#3843,#3844,#3845,#3846,#3847,#3848,#3849,#3850,#3851,#3852,#3853,
#3854,#3855,#3856,#3857,#3858,#3859,#3860,#3861,#3862,#3863,#3864,#3865,
#3866,#3867,#3868,#3869,#3870,#3871),.UNSPECIFIED.,.F.,.F.,(4,2,2,2,2,2,
2,2,2,2,2,2,2,2,2,2,2,4),(-8.89166843299389,-8.86314919140732,-8.76522146023605,
-8.67038193761744,-8.57237853954564,-8.47753576618236,-8.37945739422725,
-8.28460579467586,-8.1864531529463,-8.09158750279837,-7.99336129473801,
-7.8984767280308,-7.80017764658295,-7.70526965734829,-7.60689837695165,
-7.51196281558062,-7.41351998586498,-7.33541708252987),.UNSPECIFIED.);
#193=B_SPLINE_CURVE_WITH_KNOTS('',3,(#3872,#3873,#3874,#3875,#3876,#3877,
#3878,#3879,#3880,#3881,#3882,#3883,#3884,#3885,#3886,#3887,#3888,#3889,
#3890,#3891,#3892,#3893,#3894,#3895,#3896,#3897,#3898,#3899,#3900,#3901,
#3902,#3903,#3904,#3905,#3906,#3907),.UNSPECIFIED.,.F.,.F.,(4,2,2,2,2,2,
2,2,2,2,2,2,2,2,2,2,2,4),(-21.408744512593,-21.3372316947824,-21.2377545672885,
-21.1415290381375,-21.0421282911934,-20.9459034589909,-20.8465797864793,
-20.750349507827,-20.6511035717058,-20.5548613937062,-20.4556938073021,
-20.3594329990859,-20.2603443086139,-20.1640579001247,-20.0650485646719,
-19.9687293923975,-19.869799762703,-19.830758716526),.UNSPECIFIED.);
#194=B_SPLINE_CURVE_WITH_KNOTS('',3,(#3912,#3913,#3914,#3915,#3916,#3917,
#3918,#3919,#3920,#3921,#3922,#3923,#3924,#3925,#3926,#3927,#3928,#3929,
#3930,#3931,#3932,#3933,#3934,#3935,#3936,#3937,#3938,#3939,#3940,#3941,
#3942,#3943,#3944,#3945,#3946,#3947),.UNSPECIFIED.,.F.,.F.,(4,2,2,2,2,2,
2,2,2,2,2,2,2,2,2,2,2,4),(-10.4466913132326,-10.40314666204,-10.3058425447704,
-10.2107939894253,-10.1134110658911,-10.0184133728394,-9.92095161616141,
-9.82599748341718,-9.72845702934207,-9.63353920368968,-9.53592032872491,
-9.44103166509778,-9.34333476460862,-9.24846828060473,-9.15069384741135,
-9.0558427719669,-8.95799137590601,-8.89166843299389),.UNSPECIFIED.);
#195=B_SPLINE_CURVE_WITH_KNOTS('',3,(#3948,#3949,#3950,#3951,#3952,#3953,
#3954,#3955,#3956,#3957,#3958,#3959,#3960,#3961,#3962,#3963,#3964,#3965,
#3966,#3967,#3968,#3969,#3970,#3971,#3972,#3973,#3974,#3975,#3976,#3977,
#3978,#3979,#3980,#3981,#3982,#3983),.UNSPECIFIED.,.F.,.F.,(4,2,2,2,2,2,
2,2,2,2,2,2,2,2,2,2,2,4),(-19.830758716526,-19.7734405217771,-19.6745908182296,
-19.5781841200532,-19.4794144104147,-19.3829528446983,-19.284263022125,
-19.1877392220278,-19.0891289840115,-18.9925356928816,-18.8940045217516,
-18.7973345627363,-18.698881697693,-18.6021280990506,-18.5037525422985,
-18.4069087635538,-18.308609259903,-18.2532502357217),.UNSPECIFIED.);
#196=B_SPLINE_CURVE_WITH_KNOTS('',3,(#3988,#3989,#3990,#3991,#3992,#3993,
#3994,#3995,#3996,#3997,#3998,#3999,#4000,#4001,#4002,#4003,#4004,#4005,
#4006,#4007,#4008,#4009,#4010,#4011,#4012,#4013,#4014,#4015,#4016,#4017,
#4018,#4019,#4020,#4021,#4022,#4023),.UNSPECIFIED.,.F.,.F.,(4,2,2,2,2,2,
2,2,2,2,2,2,2,2,2,2,2,4),(-12.0015162803594,-11.9418794413488,-11.8451790843687,
-11.7494747986565,-11.6527038490169,-11.55710323015,-11.4602597753152,-11.3647573728214,
-11.2678397655918,-11.1724297025975,-11.0754365600079,-10.9801125798421,
-10.883042777978,-10.7877982935077,-10.6906509527238,-10.5954788891474,
-10.498253367405,-10.4466913132326),.UNSPECIFIED.);
#197=B_SPLINE_CURVE_WITH_KNOTS('',3,(#4024,#4025,#4026,#4027,#4028,#4029,
#4030,#4031,#4032,#4033,#4034,#4035,#4036,#4037,#4038,#4039,#4040,#4041,
#4042,#4043,#4044,#4045,#4046,#4047,#4048,#4049,#4050,#4051,#4052,#4053,
#4054,#4055,#4056,#4057,#4058,#4059),.UNSPECIFIED.,.F.,.F.,(4,2,2,2,2,2,
2,2,2,2,2,2,2,2,2,2,2,4),(-18.2532502357217,-18.2116691164719,-18.1134441450834,
-18.016401859443,-17.9182496303741,-17.8210998760624,-17.7230183310087,
-17.6257562685624,-17.5277430858207,-17.4303643900513,-17.3324169935849,
-17.2349178718968,-17.1370334442509,-17.0394106460059,-16.941586144705,
-16.8438369619165,-16.7460691388805,-16.6754023366971),.UNSPECIFIED.);
#198=B_SPLINE_CURVE_WITH_KNOTS('',3,(#4064,#4065,#4066,#4067,#4068,#4069,
#4070,#4071,#4072,#4073,#4074,#4075,#4076,#4077,#4078,#4079,#4080,#4081,
#4082,#4083,#4084,#4085,#4086,#4087,#4088,#4089,#4090,#4091,#4092,#4093,
#4094,#4095,#4096,#4097,#4098,#4099),.UNSPECIFIED.,.F.,.F.,(4,2,2,2,2,2,
2,2,2,2,2,2,2,2,2,2,2,4),(-13.5569627610596,-13.4831086209978,-13.3868750989173,
-13.2902053623553,-13.193924940443,-13.0973842347446,-13.0010532955715,
-12.9046402702456,-12.8082553402492,-12.7119681429886,-12.6155259167326,
-12.5193621750707,-12.4228595379527,-12.3268163477413,-12.2302503965676,
-12.1343243180935,-12.0376923789667,-12.0015162803594),.UNSPECIFIED.);
#199=B_SPLINE_CURVE_WITH_KNOTS('',3,(#4100,#4101,#4102,#4103,#4104,#4105,
#4106,#4107,#4108,#4109,#4110,#4111,#4112,#4113,#4114,#4115,#4116,#4117,
#4118,#4119,#4120,#4121,#4122,#4123,#4124,#4125,#4126,#4127,#4128,#4129,
#4130,#4131,#4132,#4133,#4134,#4135),.UNSPECIFIED.,.F.,.F.,(4,2,2,2,2,2,
2,2,2,2,2,2,2,2,2,2,2,4),(-16.6754023366971,-16.6481913987599,-16.5487526706971,
-16.4525222075293,-16.3530074228925,-16.2567678951625,-16.1571777684511,
-16.0609238825179,-15.9612591273458,-15.8649859533454,-15.7652472724926,
-15.668950245798,-15.5691383231255,-15.4728132405603,-15.3729287346458,
-15.2765717461992,-15.1766152855341,-15.0961157962981),.UNSPECIFIED.);
#200=B_SPLINE_CURVE_WITH_KNOTS('',3,(#4140,#4141,#4142,#4143,#4144,#4145,
#4146,#4147,#4148,#4149,#4150,#4151,#4152,#4153,#4154,#4155,#4156,#4157,
#4158,#4159,#4160,#4161,#4162,#4163,#4164,#4165,#4166,#4167,#4168,#4169,
#4170,#4171,#4172,#4173,#4174,#4175),.UNSPECIFIED.,.F.,.F.,(4,2,2,2,2,2,
2,2,2,2,2,2,2,2,2,2,2,4),(-15.1142978638794,-15.0297723205836,-14.9337747907064,
-14.8360746498793,-14.7400613482207,-14.6424866433913,-14.5464536843697,
-14.4490059284921,-14.3529493826966,-14.2556298601781,-14.1595457734708,
-14.0623555026023,-13.9662399170367,-13.8691796117304,-13.7730285880887,
-13.676098619637,-13.5799082613185,-13.5569627610596),.UNSPECIFIED.);
#201=B_SPLINE_CURVE_WITH_KNOTS('',3,(#4176,#4177,#4178,#4179,#4180,#4181,
#4182,#4183,#4184,#4185,#4186,#4187,#4188,#4189,#4190,#4191,#4192,#4193,
#4194,#4195,#4196,#4197,#4198,#4199,#4200,#4201,#4202,#4203,#4204,#4205,
#4206,#4207,#4208,#4209,#4210,#4211),.UNSPECIFIED.,.F.,.F.,(4,2,2,2,2,2,
2,2,2,2,2,2,2,2,2,2,2,4),(-15.0961157962981,-15.0802228823424,-14.9801950619109,
-14.8837640612636,-14.783665440321,-14.6871929684115,-14.5870240692789,
-14.4905075423659,-14.3902688500689,-14.2937059546472,-14.1933979172363,
-14.0967865897389,-13.9964096191459,-13.8997480256218,-13.7993024989245,
-13.7025890150576,-13.6020752760405,-13.513743923627),.UNSPECIFIED.);
#202=B_SPLINE_CURVE_WITH_KNOTS('',3,(#4216,#4217,#4218,#4219,#4220,#4221,
#4222,#4223,#4224,#4225,#4226,#4227,#4228,#4229,#4230,#4231,#4232,#4233,
#4234,#4235,#4236,#4237,#4238,#4239,#4240,#4241,#4242,#4243,#4244,#4245,
#4246,#4247,#4248,#4249,#4250,#4251),.UNSPECIFIED.,.F.,.F.,(4,2,2,2,2,2,
2,2,2,2,2,2,2,2,2,2,2,4),(-16.6751911485585,-16.5866721453896,-16.4874544432201,
-16.392010164739,-16.2928591180818,-16.1974686505697,-16.0983845379941,
-15.9999720310001,-15.9039976982731,-15.8056986399893,-15.7097267760628,
-15.6115433615958,-15.515570517091,-15.4175048982609,-15.3215275142813,
-15.22358177488,-15.1275961921875,-15.1142978638794),.UNSPECIFIED.);
#203=B_SPLINE_CURVE_WITH_KNOTS('',3,(#4252,#4253,#4254,#4255,#4256,#4257,
#4258,#4259,#4260,#4261,#4262,#4263,#4264,#4265,#4266,#4267,#4268,#4269,
#4270,#4271,#4272,#4273,#4274,#4275,#4276,#4277,#4278,#4279,#4280,#4281,
#4282,#4283,#4284,#4285,#4286,#4287),.UNSPECIFIED.,.F.,.F.,(4,2,2,2,2,2,
2,2,2,2,2,2,2,2,2,2,2,4),(-13.513743923627,-13.5053084678008,-13.4047268287178,
-13.3079054338688,-13.2072561773299,-13.1103790879532,-13.0096624688711,
-12.9127287150152,-12.8119449625623,-12.7149536970805,-12.6141030166156,
-12.5170535012149,-12.4161360761526,-12.3190276686498,-12.2180436622497,
-12.1208758050044,-12.0198253620663,-11.9265643448819),.UNSPECIFIED.);
#204=B_SPLINE_CURVE_WITH_KNOTS('',3,(#4292,#4293,#4294,#4295,#4296,#4297,
#4298,#4299,#4300,#4301,#4302,#4303,#4304,#4305,#4306,#4307,#4308,#4309,
#4310,#4311,#4312,#4313,#4314,#4315,#4316,#4317,#4318,#4319,#4320,#4321,
#4322,#4323,#4324,#4325,#4326,#4327),.UNSPECIFIED.,.F.,.F.,(4,2,2,2,2,2,
2,2,2,2,2,2,2,2,2,2,2,4),(-18.2412060563277,-18.1483855015013,-18.0486417001896,
-17.9527373092693,-17.853058762392,-17.7572138653734,-17.6576006838721,
-17.5618148679572,-17.4622671779346,-17.3665399665127,-17.2670579106975,
-17.1713887541122,-17.0719724934289,-16.9763607586907,-16.8770104739314,
-16.7814554333159,-16.6821713269034,-16.6751911485585),.UNSPECIFIED.);
#205=B_SPLINE_CURVE_WITH_KNOTS('',3,(#4328,#4329,#4330,#4331,#4332,#4333,
#4334,#4335,#4336,#4337,#4338,#4339,#4340,#4341,#4342,#4343,#4344,#4345,
#4346,#4347,#4348,#4349,#4350,#4351,#4352,#4353,#4354,#4355,#4356,#4357,
#4358,#4359,#4360,#4361,#4362,#4363),.UNSPECIFIED.,.F.,.F.,(4,2,2,2,2,2,
2,2,2,2,2,2,2,2,2,2,2,4),(-11.9265643448819,-11.9225975715446,-11.8214808200015,
-11.7241926774089,-11.623009729813,-11.5256608727293,-11.4244118276294,
-11.3270019425726,-11.2256868857847,-11.1282157016272,-11.0268347074024,
-10.9293019895657,-10.8278551216581,-10.7302606670121,-10.6287479796541,
-10.5310916120506,-10.4295131508401,-10.3332325809988),.UNSPECIFIED.);
#206=B_SPLINE_CURVE_WITH_KNOTS('',3,(#4368,#4369,#4370,#4371,#4372,#4373,
#4374,#4375,#4376,#4377,#4378,#4379,#4380,#4381,#4382,#4383,#4384,#4385,
#4386,#4387,#4388,#4389,#4390,#4391,#4392,#4393,#4394,#4395,#4396,#4397,
#4398,#4399,#4400,#4401,#4402,#4403),.UNSPECIFIED.,.F.,.F.,(4,2,2,2,2,2,
2,2,2,2,2,2,2,2,2,2,2,4),(-19.8135443531991,-19.7180869089587,-19.6178236480582,
-19.5214337705825,-19.421235280504,-19.3249067178044,-19.2247730287796,
-19.1285056493915,-19.0284367986481,-18.9322304516981,-18.83222648418,-18.7360809960417,
-18.6361419652041,-18.5400571356558,-18.4401831043392,-18.3441587021616,
-18.2443497435536,-18.2412060563277),.UNSPECIFIED.);
#207=B_SPLINE_CURVE_WITH_KNOTS('',3,(#4404,#4405,#4406,#4407,#4408,#4409,
#4410,#4411,#4412,#4413,#4414,#4415,#4416,#4417,#4418,#4419,#4420,#4421,
#4422,#4423,#4424,#4425,#4426,#4427,#4428,#4429,#4430,#4431,#4432,#4433,
#4434,#4435,#4436,#4437,#4438,#4439),.UNSPECIFIED.,.F.,.F.,(4,2,2,2,2,2,
2,2,2,2,2,2,2,2,2,2,2,4),(-10.3332325809988,-10.3317947172144,-10.2301505199212,
-10.1323698868997,-10.0306599841963,-9.93281703515304,-9.83104145127725,
-9.73313608378685,-9.63129483714016,-9.53332696077996,-9.4314200644695,
-9.33338959892745,-9.23141706125515,-9.13332393470536,-9.03128575960996,
-8.93312990732138,-8.83102609477758,-8.73285874432145),.UNSPECIFIED.);
#208=B_SPLINE_CURVE_WITH_KNOTS('',3,(#4444,#4445,#4446,#4447,#4448,#4449,
#4450,#4451,#4452,#4453,#4454,#4455,#4456,#4457,#4458,#4459,#4460,#4461,
#4462,#4463,#4464,#4465,#4466,#4467,#4468,#4469,#4470,#4471,#4472,#4473,
#4474,#4475,#4476,#4477,#4478,#4479,#4480,#4481),.UNSPECIFIED.,.F.,.F.,
(4,2,2,2,2,2,2,2,2,2,2,2,2,2,2,2,2,2,4),(-21.3927227523548,-21.3925336737476,
-21.2957310844243,-21.195051268171,-21.0981960711265,-20.9974797958275,
-20.9006581441661,-20.8000065762927,-20.703246816207,-20.6026599521797,
-20.505962025685,-20.4054398654765,-20.3088037087668,-20.2083462562569,
-20.111771798533,-20.0113790619027,-19.914866224001,-19.8145382161675,-19.8135443531991),
 .UNSPECIFIED.);
#209=B_SPLINE_CURVE_WITH_KNOTS('',3,(#4482,#4483,#4484,#4485,#4486,#4487,
#4488,#4489,#4490,#4491,#4492,#4493,#4494,#4495,#4496,#4497,#4498,#4499,
#4500,#4501,#4502,#4503,#4504,#4505,#4506,#4507,#4508,#4509,#4510,#4511,
#4512,#4513,#4514,#4515,#4516,#4517,#4518,#4519),.UNSPECIFIED.,.F.,.F.,
(4,2,2,2,2,2,2,2,2,2,2,2,2,2,2,2,2,2,4),(-8.73285874432145,-8.73280745792533,
-8.6306380043043,-8.53238533797773,-8.43025285682026,-8.3320535577169,-8.22999595273245,
-8.13184927755588,-8.02986724238469,-7.93177239582372,-7.82986667528333,
-7.73182280653535,-7.62999419949717,-7.53200039862073,-7.43024976093132,
-7.3323050550304,-7.23063330245491,-7.13273665169949,-7.13158731232362),
 .UNSPECIFIED.);
#210=B_SPLINE_CURVE_WITH_KNOTS('',3,(#4524,#4525,#4526,#4527,#4528,#4529,
#4530,#4531,#4532,#4533,#4534,#4535,#4536,#4537,#4538,#4539,#4540,#4541,
#4542,#4543,#4544,#4545,#4546,#4547,#4548,#4549,#4550,#4551,#4552,#4553,
#4554,#4555,#4556,#4557,#4558,#4559),.UNSPECIFIED.,.F.,.F.,(4,2,2,2,2,2,
2,2,2,2,2,2,2,2,2,2,2,4),(-22.9694293277044,-22.9678772617658,-22.8714643948995,
-22.7713972440493,-22.6749392707937,-22.5747923618771,-22.4782881128037,
-22.3780624753855,-22.2815108553473,-22.1812074541717,-22.0846074380833,
-21.9842271759307,-21.887577804691,-21.7871215252734,-21.6904219018434,
-21.5898903927059,-21.4931396783465,-21.3927227523548),.UNSPECIFIED.);
#211=B_SPLINE_CURVE_WITH_KNOTS('',3,(#4560,#4561,#4562,#4563,#4564,#4565,
#4566,#4567,#4568,#4569,#4570,#4571,#4572,#4573,#4574,#4575,#4576,#4577,
#4578,#4579,#4580,#4581,#4582,#4583,#4584,#4585,#4586,#4587,#4588,#4589,
#4590,#4591,#4592,#4593,#4594,#4595),.UNSPECIFIED.,.F.,.F.,(4,2,2,2,2,2,
2,2,2,2,2,2,2,2,2,2,2,4),(-7.13158731232362,-7.03114476285915,-6.93329505634966,
-6.83178407561969,-6.73398012710605,-6.6325511674335,-6.53479171090353,
-6.43344595649734,-6.3357296416534,-6.23446835049079,-6.13679373813892,
-6.03561824422284,-5.93798380160413,-5.83689551689703,-5.7392996129975,
-5.63830002894553,-5.54074092982804,-5.53745431955483),.UNSPECIFIED.);
#212=B_SPLINE_CURVE_WITH_KNOTS('',3,(#4600,#4601,#4602,#4603,#4604,#4605,
#4606,#4607,#4608,#4609,#4610,#4611,#4612,#4613,#4614,#4615,#4616,#4617,
#4618,#4619,#4620,#4621,#4622,#4623,#4624,#4625,#4626,#4627,#4628,#4629,
#4630,#4631,#4632,#4633,#4634,#4635),.UNSPECIFIED.,.F.,.F.,(4,2,2,2,2,2,
2,2,2,2,2,2,2,2,2,2,2,4),(-24.5392254253127,-24.5352436779757,-24.4391391759433,
-24.3397557622886,-24.2436187211668,-24.144144688401,-24.0479731824644,
-23.9484101599824,-23.8522023738953,-23.7525519113395,-23.6563061357578,
-23.5565697034139,-23.460284330456,-23.3604633202554,-23.2641368389002,
-23.1642325659227,-23.0678635573863,-22.9694293277044),.UNSPECIFIED.);
#213=B_SPLINE_CURVE_WITH_KNOTS('',3,(#4636,#4637,#4638,#4639,#4640,#4641,
#4642,#4643,#4644,#4645,#4646,#4647,#4648,#4649,#4650,#4651,#4652,#4653,
#4654,#4655,#4656,#4657,#4658,#4659,#4660,#4661,#4662,#4663,#4664,#4665,
#4666,#4667,#4668,#4669,#4670,#4671),.UNSPECIFIED.,.F.,.F.,(4,2,2,2,2,2,
2,2,2,2,2,2,2,2,2,2,2,4),(-5.53745431955483,-5.43983161837864,-5.34230748258806,
-5.24149009659194,-5.1439989706937,-5.04327524356925,-4.94581505789054,
-4.84518680241687,-4.74775536706969,-4.64722447316151,-4.54981947443721,
-4.44938790574332,-4.35200690297881,-4.2516766921355,-4.15431711516209,
-4.05409035752381,-3.95674950481994,-3.94972731095263),.UNSPECIFIED.);
#214=B_SPLINE_CURVE_WITH_KNOTS('',3,(#4676,#4677,#4678,#4679,#4680,#4681,
#4682,#4683,#4684,#4685,#4686,#4687,#4688,#4689,#4690,#4691,#4692,#4693,
#4694,#4695,#4696,#4697,#4698,#4699,#4700,#4701,#4702,#4703,#4704,#4705,
#4706,#4707,#4708,#4709,#4710,#4711),.UNSPECIFIED.,.F.,.F.,(4,2,2,2,2,2,
2,2,2,2,2,2,2,2,2,2,2,4),(-26.1029540575601,-26.0947631471812,-25.9988351722832,
-25.9002443634451,-25.8043036502444,-25.705606574891,-25.6096501992005,
-25.5108490211121,-25.4148741892647,-25.3159710279907,-25.2199750768023,
-25.1209719979337,-25.0249523937058,-24.925851401012,-24.8298057377114,
-24.7306087669589,-24.6345347637029,-24.5392254253127),.UNSPECIFIED.);
#215=B_SPLINE_CURVE_WITH_KNOTS('',3,(#4712,#4713,#4714,#4715,#4716,#4717,
#4718,#4719,#4720,#4721,#4722,#4723,#4724,#4725,#4726,#4727,#4728,#4729,
#4730,#4731,#4732,#4733,#4734,#4735,#4736,#4737,#4738,#4739,#4740,#4741,
#4742,#4743,#4744,#4745,#4746,#4747),.UNSPECIFIED.,.F.,.F.,(4,2,2,2,2,2,
2,2,2,2,2,2,2,2,2,2,2,4),(-3.94972731095263,-3.85662835048409,-3.75930338816284,
-3.65929003210304,-3.56197799387392,-3.46207466399852,-3.36477245224955,
-3.26498139521078,-3.16768578336102,-3.06800924795551,-2.97071688422931,
-2.87115710225495,-2.77386451502578,-2.67442367949355,-2.57712728433708,
-2.47780752498149,-2.38050363356362,-2.36723670812771),.UNSPECIFIED.);
#216=B_SPLINE_CURVE_WITH_KNOTS('',3,(#4752,#4753,#4754,#4755,#4756,#4757,
#4758,#4759,#4760,#4761,#4762,#4763,#4764,#4765,#4766,#4767,#4768,#4769,
#4770,#4771,#4772,#4773,#4774,#4775,#4776,#4777,#4778,#4779,#4780,#4781,
#4782,#4783,#4784,#4785,#4786,#4787),.UNSPECIFIED.,.F.,.F.,(4,2,2,2,2,2,
2,2,2,2,2,2,2,2,2,2,2,4),(-27.6618772484624,-27.646758333398,-27.5508123296283,
-27.4531498841055,-27.3572188068774,-27.2594331040793,-27.1635131466147,
-27.0656060781366,-26.9696935127452,-26.8716670887819,-26.775758279524,
-26.6776145994693,-26.5817060128308,-26.4834472384719,-26.3875354521268,
-26.2891637835012,-26.1932454932658,-26.1029540575601),.UNSPECIFIED.);
#217=B_SPLINE_CURVE_WITH_KNOTS('',3,(#4788,#4789,#4790,#4791,#4792,#4793,
#4794,#4795,#4796,#4797,#4798,#4799,#4800,#4801,#4802,#4803,#4804,#4805,
#4806,#4807,#4808,#4809,#4810,#4811,#4812,#4813,#4814,#4815,#4816,#4817,
#4818,#4819,#4820,#4821,#4822,#4823),.UNSPECIFIED.,.F.,.F.,(4,2,2,2,2,2,
2,2,2,2,2,2,2,2,2,2,2,4),(-2.36723670812771,-2.28130698965186,-2.18399182055642,
-2.08492021106561,-1.98758990263809,-1.88864509395183,-1.79129571919914,
-1.69247929056814,-1.59510687410964,-1.49642018122618,-1.39902071823837,
-1.30046485538665,-1.20303433242333,-1.10461009378601,-1.00714451128927,
-0.908852352108395,-0.811347748354362,-0.788402851754233),.UNSPECIFIED.);
#218=B_SPLINE_CURVE_WITH_KNOTS('',3,(#4825,#4826,#4827,#4828,#4829,#4830,
#4831,#4832,#4833,#4834,#4835,#4836,#4837,#4838,#4839,#4840,#4841,#4842,
#4843,#4844),.UNSPECIFIED.,.F.,.F.,(4,2,2,2,2,2,2,2,2,4),(-0.788402851754233,
-0.71318784215988,-0.615640442038047,-0.517612386782626,-0.420018256427481,
-0.322121239695028,-0.224476683550664,-0.126709443893018,-0.0627932856894649,
-1.00000005975875E-6),.UNSPECIFIED.);
#219=B_SPLINE_CURVE_WITH_KNOTS('',3,(#4847,#4848,#4849,#4850,#4851,#4852,
#4853,#4854,#4855,#4856,#4857,#4858,#4859,#4860,#4861,#4862),
 .UNSPECIFIED.,.F.,.F.,(4,2,2,2,2,2,2,4),(-28.2453782989038,-28.188694991819,
-28.1309411994692,-28.0336583633131,-27.9376710075753,-27.8402602803012,
-27.7442956411087,-27.6618772484624),.UNSPECIFIED.);
#220=B_SPLINE_CURVE_WITH_KNOTS('',3,(#4865,#4866,#4867,#4868,#4869,#4870,
#4871,#4872,#4873,#4874,#4875,#4876,#4877,#4878,#4879,#4880,#4881,#4882,
#4883,#4884,#4885,#4886,#4887,#4888,#4889,#4890),.UNSPECIFIED.,.F.,.F.,
(4,2,2,2,2,2,2,2,2,2,2,2,4),(-2.86437633643097,-2.57078513694864,-2.1507603685864,
-1.76876809591065,-1.43613158885777,-1.13879218390166,-0.882353222055708,
-0.655545091508917,-0.461457273384597,-0.291242278644197,-0.14679085118713,
-0.0625905128522928,0.),.UNSPECIFIED.);
#221=B_SPLINE_CURVE_WITH_KNOTS('',3,(#4891,#4892,#4893,#4894,#4895,#4896,
#4897,#4898,#4899,#4900,#4901,#4902,#4903,#4904),.UNSPECIFIED.,.F.,.F.,
(4,2,2,2,2,2,4),(1.00000005283881E-6,0.0527345626666986,0.105596294347979,
0.220775052605828,0.36815283008613,0.46508347787993,0.55397720188606),
 .UNSPECIFIED.);
#222=B_SPLINE_CURVE_WITH_KNOTS('',3,(#4905,#4906,#4907,#4908,#4909,#4910,
#4911,#4912,#4913,#4914,#4915,#4916,#4917,#4918),.UNSPECIFIED.,.F.,.F.,
(4,2,2,2,2,2,4),(-6.03354321147127,-5.41926887833394,-4.79298130036233,
-4.16008237391567,-3.5706498118882,-3.04983835025725,-2.86437633643097),
 .UNSPECIFIED.);
#223=B_SPLINE_CURVE_WITH_KNOTS('',3,(#4923,#4924,#4925,#4926,#4927,#4928,
#4929,#4930,#4931,#4932,#4933,#4934,#4935,#4936,#4937,#4938),
 .UNSPECIFIED.,.F.,.F.,(4,2,2,2,2,2,2,4),(1.97333023980442,2.08620201412717,
2.28740043968828,2.50713973239239,2.74033684457712,2.9951671950202,3.18647192508911,
3.33116915927729),.UNSPECIFIED.);
#224=B_SPLINE_CURVE_WITH_KNOTS('',3,(#6320,#6321,#6322,#6323,#6324,#6325,
#6326),.UNSPECIFIED.,.F.,.F.,(4,3,4),(0.,0.0634878905936578,0.119392499099639),
 .UNSPECIFIED.);
#225=B_SPLINE_CURVE_WITH_KNOTS('',3,(#6327,#6328,#6329,#6330),
 .UNSPECIFIED.,.F.,.F.,(4,4),(-0.718808293557154,0.),.UNSPECIFIED.);
#226=B_SPLINE_CURVE_WITH_KNOTS('',3,(#6331,#6332,#6333,#6334),
 .UNSPECIFIED.,.F.,.F.,(4,4),(0.,0.795339912301213),.UNSPECIFIED.);
#227=B_SPLINE_CURVE_WITH_KNOTS('',3,(#6356,#6357,#6358,#6359,#6360,#6361,
#6362),.UNSPECIFIED.,.F.,.F.,(4,3,4),(0.,0.0644564716359313,0.119446757583073),
 .UNSPECIFIED.);
#228=B_SPLINE_CURVE_WITH_KNOTS('',3,(#6364,#6365,#6366,#6367,#6368),
 .UNSPECIFIED.,.F.,.F.,(4,1,4),(0.0765316187440598,0.373659227590831,0.871871531045273),
 .UNSPECIFIED.);
#229=B_SPLINE_CURVE_WITH_KNOTS('',3,(#6369,#6370,#6371,#6372,#6373,#6374,
#6375,#6376,#6377,#6378),.UNSPECIFIED.,.F.,.F.,(4,3,3,4),(0.213477071783439,
0.219148395902056,0.286196180655095,0.333003658278977),.UNSPECIFIED.);
#230=B_SPLINE_CURVE_WITH_KNOTS('',3,(#6383,#6384,#6385,#6386,#6387,#6388,
#6389,#6390,#6391,#6392,#6393,#6394,#6395),.UNSPECIFIED.,.F.,.F.,(4,3,3,
3,4),(0.,0.0363991875318579,0.0594680310699439,0.0810288737337685,0.119321390735289),
 .UNSPECIFIED.);
#231=B_SPLINE_CURVE_WITH_KNOTS('',3,(#6397,#6398,#6399,#6400,#6401,#6402,
#6403,#6404,#6405,#6406),.UNSPECIFIED.,.F.,.F.,(4,3,3,4),(0.,0.040503875911947,
0.0619378512340268,0.119317382146368),.UNSPECIFIED.);
#232=B_SPLINE_CURVE_WITH_KNOTS('',3,(#6410,#6411,#6412,#6413,#6414,#6415,
#6416),.UNSPECIFIED.,.F.,.F.,(4,3,4),(0.,0.0630303662797435,0.119487498720474),
 .UNSPECIFIED.);
#233=B_SPLINE_CURVE_WITH_KNOTS('',3,(#6418,#6419,#6420,#6421,#6422,#6423,
#6424),.UNSPECIFIED.,.F.,.F.,(4,3,4),(0.0714774678429355,0.138067302323414,
0.191187227418634),.UNSPECIFIED.);
#234=B_SPLINE_CURVE_WITH_KNOTS('',3,(#6443,#6444,#6445,#6446),
 .UNSPECIFIED.,.F.,.F.,(4,4),(0.,0.718808293557154),.UNSPECIFIED.);
#235=B_SPLINE_CURVE_WITH_KNOTS('',3,(#6449,#6450,#6451,#6452,#6453),
 .UNSPECIFIED.,.F.,.F.,(4,1,4),(0.0765316187440598,0.373659227590831,0.871871531045273),
 .UNSPECIFIED.);
#236=B_SPLINE_CURVE_WITH_KNOTS('',3,(#6478,#6479,#6480,#6481),
 .UNSPECIFIED.,.F.,.F.,(4,4),(-0.718808293557154,0.),.UNSPECIFIED.);
#237=B_SPLINE_CURVE_WITH_KNOTS('',3,(#6482,#6483,#6484,#6485),
 .UNSPECIFIED.,.F.,.F.,(4,4),(0.,0.795339912301213),.UNSPECIFIED.);
#238=B_SPLINE_CURVE_WITH_KNOTS('',3,(#6506,#6507,#6508,#6509,#6510,#6511,
#6512),.UNSPECIFIED.,.F.,.F.,(4,3,4),(0.,0.064408410292042,0.119456085304112),
 .UNSPECIFIED.);
#239=B_SPLINE_CURVE_WITH_KNOTS('',3,(#6533,#6534,#6535,#6536),
 .UNSPECIFIED.,.F.,.F.,(4,4),(0.,0.795339912301213),.UNSPECIFIED.);
#240=B_SPLINE_CURVE_WITH_KNOTS('',3,(#6558,#6559,#6560,#6561,#6562,#6563,
#6564,#6565,#6566,#6567,#6568,#6569,#6570),.UNSPECIFIED.,.F.,.F.,(4,3,3,
3,4),(0.,0.0369905194757368,0.0581515246264259,0.080822617201847,0.119321390735242),
 .UNSPECIFIED.);
#241=B_SPLINE_CURVE_WITH_KNOTS('',3,(#6571,#6572,#6573,#6574,#6575,#6576,
#6577),.UNSPECIFIED.,.F.,.F.,(4,3,4),(-0.871871531045273,-0.498212303454442,
-0.0765316187440598),.UNSPECIFIED.);
#242=B_SPLINE_SURFACE_WITH_KNOTS('',3,3,((#2412,#2413,#2414,#2415,#2416),
(#2417,#2418,#2419,#2420,#2421),(#2422,#2423,#2424,#2425,#2426),(#2427,
#2428,#2429,#2430,#2431)),.UNSPECIFIED.,.F.,.F.,.F.,(4,4),(4,1,4),(-1.32187925601011E-16,
0.115470053837926),(0.718808293557153,1.08394602208761,1.5707963267949),
 .UNSPECIFIED.);
#243=B_SPLINE_SURFACE_WITH_KNOTS('',3,3,((#2461,#2462,#2463,#2464),(#2465,
#2466,#2467,#2468),(#2469,#2470,#2471,#2472),(#2473,#2474,#2475,#2476)),
 .UNSPECIFIED.,.F.,.F.,.F.,(4,4),(4,4),(-6.24162910806512E-17,0.115470053837925),
(0.795339912301213,1.5707963267949),.UNSPECIFIED.);
#244=B_SPLINE_SURFACE_WITH_KNOTS('',3,3,((#2575,#2576,#2577,#2578,#2579),
(#2580,#2581,#2582,#2583,#2584),(#2585,#2586,#2587,#2588,#2589),(#2590,
#2591,#2592,#2593,#2594)),.UNSPECIFIED.,.F.,.F.,.F.,(4,4),(4,1,4),(-1.7310092872346E-16,
0.115470053837925),(0.718808293557154,1.08394602208761,1.5707963267949),
 .UNSPECIFIED.);
#245=B_SPLINE_SURFACE_WITH_KNOTS('',3,3,((#2615,#2616,#2617,#2618),(#2619,
#2620,#2621,#2622),(#2623,#2624,#2625,#2626),(#2627,#2628,#2629,#2630)),
 .UNSPECIFIED.,.F.,.F.,.F.,(4,4),(4,4),(-1.86141484438307E-18,0.115470053837925),
(0.795339912301213,1.5707963267949),.UNSPECIFIED.);
#246=B_SPLINE_SURFACE_WITH_KNOTS('',3,3,((#2644,#2645,#2646,#2647,#2648),
(#2649,#2650,#2651,#2652,#2653),(#2654,#2655,#2656,#2657,#2658),(#2659,
#2660,#2661,#2662,#2663)),.UNSPECIFIED.,.F.,.F.,.F.,(4,4),(4,1,4),(0.,0.115470053837925),
(0.718808293557153,1.08394602208761,1.5707963267949),.UNSPECIFIED.);
#247=B_SPLINE_SURFACE_WITH_KNOTS('',3,3,((#2682,#2683,#2684,#2685),(#2686,
#2687,#2688,#2689),(#2690,#2691,#2692,#2693),(#2694,#2695,#2696,#2697)),
 .UNSPECIFIED.,.F.,.F.,.F.,(4,4),(4,4),(0.,0.115470053837925),(0.795339912301213,
1.5707963267949),.UNSPECIFIED.);
#248=B_SPLINE_SURFACE_WITH_KNOTS('',3,3,((#6302,#6303,#6304,#6305),(#6306,
#6307,#6308,#6309),(#6310,#6311,#6312,#6313),(#6314,#6315,#6316,#6317)),
 .UNSPECIFIED.,.F.,.F.,.F.,(4,4),(4,4),(-5.5832811925401E-17,0.115470053837925),
(0.,0.795339912301213),.UNSPECIFIED.);
#249=B_SPLINE_SURFACE_WITH_KNOTS('',3,3,((#6335,#6336,#6337,#6338,#6339),
(#6340,#6341,#6342,#6343,#6344),(#6345,#6346,#6347,#6348,#6349),(#6350,
#6351,#6352,#6353,#6354)),.UNSPECIFIED.,.F.,.F.,.F.,(4,4),(4,1,4),(-1.32177797353139E-16,
0.115470053837926),(-4.44089209850063E-16,0.373659227590831,0.871871531045273),
 .UNSPECIFIED.);
#250=B_SPLINE_SURFACE_WITH_KNOTS('',3,3,((#6462,#6463,#6464,#6465),(#6466,
#6467,#6468,#6469),(#6470,#6471,#6472,#6473),(#6474,#6475,#6476,#6477)),
 .UNSPECIFIED.,.F.,.F.,.F.,(4,4),(4,4),(-5.5832811925401E-17,0.115470053837925),
(0.,0.795339912301213),.UNSPECIFIED.);
#251=B_SPLINE_SURFACE_WITH_KNOTS('',3,3,((#6486,#6487,#6488,#6489,#6490),
(#6491,#6492,#6493,#6494,#6495),(#6496,#6497,#6498,#6499,#6500),(#6501,
#6502,#6503,#6504,#6505)),.UNSPECIFIED.,.F.,.F.,.F.,(4,4),(4,1,4),(-1.6601139707719E-16,
0.115470053837926),(-4.44089209850063E-16,0.373659227590831,0.871871531045273),
 .UNSPECIFIED.);
#252=B_SPLINE_SURFACE_WITH_KNOTS('',3,3,((#6517,#6518,#6519,#6520),(#6521,
#6522,#6523,#6524),(#6525,#6526,#6527,#6528),(#6529,#6530,#6531,#6532)),
 .UNSPECIFIED.,.F.,.F.,.F.,(4,4),(4,4),(0.,0.115470053837925),(0.,0.795339912301213),
 .UNSPECIFIED.);
#253=B_SPLINE_SURFACE_WITH_KNOTS('',3,3,((#6537,#6538,#6539,#6540,#6541),
(#6542,#6543,#6544,#6545,#6546),(#6547,#6548,#6549,#6550,#6551),(#6552,
#6553,#6554,#6555,#6556)),.UNSPECIFIED.,.F.,.F.,.F.,(4,4),(4,1,4),(0.,0.115470053837925),
(0.,0.498212303454442,0.871871531045273),.UNSPECIFIED.);
#254=FACE_OUTER_BOUND('',#360,.T.);
#255=FACE_OUTER_BOUND('',#361,.T.);
#256=FACE_OUTER_BOUND('',#362,.T.);
#257=FACE_OUTER_BOUND('',#363,.T.);
#258=FACE_OUTER_BOUND('',#365,.T.);
#259=FACE_OUTER_BOUND('',#366,.T.);
#260=FACE_OUTER_BOUND('',#367,.T.);
#261=FACE_OUTER_BOUND('',#368,.T.);
#262=FACE_OUTER_BOUND('',#369,.T.);
#263=FACE_OUTER_BOUND('',#370,.T.);
#264=FACE_OUTER_BOUND('',#371,.T.);
#265=FACE_OUTER_BOUND('',#372,.T.);
#266=FACE_OUTER_BOUND('',#373,.T.);
#267=FACE_OUTER_BOUND('',#374,.T.);
#268=FACE_OUTER_BOUND('',#375,.T.);
#269=FACE_OUTER_BOUND('',#376,.T.);
#270=FACE_OUTER_BOUND('',#377,.T.);
#271=FACE_OUTER_BOUND('',#378,.T.);
#272=FACE_OUTER_BOUND('',#379,.T.);
#273=FACE_OUTER_BOUND('',#380,.T.);
#274=FACE_OUTER_BOUND('',#381,.T.);
#275=FACE_OUTER_BOUND('',#382,.T.);
#276=FACE_OUTER_BOUND('',#383,.T.);
#277=FACE_OUTER_BOUND('',#384,.T.);
#278=FACE_OUTER_BOUND('',#385,.T.);
#279=FACE_OUTER_BOUND('',#386,.T.);
#280=FACE_OUTER_BOUND('',#387,.T.);
#281=FACE_OUTER_BOUND('',#388,.T.);
#282=FACE_OUTER_BOUND('',#389,.T.);
#283=FACE_OUTER_BOUND('',#390,.T.);
#284=FACE_OUTER_BOUND('',#391,.T.);
#285=FACE_OUTER_BOUND('',#392,.T.);
#286=FACE_OUTER_BOUND('',#393,.T.);
#287=FACE_OUTER_BOUND('',#394,.T.);
#288=FACE_OUTER_BOUND('',#395,.T.);
#289=FACE_OUTER_BOUND('',#396,.T.);
#290=FACE_OUTER_BOUND('',#397,.T.);
#291=FACE_OUTER_BOUND('',#398,.T.);
#292=FACE_OUTER_BOUND('',#399,.T.);
#293=FACE_OUTER_BOUND('',#400,.T.);
#294=FACE_OUTER_BOUND('',#401,.T.);
#295=FACE_OUTER_BOUND('',#402,.T.);
#296=FACE_OUTER_BOUND('',#403,.T.);
#297=FACE_OUTER_BOUND('',#404,.T.);
#298=FACE_OUTER_BOUND('',#405,.T.);
#299=FACE_OUTER_BOUND('',#406,.T.);
#300=FACE_OUTER_BOUND('',#407,.T.);
#301=FACE_OUTER_BOUND('',#408,.T.);
#302=FACE_OUTER_BOUND('',#409,.T.);
#303=FACE_OUTER_BOUND('',#410,.T.);
#304=FACE_OUTER_BOUND('',#411,.T.);
#305=FACE_OUTER_BOUND('',#412,.T.);
#306=FACE_OUTER_BOUND('',#413,.T.);
#307=FACE_OUTER_BOUND('',#414,.T.);
#308=FACE_OUTER_BOUND('',#415,.T.);
#309=FACE_OUTER_BOUND('',#416,.T.);
#310=FACE_OUTER_BOUND('',#417,.T.);
#311=FACE_OUTER_BOUND('',#418,.T.);
#312=FACE_OUTER_BOUND('',#419,.T.);
#313=FACE_OUTER_BOUND('',#420,.T.);
#314=FACE_OUTER_BOUND('',#421,.T.);
#315=FACE_OUTER_BOUND('',#422,.T.);
#316=FACE_OUTER_BOUND('',#423,.T.);
#317=FACE_OUTER_BOUND('',#424,.T.);
#318=FACE_OUTER_BOUND('',#425,.T.);
#319=FACE_OUTER_BOUND('',#427,.T.);
#320=FACE_OUTER_BOUND('',#428,.T.);
#321=FACE_OUTER_BOUND('',#429,.T.);
#322=FACE_OUTER_BOUND('',#430,.T.);
#323=FACE_OUTER_BOUND('',#431,.T.);
#324=FACE_OUTER_BOUND('',#432,.T.);
#325=FACE_OUTER_BOUND('',#433,.T.);
#326=FACE_OUTER_BOUND('',#434,.T.);
#327=FACE_OUTER_BOUND('',#436,.T.);
#328=FACE_OUTER_BOUND('',#437,.T.);
#329=FACE_OUTER_BOUND('',#438,.T.);
#330=FACE_OUTER_BOUND('',#439,.T.);
#331=FACE_OUTER_BOUND('',#440,.T.);
#332=FACE_OUTER_BOUND('',#441,.T.);
#333=FACE_OUTER_BOUND('',#442,.T.);
#334=FACE_OUTER_BOUND('',#443,.T.);
#335=FACE_OUTER_BOUND('',#445,.T.);
#336=FACE_OUTER_BOUND('',#446,.T.);
#337=FACE_OUTER_BOUND('',#447,.T.);
#338=FACE_OUTER_BOUND('',#448,.T.);
#339=FACE_OUTER_BOUND('',#449,.T.);
#340=FACE_OUTER_BOUND('',#450,.T.);
#341=FACE_OUTER_BOUND('',#451,.T.);
#342=FACE_OUTER_BOUND('',#452,.T.);
#343=FACE_OUTER_BOUND('',#453,.T.);
#344=FACE_OUTER_BOUND('',#454,.T.);
#345=FACE_OUTER_BOUND('',#455,.T.);
#346=FACE_OUTER_BOUND('',#456,.T.);
#347=FACE_OUTER_BOUND('',#457,.T.);
#348=FACE_OUTER_BOUND('',#458,.T.);
#349=FACE_OUTER_BOUND('',#459,.T.);
#350=FACE_OUTER_BOUND('',#460,.T.);
#351=FACE_OUTER_BOUND('',#461,.T.);
#352=FACE_OUTER_BOUND('',#462,.T.);
#353=FACE_OUTER_BOUND('',#463,.T.);
#354=FACE_OUTER_BOUND('',#464,.T.);
#355=FACE_OUTER_BOUND('',#465,.T.);
#356=FACE_OUTER_BOUND('',#466,.T.);
#357=FACE_OUTER_BOUND('',#468,.T.);
#358=FACE_OUTER_BOUND('',#469,.T.);
#359=FACE_OUTER_BOUND('',#471,.T.);
#360=EDGE_LOOP('',(#1184,#1185,#1186));
#361=EDGE_LOOP('',(#1187,#1188,#1189,#1190));
#362=EDGE_LOOP('',(#1191,#1192,#1193,#1194));
#363=EDGE_LOOP('',(#1195,#1196,#1197,#1198,#1199,#1200,#1201,#1202,#1203));
#364=EDGE_LOOP('',(#1204,#1205,#1206,#1207,#1208,#1209));
#365=EDGE_LOOP('',(#1210,#1211,#1212,#1213,#1214));
#366=EDGE_LOOP('',(#1215,#1216,#1217,#1218,#1219));
#367=EDGE_LOOP('',(#1220,#1221,#1222));
#368=EDGE_LOOP('',(#1223,#1224,#1225,#1226));
#369=EDGE_LOOP('',(#1227,#1228,#1229,#1230));
#370=EDGE_LOOP('',(#1231,#1232,#1233,#1234,#1235));
#371=EDGE_LOOP('',(#1236,#1237,#1238));
#372=EDGE_LOOP('',(#1239,#1240,#1241,#1242));
#373=EDGE_LOOP('',(#1243,#1244,#1245,#1246));
#374=EDGE_LOOP('',(#1247,#1248,#1249,#1250,#1251,#1252,#1253,#1254,#1255));
#375=EDGE_LOOP('',(#1256,#1257,#1258,#1259));
#376=EDGE_LOOP('',(#1260,#1261,#1262,#1263));
#377=EDGE_LOOP('',(#1264,#1265,#1266,#1267));
#378=EDGE_LOOP('',(#1268,#1269,#1270,#1271));
#379=EDGE_LOOP('',(#1272,#1273,#1274,#1275));
#380=EDGE_LOOP('',(#1276,#1277,#1278,#1279));
#381=EDGE_LOOP('',(#1280,#1281,#1282,#1283,#1284,#1285));
#382=EDGE_LOOP('',(#1286,#1287,#1288));
#383=EDGE_LOOP('',(#1289,#1290,#1291,#1292,#1293));
#384=EDGE_LOOP('',(#1294,#1295,#1296,#1297));
#385=EDGE_LOOP('',(#1298,#1299,#1300,#1301));
#386=EDGE_LOOP('',(#1302,#1303,#1304,#1305));
#387=EDGE_LOOP('',(#1306,#1307,#1308,#1309));
#388=EDGE_LOOP('',(#1310,#1311,#1312,#1313));
#389=EDGE_LOOP('',(#1314,#1315,#1316,#1317));
#390=EDGE_LOOP('',(#1318,#1319,#1320,#1321));
#391=EDGE_LOOP('',(#1322,#1323,#1324,#1325));
#392=EDGE_LOOP('',(#1326,#1327,#1328,#1329));
#393=EDGE_LOOP('',(#1330,#1331,#1332,#1333));
#394=EDGE_LOOP('',(#1334,#1335,#1336,#1337));
#395=EDGE_LOOP('',(#1338,#1339,#1340,#1341));
#396=EDGE_LOOP('',(#1342,#1343,#1344,#1345));
#397=EDGE_LOOP('',(#1346,#1347,#1348,#1349));
#398=EDGE_LOOP('',(#1350,#1351,#1352,#1353));
#399=EDGE_LOOP('',(#1354,#1355,#1356,#1357));
#400=EDGE_LOOP('',(#1358,#1359,#1360,#1361));
#401=EDGE_LOOP('',(#1362,#1363,#1364,#1365,#1366));
#402=EDGE_LOOP('',(#1367,#1368,#1369,#1370));
#403=EDGE_LOOP('',(#1371,#1372,#1373,#1374));
#404=EDGE_LOOP('',(#1375,#1376,#1377,#1378));
#405=EDGE_LOOP('',(#1379,#1380,#1381,#1382));
#406=EDGE_LOOP('',(#1383,#1384,#1385,#1386));
#407=EDGE_LOOP('',(#1387,#1388,#1389,#1390));
#408=EDGE_LOOP('',(#1391,#1392,#1393,#1394));
#409=EDGE_LOOP('',(#1395,#1396,#1397,#1398));
#410=EDGE_LOOP('',(#1399,#1400,#1401,#1402));
#411=EDGE_LOOP('',(#1403,#1404,#1405,#1406));
#412=EDGE_LOOP('',(#1407,#1408,#1409,#1410));
#413=EDGE_LOOP('',(#1411,#1412,#1413,#1414));
#414=EDGE_LOOP('',(#1415,#1416,#1417,#1418));
#415=EDGE_LOOP('',(#1419,#1420,#1421,#1422));
#416=EDGE_LOOP('',(#1423,#1424,#1425,#1426));
#417=EDGE_LOOP('',(#1427,#1428,#1429,#1430));
#418=EDGE_LOOP('',(#1431,#1432,#1433,#1434));
#419=EDGE_LOOP('',(#1435,#1436,#1437,#1438));
#420=EDGE_LOOP('',(#1439,#1440,#1441,#1442));
#421=EDGE_LOOP('',(#1443,#1444,#1445,#1446,#1447,#1448,#1449,#1450,#1451));
#422=EDGE_LOOP('',(#1452,#1453,#1454));
#423=EDGE_LOOP('',(#1455,#1456,#1457,#1458,#1459,#1460,#1461,#1462,#1463,
#1464));
#424=EDGE_LOOP('',(#1465,#1466,#1467,#1468));
#425=EDGE_LOOP('',(#1469,#1470,#1471,#1472,#1473,#1474));
#426=EDGE_LOOP('',(#1475));
#427=EDGE_LOOP('',(#1476,#1477,#1478,#1479,#1480));
#428=EDGE_LOOP('',(#1481,#1482,#1483,#1484));
#429=EDGE_LOOP('',(#1485,#1486,#1487,#1488));
#430=EDGE_LOOP('',(#1489,#1490,#1491,#1492));
#431=EDGE_LOOP('',(#1493,#1494,#1495,#1496));
#432=EDGE_LOOP('',(#1497,#1498,#1499,#1500));
#433=EDGE_LOOP('',(#1501));
#434=EDGE_LOOP('',(#1502));
#435=EDGE_LOOP('',(#1503,#1504,#1505));
#436=EDGE_LOOP('',(#1506));
#437=EDGE_LOOP('',(#1507,#1508,#1509,#1510));
#438=EDGE_LOOP('',(#1511,#1512,#1513,#1514,#1515,#1516,#1517,#1518,#1519,
#1520,#1521,#1522,#1523,#1524,#1525,#1526,#1527,#1528,#1529,#1530,#1531,
#1532,#1533,#1534,#1535,#1536,#1537,#1538,#1539,#1540,#1541,#1542,#1543,
#1544,#1545,#1546,#1547,#1548,#1549,#1550,#1551,#1552));
#439=EDGE_LOOP('',(#1553,#1554,#1555,#1556,#1557,#1558,#1559,#1560,#1561,
#1562,#1563,#1564,#1565,#1566,#1567,#1568,#1569,#1570,#1571,#1572,#1573,
#1574,#1575,#1576,#1577,#1578,#1579,#1580,#1581,#1582,#1583,#1584,#1585,
#1586,#1587,#1588,#1589,#1590,#1591,#1592,#1593));
#440=EDGE_LOOP('',(#1594,#1595,#1596));
#441=EDGE_LOOP('',(#1597,#1598,#1599,#1600));
#442=EDGE_LOOP('',(#1601,#1602,#1603,#1604));
#443=EDGE_LOOP('',(#1605,#1606,#1607,#1608,#1609,#1610,#1611,#1612,#1613));
#444=EDGE_LOOP('',(#1614,#1615,#1616,#1617,#1618,#1619));
#445=EDGE_LOOP('',(#1620,#1621,#1622,#1623,#1624));
#446=EDGE_LOOP('',(#1625,#1626,#1627,#1628,#1629));
#447=EDGE_LOOP('',(#1630,#1631,#1632));
#448=EDGE_LOOP('',(#1633,#1634,#1635,#1636));
#449=EDGE_LOOP('',(#1637,#1638,#1639,#1640));
#450=EDGE_LOOP('',(#1641,#1642,#1643));
#451=EDGE_LOOP('',(#1644,#1645,#1646,#1647));
#452=EDGE_LOOP('',(#1648,#1649,#1650,#1651));
#453=EDGE_LOOP('',(#1652,#1653,#1654,#1655,#1656));
#454=EDGE_LOOP('',(#1657,#1658,#1659,#1660));
#455=EDGE_LOOP('',(#1661,#1662,#1663,#1664));
#456=EDGE_LOOP('',(#1665,#1666,#1667,#1668));
#457=EDGE_LOOP('',(#1669,#1670,#1671,#1672));
#458=EDGE_LOOP('',(#1673,#1674,#1675,#1676));
#459=EDGE_LOOP('',(#1677,#1678,#1679,#1680));
#460=EDGE_LOOP('',(#1681,#1682,#1683,#1684));
#461=EDGE_LOOP('',(#1685,#1686,#1687,#1688));
#462=EDGE_LOOP('',(#1689,#1690,#1691,#1692));
#463=EDGE_LOOP('',(#1693,#1694,#1695,#1696));
#464=EDGE_LOOP('',(#1697,#1698,#1699,#1700));
#465=EDGE_LOOP('',(#1701,#1702,#1703,#1704));
#466=EDGE_LOOP('',(#1705,#1706,#1707,#1708,#1709,#1710));
#467=EDGE_LOOP('',(#1711,#1712,#1713,#1714,#1715,#1716));
#468=EDGE_LOOP('',(#1717,#1718,#1719,#1720));
#469=EDGE_LOOP('',(#1721,#1722,#1723,#1724,#1725,#1726));
#470=EDGE_LOOP('',(#1727));
#471=EDGE_LOOP('',(#1728,#1729,#1730,#1731,#1732,#1733,#1734,#1735,#1736));
#472=EDGE_LOOP('',(#1737));
#473=LINE('',#2408,#599);
#474=LINE('',#2410,#600);
#475=LINE('',#2411,#601);
#476=LINE('',#2544,#602);
#477=LINE('',#2546,#603);
#478=LINE('',#2548,#604);
#479=LINE('',#2550,#605);
#480=LINE('',#2552,#606);
#481=LINE('',#2553,#607);
#482=LINE('',#2558,#608);
#483=LINE('',#2573,#609);
#484=LINE('',#2574,#610);
#485=LINE('',#2635,#611);
#486=LINE('',#2642,#612);
#487=LINE('',#2643,#613);
#488=LINE('',#2701,#614);
#489=LINE('',#2703,#615);
#490=LINE('',#2704,#616);
#491=LINE('',#2707,#617);
#492=LINE('',#2708,#618);
#493=LINE('',#2711,#619);
#494=LINE('',#2712,#620);
#495=LINE('',#2715,#621);
#496=LINE('',#2716,#622);
#497=LINE('',#2719,#623);
#498=LINE('',#2720,#624);
#499=LINE('',#2722,#625);
#500=LINE('',#2728,#626);
#501=LINE('',#2737,#627);
#502=LINE('',#2777,#628);
#503=LINE('',#2815,#629);
#504=LINE('',#2853,#630);
#505=LINE('',#2891,#631);
#506=LINE('',#2929,#632);
#507=LINE('',#2967,#633);
#508=LINE('',#3005,#634);
#509=LINE('',#3043,#635);
#510=LINE('',#3081,#636);
#511=LINE('',#3119,#637);
#512=LINE('',#3157,#638);
#513=LINE('',#3195,#639);
#514=LINE('',#3233,#640);
#515=LINE('',#3271,#641);
#516=LINE('',#3309,#642);
#517=LINE('',#3347,#643);
#518=LINE('',#3385,#644);
#519=LINE('',#3412,#645);
#520=LINE('',#3476,#646);
#521=LINE('',#3531,#647);
#522=LINE('',#3607,#648);
#523=LINE('',#3683,#649);
#524=LINE('',#3759,#650);
#525=LINE('',#3835,#651);
#526=LINE('',#3911,#652);
#527=LINE('',#3987,#653);
#528=LINE('',#4063,#654);
#529=LINE('',#4139,#655);
#530=LINE('',#4215,#656);
#531=LINE('',#4291,#657);
#532=LINE('',#4367,#658);
#533=LINE('',#4443,#659);
#534=LINE('',#4523,#660);
#535=LINE('',#4599,#661);
#536=LINE('',#4675,#662);
#537=LINE('',#4751,#663);
#538=LINE('',#4920,#664);
#539=LINE('',#4959,#665);
#540=LINE('',#4976,#666);
#541=LINE('',#4981,#667);
#542=LINE('',#4983,#668);
#543=LINE('',#4985,#669);
#544=LINE('',#4987,#670);
#545=LINE('',#4989,#671);
#546=LINE('',#4990,#672);
#547=LINE('',#4992,#673);
#548=LINE('',#4993,#674);
#549=LINE('',#4995,#675);
#550=LINE('',#4997,#676);
#551=LINE('',#4999,#677);
#552=LINE('',#5001,#678);
#553=LINE('',#6298,#679);
#554=LINE('',#6300,#680);
#555=LINE('',#6301,#681);
#556=LINE('',#6428,#682);
#557=LINE('',#6430,#683);
#558=LINE('',#6432,#684);
#559=LINE('',#6434,#685);
#560=LINE('',#6436,#686);
#561=LINE('',#6437,#687);
#562=LINE('',#6442,#688);
#563=LINE('',#6458,#689);
#564=LINE('',#6460,#690);
#565=LINE('',#6461,#691);
#566=LINE('',#6515,#692);
#567=LINE('',#6516,#693);
#568=LINE('',#6582,#694);
#569=LINE('',#6584,#695);
#570=LINE('',#6585,#696);
#571=LINE('',#6588,#697);
#572=LINE('',#6589,#698);
#573=LINE('',#6592,#699);
#574=LINE('',#6593,#700);
#575=LINE('',#6597,#701);
#576=LINE('',#6599,#702);
#577=LINE('',#6601,#703);
#578=LINE('',#6602,#704);
#579=LINE('',#6605,#705);
#580=LINE('',#6607,#706);
#581=LINE('',#6608,#707);
#582=LINE('',#6611,#708);
#583=LINE('',#6613,#709);
#584=LINE('',#6614,#710);
#585=LINE('',#6617,#711);
#586=LINE('',#6619,#712);
#587=LINE('',#6620,#713);
#588=LINE('',#6623,#714);
#589=LINE('',#6625,#715);
#590=LINE('',#6626,#716);
#591=LINE('',#6628,#717);
#592=LINE('',#6629,#718);
#593=LINE('',#6632,#719);
#594=LINE('',#6633,#720);
#595=LINE('',#6636,#721);
#596=LINE('',#6637,#722);
#597=LINE('',#6639,#723);
#598=LINE('',#6645,#724);
#599=VECTOR('',#2039,10.);
#600=VECTOR('',#2040,10.);
#601=VECTOR('',#2041,10.);
#602=VECTOR('',#2050,10.);
#603=VECTOR('',#2051,10.);
#604=VECTOR('',#2052,10.);
#605=VECTOR('',#2053,10.);
#606=VECTOR('',#2054,10.);
#607=VECTOR('',#2055,10.);
#608=VECTOR('',#2060,10.);
#609=VECTOR('',#2067,10.);
#610=VECTOR('',#2068,10.);
#611=VECTOR('',#2073,10.);
#612=VECTOR('',#2076,10.);
#613=VECTOR('',#2077,10.);
#614=VECTOR('',#2082,10.);
#615=VECTOR('',#2083,10.);
#616=VECTOR('',#2084,10.);
#617=VECTOR('',#2087,10.);
#618=VECTOR('',#2088,10.);
#619=VECTOR('',#2091,10.);
#620=VECTOR('',#2092,10.);
#621=VECTOR('',#2095,10.);
#622=VECTOR('',#2096,10.);
#623=VECTOR('',#2099,10.);
#624=VECTOR('',#2100,10.);
#625=VECTOR('',#2103,10.);
#626=VECTOR('',#2110,1.98038475772933);
#627=VECTOR('',#2115,1.98038475772933);
#628=VECTOR('',#2120,1.98038475772933);
#629=VECTOR('',#2123,1.98038475772933);
#630=VECTOR('',#2126,1.98038475772933);
#631=VECTOR('',#2129,1.98038475772933);
#632=VECTOR('',#2132,1.98038475772933);
#633=VECTOR('',#2135,1.98038475772933);
#634=VECTOR('',#2138,1.98038475772933);
#635=VECTOR('',#2141,1.98038475772933);
#636=VECTOR('',#2144,1.98038475772933);
#637=VECTOR('',#2147,1.98038475772933);
#638=VECTOR('',#2150,1.98038475772933);
#639=VECTOR('',#2153,1.98038475772933);
#640=VECTOR('',#2156,1.98038475772933);
#641=VECTOR('',#2159,1.98038475772933);
#642=VECTOR('',#2162,1.98038475772933);
#643=VECTOR('',#2165,1.98038475772933);
#644=VECTOR('',#2168,2.5);
#645=VECTOR('',#2173,2.5);
#646=VECTOR('',#2178,2.5);
#647=VECTOR('',#2183,2.5);
#648=VECTOR('',#2186,2.5);
#649=VECTOR('',#2189,2.5);
#650=VECTOR('',#2192,2.5);
#651=VECTOR('',#2195,2.5);
#652=VECTOR('',#2198,2.5);
#653=VECTOR('',#2201,2.5);
#654=VECTOR('',#2204,2.5);
#655=VECTOR('',#2207,2.5);
#656=VECTOR('',#2210,2.5);
#657=VECTOR('',#2213,2.5);
#658=VECTOR('',#2216,2.5);
#659=VECTOR('',#2219,2.5);
#660=VECTOR('',#2222,2.5);
#661=VECTOR('',#2225,2.5);
#662=VECTOR('',#2228,2.5);
#663=VECTOR('',#2231,2.5);
#664=VECTOR('',#2238,1.94);
#665=VECTOR('',#2247,4.61880215351701);
#666=VECTOR('',#2254,3.8);
#667=VECTOR('',#2259,1000.);
#668=VECTOR('',#2260,1000.);
#669=VECTOR('',#2261,1000.);
#670=VECTOR('',#2262,1000.);
#671=VECTOR('',#2263,1000.);
#672=VECTOR('',#2264,1000.);
#673=VECTOR('',#2267,1000.);
#674=VECTOR('',#2268,1000.);
#675=VECTOR('',#2271,1000.);
#676=VECTOR('',#2274,1000.);
#677=VECTOR('',#2277,1000.);
#678=VECTOR('',#2280,1000.);
#679=VECTOR('',#2293,10.);
#680=VECTOR('',#2294,10.);
#681=VECTOR('',#2295,10.);
#682=VECTOR('',#2304,10.);
#683=VECTOR('',#2305,10.);
#684=VECTOR('',#2306,10.);
#685=VECTOR('',#2307,10.);
#686=VECTOR('',#2308,10.);
#687=VECTOR('',#2309,10.);
#688=VECTOR('',#2314,10.);
#689=VECTOR('',#2321,10.);
#690=VECTOR('',#2322,10.);
#691=VECTOR('',#2323,10.);
#692=VECTOR('',#2326,10.);
#693=VECTOR('',#2327,10.);
#694=VECTOR('',#2334,10.);
#695=VECTOR('',#2335,10.);
#696=VECTOR('',#2336,10.);
#697=VECTOR('',#2339,10.);
#698=VECTOR('',#2340,10.);
#699=VECTOR('',#2343,10.);
#700=VECTOR('',#2344,10.);
#701=VECTOR('',#2347,10.);
#702=VECTOR('',#2348,10.);
#703=VECTOR('',#2349,10.);
#704=VECTOR('',#2350,10.);
#705=VECTOR('',#2353,10.);
#706=VECTOR('',#2354,10.);
#707=VECTOR('',#2355,10.);
#708=VECTOR('',#2358,10.);
#709=VECTOR('',#2359,10.);
#710=VECTOR('',#2360,10.);
#711=VECTOR('',#2363,10.);
#712=VECTOR('',#2364,10.);
#713=VECTOR('',#2365,10.);
#714=VECTOR('',#2368,10.);
#715=VECTOR('',#2369,10.);
#716=VECTOR('',#2370,10.);
#717=VECTOR('',#2373,10.);
#718=VECTOR('',#2374,10.);
#719=VECTOR('',#2377,10.);
#720=VECTOR('',#2378,10.);
#721=VECTOR('',#2381,10.);
#722=VECTOR('',#2382,10.);
#723=VECTOR('',#2385,10.);
#724=VECTOR('',#2392,2.6);
#725=VERTEX_POINT('',#2406);
#726=VERTEX_POINT('',#2407);
#727=VERTEX_POINT('',#2409);
#728=VERTEX_POINT('',#2432);
#729=VERTEX_POINT('',#2433);
#730=VERTEX_POINT('',#2446);
#731=VERTEX_POINT('',#2477);
#732=VERTEX_POINT('',#2490);
#733=VERTEX_POINT('',#2492);
#734=VERTEX_POINT('',#2500);
#735=VERTEX_POINT('',#2514);
#736=VERTEX_POINT('',#2516);
#737=VERTEX_POINT('',#2530);
#738=VERTEX_POINT('',#2542);
#739=VERTEX_POINT('',#2543);
#740=VERTEX_POINT('',#2545);
#741=VERTEX_POINT('',#2547);
#742=VERTEX_POINT('',#2549);
#743=VERTEX_POINT('',#2551);
#744=VERTEX_POINT('',#2555);
#745=VERTEX_POINT('',#2557);
#746=VERTEX_POINT('',#2564);
#747=VERTEX_POINT('',#2572);
#748=VERTEX_POINT('',#2600);
#749=VERTEX_POINT('',#2632);
#750=VERTEX_POINT('',#2634);
#751=VERTEX_POINT('',#2641);
#752=VERTEX_POINT('',#2700);
#753=VERTEX_POINT('',#2702);
#754=VERTEX_POINT('',#2706);
#755=VERTEX_POINT('',#2710);
#756=VERTEX_POINT('',#2714);
#757=VERTEX_POINT('',#2718);
#758=VERTEX_POINT('',#2726);
#759=VERTEX_POINT('',#2727);
#760=VERTEX_POINT('',#2729);
#761=VERTEX_POINT('',#2735);
#762=VERTEX_POINT('',#2736);
#763=VERTEX_POINT('',#2755);
#764=VERTEX_POINT('',#2775);
#765=VERTEX_POINT('',#2776);
#766=VERTEX_POINT('',#2813);
#767=VERTEX_POINT('',#2814);
#768=VERTEX_POINT('',#2851);
#769=VERTEX_POINT('',#2852);
#770=VERTEX_POINT('',#2889);
#771=VERTEX_POINT('',#2890);
#772=VERTEX_POINT('',#2927);
#773=VERTEX_POINT('',#2928);
#774=VERTEX_POINT('',#2965);
#775=VERTEX_POINT('',#2966);
#776=VERTEX_POINT('',#3003);
#777=VERTEX_POINT('',#3004);
#778=VERTEX_POINT('',#3041);
#779=VERTEX_POINT('',#3042);
#780=VERTEX_POINT('',#3079);
#781=VERTEX_POINT('',#3080);
#782=VERTEX_POINT('',#3117);
#783=VERTEX_POINT('',#3118);
#784=VERTEX_POINT('',#3155);
#785=VERTEX_POINT('',#3156);
#786=VERTEX_POINT('',#3193);
#787=VERTEX_POINT('',#3194);
#788=VERTEX_POINT('',#3231);
#789=VERTEX_POINT('',#3232);
#790=VERTEX_POINT('',#3269);
#791=VERTEX_POINT('',#3270);
#792=VERTEX_POINT('',#3307);
#793=VERTEX_POINT('',#3308);
#794=VERTEX_POINT('',#3345);
#795=VERTEX_POINT('',#3346);
#796=VERTEX_POINT('',#3383);
#797=VERTEX_POINT('',#3384);
#798=VERTEX_POINT('',#3386);
#799=VERTEX_POINT('',#3399);
#800=VERTEX_POINT('',#3410);
#801=VERTEX_POINT('',#3411);
#802=VERTEX_POINT('',#3413);
#803=VERTEX_POINT('',#3474);
#804=VERTEX_POINT('',#3475);
#805=VERTEX_POINT('',#3477);
#806=VERTEX_POINT('',#3504);
#807=VERTEX_POINT('',#3529);
#808=VERTEX_POINT('',#3530);
#809=VERTEX_POINT('',#3605);
#810=VERTEX_POINT('',#3606);
#811=VERTEX_POINT('',#3681);
#812=VERTEX_POINT('',#3682);
#813=VERTEX_POINT('',#3757);
#814=VERTEX_POINT('',#3758);
#815=VERTEX_POINT('',#3833);
#816=VERTEX_POINT('',#3834);
#817=VERTEX_POINT('',#3909);
#818=VERTEX_POINT('',#3910);
#819=VERTEX_POINT('',#3985);
#820=VERTEX_POINT('',#3986);
#821=VERTEX_POINT('',#4061);
#822=VERTEX_POINT('',#4062);
#823=VERTEX_POINT('',#4137);
#824=VERTEX_POINT('',#4138);
#825=VERTEX_POINT('',#4213);
#826=VERTEX_POINT('',#4214);
#827=VERTEX_POINT('',#4289);
#828=VERTEX_POINT('',#4290);
#829=VERTEX_POINT('',#4365);
#830=VERTEX_POINT('',#4366);
#831=VERTEX_POINT('',#4441);
#832=VERTEX_POINT('',#4442);
#833=VERTEX_POINT('',#4521);
#834=VERTEX_POINT('',#4522);
#835=VERTEX_POINT('',#4597);
#836=VERTEX_POINT('',#4598);
#837=VERTEX_POINT('',#4673);
#838=VERTEX_POINT('',#4674);
#839=VERTEX_POINT('',#4749);
#840=VERTEX_POINT('',#4750);
#841=VERTEX_POINT('',#4845);
#842=VERTEX_POINT('',#4864);
#843=VERTEX_POINT('',#4919);
#844=VERTEX_POINT('',#4941);
#845=VERTEX_POINT('',#4942);
#846=VERTEX_POINT('',#4946);
#847=VERTEX_POINT('',#4950);
#848=VERTEX_POINT('',#4954);
#849=VERTEX_POINT('',#4958);
#850=VERTEX_POINT('',#4961);
#851=VERTEX_POINT('',#4965);
#852=VERTEX_POINT('',#4973);
#853=VERTEX_POINT('',#4975);
#854=VERTEX_POINT('',#4979);
#855=VERTEX_POINT('',#4980);
#856=VERTEX_POINT('',#4982);
#857=VERTEX_POINT('',#4984);
#858=VERTEX_POINT('',#4986);
#859=VERTEX_POINT('',#4988);
#860=VERTEX_POINT('',#6296);
#861=VERTEX_POINT('',#6297);
#862=VERTEX_POINT('',#6299);
#863=VERTEX_POINT('',#6318);
#864=VERTEX_POINT('',#6319);
#865=VERTEX_POINT('',#6355);
#866=VERTEX_POINT('',#6363);
#867=VERTEX_POINT('',#6380);
#868=VERTEX_POINT('',#6382);
#869=VERTEX_POINT('',#6396);
#870=VERTEX_POINT('',#6407);
#871=VERTEX_POINT('',#6409);
#872=VERTEX_POINT('',#6417);
#873=VERTEX_POINT('',#6426);
#874=VERTEX_POINT('',#6427);
#875=VERTEX_POINT('',#6429);
#876=VERTEX_POINT('',#6431);
#877=VERTEX_POINT('',#6433);
#878=VERTEX_POINT('',#6435);
#879=VERTEX_POINT('',#6439);
#880=VERTEX_POINT('',#6441);
#881=VERTEX_POINT('',#6448);
#882=VERTEX_POINT('',#6456);
#883=VERTEX_POINT('',#6457);
#884=VERTEX_POINT('',#6459);
#885=VERTEX_POINT('',#6514);
#886=VERTEX_POINT('',#6557);
#887=VERTEX_POINT('',#6581);
#888=VERTEX_POINT('',#6583);
#889=VERTEX_POINT('',#6587);
#890=VERTEX_POINT('',#6591);
#891=VERTEX_POINT('',#6595);
#892=VERTEX_POINT('',#6596);
#893=VERTEX_POINT('',#6598);
#894=VERTEX_POINT('',#6600);
#895=VERTEX_POINT('',#6604);
#896=VERTEX_POINT('',#6606);
#897=VERTEX_POINT('',#6610);
#898=VERTEX_POINT('',#6612);
#899=VERTEX_POINT('',#6616);
#900=VERTEX_POINT('',#6618);
#901=VERTEX_POINT('',#6622);
#902=VERTEX_POINT('',#6624);
#903=VERTEX_POINT('',#6631);
#904=VERTEX_POINT('',#6635);
#905=VERTEX_POINT('',#6642);
#906=VERTEX_POINT('',#6644);
#907=EDGE_CURVE('',#725,#726,#473,.T.);
#908=EDGE_CURVE('',#727,#726,#474,.T.);
#909=EDGE_CURVE('',#727,#725,#475,.T.);
#910=EDGE_CURVE('',#728,#729,#160,.T.);
#911=EDGE_CURVE('',#729,#726,#161,.T.);
#912=EDGE_CURVE('',#726,#730,#162,.T.);
#913=EDGE_CURVE('',#730,#728,#163,.T.);
#914=EDGE_CURVE('',#729,#731,#164,.T.);
#915=EDGE_CURVE('',#731,#727,#165,.T.);
#916=EDGE_CURVE('',#732,#728,#135,.T.);
#917=EDGE_CURVE('',#733,#732,#166,.T.);
#918=EDGE_CURVE('',#734,#733,#167,.T.);
#919=EDGE_CURVE('',#735,#734,#136,.T.);
#920=EDGE_CURVE('',#735,#736,#168,.T.);
#921=EDGE_CURVE('',#736,#737,#169,.T.);
#922=EDGE_CURVE('',#731,#737,#137,.T.);
#923=EDGE_CURVE('',#738,#739,#476,.T.);
#924=EDGE_CURVE('',#739,#740,#477,.T.);
#925=EDGE_CURVE('',#740,#741,#478,.T.);
#926=EDGE_CURVE('',#741,#742,#479,.T.);
#927=EDGE_CURVE('',#742,#743,#480,.T.);
#928=EDGE_CURVE('',#743,#738,#481,.T.);
#929=EDGE_CURVE('',#744,#730,#138,.T.);
#930=EDGE_CURVE('',#745,#744,#482,.T.);
#931=EDGE_CURVE('',#732,#745,#170,.T.);
#932=EDGE_CURVE('',#737,#746,#171,.T.);
#933=EDGE_CURVE('',#725,#746,#139,.T.);
#934=EDGE_CURVE('',#744,#747,#483,.T.);
#935=EDGE_CURVE('',#745,#747,#484,.T.);
#936=EDGE_CURVE('',#733,#747,#172,.T.);
#937=EDGE_CURVE('',#747,#748,#173,.T.);
#938=EDGE_CURVE('',#748,#734,#174,.T.);
#939=EDGE_CURVE('',#749,#748,#140,.T.);
#940=EDGE_CURVE('',#749,#750,#485,.T.);
#941=EDGE_CURVE('',#750,#735,#175,.T.);
#942=EDGE_CURVE('',#751,#749,#486,.T.);
#943=EDGE_CURVE('',#750,#751,#487,.T.);
#944=EDGE_CURVE('',#736,#751,#176,.T.);
#945=EDGE_CURVE('',#746,#751,#177,.T.);
#946=EDGE_CURVE('',#741,#752,#488,.T.);
#947=EDGE_CURVE('',#752,#753,#489,.T.);
#948=EDGE_CURVE('',#742,#753,#490,.T.);
#949=EDGE_CURVE('',#740,#754,#491,.T.);
#950=EDGE_CURVE('',#754,#752,#492,.T.);
#951=EDGE_CURVE('',#739,#755,#493,.T.);
#952=EDGE_CURVE('',#755,#754,#494,.T.);
#953=EDGE_CURVE('',#738,#756,#495,.T.);
#954=EDGE_CURVE('',#756,#755,#496,.T.);
#955=EDGE_CURVE('',#743,#757,#497,.T.);
#956=EDGE_CURVE('',#757,#756,#498,.T.);
#957=EDGE_CURVE('',#753,#757,#499,.T.);
#958=EDGE_CURVE('',#758,#759,#500,.T.);
#959=EDGE_CURVE('',#760,#758,#26,.T.);
#960=EDGE_CURVE('',#760,#759,#141,.T.);
#961=EDGE_CURVE('',#761,#762,#501,.T.);
#962=EDGE_CURVE('',#758,#761,#27,.T.);
#963=EDGE_CURVE('',#759,#763,#142,.T.);
#964=EDGE_CURVE('',#763,#762,#28,.T.);
#965=EDGE_CURVE('',#764,#765,#502,.T.);
#966=EDGE_CURVE('',#761,#764,#29,.T.);
#967=EDGE_CURVE('',#762,#765,#30,.T.);
#968=EDGE_CURVE('',#766,#767,#503,.T.);
#969=EDGE_CURVE('',#764,#766,#31,.T.);
#970=EDGE_CURVE('',#765,#767,#32,.T.);
#971=EDGE_CURVE('',#768,#769,#504,.T.);
#972=EDGE_CURVE('',#766,#768,#33,.T.);
#973=EDGE_CURVE('',#767,#769,#34,.T.);
#974=EDGE_CURVE('',#770,#771,#505,.T.);
#975=EDGE_CURVE('',#768,#770,#35,.T.);
#976=EDGE_CURVE('',#769,#771,#36,.T.);
#977=EDGE_CURVE('',#772,#773,#506,.T.);
#978=EDGE_CURVE('',#770,#772,#37,.T.);
#979=EDGE_CURVE('',#771,#773,#38,.T.);
#980=EDGE_CURVE('',#774,#775,#507,.T.);
#981=EDGE_CURVE('',#772,#774,#39,.T.);
#982=EDGE_CURVE('',#773,#775,#40,.T.);
#983=EDGE_CURVE('',#776,#777,#508,.T.);
#984=EDGE_CURVE('',#774,#776,#41,.T.);
#985=EDGE_CURVE('',#775,#777,#42,.T.);
#986=EDGE_CURVE('',#778,#779,#509,.T.);
#987=EDGE_CURVE('',#776,#778,#43,.T.);
#988=EDGE_CURVE('',#777,#779,#44,.T.);
#989=EDGE_CURVE('',#780,#781,#510,.T.);
#990=EDGE_CURVE('',#778,#780,#45,.T.);
#991=EDGE_CURVE('',#779,#781,#46,.T.);
#992=EDGE_CURVE('',#782,#783,#511,.T.);
#993=EDGE_CURVE('',#780,#782,#47,.T.);
#994=EDGE_CURVE('',#781,#783,#48,.T.);
#995=EDGE_CURVE('',#784,#785,#512,.T.);
#996=EDGE_CURVE('',#782,#784,#49,.T.);
#997=EDGE_CURVE('',#783,#785,#50,.T.);
#998=EDGE_CURVE('',#786,#787,#513,.T.);
#999=EDGE_CURVE('',#784,#786,#51,.T.);
#1000=EDGE_CURVE('',#785,#787,#52,.T.);
#1001=EDGE_CURVE('',#788,#789,#514,.T.);
#1002=EDGE_CURVE('',#786,#788,#53,.T.);
#1003=EDGE_CURVE('',#787,#789,#54,.T.);
#1004=EDGE_CURVE('',#790,#791,#515,.T.);
#1005=EDGE_CURVE('',#788,#790,#55,.T.);
#1006=EDGE_CURVE('',#789,#791,#56,.T.);
#1007=EDGE_CURVE('',#792,#793,#516,.T.);
#1008=EDGE_CURVE('',#790,#792,#57,.T.);
#1009=EDGE_CURVE('',#791,#793,#58,.T.);
#1010=EDGE_CURVE('',#794,#795,#517,.T.);
#1011=EDGE_CURVE('',#792,#794,#59,.T.);
#1012=EDGE_CURVE('',#793,#795,#60,.T.);
#1013=EDGE_CURVE('',#796,#797,#518,.T.);
#1014=EDGE_CURVE('',#798,#796,#178,.F.);
#1015=EDGE_CURVE('',#799,#798,#143,.T.);
#1016=EDGE_CURVE('',#797,#799,#179,.F.);
#1017=EDGE_CURVE('',#800,#801,#519,.T.);
#1018=EDGE_CURVE('',#800,#802,#144,.T.);
#1019=EDGE_CURVE('',#796,#802,#180,.F.);
#1020=EDGE_CURVE('',#801,#797,#181,.F.);
#1021=EDGE_CURVE('',#803,#804,#520,.T.);
#1022=EDGE_CURVE('',#803,#805,#182,.T.);
#1023=EDGE_CURVE('',#805,#806,#145,.T.);
#1024=EDGE_CURVE('',#806,#804,#183,.T.);
#1025=EDGE_CURVE('',#807,#808,#521,.T.);
#1026=EDGE_CURVE('',#807,#803,#184,.T.);
#1027=EDGE_CURVE('',#804,#808,#185,.T.);
#1028=EDGE_CURVE('',#809,#810,#522,.T.);
#1029=EDGE_CURVE('',#809,#807,#186,.T.);
#1030=EDGE_CURVE('',#808,#810,#187,.T.);
#1031=EDGE_CURVE('',#811,#812,#523,.T.);
#1032=EDGE_CURVE('',#811,#809,#188,.T.);
#1033=EDGE_CURVE('',#810,#812,#189,.T.);
#1034=EDGE_CURVE('',#813,#814,#524,.T.);
#1035=EDGE_CURVE('',#813,#811,#190,.T.);
#1036=EDGE_CURVE('',#812,#814,#191,.T.);
#1037=EDGE_CURVE('',#815,#816,#525,.T.);
#1038=EDGE_CURVE('',#815,#813,#192,.T.);
#1039=EDGE_CURVE('',#814,#816,#193,.T.);
#1040=EDGE_CURVE('',#817,#818,#526,.T.);
#1041=EDGE_CURVE('',#817,#815,#194,.T.);
#1042=EDGE_CURVE('',#816,#818,#195,.T.);
#1043=EDGE_CURVE('',#819,#820,#527,.T.);
#1044=EDGE_CURVE('',#819,#817,#196,.T.);
#1045=EDGE_CURVE('',#818,#820,#197,.T.);
#1046=EDGE_CURVE('',#821,#822,#528,.T.);
#1047=EDGE_CURVE('',#821,#819,#198,.T.);
#1048=EDGE_CURVE('',#820,#822,#199,.T.);
#1049=EDGE_CURVE('',#823,#824,#529,.T.);
#1050=EDGE_CURVE('',#823,#821,#200,.T.);
#1051=EDGE_CURVE('',#822,#824,#201,.T.);
#1052=EDGE_CURVE('',#825,#826,#530,.T.);
#1053=EDGE_CURVE('',#825,#823,#202,.T.);
#1054=EDGE_CURVE('',#824,#826,#203,.T.);
#1055=EDGE_CURVE('',#827,#828,#531,.T.);
#1056=EDGE_CURVE('',#827,#825,#204,.T.);
#1057=EDGE_CURVE('',#826,#828,#205,.T.);
#1058=EDGE_CURVE('',#829,#830,#532,.T.);
#1059=EDGE_CURVE('',#829,#827,#206,.T.);
#1060=EDGE_CURVE('',#828,#830,#207,.T.);
#1061=EDGE_CURVE('',#831,#832,#533,.T.);
#1062=EDGE_CURVE('',#831,#829,#208,.T.);
#1063=EDGE_CURVE('',#830,#832,#209,.T.);
#1064=EDGE_CURVE('',#833,#834,#534,.T.);
#1065=EDGE_CURVE('',#833,#831,#210,.T.);
#1066=EDGE_CURVE('',#832,#834,#211,.T.);
#1067=EDGE_CURVE('',#835,#836,#535,.T.);
#1068=EDGE_CURVE('',#835,#833,#212,.T.);
#1069=EDGE_CURVE('',#834,#836,#213,.T.);
#1070=EDGE_CURVE('',#837,#838,#536,.T.);
#1071=EDGE_CURVE('',#837,#835,#214,.T.);
#1072=EDGE_CURVE('',#836,#838,#215,.T.);
#1073=EDGE_CURVE('',#839,#840,#537,.T.);
#1074=EDGE_CURVE('',#839,#837,#216,.T.);
#1075=EDGE_CURVE('',#838,#840,#217,.T.);
#1076=EDGE_CURVE('',#840,#802,#218,.T.);
#1077=EDGE_CURVE('',#802,#841,#146,.T.);
#1078=EDGE_CURVE('',#841,#839,#219,.T.);
#1079=EDGE_CURVE('',#763,#842,#220,.F.);
#1080=EDGE_CURVE('',#806,#760,#221,.T.);
#1081=EDGE_CURVE('',#842,#805,#222,.F.);
#1082=EDGE_CURVE('',#842,#843,#538,.T.);
#1083=EDGE_CURVE('',#843,#843,#147,.T.);
#1084=EDGE_CURVE('',#841,#801,#223,.F.);
#1085=EDGE_CURVE('',#841,#800,#148,.T.);
#1086=EDGE_CURVE('',#844,#845,#61,.T.);
#1087=EDGE_CURVE('',#846,#844,#62,.T.);
#1088=EDGE_CURVE('',#847,#846,#63,.T.);
#1089=EDGE_CURVE('',#848,#847,#64,.F.);
#1090=EDGE_CURVE('',#848,#849,#539,.T.);
#1091=EDGE_CURVE('',#849,#849,#149,.T.);
#1092=EDGE_CURVE('',#850,#848,#65,.F.);
#1093=EDGE_CURVE('',#851,#850,#66,.T.);
#1094=EDGE_CURVE('',#845,#851,#67,.T.);
#1095=EDGE_CURVE('',#852,#852,#150,.T.);
#1096=EDGE_CURVE('',#852,#853,#540,.T.);
#1097=EDGE_CURVE('',#853,#853,#151,.T.);
#1098=EDGE_CURVE('',#854,#855,#541,.T.);
#1099=EDGE_CURVE('',#856,#854,#542,.T.);
#1100=EDGE_CURVE('',#857,#856,#543,.T.);
#1101=EDGE_CURVE('',#858,#857,#544,.T.);
#1102=EDGE_CURVE('',#859,#858,#545,.T.);
#1103=EDGE_CURVE('',#855,#859,#546,.T.);
#1104=EDGE_CURVE('',#854,#847,#547,.T.);
#1105=EDGE_CURVE('',#855,#850,#548,.T.);
#1106=EDGE_CURVE('',#856,#846,#549,.T.);
#1107=EDGE_CURVE('',#857,#844,#550,.T.);
#1108=EDGE_CURVE('',#858,#845,#551,.T.);
#1109=EDGE_CURVE('',#859,#851,#552,.T.);
#1110=EDGE_CURVE('',#795,#799,#68,.T.);
#1111=EDGE_CURVE('',#794,#798,#69,.T.);
#1112=EDGE_CURVE('',#860,#861,#553,.T.);
#1113=EDGE_CURVE('',#861,#862,#554,.T.);
#1114=EDGE_CURVE('',#862,#860,#555,.T.);
#1115=EDGE_CURVE('',#863,#864,#224,.T.);
#1116=EDGE_CURVE('',#864,#862,#225,.T.);
#1117=EDGE_CURVE('',#861,#863,#226,.T.);
#1118=EDGE_CURVE('',#861,#865,#227,.T.);
#1119=EDGE_CURVE('',#865,#866,#228,.T.);
#1120=EDGE_CURVE('',#866,#863,#229,.T.);
#1121=EDGE_CURVE('',#866,#867,#152,.T.);
#1122=EDGE_CURVE('',#867,#868,#230,.T.);
#1123=EDGE_CURVE('',#868,#869,#231,.T.);
#1124=EDGE_CURVE('',#869,#870,#153,.T.);
#1125=EDGE_CURVE('',#871,#870,#232,.T.);
#1126=EDGE_CURVE('',#872,#871,#233,.T.);
#1127=EDGE_CURVE('',#872,#864,#154,.T.);
#1128=EDGE_CURVE('',#873,#874,#556,.T.);
#1129=EDGE_CURVE('',#874,#875,#557,.T.);
#1130=EDGE_CURVE('',#875,#876,#558,.T.);
#1131=EDGE_CURVE('',#876,#877,#559,.T.);
#1132=EDGE_CURVE('',#877,#878,#560,.T.);
#1133=EDGE_CURVE('',#878,#873,#561,.T.);
#1134=EDGE_CURVE('',#865,#879,#155,.T.);
#1135=EDGE_CURVE('',#879,#880,#562,.T.);
#1136=EDGE_CURVE('',#880,#867,#234,.T.);
#1137=EDGE_CURVE('',#881,#872,#235,.T.);
#1138=EDGE_CURVE('',#881,#860,#156,.T.);
#1139=EDGE_CURVE('',#882,#883,#563,.T.);
#1140=EDGE_CURVE('',#883,#884,#564,.T.);
#1141=EDGE_CURVE('',#884,#882,#565,.T.);
#1142=EDGE_CURVE('',#870,#884,#236,.T.);
#1143=EDGE_CURVE('',#883,#871,#237,.T.);
#1144=EDGE_CURVE('',#883,#881,#238,.T.);
#1145=EDGE_CURVE('',#885,#879,#566,.T.);
#1146=EDGE_CURVE('',#885,#880,#567,.T.);
#1147=EDGE_CURVE('',#885,#868,#239,.T.);
#1148=EDGE_CURVE('',#886,#885,#240,.T.);
#1149=EDGE_CURVE('',#869,#886,#241,.T.);
#1150=EDGE_CURVE('',#886,#882,#157,.T.);
#1151=EDGE_CURVE('',#875,#887,#568,.F.);
#1152=EDGE_CURVE('',#888,#887,#569,.F.);
#1153=EDGE_CURVE('',#876,#888,#570,.F.);
#1154=EDGE_CURVE('',#874,#889,#571,.F.);
#1155=EDGE_CURVE('',#887,#889,#572,.F.);
#1156=EDGE_CURVE('',#873,#890,#573,.T.);
#1157=EDGE_CURVE('',#889,#890,#574,.F.);
#1158=EDGE_CURVE('',#891,#892,#575,.T.);
#1159=EDGE_CURVE('',#891,#893,#576,.T.);
#1160=EDGE_CURVE('',#894,#893,#577,.T.);
#1161=EDGE_CURVE('',#892,#894,#578,.T.);
#1162=EDGE_CURVE('',#895,#891,#579,.T.);
#1163=EDGE_CURVE('',#895,#896,#580,.T.);
#1164=EDGE_CURVE('',#893,#896,#581,.T.);
#1165=EDGE_CURVE('',#897,#895,#582,.T.);
#1166=EDGE_CURVE('',#897,#898,#583,.T.);
#1167=EDGE_CURVE('',#896,#898,#584,.T.);
#1168=EDGE_CURVE('',#899,#897,#585,.T.);
#1169=EDGE_CURVE('',#899,#900,#586,.T.);
#1170=EDGE_CURVE('',#898,#900,#587,.T.);
#1171=EDGE_CURVE('',#901,#899,#588,.T.);
#1172=EDGE_CURVE('',#901,#902,#589,.T.);
#1173=EDGE_CURVE('',#900,#902,#590,.T.);
#1174=EDGE_CURVE('',#892,#901,#591,.T.);
#1175=EDGE_CURVE('',#902,#894,#592,.T.);
#1176=EDGE_CURVE('',#903,#888,#593,.F.);
#1177=EDGE_CURVE('',#877,#903,#594,.F.);
#1178=EDGE_CURVE('',#904,#903,#595,.F.);
#1179=EDGE_CURVE('',#878,#904,#596,.F.);
#1180=EDGE_CURVE('',#890,#904,#597,.F.);
#1181=EDGE_CURVE('',#905,#905,#158,.T.);
#1182=EDGE_CURVE('',#905,#906,#598,.T.);
#1183=EDGE_CURVE('',#906,#906,#159,.T.);
#1184=ORIENTED_EDGE('',*,*,#907,.T.);
#1185=ORIENTED_EDGE('',*,*,#908,.F.);
#1186=ORIENTED_EDGE('',*,*,#909,.T.);
#1187=ORIENTED_EDGE('',*,*,#910,.T.);
#1188=ORIENTED_EDGE('',*,*,#911,.T.);
#1189=ORIENTED_EDGE('',*,*,#912,.T.);
#1190=ORIENTED_EDGE('',*,*,#913,.T.);
#1191=ORIENTED_EDGE('',*,*,#914,.T.);
#1192=ORIENTED_EDGE('',*,*,#915,.T.);
#1193=ORIENTED_EDGE('',*,*,#908,.T.);
#1194=ORIENTED_EDGE('',*,*,#911,.F.);
#1195=ORIENTED_EDGE('',*,*,#914,.F.);
#1196=ORIENTED_EDGE('',*,*,#910,.F.);
#1197=ORIENTED_EDGE('',*,*,#916,.F.);
#1198=ORIENTED_EDGE('',*,*,#917,.F.);
#1199=ORIENTED_EDGE('',*,*,#918,.F.);
#1200=ORIENTED_EDGE('',*,*,#919,.F.);
#1201=ORIENTED_EDGE('',*,*,#920,.T.);
#1202=ORIENTED_EDGE('',*,*,#921,.T.);
#1203=ORIENTED_EDGE('',*,*,#922,.F.);
#1204=ORIENTED_EDGE('',*,*,#923,.T.);
#1205=ORIENTED_EDGE('',*,*,#924,.T.);
#1206=ORIENTED_EDGE('',*,*,#925,.T.);
#1207=ORIENTED_EDGE('',*,*,#926,.T.);
#1208=ORIENTED_EDGE('',*,*,#927,.T.);
#1209=ORIENTED_EDGE('',*,*,#928,.T.);
#1210=ORIENTED_EDGE('',*,*,#913,.F.);
#1211=ORIENTED_EDGE('',*,*,#929,.F.);
#1212=ORIENTED_EDGE('',*,*,#930,.F.);
#1213=ORIENTED_EDGE('',*,*,#931,.F.);
#1214=ORIENTED_EDGE('',*,*,#916,.T.);
#1215=ORIENTED_EDGE('',*,*,#909,.F.);
#1216=ORIENTED_EDGE('',*,*,#915,.F.);
#1217=ORIENTED_EDGE('',*,*,#922,.T.);
#1218=ORIENTED_EDGE('',*,*,#932,.T.);
#1219=ORIENTED_EDGE('',*,*,#933,.F.);
#1220=ORIENTED_EDGE('',*,*,#934,.T.);
#1221=ORIENTED_EDGE('',*,*,#935,.F.);
#1222=ORIENTED_EDGE('',*,*,#930,.T.);
#1223=ORIENTED_EDGE('',*,*,#918,.T.);
#1224=ORIENTED_EDGE('',*,*,#936,.T.);
#1225=ORIENTED_EDGE('',*,*,#937,.T.);
#1226=ORIENTED_EDGE('',*,*,#938,.T.);
#1227=ORIENTED_EDGE('',*,*,#917,.T.);
#1228=ORIENTED_EDGE('',*,*,#931,.T.);
#1229=ORIENTED_EDGE('',*,*,#935,.T.);
#1230=ORIENTED_EDGE('',*,*,#936,.F.);
#1231=ORIENTED_EDGE('',*,*,#938,.F.);
#1232=ORIENTED_EDGE('',*,*,#939,.F.);
#1233=ORIENTED_EDGE('',*,*,#940,.T.);
#1234=ORIENTED_EDGE('',*,*,#941,.T.);
#1235=ORIENTED_EDGE('',*,*,#919,.T.);
#1236=ORIENTED_EDGE('',*,*,#942,.F.);
#1237=ORIENTED_EDGE('',*,*,#943,.F.);
#1238=ORIENTED_EDGE('',*,*,#940,.F.);
#1239=ORIENTED_EDGE('',*,*,#921,.F.);
#1240=ORIENTED_EDGE('',*,*,#944,.T.);
#1241=ORIENTED_EDGE('',*,*,#945,.F.);
#1242=ORIENTED_EDGE('',*,*,#932,.F.);
#1243=ORIENTED_EDGE('',*,*,#920,.F.);
#1244=ORIENTED_EDGE('',*,*,#941,.F.);
#1245=ORIENTED_EDGE('',*,*,#943,.T.);
#1246=ORIENTED_EDGE('',*,*,#944,.F.);
#1247=ORIENTED_EDGE('',*,*,#907,.F.);
#1248=ORIENTED_EDGE('',*,*,#933,.T.);
#1249=ORIENTED_EDGE('',*,*,#945,.T.);
#1250=ORIENTED_EDGE('',*,*,#942,.T.);
#1251=ORIENTED_EDGE('',*,*,#939,.T.);
#1252=ORIENTED_EDGE('',*,*,#937,.F.);
#1253=ORIENTED_EDGE('',*,*,#934,.F.);
#1254=ORIENTED_EDGE('',*,*,#929,.T.);
#1255=ORIENTED_EDGE('',*,*,#912,.F.);
#1256=ORIENTED_EDGE('',*,*,#926,.F.);
#1257=ORIENTED_EDGE('',*,*,#946,.T.);
#1258=ORIENTED_EDGE('',*,*,#947,.T.);
#1259=ORIENTED_EDGE('',*,*,#948,.F.);
#1260=ORIENTED_EDGE('',*,*,#925,.F.);
#1261=ORIENTED_EDGE('',*,*,#949,.T.);
#1262=ORIENTED_EDGE('',*,*,#950,.T.);
#1263=ORIENTED_EDGE('',*,*,#946,.F.);
#1264=ORIENTED_EDGE('',*,*,#924,.F.);
#1265=ORIENTED_EDGE('',*,*,#951,.T.);
#1266=ORIENTED_EDGE('',*,*,#952,.T.);
#1267=ORIENTED_EDGE('',*,*,#949,.F.);
#1268=ORIENTED_EDGE('',*,*,#923,.F.);
#1269=ORIENTED_EDGE('',*,*,#953,.T.);
#1270=ORIENTED_EDGE('',*,*,#954,.T.);
#1271=ORIENTED_EDGE('',*,*,#951,.F.);
#1272=ORIENTED_EDGE('',*,*,#928,.F.);
#1273=ORIENTED_EDGE('',*,*,#955,.T.);
#1274=ORIENTED_EDGE('',*,*,#956,.T.);
#1275=ORIENTED_EDGE('',*,*,#953,.F.);
#1276=ORIENTED_EDGE('',*,*,#927,.F.);
#1277=ORIENTED_EDGE('',*,*,#948,.T.);
#1278=ORIENTED_EDGE('',*,*,#957,.T.);
#1279=ORIENTED_EDGE('',*,*,#955,.F.);
#1280=ORIENTED_EDGE('',*,*,#957,.F.);
#1281=ORIENTED_EDGE('',*,*,#947,.F.);
#1282=ORIENTED_EDGE('',*,*,#950,.F.);
#1283=ORIENTED_EDGE('',*,*,#952,.F.);
#1284=ORIENTED_EDGE('',*,*,#954,.F.);
#1285=ORIENTED_EDGE('',*,*,#956,.F.);
#1286=ORIENTED_EDGE('',*,*,#958,.F.);
#1287=ORIENTED_EDGE('',*,*,#959,.F.);
#1288=ORIENTED_EDGE('',*,*,#960,.T.);
#1289=ORIENTED_EDGE('',*,*,#961,.F.);
#1290=ORIENTED_EDGE('',*,*,#962,.F.);
#1291=ORIENTED_EDGE('',*,*,#958,.T.);
#1292=ORIENTED_EDGE('',*,*,#963,.T.);
#1293=ORIENTED_EDGE('',*,*,#964,.T.);
#1294=ORIENTED_EDGE('',*,*,#965,.F.);
#1295=ORIENTED_EDGE('',*,*,#966,.F.);
#1296=ORIENTED_EDGE('',*,*,#961,.T.);
#1297=ORIENTED_EDGE('',*,*,#967,.T.);
#1298=ORIENTED_EDGE('',*,*,#968,.F.);
#1299=ORIENTED_EDGE('',*,*,#969,.F.);
#1300=ORIENTED_EDGE('',*,*,#965,.T.);
#1301=ORIENTED_EDGE('',*,*,#970,.T.);
#1302=ORIENTED_EDGE('',*,*,#971,.F.);
#1303=ORIENTED_EDGE('',*,*,#972,.F.);
#1304=ORIENTED_EDGE('',*,*,#968,.T.);
#1305=ORIENTED_EDGE('',*,*,#973,.T.);
#1306=ORIENTED_EDGE('',*,*,#974,.F.);
#1307=ORIENTED_EDGE('',*,*,#975,.F.);
#1308=ORIENTED_EDGE('',*,*,#971,.T.);
#1309=ORIENTED_EDGE('',*,*,#976,.T.);
#1310=ORIENTED_EDGE('',*,*,#977,.F.);
#1311=ORIENTED_EDGE('',*,*,#978,.F.);
#1312=ORIENTED_EDGE('',*,*,#974,.T.);
#1313=ORIENTED_EDGE('',*,*,#979,.T.);
#1314=ORIENTED_EDGE('',*,*,#980,.F.);
#1315=ORIENTED_EDGE('',*,*,#981,.F.);
#1316=ORIENTED_EDGE('',*,*,#977,.T.);
#1317=ORIENTED_EDGE('',*,*,#982,.T.);
#1318=ORIENTED_EDGE('',*,*,#983,.F.);
#1319=ORIENTED_EDGE('',*,*,#984,.F.);
#1320=ORIENTED_EDGE('',*,*,#980,.T.);
#1321=ORIENTED_EDGE('',*,*,#985,.T.);
#1322=ORIENTED_EDGE('',*,*,#986,.F.);
#1323=ORIENTED_EDGE('',*,*,#987,.F.);
#1324=ORIENTED_EDGE('',*,*,#983,.T.);
#1325=ORIENTED_EDGE('',*,*,#988,.T.);
#1326=ORIENTED_EDGE('',*,*,#989,.F.);
#1327=ORIENTED_EDGE('',*,*,#990,.F.);
#1328=ORIENTED_EDGE('',*,*,#986,.T.);
#1329=ORIENTED_EDGE('',*,*,#991,.T.);
#1330=ORIENTED_EDGE('',*,*,#992,.F.);
#1331=ORIENTED_EDGE('',*,*,#993,.F.);
#1332=ORIENTED_EDGE('',*,*,#989,.T.);
#1333=ORIENTED_EDGE('',*,*,#994,.T.);
#1334=ORIENTED_EDGE('',*,*,#995,.F.);
#1335=ORIENTED_EDGE('',*,*,#996,.F.);
#1336=ORIENTED_EDGE('',*,*,#992,.T.);
#1337=ORIENTED_EDGE('',*,*,#997,.T.);
#1338=ORIENTED_EDGE('',*,*,#998,.F.);
#1339=ORIENTED_EDGE('',*,*,#999,.F.);
#1340=ORIENTED_EDGE('',*,*,#995,.T.);
#1341=ORIENTED_EDGE('',*,*,#1000,.T.);
#1342=ORIENTED_EDGE('',*,*,#1001,.F.);
#1343=ORIENTED_EDGE('',*,*,#1002,.F.);
#1344=ORIENTED_EDGE('',*,*,#998,.T.);
#1345=ORIENTED_EDGE('',*,*,#1003,.T.);
#1346=ORIENTED_EDGE('',*,*,#1004,.F.);
#1347=ORIENTED_EDGE('',*,*,#1005,.F.);
#1348=ORIENTED_EDGE('',*,*,#1001,.T.);
#1349=ORIENTED_EDGE('',*,*,#1006,.T.);
#1350=ORIENTED_EDGE('',*,*,#1007,.F.);
#1351=ORIENTED_EDGE('',*,*,#1008,.F.);
#1352=ORIENTED_EDGE('',*,*,#1004,.T.);
#1353=ORIENTED_EDGE('',*,*,#1009,.T.);
#1354=ORIENTED_EDGE('',*,*,#1010,.F.);
#1355=ORIENTED_EDGE('',*,*,#1011,.F.);
#1356=ORIENTED_EDGE('',*,*,#1007,.T.);
#1357=ORIENTED_EDGE('',*,*,#1012,.T.);
#1358=ORIENTED_EDGE('',*,*,#1013,.F.);
#1359=ORIENTED_EDGE('',*,*,#1014,.F.);
#1360=ORIENTED_EDGE('',*,*,#1015,.F.);
#1361=ORIENTED_EDGE('',*,*,#1016,.F.);
#1362=ORIENTED_EDGE('',*,*,#1017,.F.);
#1363=ORIENTED_EDGE('',*,*,#1018,.T.);
#1364=ORIENTED_EDGE('',*,*,#1019,.F.);
#1365=ORIENTED_EDGE('',*,*,#1013,.T.);
#1366=ORIENTED_EDGE('',*,*,#1020,.F.);
#1367=ORIENTED_EDGE('',*,*,#1021,.F.);
#1368=ORIENTED_EDGE('',*,*,#1022,.T.);
#1369=ORIENTED_EDGE('',*,*,#1023,.T.);
#1370=ORIENTED_EDGE('',*,*,#1024,.T.);
#1371=ORIENTED_EDGE('',*,*,#1025,.F.);
#1372=ORIENTED_EDGE('',*,*,#1026,.T.);
#1373=ORIENTED_EDGE('',*,*,#1021,.T.);
#1374=ORIENTED_EDGE('',*,*,#1027,.T.);
#1375=ORIENTED_EDGE('',*,*,#1028,.F.);
#1376=ORIENTED_EDGE('',*,*,#1029,.T.);
#1377=ORIENTED_EDGE('',*,*,#1025,.T.);
#1378=ORIENTED_EDGE('',*,*,#1030,.T.);
#1379=ORIENTED_EDGE('',*,*,#1031,.F.);
#1380=ORIENTED_EDGE('',*,*,#1032,.T.);
#1381=ORIENTED_EDGE('',*,*,#1028,.T.);
#1382=ORIENTED_EDGE('',*,*,#1033,.T.);
#1383=ORIENTED_EDGE('',*,*,#1034,.F.);
#1384=ORIENTED_EDGE('',*,*,#1035,.T.);
#1385=ORIENTED_EDGE('',*,*,#1031,.T.);
#1386=ORIENTED_EDGE('',*,*,#1036,.T.);
#1387=ORIENTED_EDGE('',*,*,#1037,.F.);
#1388=ORIENTED_EDGE('',*,*,#1038,.T.);
#1389=ORIENTED_EDGE('',*,*,#1034,.T.);
#1390=ORIENTED_EDGE('',*,*,#1039,.T.);
#1391=ORIENTED_EDGE('',*,*,#1040,.F.);
#1392=ORIENTED_EDGE('',*,*,#1041,.T.);
#1393=ORIENTED_EDGE('',*,*,#1037,.T.);
#1394=ORIENTED_EDGE('',*,*,#1042,.T.);
#1395=ORIENTED_EDGE('',*,*,#1043,.F.);
#1396=ORIENTED_EDGE('',*,*,#1044,.T.);
#1397=ORIENTED_EDGE('',*,*,#1040,.T.);
#1398=ORIENTED_EDGE('',*,*,#1045,.T.);
#1399=ORIENTED_EDGE('',*,*,#1046,.F.);
#1400=ORIENTED_EDGE('',*,*,#1047,.T.);
#1401=ORIENTED_EDGE('',*,*,#1043,.T.);
#1402=ORIENTED_EDGE('',*,*,#1048,.T.);
#1403=ORIENTED_EDGE('',*,*,#1049,.F.);
#1404=ORIENTED_EDGE('',*,*,#1050,.T.);
#1405=ORIENTED_EDGE('',*,*,#1046,.T.);
#1406=ORIENTED_EDGE('',*,*,#1051,.T.);
#1407=ORIENTED_EDGE('',*,*,#1052,.F.);
#1408=ORIENTED_EDGE('',*,*,#1053,.T.);
#1409=ORIENTED_EDGE('',*,*,#1049,.T.);
#1410=ORIENTED_EDGE('',*,*,#1054,.T.);
#1411=ORIENTED_EDGE('',*,*,#1055,.F.);
#1412=ORIENTED_EDGE('',*,*,#1056,.T.);
#1413=ORIENTED_EDGE('',*,*,#1052,.T.);
#1414=ORIENTED_EDGE('',*,*,#1057,.T.);
#1415=ORIENTED_EDGE('',*,*,#1058,.F.);
#1416=ORIENTED_EDGE('',*,*,#1059,.T.);
#1417=ORIENTED_EDGE('',*,*,#1055,.T.);
#1418=ORIENTED_EDGE('',*,*,#1060,.T.);
#1419=ORIENTED_EDGE('',*,*,#1061,.F.);
#1420=ORIENTED_EDGE('',*,*,#1062,.T.);
#1421=ORIENTED_EDGE('',*,*,#1058,.T.);
#1422=ORIENTED_EDGE('',*,*,#1063,.T.);
#1423=ORIENTED_EDGE('',*,*,#1064,.F.);
#1424=ORIENTED_EDGE('',*,*,#1065,.T.);
#1425=ORIENTED_EDGE('',*,*,#1061,.T.);
#1426=ORIENTED_EDGE('',*,*,#1066,.T.);
#1427=ORIENTED_EDGE('',*,*,#1067,.F.);
#1428=ORIENTED_EDGE('',*,*,#1068,.T.);
#1429=ORIENTED_EDGE('',*,*,#1064,.T.);
#1430=ORIENTED_EDGE('',*,*,#1069,.T.);
#1431=ORIENTED_EDGE('',*,*,#1070,.F.);
#1432=ORIENTED_EDGE('',*,*,#1071,.T.);
#1433=ORIENTED_EDGE('',*,*,#1067,.T.);
#1434=ORIENTED_EDGE('',*,*,#1072,.T.);
#1435=ORIENTED_EDGE('',*,*,#1073,.F.);
#1436=ORIENTED_EDGE('',*,*,#1074,.T.);
#1437=ORIENTED_EDGE('',*,*,#1070,.T.);
#1438=ORIENTED_EDGE('',*,*,#1075,.T.);
#1439=ORIENTED_EDGE('',*,*,#1073,.T.);
#1440=ORIENTED_EDGE('',*,*,#1076,.T.);
#1441=ORIENTED_EDGE('',*,*,#1077,.T.);
#1442=ORIENTED_EDGE('',*,*,#1078,.T.);
#1443=ORIENTED_EDGE('',*,*,#1079,.F.);
#1444=ORIENTED_EDGE('',*,*,#963,.F.);
#1445=ORIENTED_EDGE('',*,*,#960,.F.);
#1446=ORIENTED_EDGE('',*,*,#1080,.F.);
#1447=ORIENTED_EDGE('',*,*,#1023,.F.);
#1448=ORIENTED_EDGE('',*,*,#1081,.F.);
#1449=ORIENTED_EDGE('',*,*,#1082,.T.);
#1450=ORIENTED_EDGE('',*,*,#1083,.T.);
#1451=ORIENTED_EDGE('',*,*,#1082,.F.);
#1452=ORIENTED_EDGE('',*,*,#1017,.T.);
#1453=ORIENTED_EDGE('',*,*,#1084,.F.);
#1454=ORIENTED_EDGE('',*,*,#1085,.T.);
#1455=ORIENTED_EDGE('',*,*,#1086,.F.);
#1456=ORIENTED_EDGE('',*,*,#1087,.F.);
#1457=ORIENTED_EDGE('',*,*,#1088,.F.);
#1458=ORIENTED_EDGE('',*,*,#1089,.F.);
#1459=ORIENTED_EDGE('',*,*,#1090,.T.);
#1460=ORIENTED_EDGE('',*,*,#1091,.F.);
#1461=ORIENTED_EDGE('',*,*,#1090,.F.);
#1462=ORIENTED_EDGE('',*,*,#1092,.F.);
#1463=ORIENTED_EDGE('',*,*,#1093,.F.);
#1464=ORIENTED_EDGE('',*,*,#1094,.F.);
#1465=ORIENTED_EDGE('',*,*,#1095,.F.);
#1466=ORIENTED_EDGE('',*,*,#1096,.T.);
#1467=ORIENTED_EDGE('',*,*,#1097,.T.);
#1468=ORIENTED_EDGE('',*,*,#1096,.F.);
#1469=ORIENTED_EDGE('',*,*,#1098,.F.);
#1470=ORIENTED_EDGE('',*,*,#1099,.F.);
#1471=ORIENTED_EDGE('',*,*,#1100,.F.);
#1472=ORIENTED_EDGE('',*,*,#1101,.F.);
#1473=ORIENTED_EDGE('',*,*,#1102,.F.);
#1474=ORIENTED_EDGE('',*,*,#1103,.F.);
#1475=ORIENTED_EDGE('',*,*,#1095,.T.);
#1476=ORIENTED_EDGE('',*,*,#1092,.T.);
#1477=ORIENTED_EDGE('',*,*,#1089,.T.);
#1478=ORIENTED_EDGE('',*,*,#1104,.F.);
#1479=ORIENTED_EDGE('',*,*,#1098,.T.);
#1480=ORIENTED_EDGE('',*,*,#1105,.T.);
#1481=ORIENTED_EDGE('',*,*,#1088,.T.);
#1482=ORIENTED_EDGE('',*,*,#1106,.F.);
#1483=ORIENTED_EDGE('',*,*,#1099,.T.);
#1484=ORIENTED_EDGE('',*,*,#1104,.T.);
#1485=ORIENTED_EDGE('',*,*,#1087,.T.);
#1486=ORIENTED_EDGE('',*,*,#1107,.F.);
#1487=ORIENTED_EDGE('',*,*,#1100,.T.);
#1488=ORIENTED_EDGE('',*,*,#1106,.T.);
#1489=ORIENTED_EDGE('',*,*,#1086,.T.);
#1490=ORIENTED_EDGE('',*,*,#1108,.F.);
#1491=ORIENTED_EDGE('',*,*,#1101,.T.);
#1492=ORIENTED_EDGE('',*,*,#1107,.T.);
#1493=ORIENTED_EDGE('',*,*,#1094,.T.);
#1494=ORIENTED_EDGE('',*,*,#1109,.F.);
#1495=ORIENTED_EDGE('',*,*,#1102,.T.);
#1496=ORIENTED_EDGE('',*,*,#1108,.T.);
#1497=ORIENTED_EDGE('',*,*,#1093,.T.);
#1498=ORIENTED_EDGE('',*,*,#1105,.F.);
#1499=ORIENTED_EDGE('',*,*,#1103,.T.);
#1500=ORIENTED_EDGE('',*,*,#1109,.T.);
#1501=ORIENTED_EDGE('',*,*,#1091,.T.);
#1502=ORIENTED_EDGE('',*,*,#1097,.F.);
#1503=ORIENTED_EDGE('',*,*,#1077,.F.);
#1504=ORIENTED_EDGE('',*,*,#1018,.F.);
#1505=ORIENTED_EDGE('',*,*,#1085,.F.);
#1506=ORIENTED_EDGE('',*,*,#1083,.F.);
#1507=ORIENTED_EDGE('',*,*,#1010,.T.);
#1508=ORIENTED_EDGE('',*,*,#1110,.T.);
#1509=ORIENTED_EDGE('',*,*,#1015,.T.);
#1510=ORIENTED_EDGE('',*,*,#1111,.F.);
#1511=ORIENTED_EDGE('',*,*,#1078,.F.);
#1512=ORIENTED_EDGE('',*,*,#1084,.T.);
#1513=ORIENTED_EDGE('',*,*,#1020,.T.);
#1514=ORIENTED_EDGE('',*,*,#1016,.T.);
#1515=ORIENTED_EDGE('',*,*,#1110,.F.);
#1516=ORIENTED_EDGE('',*,*,#1012,.F.);
#1517=ORIENTED_EDGE('',*,*,#1009,.F.);
#1518=ORIENTED_EDGE('',*,*,#1006,.F.);
#1519=ORIENTED_EDGE('',*,*,#1003,.F.);
#1520=ORIENTED_EDGE('',*,*,#1000,.F.);
#1521=ORIENTED_EDGE('',*,*,#997,.F.);
#1522=ORIENTED_EDGE('',*,*,#994,.F.);
#1523=ORIENTED_EDGE('',*,*,#991,.F.);
#1524=ORIENTED_EDGE('',*,*,#988,.F.);
#1525=ORIENTED_EDGE('',*,*,#985,.F.);
#1526=ORIENTED_EDGE('',*,*,#982,.F.);
#1527=ORIENTED_EDGE('',*,*,#979,.F.);
#1528=ORIENTED_EDGE('',*,*,#976,.F.);
#1529=ORIENTED_EDGE('',*,*,#973,.F.);
#1530=ORIENTED_EDGE('',*,*,#970,.F.);
#1531=ORIENTED_EDGE('',*,*,#967,.F.);
#1532=ORIENTED_EDGE('',*,*,#964,.F.);
#1533=ORIENTED_EDGE('',*,*,#1079,.T.);
#1534=ORIENTED_EDGE('',*,*,#1081,.T.);
#1535=ORIENTED_EDGE('',*,*,#1022,.F.);
#1536=ORIENTED_EDGE('',*,*,#1026,.F.);
#1537=ORIENTED_EDGE('',*,*,#1029,.F.);
#1538=ORIENTED_EDGE('',*,*,#1032,.F.);
#1539=ORIENTED_EDGE('',*,*,#1035,.F.);
#1540=ORIENTED_EDGE('',*,*,#1038,.F.);
#1541=ORIENTED_EDGE('',*,*,#1041,.F.);
#1542=ORIENTED_EDGE('',*,*,#1044,.F.);
#1543=ORIENTED_EDGE('',*,*,#1047,.F.);
#1544=ORIENTED_EDGE('',*,*,#1050,.F.);
#1545=ORIENTED_EDGE('',*,*,#1053,.F.);
#1546=ORIENTED_EDGE('',*,*,#1056,.F.);
#1547=ORIENTED_EDGE('',*,*,#1059,.F.);
#1548=ORIENTED_EDGE('',*,*,#1062,.F.);
#1549=ORIENTED_EDGE('',*,*,#1065,.F.);
#1550=ORIENTED_EDGE('',*,*,#1068,.F.);
#1551=ORIENTED_EDGE('',*,*,#1071,.F.);
#1552=ORIENTED_EDGE('',*,*,#1074,.F.);
#1553=ORIENTED_EDGE('',*,*,#959,.T.);
#1554=ORIENTED_EDGE('',*,*,#962,.T.);
#1555=ORIENTED_EDGE('',*,*,#966,.T.);
#1556=ORIENTED_EDGE('',*,*,#969,.T.);
#1557=ORIENTED_EDGE('',*,*,#972,.T.);
#1558=ORIENTED_EDGE('',*,*,#975,.T.);
#1559=ORIENTED_EDGE('',*,*,#978,.T.);
#1560=ORIENTED_EDGE('',*,*,#981,.T.);
#1561=ORIENTED_EDGE('',*,*,#984,.T.);
#1562=ORIENTED_EDGE('',*,*,#987,.T.);
#1563=ORIENTED_EDGE('',*,*,#990,.T.);
#1564=ORIENTED_EDGE('',*,*,#993,.T.);
#1565=ORIENTED_EDGE('',*,*,#996,.T.);
#1566=ORIENTED_EDGE('',*,*,#999,.T.);
#1567=ORIENTED_EDGE('',*,*,#1002,.T.);
#1568=ORIENTED_EDGE('',*,*,#1005,.T.);
#1569=ORIENTED_EDGE('',*,*,#1008,.T.);
#1570=ORIENTED_EDGE('',*,*,#1011,.T.);
#1571=ORIENTED_EDGE('',*,*,#1111,.T.);
#1572=ORIENTED_EDGE('',*,*,#1014,.T.);
#1573=ORIENTED_EDGE('',*,*,#1019,.T.);
#1574=ORIENTED_EDGE('',*,*,#1076,.F.);
#1575=ORIENTED_EDGE('',*,*,#1075,.F.);
#1576=ORIENTED_EDGE('',*,*,#1072,.F.);
#1577=ORIENTED_EDGE('',*,*,#1069,.F.);
#1578=ORIENTED_EDGE('',*,*,#1066,.F.);
#1579=ORIENTED_EDGE('',*,*,#1063,.F.);
#1580=ORIENTED_EDGE('',*,*,#1060,.F.);
#1581=ORIENTED_EDGE('',*,*,#1057,.F.);
#1582=ORIENTED_EDGE('',*,*,#1054,.F.);
#1583=ORIENTED_EDGE('',*,*,#1051,.F.);
#1584=ORIENTED_EDGE('',*,*,#1048,.F.);
#1585=ORIENTED_EDGE('',*,*,#1045,.F.);
#1586=ORIENTED_EDGE('',*,*,#1042,.F.);
#1587=ORIENTED_EDGE('',*,*,#1039,.F.);
#1588=ORIENTED_EDGE('',*,*,#1036,.F.);
#1589=ORIENTED_EDGE('',*,*,#1033,.F.);
#1590=ORIENTED_EDGE('',*,*,#1030,.F.);
#1591=ORIENTED_EDGE('',*,*,#1027,.F.);
#1592=ORIENTED_EDGE('',*,*,#1024,.F.);
#1593=ORIENTED_EDGE('',*,*,#1080,.T.);
#1594=ORIENTED_EDGE('',*,*,#1112,.T.);
#1595=ORIENTED_EDGE('',*,*,#1113,.T.);
#1596=ORIENTED_EDGE('',*,*,#1114,.T.);
#1597=ORIENTED_EDGE('',*,*,#1115,.T.);
#1598=ORIENTED_EDGE('',*,*,#1116,.T.);
#1599=ORIENTED_EDGE('',*,*,#1113,.F.);
#1600=ORIENTED_EDGE('',*,*,#1117,.T.);
#1601=ORIENTED_EDGE('',*,*,#1118,.T.);
#1602=ORIENTED_EDGE('',*,*,#1119,.T.);
#1603=ORIENTED_EDGE('',*,*,#1120,.T.);
#1604=ORIENTED_EDGE('',*,*,#1117,.F.);
#1605=ORIENTED_EDGE('',*,*,#1115,.F.);
#1606=ORIENTED_EDGE('',*,*,#1120,.F.);
#1607=ORIENTED_EDGE('',*,*,#1121,.T.);
#1608=ORIENTED_EDGE('',*,*,#1122,.T.);
#1609=ORIENTED_EDGE('',*,*,#1123,.T.);
#1610=ORIENTED_EDGE('',*,*,#1124,.T.);
#1611=ORIENTED_EDGE('',*,*,#1125,.F.);
#1612=ORIENTED_EDGE('',*,*,#1126,.F.);
#1613=ORIENTED_EDGE('',*,*,#1127,.T.);
#1614=ORIENTED_EDGE('',*,*,#1128,.T.);
#1615=ORIENTED_EDGE('',*,*,#1129,.T.);
#1616=ORIENTED_EDGE('',*,*,#1130,.T.);
#1617=ORIENTED_EDGE('',*,*,#1131,.T.);
#1618=ORIENTED_EDGE('',*,*,#1132,.T.);
#1619=ORIENTED_EDGE('',*,*,#1133,.T.);
#1620=ORIENTED_EDGE('',*,*,#1119,.F.);
#1621=ORIENTED_EDGE('',*,*,#1134,.T.);
#1622=ORIENTED_EDGE('',*,*,#1135,.T.);
#1623=ORIENTED_EDGE('',*,*,#1136,.T.);
#1624=ORIENTED_EDGE('',*,*,#1121,.F.);
#1625=ORIENTED_EDGE('',*,*,#1114,.F.);
#1626=ORIENTED_EDGE('',*,*,#1116,.F.);
#1627=ORIENTED_EDGE('',*,*,#1127,.F.);
#1628=ORIENTED_EDGE('',*,*,#1137,.F.);
#1629=ORIENTED_EDGE('',*,*,#1138,.T.);
#1630=ORIENTED_EDGE('',*,*,#1139,.T.);
#1631=ORIENTED_EDGE('',*,*,#1140,.T.);
#1632=ORIENTED_EDGE('',*,*,#1141,.T.);
#1633=ORIENTED_EDGE('',*,*,#1125,.T.);
#1634=ORIENTED_EDGE('',*,*,#1142,.T.);
#1635=ORIENTED_EDGE('',*,*,#1140,.F.);
#1636=ORIENTED_EDGE('',*,*,#1143,.T.);
#1637=ORIENTED_EDGE('',*,*,#1144,.T.);
#1638=ORIENTED_EDGE('',*,*,#1137,.T.);
#1639=ORIENTED_EDGE('',*,*,#1126,.T.);
#1640=ORIENTED_EDGE('',*,*,#1143,.F.);
#1641=ORIENTED_EDGE('',*,*,#1145,.F.);
#1642=ORIENTED_EDGE('',*,*,#1146,.T.);
#1643=ORIENTED_EDGE('',*,*,#1135,.F.);
#1644=ORIENTED_EDGE('',*,*,#1122,.F.);
#1645=ORIENTED_EDGE('',*,*,#1136,.F.);
#1646=ORIENTED_EDGE('',*,*,#1146,.F.);
#1647=ORIENTED_EDGE('',*,*,#1147,.T.);
#1648=ORIENTED_EDGE('',*,*,#1148,.F.);
#1649=ORIENTED_EDGE('',*,*,#1149,.F.);
#1650=ORIENTED_EDGE('',*,*,#1123,.F.);
#1651=ORIENTED_EDGE('',*,*,#1147,.F.);
#1652=ORIENTED_EDGE('',*,*,#1142,.F.);
#1653=ORIENTED_EDGE('',*,*,#1124,.F.);
#1654=ORIENTED_EDGE('',*,*,#1149,.T.);
#1655=ORIENTED_EDGE('',*,*,#1150,.T.);
#1656=ORIENTED_EDGE('',*,*,#1141,.F.);
#1657=ORIENTED_EDGE('',*,*,#1130,.F.);
#1658=ORIENTED_EDGE('',*,*,#1151,.T.);
#1659=ORIENTED_EDGE('',*,*,#1152,.F.);
#1660=ORIENTED_EDGE('',*,*,#1153,.F.);
#1661=ORIENTED_EDGE('',*,*,#1129,.F.);
#1662=ORIENTED_EDGE('',*,*,#1154,.T.);
#1663=ORIENTED_EDGE('',*,*,#1155,.F.);
#1664=ORIENTED_EDGE('',*,*,#1151,.F.);
#1665=ORIENTED_EDGE('',*,*,#1128,.F.);
#1666=ORIENTED_EDGE('',*,*,#1156,.T.);
#1667=ORIENTED_EDGE('',*,*,#1157,.F.);
#1668=ORIENTED_EDGE('',*,*,#1154,.F.);
#1669=ORIENTED_EDGE('',*,*,#1158,.F.);
#1670=ORIENTED_EDGE('',*,*,#1159,.T.);
#1671=ORIENTED_EDGE('',*,*,#1160,.F.);
#1672=ORIENTED_EDGE('',*,*,#1161,.F.);
#1673=ORIENTED_EDGE('',*,*,#1162,.F.);
#1674=ORIENTED_EDGE('',*,*,#1163,.T.);
#1675=ORIENTED_EDGE('',*,*,#1164,.F.);
#1676=ORIENTED_EDGE('',*,*,#1159,.F.);
#1677=ORIENTED_EDGE('',*,*,#1165,.F.);
#1678=ORIENTED_EDGE('',*,*,#1166,.T.);
#1679=ORIENTED_EDGE('',*,*,#1167,.F.);
#1680=ORIENTED_EDGE('',*,*,#1163,.F.);
#1681=ORIENTED_EDGE('',*,*,#1168,.F.);
#1682=ORIENTED_EDGE('',*,*,#1169,.T.);
#1683=ORIENTED_EDGE('',*,*,#1170,.F.);
#1684=ORIENTED_EDGE('',*,*,#1166,.F.);
#1685=ORIENTED_EDGE('',*,*,#1171,.F.);
#1686=ORIENTED_EDGE('',*,*,#1172,.T.);
#1687=ORIENTED_EDGE('',*,*,#1173,.F.);
#1688=ORIENTED_EDGE('',*,*,#1169,.F.);
#1689=ORIENTED_EDGE('',*,*,#1174,.F.);
#1690=ORIENTED_EDGE('',*,*,#1161,.T.);
#1691=ORIENTED_EDGE('',*,*,#1175,.F.);
#1692=ORIENTED_EDGE('',*,*,#1172,.F.);
#1693=ORIENTED_EDGE('',*,*,#1131,.F.);
#1694=ORIENTED_EDGE('',*,*,#1153,.T.);
#1695=ORIENTED_EDGE('',*,*,#1176,.F.);
#1696=ORIENTED_EDGE('',*,*,#1177,.F.);
#1697=ORIENTED_EDGE('',*,*,#1132,.F.);
#1698=ORIENTED_EDGE('',*,*,#1177,.T.);
#1699=ORIENTED_EDGE('',*,*,#1178,.F.);
#1700=ORIENTED_EDGE('',*,*,#1179,.F.);
#1701=ORIENTED_EDGE('',*,*,#1133,.F.);
#1702=ORIENTED_EDGE('',*,*,#1179,.T.);
#1703=ORIENTED_EDGE('',*,*,#1180,.F.);
#1704=ORIENTED_EDGE('',*,*,#1156,.F.);
#1705=ORIENTED_EDGE('',*,*,#1180,.T.);
#1706=ORIENTED_EDGE('',*,*,#1178,.T.);
#1707=ORIENTED_EDGE('',*,*,#1176,.T.);
#1708=ORIENTED_EDGE('',*,*,#1152,.T.);
#1709=ORIENTED_EDGE('',*,*,#1155,.T.);
#1710=ORIENTED_EDGE('',*,*,#1157,.T.);
#1711=ORIENTED_EDGE('',*,*,#1160,.T.);
#1712=ORIENTED_EDGE('',*,*,#1164,.T.);
#1713=ORIENTED_EDGE('',*,*,#1167,.T.);
#1714=ORIENTED_EDGE('',*,*,#1170,.T.);
#1715=ORIENTED_EDGE('',*,*,#1173,.T.);
#1716=ORIENTED_EDGE('',*,*,#1175,.T.);
#1717=ORIENTED_EDGE('',*,*,#1181,.F.);
#1718=ORIENTED_EDGE('',*,*,#1182,.T.);
#1719=ORIENTED_EDGE('',*,*,#1183,.F.);
#1720=ORIENTED_EDGE('',*,*,#1182,.F.);
#1721=ORIENTED_EDGE('',*,*,#1158,.T.);
#1722=ORIENTED_EDGE('',*,*,#1174,.T.);
#1723=ORIENTED_EDGE('',*,*,#1171,.T.);
#1724=ORIENTED_EDGE('',*,*,#1168,.T.);
#1725=ORIENTED_EDGE('',*,*,#1165,.T.);
#1726=ORIENTED_EDGE('',*,*,#1162,.T.);
#1727=ORIENTED_EDGE('',*,*,#1183,.T.);
#1728=ORIENTED_EDGE('',*,*,#1112,.F.);
#1729=ORIENTED_EDGE('',*,*,#1138,.F.);
#1730=ORIENTED_EDGE('',*,*,#1144,.F.);
#1731=ORIENTED_EDGE('',*,*,#1139,.F.);
#1732=ORIENTED_EDGE('',*,*,#1150,.F.);
#1733=ORIENTED_EDGE('',*,*,#1148,.T.);
#1734=ORIENTED_EDGE('',*,*,#1145,.T.);
#1735=ORIENTED_EDGE('',*,*,#1134,.F.);
#1736=ORIENTED_EDGE('',*,*,#1118,.F.);
#1737=ORIENTED_EDGE('',*,*,#1181,.T.);
#1738=PLANE('',#1913);
#1739=PLANE('',#1914);
#1740=PLANE('',#1922);
#1741=PLANE('',#1925);
#1742=PLANE('',#1926);
#1743=PLANE('',#1927);
#1744=PLANE('',#1928);
#1745=PLANE('',#1929);
#1746=PLANE('',#1930);
#1747=PLANE('',#1931);
#1748=PLANE('',#1932);
#1749=PLANE('',#1933);
#1750=PLANE('',#1989);
#1751=PLANE('',#1990);
#1752=PLANE('',#1991);
#1753=PLANE('',#1992);
#1754=PLANE('',#1993);
#1755=PLANE('',#1994);
#1756=PLANE('',#1995);
#1757=PLANE('',#1996);
#1758=PLANE('',#1997);
#1759=PLANE('',#1998);
#1760=PLANE('',#2000);
#1761=PLANE('',#2001);
#1762=PLANE('',#2009);
#1763=PLANE('',#2010);
#1764=PLANE('',#2013);
#1765=PLANE('',#2014);
#1766=PLANE('',#2015);
#1767=PLANE('',#2016);
#1768=PLANE('',#2017);
#1769=PLANE('',#2018);
#1770=PLANE('',#2019);
#1771=PLANE('',#2020);
#1772=PLANE('',#2021);
#1773=PLANE('',#2022);
#1774=PLANE('',#2023);
#1775=PLANE('',#2024);
#1776=PLANE('',#2025);
#1777=PLANE('',#2029);
#1778=PLANE('',#2030);
#1779=ADVANCED_FACE('',(#254),#1738,.T.);
#1780=ADVANCED_FACE('',(#255),#242,.F.);
#1781=ADVANCED_FACE('',(#256),#243,.F.);
#1782=ADVANCED_FACE('',(#257,#128),#1739,.F.);
#1783=ADVANCED_FACE('',(#258),#82,.T.);
#1784=ADVANCED_FACE('',(#259),#83,.T.);
#1785=ADVANCED_FACE('',(#260),#1740,.T.);
#1786=ADVANCED_FACE('',(#261),#244,.F.);
#1787=ADVANCED_FACE('',(#262),#245,.F.);
#1788=ADVANCED_FACE('',(#263),#84,.T.);
#1789=ADVANCED_FACE('',(#264),#1741,.T.);
#1790=ADVANCED_FACE('',(#265),#246,.F.);
#1791=ADVANCED_FACE('',(#266),#247,.F.);
#1792=ADVANCED_FACE('',(#267),#1742,.T.);
#1793=ADVANCED_FACE('',(#268),#1743,.F.);
#1794=ADVANCED_FACE('',(#269),#1744,.F.);
#1795=ADVANCED_FACE('',(#270),#1745,.F.);
#1796=ADVANCED_FACE('',(#271),#1746,.F.);
#1797=ADVANCED_FACE('',(#272),#1747,.F.);
#1798=ADVANCED_FACE('',(#273),#1748,.F.);
#1799=ADVANCED_FACE('',(#274),#1749,.F.);
#1800=ADVANCED_FACE('',(#275),#85,.T.);
#1801=ADVANCED_FACE('',(#276),#86,.T.);
#1802=ADVANCED_FACE('',(#277),#87,.T.);
#1803=ADVANCED_FACE('',(#278),#88,.T.);
#1804=ADVANCED_FACE('',(#279),#89,.T.);
#1805=ADVANCED_FACE('',(#280),#90,.T.);
#1806=ADVANCED_FACE('',(#281),#91,.T.);
#1807=ADVANCED_FACE('',(#282),#92,.T.);
#1808=ADVANCED_FACE('',(#283),#93,.T.);
#1809=ADVANCED_FACE('',(#284),#94,.T.);
#1810=ADVANCED_FACE('',(#285),#95,.T.);
#1811=ADVANCED_FACE('',(#286),#96,.T.);
#1812=ADVANCED_FACE('',(#287),#97,.T.);
#1813=ADVANCED_FACE('',(#288),#98,.T.);
#1814=ADVANCED_FACE('',(#289),#99,.T.);
#1815=ADVANCED_FACE('',(#290),#100,.T.);
#1816=ADVANCED_FACE('',(#291),#101,.T.);
#1817=ADVANCED_FACE('',(#292),#102,.T.);
#1818=ADVANCED_FACE('',(#293),#21,.T.);
#1819=ADVANCED_FACE('',(#294),#22,.T.);
#1820=ADVANCED_FACE('',(#295),#103,.T.);
#1821=ADVANCED_FACE('',(#296),#104,.T.);
#1822=ADVANCED_FACE('',(#297),#105,.T.);
#1823=ADVANCED_FACE('',(#298),#106,.T.);
#1824=ADVANCED_FACE('',(#299),#107,.T.);
#1825=ADVANCED_FACE('',(#300),#108,.T.);
#1826=ADVANCED_FACE('',(#301),#109,.T.);
#1827=ADVANCED_FACE('',(#302),#110,.T.);
#1828=ADVANCED_FACE('',(#303),#111,.T.);
#1829=ADVANCED_FACE('',(#304),#112,.T.);
#1830=ADVANCED_FACE('',(#305),#113,.T.);
#1831=ADVANCED_FACE('',(#306),#114,.T.);
#1832=ADVANCED_FACE('',(#307),#115,.T.);
#1833=ADVANCED_FACE('',(#308),#116,.T.);
#1834=ADVANCED_FACE('',(#309),#117,.T.);
#1835=ADVANCED_FACE('',(#310),#118,.T.);
#1836=ADVANCED_FACE('',(#311),#119,.T.);
#1837=ADVANCED_FACE('',(#312),#120,.T.);
#1838=ADVANCED_FACE('',(#313),#121,.T.);
#1839=ADVANCED_FACE('',(#314),#23,.T.);
#1840=ADVANCED_FACE('',(#315),#24,.T.);
#1841=ADVANCED_FACE('',(#316),#25,.T.);
#1842=ADVANCED_FACE('',(#317),#122,.T.);
#1843=ADVANCED_FACE('',(#318,#129),#1750,.F.);
#1844=ADVANCED_FACE('',(#319),#1751,.T.);
#1845=ADVANCED_FACE('',(#320),#1752,.T.);
#1846=ADVANCED_FACE('',(#321),#1753,.T.);
#1847=ADVANCED_FACE('',(#322),#1754,.T.);
#1848=ADVANCED_FACE('',(#323),#1755,.T.);
#1849=ADVANCED_FACE('',(#324),#1756,.T.);
#1850=ADVANCED_FACE('',(#325),#1757,.F.);
#1851=ADVANCED_FACE('',(#326,#130),#1758,.T.);
#1852=ADVANCED_FACE('',(#327),#1759,.F.);
#1853=ADVANCED_FACE('',(#328),#123,.T.);
#1854=ADVANCED_FACE('',(#329),#19,.T.);
#1855=ADVANCED_FACE('',(#330),#20,.T.);
#1856=ADVANCED_FACE('',(#331),#1760,.F.);
#1857=ADVANCED_FACE('',(#332),#248,.F.);
#1858=ADVANCED_FACE('',(#333),#249,.F.);
#1859=ADVANCED_FACE('',(#334,#131),#1761,.T.);
#1860=ADVANCED_FACE('',(#335),#124,.T.);
#1861=ADVANCED_FACE('',(#336),#125,.T.);
#1862=ADVANCED_FACE('',(#337),#1762,.F.);
#1863=ADVANCED_FACE('',(#338),#250,.F.);
#1864=ADVANCED_FACE('',(#339),#251,.F.);
#1865=ADVANCED_FACE('',(#340),#1763,.F.);
#1866=ADVANCED_FACE('',(#341),#252,.F.);
#1867=ADVANCED_FACE('',(#342),#253,.F.);
#1868=ADVANCED_FACE('',(#343),#126,.T.);
#1869=ADVANCED_FACE('',(#344),#1764,.T.);
#1870=ADVANCED_FACE('',(#345),#1765,.T.);
#1871=ADVANCED_FACE('',(#346),#1766,.T.);
#1872=ADVANCED_FACE('',(#347),#1767,.F.);
#1873=ADVANCED_FACE('',(#348),#1768,.F.);
#1874=ADVANCED_FACE('',(#349),#1769,.F.);
#1875=ADVANCED_FACE('',(#350),#1770,.F.);
#1876=ADVANCED_FACE('',(#351),#1771,.F.);
#1877=ADVANCED_FACE('',(#352),#1772,.F.);
#1878=ADVANCED_FACE('',(#353),#1773,.T.);
#1879=ADVANCED_FACE('',(#354),#1774,.T.);
#1880=ADVANCED_FACE('',(#355),#1775,.T.);
#1881=ADVANCED_FACE('',(#356,#132),#1776,.T.);
#1882=ADVANCED_FACE('',(#357),#127,.F.);
#1883=ADVANCED_FACE('',(#358,#133),#1777,.T.);
#1884=ADVANCED_FACE('',(#359,#134),#1778,.F.);
#1885=CLOSED_SHELL('',(#1779,#1780,#1781,#1782,#1783,#1784,#1785,#1786,
#1787,#1788,#1789,#1790,#1791,#1792,#1793,#1794,#1795,#1796,#1797,#1798,
#1799));
#1886=CLOSED_SHELL('',(#1800,#1801,#1802,#1803,#1804,#1805,#1806,#1807,
#1808,#1809,#1810,#1811,#1812,#1813,#1814,#1815,#1816,#1817,#1818,#1819,
#1820,#1821,#1822,#1823,#1824,#1825,#1826,#1827,#1828,#1829,#1830,#1831,
#1832,#1833,#1834,#1835,#1836,#1837,#1838,#1839,#1840,#1841,#1842,#1843,
#1844,#1845,#1846,#1847,#1848,#1849,#1850,#1851,#1852,#1853,#1854,#1855));
#1887=CLOSED_SHELL('',(#1856,#1857,#1858,#1859,#1860,#1861,#1862,#1863,
#1864,#1865,#1866,#1867,#1868,#1869,#1870,#1871,#1872,#1873,#1874,#1875,
#1876,#1877,#1878,#1879,#1880,#1881,#1882,#1883,#1884));
#1888=DERIVED_UNIT_ELEMENT(#1892,1.);
#1889=DERIVED_UNIT_ELEMENT(#6660,-3.);
#1890=DERIVED_UNIT_ELEMENT(#1892,1.);
#1891=DERIVED_UNIT_ELEMENT(#6660,-3.);
#1892=(
MASS_UNIT()
NAMED_UNIT(*)
SI_UNIT(.KILO.,.GRAM.)
);
#1893=DERIVED_UNIT((#1888,#1889));
#1894=DERIVED_UNIT((#1890,#1891));
#1895=MEASURE_REPRESENTATION_ITEM('density measure',
POSITIVE_RATIO_MEASURE(7850.),#1893);
#1896=MEASURE_REPRESENTATION_ITEM('density measure',
POSITIVE_RATIO_MEASURE(7850.),#1894);
#1897=PROPERTY_DEFINITION_REPRESENTATION(#1907,#1901);
#1898=PROPERTY_DEFINITION_REPRESENTATION(#1908,#1902);
#1899=PROPERTY_DEFINITION_REPRESENTATION(#1909,#1903);
#1900=PROPERTY_DEFINITION_REPRESENTATION(#1910,#1904);
#1901=REPRESENTATION('material name',(#1905),#6656);
#1902=REPRESENTATION('density',(#1895),#6656);
#1903=REPRESENTATION('material name',(#1906),#6657);
#1904=REPRESENTATION('density',(#1896),#6657);
#1905=DESCRIPTIVE_REPRESENTATION_ITEM('Steel','Steel');
#1906=DESCRIPTIVE_REPRESENTATION_ITEM('Steel','Steel');
#1907=PROPERTY_DEFINITION('material property','material name',#6676);
#1908=PROPERTY_DEFINITION('material property','density of part',#6676);
#1909=PROPERTY_DEFINITION('material property','material name',#6677);
#1910=PROPERTY_DEFINITION('material property','density of part',#6677);
#1911=AXIS2_PLACEMENT_3D('',#2403,#2033,#2034);
#1912=AXIS2_PLACEMENT_3D('',#2404,#2035,#2036);
#1913=AXIS2_PLACEMENT_3D('',#2405,#2037,#2038);
#1914=AXIS2_PLACEMENT_3D('',#2489,#2042,#2043);
#1915=AXIS2_PLACEMENT_3D('',#2491,#2044,#2045);
#1916=AXIS2_PLACEMENT_3D('',#2515,#2046,#2047);
#1917=AXIS2_PLACEMENT_3D('',#2541,#2048,#2049);
#1918=AXIS2_PLACEMENT_3D('',#2554,#2056,#2057);
#1919=AXIS2_PLACEMENT_3D('',#2556,#2058,#2059);
#1920=AXIS2_PLACEMENT_3D('',#2563,#2061,#2062);
#1921=AXIS2_PLACEMENT_3D('',#2570,#2063,#2064);
#1922=AXIS2_PLACEMENT_3D('',#2571,#2065,#2066);
#1923=AXIS2_PLACEMENT_3D('',#2631,#2069,#2070);
#1924=AXIS2_PLACEMENT_3D('',#2633,#2071,#2072);
#1925=AXIS2_PLACEMENT_3D('',#2640,#2074,#2075);
#1926=AXIS2_PLACEMENT_3D('',#2698,#2078,#2079);
#1927=AXIS2_PLACEMENT_3D('',#2699,#2080,#2081);
#1928=AXIS2_PLACEMENT_3D('',#2705,#2085,#2086);
#1929=AXIS2_PLACEMENT_3D('',#2709,#2089,#2090);
#1930=AXIS2_PLACEMENT_3D('',#2713,#2093,#2094);
#1931=AXIS2_PLACEMENT_3D('',#2717,#2097,#2098);
#1932=AXIS2_PLACEMENT_3D('',#2721,#2101,#2102);
#1933=AXIS2_PLACEMENT_3D('',#2723,#2104,#2105);
#1934=AXIS2_PLACEMENT_3D('',#2724,#2106,#2107);
#1935=AXIS2_PLACEMENT_3D('',#2725,#2108,#2109);
#1936=AXIS2_PLACEMENT_3D('',#2733,#2111,#2112);
#1937=AXIS2_PLACEMENT_3D('',#2734,#2113,#2114);
#1938=AXIS2_PLACEMENT_3D('',#2756,#2116,#2117);
#1939=AXIS2_PLACEMENT_3D('',#2774,#2118,#2119);
#1940=AXIS2_PLACEMENT_3D('',#2812,#2121,#2122);
#1941=AXIS2_PLACEMENT_3D('',#2850,#2124,#2125);
#1942=AXIS2_PLACEMENT_3D('',#2888,#2127,#2128);
#1943=AXIS2_PLACEMENT_3D('',#2926,#2130,#2131);
#1944=AXIS2_PLACEMENT_3D('',#2964,#2133,#2134);
#1945=AXIS2_PLACEMENT_3D('',#3002,#2136,#2137);
#1946=AXIS2_PLACEMENT_3D('',#3040,#2139,#2140);
#1947=AXIS2_PLACEMENT_3D('',#3078,#2142,#2143);
#1948=AXIS2_PLACEMENT_3D('',#3116,#2145,#2146);
#1949=AXIS2_PLACEMENT_3D('',#3154,#2148,#2149);
#1950=AXIS2_PLACEMENT_3D('',#3192,#2151,#2152);
#1951=AXIS2_PLACEMENT_3D('',#3230,#2154,#2155);
#1952=AXIS2_PLACEMENT_3D('',#3268,#2157,#2158);
#1953=AXIS2_PLACEMENT_3D('',#3306,#2160,#2161);
#1954=AXIS2_PLACEMENT_3D('',#3344,#2163,#2164);
#1955=AXIS2_PLACEMENT_3D('',#3382,#2166,#2167);
#1956=AXIS2_PLACEMENT_3D('',#3400,#2169,#2170);
#1957=AXIS2_PLACEMENT_3D('',#3409,#2171,#2172);
#1958=AXIS2_PLACEMENT_3D('',#3414,#2174,#2175);
#1959=AXIS2_PLACEMENT_3D('',#3473,#2176,#2177);
#1960=AXIS2_PLACEMENT_3D('',#3505,#2179,#2180);
#1961=AXIS2_PLACEMENT_3D('',#3528,#2181,#2182);
#1962=AXIS2_PLACEMENT_3D('',#3604,#2184,#2185);
#1963=AXIS2_PLACEMENT_3D('',#3680,#2187,#2188);
#1964=AXIS2_PLACEMENT_3D('',#3756,#2190,#2191);
#1965=AXIS2_PLACEMENT_3D('',#3832,#2193,#2194);
#1966=AXIS2_PLACEMENT_3D('',#3908,#2196,#2197);
#1967=AXIS2_PLACEMENT_3D('',#3984,#2199,#2200);
#1968=AXIS2_PLACEMENT_3D('',#4060,#2202,#2203);
#1969=AXIS2_PLACEMENT_3D('',#4136,#2205,#2206);
#1970=AXIS2_PLACEMENT_3D('',#4212,#2208,#2209);
#1971=AXIS2_PLACEMENT_3D('',#4288,#2211,#2212);
#1972=AXIS2_PLACEMENT_3D('',#4364,#2214,#2215);
#1973=AXIS2_PLACEMENT_3D('',#4440,#2217,#2218);
#1974=AXIS2_PLACEMENT_3D('',#4520,#2220,#2221);
#1975=AXIS2_PLACEMENT_3D('',#4596,#2223,#2224);
#1976=AXIS2_PLACEMENT_3D('',#4672,#2226,#2227);
#1977=AXIS2_PLACEMENT_3D('',#4748,#2229,#2230);
#1978=AXIS2_PLACEMENT_3D('',#4824,#2232,#2233);
#1979=AXIS2_PLACEMENT_3D('',#4846,#2234,#2235);
#1980=AXIS2_PLACEMENT_3D('',#4863,#2236,#2237);
#1981=AXIS2_PLACEMENT_3D('',#4921,#2239,#2240);
#1982=AXIS2_PLACEMENT_3D('',#4922,#2241,#2242);
#1983=AXIS2_PLACEMENT_3D('',#4939,#2243,#2244);
#1984=AXIS2_PLACEMENT_3D('',#4940,#2245,#2246);
#1985=AXIS2_PLACEMENT_3D('',#4960,#2248,#2249);
#1986=AXIS2_PLACEMENT_3D('',#4972,#2250,#2251);
#1987=AXIS2_PLACEMENT_3D('',#4974,#2252,#2253);
#1988=AXIS2_PLACEMENT_3D('',#4977,#2255,#2256);
#1989=AXIS2_PLACEMENT_3D('',#4978,#2257,#2258);
#1990=AXIS2_PLACEMENT_3D('',#4991,#2265,#2266);
#1991=AXIS2_PLACEMENT_3D('',#4994,#2269,#2270);
#1992=AXIS2_PLACEMENT_3D('',#4996,#2272,#2273);
#1993=AXIS2_PLACEMENT_3D('',#4998,#2275,#2276);
#1994=AXIS2_PLACEMENT_3D('',#5000,#2278,#2279);
#1995=AXIS2_PLACEMENT_3D('',#5002,#2281,#2282);
#1996=AXIS2_PLACEMENT_3D('',#5003,#2283,#2284);
#1997=AXIS2_PLACEMENT_3D('',#5004,#2285,#2286);
#1998=AXIS2_PLACEMENT_3D('',#5005,#2287,#2288);
#1999=AXIS2_PLACEMENT_3D('',#5006,#2289,#2290);
#2000=AXIS2_PLACEMENT_3D('',#6295,#2291,#2292);
#2001=AXIS2_PLACEMENT_3D('',#6379,#2296,#2297);
#2002=AXIS2_PLACEMENT_3D('',#6381,#2298,#2299);
#2003=AXIS2_PLACEMENT_3D('',#6408,#2300,#2301);
#2004=AXIS2_PLACEMENT_3D('',#6425,#2302,#2303);
#2005=AXIS2_PLACEMENT_3D('',#6438,#2310,#2311);
#2006=AXIS2_PLACEMENT_3D('',#6440,#2312,#2313);
#2007=AXIS2_PLACEMENT_3D('',#6447,#2315,#2316);
#2008=AXIS2_PLACEMENT_3D('',#6454,#2317,#2318);
#2009=AXIS2_PLACEMENT_3D('',#6455,#2319,#2320);
#2010=AXIS2_PLACEMENT_3D('',#6513,#2324,#2325);
#2011=AXIS2_PLACEMENT_3D('',#6578,#2328,#2329);
#2012=AXIS2_PLACEMENT_3D('',#6579,#2330,#2331);
#2013=AXIS2_PLACEMENT_3D('',#6580,#2332,#2333);
#2014=AXIS2_PLACEMENT_3D('',#6586,#2337,#2338);
#2015=AXIS2_PLACEMENT_3D('',#6590,#2341,#2342);
#2016=AXIS2_PLACEMENT_3D('',#6594,#2345,#2346);
#2017=AXIS2_PLACEMENT_3D('',#6603,#2351,#2352);
#2018=AXIS2_PLACEMENT_3D('',#6609,#2356,#2357);
#2019=AXIS2_PLACEMENT_3D('',#6615,#2361,#2362);
#2020=AXIS2_PLACEMENT_3D('',#6621,#2366,#2367);
#2021=AXIS2_PLACEMENT_3D('',#6627,#2371,#2372);
#2022=AXIS2_PLACEMENT_3D('',#6630,#2375,#2376);
#2023=AXIS2_PLACEMENT_3D('',#6634,#2379,#2380);
#2024=AXIS2_PLACEMENT_3D('',#6638,#2383,#2384);
#2025=AXIS2_PLACEMENT_3D('',#6640,#2386,#2387);
#2026=AXIS2_PLACEMENT_3D('',#6641,#2388,#2389);
#2027=AXIS2_PLACEMENT_3D('',#6643,#2390,#2391);
#2028=AXIS2_PLACEMENT_3D('',#6646,#2393,#2394);
#2029=AXIS2_PLACEMENT_3D('',#6647,#2395,#2396);
#2030=AXIS2_PLACEMENT_3D('',#6648,#2397,#2398);
#2031=AXIS2_PLACEMENT_3D('',#6649,#2399,#2400);
#2032=AXIS2_PLACEMENT_3D('',#6650,#2401,#2402);
#2033=DIRECTION('axis',(0.,0.,1.));
#2034=DIRECTION('refdir',(1.,0.,0.));
#2035=DIRECTION('axis',(0.,0.,1.));
#2036=DIRECTION('refdir',(1.,0.,0.));
#2037=DIRECTION('center_axis',(-0.5,1.0605752387249E-16,-0.866025403784438));
#2038=DIRECTION('ref_axis',(0.866025403784438,6.12323399573678E-17,-0.5));
#2039=DIRECTION('',(-0.866025403784438,-6.12323399573678E-17,0.5));
#2040=DIRECTION('',(-0.75,-0.5,0.43301270189222));
#2041=DIRECTION('',(1.57909434436729E-46,-1.,-1.22464679914735E-16));
#2042=DIRECTION('center_axis',(1.57909434436729E-46,-1.,-1.22464679914735E-16));
#2043=DIRECTION('ref_axis',(1.,1.82916618707745E-46,-1.97215226305253E-31));
#2044=DIRECTION('center_axis',(1.57909434436729E-46,-1.,-1.22464679914735E-16));
#2045=DIRECTION('ref_axis',(1.,1.82916618707745E-46,-1.97215226305253E-31));
#2046=DIRECTION('center_axis',(1.57909434436729E-46,-1.,-1.22464679914735E-16));
#2047=DIRECTION('ref_axis',(1.,1.82916618707745E-46,-1.97215226305253E-31));
#2048=DIRECTION('center_axis',(1.57909434436729E-46,-1.,-1.22464679914735E-16));
#2049=DIRECTION('ref_axis',(1.,1.82916618707745E-46,-1.97215226305253E-31));
#2050=DIRECTION('',(-0.866025403784439,6.12323399573677E-17,-0.5));
#2051=DIRECTION('',(1.59980256770679E-16,1.22464679914735E-16,-1.));
#2052=DIRECTION('',(0.866025403784439,6.12323399573677E-17,-0.5));
#2053=DIRECTION('',(0.866025403784439,-6.12323399573677E-17,0.5));
#2054=DIRECTION('',(-6.39921027082715E-16,-1.22464679914735E-16,1.));
#2055=DIRECTION('',(-0.866025403784439,-6.12323399573676E-17,0.5));
#2056=DIRECTION('center_axis',(1.57909434436729E-46,-1.,-1.22464679914735E-16));
#2057=DIRECTION('ref_axis',(-0.378086234147219,1.13374173463838E-16,-0.925770381654314));
#2058=DIRECTION('center_axis',(1.57909434436729E-46,-1.,-1.22464679914735E-16));
#2059=DIRECTION('ref_axis',(1.,1.82916618707745E-46,-1.97215226305253E-31));
#2060=DIRECTION('',(1.57909434436729E-46,-1.,-1.22464679914735E-16));
#2061=DIRECTION('center_axis',(1.57909434436729E-46,-1.,-1.22464679914735E-16));
#2062=DIRECTION('ref_axis',(1.,1.82916618707745E-46,-1.97215226305253E-31));
#2063=DIRECTION('center_axis',(1.57909434436729E-46,-1.,-1.22464679914735E-16));
#2064=DIRECTION('ref_axis',(1.,1.82916618707745E-46,-1.97215226305253E-31));
#2065=DIRECTION('center_axis',(-0.5,-1.06057523872491E-16,0.866025403784439));
#2066=DIRECTION('ref_axis',(-0.866025403784439,6.12323399573676E-17,-0.5));
#2067=DIRECTION('',(0.866025403784439,-6.12323399573676E-17,0.5));
#2068=DIRECTION('',(0.75,-0.5,0.433012701892219));
#2069=DIRECTION('center_axis',(1.57909434436729E-46,-1.,-1.22464679914735E-16));
#2070=DIRECTION('ref_axis',(-0.612697551510242,-9.67859765358478E-17,0.79031747441984));
#2071=DIRECTION('center_axis',(1.57909434436729E-46,-1.,-1.22464679914735E-16));
#2072=DIRECTION('ref_axis',(1.,1.82916618707745E-46,-1.97215226305253E-31));
#2073=DIRECTION('',(-1.57909434436729E-46,1.,1.22464679914735E-16));
#2074=DIRECTION('center_axis',(1.,7.49879891330947E-33,-6.12323399573679E-17));
#2075=DIRECTION('ref_axis',(6.12323399573679E-17,-1.22464679914735E-16,
1.));
#2076=DIRECTION('',(6.12323399573679E-17,-1.22464679914735E-16,1.));
#2077=DIRECTION('',(-5.30287619362455E-17,-0.5,-0.866025403784439));
#2078=DIRECTION('center_axis',(1.57909434436729E-46,-1.,-1.22464679914735E-16));
#2079=DIRECTION('ref_axis',(1.,1.82916618707745E-46,-1.97215226305253E-31));
#2080=DIRECTION('center_axis',(0.5,1.06057523872491E-16,-0.866025403784439));
#2081=DIRECTION('ref_axis',(0.866025403784439,-6.12323399573677E-17,0.5));
#2082=DIRECTION('',(1.57909434436729E-46,-1.,-1.22464679914735E-16));
#2083=DIRECTION('',(0.866025403784439,-6.12323399573677E-17,0.5));
#2084=DIRECTION('',(1.57909434436729E-46,-1.,-1.22464679914735E-16));
#2085=DIRECTION('center_axis',(-0.5,1.06057523872491E-16,-0.866025403784439));
#2086=DIRECTION('ref_axis',(0.866025403784439,6.12323399573677E-17,-0.5));
#2087=DIRECTION('',(1.57909434436729E-46,-1.,-1.22464679914735E-16));
#2088=DIRECTION('',(0.866025403784439,6.12323399573677E-17,-0.5));
#2089=DIRECTION('center_axis',(-1.,1.95919309380982E-32,-1.59980256770679E-16));
#2090=DIRECTION('ref_axis',(1.59980256770679E-16,1.22464679914735E-16,-1.));
#2091=DIRECTION('',(1.57909434436729E-46,-1.,-1.22464679914735E-16));
#2092=DIRECTION('',(1.59980256770679E-16,1.22464679914735E-16,-1.));
#2093=DIRECTION('center_axis',(-0.5,-1.06057523872491E-16,0.866025403784439));
#2094=DIRECTION('ref_axis',(-0.866025403784439,6.12323399573677E-17,-0.5));
#2095=DIRECTION('',(1.57909434436729E-46,-1.,-1.22464679914735E-16));
#2096=DIRECTION('',(-0.866025403784439,6.12323399573677E-17,-0.5));
#2097=DIRECTION('center_axis',(0.5,-1.06057523872491E-16,0.866025403784439));
#2098=DIRECTION('ref_axis',(-0.866025403784439,-6.12323399573676E-17,0.5));
#2099=DIRECTION('',(1.57909434436729E-46,-1.,-1.22464679914735E-16));
#2100=DIRECTION('',(-0.866025403784439,-6.12323399573676E-17,0.5));
#2101=DIRECTION('center_axis',(1.,-7.83677237523933E-32,6.39921027082715E-16));
#2102=DIRECTION('ref_axis',(-6.39921027082715E-16,-1.22464679914735E-16,
1.));
#2103=DIRECTION('',(-6.39921027082715E-16,-1.22464679914735E-16,1.));
#2104=DIRECTION('center_axis',(1.57909434436729E-46,-1.,-1.22464679914735E-16));
#2105=DIRECTION('ref_axis',(-1.97215226305253E-31,1.22464679914735E-16,
-1.));
#2106=DIRECTION('axis',(0.,0.,1.));
#2107=DIRECTION('refdir',(1.,0.,0.));
#2108=DIRECTION('center_axis',(0.,0.,1.));
#2109=DIRECTION('ref_axis',(-1.83117987687335E-16,1.,0.));
#2110=DIRECTION('',(0.,0.,-1.));
#2111=DIRECTION('center_axis',(-2.08620318446313E-15,-1.83182492784898E-14,
1.));
#2112=DIRECTION('ref_axis',(0.313655733708382,-0.949536771648079,-1.68182928134344E-14));
#2113=DIRECTION('center_axis',(0.,0.,1.));
#2114=DIRECTION('ref_axis',(-1.83117987687335E-16,1.,0.));
#2115=DIRECTION('',(0.,0.,-1.));
#2116=DIRECTION('center_axis',(-2.08620318446313E-15,-1.83182492784898E-14,
1.));
#2117=DIRECTION('ref_axis',(0.313655733708382,-0.949536771648079,-1.68182928134344E-14));
#2118=DIRECTION('center_axis',(0.,0.,1.));
#2119=DIRECTION('ref_axis',(-1.83117987687335E-16,1.,0.));
#2120=DIRECTION('',(0.,0.,-1.));
#2121=DIRECTION('center_axis',(0.,0.,1.));
#2122=DIRECTION('ref_axis',(-1.83117987687335E-16,1.,0.));
#2123=DIRECTION('',(0.,0.,-1.));
#2124=DIRECTION('center_axis',(0.,0.,1.));
#2125=DIRECTION('ref_axis',(-1.83117987687335E-16,1.,0.));
#2126=DIRECTION('',(0.,0.,-1.));
#2127=DIRECTION('center_axis',(0.,0.,1.));
#2128=DIRECTION('ref_axis',(-1.83117987687335E-16,1.,0.));
#2129=DIRECTION('',(0.,0.,-1.));
#2130=DIRECTION('center_axis',(0.,0.,1.));
#2131=DIRECTION('ref_axis',(-1.83117987687335E-16,1.,0.));
#2132=DIRECTION('',(0.,0.,-1.));
#2133=DIRECTION('center_axis',(0.,0.,1.));
#2134=DIRECTION('ref_axis',(-1.83117987687335E-16,1.,0.));
#2135=DIRECTION('',(0.,0.,-1.));
#2136=DIRECTION('center_axis',(0.,0.,1.));
#2137=DIRECTION('ref_axis',(-1.83117987687335E-16,1.,0.));
#2138=DIRECTION('',(0.,0.,-1.));
#2139=DIRECTION('center_axis',(0.,0.,1.));
#2140=DIRECTION('ref_axis',(-1.83117987687335E-16,1.,0.));
#2141=DIRECTION('',(0.,0.,-1.));
#2142=DIRECTION('center_axis',(0.,0.,1.));
#2143=DIRECTION('ref_axis',(-1.83117987687335E-16,1.,0.));
#2144=DIRECTION('',(0.,0.,-1.));
#2145=DIRECTION('center_axis',(0.,0.,1.));
#2146=DIRECTION('ref_axis',(-1.83117987687335E-16,1.,0.));
#2147=DIRECTION('',(0.,0.,-1.));
#2148=DIRECTION('center_axis',(0.,0.,1.));
#2149=DIRECTION('ref_axis',(-1.83117987687335E-16,1.,0.));
#2150=DIRECTION('',(0.,0.,-1.));
#2151=DIRECTION('center_axis',(0.,0.,1.));
#2152=DIRECTION('ref_axis',(-1.83117987687335E-16,1.,0.));
#2153=DIRECTION('',(0.,0.,-1.));
#2154=DIRECTION('center_axis',(0.,0.,1.));
#2155=DIRECTION('ref_axis',(-1.83117987687335E-16,1.,0.));
#2156=DIRECTION('',(0.,0.,-1.));
#2157=DIRECTION('center_axis',(0.,0.,1.));
#2158=DIRECTION('ref_axis',(-1.83117987687335E-16,1.,0.));
#2159=DIRECTION('',(0.,0.,-1.));
#2160=DIRECTION('center_axis',(0.,0.,1.));
#2161=DIRECTION('ref_axis',(-1.83117987687335E-16,1.,0.));
#2162=DIRECTION('',(0.,0.,-1.));
#2163=DIRECTION('center_axis',(0.,0.,1.));
#2164=DIRECTION('ref_axis',(-1.83117987687335E-16,1.,0.));
#2165=DIRECTION('',(0.,0.,-1.));
#2166=DIRECTION('center_axis',(0.,0.,1.));
#2167=DIRECTION('ref_axis',(1.,0.,0.));
#2168=DIRECTION('',(0.500000000000001,6.12323399573678E-17,-0.866025403784438));
#2169=DIRECTION('center_axis',(2.35365997908941E-14,-5.2037274809025E-14,
-1.));
#2170=DIRECTION('ref_axis',(-1.42343165514616E-14,1.,-5.21367077216458E-14));
#2171=DIRECTION('center_axis',(0.,0.,1.));
#2172=DIRECTION('ref_axis',(1.,0.,0.));
#2173=DIRECTION('',(0.500000000000001,6.12323399573678E-17,-0.866025403784438));
#2174=DIRECTION('center_axis',(0.,0.,-1.));
#2175=DIRECTION('ref_axis',(-1.,0.,0.));
#2176=DIRECTION('center_axis',(0.,0.,1.));
#2177=DIRECTION('ref_axis',(1.,0.,0.));
#2178=DIRECTION('',(0.,0.,-1.));
#2179=DIRECTION('center_axis',(0.,0.,1.));
#2180=DIRECTION('ref_axis',(1.,0.,0.));
#2181=DIRECTION('center_axis',(0.,0.,1.));
#2182=DIRECTION('ref_axis',(1.,0.,0.));
#2183=DIRECTION('',(0.,0.,-1.));
#2184=DIRECTION('center_axis',(0.,0.,1.));
#2185=DIRECTION('ref_axis',(1.,0.,0.));
#2186=DIRECTION('',(0.,0.,-1.));
#2187=DIRECTION('center_axis',(0.,0.,1.));
#2188=DIRECTION('ref_axis',(1.,0.,0.));
#2189=DIRECTION('',(0.,0.,-1.));
#2190=DIRECTION('center_axis',(0.,0.,1.));
#2191=DIRECTION('ref_axis',(1.,0.,0.));
#2192=DIRECTION('',(0.,0.,-1.));
#2193=DIRECTION('center_axis',(0.,0.,1.));
#2194=DIRECTION('ref_axis',(1.,0.,0.));
#2195=DIRECTION('',(0.,0.,-1.));
#2196=DIRECTION('center_axis',(0.,0.,1.));
#2197=DIRECTION('ref_axis',(1.,0.,0.));
#2198=DIRECTION('',(0.,0.,-1.));
#2199=DIRECTION('center_axis',(0.,0.,1.));
#2200=DIRECTION('ref_axis',(1.,0.,0.));
#2201=DIRECTION('',(0.,0.,-1.));
#2202=DIRECTION('center_axis',(0.,0.,1.));
#2203=DIRECTION('ref_axis',(1.,0.,0.));
#2204=DIRECTION('',(0.,0.,-1.));
#2205=DIRECTION('center_axis',(0.,0.,1.));
#2206=DIRECTION('ref_axis',(1.,0.,0.));
#2207=DIRECTION('',(0.,0.,-1.));
#2208=DIRECTION('center_axis',(0.,0.,1.));
#2209=DIRECTION('ref_axis',(1.,0.,0.));
#2210=DIRECTION('',(0.,0.,-1.));
#2211=DIRECTION('center_axis',(0.,0.,1.));
#2212=DIRECTION('ref_axis',(1.,0.,0.));
#2213=DIRECTION('',(0.,0.,-1.));
#2214=DIRECTION('center_axis',(0.,0.,1.));
#2215=DIRECTION('ref_axis',(1.,0.,0.));
#2216=DIRECTION('',(0.,0.,-1.));
#2217=DIRECTION('center_axis',(0.,0.,1.));
#2218=DIRECTION('ref_axis',(1.,0.,0.));
#2219=DIRECTION('',(0.,0.,-1.));
#2220=DIRECTION('center_axis',(0.,0.,1.));
#2221=DIRECTION('ref_axis',(1.,0.,0.));
#2222=DIRECTION('',(0.,0.,-1.));
#2223=DIRECTION('center_axis',(0.,0.,1.));
#2224=DIRECTION('ref_axis',(1.,0.,0.));
#2225=DIRECTION('',(0.,0.,-1.));
#2226=DIRECTION('center_axis',(0.,0.,1.));
#2227=DIRECTION('ref_axis',(1.,0.,0.));
#2228=DIRECTION('',(0.,0.,-1.));
#2229=DIRECTION('center_axis',(0.,0.,1.));
#2230=DIRECTION('ref_axis',(1.,0.,0.));
#2231=DIRECTION('',(0.,0.,-1.));
#2232=DIRECTION('center_axis',(0.,0.,1.));
#2233=DIRECTION('ref_axis',(1.,0.,0.));
#2234=DIRECTION('center_axis',(0.,0.,-1.));
#2235=DIRECTION('ref_axis',(-1.,0.,0.));
#2236=DIRECTION('center_axis',(0.,0.,1.));
#2237=DIRECTION('ref_axis',(1.,0.,0.));
#2238=DIRECTION('',(0.70710678118655,8.65956056235496E-17,-0.707106781186545));
#2239=DIRECTION('center_axis',(0.,0.,1.));
#2240=DIRECTION('ref_axis',(1.,0.,0.));
#2241=DIRECTION('center_axis',(0.,0.,1.));
#2242=DIRECTION('ref_axis',(1.,0.,0.));
#2243=DIRECTION('center_axis',(0.,0.,-1.));
#2244=DIRECTION('ref_axis',(-1.,0.,0.));
#2245=DIRECTION('center_axis',(0.,0.,-1.));
#2246=DIRECTION('ref_axis',(-1.,0.,0.));
#2247=DIRECTION('',(-0.866025403784442,1.06057523872491E-16,0.499999999999994));
#2248=DIRECTION('center_axis',(0.,0.,1.));
#2249=DIRECTION('ref_axis',(1.,0.,0.));
#2250=DIRECTION('center_axis',(0.,0.,1.));
#2251=DIRECTION('ref_axis',(1.,0.,0.));
#2252=DIRECTION('center_axis',(0.,0.,1.));
#2253=DIRECTION('ref_axis',(1.,0.,0.));
#2254=DIRECTION('',(0.,0.,-1.));
#2255=DIRECTION('center_axis',(0.,0.,1.));
#2256=DIRECTION('ref_axis',(1.,0.,0.));
#2257=DIRECTION('center_axis',(0.,0.,1.));
#2258=DIRECTION('ref_axis',(1.,0.,0.));
#2259=DIRECTION('',(1.87789324842145E-16,1.,0.));
#2260=DIRECTION('',(0.866025403784439,0.5,0.));
#2261=DIRECTION('',(0.866025403784439,-0.5,0.));
#2262=DIRECTION('',(0.,-1.,0.));
#2263=DIRECTION('',(-0.866025403784439,-0.5,0.));
#2264=DIRECTION('',(-0.866025403784439,0.5,0.));
#2265=DIRECTION('center_axis',(1.,-1.87789324842145E-16,0.));
#2266=DIRECTION('ref_axis',(1.87789324842145E-16,1.,0.));
#2267=DIRECTION('',(0.,0.,1.));
#2268=DIRECTION('',(0.,0.,1.));
#2269=DIRECTION('center_axis',(0.5,-0.866025403784439,0.));
#2270=DIRECTION('ref_axis',(0.866025403784439,0.5,0.));
#2271=DIRECTION('',(0.,0.,1.));
#2272=DIRECTION('center_axis',(-0.5,-0.866025403784439,0.));
#2273=DIRECTION('ref_axis',(0.866025403784439,-0.5,0.));
#2274=DIRECTION('',(0.,0.,1.));
#2275=DIRECTION('center_axis',(-1.,0.,0.));
#2276=DIRECTION('ref_axis',(0.,0.,1.));
#2277=DIRECTION('',(0.,0.,1.));
#2278=DIRECTION('center_axis',(-0.5,0.866025403784439,0.));
#2279=DIRECTION('ref_axis',(-0.866025403784439,-0.5,0.));
#2280=DIRECTION('',(0.,0.,1.));
#2281=DIRECTION('center_axis',(0.5,0.866025403784439,0.));
#2282=DIRECTION('ref_axis',(-0.866025403784439,0.5,0.));
#2283=DIRECTION('center_axis',(0.,0.,-1.));
#2284=DIRECTION('ref_axis',(-1.,0.,0.));
#2285=DIRECTION('center_axis',(0.,0.,-1.));
#2286=DIRECTION('ref_axis',(-1.,0.,0.));
#2287=DIRECTION('center_axis',(0.,0.,1.));
#2288=DIRECTION('ref_axis',(1.,0.,0.));
#2289=DIRECTION('center_axis',(0.,0.,1.));
#2290=DIRECTION('ref_axis',(-1.83117987687335E-16,1.,0.));
#2291=DIRECTION('center_axis',(-0.819152044288992,0.,-0.573576436351046));
#2292=DIRECTION('ref_axis',(-0.573576436351046,0.,0.819152044288992));
#2293=DIRECTION('',(0.573576436351046,0.,-0.819152044288992));
#2294=DIRECTION('',(-0.496731764892154,0.5,0.709406479916222));
#2295=DIRECTION('',(0.,-1.,0.));
#2296=DIRECTION('center_axis',(0.,1.,0.));
#2297=DIRECTION('ref_axis',(0.996194698091746,0.,0.0871557427476581));
#2298=DIRECTION('center_axis',(0.,1.,0.));
#2299=DIRECTION('ref_axis',(0.996194698091746,0.,0.0871557427476581));
#2300=DIRECTION('center_axis',(0.,1.,0.));
#2301=DIRECTION('ref_axis',(0.996194698091746,0.,0.0871557427476581));
#2302=DIRECTION('center_axis',(0.,1.,0.));
#2303=DIRECTION('ref_axis',(0.996194698091746,0.,0.0871557427476581));
#2304=DIRECTION('',(-0.0732171780241427,0.,0.997316020548242));
#2305=DIRECTION('',(-0.900309598408052,0.,0.435250074111806));
#2306=DIRECTION('',(-0.827092420383909,0.,-0.562065946436436));
#2307=DIRECTION('',(0.0732171780241426,0.,-0.997316020548242));
#2308=DIRECTION('',(0.900309598408052,0.,-0.435250074111806));
#2309=DIRECTION('',(0.827092420383909,0.,0.562065946436436));
#2310=DIRECTION('center_axis',(0.,1.,0.));
#2311=DIRECTION('ref_axis',(0.996194698091746,0.,0.0871557427476581));
#2312=DIRECTION('center_axis',(0.,1.,0.));
#2313=DIRECTION('ref_axis',(0.996194698091746,0.,0.0871557427476581));
#2314=DIRECTION('',(0.,1.,0.));
#2315=DIRECTION('center_axis',(0.,1.,0.));
#2316=DIRECTION('ref_axis',(-0.952210403173299,0.,0.305442872053914));
#2317=DIRECTION('center_axis',(0.,1.,0.));
#2318=DIRECTION('ref_axis',(0.996194698091746,0.,0.0871557427476581));
#2319=DIRECTION('center_axis',(0.90630778703665,0.,-0.422618261740699));
#2320=DIRECTION('ref_axis',(-0.422618261740699,0.,-0.90630778703665));
#2321=DIRECTION('',(0.422618261740699,0.,0.90630778703665));
#2322=DIRECTION('',(-0.365998150770667,0.5,-0.784885567221396));
#2323=DIRECTION('',(0.,-1.,0.));
#2324=DIRECTION('center_axis',(-0.0871557427476581,0.,0.996194698091746));
#2325=DIRECTION('ref_axis',(0.996194698091746,0.,0.0871557427476581));
#2326=DIRECTION('',(0.996194698091746,0.,0.0871557427476581));
#2327=DIRECTION('',(0.862729915662821,0.5,0.0754790873051733));
#2328=DIRECTION('center_axis',(0.,1.,0.));
#2329=DIRECTION('ref_axis',(0.996194698091746,0.,0.0871557427476581));
#2330=DIRECTION('center_axis',(0.,1.,0.));
#2331=DIRECTION('ref_axis',(0.996194698091746,0.,0.0871557427476581));
#2332=DIRECTION('center_axis',(-0.562065946436436,0.,0.82709242038391));
#2333=DIRECTION('ref_axis',(0.827092420383909,0.,0.562065946436436));
#2334=DIRECTION('',(0.,-1.,0.));
#2335=DIRECTION('',(-0.827092420383909,0.,-0.562065946436436));
#2336=DIRECTION('',(0.,-1.,0.));
#2337=DIRECTION('center_axis',(0.435250074111806,0.,0.900309598408052));
#2338=DIRECTION('ref_axis',(0.900309598408052,0.,-0.435250074111806));
#2339=DIRECTION('',(0.,-1.,0.));
#2340=DIRECTION('',(-0.900309598408052,0.,0.435250074111806));
#2341=DIRECTION('center_axis',(0.997316020548242,0.,0.0732171780241427));
#2342=DIRECTION('ref_axis',(0.0732171780241427,0.,-0.997316020548242));
#2343=DIRECTION('',(0.,1.,0.));
#2344=DIRECTION('',(-0.0732171780241427,0.,0.997316020548242));
#2345=DIRECTION('center_axis',(0.997316020548242,0.,0.0732171780241427));
#2346=DIRECTION('ref_axis',(0.0732171780241427,0.,-0.997316020548242));
#2347=DIRECTION('',(0.0732171780241427,0.,-0.997316020548242));
#2348=DIRECTION('',(0.,1.,0.));
#2349=DIRECTION('',(-0.0732171780241427,0.,0.997316020548242));
#2350=DIRECTION('',(0.,1.,0.));
#2351=DIRECTION('center_axis',(0.435250074111806,0.,0.900309598408052));
#2352=DIRECTION('ref_axis',(0.900309598408052,0.,-0.435250074111806));
#2353=DIRECTION('',(0.900309598408052,0.,-0.435250074111806));
#2354=DIRECTION('',(0.,1.,0.));
#2355=DIRECTION('',(-0.900309598408052,0.,0.435250074111806));
#2356=DIRECTION('center_axis',(-0.562065946436436,0.,0.82709242038391));
#2357=DIRECTION('ref_axis',(0.827092420383909,0.,0.562065946436436));
#2358=DIRECTION('',(0.827092420383909,0.,0.562065946436436));
#2359=DIRECTION('',(0.,1.,0.));
#2360=DIRECTION('',(-0.827092420383909,0.,-0.562065946436436));
#2361=DIRECTION('center_axis',(-0.997316020548242,0.,-0.0732171780241426));
#2362=DIRECTION('ref_axis',(-0.0732171780241426,0.,0.997316020548242));
#2363=DIRECTION('',(-0.0732171780241426,0.,0.997316020548242));
#2364=DIRECTION('',(0.,1.,0.));
#2365=DIRECTION('',(0.0732171780241426,0.,-0.997316020548242));
#2366=DIRECTION('center_axis',(-0.435250074111806,0.,-0.900309598408052));
#2367=DIRECTION('ref_axis',(-0.900309598408052,0.,0.435250074111806));
#2368=DIRECTION('',(-0.900309598408052,0.,0.435250074111806));
#2369=DIRECTION('',(0.,1.,0.));
#2370=DIRECTION('',(0.900309598408052,0.,-0.435250074111806));
#2371=DIRECTION('center_axis',(0.562065946436436,0.,-0.827092420383909));
#2372=DIRECTION('ref_axis',(-0.827092420383909,0.,-0.562065946436436));
#2373=DIRECTION('',(-0.827092420383909,0.,-0.562065946436436));
#2374=DIRECTION('',(0.827092420383909,0.,0.562065946436436));
#2375=DIRECTION('center_axis',(-0.997316020548242,0.,-0.0732171780241426));
#2376=DIRECTION('ref_axis',(-0.0732171780241426,0.,0.997316020548242));
#2377=DIRECTION('',(0.0732171780241426,0.,-0.997316020548242));
#2378=DIRECTION('',(0.,-1.,0.));
#2379=DIRECTION('center_axis',(-0.435250074111806,0.,-0.900309598408052));
#2380=DIRECTION('ref_axis',(-0.900309598408052,0.,0.435250074111806));
#2381=DIRECTION('',(0.900309598408052,0.,-0.435250074111806));
#2382=DIRECTION('',(0.,-1.,0.));
#2383=DIRECTION('center_axis',(0.562065946436436,0.,-0.827092420383909));
#2384=DIRECTION('ref_axis',(-0.827092420383909,0.,-0.562065946436436));
#2385=DIRECTION('',(0.827092420383909,0.,0.562065946436436));
#2386=DIRECTION('center_axis',(0.,1.,0.));
#2387=DIRECTION('ref_axis',(-0.0871557427476581,0.,0.996194698091746));
#2388=DIRECTION('center_axis',(0.,1.,0.));
#2389=DIRECTION('ref_axis',(0.996194698091746,0.,0.0871557427476581));
#2390=DIRECTION('center_axis',(0.,1.,0.));
#2391=DIRECTION('ref_axis',(0.996194698091746,0.,0.0871557427476581));
#2392=DIRECTION('',(0.,1.,0.));
#2393=DIRECTION('center_axis',(0.,-1.,0.));
#2394=DIRECTION('ref_axis',(0.996194698091746,0.,0.0871557427476581));
#2395=DIRECTION('center_axis',(0.,1.,0.));
#2396=DIRECTION('ref_axis',(0.996194698091746,0.,0.0871557427476581));
#2397=DIRECTION('center_axis',(0.,1.,0.));
#2398=DIRECTION('ref_axis',(0.996194698091746,0.,0.0871557427476581));
#2399=DIRECTION('',(0.819152044288991,-2.49270580068799E-15,0.573576436351046));
#2400=DIRECTION('',(-0.573576436351046,4.10537804736815E-15,0.819152044288992));
#2401=DIRECTION('',(0.,1.,0.));
#2402=DIRECTION('',(0.996194698091745,0.,0.0871557427476582));
#2403=CARTESIAN_POINT('',(0.,0.,0.));
#2404=CARTESIAN_POINT('',(0.,0.,0.));
#2405=CARTESIAN_POINT('Origin',(17.9055534994653,-1.33226762955019E-14,
70.3205024361718));
#2406=CARTESIAN_POINT('',(18.1942286340601,-1.33226762955019E-14,70.1538357695051));
#2407=CARTESIAN_POINT('',(17.3282032302756,-1.33226762955019E-14,70.6538357695051));
#2408=CARTESIAN_POINT('',(14.1527767497327,-8.88178419700125E-15,72.4871691028385));
#2409=CARTESIAN_POINT('',(18.1942286340601,0.577350269189616,70.1538357695051));
#2410=CARTESIAN_POINT('',(18.1942286340601,0.577350269189616,70.1538357695051));
#2411=CARTESIAN_POINT('',(18.1942286340601,5.84999999999999,70.1538357695051));
#2412=CARTESIAN_POINT('Ctrl Pts',(11.9517766225059,6.42735026918962,66.8057793659206));
#2413=CARTESIAN_POINT('Ctrl Pts',(12.9069837853672,5.5091573735911,66.9946500962967));
#2414=CARTESIAN_POINT('Ctrl Pts',(15.055061843542,3.36670728386123,67.8461601111629));
#2415=CARTESIAN_POINT('Ctrl Pts',(16.6790694906659,1.22425719413135,69.5295031515939));
#2416=CARTESIAN_POINT('Ctrl Pts',(17.3282032302756,-1.11022302462516E-14,
70.6538357695051));
#2417=CARTESIAN_POINT('Ctrl Pts',(12.016433981777,6.23490017945974,66.4787770157712));
#2418=CARTESIAN_POINT('Ctrl Pts',(13.0114414430908,5.31670728386122,66.675517359913));
#2419=CARTESIAN_POINT('Ctrl Pts',(15.2490227536896,3.17425719413135,67.5625069587319));
#2420=CARTESIAN_POINT('Ctrl Pts',(16.9406973861103,1.03180710440147,69.3159892925143));
#2421=CARTESIAN_POINT('Ctrl Pts',(17.6168783648705,-0.192450089729887,70.4871691028385));
#2422=CARTESIAN_POINT('Ctrl Pts',(12.081091341048,6.04245008972987,66.1517746656219));
#2423=CARTESIAN_POINT('Ctrl Pts',(13.1158991008144,5.12425719413135,66.3563846235294));
#2424=CARTESIAN_POINT('Ctrl Pts',(15.4429836638372,2.98180710440147,67.278853806301));
#2425=CARTESIAN_POINT('Ctrl Pts',(17.2023252815547,0.839357014671595,69.1024754334347));
#2426=CARTESIAN_POINT('Ctrl Pts',(17.9055534994653,-0.384900179459762,70.3205024361718));
#2427=CARTESIAN_POINT('Ctrl Pts',(12.1457487003191,5.84999999999999,65.8247723154725));
#2428=CARTESIAN_POINT('Ctrl Pts',(13.220356758538,4.93180710440147,66.0372518871457));
#2429=CARTESIAN_POINT('Ctrl Pts',(15.6369445739848,2.7893570146716,66.9952006538701));
#2430=CARTESIAN_POINT('Ctrl Pts',(17.4639531769992,0.64690692494172,68.888961574355));
#2431=CARTESIAN_POINT('Ctrl Pts',(18.1942286340601,-0.577350269189638,70.1538357695051));
#2432=CARTESIAN_POINT('',(12.1457487003191,5.84999999999999,65.8247723154725));
#2433=CARTESIAN_POINT('',(12.5472727073294,5.84999999999999,66.9473956107575));
#2434=CARTESIAN_POINT('Ctrl Pts',(12.1457487003191,5.84999999999999,65.8247723154725));
#2435=CARTESIAN_POINT('Ctrl Pts',(12.2333497288611,5.84999999999999,66.0274606896981));
#2436=CARTESIAN_POINT('Ctrl Pts',(12.3137776532835,5.84999999999999,66.2330778404644));
#2437=CARTESIAN_POINT('Ctrl Pts',(12.3866436947589,5.84999999999999,66.4412980801205));
#2438=CARTESIAN_POINT('Ctrl Pts',(12.4451304027186,5.84999999999999,66.6084282837306));
#2439=CARTESIAN_POINT('Ctrl Pts',(12.4987446551641,5.84999999999999,66.7772349572762));
#2440=CARTESIAN_POINT('Ctrl Pts',(12.547273065481,5.84999999999999,66.9475286312126));
#2441=CARTESIAN_POINT('Ctrl Pts',(12.547273065481,5.84999999999999,66.9475286312126));
#2442=CARTESIAN_POINT('Ctrl Pts',(13.2886663766823,5.12425719413135,67.1543394406249));
#2443=CARTESIAN_POINT('Ctrl Pts',(15.2009417494074,3.17425719413135,67.9973699436486));
#2444=CARTESIAN_POINT('Ctrl Pts',(16.6790694906659,1.22425719413135,69.5295031515939));
#2445=CARTESIAN_POINT('Ctrl Pts',(17.3282032302756,-1.11022302462516E-14,
70.6538357695051));
#2446=CARTESIAN_POINT('',(17.8273578353851,-8.88178419700125E-15,69.571084980302));
#2447=CARTESIAN_POINT('Ctrl Pts',(17.3282032302756,-1.34007488355787E-14,
70.6538357695051));
#2448=CARTESIAN_POINT('Ctrl Pts',(17.4299926133174,-1.35143690034087E-14,
70.4665410178162));
#2449=CARTESIAN_POINT('Ctrl Pts',(17.5249035143081,-1.12908455555691E-14,
70.275772617387));
#2450=CARTESIAN_POINT('Ctrl Pts',(17.6130132424303,-1.0325074129014E-14,
70.0820327318826));
#2451=CARTESIAN_POINT('Ctrl Pts',(17.6894569391041,-9.48717416539664E-15,
69.9139446744482));
#2452=CARTESIAN_POINT('Ctrl Pts',(17.7607818236667,-1.08264187218114E-14,
69.743619015901));
#2453=CARTESIAN_POINT('Ctrl Pts',(17.8270494687043,-1.0547118733939E-14,
69.5713540107041));
#2454=CARTESIAN_POINT('Ctrl Pts',(17.8270494687043,-1.02695629777827E-14,
69.5713540107041));
#2455=CARTESIAN_POINT('Ctrl Pts',(17.1309661278831,1.03180710440147,68.556290434222));
#2456=CARTESIAN_POINT('Ctrl Pts',(16.2255703989063,2.06361420880295,67.6847364421553));
#2457=CARTESIAN_POINT('Ctrl Pts',(15.1834276837803,3.09542131320444,67.0302346950287));
#2458=CARTESIAN_POINT('Ctrl Pts',(14.2560372508723,4.01361420880295,66.447801358599));
#2459=CARTESIAN_POINT('Ctrl Pts',(13.220356758538,4.93180710440147,66.0372518871457));
#2460=CARTESIAN_POINT('Ctrl Pts',(12.1457487003191,5.84999999999999,65.8247723154725));
#2461=CARTESIAN_POINT('Ctrl Pts',(12.8156817957456,6.42735026918962,65.984090590914));
#2462=CARTESIAN_POINT('Ctrl Pts',(15.0566849660003,4.47735026918961,66.6085092388762));
#2463=CARTESIAN_POINT('Ctrl Pts',(17.0310440123196,2.52735026918961,68.1391409060678));
#2464=CARTESIAN_POINT('Ctrl Pts',(18.1942286340601,0.577350269189614,70.1538357695051));
#2465=CARTESIAN_POINT('Ctrl Pts',(12.7262120996069,6.23490017945974,66.3051922641952));
#2466=CARTESIAN_POINT('Ctrl Pts',(14.8842151524448,4.28490017945974,66.9064842955661));
#2467=CARTESIAN_POINT('Ctrl Pts',(16.7854497896411,2.33490017945974,68.3804259010099));
#2468=CARTESIAN_POINT('Ctrl Pts',(17.9055534994653,0.384900179459738,70.3205024361718));
#2469=CARTESIAN_POINT('Ctrl Pts',(12.6367424034682,6.04245008972986,66.6262939374763));
#2470=CARTESIAN_POINT('Ctrl Pts',(14.7117453388892,4.09245008972986,67.2044593522561));
#2471=CARTESIAN_POINT('Ctrl Pts',(16.5398555669626,2.14245008972986,68.621710895952));
#2472=CARTESIAN_POINT('Ctrl Pts',(17.6168783648704,0.192450089729863,70.4871691028385));
#2473=CARTESIAN_POINT('Ctrl Pts',(12.5472727073294,5.84999999999999,66.9473956107575));
#2474=CARTESIAN_POINT('Ctrl Pts',(14.5392755253336,3.89999999999999,67.5024344089461));
#2475=CARTESIAN_POINT('Ctrl Pts',(16.2942613442841,1.94999999999999,68.8629958908941));
#2476=CARTESIAN_POINT('Ctrl Pts',(17.3282032302756,-1.33226762955019E-14,
70.6538357695051));
#2477=CARTESIAN_POINT('',(13.4714729332821,5.84999999999999,66.194163552444));
#2478=CARTESIAN_POINT('Ctrl Pts',(12.5472727073294,5.84999999999999,66.9473956107575));
#2479=CARTESIAN_POINT('Ctrl Pts',(12.7009552124881,5.84999999999999,66.8043188424267));
#2480=CARTESIAN_POINT('Ctrl Pts',(12.8595042481759,5.84999999999999,66.6669344093015));
#2481=CARTESIAN_POINT('Ctrl Pts',(13.0224347044458,5.84999999999999,66.5352831823965));
#2482=CARTESIAN_POINT('Ctrl Pts',(13.1685002281936,5.84999999999999,66.4172591747913));
#2483=CARTESIAN_POINT('Ctrl Pts',(13.3180877053843,5.84999999999999,66.3038421439731));
#2484=CARTESIAN_POINT('Ctrl Pts',(13.470876495702,5.84999999999999,66.1950408599849));
#2485=CARTESIAN_POINT('Ctrl Pts',(13.470876495702,5.84999999999999,66.1950408599849));
#2486=CARTESIAN_POINT('Ctrl Pts',(15.438492263232,4.09245008972986,66.9153473856575));
#2487=CARTESIAN_POINT('Ctrl Pts',(17.1458414404356,2.33490017945974,68.3379758841431));
#2488=CARTESIAN_POINT('Ctrl Pts',(18.1942286340601,0.577350269189615,70.1538357695051));
#2489=CARTESIAN_POINT('Origin',(10.4000000000001,5.84999999999999,74.6538357695051));
#2490=CARTESIAN_POINT('',(1.53797248569477,5.84999999999999,76.2236982907773));
#2491=CARTESIAN_POINT('Origin',(10.4000000000001,5.84999999999999,74.6538357695051));
#2492=CARTESIAN_POINT('',(2.65239069611543,5.84999999999999,76.6474631354788));
#2493=CARTESIAN_POINT('Ctrl Pts',(2.65239069611543,5.84999999999999,76.6474631354788));
#2494=CARTESIAN_POINT('Ctrl Pts',(2.44983109559327,5.84999999999999,76.5853535055655));
#2495=CARTESIAN_POINT('Ctrl Pts',(2.24974322206808,5.84999999999999,76.5160337768429));
#2496=CARTESIAN_POINT('Ctrl Pts',(2.05241567747098,5.84999999999999,76.4398992116202));
#2497=CARTESIAN_POINT('Ctrl Pts',(1.87910387604155,5.84999999999999,76.3730306014789));
#2498=CARTESIAN_POINT('Ctrl Pts',(1.70792036182745,5.84999999999999,76.3009048148902));
#2499=CARTESIAN_POINT('Ctrl Pts',(1.53903047510218,5.84999999999999,76.223776167103));
#2500=CARTESIAN_POINT('',(1.8809324070236,5.84999999999999,77.5565047734215));
#2501=CARTESIAN_POINT('Ctrl Pts',(1.8809324070236,5.84999999999999,77.5565047734216));
#2502=CARTESIAN_POINT('Ctrl Pts',(1.90576675499746,5.84999999999999,77.523097234267));
#2503=CARTESIAN_POINT('Ctrl Pts',(1.93082466754878,5.84999999999999,77.4898504645661));
#2504=CARTESIAN_POINT('Ctrl Pts',(1.95610577960832,5.84999999999999,77.4567681311714));
#2505=CARTESIAN_POINT('Ctrl Pts',(1.97978122004771,5.84999999999999,77.4257869460068));
#2506=CARTESIAN_POINT('Ctrl Pts',(2.00365461370317,5.84999999999999,77.3949472128394));
#2507=CARTESIAN_POINT('Ctrl Pts',(2.02771427796996,5.84999999999999,77.364266311401));
#2508=CARTESIAN_POINT('Ctrl Pts',(2.16479073281753,5.84999999999999,77.1894663161028));
#2509=CARTESIAN_POINT('Ctrl Pts',(2.30799709032463,5.84999999999999,77.0197102401821));
#2510=CARTESIAN_POINT('Ctrl Pts',(2.45722460898164,5.84999999999999,76.8555130729545));
#2511=CARTESIAN_POINT('Ctrl Pts',(2.52121482522212,5.84999999999999,76.7851037253253));
#2512=CARTESIAN_POINT('Ctrl Pts',(2.58631189192869,5.84999999999999,76.7157170938463));
#2513=CARTESIAN_POINT('Ctrl Pts',(2.65250567176897,5.84999999999999,76.6473963128416));
#2514=CARTESIAN_POINT('',(16.1905545810235,5.84999999999999,81.5436454652942));
#2515=CARTESIAN_POINT('Origin',(10.4000000000001,5.84999999999999,74.6538357695051));
#2516=CARTESIAN_POINT('',(16.0003365965555,5.84999999999999,80.3666485622791));
#2517=CARTESIAN_POINT('Ctrl Pts',(16.1900930291963,5.84999999999999,81.5426902814276));
#2518=CARTESIAN_POINT('Ctrl Pts',(16.1785633235446,5.84999999999999,81.4219506115764));
#2519=CARTESIAN_POINT('Ctrl Pts',(16.1646949543191,5.84999999999999,81.3014275590844));
#2520=CARTESIAN_POINT('Ctrl Pts',(16.1484493297615,5.84999999999999,81.1811967160797));
#2521=CARTESIAN_POINT('Ctrl Pts',(16.1381104751343,5.84999999999999,81.1046807777046));
#2522=CARTESIAN_POINT('Ctrl Pts',(16.1268087999008,5.84999999999999,81.0282832902519));
#2523=CARTESIAN_POINT('Ctrl Pts',(16.1145344709918,5.84999999999999,80.9520248530807));
#2524=CARTESIAN_POINT('Ctrl Pts',(16.1031973902376,5.84999999999999,80.8815893883954));
#2525=CARTESIAN_POINT('Ctrl Pts',(16.0910320610003,5.84999999999999,80.8112821511867));
#2526=CARTESIAN_POINT('Ctrl Pts',(16.078031684049,5.84999999999999,80.7411207277542));
#2527=CARTESIAN_POINT('Ctrl Pts',(16.0548107259293,5.84999999999999,80.6158000942638));
#2528=CARTESIAN_POINT('Ctrl Pts',(16.0289253358027,5.84999999999999,80.4909430557588));
#2529=CARTESIAN_POINT('Ctrl Pts',(16.0003365965555,5.84999999999999,80.3666485622791));
#2530=CARTESIAN_POINT('',(17.1733188926577,5.84999999999999,80.5802302196214));
#2531=CARTESIAN_POINT('Ctrl Pts',(16.0002207487611,5.84999999999999,80.3665814448019));
#2532=CARTESIAN_POINT('Ctrl Pts',(16.1311531417866,5.84999999999999,80.3994551980959));
#2533=CARTESIAN_POINT('Ctrl Pts',(16.2628170768014,5.84999999999999,80.4293372276856));
#2534=CARTESIAN_POINT('Ctrl Pts',(16.3950880394435,5.84999999999999,80.4562666292525));
#2535=CARTESIAN_POINT('Ctrl Pts',(16.4602785511404,5.84999999999999,80.4695389411248));
#2536=CARTESIAN_POINT('Ctrl Pts',(16.5256177937547,5.84999999999999,80.4820942661622));
#2537=CARTESIAN_POINT('Ctrl Pts',(16.5910878787843,5.84999999999999,80.4939367063204));
#2538=CARTESIAN_POINT('Ctrl Pts',(16.7842036815503,5.84999999999999,80.5288681156323));
#2539=CARTESIAN_POINT('Ctrl Pts',(16.9783988305427,5.84999999999999,80.5575868323566));
#2540=CARTESIAN_POINT('Ctrl Pts',(17.1733188926577,5.84999999999999,80.5802302196214));
#2541=CARTESIAN_POINT('Origin',(10.4000000000001,5.84999999999999,74.6538357695051));
#2542=CARTESIAN_POINT('',(10.4000000000001,5.84999999999999,81.5935860051644));
#2543=CARTESIAN_POINT('',(4.39000000000012,5.84999999999999,78.1237108873348));
#2544=CARTESIAN_POINT('',(8.89750000000012,5.84999999999999,80.726117225707));
#2545=CARTESIAN_POINT('',(4.39000000000012,5.84999999999999,71.1839606516755));
#2546=CARTESIAN_POINT('',(4.39000000000012,5.84999999999999,76.38877332842));
#2547=CARTESIAN_POINT('',(10.4000000000001,5.84999999999999,67.7140855338458));
#2548=CARTESIAN_POINT('',(5.89250000000012,5.84999999999999,70.3164918722181));
#2549=CARTESIAN_POINT('',(16.4100000000001,5.84999999999999,71.1839606516755));
#2550=CARTESIAN_POINT('',(11.9025000000001,5.84999999999999,68.5815543133032));
#2551=CARTESIAN_POINT('',(16.4100000000001,5.84999999999999,78.1237108873348));
#2552=CARTESIAN_POINT('',(16.4100000000001,5.84999999999999,72.9188982105903));
#2553=CARTESIAN_POINT('',(14.9075000000001,5.84999999999999,78.9911796667922));
#2554=CARTESIAN_POINT('Origin',(10.4000000000001,5.84999999999999,74.6538357695051));
#2555=CARTESIAN_POINT('',(2.60577136594017,-1.33226762955019E-14,70.1538357695052));
#2556=CARTESIAN_POINT('Origin',(10.4000000000001,-1.33226762955019E-14,
74.6538357695051));
#2557=CARTESIAN_POINT('',(2.60577136594017,0.577350269189616,70.1538357695052));
#2558=CARTESIAN_POINT('',(2.60577136594017,5.84999999999999,70.1538357695051));
#2559=CARTESIAN_POINT('Ctrl Pts',(1.53903047510218,5.84999999999999,76.223776167103));
#2560=CARTESIAN_POINT('Ctrl Pts',(1.1790263410813,4.09245008972986,74.1596176646988));
#2561=CARTESIAN_POINT('Ctrl Pts',(1.55738417231575,2.33490017945974,71.9696956548672));
#2562=CARTESIAN_POINT('Ctrl Pts',(2.60577136594018,0.577350269189614,70.1538357695051));
#2563=CARTESIAN_POINT('Origin',(10.4000000000001,5.84999999999999,74.6538357695051));
#2564=CARTESIAN_POINT('',(11.088112386863,-1.33226762955019E-14,83.6274917325475));
#2565=CARTESIAN_POINT('Ctrl Pts',(17.1733188926577,5.84999999999999,80.5802302196214));
#2566=CARTESIAN_POINT('Ctrl Pts',(16.452002156694,4.93180710440147,81.4046283113139));
#2567=CARTESIAN_POINT('Ctrl Pts',(14.5971493247433,2.98180710440147,82.8734935969989));
#2568=CARTESIAN_POINT('Ctrl Pts',(12.3151443395874,1.03180710440147,83.5317926625062));
#2569=CARTESIAN_POINT('Ctrl Pts',(11.0880331788415,-7.91033905045424E-15,
83.6270893743596));
#2570=CARTESIAN_POINT('Origin',(10.4000000000001,-1.33226762955019E-14,
74.6538357695051));
#2571=CARTESIAN_POINT('Origin',(2.89444650053499,-1.33226762955019E-14,
70.3205024361718));
#2572=CARTESIAN_POINT('',(3.47179676972461,-1.33226762955019E-14,70.6538357695052));
#2573=CARTESIAN_POINT('',(6.64722325026755,-8.88178419700125E-15,72.4871691028385));
#2574=CARTESIAN_POINT('',(2.60577136594017,0.577350269189616,70.1538357695052));
#2575=CARTESIAN_POINT('Ctrl Pts',(2.82749547290988,6.42735026918962,77.2339859952086));
#2576=CARTESIAN_POINT('Ctrl Pts',(2.51345874201631,5.5091573735911,76.3123169611058));
#2577=CARTESIAN_POINT('Ctrl Pts',(2.17684811482436,3.36670728386122,74.026271740384));
#2578=CARTESIAN_POINT('Ctrl Pts',(2.82266303011492,1.22425719413135,71.7781683874164));
#2579=CARTESIAN_POINT('Ctrl Pts',(3.47179676972462,-1.11022302462516E-14,
70.6538357695052));
#2580=CARTESIAN_POINT('Ctrl Pts',(2.51197445094779,6.23490017945974,77.3414922546129));
#2581=CARTESIAN_POINT('Ctrl Pts',(2.18485285626698,5.31670728386122,76.3814203440892));
#2582=CARTESIAN_POINT('Ctrl Pts',(1.83421678627537,3.17425719413135,74.0001232391706));
#2583=CARTESIAN_POINT('Ctrl Pts',(2.5069406563697,1.03180710440147,71.6583489131626));
#2584=CARTESIAN_POINT('Ctrl Pts',(3.18312163512981,-0.192450089729887,70.4871691028385));
#2585=CARTESIAN_POINT('Ctrl Pts',(2.1964534289857,6.04245008972986,77.4489985140172));
#2586=CARTESIAN_POINT('Ctrl Pts',(1.85624697051766,5.12425719413135,76.4505237270726));
#2587=CARTESIAN_POINT('Ctrl Pts',(1.49158545772638,2.98180710440147,73.9739747379572));
#2588=CARTESIAN_POINT('Ctrl Pts',(2.19121828262448,0.839357014671597,71.5385294389089));
#2589=CARTESIAN_POINT('Ctrl Pts',(2.894446500535,-0.384900179459761,70.3205024361718));
#2590=CARTESIAN_POINT('Ctrl Pts',(1.8809324070236,5.84999999999999,77.5565047734216));
#2591=CARTESIAN_POINT('Ctrl Pts',(1.52764108476833,4.93180710440147,76.5196271100559));
#2592=CARTESIAN_POINT('Ctrl Pts',(1.14895412917738,2.7893570146716,73.9478262367439));
#2593=CARTESIAN_POINT('Ctrl Pts',(1.87549590887926,0.646906924941721,71.4187099646552));
#2594=CARTESIAN_POINT('Ctrl Pts',(2.60577136594018,-0.577350269189636,70.1538357695051));
#2595=CARTESIAN_POINT('Ctrl Pts',(2.65250567176897,5.84999999999999,76.6473963128417));
#2596=CARTESIAN_POINT('Ctrl Pts',(2.46091232767802,5.12425719413135,75.9019254612246));
#2597=CARTESIAN_POINT('Ctrl Pts',(2.23485979920027,3.17425719413135,73.8243311238559));
#2598=CARTESIAN_POINT('Ctrl Pts',(2.82266303011492,1.22425719413135,71.7781683874164));
#2599=CARTESIAN_POINT('Ctrl Pts',(3.47179676972462,-1.11022302462516E-14,
70.6538357695052));
#2600=CARTESIAN_POINT('',(2.28452977775227,-1.33226762955019E-14,70.762930595666));
#2601=CARTESIAN_POINT('Ctrl Pts',(3.47179676972462,-1.3605313851191E-14,
70.6538357695052));
#2602=CARTESIAN_POINT('Ctrl Pts',(3.25854165171637,-1.40980209993741E-14,
70.6593350388538));
#2603=CARTESIAN_POINT('Ctrl Pts',(3.04571235110543,-1.24073147144143E-14,
70.6725396675672));
#2604=CARTESIAN_POINT('Ctrl Pts',(2.83370587652507,-1.19904086659517E-14,
70.6931321552423));
#2605=CARTESIAN_POINT('Ctrl Pts',(2.65008442771596,-1.16293211435658E-14,
70.7109675653588));
#2606=CARTESIAN_POINT('Ctrl Pts',(2.46707914802992,-1.06658794002675E-14,
70.7343449188773));
#2607=CARTESIAN_POINT('Ctrl Pts',(2.28491691007198,-1.04360964314765E-14,
70.7630631319151));
#2608=CARTESIAN_POINT('Ctrl Pts',(2.28491691007197,-1.06858966120171E-14,
70.7630631319151));
#2609=CARTESIAN_POINT('Ctrl Pts',(1.75388760894571,1.03180710440147,71.8734207699995));
#2610=CARTESIAN_POINT('Ctrl Pts',(1.45179717438061,2.06361420880295,73.0932934475384));
#2611=CARTESIAN_POINT('Ctrl Pts',(1.40605346196865,3.09542131320443,74.3230663902989));
#2612=CARTESIAN_POINT('Ctrl Pts',(1.36534667522935,4.01361420880295,75.4174267357793));
#2613=CARTESIAN_POINT('Ctrl Pts',(1.52764108476833,4.93180710440147,76.5196271100559));
#2614=CARTESIAN_POINT('Ctrl Pts',(1.8809324070236,5.84999999999999,77.5565047734216));
#2615=CARTESIAN_POINT('Ctrl Pts',(1.68393953312984,6.42735026918962,76.8966665562255));
#2616=CARTESIAN_POINT('Ctrl Pts',(1.10420035973443,4.47735026918962,74.6436915568424));
#2617=CARTESIAN_POINT('Ctrl Pts',(1.44258674419966,2.52735026918961,72.1685306329425));
#2618=CARTESIAN_POINT('Ctrl Pts',(2.60577136594018,0.577350269189614,70.1538357695051));
#2619=CARTESIAN_POINT('Ctrl Pts',(2.00675658745837,6.23490017945974,76.8135987493099));
#2620=CARTESIAN_POINT('Ctrl Pts',(1.44848923529983,4.28490017945974,74.6440672684225));
#2621=CARTESIAN_POINT('Ctrl Pts',(1.77434279071079,2.33490017945974,72.2605789713337));
#2622=CARTESIAN_POINT('Ctrl Pts',(2.894446500535,0.384900179459738,70.3205024361718));
#2623=CARTESIAN_POINT('Ctrl Pts',(2.3295736417869,6.04245008972986,76.7305309423944));
#2624=CARTESIAN_POINT('Ctrl Pts',(1.79277811086522,4.09245008972986,74.6444429800026));
#2625=CARTESIAN_POINT('Ctrl Pts',(2.10609883722192,2.14245008972986,72.3526273097249));
#2626=CARTESIAN_POINT('Ctrl Pts',(3.18312163512981,0.192450089729862,70.4871691028385));
#2627=CARTESIAN_POINT('Ctrl Pts',(2.65239069611543,5.84999999999999,76.6474631354788));
#2628=CARTESIAN_POINT('Ctrl Pts',(2.13706698643062,3.89999999999999,74.6448186915827));
#2629=CARTESIAN_POINT('Ctrl Pts',(2.43785488373305,1.94999999999999,72.4446756481161));
#2630=CARTESIAN_POINT('Ctrl Pts',(3.47179676972463,-1.33226762955019E-14,
70.6538357695052));
#2631=CARTESIAN_POINT('Origin',(10.4000000000001,5.84999999999999,74.6538357695051));
#2632=CARTESIAN_POINT('',(10.4000000000001,-1.33226762955019E-14,83.6538357695052));
#2633=CARTESIAN_POINT('Origin',(10.4000000000001,-1.33226762955019E-14,
74.6538357695051));
#2634=CARTESIAN_POINT('',(10.4000000000001,0.577350269189614,83.6538357695051));
#2635=CARTESIAN_POINT('',(10.4000000000001,5.84999999999999,83.6538357695051));
#2636=CARTESIAN_POINT('Ctrl Pts',(10.4000000000001,0.577350269189614,83.6538357695051));
#2637=CARTESIAN_POINT('Ctrl Pts',(12.496774387249,2.33490017945974,83.6538357695051));
#2638=CARTESIAN_POINT('Ctrl Pts',(14.5824813956871,4.09245008972986,82.8865422581592));
#2639=CARTESIAN_POINT('Ctrl Pts',(16.1900930291963,5.84999999999999,81.5426902814276));
#2640=CARTESIAN_POINT('Origin',(10.4000000000001,-1.33226762955019E-14,
83.3205024361718));
#2641=CARTESIAN_POINT('',(10.4000000000001,-1.33226762955019E-14,82.6538357695051));
#2642=CARTESIAN_POINT('',(10.4000000000001,-1.33226762955019E-14,78.9871691028385));
#2643=CARTESIAN_POINT('',(10.4000000000001,0.577350269189614,83.6538357695051));
#2644=CARTESIAN_POINT('Ctrl Pts',(16.4207279045846,6.42735026918962,79.9217419473862));
#2645=CARTESIAN_POINT('Ctrl Pts',(15.7795574726169,5.5091573735911,80.6545402511129));
#2646=CARTESIAN_POINT('Ctrl Pts',(13.9680795848683,3.36670728386122,82.0890567471207));
#2647=CARTESIAN_POINT('Ctrl Pts',(11.6982674792196,1.22425719413135,82.6538357695051));
#2648=CARTESIAN_POINT('Ctrl Pts',(10.4000000000001,-1.11022302462516E-14,
82.6538357695051));
#2649=CARTESIAN_POINT('Ctrl Pts',(16.6715915672756,6.23490017945974,80.1412380381313));
#2650=CARTESIAN_POINT('Ctrl Pts',(16.0037057006426,5.31670728386122,80.9045696045132));
#2651=CARTESIAN_POINT('Ctrl Pts',(14.1167495675712,3.17425719413135,82.398857621188));
#2652=CARTESIAN_POINT('Ctrl Pts',(11.7523619575204,1.03180710440147,82.9871691028385));
#2653=CARTESIAN_POINT('Ctrl Pts',(10.4000000000001,-0.192450089729886,82.9871691028385));
#2654=CARTESIAN_POINT('Ctrl Pts',(16.9224552299667,6.04245008972986,80.3607341288763));
#2655=CARTESIAN_POINT('Ctrl Pts',(16.2278539286683,5.12425719413135,81.1545989579135));
#2656=CARTESIAN_POINT('Ctrl Pts',(14.265419550274,2.98180710440147,82.7086584952553));
#2657=CARTESIAN_POINT('Ctrl Pts',(11.8064564358212,0.839357014671595,83.3205024361718));
#2658=CARTESIAN_POINT('Ctrl Pts',(10.4000000000001,-0.384900179459761,83.3205024361718));
#2659=CARTESIAN_POINT('Ctrl Pts',(17.1733188926577,5.84999999999999,80.5802302196214));
#2660=CARTESIAN_POINT('Ctrl Pts',(16.452002156694,4.93180710440147,81.4046283113139));
#2661=CARTESIAN_POINT('Ctrl Pts',(14.4140895329768,2.7893570146716,83.0184593693226));
#2662=CARTESIAN_POINT('Ctrl Pts',(11.860550914122,0.646906924941721,83.6538357695051));
#2663=CARTESIAN_POINT('Ctrl Pts',(10.4000000000001,-0.577350269189636,83.6538357695051));
#2664=CARTESIAN_POINT('Ctrl Pts',(16.0002207487611,5.84999999999999,80.3665814448019));
#2665=CARTESIAN_POINT('Ctrl Pts',(15.4504195857874,5.12425719413134,80.9052393472991));
#2666=CARTESIAN_POINT('Ctrl Pts',(13.7641889339281,3.17425719413135,82.1397892118145));
#2667=CARTESIAN_POINT('Ctrl Pts',(11.6982674792196,1.22425719413135,82.6538357695051));
#2668=CARTESIAN_POINT('Ctrl Pts',(10.4000000000001,-1.11022302462516E-14,
82.6538357695051));
#2669=CARTESIAN_POINT('Ctrl Pts',(11.0880331788415,-1.12132525487141E-14,
83.6270893743596));
#2670=CARTESIAN_POINT('Ctrl Pts',(11.0104944151305,-1.17721468604148E-14,
83.5311969773304));
#2671=CARTESIAN_POINT('Ctrl Pts',(10.9348421971485,-1.18294828803374E-14,
83.4337920929072));
#2672=CARTESIAN_POINT('Ctrl Pts',(10.8611614675714,-9.71445146547012E-15,
83.3349043419488));
#2673=CARTESIAN_POINT('Ctrl Pts',(10.818987896207,-8.50384417609243E-15,
83.2783027088483));
#2674=CARTESIAN_POINT('Ctrl Pts',(10.7774602909618,-8.23635218897054E-15,
83.2212153276041));
#2675=CARTESIAN_POINT('Ctrl Pts',(10.7365950851107,-8.10462807976364E-15,
83.1636483681467));
#2676=CARTESIAN_POINT('Ctrl Pts',(10.6929556209692,-7.96396148037713E-15,
83.1021733012615));
#2677=CARTESIAN_POINT('Ctrl Pts',(10.6500763029104,-1.30152301646587E-14,
83.0401579557567));
#2678=CARTESIAN_POINT('Ctrl Pts',(10.6079796858667,-1.17961196366423E-14,
82.9776148711336));
#2679=CARTESIAN_POINT('Ctrl Pts',(10.5363574062619,-9.72195118229787E-15,
82.8712054109727));
#2680=CARTESIAN_POINT('Ctrl Pts',(10.4669977862667,-1.05327792067433E-14,
82.7632640479181));
#2681=CARTESIAN_POINT('Ctrl Pts',(10.4000000000001,-1.06581410364015E-14,
82.6538357695051));
#2682=CARTESIAN_POINT('Ctrl Pts',(16.700378671125,6.42735026918961,81.0807501613759));
#2683=CARTESIAN_POINT('Ctrl Pts',(15.0391146742657,4.47735026918961,82.7093065127969));
#2684=CARTESIAN_POINT('Ctrl Pts',(12.7263692434812,2.52735026918961,83.6538357695051));
#2685=CARTESIAN_POINT('Ctrl Pts',(10.4000000000001,0.577350269189614,83.6538357695051));
#2686=CARTESIAN_POINT('Ctrl Pts',(16.4670313129352,6.23490017945974,80.8427162950103));
#2687=CARTESIAN_POINT('Ctrl Pts',(14.8672956122558,4.28490017945974,82.4109557445268));
#2688=CARTESIAN_POINT('Ctrl Pts',(12.6402074196486,2.33490017945974,83.3205024361718));
#2689=CARTESIAN_POINT('Ctrl Pts',(10.4000000000001,0.384900179459738,83.3205024361718));
#2690=CARTESIAN_POINT('Ctrl Pts',(16.2336839547453,6.04245008972986,80.6046824286447));
#2691=CARTESIAN_POINT('Ctrl Pts',(14.695476550246,4.09245008972986,82.1126049762567));
#2692=CARTESIAN_POINT('Ctrl Pts',(12.5540455958159,2.14245008972986,82.9871691028385));
#2693=CARTESIAN_POINT('Ctrl Pts',(10.4000000000001,0.192450089729864,82.9871691028385));
#2694=CARTESIAN_POINT('Ctrl Pts',(16.0003365965555,5.84999999999999,80.3666485622791));
#2695=CARTESIAN_POINT('Ctrl Pts',(14.5236574882361,3.89999999999999,81.8142542079867));
#2696=CARTESIAN_POINT('Ctrl Pts',(12.4678837719833,1.94999999999999,82.6538357695051));
#2697=CARTESIAN_POINT('Ctrl Pts',(10.4000000000001,-1.11022302462516E-14,
82.6538357695051));
#2698=CARTESIAN_POINT('Origin',(10.4000000000001,-1.33226762955019E-14,
74.6538357695051));
#2699=CARTESIAN_POINT('Origin',(10.4000000000001,5.84999999999999,67.7140855338458));
#2700=CARTESIAN_POINT('',(10.4000000000001,1.64999999999999,67.7140855338458));
#2701=CARTESIAN_POINT('',(10.4000000000001,5.84999999999999,67.7140855338458));
#2702=CARTESIAN_POINT('',(16.4100000000001,1.64999999999999,71.1839606516755));
#2703=CARTESIAN_POINT('',(16.4100000000001,1.64999999999999,71.1839606516755));
#2704=CARTESIAN_POINT('',(16.4100000000001,5.84999999999999,71.1839606516755));
#2705=CARTESIAN_POINT('Origin',(4.39000000000012,5.84999999999999,71.1839606516755));
#2706=CARTESIAN_POINT('',(4.39000000000012,1.64999999999999,71.1839606516755));
#2707=CARTESIAN_POINT('',(4.39000000000012,5.84999999999999,71.1839606516755));
#2708=CARTESIAN_POINT('',(10.4000000000001,1.64999999999999,67.7140855338458));
#2709=CARTESIAN_POINT('Origin',(4.39000000000012,5.84999999999999,78.1237108873348));
#2710=CARTESIAN_POINT('',(4.39000000000012,1.64999999999999,78.1237108873348));
#2711=CARTESIAN_POINT('',(4.39000000000012,5.84999999999999,78.1237108873348));
#2712=CARTESIAN_POINT('',(4.39000000000012,1.64999999999999,71.1839606516755));
#2713=CARTESIAN_POINT('Origin',(10.4000000000001,5.84999999999999,81.5935860051644));
#2714=CARTESIAN_POINT('',(10.4000000000001,1.64999999999999,81.5935860051644));
#2715=CARTESIAN_POINT('',(10.4000000000001,5.84999999999999,81.5935860051644));
#2716=CARTESIAN_POINT('',(4.39000000000012,1.64999999999999,78.1237108873348));
#2717=CARTESIAN_POINT('Origin',(16.4100000000001,5.84999999999999,78.1237108873348));
#2718=CARTESIAN_POINT('',(16.4100000000001,1.64999999999999,78.1237108873348));
#2719=CARTESIAN_POINT('',(16.4100000000001,5.84999999999999,78.1237108873348));
#2720=CARTESIAN_POINT('',(10.4000000000001,1.64999999999999,81.5935860051644));
#2721=CARTESIAN_POINT('Origin',(16.4100000000001,5.84999999999999,71.1839606516755));
#2722=CARTESIAN_POINT('',(16.4100000000001,1.64999999999999,78.1237108873348));
#2723=CARTESIAN_POINT('Origin',(10.4000000000001,1.64999999999999,74.6538357695051));
#2724=CARTESIAN_POINT('',(0.,0.,0.));
#2725=CARTESIAN_POINT('Origin',(3.62644071682066E-16,-1.11022302462516E-15,
-9.6));
#2726=CARTESIAN_POINT('',(3.62644071682066E-16,-1.98038475772933,-9.15));
#2727=CARTESIAN_POINT('',(9.67815328827475E-16,-1.98038475772933,-9.20961524227067));
#2728=CARTESIAN_POINT('',(9.67815328827475E-16,-1.98038475772933,-9.6));
#2729=CARTESIAN_POINT('',(-0.890451872878248,-1.76890340344923,-9.20961524227066));
#2730=CARTESIAN_POINT('Ctrl Pts',(-0.890451872878248,-1.76890340344923,
-9.20961524227066));
#2731=CARTESIAN_POINT('Ctrl Pts',(-0.470339232603901,-1.98038475772933,
-9.17866865516503));
#2732=CARTESIAN_POINT('Ctrl Pts',(-2.42527185463343E-16,-1.98038475772933,
-9.15));
#2733=CARTESIAN_POINT('Origin',(3.33066907387547E-15,3.21964677141295E-14,
-9.20961524227063));
#2734=CARTESIAN_POINT('Origin',(3.62644071682066E-16,-1.11022302462516E-15,
-9.6));
#2735=CARTESIAN_POINT('',(3.62644071682066E-16,-1.98038475772933,-8.35));
#2736=CARTESIAN_POINT('',(3.62644071682066E-16,-1.98038475772933,-8.45));
#2737=CARTESIAN_POINT('',(9.67815328827475E-16,-1.98038475772933,-9.6));
#2738=CARTESIAN_POINT('Ctrl Pts',(-2.42527185463343E-16,-1.98038475772933,
-9.15));
#2739=CARTESIAN_POINT('Ctrl Pts',(0.820302225368444,-1.98038475772933,-9.1));
#2740=CARTESIAN_POINT('Ctrl Pts',(1.40034349154889,-1.40034349154889,-9.05));
#2741=CARTESIAN_POINT('Ctrl Pts',(1.98038475772933,-0.820302225368445,-9.));
#2742=CARTESIAN_POINT('Ctrl Pts',(1.98038475772933,-3.63790778195016E-16,
-8.95));
#2743=CARTESIAN_POINT('Ctrl Pts',(1.98038475772933,0.820302225368444,-8.9));
#2744=CARTESIAN_POINT('Ctrl Pts',(1.40034349154889,1.40034349154889,-8.85));
#2745=CARTESIAN_POINT('Ctrl Pts',(0.820302225368445,1.98038475772933,-8.8));
#2746=CARTESIAN_POINT('Ctrl Pts',(0.,1.98038475772933,-8.75));
#2747=CARTESIAN_POINT('Ctrl Pts',(-0.820302225368444,1.98038475772933,-8.7));
#2748=CARTESIAN_POINT('Ctrl Pts',(-1.40034349154889,1.40034349154889,-8.65));
#2749=CARTESIAN_POINT('Ctrl Pts',(-1.98038475772933,0.820302225368444,-8.6));
#2750=CARTESIAN_POINT('Ctrl Pts',(-1.98038475772933,1.2126359273167E-16,
-8.55));
#2751=CARTESIAN_POINT('Ctrl Pts',(-1.98038475772933,-0.820302225368444,
-8.5));
#2752=CARTESIAN_POINT('Ctrl Pts',(-1.40034349154889,-1.40034349154889,-8.45));
#2753=CARTESIAN_POINT('Ctrl Pts',(-0.820302225368444,-1.98038475772933,
-8.4));
#2754=CARTESIAN_POINT('Ctrl Pts',(-2.42527185463343E-16,-1.98038475772933,
-8.35));
#2755=CARTESIAN_POINT('',(0.621159034210502,-1.88044814947537,-9.20961524227066));
#2756=CARTESIAN_POINT('Origin',(3.33066907387547E-15,3.21964677141295E-14,
-9.20961524227063));
#2757=CARTESIAN_POINT('Ctrl Pts',(0.621159034210502,-1.88044814947537,-9.20961524227066));
#2758=CARTESIAN_POINT('Ctrl Pts',(1.06776343071661,-1.73292355238116,-9.17866865516503));
#2759=CARTESIAN_POINT('Ctrl Pts',(1.40034349154889,-1.40034349154889,-9.15));
#2760=CARTESIAN_POINT('Ctrl Pts',(1.98038475772933,-0.820302225368445,-9.1));
#2761=CARTESIAN_POINT('Ctrl Pts',(1.98038475772933,-3.63790778195016E-16,
-9.05));
#2762=CARTESIAN_POINT('Ctrl Pts',(1.98038475772933,0.820302225368444,-9.));
#2763=CARTESIAN_POINT('Ctrl Pts',(1.40034349154889,1.40034349154889,-8.95));
#2764=CARTESIAN_POINT('Ctrl Pts',(0.820302225368445,1.98038475772933,-8.9));
#2765=CARTESIAN_POINT('Ctrl Pts',(0.,1.98038475772933,-8.85));
#2766=CARTESIAN_POINT('Ctrl Pts',(-0.820302225368444,1.98038475772933,-8.8));
#2767=CARTESIAN_POINT('Ctrl Pts',(-1.40034349154889,1.40034349154889,-8.75));
#2768=CARTESIAN_POINT('Ctrl Pts',(-1.98038475772933,0.820302225368444,-8.7));
#2769=CARTESIAN_POINT('Ctrl Pts',(-1.98038475772933,1.2126359273167E-16,
-8.65));
#2770=CARTESIAN_POINT('Ctrl Pts',(-1.98038475772933,-0.820302225368444,
-8.6));
#2771=CARTESIAN_POINT('Ctrl Pts',(-1.40034349154889,-1.40034349154889,-8.55));
#2772=CARTESIAN_POINT('Ctrl Pts',(-0.820302225368444,-1.98038475772933,
-8.5));
#2773=CARTESIAN_POINT('Ctrl Pts',(-2.42527185463343E-16,-1.98038475772933,
-8.45));
#2774=CARTESIAN_POINT('Origin',(3.62644071682066E-16,-1.11022302462516E-15,
-9.6));
#2775=CARTESIAN_POINT('',(3.62644071682066E-16,-1.98038475772933,-7.55));
#2776=CARTESIAN_POINT('',(3.62644071682066E-16,-1.98038475772933,-7.65));
#2777=CARTESIAN_POINT('',(9.67815328827475E-16,-1.98038475772933,-9.6));
#2778=CARTESIAN_POINT('Ctrl Pts',(-2.42527185463343E-16,-1.98038475772933,
-8.35));
#2779=CARTESIAN_POINT('Ctrl Pts',(0.820302225368444,-1.98038475772933,-8.3));
#2780=CARTESIAN_POINT('Ctrl Pts',(1.40034349154889,-1.40034349154889,-8.25));
#2781=CARTESIAN_POINT('Ctrl Pts',(1.98038475772933,-0.820302225368445,-8.2));
#2782=CARTESIAN_POINT('Ctrl Pts',(1.98038475772933,-3.63790778195016E-16,
-8.15));
#2783=CARTESIAN_POINT('Ctrl Pts',(1.98038475772933,0.820302225368444,-8.1));
#2784=CARTESIAN_POINT('Ctrl Pts',(1.40034349154889,1.40034349154889,-8.05));
#2785=CARTESIAN_POINT('Ctrl Pts',(0.820302225368445,1.98038475772933,-8.));
#2786=CARTESIAN_POINT('Ctrl Pts',(0.,1.98038475772933,-7.95));
#2787=CARTESIAN_POINT('Ctrl Pts',(-0.820302225368444,1.98038475772933,-7.9));
#2788=CARTESIAN_POINT('Ctrl Pts',(-1.40034349154889,1.40034349154889,-7.85));
#2789=CARTESIAN_POINT('Ctrl Pts',(-1.98038475772933,0.820302225368444,-7.8));
#2790=CARTESIAN_POINT('Ctrl Pts',(-1.98038475772933,1.2126359273167E-16,
-7.75));
#2791=CARTESIAN_POINT('Ctrl Pts',(-1.98038475772933,-0.820302225368444,
-7.7));
#2792=CARTESIAN_POINT('Ctrl Pts',(-1.40034349154889,-1.40034349154889,-7.65));
#2793=CARTESIAN_POINT('Ctrl Pts',(-0.820302225368444,-1.98038475772933,
-7.6));
#2794=CARTESIAN_POINT('Ctrl Pts',(-2.42527185463343E-16,-1.98038475772933,
-7.55));
#2795=CARTESIAN_POINT('Ctrl Pts',(-2.42527185463343E-16,-1.98038475772933,
-8.45));
#2796=CARTESIAN_POINT('Ctrl Pts',(0.820302225368444,-1.98038475772933,-8.4));
#2797=CARTESIAN_POINT('Ctrl Pts',(1.40034349154889,-1.40034349154889,-8.35));
#2798=CARTESIAN_POINT('Ctrl Pts',(1.98038475772933,-0.820302225368445,-8.3));
#2799=CARTESIAN_POINT('Ctrl Pts',(1.98038475772933,-3.63790778195016E-16,
-8.25));
#2800=CARTESIAN_POINT('Ctrl Pts',(1.98038475772933,0.820302225368444,-8.2));
#2801=CARTESIAN_POINT('Ctrl Pts',(1.40034349154889,1.40034349154889,-8.15));
#2802=CARTESIAN_POINT('Ctrl Pts',(0.820302225368445,1.98038475772933,-8.1));
#2803=CARTESIAN_POINT('Ctrl Pts',(0.,1.98038475772933,-8.05));
#2804=CARTESIAN_POINT('Ctrl Pts',(-0.820302225368444,1.98038475772933,-8.));
#2805=CARTESIAN_POINT('Ctrl Pts',(-1.40034349154889,1.40034349154889,-7.95));
#2806=CARTESIAN_POINT('Ctrl Pts',(-1.98038475772933,0.820302225368444,-7.9));
#2807=CARTESIAN_POINT('Ctrl Pts',(-1.98038475772933,1.2126359273167E-16,
-7.85));
#2808=CARTESIAN_POINT('Ctrl Pts',(-1.98038475772933,-0.820302225368444,
-7.8));
#2809=CARTESIAN_POINT('Ctrl Pts',(-1.40034349154889,-1.40034349154889,-7.75));
#2810=CARTESIAN_POINT('Ctrl Pts',(-0.820302225368444,-1.98038475772933,
-7.7));
#2811=CARTESIAN_POINT('Ctrl Pts',(-2.42527185463343E-16,-1.98038475772933,
-7.65));
#2812=CARTESIAN_POINT('Origin',(3.62644071682066E-16,-1.11022302462516E-15,
-9.6));
#2813=CARTESIAN_POINT('',(3.62644071682066E-16,-1.98038475772933,-6.75));
#2814=CARTESIAN_POINT('',(3.62644071682066E-16,-1.98038475772933,-6.85));
#2815=CARTESIAN_POINT('',(9.67815328827475E-16,-1.98038475772933,-9.6));
#2816=CARTESIAN_POINT('Ctrl Pts',(-2.42527185463343E-16,-1.98038475772933,
-7.55));
#2817=CARTESIAN_POINT('Ctrl Pts',(0.820302225368444,-1.98038475772933,-7.5));
#2818=CARTESIAN_POINT('Ctrl Pts',(1.40034349154889,-1.40034349154889,-7.45));
#2819=CARTESIAN_POINT('Ctrl Pts',(1.98038475772933,-0.820302225368445,-7.4));
#2820=CARTESIAN_POINT('Ctrl Pts',(1.98038475772933,-3.63790778195016E-16,
-7.35));
#2821=CARTESIAN_POINT('Ctrl Pts',(1.98038475772933,0.820302225368444,-7.3));
#2822=CARTESIAN_POINT('Ctrl Pts',(1.40034349154889,1.40034349154889,-7.25));
#2823=CARTESIAN_POINT('Ctrl Pts',(0.820302225368445,1.98038475772933,-7.2));
#2824=CARTESIAN_POINT('Ctrl Pts',(0.,1.98038475772933,-7.15));
#2825=CARTESIAN_POINT('Ctrl Pts',(-0.820302225368444,1.98038475772933,-7.1));
#2826=CARTESIAN_POINT('Ctrl Pts',(-1.40034349154889,1.40034349154889,-7.05));
#2827=CARTESIAN_POINT('Ctrl Pts',(-1.98038475772933,0.820302225368444,-7.));
#2828=CARTESIAN_POINT('Ctrl Pts',(-1.98038475772933,1.2126359273167E-16,
-6.95));
#2829=CARTESIAN_POINT('Ctrl Pts',(-1.98038475772933,-0.820302225368444,
-6.9));
#2830=CARTESIAN_POINT('Ctrl Pts',(-1.40034349154889,-1.40034349154889,-6.85));
#2831=CARTESIAN_POINT('Ctrl Pts',(-0.820302225368444,-1.98038475772933,
-6.8));
#2832=CARTESIAN_POINT('Ctrl Pts',(-2.42527185463343E-16,-1.98038475772933,
-6.75));
#2833=CARTESIAN_POINT('Ctrl Pts',(-2.42527185463343E-16,-1.98038475772933,
-7.65));
#2834=CARTESIAN_POINT('Ctrl Pts',(0.820302225368444,-1.98038475772933,-7.6));
#2835=CARTESIAN_POINT('Ctrl Pts',(1.40034349154889,-1.40034349154889,-7.55));
#2836=CARTESIAN_POINT('Ctrl Pts',(1.98038475772933,-0.820302225368445,-7.5));
#2837=CARTESIAN_POINT('Ctrl Pts',(1.98038475772933,-3.63790778195016E-16,
-7.45));
#2838=CARTESIAN_POINT('Ctrl Pts',(1.98038475772933,0.820302225368444,-7.4));
#2839=CARTESIAN_POINT('Ctrl Pts',(1.40034349154889,1.40034349154889,-7.35));
#2840=CARTESIAN_POINT('Ctrl Pts',(0.820302225368445,1.98038475772933,-7.3));
#2841=CARTESIAN_POINT('Ctrl Pts',(0.,1.98038475772933,-7.25));
#2842=CARTESIAN_POINT('Ctrl Pts',(-0.820302225368444,1.98038475772933,-7.2));
#2843=CARTESIAN_POINT('Ctrl Pts',(-1.40034349154889,1.40034349154889,-7.15));
#2844=CARTESIAN_POINT('Ctrl Pts',(-1.98038475772933,0.820302225368444,-7.1));
#2845=CARTESIAN_POINT('Ctrl Pts',(-1.98038475772933,1.2126359273167E-16,
-7.05));
#2846=CARTESIAN_POINT('Ctrl Pts',(-1.98038475772933,-0.820302225368444,
-7.));
#2847=CARTESIAN_POINT('Ctrl Pts',(-1.40034349154889,-1.40034349154889,-6.95));
#2848=CARTESIAN_POINT('Ctrl Pts',(-0.820302225368444,-1.98038475772933,
-6.9));
#2849=CARTESIAN_POINT('Ctrl Pts',(-2.42527185463343E-16,-1.98038475772933,
-6.85));
#2850=CARTESIAN_POINT('Origin',(3.62644071682066E-16,-1.11022302462516E-15,
-9.6));
#2851=CARTESIAN_POINT('',(3.62644071682066E-16,-1.98038475772933,-5.95));
#2852=CARTESIAN_POINT('',(3.62644071682066E-16,-1.98038475772933,-6.05));
#2853=CARTESIAN_POINT('',(9.67815328827475E-16,-1.98038475772933,-9.6));
#2854=CARTESIAN_POINT('Ctrl Pts',(-2.42527185463343E-16,-1.98038475772933,
-6.75));
#2855=CARTESIAN_POINT('Ctrl Pts',(0.820302225368444,-1.98038475772933,-6.7));
#2856=CARTESIAN_POINT('Ctrl Pts',(1.40034349154889,-1.40034349154889,-6.65));
#2857=CARTESIAN_POINT('Ctrl Pts',(1.98038475772933,-0.820302225368445,-6.6));
#2858=CARTESIAN_POINT('Ctrl Pts',(1.98038475772933,-3.63790778195016E-16,
-6.55));
#2859=CARTESIAN_POINT('Ctrl Pts',(1.98038475772933,0.820302225368444,-6.5));
#2860=CARTESIAN_POINT('Ctrl Pts',(1.40034349154889,1.40034349154889,-6.45));
#2861=CARTESIAN_POINT('Ctrl Pts',(0.820302225368445,1.98038475772933,-6.4));
#2862=CARTESIAN_POINT('Ctrl Pts',(0.,1.98038475772933,-6.35));
#2863=CARTESIAN_POINT('Ctrl Pts',(-0.820302225368444,1.98038475772933,-6.3));
#2864=CARTESIAN_POINT('Ctrl Pts',(-1.40034349154889,1.40034349154889,-6.25));
#2865=CARTESIAN_POINT('Ctrl Pts',(-1.98038475772933,0.820302225368444,-6.2));
#2866=CARTESIAN_POINT('Ctrl Pts',(-1.98038475772933,1.2126359273167E-16,
-6.15));
#2867=CARTESIAN_POINT('Ctrl Pts',(-1.98038475772933,-0.820302225368444,
-6.1));
#2868=CARTESIAN_POINT('Ctrl Pts',(-1.40034349154889,-1.40034349154889,-6.05));
#2869=CARTESIAN_POINT('Ctrl Pts',(-0.820302225368444,-1.98038475772933,
-6.));
#2870=CARTESIAN_POINT('Ctrl Pts',(-2.42527185463343E-16,-1.98038475772933,
-5.95));
#2871=CARTESIAN_POINT('Ctrl Pts',(-2.42527185463343E-16,-1.98038475772933,
-6.85));
#2872=CARTESIAN_POINT('Ctrl Pts',(0.820302225368444,-1.98038475772933,-6.8));
#2873=CARTESIAN_POINT('Ctrl Pts',(1.40034349154889,-1.40034349154889,-6.75));
#2874=CARTESIAN_POINT('Ctrl Pts',(1.98038475772933,-0.820302225368445,-6.7));
#2875=CARTESIAN_POINT('Ctrl Pts',(1.98038475772933,-3.63790778195016E-16,
-6.65));
#2876=CARTESIAN_POINT('Ctrl Pts',(1.98038475772933,0.820302225368444,-6.6));
#2877=CARTESIAN_POINT('Ctrl Pts',(1.40034349154889,1.40034349154889,-6.55));
#2878=CARTESIAN_POINT('Ctrl Pts',(0.820302225368445,1.98038475772933,-6.5));
#2879=CARTESIAN_POINT('Ctrl Pts',(0.,1.98038475772933,-6.45));
#2880=CARTESIAN_POINT('Ctrl Pts',(-0.820302225368444,1.98038475772933,-6.4));
#2881=CARTESIAN_POINT('Ctrl Pts',(-1.40034349154889,1.40034349154889,-6.35));
#2882=CARTESIAN_POINT('Ctrl Pts',(-1.98038475772933,0.820302225368444,-6.3));
#2883=CARTESIAN_POINT('Ctrl Pts',(-1.98038475772933,1.2126359273167E-16,
-6.25));
#2884=CARTESIAN_POINT('Ctrl Pts',(-1.98038475772933,-0.820302225368444,
-6.2));
#2885=CARTESIAN_POINT('Ctrl Pts',(-1.40034349154889,-1.40034349154889,-6.15));
#2886=CARTESIAN_POINT('Ctrl Pts',(-0.820302225368444,-1.98038475772933,
-6.1));
#2887=CARTESIAN_POINT('Ctrl Pts',(-2.42527185463343E-16,-1.98038475772933,
-6.05));
#2888=CARTESIAN_POINT('Origin',(3.62644071682066E-16,-1.11022302462516E-15,
-9.6));
#2889=CARTESIAN_POINT('',(3.62644071682066E-16,-1.98038475772933,-5.15));
#2890=CARTESIAN_POINT('',(3.62644071682066E-16,-1.98038475772933,-5.25));
#2891=CARTESIAN_POINT('',(9.67815328827475E-16,-1.98038475772933,-9.6));
#2892=CARTESIAN_POINT('Ctrl Pts',(-2.42527185463343E-16,-1.98038475772933,
-5.95));
#2893=CARTESIAN_POINT('Ctrl Pts',(0.820302225368444,-1.98038475772933,-5.9));
#2894=CARTESIAN_POINT('Ctrl Pts',(1.40034349154889,-1.40034349154889,-5.85));
#2895=CARTESIAN_POINT('Ctrl Pts',(1.98038475772933,-0.820302225368445,-5.8));
#2896=CARTESIAN_POINT('Ctrl Pts',(1.98038475772933,-3.63790778195016E-16,
-5.75));
#2897=CARTESIAN_POINT('Ctrl Pts',(1.98038475772933,0.820302225368444,-5.7));
#2898=CARTESIAN_POINT('Ctrl Pts',(1.40034349154889,1.40034349154889,-5.65));
#2899=CARTESIAN_POINT('Ctrl Pts',(0.820302225368445,1.98038475772933,-5.6));
#2900=CARTESIAN_POINT('Ctrl Pts',(0.,1.98038475772933,-5.55));
#2901=CARTESIAN_POINT('Ctrl Pts',(-0.820302225368444,1.98038475772933,-5.5));
#2902=CARTESIAN_POINT('Ctrl Pts',(-1.40034349154889,1.40034349154889,-5.45));
#2903=CARTESIAN_POINT('Ctrl Pts',(-1.98038475772933,0.820302225368444,-5.4));
#2904=CARTESIAN_POINT('Ctrl Pts',(-1.98038475772933,1.2126359273167E-16,
-5.35));
#2905=CARTESIAN_POINT('Ctrl Pts',(-1.98038475772933,-0.820302225368444,
-5.3));
#2906=CARTESIAN_POINT('Ctrl Pts',(-1.40034349154889,-1.40034349154889,-5.25));
#2907=CARTESIAN_POINT('Ctrl Pts',(-0.820302225368444,-1.98038475772933,
-5.2));
#2908=CARTESIAN_POINT('Ctrl Pts',(-2.42527185463343E-16,-1.98038475772933,
-5.15));
#2909=CARTESIAN_POINT('Ctrl Pts',(-2.42527185463343E-16,-1.98038475772933,
-6.05));
#2910=CARTESIAN_POINT('Ctrl Pts',(0.820302225368444,-1.98038475772933,-6.));
#2911=CARTESIAN_POINT('Ctrl Pts',(1.40034349154889,-1.40034349154889,-5.95));
#2912=CARTESIAN_POINT('Ctrl Pts',(1.98038475772933,-0.820302225368445,-5.9));
#2913=CARTESIAN_POINT('Ctrl Pts',(1.98038475772933,-3.63790778195016E-16,
-5.85));
#2914=CARTESIAN_POINT('Ctrl Pts',(1.98038475772933,0.820302225368444,-5.8));
#2915=CARTESIAN_POINT('Ctrl Pts',(1.40034349154889,1.40034349154889,-5.75));
#2916=CARTESIAN_POINT('Ctrl Pts',(0.820302225368445,1.98038475772933,-5.7));
#2917=CARTESIAN_POINT('Ctrl Pts',(0.,1.98038475772933,-5.65));
#2918=CARTESIAN_POINT('Ctrl Pts',(-0.820302225368444,1.98038475772933,-5.6));
#2919=CARTESIAN_POINT('Ctrl Pts',(-1.40034349154889,1.40034349154889,-5.55));
#2920=CARTESIAN_POINT('Ctrl Pts',(-1.98038475772933,0.820302225368444,-5.5));
#2921=CARTESIAN_POINT('Ctrl Pts',(-1.98038475772933,1.2126359273167E-16,
-5.45));
#2922=CARTESIAN_POINT('Ctrl Pts',(-1.98038475772933,-0.820302225368444,
-5.4));
#2923=CARTESIAN_POINT('Ctrl Pts',(-1.40034349154889,-1.40034349154889,-5.35));
#2924=CARTESIAN_POINT('Ctrl Pts',(-0.820302225368444,-1.98038475772933,
-5.3));
#2925=CARTESIAN_POINT('Ctrl Pts',(-2.42527185463343E-16,-1.98038475772933,
-5.25));
#2926=CARTESIAN_POINT('Origin',(3.62644071682066E-16,-1.11022302462516E-15,
-9.6));
#2927=CARTESIAN_POINT('',(3.62644071682066E-16,-1.98038475772933,-4.35));
#2928=CARTESIAN_POINT('',(3.62644071682066E-16,-1.98038475772933,-4.45));
#2929=CARTESIAN_POINT('',(9.67815328827475E-16,-1.98038475772933,-9.6));
#2930=CARTESIAN_POINT('Ctrl Pts',(-2.42527185463343E-16,-1.98038475772933,
-5.15));
#2931=CARTESIAN_POINT('Ctrl Pts',(0.820302225368444,-1.98038475772933,-5.1));
#2932=CARTESIAN_POINT('Ctrl Pts',(1.40034349154889,-1.40034349154889,-5.05));
#2933=CARTESIAN_POINT('Ctrl Pts',(1.98038475772933,-0.820302225368445,-5.));
#2934=CARTESIAN_POINT('Ctrl Pts',(1.98038475772933,-3.63790778195016E-16,
-4.95));
#2935=CARTESIAN_POINT('Ctrl Pts',(1.98038475772933,0.820302225368444,-4.9));
#2936=CARTESIAN_POINT('Ctrl Pts',(1.40034349154889,1.40034349154889,-4.85));
#2937=CARTESIAN_POINT('Ctrl Pts',(0.820302225368445,1.98038475772933,-4.8));
#2938=CARTESIAN_POINT('Ctrl Pts',(0.,1.98038475772933,-4.75));
#2939=CARTESIAN_POINT('Ctrl Pts',(-0.820302225368444,1.98038475772933,-4.7));
#2940=CARTESIAN_POINT('Ctrl Pts',(-1.40034349154889,1.40034349154889,-4.65));
#2941=CARTESIAN_POINT('Ctrl Pts',(-1.98038475772933,0.820302225368444,-4.6));
#2942=CARTESIAN_POINT('Ctrl Pts',(-1.98038475772933,1.2126359273167E-16,
-4.55));
#2943=CARTESIAN_POINT('Ctrl Pts',(-1.98038475772933,-0.820302225368444,
-4.5));
#2944=CARTESIAN_POINT('Ctrl Pts',(-1.40034349154889,-1.40034349154889,-4.45));
#2945=CARTESIAN_POINT('Ctrl Pts',(-0.820302225368444,-1.98038475772933,
-4.4));
#2946=CARTESIAN_POINT('Ctrl Pts',(-2.42527185463343E-16,-1.98038475772933,
-4.35));
#2947=CARTESIAN_POINT('Ctrl Pts',(-2.42527185463343E-16,-1.98038475772933,
-5.25));
#2948=CARTESIAN_POINT('Ctrl Pts',(0.820302225368444,-1.98038475772933,-5.2));
#2949=CARTESIAN_POINT('Ctrl Pts',(1.40034349154889,-1.40034349154889,-5.15));
#2950=CARTESIAN_POINT('Ctrl Pts',(1.98038475772933,-0.820302225368445,-5.1));
#2951=CARTESIAN_POINT('Ctrl Pts',(1.98038475772933,-3.63790778195016E-16,
-5.05));
#2952=CARTESIAN_POINT('Ctrl Pts',(1.98038475772933,0.820302225368444,-5.));
#2953=CARTESIAN_POINT('Ctrl Pts',(1.40034349154889,1.40034349154889,-4.95));
#2954=CARTESIAN_POINT('Ctrl Pts',(0.820302225368445,1.98038475772933,-4.9));
#2955=CARTESIAN_POINT('Ctrl Pts',(0.,1.98038475772933,-4.85));
#2956=CARTESIAN_POINT('Ctrl Pts',(-0.820302225368444,1.98038475772933,-4.8));
#2957=CARTESIAN_POINT('Ctrl Pts',(-1.40034349154889,1.40034349154889,-4.75));
#2958=CARTESIAN_POINT('Ctrl Pts',(-1.98038475772933,0.820302225368444,-4.7));
#2959=CARTESIAN_POINT('Ctrl Pts',(-1.98038475772933,1.2126359273167E-16,
-4.65));
#2960=CARTESIAN_POINT('Ctrl Pts',(-1.98038475772933,-0.820302225368444,
-4.6));
#2961=CARTESIAN_POINT('Ctrl Pts',(-1.40034349154889,-1.40034349154889,-4.55));
#2962=CARTESIAN_POINT('Ctrl Pts',(-0.820302225368444,-1.98038475772933,
-4.5));
#2963=CARTESIAN_POINT('Ctrl Pts',(-2.42527185463343E-16,-1.98038475772933,
-4.45));
#2964=CARTESIAN_POINT('Origin',(3.62644071682066E-16,-1.11022302462516E-15,
-9.6));
#2965=CARTESIAN_POINT('',(3.62644071682066E-16,-1.98038475772933,-3.55));
#2966=CARTESIAN_POINT('',(3.62644071682066E-16,-1.98038475772933,-3.65));
#2967=CARTESIAN_POINT('',(9.67815328827475E-16,-1.98038475772933,-9.6));
#2968=CARTESIAN_POINT('Ctrl Pts',(-2.42527185463343E-16,-1.98038475772933,
-4.35));
#2969=CARTESIAN_POINT('Ctrl Pts',(0.820302225368444,-1.98038475772933,-4.3));
#2970=CARTESIAN_POINT('Ctrl Pts',(1.40034349154889,-1.40034349154889,-4.25));
#2971=CARTESIAN_POINT('Ctrl Pts',(1.98038475772933,-0.820302225368445,-4.2));
#2972=CARTESIAN_POINT('Ctrl Pts',(1.98038475772933,-3.63790778195016E-16,
-4.15));
#2973=CARTESIAN_POINT('Ctrl Pts',(1.98038475772933,0.820302225368444,-4.1));
#2974=CARTESIAN_POINT('Ctrl Pts',(1.40034349154889,1.40034349154889,-4.05));
#2975=CARTESIAN_POINT('Ctrl Pts',(0.820302225368445,1.98038475772933,-4.));
#2976=CARTESIAN_POINT('Ctrl Pts',(0.,1.98038475772933,-3.95));
#2977=CARTESIAN_POINT('Ctrl Pts',(-0.820302225368444,1.98038475772933,-3.9));
#2978=CARTESIAN_POINT('Ctrl Pts',(-1.40034349154889,1.40034349154889,-3.85));
#2979=CARTESIAN_POINT('Ctrl Pts',(-1.98038475772933,0.820302225368444,-3.8));
#2980=CARTESIAN_POINT('Ctrl Pts',(-1.98038475772933,1.2126359273167E-16,
-3.75));
#2981=CARTESIAN_POINT('Ctrl Pts',(-1.98038475772933,-0.820302225368444,
-3.7));
#2982=CARTESIAN_POINT('Ctrl Pts',(-1.40034349154889,-1.40034349154889,-3.65));
#2983=CARTESIAN_POINT('Ctrl Pts',(-0.820302225368444,-1.98038475772933,
-3.6));
#2984=CARTESIAN_POINT('Ctrl Pts',(-2.42527185463343E-16,-1.98038475772933,
-3.55));
#2985=CARTESIAN_POINT('Ctrl Pts',(-2.42527185463343E-16,-1.98038475772933,
-4.45));
#2986=CARTESIAN_POINT('Ctrl Pts',(0.820302225368444,-1.98038475772933,-4.4));
#2987=CARTESIAN_POINT('Ctrl Pts',(1.40034349154889,-1.40034349154889,-4.35));
#2988=CARTESIAN_POINT('Ctrl Pts',(1.98038475772933,-0.820302225368445,-4.3));
#2989=CARTESIAN_POINT('Ctrl Pts',(1.98038475772933,-3.63790778195016E-16,
-4.25));
#2990=CARTESIAN_POINT('Ctrl Pts',(1.98038475772933,0.820302225368444,-4.2));
#2991=CARTESIAN_POINT('Ctrl Pts',(1.40034349154889,1.40034349154889,-4.15));
#2992=CARTESIAN_POINT('Ctrl Pts',(0.820302225368445,1.98038475772933,-4.1));
#2993=CARTESIAN_POINT('Ctrl Pts',(0.,1.98038475772933,-4.05));
#2994=CARTESIAN_POINT('Ctrl Pts',(-0.820302225368444,1.98038475772933,-4.));
#2995=CARTESIAN_POINT('Ctrl Pts',(-1.40034349154889,1.40034349154889,-3.95));
#2996=CARTESIAN_POINT('Ctrl Pts',(-1.98038475772933,0.820302225368444,-3.9));
#2997=CARTESIAN_POINT('Ctrl Pts',(-1.98038475772933,1.2126359273167E-16,
-3.85));
#2998=CARTESIAN_POINT('Ctrl Pts',(-1.98038475772933,-0.820302225368444,
-3.8));
#2999=CARTESIAN_POINT('Ctrl Pts',(-1.40034349154889,-1.40034349154889,-3.75));
#3000=CARTESIAN_POINT('Ctrl Pts',(-0.820302225368444,-1.98038475772933,
-3.7));
#3001=CARTESIAN_POINT('Ctrl Pts',(-2.42527185463343E-16,-1.98038475772933,
-3.65));
#3002=CARTESIAN_POINT('Origin',(3.62644071682066E-16,-1.11022302462516E-15,
-9.6));
#3003=CARTESIAN_POINT('',(3.62644071682066E-16,-1.98038475772933,-2.75));
#3004=CARTESIAN_POINT('',(3.62644071682066E-16,-1.98038475772933,-2.85));
#3005=CARTESIAN_POINT('',(9.67815328827475E-16,-1.98038475772933,-9.6));
#3006=CARTESIAN_POINT('Ctrl Pts',(-2.42527185463343E-16,-1.98038475772933,
-3.55));
#3007=CARTESIAN_POINT('Ctrl Pts',(0.820302225368444,-1.98038475772933,-3.5));
#3008=CARTESIAN_POINT('Ctrl Pts',(1.40034349154889,-1.40034349154889,-3.45));
#3009=CARTESIAN_POINT('Ctrl Pts',(1.98038475772933,-0.820302225368445,-3.4));
#3010=CARTESIAN_POINT('Ctrl Pts',(1.98038475772933,-3.63790778195016E-16,
-3.35));
#3011=CARTESIAN_POINT('Ctrl Pts',(1.98038475772933,0.820302225368444,-3.3));
#3012=CARTESIAN_POINT('Ctrl Pts',(1.40034349154889,1.40034349154889,-3.25));
#3013=CARTESIAN_POINT('Ctrl Pts',(0.820302225368445,1.98038475772933,-3.2));
#3014=CARTESIAN_POINT('Ctrl Pts',(0.,1.98038475772933,-3.15));
#3015=CARTESIAN_POINT('Ctrl Pts',(-0.820302225368444,1.98038475772933,-3.1));
#3016=CARTESIAN_POINT('Ctrl Pts',(-1.40034349154889,1.40034349154889,-3.05));
#3017=CARTESIAN_POINT('Ctrl Pts',(-1.98038475772933,0.820302225368444,-3.));
#3018=CARTESIAN_POINT('Ctrl Pts',(-1.98038475772933,1.2126359273167E-16,
-2.95));
#3019=CARTESIAN_POINT('Ctrl Pts',(-1.98038475772933,-0.820302225368444,
-2.9));
#3020=CARTESIAN_POINT('Ctrl Pts',(-1.40034349154889,-1.40034349154889,-2.85));
#3021=CARTESIAN_POINT('Ctrl Pts',(-0.820302225368444,-1.98038475772933,
-2.8));
#3022=CARTESIAN_POINT('Ctrl Pts',(-2.42527185463343E-16,-1.98038475772933,
-2.75));
#3023=CARTESIAN_POINT('Ctrl Pts',(-2.42527185463343E-16,-1.98038475772933,
-3.65));
#3024=CARTESIAN_POINT('Ctrl Pts',(0.820302225368444,-1.98038475772933,-3.6));
#3025=CARTESIAN_POINT('Ctrl Pts',(1.40034349154889,-1.40034349154889,-3.55));
#3026=CARTESIAN_POINT('Ctrl Pts',(1.98038475772933,-0.820302225368445,-3.5));
#3027=CARTESIAN_POINT('Ctrl Pts',(1.98038475772933,-3.63790778195016E-16,
-3.45));
#3028=CARTESIAN_POINT('Ctrl Pts',(1.98038475772933,0.820302225368444,-3.4));
#3029=CARTESIAN_POINT('Ctrl Pts',(1.40034349154889,1.40034349154889,-3.35));
#3030=CARTESIAN_POINT('Ctrl Pts',(0.820302225368445,1.98038475772933,-3.3));
#3031=CARTESIAN_POINT('Ctrl Pts',(0.,1.98038475772933,-3.25));
#3032=CARTESIAN_POINT('Ctrl Pts',(-0.820302225368444,1.98038475772933,-3.2));
#3033=CARTESIAN_POINT('Ctrl Pts',(-1.40034349154889,1.40034349154889,-3.15));
#3034=CARTESIAN_POINT('Ctrl Pts',(-1.98038475772933,0.820302225368444,-3.1));
#3035=CARTESIAN_POINT('Ctrl Pts',(-1.98038475772933,1.2126359273167E-16,
-3.05));
#3036=CARTESIAN_POINT('Ctrl Pts',(-1.98038475772933,-0.820302225368444,
-3.));
#3037=CARTESIAN_POINT('Ctrl Pts',(-1.40034349154889,-1.40034349154889,-2.95));
#3038=CARTESIAN_POINT('Ctrl Pts',(-0.820302225368444,-1.98038475772933,
-2.9));
#3039=CARTESIAN_POINT('Ctrl Pts',(-2.42527185463343E-16,-1.98038475772933,
-2.85));
#3040=CARTESIAN_POINT('Origin',(3.62644071682066E-16,-1.11022302462516E-15,
-9.6));
#3041=CARTESIAN_POINT('',(3.62644071682066E-16,-1.98038475772933,-1.95));
#3042=CARTESIAN_POINT('',(3.62644071682066E-16,-1.98038475772933,-2.05));
#3043=CARTESIAN_POINT('',(9.67815328827475E-16,-1.98038475772933,-9.6));
#3044=CARTESIAN_POINT('Ctrl Pts',(-2.42527185463343E-16,-1.98038475772933,
-2.75));
#3045=CARTESIAN_POINT('Ctrl Pts',(0.820302225368444,-1.98038475772933,-2.7));
#3046=CARTESIAN_POINT('Ctrl Pts',(1.40034349154889,-1.40034349154889,-2.65));
#3047=CARTESIAN_POINT('Ctrl Pts',(1.98038475772933,-0.820302225368445,-2.6));
#3048=CARTESIAN_POINT('Ctrl Pts',(1.98038475772933,-3.63790778195016E-16,
-2.55));
#3049=CARTESIAN_POINT('Ctrl Pts',(1.98038475772933,0.820302225368444,-2.5));
#3050=CARTESIAN_POINT('Ctrl Pts',(1.40034349154889,1.40034349154889,-2.45));
#3051=CARTESIAN_POINT('Ctrl Pts',(0.820302225368445,1.98038475772933,-2.4));
#3052=CARTESIAN_POINT('Ctrl Pts',(0.,1.98038475772933,-2.35));
#3053=CARTESIAN_POINT('Ctrl Pts',(-0.820302225368444,1.98038475772933,-2.3));
#3054=CARTESIAN_POINT('Ctrl Pts',(-1.40034349154889,1.40034349154889,-2.25));
#3055=CARTESIAN_POINT('Ctrl Pts',(-1.98038475772933,0.820302225368444,-2.2));
#3056=CARTESIAN_POINT('Ctrl Pts',(-1.98038475772933,1.2126359273167E-16,
-2.15));
#3057=CARTESIAN_POINT('Ctrl Pts',(-1.98038475772933,-0.820302225368444,
-2.1));
#3058=CARTESIAN_POINT('Ctrl Pts',(-1.40034349154889,-1.40034349154889,-2.05));
#3059=CARTESIAN_POINT('Ctrl Pts',(-0.820302225368444,-1.98038475772933,
-2.));
#3060=CARTESIAN_POINT('Ctrl Pts',(-2.42527185463343E-16,-1.98038475772933,
-1.95));
#3061=CARTESIAN_POINT('Ctrl Pts',(-2.42527185463343E-16,-1.98038475772933,
-2.85));
#3062=CARTESIAN_POINT('Ctrl Pts',(0.820302225368444,-1.98038475772933,-2.8));
#3063=CARTESIAN_POINT('Ctrl Pts',(1.40034349154889,-1.40034349154889,-2.75));
#3064=CARTESIAN_POINT('Ctrl Pts',(1.98038475772933,-0.820302225368445,-2.7));
#3065=CARTESIAN_POINT('Ctrl Pts',(1.98038475772933,-3.63790778195016E-16,
-2.65));
#3066=CARTESIAN_POINT('Ctrl Pts',(1.98038475772933,0.820302225368444,-2.6));
#3067=CARTESIAN_POINT('Ctrl Pts',(1.40034349154889,1.40034349154889,-2.55));
#3068=CARTESIAN_POINT('Ctrl Pts',(0.820302225368445,1.98038475772933,-2.5));
#3069=CARTESIAN_POINT('Ctrl Pts',(0.,1.98038475772933,-2.45));
#3070=CARTESIAN_POINT('Ctrl Pts',(-0.820302225368444,1.98038475772933,-2.4));
#3071=CARTESIAN_POINT('Ctrl Pts',(-1.40034349154889,1.40034349154889,-2.35));
#3072=CARTESIAN_POINT('Ctrl Pts',(-1.98038475772933,0.820302225368444,-2.3));
#3073=CARTESIAN_POINT('Ctrl Pts',(-1.98038475772933,1.2126359273167E-16,
-2.25));
#3074=CARTESIAN_POINT('Ctrl Pts',(-1.98038475772933,-0.820302225368444,
-2.2));
#3075=CARTESIAN_POINT('Ctrl Pts',(-1.40034349154889,-1.40034349154889,-2.15));
#3076=CARTESIAN_POINT('Ctrl Pts',(-0.820302225368444,-1.98038475772933,
-2.1));
#3077=CARTESIAN_POINT('Ctrl Pts',(-2.42527185463343E-16,-1.98038475772933,
-2.05));
#3078=CARTESIAN_POINT('Origin',(3.62644071682066E-16,-1.11022302462516E-15,
-9.6));
#3079=CARTESIAN_POINT('',(3.62644071682066E-16,-1.98038475772933,-1.15));
#3080=CARTESIAN_POINT('',(3.62644071682066E-16,-1.98038475772933,-1.25));
#3081=CARTESIAN_POINT('',(9.67815328827475E-16,-1.98038475772933,-9.6));
#3082=CARTESIAN_POINT('Ctrl Pts',(-2.42527185463343E-16,-1.98038475772933,
-1.95));
#3083=CARTESIAN_POINT('Ctrl Pts',(0.820302225368444,-1.98038475772933,-1.9));
#3084=CARTESIAN_POINT('Ctrl Pts',(1.40034349154889,-1.40034349154889,-1.85));
#3085=CARTESIAN_POINT('Ctrl Pts',(1.98038475772933,-0.820302225368445,-1.8));
#3086=CARTESIAN_POINT('Ctrl Pts',(1.98038475772933,-3.63790778195016E-16,
-1.75));
#3087=CARTESIAN_POINT('Ctrl Pts',(1.98038475772933,0.820302225368444,-1.7));
#3088=CARTESIAN_POINT('Ctrl Pts',(1.40034349154889,1.40034349154889,-1.65));
#3089=CARTESIAN_POINT('Ctrl Pts',(0.820302225368445,1.98038475772933,-1.6));
#3090=CARTESIAN_POINT('Ctrl Pts',(0.,1.98038475772933,-1.55));
#3091=CARTESIAN_POINT('Ctrl Pts',(-0.820302225368444,1.98038475772933,-1.5));
#3092=CARTESIAN_POINT('Ctrl Pts',(-1.40034349154889,1.40034349154889,-1.45));
#3093=CARTESIAN_POINT('Ctrl Pts',(-1.98038475772933,0.820302225368444,-1.4));
#3094=CARTESIAN_POINT('Ctrl Pts',(-1.98038475772933,1.2126359273167E-16,
-1.35));
#3095=CARTESIAN_POINT('Ctrl Pts',(-1.98038475772933,-0.820302225368444,
-1.3));
#3096=CARTESIAN_POINT('Ctrl Pts',(-1.40034349154889,-1.40034349154889,-1.25));
#3097=CARTESIAN_POINT('Ctrl Pts',(-0.820302225368444,-1.98038475772933,
-1.2));
#3098=CARTESIAN_POINT('Ctrl Pts',(-2.42527185463343E-16,-1.98038475772933,
-1.15));
#3099=CARTESIAN_POINT('Ctrl Pts',(-2.42527185463343E-16,-1.98038475772933,
-2.05));
#3100=CARTESIAN_POINT('Ctrl Pts',(0.820302225368444,-1.98038475772933,-2.));
#3101=CARTESIAN_POINT('Ctrl Pts',(1.40034349154889,-1.40034349154889,-1.95));
#3102=CARTESIAN_POINT('Ctrl Pts',(1.98038475772933,-0.820302225368445,-1.9));
#3103=CARTESIAN_POINT('Ctrl Pts',(1.98038475772933,-3.63790778195016E-16,
-1.85));
#3104=CARTESIAN_POINT('Ctrl Pts',(1.98038475772933,0.820302225368444,-1.8));
#3105=CARTESIAN_POINT('Ctrl Pts',(1.40034349154889,1.40034349154889,-1.75));
#3106=CARTESIAN_POINT('Ctrl Pts',(0.820302225368445,1.98038475772933,-1.7));
#3107=CARTESIAN_POINT('Ctrl Pts',(0.,1.98038475772933,-1.65));
#3108=CARTESIAN_POINT('Ctrl Pts',(-0.820302225368444,1.98038475772933,-1.6));
#3109=CARTESIAN_POINT('Ctrl Pts',(-1.40034349154889,1.40034349154889,-1.55));
#3110=CARTESIAN_POINT('Ctrl Pts',(-1.98038475772933,0.820302225368444,-1.5));
#3111=CARTESIAN_POINT('Ctrl Pts',(-1.98038475772933,1.2126359273167E-16,
-1.45));
#3112=CARTESIAN_POINT('Ctrl Pts',(-1.98038475772933,-0.820302225368444,
-1.4));
#3113=CARTESIAN_POINT('Ctrl Pts',(-1.40034349154889,-1.40034349154889,-1.35));
#3114=CARTESIAN_POINT('Ctrl Pts',(-0.820302225368444,-1.98038475772933,
-1.3));
#3115=CARTESIAN_POINT('Ctrl Pts',(-2.42527185463343E-16,-1.98038475772933,
-1.25));
#3116=CARTESIAN_POINT('Origin',(3.62644071682066E-16,-1.11022302462516E-15,
-9.6));
#3117=CARTESIAN_POINT('',(3.62644071682066E-16,-1.98038475772933,-0.35));
#3118=CARTESIAN_POINT('',(3.62644071682066E-16,-1.98038475772933,-0.450000000000003));
#3119=CARTESIAN_POINT('',(9.67815328827475E-16,-1.98038475772933,-9.6));
#3120=CARTESIAN_POINT('Ctrl Pts',(-2.42527185463343E-16,-1.98038475772933,
-1.15));
#3121=CARTESIAN_POINT('Ctrl Pts',(0.820302225368444,-1.98038475772933,-1.1));
#3122=CARTESIAN_POINT('Ctrl Pts',(1.40034349154889,-1.40034349154889,-1.05));
#3123=CARTESIAN_POINT('Ctrl Pts',(1.98038475772933,-0.820302225368445,-0.999999999999999));
#3124=CARTESIAN_POINT('Ctrl Pts',(1.98038475772933,-3.63790778195016E-16,
-0.95));
#3125=CARTESIAN_POINT('Ctrl Pts',(1.98038475772933,0.820302225368444,-0.9));
#3126=CARTESIAN_POINT('Ctrl Pts',(1.40034349154889,1.40034349154889,-0.849999999999998));
#3127=CARTESIAN_POINT('Ctrl Pts',(0.820302225368445,1.98038475772933,-0.799999999999999));
#3128=CARTESIAN_POINT('Ctrl Pts',(0.,1.98038475772933,-0.749999999999999));
#3129=CARTESIAN_POINT('Ctrl Pts',(-0.820302225368444,1.98038475772933,-0.699999999999999));
#3130=CARTESIAN_POINT('Ctrl Pts',(-1.40034349154889,1.40034349154889,-0.65));
#3131=CARTESIAN_POINT('Ctrl Pts',(-1.98038475772933,0.820302225368444,-0.6));
#3132=CARTESIAN_POINT('Ctrl Pts',(-1.98038475772933,1.2126359273167E-16,
-0.549999999999998));
#3133=CARTESIAN_POINT('Ctrl Pts',(-1.98038475772933,-0.820302225368444,
-0.499999999999999));
#3134=CARTESIAN_POINT('Ctrl Pts',(-1.40034349154889,-1.40034349154889,-0.449999999999999));
#3135=CARTESIAN_POINT('Ctrl Pts',(-0.820302225368444,-1.98038475772933,
-0.399999999999999));
#3136=CARTESIAN_POINT('Ctrl Pts',(-2.42527185463343E-16,-1.98038475772933,
-0.35));
#3137=CARTESIAN_POINT('Ctrl Pts',(-2.42527185463343E-16,-1.98038475772933,
-1.25));
#3138=CARTESIAN_POINT('Ctrl Pts',(0.820302225368444,-1.98038475772933,-1.2));
#3139=CARTESIAN_POINT('Ctrl Pts',(1.40034349154889,-1.40034349154889,-1.15));
#3140=CARTESIAN_POINT('Ctrl Pts',(1.98038475772933,-0.820302225368445,-1.1));
#3141=CARTESIAN_POINT('Ctrl Pts',(1.98038475772933,-3.63790778195016E-16,
-1.05));
#3142=CARTESIAN_POINT('Ctrl Pts',(1.98038475772933,0.820302225368444,-1.));
#3143=CARTESIAN_POINT('Ctrl Pts',(1.40034349154889,1.40034349154889,-0.950000000000001));
#3144=CARTESIAN_POINT('Ctrl Pts',(0.820302225368445,1.98038475772933,-0.900000000000001));
#3145=CARTESIAN_POINT('Ctrl Pts',(0.,1.98038475772933,-0.850000000000002));
#3146=CARTESIAN_POINT('Ctrl Pts',(-0.820302225368444,1.98038475772933,-0.800000000000002));
#3147=CARTESIAN_POINT('Ctrl Pts',(-1.40034349154889,1.40034349154889,-0.750000000000002));
#3148=CARTESIAN_POINT('Ctrl Pts',(-1.98038475772933,0.820302225368444,-0.700000000000003));
#3149=CARTESIAN_POINT('Ctrl Pts',(-1.98038475772933,1.2126359273167E-16,
-0.650000000000001));
#3150=CARTESIAN_POINT('Ctrl Pts',(-1.98038475772933,-0.820302225368444,
-0.600000000000002));
#3151=CARTESIAN_POINT('Ctrl Pts',(-1.40034349154889,-1.40034349154889,-0.550000000000002));
#3152=CARTESIAN_POINT('Ctrl Pts',(-0.820302225368444,-1.98038475772933,
-0.500000000000002));
#3153=CARTESIAN_POINT('Ctrl Pts',(-2.42527185463343E-16,-1.98038475772933,
-0.450000000000003));
#3154=CARTESIAN_POINT('Origin',(3.62644071682066E-16,-1.11022302462516E-15,
-9.6));
#3155=CARTESIAN_POINT('',(3.62644071682066E-16,-1.98038475772933,0.450000000000001));
#3156=CARTESIAN_POINT('',(3.62644071682066E-16,-1.98038475772933,0.349999999999998));
#3157=CARTESIAN_POINT('',(9.67815328827475E-16,-1.98038475772933,-9.6));
#3158=CARTESIAN_POINT('Ctrl Pts',(-2.42527185463343E-16,-1.98038475772933,
-0.35));
#3159=CARTESIAN_POINT('Ctrl Pts',(0.820302225368444,-1.98038475772933,-0.299999999999998));
#3160=CARTESIAN_POINT('Ctrl Pts',(1.40034349154889,-1.40034349154889,-0.249999999999999));
#3161=CARTESIAN_POINT('Ctrl Pts',(1.98038475772933,-0.820302225368445,-0.199999999999999));
#3162=CARTESIAN_POINT('Ctrl Pts',(1.98038475772933,-3.63790778195016E-16,
-0.149999999999999));
#3163=CARTESIAN_POINT('Ctrl Pts',(1.98038475772933,0.820302225368444,-0.0999999999999994));
#3164=CARTESIAN_POINT('Ctrl Pts',(1.40034349154889,1.40034349154889,-0.0499999999999997));
#3165=CARTESIAN_POINT('Ctrl Pts',(0.820302225368445,1.98038475772933,1.73472347597681E-15));
#3166=CARTESIAN_POINT('Ctrl Pts',(0.,1.98038475772933,0.0500000000000014));
#3167=CARTESIAN_POINT('Ctrl Pts',(-0.820302225368444,1.98038475772933,0.100000000000001));
#3168=CARTESIAN_POINT('Ctrl Pts',(-1.40034349154889,1.40034349154889,0.150000000000001));
#3169=CARTESIAN_POINT('Ctrl Pts',(-1.98038475772933,0.820302225368444,0.200000000000001));
#3170=CARTESIAN_POINT('Ctrl Pts',(-1.98038475772933,1.2126359273167E-16,
0.25));
#3171=CARTESIAN_POINT('Ctrl Pts',(-1.98038475772933,-0.820302225368444,
0.300000000000002));
#3172=CARTESIAN_POINT('Ctrl Pts',(-1.40034349154889,-1.40034349154889,0.350000000000001));
#3173=CARTESIAN_POINT('Ctrl Pts',(-0.820302225368444,-1.98038475772933,
0.400000000000001));
#3174=CARTESIAN_POINT('Ctrl Pts',(-2.42527185463343E-16,-1.98038475772933,
0.450000000000001));
#3175=CARTESIAN_POINT('Ctrl Pts',(-2.42527185463343E-16,-1.98038475772933,
-0.450000000000003));
#3176=CARTESIAN_POINT('Ctrl Pts',(0.820302225368444,-1.98038475772933,-0.400000000000001));
#3177=CARTESIAN_POINT('Ctrl Pts',(1.40034349154889,-1.40034349154889,-0.350000000000001));
#3178=CARTESIAN_POINT('Ctrl Pts',(1.98038475772933,-0.820302225368445,-0.300000000000002));
#3179=CARTESIAN_POINT('Ctrl Pts',(1.98038475772933,-3.63790778195016E-16,
-0.250000000000002));
#3180=CARTESIAN_POINT('Ctrl Pts',(1.98038475772933,0.820302225368444,-0.200000000000002));
#3181=CARTESIAN_POINT('Ctrl Pts',(1.40034349154889,1.40034349154889,-0.150000000000003));
#3182=CARTESIAN_POINT('Ctrl Pts',(0.820302225368445,1.98038475772933,-0.100000000000001));
#3183=CARTESIAN_POINT('Ctrl Pts',(0.,1.98038475772933,-0.0500000000000014));
#3184=CARTESIAN_POINT('Ctrl Pts',(-0.820302225368444,1.98038475772933,-1.73472347597681E-15));
#3185=CARTESIAN_POINT('Ctrl Pts',(-1.40034349154889,1.40034349154889,0.049999999999998));
#3186=CARTESIAN_POINT('Ctrl Pts',(-1.98038475772933,0.820302225368444,0.0999999999999977));
#3187=CARTESIAN_POINT('Ctrl Pts',(-1.98038475772933,1.2126359273167E-16,
0.149999999999997));
#3188=CARTESIAN_POINT('Ctrl Pts',(-1.98038475772933,-0.820302225368444,
0.199999999999999));
#3189=CARTESIAN_POINT('Ctrl Pts',(-1.40034349154889,-1.40034349154889,0.249999999999999));
#3190=CARTESIAN_POINT('Ctrl Pts',(-0.820302225368444,-1.98038475772933,
0.299999999999998));
#3191=CARTESIAN_POINT('Ctrl Pts',(-2.42527185463343E-16,-1.98038475772933,
0.349999999999998));
#3192=CARTESIAN_POINT('Origin',(3.62644071682066E-16,-1.11022302462516E-15,
-9.6));
#3193=CARTESIAN_POINT('',(3.62644071682066E-16,-1.98038475772933,1.25));
#3194=CARTESIAN_POINT('',(3.62644071682066E-16,-1.98038475772933,1.15));
#3195=CARTESIAN_POINT('',(9.67815328827475E-16,-1.98038475772933,-9.6));
#3196=CARTESIAN_POINT('Ctrl Pts',(-2.42527185463343E-16,-1.98038475772933,
0.450000000000001));
#3197=CARTESIAN_POINT('Ctrl Pts',(0.820302225368444,-1.98038475772933,0.5));
#3198=CARTESIAN_POINT('Ctrl Pts',(1.40034349154889,-1.40034349154889,0.550000000000002));
#3199=CARTESIAN_POINT('Ctrl Pts',(1.98038475772933,-0.820302225368445,0.600000000000002));
#3200=CARTESIAN_POINT('Ctrl Pts',(1.98038475772933,-3.63790778195016E-16,
0.650000000000001));
#3201=CARTESIAN_POINT('Ctrl Pts',(1.98038475772933,0.820302225368444,0.700000000000001));
#3202=CARTESIAN_POINT('Ctrl Pts',(1.40034349154889,1.40034349154889,0.750000000000001));
#3203=CARTESIAN_POINT('Ctrl Pts',(0.820302225368445,1.98038475772933,0.8));
#3204=CARTESIAN_POINT('Ctrl Pts',(0.,1.98038475772933,0.850000000000002));
#3205=CARTESIAN_POINT('Ctrl Pts',(-0.820302225368444,1.98038475772933,0.900000000000001));
#3206=CARTESIAN_POINT('Ctrl Pts',(-1.40034349154889,1.40034349154889,0.950000000000001));
#3207=CARTESIAN_POINT('Ctrl Pts',(-1.98038475772933,0.820302225368444,1.));
#3208=CARTESIAN_POINT('Ctrl Pts',(-1.98038475772933,1.2126359273167E-16,
1.05));
#3209=CARTESIAN_POINT('Ctrl Pts',(-1.98038475772933,-0.820302225368444,
1.1));
#3210=CARTESIAN_POINT('Ctrl Pts',(-1.40034349154889,-1.40034349154889,1.15));
#3211=CARTESIAN_POINT('Ctrl Pts',(-0.820302225368444,-1.98038475772933,
1.2));
#3212=CARTESIAN_POINT('Ctrl Pts',(-2.42527185463343E-16,-1.98038475772933,
1.25));
#3213=CARTESIAN_POINT('Ctrl Pts',(-2.42527185463343E-16,-1.98038475772933,
0.349999999999998));
#3214=CARTESIAN_POINT('Ctrl Pts',(0.820302225368444,-1.98038475772933,0.399999999999998));
#3215=CARTESIAN_POINT('Ctrl Pts',(1.40034349154889,-1.40034349154889,0.449999999999999));
#3216=CARTESIAN_POINT('Ctrl Pts',(1.98038475772933,-0.820302225368445,0.499999999999999));
#3217=CARTESIAN_POINT('Ctrl Pts',(1.98038475772933,-3.63790778195016E-16,
0.549999999999998));
#3218=CARTESIAN_POINT('Ctrl Pts',(1.98038475772933,0.820302225368444,0.599999999999998));
#3219=CARTESIAN_POINT('Ctrl Pts',(1.40034349154889,1.40034349154889,0.649999999999998));
#3220=CARTESIAN_POINT('Ctrl Pts',(0.820302225368445,1.98038475772933,0.699999999999998));
#3221=CARTESIAN_POINT('Ctrl Pts',(0.,1.98038475772933,0.749999999999999));
#3222=CARTESIAN_POINT('Ctrl Pts',(-0.820302225368444,1.98038475772933,0.799999999999999));
#3223=CARTESIAN_POINT('Ctrl Pts',(-1.40034349154889,1.40034349154889,0.849999999999998));
#3224=CARTESIAN_POINT('Ctrl Pts',(-1.98038475772933,0.820302225368444,0.899999999999998));
#3225=CARTESIAN_POINT('Ctrl Pts',(-1.98038475772933,1.2126359273167E-16,
0.949999999999998));
#3226=CARTESIAN_POINT('Ctrl Pts',(-1.98038475772933,-0.820302225368444,
0.999999999999998));
#3227=CARTESIAN_POINT('Ctrl Pts',(-1.40034349154889,-1.40034349154889,1.05));
#3228=CARTESIAN_POINT('Ctrl Pts',(-0.820302225368444,-1.98038475772933,
1.1));
#3229=CARTESIAN_POINT('Ctrl Pts',(-2.42527185463343E-16,-1.98038475772933,
1.15));
#3230=CARTESIAN_POINT('Origin',(3.62644071682066E-16,-1.11022302462516E-15,
-9.6));
#3231=CARTESIAN_POINT('',(3.62644071682066E-16,-1.98038475772933,2.05));
#3232=CARTESIAN_POINT('',(3.62644071682066E-16,-1.98038475772933,1.95));
#3233=CARTESIAN_POINT('',(9.67815328827475E-16,-1.98038475772933,-9.6));
#3234=CARTESIAN_POINT('Ctrl Pts',(-2.42527185463343E-16,-1.98038475772933,
1.25));
#3235=CARTESIAN_POINT('Ctrl Pts',(0.820302225368444,-1.98038475772933,1.3));
#3236=CARTESIAN_POINT('Ctrl Pts',(1.40034349154889,-1.40034349154889,1.35));
#3237=CARTESIAN_POINT('Ctrl Pts',(1.98038475772933,-0.820302225368445,1.4));
#3238=CARTESIAN_POINT('Ctrl Pts',(1.98038475772933,-3.63790778195016E-16,
1.45));
#3239=CARTESIAN_POINT('Ctrl Pts',(1.98038475772933,0.820302225368444,1.5));
#3240=CARTESIAN_POINT('Ctrl Pts',(1.40034349154889,1.40034349154889,1.55));
#3241=CARTESIAN_POINT('Ctrl Pts',(0.820302225368445,1.98038475772933,1.6));
#3242=CARTESIAN_POINT('Ctrl Pts',(0.,1.98038475772933,1.65));
#3243=CARTESIAN_POINT('Ctrl Pts',(-0.820302225368444,1.98038475772933,1.7));
#3244=CARTESIAN_POINT('Ctrl Pts',(-1.40034349154889,1.40034349154889,1.75));
#3245=CARTESIAN_POINT('Ctrl Pts',(-1.98038475772933,0.820302225368444,1.8));
#3246=CARTESIAN_POINT('Ctrl Pts',(-1.98038475772933,1.2126359273167E-16,
1.85));
#3247=CARTESIAN_POINT('Ctrl Pts',(-1.98038475772933,-0.820302225368444,
1.9));
#3248=CARTESIAN_POINT('Ctrl Pts',(-1.40034349154889,-1.40034349154889,1.95));
#3249=CARTESIAN_POINT('Ctrl Pts',(-0.820302225368444,-1.98038475772933,
2.));
#3250=CARTESIAN_POINT('Ctrl Pts',(-2.42527185463343E-16,-1.98038475772933,
2.05));
#3251=CARTESIAN_POINT('Ctrl Pts',(-2.42527185463343E-16,-1.98038475772933,
1.15));
#3252=CARTESIAN_POINT('Ctrl Pts',(0.820302225368444,-1.98038475772933,1.2));
#3253=CARTESIAN_POINT('Ctrl Pts',(1.40034349154889,-1.40034349154889,1.25));
#3254=CARTESIAN_POINT('Ctrl Pts',(1.98038475772933,-0.820302225368445,1.3));
#3255=CARTESIAN_POINT('Ctrl Pts',(1.98038475772933,-3.63790778195016E-16,
1.35));
#3256=CARTESIAN_POINT('Ctrl Pts',(1.98038475772933,0.820302225368444,1.4));
#3257=CARTESIAN_POINT('Ctrl Pts',(1.40034349154889,1.40034349154889,1.45));
#3258=CARTESIAN_POINT('Ctrl Pts',(0.820302225368445,1.98038475772933,1.5));
#3259=CARTESIAN_POINT('Ctrl Pts',(0.,1.98038475772933,1.55));
#3260=CARTESIAN_POINT('Ctrl Pts',(-0.820302225368444,1.98038475772933,1.6));
#3261=CARTESIAN_POINT('Ctrl Pts',(-1.40034349154889,1.40034349154889,1.65));
#3262=CARTESIAN_POINT('Ctrl Pts',(-1.98038475772933,0.820302225368444,1.7));
#3263=CARTESIAN_POINT('Ctrl Pts',(-1.98038475772933,1.2126359273167E-16,
1.75));
#3264=CARTESIAN_POINT('Ctrl Pts',(-1.98038475772933,-0.820302225368444,
1.8));
#3265=CARTESIAN_POINT('Ctrl Pts',(-1.40034349154889,-1.40034349154889,1.85));
#3266=CARTESIAN_POINT('Ctrl Pts',(-0.820302225368444,-1.98038475772933,
1.9));
#3267=CARTESIAN_POINT('Ctrl Pts',(-2.42527185463343E-16,-1.98038475772933,
1.95));
#3268=CARTESIAN_POINT('Origin',(3.62644071682066E-16,-1.11022302462516E-15,
-9.6));
#3269=CARTESIAN_POINT('',(3.62644071682066E-16,-1.98038475772933,2.85));
#3270=CARTESIAN_POINT('',(3.62644071682066E-16,-1.98038475772933,2.75));
#3271=CARTESIAN_POINT('',(9.67815328827475E-16,-1.98038475772933,-9.6));
#3272=CARTESIAN_POINT('Ctrl Pts',(-2.42527185463343E-16,-1.98038475772933,
2.05));
#3273=CARTESIAN_POINT('Ctrl Pts',(0.820302225368444,-1.98038475772933,2.1));
#3274=CARTESIAN_POINT('Ctrl Pts',(1.40034349154889,-1.40034349154889,2.15));
#3275=CARTESIAN_POINT('Ctrl Pts',(1.98038475772933,-0.820302225368445,2.2));
#3276=CARTESIAN_POINT('Ctrl Pts',(1.98038475772933,-3.63790778195016E-16,
2.25));
#3277=CARTESIAN_POINT('Ctrl Pts',(1.98038475772933,0.820302225368444,2.3));
#3278=CARTESIAN_POINT('Ctrl Pts',(1.40034349154889,1.40034349154889,2.35));
#3279=CARTESIAN_POINT('Ctrl Pts',(0.820302225368445,1.98038475772933,2.4));
#3280=CARTESIAN_POINT('Ctrl Pts',(0.,1.98038475772933,2.45));
#3281=CARTESIAN_POINT('Ctrl Pts',(-0.820302225368444,1.98038475772933,2.5));
#3282=CARTESIAN_POINT('Ctrl Pts',(-1.40034349154889,1.40034349154889,2.55));
#3283=CARTESIAN_POINT('Ctrl Pts',(-1.98038475772933,0.820302225368444,2.6));
#3284=CARTESIAN_POINT('Ctrl Pts',(-1.98038475772933,1.2126359273167E-16,
2.65));
#3285=CARTESIAN_POINT('Ctrl Pts',(-1.98038475772933,-0.820302225368444,
2.7));
#3286=CARTESIAN_POINT('Ctrl Pts',(-1.40034349154889,-1.40034349154889,2.75));
#3287=CARTESIAN_POINT('Ctrl Pts',(-0.820302225368444,-1.98038475772933,
2.8));
#3288=CARTESIAN_POINT('Ctrl Pts',(-2.42527185463343E-16,-1.98038475772933,
2.85));
#3289=CARTESIAN_POINT('Ctrl Pts',(-2.42527185463343E-16,-1.98038475772933,
1.95));
#3290=CARTESIAN_POINT('Ctrl Pts',(0.820302225368444,-1.98038475772933,2.));
#3291=CARTESIAN_POINT('Ctrl Pts',(1.40034349154889,-1.40034349154889,2.05));
#3292=CARTESIAN_POINT('Ctrl Pts',(1.98038475772933,-0.820302225368445,2.1));
#3293=CARTESIAN_POINT('Ctrl Pts',(1.98038475772933,-3.63790778195016E-16,
2.15));
#3294=CARTESIAN_POINT('Ctrl Pts',(1.98038475772933,0.820302225368444,2.2));
#3295=CARTESIAN_POINT('Ctrl Pts',(1.40034349154889,1.40034349154889,2.25));
#3296=CARTESIAN_POINT('Ctrl Pts',(0.820302225368445,1.98038475772933,2.3));
#3297=CARTESIAN_POINT('Ctrl Pts',(0.,1.98038475772933,2.35));
#3298=CARTESIAN_POINT('Ctrl Pts',(-0.820302225368444,1.98038475772933,2.4));
#3299=CARTESIAN_POINT('Ctrl Pts',(-1.40034349154889,1.40034349154889,2.45));
#3300=CARTESIAN_POINT('Ctrl Pts',(-1.98038475772933,0.820302225368444,2.5));
#3301=CARTESIAN_POINT('Ctrl Pts',(-1.98038475772933,1.2126359273167E-16,
2.55));
#3302=CARTESIAN_POINT('Ctrl Pts',(-1.98038475772933,-0.820302225368444,
2.6));
#3303=CARTESIAN_POINT('Ctrl Pts',(-1.40034349154889,-1.40034349154889,2.65));
#3304=CARTESIAN_POINT('Ctrl Pts',(-0.820302225368444,-1.98038475772933,
2.7));
#3305=CARTESIAN_POINT('Ctrl Pts',(-2.42527185463343E-16,-1.98038475772933,
2.75));
#3306=CARTESIAN_POINT('Origin',(3.62644071682066E-16,-1.11022302462516E-15,
-9.6));
#3307=CARTESIAN_POINT('',(3.62644071682066E-16,-1.98038475772933,3.65));
#3308=CARTESIAN_POINT('',(3.62644071682066E-16,-1.98038475772933,3.55));
#3309=CARTESIAN_POINT('',(9.67815328827475E-16,-1.98038475772933,-9.6));
#3310=CARTESIAN_POINT('Ctrl Pts',(-2.42527185463343E-16,-1.98038475772933,
2.85));
#3311=CARTESIAN_POINT('Ctrl Pts',(0.820302225368444,-1.98038475772933,2.9));
#3312=CARTESIAN_POINT('Ctrl Pts',(1.40034349154889,-1.40034349154889,2.95));
#3313=CARTESIAN_POINT('Ctrl Pts',(1.98038475772933,-0.820302225368445,3.));
#3314=CARTESIAN_POINT('Ctrl Pts',(1.98038475772933,-3.63790778195016E-16,
3.05));
#3315=CARTESIAN_POINT('Ctrl Pts',(1.98038475772933,0.820302225368444,3.1));
#3316=CARTESIAN_POINT('Ctrl Pts',(1.40034349154889,1.40034349154889,3.15));
#3317=CARTESIAN_POINT('Ctrl Pts',(0.820302225368445,1.98038475772933,3.2));
#3318=CARTESIAN_POINT('Ctrl Pts',(0.,1.98038475772933,3.25));
#3319=CARTESIAN_POINT('Ctrl Pts',(-0.820302225368444,1.98038475772933,3.3));
#3320=CARTESIAN_POINT('Ctrl Pts',(-1.40034349154889,1.40034349154889,3.35));
#3321=CARTESIAN_POINT('Ctrl Pts',(-1.98038475772933,0.820302225368444,3.4));
#3322=CARTESIAN_POINT('Ctrl Pts',(-1.98038475772933,1.2126359273167E-16,
3.45));
#3323=CARTESIAN_POINT('Ctrl Pts',(-1.98038475772933,-0.820302225368444,
3.5));
#3324=CARTESIAN_POINT('Ctrl Pts',(-1.40034349154889,-1.40034349154889,3.55));
#3325=CARTESIAN_POINT('Ctrl Pts',(-0.820302225368444,-1.98038475772933,
3.6));
#3326=CARTESIAN_POINT('Ctrl Pts',(-2.42527185463343E-16,-1.98038475772933,
3.65));
#3327=CARTESIAN_POINT('Ctrl Pts',(-2.42527185463343E-16,-1.98038475772933,
2.75));
#3328=CARTESIAN_POINT('Ctrl Pts',(0.820302225368444,-1.98038475772933,2.8));
#3329=CARTESIAN_POINT('Ctrl Pts',(1.40034349154889,-1.40034349154889,2.85));
#3330=CARTESIAN_POINT('Ctrl Pts',(1.98038475772933,-0.820302225368445,2.9));
#3331=CARTESIAN_POINT('Ctrl Pts',(1.98038475772933,-3.63790778195016E-16,
2.95));
#3332=CARTESIAN_POINT('Ctrl Pts',(1.98038475772933,0.820302225368444,3.));
#3333=CARTESIAN_POINT('Ctrl Pts',(1.40034349154889,1.40034349154889,3.05));
#3334=CARTESIAN_POINT('Ctrl Pts',(0.820302225368445,1.98038475772933,3.1));
#3335=CARTESIAN_POINT('Ctrl Pts',(0.,1.98038475772933,3.15));
#3336=CARTESIAN_POINT('Ctrl Pts',(-0.820302225368444,1.98038475772933,3.2));
#3337=CARTESIAN_POINT('Ctrl Pts',(-1.40034349154889,1.40034349154889,3.25));
#3338=CARTESIAN_POINT('Ctrl Pts',(-1.98038475772933,0.820302225368444,3.3));
#3339=CARTESIAN_POINT('Ctrl Pts',(-1.98038475772933,1.2126359273167E-16,
3.35));
#3340=CARTESIAN_POINT('Ctrl Pts',(-1.98038475772933,-0.820302225368444,
3.4));
#3341=CARTESIAN_POINT('Ctrl Pts',(-1.40034349154889,-1.40034349154889,3.45));
#3342=CARTESIAN_POINT('Ctrl Pts',(-0.820302225368444,-1.98038475772933,
3.5));
#3343=CARTESIAN_POINT('Ctrl Pts',(-2.42527185463343E-16,-1.98038475772933,
3.55));
#3344=CARTESIAN_POINT('Origin',(3.62644071682066E-16,-1.11022302462516E-15,
-9.6));
#3345=CARTESIAN_POINT('',(3.62644071682066E-16,-1.98038475772933,4.45));
#3346=CARTESIAN_POINT('',(3.62644071682066E-16,-1.98038475772933,4.35));
#3347=CARTESIAN_POINT('',(9.67815328827475E-16,-1.98038475772933,-9.6));
#3348=CARTESIAN_POINT('Ctrl Pts',(-2.42527185463343E-16,-1.98038475772933,
3.65));
#3349=CARTESIAN_POINT('Ctrl Pts',(0.820302225368444,-1.98038475772933,3.7));
#3350=CARTESIAN_POINT('Ctrl Pts',(1.40034349154889,-1.40034349154889,3.75));
#3351=CARTESIAN_POINT('Ctrl Pts',(1.98038475772933,-0.820302225368445,3.8));
#3352=CARTESIAN_POINT('Ctrl Pts',(1.98038475772933,-3.63790778195016E-16,
3.85));
#3353=CARTESIAN_POINT('Ctrl Pts',(1.98038475772933,0.820302225368444,3.9));
#3354=CARTESIAN_POINT('Ctrl Pts',(1.40034349154889,1.40034349154889,3.95));
#3355=CARTESIAN_POINT('Ctrl Pts',(0.820302225368445,1.98038475772933,4.));
#3356=CARTESIAN_POINT('Ctrl Pts',(0.,1.98038475772933,4.05));
#3357=CARTESIAN_POINT('Ctrl Pts',(-0.820302225368444,1.98038475772933,4.1));
#3358=CARTESIAN_POINT('Ctrl Pts',(-1.40034349154889,1.40034349154889,4.15));
#3359=CARTESIAN_POINT('Ctrl Pts',(-1.98038475772933,0.820302225368444,4.2));
#3360=CARTESIAN_POINT('Ctrl Pts',(-1.98038475772933,1.2126359273167E-16,
4.25));
#3361=CARTESIAN_POINT('Ctrl Pts',(-1.98038475772933,-0.820302225368444,
4.3));
#3362=CARTESIAN_POINT('Ctrl Pts',(-1.40034349154889,-1.40034349154889,4.35));
#3363=CARTESIAN_POINT('Ctrl Pts',(-0.820302225368444,-1.98038475772933,
4.4));
#3364=CARTESIAN_POINT('Ctrl Pts',(-2.42527185463343E-16,-1.98038475772933,
4.45));
#3365=CARTESIAN_POINT('Ctrl Pts',(-2.42527185463343E-16,-1.98038475772933,
3.55));
#3366=CARTESIAN_POINT('Ctrl Pts',(0.820302225368444,-1.98038475772933,3.6));
#3367=CARTESIAN_POINT('Ctrl Pts',(1.40034349154889,-1.40034349154889,3.65));
#3368=CARTESIAN_POINT('Ctrl Pts',(1.98038475772933,-0.820302225368445,3.7));
#3369=CARTESIAN_POINT('Ctrl Pts',(1.98038475772933,-3.63790778195016E-16,
3.75));
#3370=CARTESIAN_POINT('Ctrl Pts',(1.98038475772933,0.820302225368444,3.8));
#3371=CARTESIAN_POINT('Ctrl Pts',(1.40034349154889,1.40034349154889,3.85));
#3372=CARTESIAN_POINT('Ctrl Pts',(0.820302225368445,1.98038475772933,3.9));
#3373=CARTESIAN_POINT('Ctrl Pts',(0.,1.98038475772933,3.95));
#3374=CARTESIAN_POINT('Ctrl Pts',(-0.820302225368444,1.98038475772933,4.));
#3375=CARTESIAN_POINT('Ctrl Pts',(-1.40034349154889,1.40034349154889,4.05));
#3376=CARTESIAN_POINT('Ctrl Pts',(-1.98038475772933,0.820302225368444,4.1));
#3377=CARTESIAN_POINT('Ctrl Pts',(-1.98038475772933,1.2126359273167E-16,
4.15));
#3378=CARTESIAN_POINT('Ctrl Pts',(-1.98038475772933,-0.820302225368444,
4.2));
#3379=CARTESIAN_POINT('Ctrl Pts',(-1.40034349154889,-1.40034349154889,4.25));
#3380=CARTESIAN_POINT('Ctrl Pts',(-0.820302225368444,-1.98038475772933,
4.3));
#3381=CARTESIAN_POINT('Ctrl Pts',(-2.42527185463343E-16,-1.98038475772933,
4.35));
#3382=CARTESIAN_POINT('Origin',(0.,0.,5.75));
#3383=CARTESIAN_POINT('',(-2.1535898384863,-8.05223410655114E-13,5.15000000000014));
#3384=CARTESIAN_POINT('',(-2.02368602791856,-2.96662558267135E-14,4.925));
#3385=CARTESIAN_POINT('',(-2.5,-3.06161699786838E-16,5.75));
#3386=CARTESIAN_POINT('',(0.,1.98038475772933,4.85));
#3387=CARTESIAN_POINT('Ctrl Pts',(-2.15358983848631,-1.60961521888936E-12,
5.15000000000014));
#3388=CARTESIAN_POINT('Ctrl Pts',(-2.13922993433142,0.295827275115722,5.12512791641168));
#3389=CARTESIAN_POINT('Ctrl Pts',(-2.06652597169684,0.543082119368915,5.10176111888898));
#3390=CARTESIAN_POINT('Ctrl Pts',(-1.86866135388406,0.99617231265021,5.05602182798362));
#3391=CARTESIAN_POINT('Ctrl Pts',(-1.7080757436081,1.22644331908808,5.03008806698839));
#3392=CARTESIAN_POINT('Ctrl Pts',(-1.26114755801037,1.65511155062174,4.97534194825726));
#3393=CARTESIAN_POINT('Ctrl Pts',(-1.0173717373094,1.77536532914059,4.95013745418909));
#3394=CARTESIAN_POINT('Ctrl Pts',(-0.716177687324232,1.89433080318737,4.91891631409552));
#3395=CARTESIAN_POINT('Ctrl Pts',(-0.578283902970574,1.93254441186673,4.9050591159346));
#3396=CARTESIAN_POINT('Ctrl Pts',(-0.282373763036342,1.98166728741613,4.87620828245681));
#3397=CARTESIAN_POINT('Ctrl Pts',(-0.136789382415135,1.98760545495897,4.86250661446951));
#3398=CARTESIAN_POINT('Ctrl Pts',(-1.43061951174417E-11,1.9803847577301,
4.85000000000132));
#3399=CARTESIAN_POINT('',(-1.40034349154889,1.40034349154889,4.85));
#3400=CARTESIAN_POINT('Origin',(2.83106871279415E-14,-5.57887069874141E-14,
4.8500000000001));
#3401=CARTESIAN_POINT('Ctrl Pts',(-1.40034349154889,1.40034349154889,4.85));
#3402=CARTESIAN_POINT('Ctrl Pts',(-1.56523035664302,1.24393668636235,4.86038590988091));
#3403=CARTESIAN_POINT('Ctrl Pts',(-1.70226476036693,1.060597647773,4.8713850419108));
#3404=CARTESIAN_POINT('Ctrl Pts',(-1.90800459180844,0.657525260942557,4.8935296744542));
#3405=CARTESIAN_POINT('Ctrl Pts',(-1.97581915770046,0.440972946120977,4.90451621886803));
#3406=CARTESIAN_POINT('Ctrl Pts',(-2.015961340609,0.145410135094637,4.91841307717777));
#3407=CARTESIAN_POINT('Ctrl Pts',(-2.0218075774938,0.0727271460448728,4.92174642842481));
#3408=CARTESIAN_POINT('Ctrl Pts',(-2.02368602791856,-5.47425352911326E-14,
4.925));
#3409=CARTESIAN_POINT('Origin',(0.,0.,5.75));
#3410=CARTESIAN_POINT('',(-2.5,-3.06161699786838E-16,5.75));
#3411=CARTESIAN_POINT('',(-2.3700961894323,7.9173879301305E-13,5.52499999999994));
#3412=CARTESIAN_POINT('',(-2.5,-3.06161699786838E-16,5.75));
#3413=CARTESIAN_POINT('',(2.5,-4.59242549680259E-16,5.75000000000001));
#3414=CARTESIAN_POINT('Origin',(0.,0.,5.75));
#3415=CARTESIAN_POINT('Ctrl Pts',(2.49999999999881,-2.85596893356832E-11,
5.74999999999794));
#3416=CARTESIAN_POINT('Ctrl Pts',(2.4938060384251,-0.148126306527185,5.73927174385508));
#3417=CARTESIAN_POINT('Ctrl Pts',(2.4741821952321,-0.314624910517253,5.72676826179343));
#3418=CARTESIAN_POINT('Ctrl Pts',(2.3865764725061,-0.659183929016949,5.69917514760696));
#3419=CARTESIAN_POINT('Ctrl Pts',(2.33130037315456,-0.81165843511307,5.68635886195813));
#3420=CARTESIAN_POINT('Ctrl Pts',(2.12876503641575,-1.23461883448514,5.64897524538404));
#3421=CARTESIAN_POINT('Ctrl Pts',(1.94524108354158,-1.48434290063265,5.62451164995925));
#3422=CARTESIAN_POINT('Ctrl Pts',(1.44978715973534,-1.94570445367715,5.57362221452313));
#3423=CARTESIAN_POINT('Ctrl Pts',(1.16892262264211,-2.0933313509115,5.54804264658494));
#3424=CARTESIAN_POINT('Ctrl Pts',(0.645194859659559,-2.28614137659519,5.50196461710698));
#3425=CARTESIAN_POINT('Ctrl Pts',(0.349232442948388,-2.3353947604833,5.47735750916206));
#3426=CARTESIAN_POINT('Ctrl Pts',(-0.343306410082216,-2.31946792556,5.42307797879218));
#3427=CARTESIAN_POINT('Ctrl Pts',(-0.640100939736523,-2.21471888051977,
5.3969422733931));
#3428=CARTESIAN_POINT('Ctrl Pts',(-1.1036989243616,-2.00758628236085,5.35347345422271));
#3429=CARTESIAN_POINT('Ctrl Pts',(-1.35206350569937,-1.83103945673231,5.32751141433974));
#3430=CARTESIAN_POINT('Ctrl Pts',(-1.81026788063814,-1.34408924687626,5.27320807910647));
#3431=CARTESIAN_POINT('Ctrl Pts',(-1.93724948472611,-1.08146121273474,5.24793761023357));
#3432=CARTESIAN_POINT('Ctrl Pts',(-2.11247014639435,-0.629762715325455,
5.20485448822105));
#3433=CARTESIAN_POINT('Ctrl Pts',(-2.16272607843068,-0.341433727558068,
5.17890713228711));
#3434=CARTESIAN_POINT('Ctrl Pts',(-2.1550530938541,-0.0342476271166019,
5.15288481004105));
#3435=CARTESIAN_POINT('Ctrl Pts',(-2.15441717173788,-0.0170438283437582,
5.15143298322667));
#3436=CARTESIAN_POINT('Ctrl Pts',(-2.15358983848631,-1.61018308261999E-12,
5.15000000000014));
#3437=CARTESIAN_POINT('Ctrl Pts',(-2.02368602791856,-5.51642065360625E-14,
4.925));
#3438=CARTESIAN_POINT('Ctrl Pts',(-2.02874384033271,-0.195821117908617,
4.93376038807648));
#3439=CARTESIAN_POINT('Ctrl Pts',(-2.00555117302116,-0.391901722913011,
4.94299356576919));
#3440=CARTESIAN_POINT('Ctrl Pts',(-1.88828790543433,-0.830254957673307,
4.96467057079268));
#3441=CARTESIAN_POINT('Ctrl Pts',(-1.7751421985066,-1.06449525307215,4.97705132280532));
#3442=CARTESIAN_POINT('Ctrl Pts',(-1.45748256128037,-1.49240190023208,5.00145280542881));
#3443=CARTESIAN_POINT('Ctrl Pts',(-1.24997989398229,-1.67838095129039,5.01333712192197));
#3444=CARTESIAN_POINT('Ctrl Pts',(-0.787377305961957,-1.95304591495599,
5.03847806669192));
#3445=CARTESIAN_POINT('Ctrl Pts',(-0.536972927181686,-2.04353968309141,
5.05090426175224));
#3446=CARTESIAN_POINT('Ctrl Pts',(0.000964281113995068,-2.12911310668878,
5.07541525502214));
#3447=CARTESIAN_POINT('Ctrl Pts',(0.28498679804685,-2.11662200003194,5.08724292256185));
#3448=CARTESIAN_POINT('Ctrl Pts',(0.818905247682781,-1.98671792479839,5.11237053394762));
#3449=CARTESIAN_POINT('Ctrl Pts',(1.06668672488954,-1.87365616800865,5.12483743401234));
#3450=CARTESIAN_POINT('Ctrl Pts',(1.53275198205372,-1.54268301224111,5.15011823440103));
#3451=CARTESIAN_POINT('Ctrl Pts',(1.72618530969452,-1.32695234614476,5.16189589252209));
#3452=CARTESIAN_POINT('Ctrl Pts',(2.01481772402793,-0.86334773638804,5.18634220564191));
#3453=CARTESIAN_POINT('Ctrl Pts',(2.11474900365124,-0.603453201523604,5.19884560409698));
#3454=CARTESIAN_POINT('Ctrl Pts',(2.21798340355134,-0.027272951031922,5.2242905236438));
#3455=CARTESIAN_POINT('Ctrl Pts',(2.20397737332631,0.26778071223837,5.23602873775008));
#3456=CARTESIAN_POINT('Ctrl Pts',(2.08316993371163,0.810166166993594,5.26038759117769));
#3457=CARTESIAN_POINT('Ctrl Pts',(1.96994704871108,1.071183510306,5.2729237529306));
#3458=CARTESIAN_POINT('Ctrl Pts',(1.63221522839025,1.56546787376039,5.29850372132712));
#3459=CARTESIAN_POINT('Ctrl Pts',(1.41092553059297,1.76953992949068,5.31021011008743));
#3460=CARTESIAN_POINT('Ctrl Pts',(0.930680662567968,2.08071522770491,5.33478434273179));
#3461=CARTESIAN_POINT('Ctrl Pts',(0.654566678811447,2.19105000677669,5.34763913646548));
#3462=CARTESIAN_POINT('Ctrl Pts',(0.0497030063046075,2.30448136085707,5.37343406184283));
#3463=CARTESIAN_POINT('Ctrl Pts',(-0.254965562156672,2.29238125791485,5.38506792271664));
#3464=CARTESIAN_POINT('Ctrl Pts',(-0.823682093503076,2.17194623171009,5.40955424883392));
#3465=CARTESIAN_POINT('Ctrl Pts',(-1.10223881837175,2.05307436029865,5.42240398358881));
#3466=CARTESIAN_POINT('Ctrl Pts',(-1.62056967743906,1.6999738512291,5.44821757281226));
#3467=CARTESIAN_POINT('Ctrl Pts',(-1.83193696756612,1.47199068463972,5.45985353704227));
#3468=CARTESIAN_POINT('Ctrl Pts',(-2.15577969463016,0.975960815916187,5.48433676826592));
#3469=CARTESIAN_POINT('Ctrl Pts',(-2.27126139490602,0.690019057754182,5.49718161573895));
#3470=CARTESIAN_POINT('Ctrl Pts',(-2.3540574786376,0.257805811056423,5.51497287503221));
#3471=CARTESIAN_POINT('Ctrl Pts',(-2.36728687634587,0.12738543913983,5.52013412699988));
#3472=CARTESIAN_POINT('Ctrl Pts',(-2.3700961894323,1.57873714101697E-12,
5.52499999999994));
#3473=CARTESIAN_POINT('Origin',(0.,0.,9.25));
#3474=CARTESIAN_POINT('',(-2.5,-6.28947637452106E-10,-8.14999999993927));
#3475=CARTESIAN_POINT('',(-2.5,-2.17206636500633E-8,-8.24999999790246));
#3476=CARTESIAN_POINT('',(-2.5,-3.06161699786838E-16,9.25));
#3477=CARTESIAN_POINT('',(1.13067902595778,-2.22970063915745,-8.68999999999999));
#3478=CARTESIAN_POINT('Ctrl Pts',(-2.5,-1.25789456670528E-9,-8.14999999993927));
#3479=CARTESIAN_POINT('Ctrl Pts',(-2.5000000000003,0.000604473513707143,
-8.1500291865631));
#3480=CARTESIAN_POINT('Ctrl Pts',(-2.49999978076694,0.00120895817974979,
-8.15005837804945));
#3481=CARTESIAN_POINT('Ctrl Pts',(-2.49975668425076,0.336338270559003,-8.16624471460167));
#3482=CARTESIAN_POINT('Ctrl Pts',(-2.43237312869807,0.667401955824165,-8.18357755449225));
#3483=CARTESIAN_POINT('Ctrl Pts',(-2.17636251959397,1.27159719107137,-8.21787089329943));
#3484=CARTESIAN_POINT('Ctrl Pts',(-1.9948510569647,1.54077890317606,-8.23449564853087));
#3485=CARTESIAN_POINT('Ctrl Pts',(-1.53078606895264,2.00464775789712,-8.26618006538291));
#3486=CARTESIAN_POINT('Ctrl Pts',(-1.24912029463197,2.19124952812448,-8.28351212743588));
#3487=CARTESIAN_POINT('Ctrl Pts',(-0.641041243743209,2.43773024912687,-8.31780239568894));
#3488=CARTESIAN_POINT('Ctrl Pts',(-0.322377322113654,2.49991500682941,-8.33443254607173));
#3489=CARTESIAN_POINT('Ctrl Pts',(0.333762977961707,2.50008817214507,-8.36611726560327));
#3490=CARTESIAN_POINT('Ctrl Pts',(0.664901950301486,2.43307080942385,-8.38344288993296));
#3491=CARTESIAN_POINT('Ctrl Pts',(1.26938028686056,2.17764694975582,-8.41773816309195));
#3492=CARTESIAN_POINT('Ctrl Pts',(1.53878271066052,1.99641172336477,-8.43437076732525));
#3493=CARTESIAN_POINT('Ctrl Pts',(2.00306612623404,1.53281859582467,-8.4660602162493));
#3494=CARTESIAN_POINT('Ctrl Pts',(2.18994386913337,1.25141578240293,-8.48337517830189));
#3495=CARTESIAN_POINT('Ctrl Pts',(2.43707720592805,0.643535489031826,-8.5176689020089));
#3496=CARTESIAN_POINT('Ctrl Pts',(2.49959211964266,0.324902793380372,-8.53430414778834));
#3497=CARTESIAN_POINT('Ctrl Pts',(2.50041976492326,-0.331169878103874,-8.56599869152194));
#3498=CARTESIAN_POINT('Ctrl Pts',(2.43377234335492,-0.662278459500327,-8.58330218591289));
#3499=CARTESIAN_POINT('Ctrl Pts',(2.18957778016979,-1.2419860493663,-8.61617683568989));
#3500=CARTESIAN_POINT('Ctrl Pts',(2.02812042927283,-1.49115252151553,-8.63143680423485));
#3501=CARTESIAN_POINT('Ctrl Pts',(1.62732355248116,-1.92025974854856,-8.660171871515));
#3502=CARTESIAN_POINT('Ctrl Pts',(1.3916453042031,-2.09736489322275,-8.67475271851606));
#3503=CARTESIAN_POINT('Ctrl Pts',(1.13067902595698,-2.22970063915786,-8.69000000000004));
#3504=CARTESIAN_POINT('',(2.37614724856429,-0.777125635364308,-8.69));
#3505=CARTESIAN_POINT('Origin',(0.,0.,-8.68999999999999));
#3506=CARTESIAN_POINT('Ctrl Pts',(2.376147248564,-0.77712563536517,-8.69000000000004));
#3507=CARTESIAN_POINT('Ctrl Pts',(2.46666254546512,-0.500365142728116,-8.67482651536495));
#3508=CARTESIAN_POINT('Ctrl Pts',(2.50812110909128,-0.209953023122025,-8.66029985089939));
#3509=CARTESIAN_POINT('Ctrl Pts',(2.48918796427291,0.373983589094692,-8.63172623422743));
#3510=CARTESIAN_POINT('Ctrl Pts',(2.42823860229704,0.662985414198386,-8.61655300447359));
#3511=CARTESIAN_POINT('Ctrl Pts',(2.19360866148017,1.24495504033579,-8.58376042637106));
#3512=CARTESIAN_POINT('Ctrl Pts',(2.00758294781476,1.52692007344867,-8.56642543595663));
#3513=CARTESIAN_POINT('Ctrl Pts',(1.54470890417131,1.99179983156943,-8.5347215747452));
#3514=CARTESIAN_POINT('Ctrl Pts',(1.27594036345508,2.17380969343301,-8.51813165673591));
#3515=CARTESIAN_POINT('Ctrl Pts',(0.672388221636312,2.43098970485053,-8.48384598118));
#3516=CARTESIAN_POINT('Ctrl Pts',(0.341536476851584,2.4990421654403,-8.46650999658032));
#3517=CARTESIAN_POINT('Ctrl Pts',(-0.314440403253883,2.50090112469815,-8.43479945178409));
#3518=CARTESIAN_POINT('Ctrl Pts',(-0.633209627899288,2.43977542010247,-8.41822144297198));
#3519=CARTESIAN_POINT('Ctrl Pts',(-1.24196698813178,2.19529462882353,-8.38393842164105));
#3520=CARTESIAN_POINT('Ctrl Pts',(-1.52414580864025,2.00968205102639,-8.36660137137539));
#3521=CARTESIAN_POINT('Ctrl Pts',(-1.98960880435431,1.54752128048191,-8.33488361442378));
#3522=CARTESIAN_POINT('Ctrl Pts',(-2.17197565108867,1.27904864999158,-8.31831841893304));
#3523=CARTESIAN_POINT('Ctrl Pts',(-2.42999259723744,0.67595770722322,-8.28403827334256));
#3524=CARTESIAN_POINT('Ctrl Pts',(-2.49852378229375,0.345258551967372,-8.26670008192775));
#3525=CARTESIAN_POINT('Ctrl Pts',(-2.49999213899154,0.00723960472080405,
-8.25034971625816));
#3526=CARTESIAN_POINT('Ctrl Pts',(-2.50000000003152,0.00361961732920806,
-8.2501747705843));
#3527=CARTESIAN_POINT('Ctrl Pts',(-2.5,-2.17713588852941E-8,-8.24999999894878));
#3528=CARTESIAN_POINT('Origin',(0.,0.,9.25));
#3529=CARTESIAN_POINT('',(-2.5,-4.96337851864459E-8,-7.34999999520694));
#3530=CARTESIAN_POINT('',(-2.5,-4.38580613127683E-15,-7.45));
#3531=CARTESIAN_POINT('',(-2.5,-3.06161699786838E-16,9.25));
#3532=CARTESIAN_POINT('Ctrl Pts',(-2.5,-4.97498189589058E-8,-7.34999999759787));
#3533=CARTESIAN_POINT('Ctrl Pts',(-2.50000000011021,0.00553824282727762,
-7.35026741002112));
#3534=CARTESIAN_POINT('Ctrl Pts',(-2.4999815966137,0.0110773410931524,-7.35053522940987));
#3535=CARTESIAN_POINT('Ctrl Pts',(-2.49772257112479,0.350933292667513,-7.36699010687053));
#3536=CARTESIAN_POINT('Ctrl Pts',(-2.42846188698878,0.681398467501602,-7.38433159069277));
#3537=CARTESIAN_POINT('Ctrl Pts',(-2.16916955965691,1.2837850919591,-7.41860323641056));
#3538=CARTESIAN_POINT('Ctrl Pts',(-1.98625825511758,1.55180646138263,-7.43513109687015));
#3539=CARTESIAN_POINT('Ctrl Pts',(-1.5199063038058,2.01287821577206,-7.46686999607186));
#3540=CARTESIAN_POINT('Ctrl Pts',(-1.23740233047997,2.19785985396845,-7.48421012731233));
#3541=CARTESIAN_POINT('Ctrl Pts',(-0.62827030139088,2.44104379779027,-7.51848530230682));
#3542=CARTESIAN_POINT('Ctrl Pts',(-0.309440042900308,2.50151724359254,-7.53502856816203));
#3543=CARTESIAN_POINT('Ctrl Pts',(0.346406306229589,2.49836279193062,-7.56675872021331));
#3544=CARTESIAN_POINT('Ctrl Pts',(0.677058267953482,2.42968402450352,-7.58409758457024));
#3545=CARTESIAN_POINT('Ctrl Pts',(1.28000687135288,2.17140906340615,-7.618376017707));
#3546=CARTESIAN_POINT('Ctrl Pts',(1.54838824223123,1.9889321154036,-7.6349336270918));
#3547=CARTESIAN_POINT('Ctrl Pts',(2.01032890306276,1.52328929736645,-7.66665566443896));
#3548=CARTESIAN_POINT('Ctrl Pts',(2.1958139730091,1.24104463535365,-7.68399334365666));
#3549=CARTESIAN_POINT('Ctrl Pts',(2.44003259623926,0.632211417692873,-7.71827478434726));
#3550=CARTESIAN_POINT('Ctrl Pts',(2.50102644332212,0.313429857853223,-7.73484573886003));
#3551=CARTESIAN_POINT('Ctrl Pts',(2.49890563413463,-0.342520737917831,-7.76656025153492));
#3552=CARTESIAN_POINT('Ctrl Pts',(2.43072656139104,-0.673332199789638,-7.78389682334658));
#3553=CARTESIAN_POINT('Ctrl Pts',(2.17332520020595,-1.27676244153988,-7.81818104004187));
#3554=CARTESIAN_POINT('Ctrl Pts',(1.99122094722615,-1.54545273761833,-7.83476440242298));
#3555=CARTESIAN_POINT('Ctrl Pts',(1.52618694530626,-2.00813824211835,-7.86647194040097));
#3556=CARTESIAN_POINT('Ctrl Pts',(1.24416533860226,-2.19405476039449,-7.88380747852223));
#3557=CARTESIAN_POINT('Ctrl Pts',(0.635589086158407,-2.43916065724645,-7.91809425730704));
#3558=CARTESIAN_POINT('Ctrl Pts',(0.316849266605942,-2.50060075557162,-7.93468914895532));
#3559=CARTESIAN_POINT('Ctrl Pts',(-0.339190073608555,-2.49936605311428,
-7.96639022445639));
#3560=CARTESIAN_POINT('Ctrl Pts',(-0.670137653558044,-2.43161548085409,
-7.98372479862056));
#3561=CARTESIAN_POINT('Ctrl Pts',(-1.27398022531418,-2.17496324292442,-8.01801394190459));
#3562=CARTESIAN_POINT('Ctrl Pts',(-1.54293527953651,-1.99317837502694,-8.03461954028647));
#3563=CARTESIAN_POINT('Ctrl Pts',(-2.00625856063355,-1.52866636066253,-8.06631463000768));
#3564=CARTESIAN_POINT('Ctrl Pts',(-2.19254443201592,-1.24683631026441,-8.08364830603444));
#3565=CARTESIAN_POINT('Ctrl Pts',(-2.43818370453833,-0.639041363620747,
-8.11790802755146));
#3566=CARTESIAN_POINT('Ctrl Pts',(-2.4999999998385,-0.320975118445639,-8.13450195031406));
#3567=CARTESIAN_POINT('Ctrl Pts',(-2.5,-1.25789413607524E-9,-8.14999999993927));
#3568=CARTESIAN_POINT('Ctrl Pts',(-2.5,-2.17713587435941E-8,-8.24999999894878));
#3569=CARTESIAN_POINT('Ctrl Pts',(-2.49999999723243,-0.317799349610885,
-8.23465528994577));
#3570=CARTESIAN_POINT('Ctrl Pts',(-2.43940131700523,-0.632797450604545,
-8.21823386259034));
#3571=CARTESIAN_POINT('Ctrl Pts',(-2.1972562427315,-1.23847841524562,-8.18414609711871));
#3572=CARTESIAN_POINT('Ctrl Pts',(-2.01212588488773,-1.52090589231596,-8.16680668505124));
#3573=CARTESIAN_POINT('Ctrl Pts',(-1.55079746841101,-1.98704849807988,-8.135072760705));
#3574=CARTESIAN_POINT('Ctrl Pts',(-1.2826698022728,-2.16983154650834,-8.11853614572363));
#3575=CARTESIAN_POINT('Ctrl Pts',(-0.680117164507425,-2.42882355390591,
-8.08426249057294));
#3576=CARTESIAN_POINT('Ctrl Pts',(-0.349596735115003,-2.49791246144859,
-8.06692177435648));
#3577=CARTESIAN_POINT('Ctrl Pts',(0.30616343954974,-2.50191556119993,-8.03517881021466));
#3578=CARTESIAN_POINT('Ctrl Pts',(0.625033688470017,-2.44186925913888,-8.01865808902983));
#3579=CARTESIAN_POINT('Ctrl Pts',(1.23441029595922,-2.19953455362805,-7.98438808951174));
#3580=CARTESIAN_POINT('Ctrl Pts',(1.51712646051252,-2.01496636381425,-7.96704598174014));
#3581=CARTESIAN_POINT('Ctrl Pts',(1.9840597848929,-1.55460804296454,-7.93529328003428));
#3582=CARTESIAN_POINT('Ctrl Pts',(2.16732739456921,-1.28688195616813,-7.91878960954364));
#3583=CARTESIAN_POINT('Ctrl Pts',(2.42745365217183,-0.684956849116134,-7.88452356925203));
#3584=CARTESIAN_POINT('Ctrl Pts',(2.49719131940356,-0.354645616565755,-7.86717997875885));
#3585=CARTESIAN_POINT('Ctrl Pts',(2.50253728387611,0.300977120170508,-7.83541679341283));
#3586=CARTESIAN_POINT('Ctrl Pts',(2.44316665850014,0.619910663338586,-7.81893139855211));
#3587=CARTESIAN_POINT('Ctrl Pts',(2.20217527035063,1.22967289582701,-7.78466964575919));
#3588=CARTESIAN_POINT('Ctrl Pts',(2.01826151691499,1.51272351439879,-7.7673244778466));
#3589=CARTESIAN_POINT('Ctrl Pts',(1.55903217363747,1.98057522547923,-7.73555001205965));
#3590=CARTESIAN_POINT('Ctrl Pts',(1.29177280111462,2.16440606498652,-7.71908418701932));
#3591=CARTESIAN_POINT('Ctrl Pts',(0.690578192691782,2.42584941037059,-7.68482707656604));
#3592=CARTESIAN_POINT('Ctrl Pts',(0.360511624701321,2.49634038738797,-7.66748023332713));
#3593=CARTESIAN_POINT('Ctrl Pts',(-0.294949787499925,2.50324636296322,-7.63569363719665));
#3594=CARTESIAN_POINT('Ctrl Pts',(-0.613956885179201,2.44466034443294,-7.61924874611036));
#3595=CARTESIAN_POINT('Ctrl Pts',(-1.2241649734252,2.20522875223142,-7.58499666141607));
#3596=CARTESIAN_POINT('Ctrl Pts',(-1.50760211557068,2.0220755824006,-7.56764804216649));
#3597=CARTESIAN_POINT('Ctrl Pts',(-1.97651833339548,1.56415788602283,-7.53584841038515));
#3598=CARTESIAN_POINT('Ctrl Pts',(-2.16100260684543,1.29743988863731,-7.51942588737328));
#3599=CARTESIAN_POINT('Ctrl Pts',(-2.42397220286484,0.697094224560325,-7.48517924256636));
#3600=CARTESIAN_POINT('Ctrl Pts',(-2.49533607486866,0.367313525541523,-7.46782874440268));
#3601=CARTESIAN_POINT('Ctrl Pts',(-2.4999263551296,0.0221608693070928,-7.45107149432206));
#3602=CARTESIAN_POINT('Ctrl Pts',(-2.5,0.0110788788484926,-7.45053493559143));
#3603=CARTESIAN_POINT('Ctrl Pts',(-2.5,-8.34419830519273E-15,-7.44999999999999));
#3604=CARTESIAN_POINT('Origin',(0.,0.,9.25));
#3605=CARTESIAN_POINT('',(-2.5,4.17209915259635E-15,-6.55000000000001));
#3606=CARTESIAN_POINT('',(-2.5,7.65317479200221E-15,-6.65));
#3607=CARTESIAN_POINT('',(-2.5,-3.06161699786838E-16,9.25));
#3608=CARTESIAN_POINT('Ctrl Pts',(-2.5,8.65036000497954E-15,-6.55000000000001));
#3609=CARTESIAN_POINT('Ctrl Pts',(-2.5,0.0145582798887407,-6.55070293593505));
#3610=CARTESIAN_POINT('Ctrl Pts',(-2.49987283408268,0.0291218102491842,
-6.55140866870371));
#3611=CARTESIAN_POINT('Ctrl Pts',(-2.49378214542751,0.377594273157194,-6.56835622139814));
#3612=CARTESIAN_POINT('Ctrl Pts',(-2.42110016036244,0.706938468381719,-6.58571200555544));
#3613=CARTESIAN_POINT('Ctrl Pts',(-2.15582565254122,1.30599710964367,-6.61994260563969));
#3614=CARTESIAN_POINT('Ctrl Pts',(-1.97035301048086,1.57189641845874,-6.63630086915795));
#3615=CARTESIAN_POINT('Ctrl Pts',(-1.49982865085472,2.02782638437371,-6.66813839428497));
#3616=CARTESIAN_POINT('Ctrl Pts',(-1.21580994132235,2.20982641772397,-6.68549203136239));
#3617=CARTESIAN_POINT('Ctrl Pts',(-0.604930598209651,2.44689601009935,-6.71972928711222));
#3618=CARTESIAN_POINT('Ctrl Pts',(-0.285811987408006,2.50429379361467,-6.73611390060201));
#3619=CARTESIAN_POINT('Ctrl Pts',(0.369401563669477,2.49502397355358,-6.76793580582847));
#3620=CARTESIAN_POINT('Ctrl Pts',(0.699094039349027,2.42339227104173,-6.78528740080266));
#3621=CARTESIAN_POINT('Ctrl Pts',(1.29917868570919,2.15995435551581,-6.81953080894947));
#3622=CARTESIAN_POINT('Ctrl Pts',(1.5657304482617,1.97526941547842,-6.83594016472155));
#3623=CARTESIAN_POINT('Ctrl Pts',(2.023244945196,1.50602650290883,-6.86774750673169));
#3624=CARTESIAN_POINT('Ctrl Pts',(2.20616425736106,1.22247098529638,-6.88509716450111));
#3625=CARTESIAN_POINT('Ctrl Pts',(2.4451165575767,0.612126307431936,-6.91934625848587));
#3626=CARTESIAN_POINT('Ctrl Pts',(2.5034614727533,0.2930965945931,-6.93577881506998));
#3627=CARTESIAN_POINT('Ctrl Pts',(2.49607597896588,-0.362314870096114,-6.96757258988548));
#3628=CARTESIAN_POINT('Ctrl Pts',(2.42535352666409,-0.69230587866045,-6.98492041429826));
#3629=CARTESIAN_POINT('Ctrl Pts',(2.16350545741293,-1.29327562309513,-7.01917476183508));
#3630=CARTESIAN_POINT('Ctrl Pts',(1.97950142318776,-1.56039149333279,-7.03562904621481));
#3631=CARTESIAN_POINT('Ctrl Pts',(1.5113674597281,-2.01927337438282,-7.06741019110765));
#3632=CARTESIAN_POINT('Ctrl Pts',(1.22821423499145,-2.20298567198487,-7.08475628416747));
#3633=CARTESIAN_POINT('Ctrl Pts',(0.618333666806408,-2.44356377070119,-7.11901548492459));
#3634=CARTESIAN_POINT('Ctrl Pts',(0.299380640769326,-2.50272650848561,-7.13549009376524));
#3635=CARTESIAN_POINT('Ctrl Pts',(-0.356199532888305,-2.49696727514447,
-7.1672594893614));
#3636=CARTESIAN_POINT('Ctrl Pts',(-0.686446121959695,-2.42703000797237,
-7.18460395059011));
#3637=CARTESIAN_POINT('Ctrl Pts',(-1.2881778659276,-2.16655477510593,-7.2188676339914));
#3638=CARTESIAN_POINT('Ctrl Pts',(-1.55578033434735,-1.98313799089955,-7.2353612340133));
#3639=CARTESIAN_POINT('Ctrl Pts',(-2.01583978410088,-1.51596135251163,-7.26711970653677));
#3640=CARTESIAN_POINT('Ctrl Pts',(-2.2002347471857,-1.23315649033005,-7.28446263247414));
#3641=CARTESIAN_POINT('Ctrl Pts',(-2.44016876338819,-0.628828447187415,
-7.31844085195574));
#3642=CARTESIAN_POINT('Ctrl Pts',(-2.49999999371598,-0.315781284364152,
-7.33475273068522));
#3643=CARTESIAN_POINT('Ctrl Pts',(-2.5,-4.9749818015199E-8,-7.34999999759787));
#3644=CARTESIAN_POINT('Ctrl Pts',(-2.5,-8.95117313604032E-15,-7.45));
#3645=CARTESIAN_POINT('Ctrl Pts',(-2.5,-0.309965580092404,-7.43503353785344));
#3646=CARTESIAN_POINT('Ctrl Pts',(-2.44235301993864,-0.617385250813727,
-7.41903706348425));
#3647=CARTESIAN_POINT('Ctrl Pts',(-2.20874976586456,-1.21777318203641,-7.38537570467791));
#3648=CARTESIAN_POINT('Ctrl Pts',(-2.02647883689515,-1.50165575006362,-7.36802322318147));
#3649=CARTESIAN_POINT('Ctrl Pts',(-1.57008200556514,-1.97180294684554,-7.33619457177922));
#3650=CARTESIAN_POINT('Ctrl Pts',(-1.30399059551702,-2.15704364865237,-7.31982136264499));
#3651=CARTESIAN_POINT('Ctrl Pts',(-0.70462961454347,-2.42177766124555,-7.28558697421265));
#3652=CARTESIAN_POINT('Ctrl Pts',(-0.375182542483758,-2.49415056645495,
-7.26823240431945));
#3653=CARTESIAN_POINT('Ctrl Pts',(0.279867642583625,-2.50495734669877,-7.23638764789808));
#3654=CARTESIAN_POINT('Ctrl Pts',(0.599058799986926,-2.44833173173792,-7.22004151704296));
#3655=CARTESIAN_POINT('Ctrl Pts',(1.21037179606323,-2.21279691800148,-7.18581401824859));
#3656=CARTESIAN_POINT('Ctrl Pts',(1.49476597449148,-2.03154705352976,-7.16845725530673));
#3657=CARTESIAN_POINT('Ctrl Pts',(1.96633279424,-1.57690964757666,-7.13659524695162));
#3658=CARTESIAN_POINT('Ctrl Pts',(2.15244694498937,-1.31154159280728,-7.1202778911196));
#3659=CARTESIAN_POINT('Ctrl Pts',(2.41921509432902,-0.713320168521695,-7.08605784261656));
#3660=CARTESIAN_POINT('Ctrl Pts',(2.4927511620299,-0.384261922466658,-7.06869878365381));
#3661=CARTESIAN_POINT('Ctrl Pts',(2.50597153733613,0.270528199411384,-7.03681831229277));
#3662=CARTESIAN_POINT('Ctrl Pts',(2.45055786923994,0.589833354443852,-7.02053148370798));
#3663=CARTESIAN_POINT('Ctrl Pts',(2.21743166190273,1.20182292252823,-6.98631948925524));
#3664=CARTESIAN_POINT('Ctrl Pts',(2.0373604637729,1.48680249159518,-6.96895803447983));
#3665=CARTESIAN_POINT('Ctrl Pts',(1.58475309100101,1.96000136827072,-6.937057824109));
#3666=CARTESIAN_POINT('Ctrl Pts',(1.32021764252629,2.14712116594995,-6.92080332343838));
#3667=CARTESIAN_POINT('Ctrl Pts',(0.723311573681423,2.41622697724649,-6.88660003267509));
#3668=CARTESIAN_POINT('Ctrl Pts',(0.394705737568219,2.49109958314501,-6.86923608723273));
#3669=CARTESIAN_POINT('Ctrl Pts',(-0.259779954367686,2.50709587881879,-6.83731479664224));
#3670=CARTESIAN_POINT('Ctrl Pts',(-0.579216340813632,2.45307515232395,-6.82109446413563));
#3671=CARTESIAN_POINT('Ctrl Pts',(-1.19197739570962,2.22271676566717,-6.78690057541801));
#3672=CARTESIAN_POINT('Ctrl Pts',(-1.47762383924351,2.04400208415683,-6.76953405142734));
#3673=CARTESIAN_POINT('Ctrl Pts',(-1.95269225539792,1.59372985185412,-6.73759027451459));
#3674=CARTESIAN_POINT('Ctrl Pts',(-2.14096605475435,1.33014951990371,-6.72140597912358));
#3675=CARTESIAN_POINT('Ctrl Pts',(-2.41274858322492,0.734757160993477,-6.68722224239789));
#3676=CARTESIAN_POINT('Ctrl Pts',(-2.48915128836784,0.406676678448377,-6.66985306128482));
#3677=CARTESIAN_POINT('Ctrl Pts',(-2.49964249599628,0.0488335524921158,
-6.65236504257454));
#3678=CARTESIAN_POINT('Ctrl Pts',(-2.5,0.0244098863523205,-6.65117861357375));
#3679=CARTESIAN_POINT('Ctrl Pts',(-2.5,1.71476391600657E-14,-6.65));
#3680=CARTESIAN_POINT('Origin',(0.,0.,9.25));
#3681=CARTESIAN_POINT('',(-2.5,1.69180178852256E-14,-5.75000000000001));
#3682=CARTESIAN_POINT('',(-2.5,5.94044136606559E-14,-5.85));
#3683=CARTESIAN_POINT('',(-2.5,-3.06161699786838E-16,9.25));
#3684=CARTESIAN_POINT('Ctrl Pts',(-2.5,3.4142197470238E-14,-5.75000000000001));
#3685=CARTESIAN_POINT('Ctrl Pts',(-2.5,0.0304520975534697,-5.75147035733833));
#3686=CARTESIAN_POINT('Ctrl Pts',(-2.49944360556817,0.0609246980296298,
-5.75295283253404));
#3687=CARTESIAN_POINT('Ctrl Pts',(-2.486142281226,0.424492215807481,-5.77077345166603));
#3688=CARTESIAN_POINT('Ctrl Pts',(-2.40746613381548,0.751777390603072,-5.78814970076935));
#3689=CARTESIAN_POINT('Ctrl Pts',(-2.13170529435696,1.34490500376177,-5.82230365211663));
#3690=CARTESIAN_POINT('Ctrl Pts',(-1.94171130608357,1.60706227312671,-5.8383871300754));
#3691=CARTESIAN_POINT('Ctrl Pts',(-1.4638628068422,2.05384264958886,-5.87039530415721));
#3692=CARTESIAN_POINT('Ctrl Pts',(-1.17723211038749,2.2305275603555,-5.88776875666801));
#3693=CARTESIAN_POINT('Ctrl Pts',(-0.563330838298194,2.45675266624482,-5.92193503432651));
#3694=CARTESIAN_POINT('Ctrl Pts',(-0.243697986563132,2.50869268564372,-5.93805936660153));
#3695=CARTESIAN_POINT('Ctrl Pts',(0.410321912053181,2.48854628507184,-5.97004116879899));
#3696=CARTESIAN_POINT('Ctrl Pts',(0.73824097813351,2.41167805118798,-5.9874118666105));
#3697=CARTESIAN_POINT('Ctrl Pts',(1.33317111882638,2.13908101643296,-6.02158957559211));
#3698=CARTESIAN_POINT('Ctrl Pts',(1.59646044110508,1.95045552582464,-6.03775288515715));
#3699=CARTESIAN_POINT('Ctrl Pts',(2.04601983402214,1.47481806349352,-6.06970988126214));
#3700=CARTESIAN_POINT('Ctrl Pts',(2.22432027425825,1.18896943003298,-6.08707788302058));
#3701=CARTESIAN_POINT('Ctrl Pts',(2.45383433473678,0.575974303463144,-6.12126618719482));
#3702=CARTESIAN_POINT('Ctrl Pts',(2.50743008442582,0.256497833166388,-6.13746658736057));
#3703=CARTESIAN_POINT('Ctrl Pts',(2.49058648675975,-0.397893799506729,-6.16940028240795));
#3704=CARTESIAN_POINT('Ctrl Pts',(2.4153061945394,-0.726360434332053,-6.186765660344));
#3705=CARTESIAN_POINT('Ctrl Pts',(2.14548724377173,-1.32286400658517,-6.2209637796421));
#3706=CARTESIAN_POINT('Ctrl Pts',(1.95806025569545,-1.58714517333139,-6.23719939096183));
#3707=CARTESIAN_POINT('Ctrl Pts',(1.48436336943846,-2.03913152686651,-6.26911122697765));
#3708=CARTESIAN_POINT('Ctrl Pts',(1.19920576992914,-2.21884203746,-6.2864740640725));
#3709=CARTESIAN_POINT('Ctrl Pts',(0.587010323105659,-2.45123186463921,-6.32068127162697));
#3710=CARTESIAN_POINT('Ctrl Pts',(0.267670278700953,-2.50627496727789,-6.33695023631284));
#3711=CARTESIAN_POINT('Ctrl Pts',(-0.387039433343288,-2.49231630432244,
-6.36884159089664));
#3712=CARTESIAN_POINT('Ctrl Pts',(-0.715977900253517,-2.41842463852919,
-6.38620197837253));
#3713=CARTESIAN_POINT('Ctrl Pts',(-1.31384998445535,-2.15103456950283,-6.42041759763794));
#3714=CARTESIAN_POINT('Ctrl Pts',(-1.5789966677025,-1.96465306910391,-6.43671809165836));
#3715=CARTESIAN_POINT('Ctrl Pts',(-2.03309484158739,-1.49265211359951,-6.46859027730069));
#3716=CARTESIAN_POINT('Ctrl Pts',(-2.21403167731855,-1.20810192675268,-6.48594831242054));
#3717=CARTESIAN_POINT('Ctrl Pts',(-2.44370054152756,-0.610213177214465,
-6.51941031226323));
#3718=CARTESIAN_POINT('Ctrl Pts',(-2.5,-0.306322614872064,-6.53520943577429));
#3719=CARTESIAN_POINT('Ctrl Pts',(-2.5,9.0205620750794E-15,-6.55000000000001));
#3720=CARTESIAN_POINT('Ctrl Pts',(-2.5,1.8249290967276E-14,-6.65));
#3721=CARTESIAN_POINT('Ctrl Pts',(-2.5,-0.296046234794531,-6.63570562329739));
#3722=CARTESIAN_POINT('Ctrl Pts',(-2.44741578392087,-0.589965294623351,
-6.6204622713662));
#3723=CARTESIAN_POINT('Ctrl Pts',(-2.22871413278793,-1.18067658834076,-6.58756617400875));
#3724=CARTESIAN_POINT('Ctrl Pts',(-2.0515552662815,-1.46707891282623,-6.57019426915726));
#3725=CARTESIAN_POINT('Ctrl Pts',(-1.60395976284816,-1.94428010116729,-6.53820104747112));
#3726=CARTESIAN_POINT('Ctrl Pts',(-1.34147084820512,-2.13387311054414,-6.52209448009437));
#3727=CARTESIAN_POINT('Ctrl Pts',(-0.747814436790723,-2.40870786076595,
-6.48793351789341));
#3728=CARTESIAN_POINT('Ctrl Pts',(-0.420342576503138,-2.48685486773707,
-6.47055883762595));
#3729=CARTESIAN_POINT('Ctrl Pts',(0.233371712427072,-2.50966405236646,-6.43853853588832));
#3730=CARTESIAN_POINT('Ctrl Pts',(0.55313080764332,-2.45905797682674,-6.42247364158492));
#3731=CARTESIAN_POINT('Ctrl Pts',(1.16775539848997,-2.2354818843671,-6.38832541927592));
#3732=CARTESIAN_POINT('Ctrl Pts',(1.45500956953656,-2.06010034470264,-6.37094793017086));
#3733=CARTESIAN_POINT('Ctrl Pts',(1.9346324220266,-1.61556087818475,-6.33889890093439));
#3734=CARTESIAN_POINT('Ctrl Pts',(2.12572698366116,-1.35431364600829,-6.32287750776474));
#3735=CARTESIAN_POINT('Ctrl Pts',(2.40402569278623,-0.762640145180448,-6.28874300977833));
#3736=CARTESIAN_POINT('Ctrl Pts',(2.48415162231488,-0.435871397176236,-6.27136270032393));
#3737=CARTESIAN_POINT('Ctrl Pts',(2.51108703141702,0.217358864530019,-6.23928324499861));
#3738=CARTESIAN_POINT('Ctrl Pts',(2.46254645825256,0.537313904567279,-6.22330711885185));
#3739=CARTESIAN_POINT('Ctrl Pts',(2.2430706571661,1.15304667625133,-6.18918739466618));
#3740=CARTESIAN_POINT('Ctrl Pts',(2.06971030219684,1.44125457431327,-6.17180427924111));
#3741=CARTESIAN_POINT('Ctrl Pts',(1.62864406903519,1.92361249365907,-6.13969265396182));
#3742=CARTESIAN_POINT('Ctrl Pts',(1.36880243656713,2.11640779326941,-6.12376347226597));
#3743=CARTESIAN_POINT('Ctrl Pts',(0.779383673380163,2.39861670961572,-6.08965963849898));
#3744=CARTESIAN_POINT('Ctrl Pts',(0.453424493049414,2.48097547776554,-6.07227376165729));
#3745=CARTESIAN_POINT('Ctrl Pts',(-0.199243289073281,2.51257492955927,-6.04012818439493));
#3746=CARTESIAN_POINT('Ctrl Pts',(-0.519420322321121,2.46636694111215,-6.02424750708781));
#3747=CARTESIAN_POINT('Ctrl Pts',(-1.13638732402112,2.25151914988263,-5.9901607492024));
#3748=CARTESIAN_POINT('Ctrl Pts',(-1.42565512747501,2.0804454553729,-5.97277219022708));
#3749=CARTESIAN_POINT('Ctrl Pts',(-1.91108354306597,1.64330626884224,-5.94059084920685));
#3750=CARTESIAN_POINT('Ctrl Pts',(-2.10579458205232,1.38504686974603,-5.92476008710818));
#3751=CARTESIAN_POINT('Ctrl Pts',(-2.39239085792877,0.798178719311735,-5.89069166062859));
#3752=CARTESIAN_POINT('Ctrl Pts',(-2.47725342644119,0.47314800949207,-5.87330053830165));
#3753=CARTESIAN_POINT('Ctrl Pts',(-2.498675393982,0.0940151956619873,-5.85456594732905));
#3754=CARTESIAN_POINT('Ctrl Pts',(-2.5,0.0469862929231816,-5.85226869891241));
#3755=CARTESIAN_POINT('Ctrl Pts',(-2.5,1.19114989021099E-13,-5.85));
#3756=CARTESIAN_POINT('Origin',(0.,0.,9.25));
#3757=CARTESIAN_POINT('',(-2.5,7.63989719708283E-14,-4.95000000000001));
#3758=CARTESIAN_POINT('',(-2.5,1.01890809436086E-13,-5.05));
#3759=CARTESIAN_POINT('',(-2.5,-3.06161699786838E-16,9.25));
#3760=CARTESIAN_POINT('Ctrl Pts',(-2.5,1.53104105641443E-13,-4.95000000000001));
#3761=CARTESIAN_POINT('Ctrl Pts',(-2.5,0.056728947182656,-4.95273911587336));
#3762=CARTESIAN_POINT('Ctrl Pts',(-2.49806914017315,0.113514624707333,-4.95551958812652));
#3763=CARTESIAN_POINT('Ctrl Pts',(-2.47156769531123,0.501744001297311,-4.97479498954926));
#3764=CARTESIAN_POINT('Ctrl Pts',(-2.38308464819294,0.825393089194054,-4.99219181084063));
#3765=CARTESIAN_POINT('Ctrl Pts',(-2.09013843986014,1.40853069397682,-5.02620710929121));
#3766=CARTESIAN_POINT('Ctrl Pts',(-1.89264023113974,1.66449022284582,-5.04190505016276));
#3767=CARTESIAN_POINT('Ctrl Pts',(-1.40276498529982,2.0958887961859,-5.07418629087712));
#3768=CARTESIAN_POINT('Ctrl Pts',(-1.11198292433809,2.26361760399467,-5.09158106693866));
#3769=CARTESIAN_POINT('Ctrl Pts',(-0.493247116800375,2.47171546851557,-5.12561823179075));
#3770=CARTESIAN_POINT('Ctrl Pts',(-0.17274462481678,2.51451862708084,-5.14136877913725));
#3771=CARTESIAN_POINT('Ctrl Pts',(0.479071752420427,2.47610379155441,-5.17360955460983));
#3772=CARTESIAN_POINT('Ctrl Pts',(0.803819710411855,2.39049029342235,-5.19100204306319));
#3773=CARTESIAN_POINT('Ctrl Pts',(1.38991825012654,2.10257756962022,-5.22505963840856));
#3774=CARTESIAN_POINT('Ctrl Pts',(1.6477018175479,1.9072901287641,-5.24086192242617));
#3775=CARTESIAN_POINT('Ctrl Pts',(2.08365643700998,1.42094007287626,-5.27306407283511));
#3776=CARTESIAN_POINT('Ctrl Pts',(2.25404011789908,1.13135639178148,-5.29045408345971));
#3777=CARTESIAN_POINT('Ctrl Pts',(2.46749357630421,0.514020970814665,-5.32453074354444));
#3778=CARTESIAN_POINT('Ctrl Pts',(2.51299851304871,0.193776874944696,-5.34038365454777));
#3779=CARTESIAN_POINT('Ctrl Pts',(2.47999246320333,-0.458718061674576,-5.372549018052));
#3780=CARTESIAN_POINT('Ctrl Pts',(2.39696117073751,-0.784430007158045,-5.38993640782558));
#3781=CARTESIAN_POINT('Ctrl Pts',(2.11357409463023,-1.37316599777221,-5.42403083761168));
#3782=CARTESIAN_POINT('Ctrl Pts',(1.92026513661912,-1.63258328150112,-5.43993306290652));
#3783=CARTESIAN_POINT('Ctrl Pts',(1.43708284966738,-2.07259809341869,-5.47206346375002));
#3784=CARTESIAN_POINT('Ctrl Pts',(1.14858925760473,-2.24534635768195,-5.48944813188759));
#3785=CARTESIAN_POINT('Ctrl Pts',(0.532524092214864,-2.46358222694336,-5.52355910682462));
#3786=CARTESIAN_POINT('Ctrl Pts',(0.212509664357522,-2.51149799344924,-5.53950916585454));
#3787=CARTESIAN_POINT('Ctrl Pts',(-0.440571584508054,-2.48331370285531,
-5.57160640383327));
#3788=CARTESIAN_POINT('Ctrl Pts',(-0.767125096443277,-2.40258946561437,
-5.58898828692518));
#3789=CARTESIAN_POINT('Ctrl Pts',(-1.35819624063525,-2.1232431817392,-5.62311465205539));
#3790=CARTESIAN_POINT('Ctrl Pts',(-1.61906731683652,-1.93169358350225,-5.63911092938399));
#3791=CARTESIAN_POINT('Ctrl Pts',(-2.06267873112287,-1.45133813012272,-5.67117677067589));
#3792=CARTESIAN_POINT('Ctrl Pts',(-2.23752032969126,-1.1638276220492,-5.68855583800557));
#3793=CARTESIAN_POINT('Ctrl Pts',(-2.4496218841638,-0.577590406055165,-5.72110390584744));
#3794=CARTESIAN_POINT('Ctrl Pts',(-2.5,-0.2897715055516,-5.73600859402616));
#3795=CARTESIAN_POINT('Ctrl Pts',(-2.5,3.46250805804971E-14,-5.75000000000001));
#3796=CARTESIAN_POINT('Ctrl Pts',(-2.5,1.19071419391048E-13,-5.85));
#3797=CARTESIAN_POINT('Ctrl Pts',(-2.5,-0.272709686777367,-5.83683241151184));
#3798=CARTESIAN_POINT('Ctrl Pts',(-2.45538125012291,-0.543898547720365,
-5.82284587999319));
#3799=CARTESIAN_POINT('Ctrl Pts',(-2.26084906681798,-1.11762622097217,-5.79125321372963));
#3800=CARTESIAN_POINT('Ctrl Pts',(-2.09234729307736,-1.40806214645468,-5.77385969124881));
#3801=CARTESIAN_POINT('Ctrl Pts',(-1.6596224790591,-1.89691443196698,-5.74160131861483));
#3802=CARTESIAN_POINT('Ctrl Pts',(-1.40313297068511,-2.09377009632696,-5.72587385102625));
#3803=CARTESIAN_POINT('Ctrl Pts',(-0.819133319164158,-2.385255941682,-5.69184613653668));
#3804=CARTESIAN_POINT('Ctrl Pts',(-0.495162513565076,-2.47290673135632,
-5.67445042648939));
#3805=CARTESIAN_POINT('Ctrl Pts',(0.156101626023239,-2.51559829721601,-5.64215078080257));
#3806=CARTESIAN_POINT('Ctrl Pts',(0.476809048351125,-2.47492971722219,-5.62647621692058));
#3807=CARTESIAN_POINT('Ctrl Pts',(1.09663396909582,-2.27105976175123,-5.59247102321199));
#3808=CARTESIAN_POINT('Ctrl Pts',(1.38834534086741,-2.10543177602927,-5.57507339249696));
#3809=CARTESIAN_POINT('Ctrl Pts',(1.88098692571798,-1.67763685868693,-5.54273065423941));
#3810=CARTESIAN_POINT('Ctrl Pts',(2.08022700605179,-1.42311335965126,-5.52710945135222));
#3811=CARTESIAN_POINT('Ctrl Pts',(2.37712133326941,-0.842318588144225,-5.49312831252132));
#3812=CARTESIAN_POINT('Ctrl Pts',(2.46785314253376,-0.519551176620883,-5.47572908708819));
#3813=CARTESIAN_POINT('Ctrl Pts',(2.51702892138918,0.130849078705117,-5.44334146916351));
#3814=CARTESIAN_POINT('Ctrl Pts',(2.47959418192103,0.451868315114981,-5.42777375134324));
#3815=CARTESIAN_POINT('Ctrl Pts',(2.2821230621485,1.07331422317714,-5.3938182661573));
#3816=CARTESIAN_POINT('Ctrl Pts',(2.11968261665881,1.36640390780369,-5.37641783541516));
#3817=CARTESIAN_POINT('Ctrl Pts',(1.69735348425132,1.86320447961195,-5.34398359920193));
#3818=CARTESIAN_POINT('Ctrl Pts',(1.44499707299305,2.06507554215302,-5.32846911978109));
#3819=CARTESIAN_POINT('Ctrl Pts',(0.86775684988372,2.36790298453898,-5.29454094742582));
#3820=CARTESIAN_POINT('Ctrl Pts',(0.546347174579173,2.46201035088952,-5.27713976815485));
#3821=CARTESIAN_POINT('Ctrl Pts',(-0.103066170035402,2.51831423283073,-5.24465724043293));
#3822=CARTESIAN_POINT('Ctrl Pts',(-0.424429809605808,2.48443152211951,-5.22919534638985));
#3823=CARTESIAN_POINT('Ctrl Pts',(-1.04761605235275,2.29397892591908,-5.19529620088336));
#3824=CARTESIAN_POINT('Ctrl Pts',(-1.3421783807902,2.13504527356493,-5.17789480047072));
#3825=CARTESIAN_POINT('Ctrl Pts',(-1.84350223584243,1.71872764903305,-5.14536239097992));
#3826=CARTESIAN_POINT('Ctrl Pts',(-2.04825231901768,1.46873992179587,-5.12995199039559));
#3827=CARTESIAN_POINT('Ctrl Pts',(-2.35752973047095,0.895410183687812,-5.09608363357748));
#3828=CARTESIAN_POINT('Ctrl Pts',(-2.45530081433809,0.575521343901516,-5.07868261239086));
#3829=CARTESIAN_POINT('Ctrl Pts',(-2.49596892198078,0.1640251897021,-5.05800045831135));
#3830=CARTESIAN_POINT('Ctrl Pts',(-2.5,0.0819681026072356,-5.05395777009992));
#3831=CARTESIAN_POINT('Ctrl Pts',(-2.5,2.0408778057196E-13,-5.05000000000001));
#3832=CARTESIAN_POINT('Origin',(0.,0.,9.25));
#3833=CARTESIAN_POINT('',(-2.5,7.63989719708276E-14,-4.15000000000001));
#3834=CARTESIAN_POINT('',(-2.5,1.4696152104468E-14,-4.25));
#3835=CARTESIAN_POINT('',(-2.5,-3.06161699786838E-16,9.25));
#3836=CARTESIAN_POINT('Ctrl Pts',(-2.5,1.53104105641442E-13,-4.15000000000001));
#3837=CARTESIAN_POINT('Ctrl Pts',(-2.5,0.0959426902995408,-4.15463252288264));
#3838=CARTESIAN_POINT('Ctrl Pts',(-2.49447733180197,0.191984702990526,-4.15938029483856));
#3839=CARTESIAN_POINT('Ctrl Pts',(-2.44534543705358,0.616154812046066,-4.18084367733424));
#3840=CARTESIAN_POINT('Ctrl Pts',(-2.34249145774279,0.933850852321221,-4.19824047870334));
#3841=CARTESIAN_POINT('Ctrl Pts',(-2.02424482297963,1.50166202921816,-4.23202176028124));
#3842=CARTESIAN_POINT('Ctrl Pts',(-1.81545709184144,1.74833258080254,-4.2473086289555));
#3843=CARTESIAN_POINT('Ctrl Pts',(-1.30784093875968,2.15616784080994,-4.27997521018064));
#3844=CARTESIAN_POINT('Ctrl Pts',(-1.01127743030305,2.3101529717988,-4.29737426568484));
#3845=CARTESIAN_POINT('Ctrl Pts',(-0.385710073740014,2.49073650722772,-4.33119100032126));
#3846=CARTESIAN_POINT('Ctrl Pts',(-0.0638577451695925,2.51961434981125,
-4.3465243883148));
#3847=CARTESIAN_POINT('Ctrl Pts',(0.584097068351401,2.45325910345294,-4.37913751921412));
#3848=CARTESIAN_POINT('Ctrl Pts',(0.903530369542957,2.35441334080464,-4.39653803862729));
#3849=CARTESIAN_POINT('Ctrl Pts',(1.47570246731772,2.04324169016596,-4.43038838440925));
#3850=CARTESIAN_POINT('Ctrl Pts',(1.72499193429806,1.83764224717534,-4.4457706219676));
#3851=CARTESIAN_POINT('Ctrl Pts',(2.13953013764556,1.33498967826615,-4.47833159901499));
#3852=CARTESIAN_POINT('Ctrl Pts',(2.29742567649632,1.04000011327945,-4.495732865963));
#3853=CARTESIAN_POINT('Ctrl Pts',(2.48580463136131,0.416307176302443,-4.52961500400442));
#3854=CARTESIAN_POINT('Ctrl Pts',(2.51863678244504,0.0948412887495666,-4.54504792183971));
#3855=CARTESIAN_POINT('Ctrl Pts',(2.46022369119287,-0.554272505346625,-4.57755817016936));
#3856=CARTESIAN_POINT('Ctrl Pts',(2.36511987590358,-0.875273442537587,-4.59495954279716));
#3857=CARTESIAN_POINT('Ctrl Pts',(2.06053931677526,-1.45145557005085,-4.62887168811252));
#3858=CARTESIAN_POINT('Ctrl Pts',(1.85788770442999,-1.70316951177554,-4.64435663636754));
#3859=CARTESIAN_POINT('Ctrl Pts',(1.35985787506531,-2.12387192582552,-4.67681769201891));
#3860=CARTESIAN_POINT('Ctrl Pts',(1.06636522458988,-2.28536350433533,-4.6942186023338));
#3861=CARTESIAN_POINT('Ctrl Pts',(0.444444012230659,-2.48093342149082,-4.72815901318901));
#3862=CARTESIAN_POINT('Ctrl Pts',(0.123331734006015,-2.51740652009631,-4.74369688669996));
#3863=CARTESIAN_POINT('Ctrl Pts',(-0.526805273385302,-2.46630150237704,
-4.77611037866724));
#3864=CARTESIAN_POINT('Ctrl Pts',(-0.849208808430883,-2.37465488610746,
-4.79351033072992));
#3865=CARTESIAN_POINT('Ctrl Pts',(-1.42904477852107,-2.0761534615021,-4.82747731648089));
#3866=CARTESIAN_POINT('Ctrl Pts',(-1.68298236878258,-1.87620233196011,-4.84306858506423));
#3867=CARTESIAN_POINT('Ctrl Pts',(-2.10930277129051,-1.38243440760899,-4.87543621750705));
#3868=CARTESIAN_POINT('Ctrl Pts',(-2.27407096783947,-1.09034750533988,-4.89283478465502));
#3869=CARTESIAN_POINT('Ctrl Pts',(-2.45858762962362,-0.524164648713947,
-4.92386284451569));
#3870=CARTESIAN_POINT('Ctrl Pts',(-2.5,-0.262730502862206,-4.93731424913482));
#3871=CARTESIAN_POINT('Ctrl Pts',(-2.5,1.54459778300975E-13,-4.95000000000001));
#3872=CARTESIAN_POINT('Ctrl Pts',(-2.5,2.0408778057196E-13,-5.05000000000001));
#3873=CARTESIAN_POINT('Ctrl Pts',(-2.5,-0.237134119503065,-5.03855015185189));
#3874=CARTESIAN_POINT('Ctrl Pts',(-2.46626476357569,-0.473458238535498,
-5.0264647092577));
#3875=CARTESIAN_POINT('Ctrl Pts',(-2.30653270438151,-1.01954641182541,-4.99690259858965));
#3876=CARTESIAN_POINT('Ctrl Pts',(-2.15142256590482,-1.31566281059944,-4.97950263130089));
#3877=CARTESIAN_POINT('Ctrl Pts',(-1.74165881524077,-1.82185761911678,-4.9468661088491));
#3878=CARTESIAN_POINT('Ctrl Pts',(-1.49423659239122,-2.02972983345909,-4.93155352826569));
#3879=CARTESIAN_POINT('Ctrl Pts',(-0.925170738735511,-2.34595066482814,
-4.89775218160273));
#3880=CARTESIAN_POINT('Ctrl Pts',(-0.606971481136121,-2.44765791765435,
-4.88035401728154));
#3881=CARTESIAN_POINT('Ctrl Pts',(0.0400600647232024,-2.52011051199159,
-4.84766351872886));
#3882=CARTESIAN_POINT('Ctrl Pts',(0.362210631534011,-2.49426728639723,-4.83239626934622));
#3883=CARTESIAN_POINT('Ctrl Pts',(0.989181436322898,-2.31965479967825,-4.79863119120918));
#3884=CARTESIAN_POINT('Ctrl Pts',(1.28691608818821,-2.16867287493065,-4.78123565202379));
#3885=CARTESIAN_POINT('Ctrl Pts',(1.79830058245595,-1.76598646352755,-4.74849009616276));
#3886=CARTESIAN_POINT('Ctrl Pts',(2.0095258176952,-1.52131583883414,-4.7332651102614));
#3887=CARTESIAN_POINT('Ctrl Pts',(2.33314308836433,-0.95685435876134,-4.69953815363544));
#3888=CARTESIAN_POINT('Ctrl Pts',(2.43903317084007,-0.640514905620701,-4.68214613202421));
#3889=CARTESIAN_POINT('Ctrl Pts',(2.52043835259474,0.00510780421385436,
-4.64934460634394));
#3890=CARTESIAN_POINT('Ctrl Pts',(2.49904996783696,0.327698746526965,-4.63415830419196));
#3891=CARTESIAN_POINT('Ctrl Pts',(2.33318336001181,0.956674990160638,-4.60047131247964));
#3892=CARTESIAN_POINT('Ctrl Pts',(2.186611788019,1.2560709212054,-4.58308376669483));
#3893=CARTESIAN_POINT('Ctrl Pts',(1.79149001864566,1.77292225373025,-4.55022554137312));
#3894=CARTESIAN_POINT('Ctrl Pts',(1.54974005367235,1.98771133265691,-4.53507384246142));
#3895=CARTESIAN_POINT('Ctrl Pts',(0.990199028520387,2.31912022700944,-4.50142863394185));
#3896=CARTESIAN_POINT('Ctrl Pts',(0.675885911294258,2.42940383795356,-4.48404658191418));
#3897=CARTESIAN_POINT('Ctrl Pts',(0.0318210206239627,2.52026664960262,-4.45113112179911));
#3898=CARTESIAN_POINT('Ctrl Pts',(-0.291238314817212,2.50358481754149,-4.43600946656053));
#3899=CARTESIAN_POINT('Ctrl Pts',(-0.922262829713989,2.34693032515959,-4.40240781787181));
#3900=CARTESIAN_POINT('Ctrl Pts',(-1.22333885042524,2.20501771405632,-4.38503232939962));
#3901=CARTESIAN_POINT('Ctrl Pts',(-1.74588056054026,1.81789370789329,-4.35205930360705));
#3902=CARTESIAN_POINT('Ctrl Pts',(-1.96441630541843,1.57921016503658,-4.33696268585699));
#3903=CARTESIAN_POINT('Ctrl Pts',(-2.30393766247834,1.02486931544734,-4.30340631477068));
#3904=CARTESIAN_POINT('Ctrl Pts',(-2.4187800826544,0.712739425555362,-4.28603850209917));
#3905=CARTESIAN_POINT('Ctrl Pts',(-2.48995178155929,0.258914426352983,-4.26270245876071));
#3906=CARTESIAN_POINT('Ctrl Pts',(-2.5,0.129416481036578,-4.25624878047426));
#3907=CARTESIAN_POINT('Ctrl Pts',(-2.5,3.34454686168328E-14,-4.25));
#3908=CARTESIAN_POINT('Origin',(0.,0.,9.25));
#3909=CARTESIAN_POINT('',(-2.5,3.33371333681996E-15,-3.35000000000001));
#3910=CARTESIAN_POINT('',(-2.5,-2.22469788932491E-16,-3.45));
#3911=CARTESIAN_POINT('',(-2.5,-3.06161699786838E-16,9.25));
#3912=CARTESIAN_POINT('Ctrl Pts',(-2.5,1.46757606067638E-14,-3.35000000000001));
#3913=CARTESIAN_POINT('Ctrl Pts',(-2.5,0.146440430166789,-3.35707076945177));
#3914=CARTESIAN_POINT('Ctrl Pts',(-2.48713454086795,0.292920374530866,-3.36440075600043));
#3915=CARTESIAN_POINT('Ctrl Pts',(-2.40381561786493,0.761399772807143,-3.38868732080071));
#3916=CARTESIAN_POINT('Ctrl Pts',(-2.28298354854087,1.07053300677657,-3.40603023510778));
#3917=CARTESIAN_POINT('Ctrl Pts',(-1.93275464267324,1.61788838225951,-3.43946346864371));
#3918=CARTESIAN_POINT('Ctrl Pts',(-1.70921463439326,1.8524819172898,-3.45452145531866));
#3919=CARTESIAN_POINT('Ctrl Pts',(-1.1791674678734,2.22885499867722,-3.4876418581086));
#3920=CARTESIAN_POINT('Ctrl Pts',(-0.875955452695516,2.36451401129961,-3.50499540954738));
#3921=CARTESIAN_POINT('Ctrl Pts',(-0.242291943110064,2.50884085860847,-3.53847792727));
#3922=CARTESIAN_POINT('Ctrl Pts',(0.0814013089829548,2.51919873497425,-3.55354642818339));
#3923=CARTESIAN_POINT('Ctrl Pts',(0.723260341802669,2.41563549902586,-3.58660938854565));
#3924=CARTESIAN_POINT('Ctrl Pts',(1.03475337105327,2.29949518007322,-3.60397240884074));
#3925=CARTESIAN_POINT('Ctrl Pts',(1.58759556180594,1.95765854395144,-3.63750272385851));
#3926=CARTESIAN_POINT('Ctrl Pts',(1.82539895479353,1.73804653380121,-3.65258766881714));
#3927=CARTESIAN_POINT('Ctrl Pts',(2.21021726666819,1.21388131822729,-3.68559297050189));
#3928=CARTESIAN_POINT('Ctrl Pts',(2.35078770982944,0.912335416993001,-3.70296430345387));
#3929=CARTESIAN_POINT('Ctrl Pts',(2.50479299038328,0.280733963014716,-3.73654082498913));
#3930=CARTESIAN_POINT('Ctrl Pts',(2.52011838729872,-0.0424609243235476,
-3.75164782704152));
#3931=CARTESIAN_POINT('Ctrl Pts',(2.42653050821376,-0.686063577709824,-3.78459546971491));
#3932=CARTESIAN_POINT('Ctrl Pts',(2.31498598335998,-0.999781138171784,-3.80197398399642));
#3933=CARTESIAN_POINT('Ctrl Pts',(1.98133624582715,-1.55789365489152,-3.83559503489098));
#3934=CARTESIAN_POINT('Ctrl Pts',(1.76551600033758,-1.79879927296422,-3.85072933200729));
#3935=CARTESIAN_POINT('Ctrl Pts',(1.24709263299389,-2.19172440149888,-3.88361952906783));
#3936=CARTESIAN_POINT('Ctrl Pts',(0.947227466550062,-2.33701588992712,-3.90100412987063));
#3937=CARTESIAN_POINT('Ctrl Pts',(0.317681333529459,-2.50034879734965,-3.93466796426864));
#3938=CARTESIAN_POINT('Ctrl Pts',(-0.00503797335127759,-2.52044421374361,
-3.949834370597));
#3939=CARTESIAN_POINT('Ctrl Pts',(-0.650239838128269,-2.43644064011186,
-3.9826675439179));
#3940=CARTESIAN_POINT('Ctrl Pts',(-0.966028868405356,-2.32934083466571,
-4.00005718322169));
#3941=CARTESIAN_POINT('Ctrl Pts',(-1.52914427170332,-2.00358063677308,-4.03376200405601));
#3942=CARTESIAN_POINT('Ctrl Pts',(-1.77301393763385,-1.79137853801041,-4.04896487151655));
#3943=CARTESIAN_POINT('Ctrl Pts',(-2.17363111395093,-1.2784904350195,-4.0817416433273));
#3944=CARTESIAN_POINT('Ctrl Pts',(-2.32340635540809,-0.980294353871186,
-4.09913532862353));
#3945=CARTESIAN_POINT('Ctrl Pts',(-2.47013469091751,-0.445644114464302,
-4.12788509251576));
#3946=CARTESIAN_POINT('Ctrl Pts',(-2.5,-0.223119592863027,-4.13922683305758));
#3947=CARTESIAN_POINT('Ctrl Pts',(-2.5,1.51614831800373E-13,-4.15000000000001));
#3948=CARTESIAN_POINT('Ctrl Pts',(-2.5,3.62557206479153E-14,-4.25));
#3949=CARTESIAN_POINT('Ctrl Pts',(-2.5,-0.190003081119577,-4.24082583969337));
#3950=CARTESIAN_POINT('Ctrl Pts',(-2.47834230404445,-0.379788442193161,
-4.23122903792137));
#3951=CARTESIAN_POINT('Ctrl Pts',(-2.36069064047203,-0.886260950693499,
-4.20442134867011));
#3952=CARTESIAN_POINT('Ctrl Pts',(-2.22364146849095,-1.18900984306935,-4.18706235559114));
#3953=CARTESIAN_POINT('Ctrl Pts',(-1.84487662493487,-1.71740146449135,-4.15397405434639));
#3954=CARTESIAN_POINT('Ctrl Pts',(-1.60937618877978,-1.9398312350171,-4.13891093173789));
#3955=CARTESIAN_POINT('Ctrl Pts',(-1.06046731868913,-2.28769730402438,-4.10544994558415));
#3956=CARTESIAN_POINT('Ctrl Pts',(-0.750661540943679,-2.40721051033371,
-4.08810093525127));
#3957=CARTESIAN_POINT('Ctrl Pts',(-0.11014250781878,-2.51813977710832,-4.05495535518122));
#3958=CARTESIAN_POINT('Ctrl Pts',(0.213920811421744,-2.51145309408334,-4.03990005139749));
#3959=CARTESIAN_POINT('Ctrl Pts',(0.849057252682026,-2.37425388459606,-4.00648896699878));
#3960=CARTESIAN_POINT('Ctrl Pts',(1.15344548611629,-2.24221917168124,-3.98915110871281));
#3961=CARTESIAN_POINT('Ctrl Pts',(1.68777478509534,-1.87208749974674,-3.95594877446675));
#3962=CARTESIAN_POINT('Ctrl Pts',(1.91420408410671,-1.63985294189302,-3.94089502257016));
#3963=CARTESIAN_POINT('Ctrl Pts',(2.27054784302245,-1.09654972806489,-3.90753514764575));
#3964=CARTESIAN_POINT('Ctrl Pts',(2.39478497679945,-0.789186653746829,-3.89020960291839));
#3965=CARTESIAN_POINT('Ctrl Pts',(2.51609917171068,-0.150633532796869,-3.8569512469223));
#3966=CARTESIAN_POINT('Ctrl Pts',(2.51459445854802,0.173954192694748,-3.84189263774624));
#3967=CARTESIAN_POINT('Ctrl Pts',(2.38741704053175,0.811096516184831,-3.80858513661528));
#3968=CARTESIAN_POINT('Ctrl Pts',(2.26048716895464,1.11706560183515,-3.79127304485886));
#3969=CARTESIAN_POINT('Ctrl Pts',(1.89916268971881,1.6573445084656,-3.75795958199712));
#3970=CARTESIAN_POINT('Ctrl Pts',(1.67023982715686,1.88783176534119,-3.74288967755592));
#3971=CARTESIAN_POINT('Ctrl Pts',(1.13264957931779,2.25268103118985,-3.7096355388923));
#3972=CARTESIAN_POINT('Ctrl Pts',(0.827819934848515,2.38163377646096,-3.69233800674905));
#3973=CARTESIAN_POINT('Ctrl Pts',(0.191336128195056,2.51339972013087,-3.65897053111058));
#3974=CARTESIAN_POINT('Ctrl Pts',(-0.133779904427896,2.51711957812481,-3.64388292636963));
#3975=CARTESIAN_POINT('Ctrl Pts',(-0.7728597801469,2.39999681762893,-3.6106829650917));
#3976=CARTESIAN_POINT('Ctrl Pts',(-1.08032903268463,2.27819727539019,-3.59340104545714));
#3977=CARTESIAN_POINT('Ctrl Pts',(-1.62649375942926,1.9257456815422,-3.55998084776825));
#3978=CARTESIAN_POINT('Ctrl Pts',(-1.86104677416204,1.70014230420162,-3.5448691966921));
#3979=CARTESIAN_POINT('Ctrl Pts',(-2.23432363406684,1.16830060330065,-3.51172407054699));
#3980=CARTESIAN_POINT('Ctrl Pts',(-2.36792285884764,0.86606277020587,-3.49445875253699));
#3981=CARTESIAN_POINT('Ctrl Pts',(-2.47980125209688,0.366825128024799,-3.46811585893999));
#3982=CARTESIAN_POINT('Ctrl Pts',(-2.5,0.183491528648995,-3.4588597547409));
#3983=CARTESIAN_POINT('Ctrl Pts',(-2.5,1.45716771982052E-15,-3.45));
#3984=CARTESIAN_POINT('Origin',(0.,0.,9.25));
#3985=CARTESIAN_POINT('',(-2.5,-2.76657951788856E-14,-2.55));
#3986=CARTESIAN_POINT('',(-2.5,-1.02043890285981E-13,-2.64999999999999));
#3987=CARTESIAN_POINT('',(-2.5,-3.06161699786838E-16,9.25));
#3988=CARTESIAN_POINT('Ctrl Pts',(-2.5,-5.15906761755502E-14,-2.55));
#3989=CARTESIAN_POINT('Ctrl Pts',(-2.5,0.20057252196476,-2.55968449805534));
#3990=CARTESIAN_POINT('Ctrl Pts',(-2.47586578611946,0.400836611554118,-2.56983678795582));
#3991=CARTESIAN_POINT('Ctrl Pts',(-2.34986951695509,0.913679718590465,-2.59711896902665));
#3992=CARTESIAN_POINT('Ctrl Pts',(-2.21051498936555,1.21257168417701,-2.6143378403185));
#3993=CARTESIAN_POINT('Ctrl Pts',(-1.82672894635917,1.73711859198212,-2.64734092635711));
#3994=CARTESIAN_POINT('Ctrl Pts',(-1.58703821654341,1.95852718356976,-2.66254155994375));
#3995=CARTESIAN_POINT('Ctrl Pts',(-1.03355124306033,2.29970294966584,-2.69608979042526));
#3996=CARTESIAN_POINT('Ctrl Pts',(-0.724307678824803,2.41500472525256,-2.71332742607408));
#3997=CARTESIAN_POINT('Ctrl Pts',(-0.0828850942367781,2.51941068671893,
-2.7463861673619));
#3998=CARTESIAN_POINT('Ctrl Pts',(0.242902873361656,2.50904317187429,-2.76154752478672));
#3999=CARTESIAN_POINT('Ctrl Pts',(0.876626175670382,2.36401257742432,-2.79504700450023));
#4000=CARTESIAN_POINT('Ctrl Pts',(1.17813320653246,2.22913369224794,-2.81230262946492));
#4001=CARTESIAN_POINT('Ctrl Pts',(1.70836998500982,1.85352718638103,-2.84541685601964));
#4002=CARTESIAN_POINT('Ctrl Pts',(1.93304894305816,1.61784182495243,-2.8605446653497));
#4003=CARTESIAN_POINT('Ctrl Pts',(2.28302138278901,1.07005212098044,-2.89399374079747));
#4004=CARTESIAN_POINT('Ctrl Pts',(2.40339007833619,0.7621801477506,-2.91126648857333));
#4005=CARTESIAN_POINT('Ctrl Pts',(2.51771106592454,0.122573753701088,-2.944435836947));
#4006=CARTESIAN_POINT('Ctrl Pts',(2.51253052618638,-0.202689916760873,-2.95953612439631));
#4007=CARTESIAN_POINT('Ctrl Pts',(2.37784642293123,-0.838579451827459,-2.99293326925599));
#4008=CARTESIAN_POINT('Ctrl Pts',(2.24758423853192,-1.14268839434291,-3.01022219161317));
#4009=CARTESIAN_POINT('Ctrl Pts',(1.88036479161331,-1.67867095938972,-3.04344610810617));
#4010=CARTESIAN_POINT('Ctrl Pts',(1.64873886817126,-1.90666405684303,-3.05852512640988));
#4011=CARTESIAN_POINT('Ctrl Pts',(1.10680354019289,-2.26550813781257,-3.09186896040396));
#4012=CARTESIAN_POINT('Ctrl Pts',(0.800405783412661,-2.39100243221816,-3.10917303869006));
#4013=CARTESIAN_POINT('Ctrl Pts',(0.162713634450183,-2.51536475883836,-3.14245078591534));
#4014=CARTESIAN_POINT('Ctrl Pts',(-0.162022193254119,-2.5154093921823,-3.15751493568358));
#4015=CARTESIAN_POINT('Ctrl Pts',(-0.800005641021908,-2.39117228674159,
-3.1908042436358));
#4016=CARTESIAN_POINT('Ctrl Pts',(-1.10666777655914,-2.26561238639612,-3.20812239937632));
#4017=CARTESIAN_POINT('Ctrl Pts',(-1.64838046201504,-1.90688731212353,-3.24145310310451));
#4018=CARTESIAN_POINT('Ctrl Pts',(-1.87969154603247,-1.67932644847974,-3.25650877716925));
#4019=CARTESIAN_POINT('Ctrl Pts',(-2.24737223087994,-1.14333058120847,-3.28974256070904));
#4020=CARTESIAN_POINT('Ctrl Pts',(-2.37798514608,-0.838493171451361,-3.30707367119213));
#4021=CARTESIAN_POINT('Ctrl Pts',(-2.48196120343252,-0.346715322225092,
-3.33289832740472));
#4022=CARTESIAN_POINT('Ctrl Pts',(-2.5,-0.173402913710191,-3.34162736667932));
#4023=CARTESIAN_POINT('Ctrl Pts',(-2.5,1.80411241501588E-14,-3.35000000000001));
#4024=CARTESIAN_POINT('Ctrl Pts',(-2.5,4.85722573273506E-16,-3.45));
#4025=CARTESIAN_POINT('Ctrl Pts',(-2.5,-0.13782365652069,-3.44334528518423));
#4026=CARTESIAN_POINT('Ctrl Pts',(-2.48860395806261,-0.275714241261927,
-3.43645941794936));
#4027=CARTESIAN_POINT('Ctrl Pts',(-2.41184001957502,-0.734839730992037,
-3.41275559949686));
#4028=CARTESIAN_POINT('Ctrl Pts',(-2.29513029222902,-1.0437106720776,-3.39550779665011));
#4029=CARTESIAN_POINT('Ctrl Pts',(-1.95150733367106,-1.5956234068443,-3.36198663328854));
#4030=CARTESIAN_POINT('Ctrl Pts',(-1.72919038737818,-1.83420179315219,-3.34680866183962));
#4031=CARTESIAN_POINT('Ctrl Pts',(-1.20306135892915,-2.21572578070457,-3.31377442536778));
#4032=CARTESIAN_POINT('Ctrl Pts',(-0.903438542038393,-2.35384533089791,
-3.29654496500123));
#4033=CARTESIAN_POINT('Ctrl Pts',(-0.271303936160349,-2.50619492095281,
-3.26297581442501));
#4034=CARTESIAN_POINT('Ctrl Pts',(0.0548552761241999,-2.52024011409256,
-3.24775615525011));
#4035=CARTESIAN_POINT('Ctrl Pts',(0.697515433810141,-2.42283058528532,-3.21477758730032));
#4036=CARTESIAN_POINT('Ctrl Pts',(1.00767660635719,-2.31110660618604,-3.19756720153264));
#4037=CARTESIAN_POINT('Ctrl Pts',(1.56513359424577,-1.97616001895032,-3.16395186537592));
#4038=CARTESIAN_POINT('Ctrl Pts',(1.80764914784454,-1.75705900168203,-3.14868533047811));
#4039=CARTESIAN_POINT('Ctrl Pts',(2.197147022485,-1.23653647656708,-3.11576232219224));
#4040=CARTESIAN_POINT('Ctrl Pts',(2.3396101645201,-0.939515973672504,-3.09857164082372));
#4041=CARTESIAN_POINT('Ctrl Pts',(2.50184696568348,-0.309602642779518,-3.06491199866922));
#4042=CARTESIAN_POINT('Ctrl Pts',(2.52087300721244,0.0170577516560976,-3.04959383903641));
#4043=CARTESIAN_POINT('Ctrl Pts',(2.43289280124996,0.661328494695393,-3.01672609160344));
#4044=CARTESIAN_POINT('Ctrl Pts',(2.32599245854614,0.972660681978688,-2.99955563697052));
#4045=CARTESIAN_POINT('Ctrl Pts',(1.99946977395071,1.53540205687288,-2.96585362609105));
#4046=CARTESIAN_POINT('Ctrl Pts',(1.78348000593405,1.78172299008023,-2.95047957256933));
#4047=CARTESIAN_POINT('Ctrl Pts',(1.26839309064096,2.17884164738099,-2.91766660308929));
#4048=CARTESIAN_POINT('Ctrl Pts',(0.973927475666792,2.32542957351555,-2.90051678694013));
#4049=CARTESIAN_POINT('Ctrl Pts',(0.346225077701254,2.49714214645216,-2.86677438263535));
#4050=CARTESIAN_POINT('Ctrl Pts',(0.0190856251328927,2.52095703031783,-2.8513406761072));
#4051=CARTESIAN_POINT('Ctrl Pts',(-0.62666343353609,2.44199064797678,-2.81858182575381));
#4052=CARTESIAN_POINT('Ctrl Pts',(-0.939044676534517,2.33970179986963,-2.80145294812211));
#4053=CARTESIAN_POINT('Ctrl Pts',(-1.50676613515721,2.0212624898551,-2.76767214502068));
#4054=CARTESIAN_POINT('Ctrl Pts',(-1.75672309738192,1.80824967432103,-2.75217555581041));
#4055=CARTESIAN_POINT('Ctrl Pts',(-2.16104507731952,1.29837108353557,-2.7194700000309));
#4056=CARTESIAN_POINT('Ctrl Pts',(-2.31150661698552,1.00638119009936,-2.70236225002139));
#4057=CARTESIAN_POINT('Ctrl Pts',(-2.46706814523395,0.467850078018454,-2.67324843716551));
#4058=CARTESIAN_POINT('Ctrl Pts',(-2.50000000000002,0.2342937100412,-2.6613127010472));
#4059=CARTESIAN_POINT('Ctrl Pts',(-2.5,-2.04489203348146E-13,-2.64999999999999));
#4060=CARTESIAN_POINT('Origin',(0.,0.,9.25));
#4061=CARTESIAN_POINT('',(-2.5,-1.02090769908984E-13,-1.75));
#4062=CARTESIAN_POINT('',(-2.5,-6.80547736656364E-14,-1.84999999999999));
#4063=CARTESIAN_POINT('',(-2.5,-3.06161699786838E-16,9.25));
#4064=CARTESIAN_POINT('Ctrl Pts',(-2.5,-2.07611705604904E-13,-1.75));
#4065=CARTESIAN_POINT('Ctrl Pts',(-2.50000000000002,0.24844399575337,-1.76199593728076));
#4066=CARTESIAN_POINT('Ctrl Pts',(-2.46296967545847,0.495912759598721,-1.77468539269039));
#4067=CARTESIAN_POINT('Ctrl Pts',(-2.29435343318665,1.04473109607895,-1.80455701096002));
#4068=CARTESIAN_POINT('Ctrl Pts',(-2.13933542148229,1.33371112682766,-1.82161056138387));
#4069=CARTESIAN_POINT('Ctrl Pts',(-1.72647784905047,1.83732812331218,-1.8541844924956));
#4070=CARTESIAN_POINT('Ctrl Pts',(-1.47216212728362,2.04676489721577,-1.86985302247033));
#4071=CARTESIAN_POINT('Ctrl Pts',(-0.89856080984439,2.35547027174241,-1.90372305156));
#4072=CARTESIAN_POINT('Ctrl Pts',(-0.585011854011391,2.45223006288466,-1.92079773021564));
#4073=CARTESIAN_POINT('Ctrl Pts',(0.0624314453135976,2.52038599797561,-1.95342217679942));
#4074=CARTESIAN_POINT('Ctrl Pts',(0.390143866890838,2.49079037736665,-1.96902200474718));
#4075=CARTESIAN_POINT('Ctrl Pts',(1.01507950293359,2.307683107245,-2.0028587119125));
#4076=CARTESIAN_POINT('Ctrl Pts',(1.30639478733108,2.15618609869525,-2.01995459829388));
#4077=CARTESIAN_POINT('Ctrl Pts',(1.81486349586976,1.74993049024295,-2.05263075150685));
#4078=CARTESIAN_POINT('Ctrl Pts',(2.0270709294485,1.49899091843552,-2.06816373448576));
#4079=CARTESIAN_POINT('Ctrl Pts',(2.34332004838909,0.929935327838059,-2.10196515135587));
#4080=CARTESIAN_POINT('Ctrl Pts',(2.44436246963129,0.617282294369353,-2.11908222365506));
#4081=CARTESIAN_POINT('Ctrl Pts',(2.52089228127163,-0.0288561158511394,
-2.15181114215036));
#4082=CARTESIAN_POINT('Ctrl Pts',(2.49577810684082,-0.356124919360617,-2.16727967006759));
#4083=CARTESIAN_POINT('Ctrl Pts',(2.32150011670717,-0.983214765344293,-2.20104380609027));
#4084=CARTESIAN_POINT('Ctrl Pts',(2.17380203355311,-1.27697851370765,-2.218181936262));
#4085=CARTESIAN_POINT('Ctrl Pts',(1.7746237076187,-1.79058322993142,-2.25096453221281));
#4086=CARTESIAN_POINT('Ctrl Pts',(1.52726702804823,-2.00572547058077,-2.26637153396205));
#4087=CARTESIAN_POINT('Ctrl Pts',(0.963100126731659,-2.3299489572802,-2.30009639138805));
#4088=CARTESIAN_POINT('Ctrl Pts',(0.651462158085607,-2.43553586148066,-2.31725534168117));
#4089=CARTESIAN_POINT('Ctrl Pts',(0.00676427967627548,-2.52094881666735,
-2.35009236801868));
#4090=CARTESIAN_POINT('Ctrl Pts',(-0.320032606922341,-2.50056165074174,
-2.36544130818586));
#4091=CARTESIAN_POINT('Ctrl Pts',(-0.949325023053512,-2.33562841218495,
-2.39912489867144));
#4092=CARTESIAN_POINT('Ctrl Pts',(-1.24562454200118,-2.19198767131697,-2.41630431983216));
#4093=CARTESIAN_POINT('Ctrl Pts',(-1.76460654922046,-1.80031911158263,-2.44919635903598));
#4094=CARTESIAN_POINT('Ctrl Pts',(-1.98282522948744,-1.55672392332519,-2.46449122441852));
#4095=CARTESIAN_POINT('Ctrl Pts',(-2.3153856118394,-0.997760221861325,-2.49813158704453));
#4096=CARTESIAN_POINT('Ctrl Pts',(-2.42574144902079,-0.687259220540108,
-2.51533101835856));
#4097=CARTESIAN_POINT('Ctrl Pts',(-2.49111882513659,-0.243433447335357,
-2.53806836990091));
#4098=CARTESIAN_POINT('Ctrl Pts',(-2.5,-0.121668610424286,-2.54412531981198));
#4099=CARTESIAN_POINT('Ctrl Pts',(-2.5,-5.06192310290032E-14,-2.55));
#4100=CARTESIAN_POINT('Ctrl Pts',(-2.5,-2.03781618872174E-13,-2.64999999999999));
#4101=CARTESIAN_POINT('Ctrl Pts',(-2.49999999999999,-0.0902170666571332,
-2.64564393468237));
#4102=CARTESIAN_POINT('Ctrl Pts',(-2.49511679380518,-0.180534001747873,
-2.64118538316936));
#4103=CARTESIAN_POINT('Ctrl Pts',(-2.4495029535876,-0.599538019425548,-2.62004180272155));
#4104=CARTESIAN_POINT('Ctrl Pts',(-2.34872478865213,-0.918141334475945,
-2.6026427105357));
#4105=CARTESIAN_POINT('Ctrl Pts',(-2.0341442646364,-1.4882195771303,-2.56882528755478));
#4106=CARTESIAN_POINT('Ctrl Pts',(-1.82701180946205,-1.73624937330689,-2.55349094631424));
#4107=CARTESIAN_POINT('Ctrl Pts',(-1.3219678205313,-2.14756920196229,-2.5208788687877));
#4108=CARTESIAN_POINT('Ctrl Pts',(-1.02621555901273,-2.30358713498193,-2.50347832771009));
#4109=CARTESIAN_POINT('Ctrl Pts',(-0.401615900681062,-2.48822004791248,
-2.46962733012752));
#4110=CARTESIAN_POINT('Ctrl Pts',(-0.079964720388573,-2.51915298634511,
-2.45424409797637));
#4111=CARTESIAN_POINT('Ctrl Pts',(0.568598642445923,-2.45692590792338,-2.42168414707566));
#4112=CARTESIAN_POINT('Ctrl Pts',(0.888852393945087,-2.36002310409541,-2.4042828719937));
#4113=CARTESIAN_POINT('Ctrl Pts',(1.46311391133667,-2.0522753540146,-2.37040011811937));
#4114=CARTESIAN_POINT('Ctrl Pts',(1.71366462867031,-1.84820987056372,-2.35496617413912));
#4115=CARTESIAN_POINT('Ctrl Pts',(2.13141455190844,-1.34795890462544,-2.32245692234319));
#4116=CARTESIAN_POINT('Ctrl Pts',(2.29118378759015,-1.05374334261311,-2.30505555362813));
#4117=CARTESIAN_POINT('Ctrl Pts',(2.48330678798705,-0.430967743601481,-2.27114282767121));
#4118=CARTESIAN_POINT('Ctrl Pts',(2.51803539060461,-0.109686303992493,-2.25565683106619));
#4119=CARTESIAN_POINT('Ctrl Pts',(2.46342950526465,0.5399656891499,-2.22319674030605));
#4120=CARTESIAN_POINT('Ctrl Pts',(2.37012511943282,0.861702099285489,-2.20579584449224));
#4121=CARTESIAN_POINT('Ctrl Pts',(2.06870983266834,1.43979204030288,-2.17185488723944));
#4122=CARTESIAN_POINT('Ctrl Pts',(1.86746645774057,1.69266525148693,-2.15631595196134));
#4123=CARTESIAN_POINT('Ctrl Pts',(1.37165595501005,2.11630083095513,-2.12390339157079));
#4124=CARTESIAN_POINT('Ctrl Pts',(1.07889230379078,2.27950327286497,-2.10650346318573));
#4125=CARTESIAN_POINT('Ctrl Pts',(0.457830481913662,2.47850234907765,-2.07253596419252));
#4126=CARTESIAN_POINT('Ctrl Pts',(0.136885888131689,2.5167096606903,-2.0569436285663));
#4127=CARTESIAN_POINT('Ctrl Pts',(-0.513723744196111,2.4690834837846,-2.02457689306466));
#4128=CARTESIAN_POINT('Ctrl Pts',(-0.836781492379232,2.37908709879231,-2.00717835742295));
#4129=CARTESIAN_POINT('Ctrl Pts',(-1.41834464611478,2.08348431419553,-1.97318594866851));
#4130=CARTESIAN_POINT('Ctrl Pts',(-1.67333843366191,1.88481481871806,-1.95754014128497));
#4131=CARTESIAN_POINT('Ctrl Pts',(-2.10231513550258,1.39307829754555,-1.92521746767758));
#4132=CARTESIAN_POINT('Ctrl Pts',(-2.26863214350035,1.10166988020233,-1.90782068445084));
#4133=CARTESIAN_POINT('Ctrl Pts',(-2.45727395640412,0.532341573445386,-1.87655824580045));
#4134=CARTESIAN_POINT('Ctrl Pts',(-2.50000000000002,0.266864230439377,-1.86288534488878));
#4135=CARTESIAN_POINT('Ctrl Pts',(-2.5,-1.3614109839466E-13,-1.84999999999999));
#4136=CARTESIAN_POINT('Origin',(0.,0.,9.25));
#4137=CARTESIAN_POINT('',(-2.5,-5.11379382115252E-14,-0.95));
#4138=CARTESIAN_POINT('',(-2.5,-1.70679712361292E-14,-1.04999999999999));
#4139=CARTESIAN_POINT('',(-2.5,-3.06161699786838E-16,9.25));
#4140=CARTESIAN_POINT('Ctrl Pts',(-2.5,-1.01862962509358E-13,-0.95));
#4141=CARTESIAN_POINT('Ctrl Pts',(-2.50000000000001,0.284180146062941,-0.963721431255651));
#4142=CARTESIAN_POINT('Ctrl Pts',(-2.45154816815843,0.566613220849156,-0.978327543084718));
#4143=CARTESIAN_POINT('Ctrl Pts',(-2.24833209877018,1.14002678116398,-1.0100787203557));
#4144=CARTESIAN_POINT('Ctrl Pts',(-2.08209188980705,1.42111943378899,-1.02697587841997));
#4145=CARTESIAN_POINT('Ctrl Pts',(-1.64788746810554,1.90863835326746,-1.05919946260037));
#4146=CARTESIAN_POINT('Ctrl Pts',(-1.38242526143469,2.10887686831825,-1.07542814106392));
#4147=CARTESIAN_POINT('Ctrl Pts',(-0.794241730558855,2.39247327779257,-1.1095000824015));
#4148=CARTESIAN_POINT('Ctrl Pts',(-0.478150331699169,2.47510576176736,-1.12641497492253));
#4149=CARTESIAN_POINT('Ctrl Pts',(0.173239992561803,2.51559132327863,-1.15867659325734));
#4150=CARTESIAN_POINT('Ctrl Pts',(0.502397380598906,2.47099849050031,-1.17483792158886));
#4151=CARTESIAN_POINT('Ctrl Pts',(1.11966005410126,2.25858465191625,-1.20889027671886));
#4152=CARTESIAN_POINT('Ctrl Pts',(1.40248841731666,2.09473067061211,-1.22582351775091));
#4153=CARTESIAN_POINT('Ctrl Pts',(1.8935156135525,1.66510711710705,-1.25812487915394));
#4154=CARTESIAN_POINT('Ctrl Pts',(2.09576081154246,1.40206694870612,-1.27421743537243));
#4155=CARTESIAN_POINT('Ctrl Pts',(2.38483979623668,0.816995963181358,-1.30824874123041));
#4156=CARTESIAN_POINT('Ctrl Pts',(2.47053930035679,0.501402996776501,-1.3252009077065));
#4157=CARTESIAN_POINT('Ctrl Pts',(2.51704075672313,-0.149176761247778,-1.35754370633838));
#4158=CARTESIAN_POINT('Ctrl Pts',(2.47573429529207,-0.478023878181861,-1.37356634869107));
#4159=CARTESIAN_POINT('Ctrl Pts',(2.26970843820857,-1.09702870193849,-1.40757506264649));
#4160=CARTESIAN_POINT('Ctrl Pts',(2.10851385144731,-1.38175354591815,-1.42454668597932));
#4161=CARTESIAN_POINT('Ctrl Pts',(1.68396800927609,-1.8766348997231,-1.45693258834517));
#4162=CARTESIAN_POINT('Ctrl Pts',(1.42359321680175,-2.08108283100024,-1.47288449559391));
#4163=CARTESIAN_POINT('Ctrl Pts',(0.841983598127637,-2.37617808153934,-1.50686899719289));
#4164=CARTESIAN_POINT('Ctrl Pts',(0.526973726212371,-2.46525484758631,-1.52386055461501));
#4165=CARTESIAN_POINT('Ctrl Pts',(-0.122683824028054,-2.51837433571096,
-1.55629118575128));
#4166=CARTESIAN_POINT('Ctrl Pts',(-0.451186737691973,-2.48066628309505,
-1.57217189716409));
#4167=CARTESIAN_POINT('Ctrl Pts',(-1.07206013509036,-2.28165755924835,-1.60613049117134));
#4168=CARTESIAN_POINT('Ctrl Pts',(-1.35883849964554,-2.12340648651676,-1.62314239696806));
#4169=CARTESIAN_POINT('Ctrl Pts',(-1.85791964757547,-1.70444851765871,-1.65561932586636));
#4170=CARTESIAN_POINT('Ctrl Pts',(-2.06476641206541,-1.44698359318863,-1.67142877993718));
#4171=CARTESIAN_POINT('Ctrl Pts',(-2.36640940355843,-0.86919583036477,-1.70535970083069));
#4172=CARTESIAN_POINT('Ctrl Pts',(-2.45917519151743,-0.554864047684977,
-1.72239229764648));
#4173=CARTESIAN_POINT('Ctrl Pts',(-2.49642533238815,-0.154463731021801,
-1.74247033796123));
#4174=CARTESIAN_POINT('Ctrl Pts',(-2.49999999999999,-0.0771882492183623,
-1.74627302163763));
#4175=CARTESIAN_POINT('Ctrl Pts',(-2.5,-2.03875378118182E-13,-1.75));
#4176=CARTESIAN_POINT('Ctrl Pts',(-2.5,-1.35803385631486E-13,-1.84999999999999));
#4177=CARTESIAN_POINT('Ctrl Pts',(-2.5,-0.0526866728285632,-1.84745606239802));
#4178=CARTESIAN_POINT('Ctrl Pts',(-2.49833450176997,-0.105424209416567,
-1.84487635891188));
#4179=CARTESIAN_POINT('Ctrl Pts',(-2.47396698295056,-0.489886587406929,
-1.82582552279216));
#4180=CARTESIAN_POINT('Ctrl Pts',(-2.38698379340605,-0.814113678876901,
-1.80843079017095));
#4181=CARTESIAN_POINT('Ctrl Pts',(-2.09666908585682,-1.39880288045837,-1.77439320401535));
#4182=CARTESIAN_POINT('Ctrl Pts',(-1.90032803572601,-1.65571694758381,-1.75864161538447));
#4183=CARTESIAN_POINT('Ctrl Pts',(-1.41229599840288,-2.08950273765048,-1.72640162831557));
#4184=CARTESIAN_POINT('Ctrl Pts',(-1.12213857665544,-2.25862279112012,-1.70900918759006));
#4185=CARTESIAN_POINT('Ctrl Pts',(-0.504133244889219,-2.46952537350135,
-1.67495119887106));
#4186=CARTESIAN_POINT('Ctrl Pts',(-0.183766237288894,-2.51374373177037,
-1.65914789348278));
#4187=CARTESIAN_POINT('Ctrl Pts',(0.468408410538214,-2.47816267508564,-1.62694649475269));
#4188=CARTESIAN_POINT('Ctrl Pts',(0.793664053416324,-2.39390127939445,-1.60955653515337));
#4189=CARTESIAN_POINT('Ctrl Pts',(1.381146782185,-2.10835870403265,-1.57547950821707));
#4190=CARTESIAN_POINT('Ctrl Pts',(1.63978668257103,-1.91410849589495,-1.55962560016144));
#4191=CARTESIAN_POINT('Ctrl Pts',(2.07787192954368,-1.42941766717657,-1.52746095177699));
#4192=CARTESIAN_POINT('Ctrl Pts',(2.24949662461791,-1.14040341720231,-1.51007361543536));
#4193=CARTESIAN_POINT('Ctrl Pts',(2.46545856468312,-0.523731943125903,-1.47597884390918));
#4194=CARTESIAN_POINT('Ctrl Pts',(2.51222823122631,-0.203608435769723,-1.4600756495655));
#4195=CARTESIAN_POINT('Ctrl Pts',(2.48175225945499,0.449196331575427,-1.42794592767194));
#4196=CARTESIAN_POINT('Ctrl Pts',(2.39993094108498,0.775351957770013,-1.41056131458047));
#4197=CARTESIAN_POINT('Ctrl Pts',(2.11866341044409,1.36531514072115,-1.37645002161603));
#4198=CARTESIAN_POINT('Ctrl Pts',(1.92627813071524,1.62549556079633,-1.36049902454557));
#4199=CARTESIAN_POINT('Ctrl Pts',(1.44457881426161,2.06740026868938,-1.32840242993235));
#4200=CARTESIAN_POINT('Ctrl Pts',(1.15659975330775,2.24124867049454,-1.31102060280356));
#4201=CARTESIAN_POINT('Ctrl Pts',(0.541133077304354,2.46171371509835,-1.27689394198356));
#4202=CARTESIAN_POINT('Ctrl Pts',(0.22122537285287,2.51075270422154,-1.26089675999407));
#4203=CARTESIAN_POINT('Ctrl Pts',(-0.432122892562834,2.48481330972984,-1.22883152723785));
#4204=CARTESIAN_POINT('Ctrl Pts',(-0.759062489016437,2.40516476478607,-1.21145251618227));
#4205=CARTESIAN_POINT('Ctrl Pts',(-1.35121565523859,2.12770180932975,-1.17731157297523));
#4206=CARTESIAN_POINT('Ctrl Pts',(-1.61276276828765,1.93696996175277,-1.1612699276657));
#4207=CARTESIAN_POINT('Ctrl Pts',(-2.05804135110467,1.45793149908873,-1.12923433294012));
#4208=CARTESIAN_POINT('Ctrl Pts',(-2.23385284213794,1.17088226214848,-1.11185813990165));
#4209=CARTESIAN_POINT('Ctrl Pts',(-2.4487051847704,0.582765884451263,-1.0791643223432));
#4210=CARTESIAN_POINT('Ctrl Pts',(-2.5,0.292395215315832,-1.06411808988776));
#4211=CARTESIAN_POINT('Ctrl Pts',(-2.5,-3.85802501057242E-14,-1.04999999999999));
#4212=CARTESIAN_POINT('Origin',(0.,0.,9.25));
#4213=CARTESIAN_POINT('',(-2.5,-7.30014157091786E-15,-0.150000000000006));
#4214=CARTESIAN_POINT('',(-2.5,-1.43029718152746E-17,-0.249999999999995));
#4215=CARTESIAN_POINT('',(-2.5,-3.06161699786838E-16,9.25));
#4216=CARTESIAN_POINT('Ctrl Pts',(-2.5,1.2490009027033E-15,-0.150000000000006));
#4217=CARTESIAN_POINT('Ctrl Pts',(-2.5,0.297070482833912,-0.164343831772773));
#4218=CARTESIAN_POINT('Ctrl Pts',(-2.44705118050182,0.591984468884555,-0.179642515059876));
#4219=CARTESIAN_POINT('Ctrl Pts',(-2.22726518880046,1.18341952923457,-0.212595245773102));
#4220=CARTESIAN_POINT('Ctrl Pts',(-2.04972881194705,1.46963932077958,-0.229965887361521));
#4221=CARTESIAN_POINT('Ctrl Pts',(-1.60148395431768,1.94632411830781,-0.261947162577504));
#4222=CARTESIAN_POINT('Ctrl Pts',(-1.33873060260001,2.13559744637273,-0.278072317384243));
#4223=CARTESIAN_POINT('Ctrl Pts',(-0.744652987614881,2.40969331836739,-0.312238839528123));
#4224=CARTESIAN_POINT('Ctrl Pts',(-0.417032855875251,2.48741811483395,-0.3296122347645));
#4225=CARTESIAN_POINT('Ctrl Pts',(0.236782955171697,2.50934782789259,-0.361619848992143));
#4226=CARTESIAN_POINT('Ctrl Pts',(0.556500337208445,2.45830126382748,-0.377704187954532));
#4227=CARTESIAN_POINT('Ctrl Pts',(1.17088674002135,2.23385050526086,-0.411858402850035));
#4228=CARTESIAN_POINT('Ctrl Pts',(1.4579356829265,2.05803839843895,-0.429234594006184));
#4229=CARTESIAN_POINT('Ctrl Pts',(1.94454884974694,1.60571706680448,-0.461776782778203));
#4230=CARTESIAN_POINT('Ctrl Pts',(2.13988550441092,1.33436612186899,-0.478368814316478));
#4231=CARTESIAN_POINT('Ctrl Pts',(2.41008952199789,0.738746166018898,-0.512531970176885));
#4232=CARTESIAN_POINT('Ctrl Pts',(2.48527480159777,0.421567135897333,-0.529350434093279));
#4233=CARTESIAN_POINT('Ctrl Pts',(2.51112449681037,-0.231684930913023,-0.561409227984367));
#4234=CARTESIAN_POINT('Ctrl Pts',(2.45847310082597,-0.561584084757202,-0.57794621626016));
#4235=CARTESIAN_POINT('Ctrl Pts',(2.23048310984479,-1.17443175883618,-0.612096919408389));
#4236=CARTESIAN_POINT('Ctrl Pts',(2.06022726893198,-1.45252887523287,-0.62892975282788));
#4237=CARTESIAN_POINT('Ctrl Pts',(1.61825832539342,-1.93403267857491,-0.661018191945903));
#4238=CARTESIAN_POINT('Ctrl Pts',(1.34865258104499,-2.1308257172167,-0.677497807302574));
#4239=CARTESIAN_POINT('Ctrl Pts',(0.755217054329005,-2.40500804888192,-0.711635055875713));
#4240=CARTESIAN_POINT('Ctrl Pts',(0.438342061060011,-2.48239879368962,-0.728482948898406));
#4241=CARTESIAN_POINT('Ctrl Pts',(-0.214374362812886,-2.51258750605765,
-0.76060266000372));
#4242=CARTESIAN_POINT('Ctrl Pts',(-0.54405578772253,-2.4623347266985,-0.777022642694183));
#4243=CARTESIAN_POINT('Ctrl Pts',(-1.15823874325469,-2.23896751797034,-0.811145363289229));
#4244=CARTESIAN_POINT('Ctrl Pts',(-1.43775574855765,-2.0705992520721,-0.82800900350952));
#4245=CARTESIAN_POINT('Ctrl Pts',(-1.92210474494557,-1.63228900258869,-0.860161646819219));
#4246=CARTESIAN_POINT('Ctrl Pts',(-2.1205283933605,-1.36464173601011,-0.876519836130098));
#4247=CARTESIAN_POINT('Ctrl Pts',(-2.39916585182149,-0.773677122440784,
-0.91062688099855));
#4248=CARTESIAN_POINT('Ctrl Pts',(-2.4790332546167,-0.45716165436507,-0.927506947769039));
#4249=CARTESIAN_POINT('Ctrl Pts',(-2.49880063767847,-0.0894605681390166,
-0.9456564744156));
#4250=CARTESIAN_POINT('Ctrl Pts',(-2.5,-0.0447098088179224,-0.947841219463618));
#4251=CARTESIAN_POINT('Ctrl Pts',(-2.5,-1.01969714723264E-13,-0.95));
#4252=CARTESIAN_POINT('Ctrl Pts',(-2.5,-3.38297807724716E-14,-1.04999999999999));
#4253=CARTESIAN_POINT('Ctrl Pts',(-2.5,-0.0279231196534526,-1.04865175251657));
#4254=CARTESIAN_POINT('Ctrl Pts',(-2.49953218225603,-0.0558638105709403,
-1.04729330026259));
#4255=CARTESIAN_POINT('Ctrl Pts',(-2.487417312454,-0.417037589780559,-1.02961199014372));
#4256=CARTESIAN_POINT('Ctrl Pts',(-2.40969191198916,-0.744657509844454,
-1.01223859304799));
#4257=CARTESIAN_POINT('Ctrl Pts',(-2.13559498302332,-1.33873452273616,-0.978072078836325));
#4258=CARTESIAN_POINT('Ctrl Pts',(-1.94632119780251,-1.60148749627899,-0.961946950723795));
#4259=CARTESIAN_POINT('Ctrl Pts',(-1.46963566161452,-2.0497314256306,-0.92996565840772));
#4260=CARTESIAN_POINT('Ctrl Pts',(-1.18341560874831,-2.22726726285434,-0.91259501499419));
#4261=CARTESIAN_POINT('Ctrl Pts',(-0.569990287973006,-2.45522394850642,
-0.878417086702772));
#4262=CARTESIAN_POINT('Ctrl Pts',(-0.250439816854571,-2.50803574246755,
-0.862253018897513));
#4263=CARTESIAN_POINT('Ctrl Pts',(0.403776854350149,-2.4896286605528,-0.830296502052158));
#4264=CARTESIAN_POINT('Ctrl Pts',(0.731985264241061,-2.4135964210792,-0.812928553373816));
#4265=CARTESIAN_POINT('Ctrl Pts',(1.32774489435933,-2.1424620306986,-0.778740045987286));
#4266=CARTESIAN_POINT('Ctrl Pts',(1.591556670089,-1.95446790755137,-0.762538925190882));
#4267=CARTESIAN_POINT('Ctrl Pts',(2.04239538073634,-1.47985225390673,-0.730605680019066));
#4268=CARTESIAN_POINT('Ctrl Pts',(2.22143920420286,-1.19436694804222,-0.713240353604209));
#4269=CARTESIAN_POINT('Ctrl Pts',(2.45246875780852,-0.581792383576053,-0.679042046102115));
#4270=CARTESIAN_POINT('Ctrl Pts',(2.50682728415781,-0.262387842908516,-0.662805751462179));
#4271=CARTESIAN_POINT('Ctrl Pts',(2.4915043523998,0.392172219796036,-0.630894337211637));
#4272=CARTESIAN_POINT('Ctrl Pts',(2.41695583144581,0.720888310797661,-0.613531549891229));
#4273=CARTESIAN_POINT('Ctrl Pts',(2.14841689372277,1.31811391413654,-0.579324168109224));
#4274=CARTESIAN_POINT('Ctrl Pts',(1.96154114642779,1.5828513963011,-0.563054556851144));
#4275=CARTESIAN_POINT('Ctrl Pts',(1.48873809528964,2.03595183964057,-0.531163597216573));
#4276=CARTESIAN_POINT('Ctrl Pts',(1.20390022724709,2.21630937499402,-0.513803257627389));
#4277=CARTESIAN_POINT('Ctrl Pts',(0.592074485668325,2.45002039641496,-0.479587477136402));
#4278=CARTESIAN_POINT('Ctrl Pts',(0.272797026355604,2.50572834471563,-0.463286372510357));
#4279=CARTESIAN_POINT('Ctrl Pts',(-0.382056653973766,2.49309417073216,-0.431414556302267));
#4280=CARTESIAN_POINT('Ctrl Pts',(-0.711209723803325,2.41984051496014,-0.414056567081242));
#4281=CARTESIAN_POINT('Ctrl Pts',(-1.309708269605,2.1535662696068,-0.379833016047475));
#4282=CARTESIAN_POINT('Ctrl Pts',(-1.5752520579808,1.96766433680121,-0.363502197402442));
#4283=CARTESIAN_POINT('Ctrl Pts',(-2.0303172653691,1.49644225788656,-0.331648278578568));
#4284=CARTESIAN_POINT('Ctrl Pts',(-2.21181544214941,1.21217211315908,-0.314292538267385));
#4285=CARTESIAN_POINT('Ctrl Pts',(-2.44313583140737,0.613229516590204,-0.280746623687835));
#4286=CARTESIAN_POINT('Ctrl Pts',(-2.5,0.307854537288366,-0.264864531983189));
#4287=CARTESIAN_POINT('Ctrl Pts',(-2.5,-2.63677968348475E-15,-0.249999999999995));
#4288=CARTESIAN_POINT('Origin',(0.,0.,9.25));
#4289=CARTESIAN_POINT('',(-2.5,-9.65936549824632E-15,0.649999999999995));
#4290=CARTESIAN_POINT('',(-2.5,3.65549319837533E-8,0.549999996469947));
#4291=CARTESIAN_POINT('',(-2.5,-3.06161699786838E-16,9.25));
#4292=CARTESIAN_POINT('Ctrl Pts',(-2.5,-3.37230243729891E-14,0.649999999999996));
#4293=CARTESIAN_POINT('Ctrl Pts',(-2.5,0.310553526517913,0.635005149288748));
#4294=CARTESIAN_POINT('Ctrl Pts',(-2.44213404566088,0.618542480259601,0.618976808018277));
#4295=CARTESIAN_POINT('Ctrl Pts',(-2.20789354928346,1.21933152375241,0.585283336952219));
#4296=CARTESIAN_POINT('Ctrl Pts',(-2.02540756586053,1.50310580385043,0.567931782970455));
#4297=CARTESIAN_POINT('Ctrl Pts',(-1.56864006604431,1.97295331250642,0.536110188421241));
#4298=CARTESIAN_POINT('Ctrl Pts',(-1.30239605529163,2.15800977721381,0.519725048861043));
#4299=CARTESIAN_POINT('Ctrl Pts',(-0.702795053762101,2.42231428390617,0.485487661329094));
#4300=CARTESIAN_POINT('Ctrl Pts',(-0.373266456741418,2.49444157169164,0.468134067411042));
#4301=CARTESIAN_POINT('Ctrl Pts',(0.281838066580417,2.50473894882739,0.436296875368817));
#4302=CARTESIAN_POINT('Ctrl Pts',(0.601005175652601,2.44785744559751,0.419938051989605));
#4303=CARTESIAN_POINT('Ctrl Pts',(1.21217468708297,2.21181403756934,0.385707309360958));
#4304=CARTESIAN_POINT('Ctrl Pts',(1.49644465429003,2.03031550575159,0.368351570520471));
#4305=CARTESIAN_POINT('Ctrl Pts',(1.96766624006547,1.57524968665891,0.336497663273376));
#4306=CARTESIAN_POINT('Ctrl Pts',(2.15356786935181,1.30970564693687,0.320166825323989));
#4307=CARTESIAN_POINT('Ctrl Pts',(2.41984140816373,0.711206704903138,0.285943269289275));
#4308=CARTESIAN_POINT('Ctrl Pts',(2.49309465993261,0.38205349961613,0.268585281607848));
#4309=CARTESIAN_POINT('Ctrl Pts',(2.50572799541558,-0.272800271445123,0.236713477788845));
#4310=CARTESIAN_POINT('Ctrl Pts',(2.45001962614506,-0.592077691146013,0.22041235268403));
#4311=CARTESIAN_POINT('Ctrl Pts',(2.21630776812722,-1.20390319816037,0.186196566786877));
#4312=CARTESIAN_POINT('Ctrl Pts',(2.03594982322929,-1.48874086329572,0.168836228804029));
#4313=CARTESIAN_POINT('Ctrl Pts',(1.58284867461558,-1.96154334798919,0.136945282414341));
#4314=CARTESIAN_POINT('Ctrl Pts',(1.31811090337777,-2.1484187461057,0.120675649470809));
#4315=CARTESIAN_POINT('Ctrl Pts',(0.720884843008645,-2.41695687256838,0.0864682618466398));
#4316=CARTESIAN_POINT('Ctrl Pts',(0.392168594471031,-2.49150492971042,0.0691054761959603));
#4317=CARTESIAN_POINT('Ctrl Pts',(-0.262391574414908,-2.50682689790682,
0.0371940760897593));
#4318=CARTESIAN_POINT('Ctrl Pts',(-0.581796069518102,-2.45246788813595,
0.020957758531394));
#4319=CARTESIAN_POINT('Ctrl Pts',(-1.19437036682399,-2.22143737400588,-0.013240555281548));
#4320=CARTESIAN_POINT('Ctrl Pts',(-1.47985544181753,-2.04239307958769,-0.030605879968002));
#4321=CARTESIAN_POINT('Ctrl Pts',(-1.95447044723563,-1.59155355834497,-0.0625391100525793));
#4322=CARTESIAN_POINT('Ctrl Pts',(-2.1424641700596,-1.32774145131623,-0.0787402550193453));
#4323=CARTESIAN_POINT('Ctrl Pts',(-2.41359763244376,-0.731981295683828,
-0.112928769220014));
#4324=CARTESIAN_POINT('Ctrl Pts',(-2.48962934147407,-0.403772702957515,
-0.130296716117566));
#4325=CARTESIAN_POINT('Ctrl Pts',(-2.4996707478978,-0.0468638502047784,
-0.147730628102974));
#4326=CARTESIAN_POINT('Ctrl Pts',(-2.5,-0.0234255343703641,-0.148868915144351));
#4327=CARTESIAN_POINT('Ctrl Pts',(-2.5,2.77555756156289E-16,-0.150000000000006));
#4328=CARTESIAN_POINT('Ctrl Pts',(-2.5,2.77555756156289E-16,-0.249999999999995));
#4329=CARTESIAN_POINT('Ctrl Pts',(-2.5,-0.0130943153651355,-0.249367750525105));
#4330=CARTESIAN_POINT('Ctrl Pts',(-2.49989712346743,-0.0261929200649003,
-0.248733236412161));
#4331=CARTESIAN_POINT('Ctrl Pts',(-2.49444115725685,-0.373269192596961,
-0.231865792201454));
#4332=CARTESIAN_POINT('Ctrl Pts',(-2.42231351873355,-0.702797673345431,
-0.214512196882765));
#4333=CARTESIAN_POINT('Ctrl Pts',(-2.15800839872025,-1.30239833228113,-0.180274813626291));
#4334=CARTESIAN_POINT('Ctrl Pts',(-1.97295167097518,-1.56864212515822,-0.163889691136324));
#4335=CARTESIAN_POINT('Ctrl Pts',(-1.50310373438998,-2.02540909587796,-0.132068086506789));
#4336=CARTESIAN_POINT('Ctrl Pts',(-1.21932929959547,-2.20789477234463,-0.114716531194743));
#4337=CARTESIAN_POINT('Ctrl Pts',(-0.608731965179046,-2.44595870630239,
-0.0804730051976466));
#4338=CARTESIAN_POINT('Ctrl Pts',(-0.289660318064347,-2.50385672302557,
-0.0640631718275438));
#4339=CARTESIAN_POINT('Ctrl Pts',(0.365658100869568,-2.49558224436428,-0.0322561099610547));
#4340=CARTESIAN_POINT('Ctrl Pts',(0.695508588365796,-2.42443075524445,-0.0149064897692828));
#4341=CARTESIAN_POINT('Ctrl Pts',(1.29606105381368,-2.16183251795911,0.0193427131164418));
#4342=CARTESIAN_POINT('Ctrl Pts',(1.56291082947494,-1.97750730991884,0.0357757172435527));
#4343=CARTESIAN_POINT('Ctrl Pts',(2.02114800315558,-1.50885012869518,0.0675692311774384));
#4344=CARTESIAN_POINT('Ctrl Pts',(2.20448645325964,-1.2255069294603,0.0849170200674995));
#4345=CARTESIAN_POINT('Ctrl Pts',(2.44429787801444,-0.615407224278734,0.119171468215579));
#4346=CARTESIAN_POINT('Ctrl Pts',(2.5030749641551,-0.296418044281031,0.135626171464203));
#4347=CARTESIAN_POINT('Ctrl Pts',(2.49654894692502,0.359082825049804,0.167407073586521));
#4348=CARTESIAN_POINT('Ctrl Pts',(2.42624141135906,0.689209146212491,0.184753133134785));
#4349=CARTESIAN_POINT('Ctrl Pts',(2.16511880063713,1.29058182366271,0.219012426828042));
#4350=CARTESIAN_POINT('Ctrl Pts',(1.98142517339723,1.55795488942874,0.235487427259724));
#4351=CARTESIAN_POINT('Ctrl Pts',(1.51379712636444,2.01745940760284,0.267256597089059));
#4352=CARTESIAN_POINT('Ctrl Pts',(1.23082787686012,2.20153269138046,0.284601026762371));
#4353=CARTESIAN_POINT('Ctrl Pts',(0.621159476881703,2.44285143331478,0.318864795996621));
#4354=CARTESIAN_POINT('Ctrl Pts',(0.302241362269688,2.50238671771487,0.335358761727684));
#4355=CARTESIAN_POINT('Ctrl Pts',(-0.353414994307588,2.4973680510801,0.367117024426479));
#4356=CARTESIAN_POINT('Ctrl Pts',(-0.683777334987503,2.42778848072711,0.384459920700873));
#4357=CARTESIAN_POINT('Ctrl Pts',(-1.28585550044955,2.16793863293289,0.418727823110101));
#4358=CARTESIAN_POINT('Ctrl Pts',(-1.55367947908276,1.98478914872085,0.43523949195581));
#4359=CARTESIAN_POINT('Ctrl Pts',(-2.01427439003117,1.51804853288195,0.466987620672151));
#4360=CARTESIAN_POINT('Ctrl Pts',(-2.19897969777071,1.23540266344927,0.484329076653605));
#4361=CARTESIAN_POINT('Ctrl Pts',(-2.43984559901428,0.630502960960901,0.518353535990933));
#4362=CARTESIAN_POINT('Ctrl Pts',(-2.49999999535939,0.316632641075062,0.534711623579723));
#4363=CARTESIAN_POINT('Ctrl Pts',(-2.5,3.66403369450596E-8,0.549999998230852));
#4364=CARTESIAN_POINT('Origin',(0.,0.,9.25));
#4365=CARTESIAN_POINT('',(-2.5,1.82575072625502E-8,1.44999999823689));
#4366=CARTESIAN_POINT('',(-2.5,4.88145838939727E-11,1.34999999999529));
#4367=CARTESIAN_POINT('',(-2.5,-3.06161699786838E-16,9.25));
#4368=CARTESIAN_POINT('Ctrl Pts',(-2.5,1.83001153120088E-8,1.44999999911639));
#4369=CARTESIAN_POINT('Ctrl Pts',(-2.49999999767133,0.318122958491568,1.43463966473557));
#4370=CARTESIAN_POINT('Ctrl Pts',(-2.43927779728259,0.633433813109191,1.41820066589616));
#4371=CARTESIAN_POINT('Ctrl Pts',(-2.19677748890665,1.23933103557607,1.38409535389097));
#4372=CARTESIAN_POINT('Ctrl Pts',(-2.01152928653196,1.52169783358289,1.36675651477724));
#4373=CARTESIAN_POINT('Ctrl Pts',(-1.54999747890315,1.98767447147343,1.33502653624577));
#4374=CARTESIAN_POINT('Ctrl Pts',(-1.28178555301183,2.17035585612391,1.31848296420021));
#4375=CARTESIAN_POINT('Ctrl Pts',(-0.679101366212708,2.42910975978158,1.28420771937509));
#4376=CARTESIAN_POINT('Ctrl Pts',(-0.348537198383881,2.49806247617038,1.26686761510318));
#4377=CARTESIAN_POINT('Ctrl Pts',(0.307251652518846,2.50178374826157,1.23512890290331));
#4378=CARTESIAN_POINT('Ctrl Pts',(0.626108620225559,2.44159560786025,1.21860071370785));
#4379=CARTESIAN_POINT('Ctrl Pts',(1.23540408093364,2.19897890480242,1.18432899235202));
#4380=CARTESIAN_POINT('Ctrl Pts',(1.51804984989934,2.01427340119809,1.16698753730424));
#4381=CARTESIAN_POINT('Ctrl Pts',(1.98479019039414,1.55367815228328,1.13523941512336));
#4382=CARTESIAN_POINT('Ctrl Pts',(2.16793950584179,1.28585403379113,1.11872773483537));
#4383=CARTESIAN_POINT('Ctrl Pts',(2.42778895868854,0.683775649693311,1.08445982976842));
#4384=CARTESIAN_POINT('Ctrl Pts',(2.49736830314429,0.353413236046769,1.06711693448883));
#4385=CARTESIAN_POINT('Ctrl Pts',(2.5023865021434,-0.302243168509503,1.03535867882612));
#4386=CARTESIAN_POINT('Ctrl Pts',(2.44285098247108,-0.621161261078377,1.01886470083109));
#4387=CARTESIAN_POINT('Ctrl Pts',(2.2015317727961,-1.23082952691905,0.984600928718768));
#4388=CARTESIAN_POINT('Ctrl Pts',(2.01745826109611,-1.51379866009699,0.967256500103746));
#4389=CARTESIAN_POINT('Ctrl Pts',(1.5579533497621,-1.98142638748291,0.935487337845129));
#4390=CARTESIAN_POINT('Ctrl Pts',(1.29058012152635,-2.16511981864746,0.919012324281403));
#4391=CARTESIAN_POINT('Ctrl Pts',(0.689207189666127,-2.4262419709818,0.884753027471896));
#4392=CARTESIAN_POINT('Ctrl Pts',(0.359080783185099,-2.4965492443754,0.867406969047544));
#4393=CARTESIAN_POINT('Ctrl Pts',(-0.296420142457923,-2.50307471860769,
0.835626075066188));
#4394=CARTESIAN_POINT('Ctrl Pts',(-0.615409296850749,-2.44429735939785,
0.819171357770598));
#4395=CARTESIAN_POINT('Ctrl Pts',(-1.2255088470455,-2.20448539179121,0.784916906248908));
#4396=CARTESIAN_POINT('Ctrl Pts',(-1.5088519119349,-2.02114667691791,0.767569118550235));
#4397=CARTESIAN_POINT('Ctrl Pts',(-1.97750872286108,-1.56290904667785,0.735775613364704));
#4398=CARTESIAN_POINT('Ctrl Pts',(-2.16183370354183,-1.29605908265582,0.719342594228846));
#4399=CARTESIAN_POINT('Ctrl Pts',(-2.42443140994561,-0.695506321682812,
0.685093387691537));
#4400=CARTESIAN_POINT('Ctrl Pts',(-2.49558259544781,-0.365655734526439,
0.6677437687601));
#4401=CARTESIAN_POINT('Ctrl Pts',(-2.49993362352503,-0.0210387406449964,
0.6510171677895));
#4402=CARTESIAN_POINT('Ctrl Pts',(-2.5,-0.0105179629243568,0.650507852174805));
#4403=CARTESIAN_POINT('Ctrl Pts',(-2.5,-3.39685544649735E-14,0.649999999999996));
#4404=CARTESIAN_POINT('Ctrl Pts',(-2.5,3.66403359341915E-8,0.549999998230852));
#4405=CARTESIAN_POINT('Ctrl Pts',(-2.5000000000693,-0.00472858675295107,
0.550228316366786));
#4406=CARTESIAN_POINT('Ctrl Pts',(-2.49998658421318,-0.00945780046503079,
0.550456931318806));
#4407=CARTESIAN_POINT('Ctrl Pts',(-2.49806226250889,-0.348538709754927,
0.566867692351882));
#4408=CARTESIAN_POINT('Ctrl Pts',(-2.42910935183971,-0.679102815233468,
0.584207797498867));
#4409=CARTESIAN_POINT('Ctrl Pts',(-2.17035510852153,-1.28178681442014,0.618483040058465));
#4410=CARTESIAN_POINT('Ctrl Pts',(-1.98767357885913,-1.54999862012294,0.635026602169425));
#4411=CARTESIAN_POINT('Ctrl Pts',(-1.52169670421682,-2.011530137672,0.66675658633068));
#4412=CARTESIAN_POINT('Ctrl Pts',(-1.23932981963087,-2.19677817197993,0.684095426263487));
#4413=CARTESIAN_POINT('Ctrl Pts',(-0.63035577226706,-2.44050954310459,0.718373921771559));
#4414=CARTESIAN_POINT('Ctrl Pts',(-0.311551282473315,-2.50125832420918,
0.734931806885395));
#4415=CARTESIAN_POINT('Ctrl Pts',(0.344350323242971,-2.49865079469294,0.766653688517771));
#4416=CARTESIAN_POINT('Ctrl Pts',(0.675086776271989,-2.4302364060003,0.7839913449011));
#4417=CARTESIAN_POINT('Ctrl Pts',(1.27829031269358,-2.17242365138844,0.818272843163346));
#4418=CARTESIAN_POINT('Ctrl Pts',(1.54683515389464,-1.99014392210962,0.83484405412128));
#4419=CARTESIAN_POINT('Ctrl Pts',(2.00917004516829,-1.52482323055605,0.866558422434782));
#4420=CARTESIAN_POINT('Ctrl Pts',(2.19488348382672,-1.24269653874319,0.883894972921592));
#4421=CARTESIAN_POINT('Ctrl Pts',(2.4395716852619,-0.633999233298352,0.918179242753994));
#4422=CARTESIAN_POINT('Ctrl Pts',(2.50080170626952,-0.315239766289741,0.934762843491107));
#4423=CARTESIAN_POINT('Ctrl Pts',(2.49914988964015,0.340757871113611,0.966470247685772));
#4424=CARTESIAN_POINT('Ctrl Pts',(2.43119759596209,0.67164144747736,0.983805765911811));
#4425=CARTESIAN_POINT('Ctrl Pts',(2.17419270086496,1.27528998913495,1.01809259373728));
#4426=CARTESIAN_POINT('Ctrl Pts',(1.99225750286738,1.54412042297612,1.0346877067963));
#4427=CARTESIAN_POINT('Ctrl Pts',(1.52749976696888,2.00714357203723,1.066388658362));
#4428=CARTESIAN_POINT('Ctrl Pts',(1.2455795070499,2.19325563802031,1.08372321398175));
#4429=CARTESIAN_POINT('Ctrl Pts',(0.637119988543445,2.43876384334637,1.11801240252293));
#4430=CARTESIAN_POINT('Ctrl Pts',(0.318399088838018,2.50040627839379,1.13461820646175));
#4431=CARTESIAN_POINT('Ctrl Pts',(-0.337680292289464,2.49957327093165,1.16631318140922));
#4432=CARTESIAN_POINT('Ctrl Pts',(-0.668689390741889,2.43201698788687,1.18364684016517));
#4433=CARTESIAN_POINT('Ctrl Pts',(-1.27271871123912,2.17570441234905,1.21793820722823));
#4434=CARTESIAN_POINT('Ctrl Pts',(-1.54179376504895,1.99406429562056,1.23455393396638));
#4435=CARTESIAN_POINT('Ctrl Pts',(-2.00540593807804,1.52978893276526,1.26624337498058));
#4436=CARTESIAN_POINT('Ctrl Pts',(-2.19185909069467,1.24804582233697,1.28357619879894));
#4437=CARTESIAN_POINT('Ctrl Pts',(-2.43800624011638,0.639946045047026,1.31786079637956));
#4438=CARTESIAN_POINT('Ctrl Pts',(-2.49999999998745,0.321435358991435,1.33447972793769));
#4439=CARTESIAN_POINT('Ctrl Pts',(-2.5,9.76160124954717E-11,1.34999999999529));
#4440=CARTESIAN_POINT('Origin',(0.,0.,9.25));
#4441=CARTESIAN_POINT('',(-2.5,-6.79728683486948E-10,2.25000000006564));
#4442=CARTESIAN_POINT('',(-2.5,-2.36569804861008E-8,2.15000000228452));
#4443=CARTESIAN_POINT('',(-2.5,-3.06161699786838E-16,9.25));
#4444=CARTESIAN_POINT('Ctrl Pts',(-2.5,-1.35946226483558E-9,2.25000000006564));
#4445=CARTESIAN_POINT('Ctrl Pts',(-2.50000000000034,0.000628398025459504,
2.24996965825929));
#4446=CARTESIAN_POINT('Ctrl Pts',(-2.49999976306924,0.00125680856765134,
2.24993931117558));
#4447=CARTESIAN_POINT('Ctrl Pts',(-2.49975667278387,0.323618269448033,2.234369461153));
#4448=CARTESIAN_POINT('Ctrl Pts',(-2.43740969098898,0.642266890145851,2.2177368050827));
#4449=CARTESIAN_POINT('Ctrl Pts',(-2.19058473504906,1.25030638119069,2.18344156224912));
#4450=CARTESIAN_POINT('Ctrl Pts',(-2.00382028758286,1.53184275439936,2.16611614720882));
#4451=CARTESIAN_POINT('Ctrl Pts',(-1.53973266934368,1.995676747039,2.13443133491437));
#4452=CARTESIAN_POINT('Ctrl Pts',(-1.27042999033588,2.17703249345608,2.11780113638515));
#4453=CARTESIAN_POINT('Ctrl Pts',(-0.666161888701612,2.43271547302322,2.08351083186831));
#4454=CARTESIAN_POINT('Ctrl Pts',(-0.335045714075088,2.49993264379731,2.06617878526274));
#4455=CARTESIAN_POINT('Ctrl Pts',(0.321103259951299,2.50006465235444,2.03449447005096));
#4456=CARTESIAN_POINT('Ctrl Pts',(0.639791145521723,2.43806905944426,2.01786953197678));
#4457=CARTESIAN_POINT('Ctrl Pts',(1.24804658475458,2.19185865841127,1.98357615334045));
#4458=CARTESIAN_POINT('Ctrl Pts',(1.5297896403415,2.00540540034378,1.96624333006106));
#4459=CARTESIAN_POINT('Ctrl Pts',(1.99406485396869,1.54179304519471,1.93455389260982));
#4460=CARTESIAN_POINT('Ctrl Pts',(2.17570487942898,1.27271791572176,1.91793815947562));
#4461=CARTESIAN_POINT('Ctrl Pts',(2.43201724077492,0.668688477501164,1.88364679101221));
#4462=CARTESIAN_POINT('Ctrl Pts',(2.49957340130025,0.337679340294242,1.86631313283541));
#4463=CARTESIAN_POINT('Ctrl Pts',(2.5004061554679,-0.318400066044383,1.83461816173653));
#4464=CARTESIAN_POINT('Ctrl Pts',(2.43876359282635,-0.637120953820032,1.81801235090482));
#4465=CARTESIAN_POINT('Ctrl Pts',(2.19325513380231,-1.24558039867,1.78372316084613));
#4466=CARTESIAN_POINT('Ctrl Pts',(2.00714294452153,-1.52750059463803,1.76638860584826));
#4467=CARTESIAN_POINT('Ctrl Pts',(1.54411958255623,-1.99225815627908,1.73468765843837));
#4468=CARTESIAN_POINT('Ctrl Pts',(1.27528906033066,-2.17419324765635,1.71809253795479));
#4469=CARTESIAN_POINT('Ctrl Pts',(0.67164038102872,-2.43119789266927,1.68380570848494));
#4470=CARTESIAN_POINT('Ctrl Pts',(0.340756759229825,-2.49915004329845,1.66647019092608));
#4471=CARTESIAN_POINT('Ctrl Pts',(-0.315240907793709,-2.50080156411594,
1.63476279121746));
#4472=CARTESIAN_POINT('Ctrl Pts',(-0.634000360868093,-2.43957139413367,
1.61817918248752));
#4473=CARTESIAN_POINT('Ctrl Pts',(-1.24269758052213,-2.19488289649454,1.58389491087339));
#4474=CARTESIAN_POINT('Ctrl Pts',(-1.52482419786487,-2.00916931380545,1.5665583611017));
#4475=CARTESIAN_POINT('Ctrl Pts',(-1.99014468616723,-1.54683417387857,1.53484399762896));
#4476=CARTESIAN_POINT('Ctrl Pts',(-2.17242429102503,-1.27828922954521,1.51827277807156));
#4477=CARTESIAN_POINT('Ctrl Pts',(-2.4302367539871,-0.67508553233786,1.48399127787888));
#4478=CARTESIAN_POINT('Ctrl Pts',(-2.49865097585745,-0.344349026068032,
1.46665362226131));
#4479=CARTESIAN_POINT('Ctrl Pts',(-2.49999341779497,-0.00662459977719444,
1.45031999561664));
#4480=CARTESIAN_POINT('Ctrl Pts',(-2.50000000002425,-0.00331214464492385,
1.45015992448996));
#4481=CARTESIAN_POINT('Ctrl Pts',(-2.5,1.83001143778847E-8,1.44999999911639));
#4482=CARTESIAN_POINT('Ctrl Pts',(-2.5,9.76170120074507E-11,1.34999999999529));
#4483=CARTESIAN_POINT('Ctrl Pts',(-2.50000000000001,-0.000167930085533995,
1.3500081083818));
#4484=CARTESIAN_POINT('Ctrl Pts',(-2.49999998307972,-0.000335861034339163,
1.35001621714371));
#4485=CARTESIAN_POINT('Ctrl Pts',(-2.49993253315582,-0.335046528394082,
1.36617882679441));
#4486=CARTESIAN_POINT('Ctrl Pts',(-2.43271525755087,-0.666162669978374,
1.38351087390118));
#4487=CARTESIAN_POINT('Ctrl Pts',(-2.17703209462629,-1.27043067129785,1.41780117724154));
#4488=CARTESIAN_POINT('Ctrl Pts',(-1.9956762700319,-1.53973328557305,1.43443137420874));
#4489=CARTESIAN_POINT('Ctrl Pts',(-1.53184212112485,-2.00382077675459,1.46611618349365));
#4490=CARTESIAN_POINT('Ctrl Pts',(-1.25030566125035,-2.19058515069596,1.4834416053239));
#4491=CARTESIAN_POINT('Ctrl Pts',(-0.642266066935127,-2.43740990651407,
1.51773684914137));
#4492=CARTESIAN_POINT('Ctrl Pts',(-0.323617435932356,-2.49975677934321,
1.53436950352992));
#4493=CARTESIAN_POINT('Ctrl Pts',(0.332489694192744,-2.50025132863354,1.56605904915409));
#4494=CARTESIAN_POINT('Ctrl Pts',(0.663613751941537,-2.43341565157356,1.58337379337085));
#4495=CARTESIAN_POINT('Ctrl Pts',(1.26820188741277,-2.17833593014823,1.61766748532545));
#4496=CARTESIAN_POINT('Ctrl Pts',(1.53771618838703,-1.99723602268522,1.63430278508802));
#4497=CARTESIAN_POINT('Ctrl Pts',(2.0022192587413,-1.53391324030489,1.66599743297989));
#4498=CARTESIAN_POINT('Ctrl Pts',(2.18922408474064,-1.25266027644885,1.68330069312587));
#4499=CARTESIAN_POINT('Ctrl Pts',(2.43670335579397,-0.644958713672627,1.71759270564153));
#4500=CARTESIAN_POINT('Ctrl Pts',(2.49940669767668,-0.326343990598888,1.73423085219151));
#4501=CARTESIAN_POINT('Ctrl Pts',(2.50060780850555,0.329689949331011,1.7659309951112));
#4502=CARTESIAN_POINT('Ctrl Pts',(2.43417139608272,0.660781156750431,1.78322190868613));
#4503=CARTESIAN_POINT('Ctrl Pts',(2.17984819902795,1.26561022797908,1.81751210356078));
#4504=CARTESIAN_POINT('Ctrl Pts',(1.99904598417956,1.53537022209586,1.83415331258539));
#4505=CARTESIAN_POINT('Ctrl Pts',(1.53631758583844,2.00035583177262,1.86585937185601));
#4506=CARTESIAN_POINT('Ctrl Pts',(1.25539387134219,2.18763977176931,1.88313701722913));
#4507=CARTESIAN_POINT('Ctrl Pts',(0.648085446751038,2.43587891184544,1.91742524473448));
#4508=CARTESIAN_POINT('Ctrl Pts',(0.329510603955726,2.49899632058793,1.93406974703148));
#4509=CARTESIAN_POINT('Ctrl Pts',(-0.326437881615254,2.501017956078,1.96578217434295));
#4510=CARTESIAN_POINT('Ctrl Pts',(-0.657490836457702,2.43504491277617,1.98304556763476));
#4511=CARTESIAN_POINT('Ctrl Pts',(-1.26259891753318,2.18160015358768,2.01733166553921));
#4512=CARTESIAN_POINT('Ctrl Pts',(-1.53264376972957,2.00114398152374,2.03397970787292));
#4513=CARTESIAN_POINT('Ctrl Pts',(-1.99818910936646,1.53910589030614,2.06569898715429));
#4514=CARTESIAN_POINT('Ctrl Pts',(-2.18579670483521,1.25856419514652,2.08294707911594));
#4515=CARTESIAN_POINT('Ctrl Pts',(-2.43491712697182,0.651712661331288,2.11723087162435));
#4516=CARTESIAN_POINT('Ctrl Pts',(-2.49851505661765,0.333184764332052,2.13388271759586));
#4517=CARTESIAN_POINT('Ctrl Pts',(-2.49999143671584,0.00755610102378537,
2.14963498790295));
#4518=CARTESIAN_POINT('Ctrl Pts',(-2.50000000003583,0.00377784094461903,
2.14981758970382));
#4519=CARTESIAN_POINT('Ctrl Pts',(-2.5,-2.37122012524896E-8,2.15000000114493));
#4520=CARTESIAN_POINT('Origin',(0.,0.,9.25));
#4521=CARTESIAN_POINT('',(-2.5,-4.37351668218599E-8,3.05000000422344));
#4522=CARTESIAN_POINT('',(-2.5,-7.42886831725534E-16,2.95));
#4523=CARTESIAN_POINT('',(-2.5,-3.06161699786838E-16,9.25));
#4524=CARTESIAN_POINT('Ctrl Pts',(-2.5,-4.38373611171093E-8,3.05000000211665));
#4525=CARTESIAN_POINT('Ctrl Pts',(-2.50000000009084,0.0051805519223886,
3.04974986082395));
#4526=CARTESIAN_POINT('Ctrl Pts',(-2.49998389704158,0.0103618846949457,
3.04949936188955));
#4527=CARTESIAN_POINT('Ctrl Pts',(-2.49795020402061,0.33744457115208,3.03366573887589));
#4528=CARTESIAN_POINT('Ctrl Pts',(-2.43379504314952,0.655917133053902,3.01700542009473));
#4529=CARTESIAN_POINT('Ctrl Pts',(-2.18365337277434,1.26223795372046,2.98272682771918));
#4530=CARTESIAN_POINT('Ctrl Pts',(-1.99567079161726,1.54233673943942,2.96551277503426));
#4531=CARTESIAN_POINT('Ctrl Pts',(-1.52947670432146,2.0035736069479,2.93377819591914));
#4532=CARTESIAN_POINT('Ctrl Pts',(-1.25910187857304,2.18362772152956,2.91712226220259));
#4533=CARTESIAN_POINT('Ctrl Pts',(-0.653671044620857,2.43605313566552,2.88284096731175));
#4534=CARTESIAN_POINT('Ctrl Pts',(-0.322662622857414,2.50148879996656,2.86560930560277));
#4535=CARTESIAN_POINT('Ctrl Pts',(0.333186068139932,2.49851488486203,2.83388265120727));
#4536=CARTESIAN_POINT('Ctrl Pts',(0.651713948351566,2.43491678468255,2.81723080263566));
#4537=CARTESIAN_POINT('Ctrl Pts',(1.25856531989397,2.18579604988733,2.78294701170931));
#4538=CARTESIAN_POINT('Ctrl Pts',(1.53910687949104,1.99818833960353,2.76569893020309));
#4539=CARTESIAN_POINT('Ctrl Pts',(2.00114472562194,1.53264280137021,2.73397964623437));
#4540=CARTESIAN_POINT('Ctrl Pts',(2.18160077476818,1.2625978481305,2.71733160148021));
#4541=CARTESIAN_POINT('Ctrl Pts',(2.43504522210969,0.657489668149455,2.68304550503711));
#4542=CARTESIAN_POINT('Ctrl Pts',(2.50101810095971,0.326436726907289,2.66578212148629));
#4543=CARTESIAN_POINT('Ctrl Pts',(2.49899617416253,-0.329511728237621,2.63406968981778));
#4544=CARTESIAN_POINT('Ctrl Pts',(2.43587861839642,-0.648086556778334,2.61742518526859));
#4545=CARTESIAN_POINT('Ctrl Pts',(2.18763920858846,-1.25539484168392,2.58313695911321));
#4546=CARTESIAN_POINT('Ctrl Pts',(2.00035516952224,-1.53631843928306,2.56585932281079));
#4547=CARTESIAN_POINT('Ctrl Pts',(1.53536938854505,-1.99904662650004,2.53415325949153));
#4548=CARTESIAN_POINT('Ctrl Pts',(1.26560930722721,-2.17984873556491,2.51751204837215));
#4549=CARTESIAN_POINT('Ctrl Pts',(0.660780150533163,-2.43417166392847,2.48322185474469));
#4550=CARTESIAN_POINT('Ctrl Pts',(0.329688954796443,-2.50060793457994,2.46593094961226));
#4551=CARTESIAN_POINT('Ctrl Pts',(-0.326344959072342,-2.49940657279065,
2.4342308029317));
#4552=CARTESIAN_POINT('Ctrl Pts',(-0.644959670031234,-2.43670310428083,
2.41759265443413));
#4553=CARTESIAN_POINT('Ctrl Pts',(-1.25266111266078,-2.18922360078356,2.38330064307079));
#4554=CARTESIAN_POINT('Ctrl Pts',(-1.53391397581925,-2.00221868939632,2.36599739077914));
#4555=CARTESIAN_POINT('Ctrl Pts',(-1.99723657649349,-1.5377154714442,2.33430273939474));
#4556=CARTESIAN_POINT('Ctrl Pts',(-2.17833639298796,-1.26820109530124,2.31766743782207));
#4557=CARTESIAN_POINT('Ctrl Pts',(-2.4331715029173,-0.664192114881468,2.283406602177));
#4558=CARTESIAN_POINT('Ctrl Pts',(-2.49999999981852,-0.333733867189497,
2.26611409657147));
#4559=CARTESIAN_POINT('Ctrl Pts',(-2.5,-1.35946004453658E-9,2.25000000006564));
#4560=CARTESIAN_POINT('Ctrl Pts',(-2.5,-2.37122035201542E-8,2.15000000114493));
#4561=CARTESIAN_POINT('Ctrl Pts',(-2.49999999686853,-0.330153471531587,
2.16594121983536));
#4562=CARTESIAN_POINT('Ctrl Pts',(-2.43459810318751,-0.657161367875066,
2.18303859567612));
#4563=CARTESIAN_POINT('Ctrl Pts',(-2.18362700341031,-1.25910311943636,2.21712233647922));
#4564=CARTESIAN_POINT('Ctrl Pts',(-2.00357274612797,-1.52947782825782,2.23377826740406));
#4565=CARTESIAN_POINT('Ctrl Pts',(-1.54233559440096,-1.99567168559759,2.26551284110029));
#4566=CARTESIAN_POINT('Ctrl Pts',(-1.26223665166211,-2.18365413386365,2.28272690580997));
#4567=CARTESIAN_POINT('Ctrl Pts',(-0.655915642657631,-2.43379544228197,
2.31700550004015));
#4568=CARTESIAN_POINT('Ctrl Pts',(-0.337443060965857,-2.49795040558119,
2.33366581582541));
#4569=CARTESIAN_POINT('Ctrl Pts',(0.318289229205643,-2.50202714273647,2.36540890633288));
#4570=CARTESIAN_POINT('Ctrl Pts',(0.64924589490663,-2.4372132805625,2.38260409928477));
#4571=CARTESIAN_POINT('Ctrl Pts',(1.25504908591901,-2.18596815657803,2.41687976736187));
#4572=CARTESIAN_POINT('Ctrl Pts',(1.52580520878719,-2.00638025993604,2.43354478737319));
#4573=CARTESIAN_POINT('Ctrl Pts',(1.99274944843085,-1.54607137317284,2.46529702743285));
#4574=CARTESIAN_POINT('Ctrl Pts',(2.18116544018428,-1.26648490727231,2.48247200801018));
#4575=CARTESIAN_POINT('Ctrl Pts',(2.43248773362528,-0.660779306929269,2.51674450738207));
#4576=CARTESIAN_POINT('Ctrl Pts',(2.49728761111374,-0.342371967237479,2.5334145712887));
#4577=CARTESIAN_POINT('Ctrl Pts',(2.50264107395784,0.313224454497569,2.5651766360015));
#4578=CARTESIAN_POINT('Ctrl Pts',(2.43854635843836,0.644120961472679,2.5823299840512));
#4579=CARTESIAN_POINT('Ctrl Pts',(2.18866737376098,1.25035332889266,2.61659905181225));
#4580=CARTESIAN_POINT('Ctrl Pts',(2.0096200141812,1.52154974658081,2.63327452039684));
#4581=CARTESIAN_POINT('Ctrl Pts',(1.55038556610545,1.9893608861297,2.66504712931292));
#4582=CARTESIAN_POINT('Ctrl Pts',(1.27139139257474,2.1782774935512,2.68217734301031));
#4583=CARTESIAN_POINT('Ctrl Pts',(0.666398833599571,2.43096381172386,2.71644269419401));
#4584=CARTESIAN_POINT('Ctrl Pts',(0.348068523444527,2.496509255484,2.73312395011103));
#4585=CARTESIAN_POINT('Ctrl Pts',(-0.307369404976294,2.50333807873119,2.76490786929772));
#4586=CARTESIAN_POINT('Ctrl Pts',(-0.638196077224764,2.44007345372246,2.78201336342739));
#4587=CARTESIAN_POINT('Ctrl Pts',(-1.24492186325998,2.19177278812936,2.81627468916501));
#4588=CARTESIAN_POINT('Ctrl Pts',(-1.51662556570401,2.01335112829309,2.83296213762948));
#4589=CARTESIAN_POINT('Ctrl Pts',(-1.98543641926109,1.55535844598514,2.86475818169254));
#4590=CARTESIAN_POINT('Ctrl Pts',(-2.17493001707051,1.27704762443635,2.88183728644725));
#4591=CARTESIAN_POINT('Ctrl Pts',(-2.42918888219234,0.672880108142696,2.91609425198532));
#4592=CARTESIAN_POINT('Ctrl Pts',(-2.49559479216378,0.354640839141116,2.93278832137081));
#4593=CARTESIAN_POINT('Ctrl Pts',(-2.49992942704759,0.0216938205921761,
2.94895111822314));
#4594=CARTESIAN_POINT('Ctrl Pts',(-2.5,0.0108453535296857,2.9494763400084));
#4595=CARTESIAN_POINT('Ctrl Pts',(-2.5,2.77555756156289E-16,2.95));
#4596=CARTESIAN_POINT('Origin',(0.,0.,9.25));
#4597=CARTESIAN_POINT('',(-2.5,-1.43029718152747E-17,3.85));
#4598=CARTESIAN_POINT('',(-2.5,-1.43029718152746E-17,3.75));
#4599=CARTESIAN_POINT('',(-2.5,-3.06161699786838E-16,9.25));
#4600=CARTESIAN_POINT('Ctrl Pts',(-2.5,2.77555756156289E-16,3.85));
#4601=CARTESIAN_POINT('Ctrl Pts',(-2.5,0.0133402710593487,3.84935587473365));
#4602=CARTESIAN_POINT('Ctrl Pts',(-2.49989322244616,0.0266851751392108,
3.84870939021417));
#4603=CARTESIAN_POINT('Ctrl Pts',(-2.49451963084876,0.362210983890409,3.83240129922196));
#4604=CARTESIAN_POINT('Ctrl Pts',(-2.42712224334352,0.680342504833162,3.81569260282228));
#4605=CARTESIAN_POINT('Ctrl Pts',(-2.17105362449098,1.28355655146665,3.7814454797973));
#4606=CARTESIAN_POINT('Ctrl Pts',(-1.98089619750748,1.56108026223093,3.76442452406885));
#4607=CARTESIAN_POINT('Ctrl Pts',(-1.51093444706323,2.01763977486561,3.73260157318178));
#4608=CARTESIAN_POINT('Ctrl Pts',(-1.23864737453677,2.19533798863133,3.71590042603942));
#4609=CARTESIAN_POINT('Ctrl Pts',(-0.631355561531925,2.44181782377506,3.68164818671106));
#4610=CARTESIAN_POINT('Ctrl Pts',(-0.300609888527742,2.50412580330572,3.66459724546341));
#4611=CARTESIAN_POINT('Ctrl Pts',(0.354643164307279,2.49559446552295,3.63278820256895));
#4612=CARTESIAN_POINT('Ctrl Pts',(0.672882400688468,2.42918825108097,3.61609412866909));
#4613=CARTESIAN_POINT('Ctrl Pts',(1.2770496246451,2.17492882984176,3.58183716612396));
#4614=CARTESIAN_POINT('Ctrl Pts',(1.55536020443518,1.98543502801334,3.56475807934806));
#4615=CARTESIAN_POINT('Ctrl Pts',(2.01335244701958,1.51662382086143,3.5329620270064));
#4616=CARTESIAN_POINT('Ctrl Pts',(2.19177388510247,1.24491993908211,3.51627457431792));
#4617=CARTESIAN_POINT('Ctrl Pts',(2.44007399190401,0.638193978813434,3.4820132513434));
#4618=CARTESIAN_POINT('Ctrl Pts',(2.50333832316721,0.307367331351785,3.4649077740629));
#4619=CARTESIAN_POINT('Ctrl Pts',(2.49650897751462,-0.348070540666502,3.43312384715146));
#4620=CARTESIAN_POINT('Ctrl Pts',(2.43096326970016,-0.666400823235292,3.41644258728534));
#4621=CARTESIAN_POINT('Ctrl Pts',(2.17827646867758,-1.27139312937413,3.38217723865265));
#4622=CARTESIAN_POINT('Ctrl Pts',(1.98935968406617,-1.55038709316637,3.36504704073085));
#4623=CARTESIAN_POINT('Ctrl Pts',(1.52154823760296,-2.00962116046447,3.33327442461119));
#4624=CARTESIAN_POINT('Ctrl Pts',(1.25035166410033,-2.18866832833954,3.31659895233731));
#4625=CARTESIAN_POINT('Ctrl Pts',(0.644119144951353,-2.43854682894324,3.28232988693161));
#4626=CARTESIAN_POINT('Ctrl Pts',(0.313222659340358,-2.50264128974939,3.26517655363939));
#4627=CARTESIAN_POINT('Ctrl Pts',(-0.342373714034765,-2.49728737446572,
3.23341448221282));
#4628=CARTESIAN_POINT('Ctrl Pts',(-0.660781030373544,-2.4324872683907,3.21674441486204));
#4629=CARTESIAN_POINT('Ctrl Pts',(-1.26648641236258,-2.18116455653769,3.18247191766498));
#4630=CARTESIAN_POINT('Ctrl Pts',(-1.54607269664215,-1.99274841120149,3.16529695088152));
#4631=CARTESIAN_POINT('Ctrl Pts',(-2.0063812542022,-1.52580390567355,3.1335447045679));
#4632=CARTESIAN_POINT('Ctrl Pts',(-2.1859689853473,-1.25504764770702,3.11687968134339));
#4633=CARTESIAN_POINT('Ctrl Pts',(-2.43522775833845,-0.654032821459377,
3.08287494298928));
#4634=CARTESIAN_POINT('Ctrl Pts',(-2.49999999423871,-0.328560796455445,
3.06586431873256));
#4635=CARTESIAN_POINT('Ctrl Pts',(-2.5,-4.38373607553055E-8,3.05000000211665));
#4636=CARTESIAN_POINT('Ctrl Pts',(-2.5,3.46944695195361E-15,2.95));
#4637=CARTESIAN_POINT('Ctrl Pts',(-2.5,-0.322141239382973,2.96555435498237));
#4638=CARTESIAN_POINT('Ctrl Pts',(-2.43773480742781,-0.641416420831287,
2.98221562829749));
#4639=CARTESIAN_POINT('Ctrl Pts',(-2.19533673134938,-1.23864959464745,3.01590055838159));
#4640=CARTESIAN_POINT('Ctrl Pts',(-2.01763826148644,-1.51093646126042,3.03260170070351));
#4641=CARTESIAN_POINT('Ctrl Pts',(-1.56107824200151,-1.98089780523224,3.06442464210136));
#4642=CARTESIAN_POINT('Ctrl Pts',(-1.28355425316763,-2.17105499784272,3.08144561823613));
#4643=CARTESIAN_POINT('Ctrl Pts',(-0.680339869097635,-2.42712297764262,
3.11569274477294));
#4644=CARTESIAN_POINT('Ctrl Pts',(-0.362208309544231,-2.4945200148127,3.1324014360302));
#4645=CARTESIAN_POINT('Ctrl Pts',(0.29282942730511,-2.50501003517126,3.16423925620072));
#4646=CARTESIAN_POINT('Ctrl Pts',(0.62348138096747,-2.44380099330551,3.18122832425033));
#4647=CARTESIAN_POINT('Ctrl Pts',(1.23141994819648,-2.19941529241819,3.21546990894995));
#4648=CARTESIAN_POINT('Ctrl Pts',(1.50437548465339,-2.02255123320452,3.23218664929501));
#4649=CARTESIAN_POINT('Ctrl Pts',(1.97565768057365,-1.56764081076797,3.26404037512565));
#4650=CARTESIAN_POINT('Ctrl Pts',(2.16657619721191,-1.29102071483293,3.28099552956322));
#4651=CARTESIAN_POINT('Ctrl Pts',(2.42472038363307,-0.688905424655327,3.31523111128482));
#4652=CARTESIAN_POINT('Ctrl Pts',(2.49325646705617,-0.370901411360404,3.33195642498899));
#4653=CARTESIAN_POINT('Ctrl Pts',(2.50599681412946,0.283885485998251,3.36382714009181));
#4654=CARTESIAN_POINT('Ctrl Pts',(2.44604817376483,0.614429083416303,3.38074629705077));
#4655=CARTESIAN_POINT('Ctrl Pts',(2.20406752321888,1.22310486409545,3.41497537655776));
#4656=CARTESIAN_POINT('Ctrl Pts',(2.02816425228032,1.49682484407368,3.43170981173565));
#4657=CARTESIAN_POINT('Ctrl Pts',(1.57514882652182,1.96961932858381,3.46359865738521));
#4658=CARTESIAN_POINT('Ctrl Pts',(1.29956434318427,2.16140883474167,3.48047965944506));
#4659=CARTESIAN_POINT('Ctrl Pts',(0.698713773925294,2.42192909376937,3.5147016964909));
#4660=CARTESIAN_POINT('Ctrl Pts',(0.380860912182374,2.49177080681167,3.53144582454493));
#4661=CARTESIAN_POINT('Ctrl Pts',(-0.273634106709788,2.50708884108071,3.56335400025261));
#4662=CARTESIAN_POINT('Ctrl Pts',(-0.60405272024813,2.44858112858817,3.58019462282053));
#4663=CARTESIAN_POINT('Ctrl Pts',(-1.21356531784134,2.20935419484758,3.61440903308628));
#4664=CARTESIAN_POINT('Ctrl Pts',(-1.48815626272177,2.03455464090199,3.63116344782989));
#4665=CARTESIAN_POINT('Ctrl Pts',(-1.96267678623034,1.58371034148851,3.66309221148774));
#4666=CARTESIAN_POINT('Ctrl Pts',(-2.15545954448484,1.30930877248085,3.67989017097262));
#4667=CARTESIAN_POINT('Ctrl Pts',(-2.41869034772198,0.709909939623572,3.71409632286846));
#4668=CARTESIAN_POINT('Ctrl Pts',(-2.49002415326002,0.392236297480988,3.7308616392846));
#4669=CARTESIAN_POINT('Ctrl Pts',(-2.49967584023172,0.0465004779950059,
3.74774827511206));
#4670=CARTESIAN_POINT('Ctrl Pts',(-2.5,0.0232436767232702,3.74887769600831));
#4671=CARTESIAN_POINT('Ctrl Pts',(-2.5,2.77555756156289E-16,3.75000000000001));
#4672=CARTESIAN_POINT('Origin',(0.,0.,9.25));
#4673=CARTESIAN_POINT('',(-2.5,1.70019999248434E-14,4.64999999999999));
#4674=CARTESIAN_POINT('',(-2.5,5.08638084923262E-14,4.55));
#4675=CARTESIAN_POINT('',(-2.5,-3.06161699786838E-16,9.25));
#4676=CARTESIAN_POINT('Ctrl Pts',(-2.5,3.43101615494737E-14,4.64999999999999));
#4677=CARTESIAN_POINT('Ctrl Pts',(-2.5,0.0275197731186952,4.64867122781006));
#4678=CARTESIAN_POINT('Ctrl Pts',(-2.49954559987126,0.0550573724115711,
4.64733250689367));
#4679=CARTESIAN_POINT('Ctrl Pts',(-2.48797073214193,0.405187742562256,4.63019521977475));
#4680=CARTESIAN_POINT('Ctrl Pts',(-2.41493699988155,0.722648768606862,4.61340617083751));
#4681=CARTESIAN_POINT('Ctrl Pts',(-2.14862431877429,1.32038533215149,4.57921864284665));
#4682=CARTESIAN_POINT('Ctrl Pts',(-1.95471262586058,1.59343996642214,4.56251307530938));
#4683=CARTESIAN_POINT('Ctrl Pts',(-1.47822847267749,2.04180347203249,4.53053911509976));
#4684=CARTESIAN_POINT('Ctrl Pts',(-1.20264871321359,2.21533809990809,4.51376225468599));
#4685=CARTESIAN_POINT('Ctrl Pts',(-0.592190100381905,2.45142089825268,4.47956504947178));
#4686=CARTESIAN_POINT('Ctrl Pts',(-0.261915346735024,2.50828621549166,4.46281211595539));
#4687=CARTESIAN_POINT('Ctrl Pts',(0.392240300217512,2.49002352929685,4.43086143353598));
#4688=CARTESIAN_POINT('Ctrl Pts',(0.70991387805982,2.4186891985662,4.41409610972068));
#4689=CARTESIAN_POINT('Ctrl Pts',(1.30931219872767,2.15545744216524,4.37988996349226));
#4690=CARTESIAN_POINT('Ctrl Pts',(1.58371335147822,1.96267433469268,4.3630920329171));
#4691=CARTESIAN_POINT('Ctrl Pts',(2.03455688564843,1.48815320405841,4.33116325524951));
#4692=CARTESIAN_POINT('Ctrl Pts',(2.20935605002633,1.21356195311214,4.31440883351908));
#4693=CARTESIAN_POINT('Ctrl Pts',(2.44858201351866,0.604049062037614,4.28019442848777));
#4694=CARTESIAN_POINT('Ctrl Pts',(2.50708921872234,0.273630492705262,4.26335383330574));
#4695=CARTESIAN_POINT('Ctrl Pts',(2.49177027601278,-0.380864422465756,4.23144564443735));
#4696=CARTESIAN_POINT('Ctrl Pts',(2.42192810267153,-0.698717229987143,4.2147015097954));
#4697=CARTESIAN_POINT('Ctrl Pts',(2.16140700666555,-1.29956735244879,4.18047947758327));
#4698=CARTESIAN_POINT('Ctrl Pts',(1.96961719375079,-1.57515147076907,4.16359850142129));
#4699=CARTESIAN_POINT('Ctrl Pts',(1.4968221764072,-2.02816622765987,4.13170964342161));
#4700=CARTESIAN_POINT('Ctrl Pts',(1.22310192730611,-2.20406915905177,4.11497520204025));
#4701=CARTESIAN_POINT('Ctrl Pts',(0.614425887541872,-2.44604896095499,4.08074612699638));
#4702=CARTESIAN_POINT('Ctrl Pts',(0.283882328491942,-2.50599715689348,4.06382699448908));
#4703=CARTESIAN_POINT('Ctrl Pts',(-0.370904479684381,-2.49325601561268,
4.03195626780822));
#4704=CARTESIAN_POINT('Ctrl Pts',(-0.688908447239349,-2.42471953005782,
4.01523094826993));
#4705=CARTESIAN_POINT('Ctrl Pts',(-1.2910233486887,-2.166574611192,3.9809953706689));
#4706=CARTESIAN_POINT('Ctrl Pts',(-1.56764312557971,-1.97565582601706,3.96404023928339));
#4707=CARTESIAN_POINT('Ctrl Pts',(-2.02255296504524,-1.50437316403061,3.9321865026085));
#4708=CARTESIAN_POINT('Ctrl Pts',(-2.19941672905355,-1.23141739179404,3.91546975678311));
#4709=CARTESIAN_POINT('Ctrl Pts',(-2.43882086561649,-0.635869033026056,
3.88192605555611));
#4710=CARTESIAN_POINT('Ctrl Pts',(-2.5,-0.319320213216751,3.86541814378975));
#4711=CARTESIAN_POINT('Ctrl Pts',(-2.5,-1.17961196366423E-15,3.85));
#4712=CARTESIAN_POINT('Ctrl Pts',(-2.5,-2.4980018054066E-15,3.75));
#4713=CARTESIAN_POINT('Ctrl Pts',(-2.5,-0.308160409879493,3.76487930081836));
#4714=CARTESIAN_POINT('Ctrl Pts',(-2.44302355830915,-0.613905293461421,
3.78078149854363));
#4715=CARTESIAN_POINT('Ctrl Pts',(-2.21533600562285,-1.20265255634416,3.81376248213459));
#4716=CARTESIAN_POINT('Ctrl Pts',(-2.04180093208436,-1.47823196917339,3.83053933472462));
#4717=CARTESIAN_POINT('Ctrl Pts',(-1.59343655381436,-1.95471543322266,3.86251327911311));
#4718=CARTESIAN_POINT('Ctrl Pts',(-1.32038144661701,-2.14862673012447,3.87921887868399));
#4719=CARTESIAN_POINT('Ctrl Pts',(-0.722644297703148,-2.41493832998143,
3.91340641331397));
#4720=CARTESIAN_POINT('Ctrl Pts',(-0.405183195406875,-2.48797146520351,
3.93019545399221));
#4721=CARTESIAN_POINT('Ctrl Pts',(0.248578819171776,-2.50958283052755,3.96219410374189));
#4722=CARTESIAN_POINT('Ctrl Pts',(0.578688639305856,-2.45458054840798,3.97884994825999));
#4723=CARTESIAN_POINT('Ctrl Pts',(1.19021027047427,-2.22207115027551,4.01302701253566));
#4724=CARTESIAN_POINT('Ctrl Pts',(1.46690652405342,-2.04998022383684,4.02982890802541));
#4725=CARTESIAN_POINT('Ctrl Pts',(1.94561323537238,-1.60443862017273,4.06185374479599));
#4726=CARTESIAN_POINT('Ctrl Pts',(2.14080147522672,-1.33291004891507,4.07845743915433));
#4727=CARTESIAN_POINT('Ctrl Pts',(2.41060013682987,-0.737068683493709,4.11262317849485));
#4728=CARTESIAN_POINT('Ctrl Pts',(2.48556102750305,-0.419859570038506,4.12943860718456));
#4729=CARTESIAN_POINT('Ctrl Pts',(2.51096902153059,0.233446253426238,4.16149116265282));
#4730=CARTESIAN_POINT('Ctrl Pts',(2.45807299365354,0.56336745759758,4.17804032726164));
#4731=CARTESIAN_POINT('Ctrl Pts',(2.22961218645589,1.17607794335688,4.21219382269616));
#4732=CARTESIAN_POINT('Ctrl Pts',(2.05916469665258,1.45402970858954,4.22902347091843));
#4733=CARTESIAN_POINT('Ctrl Pts',(1.61682337185261,1.93524283908288,4.26110532273501));
#4734=CARTESIAN_POINT('Ctrl Pts',(1.34701769044584,2.13186919230701,4.2775976163056));
#4735=CARTESIAN_POINT('Ctrl Pts',(0.753331074172765,2.40559615288979,4.31173788113337));
#4736=CARTESIAN_POINT('Ctrl Pts',(0.43642046924624,2.48273415756572,4.32858243883636));
#4737=CARTESIAN_POINT('Ctrl Pts',(-0.21635800831739,2.51242584265857,4.36069520561341));
#4738=CARTESIAN_POINT('Ctrl Pts',(-0.54606447389497,2.46189871849161,4.3771283508064));
#4739=CARTESIAN_POINT('Ctrl Pts',(-1.16009561126935,2.23800218635233,4.41125432744055));
#4740=CARTESIAN_POINT('Ctrl Pts',(-1.43945070440482,2.06941725144509,4.42811448323001));
#4741=CARTESIAN_POINT('Ctrl Pts',(-1.92347472662883,1.63068784718617,4.46025981849454));
#4742=CARTESIAN_POINT('Ctrl Pts',(-2.12171221309683,1.36281675446634,4.47663163042878));
#4743=CARTESIAN_POINT('Ctrl Pts',(-2.39984101301725,0.771568707185202,4.51074218751664));
#4744=CARTESIAN_POINT('Ctrl Pts',(-2.47942528452845,0.455011167492115,4.52761862305883));
#4745=CARTESIAN_POINT('Ctrl Pts',(-2.49883854881277,0.0880349008969883,
4.54572606994218));
#4746=CARTESIAN_POINT('Ctrl Pts',(-2.5,0.0439974994462224,4.54787561280254));
#4747=CARTESIAN_POINT('Ctrl Pts',(-2.5,1.02033778684439E-13,4.55));
#4748=CARTESIAN_POINT('Origin',(0.,0.,9.25));
#4749=CARTESIAN_POINT('',(-2.5,6.78480794083982E-14,5.44999999999999));
#4750=CARTESIAN_POINT('',(-2.5,1.01886035407191E-13,5.34999999999999));
#4751=CARTESIAN_POINT('',(-2.5,-3.06161699786838E-16,9.25));
#4752=CARTESIAN_POINT('Ctrl Pts',(-2.5,1.36002320516583E-13,5.44999999999999));
#4753=CARTESIAN_POINT('Ctrl Pts',(-2.5,0.0508762760909622,5.44754347608516));
#4754=CARTESIAN_POINT('Ctrl Pts',(-2.49844699238761,0.101802725330602,5.44505346944407));
#4755=CARTESIAN_POINT('Ctrl Pts',(-2.47556122089248,0.475765862425239,5.42653921646614));
#4756=CARTESIAN_POINT('Ctrl Pts',(-2.39324302888373,0.791906669804082,5.4096282241301));
#4757=CARTESIAN_POINT('Ctrl Pts',(-2.11020949571115,1.38040750544715,5.3755522194891));
#4758=CARTESIAN_POINT('Ctrl Pts',(-1.91017698240251,1.64611800227395,5.35930914350342));
#4759=CARTESIAN_POINT('Ctrl Pts',(-1.42301802914437,2.08079024838467,5.32709358354146));
#4760=CARTESIAN_POINT('Ctrl Pts',(-1.14210395813759,2.24727344767508,5.31020018835393));
#4761=CARTESIAN_POINT('Ctrl Pts',(-0.526615804577807,2.46604952700424,5.27610626981127));
#4762=CARTESIAN_POINT('Ctrl Pts',(-0.197152707710748,2.51392599615641,5.25979789473932));
#4763=CARTESIAN_POINT('Ctrl Pts',(0.455017649086556,2.47942410583883,5.22761828652582));
#4764=CARTESIAN_POINT('Ctrl Pts',(0.771575062359327,2.39983898101578,5.2107418400215));
#4765=CARTESIAN_POINT('Ctrl Pts',(1.3628222557895,2.12170864783064,5.17663129349592));
#4766=CARTESIAN_POINT('Ctrl Pts',(1.63069267390842,1.92347060020615,5.16025952271862));
#4767=CARTESIAN_POINT('Ctrl Pts',(2.06942081525165,1.43944559845224,5.12811416541652));
#4768=CARTESIAN_POINT('Ctrl Pts',(2.23800509749655,1.16009001718042,5.111253999111));
#4769=CARTESIAN_POINT('Ctrl Pts',(2.46190003467189,0.546058421928762,5.07712803226785));
#4770=CARTESIAN_POINT('Ctrl Pts',(2.51242633206234,0.21635203176224,5.06069492682771));
#4771=CARTESIAN_POINT('Ctrl Pts',(2.48273314939751,-0.436426259100728,5.02858213911394));
#4772=CARTESIAN_POINT('Ctrl Pts',(2.4055943832419,-0.753336757032513,5.01173757134752));
#4773=CARTESIAN_POINT('Ctrl Pts',(2.13186605046803,-1.34702261709466,4.97759731558902));
#4774=CARTESIAN_POINT('Ctrl Pts',(1.93523919495713,-1.61682769608985,4.96110506029616));
#4775=CARTESIAN_POINT('Ctrl Pts',(1.45402518860529,-2.05916789921521,4.92902318862288));
#4776=CARTESIAN_POINT('Ctrl Pts',(1.17607298531918,-2.22961481187085,4.91219353079248));
#4777=CARTESIAN_POINT('Ctrl Pts',(0.563362085968214,-2.45807420080551,4.87804004375325));
#4778=CARTESIAN_POINT('Ctrl Pts',(0.23344094818464,-2.5109694916704,4.86149091589575));
#4779=CARTESIAN_POINT('Ctrl Pts',(-0.419864713567223,-2.4855601671433,4.82943834162568));
#4780=CARTESIAN_POINT('Ctrl Pts',(-0.737073736645156,-2.41059860059683,
4.81262290378231));
#4781=CARTESIAN_POINT('Ctrl Pts',(-1.33291443539971,-2.14079871787029,4.77845717220884));
#4782=CARTESIAN_POINT('Ctrl Pts',(-1.60444247161721,-1.94561003091363,4.761853513042));
#4783=CARTESIAN_POINT('Ctrl Pts',(-2.04998308382147,-1.46690254077189,4.72982865849573));
#4784=CARTESIAN_POINT('Ctrl Pts',(-2.22207350212473,-1.19020589646963,4.71302675430291));
#4785=CARTESIAN_POINT('Ctrl Pts',(-2.44478510660242,-0.604449869142786,
4.68028971930507));
#4786=CARTESIAN_POINT('Ctrl Pts',(-2.5,-0.303360641276495,4.6646475474892));
#4787=CARTESIAN_POINT('Ctrl Pts',(-2.5,3.02535774210355E-14,4.64999999999999));
#4788=CARTESIAN_POINT('Ctrl Pts',(-2.5,1.0325074129014E-13,4.55));
#4789=CARTESIAN_POINT('Ctrl Pts',(-2.5,-0.284971281349725,4.56375963064643));
#4790=CARTESIAN_POINT('Ctrl Pts',(-2.45127795382851,-0.568175450907257,
4.57840837851127));
#4791=CARTESIAN_POINT('Ctrl Pts',(-2.24727024404762,-1.14211023677113,4.61020055558589));
#4792=CARTESIAN_POINT('Ctrl Pts',(-2.08078631038257,-1.42302376754404,4.62709393937612));
#4793=CARTESIAN_POINT('Ctrl Pts',(-1.64611265001012,-1.91018163212815,4.65930947505748));
#4794=CARTESIAN_POINT('Ctrl Pts',(-1.38040140232281,-2.11021352237698,4.6755525947075));
#4795=CARTESIAN_POINT('Ctrl Pts',(-0.791899607610711,-2.39324535310316,
4.70962861160752));
#4796=CARTESIAN_POINT('Ctrl Pts',(-0.47575865128962,-2.47556259468864,4.72653959212666));
#4797=CARTESIAN_POINT('Ctrl Pts',(0.175713536224156,-2.51542946635143,4.75879278937201));
#4798=CARTESIAN_POINT('Ctrl Pts',(0.504902674734651,-2.47049781061369,4.77496890148827));
#4799=CARTESIAN_POINT('Ctrl Pts',(1.12198380578406,-2.25742652611102,4.8090256398916));
#4800=CARTESIAN_POINT('Ctrl Pts',(1.40461552805895,-2.09329994806712,4.82595483819394));
#4801=CARTESIAN_POINT('Ctrl Pts',(1.89524437203774,-1.66315429117534,4.85824740751628));
#4802=CARTESIAN_POINT('Ctrl Pts',(2.09726180561704,-1.39983891073777,4.87435503444362));
#4803=CARTESIAN_POINT('Ctrl Pts',(2.38571856305304,-0.814412675833502,4.90839104871384));
#4804=CARTESIAN_POINT('Ctrl Pts',(2.47106946816962,-0.498761568289072,4.9253390505124));
#4805=CARTESIAN_POINT('Ctrl Pts',(2.51688745075596,0.151911608935962,4.95767269034671));
#4806=CARTESIAN_POINT('Ctrl Pts',(2.47520836412539,0.480794109998683,4.97371062593895));
#4807=CARTESIAN_POINT('Ctrl Pts',(2.26845719983942,1.09960310626476,5.00772439065075));
#4808=CARTESIAN_POINT('Ctrl Pts',(2.10695968331029,1.38411391395557,5.02469173799271));
#4809=CARTESIAN_POINT('Ctrl Pts',(1.68183686836351,1.87855914630918,5.05706812200762));
#4810=CARTESIAN_POINT('Ctrl Pts',(1.42116023250855,2.08275790070454,5.07303547186164));
#4811=CARTESIAN_POINT('Ctrl Pts',(0.839156733443148,2.37717273093468,5.10702538328209));
#4812=CARTESIAN_POINT('Ctrl Pts',(0.524079005209642,2.46586693880121,5.12401256593348));
#4813=CARTESIAN_POINT('Ctrl Pts',(-0.125684571006103,2.51823707434198,5.15643332940502));
#4814=CARTESIAN_POINT('Ctrl Pts',(-0.454226593369778,2.48012245234893,5.1723295509952));
#4815=CARTESIAN_POINT('Ctrl Pts',(-1.07489091584783,2.28031973563687,5.20629392982959));
#4816=CARTESIAN_POINT('Ctrl Pts',(-1.36143849338393,2.12173444921363,5.22330137651712));
#4817=CARTESIAN_POINT('Ctrl Pts',(-1.86004620362625,1.70214367624078,5.25576810190399));
#4818=CARTESIAN_POINT('Ctrl Pts',(-2.06662260134346,1.44435043870598,5.27159304366811));
#4819=CARTESIAN_POINT('Ctrl Pts',(-2.36752789042963,0.866129228051454,5.30553013922611));
#4820=CARTESIAN_POINT('Ctrl Pts',(-2.45987737227426,0.55171876568674,5.32255820891085));
#4821=CARTESIAN_POINT('Ctrl Pts',(-2.49652187739152,0.152363424697933,5.34257368062162));
#4822=CARTESIAN_POINT('Ctrl Pts',(-2.5,0.076138722254566,5.34632369728223));
#4823=CARTESIAN_POINT('Ctrl Pts',(-2.5,2.04078232514169E-13,5.34999999999999));
#4824=CARTESIAN_POINT('Origin',(0.,0.,9.25));
#4825=CARTESIAN_POINT('Ctrl Pts',(-2.5,2.06674954927877E-13,5.34999999999999));
#4826=CARTESIAN_POINT('Ctrl Pts',(-2.5,-0.249588485336789,5.36205119812624));
#4827=CARTESIAN_POINT('Ctrl Pts',(-2.46262767311228,-0.4981808930481,5.3748017479081));
#4828=CARTESIAN_POINT('Ctrl Pts',(-2.29293922831561,-1.04781802228748,5.4047343450399));
#4829=CARTESIAN_POINT('Ctrl Pts',(-2.13755544289027,-1.33655175099142,5.42178331842344));
#4830=CARTESIAN_POINT('Ctrl Pts',(-1.72400958362286,-1.83965953099447,5.45434642812516));
#4831=CARTESIAN_POINT('Ctrl Pts',(-1.46933997649457,-2.04880554600828,5.47003010094048));
#4832=CARTESIAN_POINT('Ctrl Pts',(-0.895265622010269,-2.35671853763559,
5.50390712262115));
#4833=CARTESIAN_POINT('Ctrl Pts',(-0.58162615478655,-2.45302945639995,5.52097719410578));
#4834=CARTESIAN_POINT('Ctrl Pts',(0.0659509740000166,-2.52030746416584,
5.55359054400108));
#4835=CARTESIAN_POINT('Ctrl Pts',(0.393709796589258,-2.49024052874811,5.56920518003645));
#4836=CARTESIAN_POINT('Ctrl Pts',(1.01841514842452,-2.30620647363262,5.60304930379652));
#4837=CARTESIAN_POINT('Ctrl Pts',(1.30947048229681,-2.15431269101023,5.62014057413767));
#4838=CARTESIAN_POINT('Ctrl Pts',(1.8173969351342,-1.74731521549136,5.65280538227061));
#4839=CARTESIAN_POINT('Ctrl Pts',(2.0292946484369,-1.49599790558277,5.66835272431006));
#4840=CARTESIAN_POINT('Ctrl Pts',(2.29018940722377,-1.02486914543579,5.69631872833322));
#4841=CARTESIAN_POINT('Ctrl Pts',(2.36911445418095,-0.826209342978384,5.70748937306007));
#4842=CARTESIAN_POINT('Ctrl Pts',(2.47377667048312,-0.417341849507175,5.72932448634515));
#4843=CARTESIAN_POINT('Ctrl Pts',(2.5,-0.209064323089156,5.7399054815158));
#4844=CARTESIAN_POINT('Ctrl Pts',(2.5,-1.94289029309402E-14,5.75000000000001));
#4845=CARTESIAN_POINT('',(1.76776695296642,-1.76776695296632,5.75));
#4846=CARTESIAN_POINT('Origin',(0.,0.,5.75));
#4847=CARTESIAN_POINT('Ctrl Pts',(1.76776695296641,-1.76776695296633,5.75));
#4848=CARTESIAN_POINT('Ctrl Pts',(1.63253617383321,-1.90299773209953,5.74076586479666));
#4849=CARTESIAN_POINT('Ctrl Pts',(1.4822111425784,-2.02228997098387,5.7311216854345));
#4850=CARTESIAN_POINT('Ctrl Pts',(1.15414566052586,-2.22619633154041,5.71120315550101));
#4851=CARTESIAN_POINT('Ctrl Pts',(0.97711122014024,-2.30938385292062,5.70099142613369));
#4852=CARTESIAN_POINT('Ctrl Pts',(0.480785754730256,-2.47520995512722,5.67371019069068));
#4853=CARTESIAN_POINT('Ctrl Pts',(0.151903360345339,-2.51688791754652,5.65767230140516));
#4854=CARTESIAN_POINT('Ctrl Pts',(-0.498769535617655,-2.47106787344002,
5.62533863392098));
#4855=CARTESIAN_POINT('Ctrl Pts',(-0.814420468378539,-2.38571591692126,
5.60839061953366));
#4856=CARTESIAN_POINT('Ctrl Pts',(-1.3998456323926,-2.09725728244625,5.57435461942982));
#4857=CARTESIAN_POINT('Ctrl Pts',(-1.66316018274041,-1.89523916179357,5.55824703811196));
#4858=CARTESIAN_POINT('Ctrl Pts',(-2.09330426548715,-1.40460911620094,5.52595444225348));
#4859=CARTESIAN_POINT('Ctrl Pts',(-2.25743002189068,-1.12197680059327,5.50902523173531));
#4860=CARTESIAN_POINT('Ctrl Pts',(-2.45385157596669,-0.553109576704111,
5.47762946131173));
#4861=CARTESIAN_POINT('Ctrl Pts',(-2.5,-0.277344503415618,5.46339137723192));
#4862=CARTESIAN_POINT('Ctrl Pts',(-2.5,1.34961486430996E-13,5.44999999999999));
#4863=CARTESIAN_POINT('Origin',(0.,0.,-9.25));
#4864=CARTESIAN_POINT('',(-2.33516660498394,9.74352078082819E-14,-8.85483339501605));
#4865=CARTESIAN_POINT('Ctrl Pts',(-2.33516660498394,1.94774751882676E-13,
-8.85483339501605));
#4866=CARTESIAN_POINT('Ctrl Pts',(-2.32913121339787,0.184164440888489,-8.86086878660212));
#4867=CARTESIAN_POINT('Ctrl Pts',(-2.30074967111036,0.377952427946696,-8.86756047759455));
#4868=CARTESIAN_POINT('Ctrl Pts',(-2.1587731478974,0.859277318355693,-8.88532529527732));
#4869=CARTESIAN_POINT('Ctrl Pts',(-2.02146320651757,1.12385766370264,-8.89604415426251));
#4870=CARTESIAN_POINT('Ctrl Pts',(-1.67097126903752,1.56572654495469,-8.9158904845177));
#4871=CARTESIAN_POINT('Ctrl Pts',(-1.44760356086956,1.77207202318956,-8.92574797892336));
#4872=CARTESIAN_POINT('Ctrl Pts',(-0.906454701332844,2.07040361609878,-8.94821269949695));
#4873=CARTESIAN_POINT('Ctrl Pts',(-0.630158788582827,2.15942597310825,-8.95894682929452));
#4874=CARTESIAN_POINT('Ctrl Pts',(-0.0893088289266028,2.22439925407805,
-8.97868590230224));
#4875=CARTESIAN_POINT('Ctrl Pts',(0.207122986333977,2.21553224598479,-8.98855874658982));
#4876=CARTESIAN_POINT('Ctrl Pts',(0.788438394553088,2.05036618595854,-9.01113960640797));
#4877=CARTESIAN_POINT('Ctrl Pts',(1.04034712553701,1.92265268643264,-9.0218876397304));
#4878=CARTESIAN_POINT('Ctrl Pts',(1.45643358377831,1.59865284964146,-9.04157874232124));
#4879=CARTESIAN_POINT('Ctrl Pts',(1.6557220163944,1.39014747736583,-9.05145083224544));
#4880=CARTESIAN_POINT('Ctrl Pts',(1.94460747969541,0.877050971010274,-9.07408457436796));
#4881=CARTESIAN_POINT('Ctrl Pts',(2.03094199631852,0.616970503812126,-9.0848253665735));
#4882=CARTESIAN_POINT('Ctrl Pts',(2.09611530363036,0.111497973487421,-9.10445219995592));
#4883=CARTESIAN_POINT('Ctrl Pts',(2.09185655177453,-0.168759997585052,-9.11432559306604));
#4884=CARTESIAN_POINT('Ctrl Pts',(1.94001646664641,-0.721264480880303,-9.137000753476));
#4885=CARTESIAN_POINT('Ctrl Pts',(1.8221098799617,-0.959101999862686,-9.14772611565888));
#4886=CARTESIAN_POINT('Ctrl Pts',(1.56938173062943,-1.28998400852051,-9.16427863905204));
#4887=CARTESIAN_POINT('Ctrl Pts',(1.41766870209183,-1.46233221689182,-9.17265561435292));
#4888=CARTESIAN_POINT('Ctrl Pts',(1.01189726218117,-1.73506424288035,-9.19225250319058));
#4889=CARTESIAN_POINT('Ctrl Pts',(0.82164682896572,-1.82337145891721,-9.20092751239608));
#4890=CARTESIAN_POINT('Ctrl Pts',(0.621159034210501,-1.88044814947537,-9.20961524227067));
#4891=CARTESIAN_POINT('Ctrl Pts',(2.37614724856428,-0.777125635364305,-8.69));
#4892=CARTESIAN_POINT('Ctrl Pts',(2.30202619048699,-0.935076434173094,-8.71134997333218));
#4893=CARTESIAN_POINT('Ctrl Pts',(2.21133085641261,-1.08464074814298,-8.73307516099439));
#4894=CARTESIAN_POINT('Ctrl Pts',(1.99954010586183,-1.36237659906357,-8.77667556596722));
#4895=CARTESIAN_POINT('Ctrl Pts',(1.87897164550998,-1.48970570253478,-8.79842860439385));
#4896=CARTESIAN_POINT('Ctrl Pts',(1.45587169378136,-1.85049258393359,-8.86604248087978));
#4897=CARTESIAN_POINT('Ctrl Pts',(1.18090337104879,-1.96978229453813,-8.90424768648296));
#4898=CARTESIAN_POINT('Ctrl Pts',(0.690846056733824,-2.12490777090978,-8.9739713357848));
#4899=CARTESIAN_POINT('Ctrl Pts',(0.401557572034447,-2.15749355940295,-9.01415822740125));
#4900=CARTESIAN_POINT('Ctrl Pts',(-0.0751555455946795,-2.11821144905073,
-9.07881315735137));
#4901=CARTESIAN_POINT('Ctrl Pts',(-0.256669279428127,-2.07882555222636,
-9.10375650389969));
#4902=CARTESIAN_POINT('Ctrl Pts',(-0.596028879881719,-1.95150455493874,
-9.15672721080511));
#4903=CARTESIAN_POINT('Ctrl Pts',(-0.749571400522441,-1.86964813776383,
-9.18297374104644));
#4904=CARTESIAN_POINT('Ctrl Pts',(-0.890451872878245,-1.76890340344923,
-9.20961524227067));
#4905=CARTESIAN_POINT('Ctrl Pts',(1.13067902595778,-2.22970063915746,-8.68999999999999));
#4906=CARTESIAN_POINT('Ctrl Pts',(0.858428194983081,-2.35663819425521,-8.69991822265924));
#4907=CARTESIAN_POINT('Ctrl Pts',(0.565471195850885,-2.43331312813129,-8.70995461396747));
#4908=CARTESIAN_POINT('Ctrl Pts',(-0.0394617507910195,-2.47918789002451,
-8.72946670414687));
#4909=CARTESIAN_POINT('Ctrl Pts',(-0.346598309457572,-2.44586629599438,
-8.73888403048012));
#4910=CARTESIAN_POINT('Ctrl Pts',(-0.937306714557535,-2.26369875620385,
-8.75968128601683));
#4911=CARTESIAN_POINT('Ctrl Pts',(-1.21389681385115,-2.11601542324814,-8.77036475942745));
#4912=CARTESIAN_POINT('Ctrl Pts',(-1.67984654725313,-1.73788752805877,-8.79031332174022));
#4913=CARTESIAN_POINT('Ctrl Pts',(-1.89282233427758,-1.49863477607083,-8.80019276283283));
#4914=CARTESIAN_POINT('Ctrl Pts',(-2.19841990080685,-0.929427862042274,
-8.82248040091695));
#4915=CARTESIAN_POINT('Ctrl Pts',(-2.28913124785197,-0.637344597602716,
-8.83318244243565));
#4916=CARTESIAN_POINT('Ctrl Pts',(-2.33405688176039,-0.228820371494285,
-8.84723523660053));
#4917=CARTESIAN_POINT('Ctrl Pts',(-2.33897917935941,-0.116337211627253,
-8.85102082064059));
#4918=CARTESIAN_POINT('Ctrl Pts',(-2.33516660498394,1.94635974004598E-13,
-8.85483339501605));
#4919=CARTESIAN_POINT('',(-1.93999999999999,-2.37581479034586E-16,-9.25));
#4920=CARTESIAN_POINT('',(-1.93999999999999,-2.37581479034586E-16,-9.25));
#4921=CARTESIAN_POINT('Origin',(0.,0.,-9.25));
#4922=CARTESIAN_POINT('Origin',(0.,0.,5.75));
#4923=CARTESIAN_POINT('Ctrl Pts',(-2.3700961894323,1.57887058128454E-12,
5.52499999999994));
#4924=CARTESIAN_POINT('Ctrl Pts',(-2.37424648744325,-0.188191034039812,
5.53218852702147));
#4925=CARTESIAN_POINT('Ctrl Pts',(-2.35598396823101,-0.369723684942588,
5.53943931535188));
#4926=CARTESIAN_POINT('Ctrl Pts',(-2.2569695262764,-0.844913206361867,5.55913070363911));
#4927=CARTESIAN_POINT('Ctrl Pts',(-2.13476282291983,-1.13405178867058,5.57197082591356));
#4928=CARTESIAN_POINT('Ctrl Pts',(-1.77045784353655,-1.67306740949637,5.59781341687006));
#4929=CARTESIAN_POINT('Ctrl Pts',(-1.53451199762394,-1.89340757520409,5.60945377759165));
#4930=CARTESIAN_POINT('Ctrl Pts',(-1.02091838186923,-2.23097274802969,5.63393499877479));
#4931=CARTESIAN_POINT('Ctrl Pts',(-0.725124842945697,-2.35155921851543,
5.64677054841525));
#4932=CARTESIAN_POINT('Ctrl Pts',(-0.0751543537451829,-2.47840584981096,
5.67262423668844));
#4933=CARTESIAN_POINT('Ctrl Pts',(0.2534663735588,-2.46773371227273,5.68426686734962));
#4934=CARTESIAN_POINT('Ctrl Pts',(0.774526944239885,-2.36074219741174,5.70507836710639));
#4935=CARTESIAN_POINT('Ctrl Pts',(0.990556526600343,-2.28423011927654,5.71413981767443));
#4936=CARTESIAN_POINT('Ctrl Pts',(1.34622417159314,-2.09985270856719,5.72984459621041));
#4937=CARTESIAN_POINT('Ctrl Pts',(1.55289650060094,-1.97383651660096,5.7392211566632));
#4938=CARTESIAN_POINT('Ctrl Pts',(1.76776695296641,-1.76776695296632,5.75));
#4939=CARTESIAN_POINT('Origin',(0.,0.,5.75));
#4940=CARTESIAN_POINT('Origin',(0.,0.,8.77726435625392));
#4941=CARTESIAN_POINT('',(-4.,-2.3094010767585,8.77726435625391));
#4942=CARTESIAN_POINT('',(-4.,2.30940107675851,8.77726435625391));
#4943=CARTESIAN_POINT('Ctrl Pts',(-4.,-2.30940107676652,8.7772643562516));
#4944=CARTESIAN_POINT('Ctrl Pts',(-4.,2.22044604925031E-16,9.44393102292231));
#4945=CARTESIAN_POINT('Ctrl Pts',(-4.,2.30940107676652,8.7772643562516));
#4946=CARTESIAN_POINT('',(1.91787408955352E-16,-4.618802153517,8.77726435625391));
#4947=CARTESIAN_POINT('Ctrl Pts',(6.94560163726679E-12,-4.61880215352101,
8.7772643562516));
#4948=CARTESIAN_POINT('Ctrl Pts',(-2.,-3.46410161513775,9.44393102292231));
#4949=CARTESIAN_POINT('Ctrl Pts',(-4.00000000000694,-2.30940107675449,8.7772643562516));
#4950=CARTESIAN_POINT('',(3.99999999999999,-2.3094010767585,8.77726435625391));
#4951=CARTESIAN_POINT('Ctrl Pts',(4.00000000000694,-2.30940107675449,8.7772643562516));
#4952=CARTESIAN_POINT('Ctrl Pts',(2.,-3.46410161513775,9.44393102292231));
#4953=CARTESIAN_POINT('Ctrl Pts',(-6.95269467271223E-12,-4.61880215352102,
8.7772643562516));
#4954=CARTESIAN_POINT('',(4.,-9.79726057700724E-16,9.13452994616208));
#4955=CARTESIAN_POINT('Ctrl Pts',(4.,-2.30940107676652,8.7772643562516));
#4956=CARTESIAN_POINT('Ctrl Pts',(4.,-1.07179676972771,9.13452994616208));
#4957=CARTESIAN_POINT('Ctrl Pts',(4.,-1.46959339574251E-15,9.13452994616208));
#4958=CARTESIAN_POINT('',(3.8,-4.65365783675994E-16,9.25));
#4959=CARTESIAN_POINT('',(4.61880215351701,-5.6564012731995E-16,8.77726435625392));
#4960=CARTESIAN_POINT('Origin',(0.,0.,9.25));
#4961=CARTESIAN_POINT('',(3.99999999999999,2.3094010767585,8.77726435625391));
#4962=CARTESIAN_POINT('Ctrl Pts',(4.,-1.46959339574251E-15,9.13452994616208));
#4963=CARTESIAN_POINT('Ctrl Pts',(4.,1.07179676972771,9.13452994616208));
#4964=CARTESIAN_POINT('Ctrl Pts',(4.,2.30940107676652,8.7772643562516));
#4965=CARTESIAN_POINT('',(-3.03576608295941E-15,4.61880215351701,8.77726435625392));
#4966=CARTESIAN_POINT('Ctrl Pts',(-6.95142805923983E-12,4.61880215352102,
8.7772643562516));
#4967=CARTESIAN_POINT('Ctrl Pts',(2.,3.46410161513775,9.44393102292231));
#4968=CARTESIAN_POINT('Ctrl Pts',(4.00000000000694,2.30940107675449,8.7772643562516));
#4969=CARTESIAN_POINT('Ctrl Pts',(-4.00000000000695,2.30940107675449,8.7772643562516));
#4970=CARTESIAN_POINT('Ctrl Pts',(-2.,3.46410161513776,9.44393102292231));
#4971=CARTESIAN_POINT('Ctrl Pts',(6.94028186068271E-12,4.61880215352102,
8.7772643562516));
#4972=CARTESIAN_POINT('Origin',(0.,0.,9.25));
#4973=CARTESIAN_POINT('',(-3.8,-4.65365783675994E-16,6.03));
#4974=CARTESIAN_POINT('Origin',(0.,0.,6.03));
#4975=CARTESIAN_POINT('',(-3.8,-4.65365783675994E-16,5.75));
#4976=CARTESIAN_POINT('',(-3.8,-4.65365783675994E-16,9.25));
#4977=CARTESIAN_POINT('Origin',(0.,0.,5.75));
#4978=CARTESIAN_POINT('Origin',(0.,4.61880215351701,6.03));
#4979=CARTESIAN_POINT('',(3.99999999999999,-2.3094010767585,6.03));
#4980=CARTESIAN_POINT('',(4.,2.3094010767585,6.03));
#4981=CARTESIAN_POINT('',(3.99999999999999,4.61880215351701,6.03));
#4982=CARTESIAN_POINT('',(1.91787408955352E-16,-4.618802153517,6.03));
#4983=CARTESIAN_POINT('',(4.,-2.3094010767585,6.03));
#4984=CARTESIAN_POINT('',(-4.,-2.3094010767585,6.03));
#4985=CARTESIAN_POINT('',(-4.,-2.3094010767585,6.03));
#4986=CARTESIAN_POINT('',(-4.,2.30940107675851,6.03));
#4987=CARTESIAN_POINT('',(-4.,4.61880215351701,6.03));
#4988=CARTESIAN_POINT('',(-1.76002759346888E-15,4.61880215351701,6.03));
#4989=CARTESIAN_POINT('',(-4.4000689836722E-16,4.61880215351701,6.03));
#4990=CARTESIAN_POINT('',(-4.33680868994202E-16,4.61880215351701,6.03));
#4991=CARTESIAN_POINT('Origin',(3.99999999999999,-2.3094010767585,-9.25));
#4992=CARTESIAN_POINT('',(3.99999999999999,-2.3094010767585,-9.25));
#4993=CARTESIAN_POINT('',(3.99999999999999,2.3094010767585,-9.25));
#4994=CARTESIAN_POINT('Origin',(1.91787408955352E-16,-4.618802153517,-9.25));
#4995=CARTESIAN_POINT('',(1.91787408955352E-16,-4.618802153517,-9.25));
#4996=CARTESIAN_POINT('Origin',(-4.,-2.3094010767585,-9.25));
#4997=CARTESIAN_POINT('',(-4.,-2.3094010767585,-9.25));
#4998=CARTESIAN_POINT('Origin',(-4.,2.30940107675851,-9.25));
#4999=CARTESIAN_POINT('',(-4.,2.30940107675851,-9.25));
#5000=CARTESIAN_POINT('Origin',(-1.76002759346888E-15,4.61880215351701,
-9.25));
#5001=CARTESIAN_POINT('',(-1.76002759346888E-15,4.61880215351701,-9.25));
#5002=CARTESIAN_POINT('Origin',(3.99999999999999,2.3094010767585,-9.25));
#5003=CARTESIAN_POINT('Origin',(0.,0.,9.25));
#5004=CARTESIAN_POINT('Origin',(0.,0.,5.75));
#5005=CARTESIAN_POINT('Origin',(0.,1.93999999999999,-9.25));
#5006=CARTESIAN_POINT('Origin',(3.62644071682066E-16,-1.11022302462516E-15,
-9.6));
#5007=CARTESIAN_POINT('Ctrl Pts',(-2.42527185463343E-16,-1.98038475772933,
4.35));
#5008=CARTESIAN_POINT('Ctrl Pts',(0.820302225368444,-1.98038475772933,4.4));
#5009=CARTESIAN_POINT('Ctrl Pts',(1.40034349154889,-1.40034349154889,4.45));
#5010=CARTESIAN_POINT('Ctrl Pts',(1.98038475772933,-0.820302225368445,4.5));
#5011=CARTESIAN_POINT('Ctrl Pts',(1.98038475772933,-3.63790778195016E-16,
4.55));
#5012=CARTESIAN_POINT('Ctrl Pts',(1.98038475772933,0.820302225368444,4.6));
#5013=CARTESIAN_POINT('Ctrl Pts',(1.40034349154889,1.40034349154889,4.65));
#5014=CARTESIAN_POINT('Ctrl Pts',(0.820302225368445,1.98038475772933,4.7));
#5015=CARTESIAN_POINT('Ctrl Pts',(0.,1.98038475772933,4.75));
#5016=CARTESIAN_POINT('Ctrl Pts',(-0.820302225368444,1.98038475772933,4.8));
#5017=CARTESIAN_POINT('Ctrl Pts',(-1.40034349154889,1.40034349154889,4.85));
#5018=CARTESIAN_POINT('Ctrl Pts',(-2.42527185463343E-16,-1.98038475772933,
4.45));
#5019=CARTESIAN_POINT('Ctrl Pts',(0.820302225368444,-1.98038475772933,4.5));
#5020=CARTESIAN_POINT('Ctrl Pts',(1.40034349154889,-1.40034349154889,4.55));
#5021=CARTESIAN_POINT('Ctrl Pts',(1.98038475772933,-0.820302225368445,4.6));
#5022=CARTESIAN_POINT('Ctrl Pts',(1.98038475772933,-3.63790778195016E-16,
4.65));
#5023=CARTESIAN_POINT('Ctrl Pts',(1.98038475772933,0.820302225368444,4.7));
#5024=CARTESIAN_POINT('Ctrl Pts',(1.40034349154889,1.40034349154889,4.75));
#5025=CARTESIAN_POINT('Ctrl Pts',(0.820302225368445,1.98038475772933,4.8));
#5026=CARTESIAN_POINT('Ctrl Pts',(0.,1.98038475772933,4.85));
#5027=CARTESIAN_POINT('Ctrl Pts',(0.,1.98038475772933,-9.65));
#5028=CARTESIAN_POINT('Ctrl Pts',(-0.820302225368444,1.98038475772933,-9.6));
#5029=CARTESIAN_POINT('Ctrl Pts',(-1.40034349154889,1.40034349154889,-9.55));
#5030=CARTESIAN_POINT('Ctrl Pts',(-1.98038475772933,0.820302225368444,-9.5));
#5031=CARTESIAN_POINT('Ctrl Pts',(-1.98038475772933,1.2126359273167E-16,
-9.45));
#5032=CARTESIAN_POINT('Ctrl Pts',(-1.98038475772933,-0.820302225368444,
-9.4));
#5033=CARTESIAN_POINT('Ctrl Pts',(-1.40034349154889,-1.40034349154889,-9.35));
#5034=CARTESIAN_POINT('Ctrl Pts',(-0.820302225368444,-1.98038475772933,
-9.3));
#5035=CARTESIAN_POINT('Ctrl Pts',(-2.42527185463343E-16,-1.98038475772933,
-9.25));
#5036=CARTESIAN_POINT('Ctrl Pts',(0.820302225368444,-1.98038475772933,-9.2));
#5037=CARTESIAN_POINT('Ctrl Pts',(1.40034349154889,-1.40034349154889,-9.15));
#5038=CARTESIAN_POINT('Ctrl Pts',(1.98038475772933,-0.820302225368445,-9.1));
#5039=CARTESIAN_POINT('Ctrl Pts',(1.98038475772933,-3.63790778195016E-16,
-9.05));
#5040=CARTESIAN_POINT('Ctrl Pts',(1.98038475772933,0.820302225368445,-9.));
#5041=CARTESIAN_POINT('Ctrl Pts',(1.40034349154889,1.40034349154889,-8.95));
#5042=CARTESIAN_POINT('Ctrl Pts',(0.820302225368445,1.98038475772933,-8.9));
#5043=CARTESIAN_POINT('Ctrl Pts',(0.,1.98038475772933,-8.85));
#5044=CARTESIAN_POINT('Ctrl Pts',(-0.820302225368444,1.98038475772933,-8.8));
#5045=CARTESIAN_POINT('Ctrl Pts',(-1.40034349154889,1.40034349154889,-8.75));
#5046=CARTESIAN_POINT('Ctrl Pts',(-1.98038475772933,0.820302225368444,-8.7));
#5047=CARTESIAN_POINT('Ctrl Pts',(-1.98038475772933,1.2126359273167E-16,
-8.65));
#5048=CARTESIAN_POINT('Ctrl Pts',(-1.98038475772933,-0.820302225368444,
-8.6));
#5049=CARTESIAN_POINT('Ctrl Pts',(-1.40034349154889,-1.40034349154889,-8.55));
#5050=CARTESIAN_POINT('Ctrl Pts',(-0.820302225368444,-1.98038475772933,
-8.5));
#5051=CARTESIAN_POINT('Ctrl Pts',(-2.42527185463343E-16,-1.98038475772933,
-8.45));
#5052=CARTESIAN_POINT('Ctrl Pts',(0.820302225368444,-1.98038475772933,-8.4));
#5053=CARTESIAN_POINT('Ctrl Pts',(1.40034349154889,-1.40034349154889,-8.35));
#5054=CARTESIAN_POINT('Ctrl Pts',(1.98038475772933,-0.820302225368445,-8.3));
#5055=CARTESIAN_POINT('Ctrl Pts',(1.98038475772933,-3.63790778195016E-16,
-8.25));
#5056=CARTESIAN_POINT('Ctrl Pts',(1.98038475772933,0.820302225368445,-8.2));
#5057=CARTESIAN_POINT('Ctrl Pts',(1.40034349154889,1.40034349154889,-8.15));
#5058=CARTESIAN_POINT('Ctrl Pts',(0.820302225368445,1.98038475772933,-8.1));
#5059=CARTESIAN_POINT('Ctrl Pts',(0.,1.98038475772933,-8.05));
#5060=CARTESIAN_POINT('Ctrl Pts',(-0.820302225368444,1.98038475772933,-8.));
#5061=CARTESIAN_POINT('Ctrl Pts',(-1.40034349154889,1.40034349154889,-7.95));
#5062=CARTESIAN_POINT('Ctrl Pts',(-1.98038475772933,0.820302225368444,-7.9));
#5063=CARTESIAN_POINT('Ctrl Pts',(-1.98038475772933,1.2126359273167E-16,
-7.85));
#5064=CARTESIAN_POINT('Ctrl Pts',(-1.98038475772933,-0.820302225368444,
-7.8));
#5065=CARTESIAN_POINT('Ctrl Pts',(-1.40034349154889,-1.40034349154889,-7.75));
#5066=CARTESIAN_POINT('Ctrl Pts',(-0.820302225368444,-1.98038475772933,
-7.7));
#5067=CARTESIAN_POINT('Ctrl Pts',(-2.42527185463343E-16,-1.98038475772933,
-7.65));
#5068=CARTESIAN_POINT('Ctrl Pts',(0.820302225368444,-1.98038475772933,-7.6));
#5069=CARTESIAN_POINT('Ctrl Pts',(1.40034349154889,-1.40034349154889,-7.55));
#5070=CARTESIAN_POINT('Ctrl Pts',(1.98038475772933,-0.820302225368445,-7.5));
#5071=CARTESIAN_POINT('Ctrl Pts',(1.98038475772933,-3.63790778195016E-16,
-7.45));
#5072=CARTESIAN_POINT('Ctrl Pts',(1.98038475772933,0.820302225368445,-7.4));
#5073=CARTESIAN_POINT('Ctrl Pts',(1.40034349154889,1.40034349154889,-7.35));
#5074=CARTESIAN_POINT('Ctrl Pts',(0.820302225368445,1.98038475772933,-7.3));
#5075=CARTESIAN_POINT('Ctrl Pts',(0.,1.98038475772933,-7.25));
#5076=CARTESIAN_POINT('Ctrl Pts',(-0.820302225368444,1.98038475772933,-7.2));
#5077=CARTESIAN_POINT('Ctrl Pts',(-1.40034349154889,1.40034349154889,-7.15));
#5078=CARTESIAN_POINT('Ctrl Pts',(-1.98038475772933,0.820302225368444,-7.1));
#5079=CARTESIAN_POINT('Ctrl Pts',(-1.98038475772933,1.2126359273167E-16,
-7.05));
#5080=CARTESIAN_POINT('Ctrl Pts',(-1.98038475772933,-0.820302225368444,
-7.));
#5081=CARTESIAN_POINT('Ctrl Pts',(-1.40034349154889,-1.40034349154889,-6.95));
#5082=CARTESIAN_POINT('Ctrl Pts',(-0.820302225368444,-1.98038475772933,
-6.9));
#5083=CARTESIAN_POINT('Ctrl Pts',(-2.42527185463343E-16,-1.98038475772933,
-6.85));
#5084=CARTESIAN_POINT('Ctrl Pts',(0.820302225368444,-1.98038475772933,-6.8));
#5085=CARTESIAN_POINT('Ctrl Pts',(1.40034349154889,-1.40034349154889,-6.75));
#5086=CARTESIAN_POINT('Ctrl Pts',(1.98038475772933,-0.820302225368445,-6.7));
#5087=CARTESIAN_POINT('Ctrl Pts',(1.98038475772933,-3.63790778195016E-16,
-6.65));
#5088=CARTESIAN_POINT('Ctrl Pts',(1.98038475772933,0.820302225368445,-6.6));
#5089=CARTESIAN_POINT('Ctrl Pts',(1.40034349154889,1.40034349154889,-6.55));
#5090=CARTESIAN_POINT('Ctrl Pts',(0.820302225368445,1.98038475772933,-6.5));
#5091=CARTESIAN_POINT('Ctrl Pts',(0.,1.98038475772933,-6.45));
#5092=CARTESIAN_POINT('Ctrl Pts',(-0.820302225368444,1.98038475772933,-6.4));
#5093=CARTESIAN_POINT('Ctrl Pts',(-1.40034349154889,1.40034349154889,-6.35));
#5094=CARTESIAN_POINT('Ctrl Pts',(-1.98038475772933,0.820302225368444,-6.3));
#5095=CARTESIAN_POINT('Ctrl Pts',(-1.98038475772933,1.2126359273167E-16,
-6.25));
#5096=CARTESIAN_POINT('Ctrl Pts',(-1.98038475772933,-0.820302225368444,
-6.2));
#5097=CARTESIAN_POINT('Ctrl Pts',(-1.40034349154889,-1.40034349154889,-6.15));
#5098=CARTESIAN_POINT('Ctrl Pts',(-0.820302225368444,-1.98038475772933,
-6.1));
#5099=CARTESIAN_POINT('Ctrl Pts',(-2.42527185463343E-16,-1.98038475772933,
-6.05));
#5100=CARTESIAN_POINT('Ctrl Pts',(0.820302225368444,-1.98038475772933,-6.));
#5101=CARTESIAN_POINT('Ctrl Pts',(1.40034349154889,-1.40034349154889,-5.95));
#5102=CARTESIAN_POINT('Ctrl Pts',(1.98038475772933,-0.820302225368445,-5.9));
#5103=CARTESIAN_POINT('Ctrl Pts',(1.98038475772933,-3.63790778195016E-16,
-5.85));
#5104=CARTESIAN_POINT('Ctrl Pts',(1.98038475772933,0.820302225368445,-5.8));
#5105=CARTESIAN_POINT('Ctrl Pts',(1.40034349154889,1.40034349154889,-5.75));
#5106=CARTESIAN_POINT('Ctrl Pts',(0.820302225368445,1.98038475772933,-5.7));
#5107=CARTESIAN_POINT('Ctrl Pts',(0.,1.98038475772933,-5.65));
#5108=CARTESIAN_POINT('Ctrl Pts',(-0.820302225368444,1.98038475772933,-5.6));
#5109=CARTESIAN_POINT('Ctrl Pts',(-1.40034349154889,1.40034349154889,-5.55));
#5110=CARTESIAN_POINT('Ctrl Pts',(-1.98038475772933,0.820302225368444,-5.5));
#5111=CARTESIAN_POINT('Ctrl Pts',(-1.98038475772933,1.2126359273167E-16,
-5.45));
#5112=CARTESIAN_POINT('Ctrl Pts',(-1.98038475772933,-0.820302225368444,
-5.4));
#5113=CARTESIAN_POINT('Ctrl Pts',(-1.40034349154889,-1.40034349154889,-5.35));
#5114=CARTESIAN_POINT('Ctrl Pts',(-0.820302225368444,-1.98038475772933,
-5.3));
#5115=CARTESIAN_POINT('Ctrl Pts',(-2.42527185463343E-16,-1.98038475772933,
-5.25));
#5116=CARTESIAN_POINT('Ctrl Pts',(0.820302225368444,-1.98038475772933,-5.2));
#5117=CARTESIAN_POINT('Ctrl Pts',(1.40034349154889,-1.40034349154889,-5.15));
#5118=CARTESIAN_POINT('Ctrl Pts',(1.98038475772933,-0.820302225368445,-5.1));
#5119=CARTESIAN_POINT('Ctrl Pts',(1.98038475772933,-3.63790778195016E-16,
-5.05));
#5120=CARTESIAN_POINT('Ctrl Pts',(1.98038475772933,0.820302225368445,-5.));
#5121=CARTESIAN_POINT('Ctrl Pts',(1.40034349154889,1.40034349154889,-4.95));
#5122=CARTESIAN_POINT('Ctrl Pts',(0.820302225368445,1.98038475772933,-4.9));
#5123=CARTESIAN_POINT('Ctrl Pts',(0.,1.98038475772933,-4.85));
#5124=CARTESIAN_POINT('Ctrl Pts',(-0.820302225368444,1.98038475772933,-4.8));
#5125=CARTESIAN_POINT('Ctrl Pts',(-1.40034349154889,1.40034349154889,-4.75));
#5126=CARTESIAN_POINT('Ctrl Pts',(-1.98038475772933,0.820302225368444,-4.7));
#5127=CARTESIAN_POINT('Ctrl Pts',(-1.98038475772933,1.2126359273167E-16,
-4.65));
#5128=CARTESIAN_POINT('Ctrl Pts',(-1.98038475772933,-0.820302225368444,
-4.6));
#5129=CARTESIAN_POINT('Ctrl Pts',(-1.40034349154889,-1.40034349154889,-4.55));
#5130=CARTESIAN_POINT('Ctrl Pts',(-0.820302225368444,-1.98038475772933,
-4.5));
#5131=CARTESIAN_POINT('Ctrl Pts',(-2.42527185463343E-16,-1.98038475772933,
-4.45));
#5132=CARTESIAN_POINT('Ctrl Pts',(0.820302225368444,-1.98038475772933,-4.4));
#5133=CARTESIAN_POINT('Ctrl Pts',(1.40034349154889,-1.40034349154889,-4.35));
#5134=CARTESIAN_POINT('Ctrl Pts',(1.98038475772933,-0.820302225368445,-4.3));
#5135=CARTESIAN_POINT('Ctrl Pts',(1.98038475772933,-3.63790778195016E-16,
-4.25));
#5136=CARTESIAN_POINT('Ctrl Pts',(1.98038475772933,0.820302225368445,-4.2));
#5137=CARTESIAN_POINT('Ctrl Pts',(1.40034349154889,1.40034349154889,-4.15));
#5138=CARTESIAN_POINT('Ctrl Pts',(0.820302225368445,1.98038475772933,-4.1));
#5139=CARTESIAN_POINT('Ctrl Pts',(0.,1.98038475772933,-4.05));
#5140=CARTESIAN_POINT('Ctrl Pts',(-0.820302225368444,1.98038475772933,-4.));
#5141=CARTESIAN_POINT('Ctrl Pts',(-1.40034349154889,1.40034349154889,-3.95));
#5142=CARTESIAN_POINT('Ctrl Pts',(-1.98038475772933,0.820302225368444,-3.9));
#5143=CARTESIAN_POINT('Ctrl Pts',(-1.98038475772933,1.2126359273167E-16,
-3.85));
#5144=CARTESIAN_POINT('Ctrl Pts',(-1.98038475772933,-0.820302225368444,
-3.8));
#5145=CARTESIAN_POINT('Ctrl Pts',(-1.40034349154889,-1.40034349154889,-3.75));
#5146=CARTESIAN_POINT('Ctrl Pts',(-0.820302225368444,-1.98038475772933,
-3.7));
#5147=CARTESIAN_POINT('Ctrl Pts',(-2.42527185463343E-16,-1.98038475772933,
-3.65));
#5148=CARTESIAN_POINT('Ctrl Pts',(0.820302225368444,-1.98038475772933,-3.6));
#5149=CARTESIAN_POINT('Ctrl Pts',(1.40034349154889,-1.40034349154889,-3.55));
#5150=CARTESIAN_POINT('Ctrl Pts',(1.98038475772933,-0.820302225368445,-3.5));
#5151=CARTESIAN_POINT('Ctrl Pts',(1.98038475772933,-3.63790778195016E-16,
-3.45));
#5152=CARTESIAN_POINT('Ctrl Pts',(1.98038475772933,0.820302225368445,-3.4));
#5153=CARTESIAN_POINT('Ctrl Pts',(1.40034349154889,1.40034349154889,-3.35));
#5154=CARTESIAN_POINT('Ctrl Pts',(0.820302225368445,1.98038475772933,-3.3));
#5155=CARTESIAN_POINT('Ctrl Pts',(0.,1.98038475772933,-3.25));
#5156=CARTESIAN_POINT('Ctrl Pts',(-0.820302225368444,1.98038475772933,-3.2));
#5157=CARTESIAN_POINT('Ctrl Pts',(-1.40034349154889,1.40034349154889,-3.15));
#5158=CARTESIAN_POINT('Ctrl Pts',(-1.98038475772933,0.820302225368444,-3.1));
#5159=CARTESIAN_POINT('Ctrl Pts',(-1.98038475772933,1.2126359273167E-16,
-3.05));
#5160=CARTESIAN_POINT('Ctrl Pts',(-1.98038475772933,-0.820302225368444,
-3.));
#5161=CARTESIAN_POINT('Ctrl Pts',(-1.40034349154889,-1.40034349154889,-2.95));
#5162=CARTESIAN_POINT('Ctrl Pts',(-0.820302225368444,-1.98038475772933,
-2.9));
#5163=CARTESIAN_POINT('Ctrl Pts',(-2.42527185463343E-16,-1.98038475772933,
-2.85));
#5164=CARTESIAN_POINT('Ctrl Pts',(0.820302225368444,-1.98038475772933,-2.8));
#5165=CARTESIAN_POINT('Ctrl Pts',(1.40034349154889,-1.40034349154889,-2.75));
#5166=CARTESIAN_POINT('Ctrl Pts',(1.98038475772933,-0.820302225368445,-2.7));
#5167=CARTESIAN_POINT('Ctrl Pts',(1.98038475772933,-3.63790778195016E-16,
-2.65));
#5168=CARTESIAN_POINT('Ctrl Pts',(1.98038475772933,0.820302225368445,-2.6));
#5169=CARTESIAN_POINT('Ctrl Pts',(1.40034349154889,1.40034349154889,-2.55));
#5170=CARTESIAN_POINT('Ctrl Pts',(0.820302225368445,1.98038475772933,-2.5));
#5171=CARTESIAN_POINT('Ctrl Pts',(0.,1.98038475772933,-2.45));
#5172=CARTESIAN_POINT('Ctrl Pts',(-0.820302225368444,1.98038475772933,-2.4));
#5173=CARTESIAN_POINT('Ctrl Pts',(-1.40034349154889,1.40034349154889,-2.35));
#5174=CARTESIAN_POINT('Ctrl Pts',(-1.98038475772933,0.820302225368444,-2.3));
#5175=CARTESIAN_POINT('Ctrl Pts',(-1.98038475772933,1.2126359273167E-16,
-2.25));
#5176=CARTESIAN_POINT('Ctrl Pts',(-1.98038475772933,-0.820302225368444,
-2.2));
#5177=CARTESIAN_POINT('Ctrl Pts',(-1.40034349154889,-1.40034349154889,-2.15));
#5178=CARTESIAN_POINT('Ctrl Pts',(-0.820302225368444,-1.98038475772933,
-2.1));
#5179=CARTESIAN_POINT('Ctrl Pts',(-2.42527185463343E-16,-1.98038475772933,
-2.05));
#5180=CARTESIAN_POINT('Ctrl Pts',(0.820302225368444,-1.98038475772933,-2.));
#5181=CARTESIAN_POINT('Ctrl Pts',(1.40034349154889,-1.40034349154889,-1.95));
#5182=CARTESIAN_POINT('Ctrl Pts',(1.98038475772933,-0.820302225368445,-1.9));
#5183=CARTESIAN_POINT('Ctrl Pts',(1.98038475772933,-3.63790778195016E-16,
-1.85));
#5184=CARTESIAN_POINT('Ctrl Pts',(1.98038475772933,0.820302225368445,-1.8));
#5185=CARTESIAN_POINT('Ctrl Pts',(1.40034349154889,1.40034349154889,-1.75));
#5186=CARTESIAN_POINT('Ctrl Pts',(0.820302225368445,1.98038475772933,-1.7));
#5187=CARTESIAN_POINT('Ctrl Pts',(0.,1.98038475772933,-1.65));
#5188=CARTESIAN_POINT('Ctrl Pts',(-0.820302225368444,1.98038475772933,-1.6));
#5189=CARTESIAN_POINT('Ctrl Pts',(-1.40034349154889,1.40034349154889,-1.55));
#5190=CARTESIAN_POINT('Ctrl Pts',(-1.98038475772933,0.820302225368444,-1.5));
#5191=CARTESIAN_POINT('Ctrl Pts',(-1.98038475772933,1.2126359273167E-16,
-1.45));
#5192=CARTESIAN_POINT('Ctrl Pts',(-1.98038475772933,-0.820302225368444,
-1.4));
#5193=CARTESIAN_POINT('Ctrl Pts',(-1.40034349154889,-1.40034349154889,-1.35));
#5194=CARTESIAN_POINT('Ctrl Pts',(-0.820302225368444,-1.98038475772933,
-1.3));
#5195=CARTESIAN_POINT('Ctrl Pts',(-2.42527185463343E-16,-1.98038475772933,
-1.25));
#5196=CARTESIAN_POINT('Ctrl Pts',(0.820302225368444,-1.98038475772933,-1.2));
#5197=CARTESIAN_POINT('Ctrl Pts',(1.40034349154889,-1.40034349154889,-1.15));
#5198=CARTESIAN_POINT('Ctrl Pts',(1.98038475772933,-0.820302225368445,-1.1));
#5199=CARTESIAN_POINT('Ctrl Pts',(1.98038475772933,-3.63790778195016E-16,
-1.05));
#5200=CARTESIAN_POINT('Ctrl Pts',(1.98038475772933,0.820302225368445,-1.));
#5201=CARTESIAN_POINT('Ctrl Pts',(1.40034349154889,1.40034349154889,-0.950000000000001));
#5202=CARTESIAN_POINT('Ctrl Pts',(0.820302225368445,1.98038475772933,-0.900000000000002));
#5203=CARTESIAN_POINT('Ctrl Pts',(0.,1.98038475772933,-0.850000000000002));
#5204=CARTESIAN_POINT('Ctrl Pts',(-0.820302225368444,1.98038475772933,-0.800000000000002));
#5205=CARTESIAN_POINT('Ctrl Pts',(-1.40034349154889,1.40034349154889,-0.750000000000002));
#5206=CARTESIAN_POINT('Ctrl Pts',(-1.98038475772933,0.820302225368444,-0.700000000000003));
#5207=CARTESIAN_POINT('Ctrl Pts',(-1.98038475772933,1.2126359273167E-16,
-0.650000000000001));
#5208=CARTESIAN_POINT('Ctrl Pts',(-1.98038475772933,-0.820302225368444,
-0.600000000000002));
#5209=CARTESIAN_POINT('Ctrl Pts',(-1.40034349154889,-1.40034349154889,-0.550000000000002));
#5210=CARTESIAN_POINT('Ctrl Pts',(-0.820302225368444,-1.98038475772933,
-0.500000000000002));
#5211=CARTESIAN_POINT('Ctrl Pts',(-2.42527185463343E-16,-1.98038475772933,
-0.450000000000003));
#5212=CARTESIAN_POINT('Ctrl Pts',(0.820302225368444,-1.98038475772933,-0.400000000000001));
#5213=CARTESIAN_POINT('Ctrl Pts',(1.40034349154889,-1.40034349154889,-0.350000000000001));
#5214=CARTESIAN_POINT('Ctrl Pts',(1.98038475772933,-0.820302225368445,-0.300000000000002));
#5215=CARTESIAN_POINT('Ctrl Pts',(1.98038475772933,-3.63790778195016E-16,
-0.250000000000002));
#5216=CARTESIAN_POINT('Ctrl Pts',(1.98038475772933,0.820302225368445,-0.200000000000002));
#5217=CARTESIAN_POINT('Ctrl Pts',(1.40034349154889,1.40034349154889,-0.150000000000003));
#5218=CARTESIAN_POINT('Ctrl Pts',(0.820302225368445,1.98038475772933,-0.100000000000001));
#5219=CARTESIAN_POINT('Ctrl Pts',(0.,1.98038475772933,-0.0500000000000014));
#5220=CARTESIAN_POINT('Ctrl Pts',(-0.820302225368444,1.98038475772933,-1.73472347597681E-15));
#5221=CARTESIAN_POINT('Ctrl Pts',(-1.40034349154889,1.40034349154889,0.049999999999998));
#5222=CARTESIAN_POINT('Ctrl Pts',(-1.98038475772933,0.820302225368444,0.0999999999999977));
#5223=CARTESIAN_POINT('Ctrl Pts',(-1.98038475772933,1.2126359273167E-16,
0.149999999999997));
#5224=CARTESIAN_POINT('Ctrl Pts',(-1.98038475772933,-0.820302225368444,
0.199999999999999));
#5225=CARTESIAN_POINT('Ctrl Pts',(-1.40034349154889,-1.40034349154889,0.249999999999999));
#5226=CARTESIAN_POINT('Ctrl Pts',(-0.820302225368444,-1.98038475772933,
0.299999999999998));
#5227=CARTESIAN_POINT('Ctrl Pts',(-2.42527185463343E-16,-1.98038475772933,
0.349999999999998));
#5228=CARTESIAN_POINT('Ctrl Pts',(0.820302225368444,-1.98038475772933,0.399999999999998));
#5229=CARTESIAN_POINT('Ctrl Pts',(1.40034349154889,-1.40034349154889,0.449999999999999));
#5230=CARTESIAN_POINT('Ctrl Pts',(1.98038475772933,-0.820302225368445,0.499999999999999));
#5231=CARTESIAN_POINT('Ctrl Pts',(1.98038475772933,-3.63790778195016E-16,
0.549999999999998));
#5232=CARTESIAN_POINT('Ctrl Pts',(1.98038475772933,0.820302225368445,0.599999999999998));
#5233=CARTESIAN_POINT('Ctrl Pts',(1.40034349154889,1.40034349154889,0.649999999999998));
#5234=CARTESIAN_POINT('Ctrl Pts',(0.820302225368445,1.98038475772933,0.699999999999998));
#5235=CARTESIAN_POINT('Ctrl Pts',(0.,1.98038475772933,0.749999999999999));
#5236=CARTESIAN_POINT('Ctrl Pts',(-0.820302225368444,1.98038475772933,0.799999999999999));
#5237=CARTESIAN_POINT('Ctrl Pts',(-1.40034349154889,1.40034349154889,0.849999999999998));
#5238=CARTESIAN_POINT('Ctrl Pts',(-1.98038475772933,0.820302225368444,0.899999999999998));
#5239=CARTESIAN_POINT('Ctrl Pts',(-1.98038475772933,1.2126359273167E-16,
0.949999999999998));
#5240=CARTESIAN_POINT('Ctrl Pts',(-1.98038475772933,-0.820302225368444,
0.999999999999998));
#5241=CARTESIAN_POINT('Ctrl Pts',(-1.40034349154889,-1.40034349154889,1.05));
#5242=CARTESIAN_POINT('Ctrl Pts',(-0.820302225368444,-1.98038475772933,
1.1));
#5243=CARTESIAN_POINT('Ctrl Pts',(-2.42527185463343E-16,-1.98038475772933,
1.15));
#5244=CARTESIAN_POINT('Ctrl Pts',(0.820302225368444,-1.98038475772933,1.2));
#5245=CARTESIAN_POINT('Ctrl Pts',(1.40034349154889,-1.40034349154889,1.25));
#5246=CARTESIAN_POINT('Ctrl Pts',(1.98038475772933,-0.820302225368445,1.3));
#5247=CARTESIAN_POINT('Ctrl Pts',(1.98038475772933,-3.63790778195016E-16,
1.35));
#5248=CARTESIAN_POINT('Ctrl Pts',(1.98038475772933,0.820302225368445,1.4));
#5249=CARTESIAN_POINT('Ctrl Pts',(1.40034349154889,1.40034349154889,1.45));
#5250=CARTESIAN_POINT('Ctrl Pts',(0.820302225368445,1.98038475772933,1.5));
#5251=CARTESIAN_POINT('Ctrl Pts',(0.,1.98038475772933,1.55));
#5252=CARTESIAN_POINT('Ctrl Pts',(-0.820302225368444,1.98038475772933,1.6));
#5253=CARTESIAN_POINT('Ctrl Pts',(-1.40034349154889,1.40034349154889,1.65));
#5254=CARTESIAN_POINT('Ctrl Pts',(-1.98038475772933,0.820302225368444,1.7));
#5255=CARTESIAN_POINT('Ctrl Pts',(-1.98038475772933,1.2126359273167E-16,
1.75));
#5256=CARTESIAN_POINT('Ctrl Pts',(-1.98038475772933,-0.820302225368444,
1.8));
#5257=CARTESIAN_POINT('Ctrl Pts',(-1.40034349154889,-1.40034349154889,1.85));
#5258=CARTESIAN_POINT('Ctrl Pts',(-0.820302225368444,-1.98038475772933,
1.9));
#5259=CARTESIAN_POINT('Ctrl Pts',(-2.42527185463343E-16,-1.98038475772933,
1.95));
#5260=CARTESIAN_POINT('Ctrl Pts',(0.820302225368444,-1.98038475772933,2.));
#5261=CARTESIAN_POINT('Ctrl Pts',(1.40034349154889,-1.40034349154889,2.05));
#5262=CARTESIAN_POINT('Ctrl Pts',(1.98038475772933,-0.820302225368445,2.1));
#5263=CARTESIAN_POINT('Ctrl Pts',(1.98038475772933,-3.63790778195016E-16,
2.15));
#5264=CARTESIAN_POINT('Ctrl Pts',(1.98038475772933,0.820302225368445,2.2));
#5265=CARTESIAN_POINT('Ctrl Pts',(1.40034349154889,1.40034349154889,2.25));
#5266=CARTESIAN_POINT('Ctrl Pts',(0.820302225368445,1.98038475772933,2.3));
#5267=CARTESIAN_POINT('Ctrl Pts',(0.,1.98038475772933,2.35));
#5268=CARTESIAN_POINT('Ctrl Pts',(-0.820302225368444,1.98038475772933,2.4));
#5269=CARTESIAN_POINT('Ctrl Pts',(-1.40034349154889,1.40034349154889,2.45));
#5270=CARTESIAN_POINT('Ctrl Pts',(-1.98038475772933,0.820302225368444,2.5));
#5271=CARTESIAN_POINT('Ctrl Pts',(-1.98038475772933,1.2126359273167E-16,
2.55));
#5272=CARTESIAN_POINT('Ctrl Pts',(-1.98038475772933,-0.820302225368444,
2.6));
#5273=CARTESIAN_POINT('Ctrl Pts',(-1.40034349154889,-1.40034349154889,2.65));
#5274=CARTESIAN_POINT('Ctrl Pts',(-0.820302225368444,-1.98038475772933,
2.7));
#5275=CARTESIAN_POINT('Ctrl Pts',(-2.42527185463343E-16,-1.98038475772933,
2.75));
#5276=CARTESIAN_POINT('Ctrl Pts',(0.820302225368444,-1.98038475772933,2.8));
#5277=CARTESIAN_POINT('Ctrl Pts',(1.40034349154889,-1.40034349154889,2.85));
#5278=CARTESIAN_POINT('Ctrl Pts',(1.98038475772933,-0.820302225368445,2.9));
#5279=CARTESIAN_POINT('Ctrl Pts',(1.98038475772933,-3.63790778195016E-16,
2.95));
#5280=CARTESIAN_POINT('Ctrl Pts',(1.98038475772933,0.820302225368445,3.));
#5281=CARTESIAN_POINT('Ctrl Pts',(1.40034349154889,1.40034349154889,3.05));
#5282=CARTESIAN_POINT('Ctrl Pts',(0.820302225368445,1.98038475772933,3.1));
#5283=CARTESIAN_POINT('Ctrl Pts',(0.,1.98038475772933,3.15));
#5284=CARTESIAN_POINT('Ctrl Pts',(-0.820302225368444,1.98038475772933,3.2));
#5285=CARTESIAN_POINT('Ctrl Pts',(-1.40034349154889,1.40034349154889,3.25));
#5286=CARTESIAN_POINT('Ctrl Pts',(-1.98038475772933,0.820302225368444,3.3));
#5287=CARTESIAN_POINT('Ctrl Pts',(-1.98038475772933,1.2126359273167E-16,
3.35));
#5288=CARTESIAN_POINT('Ctrl Pts',(-1.98038475772933,-0.820302225368444,
3.4));
#5289=CARTESIAN_POINT('Ctrl Pts',(-1.40034349154889,-1.40034349154889,3.45));
#5290=CARTESIAN_POINT('Ctrl Pts',(-0.820302225368444,-1.98038475772933,
3.5));
#5291=CARTESIAN_POINT('Ctrl Pts',(-2.42527185463343E-16,-1.98038475772933,
3.55));
#5292=CARTESIAN_POINT('Ctrl Pts',(0.820302225368444,-1.98038475772933,3.6));
#5293=CARTESIAN_POINT('Ctrl Pts',(1.40034349154889,-1.40034349154889,3.65));
#5294=CARTESIAN_POINT('Ctrl Pts',(1.98038475772933,-0.820302225368445,3.7));
#5295=CARTESIAN_POINT('Ctrl Pts',(1.98038475772933,-3.63790778195016E-16,
3.75));
#5296=CARTESIAN_POINT('Ctrl Pts',(1.98038475772933,0.820302225368445,3.8));
#5297=CARTESIAN_POINT('Ctrl Pts',(1.40034349154889,1.40034349154889,3.85));
#5298=CARTESIAN_POINT('Ctrl Pts',(0.820302225368445,1.98038475772933,3.9));
#5299=CARTESIAN_POINT('Ctrl Pts',(0.,1.98038475772933,3.95));
#5300=CARTESIAN_POINT('Ctrl Pts',(-0.820302225368444,1.98038475772933,4.));
#5301=CARTESIAN_POINT('Ctrl Pts',(-1.40034349154889,1.40034349154889,4.05));
#5302=CARTESIAN_POINT('Ctrl Pts',(-1.98038475772933,0.820302225368444,4.1));
#5303=CARTESIAN_POINT('Ctrl Pts',(-1.98038475772933,1.2126359273167E-16,
4.15));
#5304=CARTESIAN_POINT('Ctrl Pts',(-1.98038475772933,-0.820302225368444,
4.2));
#5305=CARTESIAN_POINT('Ctrl Pts',(-1.40034349154889,-1.40034349154889,4.25));
#5306=CARTESIAN_POINT('Ctrl Pts',(-0.820302225368444,-1.98038475772933,
4.3));
#5307=CARTESIAN_POINT('Ctrl Pts',(-2.42527185463343E-16,-1.98038475772933,
4.35));
#5308=CARTESIAN_POINT('Ctrl Pts',(0.820302225368444,-1.98038475772933,4.4));
#5309=CARTESIAN_POINT('Ctrl Pts',(1.40034349154889,-1.40034349154889,4.45));
#5310=CARTESIAN_POINT('Ctrl Pts',(1.98038475772933,-0.820302225368445,4.5));
#5311=CARTESIAN_POINT('Ctrl Pts',(1.98038475772933,-3.63790778195016E-16,
4.55));
#5312=CARTESIAN_POINT('Ctrl Pts',(1.98038475772933,0.820302225368445,4.6));
#5313=CARTESIAN_POINT('Ctrl Pts',(1.40034349154889,1.40034349154889,4.65));
#5314=CARTESIAN_POINT('Ctrl Pts',(0.820302225368445,1.98038475772933,4.7));
#5315=CARTESIAN_POINT('Ctrl Pts',(0.,1.98038475772933,4.75));
#5316=CARTESIAN_POINT('Ctrl Pts',(-0.820302225368444,1.98038475772933,4.8));
#5317=CARTESIAN_POINT('Ctrl Pts',(-1.40034349154889,1.40034349154889,4.85));
#5318=CARTESIAN_POINT('Ctrl Pts',(-1.98038475772933,0.820302225368444,4.9));
#5319=CARTESIAN_POINT('Ctrl Pts',(-1.98038475772933,1.2126359273167E-16,
4.95));
#5320=CARTESIAN_POINT('Ctrl Pts',(-1.98038475772933,-0.820302225368444,
5.));
#5321=CARTESIAN_POINT('Ctrl Pts',(-1.40034349154889,-1.40034349154889,5.05));
#5322=CARTESIAN_POINT('Ctrl Pts',(-0.820302225368444,-1.98038475772933,
5.1));
#5323=CARTESIAN_POINT('Ctrl Pts',(-2.42527185463343E-16,-1.98038475772933,
5.15));
#5324=CARTESIAN_POINT('Ctrl Pts',(0.820302225368444,-1.98038475772933,5.2));
#5325=CARTESIAN_POINT('Ctrl Pts',(1.40034349154889,-1.40034349154889,5.25));
#5326=CARTESIAN_POINT('Ctrl Pts',(1.98038475772933,-0.820302225368445,5.3));
#5327=CARTESIAN_POINT('Ctrl Pts',(1.98038475772933,-3.63790778195016E-16,
5.35));
#5328=CARTESIAN_POINT('Ctrl Pts',(1.98038475772933,0.820302225368445,5.4));
#5329=CARTESIAN_POINT('Ctrl Pts',(1.40034349154889,1.40034349154889,5.45));
#5330=CARTESIAN_POINT('Ctrl Pts',(0.820302225368445,1.98038475772933,5.5));
#5331=CARTESIAN_POINT('Ctrl Pts',(0.,1.98038475772933,5.55));
#5332=CARTESIAN_POINT('Ctrl Pts',(-0.820302225368444,1.98038475772933,5.6));
#5333=CARTESIAN_POINT('Ctrl Pts',(-1.40034349154889,1.40034349154889,5.65));
#5334=CARTESIAN_POINT('Ctrl Pts',(-1.98038475772933,0.820302225368444,5.7));
#5335=CARTESIAN_POINT('Ctrl Pts',(-1.98038475772933,1.2126359273167E-16,
5.75));
#5336=CARTESIAN_POINT('Ctrl Pts',(-1.98038475772933,-0.820302225368444,
5.8));
#5337=CARTESIAN_POINT('Ctrl Pts',(-1.40034349154889,-1.40034349154889,5.85));
#5338=CARTESIAN_POINT('Ctrl Pts',(-0.820302225368444,-1.98038475772933,
5.9));
#5339=CARTESIAN_POINT('Ctrl Pts',(-2.42527185463343E-16,-1.98038475772933,
5.95));
#5340=CARTESIAN_POINT('Ctrl Pts',(0.820302225368444,-1.98038475772933,6.));
#5341=CARTESIAN_POINT('Ctrl Pts',(1.40034349154889,-1.40034349154889,6.05));
#5342=CARTESIAN_POINT('Ctrl Pts',(1.98038475772933,-0.820302225368445,6.1));
#5343=CARTESIAN_POINT('Ctrl Pts',(1.98038475772933,-3.63790778195016E-16,
6.15));
#5344=CARTESIAN_POINT('Ctrl Pts',(0.,2.54330127018922,-9.975));
#5345=CARTESIAN_POINT('Ctrl Pts',(-1.05346987931309,2.54330127018922,-9.92500000000001));
#5346=CARTESIAN_POINT('Ctrl Pts',(-1.79838557475116,1.79838557475116,-9.87500000000001));
#5347=CARTESIAN_POINT('Ctrl Pts',(-2.54330127018922,1.05346987931309,-9.825));
#5348=CARTESIAN_POINT('Ctrl Pts',(-2.54330127018922,1.5573228799023E-16,
-9.77500000000001));
#5349=CARTESIAN_POINT('Ctrl Pts',(-2.54330127018922,-1.05346987931309,-9.725));
#5350=CARTESIAN_POINT('Ctrl Pts',(-1.79838557475116,-1.79838557475116,-9.675));
#5351=CARTESIAN_POINT('Ctrl Pts',(-1.05346987931309,-2.54330127018922,-9.625));
#5352=CARTESIAN_POINT('Ctrl Pts',(-3.11464575980463E-16,-2.54330127018922,
-9.575));
#5353=CARTESIAN_POINT('Ctrl Pts',(1.05346987931309,-2.54330127018922,-9.52500000000001));
#5354=CARTESIAN_POINT('Ctrl Pts',(1.79838557475116,-1.79838557475116,-9.475));
#5355=CARTESIAN_POINT('Ctrl Pts',(2.54330127018922,-1.0534698793131,-9.425));
#5356=CARTESIAN_POINT('Ctrl Pts',(2.54330127018922,-4.67196863970696E-16,
-9.37500000000001));
#5357=CARTESIAN_POINT('Ctrl Pts',(2.54330127018922,1.0534698793131,-9.32500000000001));
#5358=CARTESIAN_POINT('Ctrl Pts',(1.79838557475116,1.79838557475116,-9.27500000000001));
#5359=CARTESIAN_POINT('Ctrl Pts',(1.0534698793131,2.54330127018922,-9.225));
#5360=CARTESIAN_POINT('Ctrl Pts',(0.,2.54330127018922,-9.175));
#5361=CARTESIAN_POINT('Ctrl Pts',(-1.05346987931309,2.54330127018922,-9.125));
#5362=CARTESIAN_POINT('Ctrl Pts',(-1.79838557475116,1.79838557475116,-9.075));
#5363=CARTESIAN_POINT('Ctrl Pts',(-2.54330127018922,1.05346987931309,-9.02500000000001));
#5364=CARTESIAN_POINT('Ctrl Pts',(-2.54330127018922,1.5573228799023E-16,
-8.975));
#5365=CARTESIAN_POINT('Ctrl Pts',(-2.54330127018922,-1.05346987931309,-8.925));
#5366=CARTESIAN_POINT('Ctrl Pts',(-1.79838557475116,-1.79838557475116,-8.875));
#5367=CARTESIAN_POINT('Ctrl Pts',(-1.05346987931309,-2.54330127018922,-8.825));
#5368=CARTESIAN_POINT('Ctrl Pts',(-3.11464575980463E-16,-2.54330127018922,
-8.77500000000001));
#5369=CARTESIAN_POINT('Ctrl Pts',(1.05346987931309,-2.54330127018922,-8.725));
#5370=CARTESIAN_POINT('Ctrl Pts',(1.79838557475116,-1.79838557475116,-8.675));
#5371=CARTESIAN_POINT('Ctrl Pts',(2.54330127018922,-1.0534698793131,-8.625));
#5372=CARTESIAN_POINT('Ctrl Pts',(2.54330127018922,-4.67196863970696E-16,
-8.575));
#5373=CARTESIAN_POINT('Ctrl Pts',(2.54330127018922,1.0534698793131,-8.52500000000001));
#5374=CARTESIAN_POINT('Ctrl Pts',(1.79838557475116,1.79838557475116,-8.475));
#5375=CARTESIAN_POINT('Ctrl Pts',(1.0534698793131,2.54330127018922,-8.42500000000001));
#5376=CARTESIAN_POINT('Ctrl Pts',(0.,2.54330127018922,-8.375));
#5377=CARTESIAN_POINT('Ctrl Pts',(-1.05346987931309,2.54330127018922,-8.325));
#5378=CARTESIAN_POINT('Ctrl Pts',(-1.79838557475116,1.79838557475116,-8.275));
#5379=CARTESIAN_POINT('Ctrl Pts',(-2.54330127018922,1.05346987931309,-8.225));
#5380=CARTESIAN_POINT('Ctrl Pts',(-2.54330127018922,1.5573228799023E-16,
-8.17500000000001));
#5381=CARTESIAN_POINT('Ctrl Pts',(-2.54330127018922,-1.05346987931309,-8.125));
#5382=CARTESIAN_POINT('Ctrl Pts',(-1.79838557475116,-1.79838557475116,-8.07500000000001));
#5383=CARTESIAN_POINT('Ctrl Pts',(-1.05346987931309,-2.54330127018922,-8.025));
#5384=CARTESIAN_POINT('Ctrl Pts',(-3.11464575980463E-16,-2.54330127018922,
-7.975));
#5385=CARTESIAN_POINT('Ctrl Pts',(1.05346987931309,-2.54330127018922,-7.925));
#5386=CARTESIAN_POINT('Ctrl Pts',(1.79838557475116,-1.79838557475116,-7.875));
#5387=CARTESIAN_POINT('Ctrl Pts',(2.54330127018922,-1.0534698793131,-7.82500000000001));
#5388=CARTESIAN_POINT('Ctrl Pts',(2.54330127018922,-4.67196863970696E-16,
-7.775));
#5389=CARTESIAN_POINT('Ctrl Pts',(2.54330127018922,1.0534698793131,-7.725));
#5390=CARTESIAN_POINT('Ctrl Pts',(1.79838557475116,1.79838557475116,-7.67500000000001));
#5391=CARTESIAN_POINT('Ctrl Pts',(1.0534698793131,2.54330127018922,-7.62500000000001));
#5392=CARTESIAN_POINT('Ctrl Pts',(0.,2.54330127018922,-7.575));
#5393=CARTESIAN_POINT('Ctrl Pts',(-1.05346987931309,2.54330127018922,-7.525));
#5394=CARTESIAN_POINT('Ctrl Pts',(-1.79838557475116,1.79838557475116,-7.475));
#5395=CARTESIAN_POINT('Ctrl Pts',(-2.54330127018922,1.05346987931309,-7.42500000000001));
#5396=CARTESIAN_POINT('Ctrl Pts',(-2.54330127018922,1.5573228799023E-16,
-7.37500000000001));
#5397=CARTESIAN_POINT('Ctrl Pts',(-2.54330127018922,-1.05346987931309,-7.32500000000001));
#5398=CARTESIAN_POINT('Ctrl Pts',(-1.79838557475116,-1.79838557475116,-7.275));
#5399=CARTESIAN_POINT('Ctrl Pts',(-1.05346987931309,-2.54330127018922,-7.225));
#5400=CARTESIAN_POINT('Ctrl Pts',(-3.11464575980463E-16,-2.54330127018922,
-7.175));
#5401=CARTESIAN_POINT('Ctrl Pts',(1.05346987931309,-2.54330127018922,-7.12500000000001));
#5402=CARTESIAN_POINT('Ctrl Pts',(1.79838557475116,-1.79838557475116,-7.075));
#5403=CARTESIAN_POINT('Ctrl Pts',(2.54330127018922,-1.0534698793131,-7.02500000000001));
#5404=CARTESIAN_POINT('Ctrl Pts',(2.54330127018922,-4.67196863970696E-16,
-6.97500000000001));
#5405=CARTESIAN_POINT('Ctrl Pts',(2.54330127018922,1.0534698793131,-6.925));
#5406=CARTESIAN_POINT('Ctrl Pts',(1.79838557475116,1.79838557475116,-6.875));
#5407=CARTESIAN_POINT('Ctrl Pts',(1.0534698793131,2.54330127018922,-6.82500000000001));
#5408=CARTESIAN_POINT('Ctrl Pts',(0.,2.54330127018922,-6.77500000000001));
#5409=CARTESIAN_POINT('Ctrl Pts',(-1.05346987931309,2.54330127018922,-6.725));
#5410=CARTESIAN_POINT('Ctrl Pts',(-1.79838557475116,1.79838557475116,-6.67500000000001));
#5411=CARTESIAN_POINT('Ctrl Pts',(-2.54330127018922,1.05346987931309,-6.625));
#5412=CARTESIAN_POINT('Ctrl Pts',(-2.54330127018922,1.5573228799023E-16,
-6.57500000000001));
#5413=CARTESIAN_POINT('Ctrl Pts',(-2.54330127018922,-1.05346987931309,-6.52500000000001));
#5414=CARTESIAN_POINT('Ctrl Pts',(-1.79838557475116,-1.79838557475116,-6.475));
#5415=CARTESIAN_POINT('Ctrl Pts',(-1.05346987931309,-2.54330127018922,-6.42500000000001));
#5416=CARTESIAN_POINT('Ctrl Pts',(-3.11464575980463E-16,-2.54330127018922,
-6.375));
#5417=CARTESIAN_POINT('Ctrl Pts',(1.05346987931309,-2.54330127018922,-6.32500000000001));
#5418=CARTESIAN_POINT('Ctrl Pts',(1.79838557475116,-1.79838557475116,-6.275));
#5419=CARTESIAN_POINT('Ctrl Pts',(2.54330127018922,-1.0534698793131,-6.225));
#5420=CARTESIAN_POINT('Ctrl Pts',(2.54330127018922,-4.67196863970696E-16,
-6.17500000000001));
#5421=CARTESIAN_POINT('Ctrl Pts',(2.54330127018922,1.0534698793131,-6.12500000000001));
#5422=CARTESIAN_POINT('Ctrl Pts',(1.79838557475116,1.79838557475116,-6.075));
#5423=CARTESIAN_POINT('Ctrl Pts',(1.0534698793131,2.54330127018922,-6.025));
#5424=CARTESIAN_POINT('Ctrl Pts',(0.,2.54330127018922,-5.975));
#5425=CARTESIAN_POINT('Ctrl Pts',(-1.05346987931309,2.54330127018922,-5.92500000000001));
#5426=CARTESIAN_POINT('Ctrl Pts',(-1.79838557475116,1.79838557475116,-5.875));
#5427=CARTESIAN_POINT('Ctrl Pts',(-2.54330127018922,1.05346987931309,-5.825));
#5428=CARTESIAN_POINT('Ctrl Pts',(-2.54330127018922,1.5573228799023E-16,
-5.775));
#5429=CARTESIAN_POINT('Ctrl Pts',(-2.54330127018922,-1.05346987931309,-5.725));
#5430=CARTESIAN_POINT('Ctrl Pts',(-1.79838557475116,-1.79838557475116,-5.675));
#5431=CARTESIAN_POINT('Ctrl Pts',(-1.05346987931309,-2.54330127018922,-5.625));
#5432=CARTESIAN_POINT('Ctrl Pts',(-3.11464575980463E-16,-2.54330127018922,
-5.575));
#5433=CARTESIAN_POINT('Ctrl Pts',(1.05346987931309,-2.54330127018922,-5.52500000000001));
#5434=CARTESIAN_POINT('Ctrl Pts',(1.79838557475116,-1.79838557475116,-5.475));
#5435=CARTESIAN_POINT('Ctrl Pts',(2.54330127018922,-1.0534698793131,-5.425));
#5436=CARTESIAN_POINT('Ctrl Pts',(2.54330127018922,-4.67196863970696E-16,
-5.375));
#5437=CARTESIAN_POINT('Ctrl Pts',(2.54330127018922,1.0534698793131,-5.32500000000001));
#5438=CARTESIAN_POINT('Ctrl Pts',(1.79838557475116,1.79838557475116,-5.27500000000001));
#5439=CARTESIAN_POINT('Ctrl Pts',(1.0534698793131,2.54330127018922,-5.225));
#5440=CARTESIAN_POINT('Ctrl Pts',(0.,2.54330127018922,-5.175));
#5441=CARTESIAN_POINT('Ctrl Pts',(-1.05346987931309,2.54330127018922,-5.125));
#5442=CARTESIAN_POINT('Ctrl Pts',(-1.79838557475116,1.79838557475116,-5.075));
#5443=CARTESIAN_POINT('Ctrl Pts',(-2.54330127018922,1.05346987931309,-5.02500000000001));
#5444=CARTESIAN_POINT('Ctrl Pts',(-2.54330127018922,1.5573228799023E-16,
-4.975));
#5445=CARTESIAN_POINT('Ctrl Pts',(-2.54330127018922,-1.05346987931309,-4.925));
#5446=CARTESIAN_POINT('Ctrl Pts',(-1.79838557475116,-1.79838557475116,-4.87500000000001));
#5447=CARTESIAN_POINT('Ctrl Pts',(-1.05346987931309,-2.54330127018922,-4.825));
#5448=CARTESIAN_POINT('Ctrl Pts',(-3.11464575980463E-16,-2.54330127018922,
-4.775));
#5449=CARTESIAN_POINT('Ctrl Pts',(1.05346987931309,-2.54330127018922,-4.725));
#5450=CARTESIAN_POINT('Ctrl Pts',(1.79838557475116,-1.79838557475116,-4.675));
#5451=CARTESIAN_POINT('Ctrl Pts',(2.54330127018922,-1.0534698793131,-4.625));
#5452=CARTESIAN_POINT('Ctrl Pts',(2.54330127018922,-4.67196863970696E-16,
-4.575));
#5453=CARTESIAN_POINT('Ctrl Pts',(2.54330127018922,1.0534698793131,-4.525));
#5454=CARTESIAN_POINT('Ctrl Pts',(1.79838557475116,1.79838557475116,-4.475));
#5455=CARTESIAN_POINT('Ctrl Pts',(1.0534698793131,2.54330127018922,-4.425));
#5456=CARTESIAN_POINT('Ctrl Pts',(0.,2.54330127018922,-4.375));
#5457=CARTESIAN_POINT('Ctrl Pts',(-1.05346987931309,2.54330127018922,-4.325));
#5458=CARTESIAN_POINT('Ctrl Pts',(-1.79838557475116,1.79838557475116,-4.275));
#5459=CARTESIAN_POINT('Ctrl Pts',(-2.54330127018922,1.05346987931309,-4.225));
#5460=CARTESIAN_POINT('Ctrl Pts',(-2.54330127018922,1.5573228799023E-16,
-4.175));
#5461=CARTESIAN_POINT('Ctrl Pts',(-2.54330127018922,-1.05346987931309,-4.125));
#5462=CARTESIAN_POINT('Ctrl Pts',(-1.79838557475116,-1.79838557475116,-4.075));
#5463=CARTESIAN_POINT('Ctrl Pts',(-1.05346987931309,-2.54330127018922,-4.025));
#5464=CARTESIAN_POINT('Ctrl Pts',(-3.11464575980463E-16,-2.54330127018922,
-3.975));
#5465=CARTESIAN_POINT('Ctrl Pts',(1.05346987931309,-2.54330127018922,-3.925));
#5466=CARTESIAN_POINT('Ctrl Pts',(1.79838557475116,-1.79838557475116,-3.875));
#5467=CARTESIAN_POINT('Ctrl Pts',(2.54330127018922,-1.0534698793131,-3.82500000000001));
#5468=CARTESIAN_POINT('Ctrl Pts',(2.54330127018922,-4.67196863970696E-16,
-3.775));
#5469=CARTESIAN_POINT('Ctrl Pts',(2.54330127018922,1.0534698793131,-3.725));
#5470=CARTESIAN_POINT('Ctrl Pts',(1.79838557475116,1.79838557475116,-3.67500000000001));
#5471=CARTESIAN_POINT('Ctrl Pts',(1.0534698793131,2.54330127018922,-3.625));
#5472=CARTESIAN_POINT('Ctrl Pts',(0.,2.54330127018922,-3.575));
#5473=CARTESIAN_POINT('Ctrl Pts',(-1.05346987931309,2.54330127018922,-3.525));
#5474=CARTESIAN_POINT('Ctrl Pts',(-1.79838557475116,1.79838557475116,-3.475));
#5475=CARTESIAN_POINT('Ctrl Pts',(-2.54330127018922,1.05346987931309,-3.42500000000001));
#5476=CARTESIAN_POINT('Ctrl Pts',(-2.54330127018922,1.5573228799023E-16,
-3.37500000000001));
#5477=CARTESIAN_POINT('Ctrl Pts',(-2.54330127018922,-1.05346987931309,-3.325));
#5478=CARTESIAN_POINT('Ctrl Pts',(-1.79838557475116,-1.79838557475116,-3.275));
#5479=CARTESIAN_POINT('Ctrl Pts',(-1.05346987931309,-2.54330127018922,-3.225));
#5480=CARTESIAN_POINT('Ctrl Pts',(-3.11464575980463E-16,-2.54330127018922,
-3.175));
#5481=CARTESIAN_POINT('Ctrl Pts',(1.05346987931309,-2.54330127018922,-3.125));
#5482=CARTESIAN_POINT('Ctrl Pts',(1.79838557475116,-1.79838557475116,-3.075));
#5483=CARTESIAN_POINT('Ctrl Pts',(2.54330127018922,-1.0534698793131,-3.025));
#5484=CARTESIAN_POINT('Ctrl Pts',(2.54330127018922,-4.67196863970696E-16,
-2.975));
#5485=CARTESIAN_POINT('Ctrl Pts',(2.54330127018922,1.0534698793131,-2.925));
#5486=CARTESIAN_POINT('Ctrl Pts',(1.79838557475116,1.79838557475116,-2.875));
#5487=CARTESIAN_POINT('Ctrl Pts',(1.0534698793131,2.54330127018922,-2.825));
#5488=CARTESIAN_POINT('Ctrl Pts',(0.,2.54330127018922,-2.775));
#5489=CARTESIAN_POINT('Ctrl Pts',(-1.05346987931309,2.54330127018922,-2.725));
#5490=CARTESIAN_POINT('Ctrl Pts',(-1.79838557475116,1.79838557475116,-2.675));
#5491=CARTESIAN_POINT('Ctrl Pts',(-2.54330127018922,1.05346987931309,-2.625));
#5492=CARTESIAN_POINT('Ctrl Pts',(-2.54330127018922,1.5573228799023E-16,
-2.575));
#5493=CARTESIAN_POINT('Ctrl Pts',(-2.54330127018922,-1.05346987931309,-2.52500000000001));
#5494=CARTESIAN_POINT('Ctrl Pts',(-1.79838557475116,-1.79838557475116,-2.475));
#5495=CARTESIAN_POINT('Ctrl Pts',(-1.05346987931309,-2.54330127018922,-2.425));
#5496=CARTESIAN_POINT('Ctrl Pts',(-3.11464575980463E-16,-2.54330127018922,
-2.375));
#5497=CARTESIAN_POINT('Ctrl Pts',(1.05346987931309,-2.54330127018922,-2.325));
#5498=CARTESIAN_POINT('Ctrl Pts',(1.79838557475116,-1.79838557475116,-2.275));
#5499=CARTESIAN_POINT('Ctrl Pts',(2.54330127018922,-1.0534698793131,-2.225));
#5500=CARTESIAN_POINT('Ctrl Pts',(2.54330127018922,-4.67196863970696E-16,
-2.175));
#5501=CARTESIAN_POINT('Ctrl Pts',(2.54330127018922,1.0534698793131,-2.125));
#5502=CARTESIAN_POINT('Ctrl Pts',(1.79838557475116,1.79838557475116,-2.075));
#5503=CARTESIAN_POINT('Ctrl Pts',(1.0534698793131,2.54330127018922,-2.025));
#5504=CARTESIAN_POINT('Ctrl Pts',(0.,2.54330127018922,-1.975));
#5505=CARTESIAN_POINT('Ctrl Pts',(-1.05346987931309,2.54330127018922,-1.925));
#5506=CARTESIAN_POINT('Ctrl Pts',(-1.79838557475116,1.79838557475116,-1.87500000000001));
#5507=CARTESIAN_POINT('Ctrl Pts',(-2.54330127018922,1.05346987931309,-1.825));
#5508=CARTESIAN_POINT('Ctrl Pts',(-2.54330127018922,1.5573228799023E-16,
-1.775));
#5509=CARTESIAN_POINT('Ctrl Pts',(-2.54330127018922,-1.05346987931309,-1.725));
#5510=CARTESIAN_POINT('Ctrl Pts',(-1.79838557475116,-1.79838557475116,-1.675));
#5511=CARTESIAN_POINT('Ctrl Pts',(-1.05346987931309,-2.54330127018922,-1.62500000000001));
#5512=CARTESIAN_POINT('Ctrl Pts',(-3.11464575980463E-16,-2.54330127018922,
-1.575));
#5513=CARTESIAN_POINT('Ctrl Pts',(1.05346987931309,-2.54330127018922,-1.525));
#5514=CARTESIAN_POINT('Ctrl Pts',(1.79838557475116,-1.79838557475116,-1.475));
#5515=CARTESIAN_POINT('Ctrl Pts',(2.54330127018922,-1.0534698793131,-1.425));
#5516=CARTESIAN_POINT('Ctrl Pts',(2.54330127018922,-4.67196863970696E-16,
-1.375));
#5517=CARTESIAN_POINT('Ctrl Pts',(2.54330127018922,1.0534698793131,-1.32500000000001));
#5518=CARTESIAN_POINT('Ctrl Pts',(1.79838557475116,1.79838557475116,-1.275));
#5519=CARTESIAN_POINT('Ctrl Pts',(1.0534698793131,2.54330127018922,-1.225));
#5520=CARTESIAN_POINT('Ctrl Pts',(0.,2.54330127018922,-1.175));
#5521=CARTESIAN_POINT('Ctrl Pts',(-1.05346987931309,2.54330127018922,-1.125));
#5522=CARTESIAN_POINT('Ctrl Pts',(-1.79838557475116,1.79838557475116,-1.075));
#5523=CARTESIAN_POINT('Ctrl Pts',(-2.54330127018922,1.05346987931309,-1.02500000000001));
#5524=CARTESIAN_POINT('Ctrl Pts',(-2.54330127018922,1.5573228799023E-16,
-0.975000000000004));
#5525=CARTESIAN_POINT('Ctrl Pts',(-2.54330127018922,-1.05346987931309,-0.925000000000004));
#5526=CARTESIAN_POINT('Ctrl Pts',(-1.79838557475116,-1.79838557475116,-0.875000000000004));
#5527=CARTESIAN_POINT('Ctrl Pts',(-1.05346987931309,-2.54330127018922,-0.825000000000005));
#5528=CARTESIAN_POINT('Ctrl Pts',(-3.11464575980463E-16,-2.54330127018922,
-0.775000000000005));
#5529=CARTESIAN_POINT('Ctrl Pts',(1.05346987931309,-2.54330127018922,-0.725000000000003));
#5530=CARTESIAN_POINT('Ctrl Pts',(1.79838557475116,-1.79838557475116,-0.675000000000004));
#5531=CARTESIAN_POINT('Ctrl Pts',(2.54330127018922,-1.0534698793131,-0.625000000000004));
#5532=CARTESIAN_POINT('Ctrl Pts',(2.54330127018922,-4.67196863970696E-16,
-0.575000000000004));
#5533=CARTESIAN_POINT('Ctrl Pts',(2.54330127018922,1.0534698793131,-0.525000000000005));
#5534=CARTESIAN_POINT('Ctrl Pts',(1.79838557475116,1.79838557475116,-0.475000000000005));
#5535=CARTESIAN_POINT('Ctrl Pts',(1.0534698793131,2.54330127018922,-0.425000000000004));
#5536=CARTESIAN_POINT('Ctrl Pts',(0.,2.54330127018922,-0.375000000000004));
#5537=CARTESIAN_POINT('Ctrl Pts',(-1.05346987931309,2.54330127018922,-0.325000000000004));
#5538=CARTESIAN_POINT('Ctrl Pts',(-1.79838557475116,1.79838557475116,-0.275000000000004));
#5539=CARTESIAN_POINT('Ctrl Pts',(-2.54330127018922,1.05346987931309,-0.225000000000005));
#5540=CARTESIAN_POINT('Ctrl Pts',(-2.54330127018922,1.5573228799023E-16,
-0.175000000000005));
#5541=CARTESIAN_POINT('Ctrl Pts',(-2.54330127018922,-1.05346987931309,-0.125000000000004));
#5542=CARTESIAN_POINT('Ctrl Pts',(-1.79838557475116,-1.79838557475116,-0.0750000000000039));
#5543=CARTESIAN_POINT('Ctrl Pts',(-1.05346987931309,-2.54330127018922,-0.0250000000000042));
#5544=CARTESIAN_POINT('Ctrl Pts',(-3.11464575980463E-16,-2.54330127018922,
0.0249999999999955));
#5545=CARTESIAN_POINT('Ctrl Pts',(1.05346987931309,-2.54330127018922,0.0749999999999952));
#5546=CARTESIAN_POINT('Ctrl Pts',(1.79838557475116,-1.79838557475116,0.124999999999997));
#5547=CARTESIAN_POINT('Ctrl Pts',(2.54330127018922,-1.0534698793131,0.174999999999996));
#5548=CARTESIAN_POINT('Ctrl Pts',(2.54330127018922,-4.67196863970696E-16,
0.224999999999996));
#5549=CARTESIAN_POINT('Ctrl Pts',(2.54330127018922,1.0534698793131,0.274999999999996));
#5550=CARTESIAN_POINT('Ctrl Pts',(1.79838557475116,1.79838557475116,0.324999999999995));
#5551=CARTESIAN_POINT('Ctrl Pts',(1.0534698793131,2.54330127018922,0.374999999999995));
#5552=CARTESIAN_POINT('Ctrl Pts',(0.,2.54330127018922,0.424999999999997));
#5553=CARTESIAN_POINT('Ctrl Pts',(-1.05346987931309,2.54330127018922,0.474999999999996));
#5554=CARTESIAN_POINT('Ctrl Pts',(-1.79838557475116,1.79838557475116,0.524999999999996));
#5555=CARTESIAN_POINT('Ctrl Pts',(-2.54330127018922,1.05346987931309,0.574999999999996));
#5556=CARTESIAN_POINT('Ctrl Pts',(-2.54330127018922,1.5573228799023E-16,
0.624999999999995));
#5557=CARTESIAN_POINT('Ctrl Pts',(-2.54330127018922,-1.05346987931309,0.674999999999995));
#5558=CARTESIAN_POINT('Ctrl Pts',(-1.79838557475116,-1.79838557475116,0.724999999999997));
#5559=CARTESIAN_POINT('Ctrl Pts',(-1.05346987931309,-2.54330127018922,0.774999999999996));
#5560=CARTESIAN_POINT('Ctrl Pts',(-3.11464575980463E-16,-2.54330127018922,
0.824999999999996));
#5561=CARTESIAN_POINT('Ctrl Pts',(1.05346987931309,-2.54330127018922,0.874999999999996));
#5562=CARTESIAN_POINT('Ctrl Pts',(1.79838557475116,-1.79838557475116,0.924999999999995));
#5563=CARTESIAN_POINT('Ctrl Pts',(2.54330127018922,-1.0534698793131,0.974999999999995));
#5564=CARTESIAN_POINT('Ctrl Pts',(2.54330127018922,-4.67196863970696E-16,
1.025));
#5565=CARTESIAN_POINT('Ctrl Pts',(2.54330127018922,1.0534698793131,1.075));
#5566=CARTESIAN_POINT('Ctrl Pts',(1.79838557475116,1.79838557475116,1.125));
#5567=CARTESIAN_POINT('Ctrl Pts',(1.0534698793131,2.54330127018922,1.175));
#5568=CARTESIAN_POINT('Ctrl Pts',(0.,2.54330127018922,1.225));
#5569=CARTESIAN_POINT('Ctrl Pts',(-1.05346987931309,2.54330127018922,1.275));
#5570=CARTESIAN_POINT('Ctrl Pts',(-1.79838557475116,1.79838557475116,1.325));
#5571=CARTESIAN_POINT('Ctrl Pts',(-2.54330127018922,1.05346987931309,1.375));
#5572=CARTESIAN_POINT('Ctrl Pts',(-2.54330127018922,1.5573228799023E-16,
1.425));
#5573=CARTESIAN_POINT('Ctrl Pts',(-2.54330127018922,-1.05346987931309,1.475));
#5574=CARTESIAN_POINT('Ctrl Pts',(-1.79838557475116,-1.79838557475116,1.525));
#5575=CARTESIAN_POINT('Ctrl Pts',(-1.05346987931309,-2.54330127018922,1.575));
#5576=CARTESIAN_POINT('Ctrl Pts',(-3.11464575980463E-16,-2.54330127018922,
1.625));
#5577=CARTESIAN_POINT('Ctrl Pts',(1.05346987931309,-2.54330127018922,1.675));
#5578=CARTESIAN_POINT('Ctrl Pts',(1.79838557475116,-1.79838557475116,1.725));
#5579=CARTESIAN_POINT('Ctrl Pts',(2.54330127018922,-1.0534698793131,1.775));
#5580=CARTESIAN_POINT('Ctrl Pts',(2.54330127018922,-4.67196863970696E-16,
1.825));
#5581=CARTESIAN_POINT('Ctrl Pts',(2.54330127018922,1.0534698793131,1.875));
#5582=CARTESIAN_POINT('Ctrl Pts',(1.79838557475116,1.79838557475116,1.925));
#5583=CARTESIAN_POINT('Ctrl Pts',(1.0534698793131,2.54330127018922,1.975));
#5584=CARTESIAN_POINT('Ctrl Pts',(0.,2.54330127018922,2.025));
#5585=CARTESIAN_POINT('Ctrl Pts',(-1.05346987931309,2.54330127018922,2.075));
#5586=CARTESIAN_POINT('Ctrl Pts',(-1.79838557475116,1.79838557475116,2.125));
#5587=CARTESIAN_POINT('Ctrl Pts',(-2.54330127018922,1.05346987931309,2.175));
#5588=CARTESIAN_POINT('Ctrl Pts',(-2.54330127018922,1.5573228799023E-16,
2.225));
#5589=CARTESIAN_POINT('Ctrl Pts',(-2.54330127018922,-1.05346987931309,2.275));
#5590=CARTESIAN_POINT('Ctrl Pts',(-1.79838557475116,-1.79838557475116,2.325));
#5591=CARTESIAN_POINT('Ctrl Pts',(-1.05346987931309,-2.54330127018922,2.375));
#5592=CARTESIAN_POINT('Ctrl Pts',(-3.11464575980463E-16,-2.54330127018922,
2.425));
#5593=CARTESIAN_POINT('Ctrl Pts',(1.05346987931309,-2.54330127018922,2.475));
#5594=CARTESIAN_POINT('Ctrl Pts',(1.79838557475116,-1.79838557475116,2.525));
#5595=CARTESIAN_POINT('Ctrl Pts',(2.54330127018922,-1.0534698793131,2.575));
#5596=CARTESIAN_POINT('Ctrl Pts',(2.54330127018922,-4.67196863970696E-16,
2.625));
#5597=CARTESIAN_POINT('Ctrl Pts',(2.54330127018922,1.0534698793131,2.675));
#5598=CARTESIAN_POINT('Ctrl Pts',(1.79838557475116,1.79838557475116,2.725));
#5599=CARTESIAN_POINT('Ctrl Pts',(1.0534698793131,2.54330127018922,2.775));
#5600=CARTESIAN_POINT('Ctrl Pts',(0.,2.54330127018922,2.825));
#5601=CARTESIAN_POINT('Ctrl Pts',(-1.05346987931309,2.54330127018922,2.875));
#5602=CARTESIAN_POINT('Ctrl Pts',(-1.79838557475116,1.79838557475116,2.925));
#5603=CARTESIAN_POINT('Ctrl Pts',(-2.54330127018922,1.05346987931309,2.975));
#5604=CARTESIAN_POINT('Ctrl Pts',(-2.54330127018922,1.5573228799023E-16,
3.025));
#5605=CARTESIAN_POINT('Ctrl Pts',(-2.54330127018922,-1.05346987931309,3.075));
#5606=CARTESIAN_POINT('Ctrl Pts',(-1.79838557475116,-1.79838557475116,3.125));
#5607=CARTESIAN_POINT('Ctrl Pts',(-1.05346987931309,-2.54330127018922,3.175));
#5608=CARTESIAN_POINT('Ctrl Pts',(-3.11464575980463E-16,-2.54330127018922,
3.225));
#5609=CARTESIAN_POINT('Ctrl Pts',(1.05346987931309,-2.54330127018922,3.275));
#5610=CARTESIAN_POINT('Ctrl Pts',(1.79838557475116,-1.79838557475116,3.325));
#5611=CARTESIAN_POINT('Ctrl Pts',(2.54330127018922,-1.0534698793131,3.375));
#5612=CARTESIAN_POINT('Ctrl Pts',(2.54330127018922,-4.67196863970696E-16,
3.425));
#5613=CARTESIAN_POINT('Ctrl Pts',(2.54330127018922,1.0534698793131,3.475));
#5614=CARTESIAN_POINT('Ctrl Pts',(1.79838557475116,1.79838557475116,3.525));
#5615=CARTESIAN_POINT('Ctrl Pts',(1.0534698793131,2.54330127018922,3.575));
#5616=CARTESIAN_POINT('Ctrl Pts',(0.,2.54330127018922,3.625));
#5617=CARTESIAN_POINT('Ctrl Pts',(-1.05346987931309,2.54330127018922,3.675));
#5618=CARTESIAN_POINT('Ctrl Pts',(-1.79838557475116,1.79838557475116,3.725));
#5619=CARTESIAN_POINT('Ctrl Pts',(-2.54330127018922,1.05346987931309,3.775));
#5620=CARTESIAN_POINT('Ctrl Pts',(-2.54330127018922,1.5573228799023E-16,
3.825));
#5621=CARTESIAN_POINT('Ctrl Pts',(-2.54330127018922,-1.05346987931309,3.875));
#5622=CARTESIAN_POINT('Ctrl Pts',(-1.79838557475116,-1.79838557475116,3.925));
#5623=CARTESIAN_POINT('Ctrl Pts',(-1.05346987931309,-2.54330127018922,3.975));
#5624=CARTESIAN_POINT('Ctrl Pts',(-3.11464575980463E-16,-2.54330127018922,
4.025));
#5625=CARTESIAN_POINT('Ctrl Pts',(1.05346987931309,-2.54330127018922,4.075));
#5626=CARTESIAN_POINT('Ctrl Pts',(1.79838557475116,-1.79838557475116,4.125));
#5627=CARTESIAN_POINT('Ctrl Pts',(2.54330127018922,-1.0534698793131,4.175));
#5628=CARTESIAN_POINT('Ctrl Pts',(2.54330127018922,-4.67196863970696E-16,
4.225));
#5629=CARTESIAN_POINT('Ctrl Pts',(2.54330127018922,1.0534698793131,4.275));
#5630=CARTESIAN_POINT('Ctrl Pts',(1.79838557475116,1.79838557475116,4.325));
#5631=CARTESIAN_POINT('Ctrl Pts',(1.0534698793131,2.54330127018922,4.37499999999999));
#5632=CARTESIAN_POINT('Ctrl Pts',(0.,2.54330127018922,4.425));
#5633=CARTESIAN_POINT('Ctrl Pts',(-1.05346987931309,2.54330127018922,4.475));
#5634=CARTESIAN_POINT('Ctrl Pts',(-1.79838557475116,1.79838557475116,4.525));
#5635=CARTESIAN_POINT('Ctrl Pts',(-2.54330127018922,1.05346987931309,4.575));
#5636=CARTESIAN_POINT('Ctrl Pts',(-2.54330127018922,1.5573228799023E-16,
4.625));
#5637=CARTESIAN_POINT('Ctrl Pts',(-2.54330127018922,-1.05346987931309,4.675));
#5638=CARTESIAN_POINT('Ctrl Pts',(-1.79838557475116,-1.79838557475116,4.725));
#5639=CARTESIAN_POINT('Ctrl Pts',(-1.05346987931309,-2.54330127018922,4.775));
#5640=CARTESIAN_POINT('Ctrl Pts',(-3.11464575980463E-16,-2.54330127018922,
4.825));
#5641=CARTESIAN_POINT('Ctrl Pts',(1.05346987931309,-2.54330127018922,4.875));
#5642=CARTESIAN_POINT('Ctrl Pts',(1.79838557475116,-1.79838557475116,4.925));
#5643=CARTESIAN_POINT('Ctrl Pts',(2.54330127018922,-1.0534698793131,4.975));
#5644=CARTESIAN_POINT('Ctrl Pts',(2.54330127018922,-4.67196863970696E-16,
5.025));
#5645=CARTESIAN_POINT('Ctrl Pts',(2.54330127018922,1.0534698793131,5.075));
#5646=CARTESIAN_POINT('Ctrl Pts',(1.79838557475116,1.79838557475116,5.125));
#5647=CARTESIAN_POINT('Ctrl Pts',(1.0534698793131,2.54330127018922,5.175));
#5648=CARTESIAN_POINT('Ctrl Pts',(0.,2.54330127018922,5.225));
#5649=CARTESIAN_POINT('Ctrl Pts',(-1.05346987931309,2.54330127018922,5.275));
#5650=CARTESIAN_POINT('Ctrl Pts',(-1.79838557475116,1.79838557475116,5.325));
#5651=CARTESIAN_POINT('Ctrl Pts',(-2.54330127018922,1.05346987931309,5.375));
#5652=CARTESIAN_POINT('Ctrl Pts',(-2.54330127018922,1.5573228799023E-16,
5.425));
#5653=CARTESIAN_POINT('Ctrl Pts',(-2.54330127018922,-1.05346987931309,5.475));
#5654=CARTESIAN_POINT('Ctrl Pts',(-1.79838557475116,-1.79838557475116,5.525));
#5655=CARTESIAN_POINT('Ctrl Pts',(-1.05346987931309,-2.54330127018922,5.575));
#5656=CARTESIAN_POINT('Ctrl Pts',(-3.11464575980463E-16,-2.54330127018922,
5.625));
#5657=CARTESIAN_POINT('Ctrl Pts',(1.05346987931309,-2.54330127018922,5.675));
#5658=CARTESIAN_POINT('Ctrl Pts',(1.79838557475116,-1.79838557475116,5.725));
#5659=CARTESIAN_POINT('Ctrl Pts',(2.54330127018922,-1.0534698793131,5.775));
#5660=CARTESIAN_POINT('Ctrl Pts',(2.54330127018922,-4.67196863970696E-16,
5.825));
#5661=CARTESIAN_POINT('Ctrl Pts',(0.,2.54330127018922,-9.225));
#5662=CARTESIAN_POINT('Ctrl Pts',(-1.05346987931309,2.54330127018922,-9.175));
#5663=CARTESIAN_POINT('Ctrl Pts',(-1.79838557475116,1.79838557475116,-9.125));
#5664=CARTESIAN_POINT('Ctrl Pts',(-2.54330127018922,1.05346987931309,-9.075));
#5665=CARTESIAN_POINT('Ctrl Pts',(-2.54330127018922,1.5573228799023E-16,
-9.025));
#5666=CARTESIAN_POINT('Ctrl Pts',(-2.54330127018922,-1.05346987931309,-8.975));
#5667=CARTESIAN_POINT('Ctrl Pts',(-1.79838557475116,-1.79838557475116,-8.925));
#5668=CARTESIAN_POINT('Ctrl Pts',(-1.05346987931309,-2.54330127018922,-8.875));
#5669=CARTESIAN_POINT('Ctrl Pts',(-3.11464575980463E-16,-2.54330127018922,
-8.825));
#5670=CARTESIAN_POINT('Ctrl Pts',(1.05346987931309,-2.54330127018922,-8.775));
#5671=CARTESIAN_POINT('Ctrl Pts',(1.79838557475116,-1.79838557475116,-8.725));
#5672=CARTESIAN_POINT('Ctrl Pts',(2.54330127018922,-1.0534698793131,-8.675));
#5673=CARTESIAN_POINT('Ctrl Pts',(2.54330127018922,-4.67196863970696E-16,
-8.625));
#5674=CARTESIAN_POINT('Ctrl Pts',(2.54330127018922,1.0534698793131,-8.575));
#5675=CARTESIAN_POINT('Ctrl Pts',(1.79838557475116,1.79838557475116,-8.525));
#5676=CARTESIAN_POINT('Ctrl Pts',(1.0534698793131,2.54330127018922,-8.475));
#5677=CARTESIAN_POINT('Ctrl Pts',(0.,2.54330127018922,-8.425));
#5678=CARTESIAN_POINT('Ctrl Pts',(-1.05346987931309,2.54330127018922,-8.375));
#5679=CARTESIAN_POINT('Ctrl Pts',(-1.79838557475116,1.79838557475116,-8.325));
#5680=CARTESIAN_POINT('Ctrl Pts',(-2.54330127018922,1.05346987931309,-8.275));
#5681=CARTESIAN_POINT('Ctrl Pts',(-2.54330127018922,1.5573228799023E-16,
-8.225));
#5682=CARTESIAN_POINT('Ctrl Pts',(-2.54330127018922,-1.05346987931309,-8.175));
#5683=CARTESIAN_POINT('Ctrl Pts',(-1.79838557475116,-1.79838557475116,-8.125));
#5684=CARTESIAN_POINT('Ctrl Pts',(-1.05346987931309,-2.54330127018922,-8.075));
#5685=CARTESIAN_POINT('Ctrl Pts',(-3.11464575980463E-16,-2.54330127018922,
-8.025));
#5686=CARTESIAN_POINT('Ctrl Pts',(1.05346987931309,-2.54330127018922,-7.975));
#5687=CARTESIAN_POINT('Ctrl Pts',(1.79838557475116,-1.79838557475116,-7.925));
#5688=CARTESIAN_POINT('Ctrl Pts',(2.54330127018922,-1.0534698793131,-7.875));
#5689=CARTESIAN_POINT('Ctrl Pts',(2.54330127018922,-4.67196863970696E-16,
-7.825));
#5690=CARTESIAN_POINT('Ctrl Pts',(2.54330127018922,1.0534698793131,-7.775));
#5691=CARTESIAN_POINT('Ctrl Pts',(1.79838557475116,1.79838557475116,-7.725));
#5692=CARTESIAN_POINT('Ctrl Pts',(1.0534698793131,2.54330127018922,-7.675));
#5693=CARTESIAN_POINT('Ctrl Pts',(0.,2.54330127018922,-7.625));
#5694=CARTESIAN_POINT('Ctrl Pts',(-1.05346987931309,2.54330127018922,-7.575));
#5695=CARTESIAN_POINT('Ctrl Pts',(-1.79838557475116,1.79838557475116,-7.525));
#5696=CARTESIAN_POINT('Ctrl Pts',(-2.54330127018922,1.05346987931309,-7.475));
#5697=CARTESIAN_POINT('Ctrl Pts',(-2.54330127018922,1.5573228799023E-16,
-7.425));
#5698=CARTESIAN_POINT('Ctrl Pts',(-2.54330127018922,-1.05346987931309,-7.375));
#5699=CARTESIAN_POINT('Ctrl Pts',(-1.79838557475116,-1.79838557475116,-7.325));
#5700=CARTESIAN_POINT('Ctrl Pts',(-1.05346987931309,-2.54330127018922,-7.275));
#5701=CARTESIAN_POINT('Ctrl Pts',(-3.11464575980463E-16,-2.54330127018922,
-7.225));
#5702=CARTESIAN_POINT('Ctrl Pts',(1.05346987931309,-2.54330127018922,-7.175));
#5703=CARTESIAN_POINT('Ctrl Pts',(1.79838557475116,-1.79838557475116,-7.125));
#5704=CARTESIAN_POINT('Ctrl Pts',(2.54330127018922,-1.0534698793131,-7.075));
#5705=CARTESIAN_POINT('Ctrl Pts',(2.54330127018922,-4.67196863970696E-16,
-7.025));
#5706=CARTESIAN_POINT('Ctrl Pts',(2.54330127018922,1.0534698793131,-6.975));
#5707=CARTESIAN_POINT('Ctrl Pts',(1.79838557475116,1.79838557475116,-6.925));
#5708=CARTESIAN_POINT('Ctrl Pts',(1.0534698793131,2.54330127018922,-6.875));
#5709=CARTESIAN_POINT('Ctrl Pts',(0.,2.54330127018922,-6.825));
#5710=CARTESIAN_POINT('Ctrl Pts',(-1.05346987931309,2.54330127018922,-6.775));
#5711=CARTESIAN_POINT('Ctrl Pts',(-1.79838557475116,1.79838557475116,-6.725));
#5712=CARTESIAN_POINT('Ctrl Pts',(-2.54330127018922,1.05346987931309,-6.675));
#5713=CARTESIAN_POINT('Ctrl Pts',(-2.54330127018922,1.5573228799023E-16,
-6.625));
#5714=CARTESIAN_POINT('Ctrl Pts',(-2.54330127018922,-1.05346987931309,-6.575));
#5715=CARTESIAN_POINT('Ctrl Pts',(-1.79838557475116,-1.79838557475116,-6.525));
#5716=CARTESIAN_POINT('Ctrl Pts',(-1.05346987931309,-2.54330127018922,-6.475));
#5717=CARTESIAN_POINT('Ctrl Pts',(-3.11464575980463E-16,-2.54330127018922,
-6.425));
#5718=CARTESIAN_POINT('Ctrl Pts',(1.05346987931309,-2.54330127018922,-6.375));
#5719=CARTESIAN_POINT('Ctrl Pts',(1.79838557475116,-1.79838557475116,-6.325));
#5720=CARTESIAN_POINT('Ctrl Pts',(2.54330127018922,-1.0534698793131,-6.275));
#5721=CARTESIAN_POINT('Ctrl Pts',(2.54330127018922,-4.67196863970696E-16,
-6.225));
#5722=CARTESIAN_POINT('Ctrl Pts',(2.54330127018922,1.0534698793131,-6.175));
#5723=CARTESIAN_POINT('Ctrl Pts',(1.79838557475116,1.79838557475116,-6.125));
#5724=CARTESIAN_POINT('Ctrl Pts',(1.0534698793131,2.54330127018922,-6.075));
#5725=CARTESIAN_POINT('Ctrl Pts',(0.,2.54330127018922,-6.025));
#5726=CARTESIAN_POINT('Ctrl Pts',(-1.05346987931309,2.54330127018922,-5.975));
#5727=CARTESIAN_POINT('Ctrl Pts',(-1.79838557475116,1.79838557475116,-5.925));
#5728=CARTESIAN_POINT('Ctrl Pts',(-2.54330127018922,1.05346987931309,-5.875));
#5729=CARTESIAN_POINT('Ctrl Pts',(-2.54330127018922,1.5573228799023E-16,
-5.825));
#5730=CARTESIAN_POINT('Ctrl Pts',(-2.54330127018922,-1.05346987931309,-5.775));
#5731=CARTESIAN_POINT('Ctrl Pts',(-1.79838557475116,-1.79838557475116,-5.725));
#5732=CARTESIAN_POINT('Ctrl Pts',(-1.05346987931309,-2.54330127018922,-5.675));
#5733=CARTESIAN_POINT('Ctrl Pts',(-3.11464575980463E-16,-2.54330127018922,
-5.625));
#5734=CARTESIAN_POINT('Ctrl Pts',(1.05346987931309,-2.54330127018922,-5.575));
#5735=CARTESIAN_POINT('Ctrl Pts',(1.79838557475116,-1.79838557475116,-5.525));
#5736=CARTESIAN_POINT('Ctrl Pts',(2.54330127018922,-1.0534698793131,-5.475));
#5737=CARTESIAN_POINT('Ctrl Pts',(2.54330127018922,-4.67196863970696E-16,
-5.425));
#5738=CARTESIAN_POINT('Ctrl Pts',(2.54330127018922,1.0534698793131,-5.375));
#5739=CARTESIAN_POINT('Ctrl Pts',(1.79838557475116,1.79838557475116,-5.325));
#5740=CARTESIAN_POINT('Ctrl Pts',(1.0534698793131,2.54330127018922,-5.275));
#5741=CARTESIAN_POINT('Ctrl Pts',(0.,2.54330127018922,-5.225));
#5742=CARTESIAN_POINT('Ctrl Pts',(-1.05346987931309,2.54330127018922,-5.175));
#5743=CARTESIAN_POINT('Ctrl Pts',(-1.79838557475116,1.79838557475116,-5.125));
#5744=CARTESIAN_POINT('Ctrl Pts',(-2.54330127018922,1.05346987931309,-5.075));
#5745=CARTESIAN_POINT('Ctrl Pts',(-2.54330127018922,1.5573228799023E-16,
-5.025));
#5746=CARTESIAN_POINT('Ctrl Pts',(-2.54330127018922,-1.05346987931309,-4.975));
#5747=CARTESIAN_POINT('Ctrl Pts',(-1.79838557475116,-1.79838557475116,-4.925));
#5748=CARTESIAN_POINT('Ctrl Pts',(-1.05346987931309,-2.54330127018922,-4.875));
#5749=CARTESIAN_POINT('Ctrl Pts',(-3.11464575980463E-16,-2.54330127018922,
-4.825));
#5750=CARTESIAN_POINT('Ctrl Pts',(1.05346987931309,-2.54330127018922,-4.775));
#5751=CARTESIAN_POINT('Ctrl Pts',(1.79838557475116,-1.79838557475116,-4.725));
#5752=CARTESIAN_POINT('Ctrl Pts',(2.54330127018922,-1.0534698793131,-4.675));
#5753=CARTESIAN_POINT('Ctrl Pts',(2.54330127018922,-4.67196863970696E-16,
-4.625));
#5754=CARTESIAN_POINT('Ctrl Pts',(2.54330127018922,1.0534698793131,-4.575));
#5755=CARTESIAN_POINT('Ctrl Pts',(1.79838557475116,1.79838557475116,-4.525));
#5756=CARTESIAN_POINT('Ctrl Pts',(1.0534698793131,2.54330127018922,-4.475));
#5757=CARTESIAN_POINT('Ctrl Pts',(0.,2.54330127018922,-4.425));
#5758=CARTESIAN_POINT('Ctrl Pts',(-1.05346987931309,2.54330127018922,-4.375));
#5759=CARTESIAN_POINT('Ctrl Pts',(-1.79838557475116,1.79838557475116,-4.325));
#5760=CARTESIAN_POINT('Ctrl Pts',(-2.54330127018922,1.05346987931309,-4.275));
#5761=CARTESIAN_POINT('Ctrl Pts',(-2.54330127018922,1.5573228799023E-16,
-4.225));
#5762=CARTESIAN_POINT('Ctrl Pts',(-2.54330127018922,-1.05346987931309,-4.175));
#5763=CARTESIAN_POINT('Ctrl Pts',(-1.79838557475116,-1.79838557475116,-4.125));
#5764=CARTESIAN_POINT('Ctrl Pts',(-1.05346987931309,-2.54330127018922,-4.075));
#5765=CARTESIAN_POINT('Ctrl Pts',(-3.11464575980463E-16,-2.54330127018922,
-4.025));
#5766=CARTESIAN_POINT('Ctrl Pts',(1.05346987931309,-2.54330127018922,-3.975));
#5767=CARTESIAN_POINT('Ctrl Pts',(1.79838557475116,-1.79838557475116,-3.925));
#5768=CARTESIAN_POINT('Ctrl Pts',(2.54330127018922,-1.0534698793131,-3.875));
#5769=CARTESIAN_POINT('Ctrl Pts',(2.54330127018922,-4.67196863970696E-16,
-3.825));
#5770=CARTESIAN_POINT('Ctrl Pts',(2.54330127018922,1.0534698793131,-3.775));
#5771=CARTESIAN_POINT('Ctrl Pts',(1.79838557475116,1.79838557475116,-3.725));
#5772=CARTESIAN_POINT('Ctrl Pts',(1.0534698793131,2.54330127018922,-3.675));
#5773=CARTESIAN_POINT('Ctrl Pts',(0.,2.54330127018922,-3.625));
#5774=CARTESIAN_POINT('Ctrl Pts',(-1.05346987931309,2.54330127018922,-3.575));
#5775=CARTESIAN_POINT('Ctrl Pts',(-1.79838557475116,1.79838557475116,-3.525));
#5776=CARTESIAN_POINT('Ctrl Pts',(-2.54330127018922,1.05346987931309,-3.475));
#5777=CARTESIAN_POINT('Ctrl Pts',(-2.54330127018922,1.5573228799023E-16,
-3.425));
#5778=CARTESIAN_POINT('Ctrl Pts',(-2.54330127018922,-1.05346987931309,-3.375));
#5779=CARTESIAN_POINT('Ctrl Pts',(-1.79838557475116,-1.79838557475116,-3.325));
#5780=CARTESIAN_POINT('Ctrl Pts',(-1.05346987931309,-2.54330127018922,-3.275));
#5781=CARTESIAN_POINT('Ctrl Pts',(-3.11464575980463E-16,-2.54330127018922,
-3.225));
#5782=CARTESIAN_POINT('Ctrl Pts',(1.05346987931309,-2.54330127018922,-3.175));
#5783=CARTESIAN_POINT('Ctrl Pts',(1.79838557475116,-1.79838557475116,-3.125));
#5784=CARTESIAN_POINT('Ctrl Pts',(2.54330127018922,-1.0534698793131,-3.075));
#5785=CARTESIAN_POINT('Ctrl Pts',(2.54330127018922,-4.67196863970696E-16,
-3.025));
#5786=CARTESIAN_POINT('Ctrl Pts',(2.54330127018922,1.0534698793131,-2.975));
#5787=CARTESIAN_POINT('Ctrl Pts',(1.79838557475116,1.79838557475116,-2.925));
#5788=CARTESIAN_POINT('Ctrl Pts',(1.0534698793131,2.54330127018922,-2.875));
#5789=CARTESIAN_POINT('Ctrl Pts',(0.,2.54330127018922,-2.825));
#5790=CARTESIAN_POINT('Ctrl Pts',(-1.05346987931309,2.54330127018922,-2.775));
#5791=CARTESIAN_POINT('Ctrl Pts',(-1.79838557475116,1.79838557475116,-2.725));
#5792=CARTESIAN_POINT('Ctrl Pts',(-2.54330127018922,1.05346987931309,-2.675));
#5793=CARTESIAN_POINT('Ctrl Pts',(-2.54330127018922,1.5573228799023E-16,
-2.625));
#5794=CARTESIAN_POINT('Ctrl Pts',(-2.54330127018922,-1.05346987931309,-2.575));
#5795=CARTESIAN_POINT('Ctrl Pts',(-1.79838557475116,-1.79838557475116,-2.525));
#5796=CARTESIAN_POINT('Ctrl Pts',(-1.05346987931309,-2.54330127018922,-2.475));
#5797=CARTESIAN_POINT('Ctrl Pts',(-3.11464575980463E-16,-2.54330127018922,
-2.425));
#5798=CARTESIAN_POINT('Ctrl Pts',(1.05346987931309,-2.54330127018922,-2.375));
#5799=CARTESIAN_POINT('Ctrl Pts',(1.79838557475116,-1.79838557475116,-2.325));
#5800=CARTESIAN_POINT('Ctrl Pts',(2.54330127018922,-1.0534698793131,-2.275));
#5801=CARTESIAN_POINT('Ctrl Pts',(2.54330127018922,-4.67196863970696E-16,
-2.225));
#5802=CARTESIAN_POINT('Ctrl Pts',(2.54330127018922,1.0534698793131,-2.175));
#5803=CARTESIAN_POINT('Ctrl Pts',(1.79838557475116,1.79838557475116,-2.125));
#5804=CARTESIAN_POINT('Ctrl Pts',(1.0534698793131,2.54330127018922,-2.075));
#5805=CARTESIAN_POINT('Ctrl Pts',(0.,2.54330127018922,-2.025));
#5806=CARTESIAN_POINT('Ctrl Pts',(-1.05346987931309,2.54330127018922,-1.975));
#5807=CARTESIAN_POINT('Ctrl Pts',(-1.79838557475116,1.79838557475116,-1.925));
#5808=CARTESIAN_POINT('Ctrl Pts',(-2.54330127018922,1.05346987931309,-1.875));
#5809=CARTESIAN_POINT('Ctrl Pts',(-2.54330127018922,1.5573228799023E-16,
-1.825));
#5810=CARTESIAN_POINT('Ctrl Pts',(-2.54330127018922,-1.05346987931309,-1.775));
#5811=CARTESIAN_POINT('Ctrl Pts',(-1.79838557475116,-1.79838557475116,-1.725));
#5812=CARTESIAN_POINT('Ctrl Pts',(-1.05346987931309,-2.54330127018922,-1.675));
#5813=CARTESIAN_POINT('Ctrl Pts',(-3.11464575980463E-16,-2.54330127018922,
-1.625));
#5814=CARTESIAN_POINT('Ctrl Pts',(1.05346987931309,-2.54330127018922,-1.575));
#5815=CARTESIAN_POINT('Ctrl Pts',(1.79838557475116,-1.79838557475116,-1.525));
#5816=CARTESIAN_POINT('Ctrl Pts',(2.54330127018922,-1.0534698793131,-1.475));
#5817=CARTESIAN_POINT('Ctrl Pts',(2.54330127018922,-4.67196863970696E-16,
-1.425));
#5818=CARTESIAN_POINT('Ctrl Pts',(2.54330127018922,1.0534698793131,-1.375));
#5819=CARTESIAN_POINT('Ctrl Pts',(1.79838557475116,1.79838557475116,-1.325));
#5820=CARTESIAN_POINT('Ctrl Pts',(1.0534698793131,2.54330127018922,-1.275));
#5821=CARTESIAN_POINT('Ctrl Pts',(0.,2.54330127018922,-1.225));
#5822=CARTESIAN_POINT('Ctrl Pts',(-1.05346987931309,2.54330127018922,-1.175));
#5823=CARTESIAN_POINT('Ctrl Pts',(-1.79838557475116,1.79838557475116,-1.125));
#5824=CARTESIAN_POINT('Ctrl Pts',(-2.54330127018922,1.05346987931309,-1.075));
#5825=CARTESIAN_POINT('Ctrl Pts',(-2.54330127018922,1.5573228799023E-16,
-1.025));
#5826=CARTESIAN_POINT('Ctrl Pts',(-2.54330127018922,-1.05346987931309,-0.974999999999997));
#5827=CARTESIAN_POINT('Ctrl Pts',(-1.79838557475116,-1.79838557475116,-0.924999999999997));
#5828=CARTESIAN_POINT('Ctrl Pts',(-1.05346987931309,-2.54330127018922,-0.874999999999997));
#5829=CARTESIAN_POINT('Ctrl Pts',(-3.11464575980463E-16,-2.54330127018922,
-0.824999999999996));
#5830=CARTESIAN_POINT('Ctrl Pts',(1.05346987931309,-2.54330127018922,-0.774999999999996));
#5831=CARTESIAN_POINT('Ctrl Pts',(1.79838557475116,-1.79838557475116,-0.724999999999997));
#5832=CARTESIAN_POINT('Ctrl Pts',(2.54330127018922,-1.0534698793131,-0.674999999999997));
#5833=CARTESIAN_POINT('Ctrl Pts',(2.54330127018922,-4.67196863970696E-16,
-0.624999999999997));
#5834=CARTESIAN_POINT('Ctrl Pts',(2.54330127018922,1.0534698793131,-0.574999999999998));
#5835=CARTESIAN_POINT('Ctrl Pts',(1.79838557475116,1.79838557475116,-0.524999999999996));
#5836=CARTESIAN_POINT('Ctrl Pts',(1.0534698793131,2.54330127018922,-0.474999999999996));
#5837=CARTESIAN_POINT('Ctrl Pts',(0.,2.54330127018922,-0.424999999999997));
#5838=CARTESIAN_POINT('Ctrl Pts',(-1.05346987931309,2.54330127018922,-0.374999999999997));
#5839=CARTESIAN_POINT('Ctrl Pts',(-1.79838557475116,1.79838557475116,-0.324999999999997));
#5840=CARTESIAN_POINT('Ctrl Pts',(-2.54330127018922,1.05346987931309,-0.274999999999997));
#5841=CARTESIAN_POINT('Ctrl Pts',(-2.54330127018922,1.5573228799023E-16,
-0.224999999999996));
#5842=CARTESIAN_POINT('Ctrl Pts',(-2.54330127018922,-1.05346987931309,-0.174999999999996));
#5843=CARTESIAN_POINT('Ctrl Pts',(-1.79838557475116,-1.79838557475116,-0.124999999999997));
#5844=CARTESIAN_POINT('Ctrl Pts',(-1.05346987931309,-2.54330127018922,-0.074999999999997));
#5845=CARTESIAN_POINT('Ctrl Pts',(-3.11464575980463E-16,-2.54330127018922,
-0.0249999999999972));
#5846=CARTESIAN_POINT('Ctrl Pts',(1.05346987931309,-2.54330127018922,0.0250000000000042));
#5847=CARTESIAN_POINT('Ctrl Pts',(1.79838557475116,-1.79838557475116,0.0750000000000039));
#5848=CARTESIAN_POINT('Ctrl Pts',(2.54330127018922,-1.0534698793131,0.125000000000004));
#5849=CARTESIAN_POINT('Ctrl Pts',(2.54330127018922,-4.67196863970696E-16,
0.175000000000003));
#5850=CARTESIAN_POINT('Ctrl Pts',(2.54330127018922,1.0534698793131,0.225000000000003));
#5851=CARTESIAN_POINT('Ctrl Pts',(1.79838557475116,1.79838557475116,0.275000000000003));
#5852=CARTESIAN_POINT('Ctrl Pts',(1.0534698793131,2.54330127018922,0.325000000000004));
#5853=CARTESIAN_POINT('Ctrl Pts',(0.,2.54330127018922,0.375000000000004));
#5854=CARTESIAN_POINT('Ctrl Pts',(-1.05346987931309,2.54330127018922,0.425000000000004));
#5855=CARTESIAN_POINT('Ctrl Pts',(-1.79838557475116,1.79838557475116,0.475000000000003));
#5856=CARTESIAN_POINT('Ctrl Pts',(-2.54330127018922,1.05346987931309,0.525000000000003));
#5857=CARTESIAN_POINT('Ctrl Pts',(-2.54330127018922,1.5573228799023E-16,
0.575000000000003));
#5858=CARTESIAN_POINT('Ctrl Pts',(-2.54330127018922,-1.05346987931309,0.625000000000004));
#5859=CARTESIAN_POINT('Ctrl Pts',(-1.79838557475116,-1.79838557475116,0.675000000000004));
#5860=CARTESIAN_POINT('Ctrl Pts',(-1.05346987931309,-2.54330127018922,0.725000000000003));
#5861=CARTESIAN_POINT('Ctrl Pts',(-3.11464575980463E-16,-2.54330127018922,
0.775000000000003));
#5862=CARTESIAN_POINT('Ctrl Pts',(1.05346987931309,-2.54330127018922,0.825000000000003));
#5863=CARTESIAN_POINT('Ctrl Pts',(1.79838557475116,-1.79838557475116,0.875000000000004));
#5864=CARTESIAN_POINT('Ctrl Pts',(2.54330127018922,-1.0534698793131,0.925000000000004));
#5865=CARTESIAN_POINT('Ctrl Pts',(2.54330127018922,-4.67196863970696E-16,
0.975000000000004));
#5866=CARTESIAN_POINT('Ctrl Pts',(2.54330127018922,1.0534698793131,1.025));
#5867=CARTESIAN_POINT('Ctrl Pts',(1.79838557475116,1.79838557475116,1.075));
#5868=CARTESIAN_POINT('Ctrl Pts',(1.0534698793131,2.54330127018922,1.125));
#5869=CARTESIAN_POINT('Ctrl Pts',(0.,2.54330127018922,1.175));
#5870=CARTESIAN_POINT('Ctrl Pts',(-1.05346987931309,2.54330127018922,1.225));
#5871=CARTESIAN_POINT('Ctrl Pts',(-1.79838557475116,1.79838557475116,1.275));
#5872=CARTESIAN_POINT('Ctrl Pts',(-2.54330127018922,1.05346987931309,1.325));
#5873=CARTESIAN_POINT('Ctrl Pts',(-2.54330127018922,1.5573228799023E-16,
1.375));
#5874=CARTESIAN_POINT('Ctrl Pts',(-2.54330127018922,-1.05346987931309,1.425));
#5875=CARTESIAN_POINT('Ctrl Pts',(-1.79838557475116,-1.79838557475116,1.475));
#5876=CARTESIAN_POINT('Ctrl Pts',(-1.05346987931309,-2.54330127018922,1.525));
#5877=CARTESIAN_POINT('Ctrl Pts',(-3.11464575980463E-16,-2.54330127018922,
1.575));
#5878=CARTESIAN_POINT('Ctrl Pts',(1.05346987931309,-2.54330127018922,1.625));
#5879=CARTESIAN_POINT('Ctrl Pts',(1.79838557475116,-1.79838557475116,1.675));
#5880=CARTESIAN_POINT('Ctrl Pts',(2.54330127018922,-1.0534698793131,1.725));
#5881=CARTESIAN_POINT('Ctrl Pts',(2.54330127018922,-4.67196863970696E-16,
1.775));
#5882=CARTESIAN_POINT('Ctrl Pts',(2.54330127018922,1.0534698793131,1.825));
#5883=CARTESIAN_POINT('Ctrl Pts',(1.79838557475116,1.79838557475116,1.875));
#5884=CARTESIAN_POINT('Ctrl Pts',(1.0534698793131,2.54330127018922,1.925));
#5885=CARTESIAN_POINT('Ctrl Pts',(0.,2.54330127018922,1.975));
#5886=CARTESIAN_POINT('Ctrl Pts',(-1.05346987931309,2.54330127018922,2.025));
#5887=CARTESIAN_POINT('Ctrl Pts',(-1.79838557475116,1.79838557475116,2.075));
#5888=CARTESIAN_POINT('Ctrl Pts',(-2.54330127018922,1.05346987931309,2.125));
#5889=CARTESIAN_POINT('Ctrl Pts',(-2.54330127018922,1.5573228799023E-16,
2.175));
#5890=CARTESIAN_POINT('Ctrl Pts',(-2.54330127018922,-1.05346987931309,2.225));
#5891=CARTESIAN_POINT('Ctrl Pts',(-1.79838557475116,-1.79838557475116,2.275));
#5892=CARTESIAN_POINT('Ctrl Pts',(-1.05346987931309,-2.54330127018922,2.325));
#5893=CARTESIAN_POINT('Ctrl Pts',(-3.11464575980463E-16,-2.54330127018922,
2.375));
#5894=CARTESIAN_POINT('Ctrl Pts',(1.05346987931309,-2.54330127018922,2.425));
#5895=CARTESIAN_POINT('Ctrl Pts',(1.79838557475116,-1.79838557475116,2.475));
#5896=CARTESIAN_POINT('Ctrl Pts',(2.54330127018922,-1.0534698793131,2.525));
#5897=CARTESIAN_POINT('Ctrl Pts',(2.54330127018922,-4.67196863970696E-16,
2.575));
#5898=CARTESIAN_POINT('Ctrl Pts',(2.54330127018922,1.0534698793131,2.625));
#5899=CARTESIAN_POINT('Ctrl Pts',(1.79838557475116,1.79838557475116,2.675));
#5900=CARTESIAN_POINT('Ctrl Pts',(1.0534698793131,2.54330127018922,2.725));
#5901=CARTESIAN_POINT('Ctrl Pts',(0.,2.54330127018922,2.775));
#5902=CARTESIAN_POINT('Ctrl Pts',(-1.05346987931309,2.54330127018922,2.825));
#5903=CARTESIAN_POINT('Ctrl Pts',(-1.79838557475116,1.79838557475116,2.875));
#5904=CARTESIAN_POINT('Ctrl Pts',(-2.54330127018922,1.05346987931309,2.925));
#5905=CARTESIAN_POINT('Ctrl Pts',(-2.54330127018922,1.5573228799023E-16,
2.975));
#5906=CARTESIAN_POINT('Ctrl Pts',(-2.54330127018922,-1.05346987931309,3.025));
#5907=CARTESIAN_POINT('Ctrl Pts',(-1.79838557475116,-1.79838557475116,3.075));
#5908=CARTESIAN_POINT('Ctrl Pts',(-1.05346987931309,-2.54330127018922,3.125));
#5909=CARTESIAN_POINT('Ctrl Pts',(-3.11464575980463E-16,-2.54330127018922,
3.175));
#5910=CARTESIAN_POINT('Ctrl Pts',(1.05346987931309,-2.54330127018922,3.225));
#5911=CARTESIAN_POINT('Ctrl Pts',(1.79838557475116,-1.79838557475116,3.275));
#5912=CARTESIAN_POINT('Ctrl Pts',(2.54330127018922,-1.0534698793131,3.325));
#5913=CARTESIAN_POINT('Ctrl Pts',(2.54330127018922,-4.67196863970696E-16,
3.375));
#5914=CARTESIAN_POINT('Ctrl Pts',(2.54330127018922,1.0534698793131,3.425));
#5915=CARTESIAN_POINT('Ctrl Pts',(1.79838557475116,1.79838557475116,3.475));
#5916=CARTESIAN_POINT('Ctrl Pts',(1.0534698793131,2.54330127018922,3.525));
#5917=CARTESIAN_POINT('Ctrl Pts',(0.,2.54330127018922,3.575));
#5918=CARTESIAN_POINT('Ctrl Pts',(-1.05346987931309,2.54330127018922,3.625));
#5919=CARTESIAN_POINT('Ctrl Pts',(-1.79838557475116,1.79838557475116,3.675));
#5920=CARTESIAN_POINT('Ctrl Pts',(-2.54330127018922,1.05346987931309,3.725));
#5921=CARTESIAN_POINT('Ctrl Pts',(-2.54330127018922,1.5573228799023E-16,
3.775));
#5922=CARTESIAN_POINT('Ctrl Pts',(-2.54330127018922,-1.05346987931309,3.825));
#5923=CARTESIAN_POINT('Ctrl Pts',(-1.79838557475116,-1.79838557475116,3.875));
#5924=CARTESIAN_POINT('Ctrl Pts',(-1.05346987931309,-2.54330127018922,3.925));
#5925=CARTESIAN_POINT('Ctrl Pts',(-3.11464575980463E-16,-2.54330127018922,
3.975));
#5926=CARTESIAN_POINT('Ctrl Pts',(1.05346987931309,-2.54330127018922,4.025));
#5927=CARTESIAN_POINT('Ctrl Pts',(1.79838557475116,-1.79838557475116,4.075));
#5928=CARTESIAN_POINT('Ctrl Pts',(2.54330127018922,-1.0534698793131,4.125));
#5929=CARTESIAN_POINT('Ctrl Pts',(2.54330127018922,-4.67196863970696E-16,
4.175));
#5930=CARTESIAN_POINT('Ctrl Pts',(2.54330127018922,1.0534698793131,4.225));
#5931=CARTESIAN_POINT('Ctrl Pts',(1.79838557475116,1.79838557475116,4.275));
#5932=CARTESIAN_POINT('Ctrl Pts',(1.0534698793131,2.54330127018922,4.325));
#5933=CARTESIAN_POINT('Ctrl Pts',(0.,2.54330127018922,4.375));
#5934=CARTESIAN_POINT('Ctrl Pts',(-1.05346987931309,2.54330127018922,4.425));
#5935=CARTESIAN_POINT('Ctrl Pts',(-1.79838557475116,1.79838557475116,4.475));
#5936=CARTESIAN_POINT('Ctrl Pts',(-2.54330127018922,1.05346987931309,4.525));
#5937=CARTESIAN_POINT('Ctrl Pts',(-2.54330127018922,1.5573228799023E-16,
4.575));
#5938=CARTESIAN_POINT('Ctrl Pts',(-2.54330127018922,-1.05346987931309,4.625));
#5939=CARTESIAN_POINT('Ctrl Pts',(-1.79838557475116,-1.79838557475116,4.675));
#5940=CARTESIAN_POINT('Ctrl Pts',(-1.05346987931309,-2.54330127018922,4.725));
#5941=CARTESIAN_POINT('Ctrl Pts',(-3.11464575980463E-16,-2.54330127018922,
4.775));
#5942=CARTESIAN_POINT('Ctrl Pts',(1.05346987931309,-2.54330127018922,4.825));
#5943=CARTESIAN_POINT('Ctrl Pts',(1.79838557475116,-1.79838557475116,4.87500000000001));
#5944=CARTESIAN_POINT('Ctrl Pts',(2.54330127018922,-1.0534698793131,4.92500000000001));
#5945=CARTESIAN_POINT('Ctrl Pts',(2.54330127018922,-4.67196863970696E-16,
4.975));
#5946=CARTESIAN_POINT('Ctrl Pts',(2.54330127018922,1.0534698793131,5.025));
#5947=CARTESIAN_POINT('Ctrl Pts',(1.79838557475116,1.79838557475116,5.075));
#5948=CARTESIAN_POINT('Ctrl Pts',(1.0534698793131,2.54330127018922,5.125));
#5949=CARTESIAN_POINT('Ctrl Pts',(0.,2.54330127018922,5.175));
#5950=CARTESIAN_POINT('Ctrl Pts',(-1.05346987931309,2.54330127018922,5.225));
#5951=CARTESIAN_POINT('Ctrl Pts',(-1.79838557475116,1.79838557475116,5.275));
#5952=CARTESIAN_POINT('Ctrl Pts',(-2.54330127018922,1.05346987931309,5.32500000000001));
#5953=CARTESIAN_POINT('Ctrl Pts',(-2.54330127018922,1.5573228799023E-16,
5.375));
#5954=CARTESIAN_POINT('Ctrl Pts',(-2.54330127018922,-1.05346987931309,5.425));
#5955=CARTESIAN_POINT('Ctrl Pts',(-1.79838557475116,-1.79838557475116,5.475));
#5956=CARTESIAN_POINT('Ctrl Pts',(-1.05346987931309,-2.54330127018922,5.525));
#5957=CARTESIAN_POINT('Ctrl Pts',(-3.11464575980463E-16,-2.54330127018922,
5.575));
#5958=CARTESIAN_POINT('Ctrl Pts',(1.05346987931309,-2.54330127018922,5.625));
#5959=CARTESIAN_POINT('Ctrl Pts',(1.79838557475116,-1.79838557475116,5.675));
#5960=CARTESIAN_POINT('Ctrl Pts',(2.54330127018922,-1.0534698793131,5.725));
#5961=CARTESIAN_POINT('Ctrl Pts',(2.54330127018922,-4.67196863970696E-16,
5.775));
#5962=CARTESIAN_POINT('Ctrl Pts',(2.54330127018922,1.0534698793131,5.825));
#5963=CARTESIAN_POINT('Ctrl Pts',(1.79838557475116,1.79838557475116,5.875));
#5964=CARTESIAN_POINT('Ctrl Pts',(1.0534698793131,2.54330127018922,5.925));
#5965=CARTESIAN_POINT('Ctrl Pts',(0.,2.54330127018922,5.975));
#5966=CARTESIAN_POINT('Ctrl Pts',(-1.05346987931309,2.54330127018922,6.025));
#5967=CARTESIAN_POINT('Ctrl Pts',(-1.79838557475116,1.79838557475116,6.075));
#5968=CARTESIAN_POINT('Ctrl Pts',(-2.54330127018922,1.05346987931309,6.125));
#5969=CARTESIAN_POINT('Ctrl Pts',(-2.54330127018922,1.5573228799023E-16,
6.175));
#5970=CARTESIAN_POINT('Ctrl Pts',(-2.54330127018922,-1.05346987931309,6.225));
#5971=CARTESIAN_POINT('Ctrl Pts',(-1.79838557475116,-1.79838557475116,6.275));
#5972=CARTESIAN_POINT('Ctrl Pts',(-1.05346987931309,-2.54330127018922,6.32500000000001));
#5973=CARTESIAN_POINT('Ctrl Pts',(-3.11464575980463E-16,-2.54330127018922,
6.375));
#5974=CARTESIAN_POINT('Ctrl Pts',(1.05346987931309,-2.54330127018922,6.425));
#5975=CARTESIAN_POINT('Ctrl Pts',(1.79838557475116,-1.79838557475116,6.475));
#5976=CARTESIAN_POINT('Ctrl Pts',(2.54330127018922,-1.0534698793131,6.525));
#5977=CARTESIAN_POINT('Ctrl Pts',(2.54330127018922,-4.67196863970696E-16,
6.57500000000001));
#5978=CARTESIAN_POINT('Ctrl Pts',(0.,1.98038074478841,-9.55000231687252));
#5979=CARTESIAN_POINT('Ctrl Pts',(-0.820300563153892,1.98038074478841,-9.50000231687252));
#5980=CARTESIAN_POINT('Ctrl Pts',(-1.40034065397115,1.40034065397115,-9.45000231687252));
#5981=CARTESIAN_POINT('Ctrl Pts',(-1.98038074478841,0.820300563153892,-9.40000231687252));
#5982=CARTESIAN_POINT('Ctrl Pts',(-1.98038074478841,1.21263347009908E-16,
-9.35000231687252));
#5983=CARTESIAN_POINT('Ctrl Pts',(-1.98038074478841,-0.820300563153892,
-9.30000231687252));
#5984=CARTESIAN_POINT('Ctrl Pts',(-1.40034065397115,-1.40034065397115,-9.25000231687252));
#5985=CARTESIAN_POINT('Ctrl Pts',(-0.820300563153892,-1.98038074478841,
-9.20000231687252));
#5986=CARTESIAN_POINT('Ctrl Pts',(-2.42526694019818E-16,-1.98038074478841,
-9.15000231687252));
#5987=CARTESIAN_POINT('Ctrl Pts',(0.820300563153892,-1.98038074478841,-9.10000231687252));
#5988=CARTESIAN_POINT('Ctrl Pts',(1.40034065397115,-1.40034065397115,-9.05000231687252));
#5989=CARTESIAN_POINT('Ctrl Pts',(1.98038074478841,-0.820300563153893,-9.00000231687252));
#5990=CARTESIAN_POINT('Ctrl Pts',(1.98038074478841,-3.63790041029729E-16,
-8.95000231687252));
#5991=CARTESIAN_POINT('Ctrl Pts',(1.98038074478841,0.820300563153892,-8.90000231687252));
#5992=CARTESIAN_POINT('Ctrl Pts',(1.40034065397115,1.40034065397115,-8.85000231687252));
#5993=CARTESIAN_POINT('Ctrl Pts',(0.820300563153893,1.98038074478841,-8.80000231687252));
#5994=CARTESIAN_POINT('Ctrl Pts',(0.,1.98038074478841,-8.75000231687252));
#5995=CARTESIAN_POINT('Ctrl Pts',(-0.820300563153892,1.98038074478841,-8.70000231687252));
#5996=CARTESIAN_POINT('Ctrl Pts',(-1.40034065397115,1.40034065397115,-8.65000231687252));
#5997=CARTESIAN_POINT('Ctrl Pts',(-1.98038074478841,0.820300563153892,-8.60000231687252));
#5998=CARTESIAN_POINT('Ctrl Pts',(-1.98038074478841,1.21263347009908E-16,
-8.55000231687252));
#5999=CARTESIAN_POINT('Ctrl Pts',(-1.98038074478841,-0.820300563153892,
-8.50000231687252));
#6000=CARTESIAN_POINT('Ctrl Pts',(-1.40034065397115,-1.40034065397115,-8.45000231687252));
#6001=CARTESIAN_POINT('Ctrl Pts',(-0.820300563153892,-1.98038074478841,
-8.40000231687252));
#6002=CARTESIAN_POINT('Ctrl Pts',(-2.42526694019818E-16,-1.98038074478841,
-8.35000231687252));
#6003=CARTESIAN_POINT('Ctrl Pts',(0.820300563153892,-1.98038074478841,-8.30000231687252));
#6004=CARTESIAN_POINT('Ctrl Pts',(1.40034065397115,-1.40034065397115,-8.25000231687252));
#6005=CARTESIAN_POINT('Ctrl Pts',(1.98038074478841,-0.820300563153893,-8.20000231687252));
#6006=CARTESIAN_POINT('Ctrl Pts',(1.98038074478841,-3.63790041029729E-16,
-8.15000231687252));
#6007=CARTESIAN_POINT('Ctrl Pts',(1.98038074478841,0.820300563153892,-8.10000231687252));
#6008=CARTESIAN_POINT('Ctrl Pts',(1.40034065397115,1.40034065397115,-8.05000231687252));
#6009=CARTESIAN_POINT('Ctrl Pts',(0.820300563153893,1.98038074478841,-8.00000231687252));
#6010=CARTESIAN_POINT('Ctrl Pts',(0.,1.98038074478841,-7.95000231687252));
#6011=CARTESIAN_POINT('Ctrl Pts',(-0.820300563153892,1.98038074478841,-7.90000231687252));
#6012=CARTESIAN_POINT('Ctrl Pts',(-1.40034065397115,1.40034065397115,-7.85000231687252));
#6013=CARTESIAN_POINT('Ctrl Pts',(-1.98038074478841,0.820300563153892,-7.80000231687252));
#6014=CARTESIAN_POINT('Ctrl Pts',(-1.98038074478841,1.21263347009908E-16,
-7.75000231687252));
#6015=CARTESIAN_POINT('Ctrl Pts',(-1.98038074478841,-0.820300563153892,
-7.70000231687252));
#6016=CARTESIAN_POINT('Ctrl Pts',(-1.40034065397115,-1.40034065397115,-7.65000231687252));
#6017=CARTESIAN_POINT('Ctrl Pts',(-0.820300563153892,-1.98038074478841,
-7.60000231687252));
#6018=CARTESIAN_POINT('Ctrl Pts',(-2.42526694019818E-16,-1.98038074478841,
-7.55000231687252));
#6019=CARTESIAN_POINT('Ctrl Pts',(0.820300563153892,-1.98038074478841,-7.50000231687252));
#6020=CARTESIAN_POINT('Ctrl Pts',(1.40034065397115,-1.40034065397115,-7.45000231687252));
#6021=CARTESIAN_POINT('Ctrl Pts',(1.98038074478841,-0.820300563153893,-7.40000231687252));
#6022=CARTESIAN_POINT('Ctrl Pts',(1.98038074478841,-3.63790041029729E-16,
-7.35000231687252));
#6023=CARTESIAN_POINT('Ctrl Pts',(1.98038074478841,0.820300563153892,-7.30000231687252));
#6024=CARTESIAN_POINT('Ctrl Pts',(1.40034065397115,1.40034065397115,-7.25000231687252));
#6025=CARTESIAN_POINT('Ctrl Pts',(0.820300563153893,1.98038074478841,-7.20000231687252));
#6026=CARTESIAN_POINT('Ctrl Pts',(0.,1.98038074478841,-7.15000231687252));
#6027=CARTESIAN_POINT('Ctrl Pts',(-0.820300563153892,1.98038074478841,-7.10000231687252));
#6028=CARTESIAN_POINT('Ctrl Pts',(-1.40034065397115,1.40034065397115,-7.05000231687252));
#6029=CARTESIAN_POINT('Ctrl Pts',(-1.98038074478841,0.820300563153892,-7.00000231687252));
#6030=CARTESIAN_POINT('Ctrl Pts',(-1.98038074478841,1.21263347009908E-16,
-6.95000231687252));
#6031=CARTESIAN_POINT('Ctrl Pts',(-1.98038074478841,-0.820300563153892,
-6.90000231687252));
#6032=CARTESIAN_POINT('Ctrl Pts',(-1.40034065397115,-1.40034065397115,-6.85000231687252));
#6033=CARTESIAN_POINT('Ctrl Pts',(-0.820300563153892,-1.98038074478841,
-6.80000231687252));
#6034=CARTESIAN_POINT('Ctrl Pts',(-2.42526694019818E-16,-1.98038074478841,
-6.75000231687252));
#6035=CARTESIAN_POINT('Ctrl Pts',(0.820300563153892,-1.98038074478841,-6.70000231687252));
#6036=CARTESIAN_POINT('Ctrl Pts',(1.40034065397115,-1.40034065397115,-6.65000231687252));
#6037=CARTESIAN_POINT('Ctrl Pts',(1.98038074478841,-0.820300563153893,-6.60000231687252));
#6038=CARTESIAN_POINT('Ctrl Pts',(1.98038074478841,-3.63790041029729E-16,
-6.55000231687252));
#6039=CARTESIAN_POINT('Ctrl Pts',(1.98038074478841,0.820300563153892,-6.50000231687252));
#6040=CARTESIAN_POINT('Ctrl Pts',(1.40034065397115,1.40034065397115,-6.45000231687252));
#6041=CARTESIAN_POINT('Ctrl Pts',(0.820300563153893,1.98038074478841,-6.40000231687252));
#6042=CARTESIAN_POINT('Ctrl Pts',(0.,1.98038074478841,-6.35000231687252));
#6043=CARTESIAN_POINT('Ctrl Pts',(-0.820300563153892,1.98038074478841,-6.30000231687252));
#6044=CARTESIAN_POINT('Ctrl Pts',(-1.40034065397115,1.40034065397115,-6.25000231687252));
#6045=CARTESIAN_POINT('Ctrl Pts',(-1.98038074478841,0.820300563153892,-6.20000231687252));
#6046=CARTESIAN_POINT('Ctrl Pts',(-1.98038074478841,1.21263347009908E-16,
-6.15000231687252));
#6047=CARTESIAN_POINT('Ctrl Pts',(-1.98038074478841,-0.820300563153892,
-6.10000231687252));
#6048=CARTESIAN_POINT('Ctrl Pts',(-1.40034065397115,-1.40034065397115,-6.05000231687252));
#6049=CARTESIAN_POINT('Ctrl Pts',(-0.820300563153892,-1.98038074478841,
-6.00000231687252));
#6050=CARTESIAN_POINT('Ctrl Pts',(-2.42526694019818E-16,-1.98038074478841,
-5.95000231687252));
#6051=CARTESIAN_POINT('Ctrl Pts',(0.820300563153892,-1.98038074478841,-5.90000231687252));
#6052=CARTESIAN_POINT('Ctrl Pts',(1.40034065397115,-1.40034065397115,-5.85000231687252));
#6053=CARTESIAN_POINT('Ctrl Pts',(1.98038074478841,-0.820300563153893,-5.80000231687252));
#6054=CARTESIAN_POINT('Ctrl Pts',(1.98038074478841,-3.63790041029729E-16,
-5.75000231687252));
#6055=CARTESIAN_POINT('Ctrl Pts',(1.98038074478841,0.820300563153892,-5.70000231687252));
#6056=CARTESIAN_POINT('Ctrl Pts',(1.40034065397115,1.40034065397115,-5.65000231687252));
#6057=CARTESIAN_POINT('Ctrl Pts',(0.820300563153893,1.98038074478841,-5.60000231687252));
#6058=CARTESIAN_POINT('Ctrl Pts',(0.,1.98038074478841,-5.55000231687252));
#6059=CARTESIAN_POINT('Ctrl Pts',(-0.820300563153892,1.98038074478841,-5.50000231687252));
#6060=CARTESIAN_POINT('Ctrl Pts',(-1.40034065397115,1.40034065397115,-5.45000231687252));
#6061=CARTESIAN_POINT('Ctrl Pts',(-1.98038074478841,0.820300563153892,-5.40000231687252));
#6062=CARTESIAN_POINT('Ctrl Pts',(-1.98038074478841,1.21263347009908E-16,
-5.35000231687252));
#6063=CARTESIAN_POINT('Ctrl Pts',(-1.98038074478841,-0.820300563153892,
-5.30000231687252));
#6064=CARTESIAN_POINT('Ctrl Pts',(-1.40034065397115,-1.40034065397115,-5.25000231687252));
#6065=CARTESIAN_POINT('Ctrl Pts',(-0.820300563153892,-1.98038074478841,
-5.20000231687252));
#6066=CARTESIAN_POINT('Ctrl Pts',(-2.42526694019818E-16,-1.98038074478841,
-5.15000231687252));
#6067=CARTESIAN_POINT('Ctrl Pts',(0.820300563153892,-1.98038074478841,-5.10000231687252));
#6068=CARTESIAN_POINT('Ctrl Pts',(1.40034065397115,-1.40034065397115,-5.05000231687252));
#6069=CARTESIAN_POINT('Ctrl Pts',(1.98038074478841,-0.820300563153893,-5.00000231687252));
#6070=CARTESIAN_POINT('Ctrl Pts',(1.98038074478841,-3.63790041029729E-16,
-4.95000231687252));
#6071=CARTESIAN_POINT('Ctrl Pts',(1.98038074478841,0.820300563153892,-4.90000231687252));
#6072=CARTESIAN_POINT('Ctrl Pts',(1.40034065397115,1.40034065397115,-4.85000231687252));
#6073=CARTESIAN_POINT('Ctrl Pts',(0.820300563153893,1.98038074478841,-4.80000231687252));
#6074=CARTESIAN_POINT('Ctrl Pts',(0.,1.98038074478841,-4.75000231687252));
#6075=CARTESIAN_POINT('Ctrl Pts',(-0.820300563153892,1.98038074478841,-4.70000231687252));
#6076=CARTESIAN_POINT('Ctrl Pts',(-1.40034065397115,1.40034065397115,-4.65000231687252));
#6077=CARTESIAN_POINT('Ctrl Pts',(-1.98038074478841,0.820300563153892,-4.60000231687252));
#6078=CARTESIAN_POINT('Ctrl Pts',(-1.98038074478841,1.21263347009908E-16,
-4.55000231687252));
#6079=CARTESIAN_POINT('Ctrl Pts',(-1.98038074478841,-0.820300563153892,
-4.50000231687252));
#6080=CARTESIAN_POINT('Ctrl Pts',(-1.40034065397115,-1.40034065397115,-4.45000231687252));
#6081=CARTESIAN_POINT('Ctrl Pts',(-0.820300563153892,-1.98038074478841,
-4.40000231687252));
#6082=CARTESIAN_POINT('Ctrl Pts',(-2.42526694019818E-16,-1.98038074478841,
-4.35000231687252));
#6083=CARTESIAN_POINT('Ctrl Pts',(0.820300563153892,-1.98038074478841,-4.30000231687252));
#6084=CARTESIAN_POINT('Ctrl Pts',(1.40034065397115,-1.40034065397115,-4.25000231687252));
#6085=CARTESIAN_POINT('Ctrl Pts',(1.98038074478841,-0.820300563153893,-4.20000231687252));
#6086=CARTESIAN_POINT('Ctrl Pts',(1.98038074478841,-3.63790041029729E-16,
-4.15000231687252));
#6087=CARTESIAN_POINT('Ctrl Pts',(1.98038074478841,0.820300563153892,-4.10000231687252));
#6088=CARTESIAN_POINT('Ctrl Pts',(1.40034065397115,1.40034065397115,-4.05000231687252));
#6089=CARTESIAN_POINT('Ctrl Pts',(0.820300563153893,1.98038074478841,-4.00000231687252));
#6090=CARTESIAN_POINT('Ctrl Pts',(0.,1.98038074478841,-3.95000231687252));
#6091=CARTESIAN_POINT('Ctrl Pts',(-0.820300563153892,1.98038074478841,-3.90000231687252));
#6092=CARTESIAN_POINT('Ctrl Pts',(-1.40034065397115,1.40034065397115,-3.85000231687252));
#6093=CARTESIAN_POINT('Ctrl Pts',(-1.98038074478841,0.820300563153892,-3.80000231687252));
#6094=CARTESIAN_POINT('Ctrl Pts',(-1.98038074478841,1.21263347009908E-16,
-3.75000231687252));
#6095=CARTESIAN_POINT('Ctrl Pts',(-1.98038074478841,-0.820300563153892,
-3.70000231687252));
#6096=CARTESIAN_POINT('Ctrl Pts',(-1.40034065397115,-1.40034065397115,-3.65000231687252));
#6097=CARTESIAN_POINT('Ctrl Pts',(-0.820300563153892,-1.98038074478841,
-3.60000231687252));
#6098=CARTESIAN_POINT('Ctrl Pts',(-2.42526694019818E-16,-1.98038074478841,
-3.55000231687252));
#6099=CARTESIAN_POINT('Ctrl Pts',(0.820300563153892,-1.98038074478841,-3.50000231687252));
#6100=CARTESIAN_POINT('Ctrl Pts',(1.40034065397115,-1.40034065397115,-3.45000231687252));
#6101=CARTESIAN_POINT('Ctrl Pts',(1.98038074478841,-0.820300563153893,-3.40000231687252));
#6102=CARTESIAN_POINT('Ctrl Pts',(1.98038074478841,-3.63790041029729E-16,
-3.35000231687252));
#6103=CARTESIAN_POINT('Ctrl Pts',(1.98038074478841,0.820300563153892,-3.30000231687252));
#6104=CARTESIAN_POINT('Ctrl Pts',(1.40034065397115,1.40034065397115,-3.25000231687252));
#6105=CARTESIAN_POINT('Ctrl Pts',(0.820300563153893,1.98038074478841,-3.20000231687252));
#6106=CARTESIAN_POINT('Ctrl Pts',(0.,1.98038074478841,-3.15000231687252));
#6107=CARTESIAN_POINT('Ctrl Pts',(-0.820300563153892,1.98038074478841,-3.10000231687252));
#6108=CARTESIAN_POINT('Ctrl Pts',(-1.40034065397115,1.40034065397115,-3.05000231687252));
#6109=CARTESIAN_POINT('Ctrl Pts',(-1.98038074478841,0.820300563153892,-3.00000231687252));
#6110=CARTESIAN_POINT('Ctrl Pts',(-1.98038074478841,1.21263347009908E-16,
-2.95000231687252));
#6111=CARTESIAN_POINT('Ctrl Pts',(-1.98038074478841,-0.820300563153892,
-2.90000231687252));
#6112=CARTESIAN_POINT('Ctrl Pts',(-1.40034065397115,-1.40034065397115,-2.85000231687252));
#6113=CARTESIAN_POINT('Ctrl Pts',(-0.820300563153892,-1.98038074478841,
-2.80000231687252));
#6114=CARTESIAN_POINT('Ctrl Pts',(-2.42526694019818E-16,-1.98038074478841,
-2.75000231687252));
#6115=CARTESIAN_POINT('Ctrl Pts',(0.820300563153892,-1.98038074478841,-2.70000231687252));
#6116=CARTESIAN_POINT('Ctrl Pts',(1.40034065397115,-1.40034065397115,-2.65000231687252));
#6117=CARTESIAN_POINT('Ctrl Pts',(1.98038074478841,-0.820300563153893,-2.60000231687252));
#6118=CARTESIAN_POINT('Ctrl Pts',(1.98038074478841,-3.63790041029729E-16,
-2.55000231687252));
#6119=CARTESIAN_POINT('Ctrl Pts',(1.98038074478841,0.820300563153892,-2.50000231687252));
#6120=CARTESIAN_POINT('Ctrl Pts',(1.40034065397115,1.40034065397115,-2.45000231687252));
#6121=CARTESIAN_POINT('Ctrl Pts',(0.820300563153893,1.98038074478841,-2.40000231687252));
#6122=CARTESIAN_POINT('Ctrl Pts',(0.,1.98038074478841,-2.35000231687252));
#6123=CARTESIAN_POINT('Ctrl Pts',(-0.820300563153892,1.98038074478841,-2.30000231687252));
#6124=CARTESIAN_POINT('Ctrl Pts',(-1.40034065397115,1.40034065397115,-2.25000231687252));
#6125=CARTESIAN_POINT('Ctrl Pts',(-1.98038074478841,0.820300563153892,-2.20000231687252));
#6126=CARTESIAN_POINT('Ctrl Pts',(-1.98038074478841,1.21263347009908E-16,
-2.15000231687252));
#6127=CARTESIAN_POINT('Ctrl Pts',(-1.98038074478841,-0.820300563153892,
-2.10000231687252));
#6128=CARTESIAN_POINT('Ctrl Pts',(-1.40034065397115,-1.40034065397115,-2.05000231687252));
#6129=CARTESIAN_POINT('Ctrl Pts',(-0.820300563153892,-1.98038074478841,
-2.00000231687252));
#6130=CARTESIAN_POINT('Ctrl Pts',(-2.42526694019818E-16,-1.98038074478841,
-1.95000231687252));
#6131=CARTESIAN_POINT('Ctrl Pts',(0.820300563153892,-1.98038074478841,-1.90000231687252));
#6132=CARTESIAN_POINT('Ctrl Pts',(1.40034065397115,-1.40034065397115,-1.85000231687252));
#6133=CARTESIAN_POINT('Ctrl Pts',(1.98038074478841,-0.820300563153893,-1.80000231687252));
#6134=CARTESIAN_POINT('Ctrl Pts',(1.98038074478841,-3.63790041029729E-16,
-1.75000231687252));
#6135=CARTESIAN_POINT('Ctrl Pts',(1.98038074478841,0.820300563153892,-1.70000231687252));
#6136=CARTESIAN_POINT('Ctrl Pts',(1.40034065397115,1.40034065397115,-1.65000231687252));
#6137=CARTESIAN_POINT('Ctrl Pts',(0.820300563153893,1.98038074478841,-1.60000231687252));
#6138=CARTESIAN_POINT('Ctrl Pts',(0.,1.98038074478841,-1.55000231687252));
#6139=CARTESIAN_POINT('Ctrl Pts',(-0.820300563153892,1.98038074478841,-1.50000231687252));
#6140=CARTESIAN_POINT('Ctrl Pts',(-1.40034065397115,1.40034065397115,-1.45000231687252));
#6141=CARTESIAN_POINT('Ctrl Pts',(-1.98038074478841,0.820300563153892,-1.40000231687252));
#6142=CARTESIAN_POINT('Ctrl Pts',(-1.98038074478841,1.21263347009908E-16,
-1.35000231687252));
#6143=CARTESIAN_POINT('Ctrl Pts',(-1.98038074478841,-0.820300563153892,
-1.30000231687252));
#6144=CARTESIAN_POINT('Ctrl Pts',(-1.40034065397115,-1.40034065397115,-1.25000231687252));
#6145=CARTESIAN_POINT('Ctrl Pts',(-0.820300563153892,-1.98038074478841,
-1.20000231687252));
#6146=CARTESIAN_POINT('Ctrl Pts',(-2.42526694019818E-16,-1.98038074478841,
-1.15000231687252));
#6147=CARTESIAN_POINT('Ctrl Pts',(0.820300563153892,-1.98038074478841,-1.10000231687252));
#6148=CARTESIAN_POINT('Ctrl Pts',(1.40034065397115,-1.40034065397115,-1.05000231687252));
#6149=CARTESIAN_POINT('Ctrl Pts',(1.98038074478841,-0.820300563153893,-1.00000231687252));
#6150=CARTESIAN_POINT('Ctrl Pts',(1.98038074478841,-3.63790041029729E-16,
-0.950002316872517));
#6151=CARTESIAN_POINT('Ctrl Pts',(1.98038074478841,0.820300563153892,-0.900002316872517));
#6152=CARTESIAN_POINT('Ctrl Pts',(1.40034065397115,1.40034065397115,-0.850002316872516));
#6153=CARTESIAN_POINT('Ctrl Pts',(0.820300563153893,1.98038074478841,-0.800002316872516));
#6154=CARTESIAN_POINT('Ctrl Pts',(0.,1.98038074478841,-0.750002316872517));
#6155=CARTESIAN_POINT('Ctrl Pts',(-0.820300563153892,1.98038074478841,-0.700002316872517));
#6156=CARTESIAN_POINT('Ctrl Pts',(-1.40034065397115,1.40034065397115,-0.650002316872517));
#6157=CARTESIAN_POINT('Ctrl Pts',(-1.98038074478841,0.820300563153892,-0.600002316872518));
#6158=CARTESIAN_POINT('Ctrl Pts',(-1.98038074478841,1.21263347009908E-16,
-0.550002316872516));
#6159=CARTESIAN_POINT('Ctrl Pts',(-1.98038074478841,-0.820300563153892,
-0.500002316872517));
#6160=CARTESIAN_POINT('Ctrl Pts',(-1.40034065397115,-1.40034065397115,-0.450002316872517));
#6161=CARTESIAN_POINT('Ctrl Pts',(-0.820300563153892,-1.98038074478841,
-0.400002316872517));
#6162=CARTESIAN_POINT('Ctrl Pts',(-2.42526694019818E-16,-1.98038074478841,
-0.350002316872517));
#6163=CARTESIAN_POINT('Ctrl Pts',(0.820300563153892,-1.98038074478841,-0.300002316872516));
#6164=CARTESIAN_POINT('Ctrl Pts',(1.40034065397115,-1.40034065397115,-0.250002316872516));
#6165=CARTESIAN_POINT('Ctrl Pts',(1.98038074478841,-0.820300563153893,-0.200002316872517));
#6166=CARTESIAN_POINT('Ctrl Pts',(1.98038074478841,-3.63790041029729E-16,
-0.150002316872517));
#6167=CARTESIAN_POINT('Ctrl Pts',(1.98038074478841,0.820300563153892,-0.100002316872517));
#6168=CARTESIAN_POINT('Ctrl Pts',(1.40034065397115,1.40034065397115,-0.0500023168725175));
#6169=CARTESIAN_POINT('Ctrl Pts',(0.820300563153893,1.98038074478841,-2.31687251601999E-6));
#6170=CARTESIAN_POINT('Ctrl Pts',(0.,1.98038074478841,0.0499976831274837));
#6171=CARTESIAN_POINT('Ctrl Pts',(-0.820300563153892,1.98038074478841,0.0999976831274834));
#6172=CARTESIAN_POINT('Ctrl Pts',(-1.40034065397115,1.40034065397115,0.149997683127483));
#6173=CARTESIAN_POINT('Ctrl Pts',(-1.98038074478841,0.820300563153892,0.199997683127483));
#6174=CARTESIAN_POINT('Ctrl Pts',(-1.98038074478841,1.21263347009908E-16,
0.249997683127482));
#6175=CARTESIAN_POINT('Ctrl Pts',(-1.98038074478841,-0.820300563153892,
0.299997683127484));
#6176=CARTESIAN_POINT('Ctrl Pts',(-1.40034065397115,-1.40034065397115,0.349997683127484));
#6177=CARTESIAN_POINT('Ctrl Pts',(-0.820300563153892,-1.98038074478841,
0.399997683127483));
#6178=CARTESIAN_POINT('Ctrl Pts',(-2.42526694019818E-16,-1.98038074478841,
0.449997683127483));
#6179=CARTESIAN_POINT('Ctrl Pts',(0.820300563153892,-1.98038074478841,0.499997683127483));
#6180=CARTESIAN_POINT('Ctrl Pts',(1.40034065397115,-1.40034065397115,0.549997683127484));
#6181=CARTESIAN_POINT('Ctrl Pts',(1.98038074478841,-0.820300563153893,0.599997683127484));
#6182=CARTESIAN_POINT('Ctrl Pts',(1.98038074478841,-3.63790041029729E-16,
0.649997683127483));
#6183=CARTESIAN_POINT('Ctrl Pts',(1.98038074478841,0.820300563153892,0.699997683127483));
#6184=CARTESIAN_POINT('Ctrl Pts',(1.40034065397115,1.40034065397115,0.749997683127483));
#6185=CARTESIAN_POINT('Ctrl Pts',(0.820300563153893,1.98038074478841,0.799997683127482));
#6186=CARTESIAN_POINT('Ctrl Pts',(0.,1.98038074478841,0.849997683127484));
#6187=CARTESIAN_POINT('Ctrl Pts',(-0.820300563153892,1.98038074478841,0.899997683127484));
#6188=CARTESIAN_POINT('Ctrl Pts',(-1.40034065397115,1.40034065397115,0.949997683127484));
#6189=CARTESIAN_POINT('Ctrl Pts',(-1.98038074478841,0.820300563153892,0.999997683127483));
#6190=CARTESIAN_POINT('Ctrl Pts',(-1.98038074478841,1.21263347009908E-16,
1.04999768312748));
#6191=CARTESIAN_POINT('Ctrl Pts',(-1.98038074478841,-0.820300563153892,
1.09999768312748));
#6192=CARTESIAN_POINT('Ctrl Pts',(-1.40034065397115,-1.40034065397115,1.14999768312748));
#6193=CARTESIAN_POINT('Ctrl Pts',(-0.820300563153892,-1.98038074478841,
1.19999768312748));
#6194=CARTESIAN_POINT('Ctrl Pts',(-2.42526694019818E-16,-1.98038074478841,
1.24999768312748));
#6195=CARTESIAN_POINT('Ctrl Pts',(0.820300563153892,-1.98038074478841,1.29999768312748));
#6196=CARTESIAN_POINT('Ctrl Pts',(1.40034065397115,-1.40034065397115,1.34999768312748));
#6197=CARTESIAN_POINT('Ctrl Pts',(1.98038074478841,-0.820300563153893,1.39999768312748));
#6198=CARTESIAN_POINT('Ctrl Pts',(1.98038074478841,-3.63790041029729E-16,
1.44999768312748));
#6199=CARTESIAN_POINT('Ctrl Pts',(1.98038074478841,0.820300563153892,1.49999768312748));
#6200=CARTESIAN_POINT('Ctrl Pts',(1.40034065397115,1.40034065397115,1.54999768312748));
#6201=CARTESIAN_POINT('Ctrl Pts',(0.820300563153893,1.98038074478841,1.59999768312748));
#6202=CARTESIAN_POINT('Ctrl Pts',(0.,1.98038074478841,1.64999768312748));
#6203=CARTESIAN_POINT('Ctrl Pts',(-0.820300563153892,1.98038074478841,1.69999768312748));
#6204=CARTESIAN_POINT('Ctrl Pts',(-1.40034065397115,1.40034065397115,1.74999768312748));
#6205=CARTESIAN_POINT('Ctrl Pts',(-1.98038074478841,0.820300563153892,1.79999768312748));
#6206=CARTESIAN_POINT('Ctrl Pts',(-1.98038074478841,1.21263347009908E-16,
1.84999768312748));
#6207=CARTESIAN_POINT('Ctrl Pts',(-1.98038074478841,-0.820300563153892,
1.89999768312748));
#6208=CARTESIAN_POINT('Ctrl Pts',(-1.40034065397115,-1.40034065397115,1.94999768312748));
#6209=CARTESIAN_POINT('Ctrl Pts',(-0.820300563153892,-1.98038074478841,
1.99999768312748));
#6210=CARTESIAN_POINT('Ctrl Pts',(-2.42526694019818E-16,-1.98038074478841,
2.04999768312748));
#6211=CARTESIAN_POINT('Ctrl Pts',(0.820300563153892,-1.98038074478841,2.09999768312748));
#6212=CARTESIAN_POINT('Ctrl Pts',(1.40034065397115,-1.40034065397115,2.14999768312748));
#6213=CARTESIAN_POINT('Ctrl Pts',(1.98038074478841,-0.820300563153893,2.19999768312748));
#6214=CARTESIAN_POINT('Ctrl Pts',(1.98038074478841,-3.63790041029729E-16,
2.24999768312748));
#6215=CARTESIAN_POINT('Ctrl Pts',(1.98038074478841,0.820300563153892,2.29999768312748));
#6216=CARTESIAN_POINT('Ctrl Pts',(1.40034065397115,1.40034065397115,2.34999768312748));
#6217=CARTESIAN_POINT('Ctrl Pts',(0.820300563153893,1.98038074478841,2.39999768312748));
#6218=CARTESIAN_POINT('Ctrl Pts',(0.,1.98038074478841,2.44999768312748));
#6219=CARTESIAN_POINT('Ctrl Pts',(-0.820300563153892,1.98038074478841,2.49999768312748));
#6220=CARTESIAN_POINT('Ctrl Pts',(-1.40034065397115,1.40034065397115,2.54999768312748));
#6221=CARTESIAN_POINT('Ctrl Pts',(-1.98038074478841,0.820300563153892,2.59999768312748));
#6222=CARTESIAN_POINT('Ctrl Pts',(-1.98038074478841,1.21263347009908E-16,
2.64999768312748));
#6223=CARTESIAN_POINT('Ctrl Pts',(-1.98038074478841,-0.820300563153892,
2.69999768312748));
#6224=CARTESIAN_POINT('Ctrl Pts',(-1.40034065397115,-1.40034065397115,2.74999768312748));
#6225=CARTESIAN_POINT('Ctrl Pts',(-0.820300563153892,-1.98038074478841,
2.79999768312748));
#6226=CARTESIAN_POINT('Ctrl Pts',(-2.42526694019818E-16,-1.98038074478841,
2.84999768312748));
#6227=CARTESIAN_POINT('Ctrl Pts',(0.820300563153892,-1.98038074478841,2.89999768312748));
#6228=CARTESIAN_POINT('Ctrl Pts',(1.40034065397115,-1.40034065397115,2.94999768312748));
#6229=CARTESIAN_POINT('Ctrl Pts',(1.98038074478841,-0.820300563153893,2.99999768312748));
#6230=CARTESIAN_POINT('Ctrl Pts',(1.98038074478841,-3.63790041029729E-16,
3.04999768312748));
#6231=CARTESIAN_POINT('Ctrl Pts',(1.98038074478841,0.820300563153892,3.09999768312748));
#6232=CARTESIAN_POINT('Ctrl Pts',(1.40034065397115,1.40034065397115,3.14999768312748));
#6233=CARTESIAN_POINT('Ctrl Pts',(0.820300563153893,1.98038074478841,3.19999768312748));
#6234=CARTESIAN_POINT('Ctrl Pts',(0.,1.98038074478841,3.24999768312748));
#6235=CARTESIAN_POINT('Ctrl Pts',(-0.820300563153892,1.98038074478841,3.29999768312748));
#6236=CARTESIAN_POINT('Ctrl Pts',(-1.40034065397115,1.40034065397115,3.34999768312748));
#6237=CARTESIAN_POINT('Ctrl Pts',(-1.98038074478841,0.820300563153892,3.39999768312748));
#6238=CARTESIAN_POINT('Ctrl Pts',(-1.98038074478841,1.21263347009908E-16,
3.44999768312748));
#6239=CARTESIAN_POINT('Ctrl Pts',(-1.98038074478841,-0.820300563153892,
3.49999768312748));
#6240=CARTESIAN_POINT('Ctrl Pts',(-1.40034065397115,-1.40034065397115,3.54999768312748));
#6241=CARTESIAN_POINT('Ctrl Pts',(-0.820300563153892,-1.98038074478841,
3.59999768312748));
#6242=CARTESIAN_POINT('Ctrl Pts',(-2.42526694019818E-16,-1.98038074478841,
3.64999768312748));
#6243=CARTESIAN_POINT('Ctrl Pts',(0.820300563153892,-1.98038074478841,3.69999768312748));
#6244=CARTESIAN_POINT('Ctrl Pts',(1.40034065397115,-1.40034065397115,3.74999768312748));
#6245=CARTESIAN_POINT('Ctrl Pts',(1.98038074478841,-0.820300563153893,3.79999768312748));
#6246=CARTESIAN_POINT('Ctrl Pts',(1.98038074478841,-3.63790041029729E-16,
3.84999768312748));
#6247=CARTESIAN_POINT('Ctrl Pts',(1.98038074478841,0.820300563153892,3.89999768312748));
#6248=CARTESIAN_POINT('Ctrl Pts',(1.40034065397115,1.40034065397115,3.94999768312748));
#6249=CARTESIAN_POINT('Ctrl Pts',(0.820300563153893,1.98038074478841,3.99999768312748));
#6250=CARTESIAN_POINT('Ctrl Pts',(0.,1.98038074478841,4.04999768312748));
#6251=CARTESIAN_POINT('Ctrl Pts',(-0.820300563153892,1.98038074478841,4.09999768312748));
#6252=CARTESIAN_POINT('Ctrl Pts',(-1.40034065397115,1.40034065397115,4.14999768312748));
#6253=CARTESIAN_POINT('Ctrl Pts',(-1.98038074478841,0.820300563153892,4.19999768312748));
#6254=CARTESIAN_POINT('Ctrl Pts',(-1.98038074478841,1.21263347009908E-16,
4.24999768312748));
#6255=CARTESIAN_POINT('Ctrl Pts',(-1.98038074478841,-0.820300563153892,
4.29999768312748));
#6256=CARTESIAN_POINT('Ctrl Pts',(-1.40034065397115,-1.40034065397115,4.34999768312748));
#6257=CARTESIAN_POINT('Ctrl Pts',(-0.820300563153892,-1.98038074478841,
4.39999768312748));
#6258=CARTESIAN_POINT('Ctrl Pts',(-2.42526694019818E-16,-1.98038074478841,
4.44999768312748));
#6259=CARTESIAN_POINT('Ctrl Pts',(0.820300563153892,-1.98038074478841,4.49999768312748));
#6260=CARTESIAN_POINT('Ctrl Pts',(1.40034065397115,-1.40034065397115,4.54999768312748));
#6261=CARTESIAN_POINT('Ctrl Pts',(1.98038074478841,-0.820300563153893,4.59999768312749));
#6262=CARTESIAN_POINT('Ctrl Pts',(1.98038074478841,-3.63790041029729E-16,
4.64999768312748));
#6263=CARTESIAN_POINT('Ctrl Pts',(1.98038074478841,0.820300563153892,4.69999768312748));
#6264=CARTESIAN_POINT('Ctrl Pts',(1.40034065397115,1.40034065397115,4.74999768312748));
#6265=CARTESIAN_POINT('Ctrl Pts',(0.820300563153893,1.98038074478841,4.79999768312748));
#6266=CARTESIAN_POINT('Ctrl Pts',(0.,1.98038074478841,4.84999768312749));
#6267=CARTESIAN_POINT('Ctrl Pts',(-0.820300563153892,1.98038074478841,4.89999768312748));
#6268=CARTESIAN_POINT('Ctrl Pts',(-1.40034065397115,1.40034065397115,4.94999768312748));
#6269=CARTESIAN_POINT('Ctrl Pts',(-1.98038074478841,0.820300563153892,4.99999768312748));
#6270=CARTESIAN_POINT('Ctrl Pts',(-1.98038074478841,1.21263347009908E-16,
5.04999768312748));
#6271=CARTESIAN_POINT('Ctrl Pts',(-1.98038074478841,-0.820300563153892,
5.09999768312748));
#6272=CARTESIAN_POINT('Ctrl Pts',(-1.40034065397115,-1.40034065397115,5.14999768312749));
#6273=CARTESIAN_POINT('Ctrl Pts',(-0.820300563153892,-1.98038074478841,
5.19999768312748));
#6274=CARTESIAN_POINT('Ctrl Pts',(-2.42526694019818E-16,-1.98038074478841,
5.24999768312748));
#6275=CARTESIAN_POINT('Ctrl Pts',(0.820300563153892,-1.98038074478841,5.29999768312748));
#6276=CARTESIAN_POINT('Ctrl Pts',(1.40034065397115,-1.40034065397115,5.34999768312748));
#6277=CARTESIAN_POINT('Ctrl Pts',(1.98038074478841,-0.820300563153893,5.39999768312749));
#6278=CARTESIAN_POINT('Ctrl Pts',(1.98038074478841,-3.63790041029729E-16,
5.44999768312749));
#6279=CARTESIAN_POINT('Ctrl Pts',(1.98038074478841,0.820300563153892,5.49999768312748));
#6280=CARTESIAN_POINT('Ctrl Pts',(1.40034065397115,1.40034065397115,5.54999768312748));
#6281=CARTESIAN_POINT('Ctrl Pts',(0.820300563153893,1.98038074478841,5.59999768312748));
#6282=CARTESIAN_POINT('Ctrl Pts',(0.,1.98038074478841,5.64999768312748));
#6283=CARTESIAN_POINT('Ctrl Pts',(-0.820300563153892,1.98038074478841,5.69999768312749));
#6284=CARTESIAN_POINT('Ctrl Pts',(-1.40034065397115,1.40034065397115,5.74999768312748));
#6285=CARTESIAN_POINT('Ctrl Pts',(-1.98038074478841,0.820300563153892,5.79999768312748));
#6286=CARTESIAN_POINT('Ctrl Pts',(-1.98038074478841,1.21263347009908E-16,
5.84999768312748));
#6287=CARTESIAN_POINT('Ctrl Pts',(-1.98038074478841,-0.820300563153892,
5.89999768312748));
#6288=CARTESIAN_POINT('Ctrl Pts',(-1.40034065397115,-1.40034065397115,5.94999768312748));
#6289=CARTESIAN_POINT('Ctrl Pts',(-0.820300563153892,-1.98038074478841,
5.99999768312749));
#6290=CARTESIAN_POINT('Ctrl Pts',(-2.42526694019818E-16,-1.98038074478841,
6.04999768312748));
#6291=CARTESIAN_POINT('Ctrl Pts',(0.820300563153892,-1.98038074478841,6.09999768312749));
#6292=CARTESIAN_POINT('Ctrl Pts',(1.40034065397115,-1.40034065397115,6.14999768312749));
#6293=CARTESIAN_POINT('Ctrl Pts',(1.98038074478841,-0.820300563153893,6.19999768312748));
#6294=CARTESIAN_POINT('Ctrl Pts',(1.98038074478841,-3.63790041029729E-16,
6.24999768312748));
#6295=CARTESIAN_POINT('Origin',(-18.9304857332212,-2.22044604925031E-15,
104.705865499172));
#6296=CARTESIAN_POINT('',(-19.1216778786715,-2.22044604925031E-15,104.978916180602));
#6297=CARTESIAN_POINT('',(-18.5481014423205,-2.22044604925031E-15,104.159764136313));
#6298=CARTESIAN_POINT('',(-16.4449878423667,-2.22044604925031E-15,101.156206640586));
#6299=CARTESIAN_POINT('',(-19.1216778786715,0.577350269189624,104.978916180602));
#6300=CARTESIAN_POINT('',(-18.5481014423205,-2.22044604925031E-15,104.159764136313));
#6301=CARTESIAN_POINT('',(-19.1216778786715,-2.22044604925031E-15,104.978916180602));
#6302=CARTESIAN_POINT('Ctrl Pts',(-18.5481014423205,-2.49961010887732E-15,
104.159764136313));
#6303=CARTESIAN_POINT('Ctrl Pts',(-16.810756602144,2.,105.376266089874));
#6304=CARTESIAN_POINT('Ctrl Pts',(-14.5769692575916,4.,105.859847934259));
#6305=CARTESIAN_POINT('Ctrl Pts',(-12.4920487810896,6.,105.470809756996));
#6306=CARTESIAN_POINT('Ctrl Pts',(-18.7392935877708,0.192450089729873,104.432814817742));
#6307=CARTESIAN_POINT('Ctrl Pts',(-16.9295593792537,2.19245008972987,105.700004352702));
#6308=CARTESIAN_POINT('Ctrl Pts',(-14.6026975620116,4.19245008972987,106.203735440603));
#6309=CARTESIAN_POINT('Ctrl Pts',(-12.4309053989887,6.19245008972987,105.798487339287));
#6310=CARTESIAN_POINT('Ctrl Pts',(-18.9304857332212,0.384900179459749,104.705865499172));
#6311=CARTESIAN_POINT('Ctrl Pts',(-17.0483621563634,2.38490017945975,106.02374261553));
#6312=CARTESIAN_POINT('Ctrl Pts',(-14.6284258664316,4.38490017945975,106.547622946947));
#6313=CARTESIAN_POINT('Ctrl Pts',(-12.3697620168877,6.38490017945975,106.126164921578));
#6314=CARTESIAN_POINT('Ctrl Pts',(-19.1216778786715,0.577350269189624,104.978916180602));
#6315=CARTESIAN_POINT('Ctrl Pts',(-17.167164933473,2.57735026918962,106.347480878358));
#6316=CARTESIAN_POINT('Ctrl Pts',(-14.6541541708516,4.57735026918962,106.891510453292));
#6317=CARTESIAN_POINT('Ctrl Pts',(-12.3086186347868,6.57735026918962,106.45384250387));
#6318=CARTESIAN_POINT('',(-12.4920487810896,6.,105.470809756996));
#6319=CARTESIAN_POINT('',(-12.9898879351562,6.,106.554166008651));
#6320=CARTESIAN_POINT('Ctrl Pts',(-12.4920487810896,6.,105.470809756996));
#6321=CARTESIAN_POINT('Ctrl Pts',(-12.5675665188306,6.,105.668492948042));
#6322=CARTESIAN_POINT('Ctrl Pts',(-12.6500926101531,6.,105.863224253275));
#6323=CARTESIAN_POINT('Ctrl Pts',(-12.739214419738,6.,106.054743550243));
#6324=CARTESIAN_POINT('Ctrl Pts',(-12.8176911154921,5.99999999999999,106.22338691228));
#6325=CARTESIAN_POINT('Ctrl Pts',(-12.9012822471403,6.,106.389540769893));
#6326=CARTESIAN_POINT('Ctrl Pts',(-12.9897216888659,6.,106.5530570098));
#6327=CARTESIAN_POINT('Ctrl Pts',(-12.9897216888659,6.,106.5530570098));
#6328=CARTESIAN_POINT('Ctrl Pts',(-15.132612041523,4.19245008972987,106.779177328309));
#6329=CARTESIAN_POINT('Ctrl Pts',(-17.3552380293139,2.38490017945975,106.215790678916));
#6330=CARTESIAN_POINT('Ctrl Pts',(-19.1216778786715,0.577350269189623,104.978916180602));
#6331=CARTESIAN_POINT('Ctrl Pts',(-18.5481014423205,-2.49961010887732E-15,
104.159764136313));
#6332=CARTESIAN_POINT('Ctrl Pts',(-16.810756602144,2.,105.376266089874));
#6333=CARTESIAN_POINT('Ctrl Pts',(-14.5769692575916,4.,105.859847934259));
#6334=CARTESIAN_POINT('Ctrl Pts',(-12.4920487810896,6.,105.470809756996));
#6335=CARTESIAN_POINT('Ctrl Pts',(-19.1216778786715,-0.577350269189632,
104.978916180602));
#6336=CARTESIAN_POINT('Ctrl Pts',(-18.2034267182261,0.362271197837458,105.621882565115));
#6337=CARTESIAN_POINT('Ctrl Pts',(-15.7772881984393,2.55472128756733,106.718200872607));
#6338=CARTESIAN_POINT('Ctrl Pts',(-13.0810286553368,4.74717137729721,106.687420275596));
#6339=CARTESIAN_POINT('Ctrl Pts',(-11.637013915524,6.,106.301724897061));
#6340=CARTESIAN_POINT('Ctrl Pts',(-18.9304857332212,-0.384900179459755,
104.705865499172));
#6341=CARTESIAN_POINT('Ctrl Pts',(-18.0462438750145,0.554721287567336,105.325018313889));
#6342=CARTESIAN_POINT('Ctrl Pts',(-15.709962337442,2.74717137729721,106.380732239622));
#6343=CARTESIAN_POINT('Ctrl Pts',(-13.1135642588989,4.93962146702709,106.351091664723));
#6344=CARTESIAN_POINT('Ctrl Pts',(-11.7230315464866,6.19245008972988,105.979681300207));
#6345=CARTESIAN_POINT('Ctrl Pts',(-18.7392935877708,-0.192450089729878,
104.432814817742));
#6346=CARTESIAN_POINT('Ctrl Pts',(-17.8890610318029,0.747171377297212,105.028154062662));
#6347=CARTESIAN_POINT('Ctrl Pts',(-15.6426364764447,2.93962146702709,106.043263606637));
#6348=CARTESIAN_POINT('Ctrl Pts',(-13.1460998624609,5.13207155675697,106.014763053849));
#6349=CARTESIAN_POINT('Ctrl Pts',(-11.8090491774491,6.38490017945975,105.657637703353));
#6350=CARTESIAN_POINT('Ctrl Pts',(-18.5481014423205,-2.08166817117217E-16,
104.159764136313));
#6351=CARTESIAN_POINT('Ctrl Pts',(-17.7318781885912,0.93962146702709,104.731289811436));
#6352=CARTESIAN_POINT('Ctrl Pts',(-15.5753106154474,3.13207155675697,105.705794973651));
#6353=CARTESIAN_POINT('Ctrl Pts',(-13.178635466023,5.32452164648684,105.678434442975));
#6354=CARTESIAN_POINT('Ctrl Pts',(-11.8950668084116,6.57735026918963,105.335594106498));
#6355=CARTESIAN_POINT('',(-18.542898891435,-2.22044604925031E-15,105.352021459539));
#6356=CARTESIAN_POINT('Ctrl Pts',(-18.5481014423205,-2.22044604925031E-16,
104.159764136313));
#6357=CARTESIAN_POINT('Ctrl Pts',(-18.5613012793585,-2.60210503003063E-16,
104.374177756755));
#6358=CARTESIAN_POINT('Ctrl Pts',(-18.5666850145144,-8.39586346307356E-16,
104.588870887286));
#6359=CARTESIAN_POINT('Ctrl Pts',(-18.5645393517652,-1.22124532708767E-15,
104.803406352391));
#6360=CARTESIAN_POINT('Ctrl Pts',(-18.5627088046512,-1.54685322889694E-15,
104.986434778745));
#6361=CARTESIAN_POINT('Ctrl Pts',(-18.5553981647921,-1.81343617198873E-15,
105.169349542034));
#6362=CARTESIAN_POINT('Ctrl Pts',(-18.5427828806924,-2.22044604925031E-15,
105.351908959179));
#6363=CARTESIAN_POINT('',(-11.637013915524,6.,106.301724897061));
#6364=CARTESIAN_POINT('Ctrl Pts',(-18.5427828806924,-2.96637714392034E-15,
105.351908959179));
#6365=CARTESIAN_POINT('Ctrl Pts',(-17.7754195732737,0.747171377297211,105.805664647486));
#6366=CARTESIAN_POINT('Ctrl Pts',(-15.5406144454377,2.74717137729721,106.715498996435));
#6367=CARTESIAN_POINT('Ctrl Pts',(-13.0810286553368,4.74717137729721,106.687420275596));
#6368=CARTESIAN_POINT('Ctrl Pts',(-11.637013915524,6.,106.301724897061));
#6369=CARTESIAN_POINT('Ctrl Pts',(-11.637013915524,6.,106.301724897061));
#6370=CARTESIAN_POINT('Ctrl Pts',(-11.6513801350729,6.,106.289460635644));
#6371=CARTESIAN_POINT('Ctrl Pts',(-11.6657102864261,6.,106.277152327883));
#6372=CARTESIAN_POINT('Ctrl Pts',(-11.6800040303292,6.,106.264800038287));
#6373=CARTESIAN_POINT('Ctrl Pts',(-11.8490040478477,6.,106.118754525501));
#6374=CARTESIAN_POINT('Ctrl Pts',(-12.0126392420874,6.,105.966799814202));
#6375=CARTESIAN_POINT('Ctrl Pts',(-12.1704086174672,6.,105.809087837581));
#6376=CARTESIAN_POINT('Ctrl Pts',(-12.2805507576591,6.,105.698985768678));
#6377=CARTESIAN_POINT('Ctrl Pts',(-12.3878331518212,6.,105.586078180202));
#6378=CARTESIAN_POINT('Ctrl Pts',(-12.492072600114,6.,105.47042497582));
#6379=CARTESIAN_POINT('Origin',(-13.9594899515121,6.,97.6065477820008));
#6380=CARTESIAN_POINT('',(-6.69542627204655,6.,92.293038690951));
#6381=CARTESIAN_POINT('Origin',(-13.9594899515121,6.,97.6065477820008));
#6382=CARTESIAN_POINT('',(-7.88255988436191,6.,92.4035754623583));
#6383=CARTESIAN_POINT('Ctrl Pts',(-6.69646981636924,6.,92.2934492168657));
#6384=CARTESIAN_POINT('Ctrl Pts',(-6.81755294930694,6.,92.2968161569264));
#6385=CARTESIAN_POINT('Ctrl Pts',(-6.93857927420937,6.,92.302525762593));
#6386=CARTESIAN_POINT('Ctrl Pts',(-7.05947631416615,6.,92.3106214882581));
#6387=CARTESIAN_POINT('Ctrl Pts',(-7.13609766447897,6.,92.3157523453282));
#6388=CARTESIAN_POINT('Ctrl Pts',(-7.21266698381405,6.,92.3218416339137));
#6389=CARTESIAN_POINT('Ctrl Pts',(-7.28916471871725,6.,92.3289003771148));
#6390=CARTESIAN_POINT('Ctrl Pts',(-7.36066182795308,6.,92.3354976931576));
#6391=CARTESIAN_POINT('Ctrl Pts',(-7.43208690903391,5.99999999999999,92.3429409979167));
#6392=CARTESIAN_POINT('Ctrl Pts',(-7.50342209316646,5.99999999999999,92.3512383760832));
#6393=CARTESIAN_POINT('Ctrl Pts',(-7.63011490354467,6.,92.365974696897));
#6394=CARTESIAN_POINT('Ctrl Pts',(-7.75652626480444,6.,92.383405191209));
#6395=CARTESIAN_POINT('Ctrl Pts',(-7.88255988436191,6.,92.4035754623583));
#6396=CARTESIAN_POINT('',(-7.59048369745922,6.,91.2476359776246));
#6397=CARTESIAN_POINT('Ctrl Pts',(-7.88263959107762,6.,92.403693914082));
#6398=CARTESIAN_POINT('Ctrl Pts',(-7.84101238725953,6.,92.2752359974149));
#6399=CARTESIAN_POINT('Ctrl Pts',(-7.80232247015167,6.,92.1458463540873));
#6400=CARTESIAN_POINT('Ctrl Pts',(-7.76653927388652,6.,92.0156520419256));
#6401=CARTESIAN_POINT('Ctrl Pts',(-7.7476034034686,6.,91.9467553842326));
#6402=CARTESIAN_POINT('Ctrl Pts',(-7.72948093715012,6.,91.8776310373856));
#6403=CARTESIAN_POINT('Ctrl Pts',(-7.71216899387789,6.,91.8083042714535));
#6404=CARTESIAN_POINT('Ctrl Pts',(-7.66582429257002,6.,91.62271399951));
#6405=CARTESIAN_POINT('Ctrl Pts',(-7.62529739613215,6.,91.4357125792909));
#6406=CARTESIAN_POINT('Ctrl Pts',(-7.59048369745922,6.,91.2476359776246));
#6407=CARTESIAN_POINT('',(-22.1931556473336,6.,93.9724386464007));
#6408=CARTESIAN_POINT('Origin',(-13.9594899515121,6.,97.6065477820008));
#6409=CARTESIAN_POINT('',(-21.5038611890849,6.,94.9452581266485));
#6410=CARTESIAN_POINT('Ctrl Pts',(-21.5038611890849,6.,94.9452581266485));
#6411=CARTESIAN_POINT('Ctrl Pts',(-21.6363070697695,6.,94.7822395944472));
#6412=CARTESIAN_POINT('Ctrl Pts',(-21.7627445937372,6.,94.6147422378648));
#6413=CARTESIAN_POINT('Ctrl Pts',(-21.8831642648697,6.,94.4432515254434));
#6414=CARTESIAN_POINT('Ctrl Pts',(-21.991025756447,6.,94.2896450269413));
#6415=CARTESIAN_POINT('Ctrl Pts',(-22.0940598378635,6.,94.1328339658089));
#6416=CARTESIAN_POINT('Ctrl Pts',(-22.1922783493012,6.,93.9731371193367));
#6417=CARTESIAN_POINT('',(-22.6509722415531,6.,95.2702824713171));
#6418=CARTESIAN_POINT('Ctrl Pts',(-22.6509722415531,6.,95.2702824713171));
#6419=CARTESIAN_POINT('Ctrl Pts',(-22.4422667909062,6.,95.1963225758675));
#6420=CARTESIAN_POINT('Ctrl Pts',(-22.2310834372663,6.,95.1297812914772));
#6421=CARTESIAN_POINT('Ctrl Pts',(-22.0177880652832,6.,95.0710175730908));
#6422=CARTESIAN_POINT('Ctrl Pts',(-21.8476384580453,6.,95.0241406834972));
#6423=CARTESIAN_POINT('Ctrl Pts',(-21.6761455113758,6.,94.9822136627786));
#6424=CARTESIAN_POINT('Ctrl Pts',(-21.5035161022055,6.,94.9454298403851));
#6425=CARTESIAN_POINT('Origin',(-13.9594899515121,6.,97.6065477820008));
#6426=CARTESIAN_POINT('',(-7.7219620835734,6.,94.5910468125617));
#6427=CARTESIAN_POINT('',(-8.22922557287193,6.,101.50065488773));
#6428=CARTESIAN_POINT('',(-8.06013774310575,6.,99.197452196007));
#6429=CARTESIAN_POINT('',(-14.4667534408106,6.,104.516155857169));
#6430=CARTESIAN_POINT('',(-12.3875774848311,6.,103.510988867356));
#6431=CARTESIAN_POINT('',(-20.1970178194508,6.,100.62204875144));
#6432=CARTESIAN_POINT('',(-18.2869296932374,6.,101.920084453349));
#6433=CARTESIAN_POINT('',(-19.6897543301523,6.,93.712440676272));
#6434=CARTESIAN_POINT('',(-19.8588421599185,6.,96.0156433679946));
#6435=CARTESIAN_POINT('',(-13.4522264622136,6.,90.6969397068329));
#6436=CARTESIAN_POINT('',(-15.5314024181932,6.,91.702106696646));
#6437=CARTESIAN_POINT('',(-9.6320502097868,6.,93.2930111106521));
#6438=CARTESIAN_POINT('Origin',(-13.9594899515121,-2.22044604925031E-15,
97.6065477820008));
#6439=CARTESIAN_POINT('',(-4.99373766868641,-2.22044604925031E-15,98.3909494667297));
#6440=CARTESIAN_POINT('Origin',(-13.9594899515121,-2.22044604925031E-15,
97.6065477820008));
#6441=CARTESIAN_POINT('',(-4.99373766868641,0.577350269189624,98.3909494667297));
#6442=CARTESIAN_POINT('',(-4.99373766868641,-2.22044604925031E-15,98.3909494667297));
#6443=CARTESIAN_POINT('Ctrl Pts',(-4.99373766868641,0.577350269189624,98.3909494667297));
#6444=CARTESIAN_POINT('Ctrl Pts',(-4.80579285653196,2.38490017945975,96.2427304337717));
#6445=CARTESIAN_POINT('Ctrl Pts',(-5.42919869989976,4.19245008972987,94.0361865405366));
#6446=CARTESIAN_POINT('Ctrl Pts',(-6.69646981636924,6.,92.2934492168657));
#6447=CARTESIAN_POINT('Origin',(-13.9594899515121,-2.22044604925031E-15,
97.6065477820008));
#6448=CARTESIAN_POINT('',(-18.3755624506424,-2.22044604925031E-15,89.7644623653259));
#6449=CARTESIAN_POINT('Ctrl Pts',(-18.3755231056807,-3.08780778723872E-15,
89.7646190117082));
#6450=CARTESIAN_POINT('Ctrl Pts',(-19.1521688994127,0.747171377297211,90.2022971127702));
#6451=CARTESIAN_POINT('Ctrl Pts',(-21.0575123657052,2.74717137729721,91.6827768010035));
#6452=CARTESIAN_POINT('Ctrl Pts',(-22.262986867581,4.74717137729721,93.8268813339322));
#6453=CARTESIAN_POINT('Ctrl Pts',(-22.6509722415531,6.,95.2702824713171));
#6454=CARTESIAN_POINT('Origin',(-13.9594899515121,-2.22044604925031E-15,
97.6065477820008));
#6455=CARTESIAN_POINT('Origin',(-17.6221815532648,-2.22044604925031E-15,
89.7518802943498));
#6456=CARTESIAN_POINT('',(-17.7630543071784,-2.22044604925031E-15,89.4497776986709));
#6457=CARTESIAN_POINT('',(-17.3404360454377,-2.22044604925031E-15,90.3560854857076));
#6458=CARTESIAN_POINT('',(-15.7908357523885,-2.22044604925031E-15,93.6792140381753));
#6459=CARTESIAN_POINT('',(-17.7630543071784,0.577350269189624,89.4497776986709));
#6460=CARTESIAN_POINT('',(-17.3404360454377,-2.22044604925031E-15,90.3560854857076));
#6461=CARTESIAN_POINT('',(-17.7630543071784,-2.22044604925031E-15,89.4497776986709));
#6462=CARTESIAN_POINT('Ctrl Pts',(-17.3404360454377,-2.49961010887732E-15,
90.3560854857076));
#6463=CARTESIAN_POINT('Ctrl Pts',(-19.2626300610634,2.,91.2524192756536));
#6464=CARTESIAN_POINT('Ctrl Pts',(-20.7983178953862,4.,92.9451449404955));
#6465=CARTESIAN_POINT('Ctrl Pts',(-21.5038611890849,6.,94.9452581266485));
#6466=CARTESIAN_POINT('Ctrl Pts',(-17.4813087993513,0.192450089729873,90.0539828900287));
#6467=CARTESIAN_POINT('Ctrl Pts',(-19.4835942322947,2.19245008972987,90.9876639212224));
#6468=CARTESIAN_POINT('Ctrl Pts',(-21.0832690597143,4.19245008972987,92.7509198220994));
#6469=CARTESIAN_POINT('Ctrl Pts',(-21.8182099906504,6.19245008972987,94.8343710576755));
#6470=CARTESIAN_POINT('Ctrl Pts',(-17.6221815532648,0.384900179459749,89.7518802943498));
#6471=CARTESIAN_POINT('Ctrl Pts',(-19.704558403526,2.38490017945975,90.7229085667913));
#6472=CARTESIAN_POINT('Ctrl Pts',(-21.3682202240423,4.38490017945975,92.5566947037034));
#6473=CARTESIAN_POINT('Ctrl Pts',(-22.1325587922159,6.38490017945975,94.7234839887024));
#6474=CARTESIAN_POINT('Ctrl Pts',(-17.7630543071784,0.577350269189624,89.4497776986709));
#6475=CARTESIAN_POINT('Ctrl Pts',(-19.9255225747573,2.57735026918962,90.4581532123602));
#6476=CARTESIAN_POINT('Ctrl Pts',(-21.6531713883704,4.57735026918962,92.3624695853074));
#6477=CARTESIAN_POINT('Ctrl Pts',(-22.4469075937814,6.57735026918962,94.6125969197294));
#6478=CARTESIAN_POINT('Ctrl Pts',(-22.1922783493012,6.,93.9731371193367));
#6479=CARTESIAN_POINT('Ctrl Pts',(-21.3166591131136,4.19245008972987,92.0042794771564));
#6480=CARTESIAN_POINT('Ctrl Pts',(-19.7174389686905,2.38490017945975,90.3611222333147));
#6481=CARTESIAN_POINT('Ctrl Pts',(-17.7630543071784,0.577350269189624,89.4497776986709));
#6482=CARTESIAN_POINT('Ctrl Pts',(-17.3404360454377,-2.49961010887732E-15,
90.3560854857076));
#6483=CARTESIAN_POINT('Ctrl Pts',(-19.2626300610634,2.,91.2524192756536));
#6484=CARTESIAN_POINT('Ctrl Pts',(-20.7983178953862,4.,92.9451449404955));
#6485=CARTESIAN_POINT('Ctrl Pts',(-21.5038611890849,6.,94.9452581266485));
#6486=CARTESIAN_POINT('Ctrl Pts',(-17.7630543071784,-0.577350269189632,
89.4497776986709));
#6487=CARTESIAN_POINT('Ctrl Pts',(-18.7790051101694,0.362271197837458,89.9235233384144));
#6488=CARTESIAN_POINT('Ctrl Pts',(-20.9415155276787,2.55472128756733,91.4764602461273));
#6489=CARTESIAN_POINT('Ctrl Pts',(-22.262986867581,4.74717137729721,93.8268813339322));
#6490=CARTESIAN_POINT('Ctrl Pts',(-22.6509722415531,6.,95.2702824713171));
#6491=CARTESIAN_POINT('Ctrl Pts',(-17.6221815532648,-0.384900179459755,
89.7518802943498));
#6492=CARTESIAN_POINT('Ctrl Pts',(-18.6005045487377,0.554721287567336,90.208079799288));
#6493=CARTESIAN_POINT('Ctrl Pts',(-20.6829219878206,2.74717137729721,91.7035005252338));
#6494=CARTESIAN_POINT('Ctrl Pts',(-21.9554499447636,4.93962146702709,93.9668689801569));
#6495=CARTESIAN_POINT('Ctrl Pts',(-22.3290654900701,6.19245008972988,95.3568108161573));
#6496=CARTESIAN_POINT('Ctrl Pts',(-17.4813087993513,-0.192450089729878,
90.0539828900287));
#6497=CARTESIAN_POINT('Ctrl Pts',(-18.4220039873059,0.747171377297212,90.4926362601615));
#6498=CARTESIAN_POINT('Ctrl Pts',(-20.4243284479626,2.93962146702709,91.9305408043402));
#6499=CARTESIAN_POINT('Ctrl Pts',(-21.6479130219462,5.13207155675697,94.1068566263817));
#6500=CARTESIAN_POINT('Ctrl Pts',(-22.0071587385871,6.38490017945975,95.4433391609974));
#6501=CARTESIAN_POINT('Ctrl Pts',(-17.3404360454377,-2.08166817117217E-16,
90.3560854857076));
#6502=CARTESIAN_POINT('Ctrl Pts',(-18.2435034258742,0.93962146702709,90.7771927210351));
#6503=CARTESIAN_POINT('Ctrl Pts',(-20.1657349081046,3.13207155675697,92.1575810834466));
#6504=CARTESIAN_POINT('Ctrl Pts',(-21.3403760991289,5.32452164648684,94.2468442726065));
#6505=CARTESIAN_POINT('Ctrl Pts',(-21.6852519871041,6.57735026918963,95.5298675058375));
#6506=CARTESIAN_POINT('Ctrl Pts',(-17.3404360454377,-2.22044604925031E-16,
90.3560854857076));
#6507=CARTESIAN_POINT('Ctrl Pts',(-17.5193855407036,-2.60182044970753E-16,
90.2375388519029));
#6508=CARTESIAN_POINT('Ctrl Pts',(-17.702473861003,-7.66986064213658E-16,
90.1256144072155));
#6509=CARTESIAN_POINT('Ctrl Pts',(-17.8891794370946,-1.11022302462516E-15,
90.02028154403));
#6510=CARTESIAN_POINT('Ctrl Pts',(-18.0487503351968,-1.40357596662748E-15,
89.930257132708));
#6511=CARTESIAN_POINT('Ctrl Pts',(-18.2109643433542,-1.54087696876783E-15,
89.8450468995186));
#6512=CARTESIAN_POINT('Ctrl Pts',(-18.3755231056807,-1.75274298243617E-15,
89.7646190117083));
#6513=CARTESIAN_POINT('Origin',(-5.32580256805032,-2.22044604925031E-15,
98.3618975524805));
#6514=CARTESIAN_POINT('',(-5.98993236677815,-2.22044604925031E-15,98.3037937239821));
#6515=CARTESIAN_POINT('',(-9.64264625978122,-2.22044604925031E-15,97.9842226672406));
#6516=CARTESIAN_POINT('',(-5.98993236677815,-2.22044604925031E-15,98.3037937239821));
#6517=CARTESIAN_POINT('Ctrl Pts',(-5.98993236677815,-2.22044604925031E-15,
98.3037937239821));
#6518=CARTESIAN_POINT('Ctrl Pts',(-5.8050831913289,2.,96.1909579804748));
#6519=CARTESIAN_POINT('Ctrl Pts',(-6.50318270155855,4.,94.0146504712476));
#6520=CARTESIAN_POINT('Ctrl Pts',(-7.88255988436191,6.,92.4035754623583));
#6521=CARTESIAN_POINT('Ctrl Pts',(-5.65786746741424,0.192450089729873,98.3328456382313));
#6522=CARTESIAN_POINT('Ctrl Pts',(-5.46531624298794,2.19245008972988,96.1319750720779));
#6523=CARTESIAN_POINT('Ctrl Pts',(-6.19250323281049,4.19245008972987,93.8649880832995));
#6524=CARTESIAN_POINT('Ctrl Pts',(-7.62935446489732,6.19245008972987,92.1867849490399));
#6525=CARTESIAN_POINT('Ctrl Pts',(-5.32580256805032,0.384900179459748,98.3618975524805));
#6526=CARTESIAN_POINT('Ctrl Pts',(-5.12554929464697,2.38490017945975,96.072992163681));
#6527=CARTESIAN_POINT('Ctrl Pts',(-5.88182376406242,4.38490017945975,93.7153256953515));
#6528=CARTESIAN_POINT('Ctrl Pts',(-7.37614904543273,6.38490017945975,91.9699944357214));
#6529=CARTESIAN_POINT('Ctrl Pts',(-4.99373766868641,0.577350269189624,98.3909494667297));
#6530=CARTESIAN_POINT('Ctrl Pts',(-4.785782346306,2.57735026918962,96.0140092552841));
#6531=CARTESIAN_POINT('Ctrl Pts',(-5.57114429531435,4.57735026918962,93.5656633074034));
#6532=CARTESIAN_POINT('Ctrl Pts',(-7.12294362596814,6.57735026918962,91.753203922403));
#6533=CARTESIAN_POINT('Ctrl Pts',(-5.98993236677815,-2.22044604925031E-15,
98.3037937239821));
#6534=CARTESIAN_POINT('Ctrl Pts',(-5.8050831913289,2.,96.1909579804748));
#6535=CARTESIAN_POINT('Ctrl Pts',(-6.50318270155855,4.,94.0146504712476));
#6536=CARTESIAN_POINT('Ctrl Pts',(-7.88255988436191,6.,92.4035754623583));
#6537=CARTESIAN_POINT('Ctrl Pts',(-4.99373766868641,-0.577350269189628,
98.3909494667297));
#6538=CARTESIAN_POINT('Ctrl Pts',(-4.86347147862563,0.675478353513158,96.9020001010536));
#6539=CARTESIAN_POINT('Ctrl Pts',(-5.29922580679253,2.86792844324303,94.2410017226475));
#6540=CARTESIAN_POINT('Ctrl Pts',(-6.79846167307874,5.06037853297291,92.0409152967615));
#6541=CARTESIAN_POINT('Ctrl Pts',(-7.59048369745922,6.,91.2476359776246));
#6542=CARTESIAN_POINT('Ctrl Pts',(-5.32580256805032,-0.384900179459753,
98.3618975524805));
#6543=CARTESIAN_POINT('Ctrl Pts',(-5.2003610516955,0.867928443243035,96.9280944596071));
#6544=CARTESIAN_POINT('Ctrl Pts',(-5.61997633067103,3.06037853297291,94.3656515766976));
#6545=CARTESIAN_POINT('Ctrl Pts',(-7.06368494265035,5.25282862270278,92.2470498332518));
#6546=CARTESIAN_POINT('Ctrl Pts',(-7.8263728179797,6.19245008972987,91.4831512296385));
#6547=CARTESIAN_POINT('Ctrl Pts',(-5.65786746741424,-0.192450089729878,
98.3328456382313));
#6548=CARTESIAN_POINT('Ctrl Pts',(-5.53725062476537,1.06037853297291,96.9541888181607));
#6549=CARTESIAN_POINT('Ctrl Pts',(-5.94072685454953,3.25282862270278,94.4903014307478));
#6550=CARTESIAN_POINT('Ctrl Pts',(-7.32890821222195,5.44527871243266,92.4531843697421));
#6551=CARTESIAN_POINT('Ctrl Pts',(-8.06226193850017,6.38490017945975,91.7186664816525));
#6552=CARTESIAN_POINT('Ctrl Pts',(-5.98993236677815,-2.22044604925031E-15,
98.3037937239821));
#6553=CARTESIAN_POINT('Ctrl Pts',(-5.87414019783524,1.25282862270278,96.9802831767144));
#6554=CARTESIAN_POINT('Ctrl Pts',(-6.26147737842804,3.44527871243266,94.6149512847979));
#6555=CARTESIAN_POINT('Ctrl Pts',(-7.59413148179356,5.63772880216253,92.6593189062325));
#6556=CARTESIAN_POINT('Ctrl Pts',(-8.29815105902065,6.57735026918962,91.9541817336664));
#6557=CARTESIAN_POINT('',(-4.96000851245903,-2.22044604925031E-15,97.7031595211376));
#6558=CARTESIAN_POINT('Ctrl Pts',(-4.96043867906782,-2.22044604925031E-15,
97.7032076117679));
#6559=CARTESIAN_POINT('Ctrl Pts',(-5.06265140764125,-2.001418175038E-15,
97.7720469086823));
#6560=CARTESIAN_POINT('Ctrl Pts',(-5.16620522124687,-2.01086120339226E-15,
97.8388778075949));
#6561=CARTESIAN_POINT('Ctrl Pts',(-5.271063362088,-2.1094237467878E-15,
97.903618451746));
#6562=CARTESIAN_POINT('Ctrl Pts',(-5.33104910140389,-2.16580799112981E-15,
97.9406543496938));
#6563=CARTESIAN_POINT('Ctrl Pts',(-5.39146161707324,-2.28222211651957E-15,
97.9770061360308));
#6564=CARTESIAN_POINT('Ctrl Pts',(-5.45229337205806,-2.27595720048157E-15,
98.0126580389134));
#6565=CARTESIAN_POINT('Ctrl Pts',(-5.51746619059694,-2.26924520875607E-15,
98.0508541257716));
#6566=CARTESIAN_POINT('Ctrl Pts',(-5.58311325014204,-2.11795095594053E-15,
98.0882427395489));
#6567=CARTESIAN_POINT('Ctrl Pts',(-5.64921992414877,-2.16493489801906E-15,
98.1248023202522));
#6568=CARTESIAN_POINT('Ctrl Pts',(-5.76147855761182,-2.24472038430605E-15,
98.1868857427114));
#6569=CARTESIAN_POINT('Ctrl Pts',(-5.87506717918602,-2.19765019602546E-15,
98.2465811768698));
#6570=CARTESIAN_POINT('Ctrl Pts',(-5.98993236677815,-2.22044604925031E-15,
98.3037937239821));
#6571=CARTESIAN_POINT('Ctrl Pts',(-7.59048369745922,6.,91.2476359776246));
#6572=CARTESIAN_POINT('Ctrl Pts',(-6.79846167307874,5.06037853297291,92.0409152967615));
#6573=CARTESIAN_POINT('Ctrl Pts',(-6.15593201609893,4.12075706594582,92.983809479284));
#6574=CARTESIAN_POINT('Ctrl Pts',(-5.70873570285533,3.18113559891873,94.0113609592083));
#6575=CARTESIAN_POINT('Ctrl Pts',(-5.20406718768349,2.12075706594582,95.1709699816411));
#6576=CARTESIAN_POINT('Ctrl Pts',(-4.94816544852449,1.06037853297291,96.4383943034885));
#6577=CARTESIAN_POINT('Ctrl Pts',(-4.96043867906782,-2.28983498828939E-15,
97.7032076117679));
#6578=CARTESIAN_POINT('Origin',(-13.9594899515121,-2.22044604925031E-15,
97.6065477820008));
#6579=CARTESIAN_POINT('Origin',(-13.9594899515121,-2.22044604925031E-15,
97.6065477820008));
#6580=CARTESIAN_POINT('Origin',(-19.2419737563441,6.,101.271066602395));
#6581=CARTESIAN_POINT('',(-14.4667534408106,10.05,104.516155857169));
#6582=CARTESIAN_POINT('',(-14.4667534408106,6.,104.516155857169));
#6583=CARTESIAN_POINT('',(-20.1970178194508,10.05,100.62204875144));
#6584=CARTESIAN_POINT('',(-18.2869296932374,10.05,101.920084453349));
#6585=CARTESIAN_POINT('',(-20.1970178194508,6.,100.62204875144));
#6586=CARTESIAN_POINT('Origin',(-13.4271654628209,6.,104.013572362262));
#6587=CARTESIAN_POINT('',(-8.22922557287193,10.05,101.50065488773));
#6588=CARTESIAN_POINT('',(-8.22922557287193,6.,101.50065488773));
#6589=CARTESIAN_POINT('',(-12.3875774848311,10.05,103.510988867356));
#6590=CARTESIAN_POINT('Origin',(-8.14468165798884,6.,100.349053541868));
#6591=CARTESIAN_POINT('',(-7.7219620835734,10.05,94.5910468125617));
#6592=CARTESIAN_POINT('',(-7.7219620835734,6.,94.5910468125617));
#6593=CARTESIAN_POINT('',(-8.06013774310575,10.05,99.197452196007));
#6594=CARTESIAN_POINT('Origin',(-10.1393136990853,6.,100.20261918582));
#6595=CARTESIAN_POINT('',(-10.1393136990853,6.,100.20261918582));
#6596=CARTESIAN_POINT('',(-9.80113803955297,6.,95.5962138023747));
#6597=CARTESIAN_POINT('',(-10.0547697842022,6.,99.0510178399587));
#6598=CARTESIAN_POINT('',(-10.1393136990853,10.05,100.20261918582));
#6599=CARTESIAN_POINT('',(-10.1393136990853,6.,100.20261918582));
#6600=CARTESIAN_POINT('',(-9.80113803955297,10.05,95.5962138023747));
#6601=CARTESIAN_POINT('',(-10.1393136990853,10.05,100.20261918582));
#6602=CARTESIAN_POINT('',(-9.80113803955297,6.,95.5962138023747));
#6603=CARTESIAN_POINT('Origin',(-14.2976656110445,6.,102.212953165446));
#6604=CARTESIAN_POINT('',(-14.2976656110445,6.,102.212953165446));
#6605=CARTESIAN_POINT('',(-13.2580776330547,6.,101.71036967054));
#6606=CARTESIAN_POINT('',(-14.2976656110445,10.05,102.212953165446));
#6607=CARTESIAN_POINT('',(-14.2976656110445,6.,102.212953165446));
#6608=CARTESIAN_POINT('',(-14.2976656110445,10.05,102.212953165446));
#6609=CARTESIAN_POINT('Origin',(-18.1178418634713,6.,99.6168817616268));
#6610=CARTESIAN_POINT('',(-18.1178418634713,6.,99.6168817616268));
#6611=CARTESIAN_POINT('',(-17.1627978003646,6.,100.265899612582));
#6612=CARTESIAN_POINT('',(-18.1178418634713,10.05,99.6168817616268));
#6613=CARTESIAN_POINT('',(-18.1178418634713,6.,99.6168817616268));
#6614=CARTESIAN_POINT('',(-18.1178418634713,10.05,99.6168817616268));
#6615=CARTESIAN_POINT('Origin',(-17.7796662039389,6.,95.0104763781816));
#6616=CARTESIAN_POINT('',(-17.7796662039389,6.,95.0104763781816));
#6617=CARTESIAN_POINT('',(-17.864210118822,6.,96.1620777240429));
#6618=CARTESIAN_POINT('',(-17.7796662039389,10.05,95.0104763781816));
#6619=CARTESIAN_POINT('',(-17.7796662039389,6.,95.0104763781816));
#6620=CARTESIAN_POINT('',(-17.7796662039389,10.05,95.0104763781816));
#6621=CARTESIAN_POINT('Origin',(-13.6213142919798,6.,93.0001423985556));
#6622=CARTESIAN_POINT('',(-13.6213142919798,6.,93.0001423985556));
#6623=CARTESIAN_POINT('',(-14.6609022699696,6.,93.5027258934621));
#6624=CARTESIAN_POINT('',(-13.6213142919798,10.05,93.0001423985556));
#6625=CARTESIAN_POINT('',(-13.6213142919798,6.,93.0001423985556));
#6626=CARTESIAN_POINT('',(-13.6213142919798,10.05,93.0001423985556));
#6627=CARTESIAN_POINT('Origin',(-9.80113803955297,6.,95.5962138023747));
#6628=CARTESIAN_POINT('',(-10.7561821026597,6.,94.9471959514199));
#6629=CARTESIAN_POINT('',(-9.80113803955297,10.05,95.5962138023747));
#6630=CARTESIAN_POINT('Origin',(-19.7742982450354,6.,94.8640420221333));
#6631=CARTESIAN_POINT('',(-19.6897543301523,10.05,93.712440676272));
#6632=CARTESIAN_POINT('',(-19.8588421599185,10.05,96.0156433679946));
#6633=CARTESIAN_POINT('',(-19.6897543301523,6.,93.712440676272));
#6634=CARTESIAN_POINT('Origin',(-14.4918144402034,6.,91.1995232017395));
#6635=CARTESIAN_POINT('',(-13.4522264622136,10.05,90.6969397068329));
#6636=CARTESIAN_POINT('',(-15.5314024181932,10.05,91.702106696646));
#6637=CARTESIAN_POINT('',(-13.4522264622136,6.,90.6969397068329));
#6638=CARTESIAN_POINT('Origin',(-8.6770061466801,6.,93.9420289616069));
#6639=CARTESIAN_POINT('',(-9.6320502097868,10.05,93.2930111106521));
#6640=CARTESIAN_POINT('Origin',(-13.9594899515121,10.05,97.6065477820008));
#6641=CARTESIAN_POINT('Origin',(-13.9594899515121,-2.22044604925031E-15,
97.6065477820008));
#6642=CARTESIAN_POINT('',(-16.5495961665507,-2.22044604925031E-15,97.3799428508569));
#6643=CARTESIAN_POINT('Origin',(-13.9594899515121,-2.22044604925031E-15,
97.6065477820008));
#6644=CARTESIAN_POINT('',(-16.5495961665507,6.,97.3799428508569));
#6645=CARTESIAN_POINT('',(-16.5495961665507,-2.22044604925031E-15,97.3799428508569));
#6646=CARTESIAN_POINT('Origin',(-13.9594899515121,6.,97.6065477820008));
#6647=CARTESIAN_POINT('Origin',(-13.9594899515121,6.,97.6065477820008));
#6648=CARTESIAN_POINT('Origin',(-13.9594899515121,-2.22044604925031E-15,
97.6065477820008));
#6649=CARTESIAN_POINT('',(-69.1471371980659,11.8500000000001,46.2676854407862));
#6650=CARTESIAN_POINT('',(-13.9594899515121,0.249999999999989,97.6065477820008));
#6651=UNCERTAINTY_MEASURE_WITH_UNIT(LENGTH_MEASURE(0.01),#6659,
'DISTANCE_ACCURACY_VALUE',
'Maximum model space distance between geometric entities at asserted c
onnectivities');
#6652=UNCERTAINTY_MEASURE_WITH_UNIT(LENGTH_MEASURE(0.01),#6659,
'DISTANCE_ACCURACY_VALUE',
'Maximum model space distance between geometric entities at asserted c
onnectivities');
#6653=UNCERTAINTY_MEASURE_WITH_UNIT(LENGTH_MEASURE(0.01),#6659,
'DISTANCE_ACCURACY_VALUE',
'Maximum model space distance between geometric entities at asserted c
onnectivities');
#6654=UNCERTAINTY_MEASURE_WITH_UNIT(LENGTH_MEASURE(0.01),#6659,
'DISTANCE_ACCURACY_VALUE',
'Maximum model space distance between geometric entities at asserted c
onnectivities');
#6655=(
GEOMETRIC_REPRESENTATION_CONTEXT(3)
GLOBAL_UNCERTAINTY_ASSIGNED_CONTEXT((#6651))
GLOBAL_UNIT_ASSIGNED_CONTEXT((#6659,#6661,#6662))
REPRESENTATION_CONTEXT('','3D')
);
#6656=(
GEOMETRIC_REPRESENTATION_CONTEXT(3)
GLOBAL_UNCERTAINTY_ASSIGNED_CONTEXT((#6652))
GLOBAL_UNIT_ASSIGNED_CONTEXT((#6659,#6661,#6662))
REPRESENTATION_CONTEXT('','3D')
);
#6657=(
GEOMETRIC_REPRESENTATION_CONTEXT(3)
GLOBAL_UNCERTAINTY_ASSIGNED_CONTEXT((#6653))
GLOBAL_UNIT_ASSIGNED_CONTEXT((#6659,#6661,#6662))
REPRESENTATION_CONTEXT('','3D')
);
#6658=(
GEOMETRIC_REPRESENTATION_CONTEXT(3)
GLOBAL_UNCERTAINTY_ASSIGNED_CONTEXT((#6654))
GLOBAL_UNIT_ASSIGNED_CONTEXT((#6659,#6661,#6662))
REPRESENTATION_CONTEXT('','3D')
);
#6659=(
LENGTH_UNIT()
NAMED_UNIT(*)
SI_UNIT(.MILLI.,.METRE.)
);
#6660=(
LENGTH_UNIT()
NAMED_UNIT(*)
SI_UNIT($,.METRE.)
);
#6661=(
NAMED_UNIT(*)
PLANE_ANGLE_UNIT()
SI_UNIT($,.RADIAN.)
);
#6662=(
NAMED_UNIT(*)
SI_UNIT($,.STERADIAN.)
SOLID_ANGLE_UNIT()
);
#6663=SHAPE_DEFINITION_REPRESENTATION(#6666,#6671);
#6664=SHAPE_DEFINITION_REPRESENTATION(#6667,#6672);
#6665=SHAPE_DEFINITION_REPRESENTATION(#6668,#6673);
#6666=PRODUCT_DEFINITION_SHAPE('',$,#6675);
#6667=PRODUCT_DEFINITION_SHAPE('',$,#6676);
#6668=PRODUCT_DEFINITION_SHAPE('',$,#6677);
#6669=PRODUCT_DEFINITION_SHAPE($,$,#17);
#6670=PRODUCT_DEFINITION_SHAPE($,$,#18);
#6671=SHAPE_REPRESENTATION('',(#1911,#2031,#2032),#6655);
#6672=SHAPE_REPRESENTATION('',(#1912),#6656);
#6673=SHAPE_REPRESENTATION('',(#1934),#6657);
#6674=PRODUCT_DEFINITION_CONTEXT('part definition',#6685,'design');
#6675=PRODUCT_DEFINITION('M5_thumb screw 15mm','M5_thumb screw 15mm',#6678,
#6674);
#6676=PRODUCT_DEFINITION(
'Set 01. Alyona Minina. 2019. UHEI_bearing guide with switch_thumb scr
ew cap','M5_thumb screw cap',#6679,#6674);
#6677=PRODUCT_DEFINITION(
'92314A646_18-8 Stainless Steel Hex Head Screws',
'92314A646_18-8 Stainless Steel Hex Head Screws',#6680,#6674);
#6678=PRODUCT_DEFINITION_FORMATION('',$,#6687);
#6679=PRODUCT_DEFINITION_FORMATION('',$,#6688);
#6680=PRODUCT_DEFINITION_FORMATION('',$,#6689);
#6681=PRODUCT_RELATED_PRODUCT_CATEGORY('M5_thumb screw 15mm',
'M5_thumb screw 15mm',(#6687));
#6682=PRODUCT_RELATED_PRODUCT_CATEGORY('M5_thumb screw cap',
'M5_thumb screw cap',(#6688));
#6683=PRODUCT_RELATED_PRODUCT_CATEGORY(
'92314A646_18-8 Stainless Steel Hex Head Screws',
'92314A646_18-8 Stainless Steel Hex Head Screws',(#6689));
#6684=APPLICATION_PROTOCOL_DEFINITION('international standard',
'automotive_design',2009,#6685);
#6685=APPLICATION_CONTEXT(
'Core Data for Automotive Mechanical Design Process');
#6686=PRODUCT_CONTEXT('part definition',#6685,'mechanical');
#6687=PRODUCT('M5_thumb screw 15mm','M5_thumb screw 15mm',$,(#6686));
#6688=PRODUCT(
'Set 01. Alyona Minina. 2019. UHEI_bearing guide with switch_thumb scr
ew cap','M5_thumb screw cap',$,(#6686));
#6689=PRODUCT('92314A646_18-8 Stainless Steel Hex Head Screws',
'92314A646_18-8 Stainless Steel Hex Head Screws',$,(#6686));
#6690=PRESENTATION_STYLE_ASSIGNMENT((#6694));
#6691=PRESENTATION_STYLE_ASSIGNMENT((#6695));
#6692=PRESENTATION_STYLE_ASSIGNMENT((#6696));
#6693=PRESENTATION_STYLE_ASSIGNMENT((#6697));
#6694=SURFACE_STYLE_USAGE(.BOTH.,#6698);
#6695=SURFACE_STYLE_USAGE(.BOTH.,#6699);
#6696=SURFACE_STYLE_USAGE(.BOTH.,#6700);
#6697=SURFACE_STYLE_USAGE(.BOTH.,#6701);
#6698=SURFACE_SIDE_STYLE('',(#6702));
#6699=SURFACE_SIDE_STYLE('',(#6703));
#6700=SURFACE_SIDE_STYLE('',(#6704));
#6701=SURFACE_SIDE_STYLE('',(#6705));
#6702=SURFACE_STYLE_FILL_AREA(#6706);
#6703=SURFACE_STYLE_FILL_AREA(#6707);
#6704=SURFACE_STYLE_FILL_AREA(#6708);
#6705=SURFACE_STYLE_FILL_AREA(#6709);
#6706=FILL_AREA_STYLE('Steel - Satin',(#6710));
#6707=FILL_AREA_STYLE('Powder Coat - Rough (Dark Grey)',(#6711));
#6708=FILL_AREA_STYLE('Paint - Enamel Glossy (Dark Grey)',(#6712));
#6709=FILL_AREA_STYLE('Aluminum - Satin',(#6713));
#6710=FILL_AREA_STYLE_COLOUR('Steel - Satin',#6714);
#6711=FILL_AREA_STYLE_COLOUR('Powder Coat - Rough (Dark Grey)',#6715);
#6712=FILL_AREA_STYLE_COLOUR('Paint - Enamel Glossy (Dark Grey)',#6716);
#6713=FILL_AREA_STYLE_COLOUR('Aluminum - Satin',#6717);
#6714=COLOUR_RGB('Steel - Satin',0.627450980392157,0.627450980392157,0.627450980392157);
#6715=COLOUR_RGB('Powder Coat - Rough (Dark Grey)',0.349019607843137,0.349019607843137,
0.349019607843137);
#6716=COLOUR_RGB('Paint - Enamel Glossy (Dark Grey)',0.349019607843137,
0.349019607843137,0.349019607843137);
#6717=COLOUR_RGB('Aluminum - Satin',0.96078431372549,0.96078431372549,0.964705882352941);
ENDSEC;
END-ISO-10303-21;
