ISO-10303-21;
HEADER;
/* Generated by software containing ST-Developer
 * from STEP Tools, Inc. (www.steptools.com) 
 */

FILE_DESCRIPTION(
/* description */ (''),
/* implementation_level */ '2;1');

FILE_NAME(
/* name */ 'spindle_heat set insert install_ jig.step',
/* time_stamp */ '2026-10-04T13:14:54-05:00',
/* author */ (''),
/* organization */ (''),
/* preprocessor_version */ 'ST-DEVELOPER v20.1',
/* originating_system */ 'Autodesk Translation Framework v15.8.0.0',
/* authorisation */ '');

FILE_SCHEMA (('AUTOMOTIVE_DESIGN { 1 0 10303 214 3 1 1 }'));
ENDSEC;

DATA;
#10=MECHANICAL_DESIGN_GEOMETRIC_PRESENTATION_REPRESENTATION('',(#32,#33),
#3914);
#11=ITEM_DEFINED_TRANSFORMATION($,$,#1916,#2101);
#12=ITEM_DEFINED_TRANSFORMATION($,$,#1916,#2102);
#13=ITEM_DEFINED_TRANSFORMATION($,$,#1916,#2103);
#14=ITEM_DEFINED_TRANSFORMATION($,$,#1916,#2104);
#15=(
REPRESENTATION_RELATIONSHIP($,$,#3928,#3927)
REPRESENTATION_RELATIONSHIP_WITH_TRANSFORMATION(#11)
SHAPE_REPRESENTATION_RELATIONSHIP()
);
#16=(
REPRESENTATION_RELATIONSHIP($,$,#3928,#3927)
REPRESENTATION_RELATIONSHIP_WITH_TRANSFORMATION(#12)
SHAPE_REPRESENTATION_RELATIONSHIP()
);
#17=(
REPRESENTATION_RELATIONSHIP($,$,#3928,#3927)
REPRESENTATION_RELATIONSHIP_WITH_TRANSFORMATION(#13)
SHAPE_REPRESENTATION_RELATIONSHIP()
);
#18=(
REPRESENTATION_RELATIONSHIP($,$,#3928,#3927)
REPRESENTATION_RELATIONSHIP_WITH_TRANSFORMATION(#14)
SHAPE_REPRESENTATION_RELATIONSHIP()
);
#19=CONTEXT_DEPENDENT_SHAPE_REPRESENTATION(#15,#3923);
#20=CONTEXT_DEPENDENT_SHAPE_REPRESENTATION(#16,#3924);
#21=CONTEXT_DEPENDENT_SHAPE_REPRESENTATION(#17,#3925);
#22=CONTEXT_DEPENDENT_SHAPE_REPRESENTATION(#18,#3926);
#23=NEXT_ASSEMBLY_USAGE_OCCURRENCE(
'97259A103_Low-Strength Steel Thin Square Nut (1):1',
'97259A103_Low-Strength Steel Thin Square Nut (1):1',
'97259A103_Low-Strength Steel Thin Square Nut (1):1',#3930,#3931,
'97259A103_Low-Strength Steel Thin Square Nut (1):1');
#24=NEXT_ASSEMBLY_USAGE_OCCURRENCE(
'97259A103_Low-Strength Steel Thin Square Nut (1):2',
'97259A103_Low-Strength Steel Thin Square Nut (1):2',
'97259A103_Low-Strength Steel Thin Square Nut (1):2',#3930,#3931,
'97259A103_Low-Strength Steel Thin Square Nut (1):2');
#25=NEXT_ASSEMBLY_USAGE_OCCURRENCE(
'97259A103_Low-Strength Steel Thin Square Nut (1):3',
'97259A103_Low-Strength Steel Thin Square Nut (1):3',
'97259A103_Low-Strength Steel Thin Square Nut (1):3',#3930,#3931,
'97259A103_Low-Strength Steel Thin Square Nut (1):3');
#26=NEXT_ASSEMBLY_USAGE_OCCURRENCE(
'97259A103_Low-Strength Steel Thin Square Nut (1):4',
'97259A103_Low-Strength Steel Thin Square Nut (1):4',
'97259A103_Low-Strength Steel Thin Square Nut (1):4',#3930,#3931,
'97259A103_Low-Strength Steel Thin Square Nut (1):4');
#27=TOROIDAL_SURFACE('',#2032,14.7,0.5);
#28=SHAPE_REPRESENTATION_RELATIONSHIP('SRR','None',#3928,#30);
#29=SHAPE_REPRESENTATION_RELATIONSHIP('SRR','None',#3927,#31);
#30=ADVANCED_BREP_SHAPE_REPRESENTATION('',(#34),#3913);
#31=ADVANCED_BREP_SHAPE_REPRESENTATION('',(#35),#3912);
#32=STYLED_ITEM('',(#3941),#34);
#33=STYLED_ITEM('',(#3941),#35);
#34=MANIFOLD_SOLID_BREP('Body1',#1901);
#35=MANIFOLD_SOLID_BREP('Body1',#1902);
#36=FACE_BOUND('',#288,.T.);
#37=FACE_BOUND('',#294,.T.);
#38=FACE_BOUND('',#314,.T.);
#39=FACE_BOUND('',#315,.T.);
#40=FACE_BOUND('',#316,.T.);
#41=FACE_BOUND('',#317,.T.);
#42=FACE_BOUND('',#318,.T.);
#43=FACE_BOUND('',#319,.T.);
#44=FACE_BOUND('',#320,.T.);
#45=FACE_BOUND('',#321,.T.);
#46=FACE_BOUND('',#341,.T.);
#47=FACE_BOUND('',#342,.T.);
#48=FACE_BOUND('',#343,.T.);
#49=FACE_BOUND('',#344,.T.);
#50=FACE_BOUND('',#345,.T.);
#51=FACE_BOUND('',#350,.T.);
#52=FACE_BOUND('',#379,.T.);
#53=FACE_BOUND('',#382,.T.);
#54=FACE_BOUND('',#385,.T.);
#55=FACE_BOUND('',#388,.T.);
#56=FACE_BOUND('',#398,.T.);
#57=FACE_BOUND('',#399,.T.);
#58=FACE_BOUND('',#400,.T.);
#59=FACE_BOUND('',#401,.T.);
#60=FACE_BOUND('',#402,.T.);
#61=FACE_BOUND('',#403,.T.);
#62=FACE_BOUND('',#404,.T.);
#63=PLANE('',#1935);
#64=PLANE('',#1940);
#65=PLANE('',#1941);
#66=PLANE('',#1942);
#67=PLANE('',#1943);
#68=PLANE('',#1944);
#69=PLANE('',#1952);
#70=PLANE('',#1953);
#71=PLANE('',#1961);
#72=PLANE('',#1962);
#73=PLANE('',#1967);
#74=PLANE('',#1971);
#75=PLANE('',#1972);
#76=PLANE('',#1980);
#77=PLANE('',#2030);
#78=PLANE('',#2040);
#79=PLANE('',#2045);
#80=PLANE('',#2046);
#81=PLANE('',#2047);
#82=PLANE('',#2048);
#83=PLANE('',#2049);
#84=PLANE('',#2050);
#85=PLANE('',#2051);
#86=PLANE('',#2052);
#87=PLANE('',#2053);
#88=PLANE('',#2054);
#89=PLANE('',#2055);
#90=PLANE('',#2056);
#91=PLANE('',#2057);
#92=PLANE('',#2058);
#93=PLANE('',#2059);
#94=PLANE('',#2060);
#95=PLANE('',#2061);
#96=PLANE('',#2062);
#97=PLANE('',#2063);
#98=PLANE('',#2064);
#99=PLANE('',#2065);
#100=PLANE('',#2066);
#101=PLANE('',#2067);
#102=PLANE('',#2068);
#103=PLANE('',#2071);
#104=PLANE('',#2074);
#105=PLANE('',#2077);
#106=PLANE('',#2080);
#107=PLANE('',#2081);
#108=PLANE('',#2082);
#109=PLANE('',#2083);
#110=PLANE('',#2084);
#111=PLANE('',#2085);
#112=PLANE('',#2086);
#113=PLANE('',#2087);
#114=PLANE('',#2088);
#115=PLANE('',#2089);
#116=PLANE('',#2093);
#117=PLANE('',#2094);
#118=PLANE('',#2096);
#119=PLANE('',#2097);
#120=PLANE('',#2099);
#121=(
BOUNDED_SURFACE()
B_SPLINE_SURFACE(1,2,((#3105,#3106,#3107,#3108,#3109,#3110,#3111,#3112,
#3113,#3114,#3115,#3116,#3117,#3118,#3119,#3120,#3121,#3122,#3123,#3124,
#3125,#3126,#3127,#3128,#3129,#3130,#3131,#3132,#3133,#3134,#3135,#3136,
#3137,#3138,#3139,#3140,#3141,#3142,#3143,#3144,#3145,#3146,#3147,#3148,
#3149,#3150,#3151,#3152,#3153,#3154,#3155,#3156,#3157,#3158,#3159,#3160,
#3161,#3162,#3163,#3164,#3165,#3166,#3167,#3168,#3169,#3170,#3171,#3172,
#3173,#3174,#3175),(#3176,#3177,#3178,#3179,#3180,#3181,#3182,#3183,#3184,
#3185,#3186,#3187,#3188,#3189,#3190,#3191,#3192,#3193,#3194,#3195,#3196,
#3197,#3198,#3199,#3200,#3201,#3202,#3203,#3204,#3205,#3206,#3207,#3208,
#3209,#3210,#3211,#3212,#3213,#3214,#3215,#3216,#3217,#3218,#3219,#3220,
#3221,#3222,#3223,#3224,#3225,#3226,#3227,#3228,#3229,#3230,#3231,#3232,
#3233,#3234,#3235,#3236,#3237,#3238,#3239,#3240,#3241,#3242,#3243,#3244,
#3245,#3246)),.UNSPECIFIED.,.F.,.F.,.F.)
B_SPLINE_SURFACE_WITH_KNOTS((2,2),(3,2,2,2,2,2,2,2,2,2,2,2,2,2,2,2,2,2,
2,2,2,2,2,2,2,2,2,2,2,2,2,2,2,2,2,3),(0.,1.),(0.,0.025,0.05,0.075,0.1,0.125,
0.15,0.175,0.2,0.225,0.25,0.275,0.3,0.325,0.35,0.375,0.4,0.425,0.45,0.475,
0.5,0.525,0.55,0.575,0.6,0.625,0.65,0.675,0.7,0.725,0.75,0.775,0.8,0.825,
0.85,0.875),.UNSPECIFIED.)
GEOMETRIC_REPRESENTATION_ITEM()
RATIONAL_B_SPLINE_SURFACE(((1.,0.923879532511287,1.,0.923879532511287,1.,
0.923879532511287,1.,0.923879532511287,1.,0.923879532511287,1.,0.923879532511287,
1.,0.923879532511287,1.,0.923879532511287,1.,0.923879532511287,1.,0.923879532511287,
1.,0.923879532511287,1.,0.923879532511287,1.,0.923879532511287,1.,0.923879532511287,
1.,0.923879532511287,1.,0.923879532511287,1.,0.923879532511287,1.,0.923879532511287,
1.,0.923879532511287,1.,0.923879532511287,1.,0.923879532511287,1.,0.923879532511287,
1.,0.923879532511287,1.,0.923879532511287,1.,0.923879532511287,1.,0.923879532511287,
1.,0.923879532511287,1.,0.923879532511287,1.,0.923879532511287,1.,0.923879532511287,
1.,0.923879532511287,1.,0.923879532511287,1.,0.923879532511287,1.,0.923879532511287,
1.,0.923879532511287,1.),(1.,0.923879532511287,1.,0.923879532511287,1.,
0.923879532511287,1.,0.923879532511287,1.,0.923879532511287,1.,0.923879532511287,
1.,0.923879532511287,1.,0.923879532511287,1.,0.923879532511287,1.,0.923879532511287,
1.,0.923879532511287,1.,0.923879532511287,1.,0.923879532511287,1.,0.923879532511287,
1.,0.923879532511287,1.,0.923879532511287,1.,0.923879532511287,1.,0.923879532511287,
1.,0.923879532511287,1.,0.923879532511287,1.,0.923879532511287,1.,0.923879532511287,
1.,0.923879532511287,1.,0.923879532511287,1.,0.923879532511287,1.,0.923879532511287,
1.,0.923879532511287,1.,0.923879532511287,1.,0.923879532511287,1.,0.923879532511287,
1.,0.923879532511287,1.,0.923879532511287,1.,0.923879532511287,1.,0.923879532511287,
1.,0.923879532511287,1.)))
REPRESENTATION_ITEM('')
SURFACE()
);
#122=(
BOUNDED_SURFACE()
B_SPLINE_SURFACE(1,2,((#3282,#3283,#3284,#3285,#3286,#3287,#3288,#3289,
#3290,#3291,#3292,#3293,#3294,#3295,#3296,#3297,#3298,#3299,#3300,#3301,
#3302,#3303,#3304,#3305,#3306,#3307,#3308,#3309,#3310,#3311,#3312,#3313,
#3314,#3315,#3316,#3317,#3318,#3319,#3320,#3321,#3322,#3323,#3324,#3325,
#3326,#3327,#3328,#3329,#3330,#3331,#3332,#3333,#3334,#3335,#3336,#3337,
#3338,#3339,#3340,#3341,#3342,#3343,#3344,#3345,#3346,#3347,#3348,#3349,
#3350,#3351,#3352),(#3353,#3354,#3355,#3356,#3357,#3358,#3359,#3360,#3361,
#3362,#3363,#3364,#3365,#3366,#3367,#3368,#3369,#3370,#3371,#3372,#3373,
#3374,#3375,#3376,#3377,#3378,#3379,#3380,#3381,#3382,#3383,#3384,#3385,
#3386,#3387,#3388,#3389,#3390,#3391,#3392,#3393,#3394,#3395,#3396,#3397,
#3398,#3399,#3400,#3401,#3402,#3403,#3404,#3405,#3406,#3407,#3408,#3409,
#3410,#3411,#3412,#3413,#3414,#3415,#3416,#3417,#3418,#3419,#3420,#3421,
#3422,#3423)),.UNSPECIFIED.,.F.,.F.,.F.)
B_SPLINE_SURFACE_WITH_KNOTS((2,2),(3,2,2,2,2,2,2,2,2,2,2,2,2,2,2,2,2,2,
2,2,2,2,2,2,2,2,2,2,2,2,2,2,2,2,2,3),(0.,1.00002863628641),(0.,0.025,0.05,
0.075,0.1,0.125,0.15,0.175,0.2,0.225,0.25,0.275,0.3,0.325,0.35,0.375,0.4,
0.425,0.45,0.475,0.5,0.525,0.55,0.575,0.6,0.625,0.65,0.675,0.7,0.725,0.75,
0.775,0.8,0.825,0.85,0.875),.UNSPECIFIED.)
GEOMETRIC_REPRESENTATION_ITEM()
RATIONAL_B_SPLINE_SURFACE(((1.,0.923879532511287,1.,0.923879532511287,1.,
0.923879532511287,1.,0.923879532511287,1.,0.923879532511287,1.,0.923879532511287,
1.,0.923879532511287,1.,0.923879532511287,1.,0.923879532511287,1.,0.923879532511287,
1.,0.923879532511287,1.,0.923879532511287,1.,0.923879532511287,1.,0.923879532511287,
1.,0.923879532511287,1.,0.923879532511287,1.,0.923879532511287,1.,0.923879532511287,
1.,0.923879532511287,1.,0.923879532511287,1.,0.923879532511287,1.,0.923879532511287,
1.,0.923879532511287,1.,0.923879532511287,1.,0.923879532511287,1.,0.923879532511287,
1.,0.923879532511287,1.,0.923879532511287,1.,0.923879532511287,1.,0.923879532511287,
1.,0.923879532511287,1.,0.923879532511287,1.,0.923879532511287,1.,0.923879532511287,
1.,0.923879532511287,1.),(1.,0.923879532511287,1.,0.923879532511287,1.,
0.923879532511287,1.,0.923879532511287,1.,0.923879532511287,1.,0.923879532511287,
1.,0.923879532511287,1.,0.923879532511287,1.,0.923879532511287,1.,0.923879532511287,
1.,0.923879532511287,1.,0.923879532511287,1.,0.923879532511287,1.,0.923879532511287,
1.,0.923879532511287,1.,0.923879532511287,1.,0.923879532511287,1.,0.923879532511287,
1.,0.923879532511287,1.,0.923879532511287,1.,0.923879532511287,1.,0.923879532511287,
1.,0.923879532511287,1.,0.923879532511287,1.,0.923879532511287,1.,0.923879532511287,
1.,0.923879532511287,1.,0.923879532511287,1.,0.923879532511287,1.,0.923879532511287,
1.,0.923879532511287,1.,0.923879532511287,1.,0.923879532511287,1.,0.923879532511287,
1.,0.923879532511287,1.)))
REPRESENTATION_ITEM('')
SURFACE()
);
#123=CONICAL_SURFACE('',#1926,2.5,0.78539816339745);
#124=CONICAL_SURFACE('',#1927,2.5,0.78539816339745);
#125=CONICAL_SURFACE('',#1929,2.5,0.78539816339745);
#126=CONICAL_SURFACE('',#1931,2.5,0.78539816339745);
#127=CONICAL_SURFACE('',#1945,4.,1.0471975511966);
#128=CONICAL_SURFACE('',#1946,4.,1.0471975511966);
#129=CONICAL_SURFACE('',#1947,4.,1.0471975511966);
#130=CONICAL_SURFACE('',#1948,4.,1.0471975511966);
#131=CONICAL_SURFACE('',#1977,1.75,0.785398163397445);
#132=CONICAL_SURFACE('',#1991,1.75,0.785398163397445);
#133=CONICAL_SURFACE('',#1995,2.75,0.785398163397452);
#134=CONICAL_SURFACE('',#1999,1.75,0.785398163397444);
#135=CONICAL_SURFACE('',#2003,2.85,0.785398163397582);
#136=CONICAL_SURFACE('',#2008,2.85,0.7853981633973);
#137=CONICAL_SURFACE('',#2013,2.85,0.785398163397582);
#138=CONICAL_SURFACE('',#2018,2.85,0.785398163397582);
#139=CONICAL_SURFACE('',#2023,47.375,0.785398163397457);
#140=CONICAL_SURFACE('',#2028,47.375,0.785398163397457);
#141=CONICAL_SURFACE('',#2037,12.75,0.785398163397448);
#142=CONICAL_SURFACE('',#2044,14.075,0.785398163397448);
#143=CONICAL_SURFACE('',#2069,2.825,0.785398163397448);
#144=CONICAL_SURFACE('',#2072,2.825,0.785398163397448);
#145=CONICAL_SURFACE('',#2075,2.825,0.785398163397448);
#146=CONICAL_SURFACE('',#2078,2.825,0.785398163397448);
#147=B_SPLINE_CURVE_WITH_KNOTS('',3,(#2704,#2705,#2706,#2707,#2708,#2709,
#2710,#2711,#2712,#2713,#2714,#2715,#2716,#2717,#2718,#2719,#2720,#2721,
#2722,#2723,#2724,#2725,#2726,#2727,#2728,#2729,#2730,#2731),
 .UNSPECIFIED.,.F.,.F.,(4,2,2,2,2,2,2,2,2,2,2,2,2,4),(-1.18125143016223,
-1.17721797244956,-1.07721401696607,-0.980995687443448,-0.880926225215146,
-0.784647928353292,-0.684513060379333,-0.588174474021241,-0.487974288385527,
-0.391575133905514,-0.291309706957932,-0.194849743323776,-0.0945191407622802,
0.),.UNSPECIFIED.);
#148=B_SPLINE_CURVE_WITH_KNOTS('',3,(#2734,#2735,#2736,#2737,#2738,#2739,
#2740,#2741,#2742,#2743,#2744,#2745,#2746,#2747,#2748,#2749,#2750,#2751,
#2752,#2753,#2754,#2755,#2756,#2757,#2758,#2759,#2760,#2761,#2762,#2763,
#2764,#2765),.UNSPECIFIED.,.F.,.F.,(4,2,2,2,2,2,2,2,2,2,2,2,2,2,2,4),(-5.32106532018245,
-5.23660443262911,-5.15136425574597,-5.05521277854398,-4.95593410433166,
-4.85977962899185,-4.76057837786007,-4.66441457422977,-4.56529138019176,
-4.4691116271383,-4.37006706458171,-4.27386448592764,-4.17489905018077,
-4.07866655773416,-3.97978064428771,-3.94153878044311),.UNSPECIFIED.);
#149=B_SPLINE_CURVE_WITH_KNOTS('',3,(#2770,#2771,#2772,#2773,#2774,#2775,
#2776,#2777,#2778,#2779,#2780,#2781,#2782,#2783,#2784,#2785,#2786,#2787,
#2788,#2789,#2790,#2791,#2792,#2793,#2794,#2795,#2796,#2797,#2798,#2799,
#2800,#2801,#2802,#2803,#2804,#2805),.UNSPECIFIED.,.F.,.F.,(4,2,2,2,2,2,
2,2,2,2,2,2,2,2,2,2,2,4),(-2.75105456343338,-2.74252089541279,-2.64304665199518,
-2.5472885880963,-2.44774738901332,-2.35193450846752,-2.25232661289006,
-2.15645792185277,-2.05678356298228,-1.96085819291303,-1.86111757989874,
-1.7651347734456,-1.66532809325066,-1.56928719133232,-1.46941461052601,
-1.3733150405878,-1.27337670704811,-1.18125143016223),.UNSPECIFIED.);
#150=B_SPLINE_CURVE_WITH_KNOTS('',3,(#2806,#2807,#2808,#2809,#2810,#2811,
#2812,#2813,#2814,#2815,#2816,#2817,#2818,#2819,#2820,#2821,#2822,#2823,
#2824,#2825,#2826,#2827,#2828,#2829,#2830,#2831,#2832,#2833,#2834,#2835,
#2836,#2837,#2838,#2839,#2840,#2841),.UNSPECIFIED.,.F.,.F.,(4,2,2,2,2,2,
2,2,2,2,2,2,2,2,2,2,2,4),(-3.94153878044311,-3.88351094542486,-3.7847047565612,
-3.68839050821515,-3.58966424575595,-3.49329807185064,-3.39465169998329,
-3.29822621434669,-3.19965950983894,-3.10316741017851,-3.00467994220728,
-2.90811901975001,-2.80962648534043,-2.71313887545719,-2.61456707027547,
-2.51814560976511,-2.41949411687687,-2.36522106403469),.UNSPECIFIED.);
#151=B_SPLINE_CURVE_WITH_KNOTS('',3,(#2847,#2848,#2849,#2850,#2851,#2852,
#2853,#2854,#2855,#2856,#2857,#2858,#2859,#2860,#2861,#2862,#2863,#2864,
#2865,#2866),.UNSPECIFIED.,.F.,.F.,(4,2,2,2,2,2,2,2,2,4),(-0.788597675462524,
-0.761402009785125,-0.662041616092326,-0.565886665906774,-0.466450272203336,
-0.370286288354677,-0.270774608566127,-0.174596299996638,-0.0869474001949121,
0.),.UNSPECIFIED.);
#152=B_SPLINE_CURVE_WITH_KNOTS('',3,(#2869,#2870,#2871,#2872,#2873,#2874,
#2875,#2876,#2877,#2878,#2879,#2880,#2881,#2882,#2883,#2884,#2885,#2886,
#2887,#2888,#2889,#2890,#2891,#2892),.UNSPECIFIED.,.F.,.F.,(4,2,2,2,2,2,
2,2,2,2,2,4),(-5.29246080045638,-5.23381276336974,-5.17405576482201,-5.07670454659584,
-4.98024261382563,-4.88276080426116,-4.78633188981081,-4.68872008733471,
-4.59232022351685,-4.4945793456905,-4.39820456076592,-4.31614532700823),
 .UNSPECIFIED.);
#153=B_SPLINE_CURVE_WITH_KNOTS('',3,(#2897,#2898,#2899,#2900),
 .UNSPECIFIED.,.F.,.F.,(4,4),(1.14573890426315,1.15428375751858),
 .UNSPECIFIED.);
#154=B_SPLINE_CURVE_WITH_KNOTS('',3,(#2901,#2902,#2903,#2904,#2905,#2906,
#2907,#2908,#2909,#2910),.UNSPECIFIED.,.F.,.F.,(4,2,2,2,4),(1.000001613889E-6,
0.0625267818036376,0.132608784414462,0.239135916219823,0.245650535037047),
 .UNSPECIFIED.);
#155=B_SPLINE_CURVE_WITH_KNOTS('',3,(#2915,#2916,#2917,#2918,#2919,#2920,
#2921,#2922,#2923,#2924,#2925,#2926,#2927,#2928,#2929,#2930,#2931,#2932,
#2933,#2934,#2935,#2936,#2937,#2938,#2939,#2940,#2941,#2942,#2943,#2944),
 .UNSPECIFIED.,.F.,.F.,(4,2,2,2,2,2,2,2,2,2,2,2,2,2,4),(0.388993391920145,
0.454986244797673,0.54528126370639,0.590006947661007,0.67519391123145,0.71932283972153,
0.799387041909814,0.868832053106655,0.93135918401997,0.985114356615941,
1.0332527665677,1.07439133848353,1.1110206665298,1.13881944187126,1.16169881086874),
 .UNSPECIFIED.);
#156=B_SPLINE_CURVE_WITH_KNOTS('',3,(#2945,#2946,#2947,#2948,#2949,#2950,
#2951,#2952,#2953,#2954,#2955,#2956,#2957,#2958,#2959,#2960),
 .UNSPECIFIED.,.F.,.F.,(4,2,2,2,2,2,2,4),(-0.52344104880818,-0.441585104663969,
-0.383907640388269,-0.27123286438527,-0.243847484477545,-0.142093314082766,
-0.0662371768950293,0.),.UNSPECIFIED.);
#157=B_SPLINE_CURVE_WITH_KNOTS('',3,(#2964,#2965,#2966,#2967,#2968,#2969,
#2970,#2971,#2972,#2973,#2974,#2975,#2976,#2977,#2978,#2979),
 .UNSPECIFIED.,.F.,.F.,(4,2,2,2,2,2,2,4),(0.,0.0442639279889433,0.0868786592244274,
0.171670539014247,0.219887464601168,0.267397829664398,0.360412709698495,
0.388993391920145),.UNSPECIFIED.);
#158=B_SPLINE_CURVE_WITH_KNOTS('',3,(#2981,#2982,#2983,#2984,#2985,#2986,
#2987,#2988),.UNSPECIFIED.,.F.,.F.,(4,2,2,4),(0.245650535037047,0.278139076375332,
0.334667038835236,0.394847054449747),.UNSPECIFIED.);
#159=B_SPLINE_CURVE_WITH_KNOTS('',3,(#2990,#2991,#2992,#2993,#2994,#2995,
#2996,#2997,#2998,#2999,#3000,#3001,#3002,#3003,#3004,#3005,#3006,#3007,
#3008,#3009,#3010,#3011,#3012,#3013,#3014,#3015,#3016,#3017,#3018,#3019,
#3020,#3021,#3022,#3023,#3024,#3025,#3026,#3027,#3028,#3029,#3030,#3031),
 .UNSPECIFIED.,.F.,.F.,(4,2,2,2,2,2,2,2,2,2,2,2,2,2,2,2,2,2,2,2,4),(0.,
0.0874250421581832,0.172616821937419,0.220189249025519,0.266697397203835,
0.357744970536235,0.403419778672484,0.448384034113205,0.53642068215004,
0.580229930270914,0.663435156591203,0.70643605157317,0.785052484858348,
0.854058839325805,0.916907015976347,0.971742157636136,1.0214333363087,1.06452305631808,
1.10309981496308,1.13225452553809,1.14573890426315),.UNSPECIFIED.);
#160=B_SPLINE_CURVE_WITH_KNOTS('',3,(#3033,#3034,#3035,#3036,#3037,#3038,
#3039,#3040,#3041,#3042,#3043,#3044,#3045,#3046,#3047,#3048,#3049,#3050,
#3051,#3052,#3053,#3054,#3055,#3056,#3057,#3058,#3059,#3060,#3061,#3062,
#3063,#3064,#3065,#3066,#3067,#3068),.UNSPECIFIED.,.F.,.F.,(4,2,2,2,2,2,
2,2,2,2,2,2,2,2,2,2,2,4),(-4.31614532700823,-4.3003358058098,-4.20398214558299,
-4.10598695435408,-4.00965050200878,-3.91153052107272,-3.81520741509325,
-3.7169644614153,-3.62065091150333,-3.52228693916732,-3.42597924012011,
-3.3274963093761,-3.22822477654688,-3.13262370990729,-3.03328426887441,
-2.93763227779971,-2.83822527712485,-2.75105456343338),.UNSPECIFIED.);
#161=B_SPLINE_CURVE_WITH_KNOTS('',3,(#3069,#3070,#3071,#3072,#3073,#3074,
#3075,#3076,#3077,#3078,#3079,#3080,#3081,#3082,#3083,#3084,#3085,#3086,
#3087,#3088,#3089,#3090,#3091,#3092,#3093,#3094,#3095,#3096,#3097,#3098,
#3099,#3100,#3101,#3102,#3103,#3104),.UNSPECIFIED.,.F.,.F.,(4,2,2,2,2,2,
2,2,2,2,2,2,2,2,2,2,2,4),(-2.36522106403469,-2.32313149605633,-2.22440010487566,
-2.12808893446871,-2.02927762048382,-1.93301049777542,-1.83411940100773,
-1.73788897369865,-1.63891837653018,-1.54271740286924,-1.44366770784046,
-1.34748911180872,-1.24836081993144,-1.15219774049041,-1.05299143054512,
-0.956837264223145,-0.85755357342256,-0.788597675462524),.UNSPECIFIED.);
#162=FACE_OUTER_BOUND('',#274,.T.);
#163=FACE_OUTER_BOUND('',#275,.T.);
#164=FACE_OUTER_BOUND('',#276,.T.);
#165=FACE_OUTER_BOUND('',#277,.T.);
#166=FACE_OUTER_BOUND('',#278,.T.);
#167=FACE_OUTER_BOUND('',#279,.T.);
#168=FACE_OUTER_BOUND('',#280,.T.);
#169=FACE_OUTER_BOUND('',#281,.T.);
#170=FACE_OUTER_BOUND('',#282,.T.);
#171=FACE_OUTER_BOUND('',#283,.T.);
#172=FACE_OUTER_BOUND('',#284,.T.);
#173=FACE_OUTER_BOUND('',#285,.T.);
#174=FACE_OUTER_BOUND('',#286,.T.);
#175=FACE_OUTER_BOUND('',#287,.T.);
#176=FACE_OUTER_BOUND('',#289,.T.);
#177=FACE_OUTER_BOUND('',#290,.T.);
#178=FACE_OUTER_BOUND('',#291,.T.);
#179=FACE_OUTER_BOUND('',#292,.T.);
#180=FACE_OUTER_BOUND('',#293,.T.);
#181=FACE_OUTER_BOUND('',#295,.T.);
#182=FACE_OUTER_BOUND('',#296,.T.);
#183=FACE_OUTER_BOUND('',#297,.T.);
#184=FACE_OUTER_BOUND('',#298,.T.);
#185=FACE_OUTER_BOUND('',#299,.T.);
#186=FACE_OUTER_BOUND('',#300,.T.);
#187=FACE_OUTER_BOUND('',#301,.T.);
#188=FACE_OUTER_BOUND('',#302,.T.);
#189=FACE_OUTER_BOUND('',#303,.T.);
#190=FACE_OUTER_BOUND('',#304,.T.);
#191=FACE_OUTER_BOUND('',#305,.T.);
#192=FACE_OUTER_BOUND('',#306,.T.);
#193=FACE_OUTER_BOUND('',#307,.T.);
#194=FACE_OUTER_BOUND('',#308,.T.);
#195=FACE_OUTER_BOUND('',#309,.T.);
#196=FACE_OUTER_BOUND('',#310,.T.);
#197=FACE_OUTER_BOUND('',#311,.T.);
#198=FACE_OUTER_BOUND('',#312,.T.);
#199=FACE_OUTER_BOUND('',#313,.T.);
#200=FACE_OUTER_BOUND('',#322,.T.);
#201=FACE_OUTER_BOUND('',#323,.T.);
#202=FACE_OUTER_BOUND('',#324,.T.);
#203=FACE_OUTER_BOUND('',#325,.T.);
#204=FACE_OUTER_BOUND('',#326,.T.);
#205=FACE_OUTER_BOUND('',#327,.T.);
#206=FACE_OUTER_BOUND('',#328,.T.);
#207=FACE_OUTER_BOUND('',#329,.T.);
#208=FACE_OUTER_BOUND('',#330,.T.);
#209=FACE_OUTER_BOUND('',#331,.T.);
#210=FACE_OUTER_BOUND('',#332,.T.);
#211=FACE_OUTER_BOUND('',#333,.T.);
#212=FACE_OUTER_BOUND('',#334,.T.);
#213=FACE_OUTER_BOUND('',#335,.T.);
#214=FACE_OUTER_BOUND('',#336,.T.);
#215=FACE_OUTER_BOUND('',#337,.T.);
#216=FACE_OUTER_BOUND('',#338,.T.);
#217=FACE_OUTER_BOUND('',#339,.T.);
#218=FACE_OUTER_BOUND('',#340,.T.);
#219=FACE_OUTER_BOUND('',#346,.T.);
#220=FACE_OUTER_BOUND('',#347,.T.);
#221=FACE_OUTER_BOUND('',#348,.T.);
#222=FACE_OUTER_BOUND('',#349,.T.);
#223=FACE_OUTER_BOUND('',#351,.T.);
#224=FACE_OUTER_BOUND('',#352,.T.);
#225=FACE_OUTER_BOUND('',#353,.T.);
#226=FACE_OUTER_BOUND('',#354,.T.);
#227=FACE_OUTER_BOUND('',#355,.T.);
#228=FACE_OUTER_BOUND('',#356,.T.);
#229=FACE_OUTER_BOUND('',#357,.T.);
#230=FACE_OUTER_BOUND('',#358,.T.);
#231=FACE_OUTER_BOUND('',#359,.T.);
#232=FACE_OUTER_BOUND('',#360,.T.);
#233=FACE_OUTER_BOUND('',#361,.T.);
#234=FACE_OUTER_BOUND('',#362,.T.);
#235=FACE_OUTER_BOUND('',#363,.T.);
#236=FACE_OUTER_BOUND('',#364,.T.);
#237=FACE_OUTER_BOUND('',#365,.T.);
#238=FACE_OUTER_BOUND('',#366,.T.);
#239=FACE_OUTER_BOUND('',#367,.T.);
#240=FACE_OUTER_BOUND('',#368,.T.);
#241=FACE_OUTER_BOUND('',#369,.T.);
#242=FACE_OUTER_BOUND('',#370,.T.);
#243=FACE_OUTER_BOUND('',#371,.T.);
#244=FACE_OUTER_BOUND('',#372,.T.);
#245=FACE_OUTER_BOUND('',#373,.T.);
#246=FACE_OUTER_BOUND('',#374,.T.);
#247=FACE_OUTER_BOUND('',#375,.T.);
#248=FACE_OUTER_BOUND('',#376,.T.);
#249=FACE_OUTER_BOUND('',#377,.T.);
#250=FACE_OUTER_BOUND('',#378,.T.);
#251=FACE_OUTER_BOUND('',#380,.T.);
#252=FACE_OUTER_BOUND('',#381,.T.);
#253=FACE_OUTER_BOUND('',#383,.T.);
#254=FACE_OUTER_BOUND('',#384,.T.);
#255=FACE_OUTER_BOUND('',#386,.T.);
#256=FACE_OUTER_BOUND('',#387,.T.);
#257=FACE_OUTER_BOUND('',#389,.T.);
#258=FACE_OUTER_BOUND('',#390,.T.);
#259=FACE_OUTER_BOUND('',#391,.T.);
#260=FACE_OUTER_BOUND('',#392,.T.);
#261=FACE_OUTER_BOUND('',#393,.T.);
#262=FACE_OUTER_BOUND('',#394,.T.);
#263=FACE_OUTER_BOUND('',#395,.T.);
#264=FACE_OUTER_BOUND('',#396,.T.);
#265=FACE_OUTER_BOUND('',#397,.T.);
#266=FACE_OUTER_BOUND('',#405,.T.);
#267=FACE_OUTER_BOUND('',#406,.T.);
#268=FACE_OUTER_BOUND('',#407,.T.);
#269=FACE_OUTER_BOUND('',#408,.T.);
#270=FACE_OUTER_BOUND('',#409,.T.);
#271=FACE_OUTER_BOUND('',#410,.T.);
#272=FACE_OUTER_BOUND('',#411,.T.);
#273=FACE_OUTER_BOUND('',#412,.T.);
#274=EDGE_LOOP('',(#1240,#1241,#1242,#1243));
#275=EDGE_LOOP('',(#1244,#1245,#1246,#1247));
#276=EDGE_LOOP('',(#1248,#1249,#1250,#1251));
#277=EDGE_LOOP('',(#1252,#1253,#1254,#1255));
#278=EDGE_LOOP('',(#1256,#1257,#1258,#1259));
#279=EDGE_LOOP('',(#1260,#1261,#1262,#1263));
#280=EDGE_LOOP('',(#1264,#1265,#1266,#1267,#1268));
#281=EDGE_LOOP('',(#1269,#1270,#1271));
#282=EDGE_LOOP('',(#1272,#1273,#1274,#1275));
#283=EDGE_LOOP('',(#1276,#1277,#1278,#1279));
#284=EDGE_LOOP('',(#1280,#1281,#1282,#1283,#1284,#1285,#1286,#1287,#1288,
#1289));
#285=EDGE_LOOP('',(#1290,#1291,#1292,#1293));
#286=EDGE_LOOP('',(#1294,#1295,#1296,#1297,#1298,#1299,#1300,#1301,#1302,
#1303,#1304));
#287=EDGE_LOOP('',(#1305,#1306,#1307,#1308));
#288=EDGE_LOOP('',(#1309,#1310));
#289=EDGE_LOOP('',(#1311,#1312,#1313,#1314,#1315));
#290=EDGE_LOOP('',(#1316,#1317,#1318,#1319,#1320));
#291=EDGE_LOOP('',(#1321,#1322,#1323,#1324,#1325));
#292=EDGE_LOOP('',(#1326,#1327,#1328,#1329,#1330));
#293=EDGE_LOOP('',(#1331,#1332,#1333,#1334));
#294=EDGE_LOOP('',(#1335,#1336,#1337));
#295=EDGE_LOOP('',(#1338,#1339,#1340));
#296=EDGE_LOOP('',(#1341,#1342,#1343));
#297=EDGE_LOOP('',(#1344,#1345,#1346));
#298=EDGE_LOOP('',(#1347,#1348,#1349));
#299=EDGE_LOOP('',(#1350,#1351,#1352,#1353));
#300=EDGE_LOOP('',(#1354,#1355,#1356,#1357));
#301=EDGE_LOOP('',(#1358,#1359,#1360,#1361,#1362,#1363));
#302=EDGE_LOOP('',(#1364,#1365,#1366,#1367));
#303=EDGE_LOOP('',(#1368,#1369,#1370,#1371));
#304=EDGE_LOOP('',(#1372,#1373,#1374,#1375));
#305=EDGE_LOOP('',(#1376,#1377,#1378,#1379,#1380,#1381));
#306=EDGE_LOOP('',(#1382,#1383,#1384,#1385));
#307=EDGE_LOOP('',(#1386,#1387,#1388,#1389));
#308=EDGE_LOOP('',(#1390,#1391,#1392,#1393));
#309=EDGE_LOOP('',(#1394,#1395,#1396,#1397));
#310=EDGE_LOOP('',(#1398,#1399,#1400,#1401,#1402,#1403));
#311=EDGE_LOOP('',(#1404,#1405,#1406,#1407));
#312=EDGE_LOOP('',(#1408,#1409,#1410,#1411));
#313=EDGE_LOOP('',(#1412));
#314=EDGE_LOOP('',(#1413));
#315=EDGE_LOOP('',(#1414));
#316=EDGE_LOOP('',(#1415));
#317=EDGE_LOOP('',(#1416));
#318=EDGE_LOOP('',(#1417));
#319=EDGE_LOOP('',(#1418));
#320=EDGE_LOOP('',(#1419));
#321=EDGE_LOOP('',(#1420));
#322=EDGE_LOOP('',(#1421,#1422,#1423,#1424));
#323=EDGE_LOOP('',(#1425,#1426,#1427,#1428));
#324=EDGE_LOOP('',(#1429,#1430,#1431,#1432));
#325=EDGE_LOOP('',(#1433,#1434,#1435,#1436));
#326=EDGE_LOOP('',(#1437,#1438,#1439,#1440));
#327=EDGE_LOOP('',(#1441,#1442,#1443,#1444));
#328=EDGE_LOOP('',(#1445,#1446,#1447,#1448));
#329=EDGE_LOOP('',(#1449,#1450,#1451,#1452));
#330=EDGE_LOOP('',(#1453,#1454,#1455,#1456,#1457));
#331=EDGE_LOOP('',(#1458,#1459,#1460,#1461));
#332=EDGE_LOOP('',(#1462,#1463,#1464,#1465,#1466));
#333=EDGE_LOOP('',(#1467,#1468,#1469,#1470));
#334=EDGE_LOOP('',(#1471,#1472,#1473,#1474,#1475));
#335=EDGE_LOOP('',(#1476,#1477,#1478,#1479));
#336=EDGE_LOOP('',(#1480,#1481,#1482,#1483,#1484));
#337=EDGE_LOOP('',(#1485,#1486,#1487,#1488));
#338=EDGE_LOOP('',(#1489,#1490,#1491,#1492,#1493));
#339=EDGE_LOOP('',(#1494,#1495,#1496,#1497,#1498));
#340=EDGE_LOOP('',(#1499));
#341=EDGE_LOOP('',(#1500));
#342=EDGE_LOOP('',(#1501,#1502,#1503,#1504));
#343=EDGE_LOOP('',(#1505,#1506,#1507,#1508));
#344=EDGE_LOOP('',(#1509,#1510,#1511,#1512));
#345=EDGE_LOOP('',(#1513,#1514,#1515,#1516));
#346=EDGE_LOOP('',(#1517,#1518,#1519,#1520));
#347=EDGE_LOOP('',(#1521,#1522,#1523,#1524));
#348=EDGE_LOOP('',(#1525,#1526,#1527,#1528));
#349=EDGE_LOOP('',(#1529));
#350=EDGE_LOOP('',(#1530));
#351=EDGE_LOOP('',(#1531,#1532,#1533,#1534));
#352=EDGE_LOOP('',(#1535,#1536,#1537,#1538));
#353=EDGE_LOOP('',(#1539,#1540,#1541,#1542));
#354=EDGE_LOOP('',(#1543,#1544,#1545,#1546));
#355=EDGE_LOOP('',(#1547,#1548,#1549,#1550));
#356=EDGE_LOOP('',(#1551,#1552,#1553,#1554));
#357=EDGE_LOOP('',(#1555,#1556,#1557,#1558));
#358=EDGE_LOOP('',(#1559,#1560,#1561,#1562));
#359=EDGE_LOOP('',(#1563,#1564,#1565,#1566));
#360=EDGE_LOOP('',(#1567,#1568,#1569,#1570));
#361=EDGE_LOOP('',(#1571,#1572,#1573,#1574));
#362=EDGE_LOOP('',(#1575,#1576,#1577,#1578));
#363=EDGE_LOOP('',(#1579,#1580,#1581,#1582));
#364=EDGE_LOOP('',(#1583,#1584,#1585,#1586));
#365=EDGE_LOOP('',(#1587,#1588,#1589,#1590));
#366=EDGE_LOOP('',(#1591,#1592,#1593,#1594));
#367=EDGE_LOOP('',(#1595,#1596,#1597,#1598));
#368=EDGE_LOOP('',(#1599,#1600,#1601,#1602));
#369=EDGE_LOOP('',(#1603,#1604,#1605,#1606));
#370=EDGE_LOOP('',(#1607,#1608,#1609,#1610));
#371=EDGE_LOOP('',(#1611,#1612,#1613,#1614));
#372=EDGE_LOOP('',(#1615,#1616,#1617,#1618));
#373=EDGE_LOOP('',(#1619,#1620,#1621,#1622));
#374=EDGE_LOOP('',(#1623,#1624,#1625,#1626));
#375=EDGE_LOOP('',(#1627,#1628,#1629,#1630));
#376=EDGE_LOOP('',(#1631,#1632,#1633,#1634));
#377=EDGE_LOOP('',(#1635,#1636,#1637,#1638,#1639));
#378=EDGE_LOOP('',(#1640,#1641,#1642,#1643));
#379=EDGE_LOOP('',(#1644));
#380=EDGE_LOOP('',(#1645,#1646,#1647,#1648,#1649));
#381=EDGE_LOOP('',(#1650,#1651,#1652,#1653));
#382=EDGE_LOOP('',(#1654));
#383=EDGE_LOOP('',(#1655,#1656,#1657,#1658,#1659));
#384=EDGE_LOOP('',(#1660,#1661,#1662,#1663));
#385=EDGE_LOOP('',(#1664));
#386=EDGE_LOOP('',(#1665,#1666,#1667,#1668,#1669));
#387=EDGE_LOOP('',(#1670,#1671,#1672,#1673));
#388=EDGE_LOOP('',(#1674));
#389=EDGE_LOOP('',(#1675,#1676,#1677,#1678));
#390=EDGE_LOOP('',(#1679,#1680,#1681,#1682));
#391=EDGE_LOOP('',(#1683,#1684,#1685,#1686));
#392=EDGE_LOOP('',(#1687,#1688,#1689,#1690));
#393=EDGE_LOOP('',(#1691,#1692,#1693,#1694));
#394=EDGE_LOOP('',(#1695,#1696,#1697,#1698));
#395=EDGE_LOOP('',(#1699,#1700,#1701,#1702));
#396=EDGE_LOOP('',(#1703,#1704,#1705,#1706));
#397=EDGE_LOOP('',(#1707));
#398=EDGE_LOOP('',(#1708,#1709,#1710,#1711,#1712,#1713));
#399=EDGE_LOOP('',(#1714,#1715,#1716,#1717,#1718,#1719));
#400=EDGE_LOOP('',(#1720));
#401=EDGE_LOOP('',(#1721));
#402=EDGE_LOOP('',(#1722));
#403=EDGE_LOOP('',(#1723));
#404=EDGE_LOOP('',(#1724,#1725,#1726,#1727,#1728,#1729));
#405=EDGE_LOOP('',(#1730,#1731,#1732,#1733));
#406=EDGE_LOOP('',(#1734,#1735,#1736,#1737));
#407=EDGE_LOOP('',(#1738,#1739,#1740,#1741));
#408=EDGE_LOOP('',(#1742,#1743,#1744,#1745));
#409=EDGE_LOOP('',(#1746,#1747,#1748,#1749));
#410=EDGE_LOOP('',(#1750,#1751,#1752,#1753));
#411=EDGE_LOOP('',(#1754,#1755,#1756,#1757));
#412=EDGE_LOOP('',(#1758,#1759,#1760,#1761));
#413=CIRCLE('',#1918,1.98038475772933);
#414=CIRCLE('',#1920,1.98038475772967);
#415=CIRCLE('',#1922,2.5);
#416=CIRCLE('',#1925,2.5);
#417=CIRCLE('',#1928,2.5);
#418=CIRCLE('',#1930,2.5);
#419=CIRCLE('',#1932,2.5);
#420=CIRCLE('',#1936,4.);
#421=CIRCLE('',#1937,4.);
#422=CIRCLE('',#1938,4.);
#423=CIRCLE('',#1939,4.);
#424=CIRCLE('',#1950,0.25);
#425=CIRCLE('',#1951,0.25);
#426=CIRCLE('',#1954,12.55);
#427=CIRCLE('',#1955,0.25);
#428=CIRCLE('',#1957,0.25);
#429=CIRCLE('',#1959,0.25);
#430=CIRCLE('',#1960,0.25);
#431=CIRCLE('',#1963,0.25);
#432=CIRCLE('',#1964,12.55);
#433=CIRCLE('',#1966,0.25);
#434=CIRCLE('',#1969,0.25);
#435=CIRCLE('',#1970,0.25);
#436=CIRCLE('',#1973,12.55);
#437=CIRCLE('',#1974,0.25);
#438=CIRCLE('',#1976,0.25);
#439=CIRCLE('',#1978,1.9);
#440=CIRCLE('',#1979,1.6);
#441=CIRCLE('',#1981,47.25);
#442=CIRCLE('',#1982,1.9);
#443=CIRCLE('',#1983,1.9);
#444=CIRCLE('',#1984,3.);
#445=CIRCLE('',#1985,3.);
#446=CIRCLE('',#1986,3.);
#447=CIRCLE('',#1987,3.);
#448=CIRCLE('',#1988,2.9);
#449=CIRCLE('',#1990,1.6);
#450=CIRCLE('',#1992,1.6);
#451=CIRCLE('',#1994,1.6);
#452=CIRCLE('',#1996,2.6);
#453=CIRCLE('',#1998,2.6);
#454=CIRCLE('',#2000,1.6);
#455=CIRCLE('',#2002,1.6);
#456=CIRCLE('',#2004,2.7);
#457=CIRCLE('',#2006,2.7);
#458=CIRCLE('',#2007,2.7);
#459=CIRCLE('',#2009,2.7);
#460=CIRCLE('',#2011,2.7);
#461=CIRCLE('',#2012,2.7);
#462=CIRCLE('',#2014,2.7);
#463=CIRCLE('',#2016,2.7);
#464=CIRCLE('',#2017,2.7);
#465=CIRCLE('',#2019,2.7);
#466=CIRCLE('',#2021,2.7);
#467=CIRCLE('',#2022,2.7);
#468=CIRCLE('',#2024,47.5);
#469=CIRCLE('',#2026,47.5);
#470=CIRCLE('',#2027,47.5);
#471=CIRCLE('',#2029,47.25);
#472=CIRCLE('',#2031,14.7);
#473=CIRCLE('',#2033,14.2);
#474=CIRCLE('',#2034,0.5);
#475=CIRCLE('',#2036,14.2);
#476=CIRCLE('',#2038,12.875);
#477=CIRCLE('',#2039,12.625);
#478=CIRCLE('',#2041,13.95);
#479=CIRCLE('',#2043,12.625);
#480=CIRCLE('',#2070,2.95);
#481=CIRCLE('',#2073,2.95);
#482=CIRCLE('',#2076,2.95);
#483=CIRCLE('',#2079,2.95);
#484=CIRCLE('',#2090,12.55);
#485=CIRCLE('',#2091,12.55);
#486=CIRCLE('',#2092,12.55);
#487=(
BOUNDED_CURVE()
B_SPLINE_CURVE(2,(#2650,#2651,#2652,#2653,#2654,#2655,#2656),
 .UNSPECIFIED.,.F.,.F.)
B_SPLINE_CURVE_WITH_KNOTS((3,2,2,3),(0.230091363044872,0.25,0.275,0.3),
 .UNSPECIFIED.)
CURVE()
GEOMETRIC_REPRESENTATION_ITEM()
RATIONAL_B_SPLINE_CURVE((0.975309662972947,0.939381809916505,1.,0.923879532511287,
1.,0.923879532511287,1.))
REPRESENTATION_ITEM('')
);
#488=(
BOUNDED_CURVE()
B_SPLINE_CURVE(2,(#2659,#2660,#2661,#2662,#2663,#2664,#2665,#2666,#2667),
 .UNSPECIFIED.,.F.,.F.)
B_SPLINE_CURVE_WITH_KNOTS((3,2,2,2,3),(0.205091363044872,0.225,0.25,0.275,
0.3),.UNSPECIFIED.)
CURVE()
GEOMETRIC_REPRESENTATION_ITEM()
RATIONAL_B_SPLINE_CURVE((0.975309662972947,0.939381809916505,1.,0.923879532511287,
1.,0.923879532511287,1.,0.923879532511287,1.))
REPRESENTATION_ITEM('')
);
#489=(
BOUNDED_CURVE()
B_SPLINE_CURVE(2,(#2673,#2674,#2675,#2676,#2677,#2678,#2679,#2680,#2681,
#2682,#2683),.UNSPECIFIED.,.F.,.F.)
B_SPLINE_CURVE_WITH_KNOTS((3,2,2,2,2,3),(0.5,0.525,0.55,0.575,0.6,0.619908636955128),
 .UNSPECIFIED.)
CURVE()
GEOMETRIC_REPRESENTATION_ITEM()
RATIONAL_B_SPLINE_CURVE((1.,0.923879532511287,1.,0.923879532511287,1.,0.923879532511287,
1.,0.923879532511287,1.,0.939381809916503,0.975309662972949))
REPRESENTATION_ITEM('')
);
#490=(
BOUNDED_CURVE()
B_SPLINE_CURVE(2,(#2686,#2687,#2688,#2689,#2690,#2691,#2692,#2693,#2694,
#2695,#2696,#2697,#2698),.UNSPECIFIED.,.F.,.F.)
B_SPLINE_CURVE_WITH_KNOTS((3,2,2,2,2,2,3),(0.5,0.525,0.55,0.575,0.6,0.625,
0.644908636955128),.UNSPECIFIED.)
CURVE()
GEOMETRIC_REPRESENTATION_ITEM()
RATIONAL_B_SPLINE_CURVE((1.,0.923879532511287,1.,0.923879532511287,1.,0.923879532511287,
1.,0.923879532511287,1.,0.923879532511287,1.,0.939381809916504,0.975309662972948))
REPRESENTATION_ITEM('')
);
#491=(
BOUNDED_CURVE()
B_SPLINE_CURVE(2,(#3247,#3248,#3249,#3250,#3251,#3252,#3253,#3254,#3255,
#3256,#3257,#3258,#3259,#3260,#3261,#3262,#3263),.UNSPECIFIED.,.F.,.F.)
B_SPLINE_CURVE_WITH_KNOTS((3,2,2,2,2,2,2,2,3),(0.3,0.325,0.35,0.375,0.4,
0.425,0.45,0.475,0.5),.UNSPECIFIED.)
CURVE()
GEOMETRIC_REPRESENTATION_ITEM()
RATIONAL_B_SPLINE_CURVE((1.,0.923879532511287,1.,0.923879532511287,1.,0.923879532511287,
1.,0.923879532511287,1.,0.923879532511287,1.,0.923879532511287,1.,0.923879532511287,
1.,0.923879532511287,1.))
REPRESENTATION_ITEM('')
);
#492=(
BOUNDED_CURVE()
B_SPLINE_CURVE(2,(#3265,#3266,#3267,#3268,#3269,#3270,#3271,#3272,#3273,
#3274,#3275,#3276,#3277,#3278,#3279,#3280,#3281),.UNSPECIFIED.,.F.,.F.)
B_SPLINE_CURVE_WITH_KNOTS((3,2,2,2,2,2,2,2,3),(0.3,0.325,0.35,0.375,0.4,
0.425,0.45,0.475,0.5),.UNSPECIFIED.)
CURVE()
GEOMETRIC_REPRESENTATION_ITEM()
RATIONAL_B_SPLINE_CURVE((1.,0.923879532511287,1.,0.923879532511287,1.,0.923879532511287,
1.,0.923879532511287,1.,0.923879532511287,1.,0.923879532511287,1.,0.923879532511287,
1.,0.923879532511287,1.))
REPRESENTATION_ITEM('')
);
#493=(
BOUNDED_CURVE()
B_SPLINE_CURVE(2,(#3435,#3436,#3437),.UNSPECIFIED.,.F.,.F.)
B_SPLINE_CURVE_WITH_KNOTS((3,3),(0.390165548404786,1.02970240314394),
 .UNSPECIFIED.)
CURVE()
GEOMETRIC_REPRESENTATION_ITEM()
RATIONAL_B_SPLINE_CURVE((1.49205813981942,1.80107349850061,1.80107349850061))
REPRESENTATION_ITEM('')
);
#494=(
BOUNDED_CURVE()
B_SPLINE_CURVE(2,(#3444,#3445,#3446),.UNSPECIFIED.,.F.,.F.)
B_SPLINE_CURVE_WITH_KNOTS((3,3),(1.02970240314394,1.66923925788308),
 .UNSPECIFIED.)
CURVE()
GEOMETRIC_REPRESENTATION_ITEM()
RATIONAL_B_SPLINE_CURVE((1.80107349850061,1.80107349850061,1.49205813981942))
REPRESENTATION_ITEM('')
);
#495=(
BOUNDED_CURVE()
B_SPLINE_CURVE(2,(#3448,#3449,#3450),.UNSPECIFIED.,.F.,.F.)
B_SPLINE_CURVE_WITH_KNOTS((3,3),(0.390165548404786,1.02970240314394),
 .UNSPECIFIED.)
CURVE()
GEOMETRIC_REPRESENTATION_ITEM()
RATIONAL_B_SPLINE_CURVE((1.49205813981942,1.80107349850061,1.80107349850061))
REPRESENTATION_ITEM('')
);
#496=(
BOUNDED_CURVE()
B_SPLINE_CURVE(2,(#3455,#3456,#3457),.UNSPECIFIED.,.F.,.F.)
B_SPLINE_CURVE_WITH_KNOTS((3,3),(1.02970240314394,1.66923925788308),
 .UNSPECIFIED.)
CURVE()
GEOMETRIC_REPRESENTATION_ITEM()
RATIONAL_B_SPLINE_CURVE((1.80107349850061,1.80107349850061,1.49205813981942))
REPRESENTATION_ITEM('')
);
#497=(
BOUNDED_CURVE()
B_SPLINE_CURVE(2,(#3459,#3460,#3461),.UNSPECIFIED.,.F.,.F.)
B_SPLINE_CURVE_WITH_KNOTS((3,3),(0.390165548404786,1.02970240314394),
 .UNSPECIFIED.)
CURVE()
GEOMETRIC_REPRESENTATION_ITEM()
RATIONAL_B_SPLINE_CURVE((1.49205813981942,1.80107349850061,1.80107349850061))
REPRESENTATION_ITEM('')
);
#498=(
BOUNDED_CURVE()
B_SPLINE_CURVE(2,(#3466,#3467,#3468),.UNSPECIFIED.,.F.,.F.)
B_SPLINE_CURVE_WITH_KNOTS((3,3),(1.02970240314394,1.66923925788308),
 .UNSPECIFIED.)
CURVE()
GEOMETRIC_REPRESENTATION_ITEM()
RATIONAL_B_SPLINE_CURVE((1.80107349850061,1.80107349850061,1.49205813981942))
REPRESENTATION_ITEM('')
);
#499=(
BOUNDED_CURVE()
B_SPLINE_CURVE(2,(#3470,#3471,#3472),.UNSPECIFIED.,.F.,.F.)
B_SPLINE_CURVE_WITH_KNOTS((3,3),(0.390165548404786,1.02970240314394),
 .UNSPECIFIED.)
CURVE()
GEOMETRIC_REPRESENTATION_ITEM()
RATIONAL_B_SPLINE_CURVE((1.49205813981942,1.80107349850061,1.80107349850061))
REPRESENTATION_ITEM('')
);
#500=(
BOUNDED_CURVE()
B_SPLINE_CURVE(2,(#3474,#3475,#3476),.UNSPECIFIED.,.F.,.F.)
B_SPLINE_CURVE_WITH_KNOTS((3,3),(1.02970240314394,1.66923925788308),
 .UNSPECIFIED.)
CURVE()
GEOMETRIC_REPRESENTATION_ITEM()
RATIONAL_B_SPLINE_CURVE((1.80107349850061,1.80107349850061,1.49205813981942))
REPRESENTATION_ITEM('')
);
#501=LINE('',#2648,#659);
#502=LINE('',#2671,#660);
#503=LINE('',#2702,#661);
#504=LINE('',#2769,#662);
#505=LINE('',#2845,#663);
#506=LINE('',#2896,#664);
#507=LINE('',#2914,#665);
#508=LINE('',#3439,#666);
#509=LINE('',#3441,#667);
#510=LINE('',#3443,#668);
#511=LINE('',#3452,#669);
#512=LINE('',#3454,#670);
#513=LINE('',#3463,#671);
#514=LINE('',#3465,#672);
#515=LINE('',#3473,#673);
#516=LINE('',#3487,#674);
#517=LINE('',#3490,#675);
#518=LINE('',#3493,#676);
#519=LINE('',#3495,#677);
#520=LINE('',#3496,#678);
#521=LINE('',#3499,#679);
#522=LINE('',#3503,#680);
#523=LINE('',#3507,#681);
#524=LINE('',#3514,#682);
#525=LINE('',#3517,#683);
#526=LINE('',#3520,#684);
#527=LINE('',#3522,#685);
#528=LINE('',#3523,#686);
#529=LINE('',#3526,#687);
#530=LINE('',#3530,#688);
#531=LINE('',#3534,#689);
#532=LINE('',#3537,#690);
#533=LINE('',#3540,#691);
#534=LINE('',#3541,#692);
#535=LINE('',#3547,#693);
#536=LINE('',#3550,#694);
#537=LINE('',#3553,#695);
#538=LINE('',#3555,#696);
#539=LINE('',#3556,#697);
#540=LINE('',#3559,#698);
#541=LINE('',#3563,#699);
#542=LINE('',#3567,#700);
#543=LINE('',#3573,#701);
#544=LINE('',#3594,#702);
#545=LINE('',#3598,#703);
#546=LINE('',#3602,#704);
#547=LINE('',#3606,#705);
#548=LINE('',#3610,#706);
#549=LINE('',#3614,#707);
#550=LINE('',#3618,#708);
#551=LINE('',#3622,#709);
#552=LINE('',#3626,#710);
#553=LINE('',#3632,#711);
#554=LINE('',#3636,#712);
#555=LINE('',#3642,#713);
#556=LINE('',#3646,#714);
#557=LINE('',#3652,#715);
#558=LINE('',#3656,#716);
#559=LINE('',#3662,#717);
#560=LINE('',#3666,#718);
#561=LINE('',#3673,#719);
#562=LINE('',#3679,#720);
#563=LINE('',#3681,#721);
#564=LINE('',#3683,#722);
#565=LINE('',#3684,#723);
#566=LINE('',#3687,#724);
#567=LINE('',#3689,#725);
#568=LINE('',#3691,#726);
#569=LINE('',#3692,#727);
#570=LINE('',#3695,#728);
#571=LINE('',#3697,#729);
#572=LINE('',#3699,#730);
#573=LINE('',#3700,#731);
#574=LINE('',#3703,#732);
#575=LINE('',#3705,#733);
#576=LINE('',#3707,#734);
#577=LINE('',#3708,#735);
#578=LINE('',#3716,#736);
#579=LINE('',#3721,#737);
#580=LINE('',#3728,#738);
#581=LINE('',#3731,#739);
#582=LINE('',#3734,#740);
#583=LINE('',#3736,#741);
#584=LINE('',#3737,#742);
#585=LINE('',#3740,#743);
#586=LINE('',#3741,#744);
#587=LINE('',#3744,#745);
#588=LINE('',#3745,#746);
#589=LINE('',#3747,#747);
#590=LINE('',#3750,#748);
#591=LINE('',#3752,#749);
#592=LINE('',#3753,#750);
#593=LINE('',#3756,#751);
#594=LINE('',#3757,#752);
#595=LINE('',#3760,#753);
#596=LINE('',#3762,#754);
#597=LINE('',#3763,#755);
#598=LINE('',#3766,#756);
#599=LINE('',#3768,#757);
#600=LINE('',#3769,#758);
#601=LINE('',#3771,#759);
#602=LINE('',#3773,#760);
#603=LINE('',#3776,#761);
#604=LINE('',#3778,#762);
#605=LINE('',#3779,#763);
#606=LINE('',#3782,#764);
#607=LINE('',#3783,#765);
#608=LINE('',#3786,#766);
#609=LINE('',#3788,#767);
#610=LINE('',#3789,#768);
#611=LINE('',#3792,#769);
#612=LINE('',#3793,#770);
#613=LINE('',#3796,#771);
#614=LINE('',#3797,#772);
#615=LINE('',#3799,#773);
#616=LINE('',#3802,#774);
#617=LINE('',#3804,#775);
#618=LINE('',#3805,#776);
#619=LINE('',#3808,#777);
#620=LINE('',#3809,#778);
#621=LINE('',#3812,#779);
#622=LINE('',#3814,#780);
#623=LINE('',#3815,#781);
#624=LINE('',#3818,#782);
#625=LINE('',#3819,#783);
#626=LINE('',#3822,#784);
#627=LINE('',#3823,#785);
#628=LINE('',#3825,#786);
#629=LINE('',#3828,#787);
#630=LINE('',#3830,#788);
#631=LINE('',#3831,#789);
#632=LINE('',#3834,#790);
#633=LINE('',#3835,#791);
#634=LINE('',#3838,#792);
#635=LINE('',#3842,#793);
#636=LINE('',#3843,#794);
#637=LINE('',#3846,#795);
#638=LINE('',#3850,#796);
#639=LINE('',#3851,#797);
#640=LINE('',#3854,#798);
#641=LINE('',#3858,#799);
#642=LINE('',#3859,#800);
#643=LINE('',#3862,#801);
#644=LINE('',#3866,#802);
#645=LINE('',#3867,#803);
#646=LINE('',#3869,#804);
#647=LINE('',#3872,#805);
#648=LINE('',#3875,#806);
#649=LINE('',#3878,#807);
#650=LINE('',#3882,#808);
#651=LINE('',#3884,#809);
#652=LINE('',#3886,#810);
#653=LINE('',#3889,#811);
#654=LINE('',#3891,#812);
#655=LINE('',#3894,#813);
#656=LINE('',#3896,#814);
#657=LINE('',#3899,#815);
#658=LINE('',#3901,#816);
#659=VECTOR('',#2111,1.98038475772933);
#660=VECTOR('',#2116,1.98038475772933);
#661=VECTOR('',#2121,2.5);
#662=VECTOR('',#2126,2.5);
#663=VECTOR('',#2129,2.5);
#664=VECTOR('',#2134,2.5);
#665=VECTOR('',#2137,2.5);
#666=VECTOR('',#2164,1000.);
#667=VECTOR('',#2165,1000.);
#668=VECTOR('',#2166,1000.);
#669=VECTOR('',#2169,1000.);
#670=VECTOR('',#2170,1000.);
#671=VECTOR('',#2173,1000.);
#672=VECTOR('',#2174,1000.);
#673=VECTOR('',#2177,1000.);
#674=VECTOR('',#2192,10.);
#675=VECTOR('',#2195,10.);
#676=VECTOR('',#2198,10.);
#677=VECTOR('',#2199,10.);
#678=VECTOR('',#2200,10.);
#679=VECTOR('',#2203,10.);
#680=VECTOR('',#2206,10.);
#681=VECTOR('',#2211,10.);
#682=VECTOR('',#2218,10.);
#683=VECTOR('',#2221,10.);
#684=VECTOR('',#2224,10.);
#685=VECTOR('',#2225,10.);
#686=VECTOR('',#2226,10.);
#687=VECTOR('',#2229,10.);
#688=VECTOR('',#2232,10.);
#689=VECTOR('',#2237,10.);
#690=VECTOR('',#2240,10.);
#691=VECTOR('',#2243,10.);
#692=VECTOR('',#2244,10.);
#693=VECTOR('',#2249,10.);
#694=VECTOR('',#2252,10.);
#695=VECTOR('',#2255,10.);
#696=VECTOR('',#2256,10.);
#697=VECTOR('',#2257,10.);
#698=VECTOR('',#2260,10.);
#699=VECTOR('',#2263,10.);
#700=VECTOR('',#2268,10.);
#701=VECTOR('',#2275,1.75);
#702=VECTOR('',#2298,1.6);
#703=VECTOR('',#2303,1.75);
#704=VECTOR('',#2308,1.6);
#705=VECTOR('',#2313,2.75);
#706=VECTOR('',#2318,2.6);
#707=VECTOR('',#2323,1.75);
#708=VECTOR('',#2328,1.6);
#709=VECTOR('',#2333,2.85);
#710=VECTOR('',#2338,2.7);
#711=VECTOR('',#2345,2.85);
#712=VECTOR('',#2350,2.7);
#713=VECTOR('',#2357,2.85);
#714=VECTOR('',#2362,2.7);
#715=VECTOR('',#2369,2.85);
#716=VECTOR('',#2374,2.7);
#717=VECTOR('',#2381,47.375);
#718=VECTOR('',#2386,47.5);
#719=VECTOR('',#2395,47.375);
#720=VECTOR('',#2400,10.);
#721=VECTOR('',#2401,10.);
#722=VECTOR('',#2402,10.);
#723=VECTOR('',#2403,10.);
#724=VECTOR('',#2404,10.);
#725=VECTOR('',#2405,10.);
#726=VECTOR('',#2406,10.);
#727=VECTOR('',#2407,10.);
#728=VECTOR('',#2408,10.);
#729=VECTOR('',#2409,10.);
#730=VECTOR('',#2410,10.);
#731=VECTOR('',#2411,10.);
#732=VECTOR('',#2412,10.);
#733=VECTOR('',#2413,10.);
#734=VECTOR('',#2414,10.);
#735=VECTOR('',#2415,10.);
#736=VECTOR('',#2426,14.2);
#737=VECTOR('',#2431,12.75);
#738=VECTOR('',#2440,12.625);
#739=VECTOR('',#2445,14.075);
#740=VECTOR('',#2448,10.);
#741=VECTOR('',#2449,10.);
#742=VECTOR('',#2450,10.);
#743=VECTOR('',#2453,10.);
#744=VECTOR('',#2454,10.);
#745=VECTOR('',#2457,10.);
#746=VECTOR('',#2458,10.);
#747=VECTOR('',#2461,10.);
#748=VECTOR('',#2464,10.);
#749=VECTOR('',#2465,10.);
#750=VECTOR('',#2466,10.);
#751=VECTOR('',#2469,10.);
#752=VECTOR('',#2470,10.);
#753=VECTOR('',#2473,10.);
#754=VECTOR('',#2474,10.);
#755=VECTOR('',#2475,10.);
#756=VECTOR('',#2478,10.);
#757=VECTOR('',#2479,10.);
#758=VECTOR('',#2480,10.);
#759=VECTOR('',#2483,10.);
#760=VECTOR('',#2486,10.);
#761=VECTOR('',#2489,10.);
#762=VECTOR('',#2490,10.);
#763=VECTOR('',#2491,10.);
#764=VECTOR('',#2494,10.);
#765=VECTOR('',#2495,10.);
#766=VECTOR('',#2498,10.);
#767=VECTOR('',#2499,10.);
#768=VECTOR('',#2500,10.);
#769=VECTOR('',#2503,10.);
#770=VECTOR('',#2504,10.);
#771=VECTOR('',#2507,10.);
#772=VECTOR('',#2508,10.);
#773=VECTOR('',#2511,10.);
#774=VECTOR('',#2514,10.);
#775=VECTOR('',#2515,10.);
#776=VECTOR('',#2516,10.);
#777=VECTOR('',#2519,10.);
#778=VECTOR('',#2520,10.);
#779=VECTOR('',#2523,10.);
#780=VECTOR('',#2524,10.);
#781=VECTOR('',#2525,10.);
#782=VECTOR('',#2528,10.);
#783=VECTOR('',#2529,10.);
#784=VECTOR('',#2532,10.);
#785=VECTOR('',#2533,10.);
#786=VECTOR('',#2536,10.);
#787=VECTOR('',#2539,10.);
#788=VECTOR('',#2540,10.);
#789=VECTOR('',#2541,10.);
#790=VECTOR('',#2544,10.);
#791=VECTOR('',#2545,10.);
#792=VECTOR('',#2548,2.825);
#793=VECTOR('',#2553,10.);
#794=VECTOR('',#2554,10.);
#795=VECTOR('',#2557,2.825);
#796=VECTOR('',#2562,10.);
#797=VECTOR('',#2563,10.);
#798=VECTOR('',#2566,2.825);
#799=VECTOR('',#2571,10.);
#800=VECTOR('',#2572,10.);
#801=VECTOR('',#2575,2.825);
#802=VECTOR('',#2580,10.);
#803=VECTOR('',#2581,10.);
#804=VECTOR('',#2584,10.);
#805=VECTOR('',#2589,10.);
#806=VECTOR('',#2594,10.);
#807=VECTOR('',#2599,10.);
#808=VECTOR('',#2604,10.);
#809=VECTOR('',#2605,10.);
#810=VECTOR('',#2608,10.);
#811=VECTOR('',#2611,10.);
#812=VECTOR('',#2612,10.);
#813=VECTOR('',#2617,10.);
#814=VECTOR('',#2620,10.);
#815=VECTOR('',#2625,10.);
#816=VECTOR('',#2628,10.);
#817=VERTEX_POINT('',#2646);
#818=VERTEX_POINT('',#2647);
#819=VERTEX_POINT('',#2649);
#820=VERTEX_POINT('',#2657);
#821=VERTEX_POINT('',#2669);
#822=VERTEX_POINT('',#2670);
#823=VERTEX_POINT('',#2672);
#824=VERTEX_POINT('',#2684);
#825=VERTEX_POINT('',#2700);
#826=VERTEX_POINT('',#2701);
#827=VERTEX_POINT('',#2703);
#828=VERTEX_POINT('',#2732);
#829=VERTEX_POINT('',#2767);
#830=VERTEX_POINT('',#2768);
#831=VERTEX_POINT('',#2843);
#832=VERTEX_POINT('',#2844);
#833=VERTEX_POINT('',#2846);
#834=VERTEX_POINT('',#2867);
#835=VERTEX_POINT('',#2894);
#836=VERTEX_POINT('',#2895);
#837=VERTEX_POINT('',#2912);
#838=VERTEX_POINT('',#2913);
#839=VERTEX_POINT('',#3425);
#840=VERTEX_POINT('',#3426);
#841=VERTEX_POINT('',#3428);
#842=VERTEX_POINT('',#3430);
#843=VERTEX_POINT('',#3434);
#844=VERTEX_POINT('',#3438);
#845=VERTEX_POINT('',#3440);
#846=VERTEX_POINT('',#3442);
#847=VERTEX_POINT('',#3451);
#848=VERTEX_POINT('',#3453);
#849=VERTEX_POINT('',#3462);
#850=VERTEX_POINT('',#3464);
#851=VERTEX_POINT('',#3483);
#852=VERTEX_POINT('',#3484);
#853=VERTEX_POINT('',#3486);
#854=VERTEX_POINT('',#3488);
#855=VERTEX_POINT('',#3492);
#856=VERTEX_POINT('',#3494);
#857=VERTEX_POINT('',#3498);
#858=VERTEX_POINT('',#3500);
#859=VERTEX_POINT('',#3502);
#860=VERTEX_POINT('',#3506);
#861=VERTEX_POINT('',#3510);
#862=VERTEX_POINT('',#3511);
#863=VERTEX_POINT('',#3513);
#864=VERTEX_POINT('',#3515);
#865=VERTEX_POINT('',#3519);
#866=VERTEX_POINT('',#3521);
#867=VERTEX_POINT('',#3525);
#868=VERTEX_POINT('',#3527);
#869=VERTEX_POINT('',#3529);
#870=VERTEX_POINT('',#3533);
#871=VERTEX_POINT('',#3535);
#872=VERTEX_POINT('',#3539);
#873=VERTEX_POINT('',#3543);
#874=VERTEX_POINT('',#3544);
#875=VERTEX_POINT('',#3546);
#876=VERTEX_POINT('',#3548);
#877=VERTEX_POINT('',#3552);
#878=VERTEX_POINT('',#3554);
#879=VERTEX_POINT('',#3558);
#880=VERTEX_POINT('',#3560);
#881=VERTEX_POINT('',#3562);
#882=VERTEX_POINT('',#3566);
#883=VERTEX_POINT('',#3570);
#884=VERTEX_POINT('',#3572);
#885=VERTEX_POINT('',#3576);
#886=VERTEX_POINT('',#3578);
#887=VERTEX_POINT('',#3580);
#888=VERTEX_POINT('',#3582);
#889=VERTEX_POINT('',#3584);
#890=VERTEX_POINT('',#3586);
#891=VERTEX_POINT('',#3588);
#892=VERTEX_POINT('',#3590);
#893=VERTEX_POINT('',#3593);
#894=VERTEX_POINT('',#3597);
#895=VERTEX_POINT('',#3601);
#896=VERTEX_POINT('',#3605);
#897=VERTEX_POINT('',#3609);
#898=VERTEX_POINT('',#3613);
#899=VERTEX_POINT('',#3617);
#900=VERTEX_POINT('',#3621);
#901=VERTEX_POINT('',#3625);
#902=VERTEX_POINT('',#3627);
#903=VERTEX_POINT('',#3631);
#904=VERTEX_POINT('',#3635);
#905=VERTEX_POINT('',#3637);
#906=VERTEX_POINT('',#3641);
#907=VERTEX_POINT('',#3645);
#908=VERTEX_POINT('',#3647);
#909=VERTEX_POINT('',#3651);
#910=VERTEX_POINT('',#3655);
#911=VERTEX_POINT('',#3657);
#912=VERTEX_POINT('',#3661);
#913=VERTEX_POINT('',#3665);
#914=VERTEX_POINT('',#3667);
#915=VERTEX_POINT('',#3671);
#916=VERTEX_POINT('',#3675);
#917=VERTEX_POINT('',#3677);
#918=VERTEX_POINT('',#3678);
#919=VERTEX_POINT('',#3680);
#920=VERTEX_POINT('',#3682);
#921=VERTEX_POINT('',#3685);
#922=VERTEX_POINT('',#3686);
#923=VERTEX_POINT('',#3688);
#924=VERTEX_POINT('',#3690);
#925=VERTEX_POINT('',#3693);
#926=VERTEX_POINT('',#3694);
#927=VERTEX_POINT('',#3696);
#928=VERTEX_POINT('',#3698);
#929=VERTEX_POINT('',#3701);
#930=VERTEX_POINT('',#3702);
#931=VERTEX_POINT('',#3704);
#932=VERTEX_POINT('',#3706);
#933=VERTEX_POINT('',#3710);
#934=VERTEX_POINT('',#3714);
#935=VERTEX_POINT('',#3718);
#936=VERTEX_POINT('',#3720);
#937=VERTEX_POINT('',#3724);
#938=VERTEX_POINT('',#3727);
#939=VERTEX_POINT('',#3733);
#940=VERTEX_POINT('',#3735);
#941=VERTEX_POINT('',#3739);
#942=VERTEX_POINT('',#3743);
#943=VERTEX_POINT('',#3749);
#944=VERTEX_POINT('',#3751);
#945=VERTEX_POINT('',#3755);
#946=VERTEX_POINT('',#3759);
#947=VERTEX_POINT('',#3761);
#948=VERTEX_POINT('',#3765);
#949=VERTEX_POINT('',#3767);
#950=VERTEX_POINT('',#3775);
#951=VERTEX_POINT('',#3777);
#952=VERTEX_POINT('',#3781);
#953=VERTEX_POINT('',#3785);
#954=VERTEX_POINT('',#3787);
#955=VERTEX_POINT('',#3791);
#956=VERTEX_POINT('',#3795);
#957=VERTEX_POINT('',#3801);
#958=VERTEX_POINT('',#3803);
#959=VERTEX_POINT('',#3807);
#960=VERTEX_POINT('',#3811);
#961=VERTEX_POINT('',#3813);
#962=VERTEX_POINT('',#3817);
#963=VERTEX_POINT('',#3821);
#964=VERTEX_POINT('',#3827);
#965=VERTEX_POINT('',#3829);
#966=VERTEX_POINT('',#3833);
#967=VERTEX_POINT('',#3837);
#968=VERTEX_POINT('',#3841);
#969=VERTEX_POINT('',#3845);
#970=VERTEX_POINT('',#3849);
#971=VERTEX_POINT('',#3853);
#972=VERTEX_POINT('',#3857);
#973=VERTEX_POINT('',#3861);
#974=VERTEX_POINT('',#3865);
#975=VERTEX_POINT('',#3881);
#976=VERTEX_POINT('',#3883);
#977=VERTEX_POINT('',#3888);
#978=VERTEX_POINT('',#3890);
#979=EDGE_CURVE('',#817,#818,#501,.T.);
#980=EDGE_CURVE('',#819,#818,#487,.T.);
#981=EDGE_CURVE('',#820,#819,#413,.T.);
#982=EDGE_CURVE('',#820,#817,#488,.T.);
#983=EDGE_CURVE('',#821,#822,#502,.T.);
#984=EDGE_CURVE('',#821,#823,#489,.T.);
#985=EDGE_CURVE('',#823,#824,#414,.T.);
#986=EDGE_CURVE('',#822,#824,#490,.T.);
#987=EDGE_CURVE('',#825,#826,#503,.T.);
#988=EDGE_CURVE('',#827,#826,#147,.F.);
#989=EDGE_CURVE('',#828,#827,#415,.T.);
#990=EDGE_CURVE('',#825,#828,#148,.F.);
#991=EDGE_CURVE('',#829,#830,#504,.T.);
#992=EDGE_CURVE('',#826,#830,#149,.F.);
#993=EDGE_CURVE('',#829,#825,#150,.F.);
#994=EDGE_CURVE('',#831,#832,#505,.T.);
#995=EDGE_CURVE('',#833,#831,#151,.F.);
#996=EDGE_CURVE('',#833,#834,#416,.T.);
#997=EDGE_CURVE('',#832,#834,#152,.F.);
#998=EDGE_CURVE('',#835,#836,#506,.T.);
#999=EDGE_CURVE('',#835,#820,#153,.T.);
#1000=EDGE_CURVE('',#819,#836,#154,.T.);
#1001=EDGE_CURVE('',#837,#838,#507,.T.);
#1002=EDGE_CURVE('',#824,#837,#155,.F.);
#1003=EDGE_CURVE('',#828,#823,#156,.T.);
#1004=EDGE_CURVE('',#838,#828,#417,.T.);
#1005=EDGE_CURVE('',#827,#838,#418,.T.);
#1006=EDGE_CURVE('',#837,#827,#157,.F.);
#1007=EDGE_CURVE('',#836,#834,#158,.T.);
#1008=EDGE_CURVE('',#834,#833,#419,.T.);
#1009=EDGE_CURVE('',#833,#835,#159,.T.);
#1010=EDGE_CURVE('',#830,#832,#160,.F.);
#1011=EDGE_CURVE('',#831,#829,#161,.F.);
#1012=EDGE_CURVE('',#817,#821,#491,.T.);
#1013=EDGE_CURVE('',#818,#822,#492,.T.);
#1014=EDGE_CURVE('',#839,#840,#420,.T.);
#1015=EDGE_CURVE('',#840,#841,#421,.T.);
#1016=EDGE_CURVE('',#841,#842,#422,.T.);
#1017=EDGE_CURVE('',#842,#839,#423,.T.);
#1018=EDGE_CURVE('',#843,#839,#493,.T.);
#1019=EDGE_CURVE('',#843,#844,#508,.T.);
#1020=EDGE_CURVE('',#844,#845,#509,.T.);
#1021=EDGE_CURVE('',#846,#845,#510,.T.);
#1022=EDGE_CURVE('',#839,#846,#494,.T.);
#1023=EDGE_CURVE('',#846,#840,#495,.T.);
#1024=EDGE_CURVE('',#845,#847,#511,.T.);
#1025=EDGE_CURVE('',#848,#847,#512,.T.);
#1026=EDGE_CURVE('',#840,#848,#496,.T.);
#1027=EDGE_CURVE('',#848,#841,#497,.T.);
#1028=EDGE_CURVE('',#847,#849,#513,.T.);
#1029=EDGE_CURVE('',#850,#849,#514,.T.);
#1030=EDGE_CURVE('',#841,#850,#498,.T.);
#1031=EDGE_CURVE('',#850,#842,#499,.T.);
#1032=EDGE_CURVE('',#849,#844,#515,.T.);
#1033=EDGE_CURVE('',#842,#843,#500,.T.);
#1034=EDGE_CURVE('',#851,#852,#424,.T.);
#1035=EDGE_CURVE('',#852,#853,#516,.T.);
#1036=EDGE_CURVE('',#853,#854,#425,.F.);
#1037=EDGE_CURVE('',#854,#851,#517,.T.);
#1038=EDGE_CURVE('',#855,#852,#518,.T.);
#1039=EDGE_CURVE('',#856,#855,#519,.T.);
#1040=EDGE_CURVE('',#853,#856,#520,.T.);
#1041=EDGE_CURVE('',#851,#857,#521,.T.);
#1042=EDGE_CURVE('',#857,#858,#426,.T.);
#1043=EDGE_CURVE('',#858,#859,#522,.T.);
#1044=EDGE_CURVE('',#855,#859,#427,.T.);
#1045=EDGE_CURVE('',#859,#860,#523,.T.);
#1046=EDGE_CURVE('',#860,#856,#428,.F.);
#1047=EDGE_CURVE('',#861,#862,#429,.T.);
#1048=EDGE_CURVE('',#862,#863,#524,.T.);
#1049=EDGE_CURVE('',#863,#864,#430,.F.);
#1050=EDGE_CURVE('',#864,#861,#525,.T.);
#1051=EDGE_CURVE('',#865,#862,#526,.T.);
#1052=EDGE_CURVE('',#866,#865,#527,.T.);
#1053=EDGE_CURVE('',#863,#866,#528,.T.);
#1054=EDGE_CURVE('',#861,#867,#529,.T.);
#1055=EDGE_CURVE('',#868,#867,#431,.T.);
#1056=EDGE_CURVE('',#868,#869,#530,.T.);
#1057=EDGE_CURVE('',#869,#865,#432,.T.);
#1058=EDGE_CURVE('',#867,#870,#531,.T.);
#1059=EDGE_CURVE('',#870,#871,#433,.F.);
#1060=EDGE_CURVE('',#871,#868,#532,.T.);
#1061=EDGE_CURVE('',#872,#871,#533,.T.);
#1062=EDGE_CURVE('',#872,#869,#534,.T.);
#1063=EDGE_CURVE('',#873,#874,#434,.T.);
#1064=EDGE_CURVE('',#874,#875,#535,.T.);
#1065=EDGE_CURVE('',#875,#876,#435,.F.);
#1066=EDGE_CURVE('',#876,#873,#536,.T.);
#1067=EDGE_CURVE('',#877,#874,#537,.T.);
#1068=EDGE_CURVE('',#878,#877,#538,.T.);
#1069=EDGE_CURVE('',#875,#878,#539,.T.);
#1070=EDGE_CURVE('',#873,#879,#540,.T.);
#1071=EDGE_CURVE('',#879,#880,#436,.T.);
#1072=EDGE_CURVE('',#880,#881,#541,.T.);
#1073=EDGE_CURVE('',#877,#881,#437,.T.);
#1074=EDGE_CURVE('',#881,#882,#542,.T.);
#1075=EDGE_CURVE('',#882,#878,#438,.F.);
#1076=EDGE_CURVE('',#883,#883,#439,.T.);
#1077=EDGE_CURVE('',#883,#884,#543,.T.);
#1078=EDGE_CURVE('',#884,#884,#440,.T.);
#1079=EDGE_CURVE('',#885,#885,#441,.T.);
#1080=EDGE_CURVE('',#886,#886,#442,.T.);
#1081=EDGE_CURVE('',#887,#887,#443,.T.);
#1082=EDGE_CURVE('',#888,#888,#444,.T.);
#1083=EDGE_CURVE('',#889,#889,#445,.T.);
#1084=EDGE_CURVE('',#890,#890,#446,.T.);
#1085=EDGE_CURVE('',#891,#891,#447,.T.);
#1086=EDGE_CURVE('',#892,#892,#448,.T.);
#1087=EDGE_CURVE('',#884,#893,#544,.T.);
#1088=EDGE_CURVE('',#893,#893,#449,.T.);
#1089=EDGE_CURVE('',#886,#894,#545,.T.);
#1090=EDGE_CURVE('',#894,#894,#450,.T.);
#1091=EDGE_CURVE('',#894,#895,#546,.T.);
#1092=EDGE_CURVE('',#895,#895,#451,.T.);
#1093=EDGE_CURVE('',#892,#896,#547,.T.);
#1094=EDGE_CURVE('',#896,#896,#452,.T.);
#1095=EDGE_CURVE('',#896,#897,#548,.T.);
#1096=EDGE_CURVE('',#897,#897,#453,.T.);
#1097=EDGE_CURVE('',#887,#898,#549,.T.);
#1098=EDGE_CURVE('',#898,#898,#454,.T.);
#1099=EDGE_CURVE('',#898,#899,#550,.T.);
#1100=EDGE_CURVE('',#899,#899,#455,.T.);
#1101=EDGE_CURVE('',#891,#900,#551,.T.);
#1102=EDGE_CURVE('',#900,#900,#456,.T.);
#1103=EDGE_CURVE('',#900,#901,#552,.T.);
#1104=EDGE_CURVE('',#902,#901,#457,.T.);
#1105=EDGE_CURVE('',#901,#902,#458,.T.);
#1106=EDGE_CURVE('',#888,#903,#553,.T.);
#1107=EDGE_CURVE('',#903,#903,#459,.T.);
#1108=EDGE_CURVE('',#903,#904,#554,.T.);
#1109=EDGE_CURVE('',#905,#904,#460,.T.);
#1110=EDGE_CURVE('',#904,#905,#461,.T.);
#1111=EDGE_CURVE('',#890,#906,#555,.T.);
#1112=EDGE_CURVE('',#906,#906,#462,.T.);
#1113=EDGE_CURVE('',#906,#907,#556,.T.);
#1114=EDGE_CURVE('',#908,#907,#463,.T.);
#1115=EDGE_CURVE('',#907,#908,#464,.T.);
#1116=EDGE_CURVE('',#889,#909,#557,.T.);
#1117=EDGE_CURVE('',#909,#909,#465,.T.);
#1118=EDGE_CURVE('',#909,#910,#558,.T.);
#1119=EDGE_CURVE('',#911,#910,#466,.T.);
#1120=EDGE_CURVE('',#910,#911,#467,.T.);
#1121=EDGE_CURVE('',#885,#912,#559,.T.);
#1122=EDGE_CURVE('',#912,#912,#468,.T.);
#1123=EDGE_CURVE('',#912,#913,#560,.T.);
#1124=EDGE_CURVE('',#914,#913,#469,.T.);
#1125=EDGE_CURVE('',#913,#914,#470,.T.);
#1126=EDGE_CURVE('',#915,#915,#471,.T.);
#1127=EDGE_CURVE('',#915,#914,#561,.T.);
#1128=EDGE_CURVE('',#916,#916,#472,.T.);
#1129=EDGE_CURVE('',#917,#918,#562,.T.);
#1130=EDGE_CURVE('',#919,#917,#563,.T.);
#1131=EDGE_CURVE('',#920,#919,#564,.T.);
#1132=EDGE_CURVE('',#918,#920,#565,.T.);
#1133=EDGE_CURVE('',#921,#922,#566,.T.);
#1134=EDGE_CURVE('',#923,#921,#567,.T.);
#1135=EDGE_CURVE('',#924,#923,#568,.T.);
#1136=EDGE_CURVE('',#922,#924,#569,.T.);
#1137=EDGE_CURVE('',#925,#926,#570,.T.);
#1138=EDGE_CURVE('',#927,#925,#571,.T.);
#1139=EDGE_CURVE('',#928,#927,#572,.T.);
#1140=EDGE_CURVE('',#926,#928,#573,.T.);
#1141=EDGE_CURVE('',#929,#930,#574,.T.);
#1142=EDGE_CURVE('',#931,#929,#575,.T.);
#1143=EDGE_CURVE('',#932,#931,#576,.T.);
#1144=EDGE_CURVE('',#930,#932,#577,.T.);
#1145=EDGE_CURVE('',#933,#933,#473,.T.);
#1146=EDGE_CURVE('',#933,#916,#474,.T.);
#1147=EDGE_CURVE('',#934,#934,#475,.T.);
#1148=EDGE_CURVE('',#934,#933,#578,.T.);
#1149=EDGE_CURVE('',#935,#935,#476,.T.);
#1150=EDGE_CURVE('',#935,#936,#579,.T.);
#1151=EDGE_CURVE('',#936,#936,#477,.T.);
#1152=EDGE_CURVE('',#937,#937,#478,.T.);
#1153=EDGE_CURVE('',#936,#938,#580,.T.);
#1154=EDGE_CURVE('',#938,#938,#479,.T.);
#1155=EDGE_CURVE('',#937,#934,#581,.T.);
#1156=EDGE_CURVE('',#930,#939,#582,.T.);
#1157=EDGE_CURVE('',#939,#940,#583,.T.);
#1158=EDGE_CURVE('',#929,#940,#584,.T.);
#1159=EDGE_CURVE('',#932,#941,#585,.T.);
#1160=EDGE_CURVE('',#941,#939,#586,.T.);
#1161=EDGE_CURVE('',#940,#942,#587,.T.);
#1162=EDGE_CURVE('',#942,#931,#588,.T.);
#1163=EDGE_CURVE('',#942,#941,#589,.T.);
#1164=EDGE_CURVE('',#940,#943,#590,.T.);
#1165=EDGE_CURVE('',#943,#944,#591,.T.);
#1166=EDGE_CURVE('',#942,#944,#592,.T.);
#1167=EDGE_CURVE('',#939,#945,#593,.T.);
#1168=EDGE_CURVE('',#945,#943,#594,.T.);
#1169=EDGE_CURVE('',#919,#946,#595,.T.);
#1170=EDGE_CURVE('',#946,#947,#596,.T.);
#1171=EDGE_CURVE('',#920,#947,#597,.T.);
#1172=EDGE_CURVE('',#918,#948,#598,.T.);
#1173=EDGE_CURVE('',#948,#949,#599,.T.);
#1174=EDGE_CURVE('',#949,#917,#600,.T.);
#1175=EDGE_CURVE('',#947,#948,#601,.T.);
#1176=EDGE_CURVE('',#949,#946,#602,.T.);
#1177=EDGE_CURVE('',#949,#950,#603,.T.);
#1178=EDGE_CURVE('',#950,#951,#604,.T.);
#1179=EDGE_CURVE('',#946,#951,#605,.T.);
#1180=EDGE_CURVE('',#948,#952,#606,.T.);
#1181=EDGE_CURVE('',#952,#950,#607,.T.);
#1182=EDGE_CURVE('',#926,#953,#608,.T.);
#1183=EDGE_CURVE('',#953,#954,#609,.T.);
#1184=EDGE_CURVE('',#954,#925,#610,.T.);
#1185=EDGE_CURVE('',#928,#955,#611,.T.);
#1186=EDGE_CURVE('',#955,#953,#612,.T.);
#1187=EDGE_CURVE('',#956,#955,#613,.T.);
#1188=EDGE_CURVE('',#927,#956,#614,.T.);
#1189=EDGE_CURVE('',#954,#956,#615,.T.);
#1190=EDGE_CURVE('',#954,#957,#616,.T.);
#1191=EDGE_CURVE('',#957,#958,#617,.T.);
#1192=EDGE_CURVE('',#956,#958,#618,.T.);
#1193=EDGE_CURVE('',#953,#959,#619,.T.);
#1194=EDGE_CURVE('',#959,#957,#620,.T.);
#1195=EDGE_CURVE('',#922,#960,#621,.T.);
#1196=EDGE_CURVE('',#960,#961,#622,.T.);
#1197=EDGE_CURVE('',#921,#961,#623,.T.);
#1198=EDGE_CURVE('',#924,#962,#624,.T.);
#1199=EDGE_CURVE('',#962,#960,#625,.T.);
#1200=EDGE_CURVE('',#961,#963,#626,.T.);
#1201=EDGE_CURVE('',#963,#923,#627,.T.);
#1202=EDGE_CURVE('',#963,#962,#628,.T.);
#1203=EDGE_CURVE('',#961,#964,#629,.T.);
#1204=EDGE_CURVE('',#964,#965,#630,.T.);
#1205=EDGE_CURVE('',#963,#965,#631,.T.);
#1206=EDGE_CURVE('',#960,#966,#632,.T.);
#1207=EDGE_CURVE('',#966,#964,#633,.T.);
#1208=EDGE_CURVE('',#911,#967,#634,.T.);
#1209=EDGE_CURVE('',#967,#967,#480,.T.);
#1210=EDGE_CURVE('',#965,#968,#635,.T.);
#1211=EDGE_CURVE('',#968,#966,#636,.T.);
#1212=EDGE_CURVE('',#908,#969,#637,.T.);
#1213=EDGE_CURVE('',#969,#969,#481,.T.);
#1214=EDGE_CURVE('',#944,#970,#638,.T.);
#1215=EDGE_CURVE('',#970,#945,#639,.T.);
#1216=EDGE_CURVE('',#905,#971,#640,.T.);
#1217=EDGE_CURVE('',#971,#971,#482,.T.);
#1218=EDGE_CURVE('',#972,#952,#641,.T.);
#1219=EDGE_CURVE('',#951,#972,#642,.T.);
#1220=EDGE_CURVE('',#902,#973,#643,.T.);
#1221=EDGE_CURVE('',#973,#973,#483,.T.);
#1222=EDGE_CURVE('',#974,#959,#644,.T.);
#1223=EDGE_CURVE('',#958,#974,#645,.T.);
#1224=EDGE_CURVE('',#962,#968,#646,.T.);
#1225=EDGE_CURVE('',#955,#974,#647,.T.);
#1226=EDGE_CURVE('',#941,#970,#648,.T.);
#1227=EDGE_CURVE('',#947,#972,#649,.T.);
#1228=EDGE_CURVE('',#975,#876,#650,.T.);
#1229=EDGE_CURVE('',#882,#976,#651,.T.);
#1230=EDGE_CURVE('',#976,#975,#484,.T.);
#1231=EDGE_CURVE('',#870,#864,#652,.T.);
#1232=EDGE_CURVE('',#866,#872,#485,.T.);
#1233=EDGE_CURVE('',#977,#854,#653,.T.);
#1234=EDGE_CURVE('',#860,#978,#654,.T.);
#1235=EDGE_CURVE('',#978,#977,#486,.T.);
#1236=EDGE_CURVE('',#975,#879,#655,.T.);
#1237=EDGE_CURVE('',#976,#880,#656,.T.);
#1238=EDGE_CURVE('',#977,#857,#657,.T.);
#1239=EDGE_CURVE('',#978,#858,#658,.T.);
#1240=ORIENTED_EDGE('',*,*,#979,.T.);
#1241=ORIENTED_EDGE('',*,*,#980,.F.);
#1242=ORIENTED_EDGE('',*,*,#981,.F.);
#1243=ORIENTED_EDGE('',*,*,#982,.T.);
#1244=ORIENTED_EDGE('',*,*,#983,.F.);
#1245=ORIENTED_EDGE('',*,*,#984,.T.);
#1246=ORIENTED_EDGE('',*,*,#985,.T.);
#1247=ORIENTED_EDGE('',*,*,#986,.F.);
#1248=ORIENTED_EDGE('',*,*,#987,.T.);
#1249=ORIENTED_EDGE('',*,*,#988,.F.);
#1250=ORIENTED_EDGE('',*,*,#989,.F.);
#1251=ORIENTED_EDGE('',*,*,#990,.F.);
#1252=ORIENTED_EDGE('',*,*,#991,.T.);
#1253=ORIENTED_EDGE('',*,*,#992,.F.);
#1254=ORIENTED_EDGE('',*,*,#987,.F.);
#1255=ORIENTED_EDGE('',*,*,#993,.F.);
#1256=ORIENTED_EDGE('',*,*,#994,.F.);
#1257=ORIENTED_EDGE('',*,*,#995,.F.);
#1258=ORIENTED_EDGE('',*,*,#996,.T.);
#1259=ORIENTED_EDGE('',*,*,#997,.F.);
#1260=ORIENTED_EDGE('',*,*,#998,.F.);
#1261=ORIENTED_EDGE('',*,*,#999,.T.);
#1262=ORIENTED_EDGE('',*,*,#981,.T.);
#1263=ORIENTED_EDGE('',*,*,#1000,.T.);
#1264=ORIENTED_EDGE('',*,*,#1001,.F.);
#1265=ORIENTED_EDGE('',*,*,#1002,.F.);
#1266=ORIENTED_EDGE('',*,*,#985,.F.);
#1267=ORIENTED_EDGE('',*,*,#1003,.F.);
#1268=ORIENTED_EDGE('',*,*,#1004,.F.);
#1269=ORIENTED_EDGE('',*,*,#1001,.T.);
#1270=ORIENTED_EDGE('',*,*,#1005,.F.);
#1271=ORIENTED_EDGE('',*,*,#1006,.F.);
#1272=ORIENTED_EDGE('',*,*,#998,.T.);
#1273=ORIENTED_EDGE('',*,*,#1007,.T.);
#1274=ORIENTED_EDGE('',*,*,#1008,.T.);
#1275=ORIENTED_EDGE('',*,*,#1009,.T.);
#1276=ORIENTED_EDGE('',*,*,#994,.T.);
#1277=ORIENTED_EDGE('',*,*,#1010,.F.);
#1278=ORIENTED_EDGE('',*,*,#991,.F.);
#1279=ORIENTED_EDGE('',*,*,#1011,.F.);
#1280=ORIENTED_EDGE('',*,*,#995,.T.);
#1281=ORIENTED_EDGE('',*,*,#1011,.T.);
#1282=ORIENTED_EDGE('',*,*,#993,.T.);
#1283=ORIENTED_EDGE('',*,*,#990,.T.);
#1284=ORIENTED_EDGE('',*,*,#1003,.T.);
#1285=ORIENTED_EDGE('',*,*,#984,.F.);
#1286=ORIENTED_EDGE('',*,*,#1012,.F.);
#1287=ORIENTED_EDGE('',*,*,#982,.F.);
#1288=ORIENTED_EDGE('',*,*,#999,.F.);
#1289=ORIENTED_EDGE('',*,*,#1009,.F.);
#1290=ORIENTED_EDGE('',*,*,#983,.T.);
#1291=ORIENTED_EDGE('',*,*,#1013,.F.);
#1292=ORIENTED_EDGE('',*,*,#979,.F.);
#1293=ORIENTED_EDGE('',*,*,#1012,.T.);
#1294=ORIENTED_EDGE('',*,*,#980,.T.);
#1295=ORIENTED_EDGE('',*,*,#1013,.T.);
#1296=ORIENTED_EDGE('',*,*,#986,.T.);
#1297=ORIENTED_EDGE('',*,*,#1002,.T.);
#1298=ORIENTED_EDGE('',*,*,#1006,.T.);
#1299=ORIENTED_EDGE('',*,*,#988,.T.);
#1300=ORIENTED_EDGE('',*,*,#992,.T.);
#1301=ORIENTED_EDGE('',*,*,#1010,.T.);
#1302=ORIENTED_EDGE('',*,*,#997,.T.);
#1303=ORIENTED_EDGE('',*,*,#1007,.F.);
#1304=ORIENTED_EDGE('',*,*,#1000,.F.);
#1305=ORIENTED_EDGE('',*,*,#1014,.T.);
#1306=ORIENTED_EDGE('',*,*,#1015,.T.);
#1307=ORIENTED_EDGE('',*,*,#1016,.T.);
#1308=ORIENTED_EDGE('',*,*,#1017,.T.);
#1309=ORIENTED_EDGE('',*,*,#1008,.F.);
#1310=ORIENTED_EDGE('',*,*,#996,.F.);
#1311=ORIENTED_EDGE('',*,*,#1018,.F.);
#1312=ORIENTED_EDGE('',*,*,#1019,.T.);
#1313=ORIENTED_EDGE('',*,*,#1020,.T.);
#1314=ORIENTED_EDGE('',*,*,#1021,.F.);
#1315=ORIENTED_EDGE('',*,*,#1022,.F.);
#1316=ORIENTED_EDGE('',*,*,#1023,.F.);
#1317=ORIENTED_EDGE('',*,*,#1021,.T.);
#1318=ORIENTED_EDGE('',*,*,#1024,.T.);
#1319=ORIENTED_EDGE('',*,*,#1025,.F.);
#1320=ORIENTED_EDGE('',*,*,#1026,.F.);
#1321=ORIENTED_EDGE('',*,*,#1027,.F.);
#1322=ORIENTED_EDGE('',*,*,#1025,.T.);
#1323=ORIENTED_EDGE('',*,*,#1028,.T.);
#1324=ORIENTED_EDGE('',*,*,#1029,.F.);
#1325=ORIENTED_EDGE('',*,*,#1030,.F.);
#1326=ORIENTED_EDGE('',*,*,#1031,.F.);
#1327=ORIENTED_EDGE('',*,*,#1029,.T.);
#1328=ORIENTED_EDGE('',*,*,#1032,.T.);
#1329=ORIENTED_EDGE('',*,*,#1019,.F.);
#1330=ORIENTED_EDGE('',*,*,#1033,.F.);
#1331=ORIENTED_EDGE('',*,*,#1020,.F.);
#1332=ORIENTED_EDGE('',*,*,#1032,.F.);
#1333=ORIENTED_EDGE('',*,*,#1028,.F.);
#1334=ORIENTED_EDGE('',*,*,#1024,.F.);
#1335=ORIENTED_EDGE('',*,*,#989,.T.);
#1336=ORIENTED_EDGE('',*,*,#1005,.T.);
#1337=ORIENTED_EDGE('',*,*,#1004,.T.);
#1338=ORIENTED_EDGE('',*,*,#1018,.T.);
#1339=ORIENTED_EDGE('',*,*,#1017,.F.);
#1340=ORIENTED_EDGE('',*,*,#1033,.T.);
#1341=ORIENTED_EDGE('',*,*,#1030,.T.);
#1342=ORIENTED_EDGE('',*,*,#1031,.T.);
#1343=ORIENTED_EDGE('',*,*,#1016,.F.);
#1344=ORIENTED_EDGE('',*,*,#1026,.T.);
#1345=ORIENTED_EDGE('',*,*,#1027,.T.);
#1346=ORIENTED_EDGE('',*,*,#1015,.F.);
#1347=ORIENTED_EDGE('',*,*,#1022,.T.);
#1348=ORIENTED_EDGE('',*,*,#1023,.T.);
#1349=ORIENTED_EDGE('',*,*,#1014,.F.);
#1350=ORIENTED_EDGE('',*,*,#1034,.T.);
#1351=ORIENTED_EDGE('',*,*,#1035,.T.);
#1352=ORIENTED_EDGE('',*,*,#1036,.T.);
#1353=ORIENTED_EDGE('',*,*,#1037,.T.);
#1354=ORIENTED_EDGE('',*,*,#1035,.F.);
#1355=ORIENTED_EDGE('',*,*,#1038,.F.);
#1356=ORIENTED_EDGE('',*,*,#1039,.F.);
#1357=ORIENTED_EDGE('',*,*,#1040,.F.);
#1358=ORIENTED_EDGE('',*,*,#1034,.F.);
#1359=ORIENTED_EDGE('',*,*,#1041,.T.);
#1360=ORIENTED_EDGE('',*,*,#1042,.T.);
#1361=ORIENTED_EDGE('',*,*,#1043,.T.);
#1362=ORIENTED_EDGE('',*,*,#1044,.F.);
#1363=ORIENTED_EDGE('',*,*,#1038,.T.);
#1364=ORIENTED_EDGE('',*,*,#1044,.T.);
#1365=ORIENTED_EDGE('',*,*,#1045,.T.);
#1366=ORIENTED_EDGE('',*,*,#1046,.T.);
#1367=ORIENTED_EDGE('',*,*,#1039,.T.);
#1368=ORIENTED_EDGE('',*,*,#1047,.T.);
#1369=ORIENTED_EDGE('',*,*,#1048,.T.);
#1370=ORIENTED_EDGE('',*,*,#1049,.T.);
#1371=ORIENTED_EDGE('',*,*,#1050,.T.);
#1372=ORIENTED_EDGE('',*,*,#1048,.F.);
#1373=ORIENTED_EDGE('',*,*,#1051,.F.);
#1374=ORIENTED_EDGE('',*,*,#1052,.F.);
#1375=ORIENTED_EDGE('',*,*,#1053,.F.);
#1376=ORIENTED_EDGE('',*,*,#1047,.F.);
#1377=ORIENTED_EDGE('',*,*,#1054,.T.);
#1378=ORIENTED_EDGE('',*,*,#1055,.F.);
#1379=ORIENTED_EDGE('',*,*,#1056,.T.);
#1380=ORIENTED_EDGE('',*,*,#1057,.T.);
#1381=ORIENTED_EDGE('',*,*,#1051,.T.);
#1382=ORIENTED_EDGE('',*,*,#1055,.T.);
#1383=ORIENTED_EDGE('',*,*,#1058,.T.);
#1384=ORIENTED_EDGE('',*,*,#1059,.T.);
#1385=ORIENTED_EDGE('',*,*,#1060,.T.);
#1386=ORIENTED_EDGE('',*,*,#1060,.F.);
#1387=ORIENTED_EDGE('',*,*,#1061,.F.);
#1388=ORIENTED_EDGE('',*,*,#1062,.T.);
#1389=ORIENTED_EDGE('',*,*,#1056,.F.);
#1390=ORIENTED_EDGE('',*,*,#1063,.T.);
#1391=ORIENTED_EDGE('',*,*,#1064,.T.);
#1392=ORIENTED_EDGE('',*,*,#1065,.T.);
#1393=ORIENTED_EDGE('',*,*,#1066,.T.);
#1394=ORIENTED_EDGE('',*,*,#1064,.F.);
#1395=ORIENTED_EDGE('',*,*,#1067,.F.);
#1396=ORIENTED_EDGE('',*,*,#1068,.F.);
#1397=ORIENTED_EDGE('',*,*,#1069,.F.);
#1398=ORIENTED_EDGE('',*,*,#1063,.F.);
#1399=ORIENTED_EDGE('',*,*,#1070,.T.);
#1400=ORIENTED_EDGE('',*,*,#1071,.T.);
#1401=ORIENTED_EDGE('',*,*,#1072,.T.);
#1402=ORIENTED_EDGE('',*,*,#1073,.F.);
#1403=ORIENTED_EDGE('',*,*,#1067,.T.);
#1404=ORIENTED_EDGE('',*,*,#1073,.T.);
#1405=ORIENTED_EDGE('',*,*,#1074,.T.);
#1406=ORIENTED_EDGE('',*,*,#1075,.T.);
#1407=ORIENTED_EDGE('',*,*,#1068,.T.);
#1408=ORIENTED_EDGE('',*,*,#1076,.T.);
#1409=ORIENTED_EDGE('',*,*,#1077,.T.);
#1410=ORIENTED_EDGE('',*,*,#1078,.T.);
#1411=ORIENTED_EDGE('',*,*,#1077,.F.);
#1412=ORIENTED_EDGE('',*,*,#1079,.F.);
#1413=ORIENTED_EDGE('',*,*,#1080,.F.);
#1414=ORIENTED_EDGE('',*,*,#1081,.F.);
#1415=ORIENTED_EDGE('',*,*,#1082,.F.);
#1416=ORIENTED_EDGE('',*,*,#1083,.F.);
#1417=ORIENTED_EDGE('',*,*,#1084,.F.);
#1418=ORIENTED_EDGE('',*,*,#1085,.F.);
#1419=ORIENTED_EDGE('',*,*,#1086,.F.);
#1420=ORIENTED_EDGE('',*,*,#1076,.F.);
#1421=ORIENTED_EDGE('',*,*,#1078,.F.);
#1422=ORIENTED_EDGE('',*,*,#1087,.T.);
#1423=ORIENTED_EDGE('',*,*,#1088,.T.);
#1424=ORIENTED_EDGE('',*,*,#1087,.F.);
#1425=ORIENTED_EDGE('',*,*,#1080,.T.);
#1426=ORIENTED_EDGE('',*,*,#1089,.T.);
#1427=ORIENTED_EDGE('',*,*,#1090,.T.);
#1428=ORIENTED_EDGE('',*,*,#1089,.F.);
#1429=ORIENTED_EDGE('',*,*,#1090,.F.);
#1430=ORIENTED_EDGE('',*,*,#1091,.T.);
#1431=ORIENTED_EDGE('',*,*,#1092,.T.);
#1432=ORIENTED_EDGE('',*,*,#1091,.F.);
#1433=ORIENTED_EDGE('',*,*,#1086,.T.);
#1434=ORIENTED_EDGE('',*,*,#1093,.T.);
#1435=ORIENTED_EDGE('',*,*,#1094,.T.);
#1436=ORIENTED_EDGE('',*,*,#1093,.F.);
#1437=ORIENTED_EDGE('',*,*,#1094,.F.);
#1438=ORIENTED_EDGE('',*,*,#1095,.T.);
#1439=ORIENTED_EDGE('',*,*,#1096,.T.);
#1440=ORIENTED_EDGE('',*,*,#1095,.F.);
#1441=ORIENTED_EDGE('',*,*,#1081,.T.);
#1442=ORIENTED_EDGE('',*,*,#1097,.T.);
#1443=ORIENTED_EDGE('',*,*,#1098,.T.);
#1444=ORIENTED_EDGE('',*,*,#1097,.F.);
#1445=ORIENTED_EDGE('',*,*,#1098,.F.);
#1446=ORIENTED_EDGE('',*,*,#1099,.T.);
#1447=ORIENTED_EDGE('',*,*,#1100,.T.);
#1448=ORIENTED_EDGE('',*,*,#1099,.F.);
#1449=ORIENTED_EDGE('',*,*,#1085,.T.);
#1450=ORIENTED_EDGE('',*,*,#1101,.T.);
#1451=ORIENTED_EDGE('',*,*,#1102,.T.);
#1452=ORIENTED_EDGE('',*,*,#1101,.F.);
#1453=ORIENTED_EDGE('',*,*,#1102,.F.);
#1454=ORIENTED_EDGE('',*,*,#1103,.T.);
#1455=ORIENTED_EDGE('',*,*,#1104,.F.);
#1456=ORIENTED_EDGE('',*,*,#1105,.F.);
#1457=ORIENTED_EDGE('',*,*,#1103,.F.);
#1458=ORIENTED_EDGE('',*,*,#1082,.T.);
#1459=ORIENTED_EDGE('',*,*,#1106,.T.);
#1460=ORIENTED_EDGE('',*,*,#1107,.T.);
#1461=ORIENTED_EDGE('',*,*,#1106,.F.);
#1462=ORIENTED_EDGE('',*,*,#1107,.F.);
#1463=ORIENTED_EDGE('',*,*,#1108,.T.);
#1464=ORIENTED_EDGE('',*,*,#1109,.F.);
#1465=ORIENTED_EDGE('',*,*,#1110,.F.);
#1466=ORIENTED_EDGE('',*,*,#1108,.F.);
#1467=ORIENTED_EDGE('',*,*,#1084,.T.);
#1468=ORIENTED_EDGE('',*,*,#1111,.T.);
#1469=ORIENTED_EDGE('',*,*,#1112,.T.);
#1470=ORIENTED_EDGE('',*,*,#1111,.F.);
#1471=ORIENTED_EDGE('',*,*,#1112,.F.);
#1472=ORIENTED_EDGE('',*,*,#1113,.T.);
#1473=ORIENTED_EDGE('',*,*,#1114,.F.);
#1474=ORIENTED_EDGE('',*,*,#1115,.F.);
#1475=ORIENTED_EDGE('',*,*,#1113,.F.);
#1476=ORIENTED_EDGE('',*,*,#1083,.T.);
#1477=ORIENTED_EDGE('',*,*,#1116,.T.);
#1478=ORIENTED_EDGE('',*,*,#1117,.T.);
#1479=ORIENTED_EDGE('',*,*,#1116,.F.);
#1480=ORIENTED_EDGE('',*,*,#1117,.F.);
#1481=ORIENTED_EDGE('',*,*,#1118,.T.);
#1482=ORIENTED_EDGE('',*,*,#1119,.F.);
#1483=ORIENTED_EDGE('',*,*,#1120,.F.);
#1484=ORIENTED_EDGE('',*,*,#1118,.F.);
#1485=ORIENTED_EDGE('',*,*,#1079,.T.);
#1486=ORIENTED_EDGE('',*,*,#1121,.T.);
#1487=ORIENTED_EDGE('',*,*,#1122,.T.);
#1488=ORIENTED_EDGE('',*,*,#1121,.F.);
#1489=ORIENTED_EDGE('',*,*,#1122,.F.);
#1490=ORIENTED_EDGE('',*,*,#1123,.T.);
#1491=ORIENTED_EDGE('',*,*,#1124,.F.);
#1492=ORIENTED_EDGE('',*,*,#1125,.F.);
#1493=ORIENTED_EDGE('',*,*,#1123,.F.);
#1494=ORIENTED_EDGE('',*,*,#1126,.T.);
#1495=ORIENTED_EDGE('',*,*,#1127,.T.);
#1496=ORIENTED_EDGE('',*,*,#1124,.T.);
#1497=ORIENTED_EDGE('',*,*,#1125,.T.);
#1498=ORIENTED_EDGE('',*,*,#1127,.F.);
#1499=ORIENTED_EDGE('',*,*,#1126,.F.);
#1500=ORIENTED_EDGE('',*,*,#1128,.F.);
#1501=ORIENTED_EDGE('',*,*,#1129,.F.);
#1502=ORIENTED_EDGE('',*,*,#1130,.F.);
#1503=ORIENTED_EDGE('',*,*,#1131,.F.);
#1504=ORIENTED_EDGE('',*,*,#1132,.F.);
#1505=ORIENTED_EDGE('',*,*,#1133,.F.);
#1506=ORIENTED_EDGE('',*,*,#1134,.F.);
#1507=ORIENTED_EDGE('',*,*,#1135,.F.);
#1508=ORIENTED_EDGE('',*,*,#1136,.F.);
#1509=ORIENTED_EDGE('',*,*,#1137,.F.);
#1510=ORIENTED_EDGE('',*,*,#1138,.F.);
#1511=ORIENTED_EDGE('',*,*,#1139,.F.);
#1512=ORIENTED_EDGE('',*,*,#1140,.F.);
#1513=ORIENTED_EDGE('',*,*,#1141,.F.);
#1514=ORIENTED_EDGE('',*,*,#1142,.F.);
#1515=ORIENTED_EDGE('',*,*,#1143,.F.);
#1516=ORIENTED_EDGE('',*,*,#1144,.F.);
#1517=ORIENTED_EDGE('',*,*,#1145,.T.);
#1518=ORIENTED_EDGE('',*,*,#1146,.T.);
#1519=ORIENTED_EDGE('',*,*,#1128,.T.);
#1520=ORIENTED_EDGE('',*,*,#1146,.F.);
#1521=ORIENTED_EDGE('',*,*,#1147,.F.);
#1522=ORIENTED_EDGE('',*,*,#1148,.T.);
#1523=ORIENTED_EDGE('',*,*,#1145,.F.);
#1524=ORIENTED_EDGE('',*,*,#1148,.F.);
#1525=ORIENTED_EDGE('',*,*,#1149,.T.);
#1526=ORIENTED_EDGE('',*,*,#1150,.T.);
#1527=ORIENTED_EDGE('',*,*,#1151,.T.);
#1528=ORIENTED_EDGE('',*,*,#1150,.F.);
#1529=ORIENTED_EDGE('',*,*,#1152,.F.);
#1530=ORIENTED_EDGE('',*,*,#1149,.F.);
#1531=ORIENTED_EDGE('',*,*,#1151,.F.);
#1532=ORIENTED_EDGE('',*,*,#1153,.T.);
#1533=ORIENTED_EDGE('',*,*,#1154,.F.);
#1534=ORIENTED_EDGE('',*,*,#1153,.F.);
#1535=ORIENTED_EDGE('',*,*,#1152,.T.);
#1536=ORIENTED_EDGE('',*,*,#1155,.T.);
#1537=ORIENTED_EDGE('',*,*,#1147,.T.);
#1538=ORIENTED_EDGE('',*,*,#1155,.F.);
#1539=ORIENTED_EDGE('',*,*,#1141,.T.);
#1540=ORIENTED_EDGE('',*,*,#1156,.T.);
#1541=ORIENTED_EDGE('',*,*,#1157,.T.);
#1542=ORIENTED_EDGE('',*,*,#1158,.F.);
#1543=ORIENTED_EDGE('',*,*,#1144,.T.);
#1544=ORIENTED_EDGE('',*,*,#1159,.T.);
#1545=ORIENTED_EDGE('',*,*,#1160,.T.);
#1546=ORIENTED_EDGE('',*,*,#1156,.F.);
#1547=ORIENTED_EDGE('',*,*,#1161,.T.);
#1548=ORIENTED_EDGE('',*,*,#1162,.T.);
#1549=ORIENTED_EDGE('',*,*,#1142,.T.);
#1550=ORIENTED_EDGE('',*,*,#1158,.T.);
#1551=ORIENTED_EDGE('',*,*,#1143,.T.);
#1552=ORIENTED_EDGE('',*,*,#1162,.F.);
#1553=ORIENTED_EDGE('',*,*,#1163,.T.);
#1554=ORIENTED_EDGE('',*,*,#1159,.F.);
#1555=ORIENTED_EDGE('',*,*,#1161,.F.);
#1556=ORIENTED_EDGE('',*,*,#1164,.T.);
#1557=ORIENTED_EDGE('',*,*,#1165,.T.);
#1558=ORIENTED_EDGE('',*,*,#1166,.F.);
#1559=ORIENTED_EDGE('',*,*,#1157,.F.);
#1560=ORIENTED_EDGE('',*,*,#1167,.T.);
#1561=ORIENTED_EDGE('',*,*,#1168,.T.);
#1562=ORIENTED_EDGE('',*,*,#1164,.F.);
#1563=ORIENTED_EDGE('',*,*,#1131,.T.);
#1564=ORIENTED_EDGE('',*,*,#1169,.T.);
#1565=ORIENTED_EDGE('',*,*,#1170,.T.);
#1566=ORIENTED_EDGE('',*,*,#1171,.F.);
#1567=ORIENTED_EDGE('',*,*,#1129,.T.);
#1568=ORIENTED_EDGE('',*,*,#1172,.T.);
#1569=ORIENTED_EDGE('',*,*,#1173,.T.);
#1570=ORIENTED_EDGE('',*,*,#1174,.T.);
#1571=ORIENTED_EDGE('',*,*,#1175,.T.);
#1572=ORIENTED_EDGE('',*,*,#1172,.F.);
#1573=ORIENTED_EDGE('',*,*,#1132,.T.);
#1574=ORIENTED_EDGE('',*,*,#1171,.T.);
#1575=ORIENTED_EDGE('',*,*,#1130,.T.);
#1576=ORIENTED_EDGE('',*,*,#1174,.F.);
#1577=ORIENTED_EDGE('',*,*,#1176,.T.);
#1578=ORIENTED_EDGE('',*,*,#1169,.F.);
#1579=ORIENTED_EDGE('',*,*,#1176,.F.);
#1580=ORIENTED_EDGE('',*,*,#1177,.T.);
#1581=ORIENTED_EDGE('',*,*,#1178,.T.);
#1582=ORIENTED_EDGE('',*,*,#1179,.F.);
#1583=ORIENTED_EDGE('',*,*,#1173,.F.);
#1584=ORIENTED_EDGE('',*,*,#1180,.T.);
#1585=ORIENTED_EDGE('',*,*,#1181,.T.);
#1586=ORIENTED_EDGE('',*,*,#1177,.F.);
#1587=ORIENTED_EDGE('',*,*,#1137,.T.);
#1588=ORIENTED_EDGE('',*,*,#1182,.T.);
#1589=ORIENTED_EDGE('',*,*,#1183,.T.);
#1590=ORIENTED_EDGE('',*,*,#1184,.T.);
#1591=ORIENTED_EDGE('',*,*,#1140,.T.);
#1592=ORIENTED_EDGE('',*,*,#1185,.T.);
#1593=ORIENTED_EDGE('',*,*,#1186,.T.);
#1594=ORIENTED_EDGE('',*,*,#1182,.F.);
#1595=ORIENTED_EDGE('',*,*,#1187,.T.);
#1596=ORIENTED_EDGE('',*,*,#1185,.F.);
#1597=ORIENTED_EDGE('',*,*,#1139,.T.);
#1598=ORIENTED_EDGE('',*,*,#1188,.T.);
#1599=ORIENTED_EDGE('',*,*,#1138,.T.);
#1600=ORIENTED_EDGE('',*,*,#1184,.F.);
#1601=ORIENTED_EDGE('',*,*,#1189,.T.);
#1602=ORIENTED_EDGE('',*,*,#1188,.F.);
#1603=ORIENTED_EDGE('',*,*,#1189,.F.);
#1604=ORIENTED_EDGE('',*,*,#1190,.T.);
#1605=ORIENTED_EDGE('',*,*,#1191,.T.);
#1606=ORIENTED_EDGE('',*,*,#1192,.F.);
#1607=ORIENTED_EDGE('',*,*,#1183,.F.);
#1608=ORIENTED_EDGE('',*,*,#1193,.T.);
#1609=ORIENTED_EDGE('',*,*,#1194,.T.);
#1610=ORIENTED_EDGE('',*,*,#1190,.F.);
#1611=ORIENTED_EDGE('',*,*,#1133,.T.);
#1612=ORIENTED_EDGE('',*,*,#1195,.T.);
#1613=ORIENTED_EDGE('',*,*,#1196,.T.);
#1614=ORIENTED_EDGE('',*,*,#1197,.F.);
#1615=ORIENTED_EDGE('',*,*,#1136,.T.);
#1616=ORIENTED_EDGE('',*,*,#1198,.T.);
#1617=ORIENTED_EDGE('',*,*,#1199,.T.);
#1618=ORIENTED_EDGE('',*,*,#1195,.F.);
#1619=ORIENTED_EDGE('',*,*,#1200,.T.);
#1620=ORIENTED_EDGE('',*,*,#1201,.T.);
#1621=ORIENTED_EDGE('',*,*,#1134,.T.);
#1622=ORIENTED_EDGE('',*,*,#1197,.T.);
#1623=ORIENTED_EDGE('',*,*,#1135,.T.);
#1624=ORIENTED_EDGE('',*,*,#1201,.F.);
#1625=ORIENTED_EDGE('',*,*,#1202,.T.);
#1626=ORIENTED_EDGE('',*,*,#1198,.F.);
#1627=ORIENTED_EDGE('',*,*,#1200,.F.);
#1628=ORIENTED_EDGE('',*,*,#1203,.T.);
#1629=ORIENTED_EDGE('',*,*,#1204,.T.);
#1630=ORIENTED_EDGE('',*,*,#1205,.F.);
#1631=ORIENTED_EDGE('',*,*,#1196,.F.);
#1632=ORIENTED_EDGE('',*,*,#1206,.T.);
#1633=ORIENTED_EDGE('',*,*,#1207,.T.);
#1634=ORIENTED_EDGE('',*,*,#1203,.F.);
#1635=ORIENTED_EDGE('',*,*,#1119,.T.);
#1636=ORIENTED_EDGE('',*,*,#1120,.T.);
#1637=ORIENTED_EDGE('',*,*,#1208,.T.);
#1638=ORIENTED_EDGE('',*,*,#1209,.T.);
#1639=ORIENTED_EDGE('',*,*,#1208,.F.);
#1640=ORIENTED_EDGE('',*,*,#1210,.F.);
#1641=ORIENTED_EDGE('',*,*,#1204,.F.);
#1642=ORIENTED_EDGE('',*,*,#1207,.F.);
#1643=ORIENTED_EDGE('',*,*,#1211,.F.);
#1644=ORIENTED_EDGE('',*,*,#1209,.F.);
#1645=ORIENTED_EDGE('',*,*,#1114,.T.);
#1646=ORIENTED_EDGE('',*,*,#1115,.T.);
#1647=ORIENTED_EDGE('',*,*,#1212,.T.);
#1648=ORIENTED_EDGE('',*,*,#1213,.T.);
#1649=ORIENTED_EDGE('',*,*,#1212,.F.);
#1650=ORIENTED_EDGE('',*,*,#1214,.F.);
#1651=ORIENTED_EDGE('',*,*,#1165,.F.);
#1652=ORIENTED_EDGE('',*,*,#1168,.F.);
#1653=ORIENTED_EDGE('',*,*,#1215,.F.);
#1654=ORIENTED_EDGE('',*,*,#1213,.F.);
#1655=ORIENTED_EDGE('',*,*,#1109,.T.);
#1656=ORIENTED_EDGE('',*,*,#1110,.T.);
#1657=ORIENTED_EDGE('',*,*,#1216,.T.);
#1658=ORIENTED_EDGE('',*,*,#1217,.T.);
#1659=ORIENTED_EDGE('',*,*,#1216,.F.);
#1660=ORIENTED_EDGE('',*,*,#1178,.F.);
#1661=ORIENTED_EDGE('',*,*,#1181,.F.);
#1662=ORIENTED_EDGE('',*,*,#1218,.F.);
#1663=ORIENTED_EDGE('',*,*,#1219,.F.);
#1664=ORIENTED_EDGE('',*,*,#1217,.F.);
#1665=ORIENTED_EDGE('',*,*,#1104,.T.);
#1666=ORIENTED_EDGE('',*,*,#1105,.T.);
#1667=ORIENTED_EDGE('',*,*,#1220,.T.);
#1668=ORIENTED_EDGE('',*,*,#1221,.T.);
#1669=ORIENTED_EDGE('',*,*,#1220,.F.);
#1670=ORIENTED_EDGE('',*,*,#1191,.F.);
#1671=ORIENTED_EDGE('',*,*,#1194,.F.);
#1672=ORIENTED_EDGE('',*,*,#1222,.F.);
#1673=ORIENTED_EDGE('',*,*,#1223,.F.);
#1674=ORIENTED_EDGE('',*,*,#1221,.F.);
#1675=ORIENTED_EDGE('',*,*,#1199,.F.);
#1676=ORIENTED_EDGE('',*,*,#1224,.T.);
#1677=ORIENTED_EDGE('',*,*,#1211,.T.);
#1678=ORIENTED_EDGE('',*,*,#1206,.F.);
#1679=ORIENTED_EDGE('',*,*,#1202,.F.);
#1680=ORIENTED_EDGE('',*,*,#1205,.T.);
#1681=ORIENTED_EDGE('',*,*,#1210,.T.);
#1682=ORIENTED_EDGE('',*,*,#1224,.F.);
#1683=ORIENTED_EDGE('',*,*,#1186,.F.);
#1684=ORIENTED_EDGE('',*,*,#1225,.T.);
#1685=ORIENTED_EDGE('',*,*,#1222,.T.);
#1686=ORIENTED_EDGE('',*,*,#1193,.F.);
#1687=ORIENTED_EDGE('',*,*,#1187,.F.);
#1688=ORIENTED_EDGE('',*,*,#1192,.T.);
#1689=ORIENTED_EDGE('',*,*,#1223,.T.);
#1690=ORIENTED_EDGE('',*,*,#1225,.F.);
#1691=ORIENTED_EDGE('',*,*,#1160,.F.);
#1692=ORIENTED_EDGE('',*,*,#1226,.T.);
#1693=ORIENTED_EDGE('',*,*,#1215,.T.);
#1694=ORIENTED_EDGE('',*,*,#1167,.F.);
#1695=ORIENTED_EDGE('',*,*,#1163,.F.);
#1696=ORIENTED_EDGE('',*,*,#1166,.T.);
#1697=ORIENTED_EDGE('',*,*,#1214,.T.);
#1698=ORIENTED_EDGE('',*,*,#1226,.F.);
#1699=ORIENTED_EDGE('',*,*,#1175,.F.);
#1700=ORIENTED_EDGE('',*,*,#1227,.T.);
#1701=ORIENTED_EDGE('',*,*,#1218,.T.);
#1702=ORIENTED_EDGE('',*,*,#1180,.F.);
#1703=ORIENTED_EDGE('',*,*,#1170,.F.);
#1704=ORIENTED_EDGE('',*,*,#1179,.T.);
#1705=ORIENTED_EDGE('',*,*,#1219,.T.);
#1706=ORIENTED_EDGE('',*,*,#1227,.F.);
#1707=ORIENTED_EDGE('',*,*,#1154,.T.);
#1708=ORIENTED_EDGE('',*,*,#1228,.T.);
#1709=ORIENTED_EDGE('',*,*,#1065,.F.);
#1710=ORIENTED_EDGE('',*,*,#1069,.T.);
#1711=ORIENTED_EDGE('',*,*,#1075,.F.);
#1712=ORIENTED_EDGE('',*,*,#1229,.T.);
#1713=ORIENTED_EDGE('',*,*,#1230,.T.);
#1714=ORIENTED_EDGE('',*,*,#1061,.T.);
#1715=ORIENTED_EDGE('',*,*,#1059,.F.);
#1716=ORIENTED_EDGE('',*,*,#1231,.T.);
#1717=ORIENTED_EDGE('',*,*,#1049,.F.);
#1718=ORIENTED_EDGE('',*,*,#1053,.T.);
#1719=ORIENTED_EDGE('',*,*,#1232,.T.);
#1720=ORIENTED_EDGE('',*,*,#1096,.F.);
#1721=ORIENTED_EDGE('',*,*,#1100,.F.);
#1722=ORIENTED_EDGE('',*,*,#1092,.F.);
#1723=ORIENTED_EDGE('',*,*,#1088,.F.);
#1724=ORIENTED_EDGE('',*,*,#1233,.T.);
#1725=ORIENTED_EDGE('',*,*,#1036,.F.);
#1726=ORIENTED_EDGE('',*,*,#1040,.T.);
#1727=ORIENTED_EDGE('',*,*,#1046,.F.);
#1728=ORIENTED_EDGE('',*,*,#1234,.T.);
#1729=ORIENTED_EDGE('',*,*,#1235,.T.);
#1730=ORIENTED_EDGE('',*,*,#1066,.F.);
#1731=ORIENTED_EDGE('',*,*,#1228,.F.);
#1732=ORIENTED_EDGE('',*,*,#1236,.T.);
#1733=ORIENTED_EDGE('',*,*,#1070,.F.);
#1734=ORIENTED_EDGE('',*,*,#1074,.F.);
#1735=ORIENTED_EDGE('',*,*,#1072,.F.);
#1736=ORIENTED_EDGE('',*,*,#1237,.F.);
#1737=ORIENTED_EDGE('',*,*,#1229,.F.);
#1738=ORIENTED_EDGE('',*,*,#1230,.F.);
#1739=ORIENTED_EDGE('',*,*,#1237,.T.);
#1740=ORIENTED_EDGE('',*,*,#1071,.F.);
#1741=ORIENTED_EDGE('',*,*,#1236,.F.);
#1742=ORIENTED_EDGE('',*,*,#1037,.F.);
#1743=ORIENTED_EDGE('',*,*,#1233,.F.);
#1744=ORIENTED_EDGE('',*,*,#1238,.T.);
#1745=ORIENTED_EDGE('',*,*,#1041,.F.);
#1746=ORIENTED_EDGE('',*,*,#1045,.F.);
#1747=ORIENTED_EDGE('',*,*,#1043,.F.);
#1748=ORIENTED_EDGE('',*,*,#1239,.F.);
#1749=ORIENTED_EDGE('',*,*,#1234,.F.);
#1750=ORIENTED_EDGE('',*,*,#1235,.F.);
#1751=ORIENTED_EDGE('',*,*,#1239,.T.);
#1752=ORIENTED_EDGE('',*,*,#1042,.F.);
#1753=ORIENTED_EDGE('',*,*,#1238,.F.);
#1754=ORIENTED_EDGE('',*,*,#1050,.F.);
#1755=ORIENTED_EDGE('',*,*,#1231,.F.);
#1756=ORIENTED_EDGE('',*,*,#1058,.F.);
#1757=ORIENTED_EDGE('',*,*,#1054,.F.);
#1758=ORIENTED_EDGE('',*,*,#1232,.F.);
#1759=ORIENTED_EDGE('',*,*,#1052,.T.);
#1760=ORIENTED_EDGE('',*,*,#1057,.F.);
#1761=ORIENTED_EDGE('',*,*,#1062,.F.);
#1762=CYLINDRICAL_SURFACE('',#1917,1.98038475772933);
#1763=CYLINDRICAL_SURFACE('',#1919,1.98038475772933);
#1764=CYLINDRICAL_SURFACE('',#1921,2.5);
#1765=CYLINDRICAL_SURFACE('',#1923,2.5);
#1766=CYLINDRICAL_SURFACE('',#1924,2.5);
#1767=CYLINDRICAL_SURFACE('',#1933,2.5);
#1768=CYLINDRICAL_SURFACE('',#1934,1.98038475772933);
#1769=CYLINDRICAL_SURFACE('',#1949,0.25);
#1770=CYLINDRICAL_SURFACE('',#1956,0.25);
#1771=CYLINDRICAL_SURFACE('',#1958,0.25);
#1772=CYLINDRICAL_SURFACE('',#1965,0.25);
#1773=CYLINDRICAL_SURFACE('',#1968,0.25);
#1774=CYLINDRICAL_SURFACE('',#1975,0.25);
#1775=CYLINDRICAL_SURFACE('',#1989,1.6);
#1776=CYLINDRICAL_SURFACE('',#1993,1.6);
#1777=CYLINDRICAL_SURFACE('',#1997,2.6);
#1778=CYLINDRICAL_SURFACE('',#2001,1.6);
#1779=CYLINDRICAL_SURFACE('',#2005,2.7);
#1780=CYLINDRICAL_SURFACE('',#2010,2.7);
#1781=CYLINDRICAL_SURFACE('',#2015,2.7);
#1782=CYLINDRICAL_SURFACE('',#2020,2.7);
#1783=CYLINDRICAL_SURFACE('',#2025,47.5);
#1784=CYLINDRICAL_SURFACE('',#2035,14.2);
#1785=CYLINDRICAL_SURFACE('',#2042,12.625);
#1786=CYLINDRICAL_SURFACE('',#2095,12.55);
#1787=CYLINDRICAL_SURFACE('',#2098,12.55);
#1788=CYLINDRICAL_SURFACE('',#2100,12.55);
#1789=ADVANCED_FACE('',(#162),#1762,.F.);
#1790=ADVANCED_FACE('',(#163),#1763,.F.);
#1791=ADVANCED_FACE('',(#164),#1764,.F.);
#1792=ADVANCED_FACE('',(#165),#1765,.F.);
#1793=ADVANCED_FACE('',(#166),#1766,.F.);
#1794=ADVANCED_FACE('',(#167),#123,.F.);
#1795=ADVANCED_FACE('',(#168),#124,.F.);
#1796=ADVANCED_FACE('',(#169),#125,.F.);
#1797=ADVANCED_FACE('',(#170),#126,.F.);
#1798=ADVANCED_FACE('',(#171),#1767,.F.);
#1799=ADVANCED_FACE('',(#172),#121,.T.);
#1800=ADVANCED_FACE('',(#173),#1768,.F.);
#1801=ADVANCED_FACE('',(#174),#122,.T.);
#1802=ADVANCED_FACE('',(#175,#36),#63,.T.);
#1803=ADVANCED_FACE('',(#176),#64,.F.);
#1804=ADVANCED_FACE('',(#177),#65,.F.);
#1805=ADVANCED_FACE('',(#178),#66,.F.);
#1806=ADVANCED_FACE('',(#179),#67,.F.);
#1807=ADVANCED_FACE('',(#180,#37),#68,.F.);
#1808=ADVANCED_FACE('',(#181),#127,.T.);
#1809=ADVANCED_FACE('',(#182),#128,.T.);
#1810=ADVANCED_FACE('',(#183),#129,.T.);
#1811=ADVANCED_FACE('',(#184),#130,.T.);
#1812=ADVANCED_FACE('',(#185),#1769,.T.);
#1813=ADVANCED_FACE('',(#186),#69,.T.);
#1814=ADVANCED_FACE('',(#187),#70,.F.);
#1815=ADVANCED_FACE('',(#188),#1770,.T.);
#1816=ADVANCED_FACE('',(#189),#1771,.T.);
#1817=ADVANCED_FACE('',(#190),#71,.T.);
#1818=ADVANCED_FACE('',(#191),#72,.F.);
#1819=ADVANCED_FACE('',(#192),#1772,.T.);
#1820=ADVANCED_FACE('',(#193),#73,.T.);
#1821=ADVANCED_FACE('',(#194),#1773,.T.);
#1822=ADVANCED_FACE('',(#195),#74,.T.);
#1823=ADVANCED_FACE('',(#196),#75,.F.);
#1824=ADVANCED_FACE('',(#197),#1774,.T.);
#1825=ADVANCED_FACE('',(#198),#131,.F.);
#1826=ADVANCED_FACE('',(#199,#38,#39,#40,#41,#42,#43,#44,#45),#76,.T.);
#1827=ADVANCED_FACE('',(#200),#1775,.F.);
#1828=ADVANCED_FACE('',(#201),#132,.F.);
#1829=ADVANCED_FACE('',(#202),#1776,.F.);
#1830=ADVANCED_FACE('',(#203),#133,.F.);
#1831=ADVANCED_FACE('',(#204),#1777,.F.);
#1832=ADVANCED_FACE('',(#205),#134,.F.);
#1833=ADVANCED_FACE('',(#206),#1778,.F.);
#1834=ADVANCED_FACE('',(#207),#135,.F.);
#1835=ADVANCED_FACE('',(#208),#1779,.F.);
#1836=ADVANCED_FACE('',(#209),#136,.F.);
#1837=ADVANCED_FACE('',(#210),#1780,.F.);
#1838=ADVANCED_FACE('',(#211),#137,.F.);
#1839=ADVANCED_FACE('',(#212),#1781,.F.);
#1840=ADVANCED_FACE('',(#213),#138,.F.);
#1841=ADVANCED_FACE('',(#214),#1782,.F.);
#1842=ADVANCED_FACE('',(#215),#139,.T.);
#1843=ADVANCED_FACE('',(#216),#1783,.T.);
#1844=ADVANCED_FACE('',(#217),#140,.T.);
#1845=ADVANCED_FACE('',(#218,#46,#47,#48,#49,#50),#77,.T.);
#1846=ADVANCED_FACE('',(#219),#27,.F.);
#1847=ADVANCED_FACE('',(#220),#1784,.T.);
#1848=ADVANCED_FACE('',(#221),#141,.F.);
#1849=ADVANCED_FACE('',(#222,#51),#78,.T.);
#1850=ADVANCED_FACE('',(#223),#1785,.F.);
#1851=ADVANCED_FACE('',(#224),#142,.T.);
#1852=ADVANCED_FACE('',(#225),#79,.T.);
#1853=ADVANCED_FACE('',(#226),#80,.T.);
#1854=ADVANCED_FACE('',(#227),#81,.T.);
#1855=ADVANCED_FACE('',(#228),#82,.T.);
#1856=ADVANCED_FACE('',(#229),#83,.F.);
#1857=ADVANCED_FACE('',(#230),#84,.F.);
#1858=ADVANCED_FACE('',(#231),#85,.T.);
#1859=ADVANCED_FACE('',(#232),#86,.T.);
#1860=ADVANCED_FACE('',(#233),#87,.T.);
#1861=ADVANCED_FACE('',(#234),#88,.T.);
#1862=ADVANCED_FACE('',(#235),#89,.F.);
#1863=ADVANCED_FACE('',(#236),#90,.F.);
#1864=ADVANCED_FACE('',(#237),#91,.T.);
#1865=ADVANCED_FACE('',(#238),#92,.T.);
#1866=ADVANCED_FACE('',(#239),#93,.T.);
#1867=ADVANCED_FACE('',(#240),#94,.T.);
#1868=ADVANCED_FACE('',(#241),#95,.F.);
#1869=ADVANCED_FACE('',(#242),#96,.F.);
#1870=ADVANCED_FACE('',(#243),#97,.T.);
#1871=ADVANCED_FACE('',(#244),#98,.T.);
#1872=ADVANCED_FACE('',(#245),#99,.T.);
#1873=ADVANCED_FACE('',(#246),#100,.T.);
#1874=ADVANCED_FACE('',(#247),#101,.F.);
#1875=ADVANCED_FACE('',(#248),#102,.F.);
#1876=ADVANCED_FACE('',(#249),#143,.F.);
#1877=ADVANCED_FACE('',(#250,#52),#103,.T.);
#1878=ADVANCED_FACE('',(#251),#144,.F.);
#1879=ADVANCED_FACE('',(#252,#53),#104,.T.);
#1880=ADVANCED_FACE('',(#253),#145,.F.);
#1881=ADVANCED_FACE('',(#254,#54),#105,.T.);
#1882=ADVANCED_FACE('',(#255),#146,.F.);
#1883=ADVANCED_FACE('',(#256,#55),#106,.T.);
#1884=ADVANCED_FACE('',(#257),#107,.F.);
#1885=ADVANCED_FACE('',(#258),#108,.F.);
#1886=ADVANCED_FACE('',(#259),#109,.F.);
#1887=ADVANCED_FACE('',(#260),#110,.F.);
#1888=ADVANCED_FACE('',(#261),#111,.F.);
#1889=ADVANCED_FACE('',(#262),#112,.F.);
#1890=ADVANCED_FACE('',(#263),#113,.F.);
#1891=ADVANCED_FACE('',(#264),#114,.F.);
#1892=ADVANCED_FACE('',(#265,#56,#57,#58,#59,#60,#61,#62),#115,.F.);
#1893=ADVANCED_FACE('',(#266),#116,.T.);
#1894=ADVANCED_FACE('',(#267),#117,.T.);
#1895=ADVANCED_FACE('',(#268),#1786,.T.);
#1896=ADVANCED_FACE('',(#269),#118,.T.);
#1897=ADVANCED_FACE('',(#270),#119,.T.);
#1898=ADVANCED_FACE('',(#271),#1787,.T.);
#1899=ADVANCED_FACE('',(#272),#120,.T.);
#1900=ADVANCED_FACE('',(#273),#1788,.T.);
#1901=CLOSED_SHELL('',(#1789,#1790,#1791,#1792,#1793,#1794,#1795,#1796,
#1797,#1798,#1799,#1800,#1801,#1802,#1803,#1804,#1805,#1806,#1807,#1808,
#1809,#1810,#1811));
#1902=CLOSED_SHELL('',(#1812,#1813,#1814,#1815,#1816,#1817,#1818,#1819,
#1820,#1821,#1822,#1823,#1824,#1825,#1826,#1827,#1828,#1829,#1830,#1831,
#1832,#1833,#1834,#1835,#1836,#1837,#1838,#1839,#1840,#1841,#1842,#1843,
#1844,#1845,#1846,#1847,#1848,#1849,#1850,#1851,#1852,#1853,#1854,#1855,
#1856,#1857,#1858,#1859,#1860,#1861,#1862,#1863,#1864,#1865,#1866,#1867,
#1868,#1869,#1870,#1871,#1872,#1873,#1874,#1875,#1876,#1877,#1878,#1879,
#1880,#1881,#1882,#1883,#1884,#1885,#1886,#1887,#1888,#1889,#1890,#1891,
#1892,#1893,#1894,#1895,#1896,#1897,#1898,#1899,#1900));
#1903=DERIVED_UNIT_ELEMENT(#1905,1.);
#1904=DERIVED_UNIT_ELEMENT(#3916,-3.);
#1905=(
MASS_UNIT()
NAMED_UNIT(*)
SI_UNIT(.KILO.,.GRAM.)
);
#1906=DERIVED_UNIT((#1903,#1904));
#1907=MEASURE_REPRESENTATION_ITEM('density measure',
POSITIVE_RATIO_MEASURE(2700.),#1906);
#1908=PROPERTY_DEFINITION_REPRESENTATION(#1913,#1910);
#1909=PROPERTY_DEFINITION_REPRESENTATION(#1914,#1911);
#1910=REPRESENTATION('material name',(#1912),#3913);
#1911=REPRESENTATION('density',(#1907),#3913);
#1912=DESCRIPTIVE_REPRESENTATION_ITEM('Aluminum 6061','Aluminum 6061');
#1913=PROPERTY_DEFINITION('material property','material name',#3931);
#1914=PROPERTY_DEFINITION('material property','density of part',#3931);
#1915=AXIS2_PLACEMENT_3D('',#2643,#2105,#2106);
#1916=AXIS2_PLACEMENT_3D('',#2644,#2107,#2108);
#1917=AXIS2_PLACEMENT_3D('',#2645,#2109,#2110);
#1918=AXIS2_PLACEMENT_3D('',#2658,#2112,#2113);
#1919=AXIS2_PLACEMENT_3D('',#2668,#2114,#2115);
#1920=AXIS2_PLACEMENT_3D('',#2685,#2117,#2118);
#1921=AXIS2_PLACEMENT_3D('',#2699,#2119,#2120);
#1922=AXIS2_PLACEMENT_3D('',#2733,#2122,#2123);
#1923=AXIS2_PLACEMENT_3D('',#2766,#2124,#2125);
#1924=AXIS2_PLACEMENT_3D('',#2842,#2127,#2128);
#1925=AXIS2_PLACEMENT_3D('',#2868,#2130,#2131);
#1926=AXIS2_PLACEMENT_3D('',#2893,#2132,#2133);
#1927=AXIS2_PLACEMENT_3D('',#2911,#2135,#2136);
#1928=AXIS2_PLACEMENT_3D('',#2961,#2138,#2139);
#1929=AXIS2_PLACEMENT_3D('',#2962,#2140,#2141);
#1930=AXIS2_PLACEMENT_3D('',#2963,#2142,#2143);
#1931=AXIS2_PLACEMENT_3D('',#2980,#2144,#2145);
#1932=AXIS2_PLACEMENT_3D('',#2989,#2146,#2147);
#1933=AXIS2_PLACEMENT_3D('',#3032,#2148,#2149);
#1934=AXIS2_PLACEMENT_3D('',#3264,#2150,#2151);
#1935=AXIS2_PLACEMENT_3D('',#3424,#2152,#2153);
#1936=AXIS2_PLACEMENT_3D('',#3427,#2154,#2155);
#1937=AXIS2_PLACEMENT_3D('',#3429,#2156,#2157);
#1938=AXIS2_PLACEMENT_3D('',#3431,#2158,#2159);
#1939=AXIS2_PLACEMENT_3D('',#3432,#2160,#2161);
#1940=AXIS2_PLACEMENT_3D('',#3433,#2162,#2163);
#1941=AXIS2_PLACEMENT_3D('',#3447,#2167,#2168);
#1942=AXIS2_PLACEMENT_3D('',#3458,#2171,#2172);
#1943=AXIS2_PLACEMENT_3D('',#3469,#2175,#2176);
#1944=AXIS2_PLACEMENT_3D('',#3477,#2178,#2179);
#1945=AXIS2_PLACEMENT_3D('',#3478,#2180,#2181);
#1946=AXIS2_PLACEMENT_3D('',#3479,#2182,#2183);
#1947=AXIS2_PLACEMENT_3D('',#3480,#2184,#2185);
#1948=AXIS2_PLACEMENT_3D('',#3481,#2186,#2187);
#1949=AXIS2_PLACEMENT_3D('',#3482,#2188,#2189);
#1950=AXIS2_PLACEMENT_3D('',#3485,#2190,#2191);
#1951=AXIS2_PLACEMENT_3D('',#3489,#2193,#2194);
#1952=AXIS2_PLACEMENT_3D('',#3491,#2196,#2197);
#1953=AXIS2_PLACEMENT_3D('',#3497,#2201,#2202);
#1954=AXIS2_PLACEMENT_3D('',#3501,#2204,#2205);
#1955=AXIS2_PLACEMENT_3D('',#3504,#2207,#2208);
#1956=AXIS2_PLACEMENT_3D('',#3505,#2209,#2210);
#1957=AXIS2_PLACEMENT_3D('',#3508,#2212,#2213);
#1958=AXIS2_PLACEMENT_3D('',#3509,#2214,#2215);
#1959=AXIS2_PLACEMENT_3D('',#3512,#2216,#2217);
#1960=AXIS2_PLACEMENT_3D('',#3516,#2219,#2220);
#1961=AXIS2_PLACEMENT_3D('',#3518,#2222,#2223);
#1962=AXIS2_PLACEMENT_3D('',#3524,#2227,#2228);
#1963=AXIS2_PLACEMENT_3D('',#3528,#2230,#2231);
#1964=AXIS2_PLACEMENT_3D('',#3531,#2233,#2234);
#1965=AXIS2_PLACEMENT_3D('',#3532,#2235,#2236);
#1966=AXIS2_PLACEMENT_3D('',#3536,#2238,#2239);
#1967=AXIS2_PLACEMENT_3D('',#3538,#2241,#2242);
#1968=AXIS2_PLACEMENT_3D('',#3542,#2245,#2246);
#1969=AXIS2_PLACEMENT_3D('',#3545,#2247,#2248);
#1970=AXIS2_PLACEMENT_3D('',#3549,#2250,#2251);
#1971=AXIS2_PLACEMENT_3D('',#3551,#2253,#2254);
#1972=AXIS2_PLACEMENT_3D('',#3557,#2258,#2259);
#1973=AXIS2_PLACEMENT_3D('',#3561,#2261,#2262);
#1974=AXIS2_PLACEMENT_3D('',#3564,#2264,#2265);
#1975=AXIS2_PLACEMENT_3D('',#3565,#2266,#2267);
#1976=AXIS2_PLACEMENT_3D('',#3568,#2269,#2270);
#1977=AXIS2_PLACEMENT_3D('',#3569,#2271,#2272);
#1978=AXIS2_PLACEMENT_3D('',#3571,#2273,#2274);
#1979=AXIS2_PLACEMENT_3D('',#3574,#2276,#2277);
#1980=AXIS2_PLACEMENT_3D('',#3575,#2278,#2279);
#1981=AXIS2_PLACEMENT_3D('',#3577,#2280,#2281);
#1982=AXIS2_PLACEMENT_3D('',#3579,#2282,#2283);
#1983=AXIS2_PLACEMENT_3D('',#3581,#2284,#2285);
#1984=AXIS2_PLACEMENT_3D('',#3583,#2286,#2287);
#1985=AXIS2_PLACEMENT_3D('',#3585,#2288,#2289);
#1986=AXIS2_PLACEMENT_3D('',#3587,#2290,#2291);
#1987=AXIS2_PLACEMENT_3D('',#3589,#2292,#2293);
#1988=AXIS2_PLACEMENT_3D('',#3591,#2294,#2295);
#1989=AXIS2_PLACEMENT_3D('',#3592,#2296,#2297);
#1990=AXIS2_PLACEMENT_3D('',#3595,#2299,#2300);
#1991=AXIS2_PLACEMENT_3D('',#3596,#2301,#2302);
#1992=AXIS2_PLACEMENT_3D('',#3599,#2304,#2305);
#1993=AXIS2_PLACEMENT_3D('',#3600,#2306,#2307);
#1994=AXIS2_PLACEMENT_3D('',#3603,#2309,#2310);
#1995=AXIS2_PLACEMENT_3D('',#3604,#2311,#2312);
#1996=AXIS2_PLACEMENT_3D('',#3607,#2314,#2315);
#1997=AXIS2_PLACEMENT_3D('',#3608,#2316,#2317);
#1998=AXIS2_PLACEMENT_3D('',#3611,#2319,#2320);
#1999=AXIS2_PLACEMENT_3D('',#3612,#2321,#2322);
#2000=AXIS2_PLACEMENT_3D('',#3615,#2324,#2325);
#2001=AXIS2_PLACEMENT_3D('',#3616,#2326,#2327);
#2002=AXIS2_PLACEMENT_3D('',#3619,#2329,#2330);
#2003=AXIS2_PLACEMENT_3D('',#3620,#2331,#2332);
#2004=AXIS2_PLACEMENT_3D('',#3623,#2334,#2335);
#2005=AXIS2_PLACEMENT_3D('',#3624,#2336,#2337);
#2006=AXIS2_PLACEMENT_3D('',#3628,#2339,#2340);
#2007=AXIS2_PLACEMENT_3D('',#3629,#2341,#2342);
#2008=AXIS2_PLACEMENT_3D('',#3630,#2343,#2344);
#2009=AXIS2_PLACEMENT_3D('',#3633,#2346,#2347);
#2010=AXIS2_PLACEMENT_3D('',#3634,#2348,#2349);
#2011=AXIS2_PLACEMENT_3D('',#3638,#2351,#2352);
#2012=AXIS2_PLACEMENT_3D('',#3639,#2353,#2354);
#2013=AXIS2_PLACEMENT_3D('',#3640,#2355,#2356);
#2014=AXIS2_PLACEMENT_3D('',#3643,#2358,#2359);
#2015=AXIS2_PLACEMENT_3D('',#3644,#2360,#2361);
#2016=AXIS2_PLACEMENT_3D('',#3648,#2363,#2364);
#2017=AXIS2_PLACEMENT_3D('',#3649,#2365,#2366);
#2018=AXIS2_PLACEMENT_3D('',#3650,#2367,#2368);
#2019=AXIS2_PLACEMENT_3D('',#3653,#2370,#2371);
#2020=AXIS2_PLACEMENT_3D('',#3654,#2372,#2373);
#2021=AXIS2_PLACEMENT_3D('',#3658,#2375,#2376);
#2022=AXIS2_PLACEMENT_3D('',#3659,#2377,#2378);
#2023=AXIS2_PLACEMENT_3D('',#3660,#2379,#2380);
#2024=AXIS2_PLACEMENT_3D('',#3663,#2382,#2383);
#2025=AXIS2_PLACEMENT_3D('',#3664,#2384,#2385);
#2026=AXIS2_PLACEMENT_3D('',#3668,#2387,#2388);
#2027=AXIS2_PLACEMENT_3D('',#3669,#2389,#2390);
#2028=AXIS2_PLACEMENT_3D('',#3670,#2391,#2392);
#2029=AXIS2_PLACEMENT_3D('',#3672,#2393,#2394);
#2030=AXIS2_PLACEMENT_3D('',#3674,#2396,#2397);
#2031=AXIS2_PLACEMENT_3D('',#3676,#2398,#2399);
#2032=AXIS2_PLACEMENT_3D('',#3709,#2416,#2417);
#2033=AXIS2_PLACEMENT_3D('',#3711,#2418,#2419);
#2034=AXIS2_PLACEMENT_3D('',#3712,#2420,#2421);
#2035=AXIS2_PLACEMENT_3D('',#3713,#2422,#2423);
#2036=AXIS2_PLACEMENT_3D('',#3715,#2424,#2425);
#2037=AXIS2_PLACEMENT_3D('',#3717,#2427,#2428);
#2038=AXIS2_PLACEMENT_3D('',#3719,#2429,#2430);
#2039=AXIS2_PLACEMENT_3D('',#3722,#2432,#2433);
#2040=AXIS2_PLACEMENT_3D('',#3723,#2434,#2435);
#2041=AXIS2_PLACEMENT_3D('',#3725,#2436,#2437);
#2042=AXIS2_PLACEMENT_3D('',#3726,#2438,#2439);
#2043=AXIS2_PLACEMENT_3D('',#3729,#2441,#2442);
#2044=AXIS2_PLACEMENT_3D('',#3730,#2443,#2444);
#2045=AXIS2_PLACEMENT_3D('',#3732,#2446,#2447);
#2046=AXIS2_PLACEMENT_3D('',#3738,#2451,#2452);
#2047=AXIS2_PLACEMENT_3D('',#3742,#2455,#2456);
#2048=AXIS2_PLACEMENT_3D('',#3746,#2459,#2460);
#2049=AXIS2_PLACEMENT_3D('',#3748,#2462,#2463);
#2050=AXIS2_PLACEMENT_3D('',#3754,#2467,#2468);
#2051=AXIS2_PLACEMENT_3D('',#3758,#2471,#2472);
#2052=AXIS2_PLACEMENT_3D('',#3764,#2476,#2477);
#2053=AXIS2_PLACEMENT_3D('',#3770,#2481,#2482);
#2054=AXIS2_PLACEMENT_3D('',#3772,#2484,#2485);
#2055=AXIS2_PLACEMENT_3D('',#3774,#2487,#2488);
#2056=AXIS2_PLACEMENT_3D('',#3780,#2492,#2493);
#2057=AXIS2_PLACEMENT_3D('',#3784,#2496,#2497);
#2058=AXIS2_PLACEMENT_3D('',#3790,#2501,#2502);
#2059=AXIS2_PLACEMENT_3D('',#3794,#2505,#2506);
#2060=AXIS2_PLACEMENT_3D('',#3798,#2509,#2510);
#2061=AXIS2_PLACEMENT_3D('',#3800,#2512,#2513);
#2062=AXIS2_PLACEMENT_3D('',#3806,#2517,#2518);
#2063=AXIS2_PLACEMENT_3D('',#3810,#2521,#2522);
#2064=AXIS2_PLACEMENT_3D('',#3816,#2526,#2527);
#2065=AXIS2_PLACEMENT_3D('',#3820,#2530,#2531);
#2066=AXIS2_PLACEMENT_3D('',#3824,#2534,#2535);
#2067=AXIS2_PLACEMENT_3D('',#3826,#2537,#2538);
#2068=AXIS2_PLACEMENT_3D('',#3832,#2542,#2543);
#2069=AXIS2_PLACEMENT_3D('',#3836,#2546,#2547);
#2070=AXIS2_PLACEMENT_3D('',#3839,#2549,#2550);
#2071=AXIS2_PLACEMENT_3D('',#3840,#2551,#2552);
#2072=AXIS2_PLACEMENT_3D('',#3844,#2555,#2556);
#2073=AXIS2_PLACEMENT_3D('',#3847,#2558,#2559);
#2074=AXIS2_PLACEMENT_3D('',#3848,#2560,#2561);
#2075=AXIS2_PLACEMENT_3D('',#3852,#2564,#2565);
#2076=AXIS2_PLACEMENT_3D('',#3855,#2567,#2568);
#2077=AXIS2_PLACEMENT_3D('',#3856,#2569,#2570);
#2078=AXIS2_PLACEMENT_3D('',#3860,#2573,#2574);
#2079=AXIS2_PLACEMENT_3D('',#3863,#2576,#2577);
#2080=AXIS2_PLACEMENT_3D('',#3864,#2578,#2579);
#2081=AXIS2_PLACEMENT_3D('',#3868,#2582,#2583);
#2082=AXIS2_PLACEMENT_3D('',#3870,#2585,#2586);
#2083=AXIS2_PLACEMENT_3D('',#3871,#2587,#2588);
#2084=AXIS2_PLACEMENT_3D('',#3873,#2590,#2591);
#2085=AXIS2_PLACEMENT_3D('',#3874,#2592,#2593);
#2086=AXIS2_PLACEMENT_3D('',#3876,#2595,#2596);
#2087=AXIS2_PLACEMENT_3D('',#3877,#2597,#2598);
#2088=AXIS2_PLACEMENT_3D('',#3879,#2600,#2601);
#2089=AXIS2_PLACEMENT_3D('',#3880,#2602,#2603);
#2090=AXIS2_PLACEMENT_3D('',#3885,#2606,#2607);
#2091=AXIS2_PLACEMENT_3D('',#3887,#2609,#2610);
#2092=AXIS2_PLACEMENT_3D('',#3892,#2613,#2614);
#2093=AXIS2_PLACEMENT_3D('',#3893,#2615,#2616);
#2094=AXIS2_PLACEMENT_3D('',#3895,#2618,#2619);
#2095=AXIS2_PLACEMENT_3D('',#3897,#2621,#2622);
#2096=AXIS2_PLACEMENT_3D('',#3898,#2623,#2624);
#2097=AXIS2_PLACEMENT_3D('',#3900,#2626,#2627);
#2098=AXIS2_PLACEMENT_3D('',#3902,#2629,#2630);
#2099=AXIS2_PLACEMENT_3D('',#3903,#2631,#2632);
#2100=AXIS2_PLACEMENT_3D('',#3904,#2633,#2634);
#2101=AXIS2_PLACEMENT_3D('',#3905,#2635,#2636);
#2102=AXIS2_PLACEMENT_3D('',#3906,#2637,#2638);
#2103=AXIS2_PLACEMENT_3D('',#3907,#2639,#2640);
#2104=AXIS2_PLACEMENT_3D('',#3908,#2641,#2642);
#2105=DIRECTION('axis',(0.,0.,1.));
#2106=DIRECTION('refdir',(1.,0.,0.));
#2107=DIRECTION('axis',(0.,0.,1.));
#2108=DIRECTION('refdir',(1.,0.,0.));
#2109=DIRECTION('center_axis',(0.,-1.,0.));
#2110=DIRECTION('ref_axis',(-1.83117987687335E-16,0.,-1.));
#2111=DIRECTION('',(0.,1.,0.));
#2112=DIRECTION('center_axis',(-7.96481141798655E-16,-1.,5.97185076540805E-16));
#2113=DIRECTION('ref_axis',(0.809554889699651,-9.81067080783686E-16,-0.58704418961726));
#2114=DIRECTION('center_axis',(0.,-1.,0.));
#2115=DIRECTION('ref_axis',(-1.83117987687335E-16,0.,-1.));
#2116=DIRECTION('',(0.,1.,0.));
#2117=DIRECTION('center_axis',(1.62306153992607E-13,-1.,-5.99118833277009E-14));
#2118=DIRECTION('ref_axis',(0.987544679583873,1.69724604975549E-13,-0.157338824914846));
#2119=DIRECTION('center_axis',(0.,-1.,0.));
#2120=DIRECTION('ref_axis',(0.,0.,-1.));
#2121=DIRECTION('',(0.,-1.,0.));
#2122=DIRECTION('center_axis',(0.,1.,0.));
#2123=DIRECTION('ref_axis',(0.,0.,1.));
#2124=DIRECTION('center_axis',(0.,-1.,0.));
#2125=DIRECTION('ref_axis',(0.,0.,-1.));
#2126=DIRECTION('',(0.,-1.,0.));
#2127=DIRECTION('center_axis',(0.,-1.,0.));
#2128=DIRECTION('ref_axis',(0.,0.,-1.));
#2129=DIRECTION('',(0.,-1.,0.));
#2130=DIRECTION('center_axis',(0.,1.,0.));
#2131=DIRECTION('ref_axis',(0.,0.,1.));
#2132=DIRECTION('center_axis',(0.,1.,0.));
#2133=DIRECTION('ref_axis',(0.,0.,1.));
#2134=DIRECTION('',(-8.65956056235495E-17,0.707106781186546,-0.707106781186549));
#2135=DIRECTION('center_axis',(0.,-1.,0.));
#2136=DIRECTION('ref_axis',(0.,0.,1.));
#2137=DIRECTION('',(8.65956056235495E-17,-0.707106781186546,-0.707106781186549));
#2138=DIRECTION('center_axis',(0.,1.,0.));
#2139=DIRECTION('ref_axis',(0.,0.,1.));
#2140=DIRECTION('center_axis',(0.,-1.,0.));
#2141=DIRECTION('ref_axis',(0.,0.,1.));
#2142=DIRECTION('center_axis',(0.,1.,0.));
#2143=DIRECTION('ref_axis',(0.,0.,1.));
#2144=DIRECTION('center_axis',(0.,1.,0.));
#2145=DIRECTION('ref_axis',(0.,0.,1.));
#2146=DIRECTION('center_axis',(0.,1.,0.));
#2147=DIRECTION('ref_axis',(0.,0.,1.));
#2148=DIRECTION('center_axis',(0.,-1.,0.));
#2149=DIRECTION('ref_axis',(0.,0.,-1.));
#2150=DIRECTION('center_axis',(0.,-1.,0.));
#2151=DIRECTION('ref_axis',(-1.83117987687335E-16,0.,-1.));
#2152=DIRECTION('center_axis',(0.,1.,0.));
#2153=DIRECTION('ref_axis',(0.,0.,1.));
#2154=DIRECTION('center_axis',(0.,1.,0.));
#2155=DIRECTION('ref_axis',(0.,0.,1.));
#2156=DIRECTION('center_axis',(0.,1.,0.));
#2157=DIRECTION('ref_axis',(0.,0.,1.));
#2158=DIRECTION('center_axis',(0.,1.,0.));
#2159=DIRECTION('ref_axis',(0.,0.,1.));
#2160=DIRECTION('center_axis',(0.,1.,0.));
#2161=DIRECTION('ref_axis',(0.,0.,1.));
#2162=DIRECTION('center_axis',(1.,0.,-1.0842021724855E-16));
#2163=DIRECTION('ref_axis',(-1.0842021724855E-16,0.,-1.));
#2164=DIRECTION('',(0.,-1.,0.));
#2165=DIRECTION('',(1.0842021724855E-16,0.,1.));
#2166=DIRECTION('',(0.,-1.,0.));
#2167=DIRECTION('center_axis',(0.,0.,-1.));
#2168=DIRECTION('ref_axis',(-1.,0.,0.));
#2169=DIRECTION('',(1.,0.,0.));
#2170=DIRECTION('',(0.,-1.,0.));
#2171=DIRECTION('center_axis',(-1.,0.,0.));
#2172=DIRECTION('ref_axis',(0.,0.,1.));
#2173=DIRECTION('',(0.,0.,-1.));
#2174=DIRECTION('',(0.,-1.,0.));
#2175=DIRECTION('center_axis',(0.,0.,1.));
#2176=DIRECTION('ref_axis',(1.,0.,0.));
#2177=DIRECTION('',(-1.,0.,0.));
#2178=DIRECTION('center_axis',(0.,1.,0.));
#2179=DIRECTION('ref_axis',(0.,0.,1.));
#2180=DIRECTION('center_axis',(0.,-1.,0.));
#2181=DIRECTION('ref_axis',(0.,0.,1.));
#2182=DIRECTION('center_axis',(0.,-1.,0.));
#2183=DIRECTION('ref_axis',(0.,0.,1.));
#2184=DIRECTION('center_axis',(0.,-1.,0.));
#2185=DIRECTION('ref_axis',(0.,0.,1.));
#2186=DIRECTION('center_axis',(0.,-1.,0.));
#2187=DIRECTION('ref_axis',(0.,0.,1.));
#2188=DIRECTION('center_axis',(0.,0.,-1.));
#2189=DIRECTION('ref_axis',(-0.965925826289069,0.258819045102518,0.));
#2190=DIRECTION('center_axis',(0.,0.,1.));
#2191=DIRECTION('ref_axis',(-0.965925826289069,0.258819045102518,0.));
#2192=DIRECTION('',(0.,0.,1.));
#2193=DIRECTION('center_axis',(0.,0.,1.));
#2194=DIRECTION('ref_axis',(-0.965925826289069,0.258819045102518,0.));
#2195=DIRECTION('',(0.,0.,-1.));
#2196=DIRECTION('center_axis',(-0.866025403784439,-0.5,0.));
#2197=DIRECTION('ref_axis',(-0.5,0.866025403784439,0.));
#2198=DIRECTION('',(-0.5,0.866025403784439,0.));
#2199=DIRECTION('',(0.,0.,-1.));
#2200=DIRECTION('',(0.5,-0.866025403784439,0.));
#2201=DIRECTION('center_axis',(0.,0.,1.));
#2202=DIRECTION('ref_axis',(-1.,0.,0.));
#2203=DIRECTION('',(0.866025403784439,0.5,0.));
#2204=DIRECTION('center_axis',(0.,0.,-1.));
#2205=DIRECTION('ref_axis',(0.948270296737486,0.317464083520326,0.));
#2206=DIRECTION('',(-0.866025403784439,-0.5,0.));
#2207=DIRECTION('center_axis',(0.,0.,1.));
#2208=DIRECTION('ref_axis',(-0.258819045102524,-0.965925826289067,0.));
#2209=DIRECTION('center_axis',(0.,0.,-1.));
#2210=DIRECTION('ref_axis',(-0.258819045102524,-0.965925826289067,0.));
#2211=DIRECTION('',(0.,0.,1.));
#2212=DIRECTION('center_axis',(0.,0.,1.));
#2213=DIRECTION('ref_axis',(-0.258819045102524,-0.965925826289067,0.));
#2214=DIRECTION('center_axis',(0.,0.,-1.));
#2215=DIRECTION('ref_axis',(-0.707106781186549,0.707106781186546,0.));
#2216=DIRECTION('center_axis',(0.,0.,1.));
#2217=DIRECTION('ref_axis',(-0.707106781186549,0.707106781186546,0.));
#2218=DIRECTION('',(0.,0.,1.));
#2219=DIRECTION('center_axis',(0.,0.,1.));
#2220=DIRECTION('ref_axis',(-0.707106781186549,0.707106781186546,0.));
#2221=DIRECTION('',(0.,0.,-1.));
#2222=DIRECTION('center_axis',(-1.,0.,0.));
#2223=DIRECTION('ref_axis',(0.,1.,0.));
#2224=DIRECTION('',(0.,1.,0.));
#2225=DIRECTION('',(0.,0.,-1.));
#2226=DIRECTION('',(0.,-1.,0.));
#2227=DIRECTION('center_axis',(0.,0.,1.));
#2228=DIRECTION('ref_axis',(-1.,0.,0.));
#2229=DIRECTION('',(1.,0.,0.));
#2230=DIRECTION('center_axis',(0.,0.,1.));
#2231=DIRECTION('ref_axis',(0.707106781186549,0.707106781186546,0.));
#2232=DIRECTION('',(-4.93767006613692E-16,-1.,0.));
#2233=DIRECTION('center_axis',(0.,0.,-1.));
#2234=DIRECTION('ref_axis',(-0.199203187250996,-0.979958208389034,0.));
#2235=DIRECTION('center_axis',(0.,0.,-1.));
#2236=DIRECTION('ref_axis',(0.707106781186549,0.707106781186546,0.));
#2237=DIRECTION('',(0.,0.,1.));
#2238=DIRECTION('center_axis',(0.,0.,1.));
#2239=DIRECTION('ref_axis',(0.707106781186549,0.707106781186546,0.));
#2240=DIRECTION('',(0.,0.,-1.));
#2241=DIRECTION('center_axis',(1.,-4.93767006613692E-16,0.));
#2242=DIRECTION('ref_axis',(-4.93767006613692E-16,-1.,0.));
#2243=DIRECTION('',(4.93767006613692E-16,1.,0.));
#2244=DIRECTION('',(0.,0.,-1.));
#2245=DIRECTION('center_axis',(0.,0.,-1.));
#2246=DIRECTION('ref_axis',(0.258819045102525,-0.965925826289067,0.));
#2247=DIRECTION('center_axis',(0.,0.,1.));
#2248=DIRECTION('ref_axis',(0.258819045102525,-0.965925826289067,0.));
#2249=DIRECTION('',(0.,0.,1.));
#2250=DIRECTION('center_axis',(0.,0.,1.));
#2251=DIRECTION('ref_axis',(0.258819045102525,-0.965925826289067,0.));
#2252=DIRECTION('',(0.,0.,-1.));
#2253=DIRECTION('center_axis',(0.866025403784438,-0.500000000000001,0.));
#2254=DIRECTION('ref_axis',(-0.500000000000001,-0.866025403784438,0.));
#2255=DIRECTION('',(-0.500000000000001,-0.866025403784438,0.));
#2256=DIRECTION('',(0.,0.,-1.));
#2257=DIRECTION('',(0.500000000000001,0.866025403784438,0.));
#2258=DIRECTION('center_axis',(0.,0.,1.));
#2259=DIRECTION('ref_axis',(-1.,0.,0.));
#2260=DIRECTION('',(-0.866025403784438,0.500000000000001,0.));
#2261=DIRECTION('center_axis',(0.,0.,-1.));
#2262=DIRECTION('ref_axis',(-0.749067109486489,0.662494124868708,0.));
#2263=DIRECTION('',(0.866025403784438,-0.500000000000001,0.));
#2264=DIRECTION('center_axis',(0.,0.,1.));
#2265=DIRECTION('ref_axis',(0.965925826289069,0.258819045102518,0.));
#2266=DIRECTION('center_axis',(0.,0.,-1.));
#2267=DIRECTION('ref_axis',(0.965925826289069,0.258819045102518,0.));
#2268=DIRECTION('',(0.,0.,1.));
#2269=DIRECTION('center_axis',(0.,0.,1.));
#2270=DIRECTION('ref_axis',(0.965925826289069,0.258819045102518,0.));
#2271=DIRECTION('center_axis',(0.,0.,1.));
#2272=DIRECTION('ref_axis',(-1.,0.,0.));
#2273=DIRECTION('center_axis',(0.,0.,1.));
#2274=DIRECTION('ref_axis',(-1.,0.,0.));
#2275=DIRECTION('',(-0.707106781186545,-8.6595605623549E-17,-0.70710678118655));
#2276=DIRECTION('center_axis',(0.,0.,-1.));
#2277=DIRECTION('ref_axis',(-1.,0.,0.));
#2278=DIRECTION('center_axis',(0.,0.,1.));
#2279=DIRECTION('ref_axis',(-1.,0.,0.));
#2280=DIRECTION('center_axis',(0.,0.,-1.));
#2281=DIRECTION('ref_axis',(-1.,0.,0.));
#2282=DIRECTION('center_axis',(0.,0.,1.));
#2283=DIRECTION('ref_axis',(-1.,0.,0.));
#2284=DIRECTION('center_axis',(0.,0.,1.));
#2285=DIRECTION('ref_axis',(-1.,0.,0.));
#2286=DIRECTION('center_axis',(0.,0.,1.));
#2287=DIRECTION('ref_axis',(-1.,0.,0.));
#2288=DIRECTION('center_axis',(0.,0.,1.));
#2289=DIRECTION('ref_axis',(-1.,0.,0.));
#2290=DIRECTION('center_axis',(0.,0.,1.));
#2291=DIRECTION('ref_axis',(-1.,0.,0.));
#2292=DIRECTION('center_axis',(0.,0.,1.));
#2293=DIRECTION('ref_axis',(-1.,0.,0.));
#2294=DIRECTION('center_axis',(0.,0.,1.));
#2295=DIRECTION('ref_axis',(-1.,0.,0.));
#2296=DIRECTION('center_axis',(0.,0.,1.));
#2297=DIRECTION('ref_axis',(-1.,0.,0.));
#2298=DIRECTION('',(0.,0.,-1.));
#2299=DIRECTION('center_axis',(0.,0.,-1.));
#2300=DIRECTION('ref_axis',(-1.,0.,0.));
#2301=DIRECTION('center_axis',(0.,0.,1.));
#2302=DIRECTION('ref_axis',(-1.,0.,0.));
#2303=DIRECTION('',(-0.707106781186545,-8.6595605623549E-17,-0.70710678118655));
#2304=DIRECTION('center_axis',(0.,0.,-1.));
#2305=DIRECTION('ref_axis',(-1.,0.,0.));
#2306=DIRECTION('center_axis',(0.,0.,1.));
#2307=DIRECTION('ref_axis',(-1.,0.,0.));
#2308=DIRECTION('',(0.,0.,-1.));
#2309=DIRECTION('center_axis',(0.,0.,-1.));
#2310=DIRECTION('ref_axis',(-1.,0.,0.));
#2311=DIRECTION('center_axis',(0.,0.,1.));
#2312=DIRECTION('ref_axis',(-1.,0.,0.));
#2313=DIRECTION('',(-0.70710678118655,-8.65956056235497E-17,-0.707106781186545));
#2314=DIRECTION('center_axis',(0.,0.,-1.));
#2315=DIRECTION('ref_axis',(-1.,0.,0.));
#2316=DIRECTION('center_axis',(0.,0.,1.));
#2317=DIRECTION('ref_axis',(-1.,0.,0.));
#2318=DIRECTION('',(0.,0.,-1.));
#2319=DIRECTION('center_axis',(0.,0.,-1.));
#2320=DIRECTION('ref_axis',(-1.,0.,0.));
#2321=DIRECTION('center_axis',(0.,0.,1.));
#2322=DIRECTION('ref_axis',(-1.,0.,0.));
#2323=DIRECTION('',(-0.707106781186545,-8.6595605623549E-17,-0.707106781186551));
#2324=DIRECTION('center_axis',(0.,0.,-1.));
#2325=DIRECTION('ref_axis',(-1.,0.,0.));
#2326=DIRECTION('center_axis',(0.,0.,1.));
#2327=DIRECTION('ref_axis',(-1.,0.,0.));
#2328=DIRECTION('',(0.,0.,-1.));
#2329=DIRECTION('center_axis',(0.,0.,-1.));
#2330=DIRECTION('ref_axis',(-1.,0.,0.));
#2331=DIRECTION('center_axis',(0.,0.,1.));
#2332=DIRECTION('ref_axis',(-1.,0.,0.));
#2333=DIRECTION('',(-0.707106781186642,-8.65956056235609E-17,-0.707106781186453));
#2334=DIRECTION('center_axis',(0.,0.,-1.));
#2335=DIRECTION('ref_axis',(-1.,0.,0.));
#2336=DIRECTION('center_axis',(0.,0.,1.));
#2337=DIRECTION('ref_axis',(-1.,0.,0.));
#2338=DIRECTION('',(0.,0.,-1.));
#2339=DIRECTION('center_axis',(0.,0.,1.));
#2340=DIRECTION('ref_axis',(1.,0.,0.));
#2341=DIRECTION('center_axis',(0.,0.,1.));
#2342=DIRECTION('ref_axis',(1.,0.,0.));
#2343=DIRECTION('center_axis',(0.,0.,1.));
#2344=DIRECTION('ref_axis',(-1.,0.,0.));
#2345=DIRECTION('',(-0.707106781186443,-8.65956056235365E-17,-0.707106781186652));
#2346=DIRECTION('center_axis',(0.,0.,-1.));
#2347=DIRECTION('ref_axis',(-1.,0.,0.));
#2348=DIRECTION('center_axis',(0.,0.,1.));
#2349=DIRECTION('ref_axis',(-1.,0.,0.));
#2350=DIRECTION('',(0.,0.,-1.));
#2351=DIRECTION('center_axis',(0.,0.,1.));
#2352=DIRECTION('ref_axis',(1.,0.,0.));
#2353=DIRECTION('center_axis',(0.,0.,1.));
#2354=DIRECTION('ref_axis',(1.,0.,0.));
#2355=DIRECTION('center_axis',(0.,0.,1.));
#2356=DIRECTION('ref_axis',(-1.,0.,0.));
#2357=DIRECTION('',(-0.707106781186642,-8.65956056235609E-17,-0.707106781186453));
#2358=DIRECTION('center_axis',(0.,0.,-1.));
#2359=DIRECTION('ref_axis',(-1.,0.,0.));
#2360=DIRECTION('center_axis',(0.,0.,1.));
#2361=DIRECTION('ref_axis',(-1.,0.,0.));
#2362=DIRECTION('',(0.,0.,-1.));
#2363=DIRECTION('center_axis',(0.,0.,1.));
#2364=DIRECTION('ref_axis',(1.,0.,0.));
#2365=DIRECTION('center_axis',(0.,0.,1.));
#2366=DIRECTION('ref_axis',(1.,0.,0.));
#2367=DIRECTION('center_axis',(0.,0.,1.));
#2368=DIRECTION('ref_axis',(-1.,0.,0.));
#2369=DIRECTION('',(-0.707106781186642,-8.65956056235609E-17,-0.707106781186453));
#2370=DIRECTION('center_axis',(0.,0.,-1.));
#2371=DIRECTION('ref_axis',(-1.,0.,0.));
#2372=DIRECTION('center_axis',(0.,0.,1.));
#2373=DIRECTION('ref_axis',(-1.,0.,0.));
#2374=DIRECTION('',(0.,0.,-1.));
#2375=DIRECTION('center_axis',(0.,0.,1.));
#2376=DIRECTION('ref_axis',(1.,0.,0.));
#2377=DIRECTION('center_axis',(0.,0.,1.));
#2378=DIRECTION('ref_axis',(1.,0.,0.));
#2379=DIRECTION('center_axis',(0.,0.,-1.));
#2380=DIRECTION('ref_axis',(-1.,0.,0.));
#2381=DIRECTION('',(0.707106781186554,8.65956056235501E-17,-0.707106781186541));
#2382=DIRECTION('center_axis',(0.,0.,1.));
#2383=DIRECTION('ref_axis',(-1.,0.,0.));
#2384=DIRECTION('center_axis',(0.,0.,1.));
#2385=DIRECTION('ref_axis',(-1.,0.,0.));
#2386=DIRECTION('',(0.,0.,-1.));
#2387=DIRECTION('center_axis',(0.,0.,-1.));
#2388=DIRECTION('ref_axis',(1.,0.,0.));
#2389=DIRECTION('center_axis',(0.,0.,-1.));
#2390=DIRECTION('ref_axis',(1.,0.,0.));
#2391=DIRECTION('center_axis',(0.,0.,1.));
#2392=DIRECTION('ref_axis',(1.,0.,0.));
#2393=DIRECTION('center_axis',(0.,0.,1.));
#2394=DIRECTION('ref_axis',(1.,0.,0.));
#2395=DIRECTION('',(-0.707106781186554,8.65956056235501E-17,0.707106781186541));
#2396=DIRECTION('center_axis',(0.,0.,-1.));
#2397=DIRECTION('ref_axis',(1.,0.,0.));
#2398=DIRECTION('center_axis',(0.,0.,-1.));
#2399=DIRECTION('ref_axis',(1.,0.,0.));
#2400=DIRECTION('',(0.,-1.,0.));
#2401=DIRECTION('',(1.,0.,0.));
#2402=DIRECTION('',(0.,1.,0.));
#2403=DIRECTION('',(-1.,0.,0.));
#2404=DIRECTION('',(-1.,0.,0.));
#2405=DIRECTION('',(0.,-1.,0.));
#2406=DIRECTION('',(1.,0.,0.));
#2407=DIRECTION('',(0.,1.,0.));
#2408=DIRECTION('',(0.,-1.,0.));
#2409=DIRECTION('',(1.,0.,0.));
#2410=DIRECTION('',(0.,1.,0.));
#2411=DIRECTION('',(-1.,0.,0.));
#2412=DIRECTION('',(-1.,0.,0.));
#2413=DIRECTION('',(0.,-1.,0.));
#2414=DIRECTION('',(1.,0.,0.));
#2415=DIRECTION('',(0.,1.,0.));
#2416=DIRECTION('center_axis',(0.,0.,1.));
#2417=DIRECTION('ref_axis',(1.,0.,0.));
#2418=DIRECTION('center_axis',(0.,0.,1.));
#2419=DIRECTION('ref_axis',(1.,0.,0.));
#2420=DIRECTION('center_axis',(1.22464679914735E-16,-1.,0.));
#2421=DIRECTION('ref_axis',(-1.,-1.22464679914735E-16,0.));
#2422=DIRECTION('center_axis',(0.,0.,-1.));
#2423=DIRECTION('ref_axis',(1.,0.,0.));
#2424=DIRECTION('center_axis',(0.,0.,-1.));
#2425=DIRECTION('ref_axis',(1.,0.,0.));
#2426=DIRECTION('',(0.,0.,1.));
#2427=DIRECTION('center_axis',(0.,0.,-1.));
#2428=DIRECTION('ref_axis',(1.,0.,0.));
#2429=DIRECTION('center_axis',(0.,0.,-1.));
#2430=DIRECTION('ref_axis',(1.,0.,0.));
#2431=DIRECTION('',(0.707106781186547,-8.65956056235493E-17,0.707106781186547));
#2432=DIRECTION('center_axis',(0.,0.,1.));
#2433=DIRECTION('ref_axis',(1.,0.,0.));
#2434=DIRECTION('center_axis',(0.,0.,-1.));
#2435=DIRECTION('ref_axis',(1.,0.,0.));
#2436=DIRECTION('center_axis',(0.,0.,1.));
#2437=DIRECTION('ref_axis',(1.,0.,0.));
#2438=DIRECTION('center_axis',(0.,0.,-1.));
#2439=DIRECTION('ref_axis',(1.,0.,0.));
#2440=DIRECTION('',(0.,0.,1.));
#2441=DIRECTION('center_axis',(0.,0.,-1.));
#2442=DIRECTION('ref_axis',(1.,0.,0.));
#2443=DIRECTION('center_axis',(0.,0.,1.));
#2444=DIRECTION('ref_axis',(1.,0.,0.));
#2445=DIRECTION('',(-0.707106781186548,8.65956056235493E-17,0.707106781186548));
#2446=DIRECTION('center_axis',(0.,0.707106781186548,-0.707106781186548));
#2447=DIRECTION('ref_axis',(-1.,0.,0.));
#2448=DIRECTION('',(0.577350269189626,0.577350269189626,0.577350269189626));
#2449=DIRECTION('',(1.,0.,0.));
#2450=DIRECTION('',(-0.577350269189626,0.577350269189626,0.577350269189626));
#2451=DIRECTION('center_axis',(0.707106781186548,0.,-0.707106781186548));
#2452=DIRECTION('ref_axis',(-0.707106781186548,0.,-0.707106781186548));
#2453=DIRECTION('',(0.577350269189626,-0.577350269189626,0.577350269189626));
#2454=DIRECTION('',(0.,-1.,0.));
#2455=DIRECTION('center_axis',(-0.707106781186548,0.,-0.707106781186548));
#2456=DIRECTION('ref_axis',(-0.707106781186548,0.,0.707106781186548));
#2457=DIRECTION('',(0.,1.,0.));
#2458=DIRECTION('',(0.577350269189626,0.577350269189626,-0.577350269189626));
#2459=DIRECTION('center_axis',(0.,-0.707106781186548,-0.707106781186548));
#2460=DIRECTION('ref_axis',(-1.,0.,0.));
#2461=DIRECTION('',(-1.,0.,0.));
#2462=DIRECTION('center_axis',(1.,0.,0.));
#2463=DIRECTION('ref_axis',(0.,1.,0.));
#2464=DIRECTION('',(0.,0.,1.));
#2465=DIRECTION('',(0.,1.,0.));
#2466=DIRECTION('',(0.,0.,1.));
#2467=DIRECTION('center_axis',(0.,-1.,0.));
#2468=DIRECTION('ref_axis',(1.,0.,0.));
#2469=DIRECTION('',(0.,0.,1.));
#2470=DIRECTION('',(1.,0.,0.));
#2471=DIRECTION('center_axis',(0.707106781186548,0.,-0.707106781186548));
#2472=DIRECTION('ref_axis',(-0.707106781186548,0.,-0.707106781186548));
#2473=DIRECTION('',(0.577350269189626,-0.577350269189626,0.577350269189626));
#2474=DIRECTION('',(0.,-1.,0.));
#2475=DIRECTION('',(0.577350269189626,0.577350269189626,0.577350269189626));
#2476=DIRECTION('center_axis',(-0.707106781186548,0.,-0.707106781186548));
#2477=DIRECTION('ref_axis',(-0.707106781186548,0.,0.707106781186548));
#2478=DIRECTION('',(-0.577350269189626,0.577350269189626,0.577350269189626));
#2479=DIRECTION('',(0.,1.,0.));
#2480=DIRECTION('',(0.577350269189626,0.577350269189626,-0.577350269189626));
#2481=DIRECTION('center_axis',(0.,0.707106781186548,-0.707106781186548));
#2482=DIRECTION('ref_axis',(-1.,0.,0.));
#2483=DIRECTION('',(1.,0.,0.));
#2484=DIRECTION('center_axis',(0.,-0.707106781186548,-0.707106781186548));
#2485=DIRECTION('ref_axis',(-1.,0.,0.));
#2486=DIRECTION('',(-1.,0.,0.));
#2487=DIRECTION('center_axis',(0.,1.,0.));
#2488=DIRECTION('ref_axis',(-1.,0.,0.));
#2489=DIRECTION('',(0.,0.,1.));
#2490=DIRECTION('',(-1.,0.,0.));
#2491=DIRECTION('',(0.,0.,1.));
#2492=DIRECTION('center_axis',(1.,0.,0.));
#2493=DIRECTION('ref_axis',(0.,1.,0.));
#2494=DIRECTION('',(0.,0.,1.));
#2495=DIRECTION('',(0.,1.,0.));
#2496=DIRECTION('center_axis',(-0.707106781186548,0.,-0.707106781186548));
#2497=DIRECTION('ref_axis',(-0.707106781186548,0.,0.707106781186548));
#2498=DIRECTION('',(-0.577350269189626,0.577350269189626,0.577350269189626));
#2499=DIRECTION('',(0.,1.,0.));
#2500=DIRECTION('',(0.577350269189626,0.577350269189626,-0.577350269189626));
#2501=DIRECTION('center_axis',(0.,0.707106781186548,-0.707106781186548));
#2502=DIRECTION('ref_axis',(-1.,0.,0.));
#2503=DIRECTION('',(0.577350269189626,0.577350269189626,0.577350269189626));
#2504=DIRECTION('',(1.,0.,0.));
#2505=DIRECTION('center_axis',(0.707106781186548,0.,-0.707106781186548));
#2506=DIRECTION('ref_axis',(-0.707106781186548,0.,-0.707106781186548));
#2507=DIRECTION('',(0.,-1.,0.));
#2508=DIRECTION('',(0.577350269189626,-0.577350269189626,0.577350269189626));
#2509=DIRECTION('center_axis',(0.,-0.707106781186548,-0.707106781186548));
#2510=DIRECTION('ref_axis',(-1.,0.,0.));
#2511=DIRECTION('',(-1.,0.,0.));
#2512=DIRECTION('center_axis',(0.,1.,0.));
#2513=DIRECTION('ref_axis',(-1.,0.,0.));
#2514=DIRECTION('',(0.,0.,1.));
#2515=DIRECTION('',(-1.,0.,0.));
#2516=DIRECTION('',(0.,0.,1.));
#2517=DIRECTION('center_axis',(1.,0.,0.));
#2518=DIRECTION('ref_axis',(0.,1.,0.));
#2519=DIRECTION('',(0.,0.,1.));
#2520=DIRECTION('',(0.,1.,0.));
#2521=DIRECTION('center_axis',(0.,0.707106781186548,-0.707106781186548));
#2522=DIRECTION('ref_axis',(-1.,0.,0.));
#2523=DIRECTION('',(0.577350269189626,0.577350269189626,0.577350269189626));
#2524=DIRECTION('',(1.,0.,0.));
#2525=DIRECTION('',(-0.577350269189626,0.577350269189626,0.577350269189626));
#2526=DIRECTION('center_axis',(0.707106781186548,0.,-0.707106781186548));
#2527=DIRECTION('ref_axis',(-0.707106781186548,0.,-0.707106781186548));
#2528=DIRECTION('',(0.577350269189626,-0.577350269189626,0.577350269189626));
#2529=DIRECTION('',(0.,-1.,0.));
#2530=DIRECTION('center_axis',(-0.707106781186548,0.,-0.707106781186548));
#2531=DIRECTION('ref_axis',(-0.707106781186548,0.,0.707106781186548));
#2532=DIRECTION('',(0.,1.,0.));
#2533=DIRECTION('',(0.577350269189626,0.577350269189626,-0.577350269189626));
#2534=DIRECTION('center_axis',(0.,-0.707106781186548,-0.707106781186548));
#2535=DIRECTION('ref_axis',(-1.,0.,0.));
#2536=DIRECTION('',(-1.,0.,0.));
#2537=DIRECTION('center_axis',(1.,0.,0.));
#2538=DIRECTION('ref_axis',(0.,1.,0.));
#2539=DIRECTION('',(0.,0.,1.));
#2540=DIRECTION('',(0.,1.,0.));
#2541=DIRECTION('',(0.,0.,1.));
#2542=DIRECTION('center_axis',(0.,-1.,0.));
#2543=DIRECTION('ref_axis',(1.,0.,0.));
#2544=DIRECTION('',(0.,0.,1.));
#2545=DIRECTION('',(1.,0.,0.));
#2546=DIRECTION('center_axis',(0.,0.,-1.));
#2547=DIRECTION('ref_axis',(1.,0.,0.));
#2548=DIRECTION('',(-0.707106781186547,-8.65956056235493E-17,-0.707106781186547));
#2549=DIRECTION('center_axis',(0.,0.,-1.));
#2550=DIRECTION('ref_axis',(1.,0.,0.));
#2551=DIRECTION('center_axis',(0.,0.,-1.));
#2552=DIRECTION('ref_axis',(1.,0.,0.));
#2553=DIRECTION('',(-1.,0.,0.));
#2554=DIRECTION('',(0.,-1.,0.));
#2555=DIRECTION('center_axis',(0.,0.,-1.));
#2556=DIRECTION('ref_axis',(1.,0.,0.));
#2557=DIRECTION('',(-0.707106781186547,-8.65956056235493E-17,-0.707106781186547));
#2558=DIRECTION('center_axis',(0.,0.,-1.));
#2559=DIRECTION('ref_axis',(1.,0.,0.));
#2560=DIRECTION('center_axis',(0.,0.,-1.));
#2561=DIRECTION('ref_axis',(1.,0.,0.));
#2562=DIRECTION('',(-1.,0.,0.));
#2563=DIRECTION('',(0.,-1.,0.));
#2564=DIRECTION('center_axis',(0.,0.,-1.));
#2565=DIRECTION('ref_axis',(1.,0.,0.));
#2566=DIRECTION('',(-0.707106781186547,-8.65956056235493E-17,-0.707106781186547));
#2567=DIRECTION('center_axis',(0.,0.,-1.));
#2568=DIRECTION('ref_axis',(1.,0.,0.));
#2569=DIRECTION('center_axis',(0.,0.,-1.));
#2570=DIRECTION('ref_axis',(1.,0.,0.));
#2571=DIRECTION('',(1.,0.,0.));
#2572=DIRECTION('',(0.,-1.,0.));
#2573=DIRECTION('center_axis',(0.,0.,-1.));
#2574=DIRECTION('ref_axis',(1.,0.,0.));
#2575=DIRECTION('',(-0.707106781186547,-8.65956056235493E-17,-0.707106781186547));
#2576=DIRECTION('center_axis',(0.,0.,-1.));
#2577=DIRECTION('ref_axis',(1.,0.,0.));
#2578=DIRECTION('center_axis',(0.,0.,-1.));
#2579=DIRECTION('ref_axis',(1.,0.,0.));
#2580=DIRECTION('',(1.,0.,0.));
#2581=DIRECTION('',(0.,-1.,0.));
#2582=DIRECTION('center_axis',(-1.,0.,0.));
#2583=DIRECTION('ref_axis',(0.,-1.,0.));
#2584=DIRECTION('',(0.,0.,1.));
#2585=DIRECTION('center_axis',(0.,1.,0.));
#2586=DIRECTION('ref_axis',(-1.,0.,0.));
#2587=DIRECTION('center_axis',(0.,-1.,0.));
#2588=DIRECTION('ref_axis',(1.,0.,0.));
#2589=DIRECTION('',(0.,0.,1.));
#2590=DIRECTION('center_axis',(-1.,0.,0.));
#2591=DIRECTION('ref_axis',(0.,-1.,0.));
#2592=DIRECTION('center_axis',(-1.,0.,0.));
#2593=DIRECTION('ref_axis',(0.,-1.,0.));
#2594=DIRECTION('',(0.,0.,1.));
#2595=DIRECTION('center_axis',(0.,1.,0.));
#2596=DIRECTION('ref_axis',(-1.,0.,0.));
#2597=DIRECTION('center_axis',(0.,-1.,0.));
#2598=DIRECTION('ref_axis',(1.,0.,0.));
#2599=DIRECTION('',(0.,0.,1.));
#2600=DIRECTION('center_axis',(-1.,0.,0.));
#2601=DIRECTION('ref_axis',(0.,-1.,0.));
#2602=DIRECTION('center_axis',(0.,0.,1.));
#2603=DIRECTION('ref_axis',(-1.,0.,0.));
#2604=DIRECTION('',(0.866025403784438,-0.500000000000001,0.));
#2605=DIRECTION('',(-0.866025403784438,0.500000000000001,0.));
#2606=DIRECTION('center_axis',(0.,0.,1.));
#2607=DIRECTION('ref_axis',(-0.749067109486489,0.662494124868708,0.));
#2608=DIRECTION('',(-1.,0.,0.));
#2609=DIRECTION('center_axis',(0.,0.,1.));
#2610=DIRECTION('ref_axis',(-0.199203187250996,-0.979958208389034,0.));
#2611=DIRECTION('',(-0.866025403784439,-0.5,0.));
#2612=DIRECTION('',(0.866025403784439,0.5,0.));
#2613=DIRECTION('center_axis',(0.,0.,1.));
#2614=DIRECTION('ref_axis',(0.948270296737486,0.317464083520326,0.));
#2615=DIRECTION('center_axis',(-0.500000000000001,-0.866025403784438,0.));
#2616=DIRECTION('ref_axis',(-0.866025403784438,0.500000000000001,0.));
#2617=DIRECTION('',(0.,0.,-1.));
#2618=DIRECTION('center_axis',(0.500000000000001,0.866025403784438,0.));
#2619=DIRECTION('ref_axis',(0.866025403784438,-0.500000000000001,0.));
#2620=DIRECTION('',(0.,0.,-1.));
#2621=DIRECTION('center_axis',(0.,0.,-1.));
#2622=DIRECTION('ref_axis',(-0.749067109486489,0.662494124868708,0.));
#2623=DIRECTION('center_axis',(-0.5,0.866025403784439,0.));
#2624=DIRECTION('ref_axis',(0.866025403784439,0.5,0.));
#2625=DIRECTION('',(0.,0.,-1.));
#2626=DIRECTION('center_axis',(0.5,-0.866025403784439,0.));
#2627=DIRECTION('ref_axis',(-0.866025403784439,-0.5,0.));
#2628=DIRECTION('',(0.,0.,-1.));
#2629=DIRECTION('center_axis',(0.,0.,-1.));
#2630=DIRECTION('ref_axis',(0.948270296737486,0.317464083520326,0.));
#2631=DIRECTION('center_axis',(0.,1.,0.));
#2632=DIRECTION('ref_axis',(1.,0.,0.));
#2633=DIRECTION('center_axis',(0.,0.,-1.));
#2634=DIRECTION('ref_axis',(-0.199203187250996,-0.979958208389034,0.));
#2635=DIRECTION('',(2.20228583255726E-20,1.,1.59594557392158E-16));
#2636=DIRECTION('',(1.,1.50463276905253E-36,2.81892564846231E-18));
#2637=DIRECTION('',(2.20228583255726E-20,1.,1.59594557392158E-16));
#2638=DIRECTION('',(1.,0.,2.81892564846231E-18));
#2639=DIRECTION('',(2.20228583222962E-20,0.999999999999999,1.59594557392142E-16));
#2640=DIRECTION('',(1.,0.,2.81892564845018E-18));
#2641=DIRECTION('',(2.20228583255929E-20,1.,1.59594557392169E-16));
#2642=DIRECTION('',(1.,1.50463276905253E-36,2.81892564846231E-18));
#2643=CARTESIAN_POINT('',(0.,0.,0.));
#2644=CARTESIAN_POINT('',(0.,0.,0.));
#2645=CARTESIAN_POINT('Origin',(3.62644071682066E-16,1.7,5.55111512312578E-16));
#2646=CARTESIAN_POINT('',(3.62644071682066E-16,0.450000000000001,1.98038475772933));
#2647=CARTESIAN_POINT('',(3.62644071682066E-16,0.550000000000001,1.98038475772933));
#2648=CARTESIAN_POINT('',(4.82760957900788E-16,1.7,1.98038475772933));
#2649=CARTESIAN_POINT('',(1.60323016410644,0.830384757729334,-1.16257336523159));
#2650=CARTESIAN_POINT('Ctrl Pts',(1.60323016410644,0.830384757729334,-1.16257336523159));
#2651=CARTESIAN_POINT('Ctrl Pts',(1.98038475772933,0.78916018387598,-0.642463719586065));
#2652=CARTESIAN_POINT('Ctrl Pts',(1.98038475772933,0.750000000000001,-1.21263592731672E-16));
#2653=CARTESIAN_POINT('Ctrl Pts',(1.98038475772933,0.700000000000001,0.820302225368446));
#2654=CARTESIAN_POINT('Ctrl Pts',(1.40034349154889,0.650000000000001,1.40034349154889));
#2655=CARTESIAN_POINT('Ctrl Pts',(0.820302225368446,0.600000000000001,1.98038475772933));
#2656=CARTESIAN_POINT('Ctrl Pts',(2.42527185463343E-16,0.550000000000001,
1.98038475772933));
#2657=CARTESIAN_POINT('',(0.311591410660334,0.830384757729335,-1.95571843102461));
#2658=CARTESIAN_POINT('Origin',(1.80411241501588E-15,0.830384757729336,
1.94289029309402E-15));
#2659=CARTESIAN_POINT('Ctrl Pts',(0.311591410660334,0.830384757729335,-1.95571843102461));
#2660=CARTESIAN_POINT('Ctrl Pts',(0.946053038763249,0.78916018387598,-1.85463394433453));
#2661=CARTESIAN_POINT('Ctrl Pts',(1.40034349154889,0.750000000000001,-1.40034349154889));
#2662=CARTESIAN_POINT('Ctrl Pts',(1.98038475772933,0.700000000000001,-0.820302225368446));
#2663=CARTESIAN_POINT('Ctrl Pts',(1.98038475772933,0.650000000000001,-1.21263592731672E-16));
#2664=CARTESIAN_POINT('Ctrl Pts',(1.98038475772933,0.600000000000001,0.820302225368446));
#2665=CARTESIAN_POINT('Ctrl Pts',(1.40034349154889,0.550000000000001,1.40034349154889));
#2666=CARTESIAN_POINT('Ctrl Pts',(0.820302225368446,0.500000000000001,1.98038475772933));
#2667=CARTESIAN_POINT('Ctrl Pts',(2.42527185463343E-16,0.450000000000001,
1.98038475772933));
#2668=CARTESIAN_POINT('Origin',(3.62644071682066E-16,1.7,5.55111512312578E-16));
#2669=CARTESIAN_POINT('',(3.62644071682066E-16,-0.349999999999999,1.98038475772933));
#2670=CARTESIAN_POINT('',(3.62644071682066E-16,-0.249999999999999,1.98038475772933));
#2671=CARTESIAN_POINT('',(4.82760957900788E-16,1.7,1.98038475772933));
#2672=CARTESIAN_POINT('',(1.16257336523293,-0.830384757729412,-1.6032301641055));
#2673=CARTESIAN_POINT('Ctrl Pts',(2.42527185463343E-16,-0.349999999999999,
1.98038475772933));
#2674=CARTESIAN_POINT('Ctrl Pts',(-0.820302225368445,-0.399999999999999,
1.98038475772933));
#2675=CARTESIAN_POINT('Ctrl Pts',(-1.40034349154889,-0.45,1.40034349154889));
#2676=CARTESIAN_POINT('Ctrl Pts',(-1.98038475772933,-0.499999999999999,
0.820302225368447));
#2677=CARTESIAN_POINT('Ctrl Pts',(-1.98038475772933,-0.549999999999999,
3.63790778195015E-16));
#2678=CARTESIAN_POINT('Ctrl Pts',(-1.98038475772933,-0.599999999999999,
-0.820302225368446));
#2679=CARTESIAN_POINT('Ctrl Pts',(-1.40034349154889,-0.649999999999999,
-1.40034349154889));
#2680=CARTESIAN_POINT('Ctrl Pts',(-0.820302225368447,-0.699999999999999,
-1.98038475772933));
#2681=CARTESIAN_POINT('Ctrl Pts',(0.,-0.749999999999999,-1.98038475772933));
#2682=CARTESIAN_POINT('Ctrl Pts',(0.642463719586082,-0.789160183875979,
-1.98038475772933));
#2683=CARTESIAN_POINT('Ctrl Pts',(1.16257336523293,-0.830384757729412,-1.6032301641055));
#2684=CARTESIAN_POINT('',(1.95571843102461,-0.830384757729334,-0.31159141066034));
#2685=CARTESIAN_POINT('Origin',(-3.21132009872827E-13,-0.830384757729671,
1.17683640610267E-13));
#2686=CARTESIAN_POINT('Ctrl Pts',(2.42527185463343E-16,-0.249999999999999,
1.98038475772933));
#2687=CARTESIAN_POINT('Ctrl Pts',(-0.820302225368445,-0.299999999999999,
1.98038475772933));
#2688=CARTESIAN_POINT('Ctrl Pts',(-1.40034349154889,-0.349999999999999,
1.40034349154889));
#2689=CARTESIAN_POINT('Ctrl Pts',(-1.98038475772933,-0.399999999999999,
0.820302225368447));
#2690=CARTESIAN_POINT('Ctrl Pts',(-1.98038475772933,-0.449999999999999,
3.63790778195015E-16));
#2691=CARTESIAN_POINT('Ctrl Pts',(-1.98038475772933,-0.499999999999999,
-0.820302225368446));
#2692=CARTESIAN_POINT('Ctrl Pts',(-1.40034349154889,-0.549999999999999,
-1.40034349154889));
#2693=CARTESIAN_POINT('Ctrl Pts',(-0.820302225368447,-0.599999999999999,
-1.98038475772933));
#2694=CARTESIAN_POINT('Ctrl Pts',(0.,-0.649999999999999,-1.98038475772933));
#2695=CARTESIAN_POINT('Ctrl Pts',(0.820302225368446,-0.699999999999999,
-1.98038475772933));
#2696=CARTESIAN_POINT('Ctrl Pts',(1.40034349154889,-0.749999999999999,-1.40034349154889));
#2697=CARTESIAN_POINT('Ctrl Pts',(1.85463394433454,-0.789160183875979,-0.946053038763244));
#2698=CARTESIAN_POINT('Ctrl Pts',(1.95571843102461,-0.830384757729334,-0.31159141066034));
#2699=CARTESIAN_POINT('Origin',(0.,1.35,0.));
#2700=CARTESIAN_POINT('',(-1.93391224941969E-14,-0.650000000000002,2.5));
#2701=CARTESIAN_POINT('',(-1.43029718152746E-17,-0.749999999999998,2.5));
#2702=CARTESIAN_POINT('',(-3.06161699786838E-16,1.35,2.5));
#2703=CARTESIAN_POINT('',(2.5,-1.35,-1.53080849893419E-16));
#2704=CARTESIAN_POINT('Ctrl Pts',(2.77555756156289E-16,-0.749999999999998,
2.5));
#2705=CARTESIAN_POINT('Ctrl Pts',(-0.0134617448966216,-0.750649990542051,
2.5));
#2706=CARTESIAN_POINT('Ctrl Pts',(-0.0269280121600011,-0.751302374063415,
2.49989126899361));
#2707=CARTESIAN_POINT('Ctrl Pts',(-0.374354790193118,-0.768189918915253,
2.49427646586083));
#2708=CARTESIAN_POINT('Ctrl Pts',(-0.703837103899899,-0.78554406840857,
2.42200966150795));
#2709=CARTESIAN_POINT('Ctrl Pts',(-1.3033017941439,-0.819779753618267,2.15746118637395));
#2710=CARTESIAN_POINT('Ctrl Pts',(-1.56945913022087,-0.836158110598577,
1.97230007920736));
#2711=CARTESIAN_POINT('Ctrl Pts',(-2.02601611802956,-0.867983714167385,
1.50228234410843));
#2712=CARTESIAN_POINT('Ctrl Pts',(-2.20837996915717,-0.88533579599881,1.21844654303286));
#2713=CARTESIAN_POINT('Ctrl Pts',(-2.4461944125406,-0.919577752500304,0.607778371555064));
#2714=CARTESIAN_POINT('Ctrl Pts',(-2.50396691795366,-0.935981236682652,
0.288694943469911));
#2715=CARTESIAN_POINT('Ctrl Pts',(-2.49544272838353,-0.967792025756069,
-0.366597234801856));
#2716=CARTESIAN_POINT('Ctrl Pts',(-2.42417074828009,-0.985142144939761,
-0.696408147759554));
#2717=CARTESIAN_POINT('Ctrl Pts',(-2.16136182912196,-1.01938989747679,-1.29684330821342));
#2718=CARTESIAN_POINT('Ctrl Pts',(-1.97694638494806,-1.03581695104255,-1.56361832675341));
#2719=CARTESIAN_POINT('Ctrl Pts',(-1.50814224734522,-1.06761393622456,-2.02167427875677));
#2720=CARTESIAN_POINT('Ctrl Pts',(-1.22474574352748,-1.08496219694353,-2.20490763165955));
#2721=CARTESIAN_POINT('Ctrl Pts',(-0.614584541785333,-1.11921530511475,
-2.44450359174044));
#2722=CARTESIAN_POINT('Ctrl Pts',(-0.295585198252093,-1.13566443825446,
-2.50317229281988));
#2723=CARTESIAN_POINT('Ctrl Pts',(0.359893302165234,-1.16744857091464,-2.4964307453624));
#2724=CARTESIAN_POINT('Ctrl Pts',(0.689985741352947,-1.18479507568533,-2.42601915035174));
#2725=CARTESIAN_POINT('Ctrl Pts',(1.29125742136434,-1.21905313159635,-2.16471459935497));
#2726=CARTESIAN_POINT('Ctrl Pts',(1.55856599654225,-1.23552292396796,-1.98094314135293));
#2727=CARTESIAN_POINT('Ctrl Pts',(2.01791443837576,-1.26729509830365,-1.51318822001904));
#2728=CARTESIAN_POINT('Ctrl Pts',(2.20189723971226,-1.2846399473023,-1.23017280694838));
#2729=CARTESIAN_POINT('Ctrl Pts',(2.44057815305081,-1.31855414678494,-0.626651609195852));
#2730=CARTESIAN_POINT('Ctrl Pts',(2.5,-1.33480507608761,-0.314697178186982));
#2731=CARTESIAN_POINT('Ctrl Pts',(2.5,-1.35,8.32667268468867E-16));
#2732=CARTESIAN_POINT('',(1.76776695296637,-1.35,1.76776695296637));
#2733=CARTESIAN_POINT('Origin',(0.,-1.35,0.));
#2734=CARTESIAN_POINT('Ctrl Pts',(1.7677669529658,-1.35000000000004,1.76776695296693));
#2735=CARTESIAN_POINT('Ctrl Pts',(1.96657701670291,-1.3364243996811,1.56895688922996));
#2736=CARTESIAN_POINT('Ctrl Pts',(2.13046868531968,-1.32199451490773,1.33799034230054));
#2737=CARTESIAN_POINT('Ctrl Pts',(2.37564202017027,-1.29250508179709,0.828798305671761));
#2738=CARTESIAN_POINT('Ctrl Pts',(2.45434071885501,-1.27765802050793,0.553903666640452));
#2739=CARTESIAN_POINT('Ctrl Pts',(2.5199951970922,-1.24734747106508,-0.0466533911535507));
#2740=CARTESIAN_POINT('Ctrl Pts',(2.49331137682635,-1.23206279302903,-0.368721201491255));
#2741=CARTESIAN_POINT('Ctrl Pts',(2.31704593797421,-1.19828328005776,-0.995306286293924));
#2742=CARTESIAN_POINT('Ctrl Pts',(2.16523197953689,-1.18088660951784,-1.29271972964023));
#2743=CARTESIAN_POINT('Ctrl Pts',(1.76111895012948,-1.14816274955029,-1.80306396271586));
#2744=CARTESIAN_POINT('Ctrl Pts',(1.51589519262011,-1.13292159856114,-2.01361480510277));
#2745=CARTESIAN_POINT('Ctrl Pts',(0.9505056271457,-1.09917948121785,-2.33574951527446));
#2746=CARTESIAN_POINT('Ctrl Pts',(0.633788420889471,-1.08178597037102,-2.44080208283546));
#2747=CARTESIAN_POINT('Ctrl Pts',(-0.0121220974347922,-1.04900647717049,
-2.52041080944372));
#2748=CARTESIAN_POINT('Ctrl Pts',(-0.334624436299537,-1.03380547338434,
-2.49812852163288));
#2749=CARTESIAN_POINT('Ctrl Pts',(-0.963203487489017,-1.00010260061722,
-2.33050895368227));
#2750=CARTESIAN_POINT('Ctrl Pts',(-1.26227160586815,-0.982713182560331,
-2.18305235830199));
#2751=CARTESIAN_POINT('Ctrl Pts',(-1.77803223018474,-0.949877253159539,
-1.78641218242554));
#2752=CARTESIAN_POINT('Ctrl Pts',(-1.99210756417514,-0.934712510327438,
-1.54407759886947));
#2753=CARTESIAN_POINT('Ctrl Pts',(-2.32196182150366,-0.901050712181355,
-0.983549039562789));
#2754=CARTESIAN_POINT('Ctrl Pts',(-2.43136992799667,-0.883666382295432,
-0.668826100529887));
#2755=CARTESIAN_POINT('Ctrl Pts',(-2.52034349684979,-0.850773403966006,
-0.0244442728969486));
#2756=CARTESIAN_POINT('Ctrl Pts',(-2.50272137694869,-0.835640546996704,
0.29852124035165));
#2757=CARTESIAN_POINT('Ctrl Pts',(-2.34422889425001,-0.802021618449267,
0.929142312323693));
#2758=CARTESIAN_POINT('Ctrl Pts',(-2.20138569966696,-0.784643427240965,
1.22988884823427));
#2759=CARTESIAN_POINT('Ctrl Pts',(-1.81266353166316,-0.751692988067039,
1.7513007938515));
#2760=CARTESIAN_POINT('Ctrl Pts',(-1.57336892718939,-0.736587181260421,
1.96908953961584));
#2761=CARTESIAN_POINT('Ctrl Pts',(-1.01798915573575,-0.703012865238674,
2.30699996419213));
#2762=CARTESIAN_POINT('Ctrl Pts',(-0.705419759140323,-0.685641909538567,
2.42093847275404));
#2763=CARTESIAN_POINT('Ctrl Pts',(-0.253816714295442,-0.662448475653346,
2.49034397134162));
#2764=CARTESIAN_POINT('Ctrl Pts',(-0.126865570575423,-0.656125611621628,
2.5));
#2765=CARTESIAN_POINT('Ctrl Pts',(-4.29170587956662E-14,-0.650000000000002,
2.5));
#2766=CARTESIAN_POINT('Origin',(0.,1.35,0.));
#2767=CARTESIAN_POINT('',(4.72149211760141E-15,0.150000000000001,2.5));
#2768=CARTESIAN_POINT('',(-1.27818677550045E-14,0.0500000000000005,2.5));
#2769=CARTESIAN_POINT('',(-3.06161699786838E-16,1.35,2.5));
#2770=CARTESIAN_POINT('Ctrl Pts',(-2.52575738102223E-14,0.0500000000000006,
2.5));
#2771=CARTESIAN_POINT('Ctrl Pts',(-0.0285596522818763,0.0486210180024905,
2.5));
#2772=CARTESIAN_POINT('Ctrl Pts',(-0.0571375986201113,0.0472313649023636,
2.49951061062829));
#2773=CARTESIAN_POINT('Ctrl Pts',(-0.418914175978364,0.0295150044586778,
2.48709850805121));
#2774=CARTESIAN_POINT('Ctrl Pts',(-0.746450095146206,0.0121408751101276,
2.40913369884306));
#2775=CARTESIAN_POINT('Ctrl Pts',(-1.34028834958291,-0.0220224901039518,
2.13461780585614));
#2776=CARTESIAN_POINT('Ctrl Pts',(-1.60289139797917,-0.0381370607460984,
1.9451627784156));
#2777=CARTESIAN_POINT('Ctrl Pts',(-2.05076723322442,-0.070125128841773,
1.46818444166623));
#2778=CARTESIAN_POINT('Ctrl Pts',(-2.2280890804516,-0.0874964916353129,
1.1818608523934));
#2779=CARTESIAN_POINT('Ctrl Pts',(-2.45561015044401,-0.121671500265401,
0.568315561869885));
#2780=CARTESIAN_POINT('Ctrl Pts',(-2.50820264396784,-0.137825506178735,
0.24874437641097));
#2781=CARTESIAN_POINT('Ctrl Pts',(-2.48935809335629,-0.169788392950714,
-0.405423014826372));
#2782=CARTESIAN_POINT('Ctrl Pts',(-2.41311553503076,-0.187157044066468,
-0.733558855751496));
#2783=CARTESIAN_POINT('Ctrl Pts',(-2.14161319155514,-0.221342845924789,
-1.32911004138362));
#2784=CARTESIAN_POINT('Ctrl Pts',(-1.95346031352413,-0.237534401115748,
-1.59279043825495));
#2785=CARTESIAN_POINT('Ctrl Pts',(-1.47858762875651,-0.269473626612879,
-2.04330763714502));
#2786=CARTESIAN_POINT('Ctrl Pts',(-1.19301081704991,-0.286839635251903,
-2.22216465717484));
#2787=CARTESIAN_POINT('Ctrl Pts',(-0.580330355585265,-0.321035436900056,
-2.45281326011359));
#2788=CARTESIAN_POINT('Ctrl Pts',(-0.260907741311511,-0.337262658742194,
-2.50698005528787));
#2789=CARTESIAN_POINT('Ctrl Pts',(0.393610152213988,-0.369179680471462,
-2.49127494418958));
#2790=CARTESIAN_POINT('Ctrl Pts',(0.722263706415509,-0.386543127244051,
-2.41654247343558));
#2791=CARTESIAN_POINT('Ctrl Pts',(1.31930798891905,-0.420748189143738,-2.14768178260862));
#2792=CARTESIAN_POINT('Ctrl Pts',(1.58393080856092,-0.437009213384455,-1.96066752880192));
#2793=CARTESIAN_POINT('Ctrl Pts',(2.03675145145421,-0.468905424699677,-1.48763981465667));
#2794=CARTESIAN_POINT('Ctrl Pts',(2.21694650450227,-0.486266399038236,-1.2027214981496));
#2795=CARTESIAN_POINT('Ctrl Pts',(2.45032564787744,-0.520480032672883,-0.590802751033845));
#2796=CARTESIAN_POINT('Ctrl Pts',(2.50586659556608,-0.536773026077835,-0.271509575937348));
#2797=CARTESIAN_POINT('Ctrl Pts',(2.4928997701502,-0.56864975532736,0.383308068076882));
#2798=CARTESIAN_POINT('Ctrl Pts',(2.4194858469831,-0.586008353212531,0.712407358824987));
#2799=CARTESIAN_POINT('Ctrl Pts',(2.15293131538027,-0.620229918219086,1.31074867429047));
#2800=CARTESIAN_POINT('Ctrl Pts',(1.96690896162455,-0.636553089038892,1.57619274305178));
#2801=CARTESIAN_POINT('Ctrl Pts',(1.49549124881561,-0.668411599375518,2.03101522407689));
#2802=CARTESIAN_POINT('Ctrl Pts',(1.21115070107263,-0.685767921357357,2.21237251647514));
#2803=CARTESIAN_POINT('Ctrl Pts',(0.612472287109924,-0.7192927794042,2.44327787232851));
#2804=CARTESIAN_POINT('Ctrl Pts',(0.307469933817276,-0.735154038315126,
2.5));
#2805=CARTESIAN_POINT('Ctrl Pts',(1.04083408558608E-15,-0.749999999999998,
2.5));
#2806=CARTESIAN_POINT('Ctrl Pts',(-4.17721413015215E-14,-0.650000000000002,
2.5));
#2807=CARTESIAN_POINT('Ctrl Pts',(0.192504452487247,-0.640705062799761,
2.5));
#2808=CARTESIAN_POINT('Ctrl Pts',(0.384768637180053,-0.630977093275893,
2.47776832605068));
#2809=CARTESIAN_POINT('Ctrl Pts',(0.893423473845912,-0.604021762245224,
2.35800317976261));
#2810=CARTESIAN_POINT('Ctrl Pts',(1.19584638287038,-0.586659174867696,2.21998729942543));
#2811=CARTESIAN_POINT('Ctrl Pts',(1.72308243270305,-0.553593418562285,1.8395599062329));
#2812=CARTESIAN_POINT('Ctrl Pts',(1.94473944465706,-0.538525567452401,1.60342808010413));
#2813=CARTESIAN_POINT('Ctrl Pts',(2.29095661546712,-0.505045409361474,1.05343915019724));
#2814=CARTESIAN_POINT('Ctrl Pts',(2.40954846772614,-0.487692347396051,0.743167823050923));
#2815=CARTESIAN_POINT('Ctrl Pts',(2.51846167103853,-0.454569164655628,0.102277572982137));
#2816=CARTESIAN_POINT('Ctrl Pts',(2.5107698766375,-0.439511532918608,-0.22168429464909));
#2817=CARTESIAN_POINT('Ctrl Pts',(2.37162144905918,-0.406080728270246,-0.856421763083121));
#2818=CARTESIAN_POINT('Ctrl Pts',(2.23859502298294,-0.388738360236658,-1.16049261540721));
#2819=CARTESIAN_POINT('Ctrl Pts',(1.86675463697932,-0.355558192563859,-1.69365505708078));
#2820=CARTESIAN_POINT('Ctrl Pts',(1.63387532834365,-0.340504590058777,-1.91929447397504));
#2821=CARTESIAN_POINT('Ctrl Pts',(1.08946301614928,-0.307124498642199,-2.27397145718139));
#2822=CARTESIAN_POINT('Ctrl Pts',(0.781613190970409,-0.289793990797405,
-2.39728162630004));
#2823=CARTESIAN_POINT('Ctrl Pts',(0.142665918592957,-0.256557490063035,
-2.51655149240363));
#2824=CARTESIAN_POINT('Ctrl Pts',(-0.181818346799828,-0.241501553982887,
-2.5140260178769));
#2825=CARTESIAN_POINT('Ctrl Pts',(-0.818572289163677,-0.208173398063441,
-2.38487822545393));
#2826=CARTESIAN_POINT('Ctrl Pts',(-1.12423730388095,-0.19085590019441,-2.25694395607584));
#2827=CARTESIAN_POINT('Ctrl Pts',(-1.66333921129532,-0.157564764723445,
-1.89389431890858));
#2828=CARTESIAN_POINT('Ctrl Pts',(-1.89301955707103,-0.142500796882161,
-1.66433469838917));
#2829=CARTESIAN_POINT('Ctrl Pts',(-2.25636202721062,-0.109212347451981,
-1.12540971608955));
#2830=CARTESIAN_POINT('Ctrl Pts',(-2.384460583007,-0.0918939809578759,-0.819794761220516));
#2831=CARTESIAN_POINT('Ctrl Pts',(-2.51393072763029,-0.0585624593877462,
-0.183104636601932));
#2832=CARTESIAN_POINT('Ctrl Pts',(-2.51662310582803,-0.0435068662523219,
0.1413627189122));
#2833=CARTESIAN_POINT('Ctrl Pts',(-2.39768757216748,-0.0102739559260774,
0.780374116534879));
#2834=CARTESIAN_POINT('Ctrl Pts',(-2.27452914014868,0.00705734755400214,
1.08830327142473));
#2835=CARTESIAN_POINT('Ctrl Pts',(-1.92012484164378,0.0404407306267084,
1.63289670575124));
#2836=CARTESIAN_POINT('Ctrl Pts',(-1.69461448263686,0.055494402056872,1.8658813698192));
#2837=CARTESIAN_POINT('Ctrl Pts',(-1.16164296586206,0.08867093131732,2.23800076868531));
#2838=CARTESIAN_POINT('Ctrl Pts',(-0.857624269293469,0.106014020508489,
2.3711891677729));
#2839=CARTESIAN_POINT('Ctrl Pts',(-0.359932446576481,0.132232026775064,
2.48055513281608));
#2840=CARTESIAN_POINT('Ctrl Pts',(-0.180034610892939,0.141307160013714,
2.5));
#2841=CARTESIAN_POINT('Ctrl Pts',(8.95117313604032E-15,0.15,2.5));
#2842=CARTESIAN_POINT('Origin',(0.,1.35,0.));
#2843=CARTESIAN_POINT('',(8.70971113396323E-14,0.950000000000009,2.5));
#2844=CARTESIAN_POINT('',(-7.22268728182324E-14,0.849999999999995,2.5));
#2845=CARTESIAN_POINT('',(-3.06161699786838E-16,1.35,2.5));
#2846=CARTESIAN_POINT('',(0.,1.35,-2.5));
#2847=CARTESIAN_POINT('Ctrl Pts',(1.74500384379051E-13,0.950000000000009,
2.5));
#2848=CARTESIAN_POINT('Ctrl Pts',(0.0902448769409185,0.954357408116906,
2.5));
#2849=CARTESIAN_POINT('Ctrl Pts',(0.180585794446353,0.958817177852307,2.49511378150897));
#2850=CARTESIAN_POINT('Ctrl Pts',(0.599607704117219,0.979961905656726,2.44948576854691));
#2851=CARTESIAN_POINT('Ctrl Pts',(0.918207244929947,0.997360989869671,2.34869889029561));
#2852=CARTESIAN_POINT('Ctrl Pts',(1.48827601024396,1.03117826282841,2.03410298706498));
#2853=CARTESIAN_POINT('Ctrl Pts',(1.73630011428942,1.04651239614825,1.82696360240024));
#2854=CARTESIAN_POINT('Ctrl Pts',(2.14760537594596,1.07912470330362,1.32190882385224));
#2855=CARTESIAN_POINT('Ctrl Pts',(2.30361481066378,1.09652523968188,1.0261531395486));
#2856=CARTESIAN_POINT('Ctrl Pts',(2.48823078138044,1.13037609521033,0.401549405559252));
#2857=CARTESIAN_POINT('Ctrl Pts',(2.51915512610778,1.14575911044288,0.079897385531407));
#2858=CARTESIAN_POINT('Ctrl Pts',(2.4569107873827,1.1783192850318,-0.568663460585915));
#2859=CARTESIAN_POINT('Ctrl Pts',(2.35999985062272,1.195720558362,-0.888913807034251));
#2860=CARTESIAN_POINT('Ctrl Pts',(2.05223777578843,1.2296031780233,-1.46316661127581));
#2861=CARTESIAN_POINT('Ctrl Pts',(1.84816588659132,1.24503689822175,-1.71371206001183));
#2862=CARTESIAN_POINT('Ctrl Pts',(1.37840984497723,1.2755640012616,-2.10597580533272));
#2863=CARTESIAN_POINT('Ctrl Pts',(1.12341796818356,1.29080349267863,-2.25234552893378));
#2864=CARTESIAN_POINT('Ctrl Pts',(0.576757880100483,1.32114603906271,-2.44971864947951));
#2865=CARTESIAN_POINT('Ctrl Pts',(0.289487412510975,1.33602231125159,-2.5));
#2866=CARTESIAN_POINT('Ctrl Pts',(0.,1.35,-2.5));
#2867=CARTESIAN_POINT('',(-1.76776695296637,1.35,-1.76776695296637));
#2868=CARTESIAN_POINT('Origin',(0.,1.35,0.));
#2869=CARTESIAN_POINT('Ctrl Pts',(-1.76776695296637,1.35,-1.76776695296637));
#2870=CARTESIAN_POINT('Ctrl Pts',(-1.6282761724445,1.34047497370633,-1.90725773348824));
#2871=CARTESIAN_POINT('Ctrl Pts',(-1.47277584524112,1.33051716041011,-2.0297373994116));
#2872=CARTESIAN_POINT('Ctrl Pts',(-1.13308244641394,1.30995958810405,-2.23752360421715));
#2873=CARTESIAN_POINT('Ctrl Pts',(-0.949625974019091,1.29942529730273,-2.32133504052249));
#2874=CARTESIAN_POINT('Ctrl Pts',(-0.446151974520369,1.27191094906477,-2.48155869452853));
#2875=CARTESIAN_POINT('Ctrl Pts',(-0.117713897160442,1.25605560830844,-2.51859392841713));
#2876=CARTESIAN_POINT('Ctrl Pts',(0.531767165435064,1.22360867924644,-2.46423346513955));
#2877=CARTESIAN_POINT('Ctrl Pts',(0.846663631940053,1.20660992510447,-2.3745230782208));
#2878=CARTESIAN_POINT('Ctrl Pts',(1.42761986535831,1.17263444430513,-2.07830145611729));
#2879=CARTESIAN_POINT('Ctrl Pts',(1.68749476119576,1.15670783812731,-1.87344099878027));
#2880=CARTESIAN_POINT('Ctrl Pts',(2.11108395576172,1.1243062033364,-1.37783755937136));
#2881=CARTESIAN_POINT('Ctrl Pts',(2.27177585409102,1.10732753836922,-1.09275865800298));
#2882=CARTESIAN_POINT('Ctrl Pts',(2.47659942971169,1.07332725035879,-0.473430339993429));
#2883=CARTESIAN_POINT('Ctrl Pts',(2.51728850814213,1.05732970177213,-0.144641959562556));
#2884=CARTESIAN_POINT('Ctrl Pts',(2.46965387684479,1.02497175445386,0.505782161604475));
#2885=CARTESIAN_POINT('Ctrl Pts',(2.38337632772901,1.0080127228227,0.821277875949634));
#2886=CARTESIAN_POINT('Ctrl Pts',(2.09326608356195,0.973989275085675,1.40575895280057));
#2887=CARTESIAN_POINT('Ctrl Pts',(1.8906433786837,0.957921481587,1.66834280707937));
#2888=CARTESIAN_POINT('Ctrl Pts',(1.39895585836032,0.925605568366111,2.0970997881095));
#2889=CARTESIAN_POINT('Ctrl Pts',(1.11580179046993,0.908665656935874,2.26050096867927));
#2890=CARTESIAN_POINT('Ctrl Pts',(0.548502371709881,0.877391552531152,2.45462423821849));
#2891=CARTESIAN_POINT('Ctrl Pts',(0.275013433579075,0.863278823223629,2.50000000000002));
#2892=CARTESIAN_POINT('Ctrl Pts',(-1.43982048506075E-13,0.849999999999995,
2.5));
#2893=CARTESIAN_POINT('Origin',(0.,1.35,0.));
#2894=CARTESIAN_POINT('',(1.06392278110885E-11,0.842820323026734,-1.99282032302673));
#2895=CARTESIAN_POINT('',(-1.95601519243773E-11,1.1133974596265,-2.2633974596265));
#2896=CARTESIAN_POINT('',(-3.06161699786838E-16,1.35,-2.5));
#2897=CARTESIAN_POINT('Ctrl Pts',(2.127869967228E-11,0.842820323026734,
-1.99282032302673));
#2898=CARTESIAN_POINT('Ctrl Pts',(0.0965485329646033,0.839112704181423,
-1.98911270418039));
#2899=CARTESIAN_POINT('Ctrl Pts',(0.20106555078477,0.834967342450001,-1.97796815206553));
#2900=CARTESIAN_POINT('Ctrl Pts',(0.311591410660334,0.830384757729335,-1.95571843102461));
#2901=CARTESIAN_POINT('Ctrl Pts',(1.60323016410644,0.830384757729333,-1.16257336523159));
#2902=CARTESIAN_POINT('Ctrl Pts',(1.50864986744482,0.861321913761897,-1.34570284605366));
#2903=CARTESIAN_POINT('Ctrl Pts',(1.39315390453321,0.886857646081247,-1.49499725715911));
#2904=CARTESIAN_POINT('Ctrl Pts',(1.15062761947563,0.93724683641365,-1.75120193686851));
#2905=CARTESIAN_POINT('Ctrl Pts',(1.00521749166896,0.964225403976792,-1.86910090805677));
#2906=CARTESIAN_POINT('Ctrl Pts',(0.604606625342908,1.03136719998178,-2.11458970166803));
#2907=CARTESIAN_POINT('Ctrl Pts',(0.335581085027684,1.07041707980439,-2.21291657809463));
#2908=CARTESIAN_POINT('Ctrl Pts',(0.0376562491801782,1.10862494920402,-2.25837673427025));
#2909=CARTESIAN_POINT('Ctrl Pts',(0.0193609518610509,1.11095441739263,-2.26095441739297));
#2910=CARTESIAN_POINT('Ctrl Pts',(-3.91193525884652E-11,1.1133974596265,
-2.2633974596265));
#2911=CARTESIAN_POINT('Origin',(0.,-1.35,0.));
#2912=CARTESIAN_POINT('',(1.17132315396482E-13,-1.22320508075689,-2.37320508075689));
#2913=CARTESIAN_POINT('',(3.06161699786838E-16,-1.35,-2.5));
#2914=CARTESIAN_POINT('',(3.06161699786838E-16,-1.35,-2.5));
#2915=CARTESIAN_POINT('Ctrl Pts',(2.34257058195908E-13,-1.22320508075689,
-2.37320508075689));
#2916=CARTESIAN_POINT('Ctrl Pts',(-0.216989280159667,-1.21620794089148,
-2.3662079408915));
#2917=CARTESIAN_POINT('Ctrl Pts',(-0.432599861430775,-1.20879545360897,
-2.32907439670911));
#2918=CARTESIAN_POINT('Ctrl Pts',(-0.925902817143589,-1.19067495998846,
-2.17047855772193));
#2919=CARTESIAN_POINT('Ctrl Pts',(-1.1906878519589,-1.17999388243758,-2.02500731016758));
#2920=CARTESIAN_POINT('Ctrl Pts',(-1.53489579298259,-1.164581995333,-1.73877791341612));
#2921=CARTESIAN_POINT('Ctrl Pts',(-1.64085014647088,-1.15968546859429,-1.63234110305195));
#2922=CARTESIAN_POINT('Ctrl Pts',(-1.91504943342761,-1.14492088661859,-1.2961758537635));
#2923=CARTESIAN_POINT('Ctrl Pts',(-2.05194988395285,-1.13465608357696,-1.04400812119051));
#2924=CARTESIAN_POINT('Ctrl Pts',(-2.18387721649602,-1.11895700233621,-0.63287299894089));
#2925=CARTESIAN_POINT('Ctrl Pts',(-2.21517070618018,-1.11361687682148,-0.488533037785186));
#2926=CARTESIAN_POINT('Ctrl Pts',(-2.26337140064901,-1.09885430959368,-0.0766539040735241));
#2927=CARTESIAN_POINT('Ctrl Pts',(-2.25162902079522,-1.08893099809549,0.225986733563724));
#2928=CARTESIAN_POINT('Ctrl Pts',(-2.080306727647,-1.06633983570295,0.815969299577249));
#2929=CARTESIAN_POINT('Ctrl Pts',(-1.94848149450024,-1.05556781321693,1.07204036624284));
#2930=CARTESIAN_POINT('Ctrl Pts',(-1.61248143740698,-1.03569869620088,1.49770116640228));
#2931=CARTESIAN_POINT('Ctrl Pts',(-1.39663020510848,-1.02575114749155,1.69912495171613));
#2932=CARTESIAN_POINT('Ctrl Pts',(-0.871594685883729,-1.00307394310748,
1.98814011028792));
#2933=CARTESIAN_POINT('Ctrl Pts',(-0.605335680903948,-0.992307123448164,
2.07357195360297));
#2934=CARTESIAN_POINT('Ctrl Pts',(-0.0838051859563525,-0.972487214512171,
2.13527497596015));
#2935=CARTESIAN_POINT('Ctrl Pts',(0.203070426003967,-0.962533633370694,
2.12610356374848));
#2936=CARTESIAN_POINT('Ctrl Pts',(0.763307711556838,-0.939805553315288,
1.96386661334749));
#2937=CARTESIAN_POINT('Ctrl Pts',(1.00459250435351,-0.929044087634891,1.83992999162069));
#2938=CARTESIAN_POINT('Ctrl Pts',(1.4037253712967,-0.909276163190347,1.52556641314777));
#2939=CARTESIAN_POINT('Ctrl Pts',(1.59499127904269,-0.89931628996903,1.32272486171494));
#2940=CARTESIAN_POINT('Ctrl Pts',(1.85537693880628,-0.877648819869987,0.850305532934715));
#2941=CARTESIAN_POINT('Ctrl Pts',(1.93170604684286,-0.868058404260033,0.628611516253226));
#2942=CARTESIAN_POINT('Ctrl Pts',(1.9990650579595,-0.850899398144936,0.209692706010165));
#2943=CARTESIAN_POINT('Ctrl Pts',(2.01124176350716,-0.841820423578626,-0.0357783317363022));
#2944=CARTESIAN_POINT('Ctrl Pts',(1.95571843102103,-0.830384757728597,-0.311591410678115));
#2945=CARTESIAN_POINT('Ctrl Pts',(1.76776695296637,-1.35,1.76776695296637));
#2946=CARTESIAN_POINT('Ctrl Pts',(1.82559296154094,-1.33945253427153,1.69502457530993));
#2947=CARTESIAN_POINT('Ctrl Pts',(1.92371041006675,-1.3206023032999,1.56364303965336));
#2948=CARTESIAN_POINT('Ctrl Pts',(2.08483760762724,-1.27750464461574,1.25178560295138));
#2949=CARTESIAN_POINT('Ctrl Pts',(2.13942296626467,-1.25921465373286,1.11707859844332));
#2950=CARTESIAN_POINT('Ctrl Pts',(2.26313323689569,-1.20431450825728,0.707068235892707));
#2951=CARTESIAN_POINT('Ctrl Pts',(2.29550404838013,-1.16725934918158,0.42345736658417));
#2952=CARTESIAN_POINT('Ctrl Pts',(2.27237720817139,-1.12249331101382,0.0720573749454757));
#2953=CARTESIAN_POINT('Ctrl Pts',(2.26468110720105,-1.11360028873498,0.000878103711415192));
#2954=CARTESIAN_POINT('Ctrl Pts',(2.21233394168354,-1.07129824050359,-0.327604815549436));
#2955=CARTESIAN_POINT('Ctrl Pts',(2.12386429333745,-1.03538501420806,-0.576311734545032));
#2956=CARTESIAN_POINT('Ctrl Pts',(1.89471412154464,-0.970355640306544,-0.971193355681385));
#2957=CARTESIAN_POINT('Ctrl Pts',(1.77412150727001,-0.942139598911399,-1.12551228452118));
#2958=CARTESIAN_POINT('Ctrl Pts',(1.51190675920723,-0.889891223770964,-1.37974133652516));
#2959=CARTESIAN_POINT('Ctrl Pts',(1.35657222597849,-0.863158142976343,-1.50303619359371));
#2960=CARTESIAN_POINT('Ctrl Pts',(1.16257336523301,-0.830384757729569,-1.6032301641057));
#2961=CARTESIAN_POINT('Origin',(0.,-1.35,0.));
#2962=CARTESIAN_POINT('Origin',(0.,-1.35,0.));
#2963=CARTESIAN_POINT('Origin',(0.,-1.35,0.));
#2964=CARTESIAN_POINT('Ctrl Pts',(2.5,-1.35,-3.12250225675825E-16));
#2965=CARTESIAN_POINT('Ctrl Pts',(2.49548768234589,-1.34548768234589,-0.147408364721962));
#2966=CARTESIAN_POINT('Ctrl Pts',(2.47822149899302,-1.34093680331222,-0.290025604078623));
#2967=CARTESIAN_POINT('Ctrl Pts',(2.4198220415595,-1.33170060307965,-0.568066060919221));
#2968=CARTESIAN_POINT('Ctrl Pts',(2.37967345045836,-1.32708153944327,-0.701772551546191));
#2969=CARTESIAN_POINT('Ctrl Pts',(2.22653588619783,-1.31314846784632,-1.08923533474063));
#2970=CARTESIAN_POINT('Ctrl Pts',(2.08187126935205,-1.30380914940428,-1.32807999509626));
#2971=CARTESIAN_POINT('Ctrl Pts',(1.79743189240012,-1.28968494348713,-1.65714729517127));
#2972=CARTESIAN_POINT('Ctrl Pts',(1.68204967196409,-1.2847717989752,-1.76751950766341));
#2973=CARTESIAN_POINT('Ctrl Pts',(1.43298840924214,-1.27449446238733,-1.96195924743964));
#2974=CARTESIAN_POINT('Ctrl Pts',(1.30023414594768,-1.26923580842242,-2.04613157123686));
#2975=CARTESIAN_POINT('Ctrl Pts',(0.886145027945704,-1.25342310162085,-2.25506782817087));
#2976=CARTESIAN_POINT('Ctrl Pts',(0.588086316249983,-1.24276247225896,-2.339576072326));
#2977=CARTESIAN_POINT('Ctrl Pts',(0.188199798831507,-1.22933676844661,-2.37375512665117));
#2978=CARTESIAN_POINT('Ctrl Pts',(0.0939753203195583,-1.22623545377664,
-2.37623545377663));
#2979=CARTESIAN_POINT('Ctrl Pts',(2.33973996992377E-13,-1.22320508075689,
-2.37320508075689));
#2980=CARTESIAN_POINT('Origin',(0.,1.35,0.));
#2981=CARTESIAN_POINT('Ctrl Pts',(-3.91192980786492E-11,1.1133974596265,
-2.2633974596265));
#2982=CARTESIAN_POINT('Ctrl Pts',(-0.096553082148053,1.12558091313753,-2.27558091313586));
#2983=CARTESIAN_POINT('Ctrl Pts',(-0.219455245238785,1.14121961697791,-2.28500511695437));
#2984=CARTESIAN_POINT('Ctrl Pts',(-0.607333014792062,1.19129954219332,-2.27432077903696));
#2985=CARTESIAN_POINT('Ctrl Pts',(-0.851031617761694,1.22341636661688,-2.22903872123445));
#2986=CARTESIAN_POINT('Ctrl Pts',(-1.33078137134149,1.28811895089094,-2.0594124724849));
#2987=CARTESIAN_POINT('Ctrl Pts',(-1.56203757273087,1.32016974620183,-1.93130998371147));
#2988=CARTESIAN_POINT('Ctrl Pts',(-1.76776695296637,1.35,-1.76776695296637));
#2989=CARTESIAN_POINT('Origin',(0.,1.35,0.));
#2990=CARTESIAN_POINT('Ctrl Pts',(2.08166817117217E-16,1.35,-2.5));
#2991=CARTESIAN_POINT('Ctrl Pts',(0.291144123122229,1.34108778684892,-2.49108778684892));
#2992=CARTESIAN_POINT('Ctrl Pts',(0.578404304858997,1.33155149039031,-2.43069538369352));
#2993=CARTESIAN_POINT('Ctrl Pts',(1.11162392213581,1.31230841335423,-2.21533632434339));
#2994=CARTESIAN_POINT('Ctrl Pts',(1.35447780405222,1.30275517067013,-2.06442965057045));
#2995=CARTESIAN_POINT('Ctrl Pts',(1.6846287274285,1.28845242102836,-1.7700761800422));
#2996=CARTESIAN_POINT('Ctrl Pts',(1.79353013228331,1.28352005916214,-1.65252310322264));
#2997=CARTESIAN_POINT('Ctrl Pts',(1.98402518841096,1.27317295943197,-1.3999440415894));
#2998=CARTESIAN_POINT('Ctrl Pts',(2.06578322776295,1.26790867432266,-1.26619481873084));
#2999=CARTESIAN_POINT('Ctrl Pts',(2.26744909716239,1.25210548824948,-0.849942504762298));
#3000=CARTESIAN_POINT('Ctrl Pts',(2.34706752257634,1.24148370006299,-0.551448908552901));
#3001=CARTESIAN_POINT('Ctrl Pts',(2.3793065428774,1.2261641692963,-0.0928384868963174));
#3002=CARTESIAN_POINT('Ctrl Pts',(2.37548330493694,1.22125037977947,0.0626717764020757));
#3003=CARTESIAN_POINT('Ctrl Pts',(2.3370971061448,1.21096744056417,0.367998841938601));
#3004=CARTESIAN_POINT('Ctrl Pts',(2.30328165253916,1.20570887381839,0.517234564259786));
#3005=CARTESIAN_POINT('Ctrl Pts',(2.16099015347231,1.18989676087204,0.945757546564078));
#3006=CARTESIAN_POINT('Ctrl Pts',(2.01333096858723,1.17923750601484,1.20874850811016));
#3007=CARTESIAN_POINT('Ctrl Pts',(1.72407828177091,1.16386094132321,1.5503554206869));
#3008=CARTESIAN_POINT('Ctrl Pts',(1.61629463013875,1.15895975958569,1.65570798400208));
#3009=CARTESIAN_POINT('Ctrl Pts',(1.27653197706913,1.14410280574359,1.92729631512446));
#3010=CARTESIAN_POINT('Ctrl Pts',(1.02254478704007,1.13380205126354,2.06185017720368));
#3011=CARTESIAN_POINT('Ctrl Pts',(0.609678027331555,1.11809140942588,2.18956267836267));
#3012=CARTESIAN_POINT('Ctrl Pts',(0.465115007853046,1.11276109480604,2.21932687443552));
#3013=CARTESIAN_POINT('Ctrl Pts',(0.0509902343166447,1.09796857163886,2.26343717223961));
#3014=CARTESIAN_POINT('Ctrl Pts',(-0.250286955741905,1.0880528099407,2.24769820861938));
#3015=CARTESIAN_POINT('Ctrl Pts',(-0.83588830785047,1.06552792298361,2.07158266002977));
#3016=CARTESIAN_POINT('Ctrl Pts',(-1.09109558160628,1.05473788692298,1.93700358406199));
#3017=CARTESIAN_POINT('Ctrl Pts',(-1.51635095436101,1.03476925911331,1.59423492791098));
#3018=CARTESIAN_POINT('Ctrl Pts',(-1.71339050615174,1.02485044885886,1.37669817251429));
#3019=CARTESIAN_POINT('Ctrl Pts',(-1.99571207381642,1.00227568017564,0.852252459367829));
#3020=CARTESIAN_POINT('Ctrl Pts',(-2.07870214742844,0.991490880997514,0.584716782120422));
#3021=CARTESIAN_POINT('Ctrl Pts',(-2.13559263370463,0.971567551242205,0.058760896072137));
#3022=CARTESIAN_POINT('Ctrl Pts',(-2.12228593661438,0.961645491692441,-0.226237964147309));
#3023=CARTESIAN_POINT('Ctrl Pts',(-1.95591456294201,0.939019042158251,-0.781512827946804));
#3024=CARTESIAN_POINT('Ctrl Pts',(-1.82946440723579,0.928239594856042,-1.02201058179663));
#3025=CARTESIAN_POINT('Ctrl Pts',(-1.50982205407332,0.908428215000431,-1.4197060879706));
#3026=CARTESIAN_POINT('Ctrl Pts',(-1.30536624831061,0.898481274113419,-1.60762636871174));
#3027=CARTESIAN_POINT('Ctrl Pts',(-0.835838111499222,0.877016781837461,
-1.86086415044667));
#3028=CARTESIAN_POINT('Ctrl Pts',(-0.616647568974284,0.867555317797584,
-1.93466210066682));
#3029=CARTESIAN_POINT('Ctrl Pts',(-0.2848371431721,0.85398375033309,-1.98647419154412));
#3030=CARTESIAN_POINT('Ctrl Pts',(-0.152360367634024,0.848671206030041,
-1.99867120603167));
#3031=CARTESIAN_POINT('Ctrl Pts',(2.127869967228E-11,0.842820323026734,
-1.99282032302673));
#3032=CARTESIAN_POINT('Origin',(0.,1.35,0.));
#3033=CARTESIAN_POINT('Ctrl Pts',(-1.44147583936678E-13,0.849999999999995,
2.5));
#3034=CARTESIAN_POINT('Ctrl Pts',(-0.0529840519943839,0.847441703661715,
2.5));
#3035=CARTESIAN_POINT('Ctrl Pts',(-0.106021460752116,0.844847144009058,
2.49831564890299));
#3036=CARTESIAN_POINT('Ctrl Pts',(-0.482119670495706,0.826208048999662,
2.4743422971804));
#3037=CARTESIAN_POINT('Ctrl Pts',(-0.798128119210083,0.809286696056016,
2.39118653270885));
#3038=CARTESIAN_POINT('Ctrl Pts',(-1.38578267290003,0.775221561540426,2.10665340043791));
#3039=CARTESIAN_POINT('Ctrl Pts',(-1.65083152868331,0.759016669729762,1.90607205878171));
#3040=CARTESIAN_POINT('Ctrl Pts',(-2.08425639212466,0.726779747926154,1.41795400447804));
#3041=CARTESIAN_POINT('Ctrl Pts',(-2.25009140237154,0.709876351683203,1.13656431613874));
#3042=CARTESIAN_POINT('Ctrl Pts',(-2.46729456638037,0.675792530955144,0.520633772308785));
#3043=CARTESIAN_POINT('Ctrl Pts',(-2.51435823281621,0.659521334806242,0.191245925667729));
#3044=CARTESIAN_POINT('Ctrl Pts',(-2.478377743572,0.627321344113359,-0.460734110370464));
#3045=CARTESIAN_POINT('Ctrl Pts',(-2.39803992152576,0.610435270876383,-0.777179122406432));
#3046=CARTESIAN_POINT('Ctrl Pts',(-2.11855770009967,0.576334095329515,-1.36767226606851));
#3047=CARTESIAN_POINT('Ctrl Pts',(-1.91982488387867,0.55999839174427,-1.63494768482797));
#3048=CARTESIAN_POINT('Ctrl Pts',(-1.43493610857595,0.527833624311217,-2.0725609989023));
#3049=CARTESIAN_POINT('Ctrl Pts',(-1.15515032281278,0.510964216186701,-2.24056876657947));
#3050=CARTESIAN_POINT('Ctrl Pts',(-0.540715596825441,0.476846938100528,
-2.46305602221646));
#3051=CARTESIAN_POINT('Ctrl Pts',(-0.211075860932774,0.460448702124175,
-2.51285290005506));
#3052=CARTESIAN_POINT('Ctrl Pts',(0.441536991063866,0.428317464367149,-2.48183781047302));
#3053=CARTESIAN_POINT('Ctrl Pts',(0.758352324992479,0.411464046439086,-2.40402679000811));
#3054=CARTESIAN_POINT('Ctrl Pts',(1.35136988470553,0.377331840619873,-2.12908753443211));
#3055=CARTESIAN_POINT('Ctrl Pts',(1.62064319063221,0.36087319017494,-1.93201743709624));
#3056=CARTESIAN_POINT('Ctrl Pts',(2.06871301143108,0.328285028916232,-1.44269111545334));
#3057=CARTESIAN_POINT('Ctrl Pts',(2.24228423860928,0.310902464654123,-1.15458197847895));
#3058=CARTESIAN_POINT('Ctrl Pts',(2.46218740114469,0.276779739022734,-0.538964063726987));
#3059=CARTESIAN_POINT('Ctrl Pts',(2.51094330141433,0.260794544752724,-0.219029477948134));
#3060=CARTESIAN_POINT('Ctrl Pts',(2.48443821910816,0.228721229867933,0.434251858265992));
#3061=CARTESIAN_POINT('Ctrl Pts',(2.40451851923225,0.211341476663827,0.761094509068508));
#3062=CARTESIAN_POINT('Ctrl Pts',(2.12658086521101,0.177204189570528,1.35297532811218));
#3063=CARTESIAN_POINT('Ctrl Pts',(1.93564303420049,0.161174070588006,1.61435213567954));
#3064=CARTESIAN_POINT('Ctrl Pts',(1.45627265335009,0.129130842838048,2.05921104832843));
#3065=CARTESIAN_POINT('Ctrl Pts',(1.16910696963763,0.111753909631784,2.23477842037488));
#3066=CARTESIAN_POINT('Ctrl Pts',(0.581462689032228,0.0790967658748191,
2.44893681613456));
#3067=CARTESIAN_POINT('Ctrl Pts',(0.291734488168851,0.0640861871589858,
2.5));
#3068=CARTESIAN_POINT('Ctrl Pts',(-2.48412401759879E-14,0.0500000000000006,
2.5));
#3069=CARTESIAN_POINT('Ctrl Pts',(8.91647866652079E-15,0.15,2.5));
#3070=CARTESIAN_POINT('Ctrl Pts',(0.139619545922181,0.156741428026754,2.5));
#3071=CARTESIAN_POINT('Ctrl Pts',(0.279298598123302,0.163719628181736,2.48830505445445));
#3072=CARTESIAN_POINT('Ctrl Pts',(0.741943610286056,0.187625646949541,2.40992797899177));
#3073=CARTESIAN_POINT('Ctrl Pts',(1.05229069678984,0.204979355026836,2.29148672040744));
#3074=CARTESIAN_POINT('Ctrl Pts',(1.60245575635279,0.238462629942064,1.9455389229867));
#3075=CARTESIAN_POINT('Ctrl Pts',(1.83869061501059,0.253531342549628,1.72400799680625));
#3076=CARTESIAN_POINT('Ctrl Pts',(2.21938910342409,0.28659340471843,1.19696074636505));
#3077=CARTESIAN_POINT('Ctrl Pts',(2.35756264414693,0.303956563491752,0.894591308416199));
#3078=CARTESIAN_POINT('Ctrl Pts',(2.5068416053733,0.337487611643609,0.261973933478889));
#3079=CARTESIAN_POINT('Ctrl Pts',(2.51974360599923,0.352572858436937,-0.0614637123072521));
#3080=CARTESIAN_POINT('Ctrl Pts',(2.42128828270791,0.385577260267065,-0.704225724914669));
#3081=CARTESIAN_POINT('Ctrl Pts',(2.30749729879338,0.402948713829353,-1.01686653928322));
#3082=CARTESIAN_POINT('Ctrl Pts',(1.9698496730008,0.436525942957548,-1.57241549796722));
#3083=CARTESIAN_POINT('Ctrl Pts',(1.75218264577579,0.451633331559244,-1.81180968514878));
#3084=CARTESIAN_POINT('Ctrl Pts',(1.23095501490653,0.484580076075363,-2.20079209542655));
#3085=CARTESIAN_POINT('Ctrl Pts',(0.93026242629184,0.501958693582738,-2.34378684525664));
#3086=CARTESIAN_POINT('Ctrl Pts',(0.299707325998246,0.535580425321926,-2.50257875726372));
#3087=CARTESIAN_POINT('Ctrl Pts',(-0.0232429198783804,0.550715187439962,
-2.52035400040152));
#3088=CARTESIAN_POINT('Ctrl Pts',(-0.667676089524111,0.583604491340239,
-2.43168810358946));
#3089=CARTESIAN_POINT('Ctrl Pts',(-0.982465531870061,0.600989178639206,
-2.32242267964458));
#3090=CARTESIAN_POINT('Ctrl Pts',(-1.54315469669262,0.634653666201541,-1.99282168751812));
#3091=CARTESIAN_POINT('Ctrl Pts',(-1.78558443059232,0.649820609042052,-1.77886250223381));
#3092=CARTESIAN_POINT('Ctrl Pts',(-2.18247153923232,0.682652897394032,-1.26327956940682));
#3093=CARTESIAN_POINT('Ctrl Pts',(-2.33007207547962,0.700042607267309,-0.964265029571757));
#3094=CARTESIAN_POINT('Ctrl Pts',(-2.49797684173325,0.733748052922965,-0.335750825120998));
#3095=CARTESIAN_POINT('Ctrl Pts',(-2.52040451420823,0.748951520949372,-0.0132628856130386));
#3096=CARTESIAN_POINT('Ctrl Pts',(-2.44108796459504,0.781727419029059,0.632694198994762));
#3097=CARTESIAN_POINT('Ctrl Pts',(-2.3361716989884,0.799121159894319,0.949472627206653));
#3098=CARTESIAN_POINT('Ctrl Pts',(-2.0142781911425,0.832865731910698,1.51501293990001));
#3099=CARTESIAN_POINT('Ctrl Pts',(-1.8038369572849,0.848109579299306,1.76032661155228));
#3100=CARTESIAN_POINT('Ctrl Pts',(-1.29366196723901,0.880829901862799,2.16467135957456));
#3101=CARTESIAN_POINT('Ctrl Pts',(-0.996300933786477,0.898226744823744,
2.31662046773944));
#3102=CARTESIAN_POINT('Ctrl Pts',(-0.456962016426854,0.927307702384945,
2.46858901679424));
#3103=CARTESIAN_POINT('Ctrl Pts',(-0.228820158313269,0.938951585409124,
2.5));
#3104=CARTESIAN_POINT('Ctrl Pts',(1.74582570622306E-13,0.950000000000008,
2.5));
#3105=CARTESIAN_POINT('Ctrl Pts',(0.,1.65,-1.98038475772933));
#3106=CARTESIAN_POINT('Ctrl Pts',(0.820302225368446,1.6,-1.98038475772933));
#3107=CARTESIAN_POINT('Ctrl Pts',(1.40034349154889,1.55,-1.40034349154889));
#3108=CARTESIAN_POINT('Ctrl Pts',(1.98038475772933,1.5,-0.820302225368446));
#3109=CARTESIAN_POINT('Ctrl Pts',(1.98038475772933,1.45,-1.21263592731672E-16));
#3110=CARTESIAN_POINT('Ctrl Pts',(1.98038475772933,1.4,0.820302225368446));
#3111=CARTESIAN_POINT('Ctrl Pts',(1.40034349154889,1.35,1.40034349154889));
#3112=CARTESIAN_POINT('Ctrl Pts',(0.820302225368446,1.3,1.98038475772933));
#3113=CARTESIAN_POINT('Ctrl Pts',(2.42527185463343E-16,1.25,1.98038475772933));
#3114=CARTESIAN_POINT('Ctrl Pts',(-0.820302225368445,1.2,1.98038475772933));
#3115=CARTESIAN_POINT('Ctrl Pts',(-1.40034349154889,1.15,1.40034349154889));
#3116=CARTESIAN_POINT('Ctrl Pts',(-1.98038475772933,1.1,0.820302225368447));
#3117=CARTESIAN_POINT('Ctrl Pts',(-1.98038475772933,1.05,3.63790778195015E-16));
#3118=CARTESIAN_POINT('Ctrl Pts',(-1.98038475772933,1.,-0.820302225368446));
#3119=CARTESIAN_POINT('Ctrl Pts',(-1.40034349154889,0.950000000000001,-1.40034349154889));
#3120=CARTESIAN_POINT('Ctrl Pts',(-0.820302225368447,0.900000000000001,
-1.98038475772933));
#3121=CARTESIAN_POINT('Ctrl Pts',(0.,0.850000000000001,-1.98038475772933));
#3122=CARTESIAN_POINT('Ctrl Pts',(0.820302225368446,0.800000000000001,-1.98038475772933));
#3123=CARTESIAN_POINT('Ctrl Pts',(1.40034349154889,0.750000000000001,-1.40034349154889));
#3124=CARTESIAN_POINT('Ctrl Pts',(1.98038475772933,0.700000000000001,-0.820302225368446));
#3125=CARTESIAN_POINT('Ctrl Pts',(1.98038475772933,0.650000000000001,-1.21263592731672E-16));
#3126=CARTESIAN_POINT('Ctrl Pts',(1.98038475772933,0.600000000000001,0.820302225368446));
#3127=CARTESIAN_POINT('Ctrl Pts',(1.40034349154889,0.550000000000001,1.40034349154889));
#3128=CARTESIAN_POINT('Ctrl Pts',(0.820302225368446,0.500000000000001,1.98038475772933));
#3129=CARTESIAN_POINT('Ctrl Pts',(2.42527185463343E-16,0.450000000000001,
1.98038475772933));
#3130=CARTESIAN_POINT('Ctrl Pts',(-0.820302225368445,0.400000000000001,
1.98038475772933));
#3131=CARTESIAN_POINT('Ctrl Pts',(-1.40034349154889,0.350000000000001,1.40034349154889));
#3132=CARTESIAN_POINT('Ctrl Pts',(-1.98038475772933,0.300000000000001,0.820302225368447));
#3133=CARTESIAN_POINT('Ctrl Pts',(-1.98038475772933,0.250000000000001,3.63790778195015E-16));
#3134=CARTESIAN_POINT('Ctrl Pts',(-1.98038475772933,0.200000000000001,-0.820302225368446));
#3135=CARTESIAN_POINT('Ctrl Pts',(-1.40034349154889,0.150000000000001,-1.40034349154889));
#3136=CARTESIAN_POINT('Ctrl Pts',(-0.820302225368447,0.100000000000001,
-1.98038475772933));
#3137=CARTESIAN_POINT('Ctrl Pts',(0.,0.0500000000000008,-1.98038475772933));
#3138=CARTESIAN_POINT('Ctrl Pts',(0.820302225368446,8.67361737988404E-16,
-1.98038475772933));
#3139=CARTESIAN_POINT('Ctrl Pts',(1.40034349154889,-0.0499999999999993,
-1.40034349154889));
#3140=CARTESIAN_POINT('Ctrl Pts',(1.98038475772933,-0.0999999999999992,
-0.820302225368446));
#3141=CARTESIAN_POINT('Ctrl Pts',(1.98038475772933,-0.149999999999999,-1.21263592731672E-16));
#3142=CARTESIAN_POINT('Ctrl Pts',(1.98038475772933,-0.199999999999999,0.820302225368446));
#3143=CARTESIAN_POINT('Ctrl Pts',(1.40034349154889,-0.249999999999999,1.40034349154889));
#3144=CARTESIAN_POINT('Ctrl Pts',(0.820302225368446,-0.299999999999999,
1.98038475772933));
#3145=CARTESIAN_POINT('Ctrl Pts',(2.42527185463343E-16,-0.349999999999999,
1.98038475772933));
#3146=CARTESIAN_POINT('Ctrl Pts',(-0.820302225368445,-0.399999999999999,
1.98038475772933));
#3147=CARTESIAN_POINT('Ctrl Pts',(-1.40034349154889,-0.45,1.40034349154889));
#3148=CARTESIAN_POINT('Ctrl Pts',(-1.98038475772933,-0.499999999999999,
0.820302225368447));
#3149=CARTESIAN_POINT('Ctrl Pts',(-1.98038475772933,-0.549999999999999,
3.63790778195015E-16));
#3150=CARTESIAN_POINT('Ctrl Pts',(-1.98038475772933,-0.599999999999999,
-0.820302225368446));
#3151=CARTESIAN_POINT('Ctrl Pts',(-1.40034349154889,-0.649999999999999,
-1.40034349154889));
#3152=CARTESIAN_POINT('Ctrl Pts',(-0.820302225368447,-0.699999999999999,
-1.98038475772933));
#3153=CARTESIAN_POINT('Ctrl Pts',(0.,-0.749999999999999,-1.98038475772933));
#3154=CARTESIAN_POINT('Ctrl Pts',(0.820302225368446,-0.799999999999999,
-1.98038475772933));
#3155=CARTESIAN_POINT('Ctrl Pts',(1.40034349154889,-0.849999999999999,-1.40034349154889));
#3156=CARTESIAN_POINT('Ctrl Pts',(1.98038475772933,-0.9,-0.820302225368446));
#3157=CARTESIAN_POINT('Ctrl Pts',(1.98038475772933,-0.95,-1.21263592731672E-16));
#3158=CARTESIAN_POINT('Ctrl Pts',(1.98038475772933,-0.999999999999999,0.820302225368446));
#3159=CARTESIAN_POINT('Ctrl Pts',(1.40034349154889,-1.05,1.40034349154889));
#3160=CARTESIAN_POINT('Ctrl Pts',(0.820302225368446,-1.1,1.98038475772933));
#3161=CARTESIAN_POINT('Ctrl Pts',(2.42527185463343E-16,-1.15,1.98038475772933));
#3162=CARTESIAN_POINT('Ctrl Pts',(-0.820302225368445,-1.2,1.98038475772933));
#3163=CARTESIAN_POINT('Ctrl Pts',(-1.40034349154889,-1.25,1.40034349154889));
#3164=CARTESIAN_POINT('Ctrl Pts',(-1.98038475772933,-1.3,0.820302225368447));
#3165=CARTESIAN_POINT('Ctrl Pts',(-1.98038475772933,-1.35,3.63790778195015E-16));
#3166=CARTESIAN_POINT('Ctrl Pts',(-1.98038475772933,-1.4,-0.820302225368446));
#3167=CARTESIAN_POINT('Ctrl Pts',(-1.40034349154889,-1.45,-1.40034349154889));
#3168=CARTESIAN_POINT('Ctrl Pts',(-0.820302225368447,-1.5,-1.98038475772933));
#3169=CARTESIAN_POINT('Ctrl Pts',(0.,-1.55,-1.98038475772933));
#3170=CARTESIAN_POINT('Ctrl Pts',(0.820302225368446,-1.6,-1.98038475772933));
#3171=CARTESIAN_POINT('Ctrl Pts',(1.40034349154889,-1.65,-1.40034349154889));
#3172=CARTESIAN_POINT('Ctrl Pts',(1.98038475772933,-1.7,-0.820302225368446));
#3173=CARTESIAN_POINT('Ctrl Pts',(1.98038475772933,-1.75,-1.21263592731672E-16));
#3174=CARTESIAN_POINT('Ctrl Pts',(1.98038475772933,-1.8,0.820302225368446));
#3175=CARTESIAN_POINT('Ctrl Pts',(1.40034349154889,-1.85,1.40034349154889));
#3176=CARTESIAN_POINT('Ctrl Pts',(0.,1.35,-2.5));
#3177=CARTESIAN_POINT('Ctrl Pts',(1.03553390593274,1.3,-2.5));
#3178=CARTESIAN_POINT('Ctrl Pts',(1.76776695296637,1.25,-1.76776695296637));
#3179=CARTESIAN_POINT('Ctrl Pts',(2.5,1.2,-1.03553390593274));
#3180=CARTESIAN_POINT('Ctrl Pts',(2.5,1.15,-1.53080849893419E-16));
#3181=CARTESIAN_POINT('Ctrl Pts',(2.5,1.1,1.03553390593274));
#3182=CARTESIAN_POINT('Ctrl Pts',(1.76776695296637,1.05,1.76776695296637));
#3183=CARTESIAN_POINT('Ctrl Pts',(1.03553390593274,1.,2.5));
#3184=CARTESIAN_POINT('Ctrl Pts',(3.06161699786838E-16,0.95,2.5));
#3185=CARTESIAN_POINT('Ctrl Pts',(-1.03553390593274,0.9,2.5));
#3186=CARTESIAN_POINT('Ctrl Pts',(-1.76776695296637,0.85,1.76776695296637));
#3187=CARTESIAN_POINT('Ctrl Pts',(-2.5,0.8,1.03553390593274));
#3188=CARTESIAN_POINT('Ctrl Pts',(-2.5,0.75,4.59242549680257E-16));
#3189=CARTESIAN_POINT('Ctrl Pts',(-2.5,0.7,-1.03553390593274));
#3190=CARTESIAN_POINT('Ctrl Pts',(-1.76776695296637,0.65,-1.76776695296637));
#3191=CARTESIAN_POINT('Ctrl Pts',(-1.03553390593274,0.6,-2.5));
#3192=CARTESIAN_POINT('Ctrl Pts',(0.,0.55,-2.5));
#3193=CARTESIAN_POINT('Ctrl Pts',(1.03553390593274,0.5,-2.5));
#3194=CARTESIAN_POINT('Ctrl Pts',(1.76776695296637,0.45,-1.76776695296637));
#3195=CARTESIAN_POINT('Ctrl Pts',(2.5,0.4,-1.03553390593274));
#3196=CARTESIAN_POINT('Ctrl Pts',(2.5,0.35,-1.53080849893419E-16));
#3197=CARTESIAN_POINT('Ctrl Pts',(2.5,0.3,1.03553390593274));
#3198=CARTESIAN_POINT('Ctrl Pts',(1.76776695296637,0.25,1.76776695296637));
#3199=CARTESIAN_POINT('Ctrl Pts',(1.03553390593274,0.2,2.5));
#3200=CARTESIAN_POINT('Ctrl Pts',(3.06161699786838E-16,0.15,2.5));
#3201=CARTESIAN_POINT('Ctrl Pts',(-1.03553390593274,0.1,2.5));
#3202=CARTESIAN_POINT('Ctrl Pts',(-1.76776695296637,0.0499999999999999,
1.76776695296637));
#3203=CARTESIAN_POINT('Ctrl Pts',(-2.5,0.,1.03553390593274));
#3204=CARTESIAN_POINT('Ctrl Pts',(-2.5,-0.0499999999999999,4.59242549680257E-16));
#3205=CARTESIAN_POINT('Ctrl Pts',(-2.5,-0.1,-1.03553390593274));
#3206=CARTESIAN_POINT('Ctrl Pts',(-1.76776695296637,-0.15,-1.76776695296637));
#3207=CARTESIAN_POINT('Ctrl Pts',(-1.03553390593274,-0.2,-2.5));
#3208=CARTESIAN_POINT('Ctrl Pts',(0.,-0.25,-2.5));
#3209=CARTESIAN_POINT('Ctrl Pts',(1.03553390593274,-0.3,-2.5));
#3210=CARTESIAN_POINT('Ctrl Pts',(1.76776695296637,-0.35,-1.76776695296637));
#3211=CARTESIAN_POINT('Ctrl Pts',(2.5,-0.4,-1.03553390593274));
#3212=CARTESIAN_POINT('Ctrl Pts',(2.5,-0.45,-1.53080849893419E-16));
#3213=CARTESIAN_POINT('Ctrl Pts',(2.5,-0.5,1.03553390593274));
#3214=CARTESIAN_POINT('Ctrl Pts',(1.76776695296637,-0.55,1.76776695296637));
#3215=CARTESIAN_POINT('Ctrl Pts',(1.03553390593274,-0.6,2.5));
#3216=CARTESIAN_POINT('Ctrl Pts',(3.06161699786838E-16,-0.65,2.5));
#3217=CARTESIAN_POINT('Ctrl Pts',(-1.03553390593274,-0.7,2.5));
#3218=CARTESIAN_POINT('Ctrl Pts',(-1.76776695296637,-0.75,1.76776695296637));
#3219=CARTESIAN_POINT('Ctrl Pts',(-2.5,-0.8,1.03553390593274));
#3220=CARTESIAN_POINT('Ctrl Pts',(-2.5,-0.85,4.59242549680257E-16));
#3221=CARTESIAN_POINT('Ctrl Pts',(-2.5,-0.9,-1.03553390593274));
#3222=CARTESIAN_POINT('Ctrl Pts',(-1.76776695296637,-0.95,-1.76776695296637));
#3223=CARTESIAN_POINT('Ctrl Pts',(-1.03553390593274,-1.,-2.5));
#3224=CARTESIAN_POINT('Ctrl Pts',(0.,-1.05,-2.5));
#3225=CARTESIAN_POINT('Ctrl Pts',(1.03553390593274,-1.1,-2.5));
#3226=CARTESIAN_POINT('Ctrl Pts',(1.76776695296637,-1.15,-1.76776695296637));
#3227=CARTESIAN_POINT('Ctrl Pts',(2.5,-1.2,-1.03553390593274));
#3228=CARTESIAN_POINT('Ctrl Pts',(2.5,-1.25,-1.53080849893419E-16));
#3229=CARTESIAN_POINT('Ctrl Pts',(2.5,-1.3,1.03553390593274));
#3230=CARTESIAN_POINT('Ctrl Pts',(1.76776695296637,-1.35,1.76776695296637));
#3231=CARTESIAN_POINT('Ctrl Pts',(1.03553390593274,-1.4,2.5));
#3232=CARTESIAN_POINT('Ctrl Pts',(3.06161699786838E-16,-1.45,2.5));
#3233=CARTESIAN_POINT('Ctrl Pts',(-1.03553390593274,-1.5,2.5));
#3234=CARTESIAN_POINT('Ctrl Pts',(-1.76776695296637,-1.55,1.76776695296637));
#3235=CARTESIAN_POINT('Ctrl Pts',(-2.5,-1.6,1.03553390593274));
#3236=CARTESIAN_POINT('Ctrl Pts',(-2.5,-1.65,4.59242549680257E-16));
#3237=CARTESIAN_POINT('Ctrl Pts',(-2.5,-1.7,-1.03553390593274));
#3238=CARTESIAN_POINT('Ctrl Pts',(-1.76776695296637,-1.75,-1.76776695296637));
#3239=CARTESIAN_POINT('Ctrl Pts',(-1.03553390593274,-1.8,-2.5));
#3240=CARTESIAN_POINT('Ctrl Pts',(0.,-1.85,-2.5));
#3241=CARTESIAN_POINT('Ctrl Pts',(1.03553390593274,-1.9,-2.5));
#3242=CARTESIAN_POINT('Ctrl Pts',(1.76776695296637,-1.95,-1.76776695296637));
#3243=CARTESIAN_POINT('Ctrl Pts',(2.5,-2.,-1.03553390593274));
#3244=CARTESIAN_POINT('Ctrl Pts',(2.5,-2.05,-1.53080849893419E-16));
#3245=CARTESIAN_POINT('Ctrl Pts',(2.5,-2.1,1.03553390593274));
#3246=CARTESIAN_POINT('Ctrl Pts',(1.76776695296637,-2.15,1.76776695296637));
#3247=CARTESIAN_POINT('Ctrl Pts',(2.42527185463343E-16,0.450000000000001,
1.98038475772933));
#3248=CARTESIAN_POINT('Ctrl Pts',(-0.820302225368445,0.400000000000001,
1.98038475772933));
#3249=CARTESIAN_POINT('Ctrl Pts',(-1.40034349154889,0.350000000000001,1.40034349154889));
#3250=CARTESIAN_POINT('Ctrl Pts',(-1.98038475772933,0.300000000000001,0.820302225368447));
#3251=CARTESIAN_POINT('Ctrl Pts',(-1.98038475772933,0.250000000000001,3.63790778195015E-16));
#3252=CARTESIAN_POINT('Ctrl Pts',(-1.98038475772933,0.200000000000001,-0.820302225368446));
#3253=CARTESIAN_POINT('Ctrl Pts',(-1.40034349154889,0.150000000000001,-1.40034349154889));
#3254=CARTESIAN_POINT('Ctrl Pts',(-0.820302225368447,0.100000000000001,
-1.98038475772933));
#3255=CARTESIAN_POINT('Ctrl Pts',(0.,0.0500000000000008,-1.98038475772933));
#3256=CARTESIAN_POINT('Ctrl Pts',(0.820302225368446,8.67361737988404E-16,
-1.98038475772933));
#3257=CARTESIAN_POINT('Ctrl Pts',(1.40034349154889,-0.0499999999999993,
-1.40034349154889));
#3258=CARTESIAN_POINT('Ctrl Pts',(1.98038475772933,-0.0999999999999992,
-0.820302225368446));
#3259=CARTESIAN_POINT('Ctrl Pts',(1.98038475772933,-0.149999999999999,-1.21263592731672E-16));
#3260=CARTESIAN_POINT('Ctrl Pts',(1.98038475772933,-0.199999999999999,0.820302225368446));
#3261=CARTESIAN_POINT('Ctrl Pts',(1.40034349154889,-0.249999999999999,1.40034349154889));
#3262=CARTESIAN_POINT('Ctrl Pts',(0.820302225368446,-0.299999999999999,
1.98038475772933));
#3263=CARTESIAN_POINT('Ctrl Pts',(2.42527185463343E-16,-0.349999999999999,
1.98038475772933));
#3264=CARTESIAN_POINT('Origin',(3.62644071682066E-16,1.7,5.55111512312578E-16));
#3265=CARTESIAN_POINT('Ctrl Pts',(2.42527185463343E-16,0.550000000000001,
1.98038475772933));
#3266=CARTESIAN_POINT('Ctrl Pts',(-0.820302225368445,0.500000000000001,
1.98038475772933));
#3267=CARTESIAN_POINT('Ctrl Pts',(-1.40034349154889,0.450000000000001,1.40034349154889));
#3268=CARTESIAN_POINT('Ctrl Pts',(-1.98038475772933,0.400000000000001,0.820302225368447));
#3269=CARTESIAN_POINT('Ctrl Pts',(-1.98038475772933,0.350000000000001,3.63790778195015E-16));
#3270=CARTESIAN_POINT('Ctrl Pts',(-1.98038475772933,0.300000000000001,-0.820302225368446));
#3271=CARTESIAN_POINT('Ctrl Pts',(-1.40034349154889,0.250000000000001,-1.40034349154889));
#3272=CARTESIAN_POINT('Ctrl Pts',(-0.820302225368447,0.200000000000001,
-1.98038475772933));
#3273=CARTESIAN_POINT('Ctrl Pts',(0.,0.150000000000001,-1.98038475772933));
#3274=CARTESIAN_POINT('Ctrl Pts',(0.820302225368446,0.100000000000001,-1.98038475772933));
#3275=CARTESIAN_POINT('Ctrl Pts',(1.40034349154889,0.0500000000000008,-1.40034349154889));
#3276=CARTESIAN_POINT('Ctrl Pts',(1.98038475772933,8.67361737988404E-16,
-0.820302225368446));
#3277=CARTESIAN_POINT('Ctrl Pts',(1.98038475772933,-0.0499999999999993,
-1.21263592731672E-16));
#3278=CARTESIAN_POINT('Ctrl Pts',(1.98038475772933,-0.0999999999999992,
0.820302225368446));
#3279=CARTESIAN_POINT('Ctrl Pts',(1.40034349154889,-0.149999999999999,1.40034349154889));
#3280=CARTESIAN_POINT('Ctrl Pts',(0.820302225368446,-0.199999999999999,
1.98038475772933));
#3281=CARTESIAN_POINT('Ctrl Pts',(2.42527185463343E-16,-0.249999999999999,
1.98038475772933));
#3282=CARTESIAN_POINT('Ctrl Pts',(0.,2.05,-2.5));
#3283=CARTESIAN_POINT('Ctrl Pts',(1.03553390593274,2.,-2.5));
#3284=CARTESIAN_POINT('Ctrl Pts',(1.76776695296637,1.95,-1.76776695296637));
#3285=CARTESIAN_POINT('Ctrl Pts',(2.5,1.9,-1.03553390593274));
#3286=CARTESIAN_POINT('Ctrl Pts',(2.5,1.85,-1.53080849893419E-16));
#3287=CARTESIAN_POINT('Ctrl Pts',(2.5,1.8,1.03553390593274));
#3288=CARTESIAN_POINT('Ctrl Pts',(1.76776695296637,1.75,1.76776695296637));
#3289=CARTESIAN_POINT('Ctrl Pts',(1.03553390593274,1.7,2.5));
#3290=CARTESIAN_POINT('Ctrl Pts',(3.06161699786838E-16,1.65,2.5));
#3291=CARTESIAN_POINT('Ctrl Pts',(-1.03553390593274,1.6,2.5));
#3292=CARTESIAN_POINT('Ctrl Pts',(-1.76776695296637,1.55,1.76776695296637));
#3293=CARTESIAN_POINT('Ctrl Pts',(-2.5,1.5,1.03553390593274));
#3294=CARTESIAN_POINT('Ctrl Pts',(-2.5,1.45,4.59242549680257E-16));
#3295=CARTESIAN_POINT('Ctrl Pts',(-2.5,1.4,-1.03553390593274));
#3296=CARTESIAN_POINT('Ctrl Pts',(-1.76776695296637,1.35,-1.76776695296637));
#3297=CARTESIAN_POINT('Ctrl Pts',(-1.03553390593274,1.3,-2.5));
#3298=CARTESIAN_POINT('Ctrl Pts',(0.,1.25,-2.5));
#3299=CARTESIAN_POINT('Ctrl Pts',(1.03553390593274,1.2,-2.5));
#3300=CARTESIAN_POINT('Ctrl Pts',(1.76776695296637,1.15,-1.76776695296637));
#3301=CARTESIAN_POINT('Ctrl Pts',(2.5,1.1,-1.03553390593274));
#3302=CARTESIAN_POINT('Ctrl Pts',(2.5,1.05,-1.53080849893419E-16));
#3303=CARTESIAN_POINT('Ctrl Pts',(2.5,1.,1.03553390593274));
#3304=CARTESIAN_POINT('Ctrl Pts',(1.76776695296637,0.950000000000002,1.76776695296637));
#3305=CARTESIAN_POINT('Ctrl Pts',(1.03553390593274,0.900000000000002,2.5));
#3306=CARTESIAN_POINT('Ctrl Pts',(3.06161699786838E-16,0.850000000000002,
2.5));
#3307=CARTESIAN_POINT('Ctrl Pts',(-1.03553390593274,0.800000000000002,2.5));
#3308=CARTESIAN_POINT('Ctrl Pts',(-1.76776695296637,0.750000000000002,1.76776695296637));
#3309=CARTESIAN_POINT('Ctrl Pts',(-2.5,0.700000000000002,1.03553390593274));
#3310=CARTESIAN_POINT('Ctrl Pts',(-2.5,0.650000000000002,4.59242549680257E-16));
#3311=CARTESIAN_POINT('Ctrl Pts',(-2.5,0.600000000000002,-1.03553390593274));
#3312=CARTESIAN_POINT('Ctrl Pts',(-1.76776695296637,0.550000000000002,-1.76776695296637));
#3313=CARTESIAN_POINT('Ctrl Pts',(-1.03553390593274,0.500000000000002,-2.5));
#3314=CARTESIAN_POINT('Ctrl Pts',(0.,0.450000000000002,-2.5));
#3315=CARTESIAN_POINT('Ctrl Pts',(1.03553390593274,0.400000000000002,-2.5));
#3316=CARTESIAN_POINT('Ctrl Pts',(1.76776695296637,0.350000000000002,-1.76776695296637));
#3317=CARTESIAN_POINT('Ctrl Pts',(2.5,0.300000000000002,-1.03553390593274));
#3318=CARTESIAN_POINT('Ctrl Pts',(2.5,0.250000000000002,-1.53080849893419E-16));
#3319=CARTESIAN_POINT('Ctrl Pts',(2.5,0.200000000000002,1.03553390593274));
#3320=CARTESIAN_POINT('Ctrl Pts',(1.76776695296637,0.150000000000002,1.76776695296637));
#3321=CARTESIAN_POINT('Ctrl Pts',(1.03553390593274,0.100000000000002,2.5));
#3322=CARTESIAN_POINT('Ctrl Pts',(3.06161699786838E-16,0.0500000000000019,
2.5));
#3323=CARTESIAN_POINT('Ctrl Pts',(-1.03553390593274,1.73472347597681E-15,
2.5));
#3324=CARTESIAN_POINT('Ctrl Pts',(-1.76776695296637,-0.0499999999999984,
1.76776695296637));
#3325=CARTESIAN_POINT('Ctrl Pts',(-2.5,-0.0999999999999981,1.03553390593274));
#3326=CARTESIAN_POINT('Ctrl Pts',(-2.5,-0.149999999999998,4.59242549680257E-16));
#3327=CARTESIAN_POINT('Ctrl Pts',(-2.5,-0.199999999999998,-1.03553390593274));
#3328=CARTESIAN_POINT('Ctrl Pts',(-1.76776695296637,-0.249999999999998,
-1.76776695296637));
#3329=CARTESIAN_POINT('Ctrl Pts',(-1.03553390593274,-0.299999999999998,
-2.5));
#3330=CARTESIAN_POINT('Ctrl Pts',(0.,-0.349999999999998,-2.5));
#3331=CARTESIAN_POINT('Ctrl Pts',(1.03553390593274,-0.399999999999998,-2.5));
#3332=CARTESIAN_POINT('Ctrl Pts',(1.76776695296637,-0.449999999999998,-1.76776695296637));
#3333=CARTESIAN_POINT('Ctrl Pts',(2.5,-0.499999999999998,-1.03553390593274));
#3334=CARTESIAN_POINT('Ctrl Pts',(2.5,-0.549999999999998,-1.53080849893419E-16));
#3335=CARTESIAN_POINT('Ctrl Pts',(2.5,-0.599999999999998,1.03553390593274));
#3336=CARTESIAN_POINT('Ctrl Pts',(1.76776695296637,-0.649999999999998,1.76776695296637));
#3337=CARTESIAN_POINT('Ctrl Pts',(1.03553390593274,-0.699999999999998,2.5));
#3338=CARTESIAN_POINT('Ctrl Pts',(3.06161699786838E-16,-0.749999999999998,
2.5));
#3339=CARTESIAN_POINT('Ctrl Pts',(-1.03553390593274,-0.799999999999998,
2.5));
#3340=CARTESIAN_POINT('Ctrl Pts',(-1.76776695296637,-0.849999999999998,
1.76776695296637));
#3341=CARTESIAN_POINT('Ctrl Pts',(-2.5,-0.899999999999998,1.03553390593274));
#3342=CARTESIAN_POINT('Ctrl Pts',(-2.5,-0.949999999999998,4.59242549680257E-16));
#3343=CARTESIAN_POINT('Ctrl Pts',(-2.5,-0.999999999999998,-1.03553390593274));
#3344=CARTESIAN_POINT('Ctrl Pts',(-1.76776695296637,-1.05,-1.76776695296637));
#3345=CARTESIAN_POINT('Ctrl Pts',(-1.03553390593274,-1.1,-2.5));
#3346=CARTESIAN_POINT('Ctrl Pts',(0.,-1.15,-2.5));
#3347=CARTESIAN_POINT('Ctrl Pts',(1.03553390593274,-1.2,-2.5));
#3348=CARTESIAN_POINT('Ctrl Pts',(1.76776695296637,-1.25,-1.76776695296637));
#3349=CARTESIAN_POINT('Ctrl Pts',(2.5,-1.3,-1.03553390593274));
#3350=CARTESIAN_POINT('Ctrl Pts',(2.5,-1.35,-1.53080849893419E-16));
#3351=CARTESIAN_POINT('Ctrl Pts',(2.5,-1.4,1.03553390593274));
#3352=CARTESIAN_POINT('Ctrl Pts',(1.76776695296637,-1.45,1.76776695296637));
#3353=CARTESIAN_POINT('Ctrl Pts',(0.,1.74999140911408,-1.98036987787843));
#3354=CARTESIAN_POINT('Ctrl Pts',(0.820296061932396,1.69999140911408,-1.98036987787843));
#3355=CARTESIAN_POINT('Ctrl Pts',(1.40033296990541,1.64999140911408,-1.40033296990541));
#3356=CARTESIAN_POINT('Ctrl Pts',(1.98036987787843,1.59999140911408,-0.820296061932396));
#3357=CARTESIAN_POINT('Ctrl Pts',(1.98036987787843,1.54999140911408,-1.21262681603583E-16));
#3358=CARTESIAN_POINT('Ctrl Pts',(1.98036987787843,1.49999140911408,0.820296061932396));
#3359=CARTESIAN_POINT('Ctrl Pts',(1.40033296990541,1.44999140911408,1.40033296990541));
#3360=CARTESIAN_POINT('Ctrl Pts',(0.820296061932396,1.39999140911408,1.98036987787843));
#3361=CARTESIAN_POINT('Ctrl Pts',(2.42525363207165E-16,1.34999140911408,
1.98036987787843));
#3362=CARTESIAN_POINT('Ctrl Pts',(-0.820296061932395,1.29999140911408,1.98036987787843));
#3363=CARTESIAN_POINT('Ctrl Pts',(-1.40033296990541,1.24999140911408,1.40033296990541));
#3364=CARTESIAN_POINT('Ctrl Pts',(-1.98036987787843,1.19999140911408,0.820296061932397));
#3365=CARTESIAN_POINT('Ctrl Pts',(-1.98036987787843,1.14999140911408,3.63788044810748E-16));
#3366=CARTESIAN_POINT('Ctrl Pts',(-1.98036987787843,1.09999140911408,-0.820296061932396));
#3367=CARTESIAN_POINT('Ctrl Pts',(-1.40033296990541,1.04999140911408,-1.40033296990541));
#3368=CARTESIAN_POINT('Ctrl Pts',(-0.820296061932397,0.999991409114077,
-1.98036987787843));
#3369=CARTESIAN_POINT('Ctrl Pts',(0.,0.949991409114077,-1.98036987787843));
#3370=CARTESIAN_POINT('Ctrl Pts',(0.820296061932396,0.899991409114077,-1.98036987787843));
#3371=CARTESIAN_POINT('Ctrl Pts',(1.40033296990541,0.849991409114077,-1.40033296990541));
#3372=CARTESIAN_POINT('Ctrl Pts',(1.98036987787843,0.799991409114077,-0.820296061932396));
#3373=CARTESIAN_POINT('Ctrl Pts',(1.98036987787843,0.749991409114077,-1.21262681603583E-16));
#3374=CARTESIAN_POINT('Ctrl Pts',(1.98036987787843,0.699991409114076,0.820296061932396));
#3375=CARTESIAN_POINT('Ctrl Pts',(1.40033296990541,0.649991409114077,1.40033296990541));
#3376=CARTESIAN_POINT('Ctrl Pts',(0.820296061932396,0.599991409114077,1.98036987787843));
#3377=CARTESIAN_POINT('Ctrl Pts',(2.42525363207165E-16,0.549991409114077,
1.98036987787843));
#3378=CARTESIAN_POINT('Ctrl Pts',(-0.820296061932395,0.499991409114077,
1.98036987787843));
#3379=CARTESIAN_POINT('Ctrl Pts',(-1.40033296990541,0.449991409114076,1.40033296990541));
#3380=CARTESIAN_POINT('Ctrl Pts',(-1.98036987787843,0.399991409114077,0.820296061932397));
#3381=CARTESIAN_POINT('Ctrl Pts',(-1.98036987787843,0.349991409114077,3.63788044810748E-16));
#3382=CARTESIAN_POINT('Ctrl Pts',(-1.98036987787843,0.299991409114076,-0.820296061932396));
#3383=CARTESIAN_POINT('Ctrl Pts',(-1.40033296990541,0.249991409114077,-1.40033296990541));
#3384=CARTESIAN_POINT('Ctrl Pts',(-0.820296061932397,0.199991409114076,
-1.98036987787843));
#3385=CARTESIAN_POINT('Ctrl Pts',(0.,0.149991409114077,-1.98036987787843));
#3386=CARTESIAN_POINT('Ctrl Pts',(0.820296061932396,0.0999914091140766,
-1.98036987787843));
#3387=CARTESIAN_POINT('Ctrl Pts',(1.40033296990541,0.0499914091140765,-1.40033296990541));
#3388=CARTESIAN_POINT('Ctrl Pts',(1.98036987787843,-8.59088592344157E-6,
-0.820296061932396));
#3389=CARTESIAN_POINT('Ctrl Pts',(1.98036987787843,-0.0500085908859236,
-1.21262681603583E-16));
#3390=CARTESIAN_POINT('Ctrl Pts',(1.98036987787843,-0.100008590885923,0.820296061932396));
#3391=CARTESIAN_POINT('Ctrl Pts',(1.40033296990541,-0.150008590885923,1.40033296990541));
#3392=CARTESIAN_POINT('Ctrl Pts',(0.820296061932396,-0.200008590885923,
1.98036987787843));
#3393=CARTESIAN_POINT('Ctrl Pts',(2.42525363207165E-16,-0.250008590885923,
1.98036987787843));
#3394=CARTESIAN_POINT('Ctrl Pts',(-0.820296061932395,-0.300008590885924,
1.98036987787843));
#3395=CARTESIAN_POINT('Ctrl Pts',(-1.40033296990541,-0.350008590885924,
1.40033296990541));
#3396=CARTESIAN_POINT('Ctrl Pts',(-1.98036987787843,-0.400008590885923,
0.820296061932397));
#3397=CARTESIAN_POINT('Ctrl Pts',(-1.98036987787843,-0.450008590885924,
3.63788044810748E-16));
#3398=CARTESIAN_POINT('Ctrl Pts',(-1.98036987787843,-0.500008590885924,
-0.820296061932396));
#3399=CARTESIAN_POINT('Ctrl Pts',(-1.40033296990541,-0.550008590885923,
-1.40033296990541));
#3400=CARTESIAN_POINT('Ctrl Pts',(-0.820296061932397,-0.600008590885924,
-1.98036987787843));
#3401=CARTESIAN_POINT('Ctrl Pts',(0.,-0.650008590885924,-1.98036987787843));
#3402=CARTESIAN_POINT('Ctrl Pts',(0.820296061932396,-0.700008590885923,
-1.98036987787843));
#3403=CARTESIAN_POINT('Ctrl Pts',(1.40033296990541,-0.750008590885923,-1.40033296990541));
#3404=CARTESIAN_POINT('Ctrl Pts',(1.98036987787843,-0.800008590885924,-0.820296061932396));
#3405=CARTESIAN_POINT('Ctrl Pts',(1.98036987787843,-0.850008590885924,-1.21262681603583E-16));
#3406=CARTESIAN_POINT('Ctrl Pts',(1.98036987787843,-0.900008590885924,0.820296061932396));
#3407=CARTESIAN_POINT('Ctrl Pts',(1.40033296990541,-0.950008590885924,1.40033296990541));
#3408=CARTESIAN_POINT('Ctrl Pts',(0.820296061932396,-1.00000859088592,1.98036987787843));
#3409=CARTESIAN_POINT('Ctrl Pts',(2.42525363207165E-16,-1.05000859088592,
1.98036987787843));
#3410=CARTESIAN_POINT('Ctrl Pts',(-0.820296061932395,-1.10000859088592,
1.98036987787843));
#3411=CARTESIAN_POINT('Ctrl Pts',(-1.40033296990541,-1.15000859088592,1.40033296990541));
#3412=CARTESIAN_POINT('Ctrl Pts',(-1.98036987787843,-1.20000859088592,0.820296061932397));
#3413=CARTESIAN_POINT('Ctrl Pts',(-1.98036987787843,-1.25000859088592,3.63788044810748E-16));
#3414=CARTESIAN_POINT('Ctrl Pts',(-1.98036987787843,-1.30000859088592,-0.820296061932396));
#3415=CARTESIAN_POINT('Ctrl Pts',(-1.40033296990541,-1.35000859088592,-1.40033296990541));
#3416=CARTESIAN_POINT('Ctrl Pts',(-0.820296061932397,-1.40000859088592,
-1.98036987787843));
#3417=CARTESIAN_POINT('Ctrl Pts',(0.,-1.45000859088592,-1.98036987787843));
#3418=CARTESIAN_POINT('Ctrl Pts',(0.820296061932396,-1.50000859088592,-1.98036987787843));
#3419=CARTESIAN_POINT('Ctrl Pts',(1.40033296990541,-1.55000859088592,-1.40033296990541));
#3420=CARTESIAN_POINT('Ctrl Pts',(1.98036987787843,-1.60000859088592,-0.820296061932396));
#3421=CARTESIAN_POINT('Ctrl Pts',(1.98036987787843,-1.65000859088592,-1.21262681603583E-16));
#3422=CARTESIAN_POINT('Ctrl Pts',(1.98036987787843,-1.70000859088592,0.820296061932396));
#3423=CARTESIAN_POINT('Ctrl Pts',(1.40033296990541,-1.75000859088592,1.40033296990541));
#3424=CARTESIAN_POINT('Origin',(-4.,1.35,4.));
#3425=CARTESIAN_POINT('',(-4.,1.35,4.33680868994202E-16));
#3426=CARTESIAN_POINT('',(0.,1.35,4.));
#3427=CARTESIAN_POINT('Origin',(0.,1.35,0.));
#3428=CARTESIAN_POINT('',(4.,1.35,0.));
#3429=CARTESIAN_POINT('Origin',(0.,1.35,0.));
#3430=CARTESIAN_POINT('',(0.,1.35,-4.));
#3431=CARTESIAN_POINT('Origin',(0.,1.35,0.));
#3432=CARTESIAN_POINT('Origin',(0.,1.35,0.));
#3433=CARTESIAN_POINT('Origin',(-4.,1.35,-4.));
#3434=CARTESIAN_POINT('',(-4.,0.393414753047604,-4.));
#3435=CARTESIAN_POINT('Ctrl Pts',(-4.,0.393414753047605,-4.));
#3436=CARTESIAN_POINT('Ctrl Pts',(-4.,1.35,-1.65685424949238));
#3437=CARTESIAN_POINT('Ctrl Pts',(-4.,1.35,1.97255341425995E-15));
#3438=CARTESIAN_POINT('',(-4.,-1.35,-4.));
#3439=CARTESIAN_POINT('',(-4.,1.35,-4.));
#3440=CARTESIAN_POINT('',(-4.,-1.35,4.));
#3441=CARTESIAN_POINT('',(-4.,-1.35,-4.));
#3442=CARTESIAN_POINT('',(-4.,0.393414753047604,4.));
#3443=CARTESIAN_POINT('',(-4.,1.35,4.));
#3444=CARTESIAN_POINT('Ctrl Pts',(-4.,1.35,1.97255341425995E-15));
#3445=CARTESIAN_POINT('Ctrl Pts',(-4.,1.35,1.65685424949238));
#3446=CARTESIAN_POINT('Ctrl Pts',(-4.,0.393414753047606,4.));
#3447=CARTESIAN_POINT('Origin',(-4.,1.35,4.));
#3448=CARTESIAN_POINT('Ctrl Pts',(-4.,0.393414753047605,4.));
#3449=CARTESIAN_POINT('Ctrl Pts',(-1.65685424949238,1.35,4.));
#3450=CARTESIAN_POINT('Ctrl Pts',(1.97255341425995E-15,1.35,4.));
#3451=CARTESIAN_POINT('',(4.,-1.35,4.));
#3452=CARTESIAN_POINT('',(-4.,-1.35,4.));
#3453=CARTESIAN_POINT('',(4.,0.393414753047604,4.));
#3454=CARTESIAN_POINT('',(4.,1.35,4.));
#3455=CARTESIAN_POINT('Ctrl Pts',(1.97255341425995E-15,1.35,4.));
#3456=CARTESIAN_POINT('Ctrl Pts',(1.65685424949238,1.35,4.));
#3457=CARTESIAN_POINT('Ctrl Pts',(3.99999999999999,0.393414753047607,4.));
#3458=CARTESIAN_POINT('Origin',(4.,1.35,-4.));
#3459=CARTESIAN_POINT('Ctrl Pts',(4.,0.393414753047606,4.));
#3460=CARTESIAN_POINT('Ctrl Pts',(4.,1.35,1.65685424949238));
#3461=CARTESIAN_POINT('Ctrl Pts',(4.,1.35,-1.97255341425995E-15));
#3462=CARTESIAN_POINT('',(4.,-1.35,-4.));
#3463=CARTESIAN_POINT('',(4.,-1.35,-4.));
#3464=CARTESIAN_POINT('',(4.,0.393414753047604,-4.));
#3465=CARTESIAN_POINT('',(4.,1.35,-4.));
#3466=CARTESIAN_POINT('Ctrl Pts',(4.,1.35,-1.97255341425995E-15));
#3467=CARTESIAN_POINT('Ctrl Pts',(4.,1.35,-1.65685424949238));
#3468=CARTESIAN_POINT('Ctrl Pts',(4.,0.393414753047606,-4.));
#3469=CARTESIAN_POINT('Origin',(-4.,1.35,-4.));
#3470=CARTESIAN_POINT('Ctrl Pts',(4.,0.393414753047605,-4.));
#3471=CARTESIAN_POINT('Ctrl Pts',(1.65685424949238,1.35,-4.));
#3472=CARTESIAN_POINT('Ctrl Pts',(-1.97255341425995E-15,1.35,-4.));
#3473=CARTESIAN_POINT('',(-4.,-1.35,-4.));
#3474=CARTESIAN_POINT('Ctrl Pts',(-1.97255341425995E-15,1.35,-4.));
#3475=CARTESIAN_POINT('Ctrl Pts',(-1.65685424949238,1.35,-4.));
#3476=CARTESIAN_POINT('Ctrl Pts',(-3.99999999999999,0.393414753047608,-4.));
#3477=CARTESIAN_POINT('Origin',(-4.,-1.35,4.));
#3478=CARTESIAN_POINT('Origin',(0.,1.35,0.));
#3479=CARTESIAN_POINT('Origin',(0.,1.35,0.));
#3480=CARTESIAN_POINT('Origin',(0.,1.35,0.));
#3481=CARTESIAN_POINT('Origin',(0.,1.35,0.));
#3482=CARTESIAN_POINT('Origin',(7.79506165897972,7.09855715851499,27.5));
#3483=CARTESIAN_POINT('',(7.67006165897972,7.3150635094611,20.));
#3484=CARTESIAN_POINT('',(7.57855530803361,6.97355715851499,20.));
#3485=CARTESIAN_POINT('Origin',(7.79506165897972,7.09855715851499,20.));
#3486=CARTESIAN_POINT('',(7.57855530803361,6.97355715851499,27.5));
#3487=CARTESIAN_POINT('',(7.57855530803361,6.97355715851499,27.5));
#3488=CARTESIAN_POINT('',(7.67006165897972,7.3150635094611,27.5));
#3489=CARTESIAN_POINT('Origin',(7.79506165897972,7.09855715851499,27.5));
#3490=CARTESIAN_POINT('',(7.67006165897972,7.3150635094611,27.5));
#3491=CARTESIAN_POINT('Origin',(9.95355530803361,2.8599364905389,27.5));
#3492=CARTESIAN_POINT('',(9.82855530803361,3.07644284148501,20.));
#3493=CARTESIAN_POINT('',(9.95355530803361,2.8599364905389,20.));
#3494=CARTESIAN_POINT('',(9.82855530803361,3.07644284148501,27.5));
#3495=CARTESIAN_POINT('',(9.82855530803361,3.07644284148501,27.5));
#3496=CARTESIAN_POINT('',(9.32855530803361,3.94246824526945,27.5));
#3497=CARTESIAN_POINT('Origin',(4.70039611202773,-2.11784936644886,20.));
#3498=CARTESIAN_POINT('',(9.40079222405545,8.31430126710228,20.));
#3499=CARTESIAN_POINT('',(7.45355530803361,7.1900635094611,20.));
#3500=CARTESIAN_POINT('',(11.9007922240554,3.98417424818009,20.));
#3501=CARTESIAN_POINT('Origin',(0.,0.,20.));
#3502=CARTESIAN_POINT('',(10.1700616589797,2.9849364905389,20.));
#3503=CARTESIAN_POINT('',(11.9007922240555,3.98417424818009,20.));
#3504=CARTESIAN_POINT('Origin',(10.0450616589797,3.20144284148501,20.));
#3505=CARTESIAN_POINT('Origin',(10.0450616589797,3.20144284148501,27.5));
#3506=CARTESIAN_POINT('',(10.1700616589797,2.9849364905389,27.5));
#3507=CARTESIAN_POINT('',(10.1700616589797,2.9849364905389,27.5));
#3508=CARTESIAN_POINT('Origin',(10.0450616589797,3.20144284148501,27.5));
#3509=CARTESIAN_POINT('Origin',(-2.25,-10.3,27.5));
#3510=CARTESIAN_POINT('',(-2.25,-10.05,20.));
#3511=CARTESIAN_POINT('',(-2.5,-10.3,20.));
#3512=CARTESIAN_POINT('Origin',(-2.25,-10.3,20.));
#3513=CARTESIAN_POINT('',(-2.5,-10.3,27.5));
#3514=CARTESIAN_POINT('',(-2.5,-10.3,27.5));
#3515=CARTESIAN_POINT('',(-2.25,-10.05,27.5));
#3516=CARTESIAN_POINT('Origin',(-2.25,-10.3,27.5));
#3517=CARTESIAN_POINT('',(-2.25,-10.05,27.5));
#3518=CARTESIAN_POINT('Origin',(-2.5,-12.2984755152824,27.5));
#3519=CARTESIAN_POINT('',(-2.5,-12.2984755152824,20.));
#3520=CARTESIAN_POINT('',(-2.5,-12.2984755152824,20.));
#3521=CARTESIAN_POINT('',(-2.5,-12.2984755152824,27.5));
#3522=CARTESIAN_POINT('',(-2.5,-12.2984755152824,27.5));
#3523=CARTESIAN_POINT('',(-2.5,-6.14923775764119,27.5));
#3524=CARTESIAN_POINT('Origin',(0.,-11.3,20.));
#3525=CARTESIAN_POINT('',(2.25,-10.05,20.));
#3526=CARTESIAN_POINT('',(-2.5,-10.05,20.));
#3527=CARTESIAN_POINT('',(2.5,-10.3,20.));
#3528=CARTESIAN_POINT('Origin',(2.25,-10.3,20.));
#3529=CARTESIAN_POINT('',(2.5,-12.2984755152824,20.));
#3530=CARTESIAN_POINT('',(2.5,-10.05,20.));
#3531=CARTESIAN_POINT('Origin',(0.,0.,20.));
#3532=CARTESIAN_POINT('Origin',(2.25,-10.3,27.5));
#3533=CARTESIAN_POINT('',(2.25,-10.05,27.5));
#3534=CARTESIAN_POINT('',(2.25,-10.05,27.5));
#3535=CARTESIAN_POINT('',(2.5,-10.3,27.5));
#3536=CARTESIAN_POINT('Origin',(2.25,-10.3,27.5));
#3537=CARTESIAN_POINT('',(2.5,-10.3,27.5));
#3538=CARTESIAN_POINT('Origin',(2.5,-10.05,27.5));
#3539=CARTESIAN_POINT('',(2.5,-12.2984755152824,27.5));
#3540=CARTESIAN_POINT('',(2.5,-5.025,27.5));
#3541=CARTESIAN_POINT('',(2.5,-12.2984755152824,27.5));
#3542=CARTESIAN_POINT('Origin',(-10.0450616589797,3.20144284148502,27.5));
#3543=CARTESIAN_POINT('',(-10.1700616589797,2.98493649053891,20.));
#3544=CARTESIAN_POINT('',(-9.82855530803361,3.07644284148502,20.));
#3545=CARTESIAN_POINT('Origin',(-10.0450616589797,3.20144284148502,20.));
#3546=CARTESIAN_POINT('',(-9.82855530803361,3.07644284148502,27.5));
#3547=CARTESIAN_POINT('',(-9.82855530803361,3.07644284148502,27.5));
#3548=CARTESIAN_POINT('',(-10.1700616589797,2.98493649053891,27.5));
#3549=CARTESIAN_POINT('Origin',(-10.0450616589797,3.20144284148502,27.5));
#3550=CARTESIAN_POINT('',(-10.1700616589797,2.98493649053891,27.5));
#3551=CARTESIAN_POINT('Origin',(-7.45355530803361,7.1900635094611,27.5));
#3552=CARTESIAN_POINT('',(-7.57855530803361,6.97355715851499,20.));
#3553=CARTESIAN_POINT('',(-7.45355530803361,7.1900635094611,20.));
#3554=CARTESIAN_POINT('',(-7.57855530803361,6.97355715851499,27.5));
#3555=CARTESIAN_POINT('',(-7.57855530803361,6.97355715851499,27.5));
#3556=CARTESIAN_POINT('',(-8.07855530803361,6.10753175473055,27.5));
#3557=CARTESIAN_POINT('Origin',(-4.70039611202772,-2.11784936644886,20.));
#3558=CARTESIAN_POINT('',(-11.9007922240554,3.9841742481801,20.));
#3559=CARTESIAN_POINT('',(-9.95355530803361,2.85993649053891,20.));
#3560=CARTESIAN_POINT('',(-9.40079222405545,8.31430126710229,20.));
#3561=CARTESIAN_POINT('Origin',(0.,0.,20.));
#3562=CARTESIAN_POINT('',(-7.67006165897972,7.3150635094611,20.));
#3563=CARTESIAN_POINT('',(-9.40079222405545,8.31430126710229,20.));
#3564=CARTESIAN_POINT('Origin',(-7.79506165897972,7.09855715851499,20.));
#3565=CARTESIAN_POINT('Origin',(-7.79506165897972,7.09855715851499,27.5));
#3566=CARTESIAN_POINT('',(-7.67006165897972,7.3150635094611,27.5));
#3567=CARTESIAN_POINT('',(-7.67006165897972,7.3150635094611,27.5));
#3568=CARTESIAN_POINT('Origin',(-7.79506165897972,7.09855715851499,27.5));
#3569=CARTESIAN_POINT('Origin',(7.36121593216773,-4.25,29.35));
#3570=CARTESIAN_POINT('',(9.26121593216773,-4.25,29.5));
#3571=CARTESIAN_POINT('Origin',(7.36121593216773,-4.25,29.5));
#3572=CARTESIAN_POINT('',(8.96121593216773,-4.25,29.2));
#3573=CARTESIAN_POINT('',(9.11121593216773,-4.25,29.35));
#3574=CARTESIAN_POINT('Origin',(7.36121593216773,-4.25,29.2));
#3575=CARTESIAN_POINT('Origin',(0.,0.,29.5));
#3576=CARTESIAN_POINT('',(47.25,-5.78645612597124E-15,29.5));
#3577=CARTESIAN_POINT('Origin',(0.,0.,29.5));
#3578=CARTESIAN_POINT('',(-5.46121593216773,-4.25,29.5));
#3579=CARTESIAN_POINT('Origin',(-7.36121593216773,-4.25,29.5));
#3580=CARTESIAN_POINT('',(1.9,8.5,29.5));
#3581=CARTESIAN_POINT('Origin',(-1.11022302462516E-15,8.5,29.5));
#3582=CARTESIAN_POINT('',(-23.5165,26.5165,29.5));
#3583=CARTESIAN_POINT('Origin',(-26.5165,26.5165,29.5));
#3584=CARTESIAN_POINT('',(29.5165,-26.5165,29.5));
#3585=CARTESIAN_POINT('Origin',(26.5165,-26.5165,29.5));
#3586=CARTESIAN_POINT('',(-23.5165,-26.5165,29.5));
#3587=CARTESIAN_POINT('Origin',(-26.5165,-26.5165,29.5));
#3588=CARTESIAN_POINT('',(29.5165,26.5165,29.5));
#3589=CARTESIAN_POINT('Origin',(26.5165,26.5165,29.5));
#3590=CARTESIAN_POINT('',(2.9,3.55147571752732E-16,29.5));
#3591=CARTESIAN_POINT('Origin',(0.,0.,29.5));
#3592=CARTESIAN_POINT('Origin',(7.36121593216773,-4.25,27.5));
#3593=CARTESIAN_POINT('',(8.96121593216773,-4.25,27.5));
#3594=CARTESIAN_POINT('',(8.96121593216773,-4.25,27.5));
#3595=CARTESIAN_POINT('Origin',(7.36121593216773,-4.25,27.5));
#3596=CARTESIAN_POINT('Origin',(-7.36121593216773,-4.25,29.35));
#3597=CARTESIAN_POINT('',(-5.76121593216773,-4.25,29.2));
#3598=CARTESIAN_POINT('',(-5.61121593216773,-4.25,29.35));
#3599=CARTESIAN_POINT('Origin',(-7.36121593216773,-4.25,29.2));
#3600=CARTESIAN_POINT('Origin',(-7.36121593216773,-4.25,27.5));
#3601=CARTESIAN_POINT('',(-5.76121593216773,-4.25,27.5));
#3602=CARTESIAN_POINT('',(-5.76121593216773,-4.25,27.5));
#3603=CARTESIAN_POINT('Origin',(-7.36121593216773,-4.25,27.5));
#3604=CARTESIAN_POINT('Origin',(0.,0.,29.35));
#3605=CARTESIAN_POINT('',(2.6,-3.18408167778312E-16,29.2));
#3606=CARTESIAN_POINT('',(2.75,3.36777869765522E-16,29.35));
#3607=CARTESIAN_POINT('Origin',(0.,0.,29.2));
#3608=CARTESIAN_POINT('Origin',(0.,0.,27.5));
#3609=CARTESIAN_POINT('',(2.6,3.18408167778312E-16,27.5));
#3610=CARTESIAN_POINT('',(2.6,3.18408167778312E-16,27.5));
#3611=CARTESIAN_POINT('Origin',(0.,0.,27.5));
#3612=CARTESIAN_POINT('Origin',(-1.11022302462516E-15,8.5,29.35));
#3613=CARTESIAN_POINT('',(1.6,8.5,29.2));
#3614=CARTESIAN_POINT('',(1.75,8.5,29.35));
#3615=CARTESIAN_POINT('Origin',(-1.11022302462516E-15,8.5,29.2));
#3616=CARTESIAN_POINT('Origin',(-1.11022302462516E-15,8.5,27.5));
#3617=CARTESIAN_POINT('',(1.6,8.5,27.5));
#3618=CARTESIAN_POINT('',(1.6,8.5,27.5));
#3619=CARTESIAN_POINT('Origin',(-1.11022302462516E-15,8.5,27.5));
#3620=CARTESIAN_POINT('Origin',(26.5165,26.5165,29.35));
#3621=CARTESIAN_POINT('',(29.2165,26.5165,29.2000000000001));
#3622=CARTESIAN_POINT('',(29.3665,26.5165,29.35));
#3623=CARTESIAN_POINT('Origin',(26.5165,26.5165,29.2000000000001));
#3624=CARTESIAN_POINT('Origin',(26.5165,26.5165,27.5000000000001));
#3625=CARTESIAN_POINT('',(29.2165,26.5165,24.75));
#3626=CARTESIAN_POINT('',(29.2165,26.5165,27.5000000000001));
#3627=CARTESIAN_POINT('',(23.8165,26.5165,24.75));
#3628=CARTESIAN_POINT('Origin',(26.5165,26.5165,24.75));
#3629=CARTESIAN_POINT('Origin',(26.5165,26.5165,24.75));
#3630=CARTESIAN_POINT('Origin',(-26.5165,26.5165,29.35));
#3631=CARTESIAN_POINT('',(-23.8165,26.5165,29.1999999999999));
#3632=CARTESIAN_POINT('',(-23.6665,26.5165,29.35));
#3633=CARTESIAN_POINT('Origin',(-26.5165,26.5165,29.1999999999999));
#3634=CARTESIAN_POINT('Origin',(-26.5165,26.5165,27.4999999999999));
#3635=CARTESIAN_POINT('',(-23.8165,26.5165,24.75));
#3636=CARTESIAN_POINT('',(-23.8165,26.5165,27.4999999999999));
#3637=CARTESIAN_POINT('',(-29.2165,26.5165,24.75));
#3638=CARTESIAN_POINT('Origin',(-26.5165,26.5165,24.75));
#3639=CARTESIAN_POINT('Origin',(-26.5165,26.5165,24.75));
#3640=CARTESIAN_POINT('Origin',(-26.5165,-26.5165,29.35));
#3641=CARTESIAN_POINT('',(-23.8165,-26.5165,29.2000000000001));
#3642=CARTESIAN_POINT('',(-23.6665,-26.5165,29.35));
#3643=CARTESIAN_POINT('Origin',(-26.5165,-26.5165,29.2000000000001));
#3644=CARTESIAN_POINT('Origin',(-26.5165,-26.5165,27.5000000000001));
#3645=CARTESIAN_POINT('',(-23.8165,-26.5165,24.75));
#3646=CARTESIAN_POINT('',(-23.8165,-26.5165,27.5000000000001));
#3647=CARTESIAN_POINT('',(-29.2165,-26.5165,24.75));
#3648=CARTESIAN_POINT('Origin',(-26.5165,-26.5165,24.75));
#3649=CARTESIAN_POINT('Origin',(-26.5165,-26.5165,24.75));
#3650=CARTESIAN_POINT('Origin',(26.5165,-26.5165,29.35));
#3651=CARTESIAN_POINT('',(29.2165,-26.5165,29.2000000000001));
#3652=CARTESIAN_POINT('',(29.3665,-26.5165,29.35));
#3653=CARTESIAN_POINT('Origin',(26.5165,-26.5165,29.2000000000001));
#3654=CARTESIAN_POINT('Origin',(26.5165,-26.5165,27.5000000000001));
#3655=CARTESIAN_POINT('',(29.2165,-26.5165,24.75));
#3656=CARTESIAN_POINT('',(29.2165,-26.5165,27.5000000000001));
#3657=CARTESIAN_POINT('',(23.8165,-26.5165,24.75));
#3658=CARTESIAN_POINT('Origin',(26.5165,-26.5165,24.75));
#3659=CARTESIAN_POINT('Origin',(26.5165,-26.5165,24.75));
#3660=CARTESIAN_POINT('Origin',(0.,0.,29.375));
#3661=CARTESIAN_POINT('',(47.5,5.81707229594993E-15,29.25));
#3662=CARTESIAN_POINT('',(47.375,5.80176421096058E-15,29.375));
#3663=CARTESIAN_POINT('Origin',(0.,0.,29.25));
#3664=CARTESIAN_POINT('Origin',(0.,0.,27.5));
#3665=CARTESIAN_POINT('',(47.5,5.81707229594993E-15,21.75));
#3666=CARTESIAN_POINT('',(47.5,5.81707229594993E-15,27.5));
#3667=CARTESIAN_POINT('',(-47.5,5.81707229594993E-15,21.75));
#3668=CARTESIAN_POINT('Origin',(0.,0.,21.75));
#3669=CARTESIAN_POINT('Origin',(0.,0.,21.75));
#3670=CARTESIAN_POINT('Origin',(0.,0.,21.625));
#3671=CARTESIAN_POINT('',(-47.25,-5.78645612597124E-15,21.5));
#3672=CARTESIAN_POINT('Origin',(0.,0.,21.5));
#3673=CARTESIAN_POINT('',(-47.375,5.80176421096058E-15,21.625));
#3674=CARTESIAN_POINT('Origin',(0.,0.,21.5));
#3675=CARTESIAN_POINT('',(-14.7,1.80023079474661E-15,21.5));
#3676=CARTESIAN_POINT('Origin',(0.,0.,21.5));
#3677=CARTESIAN_POINT('',(-22.1915,30.8415,21.5));
#3678=CARTESIAN_POINT('',(-22.1915,22.1915,21.5));
#3679=CARTESIAN_POINT('',(-22.1915,11.22075,21.5));
#3680=CARTESIAN_POINT('',(-30.8415,30.8415,21.5));
#3681=CARTESIAN_POINT('',(-11.22075,30.8415,21.5));
#3682=CARTESIAN_POINT('',(-30.8415,22.1915,21.5));
#3683=CARTESIAN_POINT('',(-30.8415,15.29575,21.5));
#3684=CARTESIAN_POINT('',(-15.29575,22.1915,21.5));
#3685=CARTESIAN_POINT('',(30.8415,-30.8415,21.5));
#3686=CARTESIAN_POINT('',(22.1915,-30.8415,21.5));
#3687=CARTESIAN_POINT('',(11.22075,-30.8415,21.5));
#3688=CARTESIAN_POINT('',(30.8415,-22.1915,21.5));
#3689=CARTESIAN_POINT('',(30.8415,-15.29575,21.5));
#3690=CARTESIAN_POINT('',(22.1915,-22.1915,21.5));
#3691=CARTESIAN_POINT('',(15.29575,-22.1915,21.5));
#3692=CARTESIAN_POINT('',(22.1915,-11.22075,21.5));
#3693=CARTESIAN_POINT('',(30.8415,30.8415,21.5));
#3694=CARTESIAN_POINT('',(30.8415,22.1915,21.5));
#3695=CARTESIAN_POINT('',(30.8415,11.22075,21.5));
#3696=CARTESIAN_POINT('',(22.1915,30.8415,21.5));
#3697=CARTESIAN_POINT('',(15.29575,30.8415,21.5));
#3698=CARTESIAN_POINT('',(22.1915,22.1915,21.5));
#3699=CARTESIAN_POINT('',(22.1915,15.29575,21.5));
#3700=CARTESIAN_POINT('',(11.22075,22.1915,21.5));
#3701=CARTESIAN_POINT('',(-22.1915,-30.8415,21.5));
#3702=CARTESIAN_POINT('',(-30.8415,-30.8415,21.5));
#3703=CARTESIAN_POINT('',(-15.29575,-30.8415,21.5));
#3704=CARTESIAN_POINT('',(-22.1915,-22.1915,21.5));
#3705=CARTESIAN_POINT('',(-22.1915,-15.29575,21.5));
#3706=CARTESIAN_POINT('',(-30.8415,-22.1915,21.5));
#3707=CARTESIAN_POINT('',(-11.22075,-22.1915,21.5));
#3708=CARTESIAN_POINT('',(-30.8415,-11.22075,21.5));
#3709=CARTESIAN_POINT('Origin',(0.,0.,21.));
#3710=CARTESIAN_POINT('',(-14.2,-1.73899845478924E-15,21.));
#3711=CARTESIAN_POINT('Origin',(0.,0.,21.));
#3712=CARTESIAN_POINT('Origin',(-14.7,-1.80023079474661E-15,21.));
#3713=CARTESIAN_POINT('Origin',(0.,0.,21.5));
#3714=CARTESIAN_POINT('',(-14.2,1.73899845478924E-15,17.75));
#3715=CARTESIAN_POINT('Origin',(0.,0.,17.75));
#3716=CARTESIAN_POINT('',(-14.2,1.73899845478924E-15,21.5));
#3717=CARTESIAN_POINT('Origin',(0.,0.,17.625));
#3718=CARTESIAN_POINT('',(-12.875,1.57673275390222E-15,17.5));
#3719=CARTESIAN_POINT('Origin',(0.,0.,17.5));
#3720=CARTESIAN_POINT('',(-12.625,-1.54611658392353E-15,17.75));
#3721=CARTESIAN_POINT('',(-12.75,1.56142466891288E-15,17.625));
#3722=CARTESIAN_POINT('Origin',(0.,0.,17.75));
#3723=CARTESIAN_POINT('Origin',(0.,0.,17.5));
#3724=CARTESIAN_POINT('',(-13.95,-1.70838228481056E-15,17.5));
#3725=CARTESIAN_POINT('Origin',(0.,0.,17.5));
#3726=CARTESIAN_POINT('Origin',(0.,0.,27.5));
#3727=CARTESIAN_POINT('',(-12.625,1.54611658392353E-15,27.5));
#3728=CARTESIAN_POINT('',(-12.625,1.54611658392353E-15,27.5));
#3729=CARTESIAN_POINT('Origin',(0.,0.,27.5));
#3730=CARTESIAN_POINT('Origin',(0.,0.,17.625));
#3731=CARTESIAN_POINT('',(-14.075,1.7236903697999E-15,17.625));
#3732=CARTESIAN_POINT('Origin',(-15.29575,-30.7165,21.625));
#3733=CARTESIAN_POINT('',(-30.5915,-30.5915,21.75));
#3734=CARTESIAN_POINT('',(-30.8415,-30.8415,21.5));
#3735=CARTESIAN_POINT('',(-22.4415,-30.5915,21.75));
#3736=CARTESIAN_POINT('',(-15.29575,-30.5915,21.75));
#3737=CARTESIAN_POINT('',(-22.1915,-30.8415,21.5));
#3738=CARTESIAN_POINT('Origin',(-30.7165,-11.22075,21.625));
#3739=CARTESIAN_POINT('',(-30.5915,-22.4415,21.75));
#3740=CARTESIAN_POINT('',(-30.8415,-22.1915,21.5));
#3741=CARTESIAN_POINT('',(-30.5915,-11.22075,21.75));
#3742=CARTESIAN_POINT('Origin',(-22.3165,-15.29575,21.625));
#3743=CARTESIAN_POINT('',(-22.4415,-22.4415,21.75));
#3744=CARTESIAN_POINT('',(-22.4415,-15.29575,21.75));
#3745=CARTESIAN_POINT('',(-22.4415,-22.4415,21.75));
#3746=CARTESIAN_POINT('Origin',(-11.22075,-22.3165,21.625));
#3747=CARTESIAN_POINT('',(-11.22075,-22.4415,21.75));
#3748=CARTESIAN_POINT('Origin',(-22.4415,-30.5915,21.5));
#3749=CARTESIAN_POINT('',(-22.4415,-30.5915,24.5));
#3750=CARTESIAN_POINT('',(-22.4415,-30.5915,21.5));
#3751=CARTESIAN_POINT('',(-22.4415,-22.4415,24.5));
#3752=CARTESIAN_POINT('',(-22.4415,-30.5915,24.5));
#3753=CARTESIAN_POINT('',(-22.4415,-22.4415,21.5));
#3754=CARTESIAN_POINT('Origin',(-30.5915,-30.5915,21.5));
#3755=CARTESIAN_POINT('',(-30.5915,-30.5915,24.5));
#3756=CARTESIAN_POINT('',(-30.5915,-30.5915,21.5));
#3757=CARTESIAN_POINT('',(-30.5915,-30.5915,24.5));
#3758=CARTESIAN_POINT('Origin',(-30.7165,15.29575,21.625));
#3759=CARTESIAN_POINT('',(-30.5915,30.5915,21.75));
#3760=CARTESIAN_POINT('',(-30.8415,30.8415,21.5));
#3761=CARTESIAN_POINT('',(-30.5915,22.4415,21.75));
#3762=CARTESIAN_POINT('',(-30.5915,15.29575,21.75));
#3763=CARTESIAN_POINT('',(-30.8415,22.1915,21.5));
#3764=CARTESIAN_POINT('Origin',(-22.3165,11.22075,21.625));
#3765=CARTESIAN_POINT('',(-22.4415,22.4415,21.75));
#3766=CARTESIAN_POINT('',(-22.1915,22.1915,21.5));
#3767=CARTESIAN_POINT('',(-22.4415,30.5915,21.75));
#3768=CARTESIAN_POINT('',(-22.4415,11.22075,21.75));
#3769=CARTESIAN_POINT('',(-22.4415,30.5915,21.75));
#3770=CARTESIAN_POINT('Origin',(-15.29575,22.3165,21.625));
#3771=CARTESIAN_POINT('',(-15.29575,22.4415,21.75));
#3772=CARTESIAN_POINT('Origin',(-11.22075,30.7165,21.625));
#3773=CARTESIAN_POINT('',(-11.22075,30.5915,21.75));
#3774=CARTESIAN_POINT('Origin',(-22.4415,30.5915,21.5));
#3775=CARTESIAN_POINT('',(-22.4415,30.5915,24.5));
#3776=CARTESIAN_POINT('',(-22.4415,30.5915,21.5));
#3777=CARTESIAN_POINT('',(-30.5915,30.5915,24.5));
#3778=CARTESIAN_POINT('',(-22.4415,30.5915,24.5));
#3779=CARTESIAN_POINT('',(-30.5915,30.5915,21.5));
#3780=CARTESIAN_POINT('Origin',(-22.4415,22.4415,21.5));
#3781=CARTESIAN_POINT('',(-22.4415,22.4415,24.5));
#3782=CARTESIAN_POINT('',(-22.4415,22.4415,21.5));
#3783=CARTESIAN_POINT('',(-22.4415,22.4415,24.5));
#3784=CARTESIAN_POINT('Origin',(30.7165,11.22075,21.625));
#3785=CARTESIAN_POINT('',(30.5915,22.4415,21.75));
#3786=CARTESIAN_POINT('',(30.8415,22.1915,21.5));
#3787=CARTESIAN_POINT('',(30.5915,30.5915,21.75));
#3788=CARTESIAN_POINT('',(30.5915,11.22075,21.75));
#3789=CARTESIAN_POINT('',(30.5915,30.5915,21.75));
#3790=CARTESIAN_POINT('Origin',(11.22075,22.3165,21.625));
#3791=CARTESIAN_POINT('',(22.4415,22.4415,21.75));
#3792=CARTESIAN_POINT('',(22.1915,22.1915,21.5));
#3793=CARTESIAN_POINT('',(11.22075,22.4415,21.75));
#3794=CARTESIAN_POINT('Origin',(22.3165,15.29575,21.625));
#3795=CARTESIAN_POINT('',(22.4415,30.5915,21.75));
#3796=CARTESIAN_POINT('',(22.4415,15.29575,21.75));
#3797=CARTESIAN_POINT('',(22.1915,30.8415,21.5));
#3798=CARTESIAN_POINT('Origin',(15.29575,30.7165,21.625));
#3799=CARTESIAN_POINT('',(15.29575,30.5915,21.75));
#3800=CARTESIAN_POINT('Origin',(30.5915,30.5915,21.5));
#3801=CARTESIAN_POINT('',(30.5915,30.5915,24.5));
#3802=CARTESIAN_POINT('',(30.5915,30.5915,21.5));
#3803=CARTESIAN_POINT('',(22.4415,30.5915,24.5));
#3804=CARTESIAN_POINT('',(30.5915,30.5915,24.5));
#3805=CARTESIAN_POINT('',(22.4415,30.5915,21.5));
#3806=CARTESIAN_POINT('Origin',(30.5915,22.4415,21.5));
#3807=CARTESIAN_POINT('',(30.5915,22.4415,24.5));
#3808=CARTESIAN_POINT('',(30.5915,22.4415,21.5));
#3809=CARTESIAN_POINT('',(30.5915,22.4415,24.5));
#3810=CARTESIAN_POINT('Origin',(11.22075,-30.7165,21.625));
#3811=CARTESIAN_POINT('',(22.4415,-30.5915,21.75));
#3812=CARTESIAN_POINT('',(22.1915,-30.8415,21.5));
#3813=CARTESIAN_POINT('',(30.5915,-30.5915,21.75));
#3814=CARTESIAN_POINT('',(11.22075,-30.5915,21.75));
#3815=CARTESIAN_POINT('',(30.8415,-30.8415,21.5));
#3816=CARTESIAN_POINT('Origin',(22.3165,-11.22075,21.625));
#3817=CARTESIAN_POINT('',(22.4415,-22.4415,21.75));
#3818=CARTESIAN_POINT('',(22.1915,-22.1915,21.5));
#3819=CARTESIAN_POINT('',(22.4415,-11.22075,21.75));
#3820=CARTESIAN_POINT('Origin',(30.7165,-15.29575,21.625));
#3821=CARTESIAN_POINT('',(30.5915,-22.4415,21.75));
#3822=CARTESIAN_POINT('',(30.5915,-15.29575,21.75));
#3823=CARTESIAN_POINT('',(30.5915,-22.4415,21.75));
#3824=CARTESIAN_POINT('Origin',(15.29575,-22.3165,21.625));
#3825=CARTESIAN_POINT('',(15.29575,-22.4415,21.75));
#3826=CARTESIAN_POINT('Origin',(30.5915,-30.5915,21.5));
#3827=CARTESIAN_POINT('',(30.5915,-30.5915,24.5));
#3828=CARTESIAN_POINT('',(30.5915,-30.5915,21.5));
#3829=CARTESIAN_POINT('',(30.5915,-22.4415,24.5));
#3830=CARTESIAN_POINT('',(30.5915,-30.5915,24.5));
#3831=CARTESIAN_POINT('',(30.5915,-22.4415,21.5));
#3832=CARTESIAN_POINT('Origin',(22.4415,-30.5915,21.5));
#3833=CARTESIAN_POINT('',(22.4415,-30.5915,24.5));
#3834=CARTESIAN_POINT('',(22.4415,-30.5915,21.5));
#3835=CARTESIAN_POINT('',(22.4415,-30.5915,24.5));
#3836=CARTESIAN_POINT('Origin',(26.5165,-26.5165,24.625));
#3837=CARTESIAN_POINT('',(23.5665,-26.5165,24.5));
#3838=CARTESIAN_POINT('',(23.6915,-26.5165,24.625));
#3839=CARTESIAN_POINT('Origin',(26.5165,-26.5165,24.5));
#3840=CARTESIAN_POINT('Origin',(26.5165,-26.5165,24.5));
#3841=CARTESIAN_POINT('',(22.4415,-22.4415,24.5));
#3842=CARTESIAN_POINT('',(30.5915,-22.4415,24.5));
#3843=CARTESIAN_POINT('',(22.4415,-22.4415,24.5));
#3844=CARTESIAN_POINT('Origin',(-26.5165,-26.5165,24.625));
#3845=CARTESIAN_POINT('',(-29.4665,-26.5165,24.5));
#3846=CARTESIAN_POINT('',(-29.3415,-26.5165,24.625));
#3847=CARTESIAN_POINT('Origin',(-26.5165,-26.5165,24.5));
#3848=CARTESIAN_POINT('Origin',(-26.5165,-26.5165,24.5));
#3849=CARTESIAN_POINT('',(-30.5915,-22.4415,24.5));
#3850=CARTESIAN_POINT('',(-22.4415,-22.4415,24.5));
#3851=CARTESIAN_POINT('',(-30.5915,-22.4415,24.5));
#3852=CARTESIAN_POINT('Origin',(-26.5165,26.5165,24.625));
#3853=CARTESIAN_POINT('',(-29.4665,26.5165,24.5));
#3854=CARTESIAN_POINT('',(-29.3415,26.5165,24.625));
#3855=CARTESIAN_POINT('Origin',(-26.5165,26.5165,24.5));
#3856=CARTESIAN_POINT('Origin',(-26.5165,26.5165,24.5));
#3857=CARTESIAN_POINT('',(-30.5915,22.4415,24.5));
#3858=CARTESIAN_POINT('',(-30.5915,22.4415,24.5));
#3859=CARTESIAN_POINT('',(-30.5915,30.5915,24.5));
#3860=CARTESIAN_POINT('Origin',(26.5165,26.5165,24.625));
#3861=CARTESIAN_POINT('',(23.5665,26.5165,24.5));
#3862=CARTESIAN_POINT('',(23.6915,26.5165,24.625));
#3863=CARTESIAN_POINT('Origin',(26.5165,26.5165,24.5));
#3864=CARTESIAN_POINT('Origin',(26.5165,26.5165,24.5));
#3865=CARTESIAN_POINT('',(22.4415,22.4415,24.5));
#3866=CARTESIAN_POINT('',(22.4415,22.4415,24.5));
#3867=CARTESIAN_POINT('',(22.4415,30.5915,24.5));
#3868=CARTESIAN_POINT('Origin',(22.4415,-22.4415,21.5));
#3869=CARTESIAN_POINT('',(22.4415,-22.4415,21.5));
#3870=CARTESIAN_POINT('Origin',(30.5915,-22.4415,21.5));
#3871=CARTESIAN_POINT('Origin',(22.4415,22.4415,21.5));
#3872=CARTESIAN_POINT('',(22.4415,22.4415,21.5));
#3873=CARTESIAN_POINT('Origin',(22.4415,30.5915,21.5));
#3874=CARTESIAN_POINT('Origin',(-30.5915,-22.4415,21.5));
#3875=CARTESIAN_POINT('',(-30.5915,-22.4415,21.5));
#3876=CARTESIAN_POINT('Origin',(-22.4415,-22.4415,21.5));
#3877=CARTESIAN_POINT('Origin',(-30.5915,22.4415,21.5));
#3878=CARTESIAN_POINT('',(-30.5915,22.4415,21.5));
#3879=CARTESIAN_POINT('Origin',(-30.5915,30.5915,21.5));
#3880=CARTESIAN_POINT('Origin',(0.,0.,27.5));
#3881=CARTESIAN_POINT('',(-11.9007922240554,3.9841742481801,27.5));
#3882=CARTESIAN_POINT('',(-5.60177765401681,0.347436490538906,27.5));
#3883=CARTESIAN_POINT('',(-9.40079222405545,8.31430126710229,27.5));
#3884=CARTESIAN_POINT('',(-4.07539611202772,5.23968238828169,27.5));
#3885=CARTESIAN_POINT('Origin',(0.,0.,27.5));
#3886=CARTESIAN_POINT('',(-1.25,-10.05,27.5));
#3887=CARTESIAN_POINT('Origin',(0.,0.,27.5));
#3888=CARTESIAN_POINT('',(9.40079222405545,8.31430126710228,27.5));
#3889=CARTESIAN_POINT('',(3.10177765401681,4.6775635094611,27.5));
#3890=CARTESIAN_POINT('',(11.9007922240554,3.98417424818009,27.5));
#3891=CARTESIAN_POINT('',(6.57539611202772,0.909555369359495,27.5));
#3892=CARTESIAN_POINT('Origin',(0.,0.,27.5));
#3893=CARTESIAN_POINT('Origin',(-9.95355530803361,2.85993649053891,27.5));
#3894=CARTESIAN_POINT('',(-11.9007922240554,3.9841742481801,27.5));
#3895=CARTESIAN_POINT('Origin',(-9.40079222405545,8.31430126710229,27.5));
#3896=CARTESIAN_POINT('',(-9.40079222405545,8.31430126710229,27.5));
#3897=CARTESIAN_POINT('Origin',(0.,0.,27.5));
#3898=CARTESIAN_POINT('Origin',(7.45355530803361,7.1900635094611,27.5));
#3899=CARTESIAN_POINT('',(9.40079222405545,8.31430126710228,27.5));
#3900=CARTESIAN_POINT('Origin',(11.9007922240554,3.98417424818009,27.5));
#3901=CARTESIAN_POINT('',(11.9007922240554,3.98417424818009,27.5));
#3902=CARTESIAN_POINT('Origin',(0.,0.,27.5));
#3903=CARTESIAN_POINT('Origin',(-2.5,-10.05,27.5));
#3904=CARTESIAN_POINT('Origin',(0.,0.,27.5));
#3905=CARTESIAN_POINT('',(-26.5165,-26.5165,23.15));
#3906=CARTESIAN_POINT('',(-26.5165,26.5165,23.15));
#3907=CARTESIAN_POINT('',(26.5165,26.5165,23.15));
#3908=CARTESIAN_POINT('',(26.5165,-26.5165,23.15));
#3909=UNCERTAINTY_MEASURE_WITH_UNIT(LENGTH_MEASURE(0.01),#3915,
'DISTANCE_ACCURACY_VALUE',
'Maximum model space distance between geometric entities at asserted c
onnectivities');
#3910=UNCERTAINTY_MEASURE_WITH_UNIT(LENGTH_MEASURE(0.01),#3915,
'DISTANCE_ACCURACY_VALUE',
'Maximum model space distance between geometric entities at asserted c
onnectivities');
#3911=UNCERTAINTY_MEASURE_WITH_UNIT(LENGTH_MEASURE(0.01),#3915,
'DISTANCE_ACCURACY_VALUE',
'Maximum model space distance between geometric entities at asserted c
onnectivities');
#3912=(
GEOMETRIC_REPRESENTATION_CONTEXT(3)
GLOBAL_UNCERTAINTY_ASSIGNED_CONTEXT((#3909))
GLOBAL_UNIT_ASSIGNED_CONTEXT((#3915,#3917,#3918))
REPRESENTATION_CONTEXT('','3D')
);
#3913=(
GEOMETRIC_REPRESENTATION_CONTEXT(3)
GLOBAL_UNCERTAINTY_ASSIGNED_CONTEXT((#3910))
GLOBAL_UNIT_ASSIGNED_CONTEXT((#3915,#3917,#3918))
REPRESENTATION_CONTEXT('','3D')
);
#3914=(
GEOMETRIC_REPRESENTATION_CONTEXT(3)
GLOBAL_UNCERTAINTY_ASSIGNED_CONTEXT((#3911))
GLOBAL_UNIT_ASSIGNED_CONTEXT((#3915,#3917,#3918))
REPRESENTATION_CONTEXT('','3D')
);
#3915=(
LENGTH_UNIT()
NAMED_UNIT(*)
SI_UNIT(.MILLI.,.METRE.)
);
#3916=(
LENGTH_UNIT()
NAMED_UNIT(*)
SI_UNIT($,.METRE.)
);
#3917=(
NAMED_UNIT(*)
PLANE_ANGLE_UNIT()
SI_UNIT($,.RADIAN.)
);
#3918=(
NAMED_UNIT(*)
SI_UNIT($,.STERADIAN.)
SOLID_ANGLE_UNIT()
);
#3919=SHAPE_DEFINITION_REPRESENTATION(#3921,#3927);
#3920=SHAPE_DEFINITION_REPRESENTATION(#3922,#3928);
#3921=PRODUCT_DEFINITION_SHAPE('',$,#3930);
#3922=PRODUCT_DEFINITION_SHAPE('',$,#3931);
#3923=PRODUCT_DEFINITION_SHAPE($,$,#23);
#3924=PRODUCT_DEFINITION_SHAPE($,$,#24);
#3925=PRODUCT_DEFINITION_SHAPE($,$,#25);
#3926=PRODUCT_DEFINITION_SHAPE($,$,#26);
#3927=SHAPE_REPRESENTATION('',(#1915,#2101,#2102,#2103,#2104),#3912);
#3928=SHAPE_REPRESENTATION('',(#1916),#3913);
#3929=PRODUCT_DEFINITION_CONTEXT('part definition',#3937,'design');
#3930=PRODUCT_DEFINITION('spindle jig',
'spindle_heat set insert install_ jig',#3932,#3929);
#3931=PRODUCT_DEFINITION('97259A103_Low-Strength Steel Thin Square Nut',
'97259A103_Low-Strength Steel Thin Square Nut (1)',#3933,#3929);
#3932=PRODUCT_DEFINITION_FORMATION('',$,#3939);
#3933=PRODUCT_DEFINITION_FORMATION('',$,#3940);
#3934=PRODUCT_RELATED_PRODUCT_CATEGORY(
'spindle_heat set insert install_ jig',
'spindle_heat set insert install_ jig',(#3939));
#3935=PRODUCT_RELATED_PRODUCT_CATEGORY(
'97259A103_Low-Strength Steel Thin Square Nut (1)',
'97259A103_Low-Strength Steel Thin Square Nut (1)',(#3940));
#3936=APPLICATION_PROTOCOL_DEFINITION('international standard',
'automotive_design',2009,#3937);
#3937=APPLICATION_CONTEXT(
'Core Data for Automotive Mechanical Design Process');
#3938=PRODUCT_CONTEXT('part definition',#3937,'mechanical');
#3939=PRODUCT('spindle jig','spindle_heat set insert install_ jig',$,(#3938));
#3940=PRODUCT('97259A103_Low-Strength Steel Thin Square Nut',
'97259A103_Low-Strength Steel Thin Square Nut (1)',$,(#3938));
#3941=PRESENTATION_STYLE_ASSIGNMENT((#3942));
#3942=SURFACE_STYLE_USAGE(.BOTH.,#3943);
#3943=SURFACE_SIDE_STYLE('',(#3944));
#3944=SURFACE_STYLE_FILL_AREA(#3945);
#3945=FILL_AREA_STYLE('Aluminum - Satin',(#3946));
#3946=FILL_AREA_STYLE_COLOUR('Aluminum - Satin',#3947);
#3947=COLOUR_RGB('Aluminum - Satin',0.96078431372549,0.96078431372549,0.964705882352941);
ENDSEC;
END-ISO-10303-21;
