ISO-10303-21;
HEADER;
FILE_DESCRIPTION(('STEP AP214'),'1');
FILE_NAME('strip_tsw-103-07-l-s.stp','2025-04-10T00:05:25',('TraceParts'),('TraceParts S.A.'),'Spatial InterOp 3D',' ',' ');
FILE_SCHEMA(('AUTOMOTIVE_DESIGN { 1 0 10303 214 1 1 1 1 }'));
ENDSEC;
DATA;
#1=MECHANICAL_DESIGN_GEOMETRIC_PRESENTATION_REPRESENTATION(' ',(#10,#11,#12,#13,#14,#15,#16,#17,#18,#19,#20,#21,#22,#23,#24,#25,#26,#27,#28,#29,#30,#31,#32,#33,#34,#35,#36,#37,#38,#39,#40,#41,#42,#43,#44,#45,#46,#47,#48,#49,#50,#51,#52,#53,#54,#55,#56,#57,#58,#59,#60,#61,#62,#63,#64,#65,#66,#67,#68,#69,#70,#71,#72,#73,#74,#75,#76,#77,#78,#79,#80,#81,#82,#83,#84,#85,#86,#87,#88,#89,#90,#91,#92,#93,#94,#95,#96,#97,#98,#99,#100,#101,#102,#103,#104,#105,#106,#107,#108,#109,#110,#111,#112,#113,#114,#115,#116,#117,#118,#119,#120,#121,#122,#123,#124,#125,#126,#127,#128,#129,#130,#131,#132,#133,#134,#135,#136,#137,#138,#139,#140,#141,#142,#143,#144,#145,#146,#147,#148,#149,#150,#151,#152,#153,#154),#6);
#2=PRODUCT_DEFINITION_CONTEXT('',#155,'design');
#3=APPLICATION_PROTOCOL_DEFINITION('INTERNATIONAL STANDARD','automotive_design',1994,#155);
#4=PRODUCT_CATEGORY_RELATIONSHIP('NONE','NONE',#156,#157);
#5=SHAPE_DEFINITION_REPRESENTATION(#158,#159);
#6= (GEOMETRIC_REPRESENTATION_CONTEXT(3)GLOBAL_UNCERTAINTY_ASSIGNED_CONTEXT((#162))GLOBAL_UNIT_ASSIGNED_CONTEXT((#164,#165,#166))REPRESENTATION_CONTEXT('NONE','WORKSPACE'));
#10=STYLED_ITEM('',(#168),#169);
#11=STYLED_ITEM('',(#170),#171);
#12=STYLED_ITEM('',(#172),#173);
#13=STYLED_ITEM('',(#174),#175);
#14=STYLED_ITEM('',(#176),#177);
#15=STYLED_ITEM('',(#178),#179);
#16=STYLED_ITEM('',(#180),#181);
#17=STYLED_ITEM('',(#182),#183);
#18=STYLED_ITEM('',(#184),#185);
#19=STYLED_ITEM('',(#186),#187);
#20=STYLED_ITEM('',(#188),#189);
#21=STYLED_ITEM('',(#190),#191);
#22=STYLED_ITEM('',(#192),#193);
#23=STYLED_ITEM('',(#194),#195);
#24=STYLED_ITEM('',(#196),#197);
#25=STYLED_ITEM('',(#198),#199);
#26=STYLED_ITEM('',(#200),#201);
#27=STYLED_ITEM('',(#202),#203);
#28=STYLED_ITEM('',(#204),#205);
#29=STYLED_ITEM('',(#206),#207);
#30=STYLED_ITEM('',(#208),#209);
#31=STYLED_ITEM('',(#210),#211);
#32=STYLED_ITEM('',(#212),#213);
#33=STYLED_ITEM('',(#214),#215);
#34=STYLED_ITEM('',(#216),#217);
#35=STYLED_ITEM('',(#218),#219);
#36=STYLED_ITEM('',(#220),#221);
#37=STYLED_ITEM('',(#222),#223);
#38=STYLED_ITEM('',(#224),#225);
#39=STYLED_ITEM('',(#226),#227);
#40=STYLED_ITEM('',(#228),#229);
#41=STYLED_ITEM('',(#230),#231);
#42=STYLED_ITEM('',(#232),#233);
#43=STYLED_ITEM('',(#234),#235);
#44=STYLED_ITEM('',(#236),#237);
#45=STYLED_ITEM('',(#238),#239);
#46=STYLED_ITEM('',(#240),#241);
#47=STYLED_ITEM('',(#242),#243);
#48=STYLED_ITEM('',(#244),#245);
#49=STYLED_ITEM('',(#246),#247);
#50=STYLED_ITEM('',(#248),#249);
#51=STYLED_ITEM('',(#250),#251);
#52=STYLED_ITEM('',(#252),#253);
#53=STYLED_ITEM('',(#254),#255);
#54=STYLED_ITEM('',(#256),#257);
#55=STYLED_ITEM('',(#258),#259);
#56=STYLED_ITEM('',(#260),#261);
#57=STYLED_ITEM('',(#262),#263);
#58=STYLED_ITEM('',(#264),#265);
#59=STYLED_ITEM('',(#266),#267);
#60=STYLED_ITEM('',(#268),#269);
#61=STYLED_ITEM('',(#270),#271);
#62=STYLED_ITEM('',(#272),#273);
#63=STYLED_ITEM('',(#274),#275);
#64=STYLED_ITEM('',(#276),#277);
#65=STYLED_ITEM('',(#278),#279);
#66=STYLED_ITEM('',(#280),#281);
#67=STYLED_ITEM('',(#282),#283);
#68=STYLED_ITEM('',(#284),#285);
#69=STYLED_ITEM('',(#286),#287);
#70=STYLED_ITEM('',(#288),#289);
#71=STYLED_ITEM('',(#290),#291);
#72=STYLED_ITEM('',(#292),#293);
#73=STYLED_ITEM('',(#294),#295);
#74=STYLED_ITEM('',(#296),#297);
#75=STYLED_ITEM('',(#298),#299);
#76=STYLED_ITEM('',(#300),#301);
#77=STYLED_ITEM('',(#302),#303);
#78=STYLED_ITEM('',(#304),#305);
#79=STYLED_ITEM('',(#306),#307);
#80=STYLED_ITEM('',(#308),#309);
#81=STYLED_ITEM('',(#310),#311);
#82=STYLED_ITEM('',(#312),#313);
#83=STYLED_ITEM('',(#314),#315);
#84=STYLED_ITEM('',(#316),#317);
#85=STYLED_ITEM('',(#318),#319);
#86=STYLED_ITEM('',(#320),#321);
#87=STYLED_ITEM('',(#322),#323);
#88=STYLED_ITEM('',(#324),#325);
#89=STYLED_ITEM('',(#326),#327);
#90=STYLED_ITEM('',(#328),#329);
#91=STYLED_ITEM('',(#330),#331);
#92=STYLED_ITEM('',(#332),#333);
#93=STYLED_ITEM('',(#334),#335);
#94=STYLED_ITEM('',(#336),#337);
#95=STYLED_ITEM('',(#338),#339);
#96=STYLED_ITEM('',(#340),#341);
#97=STYLED_ITEM('',(#342),#343);
#98=STYLED_ITEM('',(#344),#345);
#99=STYLED_ITEM('',(#346),#347);
#100=STYLED_ITEM('',(#348),#349);
#101=STYLED_ITEM('',(#350),#351);
#102=STYLED_ITEM('',(#352),#353);
#103=STYLED_ITEM('',(#354),#355);
#104=STYLED_ITEM('',(#356),#357);
#105=STYLED_ITEM('',(#358),#359);
#106=STYLED_ITEM('',(#360),#361);
#107=STYLED_ITEM('',(#362),#363);
#108=STYLED_ITEM('',(#364),#365);
#109=STYLED_ITEM('',(#366),#367);
#110=STYLED_ITEM('',(#368),#369);
#111=STYLED_ITEM('',(#370),#371);
#112=STYLED_ITEM('',(#372),#373);
#113=STYLED_ITEM('',(#374),#375);
#114=STYLED_ITEM('',(#376),#377);
#115=STYLED_ITEM('',(#378),#379);
#116=STYLED_ITEM('',(#380),#381);
#117=STYLED_ITEM('',(#382),#383);
#118=STYLED_ITEM('',(#384),#385);
#119=STYLED_ITEM('',(#386),#387);
#120=STYLED_ITEM('',(#388),#389);
#121=STYLED_ITEM('',(#390),#391);
#122=STYLED_ITEM('',(#392),#393);
#123=STYLED_ITEM('',(#394),#395);
#124=STYLED_ITEM('',(#396),#397);
#125=STYLED_ITEM('',(#398),#399);
#126=STYLED_ITEM('',(#400),#401);
#127=STYLED_ITEM('',(#402),#403);
#128=STYLED_ITEM('',(#404),#405);
#129=STYLED_ITEM('',(#406),#407);
#130=STYLED_ITEM('',(#408),#409);
#131=STYLED_ITEM('',(#410),#411);
#132=STYLED_ITEM('',(#412),#413);
#133=STYLED_ITEM('',(#414),#415);
#134=STYLED_ITEM('',(#416),#417);
#135=STYLED_ITEM('',(#418),#419);
#136=STYLED_ITEM('',(#420),#421);
#137=STYLED_ITEM('',(#422),#423);
#138=STYLED_ITEM('',(#424),#425);
#139=STYLED_ITEM('',(#426),#427);
#140=STYLED_ITEM('',(#428),#429);
#141=STYLED_ITEM('',(#430),#431);
#142=STYLED_ITEM('',(#432),#433);
#143=STYLED_ITEM('',(#434),#435);
#144=STYLED_ITEM('',(#436),#437);
#145=STYLED_ITEM('',(#438),#439);
#146=STYLED_ITEM('',(#440),#441);
#147=STYLED_ITEM('',(#442),#443);
#148=STYLED_ITEM('',(#444),#445);
#149=STYLED_ITEM('',(#446),#447);
#150=STYLED_ITEM('',(#448),#449);
#151=STYLED_ITEM('',(#450),#451);
#152=STYLED_ITEM('',(#452),#453);
#153=STYLED_ITEM('',(#454),#455);
#154=STYLED_ITEM('',(#456),#457);
#155=APPLICATION_CONTEXT(' ');
#156=PRODUCT_CATEGORY('part','NONE');
#157=PRODUCT_RELATED_PRODUCT_CATEGORY('detail',' ',(#458));
#158=PRODUCT_DEFINITION_SHAPE('NONE','NONE',#459);
#159=ADVANCED_BREP_SHAPE_REPRESENTATION('strip_tsw-103-07-l-s',(#460,#461),#6);
#162=UNCERTAINTY_MEASURE_WITH_UNIT(LENGTH_MEASURE(1.0E-06),#164,'','');
#164= (CONVERSION_BASED_UNIT('MILLIMETRE',#464)LENGTH_UNIT()NAMED_UNIT(#467));
#165= (NAMED_UNIT(#469)PLANE_ANGLE_UNIT()SI_UNIT($,.RADIAN.));
#166= (NAMED_UNIT(#469)SOLID_ANGLE_UNIT()SI_UNIT($,.STERADIAN.));
#168=PRESENTATION_STYLE_ASSIGNMENT((#475));
#169=ADVANCED_FACE('',(#476),#477,.T.);
#170=PRESENTATION_STYLE_ASSIGNMENT((#478));
#171=ADVANCED_FACE('',(#479),#480,.F.);
#172=PRESENTATION_STYLE_ASSIGNMENT((#481));
#173=ADVANCED_FACE('',(#482),#483,.F.);
#174=PRESENTATION_STYLE_ASSIGNMENT((#484));
#175=ADVANCED_FACE('',(#485),#486,.F.);
#176=PRESENTATION_STYLE_ASSIGNMENT((#487));
#177=ADVANCED_FACE('',(#488),#489,.F.);
#178=PRESENTATION_STYLE_ASSIGNMENT((#490));
#179=ADVANCED_FACE('',(#491),#492,.F.);
#180=PRESENTATION_STYLE_ASSIGNMENT((#493));
#181=ADVANCED_FACE('',(#494),#495,.F.);
#182=PRESENTATION_STYLE_ASSIGNMENT((#496));
#183=ADVANCED_FACE('',(#497),#498,.F.);
#184=PRESENTATION_STYLE_ASSIGNMENT((#499));
#185=ADVANCED_FACE('',(#500),#501,.F.);
#186=PRESENTATION_STYLE_ASSIGNMENT((#502));
#187=ADVANCED_FACE('',(#503),#504,.F.);
#188=PRESENTATION_STYLE_ASSIGNMENT((#505));
#189=ADVANCED_FACE('',(#506),#507,.F.);
#190=PRESENTATION_STYLE_ASSIGNMENT((#508));
#191=ADVANCED_FACE('',(#509),#510,.F.);
#192=PRESENTATION_STYLE_ASSIGNMENT((#511));
#193=ADVANCED_FACE('',(#512),#513,.F.);
#194=PRESENTATION_STYLE_ASSIGNMENT((#514));
#195=ADVANCED_FACE('',(#515),#516,.F.);
#196=PRESENTATION_STYLE_ASSIGNMENT((#517));
#197=ADVANCED_FACE('',(#518),#519,.F.);
#198=PRESENTATION_STYLE_ASSIGNMENT((#520));
#199=ADVANCED_FACE('',(#521),#522,.T.);
#200=PRESENTATION_STYLE_ASSIGNMENT((#523));
#201=ADVANCED_FACE('',(#524),#525,.F.);
#202=PRESENTATION_STYLE_ASSIGNMENT((#526));
#203=ADVANCED_FACE('',(#527),#528,.F.);
#204=PRESENTATION_STYLE_ASSIGNMENT((#529));
#205=ADVANCED_FACE('',(#530),#531,.T.);
#206=PRESENTATION_STYLE_ASSIGNMENT((#532));
#207=ADVANCED_FACE('',(#533),#534,.F.);
#208=PRESENTATION_STYLE_ASSIGNMENT((#535));
#209=ADVANCED_FACE('',(#536),#537,.F.);
#210=PRESENTATION_STYLE_ASSIGNMENT((#538));
#211=ADVANCED_FACE('',(#539),#540,.F.);
#212=PRESENTATION_STYLE_ASSIGNMENT((#541));
#213=ADVANCED_FACE('',(#542),#543,.F.);
#214=PRESENTATION_STYLE_ASSIGNMENT((#544));
#215=ADVANCED_FACE('',(#545),#546,.F.);
#216=PRESENTATION_STYLE_ASSIGNMENT((#547));
#217=ADVANCED_FACE('',(#548),#549,.F.);
#218=PRESENTATION_STYLE_ASSIGNMENT((#550));
#219=ADVANCED_FACE('',(#551),#552,.F.);
#220=PRESENTATION_STYLE_ASSIGNMENT((#553));
#221=ADVANCED_FACE('',(#554),#555,.F.);
#222=PRESENTATION_STYLE_ASSIGNMENT((#556));
#223=ADVANCED_FACE('',(#557),#558,.F.);
#224=PRESENTATION_STYLE_ASSIGNMENT((#559));
#225=ADVANCED_FACE('',(#560),#561,.F.);
#226=PRESENTATION_STYLE_ASSIGNMENT((#562));
#227=ADVANCED_FACE('',(#563),#564,.F.);
#228=PRESENTATION_STYLE_ASSIGNMENT((#565));
#229=ADVANCED_FACE('',(#566),#567,.F.);
#230=PRESENTATION_STYLE_ASSIGNMENT((#568));
#231=ADVANCED_FACE('',(#569),#570,.F.);
#232=PRESENTATION_STYLE_ASSIGNMENT((#571));
#233=ADVANCED_FACE('',(#572),#573,.F.);
#234=PRESENTATION_STYLE_ASSIGNMENT((#574));
#235=ADVANCED_FACE('',(#575),#576,.T.);
#236=PRESENTATION_STYLE_ASSIGNMENT((#577));
#237=ADVANCED_FACE('',(#578),#579,.F.);
#238=PRESENTATION_STYLE_ASSIGNMENT((#580));
#239=ADVANCED_FACE('',(#581),#582,.F.);
#240=PRESENTATION_STYLE_ASSIGNMENT((#583));
#241=ADVANCED_FACE('',(#584),#585,.T.);
#242=PRESENTATION_STYLE_ASSIGNMENT((#586));
#243=ADVANCED_FACE('',(#587),#588,.F.);
#244=PRESENTATION_STYLE_ASSIGNMENT((#589));
#245=ADVANCED_FACE('',(#590),#591,.F.);
#246=PRESENTATION_STYLE_ASSIGNMENT((#592));
#247=ADVANCED_FACE('',(#593),#594,.F.);
#248=PRESENTATION_STYLE_ASSIGNMENT((#595));
#249=ADVANCED_FACE('',(#596),#597,.F.);
#250=PRESENTATION_STYLE_ASSIGNMENT((#598));
#251=ADVANCED_FACE('',(#599),#600,.F.);
#252=PRESENTATION_STYLE_ASSIGNMENT((#601));
#253=ADVANCED_FACE('',(#602),#603,.F.);
#254=PRESENTATION_STYLE_ASSIGNMENT((#604));
#255=ADVANCED_FACE('',(#605),#606,.F.);
#256=PRESENTATION_STYLE_ASSIGNMENT((#607));
#257=ADVANCED_FACE('',(#608),#609,.F.);
#258=PRESENTATION_STYLE_ASSIGNMENT((#610));
#259=ADVANCED_FACE('',(#611),#612,.F.);
#260=PRESENTATION_STYLE_ASSIGNMENT((#613));
#261=ADVANCED_FACE('',(#614),#615,.F.);
#262=PRESENTATION_STYLE_ASSIGNMENT((#616));
#263=ADVANCED_FACE('',(#617),#618,.F.);
#264=PRESENTATION_STYLE_ASSIGNMENT((#619));
#265=ADVANCED_FACE('',(#620),#621,.F.);
#266=PRESENTATION_STYLE_ASSIGNMENT((#622));
#267=ADVANCED_FACE('',(#623),#624,.F.);
#268=PRESENTATION_STYLE_ASSIGNMENT((#625));
#269=ADVANCED_FACE('',(#626),#627,.F.);
#270=PRESENTATION_STYLE_ASSIGNMENT((#628));
#271=ADVANCED_FACE('',(#629),#630,.T.);
#272=PRESENTATION_STYLE_ASSIGNMENT((#631));
#273=ADVANCED_FACE('',(#632),#633,.F.);
#274=PRESENTATION_STYLE_ASSIGNMENT((#634));
#275=ADVANCED_FACE('',(#635),#636,.F.);
#276=PRESENTATION_STYLE_ASSIGNMENT((#637));
#277=ADVANCED_FACE('',(#638),#639,.F.);
#278=PRESENTATION_STYLE_ASSIGNMENT((#640));
#279=ADVANCED_FACE('',(#641),#642,.F.);
#280=PRESENTATION_STYLE_ASSIGNMENT((#643));
#281=ADVANCED_FACE('',(#644),#645,.F.);
#282=PRESENTATION_STYLE_ASSIGNMENT((#646));
#283=ADVANCED_FACE('',(#647),#648,.T.);
#284=PRESENTATION_STYLE_ASSIGNMENT((#649));
#285=ADVANCED_FACE('',(#650),#651,.T.);
#286=PRESENTATION_STYLE_ASSIGNMENT((#652));
#287=ADVANCED_FACE('',(#653),#654,.T.);
#288=PRESENTATION_STYLE_ASSIGNMENT((#655));
#289=ADVANCED_FACE('',(#656),#657,.T.);
#290=PRESENTATION_STYLE_ASSIGNMENT((#658));
#291=ADVANCED_FACE('',(#659),#660,.T.);
#292=PRESENTATION_STYLE_ASSIGNMENT((#661));
#293=ADVANCED_FACE('',(#662),#663,.F.);
#294=PRESENTATION_STYLE_ASSIGNMENT((#664));
#295=ADVANCED_FACE('',(#665),#666,.F.);
#296=PRESENTATION_STYLE_ASSIGNMENT((#667));
#297=ADVANCED_FACE('',(#668),#669,.F.);
#298=PRESENTATION_STYLE_ASSIGNMENT((#670));
#299=ADVANCED_FACE('',(#671),#672,.T.);
#300=PRESENTATION_STYLE_ASSIGNMENT((#673));
#301=ADVANCED_FACE('',(#674),#675,.T.);
#302=PRESENTATION_STYLE_ASSIGNMENT((#676));
#303=ADVANCED_FACE('',(#677),#678,.T.);
#304=PRESENTATION_STYLE_ASSIGNMENT((#679));
#305=ADVANCED_FACE('',(#680),#681,.T.);
#306=PRESENTATION_STYLE_ASSIGNMENT((#682));
#307=ADVANCED_FACE('',(#683),#684,.T.);
#308=PRESENTATION_STYLE_ASSIGNMENT((#685));
#309=ADVANCED_FACE('',(#686),#687,.F.);
#310=PRESENTATION_STYLE_ASSIGNMENT((#688));
#311=ADVANCED_FACE('',(#689),#690,.F.);
#312=PRESENTATION_STYLE_ASSIGNMENT((#691));
#313=ADVANCED_FACE('',(#692),#693,.F.);
#314=PRESENTATION_STYLE_ASSIGNMENT((#694));
#315=ADVANCED_FACE('',(#695),#696,.T.);
#316=PRESENTATION_STYLE_ASSIGNMENT((#697));
#317=ADVANCED_FACE('',(#698),#699,.T.);
#318=PRESENTATION_STYLE_ASSIGNMENT((#700));
#319=ADVANCED_FACE('',(#701),#702,.T.);
#320=PRESENTATION_STYLE_ASSIGNMENT((#703));
#321=ADVANCED_FACE('',(#704),#705,.F.);
#322=PRESENTATION_STYLE_ASSIGNMENT((#706));
#323=ADVANCED_FACE('',(#707),#708,.F.);
#324=PRESENTATION_STYLE_ASSIGNMENT((#709));
#325=ADVANCED_FACE('',(#710),#711,.F.);
#326=PRESENTATION_STYLE_ASSIGNMENT((#712));
#327=ADVANCED_FACE('',(#713),#714,.F.);
#328=PRESENTATION_STYLE_ASSIGNMENT((#715));
#329=ADVANCED_FACE('',(#716),#717,.T.);
#330=PRESENTATION_STYLE_ASSIGNMENT((#718));
#331=ADVANCED_FACE('',(#719),#720,.T.);
#332=PRESENTATION_STYLE_ASSIGNMENT((#721));
#333=ADVANCED_FACE('',(#722),#723,.T.);
#334=PRESENTATION_STYLE_ASSIGNMENT((#724));
#335=ADVANCED_FACE('',(#725),#726,.F.);
#336=PRESENTATION_STYLE_ASSIGNMENT((#727));
#337=ADVANCED_FACE('',(#728),#729,.F.);
#338=PRESENTATION_STYLE_ASSIGNMENT((#730));
#339=ADVANCED_FACE('',(#731),#732,.F.);
#340=PRESENTATION_STYLE_ASSIGNMENT((#733));
#341=ADVANCED_FACE('',(#734),#735,.T.);
#342=PRESENTATION_STYLE_ASSIGNMENT((#736));
#343=ADVANCED_FACE('',(#737),#738,.T.);
#344=PRESENTATION_STYLE_ASSIGNMENT((#739));
#345=ADVANCED_FACE('',(#740,#741),#742,.T.);
#346=PRESENTATION_STYLE_ASSIGNMENT((#743));
#347=ADVANCED_FACE('',(#744),#745,.T.);
#348=PRESENTATION_STYLE_ASSIGNMENT((#746));
#349=ADVANCED_FACE('',(#747),#748,.T.);
#350=PRESENTATION_STYLE_ASSIGNMENT((#749));
#351=ADVANCED_FACE('',(#750),#751,.T.);
#352=PRESENTATION_STYLE_ASSIGNMENT((#752));
#353=ADVANCED_FACE('',(#753),#754,.T.);
#354=PRESENTATION_STYLE_ASSIGNMENT((#755));
#355=ADVANCED_FACE('',(#756),#757,.T.);
#356=PRESENTATION_STYLE_ASSIGNMENT((#758));
#357=ADVANCED_FACE('',(#759),#760,.T.);
#358=PRESENTATION_STYLE_ASSIGNMENT((#761));
#359=ADVANCED_FACE('',(#762),#763,.T.);
#360=PRESENTATION_STYLE_ASSIGNMENT((#764));
#361=ADVANCED_FACE('',(#765),#766,.T.);
#362=PRESENTATION_STYLE_ASSIGNMENT((#767));
#363=ADVANCED_FACE('',(#768),#769,.T.);
#364=PRESENTATION_STYLE_ASSIGNMENT((#770));
#365=ADVANCED_FACE('',(#771,#772),#773,.T.);
#366=PRESENTATION_STYLE_ASSIGNMENT((#774));
#367=ADVANCED_FACE('',(#775),#776,.F.);
#368=PRESENTATION_STYLE_ASSIGNMENT((#777));
#369=ADVANCED_FACE('',(#778),#779,.F.);
#370=PRESENTATION_STYLE_ASSIGNMENT((#780));
#371=ADVANCED_FACE('',(#781),#782,.F.);
#372=PRESENTATION_STYLE_ASSIGNMENT((#783));
#373=ADVANCED_FACE('',(#784),#785,.T.);
#374=PRESENTATION_STYLE_ASSIGNMENT((#786));
#375=ADVANCED_FACE('',(#787),#788,.T.);
#376=PRESENTATION_STYLE_ASSIGNMENT((#789));
#377=ADVANCED_FACE('',(#790),#791,.T.);
#378=PRESENTATION_STYLE_ASSIGNMENT((#792));
#379=ADVANCED_FACE('',(#793),#794,.T.);
#380=PRESENTATION_STYLE_ASSIGNMENT((#795));
#381=ADVANCED_FACE('',(#796,#797),#798,.T.);
#382=PRESENTATION_STYLE_ASSIGNMENT((#799));
#383=ADVANCED_FACE('',(#800),#801,.T.);
#384=PRESENTATION_STYLE_ASSIGNMENT((#802));
#385=ADVANCED_FACE('',(#803),#804,.T.);
#386=PRESENTATION_STYLE_ASSIGNMENT((#805));
#387=ADVANCED_FACE('',(#806),#807,.T.);
#388=PRESENTATION_STYLE_ASSIGNMENT((#808));
#389=ADVANCED_FACE('',(#809),#810,.T.);
#390=PRESENTATION_STYLE_ASSIGNMENT((#811));
#391=ADVANCED_FACE('',(#812),#813,.T.);
#392=PRESENTATION_STYLE_ASSIGNMENT((#814));
#393=ADVANCED_FACE('',(#815),#816,.T.);
#394=PRESENTATION_STYLE_ASSIGNMENT((#817));
#395=ADVANCED_FACE('',(#818),#819,.T.);
#396=PRESENTATION_STYLE_ASSIGNMENT((#820));
#397=ADVANCED_FACE('',(#821,#822),#823,.T.);
#398=PRESENTATION_STYLE_ASSIGNMENT((#824));
#399=ADVANCED_FACE('',(#825),#826,.T.);
#400=PRESENTATION_STYLE_ASSIGNMENT((#827));
#401=ADVANCED_FACE('',(#828),#829,.F.);
#402=PRESENTATION_STYLE_ASSIGNMENT((#830));
#403=ADVANCED_FACE('',(#831),#832,.F.);
#404=PRESENTATION_STYLE_ASSIGNMENT((#833));
#405=ADVANCED_FACE('',(#834),#835,.T.);
#406=PRESENTATION_STYLE_ASSIGNMENT((#836));
#407=ADVANCED_FACE('',(#837),#838,.F.);
#408=PRESENTATION_STYLE_ASSIGNMENT((#839));
#409=ADVANCED_FACE('',(#840),#841,.F.);
#410=PRESENTATION_STYLE_ASSIGNMENT((#842));
#411=ADVANCED_FACE('',(#843),#844,.F.);
#412=PRESENTATION_STYLE_ASSIGNMENT((#845));
#413=ADVANCED_FACE('',(#846),#847,.T.);
#414=PRESENTATION_STYLE_ASSIGNMENT((#848));
#415=ADVANCED_FACE('',(#849,#850),#851,.T.);
#416=PRESENTATION_STYLE_ASSIGNMENT((#852));
#417=ADVANCED_FACE('',(#853,#854),#855,.T.);
#418=PRESENTATION_STYLE_ASSIGNMENT((#856));
#419=ADVANCED_FACE('',(#857),#858,.T.);
#420=PRESENTATION_STYLE_ASSIGNMENT((#859));
#421=ADVANCED_FACE('',(#860),#861,.T.);
#422=PRESENTATION_STYLE_ASSIGNMENT((#862));
#423=ADVANCED_FACE('',(#863),#864,.F.);
#424=PRESENTATION_STYLE_ASSIGNMENT((#865));
#425=ADVANCED_FACE('',(#866),#867,.F.);
#426=PRESENTATION_STYLE_ASSIGNMENT((#868));
#427=ADVANCED_FACE('',(#869),#870,.T.);
#428=PRESENTATION_STYLE_ASSIGNMENT((#871));
#429=ADVANCED_FACE('',(#872),#873,.T.);
#430=PRESENTATION_STYLE_ASSIGNMENT((#874));
#431=ADVANCED_FACE('',(#875),#876,.T.);
#432=PRESENTATION_STYLE_ASSIGNMENT((#877));
#433=ADVANCED_FACE('',(#878),#879,.T.);
#434=PRESENTATION_STYLE_ASSIGNMENT((#880));
#435=ADVANCED_FACE('',(#881),#882,.T.);
#436=PRESENTATION_STYLE_ASSIGNMENT((#883));
#437=ADVANCED_FACE('',(#884),#885,.T.);
#438=PRESENTATION_STYLE_ASSIGNMENT((#886));
#439=ADVANCED_FACE('',(#887),#888,.T.);
#440=PRESENTATION_STYLE_ASSIGNMENT((#889));
#441=ADVANCED_FACE('',(#890),#891,.T.);
#442=PRESENTATION_STYLE_ASSIGNMENT((#892));
#443=ADVANCED_FACE('',(#893),#894,.T.);
#444=PRESENTATION_STYLE_ASSIGNMENT((#895));
#445=ADVANCED_FACE('',(#896),#897,.T.);
#446=PRESENTATION_STYLE_ASSIGNMENT((#898));
#447=ADVANCED_FACE('',(#899),#900,.T.);
#448=PRESENTATION_STYLE_ASSIGNMENT((#901));
#449=ADVANCED_FACE('',(#902),#903,.T.);
#450=PRESENTATION_STYLE_ASSIGNMENT((#904));
#451=ADVANCED_FACE('',(#905),#906,.T.);
#452=PRESENTATION_STYLE_ASSIGNMENT((#907));
#453=ADVANCED_FACE('',(#908),#909,.T.);
#454=PRESENTATION_STYLE_ASSIGNMENT((#910));
#455=ADVANCED_FACE('',(#911),#912,.T.);
#456=PRESENTATION_STYLE_ASSIGNMENT((#913));
#457=ADVANCED_FACE('',(#914,#915),#916,.T.);
#458=PRODUCT('strip_tsw-103-07-l-s','strip_tsw-103-07-l-s','PART-strip_tsw-103-07-l-s-DESC',(#917));
#459=PRODUCT_DEFINITION('','NONE',#918,#2);
#460=MANIFOLD_SOLID_BREP('strip_tsw-103-07-l-s',#919);
#461=AXIS2_PLACEMENT_3D('',#920,#921,#922);
#464=LENGTH_MEASURE_WITH_UNIT(LENGTH_MEASURE(1.0),#923);
#467=DIMENSIONAL_EXPONENTS(1.0,0.0,0.0,0.0,0.0,0.0,0.0);
#469=DIMENSIONAL_EXPONENTS(0.0,0.0,0.0,0.0,0.0,0.0,0.0);
#475=SURFACE_STYLE_USAGE(.BOTH.,#924);
#476=FACE_OUTER_BOUND('',#925,.T.);
#477=PLANE('',#926);
#478=SURFACE_STYLE_USAGE(.BOTH.,#927);
#479=FACE_OUTER_BOUND('',#928,.T.);
#480=PLANE('',#929);
#481=SURFACE_STYLE_USAGE(.BOTH.,#930);
#482=FACE_OUTER_BOUND('',#931,.T.);
#483=PLANE('',#932);
#484=SURFACE_STYLE_USAGE(.BOTH.,#933);
#485=FACE_OUTER_BOUND('',#934,.T.);
#486=PLANE('',#935);
#487=SURFACE_STYLE_USAGE(.BOTH.,#936);
#488=FACE_OUTER_BOUND('',#937,.T.);
#489=PLANE('',#938);
#490=SURFACE_STYLE_USAGE(.BOTH.,#939);
#491=FACE_OUTER_BOUND('',#940,.T.);
#492=PLANE('',#941);
#493=SURFACE_STYLE_USAGE(.BOTH.,#942);
#494=FACE_OUTER_BOUND('',#943,.T.);
#495=PLANE('',#944);
#496=SURFACE_STYLE_USAGE(.BOTH.,#945);
#497=FACE_OUTER_BOUND('',#946,.T.);
#498=PLANE('',#947);
#499=SURFACE_STYLE_USAGE(.BOTH.,#948);
#500=FACE_OUTER_BOUND('',#949,.T.);
#501=PLANE('',#950);
#502=SURFACE_STYLE_USAGE(.BOTH.,#951);
#503=FACE_OUTER_BOUND('',#952,.T.);
#504=PLANE('',#953);
#505=SURFACE_STYLE_USAGE(.BOTH.,#954);
#506=FACE_OUTER_BOUND('',#955,.T.);
#507=PLANE('',#956);
#508=SURFACE_STYLE_USAGE(.BOTH.,#957);
#509=FACE_OUTER_BOUND('',#958,.T.);
#510=PLANE('',#959);
#511=SURFACE_STYLE_USAGE(.BOTH.,#960);
#512=FACE_OUTER_BOUND('',#961,.T.);
#513=PLANE('',#962);
#514=SURFACE_STYLE_USAGE(.BOTH.,#963);
#515=FACE_OUTER_BOUND('',#964,.T.);
#516=PLANE('',#965);
#517=SURFACE_STYLE_USAGE(.BOTH.,#966);
#518=FACE_OUTER_BOUND('',#967,.T.);
#519=PLANE('',#968);
#520=SURFACE_STYLE_USAGE(.BOTH.,#969);
#521=FACE_OUTER_BOUND('',#970,.T.);
#522=PLANE('',#971);
#523=SURFACE_STYLE_USAGE(.BOTH.,#972);
#524=FACE_OUTER_BOUND('',#973,.T.);
#525=PLANE('',#974);
#526=SURFACE_STYLE_USAGE(.BOTH.,#975);
#527=FACE_OUTER_BOUND('',#976,.T.);
#528=PLANE('',#977);
#529=SURFACE_STYLE_USAGE(.BOTH.,#978);
#530=FACE_OUTER_BOUND('',#979,.T.);
#531=PLANE('',#980);
#532=SURFACE_STYLE_USAGE(.BOTH.,#981);
#533=FACE_OUTER_BOUND('',#982,.T.);
#534=PLANE('',#983);
#535=SURFACE_STYLE_USAGE(.BOTH.,#984);
#536=FACE_OUTER_BOUND('',#985,.T.);
#537=PLANE('',#986);
#538=SURFACE_STYLE_USAGE(.BOTH.,#987);
#539=FACE_OUTER_BOUND('',#988,.T.);
#540=PLANE('',#989);
#541=SURFACE_STYLE_USAGE(.BOTH.,#990);
#542=FACE_OUTER_BOUND('',#991,.T.);
#543=PLANE('',#992);
#544=SURFACE_STYLE_USAGE(.BOTH.,#993);
#545=FACE_OUTER_BOUND('',#994,.T.);
#546=PLANE('',#995);
#547=SURFACE_STYLE_USAGE(.BOTH.,#996);
#548=FACE_OUTER_BOUND('',#997,.T.);
#549=PLANE('',#998);
#550=SURFACE_STYLE_USAGE(.BOTH.,#999);
#551=FACE_OUTER_BOUND('',#1000,.T.);
#552=PLANE('',#1001);
#553=SURFACE_STYLE_USAGE(.BOTH.,#1002);
#554=FACE_OUTER_BOUND('',#1003,.T.);
#555=PLANE('',#1004);
#556=SURFACE_STYLE_USAGE(.BOTH.,#1005);
#557=FACE_OUTER_BOUND('',#1006,.T.);
#558=PLANE('',#1007);
#559=SURFACE_STYLE_USAGE(.BOTH.,#1008);
#560=FACE_OUTER_BOUND('',#1009,.T.);
#561=PLANE('',#1010);
#562=SURFACE_STYLE_USAGE(.BOTH.,#1011);
#563=FACE_OUTER_BOUND('',#1012,.T.);
#564=PLANE('',#1013);
#565=SURFACE_STYLE_USAGE(.BOTH.,#1014);
#566=FACE_OUTER_BOUND('',#1015,.T.);
#567=PLANE('',#1016);
#568=SURFACE_STYLE_USAGE(.BOTH.,#1017);
#569=FACE_OUTER_BOUND('',#1018,.T.);
#570=PLANE('',#1019);
#571=SURFACE_STYLE_USAGE(.BOTH.,#1020);
#572=FACE_OUTER_BOUND('',#1021,.T.);
#573=PLANE('',#1022);
#574=SURFACE_STYLE_USAGE(.BOTH.,#1023);
#575=FACE_OUTER_BOUND('',#1024,.T.);
#576=PLANE('',#1025);
#577=SURFACE_STYLE_USAGE(.BOTH.,#1026);
#578=FACE_OUTER_BOUND('',#1027,.T.);
#579=PLANE('',#1028);
#580=SURFACE_STYLE_USAGE(.BOTH.,#1029);
#581=FACE_OUTER_BOUND('',#1030,.T.);
#582=PLANE('',#1031);
#583=SURFACE_STYLE_USAGE(.BOTH.,#1032);
#584=FACE_OUTER_BOUND('',#1033,.T.);
#585=PLANE('',#1034);
#586=SURFACE_STYLE_USAGE(.BOTH.,#1035);
#587=FACE_OUTER_BOUND('',#1036,.T.);
#588=PLANE('',#1037);
#589=SURFACE_STYLE_USAGE(.BOTH.,#1038);
#590=FACE_OUTER_BOUND('',#1039,.T.);
#591=PLANE('',#1040);
#592=SURFACE_STYLE_USAGE(.BOTH.,#1041);
#593=FACE_OUTER_BOUND('',#1042,.T.);
#594=PLANE('',#1043);
#595=SURFACE_STYLE_USAGE(.BOTH.,#1044);
#596=FACE_OUTER_BOUND('',#1045,.T.);
#597=PLANE('',#1046);
#598=SURFACE_STYLE_USAGE(.BOTH.,#1047);
#599=FACE_OUTER_BOUND('',#1048,.T.);
#600=PLANE('',#1049);
#601=SURFACE_STYLE_USAGE(.BOTH.,#1050);
#602=FACE_OUTER_BOUND('',#1051,.T.);
#603=PLANE('',#1052);
#604=SURFACE_STYLE_USAGE(.BOTH.,#1053);
#605=FACE_OUTER_BOUND('',#1054,.T.);
#606=PLANE('',#1055);
#607=SURFACE_STYLE_USAGE(.BOTH.,#1056);
#608=FACE_OUTER_BOUND('',#1057,.T.);
#609=PLANE('',#1058);
#610=SURFACE_STYLE_USAGE(.BOTH.,#1059);
#611=FACE_OUTER_BOUND('',#1060,.T.);
#612=PLANE('',#1061);
#613=SURFACE_STYLE_USAGE(.BOTH.,#1062);
#614=FACE_OUTER_BOUND('',#1063,.T.);
#615=PLANE('',#1064);
#616=SURFACE_STYLE_USAGE(.BOTH.,#1065);
#617=FACE_OUTER_BOUND('',#1066,.T.);
#618=PLANE('',#1067);
#619=SURFACE_STYLE_USAGE(.BOTH.,#1068);
#620=FACE_OUTER_BOUND('',#1069,.T.);
#621=PLANE('',#1070);
#622=SURFACE_STYLE_USAGE(.BOTH.,#1071);
#623=FACE_OUTER_BOUND('',#1072,.T.);
#624=PLANE('',#1073);
#625=SURFACE_STYLE_USAGE(.BOTH.,#1074);
#626=FACE_OUTER_BOUND('',#1075,.T.);
#627=PLANE('',#1076);
#628=SURFACE_STYLE_USAGE(.BOTH.,#1077);
#629=FACE_OUTER_BOUND('',#1078,.T.);
#630=PLANE('',#1079);
#631=SURFACE_STYLE_USAGE(.BOTH.,#1080);
#632=FACE_OUTER_BOUND('',#1081,.T.);
#633=PLANE('',#1082);
#634=SURFACE_STYLE_USAGE(.BOTH.,#1083);
#635=FACE_OUTER_BOUND('',#1084,.T.);
#636=PLANE('',#1085);
#637=SURFACE_STYLE_USAGE(.BOTH.,#1086);
#638=FACE_OUTER_BOUND('',#1087,.T.);
#639=PLANE('',#1088);
#640=SURFACE_STYLE_USAGE(.BOTH.,#1089);
#641=FACE_OUTER_BOUND('',#1090,.T.);
#642=PLANE('',#1091);
#643=SURFACE_STYLE_USAGE(.BOTH.,#1092);
#644=FACE_OUTER_BOUND('',#1093,.T.);
#645=PLANE('',#1094);
#646=SURFACE_STYLE_USAGE(.BOTH.,#1095);
#647=FACE_OUTER_BOUND('',#1096,.T.);
#648=PLANE('',#1097);
#649=SURFACE_STYLE_USAGE(.BOTH.,#1098);
#650=FACE_OUTER_BOUND('',#1099,.T.);
#651=PLANE('',#1100);
#652=SURFACE_STYLE_USAGE(.BOTH.,#1101);
#653=FACE_OUTER_BOUND('',#1102,.T.);
#654=PLANE('',#1103);
#655=SURFACE_STYLE_USAGE(.BOTH.,#1104);
#656=FACE_OUTER_BOUND('',#1105,.T.);
#657=PLANE('',#1106);
#658=SURFACE_STYLE_USAGE(.BOTH.,#1107);
#659=FACE_OUTER_BOUND('',#1108,.T.);
#660=PLANE('',#1109);
#661=SURFACE_STYLE_USAGE(.BOTH.,#1110);
#662=FACE_OUTER_BOUND('',#1111,.T.);
#663=PLANE('',#1112);
#664=SURFACE_STYLE_USAGE(.BOTH.,#1113);
#665=FACE_OUTER_BOUND('',#1114,.T.);
#666=PLANE('',#1115);
#667=SURFACE_STYLE_USAGE(.BOTH.,#1116);
#668=FACE_OUTER_BOUND('',#1117,.T.);
#669=PLANE('',#1118);
#670=SURFACE_STYLE_USAGE(.BOTH.,#1119);
#671=FACE_OUTER_BOUND('',#1120,.T.);
#672=PLANE('',#1121);
#673=SURFACE_STYLE_USAGE(.BOTH.,#1122);
#674=FACE_OUTER_BOUND('',#1123,.T.);
#675=PLANE('',#1124);
#676=SURFACE_STYLE_USAGE(.BOTH.,#1125);
#677=FACE_OUTER_BOUND('',#1126,.T.);
#678=PLANE('',#1127);
#679=SURFACE_STYLE_USAGE(.BOTH.,#1128);
#680=FACE_OUTER_BOUND('',#1129,.T.);
#681=PLANE('',#1130);
#682=SURFACE_STYLE_USAGE(.BOTH.,#1131);
#683=FACE_OUTER_BOUND('',#1132,.T.);
#684=PLANE('',#1133);
#685=SURFACE_STYLE_USAGE(.BOTH.,#1134);
#686=FACE_OUTER_BOUND('',#1135,.T.);
#687=PLANE('',#1136);
#688=SURFACE_STYLE_USAGE(.BOTH.,#1137);
#689=FACE_OUTER_BOUND('',#1138,.T.);
#690=PLANE('',#1139);
#691=SURFACE_STYLE_USAGE(.BOTH.,#1140);
#692=FACE_OUTER_BOUND('',#1141,.T.);
#693=PLANE('',#1142);
#694=SURFACE_STYLE_USAGE(.BOTH.,#1143);
#695=FACE_OUTER_BOUND('',#1144,.T.);
#696=PLANE('',#1145);
#697=SURFACE_STYLE_USAGE(.BOTH.,#1146);
#698=FACE_OUTER_BOUND('',#1147,.T.);
#699=PLANE('',#1148);
#700=SURFACE_STYLE_USAGE(.BOTH.,#1149);
#701=FACE_OUTER_BOUND('',#1150,.T.);
#702=PLANE('',#1151);
#703=SURFACE_STYLE_USAGE(.BOTH.,#1152);
#704=FACE_OUTER_BOUND('',#1153,.T.);
#705=PLANE('',#1154);
#706=SURFACE_STYLE_USAGE(.BOTH.,#1155);
#707=FACE_OUTER_BOUND('',#1156,.T.);
#708=PLANE('',#1157);
#709=SURFACE_STYLE_USAGE(.BOTH.,#1158);
#710=FACE_OUTER_BOUND('',#1159,.T.);
#711=PLANE('',#1160);
#712=SURFACE_STYLE_USAGE(.BOTH.,#1161);
#713=FACE_OUTER_BOUND('',#1162,.T.);
#714=PLANE('',#1163);
#715=SURFACE_STYLE_USAGE(.BOTH.,#1164);
#716=FACE_OUTER_BOUND('',#1165,.T.);
#717=PLANE('',#1166);
#718=SURFACE_STYLE_USAGE(.BOTH.,#1167);
#719=FACE_OUTER_BOUND('',#1168,.T.);
#720=PLANE('',#1169);
#721=SURFACE_STYLE_USAGE(.BOTH.,#1170);
#722=FACE_OUTER_BOUND('',#1171,.T.);
#723=PLANE('',#1172);
#724=SURFACE_STYLE_USAGE(.BOTH.,#1173);
#725=FACE_OUTER_BOUND('',#1174,.T.);
#726=PLANE('',#1175);
#727=SURFACE_STYLE_USAGE(.BOTH.,#1176);
#728=FACE_OUTER_BOUND('',#1177,.T.);
#729=PLANE('',#1178);
#730=SURFACE_STYLE_USAGE(.BOTH.,#1179);
#731=FACE_OUTER_BOUND('',#1180,.T.);
#732=PLANE('',#1181);
#733=SURFACE_STYLE_USAGE(.BOTH.,#1182);
#734=FACE_OUTER_BOUND('',#1183,.T.);
#735=PLANE('',#1184);
#736=SURFACE_STYLE_USAGE(.BOTH.,#1185);
#737=FACE_OUTER_BOUND('',#1186,.T.);
#738=PLANE('',#1187);
#739=SURFACE_STYLE_USAGE(.BOTH.,#1188);
#740=FACE_BOUND('',#1189,.T.);
#741=FACE_OUTER_BOUND('',#1190,.T.);
#742=PLANE('',#1191);
#743=SURFACE_STYLE_USAGE(.BOTH.,#1192);
#744=FACE_OUTER_BOUND('',#1193,.T.);
#745=PLANE('',#1194);
#746=SURFACE_STYLE_USAGE(.BOTH.,#1195);
#747=FACE_OUTER_BOUND('',#1196,.T.);
#748=PLANE('',#1197);
#749=SURFACE_STYLE_USAGE(.BOTH.,#1198);
#750=FACE_OUTER_BOUND('',#1199,.T.);
#751=PLANE('',#1200);
#752=SURFACE_STYLE_USAGE(.BOTH.,#1201);
#753=FACE_OUTER_BOUND('',#1202,.T.);
#754=PLANE('',#1203);
#755=SURFACE_STYLE_USAGE(.BOTH.,#1204);
#756=FACE_OUTER_BOUND('',#1205,.T.);
#757=PLANE('',#1206);
#758=SURFACE_STYLE_USAGE(.BOTH.,#1207);
#759=FACE_OUTER_BOUND('',#1208,.T.);
#760=PLANE('',#1209);
#761=SURFACE_STYLE_USAGE(.BOTH.,#1210);
#762=FACE_OUTER_BOUND('',#1211,.T.);
#763=PLANE('',#1212);
#764=SURFACE_STYLE_USAGE(.BOTH.,#1213);
#765=FACE_OUTER_BOUND('',#1214,.T.);
#766=PLANE('',#1215);
#767=SURFACE_STYLE_USAGE(.BOTH.,#1216);
#768=FACE_OUTER_BOUND('',#1217,.T.);
#769=PLANE('',#1218);
#770=SURFACE_STYLE_USAGE(.BOTH.,#1219);
#771=FACE_BOUND('',#1220,.T.);
#772=FACE_OUTER_BOUND('',#1221,.T.);
#773=PLANE('',#1222);
#774=SURFACE_STYLE_USAGE(.BOTH.,#1223);
#775=FACE_OUTER_BOUND('',#1224,.T.);
#776=PLANE('',#1225);
#777=SURFACE_STYLE_USAGE(.BOTH.,#1226);
#778=FACE_OUTER_BOUND('',#1227,.T.);
#779=PLANE('',#1228);
#780=SURFACE_STYLE_USAGE(.BOTH.,#1229);
#781=FACE_OUTER_BOUND('',#1230,.T.);
#782=PLANE('',#1231);
#783=SURFACE_STYLE_USAGE(.BOTH.,#1232);
#784=FACE_OUTER_BOUND('',#1233,.T.);
#785=PLANE('',#1234);
#786=SURFACE_STYLE_USAGE(.BOTH.,#1235);
#787=FACE_OUTER_BOUND('',#1236,.T.);
#788=PLANE('',#1237);
#789=SURFACE_STYLE_USAGE(.BOTH.,#1238);
#790=FACE_OUTER_BOUND('',#1239,.T.);
#791=PLANE('',#1240);
#792=SURFACE_STYLE_USAGE(.BOTH.,#1241);
#793=FACE_OUTER_BOUND('',#1242,.T.);
#794=PLANE('',#1243);
#795=SURFACE_STYLE_USAGE(.BOTH.,#1244);
#796=FACE_BOUND('',#1245,.T.);
#797=FACE_OUTER_BOUND('',#1246,.T.);
#798=PLANE('',#1247);
#799=SURFACE_STYLE_USAGE(.BOTH.,#1248);
#800=FACE_OUTER_BOUND('',#1249,.T.);
#801=PLANE('',#1250);
#802=SURFACE_STYLE_USAGE(.BOTH.,#1251);
#803=FACE_OUTER_BOUND('',#1252,.T.);
#804=PLANE('',#1253);
#805=SURFACE_STYLE_USAGE(.BOTH.,#1254);
#806=FACE_OUTER_BOUND('',#1255,.T.);
#807=PLANE('',#1256);
#808=SURFACE_STYLE_USAGE(.BOTH.,#1257);
#809=FACE_OUTER_BOUND('',#1258,.T.);
#810=PLANE('',#1259);
#811=SURFACE_STYLE_USAGE(.BOTH.,#1260);
#812=FACE_OUTER_BOUND('',#1261,.T.);
#813=PLANE('',#1262);
#814=SURFACE_STYLE_USAGE(.BOTH.,#1263);
#815=FACE_OUTER_BOUND('',#1264,.T.);
#816=PLANE('',#1265);
#817=SURFACE_STYLE_USAGE(.BOTH.,#1266);
#818=FACE_OUTER_BOUND('',#1267,.T.);
#819=PLANE('',#1268);
#820=SURFACE_STYLE_USAGE(.BOTH.,#1269);
#821=FACE_BOUND('',#1270,.T.);
#822=FACE_OUTER_BOUND('',#1271,.T.);
#823=PLANE('',#1272);
#824=SURFACE_STYLE_USAGE(.BOTH.,#1273);
#825=FACE_OUTER_BOUND('',#1274,.T.);
#826=PLANE('',#1275);
#827=SURFACE_STYLE_USAGE(.BOTH.,#1276);
#828=FACE_OUTER_BOUND('',#1277,.T.);
#829=PLANE('',#1278);
#830=SURFACE_STYLE_USAGE(.BOTH.,#1279);
#831=FACE_OUTER_BOUND('',#1280,.T.);
#832=PLANE('',#1281);
#833=SURFACE_STYLE_USAGE(.BOTH.,#1282);
#834=FACE_OUTER_BOUND('',#1283,.T.);
#835=PLANE('',#1284);
#836=SURFACE_STYLE_USAGE(.BOTH.,#1285);
#837=FACE_OUTER_BOUND('',#1286,.T.);
#838=PLANE('',#1287);
#839=SURFACE_STYLE_USAGE(.BOTH.,#1288);
#840=FACE_OUTER_BOUND('',#1289,.T.);
#841=PLANE('',#1290);
#842=SURFACE_STYLE_USAGE(.BOTH.,#1291);
#843=FACE_OUTER_BOUND('',#1292,.T.);
#844=PLANE('',#1293);
#845=SURFACE_STYLE_USAGE(.BOTH.,#1294);
#846=FACE_OUTER_BOUND('',#1295,.T.);
#847=PLANE('',#1296);
#848=SURFACE_STYLE_USAGE(.BOTH.,#1297);
#849=FACE_BOUND('',#1298,.T.);
#850=FACE_OUTER_BOUND('',#1299,.T.);
#851=PLANE('',#1300);
#852=SURFACE_STYLE_USAGE(.BOTH.,#1301);
#853=FACE_BOUND('',#1302,.T.);
#854=FACE_OUTER_BOUND('',#1303,.T.);
#855=PLANE('',#1304);
#856=SURFACE_STYLE_USAGE(.BOTH.,#1305);
#857=FACE_OUTER_BOUND('',#1306,.T.);
#858=PLANE('',#1307);
#859=SURFACE_STYLE_USAGE(.BOTH.,#1308);
#860=FACE_OUTER_BOUND('',#1309,.T.);
#861=PLANE('',#1310);
#862=SURFACE_STYLE_USAGE(.BOTH.,#1311);
#863=FACE_OUTER_BOUND('',#1312,.T.);
#864=PLANE('',#1313);
#865=SURFACE_STYLE_USAGE(.BOTH.,#1314);
#866=FACE_OUTER_BOUND('',#1315,.T.);
#867=PLANE('',#1316);
#868=SURFACE_STYLE_USAGE(.BOTH.,#1317);
#869=FACE_OUTER_BOUND('',#1318,.T.);
#870=PLANE('',#1319);
#871=SURFACE_STYLE_USAGE(.BOTH.,#1320);
#872=FACE_OUTER_BOUND('',#1321,.T.);
#873=PLANE('',#1322);
#874=SURFACE_STYLE_USAGE(.BOTH.,#1323);
#875=FACE_OUTER_BOUND('',#1324,.T.);
#876=PLANE('',#1325);
#877=SURFACE_STYLE_USAGE(.BOTH.,#1326);
#878=FACE_OUTER_BOUND('',#1327,.T.);
#879=PLANE('',#1328);
#880=SURFACE_STYLE_USAGE(.BOTH.,#1329);
#881=FACE_OUTER_BOUND('',#1330,.T.);
#882=PLANE('',#1331);
#883=SURFACE_STYLE_USAGE(.BOTH.,#1332);
#884=FACE_OUTER_BOUND('',#1333,.T.);
#885=PLANE('',#1334);
#886=SURFACE_STYLE_USAGE(.BOTH.,#1335);
#887=FACE_OUTER_BOUND('',#1336,.T.);
#888=PLANE('',#1337);
#889=SURFACE_STYLE_USAGE(.BOTH.,#1338);
#890=FACE_OUTER_BOUND('',#1339,.T.);
#891=PLANE('',#1340);
#892=SURFACE_STYLE_USAGE(.BOTH.,#1341);
#893=FACE_OUTER_BOUND('',#1342,.T.);
#894=PLANE('',#1343);
#895=SURFACE_STYLE_USAGE(.BOTH.,#1344);
#896=FACE_OUTER_BOUND('',#1345,.T.);
#897=PLANE('',#1346);
#898=SURFACE_STYLE_USAGE(.BOTH.,#1347);
#899=FACE_OUTER_BOUND('',#1348,.T.);
#900=PLANE('',#1349);
#901=SURFACE_STYLE_USAGE(.BOTH.,#1350);
#902=FACE_OUTER_BOUND('',#1351,.T.);
#903=PLANE('',#1352);
#904=SURFACE_STYLE_USAGE(.BOTH.,#1353);
#905=FACE_OUTER_BOUND('',#1354,.T.);
#906=PLANE('',#1355);
#907=SURFACE_STYLE_USAGE(.BOTH.,#1356);
#908=FACE_OUTER_BOUND('',#1357,.T.);
#909=PLANE('',#1358);
#910=SURFACE_STYLE_USAGE(.BOTH.,#1359);
#911=FACE_OUTER_BOUND('',#1360,.T.);
#912=PLANE('',#1361);
#913=SURFACE_STYLE_USAGE(.BOTH.,#1362);
#914=FACE_BOUND('',#1363,.T.);
#915=FACE_OUTER_BOUND('',#1364,.T.);
#916=PLANE('',#1365);
#917=PRODUCT_CONTEXT('',#155,'mechanical');
#918=PRODUCT_DEFINITION_FORMATION_WITH_SPECIFIED_SOURCE(' ','NONE',#458,.NOT_KNOWN.);
#919=CLOSED_SHELL('',(#169,#171,#173,#175,#177,#179,#181,#183,#185,#187,#189,#191,#193,#195,#197,#199,#201,#203,#205,#207,#209,#211,#213,#215,#217,#219,#221,#223,#225,#227,#229,#231,#233,#235,#237,#239,#241,#243,#245,#247,#249,#251,#253,#255,#257,#259,#261,#263,#265,#267,#269,#271,#273,#275,#277,#279,#281,#283,#285,#287,#289,#291,#293,#295,#297,#299,#301,#303,#305,#307,#309,#311,#313,#315,#317,#319,#321,#323,#325,#327,#329,#331,#333,#335,#337,#339,#341,#343,#345,#347,#349,#351,#353,#355,#357,#359,#361,#363,#365,#367,#369,#371,#373,#375,#377,#379,#381,#383,#385,#387,#389,#391,#393,#395,#397,#399,#401,#403,#405,#407,#409,#411,#413,#415,#417,#419,#421,#423,#425,#427,#429,#431,#433,#435,#437,#439,#441,#443,#445,#447,#449,#451,#453,#455,#457));
#920=CARTESIAN_POINT('',(0.0,0.0,0.0));
#921=DIRECTION('',(0.0,0.0,1.0));
#922=DIRECTION('',(1.0,0.0,0.0));
#923= (NAMED_UNIT(#467)LENGTH_UNIT()SI_UNIT(.MILLI.,.METRE.));
#924=SURFACE_SIDE_STYLE('',(#1367));
#925=EDGE_LOOP('',(#1368,#1369,#1370,#1371));
#926=AXIS2_PLACEMENT_3D('',#1372,#1373,#1374);
#927=SURFACE_SIDE_STYLE('',(#1375));
#928=EDGE_LOOP('',(#1376,#1377,#1378,#1379));
#929=AXIS2_PLACEMENT_3D('',#1380,#1381,#1382);
#930=SURFACE_SIDE_STYLE('',(#1383));
#931=EDGE_LOOP('',(#1384,#1385,#1386,#1387));
#932=AXIS2_PLACEMENT_3D('',#1388,#1389,#1390);
#933=SURFACE_SIDE_STYLE('',(#1391));
#934=EDGE_LOOP('',(#1392,#1393,#1394,#1395));
#935=AXIS2_PLACEMENT_3D('',#1396,#1397,#1398);
#936=SURFACE_SIDE_STYLE('',(#1399));
#937=EDGE_LOOP('',(#1400,#1401,#1402,#1403));
#938=AXIS2_PLACEMENT_3D('',#1404,#1405,#1406);
#939=SURFACE_SIDE_STYLE('',(#1407));
#940=EDGE_LOOP('',(#1408,#1409,#1410,#1411));
#941=AXIS2_PLACEMENT_3D('',#1412,#1413,#1414);
#942=SURFACE_SIDE_STYLE('',(#1415));
#943=EDGE_LOOP('',(#1416,#1417,#1418,#1419));
#944=AXIS2_PLACEMENT_3D('',#1420,#1421,#1422);
#945=SURFACE_SIDE_STYLE('',(#1423));
#946=EDGE_LOOP('',(#1424,#1425,#1426,#1427));
#947=AXIS2_PLACEMENT_3D('',#1428,#1429,#1430);
#948=SURFACE_SIDE_STYLE('',(#1431));
#949=EDGE_LOOP('',(#1432,#1433,#1434,#1435));
#950=AXIS2_PLACEMENT_3D('',#1436,#1437,#1438);
#951=SURFACE_SIDE_STYLE('',(#1439));
#952=EDGE_LOOP('',(#1440,#1441,#1442,#1443));
#953=AXIS2_PLACEMENT_3D('',#1444,#1445,#1446);
#954=SURFACE_SIDE_STYLE('',(#1447));
#955=EDGE_LOOP('',(#1448,#1449,#1450,#1451));
#956=AXIS2_PLACEMENT_3D('',#1452,#1453,#1454);
#957=SURFACE_SIDE_STYLE('',(#1455));
#958=EDGE_LOOP('',(#1456,#1457,#1458,#1459));
#959=AXIS2_PLACEMENT_3D('',#1460,#1461,#1462);
#960=SURFACE_SIDE_STYLE('',(#1463));
#961=EDGE_LOOP('',(#1464,#1465,#1466,#1467));
#962=AXIS2_PLACEMENT_3D('',#1468,#1469,#1470);
#963=SURFACE_SIDE_STYLE('',(#1471));
#964=EDGE_LOOP('',(#1472,#1473,#1474,#1475));
#965=AXIS2_PLACEMENT_3D('',#1476,#1477,#1478);
#966=SURFACE_SIDE_STYLE('',(#1479));
#967=EDGE_LOOP('',(#1480,#1481,#1482,#1483));
#968=AXIS2_PLACEMENT_3D('',#1484,#1485,#1486);
#969=SURFACE_SIDE_STYLE('',(#1487));
#970=EDGE_LOOP('',(#1488,#1489,#1490,#1491));
#971=AXIS2_PLACEMENT_3D('',#1492,#1493,#1494);
#972=SURFACE_SIDE_STYLE('',(#1495));
#973=EDGE_LOOP('',(#1496,#1497,#1498,#1499));
#974=AXIS2_PLACEMENT_3D('',#1500,#1501,#1502);
#975=SURFACE_SIDE_STYLE('',(#1503));
#976=EDGE_LOOP('',(#1504,#1505,#1506,#1507));
#977=AXIS2_PLACEMENT_3D('',#1508,#1509,#1510);
#978=SURFACE_SIDE_STYLE('',(#1511));
#979=EDGE_LOOP('',(#1512,#1513,#1514,#1515));
#980=AXIS2_PLACEMENT_3D('',#1516,#1517,#1518);
#981=SURFACE_SIDE_STYLE('',(#1519));
#982=EDGE_LOOP('',(#1520,#1521,#1522,#1523));
#983=AXIS2_PLACEMENT_3D('',#1524,#1525,#1526);
#984=SURFACE_SIDE_STYLE('',(#1527));
#985=EDGE_LOOP('',(#1528,#1529,#1530,#1531));
#986=AXIS2_PLACEMENT_3D('',#1532,#1533,#1534);
#987=SURFACE_SIDE_STYLE('',(#1535));
#988=EDGE_LOOP('',(#1536,#1537,#1538,#1539));
#989=AXIS2_PLACEMENT_3D('',#1540,#1541,#1542);
#990=SURFACE_SIDE_STYLE('',(#1543));
#991=EDGE_LOOP('',(#1544,#1545,#1546,#1547));
#992=AXIS2_PLACEMENT_3D('',#1548,#1549,#1550);
#993=SURFACE_SIDE_STYLE('',(#1551));
#994=EDGE_LOOP('',(#1552,#1553,#1554,#1555));
#995=AXIS2_PLACEMENT_3D('',#1556,#1557,#1558);
#996=SURFACE_SIDE_STYLE('',(#1559));
#997=EDGE_LOOP('',(#1560,#1561,#1562,#1563));
#998=AXIS2_PLACEMENT_3D('',#1564,#1565,#1566);
#999=SURFACE_SIDE_STYLE('',(#1567));
#1000=EDGE_LOOP('',(#1568,#1569,#1570,#1571));
#1001=AXIS2_PLACEMENT_3D('',#1572,#1573,#1574);
#1002=SURFACE_SIDE_STYLE('',(#1575));
#1003=EDGE_LOOP('',(#1576,#1577,#1578,#1579));
#1004=AXIS2_PLACEMENT_3D('',#1580,#1581,#1582);
#1005=SURFACE_SIDE_STYLE('',(#1583));
#1006=EDGE_LOOP('',(#1584,#1585,#1586,#1587));
#1007=AXIS2_PLACEMENT_3D('',#1588,#1589,#1590);
#1008=SURFACE_SIDE_STYLE('',(#1591));
#1009=EDGE_LOOP('',(#1592,#1593,#1594,#1595));
#1010=AXIS2_PLACEMENT_3D('',#1596,#1597,#1598);
#1011=SURFACE_SIDE_STYLE('',(#1599));
#1012=EDGE_LOOP('',(#1600,#1601,#1602,#1603));
#1013=AXIS2_PLACEMENT_3D('',#1604,#1605,#1606);
#1014=SURFACE_SIDE_STYLE('',(#1607));
#1015=EDGE_LOOP('',(#1608,#1609,#1610,#1611));
#1016=AXIS2_PLACEMENT_3D('',#1612,#1613,#1614);
#1017=SURFACE_SIDE_STYLE('',(#1615));
#1018=EDGE_LOOP('',(#1616,#1617,#1618,#1619));
#1019=AXIS2_PLACEMENT_3D('',#1620,#1621,#1622);
#1020=SURFACE_SIDE_STYLE('',(#1623));
#1021=EDGE_LOOP('',(#1624,#1625,#1626,#1627));
#1022=AXIS2_PLACEMENT_3D('',#1628,#1629,#1630);
#1023=SURFACE_SIDE_STYLE('',(#1631));
#1024=EDGE_LOOP('',(#1632,#1633,#1634,#1635));
#1025=AXIS2_PLACEMENT_3D('',#1636,#1637,#1638);
#1026=SURFACE_SIDE_STYLE('',(#1639));
#1027=EDGE_LOOP('',(#1640,#1641,#1642,#1643));
#1028=AXIS2_PLACEMENT_3D('',#1644,#1645,#1646);
#1029=SURFACE_SIDE_STYLE('',(#1647));
#1030=EDGE_LOOP('',(#1648,#1649,#1650,#1651));
#1031=AXIS2_PLACEMENT_3D('',#1652,#1653,#1654);
#1032=SURFACE_SIDE_STYLE('',(#1655));
#1033=EDGE_LOOP('',(#1656,#1657,#1658,#1659));
#1034=AXIS2_PLACEMENT_3D('',#1660,#1661,#1662);
#1035=SURFACE_SIDE_STYLE('',(#1663));
#1036=EDGE_LOOP('',(#1664,#1665,#1666,#1667));
#1037=AXIS2_PLACEMENT_3D('',#1668,#1669,#1670);
#1038=SURFACE_SIDE_STYLE('',(#1671));
#1039=EDGE_LOOP('',(#1672,#1673,#1674,#1675));
#1040=AXIS2_PLACEMENT_3D('',#1676,#1677,#1678);
#1041=SURFACE_SIDE_STYLE('',(#1679));
#1042=EDGE_LOOP('',(#1680,#1681,#1682,#1683));
#1043=AXIS2_PLACEMENT_3D('',#1684,#1685,#1686);
#1044=SURFACE_SIDE_STYLE('',(#1687));
#1045=EDGE_LOOP('',(#1688,#1689,#1690,#1691));
#1046=AXIS2_PLACEMENT_3D('',#1692,#1693,#1694);
#1047=SURFACE_SIDE_STYLE('',(#1695));
#1048=EDGE_LOOP('',(#1696,#1697,#1698,#1699));
#1049=AXIS2_PLACEMENT_3D('',#1700,#1701,#1702);
#1050=SURFACE_SIDE_STYLE('',(#1703));
#1051=EDGE_LOOP('',(#1704,#1705,#1706,#1707));
#1052=AXIS2_PLACEMENT_3D('',#1708,#1709,#1710);
#1053=SURFACE_SIDE_STYLE('',(#1711));
#1054=EDGE_LOOP('',(#1712,#1713,#1714,#1715));
#1055=AXIS2_PLACEMENT_3D('',#1716,#1717,#1718);
#1056=SURFACE_SIDE_STYLE('',(#1719));
#1057=EDGE_LOOP('',(#1720,#1721,#1722,#1723));
#1058=AXIS2_PLACEMENT_3D('',#1724,#1725,#1726);
#1059=SURFACE_SIDE_STYLE('',(#1727));
#1060=EDGE_LOOP('',(#1728,#1729,#1730,#1731));
#1061=AXIS2_PLACEMENT_3D('',#1732,#1733,#1734);
#1062=SURFACE_SIDE_STYLE('',(#1735));
#1063=EDGE_LOOP('',(#1736,#1737,#1738,#1739));
#1064=AXIS2_PLACEMENT_3D('',#1740,#1741,#1742);
#1065=SURFACE_SIDE_STYLE('',(#1743));
#1066=EDGE_LOOP('',(#1744,#1745,#1746,#1747));
#1067=AXIS2_PLACEMENT_3D('',#1748,#1749,#1750);
#1068=SURFACE_SIDE_STYLE('',(#1751));
#1069=EDGE_LOOP('',(#1752,#1753,#1754,#1755));
#1070=AXIS2_PLACEMENT_3D('',#1756,#1757,#1758);
#1071=SURFACE_SIDE_STYLE('',(#1759));
#1072=EDGE_LOOP('',(#1760,#1761,#1762,#1763));
#1073=AXIS2_PLACEMENT_3D('',#1764,#1765,#1766);
#1074=SURFACE_SIDE_STYLE('',(#1767));
#1075=EDGE_LOOP('',(#1768,#1769,#1770,#1771));
#1076=AXIS2_PLACEMENT_3D('',#1772,#1773,#1774);
#1077=SURFACE_SIDE_STYLE('',(#1775));
#1078=EDGE_LOOP('',(#1776,#1777,#1778,#1779));
#1079=AXIS2_PLACEMENT_3D('',#1780,#1781,#1782);
#1080=SURFACE_SIDE_STYLE('',(#1783));
#1081=EDGE_LOOP('',(#1784,#1785,#1786,#1787));
#1082=AXIS2_PLACEMENT_3D('',#1788,#1789,#1790);
#1083=SURFACE_SIDE_STYLE('',(#1791));
#1084=EDGE_LOOP('',(#1792,#1793,#1794,#1795));
#1085=AXIS2_PLACEMENT_3D('',#1796,#1797,#1798);
#1086=SURFACE_SIDE_STYLE('',(#1799));
#1087=EDGE_LOOP('',(#1800,#1801,#1802,#1803,#1804,#1805));
#1088=AXIS2_PLACEMENT_3D('',#1806,#1807,#1808);
#1089=SURFACE_SIDE_STYLE('',(#1809));
#1090=EDGE_LOOP('',(#1810,#1811,#1812,#1813,#1814,#1815));
#1091=AXIS2_PLACEMENT_3D('',#1816,#1817,#1818);
#1092=SURFACE_SIDE_STYLE('',(#1819));
#1093=EDGE_LOOP('',(#1820,#1821,#1822,#1823,#1824,#1825));
#1094=AXIS2_PLACEMENT_3D('',#1826,#1827,#1828);
#1095=SURFACE_SIDE_STYLE('',(#1829));
#1096=EDGE_LOOP('',(#1830,#1831,#1832,#1833,#1834,#1835));
#1097=AXIS2_PLACEMENT_3D('',#1836,#1837,#1838);
#1098=SURFACE_SIDE_STYLE('',(#1839));
#1099=EDGE_LOOP('',(#1840,#1841,#1842,#1843,#1844,#1845));
#1100=AXIS2_PLACEMENT_3D('',#1846,#1847,#1848);
#1101=SURFACE_SIDE_STYLE('',(#1849));
#1102=EDGE_LOOP('',(#1850,#1851,#1852,#1853,#1854,#1855,#1856,#1857,#1858,#1859));
#1103=AXIS2_PLACEMENT_3D('',#1860,#1861,#1862);
#1104=SURFACE_SIDE_STYLE('',(#1863));
#1105=EDGE_LOOP('',(#1864,#1865,#1866,#1867,#1868));
#1106=AXIS2_PLACEMENT_3D('',#1869,#1870,#1871);
#1107=SURFACE_SIDE_STYLE('',(#1872));
#1108=EDGE_LOOP('',(#1873,#1874,#1875,#1876));
#1109=AXIS2_PLACEMENT_3D('',#1877,#1878,#1879);
#1110=SURFACE_SIDE_STYLE('',(#1880));
#1111=EDGE_LOOP('',(#1881,#1882,#1883,#1884,#1885,#1886));
#1112=AXIS2_PLACEMENT_3D('',#1887,#1888,#1889);
#1113=SURFACE_SIDE_STYLE('',(#1890));
#1114=EDGE_LOOP('',(#1891,#1892,#1893,#1894,#1895,#1896));
#1115=AXIS2_PLACEMENT_3D('',#1897,#1898,#1899);
#1116=SURFACE_SIDE_STYLE('',(#1900));
#1117=EDGE_LOOP('',(#1901,#1902,#1903,#1904,#1905,#1906));
#1118=AXIS2_PLACEMENT_3D('',#1907,#1908,#1909);
#1119=SURFACE_SIDE_STYLE('',(#1910));
#1120=EDGE_LOOP('',(#1911,#1912,#1913,#1914,#1915,#1916));
#1121=AXIS2_PLACEMENT_3D('',#1917,#1918,#1919);
#1122=SURFACE_SIDE_STYLE('',(#1920));
#1123=EDGE_LOOP('',(#1921,#1922,#1923,#1924,#1925,#1926));
#1124=AXIS2_PLACEMENT_3D('',#1927,#1928,#1929);
#1125=SURFACE_SIDE_STYLE('',(#1930));
#1126=EDGE_LOOP('',(#1931,#1932,#1933,#1934,#1935,#1936,#1937,#1938));
#1127=AXIS2_PLACEMENT_3D('',#1939,#1940,#1941);
#1128=SURFACE_SIDE_STYLE('',(#1942));
#1129=EDGE_LOOP('',(#1943,#1944,#1945,#1946,#1947));
#1130=AXIS2_PLACEMENT_3D('',#1948,#1949,#1950);
#1131=SURFACE_SIDE_STYLE('',(#1951));
#1132=EDGE_LOOP('',(#1952,#1953,#1954,#1955));
#1133=AXIS2_PLACEMENT_3D('',#1956,#1957,#1958);
#1134=SURFACE_SIDE_STYLE('',(#1959));
#1135=EDGE_LOOP('',(#1960,#1961,#1962,#1963,#1964,#1965));
#1136=AXIS2_PLACEMENT_3D('',#1966,#1967,#1968);
#1137=SURFACE_SIDE_STYLE('',(#1969));
#1138=EDGE_LOOP('',(#1970,#1971,#1972,#1973,#1974,#1975));
#1139=AXIS2_PLACEMENT_3D('',#1976,#1977,#1978);
#1140=SURFACE_SIDE_STYLE('',(#1979));
#1141=EDGE_LOOP('',(#1980,#1981,#1982,#1983,#1984,#1985));
#1142=AXIS2_PLACEMENT_3D('',#1986,#1987,#1988);
#1143=SURFACE_SIDE_STYLE('',(#1989));
#1144=EDGE_LOOP('',(#1990,#1991,#1992,#1993,#1994,#1995,#1996,#1997));
#1145=AXIS2_PLACEMENT_3D('',#1998,#1999,#2000);
#1146=SURFACE_SIDE_STYLE('',(#2001));
#1147=EDGE_LOOP('',(#2002,#2003,#2004,#2005));
#1148=AXIS2_PLACEMENT_3D('',#2006,#2007,#2008);
#1149=SURFACE_SIDE_STYLE('',(#2009));
#1150=EDGE_LOOP('',(#2010,#2011,#2012,#2013,#2014));
#1151=AXIS2_PLACEMENT_3D('',#2015,#2016,#2017);
#1152=SURFACE_SIDE_STYLE('',(#2018));
#1153=EDGE_LOOP('',(#2019,#2020,#2021,#2022,#2023,#2024,#2025,#2026,#2027,#2028));
#1154=AXIS2_PLACEMENT_3D('',#2029,#2030,#2031);
#1155=SURFACE_SIDE_STYLE('',(#2032));
#1156=EDGE_LOOP('',(#2033,#2034,#2035,#2036,#2037,#2038));
#1157=AXIS2_PLACEMENT_3D('',#2039,#2040,#2041);
#1158=SURFACE_SIDE_STYLE('',(#2042));
#1159=EDGE_LOOP('',(#2043,#2044,#2045,#2046,#2047,#2048));
#1160=AXIS2_PLACEMENT_3D('',#2049,#2050,#2051);
#1161=SURFACE_SIDE_STYLE('',(#2052));
#1162=EDGE_LOOP('',(#2053,#2054,#2055,#2056,#2057,#2058));
#1163=AXIS2_PLACEMENT_3D('',#2059,#2060,#2061);
#1164=SURFACE_SIDE_STYLE('',(#2062));
#1165=EDGE_LOOP('',(#2063,#2064,#2065,#2066,#2067,#2068,#2069,#2070));
#1166=AXIS2_PLACEMENT_3D('',#2071,#2072,#2073);
#1167=SURFACE_SIDE_STYLE('',(#2074));
#1168=EDGE_LOOP('',(#2075,#2076,#2077,#2078));
#1169=AXIS2_PLACEMENT_3D('',#2079,#2080,#2081);
#1170=SURFACE_SIDE_STYLE('',(#2082));
#1171=EDGE_LOOP('',(#2083,#2084,#2085,#2086,#2087));
#1172=AXIS2_PLACEMENT_3D('',#2088,#2089,#2090);
#1173=SURFACE_SIDE_STYLE('',(#2091));
#1174=EDGE_LOOP('',(#2092,#2093,#2094,#2095,#2096,#2097,#2098,#2099));
#1175=AXIS2_PLACEMENT_3D('',#2100,#2101,#2102);
#1176=SURFACE_SIDE_STYLE('',(#2103));
#1177=EDGE_LOOP('',(#2104,#2105,#2106,#2107));
#1178=AXIS2_PLACEMENT_3D('',#2108,#2109,#2110);
#1179=SURFACE_SIDE_STYLE('',(#2111));
#1180=EDGE_LOOP('',(#2112,#2113,#2114,#2115));
#1181=AXIS2_PLACEMENT_3D('',#2116,#2117,#2118);
#1182=SURFACE_SIDE_STYLE('',(#2119));
#1183=EDGE_LOOP('',(#2120,#2121,#2122,#2123));
#1184=AXIS2_PLACEMENT_3D('',#2124,#2125,#2126);
#1185=SURFACE_SIDE_STYLE('',(#2127));
#1186=EDGE_LOOP('',(#2128,#2129,#2130,#2131));
#1187=AXIS2_PLACEMENT_3D('',#2132,#2133,#2134);
#1188=SURFACE_SIDE_STYLE('',(#2135));
#1189=EDGE_LOOP('',(#2136,#2137,#2138,#2139));
#1190=EDGE_LOOP('',(#2140,#2141,#2142,#2143,#2144,#2145,#2146,#2147,#2148,#2149,#2150,#2151,#2152,#2153,#2154,#2155));
#1191=AXIS2_PLACEMENT_3D('',#2156,#2157,#2158);
#1192=SURFACE_SIDE_STYLE('',(#2159));
#1193=EDGE_LOOP('',(#2160,#2161,#2162,#2163));
#1194=AXIS2_PLACEMENT_3D('',#2164,#2165,#2166);
#1195=SURFACE_SIDE_STYLE('',(#2167));
#1196=EDGE_LOOP('',(#2168,#2169,#2170,#2171));
#1197=AXIS2_PLACEMENT_3D('',#2172,#2173,#2174);
#1198=SURFACE_SIDE_STYLE('',(#2175));
#1199=EDGE_LOOP('',(#2176,#2177,#2178,#2179));
#1200=AXIS2_PLACEMENT_3D('',#2180,#2181,#2182);
#1201=SURFACE_SIDE_STYLE('',(#2183));
#1202=EDGE_LOOP('',(#2184,#2185,#2186,#2187));
#1203=AXIS2_PLACEMENT_3D('',#2188,#2189,#2190);
#1204=SURFACE_SIDE_STYLE('',(#2191));
#1205=EDGE_LOOP('',(#2192,#2193,#2194,#2195));
#1206=AXIS2_PLACEMENT_3D('',#2196,#2197,#2198);
#1207=SURFACE_SIDE_STYLE('',(#2199));
#1208=EDGE_LOOP('',(#2200,#2201,#2202,#2203));
#1209=AXIS2_PLACEMENT_3D('',#2204,#2205,#2206);
#1210=SURFACE_SIDE_STYLE('',(#2207));
#1211=EDGE_LOOP('',(#2208,#2209,#2210,#2211));
#1212=AXIS2_PLACEMENT_3D('',#2212,#2213,#2214);
#1213=SURFACE_SIDE_STYLE('',(#2215));
#1214=EDGE_LOOP('',(#2216,#2217,#2218,#2219));
#1215=AXIS2_PLACEMENT_3D('',#2220,#2221,#2222);
#1216=SURFACE_SIDE_STYLE('',(#2223));
#1217=EDGE_LOOP('',(#2224,#2225,#2226,#2227));
#1218=AXIS2_PLACEMENT_3D('',#2228,#2229,#2230);
#1219=SURFACE_SIDE_STYLE('',(#2231));
#1220=EDGE_LOOP('',(#2232,#2233,#2234,#2235));
#1221=EDGE_LOOP('',(#2236,#2237,#2238,#2239));
#1222=AXIS2_PLACEMENT_3D('',#2240,#2241,#2242);
#1223=SURFACE_SIDE_STYLE('',(#2243));
#1224=EDGE_LOOP('',(#2244,#2245,#2246,#2247,#2248,#2249,#2250,#2251,#2252,#2253));
#1225=AXIS2_PLACEMENT_3D('',#2254,#2255,#2256);
#1226=SURFACE_SIDE_STYLE('',(#2257));
#1227=EDGE_LOOP('',(#2258,#2259,#2260,#2261));
#1228=AXIS2_PLACEMENT_3D('',#2262,#2263,#2264);
#1229=SURFACE_SIDE_STYLE('',(#2265));
#1230=EDGE_LOOP('',(#2266,#2267,#2268,#2269));
#1231=AXIS2_PLACEMENT_3D('',#2270,#2271,#2272);
#1232=SURFACE_SIDE_STYLE('',(#2273));
#1233=EDGE_LOOP('',(#2274,#2275,#2276,#2277));
#1234=AXIS2_PLACEMENT_3D('',#2278,#2279,#2280);
#1235=SURFACE_SIDE_STYLE('',(#2281));
#1236=EDGE_LOOP('',(#2282,#2283,#2284,#2285));
#1237=AXIS2_PLACEMENT_3D('',#2286,#2287,#2288);
#1238=SURFACE_SIDE_STYLE('',(#2289));
#1239=EDGE_LOOP('',(#2290,#2291,#2292,#2293));
#1240=AXIS2_PLACEMENT_3D('',#2294,#2295,#2296);
#1241=SURFACE_SIDE_STYLE('',(#2297));
#1242=EDGE_LOOP('',(#2298,#2299,#2300,#2301));
#1243=AXIS2_PLACEMENT_3D('',#2302,#2303,#2304);
#1244=SURFACE_SIDE_STYLE('',(#2305));
#1245=EDGE_LOOP('',(#2306,#2307,#2308,#2309));
#1246=EDGE_LOOP('',(#2310,#2311,#2312,#2313,#2314,#2315,#2316,#2317,#2318,#2319,#2320,#2321));
#1247=AXIS2_PLACEMENT_3D('',#2322,#2323,#2324);
#1248=SURFACE_SIDE_STYLE('',(#2325));
#1249=EDGE_LOOP('',(#2326,#2327,#2328,#2329));
#1250=AXIS2_PLACEMENT_3D('',#2330,#2331,#2332);
#1251=SURFACE_SIDE_STYLE('',(#2333));
#1252=EDGE_LOOP('',(#2334,#2335,#2336,#2337));
#1253=AXIS2_PLACEMENT_3D('',#2338,#2339,#2340);
#1254=SURFACE_SIDE_STYLE('',(#2341));
#1255=EDGE_LOOP('',(#2342,#2343,#2344,#2345,#2346));
#1256=AXIS2_PLACEMENT_3D('',#2347,#2348,#2349);
#1257=SURFACE_SIDE_STYLE('',(#2350));
#1258=EDGE_LOOP('',(#2351,#2352,#2353,#2354,#2355));
#1259=AXIS2_PLACEMENT_3D('',#2356,#2357,#2358);
#1260=SURFACE_SIDE_STYLE('',(#2359));
#1261=EDGE_LOOP('',(#2360,#2361,#2362,#2363));
#1262=AXIS2_PLACEMENT_3D('',#2364,#2365,#2366);
#1263=SURFACE_SIDE_STYLE('',(#2367));
#1264=EDGE_LOOP('',(#2368,#2369,#2370,#2371));
#1265=AXIS2_PLACEMENT_3D('',#2372,#2373,#2374);
#1266=SURFACE_SIDE_STYLE('',(#2375));
#1267=EDGE_LOOP('',(#2376,#2377,#2378,#2379,#2380,#2381,#2382,#2383));
#1268=AXIS2_PLACEMENT_3D('',#2384,#2385,#2386);
#1269=SURFACE_SIDE_STYLE('',(#2387));
#1270=EDGE_LOOP('',(#2388,#2389,#2390,#2391));
#1271=EDGE_LOOP('',(#2392,#2393,#2394,#2395));
#1272=AXIS2_PLACEMENT_3D('',#2396,#2397,#2398);
#1273=SURFACE_SIDE_STYLE('',(#2399));
#1274=EDGE_LOOP('',(#2400,#2401,#2402,#2403,#2404,#2405,#2406,#2407,#2408,#2409));
#1275=AXIS2_PLACEMENT_3D('',#2410,#2411,#2412);
#1276=SURFACE_SIDE_STYLE('',(#2413));
#1277=EDGE_LOOP('',(#2414,#2415,#2416,#2417));
#1278=AXIS2_PLACEMENT_3D('',#2418,#2419,#2420);
#1279=SURFACE_SIDE_STYLE('',(#2421));
#1280=EDGE_LOOP('',(#2422,#2423,#2424,#2425));
#1281=AXIS2_PLACEMENT_3D('',#2426,#2427,#2428);
#1282=SURFACE_SIDE_STYLE('',(#2429));
#1283=EDGE_LOOP('',(#2430,#2431,#2432,#2433));
#1284=AXIS2_PLACEMENT_3D('',#2434,#2435,#2436);
#1285=SURFACE_SIDE_STYLE('',(#2437));
#1286=EDGE_LOOP('',(#2438,#2439,#2440,#2441));
#1287=AXIS2_PLACEMENT_3D('',#2442,#2443,#2444);
#1288=SURFACE_SIDE_STYLE('',(#2445));
#1289=EDGE_LOOP('',(#2446,#2447,#2448,#2449));
#1290=AXIS2_PLACEMENT_3D('',#2450,#2451,#2452);
#1291=SURFACE_SIDE_STYLE('',(#2453));
#1292=EDGE_LOOP('',(#2454,#2455,#2456,#2457));
#1293=AXIS2_PLACEMENT_3D('',#2458,#2459,#2460);
#1294=SURFACE_SIDE_STYLE('',(#2461));
#1295=EDGE_LOOP('',(#2462,#2463,#2464,#2465));
#1296=AXIS2_PLACEMENT_3D('',#2466,#2467,#2468);
#1297=SURFACE_SIDE_STYLE('',(#2469));
#1298=EDGE_LOOP('',(#2470,#2471,#2472,#2473));
#1299=EDGE_LOOP('',(#2474,#2475,#2476,#2477));
#1300=AXIS2_PLACEMENT_3D('',#2478,#2479,#2480);
#1301=SURFACE_SIDE_STYLE('',(#2481));
#1302=EDGE_LOOP('',(#2482,#2483,#2484,#2485));
#1303=EDGE_LOOP('',(#2486,#2487,#2488,#2489,#2490,#2491,#2492,#2493,#2494,#2495,#2496,#2497,#2498,#2499,#2500,#2501,#2502,#2503,#2504,#2505));
#1304=AXIS2_PLACEMENT_3D('',#2506,#2507,#2508);
#1305=SURFACE_SIDE_STYLE('',(#2509));
#1306=EDGE_LOOP('',(#2510,#2511,#2512,#2513));
#1307=AXIS2_PLACEMENT_3D('',#2514,#2515,#2516);
#1308=SURFACE_SIDE_STYLE('',(#2517));
#1309=EDGE_LOOP('',(#2518,#2519,#2520,#2521));
#1310=AXIS2_PLACEMENT_3D('',#2522,#2523,#2524);
#1311=SURFACE_SIDE_STYLE('',(#2525));
#1312=EDGE_LOOP('',(#2526,#2527,#2528,#2529));
#1313=AXIS2_PLACEMENT_3D('',#2530,#2531,#2532);
#1314=SURFACE_SIDE_STYLE('',(#2533));
#1315=EDGE_LOOP('',(#2534,#2535,#2536,#2537));
#1316=AXIS2_PLACEMENT_3D('',#2538,#2539,#2540);
#1317=SURFACE_SIDE_STYLE('',(#2541));
#1318=EDGE_LOOP('',(#2542,#2543,#2544,#2545));
#1319=AXIS2_PLACEMENT_3D('',#2546,#2547,#2548);
#1320=SURFACE_SIDE_STYLE('',(#2549));
#1321=EDGE_LOOP('',(#2550,#2551,#2552,#2553));
#1322=AXIS2_PLACEMENT_3D('',#2554,#2555,#2556);
#1323=SURFACE_SIDE_STYLE('',(#2557));
#1324=EDGE_LOOP('',(#2558,#2559,#2560,#2561));
#1325=AXIS2_PLACEMENT_3D('',#2562,#2563,#2564);
#1326=SURFACE_SIDE_STYLE('',(#2565));
#1327=EDGE_LOOP('',(#2566,#2567,#2568,#2569));
#1328=AXIS2_PLACEMENT_3D('',#2570,#2571,#2572);
#1329=SURFACE_SIDE_STYLE('',(#2573));
#1330=EDGE_LOOP('',(#2574,#2575,#2576,#2577));
#1331=AXIS2_PLACEMENT_3D('',#2578,#2579,#2580);
#1332=SURFACE_SIDE_STYLE('',(#2581));
#1333=EDGE_LOOP('',(#2582,#2583,#2584,#2585));
#1334=AXIS2_PLACEMENT_3D('',#2586,#2587,#2588);
#1335=SURFACE_SIDE_STYLE('',(#2589));
#1336=EDGE_LOOP('',(#2590,#2591,#2592,#2593));
#1337=AXIS2_PLACEMENT_3D('',#2594,#2595,#2596);
#1338=SURFACE_SIDE_STYLE('',(#2597));
#1339=EDGE_LOOP('',(#2598,#2599,#2600,#2601));
#1340=AXIS2_PLACEMENT_3D('',#2602,#2603,#2604);
#1341=SURFACE_SIDE_STYLE('',(#2605));
#1342=EDGE_LOOP('',(#2606,#2607,#2608,#2609));
#1343=AXIS2_PLACEMENT_3D('',#2610,#2611,#2612);
#1344=SURFACE_SIDE_STYLE('',(#2613));
#1345=EDGE_LOOP('',(#2614,#2615,#2616,#2617));
#1346=AXIS2_PLACEMENT_3D('',#2618,#2619,#2620);
#1347=SURFACE_SIDE_STYLE('',(#2621));
#1348=EDGE_LOOP('',(#2622,#2623,#2624,#2625,#2626));
#1349=AXIS2_PLACEMENT_3D('',#2627,#2628,#2629);
#1350=SURFACE_SIDE_STYLE('',(#2630));
#1351=EDGE_LOOP('',(#2631,#2632,#2633,#2634,#2635));
#1352=AXIS2_PLACEMENT_3D('',#2636,#2637,#2638);
#1353=SURFACE_SIDE_STYLE('',(#2639));
#1354=EDGE_LOOP('',(#2640,#2641,#2642,#2643));
#1355=AXIS2_PLACEMENT_3D('',#2644,#2645,#2646);
#1356=SURFACE_SIDE_STYLE('',(#2647));
#1357=EDGE_LOOP('',(#2648,#2649,#2650,#2651));
#1358=AXIS2_PLACEMENT_3D('',#2652,#2653,#2654);
#1359=SURFACE_SIDE_STYLE('',(#2655));
#1360=EDGE_LOOP('',(#2656,#2657,#2658,#2659,#2660,#2661,#2662,#2663));
#1361=AXIS2_PLACEMENT_3D('',#2664,#2665,#2666);
#1362=SURFACE_SIDE_STYLE('',(#2667));
#1363=EDGE_LOOP('',(#2668,#2669,#2670,#2671));
#1364=EDGE_LOOP('',(#2672,#2673,#2674,#2675,#2676,#2677,#2678,#2679));
#1365=AXIS2_PLACEMENT_3D('',#2680,#2681,#2682);
#1367=SURFACE_STYLE_FILL_AREA(#2683);
#1368=ORIENTED_EDGE('',*,*,#2684,.F.);
#1369=ORIENTED_EDGE('',*,*,#2685,.T.);
#1370=ORIENTED_EDGE('',*,*,#2686,.T.);
#1371=ORIENTED_EDGE('',*,*,#2687,.T.);
#1372=CARTESIAN_POINT('',(5.08,2.285,1.5875));
#1373=DIRECTION('',(0.0,0.0,1.0));
#1374=DIRECTION('',(1.0,0.0,0.0));
#1375=SURFACE_STYLE_FILL_AREA(#2688);
#1376=ORIENTED_EDGE('',*,*,#2689,.F.);
#1377=ORIENTED_EDGE('',*,*,#2690,.F.);
#1378=ORIENTED_EDGE('',*,*,#2691,.T.);
#1379=ORIENTED_EDGE('',*,*,#2685,.F.);
#1380=CARTESIAN_POINT('',(5.3975,2.285,1.27));
#1381=DIRECTION('',(-1.0,0.0,0.0));
#1382=DIRECTION('',(0.0,0.0,1.0));
#1383=SURFACE_STYLE_FILL_AREA(#2692);
#1384=ORIENTED_EDGE('',*,*,#2693,.F.);
#1385=ORIENTED_EDGE('',*,*,#2694,.T.);
#1386=ORIENTED_EDGE('',*,*,#2695,.T.);
#1387=ORIENTED_EDGE('',*,*,#2696,.T.);
#1388=CARTESIAN_POINT('',(5.08,-3.225,0.9525));
#1389=DIRECTION('',(0.0,0.0,1.0));
#1390=DIRECTION('',(1.0,0.0,0.0));
#1391=SURFACE_STYLE_FILL_AREA(#2697);
#1392=ORIENTED_EDGE('',*,*,#2698,.F.);
#1393=ORIENTED_EDGE('',*,*,#2699,.F.);
#1394=ORIENTED_EDGE('',*,*,#2700,.T.);
#1395=ORIENTED_EDGE('',*,*,#2694,.F.);
#1396=CARTESIAN_POINT('',(5.3975,-3.225,1.27));
#1397=DIRECTION('',(-1.0,0.0,0.0));
#1398=DIRECTION('',(0.0,0.0,1.0));
#1399=SURFACE_STYLE_FILL_AREA(#2701);
#1400=ORIENTED_EDGE('',*,*,#2702,.F.);
#1401=ORIENTED_EDGE('',*,*,#2691,.F.);
#1402=ORIENTED_EDGE('',*,*,#2703,.F.);
#1403=ORIENTED_EDGE('',*,*,#2704,.F.);
#1404=CARTESIAN_POINT('',(5.3095,5.68757952893394,0.27));
#1405=DIRECTION('',(-0.866025403784439,-0.5,-2.12108042409203E-16));
#1406=DIRECTION('',(0.5,-0.866025403784439,1.22460635382238E-16));
#1407=SURFACE_STYLE_FILL_AREA(#2705);
#1408=ORIENTED_EDGE('',*,*,#2704,.T.);
#1409=ORIENTED_EDGE('',*,*,#2706,.T.);
#1410=ORIENTED_EDGE('',*,*,#2707,.T.);
#1411=ORIENTED_EDGE('',*,*,#2708,.T.);
#1412=CARTESIAN_POINT('',(5.08,5.84,1.27));
#1413=DIRECTION('',(0.0,-1.0,0.0));
#1414=DIRECTION('',(0.0,0.0,-1.0));
#1415=SURFACE_STYLE_FILL_AREA(#2709);
#1416=ORIENTED_EDGE('',*,*,#2703,.T.);
#1417=ORIENTED_EDGE('',*,*,#2710,.F.);
#1418=ORIENTED_EDGE('',*,*,#2711,.T.);
#1419=ORIENTED_EDGE('',*,*,#2706,.F.);
#1420=CARTESIAN_POINT('',(4.08,5.68757952893394,1.0405));
#1421=DIRECTION('',(-5.30270106023007E-17,-0.5,0.866025403784439));
#1422=DIRECTION('',(3.06151588455594E-17,-0.866025403784439,-0.5));
#1423=SURFACE_STYLE_FILL_AREA(#2712);
#1424=ORIENTED_EDGE('',*,*,#2702,.T.);
#1425=ORIENTED_EDGE('',*,*,#2708,.F.);
#1426=ORIENTED_EDGE('',*,*,#2713,.F.);
#1427=ORIENTED_EDGE('',*,*,#2686,.F.);
#1428=CARTESIAN_POINT('',(6.08,5.68757952893394,1.4995));
#1429=DIRECTION('',(1.59081031806902E-16,-0.5,-0.866025403784439));
#1430=DIRECTION('',(-9.18454765366783E-17,-0.866025403784439,0.5));
#1431=SURFACE_STYLE_FILL_AREA(#2714);
#1432=ORIENTED_EDGE('',*,*,#2713,.T.);
#1433=ORIENTED_EDGE('',*,*,#2707,.F.);
#1434=ORIENTED_EDGE('',*,*,#2711,.F.);
#1435=ORIENTED_EDGE('',*,*,#2715,.F.);
#1436=CARTESIAN_POINT('',(4.8505,5.68757952893394,2.27));
#1437=DIRECTION('',(0.866025403784439,-0.5,1.06054021204601E-16));
#1438=DIRECTION('',(-0.5,-0.866025403784439,-6.12303176911189E-17));
#1439=SURFACE_STYLE_FILL_AREA(#2716);
#1440=ORIENTED_EDGE('',*,*,#2717,.F.);
#1441=ORIENTED_EDGE('',*,*,#2687,.F.);
#1442=ORIENTED_EDGE('',*,*,#2715,.T.);
#1443=ORIENTED_EDGE('',*,*,#2718,.F.);
#1444=CARTESIAN_POINT('',(4.7625,2.285,1.27));
#1445=DIRECTION('',(1.0,0.0,0.0));
#1446=DIRECTION('',(0.0,0.0,-1.0));
#1447=SURFACE_STYLE_FILL_AREA(#2719);
#1448=ORIENTED_EDGE('',*,*,#2720,.F.);
#1449=ORIENTED_EDGE('',*,*,#2700,.F.);
#1450=ORIENTED_EDGE('',*,*,#2721,.F.);
#1451=ORIENTED_EDGE('',*,*,#2722,.F.);
#1452=CARTESIAN_POINT('',(5.3095,-4.92757952893394,2.27));
#1453=DIRECTION('',(-0.866025403784439,0.5,-4.48237035134825E-17));
#1454=DIRECTION('',(0.5,0.866025403784439,1.6728433889572E-16));
#1455=SURFACE_STYLE_FILL_AREA(#2723);
#1456=ORIENTED_EDGE('',*,*,#2722,.T.);
#1457=ORIENTED_EDGE('',*,*,#2724,.T.);
#1458=ORIENTED_EDGE('',*,*,#2725,.T.);
#1459=ORIENTED_EDGE('',*,*,#2726,.T.);
#1460=CARTESIAN_POINT('',(5.08,-5.08,1.27));
#1461=DIRECTION('',(0.0,1.0,0.0));
#1462=DIRECTION('',(0.0,0.0,1.0));
#1463=SURFACE_STYLE_FILL_AREA(#2727);
#1464=ORIENTED_EDGE('',*,*,#2721,.T.);
#1465=ORIENTED_EDGE('',*,*,#2728,.F.);
#1466=ORIENTED_EDGE('',*,*,#2729,.F.);
#1467=ORIENTED_EDGE('',*,*,#2724,.F.);
#1468=CARTESIAN_POINT('',(4.08,-4.92757952893394,1.4995));
#1469=DIRECTION('',(-8.20330708881821E-18,0.5,-0.866025403784439));
#1470=DIRECTION('',(-1.36669180050161E-16,0.866025403784439,0.5));
#1471=SURFACE_STYLE_FILL_AREA(#2730);
#1472=ORIENTED_EDGE('',*,*,#2729,.T.);
#1473=ORIENTED_EDGE('',*,*,#2731,.F.);
#1474=ORIENTED_EDGE('',*,*,#2732,.F.);
#1475=ORIENTED_EDGE('',*,*,#2725,.F.);
#1476=CARTESIAN_POINT('',(4.8505,-4.92757952893394,0.270000000000001));
#1477=DIRECTION('',(0.866025403784439,0.5,-6.12303176911189E-17));
#1478=DIRECTION('',(-0.5,0.866025403784439,-1.06054021204601E-16));
#1479=SURFACE_STYLE_FILL_AREA(#2733);
#1480=ORIENTED_EDGE('',*,*,#2720,.T.);
#1481=ORIENTED_EDGE('',*,*,#2726,.F.);
#1482=ORIENTED_EDGE('',*,*,#2732,.T.);
#1483=ORIENTED_EDGE('',*,*,#2695,.F.);
#1484=CARTESIAN_POINT('',(6.08,-4.92757952893394,1.0405));
#1485=DIRECTION('',(1.1425732829342E-16,0.5,0.866025403784439));
#1486=DIRECTION('',(7.54388623590419E-17,0.866025403784439,-0.5));
#1487=SURFACE_STYLE_FILL_AREA(#2734);
#1488=ORIENTED_EDGE('',*,*,#2735,.F.);
#1489=ORIENTED_EDGE('',*,*,#2736,.T.);
#1490=ORIENTED_EDGE('',*,*,#2728,.T.);
#1491=ORIENTED_EDGE('',*,*,#2699,.T.);
#1492=CARTESIAN_POINT('',(5.08,-3.225,1.5875));
#1493=DIRECTION('',(0.0,0.0,1.0));
#1494=DIRECTION('',(1.0,0.0,0.0));
#1495=SURFACE_STYLE_FILL_AREA(#2737);
#1496=ORIENTED_EDGE('',*,*,#2738,.F.);
#1497=ORIENTED_EDGE('',*,*,#2696,.F.);
#1498=ORIENTED_EDGE('',*,*,#2731,.T.);
#1499=ORIENTED_EDGE('',*,*,#2736,.F.);
#1500=CARTESIAN_POINT('',(4.7625,-3.225,1.27));
#1501=DIRECTION('',(1.0,0.0,0.0));
#1502=DIRECTION('',(0.0,0.0,-1.0));
#1503=SURFACE_STYLE_FILL_AREA(#2739);
#1504=ORIENTED_EDGE('',*,*,#2740,.F.);
#1505=ORIENTED_EDGE('',*,*,#2718,.T.);
#1506=ORIENTED_EDGE('',*,*,#2710,.T.);
#1507=ORIENTED_EDGE('',*,*,#2690,.T.);
#1508=CARTESIAN_POINT('',(5.08,2.285,0.9525));
#1509=DIRECTION('',(0.0,0.0,1.0));
#1510=DIRECTION('',(1.0,0.0,0.0));
#1511=SURFACE_STYLE_FILL_AREA(#2741);
#1512=ORIENTED_EDGE('',*,*,#2742,.F.);
#1513=ORIENTED_EDGE('',*,*,#2743,.T.);
#1514=ORIENTED_EDGE('',*,*,#2744,.T.);
#1515=ORIENTED_EDGE('',*,*,#2745,.T.);
#1516=CARTESIAN_POINT('',(2.54,2.285,1.5875));
#1517=DIRECTION('',(0.0,0.0,1.0));
#1518=DIRECTION('',(1.0,0.0,0.0));
#1519=SURFACE_STYLE_FILL_AREA(#2746);
#1520=ORIENTED_EDGE('',*,*,#2747,.F.);
#1521=ORIENTED_EDGE('',*,*,#2748,.F.);
#1522=ORIENTED_EDGE('',*,*,#2749,.T.);
#1523=ORIENTED_EDGE('',*,*,#2743,.F.);
#1524=CARTESIAN_POINT('',(2.8575,2.285,1.27));
#1525=DIRECTION('',(-1.0,0.0,0.0));
#1526=DIRECTION('',(0.0,0.0,1.0));
#1527=SURFACE_STYLE_FILL_AREA(#2750);
#1528=ORIENTED_EDGE('',*,*,#2751,.F.);
#1529=ORIENTED_EDGE('',*,*,#2752,.T.);
#1530=ORIENTED_EDGE('',*,*,#2753,.T.);
#1531=ORIENTED_EDGE('',*,*,#2754,.T.);
#1532=CARTESIAN_POINT('',(2.54,-3.225,0.9525));
#1533=DIRECTION('',(0.0,0.0,1.0));
#1534=DIRECTION('',(1.0,0.0,0.0));
#1535=SURFACE_STYLE_FILL_AREA(#2755);
#1536=ORIENTED_EDGE('',*,*,#2756,.F.);
#1537=ORIENTED_EDGE('',*,*,#2757,.F.);
#1538=ORIENTED_EDGE('',*,*,#2758,.T.);
#1539=ORIENTED_EDGE('',*,*,#2752,.F.);
#1540=CARTESIAN_POINT('',(2.8575,-3.225,1.27));
#1541=DIRECTION('',(-1.0,0.0,0.0));
#1542=DIRECTION('',(0.0,0.0,1.0));
#1543=SURFACE_STYLE_FILL_AREA(#2759);
#1544=ORIENTED_EDGE('',*,*,#2760,.F.);
#1545=ORIENTED_EDGE('',*,*,#2749,.F.);
#1546=ORIENTED_EDGE('',*,*,#2761,.F.);
#1547=ORIENTED_EDGE('',*,*,#2762,.F.);
#1548=CARTESIAN_POINT('',(2.7695,5.68757952893394,0.27));
#1549=DIRECTION('',(-0.866025403784439,-0.5,-2.12108042409203E-16));
#1550=DIRECTION('',(0.5,-0.866025403784439,1.22460635382238E-16));
#1551=SURFACE_STYLE_FILL_AREA(#2763);
#1552=ORIENTED_EDGE('',*,*,#2762,.T.);
#1553=ORIENTED_EDGE('',*,*,#2764,.T.);
#1554=ORIENTED_EDGE('',*,*,#2765,.T.);
#1555=ORIENTED_EDGE('',*,*,#2766,.T.);
#1556=CARTESIAN_POINT('',(2.54,5.84,1.27));
#1557=DIRECTION('',(0.0,-1.0,0.0));
#1558=DIRECTION('',(0.0,0.0,-1.0));
#1559=SURFACE_STYLE_FILL_AREA(#2767);
#1560=ORIENTED_EDGE('',*,*,#2761,.T.);
#1561=ORIENTED_EDGE('',*,*,#2768,.F.);
#1562=ORIENTED_EDGE('',*,*,#2769,.T.);
#1563=ORIENTED_EDGE('',*,*,#2764,.F.);
#1564=CARTESIAN_POINT('',(1.54,5.68757952893394,1.0405));
#1565=DIRECTION('',(-5.30270106023007E-17,-0.5,0.866025403784439));
#1566=DIRECTION('',(3.06151588455594E-17,-0.866025403784439,-0.5));
#1567=SURFACE_STYLE_FILL_AREA(#2770);
#1568=ORIENTED_EDGE('',*,*,#2760,.T.);
#1569=ORIENTED_EDGE('',*,*,#2766,.F.);
#1570=ORIENTED_EDGE('',*,*,#2771,.F.);
#1571=ORIENTED_EDGE('',*,*,#2744,.F.);
#1572=CARTESIAN_POINT('',(3.54,5.68757952893394,1.4995));
#1573=DIRECTION('',(1.59081031806902E-16,-0.5,-0.866025403784439));
#1574=DIRECTION('',(-9.18454765366783E-17,-0.866025403784439,0.5));
#1575=SURFACE_STYLE_FILL_AREA(#2772);
#1576=ORIENTED_EDGE('',*,*,#2771,.T.);
#1577=ORIENTED_EDGE('',*,*,#2765,.F.);
#1578=ORIENTED_EDGE('',*,*,#2769,.F.);
#1579=ORIENTED_EDGE('',*,*,#2773,.F.);
#1580=CARTESIAN_POINT('',(2.3105,5.68757952893394,2.27));
#1581=DIRECTION('',(0.866025403784439,-0.5,1.06054021204601E-16));
#1582=DIRECTION('',(-0.5,-0.866025403784439,-6.12303176911189E-17));
#1583=SURFACE_STYLE_FILL_AREA(#2774);
#1584=ORIENTED_EDGE('',*,*,#2775,.F.);
#1585=ORIENTED_EDGE('',*,*,#2745,.F.);
#1586=ORIENTED_EDGE('',*,*,#2773,.T.);
#1587=ORIENTED_EDGE('',*,*,#2776,.F.);
#1588=CARTESIAN_POINT('',(2.2225,2.285,1.27));
#1589=DIRECTION('',(1.0,0.0,0.0));
#1590=DIRECTION('',(0.0,0.0,-1.0));
#1591=SURFACE_STYLE_FILL_AREA(#2777);
#1592=ORIENTED_EDGE('',*,*,#2778,.F.);
#1593=ORIENTED_EDGE('',*,*,#2758,.F.);
#1594=ORIENTED_EDGE('',*,*,#2779,.F.);
#1595=ORIENTED_EDGE('',*,*,#2780,.F.);
#1596=CARTESIAN_POINT('',(2.7695,-4.92757952893394,2.27));
#1597=DIRECTION('',(-0.866025403784439,0.5,-4.48237035134825E-17));
#1598=DIRECTION('',(0.5,0.866025403784439,1.6728433889572E-16));
#1599=SURFACE_STYLE_FILL_AREA(#2781);
#1600=ORIENTED_EDGE('',*,*,#2780,.T.);
#1601=ORIENTED_EDGE('',*,*,#2782,.T.);
#1602=ORIENTED_EDGE('',*,*,#2783,.T.);
#1603=ORIENTED_EDGE('',*,*,#2784,.T.);
#1604=CARTESIAN_POINT('',(2.54,-5.08,1.27));
#1605=DIRECTION('',(0.0,1.0,0.0));
#1606=DIRECTION('',(0.0,0.0,1.0));
#1607=SURFACE_STYLE_FILL_AREA(#2785);
#1608=ORIENTED_EDGE('',*,*,#2779,.T.);
#1609=ORIENTED_EDGE('',*,*,#2786,.F.);
#1610=ORIENTED_EDGE('',*,*,#2787,.F.);
#1611=ORIENTED_EDGE('',*,*,#2782,.F.);
#1612=CARTESIAN_POINT('',(1.54,-4.92757952893394,1.4995));
#1613=DIRECTION('',(-8.20330708881821E-18,0.5,-0.866025403784439));
#1614=DIRECTION('',(-1.36669180050161E-16,0.866025403784439,0.5));
#1615=SURFACE_STYLE_FILL_AREA(#2788);
#1616=ORIENTED_EDGE('',*,*,#2787,.T.);
#1617=ORIENTED_EDGE('',*,*,#2789,.F.);
#1618=ORIENTED_EDGE('',*,*,#2790,.F.);
#1619=ORIENTED_EDGE('',*,*,#2783,.F.);
#1620=CARTESIAN_POINT('',(2.3105,-4.92757952893394,0.270000000000001));
#1621=DIRECTION('',(0.866025403784439,0.5,-6.12303176911189E-17));
#1622=DIRECTION('',(-0.5,0.866025403784439,-1.06054021204601E-16));
#1623=SURFACE_STYLE_FILL_AREA(#2791);
#1624=ORIENTED_EDGE('',*,*,#2778,.T.);
#1625=ORIENTED_EDGE('',*,*,#2784,.F.);
#1626=ORIENTED_EDGE('',*,*,#2790,.T.);
#1627=ORIENTED_EDGE('',*,*,#2753,.F.);
#1628=CARTESIAN_POINT('',(3.54,-4.92757952893394,1.0405));
#1629=DIRECTION('',(1.1425732829342E-16,0.5,0.866025403784439));
#1630=DIRECTION('',(7.54388623590419E-17,0.866025403784439,-0.5));
#1631=SURFACE_STYLE_FILL_AREA(#2792);
#1632=ORIENTED_EDGE('',*,*,#2793,.F.);
#1633=ORIENTED_EDGE('',*,*,#2794,.T.);
#1634=ORIENTED_EDGE('',*,*,#2786,.T.);
#1635=ORIENTED_EDGE('',*,*,#2757,.T.);
#1636=CARTESIAN_POINT('',(2.54,-3.225,1.5875));
#1637=DIRECTION('',(0.0,0.0,1.0));
#1638=DIRECTION('',(1.0,0.0,0.0));
#1639=SURFACE_STYLE_FILL_AREA(#2795);
#1640=ORIENTED_EDGE('',*,*,#2796,.F.);
#1641=ORIENTED_EDGE('',*,*,#2754,.F.);
#1642=ORIENTED_EDGE('',*,*,#2789,.T.);
#1643=ORIENTED_EDGE('',*,*,#2794,.F.);
#1644=CARTESIAN_POINT('',(2.2225,-3.225,1.27));
#1645=DIRECTION('',(1.0,0.0,0.0));
#1646=DIRECTION('',(0.0,0.0,-1.0));
#1647=SURFACE_STYLE_FILL_AREA(#2797);
#1648=ORIENTED_EDGE('',*,*,#2798,.F.);
#1649=ORIENTED_EDGE('',*,*,#2776,.T.);
#1650=ORIENTED_EDGE('',*,*,#2768,.T.);
#1651=ORIENTED_EDGE('',*,*,#2748,.T.);
#1652=CARTESIAN_POINT('',(2.54,2.285,0.9525));
#1653=DIRECTION('',(0.0,0.0,1.0));
#1654=DIRECTION('',(1.0,0.0,0.0));
#1655=SURFACE_STYLE_FILL_AREA(#2799);
#1656=ORIENTED_EDGE('',*,*,#2800,.F.);
#1657=ORIENTED_EDGE('',*,*,#2801,.T.);
#1658=ORIENTED_EDGE('',*,*,#2802,.T.);
#1659=ORIENTED_EDGE('',*,*,#2803,.T.);
#1660=CARTESIAN_POINT('',(0.0,2.285,1.5875));
#1661=DIRECTION('',(0.0,0.0,1.0));
#1662=DIRECTION('',(1.0,0.0,0.0));
#1663=SURFACE_STYLE_FILL_AREA(#2804);
#1664=ORIENTED_EDGE('',*,*,#2805,.F.);
#1665=ORIENTED_EDGE('',*,*,#2806,.F.);
#1666=ORIENTED_EDGE('',*,*,#2807,.T.);
#1667=ORIENTED_EDGE('',*,*,#2801,.F.);
#1668=CARTESIAN_POINT('',(0.3175,2.285,1.27));
#1669=DIRECTION('',(-1.0,0.0,0.0));
#1670=DIRECTION('',(0.0,0.0,1.0));
#1671=SURFACE_STYLE_FILL_AREA(#2808);
#1672=ORIENTED_EDGE('',*,*,#2809,.F.);
#1673=ORIENTED_EDGE('',*,*,#2810,.T.);
#1674=ORIENTED_EDGE('',*,*,#2811,.T.);
#1675=ORIENTED_EDGE('',*,*,#2812,.T.);
#1676=CARTESIAN_POINT('',(0.0,-3.225,0.9525));
#1677=DIRECTION('',(0.0,0.0,1.0));
#1678=DIRECTION('',(1.0,0.0,0.0));
#1679=SURFACE_STYLE_FILL_AREA(#2813);
#1680=ORIENTED_EDGE('',*,*,#2814,.F.);
#1681=ORIENTED_EDGE('',*,*,#2815,.F.);
#1682=ORIENTED_EDGE('',*,*,#2816,.T.);
#1683=ORIENTED_EDGE('',*,*,#2810,.F.);
#1684=CARTESIAN_POINT('',(0.3175,-3.225,1.27));
#1685=DIRECTION('',(-1.0,0.0,0.0));
#1686=DIRECTION('',(0.0,0.0,1.0));
#1687=SURFACE_STYLE_FILL_AREA(#2817);
#1688=ORIENTED_EDGE('',*,*,#2818,.F.);
#1689=ORIENTED_EDGE('',*,*,#2807,.F.);
#1690=ORIENTED_EDGE('',*,*,#2819,.F.);
#1691=ORIENTED_EDGE('',*,*,#2820,.F.);
#1692=CARTESIAN_POINT('',(0.2295,5.68757952893394,0.27));
#1693=DIRECTION('',(-0.866025403784439,-0.5,-2.12108042409203E-16));
#1694=DIRECTION('',(0.5,-0.866025403784439,1.22460635382238E-16));
#1695=SURFACE_STYLE_FILL_AREA(#2821);
#1696=ORIENTED_EDGE('',*,*,#2820,.T.);
#1697=ORIENTED_EDGE('',*,*,#2822,.T.);
#1698=ORIENTED_EDGE('',*,*,#2823,.T.);
#1699=ORIENTED_EDGE('',*,*,#2824,.T.);
#1700=CARTESIAN_POINT('',(0.0,5.84,1.27));
#1701=DIRECTION('',(0.0,-1.0,0.0));
#1702=DIRECTION('',(0.0,0.0,-1.0));
#1703=SURFACE_STYLE_FILL_AREA(#2825);
#1704=ORIENTED_EDGE('',*,*,#2819,.T.);
#1705=ORIENTED_EDGE('',*,*,#2826,.F.);
#1706=ORIENTED_EDGE('',*,*,#2827,.T.);
#1707=ORIENTED_EDGE('',*,*,#2822,.F.);
#1708=CARTESIAN_POINT('',(-1.0,5.68757952893394,1.0405));
#1709=DIRECTION('',(-5.30270106023007E-17,-0.5,0.866025403784439));
#1710=DIRECTION('',(3.06151588455594E-17,-0.866025403784439,-0.5));
#1711=SURFACE_STYLE_FILL_AREA(#2828);
#1712=ORIENTED_EDGE('',*,*,#2818,.T.);
#1713=ORIENTED_EDGE('',*,*,#2824,.F.);
#1714=ORIENTED_EDGE('',*,*,#2829,.F.);
#1715=ORIENTED_EDGE('',*,*,#2802,.F.);
#1716=CARTESIAN_POINT('',(1.0,5.68757952893394,1.4995));
#1717=DIRECTION('',(1.59081031806902E-16,-0.5,-0.866025403784439));
#1718=DIRECTION('',(-9.18454765366783E-17,-0.866025403784439,0.5));
#1719=SURFACE_STYLE_FILL_AREA(#2830);
#1720=ORIENTED_EDGE('',*,*,#2829,.T.);
#1721=ORIENTED_EDGE('',*,*,#2823,.F.);
#1722=ORIENTED_EDGE('',*,*,#2827,.F.);
#1723=ORIENTED_EDGE('',*,*,#2831,.F.);
#1724=CARTESIAN_POINT('',(-0.2295,5.68757952893394,2.27));
#1725=DIRECTION('',(0.866025403784439,-0.5,1.06054021204601E-16));
#1726=DIRECTION('',(-0.5,-0.866025403784439,-6.12303176911189E-17));
#1727=SURFACE_STYLE_FILL_AREA(#2832);
#1728=ORIENTED_EDGE('',*,*,#2833,.F.);
#1729=ORIENTED_EDGE('',*,*,#2803,.F.);
#1730=ORIENTED_EDGE('',*,*,#2831,.T.);
#1731=ORIENTED_EDGE('',*,*,#2834,.F.);
#1732=CARTESIAN_POINT('',(-0.3175,2.285,1.27));
#1733=DIRECTION('',(1.0,0.0,0.0));
#1734=DIRECTION('',(0.0,0.0,-1.0));
#1735=SURFACE_STYLE_FILL_AREA(#2835);
#1736=ORIENTED_EDGE('',*,*,#2836,.F.);
#1737=ORIENTED_EDGE('',*,*,#2816,.F.);
#1738=ORIENTED_EDGE('',*,*,#2837,.F.);
#1739=ORIENTED_EDGE('',*,*,#2838,.F.);
#1740=CARTESIAN_POINT('',(0.2295,-4.92757952893394,2.27));
#1741=DIRECTION('',(-0.866025403784439,0.5,-4.48237035134825E-17));
#1742=DIRECTION('',(0.5,0.866025403784439,1.6728433889572E-16));
#1743=SURFACE_STYLE_FILL_AREA(#2839);
#1744=ORIENTED_EDGE('',*,*,#2838,.T.);
#1745=ORIENTED_EDGE('',*,*,#2840,.T.);
#1746=ORIENTED_EDGE('',*,*,#2841,.T.);
#1747=ORIENTED_EDGE('',*,*,#2842,.T.);
#1748=CARTESIAN_POINT('',(0.0,-5.08,1.27));
#1749=DIRECTION('',(0.0,1.0,0.0));
#1750=DIRECTION('',(0.0,0.0,1.0));
#1751=SURFACE_STYLE_FILL_AREA(#2843);
#1752=ORIENTED_EDGE('',*,*,#2837,.T.);
#1753=ORIENTED_EDGE('',*,*,#2844,.F.);
#1754=ORIENTED_EDGE('',*,*,#2845,.F.);
#1755=ORIENTED_EDGE('',*,*,#2840,.F.);
#1756=CARTESIAN_POINT('',(-0.999999999999999,-4.92757952893394,1.4995));
#1757=DIRECTION('',(-8.20330708881821E-18,0.5,-0.866025403784439));
#1758=DIRECTION('',(-1.36669180050161E-16,0.866025403784439,0.5));
#1759=SURFACE_STYLE_FILL_AREA(#2846);
#1760=ORIENTED_EDGE('',*,*,#2845,.T.);
#1761=ORIENTED_EDGE('',*,*,#2847,.F.);
#1762=ORIENTED_EDGE('',*,*,#2848,.F.);
#1763=ORIENTED_EDGE('',*,*,#2841,.F.);
#1764=CARTESIAN_POINT('',(-0.2295,-4.92757952893394,0.270000000000001));
#1765=DIRECTION('',(0.866025403784439,0.5,-6.12303176911189E-17));
#1766=DIRECTION('',(-0.5,0.866025403784439,-1.06054021204601E-16));
#1767=SURFACE_STYLE_FILL_AREA(#2849);
#1768=ORIENTED_EDGE('',*,*,#2836,.T.);
#1769=ORIENTED_EDGE('',*,*,#2842,.F.);
#1770=ORIENTED_EDGE('',*,*,#2848,.T.);
#1771=ORIENTED_EDGE('',*,*,#2811,.F.);
#1772=CARTESIAN_POINT('',(0.999999999999999,-4.92757952893394,1.0405));
#1773=DIRECTION('',(1.1425732829342E-16,0.5,0.866025403784439));
#1774=DIRECTION('',(7.54388623590419E-17,0.866025403784439,-0.5));
#1775=SURFACE_STYLE_FILL_AREA(#2850);
#1776=ORIENTED_EDGE('',*,*,#2851,.F.);
#1777=ORIENTED_EDGE('',*,*,#2852,.T.);
#1778=ORIENTED_EDGE('',*,*,#2844,.T.);
#1779=ORIENTED_EDGE('',*,*,#2815,.T.);
#1780=CARTESIAN_POINT('',(0.0,-3.225,1.5875));
#1781=DIRECTION('',(0.0,0.0,1.0));
#1782=DIRECTION('',(1.0,0.0,0.0));
#1783=SURFACE_STYLE_FILL_AREA(#2853);
#1784=ORIENTED_EDGE('',*,*,#2854,.F.);
#1785=ORIENTED_EDGE('',*,*,#2812,.F.);
#1786=ORIENTED_EDGE('',*,*,#2847,.T.);
#1787=ORIENTED_EDGE('',*,*,#2852,.F.);
#1788=CARTESIAN_POINT('',(-0.3175,-3.225,1.27));
#1789=DIRECTION('',(1.0,0.0,0.0));
#1790=DIRECTION('',(0.0,0.0,-1.0));
#1791=SURFACE_STYLE_FILL_AREA(#2855);
#1792=ORIENTED_EDGE('',*,*,#2856,.F.);
#1793=ORIENTED_EDGE('',*,*,#2834,.T.);
#1794=ORIENTED_EDGE('',*,*,#2826,.T.);
#1795=ORIENTED_EDGE('',*,*,#2806,.T.);
#1796=CARTESIAN_POINT('',(0.0,2.285,0.9525));
#1797=DIRECTION('',(0.0,0.0,1.0));
#1798=DIRECTION('',(1.0,0.0,0.0));
#1799=SURFACE_STYLE_FILL_AREA(#2857);
#1800=ORIENTED_EDGE('',*,*,#2858,.F.);
#1801=ORIENTED_EDGE('',*,*,#2859,.F.);
#1802=ORIENTED_EDGE('',*,*,#2860,.F.);
#1803=ORIENTED_EDGE('',*,*,#2861,.F.);
#1804=ORIENTED_EDGE('',*,*,#2862,.F.);
#1805=ORIENTED_EDGE('',*,*,#2863,.F.);
#1806=CARTESIAN_POINT('',(3.618,0.4,2.413));
#1807=DIRECTION('',(-0.898632393830746,-2.68618890679591E-17,-0.438702428484301));
#1808=DIRECTION('',(0.438702428484301,-5.50235469617872E-17,-0.898632393830746));
#1809=SURFACE_STYLE_FILL_AREA(#2864);
#1810=ORIENTED_EDGE('',*,*,#2865,.F.);
#1811=ORIENTED_EDGE('',*,*,#2863,.T.);
#1812=ORIENTED_EDGE('',*,*,#2866,.F.);
#1813=ORIENTED_EDGE('',*,*,#2867,.F.);
#1814=ORIENTED_EDGE('',*,*,#2868,.F.);
#1815=ORIENTED_EDGE('',*,*,#2869,.F.);
#1816=CARTESIAN_POINT('',(3.81,0.4,2.286));
#1817=DIRECTION('',(1.22460635382238E-16,-6.12303176911189E-17,-1.0));
#1818=DIRECTION('',(1.0,0.0,1.22460635382238E-16));
#1819=SURFACE_STYLE_FILL_AREA(#2870);
#1820=ORIENTED_EDGE('',*,*,#2871,.F.);
#1821=ORIENTED_EDGE('',*,*,#2868,.T.);
#1822=ORIENTED_EDGE('',*,*,#2872,.F.);
#1823=ORIENTED_EDGE('',*,*,#2873,.F.);
#1824=ORIENTED_EDGE('',*,*,#2874,.F.);
#1825=ORIENTED_EDGE('',*,*,#2875,.F.);
#1826=CARTESIAN_POINT('',(4.002,0.4,2.413));
#1827=DIRECTION('',(0.898632393830746,-2.68618890679591E-17,-0.438702428484301));
#1828=DIRECTION('',(0.438702428484301,5.50235469617872E-17,0.898632393830746));
#1829=SURFACE_STYLE_FILL_AREA(#2876);
#1830=ORIENTED_EDGE('',*,*,#2858,.T.);
#1831=ORIENTED_EDGE('',*,*,#2865,.T.);
#1832=ORIENTED_EDGE('',*,*,#2877,.F.);
#1833=ORIENTED_EDGE('',*,*,#2878,.T.);
#1834=ORIENTED_EDGE('',*,*,#2879,.T.);
#1835=ORIENTED_EDGE('',*,*,#2880,.T.);
#1836=CARTESIAN_POINT('',(3.683,-0.127,0.0));
#1837=DIRECTION('',(0.707106781186548,0.707106781186548,0.0));
#1838=DIRECTION('',(-0.707106781186548,0.707106781186548,0.0));
#1839=SURFACE_STYLE_FILL_AREA(#2881);
#1840=ORIENTED_EDGE('',*,*,#2869,.T.);
#1841=ORIENTED_EDGE('',*,*,#2871,.T.);
#1842=ORIENTED_EDGE('',*,*,#2882,.T.);
#1843=ORIENTED_EDGE('',*,*,#2883,.T.);
#1844=ORIENTED_EDGE('',*,*,#2884,.T.);
#1845=ORIENTED_EDGE('',*,*,#2877,.T.);
#1846=CARTESIAN_POINT('',(3.937,-0.127,2.54));
#1847=DIRECTION('',(-0.707106781186548,0.707106781186548,-8.65927457071936E-17));
#1848=DIRECTION('',(0.707106781186548,0.707106781186548,8.65927457071936E-17));
#1849=SURFACE_STYLE_FILL_AREA(#2885);
#1850=ORIENTED_EDGE('',*,*,#2875,.T.);
#1851=ORIENTED_EDGE('',*,*,#2886,.F.);
#1852=ORIENTED_EDGE('',*,*,#2887,.F.);
#1853=ORIENTED_EDGE('',*,*,#2888,.F.);
#1854=ORIENTED_EDGE('',*,*,#2889,.T.);
#1855=ORIENTED_EDGE('',*,*,#2890,.F.);
#1856=ORIENTED_EDGE('',*,*,#2891,.F.);
#1857=ORIENTED_EDGE('',*,*,#2892,.F.);
#1858=ORIENTED_EDGE('',*,*,#2893,.F.);
#1859=ORIENTED_EDGE('',*,*,#2894,.T.);
#1860=CARTESIAN_POINT('',(0.000836726247900266,-1.28854612197503,2.54));
#1861=DIRECTION('',(0.0,0.0,1.0));
#1862=DIRECTION('',(1.0,0.0,0.0));
#1863=SURFACE_STYLE_FILL_AREA(#2895);
#1864=ORIENTED_EDGE('',*,*,#2874,.T.);
#1865=ORIENTED_EDGE('',*,*,#2896,.T.);
#1866=ORIENTED_EDGE('',*,*,#2897,.T.);
#1867=ORIENTED_EDGE('',*,*,#2898,.F.);
#1868=ORIENTED_EDGE('',*,*,#2886,.T.);
#1869=CARTESIAN_POINT('',(4.27986,-2.54,2.54));
#1870=DIRECTION('',(1.02846042114419E-15,-1.0,1.25945916638802E-31));
#1871=DIRECTION('',(-1.0,-1.02846042114419E-15,-1.22460635382238E-16));
#1872=SURFACE_STYLE_FILL_AREA(#2899);
#1873=ORIENTED_EDGE('',*,*,#2873,.T.);
#1874=ORIENTED_EDGE('',*,*,#2900,.T.);
#1875=ORIENTED_EDGE('',*,*,#2901,.T.);
#1876=ORIENTED_EDGE('',*,*,#2896,.F.);
#1877=CARTESIAN_POINT('',(4.06396,-2.286,2.54));
#1878=DIRECTION('',(-1.0,4.37095678986282E-16,-1.22460635382238E-16));
#1879=DIRECTION('',(4.37095678986282E-16,1.0,5.35270145714907E-32));
#1880=SURFACE_STYLE_FILL_AREA(#2902);
#1881=ORIENTED_EDGE('',*,*,#2903,.F.);
#1882=ORIENTED_EDGE('',*,*,#2904,.F.);
#1883=ORIENTED_EDGE('',*,*,#2905,.F.);
#1884=ORIENTED_EDGE('',*,*,#2906,.F.);
#1885=ORIENTED_EDGE('',*,*,#2907,.F.);
#1886=ORIENTED_EDGE('',*,*,#2908,.F.);
#1887=CARTESIAN_POINT('',(1.078,0.4,2.413));
#1888=DIRECTION('',(-0.898632393830746,-2.68618890679591E-17,-0.438702428484301));
#1889=DIRECTION('',(0.438702428484301,-5.50235469617872E-17,-0.898632393830746));
#1890=SURFACE_STYLE_FILL_AREA(#2909);
#1891=ORIENTED_EDGE('',*,*,#2910,.F.);
#1892=ORIENTED_EDGE('',*,*,#2908,.T.);
#1893=ORIENTED_EDGE('',*,*,#2911,.F.);
#1894=ORIENTED_EDGE('',*,*,#2912,.F.);
#1895=ORIENTED_EDGE('',*,*,#2913,.F.);
#1896=ORIENTED_EDGE('',*,*,#2914,.F.);
#1897=CARTESIAN_POINT('',(1.27,0.4,2.286));
#1898=DIRECTION('',(1.22460635382238E-16,-6.12303176911189E-17,-1.0));
#1899=DIRECTION('',(1.0,0.0,1.22460635382238E-16));
#1900=SURFACE_STYLE_FILL_AREA(#2915);
#1901=ORIENTED_EDGE('',*,*,#2916,.F.);
#1902=ORIENTED_EDGE('',*,*,#2913,.T.);
#1903=ORIENTED_EDGE('',*,*,#2917,.F.);
#1904=ORIENTED_EDGE('',*,*,#2918,.F.);
#1905=ORIENTED_EDGE('',*,*,#2919,.F.);
#1906=ORIENTED_EDGE('',*,*,#2920,.F.);
#1907=CARTESIAN_POINT('',(1.462,0.4,2.413));
#1908=DIRECTION('',(0.898632393830746,-2.68618890679591E-17,-0.438702428484301));
#1909=DIRECTION('',(0.438702428484301,5.50235469617872E-17,0.898632393830746));
#1910=SURFACE_STYLE_FILL_AREA(#2921);
#1911=ORIENTED_EDGE('',*,*,#2903,.T.);
#1912=ORIENTED_EDGE('',*,*,#2910,.T.);
#1913=ORIENTED_EDGE('',*,*,#2922,.F.);
#1914=ORIENTED_EDGE('',*,*,#2923,.T.);
#1915=ORIENTED_EDGE('',*,*,#2924,.T.);
#1916=ORIENTED_EDGE('',*,*,#2925,.T.);
#1917=CARTESIAN_POINT('',(1.143,-0.127,0.0));
#1918=DIRECTION('',(0.707106781186548,0.707106781186548,-0.0));
#1919=DIRECTION('',(-0.707106781186548,0.707106781186548,0.0));
#1920=SURFACE_STYLE_FILL_AREA(#2926);
#1921=ORIENTED_EDGE('',*,*,#2914,.T.);
#1922=ORIENTED_EDGE('',*,*,#2916,.T.);
#1923=ORIENTED_EDGE('',*,*,#2927,.F.);
#1924=ORIENTED_EDGE('',*,*,#2928,.T.);
#1925=ORIENTED_EDGE('',*,*,#2929,.T.);
#1926=ORIENTED_EDGE('',*,*,#2922,.T.);
#1927=CARTESIAN_POINT('',(1.397,-0.127,0.0));
#1928=DIRECTION('',(-0.707106781186548,0.707106781186548,0.0));
#1929=DIRECTION('',(-0.707106781186548,-0.707106781186548,-0.0));
#1930=SURFACE_STYLE_FILL_AREA(#2930);
#1931=ORIENTED_EDGE('',*,*,#2859,.T.);
#1932=ORIENTED_EDGE('',*,*,#2931,.F.);
#1933=ORIENTED_EDGE('',*,*,#2920,.T.);
#1934=ORIENTED_EDGE('',*,*,#2932,.F.);
#1935=ORIENTED_EDGE('',*,*,#2933,.F.);
#1936=ORIENTED_EDGE('',*,*,#2934,.F.);
#1937=ORIENTED_EDGE('',*,*,#2935,.F.);
#1938=ORIENTED_EDGE('',*,*,#2936,.F.);
#1939=CARTESIAN_POINT('',(0.000836726247900266,-1.28854612197503,2.54));
#1940=DIRECTION('',(0.0,0.0,1.0));
#1941=DIRECTION('',(1.0,0.0,0.0));
#1942=SURFACE_STYLE_FILL_AREA(#2937);
#1943=ORIENTED_EDGE('',*,*,#2919,.T.);
#1944=ORIENTED_EDGE('',*,*,#2938,.F.);
#1945=ORIENTED_EDGE('',*,*,#2939,.T.);
#1946=ORIENTED_EDGE('',*,*,#2940,.T.);
#1947=ORIENTED_EDGE('',*,*,#2932,.T.);
#1948=CARTESIAN_POINT('',(1.73986,-2.54,0.0));
#1949=DIRECTION('',(1.02846042114419E-15,-1.0,0.0));
#1950=DIRECTION('',(1.0,1.02846042114419E-15,0.0));
#1951=SURFACE_STYLE_FILL_AREA(#2941);
#1952=ORIENTED_EDGE('',*,*,#2918,.T.);
#1953=ORIENTED_EDGE('',*,*,#2942,.F.);
#1954=ORIENTED_EDGE('',*,*,#2943,.T.);
#1955=ORIENTED_EDGE('',*,*,#2938,.T.);
#1956=CARTESIAN_POINT('',(1.52396,-2.286,0.0));
#1957=DIRECTION('',(-1.0,0.0,0.0));
#1958=DIRECTION('',(0.0,-1.0,0.0));
#1959=SURFACE_STYLE_FILL_AREA(#2944);
#1960=ORIENTED_EDGE('',*,*,#2945,.F.);
#1961=ORIENTED_EDGE('',*,*,#2946,.F.);
#1962=ORIENTED_EDGE('',*,*,#2878,.F.);
#1963=ORIENTED_EDGE('',*,*,#2884,.F.);
#1964=ORIENTED_EDGE('',*,*,#2947,.T.);
#1965=ORIENTED_EDGE('',*,*,#2948,.F.);
#1966=CARTESIAN_POINT('',(3.81,0.4,0.254));
#1967=DIRECTION('',(0.0,-6.12303176911189E-17,1.0));
#1968=DIRECTION('',(-1.0,0.0,0.0));
#1969=SURFACE_STYLE_FILL_AREA(#2949);
#1970=ORIENTED_EDGE('',*,*,#2950,.F.);
#1971=ORIENTED_EDGE('',*,*,#2947,.F.);
#1972=ORIENTED_EDGE('',*,*,#2883,.F.);
#1973=ORIENTED_EDGE('',*,*,#2951,.F.);
#1974=ORIENTED_EDGE('',*,*,#2952,.F.);
#1975=ORIENTED_EDGE('',*,*,#2953,.F.);
#1976=CARTESIAN_POINT('',(4.002,0.4,0.127));
#1977=DIRECTION('',(0.898632393830746,-2.68618890679591E-17,0.438702428484301));
#1978=DIRECTION('',(-0.438702428484301,-5.50235469617872E-17,0.898632393830746));
#1979=SURFACE_STYLE_FILL_AREA(#2954);
#1980=ORIENTED_EDGE('',*,*,#2955,.F.);
#1981=ORIENTED_EDGE('',*,*,#2956,.F.);
#1982=ORIENTED_EDGE('',*,*,#2957,.F.);
#1983=ORIENTED_EDGE('',*,*,#2958,.F.);
#1984=ORIENTED_EDGE('',*,*,#2879,.F.);
#1985=ORIENTED_EDGE('',*,*,#2946,.T.);
#1986=CARTESIAN_POINT('',(3.618,0.4,0.127));
#1987=DIRECTION('',(-0.898632393830746,-2.68618890679591E-17,0.438702428484301));
#1988=DIRECTION('',(-0.438702428484301,5.50235469617872E-17,-0.898632393830746));
#1989=SURFACE_STYLE_FILL_AREA(#2959);
#1990=ORIENTED_EDGE('',*,*,#2867,.T.);
#1991=ORIENTED_EDGE('',*,*,#2960,.F.);
#1992=ORIENTED_EDGE('',*,*,#2948,.T.);
#1993=ORIENTED_EDGE('',*,*,#2950,.T.);
#1994=ORIENTED_EDGE('',*,*,#2961,.F.);
#1995=ORIENTED_EDGE('',*,*,#2962,.F.);
#1996=ORIENTED_EDGE('',*,*,#2900,.F.);
#1997=ORIENTED_EDGE('',*,*,#2872,.T.);
#1998=CARTESIAN_POINT('',(3.93696,-1.905,2.54));
#1999=DIRECTION('',(-0.707106781186548,-0.707106781186548,-8.65927457071936E-17));
#2000=DIRECTION('',(-0.707106781186548,0.707106781186548,-8.65927457071936E-17));
#2001=SURFACE_STYLE_FILL_AREA(#2963);
#2002=ORIENTED_EDGE('',*,*,#2953,.T.);
#2003=ORIENTED_EDGE('',*,*,#2964,.F.);
#2004=ORIENTED_EDGE('',*,*,#2965,.T.);
#2005=ORIENTED_EDGE('',*,*,#2961,.T.);
#2006=CARTESIAN_POINT('',(4.06396,-2.286,2.54));
#2007=DIRECTION('',(-1.0,4.37095678986282E-16,-1.22460635382238E-16));
#2008=DIRECTION('',(4.37095678986282E-16,1.0,5.35270145714907E-32));
#2009=SURFACE_STYLE_FILL_AREA(#2966);
#2010=ORIENTED_EDGE('',*,*,#2952,.T.);
#2011=ORIENTED_EDGE('',*,*,#2967,.T.);
#2012=ORIENTED_EDGE('',*,*,#2968,.F.);
#2013=ORIENTED_EDGE('',*,*,#2969,.T.);
#2014=ORIENTED_EDGE('',*,*,#2964,.T.);
#2015=CARTESIAN_POINT('',(4.27986,-2.54,2.54));
#2016=DIRECTION('',(1.02846042114419E-15,-1.0,1.25945916638802E-31));
#2017=DIRECTION('',(-1.0,-1.02846042114419E-15,-1.22460635382238E-16));
#2018=SURFACE_STYLE_FILL_AREA(#2970);
#2019=ORIENTED_EDGE('',*,*,#2951,.T.);
#2020=ORIENTED_EDGE('',*,*,#2971,.F.);
#2021=ORIENTED_EDGE('',*,*,#2972,.F.);
#2022=ORIENTED_EDGE('',*,*,#2973,.F.);
#2023=ORIENTED_EDGE('',*,*,#2974,.F.);
#2024=ORIENTED_EDGE('',*,*,#2975,.F.);
#2025=ORIENTED_EDGE('',*,*,#2976,.F.);
#2026=ORIENTED_EDGE('',*,*,#2977,.F.);
#2027=ORIENTED_EDGE('',*,*,#2978,.F.);
#2028=ORIENTED_EDGE('',*,*,#2967,.F.);
#2029=CARTESIAN_POINT('',(0.000836726247900266,-1.28854612197503,0.0));
#2030=DIRECTION('',(0.0,0.0,1.0));
#2031=DIRECTION('',(1.0,0.0,0.0));
#2032=SURFACE_STYLE_FILL_AREA(#2979);
#2033=ORIENTED_EDGE('',*,*,#2980,.F.);
#2034=ORIENTED_EDGE('',*,*,#2981,.F.);
#2035=ORIENTED_EDGE('',*,*,#2923,.F.);
#2036=ORIENTED_EDGE('',*,*,#2929,.F.);
#2037=ORIENTED_EDGE('',*,*,#2982,.T.);
#2038=ORIENTED_EDGE('',*,*,#2983,.F.);
#2039=CARTESIAN_POINT('',(1.27,0.4,0.254));
#2040=DIRECTION('',(0.0,-6.12303176911189E-17,1.0));
#2041=DIRECTION('',(-1.0,0.0,0.0));
#2042=SURFACE_STYLE_FILL_AREA(#2984);
#2043=ORIENTED_EDGE('',*,*,#2985,.F.);
#2044=ORIENTED_EDGE('',*,*,#2982,.F.);
#2045=ORIENTED_EDGE('',*,*,#2928,.F.);
#2046=ORIENTED_EDGE('',*,*,#2986,.F.);
#2047=ORIENTED_EDGE('',*,*,#2987,.F.);
#2048=ORIENTED_EDGE('',*,*,#2988,.F.);
#2049=CARTESIAN_POINT('',(1.462,0.4,0.127));
#2050=DIRECTION('',(0.898632393830746,-2.68618890679591E-17,0.438702428484301));
#2051=DIRECTION('',(-0.438702428484301,-5.50235469617872E-17,0.898632393830746));
#2052=SURFACE_STYLE_FILL_AREA(#2989);
#2053=ORIENTED_EDGE('',*,*,#2990,.F.);
#2054=ORIENTED_EDGE('',*,*,#2991,.F.);
#2055=ORIENTED_EDGE('',*,*,#2992,.F.);
#2056=ORIENTED_EDGE('',*,*,#2993,.F.);
#2057=ORIENTED_EDGE('',*,*,#2924,.F.);
#2058=ORIENTED_EDGE('',*,*,#2981,.T.);
#2059=CARTESIAN_POINT('',(1.078,0.4,0.127));
#2060=DIRECTION('',(-0.898632393830746,-2.68618890679591E-17,0.438702428484301));
#2061=DIRECTION('',(-0.438702428484301,5.50235469617872E-17,-0.898632393830746));
#2062=SURFACE_STYLE_FILL_AREA(#2994);
#2063=ORIENTED_EDGE('',*,*,#2912,.T.);
#2064=ORIENTED_EDGE('',*,*,#2995,.F.);
#2065=ORIENTED_EDGE('',*,*,#2983,.T.);
#2066=ORIENTED_EDGE('',*,*,#2985,.T.);
#2067=ORIENTED_EDGE('',*,*,#2996,.T.);
#2068=ORIENTED_EDGE('',*,*,#2997,.T.);
#2069=ORIENTED_EDGE('',*,*,#2942,.T.);
#2070=ORIENTED_EDGE('',*,*,#2917,.T.);
#2071=CARTESIAN_POINT('',(1.39696,-1.905,0.0));
#2072=DIRECTION('',(-0.707106781186548,-0.707106781186548,0.0));
#2073=DIRECTION('',(0.707106781186548,-0.707106781186548,0.0));
#2074=SURFACE_STYLE_FILL_AREA(#2998);
#2075=ORIENTED_EDGE('',*,*,#2988,.T.);
#2076=ORIENTED_EDGE('',*,*,#2999,.T.);
#2077=ORIENTED_EDGE('',*,*,#3000,.T.);
#2078=ORIENTED_EDGE('',*,*,#2996,.F.);
#2079=CARTESIAN_POINT('',(1.52396,-2.286,0.0));
#2080=DIRECTION('',(-1.0,0.0,0.0));
#2081=DIRECTION('',(0.0,-1.0,0.0));
#2082=SURFACE_STYLE_FILL_AREA(#3001);
#2083=ORIENTED_EDGE('',*,*,#2987,.T.);
#2084=ORIENTED_EDGE('',*,*,#3002,.T.);
#2085=ORIENTED_EDGE('',*,*,#3003,.T.);
#2086=ORIENTED_EDGE('',*,*,#3004,.T.);
#2087=ORIENTED_EDGE('',*,*,#2999,.F.);
#2088=CARTESIAN_POINT('',(1.73986,-2.54,0.0));
#2089=DIRECTION('',(1.02846042114419E-15,-1.0,0.0));
#2090=DIRECTION('',(1.0,1.02846042114419E-15,0.0));
#2091=SURFACE_STYLE_FILL_AREA(#3005);
#2092=ORIENTED_EDGE('',*,*,#2958,.T.);
#2093=ORIENTED_EDGE('',*,*,#3006,.F.);
#2094=ORIENTED_EDGE('',*,*,#3007,.F.);
#2095=ORIENTED_EDGE('',*,*,#3008,.F.);
#2096=ORIENTED_EDGE('',*,*,#3009,.T.);
#2097=ORIENTED_EDGE('',*,*,#3002,.F.);
#2098=ORIENTED_EDGE('',*,*,#2986,.T.);
#2099=ORIENTED_EDGE('',*,*,#3010,.T.);
#2100=CARTESIAN_POINT('',(0.000836726247900266,-1.28854612197503,0.0));
#2101=DIRECTION('',(0.0,0.0,1.0));
#2102=DIRECTION('',(1.0,0.0,0.0));
#2103=SURFACE_STYLE_FILL_AREA(#3011);
#2104=ORIENTED_EDGE('',*,*,#3012,.F.);
#2105=ORIENTED_EDGE('',*,*,#3013,.F.);
#2106=ORIENTED_EDGE('',*,*,#2965,.F.);
#2107=ORIENTED_EDGE('',*,*,#2969,.F.);
#2108=CARTESIAN_POINT('',(5.08,-2.332,0.4318));
#2109=DIRECTION('',(1.22460635382238E-16,0.0,-1.0));
#2110=DIRECTION('',(-1.0,0.0,-1.22460635382238E-16));
#2111=SURFACE_STYLE_FILL_AREA(#3014);
#2112=ORIENTED_EDGE('',*,*,#3015,.F.);
#2113=ORIENTED_EDGE('',*,*,#3016,.F.);
#2114=ORIENTED_EDGE('',*,*,#3017,.F.);
#2115=ORIENTED_EDGE('',*,*,#3018,.F.);
#2116=CARTESIAN_POINT('',(5.08,-2.332,0.4318));
#2117=DIRECTION('',(1.22460635382238E-16,0.0,-1.0));
#2118=DIRECTION('',(-1.0,0.0,-1.22460635382238E-16));
#2119=SURFACE_STYLE_FILL_AREA(#3019);
#2120=ORIENTED_EDGE('',*,*,#3020,.F.);
#2121=ORIENTED_EDGE('',*,*,#2897,.F.);
#2122=ORIENTED_EDGE('',*,*,#2901,.F.);
#2123=ORIENTED_EDGE('',*,*,#3021,.F.);
#2124=CARTESIAN_POINT('',(5.08,-2.332,2.1082));
#2125=DIRECTION('',(1.22460635382238E-16,0.0,-1.0));
#2126=DIRECTION('',(-1.0,0.0,-1.22460635382238E-16));
#2127=SURFACE_STYLE_FILL_AREA(#3022);
#2128=ORIENTED_EDGE('',*,*,#3023,.F.);
#2129=ORIENTED_EDGE('',*,*,#3024,.F.);
#2130=ORIENTED_EDGE('',*,*,#3025,.F.);
#2131=ORIENTED_EDGE('',*,*,#3026,.F.);
#2132=CARTESIAN_POINT('',(5.08,-2.332,2.1082));
#2133=DIRECTION('',(1.22460635382238E-16,0.0,-1.0));
#2134=DIRECTION('',(-1.0,0.0,-1.22460635382238E-16));
#2135=SURFACE_STYLE_FILL_AREA(#3027);
#2136=ORIENTED_EDGE('',*,*,#2698,.T.);
#2137=ORIENTED_EDGE('',*,*,#2693,.T.);
#2138=ORIENTED_EDGE('',*,*,#2738,.T.);
#2139=ORIENTED_EDGE('',*,*,#2735,.T.);
#2140=ORIENTED_EDGE('',*,*,#3028,.F.);
#2141=ORIENTED_EDGE('',*,*,#2892,.T.);
#2142=ORIENTED_EDGE('',*,*,#3029,.T.);
#2143=ORIENTED_EDGE('',*,*,#3026,.T.);
#2144=ORIENTED_EDGE('',*,*,#3030,.F.);
#2145=ORIENTED_EDGE('',*,*,#2888,.T.);
#2146=ORIENTED_EDGE('',*,*,#3031,.T.);
#2147=ORIENTED_EDGE('',*,*,#3021,.T.);
#2148=ORIENTED_EDGE('',*,*,#2962,.T.);
#2149=ORIENTED_EDGE('',*,*,#3013,.T.);
#2150=ORIENTED_EDGE('',*,*,#3032,.T.);
#2151=ORIENTED_EDGE('',*,*,#2977,.T.);
#2152=ORIENTED_EDGE('',*,*,#3033,.F.);
#2153=ORIENTED_EDGE('',*,*,#3016,.T.);
#2154=ORIENTED_EDGE('',*,*,#3034,.T.);
#2155=ORIENTED_EDGE('',*,*,#2973,.T.);
#2156=CARTESIAN_POINT('',(6.22427,-2.032,2.54));
#2157=DIRECTION('',(0.0,-1.0,-0.0));
#2158=DIRECTION('',(-1.0,0.0,-1.22460635382238E-16));
#2159=SURFACE_STYLE_FILL_AREA(#3035);
#2160=ORIENTED_EDGE('',*,*,#3023,.T.);
#2161=ORIENTED_EDGE('',*,*,#3029,.F.);
#2162=ORIENTED_EDGE('',*,*,#2891,.T.);
#2163=ORIENTED_EDGE('',*,*,#3036,.T.);
#2164=CARTESIAN_POINT('',(6.09854,-2.286,2.54));
#2165=DIRECTION('',(1.0,0.0,1.22460635382238E-16));
#2166=DIRECTION('',(0.0,-1.0,-0.0));
#2167=SURFACE_STYLE_FILL_AREA(#3037);
#2168=ORIENTED_EDGE('',*,*,#3015,.T.);
#2169=ORIENTED_EDGE('',*,*,#3038,.T.);
#2170=ORIENTED_EDGE('',*,*,#2974,.T.);
#2171=ORIENTED_EDGE('',*,*,#3034,.F.);
#2172=CARTESIAN_POINT('',(6.09854,-2.286,2.54));
#2173=DIRECTION('',(1.0,0.0,1.22460635382238E-16));
#2174=DIRECTION('',(0.0,-1.0,-0.0));
#2175=SURFACE_STYLE_FILL_AREA(#3039);
#2176=ORIENTED_EDGE('',*,*,#3024,.T.);
#2177=ORIENTED_EDGE('',*,*,#3036,.F.);
#2178=ORIENTED_EDGE('',*,*,#2890,.T.);
#2179=ORIENTED_EDGE('',*,*,#3040,.T.);
#2180=CARTESIAN_POINT('',(5.88264,-2.54,2.54));
#2181=DIRECTION('',(-1.02846042114419E-15,-1.0,-1.25945916638802E-31));
#2182=DIRECTION('',(-1.0,1.02846042114419E-15,-1.22460635382238E-16));
#2183=SURFACE_STYLE_FILL_AREA(#3041);
#2184=ORIENTED_EDGE('',*,*,#3018,.T.);
#2185=ORIENTED_EDGE('',*,*,#3042,.T.);
#2186=ORIENTED_EDGE('',*,*,#2975,.T.);
#2187=ORIENTED_EDGE('',*,*,#3038,.F.);
#2188=CARTESIAN_POINT('',(5.88264,-2.54,2.54));
#2189=DIRECTION('',(-1.02846042114419E-15,-1.0,-1.25945916638802E-31));
#2190=DIRECTION('',(-1.0,1.02846042114419E-15,-1.22460635382238E-16));
#2191=SURFACE_STYLE_FILL_AREA(#3043);
#2192=ORIENTED_EDGE('',*,*,#3025,.T.);
#2193=ORIENTED_EDGE('',*,*,#3040,.F.);
#2194=ORIENTED_EDGE('',*,*,#2889,.F.);
#2195=ORIENTED_EDGE('',*,*,#3030,.T.);
#2196=CARTESIAN_POINT('',(5.66674,-2.286,2.54));
#2197=DIRECTION('',(-1.0,0.0,-1.22460635382238E-16));
#2198=DIRECTION('',(0.0,1.0,0.0));
#2199=SURFACE_STYLE_FILL_AREA(#3044);
#2200=ORIENTED_EDGE('',*,*,#3017,.T.);
#2201=ORIENTED_EDGE('',*,*,#3033,.T.);
#2202=ORIENTED_EDGE('',*,*,#2976,.T.);
#2203=ORIENTED_EDGE('',*,*,#3042,.F.);
#2204=CARTESIAN_POINT('',(5.66674,-2.286,2.54));
#2205=DIRECTION('',(-1.0,0.0,-1.22460635382238E-16));
#2206=DIRECTION('',(0.0,1.0,0.0));
#2207=SURFACE_STYLE_FILL_AREA(#3045);
#2208=ORIENTED_EDGE('',*,*,#3020,.T.);
#2209=ORIENTED_EDGE('',*,*,#3031,.F.);
#2210=ORIENTED_EDGE('',*,*,#2887,.T.);
#2211=ORIENTED_EDGE('',*,*,#2898,.T.);
#2212=CARTESIAN_POINT('',(4.49576,-2.286,2.54));
#2213=DIRECTION('',(1.0,0.0,1.22460635382238E-16));
#2214=DIRECTION('',(0.0,-1.0,-0.0));
#2215=SURFACE_STYLE_FILL_AREA(#3046);
#2216=ORIENTED_EDGE('',*,*,#3012,.T.);
#2217=ORIENTED_EDGE('',*,*,#2968,.T.);
#2218=ORIENTED_EDGE('',*,*,#2978,.T.);
#2219=ORIENTED_EDGE('',*,*,#3032,.F.);
#2220=CARTESIAN_POINT('',(4.49576,-2.286,2.54));
#2221=DIRECTION('',(1.0,0.0,1.22460635382238E-16));
#2222=DIRECTION('',(0.0,-1.0,-0.0));
#2223=SURFACE_STYLE_FILL_AREA(#3047);
#2224=ORIENTED_EDGE('',*,*,#2972,.T.);
#2225=ORIENTED_EDGE('',*,*,#3048,.F.);
#2226=ORIENTED_EDGE('',*,*,#2893,.T.);
#2227=ORIENTED_EDGE('',*,*,#3028,.T.);
#2228=CARTESIAN_POINT('',(6.35,-1.016,2.54));
#2229=DIRECTION('',(1.0,-2.18547839493141E-16,1.22460635382238E-16));
#2230=DIRECTION('',(-2.18547839493141E-16,-1.0,-2.67635072857454E-32));
#2231=SURFACE_STYLE_FILL_AREA(#3049);
#2232=ORIENTED_EDGE('',*,*,#2689,.T.);
#2233=ORIENTED_EDGE('',*,*,#2684,.T.);
#2234=ORIENTED_EDGE('',*,*,#2717,.T.);
#2235=ORIENTED_EDGE('',*,*,#2740,.T.);
#2236=ORIENTED_EDGE('',*,*,#2971,.T.);
#2237=ORIENTED_EDGE('',*,*,#2882,.F.);
#2238=ORIENTED_EDGE('',*,*,#2894,.F.);
#2239=ORIENTED_EDGE('',*,*,#3048,.T.);
#2240=CARTESIAN_POINT('',(5.207,0.0,2.54));
#2241=DIRECTION('',(0.0,1.0,0.0));
#2242=DIRECTION('',(1.0,-0.0,1.22460635382238E-16));
#2243=SURFACE_STYLE_FILL_AREA(#3050);
#2244=ORIENTED_EDGE('',*,*,#2993,.T.);
#2245=ORIENTED_EDGE('',*,*,#3051,.F.);
#2246=ORIENTED_EDGE('',*,*,#3052,.F.);
#2247=ORIENTED_EDGE('',*,*,#3053,.F.);
#2248=ORIENTED_EDGE('',*,*,#3054,.T.);
#2249=ORIENTED_EDGE('',*,*,#3055,.F.);
#2250=ORIENTED_EDGE('',*,*,#3056,.F.);
#2251=ORIENTED_EDGE('',*,*,#3057,.F.);
#2252=ORIENTED_EDGE('',*,*,#3058,.F.);
#2253=ORIENTED_EDGE('',*,*,#3059,.T.);
#2254=CARTESIAN_POINT('',(0.000836726247900266,-1.28854612197503,0.0));
#2255=DIRECTION('',(0.0,0.0,1.0));
#2256=DIRECTION('',(1.0,0.0,0.0));
#2257=SURFACE_STYLE_FILL_AREA(#3060);
#2258=ORIENTED_EDGE('',*,*,#3061,.F.);
#2259=ORIENTED_EDGE('',*,*,#3062,.F.);
#2260=ORIENTED_EDGE('',*,*,#3063,.F.);
#2261=ORIENTED_EDGE('',*,*,#3064,.F.);
#2262=CARTESIAN_POINT('',(2.54,-2.332,2.1082));
#2263=DIRECTION('',(0.0,0.0,1.0));
#2264=DIRECTION('',(1.0,0.0,0.0));
#2265=SURFACE_STYLE_FILL_AREA(#3065);
#2266=ORIENTED_EDGE('',*,*,#2943,.F.);
#2267=ORIENTED_EDGE('',*,*,#3066,.F.);
#2268=ORIENTED_EDGE('',*,*,#3067,.F.);
#2269=ORIENTED_EDGE('',*,*,#2939,.F.);
#2270=CARTESIAN_POINT('',(2.54,-2.332,2.1082));
#2271=DIRECTION('',(0.0,0.0,1.0));
#2272=DIRECTION('',(1.0,0.0,0.0));
#2273=SURFACE_STYLE_FILL_AREA(#3068);
#2274=ORIENTED_EDGE('',*,*,#3069,.F.);
#2275=ORIENTED_EDGE('',*,*,#3070,.F.);
#2276=ORIENTED_EDGE('',*,*,#3071,.F.);
#2277=ORIENTED_EDGE('',*,*,#3072,.F.);
#2278=CARTESIAN_POINT('',(2.54,-2.332,0.4318));
#2279=DIRECTION('',(0.0,0.0,1.0));
#2280=DIRECTION('',(1.0,0.0,0.0));
#2281=SURFACE_STYLE_FILL_AREA(#3073);
#2282=ORIENTED_EDGE('',*,*,#3000,.F.);
#2283=ORIENTED_EDGE('',*,*,#3004,.F.);
#2284=ORIENTED_EDGE('',*,*,#3074,.F.);
#2285=ORIENTED_EDGE('',*,*,#3075,.F.);
#2286=CARTESIAN_POINT('',(2.54,-2.332,0.4318));
#2287=DIRECTION('',(0.0,0.0,1.0));
#2288=DIRECTION('',(1.0,0.0,0.0));
#2289=SURFACE_STYLE_FILL_AREA(#3076);
#2290=ORIENTED_EDGE('',*,*,#3074,.T.);
#2291=ORIENTED_EDGE('',*,*,#3003,.F.);
#2292=ORIENTED_EDGE('',*,*,#3009,.F.);
#2293=ORIENTED_EDGE('',*,*,#3077,.T.);
#2294=CARTESIAN_POINT('',(1.95576,-2.286,0.0));
#2295=DIRECTION('',(1.0,0.0,0.0));
#2296=DIRECTION('',(0.0,1.0,0.0));
#2297=SURFACE_STYLE_FILL_AREA(#3078);
#2298=ORIENTED_EDGE('',*,*,#3067,.T.);
#2299=ORIENTED_EDGE('',*,*,#3079,.T.);
#2300=ORIENTED_EDGE('',*,*,#2933,.T.);
#2301=ORIENTED_EDGE('',*,*,#2940,.F.);
#2302=CARTESIAN_POINT('',(1.95576,-2.286,0.0));
#2303=DIRECTION('',(1.0,0.0,0.0));
#2304=DIRECTION('',(0.0,1.0,0.0));
#2305=SURFACE_STYLE_FILL_AREA(#3080);
#2306=ORIENTED_EDGE('',*,*,#2756,.T.);
#2307=ORIENTED_EDGE('',*,*,#2751,.T.);
#2308=ORIENTED_EDGE('',*,*,#2796,.T.);
#2309=ORIENTED_EDGE('',*,*,#2793,.T.);
#2310=ORIENTED_EDGE('',*,*,#3079,.F.);
#2311=ORIENTED_EDGE('',*,*,#3066,.T.);
#2312=ORIENTED_EDGE('',*,*,#2997,.F.);
#2313=ORIENTED_EDGE('',*,*,#3075,.T.);
#2314=ORIENTED_EDGE('',*,*,#3077,.F.);
#2315=ORIENTED_EDGE('',*,*,#3008,.T.);
#2316=ORIENTED_EDGE('',*,*,#3081,.T.);
#2317=ORIENTED_EDGE('',*,*,#3072,.T.);
#2318=ORIENTED_EDGE('',*,*,#3082,.T.);
#2319=ORIENTED_EDGE('',*,*,#3062,.T.);
#2320=ORIENTED_EDGE('',*,*,#3083,.T.);
#2321=ORIENTED_EDGE('',*,*,#2934,.T.);
#2322=CARTESIAN_POINT('',(2.54,-2.032,0.0));
#2323=DIRECTION('',(0.0,-1.0,0.0));
#2324=DIRECTION('',(1.0,0.0,0.0));
#2325=SURFACE_STYLE_FILL_AREA(#3084);
#2326=ORIENTED_EDGE('',*,*,#3069,.T.);
#2327=ORIENTED_EDGE('',*,*,#3081,.F.);
#2328=ORIENTED_EDGE('',*,*,#3007,.T.);
#2329=ORIENTED_EDGE('',*,*,#3085,.T.);
#2330=CARTESIAN_POINT('',(3.12424,-2.286,0.0));
#2331=DIRECTION('',(-1.0,0.0,0.0));
#2332=DIRECTION('',(0.0,-1.0,0.0));
#2333=SURFACE_STYLE_FILL_AREA(#3086);
#2334=ORIENTED_EDGE('',*,*,#3061,.T.);
#2335=ORIENTED_EDGE('',*,*,#3087,.T.);
#2336=ORIENTED_EDGE('',*,*,#2935,.T.);
#2337=ORIENTED_EDGE('',*,*,#3083,.F.);
#2338=CARTESIAN_POINT('',(3.12424,-2.286,0.0));
#2339=DIRECTION('',(-1.0,0.0,0.0));
#2340=DIRECTION('',(0.0,-1.0,0.0));
#2341=SURFACE_STYLE_FILL_AREA(#3088);
#2342=ORIENTED_EDGE('',*,*,#2957,.T.);
#2343=ORIENTED_EDGE('',*,*,#3089,.T.);
#2344=ORIENTED_EDGE('',*,*,#3070,.T.);
#2345=ORIENTED_EDGE('',*,*,#3085,.F.);
#2346=ORIENTED_EDGE('',*,*,#3006,.T.);
#2347=CARTESIAN_POINT('',(3.34014,-2.54,0.0));
#2348=DIRECTION('',(-1.02846042114419E-15,-1.0,0.0));
#2349=DIRECTION('',(1.0,-1.02846042114419E-15,0.0));
#2350=SURFACE_STYLE_FILL_AREA(#3090);
#2351=ORIENTED_EDGE('',*,*,#2860,.T.);
#2352=ORIENTED_EDGE('',*,*,#2936,.T.);
#2353=ORIENTED_EDGE('',*,*,#3087,.F.);
#2354=ORIENTED_EDGE('',*,*,#3064,.T.);
#2355=ORIENTED_EDGE('',*,*,#3091,.T.);
#2356=CARTESIAN_POINT('',(3.34014,-2.54,0.0));
#2357=DIRECTION('',(-1.02846042114419E-15,-1.0,0.0));
#2358=DIRECTION('',(1.0,-1.02846042114419E-15,0.0));
#2359=SURFACE_STYLE_FILL_AREA(#3092);
#2360=ORIENTED_EDGE('',*,*,#2956,.T.);
#2361=ORIENTED_EDGE('',*,*,#3093,.T.);
#2362=ORIENTED_EDGE('',*,*,#3071,.T.);
#2363=ORIENTED_EDGE('',*,*,#3089,.F.);
#2364=CARTESIAN_POINT('',(3.55604,-2.286,0.0));
#2365=DIRECTION('',(1.0,4.37095678986282E-16,0.0));
#2366=DIRECTION('',(-4.37095678986282E-16,1.0,0.0));
#2367=SURFACE_STYLE_FILL_AREA(#3094);
#2368=ORIENTED_EDGE('',*,*,#2861,.T.);
#2369=ORIENTED_EDGE('',*,*,#3091,.F.);
#2370=ORIENTED_EDGE('',*,*,#3063,.T.);
#2371=ORIENTED_EDGE('',*,*,#3095,.T.);
#2372=CARTESIAN_POINT('',(3.55604,-2.286,0.0));
#2373=DIRECTION('',(1.0,4.37095678986282E-16,0.0));
#2374=DIRECTION('',(-4.37095678986282E-16,1.0,0.0));
#2375=SURFACE_STYLE_FILL_AREA(#3096);
#2376=ORIENTED_EDGE('',*,*,#2862,.T.);
#2377=ORIENTED_EDGE('',*,*,#3095,.F.);
#2378=ORIENTED_EDGE('',*,*,#3082,.F.);
#2379=ORIENTED_EDGE('',*,*,#3093,.F.);
#2380=ORIENTED_EDGE('',*,*,#2955,.T.);
#2381=ORIENTED_EDGE('',*,*,#2945,.T.);
#2382=ORIENTED_EDGE('',*,*,#2960,.T.);
#2383=ORIENTED_EDGE('',*,*,#2866,.T.);
#2384=CARTESIAN_POINT('',(3.68304,-1.905,0.0));
#2385=DIRECTION('',(0.707106781186548,-0.707106781186548,0.0));
#2386=DIRECTION('',(0.707106781186548,0.707106781186548,0.0));
#2387=SURFACE_STYLE_FILL_AREA(#3097);
#2388=ORIENTED_EDGE('',*,*,#2747,.T.);
#2389=ORIENTED_EDGE('',*,*,#2742,.T.);
#2390=ORIENTED_EDGE('',*,*,#2775,.T.);
#2391=ORIENTED_EDGE('',*,*,#2798,.T.);
#2392=ORIENTED_EDGE('',*,*,#2931,.T.);
#2393=ORIENTED_EDGE('',*,*,#2880,.F.);
#2394=ORIENTED_EDGE('',*,*,#3010,.F.);
#2395=ORIENTED_EDGE('',*,*,#2927,.T.);
#2396=CARTESIAN_POINT('',(2.54,0.0,0.0));
#2397=DIRECTION('',(0.0,1.0,0.0));
#2398=DIRECTION('',(-1.0,0.0,0.0));
#2399=SURFACE_STYLE_FILL_AREA(#3098);
#2400=ORIENTED_EDGE('',*,*,#2904,.T.);
#2401=ORIENTED_EDGE('',*,*,#3099,.F.);
#2402=ORIENTED_EDGE('',*,*,#3100,.F.);
#2403=ORIENTED_EDGE('',*,*,#3101,.F.);
#2404=ORIENTED_EDGE('',*,*,#3102,.F.);
#2405=ORIENTED_EDGE('',*,*,#3103,.F.);
#2406=ORIENTED_EDGE('',*,*,#3104,.F.);
#2407=ORIENTED_EDGE('',*,*,#3105,.F.);
#2408=ORIENTED_EDGE('',*,*,#3106,.F.);
#2409=ORIENTED_EDGE('',*,*,#3107,.F.);
#2410=CARTESIAN_POINT('',(0.000836726247900266,-1.28854612197503,2.54));
#2411=DIRECTION('',(0.0,0.0,1.0));
#2412=DIRECTION('',(1.0,0.0,0.0));
#2413=SURFACE_STYLE_FILL_AREA(#3108);
#2414=ORIENTED_EDGE('',*,*,#3109,.F.);
#2415=ORIENTED_EDGE('',*,*,#3110,.F.);
#2416=ORIENTED_EDGE('',*,*,#3111,.F.);
#2417=ORIENTED_EDGE('',*,*,#3112,.F.);
#2418=CARTESIAN_POINT('',(-1.197,-0.927,1.269));
#2419=DIRECTION('',(0.0,-1.0,0.0));
#2420=DIRECTION('',(0.0,0.0,-1.0));
#2421=SURFACE_STYLE_FILL_AREA(#3113);
#2422=ORIENTED_EDGE('',*,*,#3114,.F.);
#2423=ORIENTED_EDGE('',*,*,#3115,.T.);
#2424=ORIENTED_EDGE('',*,*,#3116,.T.);
#2425=ORIENTED_EDGE('',*,*,#3110,.T.);
#2426=CARTESIAN_POINT('',(-1.197,-1.017,1.184));
#2427=DIRECTION('',(0.0,0.0,1.0));
#2428=DIRECTION('',(1.0,0.0,0.0));
#2429=SURFACE_STYLE_FILL_AREA(#3117);
#2430=ORIENTED_EDGE('',*,*,#3118,.F.);
#2431=ORIENTED_EDGE('',*,*,#3112,.T.);
#2432=ORIENTED_EDGE('',*,*,#3119,.T.);
#2433=ORIENTED_EDGE('',*,*,#3120,.T.);
#2434=CARTESIAN_POINT('',(-1.197,-1.017,1.354));
#2435=DIRECTION('',(0.0,0.0,1.0));
#2436=DIRECTION('',(1.0,0.0,0.0));
#2437=SURFACE_STYLE_FILL_AREA(#3121);
#2438=ORIENTED_EDGE('',*,*,#3122,.F.);
#2439=ORIENTED_EDGE('',*,*,#3120,.F.);
#2440=ORIENTED_EDGE('',*,*,#3123,.T.);
#2441=ORIENTED_EDGE('',*,*,#3115,.F.);
#2442=CARTESIAN_POINT('',(-1.197,-1.107,1.269));
#2443=DIRECTION('',(0.0,1.0,0.0));
#2444=DIRECTION('',(0.0,0.0,1.0));
#2445=SURFACE_STYLE_FILL_AREA(#3124);
#2446=ORIENTED_EDGE('',*,*,#3111,.T.);
#2447=ORIENTED_EDGE('',*,*,#3116,.F.);
#2448=ORIENTED_EDGE('',*,*,#3123,.F.);
#2449=ORIENTED_EDGE('',*,*,#3119,.F.);
#2450=CARTESIAN_POINT('',(-1.397,-1.017,1.269));
#2451=DIRECTION('',(1.0,0.0,0.0));
#2452=DIRECTION('',(0.0,0.0,-1.0));
#2453=SURFACE_STYLE_FILL_AREA(#3125);
#2454=ORIENTED_EDGE('',*,*,#3126,.F.);
#2455=ORIENTED_EDGE('',*,*,#3127,.F.);
#2456=ORIENTED_EDGE('',*,*,#3128,.F.);
#2457=ORIENTED_EDGE('',*,*,#3129,.F.);
#2458=CARTESIAN_POINT('',(-1.217,-1.04,2.21));
#2459=DIRECTION('',(0.0,0.0,1.0));
#2460=DIRECTION('',(1.0,0.0,0.0));
#2461=SURFACE_STYLE_FILL_AREA(#3130);
#2462=ORIENTED_EDGE('',*,*,#3131,.F.);
#2463=ORIENTED_EDGE('',*,*,#3132,.F.);
#2464=ORIENTED_EDGE('',*,*,#3133,.F.);
#2465=ORIENTED_EDGE('',*,*,#3134,.F.);
#2466=CARTESIAN_POINT('',(-1.217,-1.04,0.33));
#2467=DIRECTION('',(0.0,0.0,1.0));
#2468=DIRECTION('',(1.0,0.0,0.0));
#2469=SURFACE_STYLE_FILL_AREA(#3135);
#2470=ORIENTED_EDGE('',*,*,#3114,.T.);
#2471=ORIENTED_EDGE('',*,*,#3109,.T.);
#2472=ORIENTED_EDGE('',*,*,#3118,.T.);
#2473=ORIENTED_EDGE('',*,*,#3122,.T.);
#2474=ORIENTED_EDGE('',*,*,#3136,.F.);
#2475=ORIENTED_EDGE('',*,*,#3134,.T.);
#2476=ORIENTED_EDGE('',*,*,#3137,.F.);
#2477=ORIENTED_EDGE('',*,*,#3127,.T.);
#2478=CARTESIAN_POINT('',(-1.067,-1.04,1.27));
#2479=DIRECTION('',(-1.0,0.0,0.0));
#2480=DIRECTION('',(0.0,0.0,1.0));
#2481=SURFACE_STYLE_FILL_AREA(#3138);
#2482=ORIENTED_EDGE('',*,*,#2814,.T.);
#2483=ORIENTED_EDGE('',*,*,#2809,.T.);
#2484=ORIENTED_EDGE('',*,*,#2854,.T.);
#2485=ORIENTED_EDGE('',*,*,#2851,.T.);
#2486=ORIENTED_EDGE('',*,*,#3128,.T.);
#2487=ORIENTED_EDGE('',*,*,#3137,.T.);
#2488=ORIENTED_EDGE('',*,*,#3133,.T.);
#2489=ORIENTED_EDGE('',*,*,#3139,.F.);
#2490=ORIENTED_EDGE('',*,*,#3057,.T.);
#2491=ORIENTED_EDGE('',*,*,#3140,.T.);
#2492=ORIENTED_EDGE('',*,*,#3141,.T.);
#2493=ORIENTED_EDGE('',*,*,#3142,.F.);
#2494=ORIENTED_EDGE('',*,*,#3053,.T.);
#2495=ORIENTED_EDGE('',*,*,#3143,.T.);
#2496=ORIENTED_EDGE('',*,*,#3144,.T.);
#2497=ORIENTED_EDGE('',*,*,#3145,.T.);
#2498=ORIENTED_EDGE('',*,*,#3146,.T.);
#2499=ORIENTED_EDGE('',*,*,#3147,.T.);
#2500=ORIENTED_EDGE('',*,*,#3105,.T.);
#2501=ORIENTED_EDGE('',*,*,#3148,.F.);
#2502=ORIENTED_EDGE('',*,*,#3149,.T.);
#2503=ORIENTED_EDGE('',*,*,#3150,.T.);
#2504=ORIENTED_EDGE('',*,*,#3101,.T.);
#2505=ORIENTED_EDGE('',*,*,#3151,.F.);
#2506=CARTESIAN_POINT('',(-1.14427,-2.032,0.0));
#2507=DIRECTION('',(0.0,-1.0,0.0));
#2508=DIRECTION('',(1.0,0.0,0.0));
#2509=SURFACE_STYLE_FILL_AREA(#3152);
#2510=ORIENTED_EDGE('',*,*,#3132,.T.);
#2511=ORIENTED_EDGE('',*,*,#3153,.F.);
#2512=ORIENTED_EDGE('',*,*,#3058,.T.);
#2513=ORIENTED_EDGE('',*,*,#3139,.T.);
#2514=CARTESIAN_POINT('',(-1.27,-1.016,0.0));
#2515=DIRECTION('',(-1.0,-2.18547839493141E-16,0.0));
#2516=DIRECTION('',(2.18547839493141E-16,-1.0,0.0));
#2517=SURFACE_STYLE_FILL_AREA(#3154);
#2518=ORIENTED_EDGE('',*,*,#3129,.T.);
#2519=ORIENTED_EDGE('',*,*,#3151,.T.);
#2520=ORIENTED_EDGE('',*,*,#3100,.T.);
#2521=ORIENTED_EDGE('',*,*,#3155,.F.);
#2522=CARTESIAN_POINT('',(-1.27,-1.016,0.0));
#2523=DIRECTION('',(-1.0,-2.18547839493141E-16,0.0));
#2524=DIRECTION('',(2.18547839493141E-16,-1.0,0.0));
#2525=SURFACE_STYLE_FILL_AREA(#3156);
#2526=ORIENTED_EDGE('',*,*,#3157,.F.);
#2527=ORIENTED_EDGE('',*,*,#3146,.F.);
#2528=ORIENTED_EDGE('',*,*,#3158,.F.);
#2529=ORIENTED_EDGE('',*,*,#3159,.F.);
#2530=CARTESIAN_POINT('',(0.0,-2.332,2.1082));
#2531=DIRECTION('',(0.0,0.0,1.0));
#2532=DIRECTION('',(1.0,0.0,0.0));
#2533=SURFACE_STYLE_FILL_AREA(#3160);
#2534=ORIENTED_EDGE('',*,*,#3161,.F.);
#2535=ORIENTED_EDGE('',*,*,#3149,.F.);
#2536=ORIENTED_EDGE('',*,*,#3162,.F.);
#2537=ORIENTED_EDGE('',*,*,#3163,.F.);
#2538=CARTESIAN_POINT('',(0.0,-2.332,2.1082));
#2539=DIRECTION('',(0.0,0.0,1.0));
#2540=DIRECTION('',(1.0,0.0,0.0));
#2541=SURFACE_STYLE_FILL_AREA(#3164);
#2542=ORIENTED_EDGE('',*,*,#3165,.F.);
#2543=ORIENTED_EDGE('',*,*,#3166,.F.);
#2544=ORIENTED_EDGE('',*,*,#3167,.F.);
#2545=ORIENTED_EDGE('',*,*,#3144,.F.);
#2546=CARTESIAN_POINT('',(0.0,-2.332,0.4318));
#2547=DIRECTION('',(0.0,0.0,1.0));
#2548=DIRECTION('',(1.0,0.0,0.0));
#2549=SURFACE_STYLE_FILL_AREA(#3168);
#2550=ORIENTED_EDGE('',*,*,#3169,.F.);
#2551=ORIENTED_EDGE('',*,*,#3170,.F.);
#2552=ORIENTED_EDGE('',*,*,#3171,.F.);
#2553=ORIENTED_EDGE('',*,*,#3141,.F.);
#2554=CARTESIAN_POINT('',(0.0,-2.332,0.4318));
#2555=DIRECTION('',(0.0,0.0,1.0));
#2556=DIRECTION('',(1.0,0.0,0.0));
#2557=SURFACE_STYLE_FILL_AREA(#3172);
#2558=ORIENTED_EDGE('',*,*,#3169,.T.);
#2559=ORIENTED_EDGE('',*,*,#3140,.F.);
#2560=ORIENTED_EDGE('',*,*,#3056,.T.);
#2561=ORIENTED_EDGE('',*,*,#3173,.T.);
#2562=CARTESIAN_POINT('',(-1.01854,-2.286,0.0));
#2563=DIRECTION('',(-1.0,0.0,0.0));
#2564=DIRECTION('',(0.0,-1.0,0.0));
#2565=SURFACE_STYLE_FILL_AREA(#3174);
#2566=ORIENTED_EDGE('',*,*,#3161,.T.);
#2567=ORIENTED_EDGE('',*,*,#3175,.T.);
#2568=ORIENTED_EDGE('',*,*,#3102,.T.);
#2569=ORIENTED_EDGE('',*,*,#3150,.F.);
#2570=CARTESIAN_POINT('',(-1.01854,-2.286,0.0));
#2571=DIRECTION('',(-1.0,0.0,0.0));
#2572=DIRECTION('',(0.0,-1.0,0.0));
#2573=SURFACE_STYLE_FILL_AREA(#3176);
#2574=ORIENTED_EDGE('',*,*,#3170,.T.);
#2575=ORIENTED_EDGE('',*,*,#3173,.F.);
#2576=ORIENTED_EDGE('',*,*,#3055,.T.);
#2577=ORIENTED_EDGE('',*,*,#3177,.T.);
#2578=CARTESIAN_POINT('',(-0.80264,-2.54,0.0));
#2579=DIRECTION('',(1.02846042114419E-15,-1.0,0.0));
#2580=DIRECTION('',(1.0,1.02846042114419E-15,0.0));
#2581=SURFACE_STYLE_FILL_AREA(#3178);
#2582=ORIENTED_EDGE('',*,*,#3163,.T.);
#2583=ORIENTED_EDGE('',*,*,#3179,.T.);
#2584=ORIENTED_EDGE('',*,*,#3103,.T.);
#2585=ORIENTED_EDGE('',*,*,#3175,.F.);
#2586=CARTESIAN_POINT('',(-0.80264,-2.54,0.0));
#2587=DIRECTION('',(1.02846042114419E-15,-1.0,0.0));
#2588=DIRECTION('',(1.0,1.02846042114419E-15,0.0));
#2589=SURFACE_STYLE_FILL_AREA(#3180);
#2590=ORIENTED_EDGE('',*,*,#3171,.T.);
#2591=ORIENTED_EDGE('',*,*,#3177,.F.);
#2592=ORIENTED_EDGE('',*,*,#3054,.F.);
#2593=ORIENTED_EDGE('',*,*,#3142,.T.);
#2594=CARTESIAN_POINT('',(-0.586739999999999,-2.286,0.0));
#2595=DIRECTION('',(1.0,0.0,-0.0));
#2596=DIRECTION('',(-0.0,1.0,0.0));
#2597=SURFACE_STYLE_FILL_AREA(#3181);
#2598=ORIENTED_EDGE('',*,*,#3162,.T.);
#2599=ORIENTED_EDGE('',*,*,#3148,.T.);
#2600=ORIENTED_EDGE('',*,*,#3104,.T.);
#2601=ORIENTED_EDGE('',*,*,#3179,.F.);
#2602=CARTESIAN_POINT('',(-0.586739999999999,-2.286,0.0));
#2603=DIRECTION('',(1.0,0.0,-0.0));
#2604=DIRECTION('',(-0.0,1.0,0.0));
#2605=SURFACE_STYLE_FILL_AREA(#3182);
#2606=ORIENTED_EDGE('',*,*,#3165,.T.);
#2607=ORIENTED_EDGE('',*,*,#3143,.F.);
#2608=ORIENTED_EDGE('',*,*,#3052,.T.);
#2609=ORIENTED_EDGE('',*,*,#3183,.T.);
#2610=CARTESIAN_POINT('',(0.58424,-2.286,0.0));
#2611=DIRECTION('',(-1.0,0.0,0.0));
#2612=DIRECTION('',(0.0,-1.0,0.0));
#2613=SURFACE_STYLE_FILL_AREA(#3184);
#2614=ORIENTED_EDGE('',*,*,#3157,.T.);
#2615=ORIENTED_EDGE('',*,*,#3185,.T.);
#2616=ORIENTED_EDGE('',*,*,#3106,.T.);
#2617=ORIENTED_EDGE('',*,*,#3147,.F.);
#2618=CARTESIAN_POINT('',(0.58424,-2.286,0.0));
#2619=DIRECTION('',(-1.0,0.0,0.0));
#2620=DIRECTION('',(0.0,-1.0,0.0));
#2621=SURFACE_STYLE_FILL_AREA(#3186);
#2622=ORIENTED_EDGE('',*,*,#2992,.T.);
#2623=ORIENTED_EDGE('',*,*,#3187,.T.);
#2624=ORIENTED_EDGE('',*,*,#3166,.T.);
#2625=ORIENTED_EDGE('',*,*,#3183,.F.);
#2626=ORIENTED_EDGE('',*,*,#3051,.T.);
#2627=CARTESIAN_POINT('',(0.80014,-2.54,0.0));
#2628=DIRECTION('',(-1.02846042114419E-15,-1.0,0.0));
#2629=DIRECTION('',(1.0,-1.02846042114419E-15,0.0));
#2630=SURFACE_STYLE_FILL_AREA(#3188);
#2631=ORIENTED_EDGE('',*,*,#2905,.T.);
#2632=ORIENTED_EDGE('',*,*,#3107,.T.);
#2633=ORIENTED_EDGE('',*,*,#3185,.F.);
#2634=ORIENTED_EDGE('',*,*,#3159,.T.);
#2635=ORIENTED_EDGE('',*,*,#3189,.T.);
#2636=CARTESIAN_POINT('',(0.80014,-2.54,0.0));
#2637=DIRECTION('',(-1.02846042114419E-15,-1.0,0.0));
#2638=DIRECTION('',(1.0,-1.02846042114419E-15,0.0));
#2639=SURFACE_STYLE_FILL_AREA(#3190);
#2640=ORIENTED_EDGE('',*,*,#2991,.T.);
#2641=ORIENTED_EDGE('',*,*,#3191,.T.);
#2642=ORIENTED_EDGE('',*,*,#3167,.T.);
#2643=ORIENTED_EDGE('',*,*,#3187,.F.);
#2644=CARTESIAN_POINT('',(1.01604,-2.286,0.0));
#2645=DIRECTION('',(1.0,4.37095678986282E-16,-0.0));
#2646=DIRECTION('',(-4.37095678986282E-16,1.0,0.0));
#2647=SURFACE_STYLE_FILL_AREA(#3192);
#2648=ORIENTED_EDGE('',*,*,#2906,.T.);
#2649=ORIENTED_EDGE('',*,*,#3189,.F.);
#2650=ORIENTED_EDGE('',*,*,#3158,.T.);
#2651=ORIENTED_EDGE('',*,*,#3193,.T.);
#2652=CARTESIAN_POINT('',(1.01604,-2.286,0.0));
#2653=DIRECTION('',(1.0,4.37095678986282E-16,-0.0));
#2654=DIRECTION('',(-4.37095678986282E-16,1.0,0.0));
#2655=SURFACE_STYLE_FILL_AREA(#3194);
#2656=ORIENTED_EDGE('',*,*,#2907,.T.);
#2657=ORIENTED_EDGE('',*,*,#3193,.F.);
#2658=ORIENTED_EDGE('',*,*,#3145,.F.);
#2659=ORIENTED_EDGE('',*,*,#3191,.F.);
#2660=ORIENTED_EDGE('',*,*,#2990,.T.);
#2661=ORIENTED_EDGE('',*,*,#2980,.T.);
#2662=ORIENTED_EDGE('',*,*,#2995,.T.);
#2663=ORIENTED_EDGE('',*,*,#2911,.T.);
#2664=CARTESIAN_POINT('',(1.14304,-1.905,0.0));
#2665=DIRECTION('',(0.707106781186548,-0.707106781186548,0.0));
#2666=DIRECTION('',(0.707106781186548,0.707106781186548,0.0));
#2667=SURFACE_STYLE_FILL_AREA(#3195);
#2668=ORIENTED_EDGE('',*,*,#2805,.T.);
#2669=ORIENTED_EDGE('',*,*,#2800,.T.);
#2670=ORIENTED_EDGE('',*,*,#2833,.T.);
#2671=ORIENTED_EDGE('',*,*,#2856,.T.);
#2672=ORIENTED_EDGE('',*,*,#3126,.T.);
#2673=ORIENTED_EDGE('',*,*,#3155,.T.);
#2674=ORIENTED_EDGE('',*,*,#3099,.T.);
#2675=ORIENTED_EDGE('',*,*,#2925,.F.);
#2676=ORIENTED_EDGE('',*,*,#3059,.F.);
#2677=ORIENTED_EDGE('',*,*,#3153,.T.);
#2678=ORIENTED_EDGE('',*,*,#3131,.T.);
#2679=ORIENTED_EDGE('',*,*,#3136,.T.);
#2680=CARTESIAN_POINT('',(-0.127,0.0,0.0));
#2681=DIRECTION('',(0.0,1.0,0.0));
#2682=DIRECTION('',(-1.0,0.0,0.0));
#2683=FILL_AREA_STYLE('',(#3196));
#2684=EDGE_CURVE('',#3197,#3198,#3199,.T.);
#2685=EDGE_CURVE('',#3197,#3200,#3201,.T.);
#2686=EDGE_CURVE('',#3200,#3202,#3203,.T.);
#2687=EDGE_CURVE('',#3202,#3198,#3204,.T.);
#2688=FILL_AREA_STYLE('',(#3205));
#2689=EDGE_CURVE('',#3206,#3197,#3207,.T.);
#2690=EDGE_CURVE('',#3208,#3206,#3209,.T.);
#2691=EDGE_CURVE('',#3208,#3200,#3210,.T.);
#2692=FILL_AREA_STYLE('',(#3211));
#2693=EDGE_CURVE('',#3212,#3213,#3214,.T.);
#2694=EDGE_CURVE('',#3212,#3215,#3216,.T.);
#2695=EDGE_CURVE('',#3215,#3217,#3218,.T.);
#2696=EDGE_CURVE('',#3217,#3213,#3219,.T.);
#2697=FILL_AREA_STYLE('',(#3220));
#2698=EDGE_CURVE('',#3221,#3212,#3222,.T.);
#2699=EDGE_CURVE('',#3223,#3221,#3224,.T.);
#2700=EDGE_CURVE('',#3223,#3215,#3225,.T.);
#2701=FILL_AREA_STYLE('',(#3226));
#2702=EDGE_CURVE('',#3200,#3227,#3228,.T.);
#2703=EDGE_CURVE('',#3229,#3208,#3230,.T.);
#2704=EDGE_CURVE('',#3227,#3229,#3231,.T.);
#2705=FILL_AREA_STYLE('',(#3232));
#2706=EDGE_CURVE('',#3229,#3233,#3234,.T.);
#2707=EDGE_CURVE('',#3233,#3235,#3236,.T.);
#2708=EDGE_CURVE('',#3235,#3227,#3237,.T.);
#2709=FILL_AREA_STYLE('',(#3238));
#2710=EDGE_CURVE('',#3239,#3208,#3240,.T.);
#2711=EDGE_CURVE('',#3239,#3233,#3241,.T.);
#2712=FILL_AREA_STYLE('',(#3242));
#2713=EDGE_CURVE('',#3202,#3235,#3243,.T.);
#2714=FILL_AREA_STYLE('',(#3244));
#2715=EDGE_CURVE('',#3202,#3239,#3245,.T.);
#2716=FILL_AREA_STYLE('',(#3246));
#2717=EDGE_CURVE('',#3198,#3247,#3248,.T.);
#2718=EDGE_CURVE('',#3247,#3239,#3249,.T.);
#2719=FILL_AREA_STYLE('',(#3250));
#2720=EDGE_CURVE('',#3215,#3251,#3252,.T.);
#2721=EDGE_CURVE('',#3253,#3223,#3254,.T.);
#2722=EDGE_CURVE('',#3251,#3253,#3255,.T.);
#2723=FILL_AREA_STYLE('',(#3256));
#2724=EDGE_CURVE('',#3253,#3257,#3258,.T.);
#2725=EDGE_CURVE('',#3257,#3259,#3260,.T.);
#2726=EDGE_CURVE('',#3259,#3251,#3261,.T.);
#2727=FILL_AREA_STYLE('',(#3262));
#2728=EDGE_CURVE('',#3263,#3223,#3264,.T.);
#2729=EDGE_CURVE('',#3257,#3263,#3265,.T.);
#2730=FILL_AREA_STYLE('',(#3266));
#2731=EDGE_CURVE('',#3217,#3263,#3267,.T.);
#2732=EDGE_CURVE('',#3259,#3217,#3268,.T.);
#2733=FILL_AREA_STYLE('',(#3269));
#2734=FILL_AREA_STYLE('',(#3270));
#2735=EDGE_CURVE('',#3271,#3221,#3272,.T.);
#2736=EDGE_CURVE('',#3271,#3263,#3273,.T.);
#2737=FILL_AREA_STYLE('',(#3274));
#2738=EDGE_CURVE('',#3213,#3271,#3275,.T.);
#2739=FILL_AREA_STYLE('',(#3276));
#2740=EDGE_CURVE('',#3247,#3206,#3277,.T.);
#2741=FILL_AREA_STYLE('',(#3278));
#2742=EDGE_CURVE('',#3279,#3280,#3281,.T.);
#2743=EDGE_CURVE('',#3279,#3282,#3283,.T.);
#2744=EDGE_CURVE('',#3282,#3284,#3285,.T.);
#2745=EDGE_CURVE('',#3284,#3280,#3286,.T.);
#2746=FILL_AREA_STYLE('',(#3287));
#2747=EDGE_CURVE('',#3288,#3279,#3289,.T.);
#2748=EDGE_CURVE('',#3290,#3288,#3291,.T.);
#2749=EDGE_CURVE('',#3290,#3282,#3292,.T.);
#2750=FILL_AREA_STYLE('',(#3293));
#2751=EDGE_CURVE('',#3294,#3295,#3296,.T.);
#2752=EDGE_CURVE('',#3294,#3297,#3298,.T.);
#2753=EDGE_CURVE('',#3297,#3299,#3300,.T.);
#2754=EDGE_CURVE('',#3299,#3295,#3301,.T.);
#2755=FILL_AREA_STYLE('',(#3302));
#2756=EDGE_CURVE('',#3303,#3294,#3304,.T.);
#2757=EDGE_CURVE('',#3305,#3303,#3306,.T.);
#2758=EDGE_CURVE('',#3305,#3297,#3307,.T.);
#2759=FILL_AREA_STYLE('',(#3308));
#2760=EDGE_CURVE('',#3282,#3309,#3310,.T.);
#2761=EDGE_CURVE('',#3311,#3290,#3312,.T.);
#2762=EDGE_CURVE('',#3309,#3311,#3313,.T.);
#2763=FILL_AREA_STYLE('',(#3314));
#2764=EDGE_CURVE('',#3311,#3315,#3316,.T.);
#2765=EDGE_CURVE('',#3315,#3317,#3318,.T.);
#2766=EDGE_CURVE('',#3317,#3309,#3319,.T.);
#2767=FILL_AREA_STYLE('',(#3320));
#2768=EDGE_CURVE('',#3321,#3290,#3322,.T.);
#2769=EDGE_CURVE('',#3321,#3315,#3323,.T.);
#2770=FILL_AREA_STYLE('',(#3324));
#2771=EDGE_CURVE('',#3284,#3317,#3325,.T.);
#2772=FILL_AREA_STYLE('',(#3326));
#2773=EDGE_CURVE('',#3284,#3321,#3327,.T.);
#2774=FILL_AREA_STYLE('',(#3328));
#2775=EDGE_CURVE('',#3280,#3329,#3330,.T.);
#2776=EDGE_CURVE('',#3329,#3321,#3331,.T.);
#2777=FILL_AREA_STYLE('',(#3332));
#2778=EDGE_CURVE('',#3297,#3333,#3334,.T.);
#2779=EDGE_CURVE('',#3335,#3305,#3336,.T.);
#2780=EDGE_CURVE('',#3333,#3335,#3337,.T.);
#2781=FILL_AREA_STYLE('',(#3338));
#2782=EDGE_CURVE('',#3335,#3339,#3340,.T.);
#2783=EDGE_CURVE('',#3339,#3341,#3342,.T.);
#2784=EDGE_CURVE('',#3341,#3333,#3343,.T.);
#2785=FILL_AREA_STYLE('',(#3344));
#2786=EDGE_CURVE('',#3345,#3305,#3346,.T.);
#2787=EDGE_CURVE('',#3339,#3345,#3347,.T.);
#2788=FILL_AREA_STYLE('',(#3348));
#2789=EDGE_CURVE('',#3299,#3345,#3349,.T.);
#2790=EDGE_CURVE('',#3341,#3299,#3350,.T.);
#2791=FILL_AREA_STYLE('',(#3351));
#2792=FILL_AREA_STYLE('',(#3352));
#2793=EDGE_CURVE('',#3353,#3303,#3354,.T.);
#2794=EDGE_CURVE('',#3353,#3345,#3355,.T.);
#2795=FILL_AREA_STYLE('',(#3356));
#2796=EDGE_CURVE('',#3295,#3353,#3357,.T.);
#2797=FILL_AREA_STYLE('',(#3358));
#2798=EDGE_CURVE('',#3329,#3288,#3359,.T.);
#2799=FILL_AREA_STYLE('',(#3360));
#2800=EDGE_CURVE('',#3361,#3362,#3363,.T.);
#2801=EDGE_CURVE('',#3361,#3364,#3365,.T.);
#2802=EDGE_CURVE('',#3364,#3366,#3367,.T.);
#2803=EDGE_CURVE('',#3366,#3362,#3368,.T.);
#2804=FILL_AREA_STYLE('',(#3369));
#2805=EDGE_CURVE('',#3370,#3361,#3371,.T.);
#2806=EDGE_CURVE('',#3372,#3370,#3373,.T.);
#2807=EDGE_CURVE('',#3372,#3364,#3374,.T.);
#2808=FILL_AREA_STYLE('',(#3375));
#2809=EDGE_CURVE('',#3376,#3377,#3378,.T.);
#2810=EDGE_CURVE('',#3376,#3379,#3380,.T.);
#2811=EDGE_CURVE('',#3379,#3381,#3382,.T.);
#2812=EDGE_CURVE('',#3381,#3377,#3383,.T.);
#2813=FILL_AREA_STYLE('',(#3384));
#2814=EDGE_CURVE('',#3385,#3376,#3386,.T.);
#2815=EDGE_CURVE('',#3387,#3385,#3388,.T.);
#2816=EDGE_CURVE('',#3387,#3379,#3389,.T.);
#2817=FILL_AREA_STYLE('',(#3390));
#2818=EDGE_CURVE('',#3364,#3391,#3392,.T.);
#2819=EDGE_CURVE('',#3393,#3372,#3394,.T.);
#2820=EDGE_CURVE('',#3391,#3393,#3395,.T.);
#2821=FILL_AREA_STYLE('',(#3396));
#2822=EDGE_CURVE('',#3393,#3397,#3398,.T.);
#2823=EDGE_CURVE('',#3397,#3399,#3400,.T.);
#2824=EDGE_CURVE('',#3399,#3391,#3401,.T.);
#2825=FILL_AREA_STYLE('',(#3402));
#2826=EDGE_CURVE('',#3403,#3372,#3404,.T.);
#2827=EDGE_CURVE('',#3403,#3397,#3405,.T.);
#2828=FILL_AREA_STYLE('',(#3406));
#2829=EDGE_CURVE('',#3366,#3399,#3407,.T.);
#2830=FILL_AREA_STYLE('',(#3408));
#2831=EDGE_CURVE('',#3366,#3403,#3409,.T.);
#2832=FILL_AREA_STYLE('',(#3410));
#2833=EDGE_CURVE('',#3362,#3411,#3412,.T.);
#2834=EDGE_CURVE('',#3411,#3403,#3413,.T.);
#2835=FILL_AREA_STYLE('',(#3414));
#2836=EDGE_CURVE('',#3379,#3415,#3416,.T.);
#2837=EDGE_CURVE('',#3417,#3387,#3418,.T.);
#2838=EDGE_CURVE('',#3415,#3417,#3419,.T.);
#2839=FILL_AREA_STYLE('',(#3420));
#2840=EDGE_CURVE('',#3417,#3421,#3422,.T.);
#2841=EDGE_CURVE('',#3421,#3423,#3424,.T.);
#2842=EDGE_CURVE('',#3423,#3415,#3425,.T.);
#2843=FILL_AREA_STYLE('',(#3426));
#2844=EDGE_CURVE('',#3427,#3387,#3428,.T.);
#2845=EDGE_CURVE('',#3421,#3427,#3429,.T.);
#2846=FILL_AREA_STYLE('',(#3430));
#2847=EDGE_CURVE('',#3381,#3427,#3431,.T.);
#2848=EDGE_CURVE('',#3423,#3381,#3432,.T.);
#2849=FILL_AREA_STYLE('',(#3433));
#2850=FILL_AREA_STYLE('',(#3434));
#2851=EDGE_CURVE('',#3435,#3385,#3436,.T.);
#2852=EDGE_CURVE('',#3435,#3427,#3437,.T.);
#2853=FILL_AREA_STYLE('',(#3438));
#2854=EDGE_CURVE('',#3377,#3435,#3439,.T.);
#2855=FILL_AREA_STYLE('',(#3440));
#2856=EDGE_CURVE('',#3411,#3370,#3441,.T.);
#2857=FILL_AREA_STYLE('',(#3442));
#2858=EDGE_CURVE('',#3443,#3444,#3445,.T.);
#2859=EDGE_CURVE('',#3446,#3443,#3447,.T.);
#2860=EDGE_CURVE('',#3448,#3446,#3449,.T.);
#2861=EDGE_CURVE('',#3450,#3448,#3451,.T.);
#2862=EDGE_CURVE('',#3452,#3450,#3453,.T.);
#2863=EDGE_CURVE('',#3444,#3452,#3454,.T.);
#2864=FILL_AREA_STYLE('',(#3455));
#2865=EDGE_CURVE('',#3444,#3456,#3457,.T.);
#2866=EDGE_CURVE('',#3458,#3452,#3459,.T.);
#2867=EDGE_CURVE('',#3460,#3458,#3461,.T.);
#2868=EDGE_CURVE('',#3462,#3460,#3463,.T.);
#2869=EDGE_CURVE('',#3456,#3462,#3464,.T.);
#2870=FILL_AREA_STYLE('',(#3465));
#2871=EDGE_CURVE('',#3462,#3466,#3467,.T.);
#2872=EDGE_CURVE('',#3468,#3460,#3469,.T.);
#2873=EDGE_CURVE('',#3470,#3468,#3471,.T.);
#2874=EDGE_CURVE('',#3472,#3470,#3473,.T.);
#2875=EDGE_CURVE('',#3466,#3472,#3474,.T.);
#2876=FILL_AREA_STYLE('',(#3475));
#2877=EDGE_CURVE('',#3476,#3456,#3477,.T.);
#2878=EDGE_CURVE('',#3476,#3478,#3479,.T.);
#2879=EDGE_CURVE('',#3478,#3480,#3481,.T.);
#2880=EDGE_CURVE('',#3480,#3443,#3482,.T.);
#2881=FILL_AREA_STYLE('',(#3483));
#2882=EDGE_CURVE('',#3466,#3484,#3485,.T.);
#2883=EDGE_CURVE('',#3484,#3486,#3487,.T.);
#2884=EDGE_CURVE('',#3486,#3476,#3488,.T.);
#2885=FILL_AREA_STYLE('',(#3489));
#2886=EDGE_CURVE('',#3490,#3472,#3491,.T.);
#2887=EDGE_CURVE('',#3492,#3490,#3493,.T.);
#2888=EDGE_CURVE('',#3494,#3492,#3495,.T.);
#2889=EDGE_CURVE('',#3494,#3496,#3497,.T.);
#2890=EDGE_CURVE('',#3498,#3496,#3499,.T.);
#2891=EDGE_CURVE('',#3500,#3498,#3501,.T.);
#2892=EDGE_CURVE('',#3502,#3500,#3503,.T.);
#2893=EDGE_CURVE('',#3504,#3502,#3505,.T.);
#2894=EDGE_CURVE('',#3504,#3466,#3506,.T.);
#2895=FILL_AREA_STYLE('',(#3507));
#2896=EDGE_CURVE('',#3470,#3508,#3509,.T.);
#2897=EDGE_CURVE('',#3508,#3510,#3511,.T.);
#2898=EDGE_CURVE('',#3490,#3510,#3512,.T.);
#2899=FILL_AREA_STYLE('',(#3513));
#2900=EDGE_CURVE('',#3468,#3514,#3515,.T.);
#2901=EDGE_CURVE('',#3514,#3508,#3516,.T.);
#2902=FILL_AREA_STYLE('',(#3517));
#2903=EDGE_CURVE('',#3518,#3519,#3520,.T.);
#2904=EDGE_CURVE('',#3521,#3518,#3522,.T.);
#2905=EDGE_CURVE('',#3523,#3521,#3524,.T.);
#2906=EDGE_CURVE('',#3525,#3523,#3526,.T.);
#2907=EDGE_CURVE('',#3527,#3525,#3528,.T.);
#2908=EDGE_CURVE('',#3519,#3527,#3529,.T.);
#2909=FILL_AREA_STYLE('',(#3530));
#2910=EDGE_CURVE('',#3519,#3531,#3532,.T.);
#2911=EDGE_CURVE('',#3533,#3527,#3534,.T.);
#2912=EDGE_CURVE('',#3535,#3533,#3536,.T.);
#2913=EDGE_CURVE('',#3537,#3535,#3538,.T.);
#2914=EDGE_CURVE('',#3531,#3537,#3539,.T.);
#2915=FILL_AREA_STYLE('',(#3540));
#2916=EDGE_CURVE('',#3537,#3541,#3542,.T.);
#2917=EDGE_CURVE('',#3543,#3535,#3544,.T.);
#2918=EDGE_CURVE('',#3545,#3543,#3546,.T.);
#2919=EDGE_CURVE('',#3547,#3545,#3548,.T.);
#2920=EDGE_CURVE('',#3541,#3547,#3549,.T.);
#2921=FILL_AREA_STYLE('',(#3550));
#2922=EDGE_CURVE('',#3551,#3531,#3552,.T.);
#2923=EDGE_CURVE('',#3551,#3553,#3554,.T.);
#2924=EDGE_CURVE('',#3553,#3555,#3556,.T.);
#2925=EDGE_CURVE('',#3555,#3518,#3557,.T.);
#2926=FILL_AREA_STYLE('',(#3558));
#2927=EDGE_CURVE('',#3559,#3541,#3560,.T.);
#2928=EDGE_CURVE('',#3559,#3561,#3562,.T.);
#2929=EDGE_CURVE('',#3561,#3551,#3563,.T.);
#2930=FILL_AREA_STYLE('',(#3564));
#2931=EDGE_CURVE('',#3541,#3443,#3565,.T.);
#2932=EDGE_CURVE('',#3566,#3547,#3567,.T.);
#2933=EDGE_CURVE('',#3568,#3566,#3569,.T.);
#2934=EDGE_CURVE('',#3570,#3568,#3571,.T.);
#2935=EDGE_CURVE('',#3572,#3570,#3573,.T.);
#2936=EDGE_CURVE('',#3446,#3572,#3574,.T.);
#2937=FILL_AREA_STYLE('',(#3575));
#2938=EDGE_CURVE('',#3576,#3545,#3577,.T.);
#2939=EDGE_CURVE('',#3576,#3578,#3579,.T.);
#2940=EDGE_CURVE('',#3578,#3566,#3580,.T.);
#2941=FILL_AREA_STYLE('',(#3581));
#2942=EDGE_CURVE('',#3582,#3543,#3583,.T.);
#2943=EDGE_CURVE('',#3582,#3576,#3584,.T.);
#2944=FILL_AREA_STYLE('',(#3585));
#2945=EDGE_CURVE('',#3586,#3587,#3588,.T.);
#2946=EDGE_CURVE('',#3478,#3586,#3589,.T.);
#2947=EDGE_CURVE('',#3486,#3590,#3591,.T.);
#2948=EDGE_CURVE('',#3587,#3590,#3592,.T.);
#2949=FILL_AREA_STYLE('',(#3593));
#2950=EDGE_CURVE('',#3590,#3594,#3595,.T.);
#2951=EDGE_CURVE('',#3596,#3484,#3597,.T.);
#2952=EDGE_CURVE('',#3598,#3596,#3599,.T.);
#2953=EDGE_CURVE('',#3594,#3598,#3600,.T.);
#2954=FILL_AREA_STYLE('',(#3601));
#2955=EDGE_CURVE('',#3602,#3586,#3603,.T.);
#2956=EDGE_CURVE('',#3604,#3602,#3605,.T.);
#2957=EDGE_CURVE('',#3606,#3604,#3607,.T.);
#2958=EDGE_CURVE('',#3480,#3606,#3608,.T.);
#2959=FILL_AREA_STYLE('',(#3609));
#2960=EDGE_CURVE('',#3587,#3458,#3610,.T.);
#2961=EDGE_CURVE('',#3611,#3594,#3612,.T.);
#2962=EDGE_CURVE('',#3514,#3611,#3613,.T.);
#2963=FILL_AREA_STYLE('',(#3614));
#2964=EDGE_CURVE('',#3615,#3598,#3616,.T.);
#2965=EDGE_CURVE('',#3615,#3611,#3617,.T.);
#2966=FILL_AREA_STYLE('',(#3618));
#2967=EDGE_CURVE('',#3596,#3619,#3620,.T.);
#2968=EDGE_CURVE('',#3621,#3619,#3622,.T.);
#2969=EDGE_CURVE('',#3621,#3615,#3623,.T.);
#2970=FILL_AREA_STYLE('',(#3624));
#2971=EDGE_CURVE('',#3625,#3484,#3626,.T.);
#2972=EDGE_CURVE('',#3627,#3625,#3628,.T.);
#2973=EDGE_CURVE('',#3629,#3627,#3630,.T.);
#2974=EDGE_CURVE('',#3631,#3629,#3632,.T.);
#2975=EDGE_CURVE('',#3633,#3631,#3634,.T.);
#2976=EDGE_CURVE('',#3635,#3633,#3636,.T.);
#2977=EDGE_CURVE('',#3637,#3635,#3638,.T.);
#2978=EDGE_CURVE('',#3619,#3637,#3639,.T.);
#2979=FILL_AREA_STYLE('',(#3640));
#2980=EDGE_CURVE('',#3641,#3642,#3643,.T.);
#2981=EDGE_CURVE('',#3553,#3641,#3644,.T.);
#2982=EDGE_CURVE('',#3561,#3645,#3646,.T.);
#2983=EDGE_CURVE('',#3642,#3645,#3647,.T.);
#2984=FILL_AREA_STYLE('',(#3648));
#2985=EDGE_CURVE('',#3645,#3649,#3650,.T.);
#2986=EDGE_CURVE('',#3651,#3559,#3652,.T.);
#2987=EDGE_CURVE('',#3653,#3651,#3654,.T.);
#2988=EDGE_CURVE('',#3649,#3653,#3655,.T.);
#2989=FILL_AREA_STYLE('',(#3656));
#2990=EDGE_CURVE('',#3657,#3641,#3658,.T.);
#2991=EDGE_CURVE('',#3659,#3657,#3660,.T.);
#2992=EDGE_CURVE('',#3661,#3659,#3662,.T.);
#2993=EDGE_CURVE('',#3555,#3661,#3663,.T.);
#2994=FILL_AREA_STYLE('',(#3664));
#2995=EDGE_CURVE('',#3642,#3533,#3665,.T.);
#2996=EDGE_CURVE('',#3649,#3666,#3667,.T.);
#2997=EDGE_CURVE('',#3666,#3582,#3668,.T.);
#2998=FILL_AREA_STYLE('',(#3669));
#2999=EDGE_CURVE('',#3653,#3670,#3671,.T.);
#3000=EDGE_CURVE('',#3670,#3666,#3672,.T.);
#3001=FILL_AREA_STYLE('',(#3673));
#3002=EDGE_CURVE('',#3651,#3674,#3675,.T.);
#3003=EDGE_CURVE('',#3674,#3676,#3677,.T.);
#3004=EDGE_CURVE('',#3676,#3670,#3678,.T.);
#3005=FILL_AREA_STYLE('',(#3679));
#3006=EDGE_CURVE('',#3680,#3606,#3681,.T.);
#3007=EDGE_CURVE('',#3682,#3680,#3683,.T.);
#3008=EDGE_CURVE('',#3684,#3682,#3685,.T.);
#3009=EDGE_CURVE('',#3684,#3674,#3686,.T.);
#3010=EDGE_CURVE('',#3559,#3480,#3687,.T.);
#3011=FILL_AREA_STYLE('',(#3688));
#3012=EDGE_CURVE('',#3689,#3621,#3690,.T.);
#3013=EDGE_CURVE('',#3611,#3689,#3691,.T.);
#3014=FILL_AREA_STYLE('',(#3692));
#3015=EDGE_CURVE('',#3693,#3694,#3695,.T.);
#3016=EDGE_CURVE('',#3696,#3693,#3697,.T.);
#3017=EDGE_CURVE('',#3698,#3696,#3699,.T.);
#3018=EDGE_CURVE('',#3694,#3698,#3700,.T.);
#3019=FILL_AREA_STYLE('',(#3701));
#3020=EDGE_CURVE('',#3510,#3702,#3703,.T.);
#3021=EDGE_CURVE('',#3702,#3514,#3704,.T.);
#3022=FILL_AREA_STYLE('',(#3705));
#3023=EDGE_CURVE('',#3706,#3707,#3708,.T.);
#3024=EDGE_CURVE('',#3709,#3706,#3710,.T.);
#3025=EDGE_CURVE('',#3711,#3709,#3712,.T.);
#3026=EDGE_CURVE('',#3707,#3711,#3713,.T.);
#3027=FILL_AREA_STYLE('',(#3714));
#3028=EDGE_CURVE('',#3502,#3627,#3715,.T.);
#3029=EDGE_CURVE('',#3500,#3707,#3716,.T.);
#3030=EDGE_CURVE('',#3494,#3711,#3717,.T.);
#3031=EDGE_CURVE('',#3492,#3702,#3718,.T.);
#3032=EDGE_CURVE('',#3689,#3637,#3719,.T.);
#3033=EDGE_CURVE('',#3696,#3635,#3720,.T.);
#3034=EDGE_CURVE('',#3693,#3629,#3721,.T.);
#3035=FILL_AREA_STYLE('',(#3722));
#3036=EDGE_CURVE('',#3498,#3706,#3723,.T.);
#3037=FILL_AREA_STYLE('',(#3724));
#3038=EDGE_CURVE('',#3694,#3631,#3725,.T.);
#3039=FILL_AREA_STYLE('',(#3726));
#3040=EDGE_CURVE('',#3496,#3709,#3727,.T.);
#3041=FILL_AREA_STYLE('',(#3728));
#3042=EDGE_CURVE('',#3698,#3633,#3729,.T.);
#3043=FILL_AREA_STYLE('',(#3730));
#3044=FILL_AREA_STYLE('',(#3731));
#3045=FILL_AREA_STYLE('',(#3732));
#3046=FILL_AREA_STYLE('',(#3733));
#3047=FILL_AREA_STYLE('',(#3734));
#3048=EDGE_CURVE('',#3504,#3625,#3735,.T.);
#3049=FILL_AREA_STYLE('',(#3736));
#3050=FILL_AREA_STYLE('',(#3737));
#3051=EDGE_CURVE('',#3738,#3661,#3739,.T.);
#3052=EDGE_CURVE('',#3740,#3738,#3741,.T.);
#3053=EDGE_CURVE('',#3742,#3740,#3743,.T.);
#3054=EDGE_CURVE('',#3742,#3744,#3745,.T.);
#3055=EDGE_CURVE('',#3746,#3744,#3747,.T.);
#3056=EDGE_CURVE('',#3748,#3746,#3749,.T.);
#3057=EDGE_CURVE('',#3750,#3748,#3751,.T.);
#3058=EDGE_CURVE('',#3752,#3750,#3753,.T.);
#3059=EDGE_CURVE('',#3752,#3555,#3754,.T.);
#3060=FILL_AREA_STYLE('',(#3755));
#3061=EDGE_CURVE('',#3756,#3757,#3758,.T.);
#3062=EDGE_CURVE('',#3759,#3756,#3760,.T.);
#3063=EDGE_CURVE('',#3761,#3759,#3762,.T.);
#3064=EDGE_CURVE('',#3757,#3761,#3763,.T.);
#3065=FILL_AREA_STYLE('',(#3764));
#3066=EDGE_CURVE('',#3765,#3582,#3766,.T.);
#3067=EDGE_CURVE('',#3578,#3765,#3767,.T.);
#3068=FILL_AREA_STYLE('',(#3768));
#3069=EDGE_CURVE('',#3769,#3770,#3771,.T.);
#3070=EDGE_CURVE('',#3772,#3769,#3773,.T.);
#3071=EDGE_CURVE('',#3774,#3772,#3775,.T.);
#3072=EDGE_CURVE('',#3770,#3774,#3776,.T.);
#3073=FILL_AREA_STYLE('',(#3777));
#3074=EDGE_CURVE('',#3778,#3676,#3779,.T.);
#3075=EDGE_CURVE('',#3666,#3778,#3780,.T.);
#3076=FILL_AREA_STYLE('',(#3781));
#3077=EDGE_CURVE('',#3684,#3778,#3782,.T.);
#3078=FILL_AREA_STYLE('',(#3783));
#3079=EDGE_CURVE('',#3765,#3568,#3784,.T.);
#3080=FILL_AREA_STYLE('',(#3785));
#3081=EDGE_CURVE('',#3682,#3770,#3786,.T.);
#3082=EDGE_CURVE('',#3774,#3759,#3787,.T.);
#3083=EDGE_CURVE('',#3756,#3570,#3788,.T.);
#3084=FILL_AREA_STYLE('',(#3789));
#3085=EDGE_CURVE('',#3680,#3769,#3790,.T.);
#3086=FILL_AREA_STYLE('',(#3791));
#3087=EDGE_CURVE('',#3757,#3572,#3792,.T.);
#3088=FILL_AREA_STYLE('',(#3793));
#3089=EDGE_CURVE('',#3604,#3772,#3794,.T.);
#3090=FILL_AREA_STYLE('',(#3795));
#3091=EDGE_CURVE('',#3761,#3448,#3796,.T.);
#3092=FILL_AREA_STYLE('',(#3797));
#3093=EDGE_CURVE('',#3602,#3774,#3798,.T.);
#3094=FILL_AREA_STYLE('',(#3799));
#3095=EDGE_CURVE('',#3759,#3450,#3800,.T.);
#3096=FILL_AREA_STYLE('',(#3801));
#3097=FILL_AREA_STYLE('',(#3802));
#3098=FILL_AREA_STYLE('',(#3803));
#3099=EDGE_CURVE('',#3804,#3518,#3805,.T.);
#3100=EDGE_CURVE('',#3806,#3804,#3807,.T.);
#3101=EDGE_CURVE('',#3808,#3806,#3809,.T.);
#3102=EDGE_CURVE('',#3810,#3808,#3811,.T.);
#3103=EDGE_CURVE('',#3812,#3810,#3813,.T.);
#3104=EDGE_CURVE('',#3814,#3812,#3815,.T.);
#3105=EDGE_CURVE('',#3816,#3814,#3817,.T.);
#3106=EDGE_CURVE('',#3818,#3816,#3819,.T.);
#3107=EDGE_CURVE('',#3521,#3818,#3820,.T.);
#3108=FILL_AREA_STYLE('',(#3821));
#3109=EDGE_CURVE('',#3822,#3823,#3824,.T.);
#3110=EDGE_CURVE('',#3825,#3822,#3826,.T.);
#3111=EDGE_CURVE('',#3827,#3825,#3828,.T.);
#3112=EDGE_CURVE('',#3823,#3827,#3829,.T.);
#3113=FILL_AREA_STYLE('',(#3830));
#3114=EDGE_CURVE('',#3831,#3822,#3832,.T.);
#3115=EDGE_CURVE('',#3831,#3833,#3834,.T.);
#3116=EDGE_CURVE('',#3833,#3825,#3835,.T.);
#3117=FILL_AREA_STYLE('',(#3836));
#3118=EDGE_CURVE('',#3823,#3837,#3838,.T.);
#3119=EDGE_CURVE('',#3827,#3839,#3840,.T.);
#3120=EDGE_CURVE('',#3839,#3837,#3841,.T.);
#3121=FILL_AREA_STYLE('',(#3842));
#3122=EDGE_CURVE('',#3837,#3831,#3843,.T.);
#3123=EDGE_CURVE('',#3839,#3833,#3844,.T.);
#3124=FILL_AREA_STYLE('',(#3845));
#3125=FILL_AREA_STYLE('',(#3846));
#3126=EDGE_CURVE('',#3847,#3848,#3849,.T.);
#3127=EDGE_CURVE('',#3850,#3847,#3851,.T.);
#3128=EDGE_CURVE('',#3852,#3850,#3853,.T.);
#3129=EDGE_CURVE('',#3848,#3852,#3854,.T.);
#3130=FILL_AREA_STYLE('',(#3855));
#3131=EDGE_CURVE('',#3856,#3857,#3858,.T.);
#3132=EDGE_CURVE('',#3859,#3856,#3860,.T.);
#3133=EDGE_CURVE('',#3861,#3859,#3862,.T.);
#3134=EDGE_CURVE('',#3857,#3861,#3863,.T.);
#3135=FILL_AREA_STYLE('',(#3864));
#3136=EDGE_CURVE('',#3857,#3847,#3865,.T.);
#3137=EDGE_CURVE('',#3850,#3861,#3866,.T.);
#3138=FILL_AREA_STYLE('',(#3867));
#3139=EDGE_CURVE('',#3750,#3859,#3868,.T.);
#3140=EDGE_CURVE('',#3748,#3869,#3870,.T.);
#3141=EDGE_CURVE('',#3869,#3871,#3872,.T.);
#3142=EDGE_CURVE('',#3742,#3871,#3873,.T.);
#3143=EDGE_CURVE('',#3740,#3874,#3875,.T.);
#3144=EDGE_CURVE('',#3874,#3876,#3877,.T.);
#3145=EDGE_CURVE('',#3876,#3878,#3879,.T.);
#3146=EDGE_CURVE('',#3878,#3880,#3881,.T.);
#3147=EDGE_CURVE('',#3880,#3816,#3882,.T.);
#3148=EDGE_CURVE('',#3883,#3814,#3884,.T.);
#3149=EDGE_CURVE('',#3883,#3885,#3886,.T.);
#3150=EDGE_CURVE('',#3885,#3808,#3887,.T.);
#3151=EDGE_CURVE('',#3852,#3806,#3888,.T.);
#3152=FILL_AREA_STYLE('',(#3889));
#3153=EDGE_CURVE('',#3752,#3856,#3890,.T.);
#3154=FILL_AREA_STYLE('',(#3891));
#3155=EDGE_CURVE('',#3848,#3804,#3892,.T.);
#3156=FILL_AREA_STYLE('',(#3893));
#3157=EDGE_CURVE('',#3880,#3894,#3895,.T.);
#3158=EDGE_CURVE('',#3896,#3878,#3897,.T.);
#3159=EDGE_CURVE('',#3894,#3896,#3898,.T.);
#3160=FILL_AREA_STYLE('',(#3899));
#3161=EDGE_CURVE('',#3885,#3900,#3901,.T.);
#3162=EDGE_CURVE('',#3902,#3883,#3903,.T.);
#3163=EDGE_CURVE('',#3900,#3902,#3904,.T.);
#3164=FILL_AREA_STYLE('',(#3905));
#3165=EDGE_CURVE('',#3906,#3874,#3907,.T.);
#3166=EDGE_CURVE('',#3908,#3906,#3909,.T.);
#3167=EDGE_CURVE('',#3876,#3908,#3910,.T.);
#3168=FILL_AREA_STYLE('',(#3911));
#3169=EDGE_CURVE('',#3912,#3869,#3913,.T.);
#3170=EDGE_CURVE('',#3914,#3912,#3915,.T.);
#3171=EDGE_CURVE('',#3871,#3914,#3916,.T.);
#3172=FILL_AREA_STYLE('',(#3917));
#3173=EDGE_CURVE('',#3746,#3912,#3918,.T.);
#3174=FILL_AREA_STYLE('',(#3919));
#3175=EDGE_CURVE('',#3900,#3810,#3920,.T.);
#3176=FILL_AREA_STYLE('',(#3921));
#3177=EDGE_CURVE('',#3744,#3914,#3922,.T.);
#3178=FILL_AREA_STYLE('',(#3923));
#3179=EDGE_CURVE('',#3902,#3812,#3924,.T.);
#3180=FILL_AREA_STYLE('',(#3925));
#3181=FILL_AREA_STYLE('',(#3926));
#3182=FILL_AREA_STYLE('',(#3927));
#3183=EDGE_CURVE('',#3738,#3906,#3928,.T.);
#3184=FILL_AREA_STYLE('',(#3929));
#3185=EDGE_CURVE('',#3894,#3818,#3930,.T.);
#3186=FILL_AREA_STYLE('',(#3931));
#3187=EDGE_CURVE('',#3659,#3908,#3932,.T.);
#3188=FILL_AREA_STYLE('',(#3933));
#3189=EDGE_CURVE('',#3896,#3523,#3934,.T.);
#3190=FILL_AREA_STYLE('',(#3935));
#3191=EDGE_CURVE('',#3657,#3876,#3936,.T.);
#3192=FILL_AREA_STYLE('',(#3937));
#3193=EDGE_CURVE('',#3878,#3525,#3938,.T.);
#3194=FILL_AREA_STYLE('',(#3939));
#3195=FILL_AREA_STYLE('',(#3940));
#3196=FILL_AREA_STYLE_COLOUR('',#3941);
#3197=VERTEX_POINT('',#3942);
#3198=VERTEX_POINT('',#3943);
#3199=LINE('',#3944,#3945);
#3200=VERTEX_POINT('',#3946);
#3201=LINE('',#3947,#3948);
#3202=VERTEX_POINT('',#3949);
#3203=LINE('',#3950,#3951);
#3204=LINE('',#3952,#3953);
#3205=FILL_AREA_STYLE_COLOUR('',#3954);
#3206=VERTEX_POINT('',#3955);
#3207=LINE('',#3956,#3957);
#3208=VERTEX_POINT('',#3958);
#3209=LINE('',#3959,#3960);
#3210=LINE('',#3961,#3962);
#3211=FILL_AREA_STYLE_COLOUR('',#3963);
#3212=VERTEX_POINT('',#3964);
#3213=VERTEX_POINT('',#3965);
#3214=LINE('',#3966,#3967);
#3215=VERTEX_POINT('',#3968);
#3216=LINE('',#3969,#3970);
#3217=VERTEX_POINT('',#3971);
#3218=LINE('',#3972,#3973);
#3219=LINE('',#3974,#3975);
#3220=FILL_AREA_STYLE_COLOUR('',#3976);
#3221=VERTEX_POINT('',#3977);
#3222=LINE('',#3978,#3979);
#3223=VERTEX_POINT('',#3980);
#3224=LINE('',#3981,#3982);
#3225=LINE('',#3983,#3984);
#3226=FILL_AREA_STYLE_COLOUR('',#3985);
#3227=VERTEX_POINT('',#3986);
#3228=LINE('',#3987,#3988);
#3229=VERTEX_POINT('',#3989);
#3230=LINE('',#3990,#3991);
#3231=LINE('',#3992,#3993);
#3232=FILL_AREA_STYLE_COLOUR('',#3994);
#3233=VERTEX_POINT('',#3995);
#3234=LINE('',#3996,#3997);
#3235=VERTEX_POINT('',#3998);
#3236=LINE('',#3999,#4000);
#3237=LINE('',#4001,#4002);
#3238=FILL_AREA_STYLE_COLOUR('',#4003);
#3239=VERTEX_POINT('',#4004);
#3240=LINE('',#4005,#4006);
#3241=LINE('',#4007,#4008);
#3242=FILL_AREA_STYLE_COLOUR('',#4009);
#3243=LINE('',#4010,#4011);
#3244=FILL_AREA_STYLE_COLOUR('',#4012);
#3245=LINE('',#4013,#4014);
#3246=FILL_AREA_STYLE_COLOUR('',#4015);
#3247=VERTEX_POINT('',#4016);
#3248=LINE('',#4017,#4018);
#3249=LINE('',#4019,#4020);
#3250=FILL_AREA_STYLE_COLOUR('',#4021);
#3251=VERTEX_POINT('',#4022);
#3252=LINE('',#4023,#4024);
#3253=VERTEX_POINT('',#4025);
#3254=LINE('',#4026,#4027);
#3255=LINE('',#4028,#4029);
#3256=FILL_AREA_STYLE_COLOUR('',#4030);
#3257=VERTEX_POINT('',#4031);
#3258=LINE('',#4032,#4033);
#3259=VERTEX_POINT('',#4034);
#3260=LINE('',#4035,#4036);
#3261=LINE('',#4037,#4038);
#3262=FILL_AREA_STYLE_COLOUR('',#4039);
#3263=VERTEX_POINT('',#4040);
#3264=LINE('',#4041,#4042);
#3265=LINE('',#4043,#4044);
#3266=FILL_AREA_STYLE_COLOUR('',#4045);
#3267=LINE('',#4046,#4047);
#3268=LINE('',#4048,#4049);
#3269=FILL_AREA_STYLE_COLOUR('',#4050);
#3270=FILL_AREA_STYLE_COLOUR('',#4051);
#3271=VERTEX_POINT('',#4052);
#3272=LINE('',#4053,#4054);
#3273=LINE('',#4055,#4056);
#3274=FILL_AREA_STYLE_COLOUR('',#4057);
#3275=LINE('',#4058,#4059);
#3276=FILL_AREA_STYLE_COLOUR('',#4060);
#3277=LINE('',#4061,#4062);
#3278=FILL_AREA_STYLE_COLOUR('',#4063);
#3279=VERTEX_POINT('',#4064);
#3280=VERTEX_POINT('',#4065);
#3281=LINE('',#4066,#4067);
#3282=VERTEX_POINT('',#4068);
#3283=LINE('',#4069,#4070);
#3284=VERTEX_POINT('',#4071);
#3285=LINE('',#4072,#4073);
#3286=LINE('',#4074,#4075);
#3287=FILL_AREA_STYLE_COLOUR('',#4076);
#3288=VERTEX_POINT('',#4077);
#3289=LINE('',#4078,#4079);
#3290=VERTEX_POINT('',#4080);
#3291=LINE('',#4081,#4082);
#3292=LINE('',#4083,#4084);
#3293=FILL_AREA_STYLE_COLOUR('',#4085);
#3294=VERTEX_POINT('',#4086);
#3295=VERTEX_POINT('',#4087);
#3296=LINE('',#4088,#4089);
#3297=VERTEX_POINT('',#4090);
#3298=LINE('',#4091,#4092);
#3299=VERTEX_POINT('',#4093);
#3300=LINE('',#4094,#4095);
#3301=LINE('',#4096,#4097);
#3302=FILL_AREA_STYLE_COLOUR('',#4098);
#3303=VERTEX_POINT('',#4099);
#3304=LINE('',#4100,#4101);
#3305=VERTEX_POINT('',#4102);
#3306=LINE('',#4103,#4104);
#3307=LINE('',#4105,#4106);
#3308=FILL_AREA_STYLE_COLOUR('',#4107);
#3309=VERTEX_POINT('',#4108);
#3310=LINE('',#4109,#4110);
#3311=VERTEX_POINT('',#4111);
#3312=LINE('',#4112,#4113);
#3313=LINE('',#4114,#4115);
#3314=FILL_AREA_STYLE_COLOUR('',#4116);
#3315=VERTEX_POINT('',#4117);
#3316=LINE('',#4118,#4119);
#3317=VERTEX_POINT('',#4120);
#3318=LINE('',#4121,#4122);
#3319=LINE('',#4123,#4124);
#3320=FILL_AREA_STYLE_COLOUR('',#4125);
#3321=VERTEX_POINT('',#4126);
#3322=LINE('',#4127,#4128);
#3323=LINE('',#4129,#4130);
#3324=FILL_AREA_STYLE_COLOUR('',#4131);
#3325=LINE('',#4132,#4133);
#3326=FILL_AREA_STYLE_COLOUR('',#4134);
#3327=LINE('',#4135,#4136);
#3328=FILL_AREA_STYLE_COLOUR('',#4137);
#3329=VERTEX_POINT('',#4138);
#3330=LINE('',#4139,#4140);
#3331=LINE('',#4141,#4142);
#3332=FILL_AREA_STYLE_COLOUR('',#4143);
#3333=VERTEX_POINT('',#4144);
#3334=LINE('',#4145,#4146);
#3335=VERTEX_POINT('',#4147);
#3336=LINE('',#4148,#4149);
#3337=LINE('',#4150,#4151);
#3338=FILL_AREA_STYLE_COLOUR('',#4152);
#3339=VERTEX_POINT('',#4153);
#3340=LINE('',#4154,#4155);
#3341=VERTEX_POINT('',#4156);
#3342=LINE('',#4157,#4158);
#3343=LINE('',#4159,#4160);
#3344=FILL_AREA_STYLE_COLOUR('',#4161);
#3345=VERTEX_POINT('',#4162);
#3346=LINE('',#4163,#4164);
#3347=LINE('',#4165,#4166);
#3348=FILL_AREA_STYLE_COLOUR('',#4167);
#3349=LINE('',#4168,#4169);
#3350=LINE('',#4170,#4171);
#3351=FILL_AREA_STYLE_COLOUR('',#4172);
#3352=FILL_AREA_STYLE_COLOUR('',#4173);
#3353=VERTEX_POINT('',#4174);
#3354=LINE('',#4175,#4176);
#3355=LINE('',#4177,#4178);
#3356=FILL_AREA_STYLE_COLOUR('',#4179);
#3357=LINE('',#4180,#4181);
#3358=FILL_AREA_STYLE_COLOUR('',#4182);
#3359=LINE('',#4183,#4184);
#3360=FILL_AREA_STYLE_COLOUR('',#4185);
#3361=VERTEX_POINT('',#4186);
#3362=VERTEX_POINT('',#4187);
#3363=LINE('',#4188,#4189);
#3364=VERTEX_POINT('',#4190);
#3365=LINE('',#4191,#4192);
#3366=VERTEX_POINT('',#4193);
#3367=LINE('',#4194,#4195);
#3368=LINE('',#4196,#4197);
#3369=FILL_AREA_STYLE_COLOUR('',#4198);
#3370=VERTEX_POINT('',#4199);
#3371=LINE('',#4200,#4201);
#3372=VERTEX_POINT('',#4202);
#3373=LINE('',#4203,#4204);
#3374=LINE('',#4205,#4206);
#3375=FILL_AREA_STYLE_COLOUR('',#4207);
#3376=VERTEX_POINT('',#4208);
#3377=VERTEX_POINT('',#4209);
#3378=LINE('',#4210,#4211);
#3379=VERTEX_POINT('',#4212);
#3380=LINE('',#4213,#4214);
#3381=VERTEX_POINT('',#4215);
#3382=LINE('',#4216,#4217);
#3383=LINE('',#4218,#4219);
#3384=FILL_AREA_STYLE_COLOUR('',#4220);
#3385=VERTEX_POINT('',#4221);
#3386=LINE('',#4222,#4223);
#3387=VERTEX_POINT('',#4224);
#3388=LINE('',#4225,#4226);
#3389=LINE('',#4227,#4228);
#3390=FILL_AREA_STYLE_COLOUR('',#4229);
#3391=VERTEX_POINT('',#4230);
#3392=LINE('',#4231,#4232);
#3393=VERTEX_POINT('',#4233);
#3394=LINE('',#4234,#4235);
#3395=LINE('',#4236,#4237);
#3396=FILL_AREA_STYLE_COLOUR('',#4238);
#3397=VERTEX_POINT('',#4239);
#3398=LINE('',#4240,#4241);
#3399=VERTEX_POINT('',#4242);
#3400=LINE('',#4243,#4244);
#3401=LINE('',#4245,#4246);
#3402=FILL_AREA_STYLE_COLOUR('',#4247);
#3403=VERTEX_POINT('',#4248);
#3404=LINE('',#4249,#4250);
#3405=LINE('',#4251,#4252);
#3406=FILL_AREA_STYLE_COLOUR('',#4253);
#3407=LINE('',#4254,#4255);
#3408=FILL_AREA_STYLE_COLOUR('',#4256);
#3409=LINE('',#4257,#4258);
#3410=FILL_AREA_STYLE_COLOUR('',#4259);
#3411=VERTEX_POINT('',#4260);
#3412=LINE('',#4261,#4262);
#3413=LINE('',#4263,#4264);
#3414=FILL_AREA_STYLE_COLOUR('',#4265);
#3415=VERTEX_POINT('',#4266);
#3416=LINE('',#4267,#4268);
#3417=VERTEX_POINT('',#4269);
#3418=LINE('',#4270,#4271);
#3419=LINE('',#4272,#4273);
#3420=FILL_AREA_STYLE_COLOUR('',#4274);
#3421=VERTEX_POINT('',#4275);
#3422=LINE('',#4276,#4277);
#3423=VERTEX_POINT('',#4278);
#3424=LINE('',#4279,#4280);
#3425=LINE('',#4281,#4282);
#3426=FILL_AREA_STYLE_COLOUR('',#4283);
#3427=VERTEX_POINT('',#4284);
#3428=LINE('',#4285,#4286);
#3429=LINE('',#4287,#4288);
#3430=FILL_AREA_STYLE_COLOUR('',#4289);
#3431=LINE('',#4290,#4291);
#3432=LINE('',#4292,#4293);
#3433=FILL_AREA_STYLE_COLOUR('',#4294);
#3434=FILL_AREA_STYLE_COLOUR('',#4295);
#3435=VERTEX_POINT('',#4296);
#3436=LINE('',#4297,#4298);
#3437=LINE('',#4299,#4300);
#3438=FILL_AREA_STYLE_COLOUR('',#4301);
#3439=LINE('',#4302,#4303);
#3440=FILL_AREA_STYLE_COLOUR('',#4304);
#3441=LINE('',#4305,#4306);
#3442=FILL_AREA_STYLE_COLOUR('',#4307);
#3443=VERTEX_POINT('',#4308);
#3444=VERTEX_POINT('',#4309);
#3445=LINE('',#4310,#4311);
#3446=VERTEX_POINT('',#4312);
#3447=LINE('',#4313,#4314);
#3448=VERTEX_POINT('',#4315);
#3449=LINE('',#4316,#4317);
#3450=VERTEX_POINT('',#4318);
#3451=LINE('',#4319,#4320);
#3452=VERTEX_POINT('',#4321);
#3453=LINE('',#4322,#4323);
#3454=LINE('',#4324,#4325);
#3455=FILL_AREA_STYLE_COLOUR('',#4326);
#3456=VERTEX_POINT('',#4327);
#3457=LINE('',#4328,#4329);
#3458=VERTEX_POINT('',#4330);
#3459=LINE('',#4331,#4332);
#3460=VERTEX_POINT('',#4333);
#3461=LINE('',#4334,#4335);
#3462=VERTEX_POINT('',#4336);
#3463=LINE('',#4337,#4338);
#3464=LINE('',#4339,#4340);
#3465=FILL_AREA_STYLE_COLOUR('',#4341);
#3466=VERTEX_POINT('',#4342);
#3467=LINE('',#4343,#4344);
#3468=VERTEX_POINT('',#4345);
#3469=LINE('',#4346,#4347);
#3470=VERTEX_POINT('',#4348);
#3471=LINE('',#4349,#4350);
#3472=VERTEX_POINT('',#4351);
#3473=LINE('',#4352,#4353);
#3474=LINE('',#4354,#4355);
#3475=FILL_AREA_STYLE_COLOUR('',#4356);
#3476=VERTEX_POINT('',#4357);
#3477=LINE('',#4358,#4359);
#3478=VERTEX_POINT('',#4360);
#3479=LINE('',#4361,#4362);
#3480=VERTEX_POINT('',#4363);
#3481=LINE('',#4364,#4365);
#3482=LINE('',#4366,#4367);
#3483=FILL_AREA_STYLE_COLOUR('',#4368);
#3484=VERTEX_POINT('',#4369);
#3485=LINE('',#4370,#4371);
#3486=VERTEX_POINT('',#4372);
#3487=LINE('',#4373,#4374);
#3488=LINE('',#4375,#4376);
#3489=FILL_AREA_STYLE_COLOUR('',#4377);
#3490=VERTEX_POINT('',#4378);
#3491=LINE('',#4379,#4380);
#3492=VERTEX_POINT('',#4381);
#3493=LINE('',#4382,#4383);
#3494=VERTEX_POINT('',#4384);
#3495=LINE('',#4385,#4386);
#3496=VERTEX_POINT('',#4387);
#3497=LINE('',#4388,#4389);
#3498=VERTEX_POINT('',#4390);
#3499=LINE('',#4391,#4392);
#3500=VERTEX_POINT('',#4393);
#3501=LINE('',#4394,#4395);
#3502=VERTEX_POINT('',#4396);
#3503=LINE('',#4397,#4398);
#3504=VERTEX_POINT('',#4399);
#3505=LINE('',#4400,#4401);
#3506=LINE('',#4402,#4403);
#3507=FILL_AREA_STYLE_COLOUR('',#4404);
#3508=VERTEX_POINT('',#4405);
#3509=LINE('',#4406,#4407);
#3510=VERTEX_POINT('',#4408);
#3511=LINE('',#4409,#4410);
#3512=LINE('',#4411,#4412);
#3513=FILL_AREA_STYLE_COLOUR('',#4413);
#3514=VERTEX_POINT('',#4414);
#3515=LINE('',#4415,#4416);
#3516=LINE('',#4417,#4418);
#3517=FILL_AREA_STYLE_COLOUR('',#4419);
#3518=VERTEX_POINT('',#4420);
#3519=VERTEX_POINT('',#4421);
#3520=LINE('',#4422,#4423);
#3521=VERTEX_POINT('',#4424);
#3522=LINE('',#4425,#4426);
#3523=VERTEX_POINT('',#4427);
#3524=LINE('',#4428,#4429);
#3525=VERTEX_POINT('',#4430);
#3526=LINE('',#4431,#4432);
#3527=VERTEX_POINT('',#4433);
#3528=LINE('',#4434,#4435);
#3529=LINE('',#4436,#4437);
#3530=FILL_AREA_STYLE_COLOUR('',#4438);
#3531=VERTEX_POINT('',#4439);
#3532=LINE('',#4440,#4441);
#3533=VERTEX_POINT('',#4442);
#3534=LINE('',#4443,#4444);
#3535=VERTEX_POINT('',#4445);
#3536=LINE('',#4446,#4447);
#3537=VERTEX_POINT('',#4448);
#3538=LINE('',#4449,#4450);
#3539=LINE('',#4451,#4452);
#3540=FILL_AREA_STYLE_COLOUR('',#4453);
#3541=VERTEX_POINT('',#4454);
#3542=LINE('',#4455,#4456);
#3543=VERTEX_POINT('',#4457);
#3544=LINE('',#4458,#4459);
#3545=VERTEX_POINT('',#4460);
#3546=LINE('',#4461,#4462);
#3547=VERTEX_POINT('',#4463);
#3548=LINE('',#4464,#4465);
#3549=LINE('',#4466,#4467);
#3550=FILL_AREA_STYLE_COLOUR('',#4468);
#3551=VERTEX_POINT('',#4469);
#3552=LINE('',#4470,#4471);
#3553=VERTEX_POINT('',#4472);
#3554=LINE('',#4473,#4474);
#3555=VERTEX_POINT('',#4475);
#3556=LINE('',#4476,#4477);
#3557=LINE('',#4478,#4479);
#3558=FILL_AREA_STYLE_COLOUR('',#4480);
#3559=VERTEX_POINT('',#4481);
#3560=LINE('',#4482,#4483);
#3561=VERTEX_POINT('',#4484);
#3562=LINE('',#4485,#4486);
#3563=LINE('',#4487,#4488);
#3564=FILL_AREA_STYLE_COLOUR('',#4489);
#3565=LINE('',#4490,#4491);
#3566=VERTEX_POINT('',#4492);
#3567=LINE('',#4493,#4494);
#3568=VERTEX_POINT('',#4495);
#3569=LINE('',#4496,#4497);
#3570=VERTEX_POINT('',#4498);
#3571=LINE('',#4499,#4500);
#3572=VERTEX_POINT('',#4501);
#3573=LINE('',#4502,#4503);
#3574=LINE('',#4504,#4505);
#3575=FILL_AREA_STYLE_COLOUR('',#4506);
#3576=VERTEX_POINT('',#4507);
#3577=LINE('',#4508,#4509);
#3578=VERTEX_POINT('',#4510);
#3579=LINE('',#4511,#4512);
#3580=LINE('',#4513,#4514);
#3581=FILL_AREA_STYLE_COLOUR('',#4515);
#3582=VERTEX_POINT('',#4516);
#3583=LINE('',#4517,#4518);
#3584=LINE('',#4519,#4520);
#3585=FILL_AREA_STYLE_COLOUR('',#4521);
#3586=VERTEX_POINT('',#4522);
#3587=VERTEX_POINT('',#4523);
#3588=LINE('',#4524,#4525);
#3589=LINE('',#4526,#4527);
#3590=VERTEX_POINT('',#4528);
#3591=LINE('',#4529,#4530);
#3592=LINE('',#4531,#4532);
#3593=FILL_AREA_STYLE_COLOUR('',#4533);
#3594=VERTEX_POINT('',#4534);
#3595=LINE('',#4535,#4536);
#3596=VERTEX_POINT('',#4537);
#3597=LINE('',#4538,#4539);
#3598=VERTEX_POINT('',#4540);
#3599=LINE('',#4541,#4542);
#3600=LINE('',#4543,#4544);
#3601=FILL_AREA_STYLE_COLOUR('',#4545);
#3602=VERTEX_POINT('',#4546);
#3603=LINE('',#4547,#4548);
#3604=VERTEX_POINT('',#4549);
#3605=LINE('',#4550,#4551);
#3606=VERTEX_POINT('',#4552);
#3607=LINE('',#4553,#4554);
#3608=LINE('',#4555,#4556);
#3609=FILL_AREA_STYLE_COLOUR('',#4557);
#3610=LINE('',#4558,#4559);
#3611=VERTEX_POINT('',#4560);
#3612=LINE('',#4561,#4562);
#3613=LINE('',#4563,#4564);
#3614=FILL_AREA_STYLE_COLOUR('',#4565);
#3615=VERTEX_POINT('',#4566);
#3616=LINE('',#4567,#4568);
#3617=LINE('',#4569,#4570);
#3618=FILL_AREA_STYLE_COLOUR('',#4571);
#3619=VERTEX_POINT('',#4572);
#3620=LINE('',#4573,#4574);
#3621=VERTEX_POINT('',#4575);
#3622=LINE('',#4576,#4577);
#3623=LINE('',#4578,#4579);
#3624=FILL_AREA_STYLE_COLOUR('',#4580);
#3625=VERTEX_POINT('',#4581);
#3626=LINE('',#4582,#4583);
#3627=VERTEX_POINT('',#4584);
#3628=LINE('',#4585,#4586);
#3629=VERTEX_POINT('',#4587);
#3630=LINE('',#4588,#4589);
#3631=VERTEX_POINT('',#4590);
#3632=LINE('',#4591,#4592);
#3633=VERTEX_POINT('',#4593);
#3634=LINE('',#4594,#4595);
#3635=VERTEX_POINT('',#4596);
#3636=LINE('',#4597,#4598);
#3637=VERTEX_POINT('',#4599);
#3638=LINE('',#4600,#4601);
#3639=LINE('',#4602,#4603);
#3640=FILL_AREA_STYLE_COLOUR('',#4604);
#3641=VERTEX_POINT('',#4605);
#3642=VERTEX_POINT('',#4606);
#3643=LINE('',#4607,#4608);
#3644=LINE('',#4609,#4610);
#3645=VERTEX_POINT('',#4611);
#3646=LINE('',#4612,#4613);
#3647=LINE('',#4614,#4615);
#3648=FILL_AREA_STYLE_COLOUR('',#4616);
#3649=VERTEX_POINT('',#4617);
#3650=LINE('',#4618,#4619);
#3651=VERTEX_POINT('',#4620);
#3652=LINE('',#4621,#4622);
#3653=VERTEX_POINT('',#4623);
#3654=LINE('',#4624,#4625);
#3655=LINE('',#4626,#4627);
#3656=FILL_AREA_STYLE_COLOUR('',#4628);
#3657=VERTEX_POINT('',#4629);
#3658=LINE('',#4630,#4631);
#3659=VERTEX_POINT('',#4632);
#3660=LINE('',#4633,#4634);
#3661=VERTEX_POINT('',#4635);
#3662=LINE('',#4636,#4637);
#3663=LINE('',#4638,#4639);
#3664=FILL_AREA_STYLE_COLOUR('',#4640);
#3665=LINE('',#4641,#4642);
#3666=VERTEX_POINT('',#4643);
#3667=LINE('',#4644,#4645);
#3668=LINE('',#4646,#4647);
#3669=FILL_AREA_STYLE_COLOUR('',#4648);
#3670=VERTEX_POINT('',#4649);
#3671=LINE('',#4650,#4651);
#3672=LINE('',#4652,#4653);
#3673=FILL_AREA_STYLE_COLOUR('',#4654);
#3674=VERTEX_POINT('',#4655);
#3675=LINE('',#4656,#4657);
#3676=VERTEX_POINT('',#4658);
#3677=LINE('',#4659,#4660);
#3678=LINE('',#4661,#4662);
#3679=FILL_AREA_STYLE_COLOUR('',#4663);
#3680=VERTEX_POINT('',#4664);
#3681=LINE('',#4665,#4666);
#3682=VERTEX_POINT('',#4667);
#3683=LINE('',#4668,#4669);
#3684=VERTEX_POINT('',#4670);
#3685=LINE('',#4671,#4672);
#3686=LINE('',#4673,#4674);
#3687=LINE('',#4675,#4676);
#3688=FILL_AREA_STYLE_COLOUR('',#4677);
#3689=VERTEX_POINT('',#4678);
#3690=LINE('',#4679,#4680);
#3691=LINE('',#4681,#4682);
#3692=FILL_AREA_STYLE_COLOUR('',#4683);
#3693=VERTEX_POINT('',#4684);
#3694=VERTEX_POINT('',#4685);
#3695=LINE('',#4686,#4687);
#3696=VERTEX_POINT('',#4688);
#3697=LINE('',#4689,#4690);
#3698=VERTEX_POINT('',#4691);
#3699=LINE('',#4692,#4693);
#3700=LINE('',#4694,#4695);
#3701=FILL_AREA_STYLE_COLOUR('',#4696);
#3702=VERTEX_POINT('',#4697);
#3703=LINE('',#4698,#4699);
#3704=LINE('',#4700,#4701);
#3705=FILL_AREA_STYLE_COLOUR('',#4702);
#3706=VERTEX_POINT('',#4703);
#3707=VERTEX_POINT('',#4704);
#3708=LINE('',#4705,#4706);
#3709=VERTEX_POINT('',#4707);
#3710=LINE('',#4708,#4709);
#3711=VERTEX_POINT('',#4710);
#3712=LINE('',#4711,#4712);
#3713=LINE('',#4713,#4714);
#3714=FILL_AREA_STYLE_COLOUR('',#4715);
#3715=LINE('',#4716,#4717);
#3716=LINE('',#4718,#4719);
#3717=LINE('',#4720,#4721);
#3718=LINE('',#4722,#4723);
#3719=LINE('',#4724,#4725);
#3720=LINE('',#4726,#4727);
#3721=LINE('',#4728,#4729);
#3722=FILL_AREA_STYLE_COLOUR('',#4730);
#3723=LINE('',#4731,#4732);
#3724=FILL_AREA_STYLE_COLOUR('',#4733);
#3725=LINE('',#4734,#4735);
#3726=FILL_AREA_STYLE_COLOUR('',#4736);
#3727=LINE('',#4737,#4738);
#3728=FILL_AREA_STYLE_COLOUR('',#4739);
#3729=LINE('',#4740,#4741);
#3730=FILL_AREA_STYLE_COLOUR('',#4742);
#3731=FILL_AREA_STYLE_COLOUR('',#4743);
#3732=FILL_AREA_STYLE_COLOUR('',#4744);
#3733=FILL_AREA_STYLE_COLOUR('',#4745);
#3734=FILL_AREA_STYLE_COLOUR('',#4746);
#3735=LINE('',#4747,#4748);
#3736=FILL_AREA_STYLE_COLOUR('',#4749);
#3737=FILL_AREA_STYLE_COLOUR('',#4750);
#3738=VERTEX_POINT('',#4751);
#3739=LINE('',#4752,#4753);
#3740=VERTEX_POINT('',#4754);
#3741=LINE('',#4755,#4756);
#3742=VERTEX_POINT('',#4757);
#3743=LINE('',#4758,#4759);
#3744=VERTEX_POINT('',#4760);
#3745=LINE('',#4761,#4762);
#3746=VERTEX_POINT('',#4763);
#3747=LINE('',#4764,#4765);
#3748=VERTEX_POINT('',#4766);
#3749=LINE('',#4767,#4768);
#3750=VERTEX_POINT('',#4769);
#3751=LINE('',#4770,#4771);
#3752=VERTEX_POINT('',#4772);
#3753=LINE('',#4773,#4774);
#3754=LINE('',#4775,#4776);
#3755=FILL_AREA_STYLE_COLOUR('',#4777);
#3756=VERTEX_POINT('',#4778);
#3757=VERTEX_POINT('',#4779);
#3758=LINE('',#4780,#4781);
#3759=VERTEX_POINT('',#4782);
#3760=LINE('',#4783,#4784);
#3761=VERTEX_POINT('',#4785);
#3762=LINE('',#4786,#4787);
#3763=LINE('',#4788,#4789);
#3764=FILL_AREA_STYLE_COLOUR('',#4790);
#3765=VERTEX_POINT('',#4791);
#3766=LINE('',#4792,#4793);
#3767=LINE('',#4794,#4795);
#3768=FILL_AREA_STYLE_COLOUR('',#4796);
#3769=VERTEX_POINT('',#4797);
#3770=VERTEX_POINT('',#4798);
#3771=LINE('',#4799,#4800);
#3772=VERTEX_POINT('',#4801);
#3773=LINE('',#4802,#4803);
#3774=VERTEX_POINT('',#4804);
#3775=LINE('',#4805,#4806);
#3776=LINE('',#4807,#4808);
#3777=FILL_AREA_STYLE_COLOUR('',#4809);
#3778=VERTEX_POINT('',#4810);
#3779=LINE('',#4811,#4812);
#3780=LINE('',#4813,#4814);
#3781=FILL_AREA_STYLE_COLOUR('',#4815);
#3782=LINE('',#4816,#4817);
#3783=FILL_AREA_STYLE_COLOUR('',#4818);
#3784=LINE('',#4819,#4820);
#3785=FILL_AREA_STYLE_COLOUR('',#4821);
#3786=LINE('',#4822,#4823);
#3787=LINE('',#4824,#4825);
#3788=LINE('',#4826,#4827);
#3789=FILL_AREA_STYLE_COLOUR('',#4828);
#3790=LINE('',#4829,#4830);
#3791=FILL_AREA_STYLE_COLOUR('',#4831);
#3792=LINE('',#4832,#4833);
#3793=FILL_AREA_STYLE_COLOUR('',#4834);
#3794=LINE('',#4835,#4836);
#3795=FILL_AREA_STYLE_COLOUR('',#4837);
#3796=LINE('',#4838,#4839);
#3797=FILL_AREA_STYLE_COLOUR('',#4840);
#3798=LINE('',#4841,#4842);
#3799=FILL_AREA_STYLE_COLOUR('',#4843);
#3800=LINE('',#4844,#4845);
#3801=FILL_AREA_STYLE_COLOUR('',#4846);
#3802=FILL_AREA_STYLE_COLOUR('',#4847);
#3803=FILL_AREA_STYLE_COLOUR('',#4848);
#3804=VERTEX_POINT('',#4849);
#3805=LINE('',#4850,#4851);
#3806=VERTEX_POINT('',#4852);
#3807=LINE('',#4853,#4854);
#3808=VERTEX_POINT('',#4855);
#3809=LINE('',#4856,#4857);
#3810=VERTEX_POINT('',#4858);
#3811=LINE('',#4859,#4860);
#3812=VERTEX_POINT('',#4861);
#3813=LINE('',#4862,#4863);
#3814=VERTEX_POINT('',#4864);
#3815=LINE('',#4865,#4866);
#3816=VERTEX_POINT('',#4867);
#3817=LINE('',#4868,#4869);
#3818=VERTEX_POINT('',#4870);
#3819=LINE('',#4871,#4872);
#3820=LINE('',#4873,#4874);
#3821=FILL_AREA_STYLE_COLOUR('',#4875);
#3822=VERTEX_POINT('',#4876);
#3823=VERTEX_POINT('',#4877);
#3824=LINE('',#4878,#4879);
#3825=VERTEX_POINT('',#4880);
#3826=LINE('',#4881,#4882);
#3827=VERTEX_POINT('',#4883);
#3828=LINE('',#4884,#4885);
#3829=LINE('',#4886,#4887);
#3830=FILL_AREA_STYLE_COLOUR('',#4888);
#3831=VERTEX_POINT('',#4889);
#3832=LINE('',#4890,#4891);
#3833=VERTEX_POINT('',#4892);
#3834=LINE('',#4893,#4894);
#3835=LINE('',#4895,#4896);
#3836=FILL_AREA_STYLE_COLOUR('',#4897);
#3837=VERTEX_POINT('',#4898);
#3838=LINE('',#4899,#4900);
#3839=VERTEX_POINT('',#4901);
#3840=LINE('',#4902,#4903);
#3841=LINE('',#4904,#4905);
#3842=FILL_AREA_STYLE_COLOUR('',#4906);
#3843=LINE('',#4907,#4908);
#3844=LINE('',#4909,#4910);
#3845=FILL_AREA_STYLE_COLOUR('',#4911);
#3846=FILL_AREA_STYLE_COLOUR('',#4912);
#3847=VERTEX_POINT('',#4913);
#3848=VERTEX_POINT('',#4914);
#3849=LINE('',#4915,#4916);
#3850=VERTEX_POINT('',#4917);
#3851=LINE('',#4918,#4919);
#3852=VERTEX_POINT('',#4920);
#3853=LINE('',#4921,#4922);
#3854=LINE('',#4923,#4924);
#3855=FILL_AREA_STYLE_COLOUR('',#4925);
#3856=VERTEX_POINT('',#4926);
#3857=VERTEX_POINT('',#4927);
#3858=LINE('',#4928,#4929);
#3859=VERTEX_POINT('',#4930);
#3860=LINE('',#4931,#4932);
#3861=VERTEX_POINT('',#4933);
#3862=LINE('',#4934,#4935);
#3863=LINE('',#4936,#4937);
#3864=FILL_AREA_STYLE_COLOUR('',#4938);
#3865=LINE('',#4939,#4940);
#3866=LINE('',#4941,#4942);
#3867=FILL_AREA_STYLE_COLOUR('',#4943);
#3868=LINE('',#4944,#4945);
#3869=VERTEX_POINT('',#4946);
#3870=LINE('',#4947,#4948);
#3871=VERTEX_POINT('',#4949);
#3872=LINE('',#4950,#4951);
#3873=LINE('',#4952,#4953);
#3874=VERTEX_POINT('',#4954);
#3875=LINE('',#4955,#4956);
#3876=VERTEX_POINT('',#4957);
#3877=LINE('',#4958,#4959);
#3878=VERTEX_POINT('',#4960);
#3879=LINE('',#4961,#4962);
#3880=VERTEX_POINT('',#4963);
#3881=LINE('',#4964,#4965);
#3882=LINE('',#4966,#4967);
#3883=VERTEX_POINT('',#4968);
#3884=LINE('',#4969,#4970);
#3885=VERTEX_POINT('',#4971);
#3886=LINE('',#4972,#4973);
#3887=LINE('',#4974,#4975);
#3888=LINE('',#4976,#4977);
#3889=FILL_AREA_STYLE_COLOUR('',#4978);
#3890=LINE('',#4979,#4980);
#3891=FILL_AREA_STYLE_COLOUR('',#4981);
#3892=LINE('',#4982,#4983);
#3893=FILL_AREA_STYLE_COLOUR('',#4984);
#3894=VERTEX_POINT('',#4985);
#3895=LINE('',#4986,#4987);
#3896=VERTEX_POINT('',#4988);
#3897=LINE('',#4989,#4990);
#3898=LINE('',#4991,#4992);
#3899=FILL_AREA_STYLE_COLOUR('',#4993);
#3900=VERTEX_POINT('',#4994);
#3901=LINE('',#4995,#4996);
#3902=VERTEX_POINT('',#4997);
#3903=LINE('',#4998,#4999);
#3904=LINE('',#5000,#5001);
#3905=FILL_AREA_STYLE_COLOUR('',#5002);
#3906=VERTEX_POINT('',#5003);
#3907=LINE('',#5004,#5005);
#3908=VERTEX_POINT('',#5006);
#3909=LINE('',#5007,#5008);
#3910=LINE('',#5009,#5010);
#3911=FILL_AREA_STYLE_COLOUR('',#5011);
#3912=VERTEX_POINT('',#5012);
#3913=LINE('',#5013,#5014);
#3914=VERTEX_POINT('',#5015);
#3915=LINE('',#5016,#5017);
#3916=LINE('',#5018,#5019);
#3917=FILL_AREA_STYLE_COLOUR('',#5020);
#3918=LINE('',#5021,#5022);
#3919=FILL_AREA_STYLE_COLOUR('',#5023);
#3920=LINE('',#5024,#5025);
#3921=FILL_AREA_STYLE_COLOUR('',#5026);
#3922=LINE('',#5027,#5028);
#3923=FILL_AREA_STYLE_COLOUR('',#5029);
#3924=LINE('',#5030,#5031);
#3925=FILL_AREA_STYLE_COLOUR('',#5032);
#3926=FILL_AREA_STYLE_COLOUR('',#5033);
#3927=FILL_AREA_STYLE_COLOUR('',#5034);
#3928=LINE('',#5035,#5036);
#3929=FILL_AREA_STYLE_COLOUR('',#5037);
#3930=LINE('',#5038,#5039);
#3931=FILL_AREA_STYLE_COLOUR('',#5040);
#3932=LINE('',#5041,#5042);
#3933=FILL_AREA_STYLE_COLOUR('',#5043);
#3934=LINE('',#5044,#5045);
#3935=FILL_AREA_STYLE_COLOUR('',#5046);
#3936=LINE('',#5047,#5048);
#3937=FILL_AREA_STYLE_COLOUR('',#5049);
#3938=LINE('',#5050,#5051);
#3939=FILL_AREA_STYLE_COLOUR('',#5052);
#3940=FILL_AREA_STYLE_COLOUR('',#5053);
#3941=COLOUR_RGB('',1.0,1.0,0.0);
#3942=CARTESIAN_POINT('',(5.3975,0.0,1.5875));
#3943=CARTESIAN_POINT('',(4.7625,0.0,1.5875));
#3944=CARTESIAN_POINT('',(5.1435,0.0,1.5875));
#3945=VECTOR('',#5054,1.0);
#3946=CARTESIAN_POINT('',(5.3975,5.53515905786788,1.5875));
#3947=CARTESIAN_POINT('',(5.3975,2.285,1.5875));
#3948=VECTOR('',#5055,1.0);
#3949=CARTESIAN_POINT('',(4.7625,5.53515905786788,1.5875));
#3950=CARTESIAN_POINT('',(5.58,5.53515905786788,1.5875));
#3951=VECTOR('',#5056,1.0);
#3952=CARTESIAN_POINT('',(4.7625,2.285,1.5875));
#3953=VECTOR('',#5057,1.0);
#3954=COLOUR_RGB('',1.0,1.0,0.0);
#3955=CARTESIAN_POINT('',(5.3975,0.0,0.9525));
#3956=CARTESIAN_POINT('',(5.3975,0.0,1.905));
#3957=VECTOR('',#5058,1.0);
#3958=CARTESIAN_POINT('',(5.3975,5.53515905786788,0.9525));
#3959=CARTESIAN_POINT('',(5.3975,2.285,0.9525));
#3960=VECTOR('',#5059,1.0);
#3961=CARTESIAN_POINT('',(5.3975,5.53515905786788,0.77));
#3962=VECTOR('',#5060,1.0);
#3963=COLOUR_RGB('',0.705882370471954,0.705882370471954,0.705882370471954);
#3964=CARTESIAN_POINT('',(5.3975,-2.032,0.9525));
#3965=CARTESIAN_POINT('',(4.7625,-2.032,0.9525));
#3966=CARTESIAN_POINT('',(5.652135,-2.032,0.9525));
#3967=VECTOR('',#5061,1.0);
#3968=CARTESIAN_POINT('',(5.3975,-4.77515905786788,0.9525));
#3969=CARTESIAN_POINT('',(5.3975,-3.225,0.9525));
#3970=VECTOR('',#5062,1.0);
#3971=CARTESIAN_POINT('',(4.7625,-4.77515905786788,0.9525));
#3972=CARTESIAN_POINT('',(5.58,-4.77515905786788,0.9525));
#3973=VECTOR('',#5063,1.0);
#3974=CARTESIAN_POINT('',(4.7625,-3.225,0.9525));
#3975=VECTOR('',#5064,1.0);
#3976=COLOUR_RGB('',0.705882370471954,0.705882370471954,0.705882370471954);
#3977=CARTESIAN_POINT('',(5.3975,-2.032,1.5875));
#3978=CARTESIAN_POINT('',(5.3975,-2.032,1.905));
#3979=VECTOR('',#5065,1.0);
#3980=CARTESIAN_POINT('',(5.3975,-4.77515905786788,1.5875));
#3981=CARTESIAN_POINT('',(5.3975,-3.225,1.5875));
#3982=VECTOR('',#5066,1.0);
#3983=CARTESIAN_POINT('',(5.3975,-4.77515905786788,1.77));
#3984=VECTOR('',#5067,1.0);
#3985=COLOUR_RGB('',1.0,1.0,0.0);
#3986=CARTESIAN_POINT('',(5.2215,5.84,1.4115));
#3987=CARTESIAN_POINT('',(5.2636,5.76708066100135,1.4536));
#3988=VECTOR('',#5068,1.0);
#3989=CARTESIAN_POINT('',(5.2215,5.84,1.1285));
#3990=CARTESIAN_POINT('',(5.2636,5.76708066100135,1.0864));
#3991=VECTOR('',#5069,1.0);
#3992=CARTESIAN_POINT('',(5.2215,5.84,0.77));
#3993=VECTOR('',#5070,1.0);
#3994=COLOUR_RGB('',1.0,1.0,0.0);
#3995=CARTESIAN_POINT('',(4.9385,5.84,1.1285));
#3996=CARTESIAN_POINT('',(4.58,5.84,1.1285));
#3997=VECTOR('',#5071,1.0);
#3998=CARTESIAN_POINT('',(4.9385,5.84,1.4115));
#3999=CARTESIAN_POINT('',(4.9385,5.84,1.77));
#4000=VECTOR('',#5072,1.0);
#4001=CARTESIAN_POINT('',(5.58,5.84,1.4115));
#4002=VECTOR('',#5073,1.0);
#4003=COLOUR_RGB('',1.0,1.0,0.0);
#4004=CARTESIAN_POINT('',(4.7625,5.53515905786788,0.9525));
#4005=CARTESIAN_POINT('',(4.58,5.53515905786788,0.9525));
#4006=VECTOR('',#5074,1.0);
#4007=CARTESIAN_POINT('',(4.8964,5.76708066100135,1.0864));
#4008=VECTOR('',#5075,1.0);
#4009=COLOUR_RGB('',1.0,1.0,0.0);
#4010=CARTESIAN_POINT('',(4.8964,5.76708066100135,1.4536));
#4011=VECTOR('',#5076,1.0);
#4012=COLOUR_RGB('',1.0,1.0,0.0);
#4013=CARTESIAN_POINT('',(4.7625,5.53515905786788,1.77));
#4014=VECTOR('',#5077,1.0);
#4015=COLOUR_RGB('',1.0,1.0,0.0);
#4016=CARTESIAN_POINT('',(4.7625,0.0,0.9525));
#4017=CARTESIAN_POINT('',(4.7625,0.0,1.905));
#4018=VECTOR('',#5078,1.0);
#4019=CARTESIAN_POINT('',(4.7625,2.285,0.9525));
#4020=VECTOR('',#5079,1.0);
#4021=COLOUR_RGB('',0.705882370471954,0.705882370471954,0.705882370471954);
#4022=CARTESIAN_POINT('',(5.2215,-5.08,1.1285));
#4023=CARTESIAN_POINT('',(5.2636,-5.00708066100135,1.0864));
#4024=VECTOR('',#5080,1.0);
#4025=CARTESIAN_POINT('',(5.2215,-5.08,1.4115));
#4026=CARTESIAN_POINT('',(5.2636,-5.00708066100135,1.4536));
#4027=VECTOR('',#5081,1.0);
#4028=CARTESIAN_POINT('',(5.2215,-5.08,1.77));
#4029=VECTOR('',#5082,1.0);
#4030=COLOUR_RGB('',0.705882370471954,0.705882370471954,0.705882370471954);
#4031=CARTESIAN_POINT('',(4.9385,-5.08,1.4115));
#4032=CARTESIAN_POINT('',(4.58,-5.08,1.4115));
#4033=VECTOR('',#5083,1.0);
#4034=CARTESIAN_POINT('',(4.9385,-5.08,1.1285));
#4035=CARTESIAN_POINT('',(4.9385,-5.08,0.77));
#4036=VECTOR('',#5084,1.0);
#4037=CARTESIAN_POINT('',(5.58,-5.08,1.1285));
#4038=VECTOR('',#5085,1.0);
#4039=COLOUR_RGB('',0.705882370471954,0.705882370471954,0.705882370471954);
#4040=CARTESIAN_POINT('',(4.7625,-4.77515905786788,1.5875));
#4041=CARTESIAN_POINT('',(4.58,-4.77515905786788,1.5875));
#4042=VECTOR('',#5086,1.0);
#4043=CARTESIAN_POINT('',(4.8964,-5.00708066100135,1.4536));
#4044=VECTOR('',#5087,1.0);
#4045=COLOUR_RGB('',0.705882370471954,0.705882370471954,0.705882370471954);
#4046=CARTESIAN_POINT('',(4.7625,-4.77515905786788,0.77));
#4047=VECTOR('',#5088,1.0);
#4048=CARTESIAN_POINT('',(4.8964,-5.00708066100135,1.0864));
#4049=VECTOR('',#5089,1.0);
#4050=COLOUR_RGB('',0.705882370471954,0.705882370471954,0.705882370471954);
#4051=COLOUR_RGB('',0.705882370471954,0.705882370471954,0.705882370471954);
#4052=CARTESIAN_POINT('',(4.7625,-2.032,1.5875));
#4053=CARTESIAN_POINT('',(5.652135,-2.032,1.5875));
#4054=VECTOR('',#5090,1.0);
#4055=CARTESIAN_POINT('',(4.7625,-3.225,1.5875));
#4056=VECTOR('',#5091,1.0);
#4057=COLOUR_RGB('',0.705882370471954,0.705882370471954,0.705882370471954);
#4058=CARTESIAN_POINT('',(4.7625,-2.032,1.905));
#4059=VECTOR('',#5092,1.0);
#4060=COLOUR_RGB('',1.0,1.0,0.0);
#4061=CARTESIAN_POINT('',(5.1435,0.0,0.9525));
#4062=VECTOR('',#5093,1.0);
#4063=COLOUR_RGB('',1.0,1.0,0.0);
#4064=CARTESIAN_POINT('',(2.8575,0.0,1.5875));
#4065=CARTESIAN_POINT('',(2.2225,0.0,1.5875));
#4066=CARTESIAN_POINT('',(2.54,0.0,1.5875));
#4067=VECTOR('',#5094,1.0);
#4068=CARTESIAN_POINT('',(2.8575,5.53515905786788,1.5875));
#4069=CARTESIAN_POINT('',(2.8575,2.285,1.5875));
#4070=VECTOR('',#5095,1.0);
#4071=CARTESIAN_POINT('',(2.2225,5.53515905786788,1.5875));
#4072=CARTESIAN_POINT('',(3.04,5.53515905786788,1.5875));
#4073=VECTOR('',#5096,1.0);
#4074=CARTESIAN_POINT('',(2.2225,2.285,1.5875));
#4075=VECTOR('',#5097,1.0);
#4076=COLOUR_RGB('',1.0,1.0,0.0);
#4077=CARTESIAN_POINT('',(2.8575,0.0,0.9525));
#4078=CARTESIAN_POINT('',(2.8575,0.0,0.635));
#4079=VECTOR('',#5098,1.0);
#4080=CARTESIAN_POINT('',(2.8575,5.53515905786788,0.9525));
#4081=CARTESIAN_POINT('',(2.8575,2.285,0.9525));
#4082=VECTOR('',#5099,1.0);
#4083=CARTESIAN_POINT('',(2.8575,5.53515905786788,0.77));
#4084=VECTOR('',#5100,1.0);
#4085=COLOUR_RGB('',0.705882370471954,0.705882370471954,0.705882370471954);
#4086=CARTESIAN_POINT('',(2.8575,-2.032,0.9525));
#4087=CARTESIAN_POINT('',(2.2225,-2.032,0.9525));
#4088=CARTESIAN_POINT('',(2.54,-2.032,0.9525));
#4089=VECTOR('',#5101,1.0);
#4090=CARTESIAN_POINT('',(2.8575,-4.77515905786788,0.9525));
#4091=CARTESIAN_POINT('',(2.8575,-3.225,0.9525));
#4092=VECTOR('',#5102,1.0);
#4093=CARTESIAN_POINT('',(2.2225,-4.77515905786788,0.9525));
#4094=CARTESIAN_POINT('',(3.04,-4.77515905786788,0.9525));
#4095=VECTOR('',#5103,1.0);
#4096=CARTESIAN_POINT('',(2.2225,-3.225,0.9525));
#4097=VECTOR('',#5104,1.0);
#4098=COLOUR_RGB('',0.705882370471954,0.705882370471954,0.705882370471954);
#4099=CARTESIAN_POINT('',(2.8575,-2.032,1.5875));
#4100=CARTESIAN_POINT('',(2.8575,-2.032,0.635));
#4101=VECTOR('',#5105,1.0);
#4102=CARTESIAN_POINT('',(2.8575,-4.77515905786788,1.5875));
#4103=CARTESIAN_POINT('',(2.8575,-3.225,1.5875));
#4104=VECTOR('',#5106,1.0);
#4105=CARTESIAN_POINT('',(2.8575,-4.77515905786788,1.77));
#4106=VECTOR('',#5107,1.0);
#4107=COLOUR_RGB('',1.0,1.0,0.0);
#4108=CARTESIAN_POINT('',(2.6815,5.84,1.4115));
#4109=CARTESIAN_POINT('',(2.7236,5.76708066100135,1.4536));
#4110=VECTOR('',#5108,1.0);
#4111=CARTESIAN_POINT('',(2.6815,5.84,1.1285));
#4112=CARTESIAN_POINT('',(2.7236,5.76708066100135,1.0864));
#4113=VECTOR('',#5109,1.0);
#4114=CARTESIAN_POINT('',(2.6815,5.84,0.77));
#4115=VECTOR('',#5110,1.0);
#4116=COLOUR_RGB('',1.0,1.0,0.0);
#4117=CARTESIAN_POINT('',(2.3985,5.84,1.1285));
#4118=CARTESIAN_POINT('',(2.04,5.84,1.1285));
#4119=VECTOR('',#5111,1.0);
#4120=CARTESIAN_POINT('',(2.3985,5.84,1.4115));
#4121=CARTESIAN_POINT('',(2.3985,5.84,1.77));
#4122=VECTOR('',#5112,1.0);
#4123=CARTESIAN_POINT('',(3.04,5.84,1.4115));
#4124=VECTOR('',#5113,1.0);
#4125=COLOUR_RGB('',1.0,1.0,0.0);
#4126=CARTESIAN_POINT('',(2.2225,5.53515905786788,0.9525));
#4127=CARTESIAN_POINT('',(2.04,5.53515905786788,0.9525));
#4128=VECTOR('',#5114,1.0);
#4129=CARTESIAN_POINT('',(2.3564,5.76708066100135,1.0864));
#4130=VECTOR('',#5115,1.0);
#4131=COLOUR_RGB('',1.0,1.0,0.0);
#4132=CARTESIAN_POINT('',(2.3564,5.76708066100135,1.4536));
#4133=VECTOR('',#5116,1.0);
#4134=COLOUR_RGB('',1.0,1.0,0.0);
#4135=CARTESIAN_POINT('',(2.2225,5.53515905786788,1.77));
#4136=VECTOR('',#5117,1.0);
#4137=COLOUR_RGB('',1.0,1.0,0.0);
#4138=CARTESIAN_POINT('',(2.2225,0.0,0.9525));
#4139=CARTESIAN_POINT('',(2.2225,0.0,0.635));
#4140=VECTOR('',#5118,1.0);
#4141=CARTESIAN_POINT('',(2.2225,2.285,0.9525));
#4142=VECTOR('',#5119,1.0);
#4143=COLOUR_RGB('',0.705882370471954,0.705882370471954,0.705882370471954);
#4144=CARTESIAN_POINT('',(2.6815,-5.08,1.1285));
#4145=CARTESIAN_POINT('',(2.7236,-5.00708066100135,1.0864));
#4146=VECTOR('',#5120,1.0);
#4147=CARTESIAN_POINT('',(2.6815,-5.08,1.4115));
#4148=CARTESIAN_POINT('',(2.7236,-5.00708066100135,1.4536));
#4149=VECTOR('',#5121,1.0);
#4150=CARTESIAN_POINT('',(2.6815,-5.08,1.77));
#4151=VECTOR('',#5122,1.0);
#4152=COLOUR_RGB('',0.705882370471954,0.705882370471954,0.705882370471954);
#4153=CARTESIAN_POINT('',(2.3985,-5.08,1.4115));
#4154=CARTESIAN_POINT('',(2.04,-5.08,1.4115));
#4155=VECTOR('',#5123,1.0);
#4156=CARTESIAN_POINT('',(2.3985,-5.08,1.1285));
#4157=CARTESIAN_POINT('',(2.3985,-5.08,0.77));
#4158=VECTOR('',#5124,1.0);
#4159=CARTESIAN_POINT('',(3.04,-5.08,1.1285));
#4160=VECTOR('',#5125,1.0);
#4161=COLOUR_RGB('',0.705882370471954,0.705882370471954,0.705882370471954);
#4162=CARTESIAN_POINT('',(2.2225,-4.77515905786788,1.5875));
#4163=CARTESIAN_POINT('',(2.04,-4.77515905786788,1.5875));
#4164=VECTOR('',#5126,1.0);
#4165=CARTESIAN_POINT('',(2.3564,-5.00708066100135,1.4536));
#4166=VECTOR('',#5127,1.0);
#4167=COLOUR_RGB('',0.705882370471954,0.705882370471954,0.705882370471954);
#4168=CARTESIAN_POINT('',(2.2225,-4.77515905786788,0.77));
#4169=VECTOR('',#5128,1.0);
#4170=CARTESIAN_POINT('',(2.3564,-5.00708066100135,1.0864));
#4171=VECTOR('',#5129,1.0);
#4172=COLOUR_RGB('',0.705882370471954,0.705882370471954,0.705882370471954);
#4173=COLOUR_RGB('',0.705882370471954,0.705882370471954,0.705882370471954);
#4174=CARTESIAN_POINT('',(2.2225,-2.032,1.5875));
#4175=CARTESIAN_POINT('',(2.54,-2.032,1.5875));
#4176=VECTOR('',#5130,1.0);
#4177=CARTESIAN_POINT('',(2.2225,-3.225,1.5875));
#4178=VECTOR('',#5131,1.0);
#4179=COLOUR_RGB('',0.705882370471954,0.705882370471954,0.705882370471954);
#4180=CARTESIAN_POINT('',(2.2225,-2.032,0.635));
#4181=VECTOR('',#5132,1.0);
#4182=COLOUR_RGB('',1.0,1.0,0.0);
#4183=CARTESIAN_POINT('',(2.54,0.0,0.9525));
#4184=VECTOR('',#5133,1.0);
#4185=COLOUR_RGB('',1.0,1.0,0.0);
#4186=CARTESIAN_POINT('',(0.3175,0.0,1.5875));
#4187=CARTESIAN_POINT('',(-0.3175,0.0,1.5875));
#4188=CARTESIAN_POINT('',(-0.0635000000000001,0.0,1.5875));
#4189=VECTOR('',#5134,1.0);
#4190=CARTESIAN_POINT('',(0.3175,5.53515905786788,1.5875));
#4191=CARTESIAN_POINT('',(0.3175,2.285,1.5875));
#4192=VECTOR('',#5135,1.0);
#4193=CARTESIAN_POINT('',(-0.3175,5.53515905786788,1.5875));
#4194=CARTESIAN_POINT('',(0.5,5.53515905786788,1.5875));
#4195=VECTOR('',#5136,1.0);
#4196=CARTESIAN_POINT('',(-0.3175,2.285,1.5875));
#4197=VECTOR('',#5137,1.0);
#4198=COLOUR_RGB('',1.0,1.0,0.0);
#4199=CARTESIAN_POINT('',(0.3175,0.0,0.9525));
#4200=CARTESIAN_POINT('',(0.3175,0.0,0.635));
#4201=VECTOR('',#5138,1.0);
#4202=CARTESIAN_POINT('',(0.3175,5.53515905786788,0.9525));
#4203=CARTESIAN_POINT('',(0.3175,2.285,0.9525));
#4204=VECTOR('',#5139,1.0);
#4205=CARTESIAN_POINT('',(0.3175,5.53515905786788,0.77));
#4206=VECTOR('',#5140,1.0);
#4207=COLOUR_RGB('',0.705882370471954,0.705882370471954,0.705882370471954);
#4208=CARTESIAN_POINT('',(0.3175,-2.032,0.9525));
#4209=CARTESIAN_POINT('',(-0.3175,-2.032,0.9525));
#4210=CARTESIAN_POINT('',(-0.572135,-2.032,0.9525));
#4211=VECTOR('',#5141,1.0);
#4212=CARTESIAN_POINT('',(0.3175,-4.77515905786788,0.9525));
#4213=CARTESIAN_POINT('',(0.3175,-3.225,0.9525));
#4214=VECTOR('',#5142,1.0);
#4215=CARTESIAN_POINT('',(-0.3175,-4.77515905786788,0.9525));
#4216=CARTESIAN_POINT('',(0.5,-4.77515905786788,0.9525));
#4217=VECTOR('',#5143,1.0);
#4218=CARTESIAN_POINT('',(-0.3175,-3.225,0.9525));
#4219=VECTOR('',#5144,1.0);
#4220=COLOUR_RGB('',0.705882370471954,0.705882370471954,0.705882370471954);
#4221=CARTESIAN_POINT('',(0.3175,-2.032,1.5875));
#4222=CARTESIAN_POINT('',(0.3175,-2.032,0.635));
#4223=VECTOR('',#5145,1.0);
#4224=CARTESIAN_POINT('',(0.3175,-4.77515905786788,1.5875));
#4225=CARTESIAN_POINT('',(0.3175,-3.225,1.5875));
#4226=VECTOR('',#5146,1.0);
#4227=CARTESIAN_POINT('',(0.3175,-4.77515905786788,1.77));
#4228=VECTOR('',#5147,1.0);
#4229=COLOUR_RGB('',1.0,1.0,0.0);
#4230=CARTESIAN_POINT('',(0.1415,5.84,1.4115));
#4231=CARTESIAN_POINT('',(0.1836,5.76708066100135,1.4536));
#4232=VECTOR('',#5148,1.0);
#4233=CARTESIAN_POINT('',(0.1415,5.84,1.1285));
#4234=CARTESIAN_POINT('',(0.1836,5.76708066100135,1.0864));
#4235=VECTOR('',#5149,1.0);
#4236=CARTESIAN_POINT('',(0.1415,5.84,0.77));
#4237=VECTOR('',#5150,1.0);
#4238=COLOUR_RGB('',1.0,1.0,0.0);
#4239=CARTESIAN_POINT('',(-0.1415,5.84,1.1285));
#4240=CARTESIAN_POINT('',(-0.5,5.84,1.1285));
#4241=VECTOR('',#5151,1.0);
#4242=CARTESIAN_POINT('',(-0.1415,5.84,1.4115));
#4243=CARTESIAN_POINT('',(-0.1415,5.84,1.77));
#4244=VECTOR('',#5152,1.0);
#4245=CARTESIAN_POINT('',(0.5,5.84,1.4115));
#4246=VECTOR('',#5153,1.0);
#4247=COLOUR_RGB('',1.0,1.0,0.0);
#4248=CARTESIAN_POINT('',(-0.3175,5.53515905786788,0.9525));
#4249=CARTESIAN_POINT('',(-0.5,5.53515905786788,0.9525));
#4250=VECTOR('',#5154,1.0);
#4251=CARTESIAN_POINT('',(-0.1836,5.76708066100135,1.0864));
#4252=VECTOR('',#5155,1.0);
#4253=COLOUR_RGB('',1.0,1.0,0.0);
#4254=CARTESIAN_POINT('',(-0.1836,5.76708066100135,1.4536));
#4255=VECTOR('',#5156,1.0);
#4256=COLOUR_RGB('',1.0,1.0,0.0);
#4257=CARTESIAN_POINT('',(-0.3175,5.53515905786788,1.77));
#4258=VECTOR('',#5157,1.0);
#4259=COLOUR_RGB('',1.0,1.0,0.0);
#4260=CARTESIAN_POINT('',(-0.3175,0.0,0.9525));
#4261=CARTESIAN_POINT('',(-0.3175,0.0,0.635));
#4262=VECTOR('',#5158,1.0);
#4263=CARTESIAN_POINT('',(-0.3175,2.285,0.9525));
#4264=VECTOR('',#5159,1.0);
#4265=COLOUR_RGB('',0.705882370471954,0.705882370471954,0.705882370471954);
#4266=CARTESIAN_POINT('',(0.1415,-5.08,1.1285));
#4267=CARTESIAN_POINT('',(0.1836,-5.00708066100135,1.0864));
#4268=VECTOR('',#5160,1.0);
#4269=CARTESIAN_POINT('',(0.1415,-5.08,1.4115));
#4270=CARTESIAN_POINT('',(0.1836,-5.00708066100135,1.4536));
#4271=VECTOR('',#5161,1.0);
#4272=CARTESIAN_POINT('',(0.1415,-5.08,1.77));
#4273=VECTOR('',#5162,1.0);
#4274=COLOUR_RGB('',0.705882370471954,0.705882370471954,0.705882370471954);
#4275=CARTESIAN_POINT('',(-0.1415,-5.08,1.4115));
#4276=CARTESIAN_POINT('',(-0.5,-5.08,1.4115));
#4277=VECTOR('',#5163,1.0);
#4278=CARTESIAN_POINT('',(-0.1415,-5.08,1.1285));
#4279=CARTESIAN_POINT('',(-0.1415,-5.08,0.77));
#4280=VECTOR('',#5164,1.0);
#4281=CARTESIAN_POINT('',(0.5,-5.08,1.1285));
#4282=VECTOR('',#5165,1.0);
#4283=COLOUR_RGB('',0.705882370471954,0.705882370471954,0.705882370471954);
#4284=CARTESIAN_POINT('',(-0.3175,-4.77515905786788,1.5875));
#4285=CARTESIAN_POINT('',(-0.5,-4.77515905786788,1.5875));
#4286=VECTOR('',#5166,1.0);
#4287=CARTESIAN_POINT('',(-0.1836,-5.00708066100135,1.4536));
#4288=VECTOR('',#5167,1.0);
#4289=COLOUR_RGB('',0.705882370471954,0.705882370471954,0.705882370471954);
#4290=CARTESIAN_POINT('',(-0.3175,-4.77515905786788,0.77));
#4291=VECTOR('',#5168,1.0);
#4292=CARTESIAN_POINT('',(-0.1836,-5.00708066100135,1.0864));
#4293=VECTOR('',#5169,1.0);
#4294=COLOUR_RGB('',0.705882370471954,0.705882370471954,0.705882370471954);
#4295=COLOUR_RGB('',0.705882370471954,0.705882370471954,0.705882370471954);
#4296=CARTESIAN_POINT('',(-0.3175,-2.032,1.5875));
#4297=CARTESIAN_POINT('',(-0.572135,-2.032,1.5875));
#4298=VECTOR('',#5170,1.0);
#4299=CARTESIAN_POINT('',(-0.3175,-3.225,1.5875));
#4300=VECTOR('',#5171,1.0);
#4301=COLOUR_RGB('',0.705882370471954,0.705882370471954,0.705882370471954);
#4302=CARTESIAN_POINT('',(-0.3175,-2.032,0.635));
#4303=VECTOR('',#5172,1.0);
#4304=COLOUR_RGB('',1.0,1.0,0.0);
#4305=CARTESIAN_POINT('',(-0.0635000000000001,0.0,0.9525));
#4306=VECTOR('',#5173,1.0);
#4307=COLOUR_RGB('',0.196078434586525,0.196078434586525,0.196078434586525);
#4308=CARTESIAN_POINT('',(3.556,0.0,2.54));
#4309=CARTESIAN_POINT('',(3.68,-0.124,2.286));
#4310=CARTESIAN_POINT('',(3.99008200025192,-0.434082000251921,1.65083203174203));
#4311=VECTOR('',#5174,1.0);
#4312=CARTESIAN_POINT('',(3.556,-2.54,2.54));
#4313=CARTESIAN_POINT('',(3.556,-0.444273060987514,2.54));
#4314=VECTOR('',#5175,1.0);
#4315=CARTESIAN_POINT('',(3.55604,-2.54,2.53991806451613));
#4316=CARTESIAN_POINT('',(4.06690272267561,-2.54,1.49347345516447));
#4317=VECTOR('',#5176,1.0);
#4318=CARTESIAN_POINT('',(3.55604,-2.032,2.53991806451613));
#4319=CARTESIAN_POINT('',(3.55604,-0.943000000000001,2.53991806451613));
#4320=VECTOR('',#5177,1.0);
#4321=CARTESIAN_POINT('',(3.68,-1.90804,2.286));
#4322=CARTESIAN_POINT('',(4.21863029096864,-1.36940970903136,1.18267666204812));
#4323=VECTOR('',#5178,1.0);
#4324=CARTESIAN_POINT('',(3.68,0.4,2.286));
#4325=VECTOR('',#5179,1.0);
#4326=COLOUR_RGB('',0.196078434586525,0.196078434586525,0.196078434586525);
#4327=CARTESIAN_POINT('',(3.81,-0.254,2.286));
#4328=CARTESIAN_POINT('',(3.583,-0.027,2.286));
#4329=VECTOR('',#5180,1.0);
#4330=CARTESIAN_POINT('',(3.81,-1.77804,2.286));
#4331=CARTESIAN_POINT('',(4.29103,-1.29701,2.286));
#4332=VECTOR('',#5181,1.0);
#4333=CARTESIAN_POINT('',(3.94,-1.90804,2.286));
#4334=CARTESIAN_POINT('',(3.32897,-1.29701,2.286));
#4335=VECTOR('',#5182,1.0);
#4336=CARTESIAN_POINT('',(3.94,-0.124,2.286));
#4337=CARTESIAN_POINT('',(3.94,0.4,2.286));
#4338=VECTOR('',#5183,1.0);
#4339=CARTESIAN_POINT('',(4.037,-0.0270000000000001,2.286));
#4340=VECTOR('',#5184,1.0);
#4341=COLOUR_RGB('',0.196078434586525,0.196078434586525,0.196078434586525);
#4342=CARTESIAN_POINT('',(4.064,0.0,2.54));
#4343=CARTESIAN_POINT('',(4.04978532140908,-0.0142146785909224,2.51088283578956));
#4344=VECTOR('',#5185,1.0);
#4345=CARTESIAN_POINT('',(4.06396,-2.032,2.53991806451613));
#4346=CARTESIAN_POINT('',(3.82123703069236,-1.78927703069236,2.04272746609565));
#4347=VECTOR('',#5186,1.0);
#4348=CARTESIAN_POINT('',(4.06396,-2.54,2.53991806451613));
#4349=CARTESIAN_POINT('',(4.06396,-0.943,2.53991806451613));
#4350=VECTOR('',#5187,1.0);
#4351=CARTESIAN_POINT('',(4.064,-2.54,2.54));
#4352=CARTESIAN_POINT('',(4.05377218845441,-2.54,2.51904948280178));
#4353=VECTOR('',#5188,1.0);
#4354=CARTESIAN_POINT('',(4.064,-0.444273060987514,2.54));
#4355=VECTOR('',#5189,1.0);
#4356=COLOUR_RGB('',0.196078434586525,0.196078434586525,0.196078434586525);
#4357=CARTESIAN_POINT('',(3.81,-0.254,0.254));
#4358=CARTESIAN_POINT('',(3.81,-0.254,0.0));
#4359=VECTOR('',#5190,1.0);
#4360=CARTESIAN_POINT('',(3.68,-0.124,0.254));
#4361=CARTESIAN_POINT('',(3.583,-0.0270000000000001,0.254));
#4362=VECTOR('',#5191,1.0);
#4363=CARTESIAN_POINT('',(3.556,0.0,0.0));
#4364=CARTESIAN_POINT('',(3.57021467859092,-0.0142146785909228,0.0291171642104377));
#4365=VECTOR('',#5192,1.0);
#4366=CARTESIAN_POINT('',(3.556,0.0,0.0));
#4367=VECTOR('',#5193,1.0);
#4368=COLOUR_RGB('',0.196078434586525,0.196078434586525,0.196078434586525);
#4369=CARTESIAN_POINT('',(4.064,0.0,0.0));
#4370=CARTESIAN_POINT('',(4.064,0.0,2.54));
#4371=VECTOR('',#5194,1.0);
#4372=CARTESIAN_POINT('',(3.94,-0.124000000000001,0.254));
#4373=CARTESIAN_POINT('',(3.62991799974808,-0.434082000251922,0.889167968257967));
#4374=VECTOR('',#5195,1.0);
#4375=CARTESIAN_POINT('',(4.037,-0.0270000000000002,0.254));
#4376=VECTOR('',#5196,1.0);
#4377=COLOUR_RGB('',0.196078434586525,0.196078434586525,0.196078434586525);
#4378=CARTESIAN_POINT('',(4.49576,-2.54,2.54));
#4379=CARTESIAN_POINT('',(4.49576,-2.54,2.54));
#4380=VECTOR('',#5197,1.0);
#4381=CARTESIAN_POINT('',(4.49576,-2.032,2.54));
#4382=CARTESIAN_POINT('',(4.49576,-2.032,2.54));
#4383=VECTOR('',#5198,1.0);
#4384=CARTESIAN_POINT('',(5.66674,-2.032,2.54));
#4385=CARTESIAN_POINT('',(5.66674,-2.032,2.54));
#4386=VECTOR('',#5199,1.0);
#4387=CARTESIAN_POINT('',(5.66674,-2.54,2.54));
#4388=CARTESIAN_POINT('',(5.66674,-2.032,2.54));
#4389=VECTOR('',#5200,1.0);
#4390=CARTESIAN_POINT('',(6.09854,-2.54,2.54));
#4391=CARTESIAN_POINT('',(6.09854,-2.54,2.54));
#4392=VECTOR('',#5201,1.0);
#4393=CARTESIAN_POINT('',(6.09854,-2.032,2.54));
#4394=CARTESIAN_POINT('',(6.09854,-2.032,2.54));
#4395=VECTOR('',#5202,1.0);
#4396=CARTESIAN_POINT('',(6.35,-2.032,2.54));
#4397=CARTESIAN_POINT('',(6.35,-2.032,2.54));
#4398=VECTOR('',#5203,1.0);
#4399=CARTESIAN_POINT('',(6.35,0.0,2.54));
#4400=CARTESIAN_POINT('',(6.35,-1.76247905159244E-16,2.54));
#4401=VECTOR('',#5204,1.0);
#4402=CARTESIAN_POINT('',(6.35,0.0,2.54));
#4403=VECTOR('',#5205,1.0);
#4404=COLOUR_RGB('',0.196078434586525,0.196078434586525,0.196078434586525);
#4405=CARTESIAN_POINT('',(4.06396,-2.54,2.1082));
#4406=CARTESIAN_POINT('',(4.06396,-2.54,2.54));
#4407=VECTOR('',#5206,1.0);
#4408=CARTESIAN_POINT('',(4.49576,-2.54,2.1082));
#4409=CARTESIAN_POINT('',(4.67993,-2.54,2.1082));
#4410=VECTOR('',#5207,1.0);
#4411=CARTESIAN_POINT('',(4.49576,-2.54,2.54));
#4412=VECTOR('',#5208,1.0);
#4413=COLOUR_RGB('',0.196078434586525,0.196078434586525,0.196078434586525);
#4414=CARTESIAN_POINT('',(4.06396,-2.032,2.1082));
#4415=CARTESIAN_POINT('',(4.06396,-2.032,2.54));
#4416=VECTOR('',#5209,1.0);
#4417=CARTESIAN_POINT('',(4.06396,-2.309,2.1082));
#4418=VECTOR('',#5210,1.0);
#4419=COLOUR_RGB('',0.196078434586525,0.196078434586525,0.196078434586525);
#4420=CARTESIAN_POINT('',(1.016,0.0,2.54));
#4421=CARTESIAN_POINT('',(1.14,-0.124,2.286));
#4422=CARTESIAN_POINT('',(1.45008200025192,-0.434082000251921,1.65083203174203));
#4423=VECTOR('',#5211,1.0);
#4424=CARTESIAN_POINT('',(1.016,-2.54,2.54));
#4425=CARTESIAN_POINT('',(1.016,-0.444273060987514,2.54));
#4426=VECTOR('',#5212,1.0);
#4427=CARTESIAN_POINT('',(1.01604,-2.54,2.53991806451613));
#4428=CARTESIAN_POINT('',(1.52690272267561,-2.54,1.49347345516447));
#4429=VECTOR('',#5213,1.0);
#4430=CARTESIAN_POINT('',(1.01604,-2.032,2.53991806451613));
#4431=CARTESIAN_POINT('',(1.01604,-0.943000000000001,2.53991806451613));
#4432=VECTOR('',#5214,1.0);
#4433=CARTESIAN_POINT('',(1.14,-1.90804,2.286));
#4434=CARTESIAN_POINT('',(1.67863029096864,-1.36940970903136,1.18267666204812));
#4435=VECTOR('',#5215,1.0);
#4436=CARTESIAN_POINT('',(1.14,0.4,2.286));
#4437=VECTOR('',#5216,1.0);
#4438=COLOUR_RGB('',0.196078434586525,0.196078434586525,0.196078434586525);
#4439=CARTESIAN_POINT('',(1.27,-0.254,2.286));
#4440=CARTESIAN_POINT('',(1.043,-0.0269999999999998,2.286));
#4441=VECTOR('',#5217,1.0);
#4442=CARTESIAN_POINT('',(1.27,-1.77804,2.286));
#4443=CARTESIAN_POINT('',(1.75103,-1.29701,2.286));
#4444=VECTOR('',#5218,1.0);
#4445=CARTESIAN_POINT('',(1.4,-1.90804,2.286));
#4446=CARTESIAN_POINT('',(0.78897,-1.29701,2.286));
#4447=VECTOR('',#5219,1.0);
#4448=CARTESIAN_POINT('',(1.4,-0.124,2.286));
#4449=CARTESIAN_POINT('',(1.4,0.4,2.286));
#4450=VECTOR('',#5220,1.0);
#4451=CARTESIAN_POINT('',(1.497,-0.0270000000000001,2.286));
#4452=VECTOR('',#5221,1.0);
#4453=COLOUR_RGB('',0.196078434586525,0.196078434586525,0.196078434586525);
#4454=CARTESIAN_POINT('',(1.524,0.0,2.54));
#4455=CARTESIAN_POINT('',(1.08991799974808,-0.434082000251921,1.65083203174203));
#4456=VECTOR('',#5222,1.0);
#4457=CARTESIAN_POINT('',(1.52396,-2.032,2.53991806451613));
#4458=CARTESIAN_POINT('',(0.861369709031364,-1.36940970903136,1.18267666204812));
#4459=VECTOR('',#5223,1.0);
#4460=CARTESIAN_POINT('',(1.52396,-2.54,2.53991806451613));
#4461=CARTESIAN_POINT('',(1.52396,-0.943,2.53991806451613));
#4462=VECTOR('',#5224,1.0);
#4463=CARTESIAN_POINT('',(1.524,-2.54,2.54));
#4464=CARTESIAN_POINT('',(1.01309727732439,-2.54,1.49347345516447));
#4465=VECTOR('',#5225,1.0);
#4466=CARTESIAN_POINT('',(1.524,-0.444273060987514,2.54));
#4467=VECTOR('',#5226,1.0);
#4468=COLOUR_RGB('',0.196078434586525,0.196078434586525,0.196078434586525);
#4469=CARTESIAN_POINT('',(1.27,-0.254,0.254));
#4470=CARTESIAN_POINT('',(1.27,-0.254,0.0));
#4471=VECTOR('',#5227,1.0);
#4472=CARTESIAN_POINT('',(1.14,-0.124,0.254));
#4473=CARTESIAN_POINT('',(1.043,-0.027,0.254));
#4474=VECTOR('',#5228,1.0);
#4475=CARTESIAN_POINT('',(1.016,0.0,0.0));
#4476=CARTESIAN_POINT('',(1.03021467859092,-0.0142146785909226,0.0291171642104378));
#4477=VECTOR('',#5229,1.0);
#4478=CARTESIAN_POINT('',(1.016,0.0,0.0));
#4479=VECTOR('',#5230,1.0);
#4480=COLOUR_RGB('',0.196078434586525,0.196078434586525,0.196078434586525);
#4481=CARTESIAN_POINT('',(1.524,0.0,0.0));
#4482=CARTESIAN_POINT('',(1.524,0.0,0.0));
#4483=VECTOR('',#5231,1.0);
#4484=CARTESIAN_POINT('',(1.4,-0.124,0.254));
#4485=CARTESIAN_POINT('',(1.50978532140908,-0.0142146785909225,0.0291171642104379));
#4486=VECTOR('',#5232,1.0);
#4487=CARTESIAN_POINT('',(1.497,-0.0270000000000001,0.254));
#4488=VECTOR('',#5233,1.0);
#4489=COLOUR_RGB('',0.196078434586525,0.196078434586525,0.196078434586525);
#4490=CARTESIAN_POINT('',(1.524,0.0,2.54));
#4491=VECTOR('',#5234,1.0);
#4492=CARTESIAN_POINT('',(1.95576,-2.54,2.54));
#4493=CARTESIAN_POINT('',(1.52396,-2.54,2.54));
#4494=VECTOR('',#5235,1.0);
#4495=CARTESIAN_POINT('',(1.95576,-2.032,2.54));
#4496=CARTESIAN_POINT('',(1.95576,-2.032,2.54));
#4497=VECTOR('',#5236,1.0);
#4498=CARTESIAN_POINT('',(3.12424,-2.032,2.54));
#4499=CARTESIAN_POINT('',(1.95576,-2.032,2.54));
#4500=VECTOR('',#5237,1.0);
#4501=CARTESIAN_POINT('',(3.12424,-2.54,2.54));
#4502=CARTESIAN_POINT('',(3.12424,-2.032,2.54));
#4503=VECTOR('',#5238,1.0);
#4504=CARTESIAN_POINT('',(3.12424,-2.54,2.54));
#4505=VECTOR('',#5239,1.0);
#4506=COLOUR_RGB('',0.196078434586525,0.196078434586525,0.196078434586525);
#4507=CARTESIAN_POINT('',(1.52396,-2.54,2.1082));
#4508=CARTESIAN_POINT('',(1.52396,-2.54,0.0));
#4509=VECTOR('',#5240,1.0);
#4510=CARTESIAN_POINT('',(1.95576,-2.54,2.1082));
#4511=CARTESIAN_POINT('',(2.13993,-2.54,2.1082));
#4512=VECTOR('',#5241,1.0);
#4513=CARTESIAN_POINT('',(1.95576,-2.54,0.0));
#4514=VECTOR('',#5242,1.0);
#4515=COLOUR_RGB('',0.196078434586525,0.196078434586525,0.196078434586525);
#4516=CARTESIAN_POINT('',(1.52396,-2.032,2.1082));
#4517=CARTESIAN_POINT('',(1.52396,-2.032,0.0));
#4518=VECTOR('',#5243,1.0);
#4519=CARTESIAN_POINT('',(1.52396,-2.309,2.1082));
#4520=VECTOR('',#5244,1.0);
#4521=COLOUR_RGB('',0.196078434586525,0.196078434586525,0.196078434586525);
#4522=CARTESIAN_POINT('',(3.68,-1.90804,0.254));
#4523=CARTESIAN_POINT('',(3.81,-1.77804,0.254));
#4524=CARTESIAN_POINT('',(4.29103,-1.29701,0.254));
#4525=VECTOR('',#5245,1.0);
#4526=CARTESIAN_POINT('',(3.68,0.4,0.254));
#4527=VECTOR('',#5246,1.0);
#4528=CARTESIAN_POINT('',(3.94,-1.90804,0.254));
#4529=CARTESIAN_POINT('',(3.94,0.4,0.254));
#4530=VECTOR('',#5247,1.0);
#4531=CARTESIAN_POINT('',(3.32897,-1.29701,0.254));
#4532=VECTOR('',#5248,1.0);
#4533=COLOUR_RGB('',0.196078434586525,0.196078434586525,0.196078434586525);
#4534=CARTESIAN_POINT('',(4.06396,-2.032,8.19354838696995E-05));
#4535=CARTESIAN_POINT('',(3.40136970903136,-1.36940970903136,1.35732333795188));
#4536=VECTOR('',#5249,1.0);
#4537=CARTESIAN_POINT('',(4.064,-2.54,-5.28736039326349E-17));
#4538=CARTESIAN_POINT('',(4.064,-0.444273060987514,-5.16951077423188E-17));
#4539=VECTOR('',#5250,1.0);
#4540=CARTESIAN_POINT('',(4.06396,-2.54,8.19354838696995E-05));
#4541=CARTESIAN_POINT('',(3.55309727732439,-2.54,1.04652654483553));
#4542=VECTOR('',#5251,1.0);
#4543=CARTESIAN_POINT('',(4.06396,-0.943000000000001,8.19354838694775E-05));
#4544=VECTOR('',#5252,1.0);
#4545=COLOUR_RGB('',0.196078434586525,0.196078434586525,0.196078434586525);
#4546=CARTESIAN_POINT('',(3.55604,-2.032,8.19354838707624E-05));
#4547=CARTESIAN_POINT('',(3.79876296930764,-1.78927703069236,0.497272533904354));
#4548=VECTOR('',#5253,1.0);
#4549=CARTESIAN_POINT('',(3.55604,-2.54,8.19354838707308E-05));
#4550=CARTESIAN_POINT('',(3.55604,-0.943,8.19354838695191E-05));
#4551=VECTOR('',#5254,1.0);
#4552=CARTESIAN_POINT('',(3.556,-2.54,0.0));
#4553=CARTESIAN_POINT('',(3.56622781154559,-2.54,0.0209505171982169));
#4554=VECTOR('',#5255,1.0);
#4555=CARTESIAN_POINT('',(3.556,-0.444273060987514,-5.16951077423188E-17));
#4556=VECTOR('',#5256,1.0);
#4557=COLOUR_RGB('',0.196078434586525,0.196078434586525,0.196078434586525);
#4558=CARTESIAN_POINT('',(3.81,-1.77804,1.27));
#4559=VECTOR('',#5257,1.0);
#4560=CARTESIAN_POINT('',(4.06396,-2.032,0.4318));
#4561=CARTESIAN_POINT('',(4.06396,-2.032,2.54));
#4562=VECTOR('',#5258,1.0);
#4563=CARTESIAN_POINT('',(4.06396,-2.032,2.54));
#4564=VECTOR('',#5259,1.0);
#4565=COLOUR_RGB('',0.196078434586525,0.196078434586525,0.196078434586525);
#4566=CARTESIAN_POINT('',(4.06396,-2.54,0.4318));
#4567=CARTESIAN_POINT('',(4.06396,-2.54,2.54));
#4568=VECTOR('',#5260,1.0);
#4569=CARTESIAN_POINT('',(4.06396,-2.309,0.4318));
#4570=VECTOR('',#5261,1.0);
#4571=COLOUR_RGB('',0.196078434586525,0.196078434586525,0.196078434586525);
#4572=CARTESIAN_POINT('',(4.49576,-2.54,0.0));
#4573=CARTESIAN_POINT('',(4.49576,-2.54,0.0));
#4574=VECTOR('',#5262,1.0);
#4575=CARTESIAN_POINT('',(4.49576,-2.54,0.4318));
#4576=CARTESIAN_POINT('',(4.49576,-2.54,2.54));
#4577=VECTOR('',#5263,1.0);
#4578=CARTESIAN_POINT('',(4.67993,-2.54,0.4318));
#4579=VECTOR('',#5264,1.0);
#4580=COLOUR_RGB('',0.196078434586525,0.196078434586525,0.196078434586525);
#4581=CARTESIAN_POINT('',(6.35,0.0,0.0));
#4582=CARTESIAN_POINT('',(6.35,0.0,0.0));
#4583=VECTOR('',#5265,1.0);
#4584=CARTESIAN_POINT('',(6.35,-2.032,0.0));
#4585=CARTESIAN_POINT('',(6.35,-1.76247905159244E-16,0.0));
#4586=VECTOR('',#5266,1.0);
#4587=CARTESIAN_POINT('',(6.09854,-2.032,0.0));
#4588=CARTESIAN_POINT('',(6.35,-2.032,0.0));
#4589=VECTOR('',#5267,1.0);
#4590=CARTESIAN_POINT('',(6.09854,-2.54,0.0));
#4591=CARTESIAN_POINT('',(6.09854,-2.032,0.0));
#4592=VECTOR('',#5268,1.0);
#4593=CARTESIAN_POINT('',(5.66674,-2.54,0.0));
#4594=CARTESIAN_POINT('',(6.09854,-2.54,0.0));
#4595=VECTOR('',#5269,1.0);
#4596=CARTESIAN_POINT('',(5.66674,-2.032,0.0));
#4597=CARTESIAN_POINT('',(5.66674,-2.032,0.0));
#4598=VECTOR('',#5270,1.0);
#4599=CARTESIAN_POINT('',(4.49576,-2.032,0.0));
#4600=CARTESIAN_POINT('',(5.66674,-2.032,0.0));
#4601=VECTOR('',#5271,1.0);
#4602=CARTESIAN_POINT('',(4.49576,-2.032,0.0));
#4603=VECTOR('',#5272,1.0);
#4604=COLOUR_RGB('',0.196078434586525,0.196078434586525,0.196078434586525);
#4605=CARTESIAN_POINT('',(1.14,-1.90804,0.254));
#4606=CARTESIAN_POINT('',(1.27,-1.77804,0.254));
#4607=CARTESIAN_POINT('',(1.75103,-1.29701,0.254));
#4608=VECTOR('',#5273,1.0);
#4609=CARTESIAN_POINT('',(1.14,0.4,0.254));
#4610=VECTOR('',#5274,1.0);
#4611=CARTESIAN_POINT('',(1.4,-1.90804,0.254));
#4612=CARTESIAN_POINT('',(1.4,0.4,0.254));
#4613=VECTOR('',#5275,1.0);
#4614=CARTESIAN_POINT('',(0.78897,-1.29701,0.254));
#4615=VECTOR('',#5276,1.0);
#4616=COLOUR_RGB('',0.196078434586525,0.196078434586525,0.196078434586525);
#4617=CARTESIAN_POINT('',(1.52396,-2.032,8.19354838707624E-05));
#4618=CARTESIAN_POINT('',(1.28123703069236,-1.78927703069236,0.497272533904354));
#4619=VECTOR('',#5277,1.0);
#4620=CARTESIAN_POINT('',(1.524,-2.54,0.0));
#4621=CARTESIAN_POINT('',(1.524,-0.444273060987514,-5.16951077423188E-17));
#4622=VECTOR('',#5278,1.0);
#4623=CARTESIAN_POINT('',(1.52396,-2.54,8.19354838707308E-05));
#4624=CARTESIAN_POINT('',(1.51377218845441,-2.54,0.0209505171982169));
#4625=VECTOR('',#5279,1.0);
#4626=CARTESIAN_POINT('',(1.52396,-0.943,8.19354838707265E-05));
#4627=VECTOR('',#5280,1.0);
#4628=COLOUR_RGB('',0.196078434586525,0.196078434586525,0.196078434586525);
#4629=CARTESIAN_POINT('',(1.01604,-2.032,8.19354838707624E-05));
#4630=CARTESIAN_POINT('',(1.25876296930764,-1.78927703069236,0.497272533904354));
#4631=VECTOR('',#5281,1.0);
#4632=CARTESIAN_POINT('',(1.01604,-2.54,8.19354838711895E-05));
#4633=CARTESIAN_POINT('',(1.01604,-0.943,8.19354838700187E-05));
#4634=VECTOR('',#5282,1.0);
#4635=CARTESIAN_POINT('',(1.016,-2.54,0.0));
#4636=CARTESIAN_POINT('',(1.02622781154559,-2.54,0.020950517198217));
#4637=VECTOR('',#5283,1.0);
#4638=CARTESIAN_POINT('',(1.016,-0.444273060987514,-5.16951077423188E-17));
#4639=VECTOR('',#5284,1.0);
#4640=COLOUR_RGB('',0.196078434586525,0.196078434586525,0.196078434586525);
#4641=CARTESIAN_POINT('',(1.27,-1.77804,0.0));
#4642=VECTOR('',#5285,1.0);
#4643=CARTESIAN_POINT('',(1.52396,-2.032,0.4318));
#4644=CARTESIAN_POINT('',(1.52396,-2.032,0.0));
#4645=VECTOR('',#5286,1.0);
#4646=CARTESIAN_POINT('',(1.52396,-2.032,0.0));
#4647=VECTOR('',#5287,1.0);
#4648=COLOUR_RGB('',0.196078434586525,0.196078434586525,0.196078434586525);
#4649=CARTESIAN_POINT('',(1.52396,-2.54,0.4318));
#4650=CARTESIAN_POINT('',(1.52396,-2.54,0.0));
#4651=VECTOR('',#5288,1.0);
#4652=CARTESIAN_POINT('',(1.52396,-2.309,0.4318));
#4653=VECTOR('',#5289,1.0);
#4654=COLOUR_RGB('',0.196078434586525,0.196078434586525,0.196078434586525);
#4655=CARTESIAN_POINT('',(1.95576,-2.54,0.0));
#4656=CARTESIAN_POINT('',(1.52396,-2.54,0.0));
#4657=VECTOR('',#5290,1.0);
#4658=CARTESIAN_POINT('',(1.95576,-2.54,0.4318));
#4659=CARTESIAN_POINT('',(1.95576,-2.54,0.0));
#4660=VECTOR('',#5291,1.0);
#4661=CARTESIAN_POINT('',(2.13993,-2.54,0.4318));
#4662=VECTOR('',#5292,1.0);
#4663=COLOUR_RGB('',0.196078434586525,0.196078434586525,0.196078434586525);
#4664=CARTESIAN_POINT('',(3.12424,-2.54,0.0));
#4665=CARTESIAN_POINT('',(3.12424,-2.54,0.0));
#4666=VECTOR('',#5293,1.0);
#4667=CARTESIAN_POINT('',(3.12424,-2.032,0.0));
#4668=CARTESIAN_POINT('',(3.12424,-2.032,0.0));
#4669=VECTOR('',#5294,1.0);
#4670=CARTESIAN_POINT('',(1.95576,-2.032,0.0));
#4671=CARTESIAN_POINT('',(1.95576,-2.032,0.0));
#4672=VECTOR('',#5295,1.0);
#4673=CARTESIAN_POINT('',(1.95576,-2.032,0.0));
#4674=VECTOR('',#5296,1.0);
#4675=CARTESIAN_POINT('',(1.524,0.0,0.0));
#4676=VECTOR('',#5297,1.0);
#4677=COLOUR_RGB('',0.196078434586525,0.196078434586525,0.196078434586525);
#4678=CARTESIAN_POINT('',(4.49576,-2.032,0.4318));
#4679=CARTESIAN_POINT('',(4.49576,-2.309,0.4318));
#4680=VECTOR('',#5298,1.0);
#4681=CARTESIAN_POINT('',(5.08,-2.032,0.4318));
#4682=VECTOR('',#5299,1.0);
#4683=COLOUR_RGB('',0.196078434586525,0.196078434586525,0.196078434586525);
#4684=CARTESIAN_POINT('',(6.09854,-2.032,0.4318));
#4685=CARTESIAN_POINT('',(6.09854,-2.54,0.4318));
#4686=CARTESIAN_POINT('',(6.09854,-2.309,0.4318));
#4687=VECTOR('',#5300,1.0);
#4688=CARTESIAN_POINT('',(5.66674,-2.032,0.4318));
#4689=CARTESIAN_POINT('',(5.08,-2.032,0.4318));
#4690=VECTOR('',#5301,1.0);
#4691=CARTESIAN_POINT('',(5.66674,-2.54,0.4318));
#4692=CARTESIAN_POINT('',(5.66674,-2.309,0.4318));
#4693=VECTOR('',#5302,1.0);
#4694=CARTESIAN_POINT('',(5.48132,-2.54,0.4318));
#4695=VECTOR('',#5303,1.0);
#4696=COLOUR_RGB('',0.196078434586525,0.196078434586525,0.196078434586525);
#4697=CARTESIAN_POINT('',(4.49576,-2.032,2.1082));
#4698=CARTESIAN_POINT('',(4.49576,-2.309,2.1082));
#4699=VECTOR('',#5304,1.0);
#4700=CARTESIAN_POINT('',(5.08,-2.032,2.1082));
#4701=VECTOR('',#5305,1.0);
#4702=COLOUR_RGB('',0.196078434586525,0.196078434586525,0.196078434586525);
#4703=CARTESIAN_POINT('',(6.09854,-2.54,2.1082));
#4704=CARTESIAN_POINT('',(6.09854,-2.032,2.1082));
#4705=CARTESIAN_POINT('',(6.09854,-2.309,2.1082));
#4706=VECTOR('',#5306,1.0);
#4707=CARTESIAN_POINT('',(5.66674,-2.54,2.1082));
#4708=CARTESIAN_POINT('',(5.48132,-2.54,2.1082));
#4709=VECTOR('',#5307,1.0);
#4710=CARTESIAN_POINT('',(5.66674,-2.032,2.1082));
#4711=CARTESIAN_POINT('',(5.66674,-2.309,2.1082));
#4712=VECTOR('',#5308,1.0);
#4713=CARTESIAN_POINT('',(5.08,-2.032,2.1082));
#4714=VECTOR('',#5309,1.0);
#4715=COLOUR_RGB('',0.196078434586525,0.196078434586525,0.196078434586525);
#4716=CARTESIAN_POINT('',(6.35,-2.032,2.54));
#4717=VECTOR('',#5310,1.0);
#4718=CARTESIAN_POINT('',(6.09854,-2.032,2.54));
#4719=VECTOR('',#5311,1.0);
#4720=CARTESIAN_POINT('',(5.66674,-2.032,2.54));
#4721=VECTOR('',#5312,1.0);
#4722=CARTESIAN_POINT('',(4.49576,-2.032,2.54));
#4723=VECTOR('',#5313,1.0);
#4724=CARTESIAN_POINT('',(4.49576,-2.032,2.54));
#4725=VECTOR('',#5314,1.0);
#4726=CARTESIAN_POINT('',(5.66674,-2.032,2.54));
#4727=VECTOR('',#5315,1.0);
#4728=CARTESIAN_POINT('',(6.09854,-2.032,2.54));
#4729=VECTOR('',#5316,1.0);
#4730=COLOUR_RGB('',0.196078434586525,0.196078434586525,0.196078434586525);
#4731=CARTESIAN_POINT('',(6.09854,-2.54,2.54));
#4732=VECTOR('',#5317,1.0);
#4733=COLOUR_RGB('',0.196078434586525,0.196078434586525,0.196078434586525);
#4734=CARTESIAN_POINT('',(6.09854,-2.54,2.54));
#4735=VECTOR('',#5318,1.0);
#4736=COLOUR_RGB('',0.196078434586525,0.196078434586525,0.196078434586525);
#4737=CARTESIAN_POINT('',(5.66674,-2.54,2.54));
#4738=VECTOR('',#5319,1.0);
#4739=COLOUR_RGB('',0.196078434586525,0.196078434586525,0.196078434586525);
#4740=CARTESIAN_POINT('',(5.66674,-2.54,2.54));
#4741=VECTOR('',#5320,1.0);
#4742=COLOUR_RGB('',0.196078434586525,0.196078434586525,0.196078434586525);
#4743=COLOUR_RGB('',0.196078434586525,0.196078434586525,0.196078434586525);
#4744=COLOUR_RGB('',0.196078434586525,0.196078434586525,0.196078434586525);
#4745=COLOUR_RGB('',0.196078434586525,0.196078434586525,0.196078434586525);
#4746=COLOUR_RGB('',0.196078434586525,0.196078434586525,0.196078434586525);
#4747=CARTESIAN_POINT('',(6.35,0.0,2.54));
#4748=VECTOR('',#5321,1.0);
#4749=COLOUR_RGB('',0.196078434586525,0.196078434586525,0.196078434586525);
#4750=COLOUR_RGB('',0.196078434586525,0.196078434586525,0.196078434586525);
#4751=CARTESIAN_POINT('',(0.58424,-2.54,0.0));
#4752=CARTESIAN_POINT('',(0.58424,-2.54,0.0));
#4753=VECTOR('',#5322,1.0);
#4754=CARTESIAN_POINT('',(0.58424,-2.032,0.0));
#4755=CARTESIAN_POINT('',(0.58424,-2.032,0.0));
#4756=VECTOR('',#5323,1.0);
#4757=CARTESIAN_POINT('',(-0.586739999999999,-2.032,0.0));
#4758=CARTESIAN_POINT('',(-0.586739999999999,-2.032,0.0));
#4759=VECTOR('',#5324,1.0);
#4760=CARTESIAN_POINT('',(-0.586739999999999,-2.54,0.0));
#4761=CARTESIAN_POINT('',(-0.586739999999999,-2.032,0.0));
#4762=VECTOR('',#5325,1.0);
#4763=CARTESIAN_POINT('',(-1.01854,-2.54,0.0));
#4764=CARTESIAN_POINT('',(-1.01854,-2.54,0.0));
#4765=VECTOR('',#5326,1.0);
#4766=CARTESIAN_POINT('',(-1.01854,-2.032,0.0));
#4767=CARTESIAN_POINT('',(-1.01854,-2.032,0.0));
#4768=VECTOR('',#5327,1.0);
#4769=CARTESIAN_POINT('',(-1.27,-2.032,0.0));
#4770=CARTESIAN_POINT('',(-1.27,-2.032,0.0));
#4771=VECTOR('',#5328,1.0);
#4772=CARTESIAN_POINT('',(-1.27,0.0,0.0));
#4773=CARTESIAN_POINT('',(-1.27,-1.76247905159244E-16,0.0));
#4774=VECTOR('',#5329,1.0);
#4775=CARTESIAN_POINT('',(-1.27,0.0,0.0));
#4776=VECTOR('',#5330,1.0);
#4777=COLOUR_RGB('',0.196078434586525,0.196078434586525,0.196078434586525);
#4778=CARTESIAN_POINT('',(3.12424,-2.032,2.1082));
#4779=CARTESIAN_POINT('',(3.12424,-2.54,2.1082));
#4780=CARTESIAN_POINT('',(3.12424,-2.309,2.1082));
#4781=VECTOR('',#5331,1.0);
#4782=CARTESIAN_POINT('',(3.55604,-2.032,2.1082));
#4783=CARTESIAN_POINT('',(2.54,-2.032,2.1082));
#4784=VECTOR('',#5332,1.0);
#4785=CARTESIAN_POINT('',(3.55604,-2.54,2.1082));
#4786=CARTESIAN_POINT('',(3.55604,-2.309,2.1082));
#4787=VECTOR('',#5333,1.0);
#4788=CARTESIAN_POINT('',(2.94007,-2.54,2.1082));
#4789=VECTOR('',#5334,1.0);
#4790=COLOUR_RGB('',0.196078434586525,0.196078434586525,0.196078434586525);
#4791=CARTESIAN_POINT('',(1.95576,-2.032,2.1082));
#4792=CARTESIAN_POINT('',(2.54,-2.032,2.1082));
#4793=VECTOR('',#5335,1.0);
#4794=CARTESIAN_POINT('',(1.95576,-2.309,2.1082));
#4795=VECTOR('',#5336,1.0);
#4796=COLOUR_RGB('',0.196078434586525,0.196078434586525,0.196078434586525);
#4797=CARTESIAN_POINT('',(3.12424,-2.54,0.4318));
#4798=CARTESIAN_POINT('',(3.12424,-2.032,0.4318));
#4799=CARTESIAN_POINT('',(3.12424,-2.309,0.4318));
#4800=VECTOR('',#5337,1.0);
#4801=CARTESIAN_POINT('',(3.55604,-2.54,0.4318));
#4802=CARTESIAN_POINT('',(2.94007,-2.54,0.4318));
#4803=VECTOR('',#5338,1.0);
#4804=CARTESIAN_POINT('',(3.55604,-2.032,0.4318));
#4805=CARTESIAN_POINT('',(3.55604,-2.309,0.4318));
#4806=VECTOR('',#5339,1.0);
#4807=CARTESIAN_POINT('',(2.54,-2.032,0.4318));
#4808=VECTOR('',#5340,1.0);
#4809=COLOUR_RGB('',0.196078434586525,0.196078434586525,0.196078434586525);
#4810=CARTESIAN_POINT('',(1.95576,-2.032,0.4318));
#4811=CARTESIAN_POINT('',(1.95576,-2.309,0.4318));
#4812=VECTOR('',#5341,1.0);
#4813=CARTESIAN_POINT('',(2.54,-2.032,0.4318));
#4814=VECTOR('',#5342,1.0);
#4815=COLOUR_RGB('',0.196078434586525,0.196078434586525,0.196078434586525);
#4816=CARTESIAN_POINT('',(1.95576,-2.032,0.0));
#4817=VECTOR('',#5343,1.0);
#4818=COLOUR_RGB('',0.196078434586525,0.196078434586525,0.196078434586525);
#4819=CARTESIAN_POINT('',(1.95576,-2.032,0.0));
#4820=VECTOR('',#5344,1.0);
#4821=COLOUR_RGB('',0.196078434586525,0.196078434586525,0.196078434586525);
#4822=CARTESIAN_POINT('',(3.12424,-2.032,0.0));
#4823=VECTOR('',#5345,1.0);
#4824=CARTESIAN_POINT('',(3.55604,-2.032,0.0));
#4825=VECTOR('',#5346,1.0);
#4826=CARTESIAN_POINT('',(3.12424,-2.032,0.0));
#4827=VECTOR('',#5347,1.0);
#4828=COLOUR_RGB('',0.196078434586525,0.196078434586525,0.196078434586525);
#4829=CARTESIAN_POINT('',(3.12424,-2.54,0.0));
#4830=VECTOR('',#5348,1.0);
#4831=COLOUR_RGB('',0.196078434586525,0.196078434586525,0.196078434586525);
#4832=CARTESIAN_POINT('',(3.12424,-2.54,0.0));
#4833=VECTOR('',#5349,1.0);
#4834=COLOUR_RGB('',0.196078434586525,0.196078434586525,0.196078434586525);
#4835=CARTESIAN_POINT('',(3.55604,-2.54,0.0));
#4836=VECTOR('',#5350,1.0);
#4837=COLOUR_RGB('',0.196078434586525,0.196078434586525,0.196078434586525);
#4838=CARTESIAN_POINT('',(3.55604,-2.54,0.0));
#4839=VECTOR('',#5351,1.0);
#4840=COLOUR_RGB('',0.196078434586525,0.196078434586525,0.196078434586525);
#4841=CARTESIAN_POINT('',(3.55604,-2.032,0.0));
#4842=VECTOR('',#5352,1.0);
#4843=COLOUR_RGB('',0.196078434586525,0.196078434586525,0.196078434586525);
#4844=CARTESIAN_POINT('',(3.55604,-2.032,0.0));
#4845=VECTOR('',#5353,1.0);
#4846=COLOUR_RGB('',0.196078434586525,0.196078434586525,0.196078434586525);
#4847=COLOUR_RGB('',0.196078434586525,0.196078434586525,0.196078434586525);
#4848=COLOUR_RGB('',0.196078434586525,0.196078434586525,0.196078434586525);
#4849=CARTESIAN_POINT('',(-1.27,0.0,2.54));
#4850=CARTESIAN_POINT('',(-1.27,0.0,2.54));
#4851=VECTOR('',#5354,1.0);
#4852=CARTESIAN_POINT('',(-1.27,-2.032,2.54));
#4853=CARTESIAN_POINT('',(-1.27,-1.76247905159244E-16,2.54));
#4854=VECTOR('',#5355,1.0);
#4855=CARTESIAN_POINT('',(-1.01854,-2.032,2.54));
#4856=CARTESIAN_POINT('',(-1.27,-2.032,2.54));
#4857=VECTOR('',#5356,1.0);
#4858=CARTESIAN_POINT('',(-1.01854,-2.54,2.54));
#4859=CARTESIAN_POINT('',(-1.01854,-2.032,2.54));
#4860=VECTOR('',#5357,1.0);
#4861=CARTESIAN_POINT('',(-0.586739999999999,-2.54,2.54));
#4862=CARTESIAN_POINT('',(-1.01854,-2.54,2.54));
#4863=VECTOR('',#5358,1.0);
#4864=CARTESIAN_POINT('',(-0.586739999999999,-2.032,2.54));
#4865=CARTESIAN_POINT('',(-0.586739999999999,-2.032,2.54));
#4866=VECTOR('',#5359,1.0);
#4867=CARTESIAN_POINT('',(0.58424,-2.032,2.54));
#4868=CARTESIAN_POINT('',(-0.586739999999999,-2.032,2.54));
#4869=VECTOR('',#5360,1.0);
#4870=CARTESIAN_POINT('',(0.58424,-2.54,2.54));
#4871=CARTESIAN_POINT('',(0.58424,-2.032,2.54));
#4872=VECTOR('',#5361,1.0);
#4873=CARTESIAN_POINT('',(0.58424,-2.54,2.54));
#4874=VECTOR('',#5362,1.0);
#4875=COLOUR_RGB('',0.196078434586525,0.196078434586525,0.196078434586525);
#4876=CARTESIAN_POINT('',(-1.067,-0.927,1.184));
#4877=CARTESIAN_POINT('',(-1.067,-0.927,1.354));
#4878=CARTESIAN_POINT('',(-1.067,-0.927,1.2695));
#4879=VECTOR('',#5363,1.0);
#4880=CARTESIAN_POINT('',(-1.397,-0.927,1.184));
#4881=CARTESIAN_POINT('',(-1.197,-0.927,1.184));
#4882=VECTOR('',#5364,1.0);
#4883=CARTESIAN_POINT('',(-1.397,-0.927,1.354));
#4884=CARTESIAN_POINT('',(-1.397,-0.927,1.269));
#4885=VECTOR('',#5365,1.0);
#4886=CARTESIAN_POINT('',(-1.197,-0.927,1.354));
#4887=VECTOR('',#5366,1.0);
#4888=COLOUR_RGB('',0.196078434586525,0.196078434586525,0.196078434586525);
#4889=CARTESIAN_POINT('',(-1.067,-1.107,1.184));
#4890=CARTESIAN_POINT('',(-1.067,-1.0285,1.184));
#4891=VECTOR('',#5367,1.0);
#4892=CARTESIAN_POINT('',(-1.397,-1.107,1.184));
#4893=CARTESIAN_POINT('',(-1.197,-1.107,1.184));
#4894=VECTOR('',#5368,1.0);
#4895=CARTESIAN_POINT('',(-1.397,-1.017,1.184));
#4896=VECTOR('',#5369,1.0);
#4897=COLOUR_RGB('',0.196078434586525,0.196078434586525,0.196078434586525);
#4898=CARTESIAN_POINT('',(-1.067,-1.107,1.354));
#4899=CARTESIAN_POINT('',(-1.067,-1.0285,1.354));
#4900=VECTOR('',#5370,1.0);
#4901=CARTESIAN_POINT('',(-1.397,-1.107,1.354));
#4902=CARTESIAN_POINT('',(-1.397,-1.017,1.354));
#4903=VECTOR('',#5371,1.0);
#4904=CARTESIAN_POINT('',(-1.197,-1.107,1.354));
#4905=VECTOR('',#5372,1.0);
#4906=COLOUR_RGB('',0.196078434586525,0.196078434586525,0.196078434586525);
#4907=CARTESIAN_POINT('',(-1.067,-1.107,1.2695));
#4908=VECTOR('',#5373,1.0);
#4909=CARTESIAN_POINT('',(-1.397,-1.107,1.269));
#4910=VECTOR('',#5374,1.0);
#4911=COLOUR_RGB('',0.196078434586525,0.196078434586525,0.196078434586525);
#4912=COLOUR_RGB('',0.196078434586525,0.196078434586525,0.196078434586525);
#4913=CARTESIAN_POINT('',(-1.067,0.0,2.21));
#4914=CARTESIAN_POINT('',(-1.27,0.0,2.21));
#4915=CARTESIAN_POINT('',(-0.672,0.0,2.21));
#4916=VECTOR('',#5375,1.0);
#4917=CARTESIAN_POINT('',(-1.067,-2.032,2.21));
#4918=CARTESIAN_POINT('',(-1.067,-1.04,2.21));
#4919=VECTOR('',#5376,1.0);
#4920=CARTESIAN_POINT('',(-1.27,-2.032,2.21));
#4921=CARTESIAN_POINT('',(-1.180635,-2.032,2.21));
#4922=VECTOR('',#5377,1.0);
#4923=CARTESIAN_POINT('',(-1.27,-1.028,2.21));
#4924=VECTOR('',#5378,1.0);
#4925=COLOUR_RGB('',0.196078434586525,0.196078434586525,0.196078434586525);
#4926=CARTESIAN_POINT('',(-1.27,0.0,0.33));
#4927=CARTESIAN_POINT('',(-1.067,0.0,0.33));
#4928=CARTESIAN_POINT('',(-0.672,0.0,0.33));
#4929=VECTOR('',#5379,1.0);
#4930=CARTESIAN_POINT('',(-1.27,-2.032,0.33));
#4931=CARTESIAN_POINT('',(-1.27,-1.028,0.33));
#4932=VECTOR('',#5380,1.0);
#4933=CARTESIAN_POINT('',(-1.067,-2.032,0.33));
#4934=CARTESIAN_POINT('',(-1.180635,-2.032,0.33));
#4935=VECTOR('',#5381,1.0);
#4936=CARTESIAN_POINT('',(-1.067,-1.04,0.33));
#4937=VECTOR('',#5382,1.0);
#4938=COLOUR_RGB('',0.196078434586525,0.196078434586525,0.196078434586525);
#4939=CARTESIAN_POINT('',(-1.067,0.0,0.635));
#4940=VECTOR('',#5383,1.0);
#4941=CARTESIAN_POINT('',(-1.067,-2.032,0.635));
#4942=VECTOR('',#5384,1.0);
#4943=COLOUR_RGB('',0.196078434586525,0.196078434586525,0.196078434586525);
#4944=CARTESIAN_POINT('',(-1.27,-2.032,0.0));
#4945=VECTOR('',#5385,1.0);
#4946=CARTESIAN_POINT('',(-1.01854,-2.032,0.4318));
#4947=CARTESIAN_POINT('',(-1.01854,-2.032,0.0));
#4948=VECTOR('',#5386,1.0);
#4949=CARTESIAN_POINT('',(-0.586739999999999,-2.032,0.4318));
#4950=CARTESIAN_POINT('',(0.0,-2.032,0.4318));
#4951=VECTOR('',#5387,1.0);
#4952=CARTESIAN_POINT('',(-0.586739999999999,-2.032,0.0));
#4953=VECTOR('',#5388,1.0);
#4954=CARTESIAN_POINT('',(0.58424,-2.032,0.4318));
#4955=CARTESIAN_POINT('',(0.58424,-2.032,0.0));
#4956=VECTOR('',#5389,1.0);
#4957=CARTESIAN_POINT('',(1.01604,-2.032,0.4318));
#4958=CARTESIAN_POINT('',(0.0,-2.032,0.4318));
#4959=VECTOR('',#5390,1.0);
#4960=CARTESIAN_POINT('',(1.01604,-2.032,2.1082));
#4961=CARTESIAN_POINT('',(1.01604,-2.032,0.0));
#4962=VECTOR('',#5391,1.0);
#4963=CARTESIAN_POINT('',(0.58424,-2.032,2.1082));
#4964=CARTESIAN_POINT('',(0.0,-2.032,2.1082));
#4965=VECTOR('',#5392,1.0);
#4966=CARTESIAN_POINT('',(0.58424,-2.032,0.0));
#4967=VECTOR('',#5393,1.0);
#4968=CARTESIAN_POINT('',(-0.586739999999999,-2.032,2.1082));
#4969=CARTESIAN_POINT('',(-0.586739999999999,-2.032,0.0));
#4970=VECTOR('',#5394,1.0);
#4971=CARTESIAN_POINT('',(-1.01854,-2.032,2.1082));
#4972=CARTESIAN_POINT('',(0.0,-2.032,2.1082));
#4973=VECTOR('',#5395,1.0);
#4974=CARTESIAN_POINT('',(-1.01854,-2.032,0.0));
#4975=VECTOR('',#5396,1.0);
#4976=CARTESIAN_POINT('',(-1.27,-2.032,0.0));
#4977=VECTOR('',#5397,1.0);
#4978=COLOUR_RGB('',0.196078434586525,0.196078434586525,0.196078434586525);
#4979=CARTESIAN_POINT('',(-1.27,0.0,0.0));
#4980=VECTOR('',#5398,1.0);
#4981=COLOUR_RGB('',0.196078434586525,0.196078434586525,0.196078434586525);
#4982=CARTESIAN_POINT('',(-1.27,0.0,0.0));
#4983=VECTOR('',#5399,1.0);
#4984=COLOUR_RGB('',0.196078434586525,0.196078434586525,0.196078434586525);
#4985=CARTESIAN_POINT('',(0.58424,-2.54,2.1082));
#4986=CARTESIAN_POINT('',(0.58424,-2.309,2.1082));
#4987=VECTOR('',#5400,1.0);
#4988=CARTESIAN_POINT('',(1.01604,-2.54,2.1082));
#4989=CARTESIAN_POINT('',(1.01604,-2.309,2.1082));
#4990=VECTOR('',#5401,1.0);
#4991=CARTESIAN_POINT('',(0.40007,-2.54,2.1082));
#4992=VECTOR('',#5402,1.0);
#4993=COLOUR_RGB('',0.196078434586525,0.196078434586525,0.196078434586525);
#4994=CARTESIAN_POINT('',(-1.01854,-2.54,2.1082));
#4995=CARTESIAN_POINT('',(-1.01854,-2.309,2.1082));
#4996=VECTOR('',#5403,1.0);
#4997=CARTESIAN_POINT('',(-0.586739999999999,-2.54,2.1082));
#4998=CARTESIAN_POINT('',(-0.586739999999999,-2.309,2.1082));
#4999=VECTOR('',#5404,1.0);
#5000=CARTESIAN_POINT('',(-0.40132,-2.54,2.1082));
#5001=VECTOR('',#5405,1.0);
#5002=COLOUR_RGB('',0.196078434586525,0.196078434586525,0.196078434586525);
#5003=CARTESIAN_POINT('',(0.58424,-2.54,0.4318));
#5004=CARTESIAN_POINT('',(0.58424,-2.309,0.4318));
#5005=VECTOR('',#5406,1.0);
#5006=CARTESIAN_POINT('',(1.01604,-2.54,0.4318));
#5007=CARTESIAN_POINT('',(0.40007,-2.54,0.4318));
#5008=VECTOR('',#5407,1.0);
#5009=CARTESIAN_POINT('',(1.01604,-2.309,0.4318));
#5010=VECTOR('',#5408,1.0);
#5011=COLOUR_RGB('',0.196078434586525,0.196078434586525,0.196078434586525);
#5012=CARTESIAN_POINT('',(-1.01854,-2.54,0.4318));
#5013=CARTESIAN_POINT('',(-1.01854,-2.309,0.4318));
#5014=VECTOR('',#5409,1.0);
#5015=CARTESIAN_POINT('',(-0.586739999999999,-2.54,0.4318));
#5016=CARTESIAN_POINT('',(-0.40132,-2.54,0.4318));
#5017=VECTOR('',#5410,1.0);
#5018=CARTESIAN_POINT('',(-0.586739999999999,-2.309,0.4318));
#5019=VECTOR('',#5411,1.0);
#5020=COLOUR_RGB('',0.196078434586525,0.196078434586525,0.196078434586525);
#5021=CARTESIAN_POINT('',(-1.01854,-2.54,0.0));
#5022=VECTOR('',#5412,1.0);
#5023=COLOUR_RGB('',0.196078434586525,0.196078434586525,0.196078434586525);
#5024=CARTESIAN_POINT('',(-1.01854,-2.54,0.0));
#5025=VECTOR('',#5413,1.0);
#5026=COLOUR_RGB('',0.196078434586525,0.196078434586525,0.196078434586525);
#5027=CARTESIAN_POINT('',(-0.586739999999999,-2.54,0.0));
#5028=VECTOR('',#5414,1.0);
#5029=COLOUR_RGB('',0.196078434586525,0.196078434586525,0.196078434586525);
#5030=CARTESIAN_POINT('',(-0.586739999999999,-2.54,0.0));
#5031=VECTOR('',#5415,1.0);
#5032=COLOUR_RGB('',0.196078434586525,0.196078434586525,0.196078434586525);
#5033=COLOUR_RGB('',0.196078434586525,0.196078434586525,0.196078434586525);
#5034=COLOUR_RGB('',0.196078434586525,0.196078434586525,0.196078434586525);
#5035=CARTESIAN_POINT('',(0.58424,-2.54,0.0));
#5036=VECTOR('',#5416,1.0);
#5037=COLOUR_RGB('',0.196078434586525,0.196078434586525,0.196078434586525);
#5038=CARTESIAN_POINT('',(0.58424,-2.54,0.0));
#5039=VECTOR('',#5417,1.0);
#5040=COLOUR_RGB('',0.196078434586525,0.196078434586525,0.196078434586525);
#5041=CARTESIAN_POINT('',(1.01604,-2.54,0.0));
#5042=VECTOR('',#5418,1.0);
#5043=COLOUR_RGB('',0.196078434586525,0.196078434586525,0.196078434586525);
#5044=CARTESIAN_POINT('',(1.01604,-2.54,0.0));
#5045=VECTOR('',#5419,1.0);
#5046=COLOUR_RGB('',0.196078434586525,0.196078434586525,0.196078434586525);
#5047=CARTESIAN_POINT('',(1.01604,-2.032,0.0));
#5048=VECTOR('',#5420,1.0);
#5049=COLOUR_RGB('',0.196078434586525,0.196078434586525,0.196078434586525);
#5050=CARTESIAN_POINT('',(1.01604,-2.032,0.0));
#5051=VECTOR('',#5421,1.0);
#5052=COLOUR_RGB('',0.196078434586525,0.196078434586525,0.196078434586525);
#5053=COLOUR_RGB('',0.196078434586525,0.196078434586525,0.196078434586525);
#5054=DIRECTION('',(-1.0,0.0,0.0));
#5055=DIRECTION('',(0.0,1.0,0.0));
#5056=DIRECTION('',(-1.0,0.0,0.0));
#5057=DIRECTION('',(0.0,-1.0,0.0));
#5058=DIRECTION('',(0.0,-0.0,1.0));
#5059=DIRECTION('',(0.0,-1.0,0.0));
#5060=DIRECTION('',(0.0,0.0,1.0));
#5061=DIRECTION('',(-1.0,-0.0,0.0));
#5062=DIRECTION('',(0.0,-1.0,0.0));
#5063=DIRECTION('',(-1.0,1.22460635382238E-16,0.0));
#5064=DIRECTION('',(0.0,1.0,0.0));
#5065=DIRECTION('',(0.0,0.0,-1.0));
#5066=DIRECTION('',(0.0,1.0,0.0));
#5067=DIRECTION('',(0.0,1.22460635382238E-16,-1.0));
#5068=DIRECTION('',(-0.447213595499958,0.774596669241483,-0.447213595499958));
#5069=DIRECTION('',(0.447213595499958,-0.774596669241483,-0.447213595499958));
#5070=DIRECTION('',(2.44921270764475E-16,0.0,-1.0));
#5071=DIRECTION('',(-1.0,-0.0,-6.12303176911189E-17));
#5072=DIRECTION('',(-1.22460635382238E-16,0.0,1.0));
#5073=DIRECTION('',(1.0,0.0,1.83690953073357E-16));
#5074=DIRECTION('',(1.0,0.0,0.0));
#5075=DIRECTION('',(0.447213595499958,0.774596669241483,0.447213595499958));
#5076=DIRECTION('',(0.447213595499958,0.774596669241483,-0.447213595499958));
#5077=DIRECTION('',(0.0,0.0,-1.0));
#5078=DIRECTION('',(0.0,0.0,-1.0));
#5079=DIRECTION('',(0.0,1.0,0.0));
#5080=DIRECTION('',(-0.447213595499958,-0.774596669241483,0.447213595499958));
#5081=DIRECTION('',(0.447213595499958,0.774596669241483,0.447213595499958));
#5082=DIRECTION('',(-1.22460635382238E-16,0.0,1.0));
#5083=DIRECTION('',(-1.0,0.0,-6.12303176911189E-17));
#5084=DIRECTION('',(0.0,0.0,-1.0));
#5085=DIRECTION('',(1.0,0.0,-6.12303176911189E-17));
#5086=DIRECTION('',(1.0,1.22460635382238E-16,0.0));
#5087=DIRECTION('',(-0.447213595499958,0.774596669241483,0.447213595499958));
#5088=DIRECTION('',(0.0,1.22460635382238E-16,1.0));
#5089=DIRECTION('',(-0.447213595499958,0.774596669241483,-0.447213595499958));
#5090=DIRECTION('',(1.0,0.0,-0.0));
#5091=DIRECTION('',(0.0,-1.0,0.0));
#5092=DIRECTION('',(0.0,-0.0,1.0));
#5093=DIRECTION('',(1.0,0.0,0.0));
#5094=DIRECTION('',(-1.0,0.0,0.0));
#5095=DIRECTION('',(0.0,1.0,0.0));
#5096=DIRECTION('',(-1.0,0.0,0.0));
#5097=DIRECTION('',(0.0,-1.0,0.0));
#5098=DIRECTION('',(0.0,-0.0,1.0));
#5099=DIRECTION('',(0.0,-1.0,0.0));
#5100=DIRECTION('',(0.0,0.0,1.0));
#5101=DIRECTION('',(-1.0,0.0,0.0));
#5102=DIRECTION('',(0.0,-1.0,0.0));
#5103=DIRECTION('',(-1.0,1.22460635382238E-16,0.0));
#5104=DIRECTION('',(0.0,1.0,0.0));
#5105=DIRECTION('',(-0.0,-0.0,-1.0));
#5106=DIRECTION('',(0.0,1.0,0.0));
#5107=DIRECTION('',(0.0,1.22460635382238E-16,-1.0));
#5108=DIRECTION('',(-0.447213595499958,0.774596669241483,-0.447213595499958));
#5109=DIRECTION('',(0.447213595499958,-0.774596669241483,-0.447213595499958));
#5110=DIRECTION('',(2.44921270764475E-16,0.0,-1.0));
#5111=DIRECTION('',(-1.0,-0.0,-6.12303176911189E-17));
#5112=DIRECTION('',(-1.22460635382238E-16,0.0,1.0));
#5113=DIRECTION('',(1.0,0.0,1.83690953073357E-16));
#5114=DIRECTION('',(1.0,0.0,0.0));
#5115=DIRECTION('',(0.447213595499958,0.774596669241483,0.447213595499958));
#5116=DIRECTION('',(0.447213595499958,0.774596669241483,-0.447213595499958));
#5117=DIRECTION('',(0.0,0.0,-1.0));
#5118=DIRECTION('',(0.0,0.0,-1.0));
#5119=DIRECTION('',(0.0,1.0,0.0));
#5120=DIRECTION('',(-0.447213595499958,-0.774596669241483,0.447213595499958));
#5121=DIRECTION('',(0.447213595499958,0.774596669241483,0.447213595499958));
#5122=DIRECTION('',(-1.22460635382238E-16,0.0,1.0));
#5123=DIRECTION('',(-1.0,0.0,-6.12303176911189E-17));
#5124=DIRECTION('',(0.0,0.0,-1.0));
#5125=DIRECTION('',(1.0,0.0,-6.12303176911189E-17));
#5126=DIRECTION('',(1.0,1.22460635382238E-16,0.0));
#5127=DIRECTION('',(-0.447213595499958,0.774596669241483,0.447213595499958));
#5128=DIRECTION('',(0.0,1.22460635382238E-16,1.0));
#5129=DIRECTION('',(-0.447213595499958,0.774596669241483,-0.447213595499958));
#5130=DIRECTION('',(1.0,0.0,-0.0));
#5131=DIRECTION('',(0.0,-1.0,0.0));
#5132=DIRECTION('',(-0.0,0.0,1.0));
#5133=DIRECTION('',(1.0,0.0,0.0));
#5134=DIRECTION('',(-1.0,0.0,0.0));
#5135=DIRECTION('',(0.0,1.0,0.0));
#5136=DIRECTION('',(-1.0,-0.0,0.0));
#5137=DIRECTION('',(0.0,-1.0,0.0));
#5138=DIRECTION('',(0.0,-0.0,1.0));
#5139=DIRECTION('',(0.0,-1.0,0.0));
#5140=DIRECTION('',(0.0,0.0,1.0));
#5141=DIRECTION('',(-1.0,0.0,0.0));
#5142=DIRECTION('',(0.0,-1.0,0.0));
#5143=DIRECTION('',(-1.0,1.22460635382238E-16,0.0));
#5144=DIRECTION('',(0.0,1.0,0.0));
#5145=DIRECTION('',(-0.0,-0.0,-1.0));
#5146=DIRECTION('',(0.0,1.0,0.0));
#5147=DIRECTION('',(0.0,1.22460635382238E-16,-1.0));
#5148=DIRECTION('',(-0.447213595499958,0.774596669241483,-0.447213595499958));
#5149=DIRECTION('',(0.447213595499958,-0.774596669241483,-0.447213595499958));
#5150=DIRECTION('',(2.44921270764475E-16,0.0,-1.0));
#5151=DIRECTION('',(-1.0,-0.0,-6.12303176911189E-17));
#5152=DIRECTION('',(-1.22460635382238E-16,0.0,1.0));
#5153=DIRECTION('',(1.0,0.0,1.83690953073357E-16));
#5154=DIRECTION('',(1.0,0.0,-0.0));
#5155=DIRECTION('',(0.447213595499958,0.774596669241483,0.447213595499958));
#5156=DIRECTION('',(0.447213595499958,0.774596669241483,-0.447213595499958));
#5157=DIRECTION('',(0.0,0.0,-1.0));
#5158=DIRECTION('',(0.0,0.0,-1.0));
#5159=DIRECTION('',(0.0,1.0,0.0));
#5160=DIRECTION('',(-0.447213595499958,-0.774596669241483,0.447213595499958));
#5161=DIRECTION('',(0.447213595499958,0.774596669241483,0.447213595499958));
#5162=DIRECTION('',(-1.22460635382238E-16,0.0,1.0));
#5163=DIRECTION('',(-1.0,0.0,-6.12303176911189E-17));
#5164=DIRECTION('',(0.0,0.0,-1.0));
#5165=DIRECTION('',(1.0,0.0,-6.12303176911189E-17));
#5166=DIRECTION('',(1.0,1.22460635382238E-16,-0.0));
#5167=DIRECTION('',(-0.447213595499958,0.774596669241483,0.447213595499958));
#5168=DIRECTION('',(-0.0,1.22460635382238E-16,1.0));
#5169=DIRECTION('',(-0.447213595499958,0.774596669241483,-0.447213595499958));
#5170=DIRECTION('',(1.0,0.0,-0.0));
#5171=DIRECTION('',(0.0,-1.0,0.0));
#5172=DIRECTION('',(-0.0,0.0,1.0));
#5173=DIRECTION('',(1.0,0.0,0.0));
#5174=DIRECTION('',(0.401742854623614,-0.401742854623614,-0.822924879632242));
#5175=DIRECTION('',(0.0,1.0,-0.0));
#5176=DIRECTION('',(-0.438702428484301,4.51188084355945E-16,0.898632393830746));
#5177=DIRECTION('',(4.37095678986282E-16,-1.0,-8.34110831200136E-16));
#5178=DIRECTION('',(-0.401742854623614,-0.401742854623614,0.822924879632242));
#5179=DIRECTION('',(-7.49830360911069E-33,-1.0,6.12303176911189E-17));
#5180=DIRECTION('',(0.707106781186548,-0.707106781186548,1.2988911856079E-16));
#5181=DIRECTION('',(-0.707106781186548,-0.707106781186548,-4.32963728535968E-17));
#5182=DIRECTION('',(-0.707106781186548,0.707106781186548,-1.2988911856079E-16));
#5183=DIRECTION('',(-7.49830360911069E-33,-1.0,6.12303176911189E-17));
#5184=DIRECTION('',(0.707106781186548,0.707106781186548,4.32963728535968E-17));
#5185=DIRECTION('',(0.401742854623614,0.401742854623614,0.822924879632242));
#5186=DIRECTION('',(-0.401742854623614,0.401742854623614,-0.822924879632242));
#5187=DIRECTION('',(4.37095678986282E-16,1.0,8.34110831200137E-16));
#5188=DIRECTION('',(-0.438702428484301,-4.51188084355945E-16,-0.898632393830746));
#5189=DIRECTION('',(0.0,-1.0,0.0));
#5190=DIRECTION('',(0.0,0.0,1.0));
#5191=DIRECTION('',(-0.707106781186548,0.707106781186548,4.32963728535968E-17));
#5192=DIRECTION('',(-0.401742854623614,0.401742854623614,-0.822924879632242));
#5193=DIRECTION('',(0.0,0.0,1.0));
#5194=DIRECTION('',(1.22460635382238E-16,0.0,-1.0));
#5195=DIRECTION('',(-0.401742854623614,-0.401742854623614,0.822924879632242));
#5196=DIRECTION('',(-0.707106781186548,-0.707106781186548,-4.32963728535968E-17));
#5197=DIRECTION('',(-1.0,-1.02846042114419E-15,-1.22460635382238E-16));
#5198=DIRECTION('',(0.0,-1.0,-0.0));
#5199=DIRECTION('',(-1.0,0.0,-1.22460635382238E-16));
#5200=DIRECTION('',(0.0,-1.0,-0.0));
#5201=DIRECTION('',(-1.0,1.02846042114419E-15,-1.22460635382238E-16));
#5202=DIRECTION('',(0.0,-1.0,-0.0));
#5203=DIRECTION('',(-1.0,0.0,-1.22460635382238E-16));
#5204=DIRECTION('',(-2.18547839493141E-16,-1.0,-2.67635072857454E-32));
#5205=DIRECTION('',(-1.0,0.0,-1.22460635382238E-16));
#5206=DIRECTION('',(1.22460635382238E-16,0.0,-1.0));
#5207=DIRECTION('',(1.0,1.02846042114419E-15,1.22460635382238E-16));
#5208=DIRECTION('',(1.22460635382238E-16,0.0,-1.0));
#5209=DIRECTION('',(1.22460635382238E-16,0.0,-1.0));
#5210=DIRECTION('',(-4.37095678986282E-16,-1.0,-5.35270145714907E-32));
#5211=DIRECTION('',(0.401742854623614,-0.401742854623614,-0.822924879632242));
#5212=DIRECTION('',(0.0,1.0,-0.0));
#5213=DIRECTION('',(-0.438702428484301,4.51188084355945E-16,0.898632393830746));
#5214=DIRECTION('',(4.37095678986282E-16,-1.0,-8.34110831200136E-16));
#5215=DIRECTION('',(-0.401742854623614,-0.401742854623614,0.822924879632242));
#5216=DIRECTION('',(-7.49830360911069E-33,-1.0,6.12303176911189E-17));
#5217=DIRECTION('',(0.707106781186548,-0.707106781186548,1.2988911856079E-16));
#5218=DIRECTION('',(-0.707106781186548,-0.707106781186548,-4.32963728535968E-17));
#5219=DIRECTION('',(-0.707106781186548,0.707106781186548,-1.2988911856079E-16));
#5220=DIRECTION('',(-7.49830360911069E-33,-1.0,6.12303176911189E-17));
#5221=DIRECTION('',(0.707106781186548,0.707106781186548,4.32963728535968E-17));
#5222=DIRECTION('',(0.401742854623614,0.401742854623614,0.822924879632242));
#5223=DIRECTION('',(-0.401742854623614,0.401742854623614,-0.822924879632242));
#5224=DIRECTION('',(0.0,1.0,-6.12303176911189E-17));
#5225=DIRECTION('',(-0.438702428484301,-4.51188084355945E-16,-0.898632393830746));
#5226=DIRECTION('',(0.0,-1.0,0.0));
#5227=DIRECTION('',(0.0,0.0,1.0));
#5228=DIRECTION('',(-0.707106781186548,0.707106781186548,4.32963728535968E-17));
#5229=DIRECTION('',(-0.401742854623614,0.401742854623614,-0.822924879632242));
#5230=DIRECTION('',(0.0,0.0,1.0));
#5231=DIRECTION('',(0.0,0.0,1.0));
#5232=DIRECTION('',(-0.401742854623614,-0.401742854623614,0.822924879632242));
#5233=DIRECTION('',(-0.707106781186548,-0.707106781186548,-4.32963728535968E-17));
#5234=DIRECTION('',(1.0,0.0,0.0));
#5235=DIRECTION('',(-1.0,-1.02846042114419E-15,-0.0));
#5236=DIRECTION('',(0.0,-1.0,0.0));
#5237=DIRECTION('',(-1.0,-0.0,-0.0));
#5238=DIRECTION('',(0.0,1.0,0.0));
#5239=DIRECTION('',(-1.0,1.02846042114419E-15,0.0));
#5240=DIRECTION('',(0.0,0.0,1.0));
#5241=DIRECTION('',(1.0,1.02846042114419E-15,0.0));
#5242=DIRECTION('',(0.0,0.0,1.0));
#5243=DIRECTION('',(0.0,0.0,1.0));
#5244=DIRECTION('',(0.0,-1.0,0.0));
#5245=DIRECTION('',(0.707106781186548,0.707106781186548,4.32963728535968E-17));
#5246=DIRECTION('',(0.0,-1.0,-6.12303176911189E-17));
#5247=DIRECTION('',(0.0,-1.0,-6.12303176911189E-17));
#5248=DIRECTION('',(0.707106781186548,-0.707106781186548,-4.32963728535968E-17));
#5249=DIRECTION('',(0.401742854623614,-0.401742854623614,-0.822924879632242));
#5250=DIRECTION('',(0.0,1.0,0.0));
#5251=DIRECTION('',(0.438702428484301,4.51188084355945E-16,-0.898632393830746));
#5252=DIRECTION('',(-4.37095678986282E-16,-1.0,8.34110831200137E-16));
#5253=DIRECTION('',(0.401742854623614,0.401742854623614,0.822924879632242));
#5254=DIRECTION('',(-4.37095678986282E-16,1.0,-8.34110831200137E-16));
#5255=DIRECTION('',(0.438702428484301,-4.51188084355945E-16,0.898632393830746));
#5256=DIRECTION('',(0.0,-1.0,0.0));
#5257=DIRECTION('',(-6.12303176911189E-17,-6.12303176911189E-17,1.0));
#5258=DIRECTION('',(1.22460635382238E-16,0.0,-1.0));
#5259=DIRECTION('',(1.22460635382238E-16,0.0,-1.0));
#5260=DIRECTION('',(1.22460635382238E-16,0.0,-1.0));
#5261=DIRECTION('',(4.37095678986282E-16,1.0,5.35270145714907E-32));
#5262=DIRECTION('',(1.0,1.02846042114419E-15,1.22460635382238E-16));
#5263=DIRECTION('',(1.22460635382238E-16,0.0,-1.0));
#5264=DIRECTION('',(-1.0,-1.02846042114419E-15,-1.22460635382238E-16));
#5265=DIRECTION('',(-1.0,0.0,-1.22460635382238E-16));
#5266=DIRECTION('',(2.18547839493141E-16,1.0,2.67635072857454E-32));
#5267=DIRECTION('',(1.0,-0.0,1.22460635382238E-16));
#5268=DIRECTION('',(0.0,1.0,0.0));
#5269=DIRECTION('',(1.0,-1.02846042114419E-15,1.22460635382238E-16));
#5270=DIRECTION('',(0.0,-1.0,-0.0));
#5271=DIRECTION('',(1.0,-0.0,1.22460635382238E-16));
#5272=DIRECTION('',(0.0,1.0,0.0));
#5273=DIRECTION('',(0.707106781186548,0.707106781186548,4.32963728535968E-17));
#5274=DIRECTION('',(0.0,-1.0,-6.12303176911189E-17));
#5275=DIRECTION('',(0.0,-1.0,-6.12303176911189E-17));
#5276=DIRECTION('',(0.707106781186548,-0.707106781186548,-4.32963728535968E-17));
#5277=DIRECTION('',(0.401742854623614,-0.401742854623614,-0.822924879632242));
#5278=DIRECTION('',(0.0,1.0,0.0));
#5279=DIRECTION('',(0.438702428484301,4.51188084355945E-16,-0.898632393830746));
#5280=DIRECTION('',(-0.0,-1.0,-6.12303176911189E-17));
#5281=DIRECTION('',(0.401742854623614,0.401742854623614,0.822924879632242));
#5282=DIRECTION('',(-4.37095678986282E-16,1.0,-8.34110831200137E-16));
#5283=DIRECTION('',(0.438702428484301,-4.51188084355945E-16,0.898632393830746));
#5284=DIRECTION('',(0.0,-1.0,0.0));
#5285=DIRECTION('',(0.0,0.0,1.0));
#5286=DIRECTION('',(0.0,0.0,1.0));
#5287=DIRECTION('',(0.0,0.0,1.0));
#5288=DIRECTION('',(0.0,0.0,1.0));
#5289=DIRECTION('',(0.0,1.0,0.0));
#5290=DIRECTION('',(1.0,1.02846042114419E-15,0.0));
#5291=DIRECTION('',(0.0,0.0,1.0));
#5292=DIRECTION('',(-1.0,-1.02846042114419E-15,0.0));
#5293=DIRECTION('',(1.0,-1.02846042114419E-15,0.0));
#5294=DIRECTION('',(0.0,-1.0,0.0));
#5295=DIRECTION('',(1.0,0.0,0.0));
#5296=DIRECTION('',(0.0,-1.0,0.0));
#5297=DIRECTION('',(1.0,0.0,0.0));
#5298=DIRECTION('',(0.0,-1.0,-0.0));
#5299=DIRECTION('',(1.0,0.0,1.22460635382238E-16));
#5300=DIRECTION('',(0.0,-1.0,-0.0));
#5301=DIRECTION('',(1.0,0.0,1.22460635382238E-16));
#5302=DIRECTION('',(0.0,1.0,0.0));
#5303=DIRECTION('',(-1.0,1.02846042114419E-15,-1.22460635382238E-16));
#5304=DIRECTION('',(0.0,1.0,0.0));
#5305=DIRECTION('',(-1.0,0.0,-1.22460635382238E-16));
#5306=DIRECTION('',(0.0,1.0,0.0));
#5307=DIRECTION('',(1.0,-1.02846042114419E-15,1.22460635382238E-16));
#5308=DIRECTION('',(0.0,-1.0,-0.0));
#5309=DIRECTION('',(-1.0,0.0,-1.22460635382238E-16));
#5310=DIRECTION('',(1.22460635382238E-16,0.0,-1.0));
#5311=DIRECTION('',(1.22460635382238E-16,0.0,-1.0));
#5312=DIRECTION('',(1.22460635382238E-16,0.0,-1.0));
#5313=DIRECTION('',(1.22460635382238E-16,0.0,-1.0));
#5314=DIRECTION('',(1.22460635382238E-16,0.0,-1.0));
#5315=DIRECTION('',(1.22460635382238E-16,0.0,-1.0));
#5316=DIRECTION('',(1.22460635382238E-16,0.0,-1.0));
#5317=DIRECTION('',(1.22460635382238E-16,0.0,-1.0));
#5318=DIRECTION('',(1.22460635382238E-16,0.0,-1.0));
#5319=DIRECTION('',(1.22460635382238E-16,0.0,-1.0));
#5320=DIRECTION('',(1.22460635382238E-16,0.0,-1.0));
#5321=DIRECTION('',(1.22460635382238E-16,0.0,-1.0));
#5322=DIRECTION('',(1.0,-1.02846042114419E-15,0.0));
#5323=DIRECTION('',(0.0,-1.0,0.0));
#5324=DIRECTION('',(1.0,0.0,0.0));
#5325=DIRECTION('',(0.0,-1.0,0.0));
#5326=DIRECTION('',(1.0,1.02846042114419E-15,0.0));
#5327=DIRECTION('',(0.0,-1.0,0.0));
#5328=DIRECTION('',(1.0,0.0,0.0));
#5329=DIRECTION('',(2.18547839493141E-16,-1.0,0.0));
#5330=DIRECTION('',(1.0,0.0,0.0));
#5331=DIRECTION('',(0.0,-1.0,0.0));
#5332=DIRECTION('',(-1.0,0.0,0.0));
#5333=DIRECTION('',(-4.37095678986282E-16,1.0,0.0));
#5334=DIRECTION('',(1.0,-1.02846042114419E-15,0.0));
#5335=DIRECTION('',(-1.0,0.0,0.0));
#5336=DIRECTION('',(0.0,1.0,0.0));
#5337=DIRECTION('',(0.0,1.0,0.0));
#5338=DIRECTION('',(-1.0,1.02846042114419E-15,0.0));
#5339=DIRECTION('',(4.37095678986282E-16,-1.0,0.0));
#5340=DIRECTION('',(1.0,0.0,0.0));
#5341=DIRECTION('',(0.0,-1.0,0.0));
#5342=DIRECTION('',(1.0,0.0,0.0));
#5343=DIRECTION('',(0.0,0.0,1.0));
#5344=DIRECTION('',(0.0,0.0,1.0));
#5345=DIRECTION('',(0.0,0.0,1.0));
#5346=DIRECTION('',(0.0,0.0,1.0));
#5347=DIRECTION('',(0.0,0.0,1.0));
#5348=DIRECTION('',(0.0,0.0,1.0));
#5349=DIRECTION('',(0.0,0.0,1.0));
#5350=DIRECTION('',(0.0,0.0,1.0));
#5351=DIRECTION('',(0.0,0.0,1.0));
#5352=DIRECTION('',(0.0,0.0,1.0));
#5353=DIRECTION('',(0.0,0.0,1.0));
#5354=DIRECTION('',(1.0,0.0,0.0));
#5355=DIRECTION('',(-2.18547839493141E-16,1.0,0.0));
#5356=DIRECTION('',(-1.0,-0.0,-0.0));
#5357=DIRECTION('',(0.0,1.0,0.0));
#5358=DIRECTION('',(-1.0,-1.02846042114419E-15,-0.0));
#5359=DIRECTION('',(0.0,-1.0,0.0));
#5360=DIRECTION('',(-1.0,-0.0,-0.0));
#5361=DIRECTION('',(0.0,1.0,0.0));
#5362=DIRECTION('',(-1.0,1.02846042114419E-15,0.0));
#5363=DIRECTION('',(0.0,0.0,1.0));
#5364=DIRECTION('',(1.0,0.0,0.0));
#5365=DIRECTION('',(0.0,0.0,-1.0));
#5366=DIRECTION('',(-1.0,0.0,0.0));
#5367=DIRECTION('',(0.0,1.0,-0.0));
#5368=DIRECTION('',(-1.0,0.0,0.0));
#5369=DIRECTION('',(0.0,1.0,0.0));
#5370=DIRECTION('',(0.0,-1.0,0.0));
#5371=DIRECTION('',(0.0,-1.0,0.0));
#5372=DIRECTION('',(1.0,0.0,0.0));
#5373=DIRECTION('',(0.0,0.0,-1.0));
#5374=DIRECTION('',(0.0,0.0,-1.0));
#5375=DIRECTION('',(-1.0,0.0,0.0));
#5376=DIRECTION('',(0.0,1.0,0.0));
#5377=DIRECTION('',(1.0,0.0,-0.0));
#5378=DIRECTION('',(2.18547839493141E-16,-1.0,0.0));
#5379=DIRECTION('',(1.0,0.0,0.0));
#5380=DIRECTION('',(-2.18547839493141E-16,1.0,0.0));
#5381=DIRECTION('',(-1.0,0.0,0.0));
#5382=DIRECTION('',(0.0,-1.0,0.0));
#5383=DIRECTION('',(0.0,-0.0,1.0));
#5384=DIRECTION('',(-0.0,-0.0,-1.0));
#5385=DIRECTION('',(0.0,0.0,1.0));
#5386=DIRECTION('',(0.0,0.0,1.0));
#5387=DIRECTION('',(1.0,0.0,0.0));
#5388=DIRECTION('',(0.0,0.0,1.0));
#5389=DIRECTION('',(0.0,0.0,1.0));
#5390=DIRECTION('',(1.0,0.0,0.0));
#5391=DIRECTION('',(0.0,0.0,1.0));
#5392=DIRECTION('',(-1.0,0.0,0.0));
#5393=DIRECTION('',(0.0,0.0,1.0));
#5394=DIRECTION('',(0.0,0.0,1.0));
#5395=DIRECTION('',(-1.0,0.0,0.0));
#5396=DIRECTION('',(0.0,0.0,1.0));
#5397=DIRECTION('',(0.0,0.0,1.0));
#5398=DIRECTION('',(0.0,0.0,1.0));
#5399=DIRECTION('',(0.0,0.0,1.0));
#5400=DIRECTION('',(0.0,-1.0,0.0));
#5401=DIRECTION('',(-4.37095678986282E-16,1.0,0.0));
#5402=DIRECTION('',(1.0,-1.02846042114419E-15,0.0));
#5403=DIRECTION('',(0.0,-1.0,0.0));
#5404=DIRECTION('',(-0.0,1.0,0.0));
#5405=DIRECTION('',(1.0,1.02846042114419E-15,-0.0));
#5406=DIRECTION('',(0.0,1.0,-0.0));
#5407=DIRECTION('',(-1.0,1.02846042114419E-15,0.0));
#5408=DIRECTION('',(4.37095678986282E-16,-1.0,0.0));
#5409=DIRECTION('',(0.0,1.0,-0.0));
#5410=DIRECTION('',(-1.0,-1.02846042114419E-15,0.0));
#5411=DIRECTION('',(0.0,-1.0,0.0));
#5412=DIRECTION('',(0.0,0.0,1.0));
#5413=DIRECTION('',(0.0,0.0,1.0));
#5414=DIRECTION('',(0.0,0.0,1.0));
#5415=DIRECTION('',(0.0,0.0,1.0));
#5416=DIRECTION('',(0.0,0.0,1.0));
#5417=DIRECTION('',(0.0,0.0,1.0));
#5418=DIRECTION('',(0.0,0.0,1.0));
#5419=DIRECTION('',(0.0,0.0,1.0));
#5420=DIRECTION('',(0.0,0.0,1.0));
#5421=DIRECTION('',(0.0,0.0,1.0));
ENDSEC;
END-ISO-10303-21;
